server_id,timestamp,predicted_cpu_utilization
srv-001,2017-06-01 23:00:00,0.0
srv-001,2017-06-02 00:00:00,0.0
srv-001,2017-06-02 01:00:00,0.0
srv-001,2017-06-02 02:00:00,0.0
srv-001,2017-06-02 03:00:00,0.0
srv-001,2017-06-02 04:00:00,0.0
srv-001,2017-06-02 05:00:00,0.0
srv-001,2017-06-02 06:00:00,0.0
srv-001,2017-06-02 07:00:00,0.0
srv-001,2017-06-02 08:00:00,0.0
srv-001,2017-06-02 09:00:00,0.0
srv-001,2017-06-02 10:00:00,0.0
srv-001,2017-06-02 11:00:00,0.0
srv-001,2017-06-02 12:00:00,46.574066162109375
srv-001,2017-06-02 13:00:00,46.98994445800781
srv-001,2017-06-02 14:00:00,47.162715911865234
srv-001,2017-06-02 15:00:00,48.297035217285156
srv-001,2017-06-02 16:00:00,45.02312469482422
srv-001,2017-06-02 17:00:00,45.47762680053711
srv-001,2017-06-02 18:00:00,45.51751708984375
srv-001,2017-06-02 19:00:00,43.644927978515625
srv-001,2017-06-02 20:00:00,42.80583572387695
srv-001,2017-06-02 21:00:00,43.509490966796875
srv-001,2017-06-02 22:00:00,41.81553649902344
srv-001,2017-06-02 23:00:00,38.56003952026367
srv-001,2017-06-03 00:00:00,41.107845306396484
srv-001,2017-06-03 01:00:00,42.384376525878906
srv-001,2017-06-03 02:00:00,41.84645080566406
srv-001,2017-06-03 03:00:00,41.5743293762207
srv-001,2017-06-03 04:00:00,41.25988006591797
srv-001,2017-06-03 05:00:00,44.347373962402344
srv-001,2017-06-03 06:00:00,32.8503303527832
srv-001,2017-06-03 07:00:00,34.59516906738281
srv-001,2017-06-03 08:00:00,36.89154815673828
srv-001,2017-06-03 09:00:00,43.35549545288086
srv-001,2017-06-03 10:00:00,45.140708923339844
srv-001,2017-06-03 11:00:00,45.76268005371094
srv-001,2017-06-03 12:00:00,46.94152069091797
srv-001,2017-06-03 13:00:00,50.41841125488281
srv-001,2017-06-03 14:00:00,52.37724685668945
srv-001,2017-06-03 15:00:00,47.46882247924805
srv-001,2017-06-03 16:00:00,46.06549835205078
srv-001,2017-06-03 17:00:00,46.85893249511719
srv-001,2017-06-03 18:00:00,46.42333984375
srv-001,2017-06-03 19:00:00,46.505836486816406
srv-001,2017-06-03 20:00:00,42.13468551635742
srv-001,2017-06-03 21:00:00,45.519710540771484
srv-001,2017-06-03 22:00:00,41.36331558227539
srv-001,2017-06-03 23:00:00,39.970458984375
srv-001,2017-06-04 00:00:00,41.504432678222656
srv-001,2017-06-04 01:00:00,41.85508728027344
srv-001,2017-06-04 02:00:00,41.25111389160156
srv-001,2017-06-04 03:00:00,43.27599334716797
srv-001,2017-06-04 04:00:00,45.033294677734375
srv-001,2017-06-04 05:00:00,41.66997528076172
srv-001,2017-06-04 06:00:00,41.03059768676758
srv-001,2017-06-04 07:00:00,40.39604187011719
srv-001,2017-06-04 08:00:00,42.505619049072266
srv-001,2017-06-04 09:00:00,42.5282096862793
srv-001,2017-06-04 10:00:00,46.623130798339844
srv-001,2017-06-04 11:00:00,48.54314422607422
srv-001,2017-06-04 12:00:00,47.26158905029297
srv-001,2017-06-04 13:00:00,45.04032897949219
srv-001,2017-06-04 14:00:00,45.08793640136719
srv-001,2017-06-04 15:00:00,46.72096252441406
srv-001,2017-06-04 16:00:00,41.77199172973633
srv-001,2017-06-04 17:00:00,43.874393463134766
srv-001,2017-06-04 18:00:00,43.47119140625
srv-001,2017-06-04 19:00:00,46.427040100097656
srv-001,2017-06-04 20:00:00,48.496826171875
srv-001,2017-06-04 21:00:00,46.66685485839844
srv-001,2017-06-04 22:00:00,44.0753059387207
srv-001,2017-06-04 23:00:00,44.5884895324707
srv-001,2017-06-05 00:00:00,44.039306640625
srv-001,2017-06-05 01:00:00,36.98493194580078
srv-001,2017-06-05 02:00:00,35.16326904296875
srv-001,2017-06-05 03:00:00,38.048614501953125
srv-001,2017-06-05 04:00:00,39.872825622558594
srv-001,2017-06-05 05:00:00,40.81620407104492
srv-001,2017-06-05 06:00:00,43.09267807006836
srv-001,2017-06-05 07:00:00,39.12491989135742
srv-001,2017-06-05 08:00:00,38.47635269165039
srv-001,2017-06-05 09:00:00,42.96567916870117
srv-001,2017-06-05 10:00:00,41.428955078125
srv-001,2017-06-05 11:00:00,40.07286834716797
srv-001,2017-06-05 12:00:00,44.927459716796875
srv-001,2017-06-05 13:00:00,48.60186004638672
srv-001,2017-06-05 14:00:00,49.46111297607422
srv-001,2017-06-05 15:00:00,47.07659149169922
srv-001,2017-06-05 16:00:00,47.099822998046875
srv-001,2017-06-05 17:00:00,46.13106155395508
srv-001,2017-06-05 18:00:00,44.375667572021484
srv-001,2017-06-05 19:00:00,44.47809982299805
srv-001,2017-06-05 20:00:00,44.834678649902344
srv-001,2017-06-05 21:00:00,46.05032730102539
srv-001,2017-06-05 22:00:00,44.090858459472656
srv-001,2017-06-05 23:00:00,43.57671356201172
srv-001,2017-06-06 00:00:00,44.01469421386719
srv-001,2017-06-06 01:00:00,40.812095642089844
srv-001,2017-06-06 02:00:00,43.3790283203125
srv-001,2017-06-06 03:00:00,46.10024642944336
srv-001,2017-06-06 04:00:00,44.6280517578125
srv-001,2017-06-06 05:00:00,45.267147064208984
srv-001,2017-06-06 06:00:00,46.964599609375
srv-001,2017-06-06 07:00:00,51.688323974609375
srv-001,2017-06-06 08:00:00,51.87572479248047
srv-001,2017-06-06 09:00:00,49.965171813964844
srv-001,2017-06-06 10:00:00,48.76670455932617
srv-001,2017-06-06 11:00:00,51.516029357910156
srv-001,2017-06-06 12:00:00,54.88975143432617
srv-001,2017-06-06 13:00:00,55.40176010131836
srv-001,2017-06-06 14:00:00,56.684165954589844
srv-001,2017-06-06 15:00:00,56.84070587158203
srv-001,2017-06-06 16:00:00,57.31621551513672
srv-001,2017-06-06 17:00:00,54.29012680053711
srv-001,2017-06-06 18:00:00,53.493873596191406
srv-001,2017-06-06 19:00:00,52.5859375
srv-001,2017-06-06 20:00:00,51.260231018066406
srv-001,2017-06-06 21:00:00,50.35346603393555
srv-001,2017-06-06 22:00:00,52.240257263183594
srv-001,2017-06-06 23:00:00,53.74169921875
srv-001,2017-06-07 00:00:00,52.1630859375
srv-001,2017-06-07 01:00:00,53.418113708496094
srv-001,2017-06-07 02:00:00,52.807579040527344
srv-001,2017-06-07 03:00:00,51.44268035888672
srv-001,2017-06-07 04:00:00,50.98412322998047
srv-001,2017-06-07 05:00:00,48.9500846862793
srv-001,2017-06-07 06:00:00,52.11302185058594
srv-001,2017-06-07 07:00:00,50.58357238769531
srv-001,2017-06-07 08:00:00,51.086273193359375
srv-001,2017-06-07 09:00:00,49.46575927734375
srv-001,2017-06-07 10:00:00,53.45273971557617
srv-001,2017-06-07 11:00:00,55.26795196533203
srv-001,2017-06-07 12:00:00,55.920936584472656
srv-001,2017-06-07 13:00:00,56.03466796875
srv-001,2017-06-07 14:00:00,55.18638610839844
srv-001,2017-06-07 15:00:00,57.770774841308594
srv-001,2017-06-07 16:00:00,56.683685302734375
srv-001,2017-06-07 17:00:00,55.406158447265625
srv-001,2017-06-07 18:00:00,53.11805725097656
srv-001,2017-06-07 19:00:00,52.42625427246094
srv-001,2017-06-07 20:00:00,54.813316345214844
srv-001,2017-06-07 21:00:00,54.62800598144531
srv-001,2017-06-07 22:00:00,51.374691009521484
srv-001,2017-06-07 23:00:00,50.31482696533203
srv-001,2017-06-08 00:00:00,50.49009323120117
srv-001,2017-06-08 01:00:00,50.3916015625
srv-001,2017-06-08 02:00:00,49.31308364868164
srv-001,2017-06-08 03:00:00,49.034385681152344
srv-001,2017-06-08 04:00:00,49.5866813659668
srv-001,2017-06-08 05:00:00,48.49128723144531
srv-001,2017-06-08 06:00:00,47.136016845703125
srv-001,2017-06-08 07:00:00,46.48996353149414
srv-001,2017-06-08 08:00:00,46.80882263183594
srv-001,2017-06-08 09:00:00,46.44175338745117
srv-001,2017-06-08 10:00:00,49.680992126464844
srv-001,2017-06-08 11:00:00,50.44551086425781
srv-001,2017-06-08 12:00:00,53.70832824707031
srv-001,2017-06-08 13:00:00,54.381263732910156
srv-001,2017-06-08 14:00:00,52.26924133300781
srv-001,2017-06-08 15:00:00,54.11071014404297
srv-001,2017-06-08 16:00:00,55.380943298339844
srv-001,2017-06-08 17:00:00,51.949703216552734
srv-001,2017-06-08 18:00:00,51.655609130859375
srv-001,2017-06-08 19:00:00,49.34431457519531
srv-001,2017-06-08 20:00:00,48.692283630371094
srv-001,2017-06-08 21:00:00,46.57054901123047
srv-001,2017-06-08 22:00:00,42.69536590576172
srv-001,2017-06-08 23:00:00,42.86961364746094
srv-001,2017-06-09 00:00:00,44.165653228759766
srv-001,2017-06-09 01:00:00,43.4471435546875
srv-001,2017-06-09 02:00:00,41.932220458984375
srv-001,2017-06-09 03:00:00,42.331748962402344
srv-001,2017-06-09 04:00:00,43.33853530883789
srv-001,2017-06-09 05:00:00,43.73666000366211
srv-001,2017-06-09 06:00:00,44.00583267211914
srv-001,2017-06-09 07:00:00,42.944976806640625
srv-001,2017-06-09 08:00:00,47.513206481933594
srv-001,2017-06-09 09:00:00,44.56241226196289
srv-001,2017-06-09 10:00:00,46.644386291503906
srv-001,2017-06-09 11:00:00,49.09183120727539
srv-001,2017-06-09 12:00:00,49.4918327331543
srv-001,2017-06-09 13:00:00,48.464134216308594
srv-001,2017-06-09 14:00:00,47.086647033691406
srv-001,2017-06-09 15:00:00,48.353179931640625
srv-001,2017-06-09 16:00:00,45.01896286010742
srv-001,2017-06-09 17:00:00,42.262001037597656
srv-001,2017-06-09 18:00:00,41.88923645019531
srv-001,2017-06-09 19:00:00,43.439361572265625
srv-001,2017-06-09 20:00:00,42.27885437011719
srv-001,2017-06-09 21:00:00,39.94514465332031
srv-001,2017-06-09 22:00:00,37.82341766357422
srv-001,2017-06-09 23:00:00,37.65332794189453
srv-001,2017-06-10 00:00:00,38.20233917236328
srv-001,2017-06-10 01:00:00,41.530120849609375
srv-001,2017-06-10 02:00:00,39.520816802978516
srv-001,2017-06-10 03:00:00,43.232688903808594
srv-001,2017-06-10 04:00:00,43.920711517333984
srv-001,2017-06-10 05:00:00,44.99901580810547
srv-001,2017-06-10 06:00:00,43.17229080200195
srv-001,2017-06-10 07:00:00,42.61767578125
srv-001,2017-06-10 08:00:00,41.061073303222656
srv-001,2017-06-10 09:00:00,41.30656433105469
srv-001,2017-06-10 10:00:00,44.30326461791992
srv-001,2017-06-10 11:00:00,46.646419525146484
srv-001,2017-06-10 12:00:00,45.19947814941406
srv-001,2017-06-10 13:00:00,45.38957214355469
srv-001,2017-06-10 14:00:00,46.34088897705078
srv-001,2017-06-10 15:00:00,44.13396072387695
srv-001,2017-06-10 16:00:00,44.463375091552734
srv-001,2017-06-10 17:00:00,43.03528594970703
srv-001,2017-06-10 18:00:00,42.282020568847656
srv-001,2017-06-10 19:00:00,41.31080627441406
srv-001,2017-06-10 20:00:00,40.93812561035156
srv-001,2017-06-10 21:00:00,41.1511116027832
srv-001,2017-06-10 22:00:00,39.36859130859375
srv-001,2017-06-10 23:00:00,39.28218460083008
srv-001,2017-06-11 00:00:00,38.72917938232422
srv-001,2017-06-11 01:00:00,39.21452331542969
srv-001,2017-06-11 02:00:00,43.13990783691406
srv-001,2017-06-11 03:00:00,41.69687271118164
srv-001,2017-06-11 04:00:00,43.27561569213867
srv-001,2017-06-11 05:00:00,40.91100311279297
srv-001,2017-06-11 06:00:00,42.907920837402344
srv-001,2017-06-11 07:00:00,39.44656753540039
srv-001,2017-06-11 08:00:00,40.45911407470703
srv-001,2017-06-11 09:00:00,39.84874725341797
srv-001,2017-06-11 10:00:00,44.046363830566406
srv-001,2017-06-11 11:00:00,46.8779296875
srv-001,2017-06-11 12:00:00,47.52765655517578
srv-001,2017-06-11 13:00:00,44.96053695678711
srv-001,2017-06-11 14:00:00,45.12623977661133
srv-001,2017-06-11 15:00:00,46.132057189941406
srv-001,2017-06-11 16:00:00,45.83564758300781
srv-001,2017-06-11 17:00:00,42.47022247314453
srv-001,2017-06-11 18:00:00,41.77027130126953
srv-001,2017-06-11 19:00:00,41.814796447753906
srv-001,2017-06-11 20:00:00,42.361480712890625
srv-001,2017-06-11 21:00:00,39.70849609375
srv-001,2017-06-11 22:00:00,38.60792541503906
srv-001,2017-06-11 23:00:00,38.98456954956055
srv-001,2017-06-12 00:00:00,38.19206619262695
srv-001,2017-06-12 01:00:00,38.42384719848633
srv-001,2017-06-12 02:00:00,38.829463958740234
srv-001,2017-06-12 03:00:00,36.49823760986328
srv-001,2017-06-12 04:00:00,34.54539489746094
srv-001,2017-06-12 05:00:00,38.36289978027344
srv-001,2017-06-12 06:00:00,33.17267608642578
srv-001,2017-06-12 07:00:00,33.17338562011719
srv-001,2017-06-12 08:00:00,37.42168426513672
srv-001,2017-06-12 09:00:00,40.370445251464844
srv-001,2017-06-12 10:00:00,44.725547790527344
srv-001,2017-06-12 11:00:00,47.19847869873047
srv-001,2017-06-12 12:00:00,47.83987045288086
srv-001,2017-06-12 13:00:00,51.672119140625
srv-001,2017-06-12 14:00:00,49.99441909790039
srv-001,2017-06-12 15:00:00,52.25913619995117
srv-001,2017-06-12 16:00:00,50.655784606933594
srv-001,2017-06-12 17:00:00,51.49543380737305
srv-001,2017-06-12 18:00:00,47.94093704223633
srv-001,2017-06-12 19:00:00,47.916908264160156
srv-001,2017-06-12 20:00:00,45.32707977294922
srv-001,2017-06-12 21:00:00,42.89167022705078
srv-001,2017-06-12 22:00:00,42.90327835083008
srv-001,2017-06-12 23:00:00,44.61906051635742
srv-001,2017-06-13 00:00:00,44.2364501953125
srv-001,2017-06-13 01:00:00,42.36513900756836
srv-001,2017-06-13 02:00:00,44.10305404663086
srv-001,2017-06-13 03:00:00,45.935054779052734
srv-001,2017-06-13 04:00:00,49.236812591552734
srv-001,2017-06-13 05:00:00,51.137054443359375
srv-001,2017-06-13 06:00:00,50.131103515625
srv-001,2017-06-13 07:00:00,54.630714416503906
srv-001,2017-06-13 08:00:00,55.83168029785156
srv-001,2017-06-13 09:00:00,55.18060302734375
srv-001,2017-06-13 10:00:00,53.70233154296875
srv-001,2017-06-13 11:00:00,55.44440841674805
srv-001,2017-06-13 12:00:00,57.17279815673828
srv-001,2017-06-13 13:00:00,58.27002716064453
srv-001,2017-06-13 14:00:00,58.649993896484375
srv-001,2017-06-13 15:00:00,55.34136199951172
srv-001,2017-06-13 16:00:00,55.27006530761719
srv-001,2017-06-13 17:00:00,55.860450744628906
srv-001,2017-06-13 18:00:00,56.95915222167969
srv-001,2017-06-13 19:00:00,55.962371826171875
srv-001,2017-06-13 20:00:00,53.821128845214844
srv-001,2017-06-13 21:00:00,53.801883697509766
srv-001,2017-06-13 22:00:00,51.29899978637695
srv-001,2017-06-13 23:00:00,53.61422348022461
srv-001,2017-06-14 00:00:00,51.163352966308594
srv-001,2017-06-14 01:00:00,54.91035461425781
srv-001,2017-06-14 02:00:00,53.21713638305664
srv-001,2017-06-14 03:00:00,51.29936981201172
srv-001,2017-06-14 04:00:00,53.23790740966797
srv-001,2017-06-14 05:00:00,53.49101257324219
srv-001,2017-06-14 06:00:00,50.66578674316406
srv-001,2017-06-14 07:00:00,51.49601745605469
srv-001,2017-06-14 08:00:00,54.09678649902344
srv-001,2017-06-14 09:00:00,56.24559783935547
srv-001,2017-06-14 10:00:00,58.15309143066406
srv-001,2017-06-14 11:00:00,59.3270149230957
srv-001,2017-06-14 12:00:00,58.35856628417969
srv-001,2017-06-14 13:00:00,59.105838775634766
srv-001,2017-06-14 14:00:00,62.242950439453125
srv-001,2017-06-14 15:00:00,67.20115661621094
srv-001,2017-06-14 16:00:00,66.30440521240234
srv-001,2017-06-14 17:00:00,65.11112976074219
srv-001,2017-06-14 18:00:00,64.150146484375
srv-001,2017-06-14 19:00:00,61.814544677734375
srv-001,2017-06-14 20:00:00,61.5345458984375
srv-001,2017-06-14 21:00:00,63.02153015136719
srv-001,2017-06-14 22:00:00,60.7424201965332
srv-001,2017-06-14 23:00:00,59.44314193725586
srv-001,2017-06-15 00:00:00,60.53419876098633
srv-001,2017-06-15 01:00:00,57.6796760559082
srv-001,2017-06-15 02:00:00,57.50783920288086
srv-001,2017-06-15 03:00:00,56.43860626220703
srv-001,2017-06-15 04:00:00,57.04888153076172
srv-001,2017-06-15 05:00:00,55.7658805847168
srv-001,2017-06-15 06:00:00,52.470638275146484
srv-001,2017-06-15 07:00:00,55.58800506591797
srv-001,2017-06-15 08:00:00,56.12982940673828
srv-001,2017-06-15 09:00:00,55.07044982910156
srv-001,2017-06-15 10:00:00,54.51317596435547
srv-001,2017-06-15 11:00:00,56.05965805053711
srv-001,2017-06-15 12:00:00,57.736289978027344
srv-001,2017-06-15 13:00:00,56.681236267089844
srv-001,2017-06-15 14:00:00,56.10572052001953
srv-001,2017-06-15 15:00:00,55.683135986328125
srv-001,2017-06-15 16:00:00,57.62153244018555
srv-001,2017-06-15 17:00:00,56.55689239501953
srv-001,2017-06-15 18:00:00,50.83557891845703
srv-001,2017-06-15 19:00:00,59.811981201171875
srv-001,2017-06-15 20:00:00,52.310272216796875
srv-001,2017-06-15 21:00:00,55.75222396850586
srv-001,2017-06-15 22:00:00,48.72113800048828
srv-001,2017-06-15 23:00:00,48.440391540527344
srv-001,2017-06-16 00:00:00,44.72202682495117
srv-001,2017-06-16 01:00:00,50.78270721435547
srv-001,2017-06-16 02:00:00,48.54871368408203
srv-001,2017-06-16 03:00:00,48.99858474731445
srv-001,2017-06-16 04:00:00,45.26337432861328
srv-001,2017-06-16 05:00:00,43.87763977050781
srv-001,2017-06-16 06:00:00,45.08143615722656
srv-001,2017-06-16 07:00:00,43.10258483886719
srv-001,2017-06-16 08:00:00,45.38462448120117
srv-001,2017-06-16 09:00:00,44.620933532714844
srv-001,2017-06-16 10:00:00,46.625099182128906
srv-001,2017-06-16 11:00:00,43.86838912963867
srv-001,2017-06-16 12:00:00,46.10240173339844
srv-001,2017-06-16 13:00:00,49.43389129638672
srv-001,2017-06-16 14:00:00,47.693180084228516
srv-001,2017-06-16 15:00:00,48.23347854614258
srv-001,2017-06-16 16:00:00,47.477848052978516
srv-001,2017-06-16 17:00:00,46.38298416137695
srv-001,2017-06-16 18:00:00,45.913818359375
srv-001,2017-06-16 19:00:00,41.807220458984375
srv-001,2017-06-16 20:00:00,42.942344665527344
srv-001,2017-06-16 21:00:00,38.209503173828125
srv-001,2017-06-16 22:00:00,36.61344909667969
srv-001,2017-06-16 23:00:00,37.023681640625
srv-001,2017-06-17 00:00:00,39.001007080078125
srv-001,2017-06-17 01:00:00,40.01883316040039
srv-001,2017-06-17 02:00:00,38.923248291015625
srv-001,2017-06-17 03:00:00,39.74466323852539
srv-001,2017-06-17 04:00:00,38.872066497802734
srv-001,2017-06-17 05:00:00,39.54090881347656
srv-001,2017-06-17 06:00:00,39.55250930786133
srv-001,2017-06-17 07:00:00,38.622833251953125
srv-001,2017-06-17 08:00:00,43.64579772949219
srv-001,2017-06-17 09:00:00,42.27408218383789
srv-001,2017-06-17 10:00:00,43.61431884765625
srv-001,2017-06-17 11:00:00,48.174110412597656
srv-001,2017-06-17 12:00:00,46.1473274230957
srv-001,2017-06-17 13:00:00,44.82978820800781
srv-001,2017-06-17 14:00:00,46.863224029541016
srv-001,2017-06-17 15:00:00,46.52071762084961
srv-001,2017-06-17 16:00:00,44.91877746582031
srv-001,2017-06-17 17:00:00,43.112510681152344
srv-001,2017-06-17 18:00:00,42.830474853515625
srv-001,2017-06-17 19:00:00,45.17235565185547
srv-001,2017-06-17 20:00:00,44.19562530517578
srv-001,2017-06-17 21:00:00,44.429378509521484
srv-001,2017-06-17 22:00:00,39.917850494384766
srv-001,2017-06-17 23:00:00,37.62144088745117
srv-001,2017-06-18 00:00:00,35.493038177490234
srv-001,2017-06-18 01:00:00,36.041080474853516
srv-001,2017-06-18 02:00:00,38.69084930419922
srv-001,2017-06-18 03:00:00,40.47669219970703
srv-001,2017-06-18 04:00:00,39.17991256713867
srv-001,2017-06-18 05:00:00,39.8576545715332
srv-001,2017-06-18 06:00:00,39.6052131652832
srv-001,2017-06-18 07:00:00,40.24283981323242
srv-001,2017-06-18 08:00:00,45.06832504272461
srv-001,2017-06-18 09:00:00,41.27492904663086
srv-001,2017-06-18 10:00:00,44.17532730102539
srv-001,2017-06-18 11:00:00,47.605384826660156
srv-001,2017-06-18 12:00:00,46.84638214111328
srv-001,2017-06-18 13:00:00,47.91388702392578
srv-001,2017-06-18 14:00:00,48.66539001464844
srv-001,2017-06-18 15:00:00,49.669654846191406
srv-001,2017-06-18 16:00:00,49.06332778930664
srv-001,2017-06-18 17:00:00,45.421470642089844
srv-001,2017-06-18 18:00:00,44.81874084472656
srv-001,2017-06-18 19:00:00,44.095176696777344
srv-001,2017-06-18 20:00:00,43.14209747314453
srv-001,2017-06-18 21:00:00,42.130496978759766
srv-001,2017-06-18 22:00:00,41.446510314941406
srv-001,2017-06-18 23:00:00,42.802001953125
srv-001,2017-06-19 00:00:00,40.042484283447266
srv-001,2017-06-19 01:00:00,39.53355407714844
srv-001,2017-06-19 02:00:00,38.935150146484375
srv-001,2017-06-19 03:00:00,40.65378952026367
srv-001,2017-06-19 04:00:00,41.06232452392578
srv-001,2017-06-19 05:00:00,39.05955505371094
srv-001,2017-06-19 06:00:00,41.730621337890625
srv-001,2017-06-19 07:00:00,39.14029312133789
srv-001,2017-06-19 08:00:00,41.351234436035156
srv-001,2017-06-19 09:00:00,43.63343048095703
srv-001,2017-06-19 10:00:00,46.5364990234375
srv-001,2017-06-19 11:00:00,44.62211608886719
srv-001,2017-06-19 12:00:00,50.335853576660156
srv-001,2017-06-19 13:00:00,52.45976257324219
srv-001,2017-06-19 14:00:00,51.157257080078125
srv-001,2017-06-19 15:00:00,48.75442886352539
srv-001,2017-06-19 16:00:00,47.691802978515625
srv-001,2017-06-19 17:00:00,46.66314697265625
srv-001,2017-06-19 18:00:00,46.648406982421875
srv-001,2017-06-19 19:00:00,45.158573150634766
srv-001,2017-06-19 20:00:00,41.771732330322266
srv-001,2017-06-19 21:00:00,42.568397521972656
srv-001,2017-06-19 22:00:00,41.42427062988281
srv-001,2017-06-19 23:00:00,44.36418151855469
srv-001,2017-06-20 00:00:00,43.48723602294922
srv-001,2017-06-20 01:00:00,47.396575927734375
srv-001,2017-06-20 02:00:00,44.58008575439453
srv-001,2017-06-20 03:00:00,48.24769592285156
srv-001,2017-06-20 04:00:00,48.36540222167969
srv-001,2017-06-20 05:00:00,50.47808837890625
srv-001,2017-06-20 06:00:00,50.08583068847656
srv-001,2017-06-20 07:00:00,53.02788162231445
srv-001,2017-06-20 08:00:00,53.672393798828125
srv-001,2017-06-20 09:00:00,50.63132095336914
srv-001,2017-06-20 10:00:00,55.25023651123047
srv-001,2017-06-20 11:00:00,55.840274810791016
srv-001,2017-06-20 12:00:00,57.346534729003906
srv-001,2017-06-20 13:00:00,58.46213150024414
srv-001,2017-06-20 14:00:00,56.78059005737305
srv-001,2017-06-20 15:00:00,56.775657653808594
srv-001,2017-06-20 16:00:00,55.221885681152344
srv-001,2017-06-20 17:00:00,53.57931137084961
srv-001,2017-06-20 18:00:00,52.978172302246094
srv-001,2017-06-20 19:00:00,49.85758972167969
srv-001,2017-06-20 20:00:00,49.69792175292969
srv-001,2017-06-20 21:00:00,52.03616714477539
srv-001,2017-06-20 22:00:00,53.13282775878906
srv-001,2017-06-20 23:00:00,52.316314697265625
srv-001,2017-06-21 00:00:00,53.218624114990234
srv-001,2017-06-21 01:00:00,53.29248046875
srv-001,2017-06-21 02:00:00,55.95657730102539
srv-001,2017-06-21 03:00:00,55.49962615966797
srv-001,2017-06-21 04:00:00,54.687477111816406
srv-001,2017-06-21 05:00:00,57.39201736450195
srv-001,2017-06-21 06:00:00,54.78641891479492
srv-001,2017-06-21 07:00:00,57.61429977416992
srv-001,2017-06-21 08:00:00,56.03921127319336
srv-001,2017-06-21 09:00:00,58.474143981933594
srv-001,2017-06-21 10:00:00,58.30628967285156
srv-001,2017-06-21 11:00:00,58.54179382324219
srv-001,2017-06-21 12:00:00,55.46084213256836
srv-001,2017-06-21 13:00:00,54.959510803222656
srv-001,2017-06-21 14:00:00,54.97454833984375
srv-001,2017-06-21 15:00:00,53.527381896972656
srv-001,2017-06-21 16:00:00,54.82202911376953
srv-001,2017-06-21 17:00:00,56.05143737792969
srv-001,2017-06-21 18:00:00,56.07720947265625
srv-001,2017-06-21 19:00:00,55.88908767700195
srv-001,2017-06-21 20:00:00,51.60371398925781
srv-001,2017-06-21 21:00:00,51.690528869628906
srv-001,2017-06-21 22:00:00,52.84407043457031
srv-001,2017-06-21 23:00:00,51.55949401855469
srv-001,2017-06-22 00:00:00,54.154441833496094
srv-001,2017-06-22 01:00:00,53.789058685302734
srv-001,2017-06-22 02:00:00,52.98908996582031
srv-001,2017-06-22 03:00:00,53.97312927246094
srv-001,2017-06-22 04:00:00,55.503501892089844
srv-001,2017-06-22 05:00:00,54.03738021850586
srv-001,2017-06-22 06:00:00,51.91371154785156
srv-001,2017-06-22 07:00:00,51.162837982177734
srv-001,2017-06-22 08:00:00,53.05759048461914
srv-001,2017-06-22 09:00:00,54.525474548339844
srv-001,2017-06-22 10:00:00,53.99860763549805
srv-001,2017-06-22 11:00:00,55.99221420288086
srv-001,2017-06-22 12:00:00,58.359764099121094
srv-001,2017-06-22 13:00:00,58.14143753051758
srv-001,2017-06-22 14:00:00,56.62682342529297
srv-001,2017-06-22 15:00:00,51.919734954833984
srv-001,2017-06-22 16:00:00,48.32603073120117
srv-001,2017-06-22 17:00:00,50.129981994628906
srv-001,2017-06-22 18:00:00,49.93910217285156
srv-001,2017-06-22 19:00:00,49.321556091308594
srv-001,2017-06-22 20:00:00,48.566619873046875
srv-001,2017-06-22 21:00:00,48.238319396972656
srv-001,2017-06-22 22:00:00,48.44987106323242
srv-001,2017-06-22 23:00:00,47.38383483886719
srv-001,2017-06-23 00:00:00,45.709320068359375
srv-001,2017-06-23 01:00:00,46.976463317871094
srv-001,2017-06-23 02:00:00,46.60205078125
srv-001,2017-06-23 03:00:00,46.601287841796875
srv-001,2017-06-23 04:00:00,45.53508758544922
srv-001,2017-06-23 05:00:00,44.221858978271484
srv-001,2017-06-23 06:00:00,44.847991943359375
srv-001,2017-06-23 07:00:00,44.787803649902344
srv-001,2017-06-23 08:00:00,46.90509796142578
srv-001,2017-06-23 09:00:00,45.98564147949219
srv-001,2017-06-23 10:00:00,43.77491760253906
srv-001,2017-06-23 11:00:00,44.03612518310547
srv-001,2017-06-23 12:00:00,46.924163818359375
srv-001,2017-06-23 13:00:00,46.879737854003906
srv-001,2017-06-23 14:00:00,45.83102798461914
srv-001,2017-06-23 15:00:00,47.63672637939453
srv-001,2017-06-23 16:00:00,45.62158966064453
srv-001,2017-06-23 17:00:00,42.8846435546875
srv-001,2017-06-23 18:00:00,42.84420394897461
srv-001,2017-06-23 19:00:00,41.493064880371094
srv-001,2017-06-23 20:00:00,39.27967071533203
srv-001,2017-06-23 21:00:00,40.034671783447266
srv-001,2017-06-23 22:00:00,39.26420593261719
srv-001,2017-06-23 23:00:00,38.33238220214844
srv-001,2017-06-24 00:00:00,40.292808532714844
srv-001,2017-06-24 01:00:00,44.729576110839844
srv-001,2017-06-24 02:00:00,43.80165100097656
srv-001,2017-06-24 03:00:00,43.4388427734375
srv-001,2017-06-24 04:00:00,41.88410186767578
srv-001,2017-06-24 05:00:00,40.937965393066406
srv-001,2017-06-24 06:00:00,40.683876037597656
srv-001,2017-06-24 07:00:00,40.31608963012695
srv-001,2017-06-24 08:00:00,42.651153564453125
srv-001,2017-06-24 09:00:00,46.01513671875
srv-001,2017-06-24 10:00:00,45.079471588134766
srv-001,2017-06-24 11:00:00,44.56342697143555
srv-001,2017-06-24 12:00:00,44.71747589111328
srv-001,2017-06-24 13:00:00,45.75806427001953
srv-001,2017-06-24 14:00:00,46.64992141723633
srv-001,2017-06-24 15:00:00,48.300498962402344
srv-001,2017-06-24 16:00:00,43.476219177246094
srv-001,2017-06-24 17:00:00,40.35536193847656
srv-001,2017-06-24 18:00:00,41.49437713623047
srv-001,2017-06-24 19:00:00,43.05230712890625
srv-001,2017-06-24 20:00:00,40.676475524902344
srv-001,2017-06-24 21:00:00,36.07803726196289
srv-001,2017-06-24 22:00:00,38.14812469482422
srv-001,2017-06-24 23:00:00,39.17852020263672
srv-001,2017-06-25 00:00:00,37.764862060546875
srv-001,2017-06-25 01:00:00,37.23064422607422
srv-001,2017-06-25 02:00:00,36.65766143798828
srv-001,2017-06-25 03:00:00,38.81757354736328
srv-001,2017-06-25 04:00:00,39.1048469543457
srv-001,2017-06-25 05:00:00,48.60636520385742
srv-001,2017-06-25 06:00:00,42.63745880126953
srv-001,2017-06-25 07:00:00,36.98047637939453
srv-001,2017-06-25 08:00:00,40.230377197265625
srv-001,2017-06-25 09:00:00,42.55691146850586
srv-001,2017-06-25 10:00:00,43.33999252319336
srv-001,2017-06-25 11:00:00,43.58714294433594
srv-001,2017-06-25 12:00:00,41.17649459838867
srv-001,2017-06-25 13:00:00,42.98025894165039
srv-001,2017-06-25 14:00:00,44.929588317871094
srv-001,2017-06-25 15:00:00,47.415916442871094
srv-001,2017-06-25 16:00:00,45.63798522949219
srv-001,2017-06-25 17:00:00,44.67761993408203
srv-001,2017-06-25 18:00:00,41.43980407714844
srv-001,2017-06-25 19:00:00,39.016845703125
srv-001,2017-06-25 20:00:00,41.107086181640625
srv-001,2017-06-25 21:00:00,40.939353942871094
srv-001,2017-06-25 22:00:00,41.6430778503418
srv-001,2017-06-25 23:00:00,39.14722442626953
srv-001,2017-06-26 00:00:00,38.384979248046875
srv-001,2017-06-26 01:00:00,40.239654541015625
srv-001,2017-06-26 02:00:00,39.586578369140625
srv-001,2017-06-26 03:00:00,39.43330764770508
srv-001,2017-06-26 04:00:00,40.19672775268555
srv-001,2017-06-26 05:00:00,36.87561798095703
srv-001,2017-06-26 06:00:00,42.59126281738281
srv-001,2017-06-26 07:00:00,40.16339874267578
srv-001,2017-06-26 08:00:00,43.3277702331543
srv-001,2017-06-26 09:00:00,40.1685676574707
srv-001,2017-06-26 10:00:00,40.831912994384766
srv-001,2017-06-26 11:00:00,45.7025032043457
srv-001,2017-06-26 12:00:00,46.016746520996094
srv-001,2017-06-26 13:00:00,50.64741897583008
srv-001,2017-06-26 14:00:00,49.67681121826172
srv-001,2017-06-26 15:00:00,54.26914978027344
srv-001,2017-06-26 16:00:00,48.56189727783203
srv-001,2017-06-26 17:00:00,48.474796295166016
srv-001,2017-06-26 18:00:00,50.97871780395508
srv-001,2017-06-26 19:00:00,49.876983642578125
srv-001,2017-06-26 20:00:00,46.42880630493164
srv-001,2017-06-26 21:00:00,46.35279846191406
srv-001,2017-06-26 22:00:00,49.61035919189453
srv-001,2017-06-26 23:00:00,49.441131591796875
srv-001,2017-06-27 00:00:00,48.30487060546875
srv-001,2017-06-27 01:00:00,50.111183166503906
srv-001,2017-06-27 02:00:00,49.82786560058594
srv-001,2017-06-27 03:00:00,49.24454879760742
srv-001,2017-06-27 04:00:00,47.188961029052734
srv-001,2017-06-27 05:00:00,49.227256774902344
srv-001,2017-06-27 06:00:00,50.29001998901367
srv-001,2017-06-27 07:00:00,48.67742156982422
srv-001,2017-06-27 08:00:00,53.200950622558594
srv-001,2017-06-27 09:00:00,53.16306686401367
srv-001,2017-06-27 10:00:00,53.36292266845703
srv-001,2017-06-27 11:00:00,56.07903289794922
srv-001,2017-06-27 12:00:00,56.20623016357422
srv-001,2017-06-27 13:00:00,57.9354133605957
srv-001,2017-06-27 14:00:00,57.17997741699219
srv-001,2017-06-27 15:00:00,57.077980041503906
srv-001,2017-06-27 16:00:00,57.77125930786133
srv-001,2017-06-27 17:00:00,56.385414123535156
srv-001,2017-06-27 18:00:00,51.85363006591797
srv-001,2017-06-27 19:00:00,50.45098876953125
srv-001,2017-06-27 20:00:00,48.985450744628906
srv-001,2017-06-27 21:00:00,50.35218048095703
srv-001,2017-06-27 22:00:00,49.56665802001953
srv-001,2017-06-27 23:00:00,48.19890594482422
srv-001,2017-06-28 00:00:00,48.92481231689453
srv-001,2017-06-28 01:00:00,47.70476531982422
srv-001,2017-06-28 02:00:00,48.99390411376953
srv-001,2017-06-28 03:00:00,50.14478302001953
srv-001,2017-06-28 04:00:00,49.200714111328125
srv-001,2017-06-28 05:00:00,50.978271484375
srv-001,2017-06-28 06:00:00,53.0401611328125
srv-001,2017-06-28 07:00:00,57.16218566894531
srv-001,2017-06-28 08:00:00,56.40529251098633
srv-001,2017-06-28 09:00:00,58.25410842895508
srv-001,2017-06-28 10:00:00,60.51678466796875
srv-001,2017-06-28 11:00:00,59.72289276123047
srv-001,2017-06-28 12:00:00,59.89905548095703
srv-001,2017-06-28 13:00:00,56.70643615722656
srv-001,2017-06-28 14:00:00,57.13338088989258
srv-001,2017-06-28 15:00:00,59.74203872680664
srv-001,2017-06-28 16:00:00,60.251251220703125
srv-001,2017-06-28 17:00:00,58.40386962890625
srv-001,2017-06-28 18:00:00,54.48297119140625
srv-001,2017-06-28 19:00:00,51.45833969116211
srv-001,2017-06-28 20:00:00,51.27444839477539
srv-001,2017-06-28 21:00:00,53.240936279296875
srv-001,2017-06-28 22:00:00,49.009178161621094
srv-001,2017-06-28 23:00:00,48.55439376831055
srv-001,2017-06-29 00:00:00,50.42109680175781
srv-001,2017-06-29 01:00:00,49.32440948486328
srv-001,2017-06-29 02:00:00,48.55392074584961
srv-001,2017-06-29 03:00:00,48.13658905029297
srv-001,2017-06-29 04:00:00,47.45451736450195
srv-001,2017-06-29 05:00:00,47.73557662963867
srv-001,2017-06-29 06:00:00,50.06525421142578
srv-001,2017-06-29 07:00:00,49.22065734863281
srv-001,2017-06-29 08:00:00,48.61346435546875
srv-001,2017-06-29 09:00:00,49.292510986328125
srv-001,2017-06-29 10:00:00,52.81672286987305
srv-001,2017-06-29 11:00:00,54.45648193359375
srv-001,2017-06-29 12:00:00,53.509521484375
srv-001,2017-06-29 13:00:00,54.4766845703125
srv-001,2017-06-29 14:00:00,51.46763610839844
srv-001,2017-06-29 15:00:00,52.43490982055664
srv-001,2017-06-29 16:00:00,53.69329833984375
srv-001,2017-06-29 17:00:00,50.93013000488281
srv-001,2017-06-29 18:00:00,51.16603088378906
srv-001,2017-06-29 19:00:00,47.8332633972168
srv-001,2017-06-29 20:00:00,48.255462646484375
srv-001,2017-06-29 21:00:00,48.08937072753906
srv-001,2017-06-29 22:00:00,44.873416900634766
srv-001,2017-06-29 23:00:00,44.25624465942383
srv-001,2017-06-30 00:00:00,44.879364013671875
srv-001,2017-06-30 01:00:00,46.84025573730469
srv-001,2017-06-30 02:00:00,44.14762878417969
srv-001,2017-06-30 03:00:00,43.278892517089844
srv-001,2017-06-30 04:00:00,45.39591598510742
srv-001,2017-06-30 05:00:00,44.62187194824219
srv-001,2017-06-30 06:00:00,45.85258865356445
srv-001,2017-06-30 07:00:00,47.88566589355469
srv-001,2017-06-30 08:00:00,47.98823547363281
srv-001,2017-06-30 09:00:00,47.925926208496094
srv-001,2017-06-30 10:00:00,46.15528869628906
srv-001,2017-06-30 11:00:00,48.786773681640625
srv-001,2017-06-30 12:00:00,49.669960021972656
srv-001,2017-06-30 13:00:00,49.61115264892578
srv-001,2017-06-30 14:00:00,47.60993194580078
srv-001,2017-06-30 15:00:00,45.28873062133789
srv-001,2017-06-30 16:00:00,46.28612518310547
srv-001,2017-06-30 17:00:00,42.21926498413086
srv-001,2017-06-30 18:00:00,42.07415008544922
srv-001,2017-06-30 19:00:00,43.27582931518555
srv-001,2017-06-30 20:00:00,42.44209289550781
srv-001,2017-06-30 21:00:00,44.670921325683594
srv-001,2017-06-30 22:00:00,43.24506378173828
srv-001,2017-06-30 23:00:00,42.165103912353516
srv-002,2017-06-01 23:00:00,71.9100112915039
srv-002,2017-06-02 00:00:00,66.63868713378906
srv-002,2017-06-02 01:00:00,69.01012420654297
srv-002,2017-06-02 02:00:00,69.04297637939453
srv-002,2017-06-02 03:00:00,70.81401824951172
srv-002,2017-06-02 04:00:00,67.64144897460938
srv-002,2017-06-02 05:00:00,70.37190246582031
srv-002,2017-06-02 06:00:00,70.96939086914062
srv-002,2017-06-02 07:00:00,68.67807006835938
srv-002,2017-06-02 08:00:00,70.22333526611328
srv-002,2017-06-02 09:00:00,69.88125610351562
srv-002,2017-06-02 10:00:00,73.21156311035156
srv-002,2017-06-02 11:00:00,71.4254150390625
srv-002,2017-06-02 12:00:00,75.83904266357422
srv-002,2017-06-02 13:00:00,75.08004760742188
srv-002,2017-06-02 14:00:00,71.89728546142578
srv-002,2017-06-02 15:00:00,71.40377044677734
srv-002,2017-06-02 16:00:00,70.78208923339844
srv-002,2017-06-02 17:00:00,69.17548370361328
srv-002,2017-06-02 18:00:00,67.0821533203125
srv-002,2017-06-02 19:00:00,66.00084686279297
srv-002,2017-06-02 20:00:00,67.49889373779297
srv-002,2017-06-02 21:00:00,63.725242614746094
srv-002,2017-06-02 22:00:00,62.22077941894531
srv-002,2017-06-02 23:00:00,61.31615447998047
srv-002,2017-06-03 00:00:00,64.57697296142578
srv-002,2017-06-03 01:00:00,66.66384887695312
srv-002,2017-06-03 02:00:00,66.63948822021484
srv-002,2017-06-03 03:00:00,66.46681213378906
srv-002,2017-06-03 04:00:00,67.56485748291016
srv-002,2017-06-03 05:00:00,68.0962905883789
srv-002,2017-06-03 06:00:00,67.13053894042969
srv-002,2017-06-03 07:00:00,69.2066421508789
srv-002,2017-06-03 08:00:00,71.37891387939453
srv-002,2017-06-03 09:00:00,71.33123016357422
srv-002,2017-06-03 10:00:00,72.57720184326172
srv-002,2017-06-03 11:00:00,74.50141143798828
srv-002,2017-06-03 12:00:00,75.28522491455078
srv-002,2017-06-03 13:00:00,75.17308807373047
srv-002,2017-06-03 14:00:00,75.34951782226562
srv-002,2017-06-03 15:00:00,74.60816192626953
srv-002,2017-06-03 16:00:00,72.36139678955078
srv-002,2017-06-03 17:00:00,71.93956756591797
srv-002,2017-06-03 18:00:00,70.42081451416016
srv-002,2017-06-03 19:00:00,67.36479187011719
srv-002,2017-06-03 20:00:00,63.71787643432617
srv-002,2017-06-03 21:00:00,64.14698028564453
srv-002,2017-06-03 22:00:00,62.090980529785156
srv-002,2017-06-03 23:00:00,62.43364715576172
srv-002,2017-06-04 00:00:00,62.30126953125
srv-002,2017-06-04 01:00:00,63.066184997558594
srv-002,2017-06-04 02:00:00,64.11064910888672
srv-002,2017-06-04 03:00:00,66.82503509521484
srv-002,2017-06-04 04:00:00,67.7093276977539
srv-002,2017-06-04 05:00:00,68.95735931396484
srv-002,2017-06-04 06:00:00,68.16204833984375
srv-002,2017-06-04 07:00:00,69.1573715209961
srv-002,2017-06-04 08:00:00,74.04279327392578
srv-002,2017-06-04 09:00:00,75.47785949707031
srv-002,2017-06-04 10:00:00,74.02790832519531
srv-002,2017-06-04 11:00:00,72.65376281738281
srv-002,2017-06-04 12:00:00,71.84354400634766
srv-002,2017-06-04 13:00:00,74.7143325805664
srv-002,2017-06-04 14:00:00,74.0838851928711
srv-002,2017-06-04 15:00:00,73.12300109863281
srv-002,2017-06-04 16:00:00,74.46317291259766
srv-002,2017-06-04 17:00:00,70.95117950439453
srv-002,2017-06-04 18:00:00,69.12348175048828
srv-002,2017-06-04 19:00:00,67.91246795654297
srv-002,2017-06-04 20:00:00,67.15805053710938
srv-002,2017-06-04 21:00:00,64.57260131835938
srv-002,2017-06-04 22:00:00,61.2884635925293
srv-002,2017-06-04 23:00:00,60.709571838378906
srv-002,2017-06-05 00:00:00,61.664512634277344
srv-002,2017-06-05 01:00:00,66.66333770751953
srv-002,2017-06-05 02:00:00,61.36658477783203
srv-002,2017-06-05 03:00:00,61.785133361816406
srv-002,2017-06-05 04:00:00,63.42399597167969
srv-002,2017-06-05 05:00:00,62.88575744628906
srv-002,2017-06-05 06:00:00,62.89883041381836
srv-002,2017-06-05 07:00:00,64.11798858642578
srv-002,2017-06-05 08:00:00,67.12528228759766
srv-002,2017-06-05 09:00:00,68.14643096923828
srv-002,2017-06-05 10:00:00,72.02936553955078
srv-002,2017-06-05 11:00:00,73.68939971923828
srv-002,2017-06-05 12:00:00,73.42066192626953
srv-002,2017-06-05 13:00:00,74.62610626220703
srv-002,2017-06-05 14:00:00,74.7507553100586
srv-002,2017-06-05 15:00:00,77.27694702148438
srv-002,2017-06-05 16:00:00,76.45560455322266
srv-002,2017-06-05 17:00:00,76.1777572631836
srv-002,2017-06-05 18:00:00,75.10151672363281
srv-002,2017-06-05 19:00:00,76.04669952392578
srv-002,2017-06-05 20:00:00,75.65148162841797
srv-002,2017-06-05 21:00:00,72.46398162841797
srv-002,2017-06-05 22:00:00,69.90035247802734
srv-002,2017-06-05 23:00:00,70.9532470703125
srv-002,2017-06-06 00:00:00,70.6430435180664
srv-002,2017-06-06 01:00:00,70.6236343383789
srv-002,2017-06-06 02:00:00,70.34903717041016
srv-002,2017-06-06 03:00:00,72.50648498535156
srv-002,2017-06-06 04:00:00,71.98893737792969
srv-002,2017-06-06 05:00:00,73.82130432128906
srv-002,2017-06-06 06:00:00,74.41880798339844
srv-002,2017-06-06 07:00:00,75.56084442138672
srv-002,2017-06-06 08:00:00,81.50605010986328
srv-002,2017-06-06 09:00:00,79.96440887451172
srv-002,2017-06-06 10:00:00,84.16844177246094
srv-002,2017-06-06 11:00:00,85.1017837524414
srv-002,2017-06-06 12:00:00,87.4505844116211
srv-002,2017-06-06 13:00:00,88.29463958740234
srv-002,2017-06-06 14:00:00,90.39192199707031
srv-002,2017-06-06 15:00:00,89.62149047851562
srv-002,2017-06-06 16:00:00,88.64423370361328
srv-002,2017-06-06 17:00:00,86.39299774169922
srv-002,2017-06-06 18:00:00,87.2594223022461
srv-002,2017-06-06 19:00:00,86.52403259277344
srv-002,2017-06-06 20:00:00,78.2669906616211
srv-002,2017-06-06 21:00:00,78.68665313720703
srv-002,2017-06-06 22:00:00,76.26363372802734
srv-002,2017-06-06 23:00:00,77.15409088134766
srv-002,2017-06-07 00:00:00,75.30059051513672
srv-002,2017-06-07 01:00:00,77.22095489501953
srv-002,2017-06-07 02:00:00,76.852294921875
srv-002,2017-06-07 03:00:00,80.5623779296875
srv-002,2017-06-07 04:00:00,81.23050689697266
srv-002,2017-06-07 05:00:00,84.66812896728516
srv-002,2017-06-07 06:00:00,85.14092254638672
srv-002,2017-06-07 07:00:00,86.83113098144531
srv-002,2017-06-07 08:00:00,89.81595611572266
srv-002,2017-06-07 09:00:00,89.58792877197266
srv-002,2017-06-07 10:00:00,89.00698852539062
srv-002,2017-06-07 11:00:00,89.6783218383789
srv-002,2017-06-07 12:00:00,91.39441680908203
srv-002,2017-06-07 13:00:00,91.99957275390625
srv-002,2017-06-07 14:00:00,91.91223907470703
srv-002,2017-06-07 15:00:00,91.46707916259766
srv-002,2017-06-07 16:00:00,90.39530181884766
srv-002,2017-06-07 17:00:00,89.59127807617188
srv-002,2017-06-07 18:00:00,88.6054916381836
srv-002,2017-06-07 19:00:00,84.93104553222656
srv-002,2017-06-07 20:00:00,81.03665924072266
srv-002,2017-06-07 21:00:00,81.7569351196289
srv-002,2017-06-07 22:00:00,79.31787872314453
srv-002,2017-06-07 23:00:00,78.45274353027344
srv-002,2017-06-08 00:00:00,78.38301849365234
srv-002,2017-06-08 01:00:00,78.32530212402344
srv-002,2017-06-08 02:00:00,79.98392486572266
srv-002,2017-06-08 03:00:00,82.08367919921875
srv-002,2017-06-08 04:00:00,82.33195495605469
srv-002,2017-06-08 05:00:00,81.31200408935547
srv-002,2017-06-08 06:00:00,81.55675506591797
srv-002,2017-06-08 07:00:00,81.39936065673828
srv-002,2017-06-08 08:00:00,83.68840789794922
srv-002,2017-06-08 09:00:00,83.24152374267578
srv-002,2017-06-08 10:00:00,86.1920394897461
srv-002,2017-06-08 11:00:00,86.95682525634766
srv-002,2017-06-08 12:00:00,85.66957092285156
srv-002,2017-06-08 13:00:00,86.0666732788086
srv-002,2017-06-08 14:00:00,86.08618927001953
srv-002,2017-06-08 15:00:00,89.4766616821289
srv-002,2017-06-08 16:00:00,88.38402557373047
srv-002,2017-06-08 17:00:00,83.3453369140625
srv-002,2017-06-08 18:00:00,82.2220230102539
srv-002,2017-06-08 19:00:00,82.14656829833984
srv-002,2017-06-08 20:00:00,74.31586456298828
srv-002,2017-06-08 21:00:00,73.93453216552734
srv-002,2017-06-08 22:00:00,73.34337615966797
srv-002,2017-06-08 23:00:00,72.21309661865234
srv-002,2017-06-09 00:00:00,67.98981475830078
srv-002,2017-06-09 01:00:00,71.07321166992188
srv-002,2017-06-09 02:00:00,70.42732238769531
srv-002,2017-06-09 03:00:00,72.92623138427734
srv-002,2017-06-09 04:00:00,71.8215560913086
srv-002,2017-06-09 05:00:00,72.39706420898438
srv-002,2017-06-09 06:00:00,69.46410369873047
srv-002,2017-06-09 07:00:00,70.79145812988281
srv-002,2017-06-09 08:00:00,74.54945373535156
srv-002,2017-06-09 09:00:00,74.3803482055664
srv-002,2017-06-09 10:00:00,74.58656311035156
srv-002,2017-06-09 11:00:00,75.95459747314453
srv-002,2017-06-09 12:00:00,75.84290313720703
srv-002,2017-06-09 13:00:00,75.55026245117188
srv-002,2017-06-09 14:00:00,74.19180297851562
srv-002,2017-06-09 15:00:00,74.10037994384766
srv-002,2017-06-09 16:00:00,72.6943130493164
srv-002,2017-06-09 17:00:00,72.97789764404297
srv-002,2017-06-09 18:00:00,68.53665924072266
srv-002,2017-06-09 19:00:00,68.85553741455078
srv-002,2017-06-09 20:00:00,68.42162322998047
srv-002,2017-06-09 21:00:00,63.62908172607422
srv-002,2017-06-09 22:00:00,61.99839782714844
srv-002,2017-06-09 23:00:00,60.457244873046875
srv-002,2017-06-10 00:00:00,61.46332550048828
srv-002,2017-06-10 01:00:00,63.27598190307617
srv-002,2017-06-10 02:00:00,65.30467224121094
srv-002,2017-06-10 03:00:00,67.79167175292969
srv-002,2017-06-10 04:00:00,64.9822769165039
srv-002,2017-06-10 05:00:00,64.39288330078125
srv-002,2017-06-10 06:00:00,66.69355773925781
srv-002,2017-06-10 07:00:00,66.71942901611328
srv-002,2017-06-10 08:00:00,70.0712890625
srv-002,2017-06-10 09:00:00,67.10615539550781
srv-002,2017-06-10 10:00:00,71.69300079345703
srv-002,2017-06-10 11:00:00,73.18949127197266
srv-002,2017-06-10 12:00:00,73.64739227294922
srv-002,2017-06-10 13:00:00,74.91275024414062
srv-002,2017-06-10 14:00:00,75.60523986816406
srv-002,2017-06-10 15:00:00,74.82760620117188
srv-002,2017-06-10 16:00:00,72.61940002441406
srv-002,2017-06-10 17:00:00,73.05089569091797
srv-002,2017-06-10 18:00:00,72.01465606689453
srv-002,2017-06-10 19:00:00,68.83024597167969
srv-002,2017-06-10 20:00:00,66.72545623779297
srv-002,2017-06-10 21:00:00,64.01828002929688
srv-002,2017-06-10 22:00:00,63.245521545410156
srv-002,2017-06-10 23:00:00,63.363094329833984
srv-002,2017-06-11 00:00:00,62.91059875488281
srv-002,2017-06-11 01:00:00,61.518104553222656
srv-002,2017-06-11 02:00:00,61.6180534362793
srv-002,2017-06-11 03:00:00,63.9521484375
srv-002,2017-06-11 04:00:00,65.19405364990234
srv-002,2017-06-11 05:00:00,65.58812713623047
srv-002,2017-06-11 06:00:00,64.56210327148438
srv-002,2017-06-11 07:00:00,64.61722564697266
srv-002,2017-06-11 08:00:00,70.23414611816406
srv-002,2017-06-11 09:00:00,71.81017303466797
srv-002,2017-06-11 10:00:00,73.65499114990234
srv-002,2017-06-11 11:00:00,75.75367736816406
srv-002,2017-06-11 12:00:00,74.80365753173828
srv-002,2017-06-11 13:00:00,73.85733795166016
srv-002,2017-06-11 14:00:00,73.98511505126953
srv-002,2017-06-11 15:00:00,74.52998352050781
srv-002,2017-06-11 16:00:00,71.6839828491211
srv-002,2017-06-11 17:00:00,70.92145538330078
srv-002,2017-06-11 18:00:00,68.00607299804688
srv-002,2017-06-11 19:00:00,65.16715240478516
srv-002,2017-06-11 20:00:00,63.98542022705078
srv-002,2017-06-11 21:00:00,66.03527069091797
srv-002,2017-06-11 22:00:00,65.07782745361328
srv-002,2017-06-11 23:00:00,63.15359115600586
srv-002,2017-06-12 00:00:00,61.83312225341797
srv-002,2017-06-12 01:00:00,59.603370666503906
srv-002,2017-06-12 02:00:00,61.69632339477539
srv-002,2017-06-12 03:00:00,68.01727294921875
srv-002,2017-06-12 04:00:00,66.1773452758789
srv-002,2017-06-12 05:00:00,63.96984100341797
srv-002,2017-06-12 06:00:00,65.97405242919922
srv-002,2017-06-12 07:00:00,68.32759094238281
srv-002,2017-06-12 08:00:00,69.19475555419922
srv-002,2017-06-12 09:00:00,68.12588500976562
srv-002,2017-06-12 10:00:00,69.1283950805664
srv-002,2017-06-12 11:00:00,71.50946044921875
srv-002,2017-06-12 12:00:00,75.08200073242188
srv-002,2017-06-12 13:00:00,75.54720306396484
srv-002,2017-06-12 14:00:00,76.03780364990234
srv-002,2017-06-12 15:00:00,76.19527435302734
srv-002,2017-06-12 16:00:00,73.0093765258789
srv-002,2017-06-12 17:00:00,74.52954864501953
srv-002,2017-06-12 18:00:00,75.11658477783203
srv-002,2017-06-12 19:00:00,71.41545867919922
srv-002,2017-06-12 20:00:00,71.70088195800781
srv-002,2017-06-12 21:00:00,69.15424346923828
srv-002,2017-06-12 22:00:00,70.01358795166016
srv-002,2017-06-12 23:00:00,70.86489868164062
srv-002,2017-06-13 00:00:00,68.8942642211914
srv-002,2017-06-13 01:00:00,69.74201202392578
srv-002,2017-06-13 02:00:00,70.96886444091797
srv-002,2017-06-13 03:00:00,71.2322006225586
srv-002,2017-06-13 04:00:00,73.83161163330078
srv-002,2017-06-13 05:00:00,75.2240219116211
srv-002,2017-06-13 06:00:00,78.48836517333984
srv-002,2017-06-13 07:00:00,79.8454360961914
srv-002,2017-06-13 08:00:00,81.96978759765625
srv-002,2017-06-13 09:00:00,80.8552017211914
srv-002,2017-06-13 10:00:00,83.91810607910156
srv-002,2017-06-13 11:00:00,83.92005157470703
srv-002,2017-06-13 12:00:00,87.13091278076172
srv-002,2017-06-13 13:00:00,86.45769500732422
srv-002,2017-06-13 14:00:00,86.2921371459961
srv-002,2017-06-13 15:00:00,86.91053771972656
srv-002,2017-06-13 16:00:00,85.95392608642578
srv-002,2017-06-13 17:00:00,82.87589263916016
srv-002,2017-06-13 18:00:00,82.89472198486328
srv-002,2017-06-13 19:00:00,76.84168243408203
srv-002,2017-06-13 20:00:00,76.85320281982422
srv-002,2017-06-13 21:00:00,83.7112045288086
srv-002,2017-06-13 22:00:00,78.47608947753906
srv-002,2017-06-13 23:00:00,77.97936248779297
srv-002,2017-06-14 00:00:00,78.21945190429688
srv-002,2017-06-14 01:00:00,78.02827453613281
srv-002,2017-06-14 02:00:00,80.95246124267578
srv-002,2017-06-14 03:00:00,81.38369750976562
srv-002,2017-06-14 04:00:00,82.75821685791016
srv-002,2017-06-14 05:00:00,85.2823486328125
srv-002,2017-06-14 06:00:00,86.25662231445312
srv-002,2017-06-14 07:00:00,86.71529388427734
srv-002,2017-06-14 08:00:00,87.40613555908203
srv-002,2017-06-14 09:00:00,88.0731430053711
srv-002,2017-06-14 10:00:00,88.35298919677734
srv-002,2017-06-14 11:00:00,88.90369415283203
srv-002,2017-06-14 12:00:00,90.3061294555664
srv-002,2017-06-14 13:00:00,90.61819458007812
srv-002,2017-06-14 14:00:00,90.67496490478516
srv-002,2017-06-14 15:00:00,90.51610565185547
srv-002,2017-06-14 16:00:00,90.2829818725586
srv-002,2017-06-14 17:00:00,89.96965789794922
srv-002,2017-06-14 18:00:00,88.46210479736328
srv-002,2017-06-14 19:00:00,87.91378784179688
srv-002,2017-06-14 20:00:00,84.68302917480469
srv-002,2017-06-14 21:00:00,79.20125579833984
srv-002,2017-06-14 22:00:00,79.48186492919922
srv-002,2017-06-14 23:00:00,80.04895782470703
srv-002,2017-06-15 00:00:00,78.80314636230469
srv-002,2017-06-15 01:00:00,77.93415832519531
srv-002,2017-06-15 02:00:00,78.23213195800781
srv-002,2017-06-15 03:00:00,79.95724487304688
srv-002,2017-06-15 04:00:00,81.5964126586914
srv-002,2017-06-15 05:00:00,83.09979248046875
srv-002,2017-06-15 06:00:00,85.86737823486328
srv-002,2017-06-15 07:00:00,85.70369720458984
srv-002,2017-06-15 08:00:00,89.11602783203125
srv-002,2017-06-15 09:00:00,84.91303253173828
srv-002,2017-06-15 10:00:00,84.67601776123047
srv-002,2017-06-15 11:00:00,86.5116958618164
srv-002,2017-06-15 12:00:00,86.53661346435547
srv-002,2017-06-15 13:00:00,88.10596466064453
srv-002,2017-06-15 14:00:00,87.13611602783203
srv-002,2017-06-15 15:00:00,85.29578399658203
srv-002,2017-06-15 16:00:00,79.56380462646484
srv-002,2017-06-15 17:00:00,82.51216888427734
srv-002,2017-06-15 18:00:00,77.96110534667969
srv-002,2017-06-15 19:00:00,76.37020111083984
srv-002,2017-06-15 20:00:00,73.19730377197266
srv-002,2017-06-15 21:00:00,72.51026153564453
srv-002,2017-06-15 22:00:00,73.61994171142578
srv-002,2017-06-15 23:00:00,73.54352569580078
srv-002,2017-06-16 00:00:00,72.14934539794922
srv-002,2017-06-16 01:00:00,71.89863586425781
srv-002,2017-06-16 02:00:00,73.2048110961914
srv-002,2017-06-16 03:00:00,73.00145721435547
srv-002,2017-06-16 04:00:00,73.9827880859375
srv-002,2017-06-16 05:00:00,73.40113067626953
srv-002,2017-06-16 06:00:00,69.63610076904297
srv-002,2017-06-16 07:00:00,72.58789825439453
srv-002,2017-06-16 08:00:00,75.13253021240234
srv-002,2017-06-16 09:00:00,73.78617095947266
srv-002,2017-06-16 10:00:00,72.83296966552734
srv-002,2017-06-16 11:00:00,71.95616912841797
srv-002,2017-06-16 12:00:00,73.10408020019531
srv-002,2017-06-16 13:00:00,73.5584487915039
srv-002,2017-06-16 14:00:00,73.44627380371094
srv-002,2017-06-16 15:00:00,71.28353118896484
srv-002,2017-06-16 16:00:00,69.5417709350586
srv-002,2017-06-16 17:00:00,70.6383285522461
srv-002,2017-06-16 18:00:00,70.57587432861328
srv-002,2017-06-16 19:00:00,67.87394714355469
srv-002,2017-06-16 20:00:00,65.20379638671875
srv-002,2017-06-16 21:00:00,64.61141204833984
srv-002,2017-06-16 22:00:00,62.06487274169922
srv-002,2017-06-16 23:00:00,62.778892517089844
srv-002,2017-06-17 00:00:00,62.972412109375
srv-002,2017-06-17 01:00:00,63.47087097167969
srv-002,2017-06-17 02:00:00,65.2057876586914
srv-002,2017-06-17 03:00:00,65.89669036865234
srv-002,2017-06-17 04:00:00,66.06342315673828
srv-002,2017-06-17 05:00:00,65.10259246826172
srv-002,2017-06-17 06:00:00,65.12122344970703
srv-002,2017-06-17 07:00:00,68.4637451171875
srv-002,2017-06-17 08:00:00,72.2512435913086
srv-002,2017-06-17 09:00:00,70.3918685913086
srv-002,2017-06-17 10:00:00,67.93708801269531
srv-002,2017-06-17 11:00:00,70.52481842041016
srv-002,2017-06-17 12:00:00,73.7907943725586
srv-002,2017-06-17 13:00:00,73.46173858642578
srv-002,2017-06-17 14:00:00,72.04925537109375
srv-002,2017-06-17 15:00:00,71.22718048095703
srv-002,2017-06-17 16:00:00,70.47504425048828
srv-002,2017-06-17 17:00:00,70.51831817626953
srv-002,2017-06-17 18:00:00,69.68114471435547
srv-002,2017-06-17 19:00:00,67.61231994628906
srv-002,2017-06-17 20:00:00,73.97412109375
srv-002,2017-06-17 21:00:00,69.88690948486328
srv-002,2017-06-17 22:00:00,65.56858825683594
srv-002,2017-06-17 23:00:00,65.13591003417969
srv-002,2017-06-18 00:00:00,67.2435073852539
srv-002,2017-06-18 01:00:00,67.21520233154297
srv-002,2017-06-18 02:00:00,65.34506225585938
srv-002,2017-06-18 03:00:00,64.19313049316406
srv-002,2017-06-18 04:00:00,65.51177978515625
srv-002,2017-06-18 05:00:00,64.77588653564453
srv-002,2017-06-18 06:00:00,66.12122344970703
srv-002,2017-06-18 07:00:00,65.51309204101562
srv-002,2017-06-18 08:00:00,67.43827819824219
srv-002,2017-06-18 09:00:00,65.72764587402344
srv-002,2017-06-18 10:00:00,69.62748718261719
srv-002,2017-06-18 11:00:00,71.51193237304688
srv-002,2017-06-18 12:00:00,71.05554962158203
srv-002,2017-06-18 13:00:00,70.42041015625
srv-002,2017-06-18 14:00:00,72.6827163696289
srv-002,2017-06-18 15:00:00,75.36973571777344
srv-002,2017-06-18 16:00:00,72.65877532958984
srv-002,2017-06-18 17:00:00,70.89949798583984
srv-002,2017-06-18 18:00:00,69.28904724121094
srv-002,2017-06-18 19:00:00,67.53380584716797
srv-002,2017-06-18 20:00:00,66.84099578857422
srv-002,2017-06-18 21:00:00,66.11949157714844
srv-002,2017-06-18 22:00:00,62.2872200012207
srv-002,2017-06-18 23:00:00,64.06745147705078
srv-002,2017-06-19 00:00:00,61.45060348510742
srv-002,2017-06-19 01:00:00,57.99781799316406
srv-002,2017-06-19 02:00:00,58.9287109375
srv-002,2017-06-19 03:00:00,62.636436462402344
srv-002,2017-06-19 04:00:00,64.67655944824219
srv-002,2017-06-19 05:00:00,63.75977325439453
srv-002,2017-06-19 06:00:00,65.22771453857422
srv-002,2017-06-19 07:00:00,66.48602294921875
srv-002,2017-06-19 08:00:00,70.68383026123047
srv-002,2017-06-19 09:00:00,70.06620788574219
srv-002,2017-06-19 10:00:00,71.595458984375
srv-002,2017-06-19 11:00:00,70.29143524169922
srv-002,2017-06-19 12:00:00,70.87071990966797
srv-002,2017-06-19 13:00:00,72.52269744873047
srv-002,2017-06-19 14:00:00,76.37653350830078
srv-002,2017-06-19 15:00:00,74.01468658447266
srv-002,2017-06-19 16:00:00,73.0483169555664
srv-002,2017-06-19 17:00:00,74.39220428466797
srv-002,2017-06-19 18:00:00,72.41534423828125
srv-002,2017-06-19 19:00:00,72.08065032958984
srv-002,2017-06-19 20:00:00,72.8169174194336
srv-002,2017-06-19 21:00:00,72.78900909423828
srv-002,2017-06-19 22:00:00,72.25011444091797
srv-002,2017-06-19 23:00:00,70.19816589355469
srv-002,2017-06-20 00:00:00,70.39082336425781
srv-002,2017-06-20 01:00:00,73.53097534179688
srv-002,2017-06-20 02:00:00,72.82999420166016
srv-002,2017-06-20 03:00:00,76.36927795410156
srv-002,2017-06-20 04:00:00,75.7476806640625
srv-002,2017-06-20 05:00:00,76.16714477539062
srv-002,2017-06-20 06:00:00,77.8065414428711
srv-002,2017-06-20 07:00:00,79.8290023803711
srv-002,2017-06-20 08:00:00,83.5450668334961
srv-002,2017-06-20 09:00:00,81.25629425048828
srv-002,2017-06-20 10:00:00,81.90206146240234
srv-002,2017-06-20 11:00:00,83.58966827392578
srv-002,2017-06-20 12:00:00,83.85050201416016
srv-002,2017-06-20 13:00:00,82.15190887451172
srv-002,2017-06-20 14:00:00,85.01668548583984
srv-002,2017-06-20 15:00:00,86.23572540283203
srv-002,2017-06-20 16:00:00,86.9749984741211
srv-002,2017-06-20 17:00:00,86.3650894165039
srv-002,2017-06-20 18:00:00,83.61833190917969
srv-002,2017-06-20 19:00:00,82.0622787475586
srv-002,2017-06-20 20:00:00,82.06285095214844
srv-002,2017-06-20 21:00:00,84.02637481689453
srv-002,2017-06-20 22:00:00,79.46111297607422
srv-002,2017-06-20 23:00:00,78.2002944946289
srv-002,2017-06-21 00:00:00,78.20040893554688
srv-002,2017-06-21 01:00:00,78.98214721679688
srv-002,2017-06-21 02:00:00,81.03539276123047
srv-002,2017-06-21 03:00:00,82.76339721679688
srv-002,2017-06-21 04:00:00,84.3146743774414
srv-002,2017-06-21 05:00:00,84.33341217041016
srv-002,2017-06-21 06:00:00,84.33303833007812
srv-002,2017-06-21 07:00:00,86.46211242675781
srv-002,2017-06-21 08:00:00,86.53215789794922
srv-002,2017-06-21 09:00:00,87.0186767578125
srv-002,2017-06-21 10:00:00,88.27796936035156
srv-002,2017-06-21 11:00:00,90.98285675048828
srv-002,2017-06-21 12:00:00,91.20846557617188
srv-002,2017-06-21 13:00:00,90.53997039794922
srv-002,2017-06-21 14:00:00,91.06127166748047
srv-002,2017-06-21 15:00:00,90.92742156982422
srv-002,2017-06-21 16:00:00,90.30797576904297
srv-002,2017-06-21 17:00:00,89.08599090576172
srv-002,2017-06-21 18:00:00,89.07232666015625
srv-002,2017-06-21 19:00:00,88.4324951171875
srv-002,2017-06-21 20:00:00,88.64385986328125
srv-002,2017-06-21 21:00:00,86.91590118408203
srv-002,2017-06-21 22:00:00,81.86499786376953
srv-002,2017-06-21 23:00:00,84.22721099853516
srv-002,2017-06-22 00:00:00,83.14118194580078
srv-002,2017-06-22 01:00:00,81.31116485595703
srv-002,2017-06-22 02:00:00,81.32649993896484
srv-002,2017-06-22 03:00:00,83.77424621582031
srv-002,2017-06-22 04:00:00,83.87154388427734
srv-002,2017-06-22 05:00:00,81.56055450439453
srv-002,2017-06-22 06:00:00,81.40512084960938
srv-002,2017-06-22 07:00:00,81.42557525634766
srv-002,2017-06-22 08:00:00,83.38878631591797
srv-002,2017-06-22 09:00:00,81.74976348876953
srv-002,2017-06-22 10:00:00,83.7743148803711
srv-002,2017-06-22 11:00:00,86.82343292236328
srv-002,2017-06-22 12:00:00,90.2038345336914
srv-002,2017-06-22 13:00:00,88.72745513916016
srv-002,2017-06-22 14:00:00,85.2825927734375
srv-002,2017-06-22 15:00:00,86.3880844116211
srv-002,2017-06-22 16:00:00,81.33294677734375
srv-002,2017-06-22 17:00:00,78.55323028564453
srv-002,2017-06-22 18:00:00,79.27312469482422
srv-002,2017-06-22 19:00:00,79.16854858398438
srv-002,2017-06-22 20:00:00,77.80415344238281
srv-002,2017-06-22 21:00:00,74.76685333251953
srv-002,2017-06-22 22:00:00,73.27354431152344
srv-002,2017-06-22 23:00:00,71.70386505126953
srv-002,2017-06-23 00:00:00,71.13467407226562
srv-002,2017-06-23 01:00:00,71.94133758544922
srv-002,2017-06-23 02:00:00,72.20616912841797
srv-002,2017-06-23 03:00:00,72.4118423461914
srv-002,2017-06-23 04:00:00,69.14249420166016
srv-002,2017-06-23 05:00:00,72.97415161132812
srv-002,2017-06-23 06:00:00,72.6616439819336
srv-002,2017-06-23 07:00:00,72.523193359375
srv-002,2017-06-23 08:00:00,72.09877014160156
srv-002,2017-06-23 09:00:00,71.64234161376953
srv-002,2017-06-23 10:00:00,74.27249908447266
srv-002,2017-06-23 11:00:00,75.96834564208984
srv-002,2017-06-23 12:00:00,78.72290802001953
srv-002,2017-06-23 13:00:00,75.5755386352539
srv-002,2017-06-23 14:00:00,76.99446868896484
srv-002,2017-06-23 15:00:00,75.90465545654297
srv-002,2017-06-23 16:00:00,72.94236755371094
srv-002,2017-06-23 17:00:00,73.29076385498047
srv-002,2017-06-23 18:00:00,70.35038757324219
srv-002,2017-06-23 19:00:00,69.18729400634766
srv-002,2017-06-23 20:00:00,69.54723358154297
srv-002,2017-06-23 21:00:00,65.41456604003906
srv-002,2017-06-23 22:00:00,61.94145965576172
srv-002,2017-06-23 23:00:00,61.695682525634766
srv-002,2017-06-24 00:00:00,65.63339233398438
srv-002,2017-06-24 01:00:00,65.57642364501953
srv-002,2017-06-24 02:00:00,65.24593353271484
srv-002,2017-06-24 03:00:00,66.21990966796875
srv-002,2017-06-24 04:00:00,66.81649780273438
srv-002,2017-06-24 05:00:00,66.17190551757812
srv-002,2017-06-24 06:00:00,68.33439636230469
srv-002,2017-06-24 07:00:00,69.74779510498047
srv-002,2017-06-24 08:00:00,71.65213775634766
srv-002,2017-06-24 09:00:00,70.90275573730469
srv-002,2017-06-24 10:00:00,71.64303588867188
srv-002,2017-06-24 11:00:00,73.08849334716797
srv-002,2017-06-24 12:00:00,74.94107818603516
srv-002,2017-06-24 13:00:00,75.59854888916016
srv-002,2017-06-24 14:00:00,74.44660186767578
srv-002,2017-06-24 15:00:00,74.13011932373047
srv-002,2017-06-24 16:00:00,72.22228240966797
srv-002,2017-06-24 17:00:00,71.7842025756836
srv-002,2017-06-24 18:00:00,71.40027618408203
srv-002,2017-06-24 19:00:00,66.71100616455078
srv-002,2017-06-24 20:00:00,65.47315979003906
srv-002,2017-06-24 21:00:00,64.35506439208984
srv-002,2017-06-24 22:00:00,63.284976959228516
srv-002,2017-06-24 23:00:00,62.59266662597656
srv-002,2017-06-25 00:00:00,59.68578338623047
srv-002,2017-06-25 01:00:00,64.08549499511719
srv-002,2017-06-25 02:00:00,64.71614837646484
srv-002,2017-06-25 03:00:00,65.5464096069336
srv-002,2017-06-25 04:00:00,62.9588737487793
srv-002,2017-06-25 05:00:00,61.863502502441406
srv-002,2017-06-25 06:00:00,63.85348892211914
srv-002,2017-06-25 07:00:00,65.63084411621094
srv-002,2017-06-25 08:00:00,70.48495483398438
srv-002,2017-06-25 09:00:00,70.27379608154297
srv-002,2017-06-25 10:00:00,70.4342269897461
srv-002,2017-06-25 11:00:00,69.7532958984375
srv-002,2017-06-25 12:00:00,71.9307632446289
srv-002,2017-06-25 13:00:00,73.49888610839844
srv-002,2017-06-25 14:00:00,72.48194885253906
srv-002,2017-06-25 15:00:00,73.94376373291016
srv-002,2017-06-25 16:00:00,71.31075286865234
srv-002,2017-06-25 17:00:00,72.74103546142578
srv-002,2017-06-25 18:00:00,70.3232650756836
srv-002,2017-06-25 19:00:00,68.29007720947266
srv-002,2017-06-25 20:00:00,69.1758041381836
srv-002,2017-06-25 21:00:00,66.27579498291016
srv-002,2017-06-25 22:00:00,65.73567199707031
srv-002,2017-06-25 23:00:00,66.552734375
srv-002,2017-06-26 00:00:00,63.59910202026367
srv-002,2017-06-26 01:00:00,61.504093170166016
srv-002,2017-06-26 02:00:00,63.344932556152344
srv-002,2017-06-26 03:00:00,64.57429504394531
srv-002,2017-06-26 04:00:00,64.7054443359375
srv-002,2017-06-26 05:00:00,64.1353988647461
srv-002,2017-06-26 06:00:00,62.37342834472656
srv-002,2017-06-26 07:00:00,63.08421325683594
srv-002,2017-06-26 08:00:00,68.93331909179688
srv-002,2017-06-26 09:00:00,69.31153106689453
srv-002,2017-06-26 10:00:00,72.65804290771484
srv-002,2017-06-26 11:00:00,74.61469268798828
srv-002,2017-06-26 12:00:00,74.92858123779297
srv-002,2017-06-26 13:00:00,77.82805633544922
srv-002,2017-06-26 14:00:00,78.16112518310547
srv-002,2017-06-26 15:00:00,79.2604751586914
srv-002,2017-06-26 16:00:00,77.63365173339844
srv-002,2017-06-26 17:00:00,74.59230041503906
srv-002,2017-06-26 18:00:00,73.9959716796875
srv-002,2017-06-26 19:00:00,72.52890014648438
srv-002,2017-06-26 20:00:00,70.32015991210938
srv-002,2017-06-26 21:00:00,69.14391326904297
srv-002,2017-06-26 22:00:00,67.13982391357422
srv-002,2017-06-26 23:00:00,68.12793731689453
srv-002,2017-06-27 00:00:00,68.62126922607422
srv-002,2017-06-27 01:00:00,69.63577270507812
srv-002,2017-06-27 02:00:00,70.85735321044922
srv-002,2017-06-27 03:00:00,75.85189056396484
srv-002,2017-06-27 04:00:00,75.08885192871094
srv-002,2017-06-27 05:00:00,76.1863784790039
srv-002,2017-06-27 06:00:00,78.9075698852539
srv-002,2017-06-27 07:00:00,80.87954711914062
srv-002,2017-06-27 08:00:00,83.63396453857422
srv-002,2017-06-27 09:00:00,83.58990478515625
srv-002,2017-06-27 10:00:00,86.6429214477539
srv-002,2017-06-27 11:00:00,87.03868103027344
srv-002,2017-06-27 12:00:00,88.138427734375
srv-002,2017-06-27 13:00:00,87.7944564819336
srv-002,2017-06-27 14:00:00,87.85028839111328
srv-002,2017-06-27 15:00:00,86.1610336303711
srv-002,2017-06-27 16:00:00,85.89331817626953
srv-002,2017-06-27 17:00:00,83.10186767578125
srv-002,2017-06-27 18:00:00,83.74861907958984
srv-002,2017-06-27 19:00:00,83.93189239501953
srv-002,2017-06-27 20:00:00,78.63326263427734
srv-002,2017-06-27 21:00:00,79.30978393554688
srv-002,2017-06-27 22:00:00,80.85088348388672
srv-002,2017-06-27 23:00:00,81.50668334960938
srv-002,2017-06-28 00:00:00,81.0774917602539
srv-002,2017-06-28 01:00:00,77.85186767578125
srv-002,2017-06-28 02:00:00,81.56370544433594
srv-002,2017-06-28 03:00:00,82.2660903930664
srv-002,2017-06-28 04:00:00,82.45784759521484
srv-002,2017-06-28 05:00:00,85.66307830810547
srv-002,2017-06-28 06:00:00,85.39152526855469
srv-002,2017-06-28 07:00:00,87.98454284667969
srv-002,2017-06-28 08:00:00,88.91828918457031
srv-002,2017-06-28 09:00:00,90.23094940185547
srv-002,2017-06-28 10:00:00,92.22429656982422
srv-002,2017-06-28 11:00:00,92.50767517089844
srv-002,2017-06-28 12:00:00,92.16304779052734
srv-002,2017-06-28 13:00:00,92.05194854736328
srv-002,2017-06-28 14:00:00,92.29975128173828
srv-002,2017-06-28 15:00:00,91.58295440673828
srv-002,2017-06-28 16:00:00,90.72238159179688
srv-002,2017-06-28 17:00:00,90.62267303466797
srv-002,2017-06-28 18:00:00,88.86206817626953
srv-002,2017-06-28 19:00:00,89.34473419189453
srv-002,2017-06-28 20:00:00,87.9223403930664
srv-002,2017-06-28 21:00:00,86.97461700439453
srv-002,2017-06-28 22:00:00,80.87081146240234
srv-002,2017-06-28 23:00:00,81.68656921386719
srv-002,2017-06-29 00:00:00,78.50554656982422
srv-002,2017-06-29 01:00:00,81.0902328491211
srv-002,2017-06-29 02:00:00,82.14836120605469
srv-002,2017-06-29 03:00:00,81.5007095336914
srv-002,2017-06-29 04:00:00,81.55802154541016
srv-002,2017-06-29 05:00:00,79.49479675292969
srv-002,2017-06-29 06:00:00,80.5981216430664
srv-002,2017-06-29 07:00:00,82.00696563720703
srv-002,2017-06-29 08:00:00,85.84699249267578
srv-002,2017-06-29 09:00:00,84.49038696289062
srv-002,2017-06-29 10:00:00,86.79405975341797
srv-002,2017-06-29 11:00:00,89.05616760253906
srv-002,2017-06-29 12:00:00,89.6640853881836
srv-002,2017-06-29 13:00:00,90.21160125732422
srv-002,2017-06-29 14:00:00,89.15084838867188
srv-002,2017-06-29 15:00:00,90.86402130126953
srv-002,2017-06-29 16:00:00,85.1599349975586
srv-002,2017-06-29 17:00:00,81.49110412597656
srv-002,2017-06-29 18:00:00,80.72615814208984
srv-002,2017-06-29 19:00:00,77.64013671875
srv-002,2017-06-29 20:00:00,74.53617095947266
srv-002,2017-06-29 21:00:00,74.309814453125
srv-002,2017-06-29 22:00:00,71.99791717529297
srv-002,2017-06-29 23:00:00,69.66901397705078
srv-002,2017-06-30 00:00:00,68.9521255493164
srv-002,2017-06-30 01:00:00,69.07012176513672
srv-002,2017-06-30 02:00:00,70.03023529052734
srv-002,2017-06-30 03:00:00,71.75659942626953
srv-002,2017-06-30 04:00:00,71.9247055053711
srv-002,2017-06-30 05:00:00,74.32686614990234
srv-002,2017-06-30 06:00:00,74.40167999267578
srv-002,2017-06-30 07:00:00,72.92259979248047
srv-002,2017-06-30 08:00:00,76.30996704101562
srv-002,2017-06-30 09:00:00,73.83638763427734
srv-002,2017-06-30 10:00:00,74.24869537353516
srv-002,2017-06-30 11:00:00,76.47850799560547
srv-002,2017-06-30 12:00:00,76.35981750488281
srv-002,2017-06-30 13:00:00,76.41352844238281
srv-002,2017-06-30 14:00:00,76.05561065673828
srv-002,2017-06-30 15:00:00,75.05855560302734
srv-002,2017-06-30 16:00:00,74.49879455566406
srv-002,2017-06-30 17:00:00,66.96829986572266
srv-002,2017-06-30 18:00:00,64.90283966064453
srv-002,2017-06-30 19:00:00,62.734764099121094
srv-002,2017-06-30 20:00:00,62.694984436035156
srv-002,2017-06-30 21:00:00,63.544189453125
srv-002,2017-06-30 22:00:00,61.7802734375
srv-002,2017-06-30 23:00:00,60.4324836730957
srv-003,2017-06-01 23:00:00,47.388267517089844
srv-003,2017-06-02 00:00:00,40.58183288574219
srv-003,2017-06-02 01:00:00,37.06787872314453
srv-003,2017-06-02 02:00:00,34.12491226196289
srv-003,2017-06-02 03:00:00,34.47035217285156
srv-003,2017-06-02 04:00:00,34.34407424926758
srv-003,2017-06-02 05:00:00,37.12262725830078
srv-003,2017-06-02 06:00:00,39.715110778808594
srv-003,2017-06-02 07:00:00,42.75788497924805
srv-003,2017-06-02 08:00:00,45.099754333496094
srv-003,2017-06-02 09:00:00,44.75556182861328
srv-003,2017-06-02 10:00:00,40.40507507324219
srv-003,2017-06-02 11:00:00,38.82732391357422
srv-003,2017-06-02 12:00:00,46.79135513305664
srv-003,2017-06-02 13:00:00,43.351707458496094
srv-003,2017-06-02 14:00:00,49.40282440185547
srv-003,2017-06-02 15:00:00,45.82133483886719
srv-003,2017-06-02 16:00:00,45.5009765625
srv-003,2017-06-02 17:00:00,45.32952117919922
srv-003,2017-06-02 18:00:00,37.77608108520508
srv-003,2017-06-02 19:00:00,35.29800796508789
srv-003,2017-06-02 20:00:00,37.16926574707031
srv-003,2017-06-02 21:00:00,36.97394561767578
srv-003,2017-06-02 22:00:00,34.960548400878906
srv-003,2017-06-02 23:00:00,38.41606521606445
srv-003,2017-06-03 00:00:00,40.976253509521484
srv-003,2017-06-03 01:00:00,41.1019401550293
srv-003,2017-06-03 02:00:00,46.476715087890625
srv-003,2017-06-03 03:00:00,41.26726150512695
srv-003,2017-06-03 04:00:00,37.025604248046875
srv-003,2017-06-03 05:00:00,38.11896896362305
srv-003,2017-06-03 06:00:00,40.430519104003906
srv-003,2017-06-03 07:00:00,42.097530364990234
srv-003,2017-06-03 08:00:00,39.156044006347656
srv-003,2017-06-03 09:00:00,33.56549835205078
srv-003,2017-06-03 10:00:00,38.374351501464844
srv-003,2017-06-03 11:00:00,37.40214538574219
srv-003,2017-06-03 12:00:00,39.105350494384766
srv-003,2017-06-03 13:00:00,39.537479400634766
srv-003,2017-06-03 14:00:00,42.543601989746094
srv-003,2017-06-03 15:00:00,41.57013702392578
srv-003,2017-06-03 16:00:00,47.029441833496094
srv-003,2017-06-03 17:00:00,45.00079345703125
srv-003,2017-06-03 18:00:00,39.240997314453125
srv-003,2017-06-03 19:00:00,35.66729736328125
srv-003,2017-06-03 20:00:00,34.29389190673828
srv-003,2017-06-03 21:00:00,34.74114990234375
srv-003,2017-06-03 22:00:00,36.51205825805664
srv-003,2017-06-03 23:00:00,37.7303466796875
srv-003,2017-06-04 00:00:00,32.26215744018555
srv-003,2017-06-04 01:00:00,36.2230224609375
srv-003,2017-06-04 02:00:00,40.20979309082031
srv-003,2017-06-04 03:00:00,45.744361877441406
srv-003,2017-06-04 04:00:00,45.502593994140625
srv-003,2017-06-04 05:00:00,35.94664764404297
srv-003,2017-06-04 06:00:00,33.26123046875
srv-003,2017-06-04 07:00:00,38.70497512817383
srv-003,2017-06-04 08:00:00,39.90684509277344
srv-003,2017-06-04 09:00:00,39.40170669555664
srv-003,2017-06-04 10:00:00,33.709007263183594
srv-003,2017-06-04 11:00:00,32.83995819091797
srv-003,2017-06-04 12:00:00,37.02592468261719
srv-003,2017-06-04 13:00:00,38.178287506103516
srv-003,2017-06-04 14:00:00,41.8914909362793
srv-003,2017-06-04 15:00:00,45.176753997802734
srv-003,2017-06-04 16:00:00,41.701255798339844
srv-003,2017-06-04 17:00:00,43.656524658203125
srv-003,2017-06-04 18:00:00,41.533958435058594
srv-003,2017-06-04 19:00:00,40.367366790771484
srv-003,2017-06-04 20:00:00,37.26362228393555
srv-003,2017-06-04 21:00:00,39.74322509765625
srv-003,2017-06-04 22:00:00,37.82501983642578
srv-003,2017-06-04 23:00:00,40.62940979003906
srv-003,2017-06-05 00:00:00,36.31527328491211
srv-003,2017-06-05 01:00:00,42.48670196533203
srv-003,2017-06-05 02:00:00,43.19075012207031
srv-003,2017-06-05 03:00:00,47.784912109375
srv-003,2017-06-05 04:00:00,42.05362319946289
srv-003,2017-06-05 05:00:00,44.16841125488281
srv-003,2017-06-05 06:00:00,44.299652099609375
srv-003,2017-06-05 07:00:00,39.203369140625
srv-003,2017-06-05 08:00:00,43.427711486816406
srv-003,2017-06-05 09:00:00,44.92937088012695
srv-003,2017-06-05 10:00:00,42.063934326171875
srv-003,2017-06-05 11:00:00,35.17510223388672
srv-003,2017-06-05 12:00:00,38.08164978027344
srv-003,2017-06-05 13:00:00,37.450218200683594
srv-003,2017-06-05 14:00:00,40.48759841918945
srv-003,2017-06-05 15:00:00,40.69761657714844
srv-003,2017-06-05 16:00:00,47.0924186706543
srv-003,2017-06-05 17:00:00,43.83272933959961
srv-003,2017-06-05 18:00:00,47.0760383605957
srv-003,2017-06-05 19:00:00,39.872802734375
srv-003,2017-06-05 20:00:00,39.062591552734375
srv-003,2017-06-05 21:00:00,40.42613983154297
srv-003,2017-06-05 22:00:00,36.06749725341797
srv-003,2017-06-05 23:00:00,39.65803909301758
srv-003,2017-06-06 00:00:00,40.81315231323242
srv-003,2017-06-06 01:00:00,44.792633056640625
srv-003,2017-06-06 02:00:00,37.52946090698242
srv-003,2017-06-06 03:00:00,41.4888916015625
srv-003,2017-06-06 04:00:00,38.222537994384766
srv-003,2017-06-06 05:00:00,44.118343353271484
srv-003,2017-06-06 06:00:00,39.43830871582031
srv-003,2017-06-06 07:00:00,35.08652114868164
srv-003,2017-06-06 08:00:00,37.79841995239258
srv-003,2017-06-06 09:00:00,34.225215911865234
srv-003,2017-06-06 10:00:00,37.823429107666016
srv-003,2017-06-06 11:00:00,41.349761962890625
srv-003,2017-06-06 12:00:00,42.40687561035156
srv-003,2017-06-06 13:00:00,35.07606506347656
srv-003,2017-06-06 14:00:00,38.3951301574707
srv-003,2017-06-06 15:00:00,40.07245635986328
srv-003,2017-06-06 16:00:00,45.92137145996094
srv-003,2017-06-06 17:00:00,46.97032165527344
srv-003,2017-06-06 18:00:00,43.448055267333984
srv-003,2017-06-06 19:00:00,39.67865753173828
srv-003,2017-06-06 20:00:00,44.12466049194336
srv-003,2017-06-06 21:00:00,44.68762969970703
srv-003,2017-06-06 22:00:00,37.019832611083984
srv-003,2017-06-06 23:00:00,38.1622200012207
srv-003,2017-06-07 00:00:00,38.6849479675293
srv-003,2017-06-07 01:00:00,38.119834899902344
srv-003,2017-06-07 02:00:00,36.62506103515625
srv-003,2017-06-07 03:00:00,41.28436279296875
srv-003,2017-06-07 04:00:00,43.116607666015625
srv-003,2017-06-07 05:00:00,39.391387939453125
srv-003,2017-06-07 06:00:00,35.4590950012207
srv-003,2017-06-07 07:00:00,46.92563247680664
srv-003,2017-06-07 08:00:00,41.31250762939453
srv-003,2017-06-07 09:00:00,44.5555419921875
srv-003,2017-06-07 10:00:00,47.62007141113281
srv-003,2017-06-07 11:00:00,52.91850280761719
srv-003,2017-06-07 12:00:00,41.44310760498047
srv-003,2017-06-07 13:00:00,40.15263366699219
srv-003,2017-06-07 14:00:00,39.776145935058594
srv-003,2017-06-07 15:00:00,46.169105529785156
srv-003,2017-06-07 16:00:00,40.16704559326172
srv-003,2017-06-07 17:00:00,36.63634490966797
srv-003,2017-06-07 18:00:00,33.25545120239258
srv-003,2017-06-07 19:00:00,36.56066131591797
srv-003,2017-06-07 20:00:00,35.70045471191406
srv-003,2017-06-07 21:00:00,39.566444396972656
srv-003,2017-06-07 22:00:00,42.94053268432617
srv-003,2017-06-07 23:00:00,46.488014221191406
srv-003,2017-06-08 00:00:00,55.0244140625
srv-003,2017-06-08 01:00:00,53.84965133666992
srv-003,2017-06-08 02:00:00,48.331356048583984
srv-003,2017-06-08 03:00:00,44.432823181152344
srv-003,2017-06-08 04:00:00,47.950721740722656
srv-003,2017-06-08 05:00:00,42.382144927978516
srv-003,2017-06-08 06:00:00,41.343345642089844
srv-003,2017-06-08 07:00:00,43.03680419921875
srv-003,2017-06-08 08:00:00,47.618675231933594
srv-003,2017-06-08 09:00:00,46.46291732788086
srv-003,2017-06-08 10:00:00,46.14161682128906
srv-003,2017-06-08 11:00:00,48.06437683105469
srv-003,2017-06-08 12:00:00,38.54167556762695
srv-003,2017-06-08 13:00:00,38.27806091308594
srv-003,2017-06-08 14:00:00,39.176536560058594
srv-003,2017-06-08 15:00:00,42.86362838745117
srv-003,2017-06-08 16:00:00,41.84857940673828
srv-003,2017-06-08 17:00:00,46.91282653808594
srv-003,2017-06-08 18:00:00,46.586158752441406
srv-003,2017-06-08 19:00:00,45.364437103271484
srv-003,2017-06-08 20:00:00,41.387725830078125
srv-003,2017-06-08 21:00:00,38.92579650878906
srv-003,2017-06-08 22:00:00,44.253578186035156
srv-003,2017-06-08 23:00:00,34.80184555053711
srv-003,2017-06-09 00:00:00,36.59724044799805
srv-003,2017-06-09 01:00:00,40.825050354003906
srv-003,2017-06-09 02:00:00,33.83244705200195
srv-003,2017-06-09 03:00:00,39.608924865722656
srv-003,2017-06-09 04:00:00,38.33624267578125
srv-003,2017-06-09 05:00:00,43.0546875
srv-003,2017-06-09 06:00:00,43.56379318237305
srv-003,2017-06-09 07:00:00,44.625244140625
srv-003,2017-06-09 08:00:00,47.0224609375
srv-003,2017-06-09 09:00:00,47.65120315551758
srv-003,2017-06-09 10:00:00,47.651344299316406
srv-003,2017-06-09 11:00:00,48.955421447753906
srv-003,2017-06-09 12:00:00,52.40857696533203
srv-003,2017-06-09 13:00:00,47.72589874267578
srv-003,2017-06-09 14:00:00,44.79553985595703
srv-003,2017-06-09 15:00:00,47.94405746459961
srv-003,2017-06-09 16:00:00,38.410316467285156
srv-003,2017-06-09 17:00:00,43.98798751831055
srv-003,2017-06-09 18:00:00,41.50945281982422
srv-003,2017-06-09 19:00:00,44.643310546875
srv-003,2017-06-09 20:00:00,40.52606201171875
srv-003,2017-06-09 21:00:00,42.21268844604492
srv-003,2017-06-09 22:00:00,36.95109558105469
srv-003,2017-06-09 23:00:00,42.2445182800293
srv-003,2017-06-10 00:00:00,44.53104019165039
srv-003,2017-06-10 01:00:00,44.77252197265625
srv-003,2017-06-10 02:00:00,48.83293151855469
srv-003,2017-06-10 03:00:00,40.42463684082031
srv-003,2017-06-10 04:00:00,35.789520263671875
srv-003,2017-06-10 05:00:00,39.8033447265625
srv-003,2017-06-10 06:00:00,40.016822814941406
srv-003,2017-06-10 07:00:00,42.37654495239258
srv-003,2017-06-10 08:00:00,42.731056213378906
srv-003,2017-06-10 09:00:00,46.35365676879883
srv-003,2017-06-10 10:00:00,40.083778381347656
srv-003,2017-06-10 11:00:00,34.31033706665039
srv-003,2017-06-10 12:00:00,34.78137969970703
srv-003,2017-06-10 13:00:00,34.200531005859375
srv-003,2017-06-10 14:00:00,36.582366943359375
srv-003,2017-06-10 15:00:00,35.944427490234375
srv-003,2017-06-10 16:00:00,40.28874969482422
srv-003,2017-06-10 17:00:00,41.83824920654297
srv-003,2017-06-10 18:00:00,42.43034362792969
srv-003,2017-06-10 19:00:00,36.79693603515625
srv-003,2017-06-10 20:00:00,37.75847625732422
srv-003,2017-06-10 21:00:00,35.991859436035156
srv-003,2017-06-10 22:00:00,40.169063568115234
srv-003,2017-06-10 23:00:00,41.4742317199707
srv-003,2017-06-11 00:00:00,47.08100509643555
srv-003,2017-06-11 01:00:00,43.2269401550293
srv-003,2017-06-11 02:00:00,41.049564361572266
srv-003,2017-06-11 03:00:00,43.510372161865234
srv-003,2017-06-11 04:00:00,42.133697509765625
srv-003,2017-06-11 05:00:00,40.52016067504883
srv-003,2017-06-11 06:00:00,37.75548553466797
srv-003,2017-06-11 07:00:00,41.01072692871094
srv-003,2017-06-11 08:00:00,36.601898193359375
srv-003,2017-06-11 09:00:00,43.40327072143555
srv-003,2017-06-11 10:00:00,43.90180969238281
srv-003,2017-06-11 11:00:00,47.00407409667969
srv-003,2017-06-11 12:00:00,46.65656280517578
srv-003,2017-06-11 13:00:00,41.21547317504883
srv-003,2017-06-11 14:00:00,43.274112701416016
srv-003,2017-06-11 15:00:00,41.574317932128906
srv-003,2017-06-11 16:00:00,33.63349914550781
srv-003,2017-06-11 17:00:00,35.96723937988281
srv-003,2017-06-11 18:00:00,36.37746810913086
srv-003,2017-06-11 19:00:00,39.160186767578125
srv-003,2017-06-11 20:00:00,38.3674201965332
srv-003,2017-06-11 21:00:00,32.45759963989258
srv-003,2017-06-11 22:00:00,39.301841735839844
srv-003,2017-06-11 23:00:00,38.483558654785156
srv-003,2017-06-12 00:00:00,40.14312744140625
srv-003,2017-06-12 01:00:00,35.457271575927734
srv-003,2017-06-12 02:00:00,38.24003219604492
srv-003,2017-06-12 03:00:00,39.64038848876953
srv-003,2017-06-12 04:00:00,30.63138771057129
srv-003,2017-06-12 05:00:00,34.43611526489258
srv-003,2017-06-12 06:00:00,36.028053283691406
srv-003,2017-06-12 07:00:00,36.18597412109375
srv-003,2017-06-12 08:00:00,38.11846160888672
srv-003,2017-06-12 09:00:00,41.51249694824219
srv-003,2017-06-12 10:00:00,37.800498962402344
srv-003,2017-06-12 11:00:00,40.65302276611328
srv-003,2017-06-12 12:00:00,34.445594787597656
srv-003,2017-06-12 13:00:00,36.6263542175293
srv-003,2017-06-12 14:00:00,42.67796325683594
srv-003,2017-06-12 15:00:00,40.97100067138672
srv-003,2017-06-12 16:00:00,40.85370635986328
srv-003,2017-06-12 17:00:00,38.12387466430664
srv-003,2017-06-12 18:00:00,34.19937515258789
srv-003,2017-06-12 19:00:00,39.599090576171875
srv-003,2017-06-12 20:00:00,42.41557312011719
srv-003,2017-06-12 21:00:00,40.1287727355957
srv-003,2017-06-12 22:00:00,33.8242301940918
srv-003,2017-06-12 23:00:00,38.46791076660156
srv-003,2017-06-13 00:00:00,37.68852233886719
srv-003,2017-06-13 01:00:00,41.97144317626953
srv-003,2017-06-13 02:00:00,41.64054870605469
srv-003,2017-06-13 03:00:00,45.240760803222656
srv-003,2017-06-13 04:00:00,44.345767974853516
srv-003,2017-06-13 05:00:00,44.44786071777344
srv-003,2017-06-13 06:00:00,41.25495910644531
srv-003,2017-06-13 07:00:00,33.600738525390625
srv-003,2017-06-13 08:00:00,35.071224212646484
srv-003,2017-06-13 09:00:00,38.17738342285156
srv-003,2017-06-13 10:00:00,37.32793426513672
srv-003,2017-06-13 11:00:00,40.07368087768555
srv-003,2017-06-13 12:00:00,41.287349700927734
srv-003,2017-06-13 13:00:00,45.88203048706055
srv-003,2017-06-13 14:00:00,42.597591400146484
srv-003,2017-06-13 15:00:00,44.638187408447266
srv-003,2017-06-13 16:00:00,39.779335021972656
srv-003,2017-06-13 17:00:00,33.97918701171875
srv-003,2017-06-13 18:00:00,36.84162902832031
srv-003,2017-06-13 19:00:00,36.883522033691406
srv-003,2017-06-13 20:00:00,39.76007080078125
srv-003,2017-06-13 21:00:00,42.924354553222656
srv-003,2017-06-13 22:00:00,43.24993896484375
srv-003,2017-06-13 23:00:00,40.97552490234375
srv-003,2017-06-14 00:00:00,38.58086013793945
srv-003,2017-06-14 01:00:00,43.41870880126953
srv-003,2017-06-14 02:00:00,43.92628479003906
srv-003,2017-06-14 03:00:00,40.99723815917969
srv-003,2017-06-14 04:00:00,36.26758575439453
srv-003,2017-06-14 05:00:00,36.646507263183594
srv-003,2017-06-14 06:00:00,41.6722297668457
srv-003,2017-06-14 07:00:00,37.82609558105469
srv-003,2017-06-14 08:00:00,41.61591720581055
srv-003,2017-06-14 09:00:00,43.556758880615234
srv-003,2017-06-14 10:00:00,41.23228454589844
srv-003,2017-06-14 11:00:00,40.81645202636719
srv-003,2017-06-14 12:00:00,41.90901184082031
srv-003,2017-06-14 13:00:00,35.37566375732422
srv-003,2017-06-14 14:00:00,36.270172119140625
srv-003,2017-06-14 15:00:00,39.79193878173828
srv-003,2017-06-14 16:00:00,37.365516662597656
srv-003,2017-06-14 17:00:00,45.562461853027344
srv-003,2017-06-14 18:00:00,40.62486267089844
srv-003,2017-06-14 19:00:00,42.147552490234375
srv-003,2017-06-14 20:00:00,40.28305435180664
srv-003,2017-06-14 21:00:00,40.99347686767578
srv-003,2017-06-14 22:00:00,37.06904983520508
srv-003,2017-06-14 23:00:00,32.77715301513672
srv-003,2017-06-15 00:00:00,34.92887878417969
srv-003,2017-06-15 01:00:00,39.40031433105469
srv-003,2017-06-15 02:00:00,42.89439392089844
srv-003,2017-06-15 03:00:00,41.18114471435547
srv-003,2017-06-15 04:00:00,36.22600173950195
srv-003,2017-06-15 05:00:00,33.779170989990234
srv-003,2017-06-15 06:00:00,34.10853576660156
srv-003,2017-06-15 07:00:00,35.28129196166992
srv-003,2017-06-15 08:00:00,35.801734924316406
srv-003,2017-06-15 09:00:00,37.0463981628418
srv-003,2017-06-15 10:00:00,42.30937576293945
srv-003,2017-06-15 11:00:00,43.12760925292969
srv-003,2017-06-15 12:00:00,46.82114028930664
srv-003,2017-06-15 13:00:00,43.925987243652344
srv-003,2017-06-15 14:00:00,46.52952575683594
srv-003,2017-06-15 15:00:00,47.458702087402344
srv-003,2017-06-15 16:00:00,39.491851806640625
srv-003,2017-06-15 17:00:00,42.31169891357422
srv-003,2017-06-15 18:00:00,39.917884826660156
srv-003,2017-06-15 19:00:00,43.342445373535156
srv-003,2017-06-15 20:00:00,43.840614318847656
srv-003,2017-06-15 21:00:00,48.12831497192383
srv-003,2017-06-15 22:00:00,36.50773239135742
srv-003,2017-06-15 23:00:00,36.72797393798828
srv-003,2017-06-16 00:00:00,37.846900939941406
srv-003,2017-06-16 01:00:00,43.49900817871094
srv-003,2017-06-16 02:00:00,34.244163513183594
srv-003,2017-06-16 03:00:00,34.570682525634766
srv-003,2017-06-16 04:00:00,38.58683776855469
srv-003,2017-06-16 05:00:00,34.93463897705078
srv-003,2017-06-16 06:00:00,36.71979904174805
srv-003,2017-06-16 07:00:00,33.55876541137695
srv-003,2017-06-16 08:00:00,34.03773498535156
srv-003,2017-06-16 09:00:00,32.704139709472656
srv-003,2017-06-16 10:00:00,34.241912841796875
srv-003,2017-06-16 11:00:00,35.933197021484375
srv-003,2017-06-16 12:00:00,38.0361213684082
srv-003,2017-06-16 13:00:00,40.14491271972656
srv-003,2017-06-16 14:00:00,36.76527404785156
srv-003,2017-06-16 15:00:00,40.90190124511719
srv-003,2017-06-16 16:00:00,32.70610046386719
srv-003,2017-06-16 17:00:00,35.56788635253906
srv-003,2017-06-16 18:00:00,37.35503005981445
srv-003,2017-06-16 19:00:00,38.55670928955078
srv-003,2017-06-16 20:00:00,38.83663558959961
srv-003,2017-06-16 21:00:00,37.798606872558594
srv-003,2017-06-16 22:00:00,36.58304977416992
srv-003,2017-06-16 23:00:00,42.49293518066406
srv-003,2017-06-17 00:00:00,34.94975280761719
srv-003,2017-06-17 01:00:00,33.544681549072266
srv-003,2017-06-17 02:00:00,37.69744110107422
srv-003,2017-06-17 03:00:00,35.764312744140625
srv-003,2017-06-17 04:00:00,41.12940216064453
srv-003,2017-06-17 05:00:00,45.93042755126953
srv-003,2017-06-17 06:00:00,44.712562561035156
srv-003,2017-06-17 07:00:00,36.236629486083984
srv-003,2017-06-17 08:00:00,34.18844223022461
srv-003,2017-06-17 09:00:00,32.60255813598633
srv-003,2017-06-17 10:00:00,34.74382019042969
srv-003,2017-06-17 11:00:00,33.71497344970703
srv-003,2017-06-17 12:00:00,36.71976852416992
srv-003,2017-06-17 13:00:00,34.70280456542969
srv-003,2017-06-17 14:00:00,41.64849853515625
srv-003,2017-06-17 15:00:00,42.636932373046875
srv-003,2017-06-17 16:00:00,40.475730895996094
srv-003,2017-06-17 17:00:00,47.47020721435547
srv-003,2017-06-17 18:00:00,44.53240203857422
srv-003,2017-06-17 19:00:00,34.83647155761719
srv-003,2017-06-17 20:00:00,33.10630416870117
srv-003,2017-06-17 21:00:00,35.622657775878906
srv-003,2017-06-17 22:00:00,39.57959747314453
srv-003,2017-06-17 23:00:00,37.244834899902344
srv-003,2017-06-18 00:00:00,40.69866943359375
srv-003,2017-06-18 01:00:00,41.236663818359375
srv-003,2017-06-18 02:00:00,40.008392333984375
srv-003,2017-06-18 03:00:00,39.018985748291016
srv-003,2017-06-18 04:00:00,35.62248992919922
srv-003,2017-06-18 05:00:00,34.923484802246094
srv-003,2017-06-18 06:00:00,36.13853454589844
srv-003,2017-06-18 07:00:00,31.67233657836914
srv-003,2017-06-18 08:00:00,34.611122131347656
srv-003,2017-06-18 09:00:00,36.248023986816406
srv-003,2017-06-18 10:00:00,34.598045349121094
srv-003,2017-06-18 11:00:00,40.42937469482422
srv-003,2017-06-18 12:00:00,42.1075553894043
srv-003,2017-06-18 13:00:00,39.461463928222656
srv-003,2017-06-18 14:00:00,38.393089294433594
srv-003,2017-06-18 15:00:00,43.30856704711914
srv-003,2017-06-18 16:00:00,40.7344970703125
srv-003,2017-06-18 17:00:00,40.03620147705078
srv-003,2017-06-18 18:00:00,36.74253845214844
srv-003,2017-06-18 19:00:00,37.82410430908203
srv-003,2017-06-18 20:00:00,39.13872528076172
srv-003,2017-06-18 21:00:00,40.513893127441406
srv-003,2017-06-18 22:00:00,37.26248550415039
srv-003,2017-06-18 23:00:00,40.71092224121094
srv-003,2017-06-19 00:00:00,38.73480224609375
srv-003,2017-06-19 01:00:00,38.02100372314453
srv-003,2017-06-19 02:00:00,40.40969467163086
srv-003,2017-06-19 03:00:00,44.273712158203125
srv-003,2017-06-19 04:00:00,44.438690185546875
srv-003,2017-06-19 05:00:00,48.59648132324219
srv-003,2017-06-19 06:00:00,42.272396087646484
srv-003,2017-06-19 07:00:00,35.482208251953125
srv-003,2017-06-19 08:00:00,36.74452209472656
srv-003,2017-06-19 09:00:00,39.709598541259766
srv-003,2017-06-19 10:00:00,37.48870086669922
srv-003,2017-06-19 11:00:00,41.90404510498047
srv-003,2017-06-19 12:00:00,40.023582458496094
srv-003,2017-06-19 13:00:00,46.11529541015625
srv-003,2017-06-19 14:00:00,44.224464416503906
srv-003,2017-06-19 15:00:00,45.78913116455078
srv-003,2017-06-19 16:00:00,47.83747100830078
srv-003,2017-06-19 17:00:00,44.285804748535156
srv-003,2017-06-19 18:00:00,43.853233337402344
srv-003,2017-06-19 19:00:00,44.63002014160156
srv-003,2017-06-19 20:00:00,40.637725830078125
srv-003,2017-06-19 21:00:00,38.10124969482422
srv-003,2017-06-19 22:00:00,41.807708740234375
srv-003,2017-06-19 23:00:00,37.90724563598633
srv-003,2017-06-20 00:00:00,40.06182098388672
srv-003,2017-06-20 01:00:00,37.907447814941406
srv-003,2017-06-20 02:00:00,43.42540740966797
srv-003,2017-06-20 03:00:00,44.64640808105469
srv-003,2017-06-20 04:00:00,38.79356002807617
srv-003,2017-06-20 05:00:00,43.909332275390625
srv-003,2017-06-20 06:00:00,37.8472785949707
srv-003,2017-06-20 07:00:00,46.21770477294922
srv-003,2017-06-20 08:00:00,43.941680908203125
srv-003,2017-06-20 09:00:00,43.89664840698242
srv-003,2017-06-20 10:00:00,43.340274810791016
srv-003,2017-06-20 11:00:00,36.15635681152344
srv-003,2017-06-20 12:00:00,39.05525207519531
srv-003,2017-06-20 13:00:00,38.468528747558594
srv-003,2017-06-20 14:00:00,39.13590621948242
srv-003,2017-06-20 15:00:00,43.066062927246094
srv-003,2017-06-20 16:00:00,43.51951217651367
srv-003,2017-06-20 17:00:00,39.74960708618164
srv-003,2017-06-20 18:00:00,37.21967315673828
srv-003,2017-06-20 19:00:00,40.135765075683594
srv-003,2017-06-20 20:00:00,42.05335998535156
srv-003,2017-06-20 21:00:00,42.33641052246094
srv-003,2017-06-20 22:00:00,44.02080154418945
srv-003,2017-06-20 23:00:00,42.83055877685547
srv-003,2017-06-21 00:00:00,43.79946517944336
srv-003,2017-06-21 01:00:00,46.12378692626953
srv-003,2017-06-21 02:00:00,50.65019226074219
srv-003,2017-06-21 03:00:00,49.69744110107422
srv-003,2017-06-21 04:00:00,52.73005294799805
srv-003,2017-06-21 05:00:00,50.446903228759766
srv-003,2017-06-21 06:00:00,47.647708892822266
srv-003,2017-06-21 07:00:00,53.314918518066406
srv-003,2017-06-21 08:00:00,49.79376983642578
srv-003,2017-06-21 09:00:00,41.92677307128906
srv-003,2017-06-21 10:00:00,40.236656188964844
srv-003,2017-06-21 11:00:00,43.207252502441406
srv-003,2017-06-21 12:00:00,43.75605773925781
srv-003,2017-06-21 13:00:00,41.63396072387695
srv-003,2017-06-21 14:00:00,36.74409484863281
srv-003,2017-06-21 15:00:00,39.703521728515625
srv-003,2017-06-21 16:00:00,44.92525100708008
srv-003,2017-06-21 17:00:00,44.7512321472168
srv-003,2017-06-21 18:00:00,45.372711181640625
srv-003,2017-06-21 19:00:00,39.99297332763672
srv-003,2017-06-21 20:00:00,42.471527099609375
srv-003,2017-06-21 21:00:00,45.75668716430664
srv-003,2017-06-21 22:00:00,41.64720916748047
srv-003,2017-06-21 23:00:00,41.0243034362793
srv-003,2017-06-22 00:00:00,46.46194839477539
srv-003,2017-06-22 01:00:00,42.351871490478516
srv-003,2017-06-22 02:00:00,45.540809631347656
srv-003,2017-06-22 03:00:00,42.73367691040039
srv-003,2017-06-22 04:00:00,47.80910873413086
srv-003,2017-06-22 05:00:00,47.485172271728516
srv-003,2017-06-22 06:00:00,51.90143585205078
srv-003,2017-06-22 07:00:00,50.765724182128906
srv-003,2017-06-22 08:00:00,45.821800231933594
srv-003,2017-06-22 09:00:00,45.29798126220703
srv-003,2017-06-22 10:00:00,46.721595764160156
srv-003,2017-06-22 11:00:00,46.62403106689453
srv-003,2017-06-22 12:00:00,40.903541564941406
srv-003,2017-06-22 13:00:00,42.859458923339844
srv-003,2017-06-22 14:00:00,42.410648345947266
srv-003,2017-06-22 15:00:00,40.131980895996094
srv-003,2017-06-22 16:00:00,41.88209915161133
srv-003,2017-06-22 17:00:00,39.67475509643555
srv-003,2017-06-22 18:00:00,37.41319274902344
srv-003,2017-06-22 19:00:00,35.922386169433594
srv-003,2017-06-22 20:00:00,40.733665466308594
srv-003,2017-06-22 21:00:00,44.33507537841797
srv-003,2017-06-22 22:00:00,47.924774169921875
srv-003,2017-06-22 23:00:00,50.881839752197266
srv-003,2017-06-23 00:00:00,38.834754943847656
srv-003,2017-06-23 01:00:00,40.256526947021484
srv-003,2017-06-23 02:00:00,42.63442611694336
srv-003,2017-06-23 03:00:00,46.785831451416016
srv-003,2017-06-23 04:00:00,43.89179229736328
srv-003,2017-06-23 05:00:00,41.10809326171875
srv-003,2017-06-23 06:00:00,39.7474365234375
srv-003,2017-06-23 07:00:00,36.53740310668945
srv-003,2017-06-23 08:00:00,38.64807891845703
srv-003,2017-06-23 09:00:00,34.523929595947266
srv-003,2017-06-23 10:00:00,32.74053192138672
srv-003,2017-06-23 11:00:00,31.582748413085938
srv-003,2017-06-23 12:00:00,30.540185928344727
srv-003,2017-06-23 13:00:00,34.304168701171875
srv-003,2017-06-23 14:00:00,36.565818786621094
srv-003,2017-06-23 15:00:00,37.482208251953125
srv-003,2017-06-23 16:00:00,39.07548904418945
srv-003,2017-06-23 17:00:00,40.91704559326172
srv-003,2017-06-23 18:00:00,44.453590393066406
srv-003,2017-06-23 19:00:00,38.71944046020508
srv-003,2017-06-23 20:00:00,40.81635284423828
srv-003,2017-06-23 21:00:00,38.73970031738281
srv-003,2017-06-23 22:00:00,40.80827331542969
srv-003,2017-06-23 23:00:00,48.26392364501953
srv-003,2017-06-24 00:00:00,41.963623046875
srv-003,2017-06-24 01:00:00,35.066009521484375
srv-003,2017-06-24 02:00:00,32.73993682861328
srv-003,2017-06-24 03:00:00,34.16557312011719
srv-003,2017-06-24 04:00:00,36.31391525268555
srv-003,2017-06-24 05:00:00,34.846614837646484
srv-003,2017-06-24 06:00:00,31.806385040283203
srv-003,2017-06-24 07:00:00,29.292835235595703
srv-003,2017-06-24 08:00:00,31.537946701049805
srv-003,2017-06-24 09:00:00,32.14947509765625
srv-003,2017-06-24 10:00:00,34.243431091308594
srv-003,2017-06-24 11:00:00,35.65581512451172
srv-003,2017-06-24 12:00:00,37.885162353515625
srv-003,2017-06-24 13:00:00,35.126285552978516
srv-003,2017-06-24 14:00:00,40.509281158447266
srv-003,2017-06-24 15:00:00,36.1756477355957
srv-003,2017-06-24 16:00:00,42.61976623535156
srv-003,2017-06-24 17:00:00,44.251426696777344
srv-003,2017-06-24 18:00:00,40.875579833984375
srv-003,2017-06-24 19:00:00,43.08415603637695
srv-003,2017-06-24 20:00:00,39.237274169921875
srv-003,2017-06-24 21:00:00,44.14463424682617
srv-003,2017-06-24 22:00:00,40.00408172607422
srv-003,2017-06-24 23:00:00,41.436988830566406
srv-003,2017-06-25 00:00:00,36.81241989135742
srv-003,2017-06-25 01:00:00,37.77991485595703
srv-003,2017-06-25 02:00:00,38.490718841552734
srv-003,2017-06-25 03:00:00,40.94002151489258
srv-003,2017-06-25 04:00:00,41.152435302734375
srv-003,2017-06-25 05:00:00,39.485633850097656
srv-003,2017-06-25 06:00:00,32.78252029418945
srv-003,2017-06-25 07:00:00,31.792131423950195
srv-003,2017-06-25 08:00:00,28.821149826049805
srv-003,2017-06-25 09:00:00,32.01642608642578
srv-003,2017-06-25 10:00:00,33.8213996887207
srv-003,2017-06-25 11:00:00,35.460479736328125
srv-003,2017-06-25 12:00:00,36.046897888183594
srv-003,2017-06-25 13:00:00,33.63507080078125
srv-003,2017-06-25 14:00:00,38.5484619140625
srv-003,2017-06-25 15:00:00,40.44491958618164
srv-003,2017-06-25 16:00:00,38.16864776611328
srv-003,2017-06-25 17:00:00,35.28947830200195
srv-003,2017-06-25 18:00:00,40.45619201660156
srv-003,2017-06-25 19:00:00,43.68351745605469
srv-003,2017-06-25 20:00:00,45.05083084106445
srv-003,2017-06-25 21:00:00,39.29645538330078
srv-003,2017-06-25 22:00:00,32.74854278564453
srv-003,2017-06-25 23:00:00,34.86311721801758
srv-003,2017-06-26 00:00:00,34.27906036376953
srv-003,2017-06-26 01:00:00,30.186233520507812
srv-003,2017-06-26 02:00:00,30.19540023803711
srv-003,2017-06-26 03:00:00,34.5670051574707
srv-003,2017-06-26 04:00:00,37.59278106689453
srv-003,2017-06-26 05:00:00,41.98335266113281
srv-003,2017-06-26 06:00:00,33.797542572021484
srv-003,2017-06-26 07:00:00,39.02130126953125
srv-003,2017-06-26 08:00:00,39.60414123535156
srv-003,2017-06-26 09:00:00,32.1305046081543
srv-003,2017-06-26 10:00:00,36.82614517211914
srv-003,2017-06-26 11:00:00,37.503231048583984
srv-003,2017-06-26 12:00:00,46.419273376464844
srv-003,2017-06-26 13:00:00,42.048274993896484
srv-003,2017-06-26 14:00:00,46.89868927001953
srv-003,2017-06-26 15:00:00,46.439552307128906
srv-003,2017-06-26 16:00:00,43.34392547607422
srv-003,2017-06-26 17:00:00,45.234153747558594
srv-003,2017-06-26 18:00:00,44.16529846191406
srv-003,2017-06-26 19:00:00,43.53898620605469
srv-003,2017-06-26 20:00:00,37.05357360839844
srv-003,2017-06-26 21:00:00,39.15608215332031
srv-003,2017-06-26 22:00:00,35.0294075012207
srv-003,2017-06-26 23:00:00,38.72535705566406
srv-003,2017-06-27 00:00:00,40.6395149230957
srv-003,2017-06-27 01:00:00,41.85888671875
srv-003,2017-06-27 02:00:00,46.124046325683594
srv-003,2017-06-27 03:00:00,47.482540130615234
srv-003,2017-06-27 04:00:00,52.29357147216797
srv-003,2017-06-27 05:00:00,53.41154861450195
srv-003,2017-06-27 06:00:00,51.15763473510742
srv-003,2017-06-27 07:00:00,50.87016296386719
srv-003,2017-06-27 08:00:00,44.04126739501953
srv-003,2017-06-27 09:00:00,48.657981872558594
srv-003,2017-06-27 10:00:00,47.69313430786133
srv-003,2017-06-27 11:00:00,45.256935119628906
srv-003,2017-06-27 12:00:00,46.46728515625
srv-003,2017-06-27 13:00:00,45.54084396362305
srv-003,2017-06-27 14:00:00,45.240848541259766
srv-003,2017-06-27 15:00:00,48.07665252685547
srv-003,2017-06-27 16:00:00,39.82726287841797
srv-003,2017-06-27 17:00:00,43.907291412353516
srv-003,2017-06-27 18:00:00,48.40229034423828
srv-003,2017-06-27 19:00:00,44.653343200683594
srv-003,2017-06-27 20:00:00,38.182403564453125
srv-003,2017-06-27 21:00:00,41.5345344543457
srv-003,2017-06-27 22:00:00,44.29767608642578
srv-003,2017-06-27 23:00:00,42.92816925048828
srv-003,2017-06-28 00:00:00,38.68391418457031
srv-003,2017-06-28 01:00:00,36.100318908691406
srv-003,2017-06-28 02:00:00,40.802085876464844
srv-003,2017-06-28 03:00:00,40.60943603515625
srv-003,2017-06-28 04:00:00,48.55280303955078
srv-003,2017-06-28 05:00:00,36.69904327392578
srv-003,2017-06-28 06:00:00,39.59086990356445
srv-003,2017-06-28 07:00:00,44.036460876464844
srv-003,2017-06-28 08:00:00,43.14995574951172
srv-003,2017-06-28 09:00:00,44.174659729003906
srv-003,2017-06-28 10:00:00,39.32040786743164
srv-003,2017-06-28 11:00:00,37.58506774902344
srv-003,2017-06-28 12:00:00,45.68931579589844
srv-003,2017-06-28 13:00:00,41.47450256347656
srv-003,2017-06-28 14:00:00,40.35774230957031
srv-003,2017-06-28 15:00:00,39.04290008544922
srv-003,2017-06-28 16:00:00,47.08553695678711
srv-003,2017-06-28 17:00:00,47.117034912109375
srv-003,2017-06-28 18:00:00,40.91904830932617
srv-003,2017-06-28 19:00:00,41.705780029296875
srv-003,2017-06-28 20:00:00,38.791709899902344
srv-003,2017-06-28 21:00:00,43.1992073059082
srv-003,2017-06-28 22:00:00,44.8601188659668
srv-003,2017-06-28 23:00:00,38.49549102783203
srv-003,2017-06-29 00:00:00,41.08213806152344
srv-003,2017-06-29 01:00:00,44.27521514892578
srv-003,2017-06-29 02:00:00,48.3320426940918
srv-003,2017-06-29 03:00:00,46.24437713623047
srv-003,2017-06-29 04:00:00,50.27073287963867
srv-003,2017-06-29 05:00:00,48.79057312011719
srv-003,2017-06-29 06:00:00,41.24089813232422
srv-003,2017-06-29 07:00:00,43.17362976074219
srv-003,2017-06-29 08:00:00,47.23944854736328
srv-003,2017-06-29 09:00:00,49.82838821411133
srv-003,2017-06-29 10:00:00,48.1299934387207
srv-003,2017-06-29 11:00:00,41.03965759277344
srv-003,2017-06-29 12:00:00,37.755558013916016
srv-003,2017-06-29 13:00:00,35.78681564331055
srv-003,2017-06-29 14:00:00,35.668212890625
srv-003,2017-06-29 15:00:00,36.38805389404297
srv-003,2017-06-29 16:00:00,38.5557861328125
srv-003,2017-06-29 17:00:00,42.06312561035156
srv-003,2017-06-29 18:00:00,34.87079620361328
srv-003,2017-06-29 19:00:00,35.954345703125
srv-003,2017-06-29 20:00:00,37.290863037109375
srv-003,2017-06-29 21:00:00,37.35830307006836
srv-003,2017-06-29 22:00:00,38.918678283691406
srv-003,2017-06-29 23:00:00,33.30215835571289
srv-003,2017-06-30 00:00:00,38.83670425415039
srv-003,2017-06-30 01:00:00,42.06355285644531
srv-003,2017-06-30 02:00:00,40.8792724609375
srv-003,2017-06-30 03:00:00,44.0986328125
srv-003,2017-06-30 04:00:00,41.1630859375
srv-003,2017-06-30 05:00:00,39.63709259033203
srv-003,2017-06-30 06:00:00,41.493492126464844
srv-003,2017-06-30 07:00:00,37.3809814453125
srv-003,2017-06-30 08:00:00,36.451316833496094
srv-003,2017-06-30 09:00:00,40.34282684326172
srv-003,2017-06-30 10:00:00,34.226871490478516
srv-003,2017-06-30 11:00:00,36.340091705322266
srv-003,2017-06-30 12:00:00,34.67755889892578
srv-003,2017-06-30 13:00:00,38.98908996582031
srv-003,2017-06-30 14:00:00,40.2408447265625
srv-003,2017-06-30 15:00:00,45.37791442871094
srv-003,2017-06-30 16:00:00,45.334129333496094
srv-003,2017-06-30 17:00:00,45.83708953857422
srv-003,2017-06-30 18:00:00,44.30140686035156
srv-003,2017-06-30 19:00:00,40.209381103515625
srv-003,2017-06-30 20:00:00,45.004024505615234
srv-003,2017-06-30 21:00:00,44.14752197265625
srv-003,2017-06-30 22:00:00,38.742347717285156
srv-003,2017-06-30 23:00:00,34.402915954589844
srv-004,2017-06-01 23:00:00,54.287315368652344
srv-004,2017-06-02 00:00:00,60.77558517456055
srv-004,2017-06-02 01:00:00,61.981449127197266
srv-004,2017-06-02 02:00:00,65.90750122070312
srv-004,2017-06-02 03:00:00,63.792747497558594
srv-004,2017-06-02 04:00:00,67.28313446044922
srv-004,2017-06-02 05:00:00,65.50323486328125
srv-004,2017-06-02 06:00:00,63.15093231201172
srv-004,2017-06-02 07:00:00,63.05577087402344
srv-004,2017-06-02 08:00:00,61.97322463989258
srv-004,2017-06-02 09:00:00,63.51652526855469
srv-004,2017-06-02 10:00:00,66.64556121826172
srv-004,2017-06-02 11:00:00,64.56183624267578
srv-004,2017-06-02 12:00:00,67.42928314208984
srv-004,2017-06-02 13:00:00,66.32730865478516
srv-004,2017-06-02 14:00:00,66.53622436523438
srv-004,2017-06-02 15:00:00,62.140892028808594
srv-004,2017-06-02 16:00:00,60.85777282714844
srv-004,2017-06-02 17:00:00,62.78247833251953
srv-004,2017-06-02 18:00:00,63.280242919921875
srv-004,2017-06-02 19:00:00,62.5379638671875
srv-004,2017-06-02 20:00:00,63.067222595214844
srv-004,2017-06-02 21:00:00,54.951927185058594
srv-004,2017-06-02 22:00:00,57.45233917236328
srv-004,2017-06-02 23:00:00,58.943843841552734
srv-004,2017-06-03 00:00:00,63.38395690917969
srv-004,2017-06-03 01:00:00,63.78205871582031
srv-004,2017-06-03 02:00:00,60.350242614746094
srv-004,2017-06-03 03:00:00,60.81989288330078
srv-004,2017-06-03 04:00:00,56.89313507080078
srv-004,2017-06-03 05:00:00,59.594181060791016
srv-004,2017-06-03 06:00:00,63.55964279174805
srv-004,2017-06-03 07:00:00,68.61235809326172
srv-004,2017-06-03 08:00:00,70.69921875
srv-004,2017-06-03 09:00:00,63.90205383300781
srv-004,2017-06-03 10:00:00,65.1888427734375
srv-004,2017-06-03 11:00:00,66.67285919189453
srv-004,2017-06-03 12:00:00,70.9937744140625
srv-004,2017-06-03 13:00:00,71.93098449707031
srv-004,2017-06-03 14:00:00,67.63775634765625
srv-004,2017-06-03 15:00:00,68.58016967773438
srv-004,2017-06-03 16:00:00,68.57625579833984
srv-004,2017-06-03 17:00:00,63.13338088989258
srv-004,2017-06-03 18:00:00,61.540794372558594
srv-004,2017-06-03 19:00:00,64.22209167480469
srv-004,2017-06-03 20:00:00,63.41541290283203
srv-004,2017-06-03 21:00:00,63.174171447753906
srv-004,2017-06-03 22:00:00,58.791866302490234
srv-004,2017-06-03 23:00:00,63.9332160949707
srv-004,2017-06-04 00:00:00,67.3227767944336
srv-004,2017-06-04 01:00:00,63.88917541503906
srv-004,2017-06-04 02:00:00,66.8266830444336
srv-004,2017-06-04 03:00:00,68.0577621459961
srv-004,2017-06-04 04:00:00,63.861907958984375
srv-004,2017-06-04 05:00:00,60.630210876464844
srv-004,2017-06-04 06:00:00,66.6283187866211
srv-004,2017-06-04 07:00:00,62.699153900146484
srv-004,2017-06-04 08:00:00,57.35406494140625
srv-004,2017-06-04 09:00:00,58.06952667236328
srv-004,2017-06-04 10:00:00,57.622337341308594
srv-004,2017-06-04 11:00:00,66.2579116821289
srv-004,2017-06-04 12:00:00,68.88704681396484
srv-004,2017-06-04 13:00:00,68.88928985595703
srv-004,2017-06-04 14:00:00,71.29778289794922
srv-004,2017-06-04 15:00:00,67.44115447998047
srv-004,2017-06-04 16:00:00,64.25960540771484
srv-004,2017-06-04 17:00:00,60.48804473876953
srv-004,2017-06-04 18:00:00,62.77537536621094
srv-004,2017-06-04 19:00:00,62.99885559082031
srv-004,2017-06-04 20:00:00,59.64302062988281
srv-004,2017-06-04 21:00:00,62.512489318847656
srv-004,2017-06-04 22:00:00,61.56095886230469
srv-004,2017-06-04 23:00:00,62.68434143066406
srv-004,2017-06-05 00:00:00,62.02545928955078
srv-004,2017-06-05 01:00:00,63.011714935302734
srv-004,2017-06-05 02:00:00,62.058006286621094
srv-004,2017-06-05 03:00:00,59.26169204711914
srv-004,2017-06-05 04:00:00,59.51858901977539
srv-004,2017-06-05 05:00:00,62.831565856933594
srv-004,2017-06-05 06:00:00,61.521461486816406
srv-004,2017-06-05 07:00:00,61.87456130981445
srv-004,2017-06-05 08:00:00,64.12376403808594
srv-004,2017-06-05 09:00:00,63.97197723388672
srv-004,2017-06-05 10:00:00,63.377296447753906
srv-004,2017-06-05 11:00:00,63.37151336669922
srv-004,2017-06-05 12:00:00,66.5537109375
srv-004,2017-06-05 13:00:00,64.04552459716797
srv-004,2017-06-05 14:00:00,65.53467559814453
srv-004,2017-06-05 15:00:00,62.42359924316406
srv-004,2017-06-05 16:00:00,70.08570861816406
srv-004,2017-06-05 17:00:00,67.67818450927734
srv-004,2017-06-05 18:00:00,65.101806640625
srv-004,2017-06-05 19:00:00,63.55564498901367
srv-004,2017-06-05 20:00:00,63.62610626220703
srv-004,2017-06-05 21:00:00,66.27534484863281
srv-004,2017-06-05 22:00:00,66.48889923095703
srv-004,2017-06-05 23:00:00,64.71106719970703
srv-004,2017-06-06 00:00:00,63.163795471191406
srv-004,2017-06-06 01:00:00,61.167396545410156
srv-004,2017-06-06 02:00:00,58.37403106689453
srv-004,2017-06-06 03:00:00,62.3222770690918
srv-004,2017-06-06 04:00:00,62.5771369934082
srv-004,2017-06-06 05:00:00,69.76329040527344
srv-004,2017-06-06 06:00:00,64.97437286376953
srv-004,2017-06-06 07:00:00,70.3570327758789
srv-004,2017-06-06 08:00:00,70.04724884033203
srv-004,2017-06-06 09:00:00,64.70777130126953
srv-004,2017-06-06 10:00:00,65.90201568603516
srv-004,2017-06-06 11:00:00,65.05525970458984
srv-004,2017-06-06 12:00:00,63.24193572998047
srv-004,2017-06-06 13:00:00,64.49380493164062
srv-004,2017-06-06 14:00:00,64.77484893798828
srv-004,2017-06-06 15:00:00,67.61116790771484
srv-004,2017-06-06 16:00:00,68.32433319091797
srv-004,2017-06-06 17:00:00,70.7189712524414
srv-004,2017-06-06 18:00:00,72.84068298339844
srv-004,2017-06-06 19:00:00,73.10022735595703
srv-004,2017-06-06 20:00:00,66.6419906616211
srv-004,2017-06-06 21:00:00,64.70100402832031
srv-004,2017-06-06 22:00:00,69.52718353271484
srv-004,2017-06-06 23:00:00,72.58458709716797
srv-004,2017-06-07 00:00:00,72.90829467773438
srv-004,2017-06-07 01:00:00,75.15482330322266
srv-004,2017-06-07 02:00:00,75.71346282958984
srv-004,2017-06-07 03:00:00,74.62816619873047
srv-004,2017-06-07 04:00:00,64.95098114013672
srv-004,2017-06-07 05:00:00,65.88227081298828
srv-004,2017-06-07 06:00:00,69.8182373046875
srv-004,2017-06-07 07:00:00,69.41631317138672
srv-004,2017-06-07 08:00:00,64.11150360107422
srv-004,2017-06-07 09:00:00,63.59024429321289
srv-004,2017-06-07 10:00:00,63.39621353149414
srv-004,2017-06-07 11:00:00,61.83226013183594
srv-004,2017-06-07 12:00:00,62.72924041748047
srv-004,2017-06-07 13:00:00,64.0508804321289
srv-004,2017-06-07 14:00:00,65.04618072509766
srv-004,2017-06-07 15:00:00,69.22533416748047
srv-004,2017-06-07 16:00:00,69.08499908447266
srv-004,2017-06-07 17:00:00,67.1318130493164
srv-004,2017-06-07 18:00:00,63.87186813354492
srv-004,2017-06-07 19:00:00,66.50550079345703
srv-004,2017-06-07 20:00:00,67.28319549560547
srv-004,2017-06-07 21:00:00,66.9444808959961
srv-004,2017-06-07 22:00:00,65.65943908691406
srv-004,2017-06-07 23:00:00,71.01260375976562
srv-004,2017-06-08 00:00:00,74.33197784423828
srv-004,2017-06-08 01:00:00,68.11447143554688
srv-004,2017-06-08 02:00:00,64.24237060546875
srv-004,2017-06-08 03:00:00,65.47078704833984
srv-004,2017-06-08 04:00:00,64.22021484375
srv-004,2017-06-08 05:00:00,65.07719421386719
srv-004,2017-06-08 06:00:00,64.21614074707031
srv-004,2017-06-08 07:00:00,61.68396759033203
srv-004,2017-06-08 08:00:00,64.50935363769531
srv-004,2017-06-08 09:00:00,67.69746398925781
srv-004,2017-06-08 10:00:00,65.33496856689453
srv-004,2017-06-08 11:00:00,65.59481811523438
srv-004,2017-06-08 12:00:00,63.50315475463867
srv-004,2017-06-08 13:00:00,67.7458724975586
srv-004,2017-06-08 14:00:00,62.22749710083008
srv-004,2017-06-08 15:00:00,63.59846496582031
srv-004,2017-06-08 16:00:00,67.1633071899414
srv-004,2017-06-08 17:00:00,65.06687927246094
srv-004,2017-06-08 18:00:00,61.54975891113281
srv-004,2017-06-08 19:00:00,64.8348388671875
srv-004,2017-06-08 20:00:00,66.34326934814453
srv-004,2017-06-08 21:00:00,66.40969848632812
srv-004,2017-06-08 22:00:00,68.69680786132812
srv-004,2017-06-08 23:00:00,63.423126220703125
srv-004,2017-06-09 00:00:00,63.183807373046875
srv-004,2017-06-09 01:00:00,62.924224853515625
srv-004,2017-06-09 02:00:00,62.705833435058594
srv-004,2017-06-09 03:00:00,60.14929962158203
srv-004,2017-06-09 04:00:00,60.60698318481445
srv-004,2017-06-09 05:00:00,59.36896896362305
srv-004,2017-06-09 06:00:00,63.82329559326172
srv-004,2017-06-09 07:00:00,64.32587432861328
srv-004,2017-06-09 08:00:00,65.83961486816406
srv-004,2017-06-09 09:00:00,65.53089141845703
srv-004,2017-06-09 10:00:00,61.052154541015625
srv-004,2017-06-09 11:00:00,62.110382080078125
srv-004,2017-06-09 12:00:00,64.33248901367188
srv-004,2017-06-09 13:00:00,65.53233337402344
srv-004,2017-06-09 14:00:00,63.63533401489258
srv-004,2017-06-09 15:00:00,68.04923248291016
srv-004,2017-06-09 16:00:00,65.4345703125
srv-004,2017-06-09 17:00:00,63.644447326660156
srv-004,2017-06-09 18:00:00,61.33739471435547
srv-004,2017-06-09 19:00:00,60.59564208984375
srv-004,2017-06-09 20:00:00,62.754974365234375
srv-004,2017-06-09 21:00:00,60.89805221557617
srv-004,2017-06-09 22:00:00,61.00876235961914
srv-004,2017-06-09 23:00:00,57.69245529174805
srv-004,2017-06-10 00:00:00,63.634002685546875
srv-004,2017-06-10 01:00:00,66.71131134033203
srv-004,2017-06-10 02:00:00,61.00639343261719
srv-004,2017-06-10 03:00:00,60.74095153808594
srv-004,2017-06-10 04:00:00,64.18108367919922
srv-004,2017-06-10 05:00:00,67.02684783935547
srv-004,2017-06-10 06:00:00,66.71508026123047
srv-004,2017-06-10 07:00:00,68.89368438720703
srv-004,2017-06-10 08:00:00,72.4378433227539
srv-004,2017-06-10 09:00:00,71.44098663330078
srv-004,2017-06-10 10:00:00,72.88772583007812
srv-004,2017-06-10 11:00:00,66.65581512451172
srv-004,2017-06-10 12:00:00,64.60284423828125
srv-004,2017-06-10 13:00:00,69.9899673461914
srv-004,2017-06-10 14:00:00,71.20428466796875
srv-004,2017-06-10 15:00:00,74.4125747680664
srv-004,2017-06-10 16:00:00,73.43370819091797
srv-004,2017-06-10 17:00:00,64.11231231689453
srv-004,2017-06-10 18:00:00,63.77325439453125
srv-004,2017-06-10 19:00:00,64.31737518310547
srv-004,2017-06-10 20:00:00,65.23255157470703
srv-004,2017-06-10 21:00:00,63.80994415283203
srv-004,2017-06-10 22:00:00,58.816734313964844
srv-004,2017-06-10 23:00:00,59.095497131347656
srv-004,2017-06-11 00:00:00,62.25896072387695
srv-004,2017-06-11 01:00:00,63.60704040527344
srv-004,2017-06-11 02:00:00,63.4000244140625
srv-004,2017-06-11 03:00:00,66.33637237548828
srv-004,2017-06-11 04:00:00,68.5452651977539
srv-004,2017-06-11 05:00:00,66.94732666015625
srv-004,2017-06-11 06:00:00,63.46746826171875
srv-004,2017-06-11 07:00:00,60.59112548828125
srv-004,2017-06-11 08:00:00,64.01228332519531
srv-004,2017-06-11 09:00:00,66.76551055908203
srv-004,2017-06-11 10:00:00,63.61856460571289
srv-004,2017-06-11 11:00:00,63.2151985168457
srv-004,2017-06-11 12:00:00,65.47395324707031
srv-004,2017-06-11 13:00:00,57.81330108642578
srv-004,2017-06-11 14:00:00,61.36332702636719
srv-004,2017-06-11 15:00:00,63.53716278076172
srv-004,2017-06-11 16:00:00,64.82855224609375
srv-004,2017-06-11 17:00:00,65.38288879394531
srv-004,2017-06-11 18:00:00,64.56714630126953
srv-004,2017-06-11 19:00:00,63.96869659423828
srv-004,2017-06-11 20:00:00,59.95530700683594
srv-004,2017-06-11 21:00:00,59.31462097167969
srv-004,2017-06-11 22:00:00,63.03687286376953
srv-004,2017-06-11 23:00:00,63.008209228515625
srv-004,2017-06-12 00:00:00,63.96275329589844
srv-004,2017-06-12 01:00:00,61.87405776977539
srv-004,2017-06-12 02:00:00,64.90216064453125
srv-004,2017-06-12 03:00:00,69.29683685302734
srv-004,2017-06-12 04:00:00,64.26215362548828
srv-004,2017-06-12 05:00:00,62.5800666809082
srv-004,2017-06-12 06:00:00,63.985557556152344
srv-004,2017-06-12 07:00:00,61.1863899230957
srv-004,2017-06-12 08:00:00,64.04571533203125
srv-004,2017-06-12 09:00:00,66.62908172607422
srv-004,2017-06-12 10:00:00,66.33744049072266
srv-004,2017-06-12 11:00:00,62.73222351074219
srv-004,2017-06-12 12:00:00,63.206607818603516
srv-004,2017-06-12 13:00:00,66.46285247802734
srv-004,2017-06-12 14:00:00,67.44762420654297
srv-004,2017-06-12 15:00:00,70.41779327392578
srv-004,2017-06-12 16:00:00,70.52881622314453
srv-004,2017-06-12 17:00:00,72.75818634033203
srv-004,2017-06-12 18:00:00,73.89490509033203
srv-004,2017-06-12 19:00:00,70.72298431396484
srv-004,2017-06-12 20:00:00,66.80186462402344
srv-004,2017-06-12 21:00:00,65.41860961914062
srv-004,2017-06-12 22:00:00,66.07051086425781
srv-004,2017-06-12 23:00:00,64.16004180908203
srv-004,2017-06-13 00:00:00,64.43707275390625
srv-004,2017-06-13 01:00:00,63.50708770751953
srv-004,2017-06-13 02:00:00,67.69921112060547
srv-004,2017-06-13 03:00:00,67.00303649902344
srv-004,2017-06-13 04:00:00,64.27806854248047
srv-004,2017-06-13 05:00:00,68.19149780273438
srv-004,2017-06-13 06:00:00,68.56707000732422
srv-004,2017-06-13 07:00:00,64.20084381103516
srv-004,2017-06-13 08:00:00,63.816864013671875
srv-004,2017-06-13 09:00:00,68.79046630859375
srv-004,2017-06-13 10:00:00,65.88043212890625
srv-004,2017-06-13 11:00:00,64.48969268798828
srv-004,2017-06-13 12:00:00,63.956241607666016
srv-004,2017-06-13 13:00:00,66.10552215576172
srv-004,2017-06-13 14:00:00,70.49583435058594
srv-004,2017-06-13 15:00:00,71.08361053466797
srv-004,2017-06-13 16:00:00,68.41279602050781
srv-004,2017-06-13 17:00:00,70.0136947631836
srv-004,2017-06-13 18:00:00,65.9321060180664
srv-004,2017-06-13 19:00:00,65.8202133178711
srv-004,2017-06-13 20:00:00,63.81257629394531
srv-004,2017-06-13 21:00:00,63.17558288574219
srv-004,2017-06-13 22:00:00,63.27616882324219
srv-004,2017-06-13 23:00:00,60.578861236572266
srv-004,2017-06-14 00:00:00,59.82685852050781
srv-004,2017-06-14 01:00:00,63.51390075683594
srv-004,2017-06-14 02:00:00,61.027427673339844
srv-004,2017-06-14 03:00:00,59.651344299316406
srv-004,2017-06-14 04:00:00,59.245704650878906
srv-004,2017-06-14 05:00:00,63.76821517944336
srv-004,2017-06-14 06:00:00,63.45437240600586
srv-004,2017-06-14 07:00:00,68.5400619506836
srv-004,2017-06-14 08:00:00,71.44801330566406
srv-004,2017-06-14 09:00:00,70.71517944335938
srv-004,2017-06-14 10:00:00,71.05745697021484
srv-004,2017-06-14 11:00:00,69.7682876586914
srv-004,2017-06-14 12:00:00,71.20368957519531
srv-004,2017-06-14 13:00:00,68.7444839477539
srv-004,2017-06-14 14:00:00,69.56172943115234
srv-004,2017-06-14 15:00:00,69.76207733154297
srv-004,2017-06-14 16:00:00,68.41045379638672
srv-004,2017-06-14 17:00:00,67.37871551513672
srv-004,2017-06-14 18:00:00,64.07266235351562
srv-004,2017-06-14 19:00:00,65.81817626953125
srv-004,2017-06-14 20:00:00,62.309295654296875
srv-004,2017-06-14 21:00:00,64.07260131835938
srv-004,2017-06-14 22:00:00,68.18402862548828
srv-004,2017-06-14 23:00:00,68.32970428466797
srv-004,2017-06-15 00:00:00,67.95600128173828
srv-004,2017-06-15 01:00:00,64.78522491455078
srv-004,2017-06-15 02:00:00,63.28376770019531
srv-004,2017-06-15 03:00:00,64.35454559326172
srv-004,2017-06-15 04:00:00,64.28311920166016
srv-004,2017-06-15 05:00:00,61.093910217285156
srv-004,2017-06-15 06:00:00,60.93157196044922
srv-004,2017-06-15 07:00:00,57.718605041503906
srv-004,2017-06-15 08:00:00,59.3867301940918
srv-004,2017-06-15 09:00:00,61.689231872558594
srv-004,2017-06-15 10:00:00,67.9896011352539
srv-004,2017-06-15 11:00:00,68.49491119384766
srv-004,2017-06-15 12:00:00,68.0284652709961
srv-004,2017-06-15 13:00:00,69.50794219970703
srv-004,2017-06-15 14:00:00,68.71424102783203
srv-004,2017-06-15 15:00:00,67.42754364013672
srv-004,2017-06-15 16:00:00,64.46932220458984
srv-004,2017-06-15 17:00:00,67.7538833618164
srv-004,2017-06-15 18:00:00,65.43571472167969
srv-004,2017-06-15 19:00:00,63.340065002441406
srv-004,2017-06-15 20:00:00,65.99471282958984
srv-004,2017-06-15 21:00:00,62.590492248535156
srv-004,2017-06-15 22:00:00,61.33485794067383
srv-004,2017-06-15 23:00:00,62.883514404296875
srv-004,2017-06-16 00:00:00,64.20938110351562
srv-004,2017-06-16 01:00:00,64.4757080078125
srv-004,2017-06-16 02:00:00,60.23001480102539
srv-004,2017-06-16 03:00:00,56.90442657470703
srv-004,2017-06-16 04:00:00,58.497283935546875
srv-004,2017-06-16 05:00:00,57.72087097167969
srv-004,2017-06-16 06:00:00,51.24592208862305
srv-004,2017-06-16 07:00:00,49.730194091796875
srv-004,2017-06-16 08:00:00,51.86066818237305
srv-004,2017-06-16 09:00:00,54.298919677734375
srv-004,2017-06-16 10:00:00,59.08766555786133
srv-004,2017-06-16 11:00:00,55.28596115112305
srv-004,2017-06-16 12:00:00,58.640411376953125
srv-004,2017-06-16 13:00:00,58.230613708496094
srv-004,2017-06-16 14:00:00,61.30115509033203
srv-004,2017-06-16 15:00:00,72.06694793701172
srv-004,2017-06-16 16:00:00,67.7979736328125
srv-004,2017-06-16 17:00:00,72.21874237060547
srv-004,2017-06-16 18:00:00,66.96666717529297
srv-004,2017-06-16 19:00:00,64.93775177001953
srv-004,2017-06-16 20:00:00,63.1694221496582
srv-004,2017-06-16 21:00:00,57.63516616821289
srv-004,2017-06-16 22:00:00,56.85688018798828
srv-004,2017-06-16 23:00:00,55.44873046875
srv-004,2017-06-17 00:00:00,54.931304931640625
srv-004,2017-06-17 01:00:00,57.139549255371094
srv-004,2017-06-17 02:00:00,56.79180908203125
srv-004,2017-06-17 03:00:00,60.35954284667969
srv-004,2017-06-17 04:00:00,61.67009353637695
srv-004,2017-06-17 05:00:00,55.828086853027344
srv-004,2017-06-17 06:00:00,57.16171646118164
srv-004,2017-06-17 07:00:00,55.17339324951172
srv-004,2017-06-17 08:00:00,54.93648147583008
srv-004,2017-06-17 09:00:00,55.09960174560547
srv-004,2017-06-17 10:00:00,56.217864990234375
srv-004,2017-06-17 11:00:00,51.3917236328125
srv-004,2017-06-17 12:00:00,54.634517669677734
srv-004,2017-06-17 13:00:00,54.2612419128418
srv-004,2017-06-17 14:00:00,56.81486511230469
srv-004,2017-06-17 15:00:00,58.375423431396484
srv-004,2017-06-17 16:00:00,59.94573974609375
srv-004,2017-06-17 17:00:00,67.1205062866211
srv-004,2017-06-17 18:00:00,57.902244567871094
srv-004,2017-06-17 19:00:00,59.77228546142578
srv-004,2017-06-17 20:00:00,59.18946838378906
srv-004,2017-06-17 21:00:00,60.20595932006836
srv-004,2017-06-17 22:00:00,59.932552337646484
srv-004,2017-06-17 23:00:00,61.045196533203125
srv-004,2017-06-18 00:00:00,61.96516036987305
srv-004,2017-06-18 01:00:00,62.148170471191406
srv-004,2017-06-18 02:00:00,63.15673065185547
srv-004,2017-06-18 03:00:00,66.34663391113281
srv-004,2017-06-18 04:00:00,59.635467529296875
srv-004,2017-06-18 05:00:00,66.18582153320312
srv-004,2017-06-18 06:00:00,63.58985137939453
srv-004,2017-06-18 07:00:00,61.949066162109375
srv-004,2017-06-18 08:00:00,62.31956481933594
srv-004,2017-06-18 09:00:00,55.343170166015625
srv-004,2017-06-18 10:00:00,51.489166259765625
srv-004,2017-06-18 11:00:00,54.81855773925781
srv-004,2017-06-18 12:00:00,55.25080871582031
srv-004,2017-06-18 13:00:00,57.00597381591797
srv-004,2017-06-18 14:00:00,65.54019165039062
srv-004,2017-06-18 15:00:00,65.92981719970703
srv-004,2017-06-18 16:00:00,69.6195068359375
srv-004,2017-06-18 17:00:00,65.9124526977539
srv-004,2017-06-18 18:00:00,64.09859466552734
srv-004,2017-06-18 19:00:00,63.36571502685547
srv-004,2017-06-18 20:00:00,63.61227798461914
srv-004,2017-06-18 21:00:00,58.30755615234375
srv-004,2017-06-18 22:00:00,58.58148193359375
srv-004,2017-06-18 23:00:00,57.696800231933594
srv-004,2017-06-19 00:00:00,56.74909210205078
srv-004,2017-06-19 01:00:00,58.339359283447266
srv-004,2017-06-19 02:00:00,65.24996948242188
srv-004,2017-06-19 03:00:00,65.18269348144531
srv-004,2017-06-19 04:00:00,64.8080062866211
srv-004,2017-06-19 05:00:00,63.8590087890625
srv-004,2017-06-19 06:00:00,61.30487060546875
srv-004,2017-06-19 07:00:00,60.149681091308594
srv-004,2017-06-19 08:00:00,64.56269073486328
srv-004,2017-06-19 09:00:00,66.43598175048828
srv-004,2017-06-19 10:00:00,67.49795532226562
srv-004,2017-06-19 11:00:00,65.58636474609375
srv-004,2017-06-19 12:00:00,69.01152801513672
srv-004,2017-06-19 13:00:00,69.40873718261719
srv-004,2017-06-19 14:00:00,71.8572769165039
srv-004,2017-06-19 15:00:00,73.2107925415039
srv-004,2017-06-19 16:00:00,75.29235076904297
srv-004,2017-06-19 17:00:00,75.67152404785156
srv-004,2017-06-19 18:00:00,70.75411987304688
srv-004,2017-06-19 19:00:00,72.18302917480469
srv-004,2017-06-19 20:00:00,71.2055892944336
srv-004,2017-06-19 21:00:00,67.90803527832031
srv-004,2017-06-19 22:00:00,68.25263214111328
srv-004,2017-06-19 23:00:00,69.86885833740234
srv-004,2017-06-20 00:00:00,65.71067810058594
srv-004,2017-06-20 01:00:00,66.16812133789062
srv-004,2017-06-20 02:00:00,70.2640151977539
srv-004,2017-06-20 03:00:00,68.68712615966797
srv-004,2017-06-20 04:00:00,70.30516052246094
srv-004,2017-06-20 05:00:00,65.30435180664062
srv-004,2017-06-20 06:00:00,63.86367416381836
srv-004,2017-06-20 07:00:00,66.81150817871094
srv-004,2017-06-20 08:00:00,67.17915344238281
srv-004,2017-06-20 09:00:00,73.2676010131836
srv-004,2017-06-20 10:00:00,70.3604507446289
srv-004,2017-06-20 11:00:00,69.39747619628906
srv-004,2017-06-20 12:00:00,70.64335632324219
srv-004,2017-06-20 13:00:00,66.25276184082031
srv-004,2017-06-20 14:00:00,71.79119110107422
srv-004,2017-06-20 15:00:00,69.14209747314453
srv-004,2017-06-20 16:00:00,67.5722885131836
srv-004,2017-06-20 17:00:00,70.42288970947266
srv-004,2017-06-20 18:00:00,67.23017120361328
srv-004,2017-06-20 19:00:00,67.03836822509766
srv-004,2017-06-20 20:00:00,65.24715423583984
srv-004,2017-06-20 21:00:00,65.6462173461914
srv-004,2017-06-20 22:00:00,62.62977600097656
srv-004,2017-06-20 23:00:00,60.08404541015625
srv-004,2017-06-21 00:00:00,57.28146743774414
srv-004,2017-06-21 01:00:00,57.40959548950195
srv-004,2017-06-21 02:00:00,57.49982452392578
srv-004,2017-06-21 03:00:00,58.99638366699219
srv-004,2017-06-21 04:00:00,67.11383056640625
srv-004,2017-06-21 05:00:00,70.08245849609375
srv-004,2017-06-21 06:00:00,58.65894317626953
srv-004,2017-06-21 07:00:00,55.99317932128906
srv-004,2017-06-21 08:00:00,55.18787384033203
srv-004,2017-06-21 09:00:00,58.354976654052734
srv-004,2017-06-21 10:00:00,59.80759811401367
srv-004,2017-06-21 11:00:00,65.73103332519531
srv-004,2017-06-21 12:00:00,67.9755630493164
srv-004,2017-06-21 13:00:00,67.87718963623047
srv-004,2017-06-21 14:00:00,75.17009735107422
srv-004,2017-06-21 15:00:00,67.5313491821289
srv-004,2017-06-21 16:00:00,68.5244140625
srv-004,2017-06-21 17:00:00,72.0879898071289
srv-004,2017-06-21 18:00:00,72.84526824951172
srv-004,2017-06-21 19:00:00,68.71769714355469
srv-004,2017-06-21 20:00:00,64.0409164428711
srv-004,2017-06-21 21:00:00,69.72196197509766
srv-004,2017-06-21 22:00:00,66.12532043457031
srv-004,2017-06-21 23:00:00,67.06128692626953
srv-004,2017-06-22 00:00:00,63.34046936035156
srv-004,2017-06-22 01:00:00,64.44229125976562
srv-004,2017-06-22 02:00:00,62.26811981201172
srv-004,2017-06-22 03:00:00,62.77323532104492
srv-004,2017-06-22 04:00:00,66.35719299316406
srv-004,2017-06-22 05:00:00,67.75518035888672
srv-004,2017-06-22 06:00:00,67.67243194580078
srv-004,2017-06-22 07:00:00,70.86522674560547
srv-004,2017-06-22 08:00:00,66.80872344970703
srv-004,2017-06-22 09:00:00,63.598289489746094
srv-004,2017-06-22 10:00:00,62.5091552734375
srv-004,2017-06-22 11:00:00,64.96102905273438
srv-004,2017-06-22 12:00:00,67.62096405029297
srv-004,2017-06-22 13:00:00,66.87257385253906
srv-004,2017-06-22 14:00:00,65.3730239868164
srv-004,2017-06-22 15:00:00,64.46903991699219
srv-004,2017-06-22 16:00:00,68.02542877197266
srv-004,2017-06-22 17:00:00,64.52764892578125
srv-004,2017-06-22 18:00:00,68.54215240478516
srv-004,2017-06-22 19:00:00,65.21749114990234
srv-004,2017-06-22 20:00:00,63.63399887084961
srv-004,2017-06-22 21:00:00,61.780418395996094
srv-004,2017-06-22 22:00:00,60.64337158203125
srv-004,2017-06-22 23:00:00,60.31875991821289
srv-004,2017-06-23 00:00:00,60.797340393066406
srv-004,2017-06-23 01:00:00,63.17301940917969
srv-004,2017-06-23 02:00:00,59.229339599609375
srv-004,2017-06-23 03:00:00,61.90361022949219
srv-004,2017-06-23 04:00:00,57.38317108154297
srv-004,2017-06-23 05:00:00,62.81285858154297
srv-004,2017-06-23 06:00:00,63.65658950805664
srv-004,2017-06-23 07:00:00,65.3482894897461
srv-004,2017-06-23 08:00:00,67.38191223144531
srv-004,2017-06-23 09:00:00,68.8967514038086
srv-004,2017-06-23 10:00:00,68.2115707397461
srv-004,2017-06-23 11:00:00,69.98884582519531
srv-004,2017-06-23 12:00:00,67.09461975097656
srv-004,2017-06-23 13:00:00,63.0025520324707
srv-004,2017-06-23 14:00:00,67.45721435546875
srv-004,2017-06-23 15:00:00,68.00492095947266
srv-004,2017-06-23 16:00:00,65.66712951660156
srv-004,2017-06-23 17:00:00,63.82611846923828
srv-004,2017-06-23 18:00:00,62.588809967041016
srv-004,2017-06-23 19:00:00,69.78105926513672
srv-004,2017-06-23 20:00:00,67.74420166015625
srv-004,2017-06-23 21:00:00,62.98493576049805
srv-004,2017-06-23 22:00:00,60.70045852661133
srv-004,2017-06-23 23:00:00,60.22102355957031
srv-004,2017-06-24 00:00:00,61.60975646972656
srv-004,2017-06-24 01:00:00,62.50079345703125
srv-004,2017-06-24 02:00:00,65.86279296875
srv-004,2017-06-24 03:00:00,67.61458587646484
srv-004,2017-06-24 04:00:00,70.06204223632812
srv-004,2017-06-24 05:00:00,65.76376342773438
srv-004,2017-06-24 06:00:00,59.80416488647461
srv-004,2017-06-24 07:00:00,60.12232208251953
srv-004,2017-06-24 08:00:00,62.945556640625
srv-004,2017-06-24 09:00:00,63.38258743286133
srv-004,2017-06-24 10:00:00,64.99293518066406
srv-004,2017-06-24 11:00:00,68.0088119506836
srv-004,2017-06-24 12:00:00,67.88448333740234
srv-004,2017-06-24 13:00:00,64.24275207519531
srv-004,2017-06-24 14:00:00,61.03551483154297
srv-004,2017-06-24 15:00:00,63.017433166503906
srv-004,2017-06-24 16:00:00,63.983970642089844
srv-004,2017-06-24 17:00:00,66.17969512939453
srv-004,2017-06-24 18:00:00,67.82463836669922
srv-004,2017-06-24 19:00:00,67.24514770507812
srv-004,2017-06-24 20:00:00,61.83836364746094
srv-004,2017-06-24 21:00:00,64.25566864013672
srv-004,2017-06-24 22:00:00,63.81553268432617
srv-004,2017-06-24 23:00:00,58.93372344970703
srv-004,2017-06-25 00:00:00,58.365177154541016
srv-004,2017-06-25 01:00:00,56.46760559082031
srv-004,2017-06-25 02:00:00,55.71355438232422
srv-004,2017-06-25 03:00:00,56.64801025390625
srv-004,2017-06-25 04:00:00,57.3094367980957
srv-004,2017-06-25 05:00:00,55.10124969482422
srv-004,2017-06-25 06:00:00,54.91680145263672
srv-004,2017-06-25 07:00:00,54.54681396484375
srv-004,2017-06-25 08:00:00,53.152183532714844
srv-004,2017-06-25 09:00:00,56.59241485595703
srv-004,2017-06-25 10:00:00,56.574405670166016
srv-004,2017-06-25 11:00:00,60.659210205078125
srv-004,2017-06-25 12:00:00,60.98754119873047
srv-004,2017-06-25 13:00:00,62.03734588623047
srv-004,2017-06-25 14:00:00,60.26166915893555
srv-004,2017-06-25 15:00:00,64.615478515625
srv-004,2017-06-25 16:00:00,65.1492691040039
srv-004,2017-06-25 17:00:00,63.51122283935547
srv-004,2017-06-25 18:00:00,71.31635284423828
srv-004,2017-06-25 19:00:00,69.29694366455078
srv-004,2017-06-25 20:00:00,70.92720794677734
srv-004,2017-06-25 21:00:00,66.90000915527344
srv-004,2017-06-25 22:00:00,69.20230865478516
srv-004,2017-06-25 23:00:00,63.976505279541016
srv-004,2017-06-26 00:00:00,61.97113037109375
srv-004,2017-06-26 01:00:00,59.549537658691406
srv-004,2017-06-26 02:00:00,58.83366394042969
srv-004,2017-06-26 03:00:00,61.85612869262695
srv-004,2017-06-26 04:00:00,60.91225814819336
srv-004,2017-06-26 05:00:00,59.32358169555664
srv-004,2017-06-26 06:00:00,59.415855407714844
srv-004,2017-06-26 07:00:00,63.78469467163086
srv-004,2017-06-26 08:00:00,64.81878662109375
srv-004,2017-06-26 09:00:00,64.77283477783203
srv-004,2017-06-26 10:00:00,63.32954025268555
srv-004,2017-06-26 11:00:00,67.47529602050781
srv-004,2017-06-26 12:00:00,66.30294036865234
srv-004,2017-06-26 13:00:00,67.30060577392578
srv-004,2017-06-26 14:00:00,65.01394653320312
srv-004,2017-06-26 15:00:00,63.10689163208008
srv-004,2017-06-26 16:00:00,64.0411148071289
srv-004,2017-06-26 17:00:00,64.86968231201172
srv-004,2017-06-26 18:00:00,66.44627380371094
srv-004,2017-06-26 19:00:00,67.93408966064453
srv-004,2017-06-26 20:00:00,72.45110321044922
srv-004,2017-06-26 21:00:00,72.29083251953125
srv-004,2017-06-26 22:00:00,69.3240737915039
srv-004,2017-06-26 23:00:00,66.73200225830078
srv-004,2017-06-27 00:00:00,66.66719818115234
srv-004,2017-06-27 01:00:00,65.6292495727539
srv-004,2017-06-27 02:00:00,67.65495300292969
srv-004,2017-06-27 03:00:00,66.7110366821289
srv-004,2017-06-27 04:00:00,71.52616119384766
srv-004,2017-06-27 05:00:00,75.59225463867188
srv-004,2017-06-27 06:00:00,74.1169662475586
srv-004,2017-06-27 07:00:00,66.39936065673828
srv-004,2017-06-27 08:00:00,65.20499420166016
srv-004,2017-06-27 09:00:00,64.88047790527344
srv-004,2017-06-27 10:00:00,68.22897338867188
srv-004,2017-06-27 11:00:00,70.18904876708984
srv-004,2017-06-27 12:00:00,72.7806625366211
srv-004,2017-06-27 13:00:00,71.6457290649414
srv-004,2017-06-27 14:00:00,72.0488052368164
srv-004,2017-06-27 15:00:00,70.70092010498047
srv-004,2017-06-27 16:00:00,65.75506591796875
srv-004,2017-06-27 17:00:00,67.10999298095703
srv-004,2017-06-27 18:00:00,70.90462493896484
srv-004,2017-06-27 19:00:00,68.63445281982422
srv-004,2017-06-27 20:00:00,66.4140853881836
srv-004,2017-06-27 21:00:00,77.09191131591797
srv-004,2017-06-27 22:00:00,68.35360717773438
srv-004,2017-06-27 23:00:00,67.79804229736328
srv-004,2017-06-28 00:00:00,66.93584442138672
srv-004,2017-06-28 01:00:00,67.2007064819336
srv-004,2017-06-28 02:00:00,66.533935546875
srv-004,2017-06-28 03:00:00,64.83806610107422
srv-004,2017-06-28 04:00:00,64.72925567626953
srv-004,2017-06-28 05:00:00,70.27295684814453
srv-004,2017-06-28 06:00:00,70.22881317138672
srv-004,2017-06-28 07:00:00,71.24765014648438
srv-004,2017-06-28 08:00:00,66.80937194824219
srv-004,2017-06-28 09:00:00,63.96177673339844
srv-004,2017-06-28 10:00:00,60.7877082824707
srv-004,2017-06-28 11:00:00,63.25677490234375
srv-004,2017-06-28 12:00:00,66.57622528076172
srv-004,2017-06-28 13:00:00,65.52357482910156
srv-004,2017-06-28 14:00:00,68.88355255126953
srv-004,2017-06-28 15:00:00,67.10005950927734
srv-004,2017-06-28 16:00:00,64.33564758300781
srv-004,2017-06-28 17:00:00,64.66014862060547
srv-004,2017-06-28 18:00:00,66.71863555908203
srv-004,2017-06-28 19:00:00,66.09571075439453
srv-004,2017-06-28 20:00:00,65.43560028076172
srv-004,2017-06-28 21:00:00,63.392486572265625
srv-004,2017-06-28 22:00:00,65.34785461425781
srv-004,2017-06-28 23:00:00,65.29170989990234
srv-004,2017-06-29 00:00:00,64.16992950439453
srv-004,2017-06-29 01:00:00,64.6028060913086
srv-004,2017-06-29 02:00:00,59.23211669921875
srv-004,2017-06-29 03:00:00,61.2067985534668
srv-004,2017-06-29 04:00:00,65.88411712646484
srv-004,2017-06-29 05:00:00,64.98683166503906
srv-004,2017-06-29 06:00:00,61.03607940673828
srv-004,2017-06-29 07:00:00,62.749671936035156
srv-004,2017-06-29 08:00:00,63.72230529785156
srv-004,2017-06-29 09:00:00,63.101463317871094
srv-004,2017-06-29 10:00:00,60.516788482666016
srv-004,2017-06-29 11:00:00,60.05459976196289
srv-004,2017-06-29 12:00:00,61.30947494506836
srv-004,2017-06-29 13:00:00,61.0851936340332
srv-004,2017-06-29 14:00:00,67.02298736572266
srv-004,2017-06-29 15:00:00,64.95260620117188
srv-004,2017-06-29 16:00:00,62.39006042480469
srv-004,2017-06-29 17:00:00,66.38258361816406
srv-004,2017-06-29 18:00:00,64.55281066894531
srv-004,2017-06-29 19:00:00,69.1980209350586
srv-004,2017-06-29 20:00:00,64.66210174560547
srv-004,2017-06-29 21:00:00,57.32536315917969
srv-004,2017-06-29 22:00:00,56.60360336303711
srv-004,2017-06-29 23:00:00,58.02098846435547
srv-004,2017-06-30 00:00:00,61.267513275146484
srv-004,2017-06-30 01:00:00,65.46208953857422
srv-004,2017-06-30 02:00:00,67.29093933105469
srv-004,2017-06-30 03:00:00,64.90895080566406
srv-004,2017-06-30 04:00:00,66.05703735351562
srv-004,2017-06-30 05:00:00,65.00868225097656
srv-004,2017-06-30 06:00:00,62.75672912597656
srv-004,2017-06-30 07:00:00,62.40496826171875
srv-004,2017-06-30 08:00:00,59.692039489746094
srv-004,2017-06-30 09:00:00,57.58158874511719
srv-004,2017-06-30 10:00:00,57.938995361328125
srv-004,2017-06-30 11:00:00,58.452919006347656
srv-004,2017-06-30 12:00:00,59.91017532348633
srv-004,2017-06-30 13:00:00,57.320701599121094
srv-004,2017-06-30 14:00:00,58.47407150268555
srv-004,2017-06-30 15:00:00,59.836669921875
srv-004,2017-06-30 16:00:00,61.51503372192383
srv-004,2017-06-30 17:00:00,63.703067779541016
srv-004,2017-06-30 18:00:00,63.46902847290039
srv-004,2017-06-30 19:00:00,62.282840728759766
srv-004,2017-06-30 20:00:00,63.8226318359375
srv-004,2017-06-30 21:00:00,59.74744415283203
srv-004,2017-06-30 22:00:00,60.38951873779297
srv-004,2017-06-30 23:00:00,60.17788314819336
srv-005,2017-06-01 23:00:00,41.370826721191406
srv-005,2017-06-02 00:00:00,44.12260818481445
srv-005,2017-06-02 01:00:00,45.51158905029297
srv-005,2017-06-02 02:00:00,44.41216278076172
srv-005,2017-06-02 03:00:00,43.63646697998047
srv-005,2017-06-02 04:00:00,42.60338592529297
srv-005,2017-06-02 05:00:00,43.203739166259766
srv-005,2017-06-02 06:00:00,43.11836242675781
srv-005,2017-06-02 07:00:00,42.28434753417969
srv-005,2017-06-02 08:00:00,42.80873107910156
srv-005,2017-06-02 09:00:00,42.238311767578125
srv-005,2017-06-02 10:00:00,42.712677001953125
srv-005,2017-06-02 11:00:00,43.916603088378906
srv-005,2017-06-02 12:00:00,41.762535095214844
srv-005,2017-06-02 13:00:00,42.161319732666016
srv-005,2017-06-02 14:00:00,42.68044662475586
srv-005,2017-06-02 15:00:00,42.52012252807617
srv-005,2017-06-02 16:00:00,42.82711410522461
srv-005,2017-06-02 17:00:00,45.26492691040039
srv-005,2017-06-02 18:00:00,43.59197235107422
srv-005,2017-06-02 19:00:00,42.62516784667969
srv-005,2017-06-02 20:00:00,42.7033805847168
srv-005,2017-06-02 21:00:00,41.392303466796875
srv-005,2017-06-02 22:00:00,42.19589614868164
srv-005,2017-06-02 23:00:00,41.81489562988281
srv-005,2017-06-03 00:00:00,42.22053527832031
srv-005,2017-06-03 01:00:00,43.874671936035156
srv-005,2017-06-03 02:00:00,42.80949020385742
srv-005,2017-06-03 03:00:00,42.363037109375
srv-005,2017-06-03 04:00:00,42.857887268066406
srv-005,2017-06-03 05:00:00,42.84382629394531
srv-005,2017-06-03 06:00:00,42.69822311401367
srv-005,2017-06-03 07:00:00,43.141639709472656
srv-005,2017-06-03 08:00:00,43.58689880371094
srv-005,2017-06-03 09:00:00,42.67026901245117
srv-005,2017-06-03 10:00:00,44.494998931884766
srv-005,2017-06-03 11:00:00,44.99546432495117
srv-005,2017-06-03 12:00:00,45.20524597167969
srv-005,2017-06-03 13:00:00,45.17791748046875
srv-005,2017-06-03 14:00:00,45.390411376953125
srv-005,2017-06-03 15:00:00,44.89766311645508
srv-005,2017-06-03 16:00:00,44.68235778808594
srv-005,2017-06-03 17:00:00,43.940452575683594
srv-005,2017-06-03 18:00:00,44.279296875
srv-005,2017-06-03 19:00:00,49.087921142578125
srv-005,2017-06-03 20:00:00,47.052879333496094
srv-005,2017-06-03 21:00:00,45.808631896972656
srv-005,2017-06-03 22:00:00,43.926334381103516
srv-005,2017-06-03 23:00:00,44.22001647949219
srv-005,2017-06-04 00:00:00,44.71518325805664
srv-005,2017-06-04 01:00:00,44.88709259033203
srv-005,2017-06-04 02:00:00,44.321632385253906
srv-005,2017-06-04 03:00:00,44.246726989746094
srv-005,2017-06-04 04:00:00,45.04708480834961
srv-005,2017-06-04 05:00:00,44.97514343261719
srv-005,2017-06-04 06:00:00,45.107521057128906
srv-005,2017-06-04 07:00:00,44.479400634765625
srv-005,2017-06-04 08:00:00,44.53353500366211
srv-005,2017-06-04 09:00:00,43.690738677978516
srv-005,2017-06-04 10:00:00,43.379722595214844
srv-005,2017-06-04 11:00:00,43.80697250366211
srv-005,2017-06-04 12:00:00,43.560523986816406
srv-005,2017-06-04 13:00:00,44.217041015625
srv-005,2017-06-04 14:00:00,43.45122146606445
srv-005,2017-06-04 15:00:00,43.83966827392578
srv-005,2017-06-04 16:00:00,44.06589126586914
srv-005,2017-06-04 17:00:00,43.996482849121094
srv-005,2017-06-04 18:00:00,43.17992401123047
srv-005,2017-06-04 19:00:00,43.66874313354492
srv-005,2017-06-04 20:00:00,43.74030303955078
srv-005,2017-06-04 21:00:00,43.60753631591797
srv-005,2017-06-04 22:00:00,43.715599060058594
srv-005,2017-06-04 23:00:00,43.76173400878906
srv-005,2017-06-05 00:00:00,40.56694412231445
srv-005,2017-06-05 01:00:00,41.716156005859375
srv-005,2017-06-05 02:00:00,41.795040130615234
srv-005,2017-06-05 03:00:00,42.42512130737305
srv-005,2017-06-05 04:00:00,42.663291931152344
srv-005,2017-06-05 05:00:00,42.17488098144531
srv-005,2017-06-05 06:00:00,43.57514190673828
srv-005,2017-06-05 07:00:00,44.179283142089844
srv-005,2017-06-05 08:00:00,43.06451416015625
srv-005,2017-06-05 09:00:00,44.14136505126953
srv-005,2017-06-05 10:00:00,44.38665771484375
srv-005,2017-06-05 11:00:00,44.60817337036133
srv-005,2017-06-05 12:00:00,45.389801025390625
srv-005,2017-06-05 13:00:00,44.126686096191406
srv-005,2017-06-05 14:00:00,46.45325469970703
srv-005,2017-06-05 15:00:00,45.057029724121094
srv-005,2017-06-05 16:00:00,45.639404296875
srv-005,2017-06-05 17:00:00,45.433929443359375
srv-005,2017-06-05 18:00:00,44.819095611572266
srv-005,2017-06-05 19:00:00,45.44129943847656
srv-005,2017-06-05 20:00:00,44.66558837890625
srv-005,2017-06-05 21:00:00,44.99679946899414
srv-005,2017-06-05 22:00:00,44.49714660644531
srv-005,2017-06-05 23:00:00,44.63320541381836
srv-005,2017-06-06 00:00:00,44.598697662353516
srv-005,2017-06-06 01:00:00,45.41210174560547
srv-005,2017-06-06 02:00:00,45.104583740234375
srv-005,2017-06-06 03:00:00,44.94096374511719
srv-005,2017-06-06 04:00:00,46.569618225097656
srv-005,2017-06-06 05:00:00,45.11030960083008
srv-005,2017-06-06 06:00:00,46.483726501464844
srv-005,2017-06-06 07:00:00,45.52602005004883
srv-005,2017-06-06 08:00:00,45.95977020263672
srv-005,2017-06-06 09:00:00,45.12548065185547
srv-005,2017-06-06 10:00:00,44.987518310546875
srv-005,2017-06-06 11:00:00,44.16569900512695
srv-005,2017-06-06 12:00:00,45.756866455078125
srv-005,2017-06-06 13:00:00,46.62889862060547
srv-005,2017-06-06 14:00:00,44.983551025390625
srv-005,2017-06-06 15:00:00,45.44845199584961
srv-005,2017-06-06 16:00:00,44.558311462402344
srv-005,2017-06-06 17:00:00,45.19451904296875
srv-005,2017-06-06 18:00:00,44.51387023925781
srv-005,2017-06-06 19:00:00,44.896419525146484
srv-005,2017-06-06 20:00:00,44.26565933227539
srv-005,2017-06-06 21:00:00,44.53565979003906
srv-005,2017-06-06 22:00:00,45.111656188964844
srv-005,2017-06-06 23:00:00,44.4422607421875
srv-005,2017-06-07 00:00:00,44.99864959716797
srv-005,2017-06-07 01:00:00,45.923057556152344
srv-005,2017-06-07 02:00:00,44.679134368896484
srv-005,2017-06-07 03:00:00,45.783756256103516
srv-005,2017-06-07 04:00:00,44.7418327331543
srv-005,2017-06-07 05:00:00,44.93499755859375
srv-005,2017-06-07 06:00:00,44.36219787597656
srv-005,2017-06-07 07:00:00,45.314674377441406
srv-005,2017-06-07 08:00:00,44.38347625732422
srv-005,2017-06-07 09:00:00,44.851341247558594
srv-005,2017-06-07 10:00:00,44.84236145019531
srv-005,2017-06-07 11:00:00,45.938838958740234
srv-005,2017-06-07 12:00:00,45.377681732177734
srv-005,2017-06-07 13:00:00,44.16634750366211
srv-005,2017-06-07 14:00:00,45.127281188964844
srv-005,2017-06-07 15:00:00,46.346336364746094
srv-005,2017-06-07 16:00:00,45.171634674072266
srv-005,2017-06-07 17:00:00,45.28307342529297
srv-005,2017-06-07 18:00:00,44.758140563964844
srv-005,2017-06-07 19:00:00,44.023338317871094
srv-005,2017-06-07 20:00:00,43.74500274658203
srv-005,2017-06-07 21:00:00,44.14319610595703
srv-005,2017-06-07 22:00:00,43.21746826171875
srv-005,2017-06-07 23:00:00,44.01121139526367
srv-005,2017-06-08 00:00:00,44.38575744628906
srv-005,2017-06-08 01:00:00,45.86504364013672
srv-005,2017-06-08 02:00:00,45.10456085205078
srv-005,2017-06-08 03:00:00,44.346595764160156
srv-005,2017-06-08 04:00:00,44.76399230957031
srv-005,2017-06-08 05:00:00,43.916229248046875
srv-005,2017-06-08 06:00:00,44.82863235473633
srv-005,2017-06-08 07:00:00,44.85374450683594
srv-005,2017-06-08 08:00:00,44.21759796142578
srv-005,2017-06-08 09:00:00,44.56816864013672
srv-005,2017-06-08 10:00:00,45.07722091674805
srv-005,2017-06-08 11:00:00,44.28211975097656
srv-005,2017-06-08 12:00:00,43.98181915283203
srv-005,2017-06-08 13:00:00,43.01542663574219
srv-005,2017-06-08 14:00:00,43.931671142578125
srv-005,2017-06-08 15:00:00,43.161354064941406
srv-005,2017-06-08 16:00:00,43.310386657714844
srv-005,2017-06-08 17:00:00,48.65074920654297
srv-005,2017-06-08 18:00:00,47.28607177734375
srv-005,2017-06-08 19:00:00,44.97123718261719
srv-005,2017-06-08 20:00:00,44.91542053222656
srv-005,2017-06-08 21:00:00,43.06113052368164
srv-005,2017-06-08 22:00:00,43.60443878173828
srv-005,2017-06-08 23:00:00,43.496498107910156
srv-005,2017-06-09 00:00:00,43.66858673095703
srv-005,2017-06-09 01:00:00,42.46432876586914
srv-005,2017-06-09 02:00:00,43.47766876220703
srv-005,2017-06-09 03:00:00,43.73578643798828
srv-005,2017-06-09 04:00:00,43.0481071472168
srv-005,2017-06-09 05:00:00,43.669490814208984
srv-005,2017-06-09 06:00:00,42.91645812988281
srv-005,2017-06-09 07:00:00,42.906044006347656
srv-005,2017-06-09 08:00:00,42.71751403808594
srv-005,2017-06-09 09:00:00,43.2120361328125
srv-005,2017-06-09 10:00:00,42.750282287597656
srv-005,2017-06-09 11:00:00,42.519439697265625
srv-005,2017-06-09 12:00:00,43.13276672363281
srv-005,2017-06-09 13:00:00,44.26605987548828
srv-005,2017-06-09 14:00:00,43.59941482543945
srv-005,2017-06-09 15:00:00,43.28996658325195
srv-005,2017-06-09 16:00:00,42.296363830566406
srv-005,2017-06-09 17:00:00,42.73556900024414
srv-005,2017-06-09 18:00:00,43.50441360473633
srv-005,2017-06-09 19:00:00,42.93043518066406
srv-005,2017-06-09 20:00:00,42.855140686035156
srv-005,2017-06-09 21:00:00,43.8690185546875
srv-005,2017-06-09 22:00:00,42.99354553222656
srv-005,2017-06-09 23:00:00,42.55414962768555
srv-005,2017-06-10 00:00:00,42.6964111328125
srv-005,2017-06-10 01:00:00,42.73004913330078
srv-005,2017-06-10 02:00:00,44.65342712402344
srv-005,2017-06-10 03:00:00,43.751670837402344
srv-005,2017-06-10 04:00:00,42.822078704833984
srv-005,2017-06-10 05:00:00,42.74793243408203
srv-005,2017-06-10 06:00:00,42.01060485839844
srv-005,2017-06-10 07:00:00,43.02450942993164
srv-005,2017-06-10 08:00:00,44.231971740722656
srv-005,2017-06-10 09:00:00,42.6856689453125
srv-005,2017-06-10 10:00:00,43.146183013916016
srv-005,2017-06-10 11:00:00,43.523624420166016
srv-005,2017-06-10 12:00:00,44.329620361328125
srv-005,2017-06-10 13:00:00,45.14495086669922
srv-005,2017-06-10 14:00:00,44.74019241333008
srv-005,2017-06-10 15:00:00,46.18424606323242
srv-005,2017-06-10 16:00:00,45.24212646484375
srv-005,2017-06-10 17:00:00,45.50672912597656
srv-005,2017-06-10 18:00:00,44.798030853271484
srv-005,2017-06-10 19:00:00,44.606842041015625
srv-005,2017-06-10 20:00:00,44.55147933959961
srv-005,2017-06-10 21:00:00,44.709712982177734
srv-005,2017-06-10 22:00:00,44.41094970703125
srv-005,2017-06-10 23:00:00,44.78752136230469
srv-005,2017-06-11 00:00:00,43.97089385986328
srv-005,2017-06-11 01:00:00,44.9482536315918
srv-005,2017-06-11 02:00:00,44.70526885986328
srv-005,2017-06-11 03:00:00,44.691524505615234
srv-005,2017-06-11 04:00:00,43.70924377441406
srv-005,2017-06-11 05:00:00,44.49667739868164
srv-005,2017-06-11 06:00:00,43.735801696777344
srv-005,2017-06-11 07:00:00,43.974037170410156
srv-005,2017-06-11 08:00:00,44.46182632446289
srv-005,2017-06-11 09:00:00,44.45237731933594
srv-005,2017-06-11 10:00:00,44.84038543701172
srv-005,2017-06-11 11:00:00,44.302101135253906
srv-005,2017-06-11 12:00:00,44.573143005371094
srv-005,2017-06-11 13:00:00,45.64422607421875
srv-005,2017-06-11 14:00:00,45.245689392089844
srv-005,2017-06-11 15:00:00,44.56370544433594
srv-005,2017-06-11 16:00:00,43.718441009521484
srv-005,2017-06-11 17:00:00,43.610084533691406
srv-005,2017-06-11 18:00:00,43.77909851074219
srv-005,2017-06-11 19:00:00,42.98828125
srv-005,2017-06-11 20:00:00,44.24149703979492
srv-005,2017-06-11 21:00:00,43.79334259033203
srv-005,2017-06-11 22:00:00,43.68047332763672
srv-005,2017-06-11 23:00:00,44.018348693847656
srv-005,2017-06-12 00:00:00,40.14573669433594
srv-005,2017-06-12 01:00:00,41.85128402709961
srv-005,2017-06-12 02:00:00,41.222774505615234
srv-005,2017-06-12 03:00:00,43.885276794433594
srv-005,2017-06-12 04:00:00,42.53550720214844
srv-005,2017-06-12 05:00:00,44.600521087646484
srv-005,2017-06-12 06:00:00,44.811222076416016
srv-005,2017-06-12 07:00:00,44.08285903930664
srv-005,2017-06-12 08:00:00,44.67913055419922
srv-005,2017-06-12 09:00:00,43.90194320678711
srv-005,2017-06-12 10:00:00,43.61290740966797
srv-005,2017-06-12 11:00:00,44.365997314453125
srv-005,2017-06-12 12:00:00,44.64382553100586
srv-005,2017-06-12 13:00:00,44.167999267578125
srv-005,2017-06-12 14:00:00,45.419090270996094
srv-005,2017-06-12 15:00:00,44.404144287109375
srv-005,2017-06-12 16:00:00,46.21238708496094
srv-005,2017-06-12 17:00:00,44.96771240234375
srv-005,2017-06-12 18:00:00,45.17634963989258
srv-005,2017-06-12 19:00:00,45.36376190185547
srv-005,2017-06-12 20:00:00,44.56818389892578
srv-005,2017-06-12 21:00:00,45.25597381591797
srv-005,2017-06-12 22:00:00,44.56482696533203
srv-005,2017-06-12 23:00:00,44.83195877075195
srv-005,2017-06-13 00:00:00,46.03788375854492
srv-005,2017-06-13 01:00:00,45.75537109375
srv-005,2017-06-13 02:00:00,45.122047424316406
srv-005,2017-06-13 03:00:00,45.09923553466797
srv-005,2017-06-13 04:00:00,45.42232894897461
srv-005,2017-06-13 05:00:00,45.505828857421875
srv-005,2017-06-13 06:00:00,44.98738098144531
srv-005,2017-06-13 07:00:00,45.210960388183594
srv-005,2017-06-13 08:00:00,45.78602600097656
srv-005,2017-06-13 09:00:00,45.38671875
srv-005,2017-06-13 10:00:00,44.94413375854492
srv-005,2017-06-13 11:00:00,44.67375564575195
srv-005,2017-06-13 12:00:00,45.37803649902344
srv-005,2017-06-13 13:00:00,44.6870231628418
srv-005,2017-06-13 14:00:00,44.37593078613281
srv-005,2017-06-13 15:00:00,45.33599090576172
srv-005,2017-06-13 16:00:00,45.197139739990234
srv-005,2017-06-13 17:00:00,44.97449493408203
srv-005,2017-06-13 18:00:00,45.459136962890625
srv-005,2017-06-13 19:00:00,44.29079818725586
srv-005,2017-06-13 20:00:00,45.61647033691406
srv-005,2017-06-13 21:00:00,44.415706634521484
srv-005,2017-06-13 22:00:00,44.19212341308594
srv-005,2017-06-13 23:00:00,45.80152893066406
srv-005,2017-06-14 00:00:00,45.48695755004883
srv-005,2017-06-14 01:00:00,45.81476593017578
srv-005,2017-06-14 02:00:00,44.714595794677734
srv-005,2017-06-14 03:00:00,45.64763641357422
srv-005,2017-06-14 04:00:00,43.76713562011719
srv-005,2017-06-14 05:00:00,44.760372161865234
srv-005,2017-06-14 06:00:00,45.07569122314453
srv-005,2017-06-14 07:00:00,44.8203010559082
srv-005,2017-06-14 08:00:00,45.2327766418457
srv-005,2017-06-14 09:00:00,44.59823989868164
srv-005,2017-06-14 10:00:00,44.930335998535156
srv-005,2017-06-14 11:00:00,43.915191650390625
srv-005,2017-06-14 12:00:00,43.791893005371094
srv-005,2017-06-14 13:00:00,43.44718933105469
srv-005,2017-06-14 14:00:00,44.08707046508789
srv-005,2017-06-14 15:00:00,42.84507751464844
srv-005,2017-06-14 16:00:00,44.54825210571289
srv-005,2017-06-14 17:00:00,44.082664489746094
srv-005,2017-06-14 18:00:00,43.92690658569336
srv-005,2017-06-14 19:00:00,45.20075988769531
srv-005,2017-06-14 20:00:00,44.370887756347656
srv-005,2017-06-14 21:00:00,44.58556365966797
srv-005,2017-06-14 22:00:00,43.95138168334961
srv-005,2017-06-14 23:00:00,43.369873046875
srv-005,2017-06-15 00:00:00,43.88249206542969
srv-005,2017-06-15 01:00:00,43.980010986328125
srv-005,2017-06-15 02:00:00,44.166690826416016
srv-005,2017-06-15 03:00:00,43.387081146240234
srv-005,2017-06-15 04:00:00,43.55831527709961
srv-005,2017-06-15 05:00:00,43.22280502319336
srv-005,2017-06-15 06:00:00,46.218994140625
srv-005,2017-06-15 07:00:00,45.03670883178711
srv-005,2017-06-15 08:00:00,44.74475860595703
srv-005,2017-06-15 09:00:00,45.04728317260742
srv-005,2017-06-15 10:00:00,44.544063568115234
srv-005,2017-06-15 11:00:00,44.401512145996094
srv-005,2017-06-15 12:00:00,43.378665924072266
srv-005,2017-06-15 13:00:00,43.188011169433594
srv-005,2017-06-15 14:00:00,43.18482971191406
srv-005,2017-06-15 15:00:00,43.362022399902344
srv-005,2017-06-15 16:00:00,44.937591552734375
srv-005,2017-06-15 17:00:00,44.59342956542969
srv-005,2017-06-15 18:00:00,44.75148391723633
srv-005,2017-06-15 19:00:00,44.525028228759766
srv-005,2017-06-15 20:00:00,44.449832916259766
srv-005,2017-06-15 21:00:00,44.17660903930664
srv-005,2017-06-15 22:00:00,43.627708435058594
srv-005,2017-06-15 23:00:00,43.60043716430664
srv-005,2017-06-16 00:00:00,44.96895980834961
srv-005,2017-06-16 01:00:00,43.845584869384766
srv-005,2017-06-16 02:00:00,43.699520111083984
srv-005,2017-06-16 03:00:00,43.331077575683594
srv-005,2017-06-16 04:00:00,42.7044677734375
srv-005,2017-06-16 05:00:00,43.41570281982422
srv-005,2017-06-16 06:00:00,43.43315887451172
srv-005,2017-06-16 07:00:00,44.267051696777344
srv-005,2017-06-16 08:00:00,44.34619140625
srv-005,2017-06-16 09:00:00,43.86796188354492
srv-005,2017-06-16 10:00:00,44.029502868652344
srv-005,2017-06-16 11:00:00,44.13802719116211
srv-005,2017-06-16 12:00:00,43.43196105957031
srv-005,2017-06-16 13:00:00,42.78111267089844
srv-005,2017-06-16 14:00:00,42.74536895751953
srv-005,2017-06-16 15:00:00,41.857452392578125
srv-005,2017-06-16 16:00:00,42.31278991699219
srv-005,2017-06-16 17:00:00,41.38994598388672
srv-005,2017-06-16 18:00:00,41.6302490234375
srv-005,2017-06-16 19:00:00,42.482608795166016
srv-005,2017-06-16 20:00:00,41.94993209838867
srv-005,2017-06-16 21:00:00,43.38894271850586
srv-005,2017-06-16 22:00:00,42.65906524658203
srv-005,2017-06-16 23:00:00,43.0610466003418
srv-005,2017-06-17 00:00:00,45.286354064941406
srv-005,2017-06-17 01:00:00,43.82313537597656
srv-005,2017-06-17 02:00:00,43.47460174560547
srv-005,2017-06-17 03:00:00,42.97671127319336
srv-005,2017-06-17 04:00:00,42.47349548339844
srv-005,2017-06-17 05:00:00,43.23748016357422
srv-005,2017-06-17 06:00:00,42.652679443359375
srv-005,2017-06-17 07:00:00,42.81958770751953
srv-005,2017-06-17 08:00:00,43.049224853515625
srv-005,2017-06-17 09:00:00,44.35653305053711
srv-005,2017-06-17 10:00:00,43.54095458984375
srv-005,2017-06-17 11:00:00,43.38048553466797
srv-005,2017-06-17 12:00:00,43.971153259277344
srv-005,2017-06-17 13:00:00,45.129547119140625
srv-005,2017-06-17 14:00:00,45.75896453857422
srv-005,2017-06-17 15:00:00,45.505210876464844
srv-005,2017-06-17 16:00:00,45.68743896484375
srv-005,2017-06-17 17:00:00,45.25721740722656
srv-005,2017-06-17 18:00:00,45.16755676269531
srv-005,2017-06-17 19:00:00,45.693634033203125
srv-005,2017-06-17 20:00:00,46.09442138671875
srv-005,2017-06-17 21:00:00,44.7855339050293
srv-005,2017-06-17 22:00:00,44.6702880859375
srv-005,2017-06-17 23:00:00,44.63023376464844
srv-005,2017-06-18 00:00:00,45.20084762573242
srv-005,2017-06-18 01:00:00,45.830589294433594
srv-005,2017-06-18 02:00:00,45.30927276611328
srv-005,2017-06-18 03:00:00,45.254886627197266
srv-005,2017-06-18 04:00:00,44.19959259033203
srv-005,2017-06-18 05:00:00,44.157325744628906
srv-005,2017-06-18 06:00:00,44.495853424072266
srv-005,2017-06-18 07:00:00,44.27174377441406
srv-005,2017-06-18 08:00:00,44.78245162963867
srv-005,2017-06-18 09:00:00,44.15747833251953
srv-005,2017-06-18 10:00:00,44.38872528076172
srv-005,2017-06-18 11:00:00,45.92999267578125
srv-005,2017-06-18 12:00:00,44.34327697753906
srv-005,2017-06-18 13:00:00,44.33008575439453
srv-005,2017-06-18 14:00:00,45.107887268066406
srv-005,2017-06-18 15:00:00,44.27808380126953
srv-005,2017-06-18 16:00:00,44.95600509643555
srv-005,2017-06-18 17:00:00,45.30534744262695
srv-005,2017-06-18 18:00:00,45.75336456298828
srv-005,2017-06-18 19:00:00,45.39032745361328
srv-005,2017-06-18 20:00:00,44.524131774902344
srv-005,2017-06-18 21:00:00,45.59327697753906
srv-005,2017-06-18 22:00:00,45.55226135253906
srv-005,2017-06-18 23:00:00,45.50261688232422
srv-005,2017-06-19 00:00:00,41.157073974609375
srv-005,2017-06-19 01:00:00,42.622222900390625
srv-005,2017-06-19 02:00:00,43.1522331237793
srv-005,2017-06-19 03:00:00,42.96564483642578
srv-005,2017-06-19 04:00:00,43.20866394042969
srv-005,2017-06-19 05:00:00,42.965938568115234
srv-005,2017-06-19 06:00:00,45.707008361816406
srv-005,2017-06-19 07:00:00,44.07178497314453
srv-005,2017-06-19 08:00:00,45.55647277832031
srv-005,2017-06-19 09:00:00,45.36516571044922
srv-005,2017-06-19 10:00:00,45.348533630371094
srv-005,2017-06-19 11:00:00,44.96714401245117
srv-005,2017-06-19 12:00:00,44.748435974121094
srv-005,2017-06-19 13:00:00,44.65512466430664
srv-005,2017-06-19 14:00:00,44.33396530151367
srv-005,2017-06-19 15:00:00,44.83163070678711
srv-005,2017-06-19 16:00:00,44.638427734375
srv-005,2017-06-19 17:00:00,44.157875061035156
srv-005,2017-06-19 18:00:00,44.74171829223633
srv-005,2017-06-19 19:00:00,44.549530029296875
srv-005,2017-06-19 20:00:00,43.95830535888672
srv-005,2017-06-19 21:00:00,45.353511810302734
srv-005,2017-06-19 22:00:00,43.97835922241211
srv-005,2017-06-19 23:00:00,43.786865234375
srv-005,2017-06-20 00:00:00,45.08802795410156
srv-005,2017-06-20 01:00:00,47.728965759277344
srv-005,2017-06-20 02:00:00,46.98733139038086
srv-005,2017-06-20 03:00:00,46.636566162109375
srv-005,2017-06-20 04:00:00,46.47040557861328
srv-005,2017-06-20 05:00:00,46.33770751953125
srv-005,2017-06-20 06:00:00,45.981597900390625
srv-005,2017-06-20 07:00:00,45.746944427490234
srv-005,2017-06-20 08:00:00,45.254638671875
srv-005,2017-06-20 09:00:00,44.803001403808594
srv-005,2017-06-20 10:00:00,45.0010986328125
srv-005,2017-06-20 11:00:00,44.47791290283203
srv-005,2017-06-20 12:00:00,44.647064208984375
srv-005,2017-06-20 13:00:00,43.667388916015625
srv-005,2017-06-20 14:00:00,44.41271209716797
srv-005,2017-06-20 15:00:00,43.59383773803711
srv-005,2017-06-20 16:00:00,44.17495346069336
srv-005,2017-06-20 17:00:00,45.35844802856445
srv-005,2017-06-20 18:00:00,46.01177215576172
srv-005,2017-06-20 19:00:00,45.1998291015625
srv-005,2017-06-20 20:00:00,45.09274673461914
srv-005,2017-06-20 21:00:00,45.138633728027344
srv-005,2017-06-20 22:00:00,44.7431526184082
srv-005,2017-06-20 23:00:00,46.30586242675781
srv-005,2017-06-21 00:00:00,45.627891540527344
srv-005,2017-06-21 01:00:00,44.94741439819336
srv-005,2017-06-21 02:00:00,45.36027526855469
srv-005,2017-06-21 03:00:00,45.46300506591797
srv-005,2017-06-21 04:00:00,44.45939636230469
srv-005,2017-06-21 05:00:00,44.7369384765625
srv-005,2017-06-21 06:00:00,43.7725830078125
srv-005,2017-06-21 07:00:00,43.971435546875
srv-005,2017-06-21 08:00:00,44.33236312866211
srv-005,2017-06-21 09:00:00,46.43008804321289
srv-005,2017-06-21 10:00:00,45.18016815185547
srv-005,2017-06-21 11:00:00,45.627891540527344
srv-005,2017-06-21 12:00:00,45.3169059753418
srv-005,2017-06-21 13:00:00,45.23263931274414
srv-005,2017-06-21 14:00:00,44.80385208129883
srv-005,2017-06-21 15:00:00,44.64989471435547
srv-005,2017-06-21 16:00:00,44.622535705566406
srv-005,2017-06-21 17:00:00,43.365562438964844
srv-005,2017-06-21 18:00:00,44.15951156616211
srv-005,2017-06-21 19:00:00,43.812320709228516
srv-005,2017-06-21 20:00:00,42.55603790283203
srv-005,2017-06-21 21:00:00,42.602115631103516
srv-005,2017-06-21 22:00:00,43.7469596862793
srv-005,2017-06-21 23:00:00,42.3226203918457
srv-005,2017-06-22 00:00:00,43.72917556762695
srv-005,2017-06-22 01:00:00,42.90699005126953
srv-005,2017-06-22 02:00:00,42.443450927734375
srv-005,2017-06-22 03:00:00,44.527626037597656
srv-005,2017-06-22 04:00:00,43.46943283081055
srv-005,2017-06-22 05:00:00,45.335575103759766
srv-005,2017-06-22 06:00:00,44.38903045654297
srv-005,2017-06-22 07:00:00,44.2154426574707
srv-005,2017-06-22 08:00:00,44.24200439453125
srv-005,2017-06-22 09:00:00,42.89739990234375
srv-005,2017-06-22 10:00:00,43.600807189941406
srv-005,2017-06-22 11:00:00,42.86318588256836
srv-005,2017-06-22 12:00:00,42.480690002441406
srv-005,2017-06-22 13:00:00,42.028411865234375
srv-005,2017-06-22 14:00:00,42.47450256347656
srv-005,2017-06-22 15:00:00,42.23237609863281
srv-005,2017-06-22 16:00:00,42.19694519042969
srv-005,2017-06-22 17:00:00,42.294166564941406
srv-005,2017-06-22 18:00:00,42.233585357666016
srv-005,2017-06-22 19:00:00,42.29425048828125
srv-005,2017-06-22 20:00:00,43.51275634765625
srv-005,2017-06-22 21:00:00,42.82184600830078
srv-005,2017-06-22 22:00:00,42.635948181152344
srv-005,2017-06-22 23:00:00,43.284603118896484
srv-005,2017-06-23 00:00:00,42.977378845214844
srv-005,2017-06-23 01:00:00,43.2930908203125
srv-005,2017-06-23 02:00:00,42.63206100463867
srv-005,2017-06-23 03:00:00,43.33434295654297
srv-005,2017-06-23 04:00:00,41.92866516113281
srv-005,2017-06-23 05:00:00,43.29520797729492
srv-005,2017-06-23 06:00:00,42.70621871948242
srv-005,2017-06-23 07:00:00,42.19251251220703
srv-005,2017-06-23 08:00:00,42.031734466552734
srv-005,2017-06-23 09:00:00,41.09690856933594
srv-005,2017-06-23 10:00:00,41.60810852050781
srv-005,2017-06-23 11:00:00,42.31813049316406
srv-005,2017-06-23 12:00:00,41.32486343383789
srv-005,2017-06-23 13:00:00,41.54228973388672
srv-005,2017-06-23 14:00:00,41.38386535644531
srv-005,2017-06-23 15:00:00,41.54015350341797
srv-005,2017-06-23 16:00:00,42.86768341064453
srv-005,2017-06-23 17:00:00,42.943389892578125
srv-005,2017-06-23 18:00:00,43.1488037109375
srv-005,2017-06-23 19:00:00,43.305423736572266
srv-005,2017-06-23 20:00:00,43.19570541381836
srv-005,2017-06-23 21:00:00,42.888919830322266
srv-005,2017-06-23 22:00:00,42.8193359375
srv-005,2017-06-23 23:00:00,41.81858825683594
srv-005,2017-06-24 00:00:00,43.07750701904297
srv-005,2017-06-24 01:00:00,44.110042572021484
srv-005,2017-06-24 02:00:00,44.058807373046875
srv-005,2017-06-24 03:00:00,44.20153045654297
srv-005,2017-06-24 04:00:00,43.67466354370117
srv-005,2017-06-24 05:00:00,43.526123046875
srv-005,2017-06-24 06:00:00,43.27253723144531
srv-005,2017-06-24 07:00:00,42.89219665527344
srv-005,2017-06-24 08:00:00,42.792022705078125
srv-005,2017-06-24 09:00:00,44.05082702636719
srv-005,2017-06-24 10:00:00,43.14764404296875
srv-005,2017-06-24 11:00:00,43.07549285888672
srv-005,2017-06-24 12:00:00,43.903770446777344
srv-005,2017-06-24 13:00:00,43.918548583984375
srv-005,2017-06-24 14:00:00,45.50877380371094
srv-005,2017-06-24 15:00:00,45.48810577392578
srv-005,2017-06-24 16:00:00,44.92586135864258
srv-005,2017-06-24 17:00:00,44.655052185058594
srv-005,2017-06-24 18:00:00,43.868507385253906
srv-005,2017-06-24 19:00:00,44.33183288574219
srv-005,2017-06-24 20:00:00,44.053321838378906
srv-005,2017-06-24 21:00:00,43.36643600463867
srv-005,2017-06-24 22:00:00,43.918182373046875
srv-005,2017-06-24 23:00:00,43.48026657104492
srv-005,2017-06-25 00:00:00,43.636165618896484
srv-005,2017-06-25 01:00:00,43.37632369995117
srv-005,2017-06-25 02:00:00,43.650596618652344
srv-005,2017-06-25 03:00:00,44.12979507446289
srv-005,2017-06-25 04:00:00,43.55733108520508
srv-005,2017-06-25 05:00:00,43.251407623291016
srv-005,2017-06-25 06:00:00,45.041595458984375
srv-005,2017-06-25 07:00:00,44.61243438720703
srv-005,2017-06-25 08:00:00,44.42252731323242
srv-005,2017-06-25 09:00:00,44.30778884887695
srv-005,2017-06-25 10:00:00,45.10291290283203
srv-005,2017-06-25 11:00:00,45.03314971923828
srv-005,2017-06-25 12:00:00,46.14558792114258
srv-005,2017-06-25 13:00:00,45.629615783691406
srv-005,2017-06-25 14:00:00,44.98186111450195
srv-005,2017-06-25 15:00:00,45.20676040649414
srv-005,2017-06-25 16:00:00,45.245628356933594
srv-005,2017-06-25 17:00:00,43.912689208984375
srv-005,2017-06-25 18:00:00,43.87567901611328
srv-005,2017-06-25 19:00:00,44.09406661987305
srv-005,2017-06-25 20:00:00,43.98211669921875
srv-005,2017-06-25 21:00:00,43.569297790527344
srv-005,2017-06-25 22:00:00,43.84693145751953
srv-005,2017-06-25 23:00:00,44.33505630493164
srv-005,2017-06-26 00:00:00,41.353031158447266
srv-005,2017-06-26 01:00:00,42.63728332519531
srv-005,2017-06-26 02:00:00,42.630245208740234
srv-005,2017-06-26 03:00:00,42.33208465576172
srv-005,2017-06-26 04:00:00,43.88594055175781
srv-005,2017-06-26 05:00:00,43.63401412963867
srv-005,2017-06-26 06:00:00,43.09307861328125
srv-005,2017-06-26 07:00:00,42.878379821777344
srv-005,2017-06-26 08:00:00,43.08164596557617
srv-005,2017-06-26 09:00:00,42.39472961425781
srv-005,2017-06-26 10:00:00,43.77775573730469
srv-005,2017-06-26 11:00:00,43.99073791503906
srv-005,2017-06-26 12:00:00,43.93098068237305
srv-005,2017-06-26 13:00:00,43.690460205078125
srv-005,2017-06-26 14:00:00,44.46263885498047
srv-005,2017-06-26 15:00:00,45.64371871948242
srv-005,2017-06-26 16:00:00,44.617286682128906
srv-005,2017-06-26 17:00:00,44.87844467163086
srv-005,2017-06-26 18:00:00,46.56855010986328
srv-005,2017-06-26 19:00:00,45.58719253540039
srv-005,2017-06-26 20:00:00,45.57394790649414
srv-005,2017-06-26 21:00:00,45.237693786621094
srv-005,2017-06-26 22:00:00,44.973262786865234
srv-005,2017-06-26 23:00:00,46.658897399902344
srv-005,2017-06-27 00:00:00,46.29991149902344
srv-005,2017-06-27 01:00:00,44.79676055908203
srv-005,2017-06-27 02:00:00,44.674068450927734
srv-005,2017-06-27 03:00:00,43.80540466308594
srv-005,2017-06-27 04:00:00,45.511085510253906
srv-005,2017-06-27 05:00:00,44.28731155395508
srv-005,2017-06-27 06:00:00,44.52876281738281
srv-005,2017-06-27 07:00:00,43.53895568847656
srv-005,2017-06-27 08:00:00,44.386199951171875
srv-005,2017-06-27 09:00:00,43.74846649169922
srv-005,2017-06-27 10:00:00,45.87874221801758
srv-005,2017-06-27 11:00:00,44.928409576416016
srv-005,2017-06-27 12:00:00,46.706077575683594
srv-005,2017-06-27 13:00:00,45.464752197265625
srv-005,2017-06-27 14:00:00,46.151161193847656
srv-005,2017-06-27 15:00:00,44.71274185180664
srv-005,2017-06-27 16:00:00,45.193153381347656
srv-005,2017-06-27 17:00:00,43.620941162109375
srv-005,2017-06-27 18:00:00,44.29022216796875
srv-005,2017-06-27 19:00:00,44.341094970703125
srv-005,2017-06-27 20:00:00,45.18474578857422
srv-005,2017-06-27 21:00:00,44.38404083251953
srv-005,2017-06-27 22:00:00,44.5894775390625
srv-005,2017-06-27 23:00:00,43.79111862182617
srv-005,2017-06-28 00:00:00,44.06603240966797
srv-005,2017-06-28 01:00:00,43.25538635253906
srv-005,2017-06-28 02:00:00,44.98627853393555
srv-005,2017-06-28 03:00:00,43.78506088256836
srv-005,2017-06-28 04:00:00,43.42483901977539
srv-005,2017-06-28 05:00:00,44.586395263671875
srv-005,2017-06-28 06:00:00,44.48519515991211
srv-005,2017-06-28 07:00:00,45.183414459228516
srv-005,2017-06-28 08:00:00,44.07848358154297
srv-005,2017-06-28 09:00:00,44.07122039794922
srv-005,2017-06-28 10:00:00,43.88772201538086
srv-005,2017-06-28 11:00:00,43.56112289428711
srv-005,2017-06-28 12:00:00,42.50967025756836
srv-005,2017-06-28 13:00:00,42.81440734863281
srv-005,2017-06-28 14:00:00,42.172462463378906
srv-005,2017-06-28 15:00:00,42.049354553222656
srv-005,2017-06-28 16:00:00,42.58366012573242
srv-005,2017-06-28 17:00:00,42.074703216552734
srv-005,2017-06-28 18:00:00,42.32221603393555
srv-005,2017-06-28 19:00:00,42.44233322143555
srv-005,2017-06-28 20:00:00,42.83509063720703
srv-005,2017-06-28 21:00:00,42.41627502441406
srv-005,2017-06-28 22:00:00,43.50736618041992
srv-005,2017-06-28 23:00:00,43.36699676513672
srv-005,2017-06-29 00:00:00,43.39756393432617
srv-005,2017-06-29 01:00:00,43.25373840332031
srv-005,2017-06-29 02:00:00,44.16416931152344
srv-005,2017-06-29 03:00:00,44.91356658935547
srv-005,2017-06-29 04:00:00,43.703758239746094
srv-005,2017-06-29 05:00:00,44.2609748840332
srv-005,2017-06-29 06:00:00,43.285972595214844
srv-005,2017-06-29 07:00:00,43.763084411621094
srv-005,2017-06-29 08:00:00,43.17674255371094
srv-005,2017-06-29 09:00:00,42.45542907714844
srv-005,2017-06-29 10:00:00,43.312400817871094
srv-005,2017-06-29 11:00:00,44.00028610229492
srv-005,2017-06-29 12:00:00,43.83897018432617
srv-005,2017-06-29 13:00:00,43.51192092895508
srv-005,2017-06-29 14:00:00,44.61267852783203
srv-005,2017-06-29 15:00:00,45.401248931884766
srv-005,2017-06-29 16:00:00,44.23685073852539
srv-005,2017-06-29 17:00:00,44.82574462890625
srv-005,2017-06-29 18:00:00,44.204498291015625
srv-005,2017-06-29 19:00:00,45.183837890625
srv-005,2017-06-29 20:00:00,44.19090270996094
srv-005,2017-06-29 21:00:00,43.51557159423828
srv-005,2017-06-29 22:00:00,43.519287109375
srv-005,2017-06-29 23:00:00,43.221160888671875
srv-005,2017-06-30 00:00:00,43.630859375
srv-005,2017-06-30 01:00:00,42.67444610595703
srv-005,2017-06-30 02:00:00,43.534576416015625
srv-005,2017-06-30 03:00:00,42.32145690917969
srv-005,2017-06-30 04:00:00,42.794288635253906
srv-005,2017-06-30 05:00:00,42.239540100097656
srv-005,2017-06-30 06:00:00,43.13331985473633
srv-005,2017-06-30 07:00:00,42.873600006103516
srv-005,2017-06-30 08:00:00,43.83082962036133
srv-005,2017-06-30 09:00:00,44.2297248840332
srv-005,2017-06-30 10:00:00,43.799163818359375
srv-005,2017-06-30 11:00:00,43.82358932495117
srv-005,2017-06-30 12:00:00,44.72067642211914
srv-005,2017-06-30 13:00:00,43.610939025878906
srv-005,2017-06-30 14:00:00,43.910308837890625
srv-005,2017-06-30 15:00:00,42.868717193603516
srv-005,2017-06-30 16:00:00,43.66714859008789
srv-005,2017-06-30 17:00:00,43.184814453125
srv-005,2017-06-30 18:00:00,44.16664123535156
srv-005,2017-06-30 19:00:00,43.249839782714844
srv-005,2017-06-30 20:00:00,42.967628479003906
srv-005,2017-06-30 21:00:00,42.6867790222168
srv-005,2017-06-30 22:00:00,43.594547271728516
srv-005,2017-06-30 23:00:00,45.331024169921875
srv-006,2017-06-01 23:00:00,77.46461486816406
srv-006,2017-06-02 00:00:00,77.34001922607422
srv-006,2017-06-02 01:00:00,78.41437530517578
srv-006,2017-06-02 02:00:00,74.48217010498047
srv-006,2017-06-02 03:00:00,76.65599060058594
srv-006,2017-06-02 04:00:00,76.37310791015625
srv-006,2017-06-02 05:00:00,76.15653991699219
srv-006,2017-06-02 06:00:00,74.7767562866211
srv-006,2017-06-02 07:00:00,78.8154525756836
srv-006,2017-06-02 08:00:00,78.14708709716797
srv-006,2017-06-02 09:00:00,83.59519958496094
srv-006,2017-06-02 10:00:00,82.6217269897461
srv-006,2017-06-02 11:00:00,85.34931182861328
srv-006,2017-06-02 12:00:00,90.20097351074219
srv-006,2017-06-02 13:00:00,86.73397827148438
srv-006,2017-06-02 14:00:00,87.04776763916016
srv-006,2017-06-02 15:00:00,86.07707977294922
srv-006,2017-06-02 16:00:00,80.07340240478516
srv-006,2017-06-02 17:00:00,82.96638488769531
srv-006,2017-06-02 18:00:00,82.86392974853516
srv-006,2017-06-02 19:00:00,84.4645767211914
srv-006,2017-06-02 20:00:00,81.23656463623047
srv-006,2017-06-02 21:00:00,77.4502182006836
srv-006,2017-06-02 22:00:00,75.26578521728516
srv-006,2017-06-02 23:00:00,75.13917541503906
srv-006,2017-06-03 00:00:00,77.73355865478516
srv-006,2017-06-03 01:00:00,80.0155258178711
srv-006,2017-06-03 02:00:00,80.9802474975586
srv-006,2017-06-03 03:00:00,85.1366195678711
srv-006,2017-06-03 04:00:00,83.16016387939453
srv-006,2017-06-03 05:00:00,87.31397247314453
srv-006,2017-06-03 06:00:00,85.03520202636719
srv-006,2017-06-03 07:00:00,83.92134094238281
srv-006,2017-06-03 08:00:00,85.78336334228516
srv-006,2017-06-03 09:00:00,84.09075164794922
srv-006,2017-06-03 10:00:00,81.72163391113281
srv-006,2017-06-03 11:00:00,84.22071075439453
srv-006,2017-06-03 12:00:00,84.3208236694336
srv-006,2017-06-03 13:00:00,86.42517852783203
srv-006,2017-06-03 14:00:00,89.19902801513672
srv-006,2017-06-03 15:00:00,88.9083251953125
srv-006,2017-06-03 16:00:00,87.81182861328125
srv-006,2017-06-03 17:00:00,87.49410247802734
srv-006,2017-06-03 18:00:00,86.28214263916016
srv-006,2017-06-03 19:00:00,87.0677719116211
srv-006,2017-06-03 20:00:00,85.40270233154297
srv-006,2017-06-03 21:00:00,87.15023803710938
srv-006,2017-06-03 22:00:00,82.1449203491211
srv-006,2017-06-03 23:00:00,86.34629821777344
srv-006,2017-06-04 00:00:00,81.4510269165039
srv-006,2017-06-04 01:00:00,78.34727478027344
srv-006,2017-06-04 02:00:00,82.4842758178711
srv-006,2017-06-04 03:00:00,84.7194595336914
srv-006,2017-06-04 04:00:00,88.20641326904297
srv-006,2017-06-04 05:00:00,87.69107818603516
srv-006,2017-06-04 06:00:00,86.22987365722656
srv-006,2017-06-04 07:00:00,86.9676742553711
srv-006,2017-06-04 08:00:00,89.16532135009766
srv-006,2017-06-04 09:00:00,89.47537994384766
srv-006,2017-06-04 10:00:00,88.66146087646484
srv-006,2017-06-04 11:00:00,88.80660247802734
srv-006,2017-06-04 12:00:00,87.8989486694336
srv-006,2017-06-04 13:00:00,87.49712371826172
srv-006,2017-06-04 14:00:00,77.95997619628906
srv-006,2017-06-04 15:00:00,80.7905044555664
srv-006,2017-06-04 16:00:00,83.57561492919922
srv-006,2017-06-04 17:00:00,86.55709838867188
srv-006,2017-06-04 18:00:00,86.79033660888672
srv-006,2017-06-04 19:00:00,87.9906234741211
srv-006,2017-06-04 20:00:00,85.43006896972656
srv-006,2017-06-04 21:00:00,88.47380065917969
srv-006,2017-06-04 22:00:00,83.1200180053711
srv-006,2017-06-04 23:00:00,81.99871063232422
srv-006,2017-06-05 00:00:00,82.78258514404297
srv-006,2017-06-05 01:00:00,79.2380599975586
srv-006,2017-06-05 02:00:00,79.37335968017578
srv-006,2017-06-05 03:00:00,81.19282531738281
srv-006,2017-06-05 04:00:00,81.54334259033203
srv-006,2017-06-05 05:00:00,78.91168212890625
srv-006,2017-06-05 06:00:00,78.01927947998047
srv-006,2017-06-05 07:00:00,78.03218841552734
srv-006,2017-06-05 08:00:00,79.77590942382812
srv-006,2017-06-05 09:00:00,78.29973602294922
srv-006,2017-06-05 10:00:00,81.90245819091797
srv-006,2017-06-05 11:00:00,85.56892395019531
srv-006,2017-06-05 12:00:00,87.59917449951172
srv-006,2017-06-05 13:00:00,87.33246612548828
srv-006,2017-06-05 14:00:00,90.79166412353516
srv-006,2017-06-05 15:00:00,92.5545425415039
srv-006,2017-06-05 16:00:00,91.06045532226562
srv-006,2017-06-05 17:00:00,84.7530517578125
srv-006,2017-06-05 18:00:00,90.3569564819336
srv-006,2017-06-05 19:00:00,92.11280059814453
srv-006,2017-06-05 20:00:00,91.99907684326172
srv-006,2017-06-05 21:00:00,91.42910766601562
srv-006,2017-06-05 22:00:00,90.14997100830078
srv-006,2017-06-05 23:00:00,90.89305114746094
srv-006,2017-06-06 00:00:00,90.20381927490234
srv-006,2017-06-06 01:00:00,90.17752075195312
srv-006,2017-06-06 02:00:00,90.61979675292969
srv-006,2017-06-06 03:00:00,91.42221069335938
srv-006,2017-06-06 04:00:00,91.54341125488281
srv-006,2017-06-06 05:00:00,89.48665618896484
srv-006,2017-06-06 06:00:00,92.2297592163086
srv-006,2017-06-06 07:00:00,92.46354675292969
srv-006,2017-06-06 08:00:00,92.96866607666016
srv-006,2017-06-06 09:00:00,93.05286407470703
srv-006,2017-06-06 10:00:00,93.04660034179688
srv-006,2017-06-06 11:00:00,93.19757080078125
srv-006,2017-06-06 12:00:00,92.98350524902344
srv-006,2017-06-06 13:00:00,93.06818389892578
srv-006,2017-06-06 14:00:00,93.06798553466797
srv-006,2017-06-06 15:00:00,93.21707916259766
srv-006,2017-06-06 16:00:00,93.19096374511719
srv-006,2017-06-06 17:00:00,93.19683837890625
srv-006,2017-06-06 18:00:00,93.10335540771484
srv-006,2017-06-06 19:00:00,93.03157806396484
srv-006,2017-06-06 20:00:00,92.89990997314453
srv-006,2017-06-06 21:00:00,92.37484741210938
srv-006,2017-06-06 22:00:00,92.58342742919922
srv-006,2017-06-06 23:00:00,92.25782012939453
srv-006,2017-06-07 00:00:00,92.06856536865234
srv-006,2017-06-07 01:00:00,91.8652114868164
srv-006,2017-06-07 02:00:00,92.7423095703125
srv-006,2017-06-07 03:00:00,92.76441955566406
srv-006,2017-06-07 04:00:00,91.8036880493164
srv-006,2017-06-07 05:00:00,87.70696258544922
srv-006,2017-06-07 06:00:00,91.43901824951172
srv-006,2017-06-07 07:00:00,92.10872650146484
srv-006,2017-06-07 08:00:00,92.87415313720703
srv-006,2017-06-07 09:00:00,93.04127502441406
srv-006,2017-06-07 10:00:00,93.16329193115234
srv-006,2017-06-07 11:00:00,93.1648178100586
srv-006,2017-06-07 12:00:00,93.09561920166016
srv-006,2017-06-07 13:00:00,93.0025634765625
srv-006,2017-06-07 14:00:00,92.89852142333984
srv-006,2017-06-07 15:00:00,92.9600601196289
srv-006,2017-06-07 16:00:00,92.94686889648438
srv-006,2017-06-07 17:00:00,92.85552215576172
srv-006,2017-06-07 18:00:00,92.51287078857422
srv-006,2017-06-07 19:00:00,92.76355743408203
srv-006,2017-06-07 20:00:00,92.6662826538086
srv-006,2017-06-07 21:00:00,92.78893280029297
srv-006,2017-06-07 22:00:00,92.42475128173828
srv-006,2017-06-07 23:00:00,92.27777862548828
srv-006,2017-06-08 00:00:00,92.29133605957031
srv-006,2017-06-08 01:00:00,91.87186431884766
srv-006,2017-06-08 02:00:00,92.44105529785156
srv-006,2017-06-08 03:00:00,90.39684295654297
srv-006,2017-06-08 04:00:00,91.59707641601562
srv-006,2017-06-08 05:00:00,92.29524993896484
srv-006,2017-06-08 06:00:00,92.31566619873047
srv-006,2017-06-08 07:00:00,91.78881072998047
srv-006,2017-06-08 08:00:00,92.86588287353516
srv-006,2017-06-08 09:00:00,92.99078369140625
srv-006,2017-06-08 10:00:00,93.22034454345703
srv-006,2017-06-08 11:00:00,93.10888671875
srv-006,2017-06-08 12:00:00,93.04900360107422
srv-006,2017-06-08 13:00:00,92.69010162353516
srv-006,2017-06-08 14:00:00,92.39749145507812
srv-006,2017-06-08 15:00:00,92.36876678466797
srv-006,2017-06-08 16:00:00,92.15496826171875
srv-006,2017-06-08 17:00:00,91.8402328491211
srv-006,2017-06-08 18:00:00,91.7662353515625
srv-006,2017-06-08 19:00:00,91.8810806274414
srv-006,2017-06-08 20:00:00,91.26570892333984
srv-006,2017-06-08 21:00:00,89.88139343261719
srv-006,2017-06-08 22:00:00,89.7074203491211
srv-006,2017-06-08 23:00:00,90.8416519165039
srv-006,2017-06-09 00:00:00,90.6546630859375
srv-006,2017-06-09 01:00:00,91.84551239013672
srv-006,2017-06-09 02:00:00,91.72798919677734
srv-006,2017-06-09 03:00:00,92.09507751464844
srv-006,2017-06-09 04:00:00,91.6059799194336
srv-006,2017-06-09 05:00:00,91.87635803222656
srv-006,2017-06-09 06:00:00,90.40388488769531
srv-006,2017-06-09 07:00:00,85.50125122070312
srv-006,2017-06-09 08:00:00,91.49795532226562
srv-006,2017-06-09 09:00:00,86.36486053466797
srv-006,2017-06-09 10:00:00,82.29039764404297
srv-006,2017-06-09 11:00:00,81.30554962158203
srv-006,2017-06-09 12:00:00,84.19275665283203
srv-006,2017-06-09 13:00:00,85.73192596435547
srv-006,2017-06-09 14:00:00,89.36717987060547
srv-006,2017-06-09 15:00:00,89.74873352050781
srv-006,2017-06-09 16:00:00,88.77948760986328
srv-006,2017-06-09 17:00:00,87.80054473876953
srv-006,2017-06-09 18:00:00,80.5193099975586
srv-006,2017-06-09 19:00:00,82.72238159179688
srv-006,2017-06-09 20:00:00,81.50418853759766
srv-006,2017-06-09 21:00:00,80.39608764648438
srv-006,2017-06-09 22:00:00,77.50563049316406
srv-006,2017-06-09 23:00:00,77.0337905883789
srv-006,2017-06-10 00:00:00,76.87311553955078
srv-006,2017-06-10 01:00:00,77.91437530517578
srv-006,2017-06-10 02:00:00,79.4986572265625
srv-006,2017-06-10 03:00:00,84.17272186279297
srv-006,2017-06-10 04:00:00,78.6476821899414
srv-006,2017-06-10 05:00:00,81.42304229736328
srv-006,2017-06-10 06:00:00,81.06494903564453
srv-006,2017-06-10 07:00:00,81.4863052368164
srv-006,2017-06-10 08:00:00,86.91291046142578
srv-006,2017-06-10 09:00:00,81.21906280517578
srv-006,2017-06-10 10:00:00,85.97757720947266
srv-006,2017-06-10 11:00:00,86.58274841308594
srv-006,2017-06-10 12:00:00,89.670166015625
srv-006,2017-06-10 13:00:00,90.56790924072266
srv-006,2017-06-10 14:00:00,91.2680435180664
srv-006,2017-06-10 15:00:00,90.9799575805664
srv-006,2017-06-10 16:00:00,88.62626647949219
srv-006,2017-06-10 17:00:00,87.62310028076172
srv-006,2017-06-10 18:00:00,84.83322143554688
srv-006,2017-06-10 19:00:00,84.94005584716797
srv-006,2017-06-10 20:00:00,79.92125701904297
srv-006,2017-06-10 21:00:00,84.93480682373047
srv-006,2017-06-10 22:00:00,78.50260925292969
srv-006,2017-06-10 23:00:00,78.78353118896484
srv-006,2017-06-11 00:00:00,76.97553253173828
srv-006,2017-06-11 01:00:00,79.61283111572266
srv-006,2017-06-11 02:00:00,83.05294036865234
srv-006,2017-06-11 03:00:00,87.06670379638672
srv-006,2017-06-11 04:00:00,82.71920013427734
srv-006,2017-06-11 05:00:00,80.36607360839844
srv-006,2017-06-11 06:00:00,82.70285034179688
srv-006,2017-06-11 07:00:00,84.73641967773438
srv-006,2017-06-11 08:00:00,87.4671859741211
srv-006,2017-06-11 09:00:00,87.8207015991211
srv-006,2017-06-11 10:00:00,89.47307586669922
srv-006,2017-06-11 11:00:00,88.66580963134766
srv-006,2017-06-11 12:00:00,89.3992691040039
srv-006,2017-06-11 13:00:00,88.34525299072266
srv-006,2017-06-11 14:00:00,88.68673706054688
srv-006,2017-06-11 15:00:00,89.01129913330078
srv-006,2017-06-11 16:00:00,87.50736236572266
srv-006,2017-06-11 17:00:00,87.19869995117188
srv-006,2017-06-11 18:00:00,85.8751449584961
srv-006,2017-06-11 19:00:00,87.57250213623047
srv-006,2017-06-11 20:00:00,86.23133087158203
srv-006,2017-06-11 21:00:00,84.30109405517578
srv-006,2017-06-11 22:00:00,82.95740509033203
srv-006,2017-06-11 23:00:00,82.36699676513672
srv-006,2017-06-12 00:00:00,81.63835144042969
srv-006,2017-06-12 01:00:00,75.51145935058594
srv-006,2017-06-12 02:00:00,78.95600891113281
srv-006,2017-06-12 03:00:00,82.80850982666016
srv-006,2017-06-12 04:00:00,84.2015151977539
srv-006,2017-06-12 05:00:00,81.68477630615234
srv-006,2017-06-12 06:00:00,82.5574722290039
srv-006,2017-06-12 07:00:00,82.75103759765625
srv-006,2017-06-12 08:00:00,88.29541778564453
srv-006,2017-06-12 09:00:00,89.6418685913086
srv-006,2017-06-12 10:00:00,92.0012435913086
srv-006,2017-06-12 11:00:00,92.13150024414062
srv-006,2017-06-12 12:00:00,92.52970886230469
srv-006,2017-06-12 13:00:00,92.82722473144531
srv-006,2017-06-12 14:00:00,92.26615142822266
srv-006,2017-06-12 15:00:00,92.91482543945312
srv-006,2017-06-12 16:00:00,92.95701599121094
srv-006,2017-06-12 17:00:00,92.97229766845703
srv-006,2017-06-12 18:00:00,91.69840240478516
srv-006,2017-06-12 19:00:00,91.78284454345703
srv-006,2017-06-12 20:00:00,89.59027862548828
srv-006,2017-06-12 21:00:00,91.5595932006836
srv-006,2017-06-12 22:00:00,88.11856842041016
srv-006,2017-06-12 23:00:00,90.36383819580078
srv-006,2017-06-13 00:00:00,86.61003875732422
srv-006,2017-06-13 01:00:00,90.63418579101562
srv-006,2017-06-13 02:00:00,88.18119812011719
srv-006,2017-06-13 03:00:00,87.15543365478516
srv-006,2017-06-13 04:00:00,88.62010192871094
srv-006,2017-06-13 05:00:00,91.1910629272461
srv-006,2017-06-13 06:00:00,89.69695281982422
srv-006,2017-06-13 07:00:00,90.39226531982422
srv-006,2017-06-13 08:00:00,92.49501037597656
srv-006,2017-06-13 09:00:00,92.53495025634766
srv-006,2017-06-13 10:00:00,92.79236602783203
srv-006,2017-06-13 11:00:00,93.0108871459961
srv-006,2017-06-13 12:00:00,93.09734344482422
srv-006,2017-06-13 13:00:00,93.08878326416016
srv-006,2017-06-13 14:00:00,93.08985137939453
srv-006,2017-06-13 15:00:00,92.99811553955078
srv-006,2017-06-13 16:00:00,92.88433074951172
srv-006,2017-06-13 17:00:00,92.8445053100586
srv-006,2017-06-13 18:00:00,92.92829132080078
srv-006,2017-06-13 19:00:00,92.6733169555664
srv-006,2017-06-13 20:00:00,92.6977767944336
srv-006,2017-06-13 21:00:00,92.69535827636719
srv-006,2017-06-13 22:00:00,91.57364654541016
srv-006,2017-06-13 23:00:00,92.30149841308594
srv-006,2017-06-14 00:00:00,92.53592681884766
srv-006,2017-06-14 01:00:00,92.98104095458984
srv-006,2017-06-14 02:00:00,93.0025863647461
srv-006,2017-06-14 03:00:00,93.12950134277344
srv-006,2017-06-14 04:00:00,93.19792938232422
srv-006,2017-06-14 05:00:00,93.24505615234375
srv-006,2017-06-14 06:00:00,93.17154693603516
srv-006,2017-06-14 07:00:00,93.2272720336914
srv-006,2017-06-14 08:00:00,93.2829818725586
srv-006,2017-06-14 09:00:00,93.24478912353516
srv-006,2017-06-14 10:00:00,93.16793823242188
srv-006,2017-06-14 11:00:00,93.15160369873047
srv-006,2017-06-14 12:00:00,93.12207794189453
srv-006,2017-06-14 13:00:00,92.98702239990234
srv-006,2017-06-14 14:00:00,93.06482696533203
srv-006,2017-06-14 15:00:00,93.0441665649414
srv-006,2017-06-14 16:00:00,92.95406341552734
srv-006,2017-06-14 17:00:00,92.97205352783203
srv-006,2017-06-14 18:00:00,92.9989013671875
srv-006,2017-06-14 19:00:00,92.98552703857422
srv-006,2017-06-14 20:00:00,92.97986602783203
srv-006,2017-06-14 21:00:00,92.9003677368164
srv-006,2017-06-14 22:00:00,92.96455383300781
srv-006,2017-06-14 23:00:00,92.19129180908203
srv-006,2017-06-15 00:00:00,92.18236541748047
srv-006,2017-06-15 01:00:00,90.72537994384766
srv-006,2017-06-15 02:00:00,91.6943130493164
srv-006,2017-06-15 03:00:00,90.53194427490234
srv-006,2017-06-15 04:00:00,92.35059356689453
srv-006,2017-06-15 05:00:00,91.0790786743164
srv-006,2017-06-15 06:00:00,92.74187469482422
srv-006,2017-06-15 07:00:00,90.90245056152344
srv-006,2017-06-15 08:00:00,92.75862884521484
srv-006,2017-06-15 09:00:00,92.826416015625
srv-006,2017-06-15 10:00:00,93.00081634521484
srv-006,2017-06-15 11:00:00,92.9968490600586
srv-006,2017-06-15 12:00:00,92.8833999633789
srv-006,2017-06-15 13:00:00,92.69032287597656
srv-006,2017-06-15 14:00:00,92.45111846923828
srv-006,2017-06-15 15:00:00,92.41122436523438
srv-006,2017-06-15 16:00:00,92.21599578857422
srv-006,2017-06-15 17:00:00,92.35103607177734
srv-006,2017-06-15 18:00:00,92.06893157958984
srv-006,2017-06-15 19:00:00,91.9590072631836
srv-006,2017-06-15 20:00:00,91.73279571533203
srv-006,2017-06-15 21:00:00,91.66712188720703
srv-006,2017-06-15 22:00:00,83.71199798583984
srv-006,2017-06-15 23:00:00,82.19398498535156
srv-006,2017-06-16 00:00:00,85.30518341064453
srv-006,2017-06-16 01:00:00,85.753173828125
srv-006,2017-06-16 02:00:00,90.63643646240234
srv-006,2017-06-16 03:00:00,85.51460266113281
srv-006,2017-06-16 04:00:00,89.77057647705078
srv-006,2017-06-16 05:00:00,88.08456420898438
srv-006,2017-06-16 06:00:00,87.89856719970703
srv-006,2017-06-16 07:00:00,83.0741958618164
srv-006,2017-06-16 08:00:00,88.0254135131836
srv-006,2017-06-16 09:00:00,85.75069427490234
srv-006,2017-06-16 10:00:00,88.58751678466797
srv-006,2017-06-16 11:00:00,90.46019744873047
srv-006,2017-06-16 12:00:00,91.294921875
srv-006,2017-06-16 13:00:00,91.41067504882812
srv-006,2017-06-16 14:00:00,90.79309844970703
srv-006,2017-06-16 15:00:00,91.1224136352539
srv-006,2017-06-16 16:00:00,90.2871322631836
srv-006,2017-06-16 17:00:00,88.49417114257812
srv-006,2017-06-16 18:00:00,84.26546478271484
srv-006,2017-06-16 19:00:00,82.83026123046875
srv-006,2017-06-16 20:00:00,79.77617645263672
srv-006,2017-06-16 21:00:00,82.44731903076172
srv-006,2017-06-16 22:00:00,78.27012634277344
srv-006,2017-06-16 23:00:00,74.8768310546875
srv-006,2017-06-17 00:00:00,75.41386413574219
srv-006,2017-06-17 01:00:00,75.36161804199219
srv-006,2017-06-17 02:00:00,77.43795776367188
srv-006,2017-06-17 03:00:00,79.66876220703125
srv-006,2017-06-17 04:00:00,79.72747039794922
srv-006,2017-06-17 05:00:00,81.10100555419922
srv-006,2017-06-17 06:00:00,79.5479965209961
srv-006,2017-06-17 07:00:00,81.55330657958984
srv-006,2017-06-17 08:00:00,86.21153259277344
srv-006,2017-06-17 09:00:00,84.02831268310547
srv-006,2017-06-17 10:00:00,84.61994171142578
srv-006,2017-06-17 11:00:00,86.18122100830078
srv-006,2017-06-17 12:00:00,87.63523864746094
srv-006,2017-06-17 13:00:00,88.2242660522461
srv-006,2017-06-17 14:00:00,89.77391815185547
srv-006,2017-06-17 15:00:00,89.8564224243164
srv-006,2017-06-17 16:00:00,87.87821197509766
srv-006,2017-06-17 17:00:00,85.17185974121094
srv-006,2017-06-17 18:00:00,88.40824127197266
srv-006,2017-06-17 19:00:00,87.5803451538086
srv-006,2017-06-17 20:00:00,84.13690948486328
srv-006,2017-06-17 21:00:00,79.8618392944336
srv-006,2017-06-17 22:00:00,78.0143051147461
srv-006,2017-06-17 23:00:00,78.07689666748047
srv-006,2017-06-18 00:00:00,76.20659637451172
srv-006,2017-06-18 01:00:00,77.96927642822266
srv-006,2017-06-18 02:00:00,77.62499237060547
srv-006,2017-06-18 03:00:00,83.74522399902344
srv-006,2017-06-18 04:00:00,78.21199798583984
srv-006,2017-06-18 05:00:00,84.14107513427734
srv-006,2017-06-18 06:00:00,84.6468734741211
srv-006,2017-06-18 07:00:00,84.47051239013672
srv-006,2017-06-18 08:00:00,87.986328125
srv-006,2017-06-18 09:00:00,90.52259063720703
srv-006,2017-06-18 10:00:00,91.09642791748047
srv-006,2017-06-18 11:00:00,91.10547637939453
srv-006,2017-06-18 12:00:00,90.18730163574219
srv-006,2017-06-18 13:00:00,89.6177749633789
srv-006,2017-06-18 14:00:00,89.44892120361328
srv-006,2017-06-18 15:00:00,89.1998519897461
srv-006,2017-06-18 16:00:00,86.71428680419922
srv-006,2017-06-18 17:00:00,85.68782806396484
srv-006,2017-06-18 18:00:00,84.5605239868164
srv-006,2017-06-18 19:00:00,86.1591567993164
srv-006,2017-06-18 20:00:00,87.26509094238281
srv-006,2017-06-18 21:00:00,87.50652313232422
srv-006,2017-06-18 22:00:00,83.4200210571289
srv-006,2017-06-18 23:00:00,81.4332504272461
srv-006,2017-06-19 00:00:00,79.3107681274414
srv-006,2017-06-19 01:00:00,80.0970687866211
srv-006,2017-06-19 02:00:00,80.55524444580078
srv-006,2017-06-19 03:00:00,83.1903305053711
srv-006,2017-06-19 04:00:00,84.0324478149414
srv-006,2017-06-19 05:00:00,85.98973846435547
srv-006,2017-06-19 06:00:00,81.64269256591797
srv-006,2017-06-19 07:00:00,81.69890594482422
srv-006,2017-06-19 08:00:00,84.63855743408203
srv-006,2017-06-19 09:00:00,84.86418914794922
srv-006,2017-06-19 10:00:00,80.91571807861328
srv-006,2017-06-19 11:00:00,84.49980163574219
srv-006,2017-06-19 12:00:00,90.06019592285156
srv-006,2017-06-19 13:00:00,92.39571380615234
srv-006,2017-06-19 14:00:00,92.8746566772461
srv-006,2017-06-19 15:00:00,93.05255126953125
srv-006,2017-06-19 16:00:00,93.10770416259766
srv-006,2017-06-19 17:00:00,92.9153060913086
srv-006,2017-06-19 18:00:00,92.95772552490234
srv-006,2017-06-19 19:00:00,92.14413452148438
srv-006,2017-06-19 20:00:00,92.53751373291016
srv-006,2017-06-19 21:00:00,92.5205307006836
srv-006,2017-06-19 22:00:00,90.61165618896484
srv-006,2017-06-19 23:00:00,90.80875396728516
srv-006,2017-06-20 00:00:00,89.26563262939453
srv-006,2017-06-20 01:00:00,90.3145980834961
srv-006,2017-06-20 02:00:00,89.7357406616211
srv-006,2017-06-20 03:00:00,91.15215301513672
srv-006,2017-06-20 04:00:00,88.55290985107422
srv-006,2017-06-20 05:00:00,92.65857696533203
srv-006,2017-06-20 06:00:00,92.80658721923828
srv-006,2017-06-20 07:00:00,93.22637176513672
srv-006,2017-06-20 08:00:00,93.12688446044922
srv-006,2017-06-20 09:00:00,92.68268585205078
srv-006,2017-06-20 10:00:00,93.02007293701172
srv-006,2017-06-20 11:00:00,92.9669418334961
srv-006,2017-06-20 12:00:00,93.10215759277344
srv-006,2017-06-20 13:00:00,93.09615325927734
srv-006,2017-06-20 14:00:00,93.10818481445312
srv-006,2017-06-20 15:00:00,93.25255584716797
srv-006,2017-06-20 16:00:00,93.15666198730469
srv-006,2017-06-20 17:00:00,92.92594909667969
srv-006,2017-06-20 18:00:00,93.01004791259766
srv-006,2017-06-20 19:00:00,92.92011260986328
srv-006,2017-06-20 20:00:00,92.97517395019531
srv-006,2017-06-20 21:00:00,92.99535369873047
srv-006,2017-06-20 22:00:00,92.92337799072266
srv-006,2017-06-20 23:00:00,93.0242691040039
srv-006,2017-06-21 00:00:00,92.89694213867188
srv-006,2017-06-21 01:00:00,92.61307525634766
srv-006,2017-06-21 02:00:00,92.5478515625
srv-006,2017-06-21 03:00:00,92.87509155273438
srv-006,2017-06-21 04:00:00,92.98221588134766
srv-006,2017-06-21 05:00:00,93.1427993774414
srv-006,2017-06-21 06:00:00,93.17882537841797
srv-006,2017-06-21 07:00:00,93.21685028076172
srv-006,2017-06-21 08:00:00,93.21333312988281
srv-006,2017-06-21 09:00:00,93.2352523803711
srv-006,2017-06-21 10:00:00,93.05217742919922
srv-006,2017-06-21 11:00:00,93.02008819580078
srv-006,2017-06-21 12:00:00,93.06560516357422
srv-006,2017-06-21 13:00:00,93.03221893310547
srv-006,2017-06-21 14:00:00,93.09796905517578
srv-006,2017-06-21 15:00:00,92.9117660522461
srv-006,2017-06-21 16:00:00,92.94974517822266
srv-006,2017-06-21 17:00:00,92.99073028564453
srv-006,2017-06-21 18:00:00,92.97205352783203
srv-006,2017-06-21 19:00:00,92.97599029541016
srv-006,2017-06-21 20:00:00,92.9723892211914
srv-006,2017-06-21 21:00:00,92.98311614990234
srv-006,2017-06-21 22:00:00,92.998779296875
srv-006,2017-06-21 23:00:00,93.00414276123047
srv-006,2017-06-22 00:00:00,92.92401885986328
srv-006,2017-06-22 01:00:00,92.92852020263672
srv-006,2017-06-22 02:00:00,92.9239273071289
srv-006,2017-06-22 03:00:00,92.92583465576172
srv-006,2017-06-22 04:00:00,92.91231536865234
srv-006,2017-06-22 05:00:00,92.92728424072266
srv-006,2017-06-22 06:00:00,92.03545379638672
srv-006,2017-06-22 07:00:00,90.7623519897461
srv-006,2017-06-22 08:00:00,91.89371490478516
srv-006,2017-06-22 09:00:00,80.47832489013672
srv-006,2017-06-22 10:00:00,81.68840789794922
srv-006,2017-06-22 11:00:00,84.10527038574219
srv-006,2017-06-22 12:00:00,86.5372085571289
srv-006,2017-06-22 13:00:00,91.93647003173828
srv-006,2017-06-22 14:00:00,92.6825180053711
srv-006,2017-06-22 15:00:00,92.75682067871094
srv-006,2017-06-22 16:00:00,92.75930786132812
srv-006,2017-06-22 17:00:00,92.62589263916016
srv-006,2017-06-22 18:00:00,92.45841217041016
srv-006,2017-06-22 19:00:00,92.34180450439453
srv-006,2017-06-22 20:00:00,90.33795166015625
srv-006,2017-06-22 21:00:00,86.21279907226562
srv-006,2017-06-22 22:00:00,81.76793670654297
srv-006,2017-06-22 23:00:00,83.94173431396484
srv-006,2017-06-23 00:00:00,83.22283172607422
srv-006,2017-06-23 01:00:00,80.73612213134766
srv-006,2017-06-23 02:00:00,81.66605377197266
srv-006,2017-06-23 03:00:00,81.3756103515625
srv-006,2017-06-23 04:00:00,81.95092010498047
srv-006,2017-06-23 05:00:00,84.17466735839844
srv-006,2017-06-23 06:00:00,84.91255950927734
srv-006,2017-06-23 07:00:00,80.86678314208984
srv-006,2017-06-23 08:00:00,82.95410919189453
srv-006,2017-06-23 09:00:00,80.52545928955078
srv-006,2017-06-23 10:00:00,79.78438568115234
srv-006,2017-06-23 11:00:00,82.5472183227539
srv-006,2017-06-23 12:00:00,83.60742950439453
srv-006,2017-06-23 13:00:00,86.37369537353516
srv-006,2017-06-23 14:00:00,90.05215454101562
srv-006,2017-06-23 15:00:00,90.3062973022461
srv-006,2017-06-23 16:00:00,90.18907928466797
srv-006,2017-06-23 17:00:00,89.54367065429688
srv-006,2017-06-23 18:00:00,88.65190887451172
srv-006,2017-06-23 19:00:00,80.57254791259766
srv-006,2017-06-23 20:00:00,79.76122283935547
srv-006,2017-06-23 21:00:00,78.53150177001953
srv-006,2017-06-23 22:00:00,76.9408187866211
srv-006,2017-06-23 23:00:00,77.05442810058594
srv-006,2017-06-24 00:00:00,76.2425537109375
srv-006,2017-06-24 01:00:00,77.89752197265625
srv-006,2017-06-24 02:00:00,77.62015533447266
srv-006,2017-06-24 03:00:00,82.28594207763672
srv-006,2017-06-24 04:00:00,82.95863342285156
srv-006,2017-06-24 05:00:00,77.7178726196289
srv-006,2017-06-24 06:00:00,78.6467514038086
srv-006,2017-06-24 07:00:00,80.89936065673828
srv-006,2017-06-24 08:00:00,84.57222747802734
srv-006,2017-06-24 09:00:00,86.0022201538086
srv-006,2017-06-24 10:00:00,88.27735900878906
srv-006,2017-06-24 11:00:00,88.59044647216797
srv-006,2017-06-24 12:00:00,91.10769653320312
srv-006,2017-06-24 13:00:00,90.98365783691406
srv-006,2017-06-24 14:00:00,88.7983169555664
srv-006,2017-06-24 15:00:00,87.65702056884766
srv-006,2017-06-24 16:00:00,87.51897430419922
srv-006,2017-06-24 17:00:00,89.33821868896484
srv-006,2017-06-24 18:00:00,82.0537338256836
srv-006,2017-06-24 19:00:00,84.78531646728516
srv-006,2017-06-24 20:00:00,82.6543197631836
srv-006,2017-06-24 21:00:00,83.64861297607422
srv-006,2017-06-24 22:00:00,79.8957748413086
srv-006,2017-06-24 23:00:00,76.95414733886719
srv-006,2017-06-25 00:00:00,76.6539535522461
srv-006,2017-06-25 01:00:00,79.08150482177734
srv-006,2017-06-25 02:00:00,83.23023223876953
srv-006,2017-06-25 03:00:00,84.0591812133789
srv-006,2017-06-25 04:00:00,82.0511703491211
srv-006,2017-06-25 05:00:00,80.5504379272461
srv-006,2017-06-25 06:00:00,81.1132583618164
srv-006,2017-06-25 07:00:00,81.5208969116211
srv-006,2017-06-25 08:00:00,82.5267105102539
srv-006,2017-06-25 09:00:00,78.5799331665039
srv-006,2017-06-25 10:00:00,81.49422454833984
srv-006,2017-06-25 11:00:00,86.03109741210938
srv-006,2017-06-25 12:00:00,86.2441177368164
srv-006,2017-06-25 13:00:00,88.0160140991211
srv-006,2017-06-25 14:00:00,88.51658630371094
srv-006,2017-06-25 15:00:00,88.28846740722656
srv-006,2017-06-25 16:00:00,87.25005340576172
srv-006,2017-06-25 17:00:00,87.83150482177734
srv-006,2017-06-25 18:00:00,87.40628051757812
srv-006,2017-06-25 19:00:00,86.04627227783203
srv-006,2017-06-25 20:00:00,86.50894927978516
srv-006,2017-06-25 21:00:00,87.68830108642578
srv-006,2017-06-25 22:00:00,87.17533111572266
srv-006,2017-06-25 23:00:00,81.37085723876953
srv-006,2017-06-26 00:00:00,74.82759094238281
srv-006,2017-06-26 01:00:00,75.43151092529297
srv-006,2017-06-26 02:00:00,77.29492950439453
srv-006,2017-06-26 03:00:00,78.1353988647461
srv-006,2017-06-26 04:00:00,79.37847137451172
srv-006,2017-06-26 05:00:00,82.00662231445312
srv-006,2017-06-26 06:00:00,86.19518280029297
srv-006,2017-06-26 07:00:00,84.98749542236328
srv-006,2017-06-26 08:00:00,90.31719207763672
srv-006,2017-06-26 09:00:00,85.51832580566406
srv-006,2017-06-26 10:00:00,80.75067901611328
srv-006,2017-06-26 11:00:00,83.3873062133789
srv-006,2017-06-26 12:00:00,86.26685333251953
srv-006,2017-06-26 13:00:00,89.16941833496094
srv-006,2017-06-26 14:00:00,91.01612091064453
srv-006,2017-06-26 15:00:00,91.83182525634766
srv-006,2017-06-26 16:00:00,91.01951599121094
srv-006,2017-06-26 17:00:00,90.07006072998047
srv-006,2017-06-26 18:00:00,90.45742797851562
srv-006,2017-06-26 19:00:00,89.58354949951172
srv-006,2017-06-26 20:00:00,89.5268325805664
srv-006,2017-06-26 21:00:00,90.76587677001953
srv-006,2017-06-26 22:00:00,89.35767364501953
srv-006,2017-06-26 23:00:00,91.05907440185547
srv-006,2017-06-27 00:00:00,91.79547882080078
srv-006,2017-06-27 01:00:00,89.77047729492188
srv-006,2017-06-27 02:00:00,90.05113983154297
srv-006,2017-06-27 03:00:00,89.49443817138672
srv-006,2017-06-27 04:00:00,90.43260955810547
srv-006,2017-06-27 05:00:00,90.99392700195312
srv-006,2017-06-27 06:00:00,92.73192596435547
srv-006,2017-06-27 07:00:00,92.02018737792969
srv-006,2017-06-27 08:00:00,92.17603302001953
srv-006,2017-06-27 09:00:00,90.89656829833984
srv-006,2017-06-27 10:00:00,88.4733657836914
srv-006,2017-06-27 11:00:00,92.55242156982422
srv-006,2017-06-27 12:00:00,92.7769775390625
srv-006,2017-06-27 13:00:00,93.09880828857422
srv-006,2017-06-27 14:00:00,93.19485473632812
srv-006,2017-06-27 15:00:00,93.29570007324219
srv-006,2017-06-27 16:00:00,93.30304718017578
srv-006,2017-06-27 17:00:00,93.0783920288086
srv-006,2017-06-27 18:00:00,92.97874450683594
srv-006,2017-06-27 19:00:00,93.03582000732422
srv-006,2017-06-27 20:00:00,93.00011444091797
srv-006,2017-06-27 21:00:00,92.9278564453125
srv-006,2017-06-27 22:00:00,92.7762451171875
srv-006,2017-06-27 23:00:00,92.81583404541016
srv-006,2017-06-28 00:00:00,92.99545288085938
srv-006,2017-06-28 01:00:00,92.77012634277344
srv-006,2017-06-28 02:00:00,92.89801788330078
srv-006,2017-06-28 03:00:00,92.88089752197266
srv-006,2017-06-28 04:00:00,92.9781265258789
srv-006,2017-06-28 05:00:00,93.07447052001953
srv-006,2017-06-28 06:00:00,93.17671203613281
srv-006,2017-06-28 07:00:00,93.19800567626953
srv-006,2017-06-28 08:00:00,93.17838287353516
srv-006,2017-06-28 09:00:00,93.18431854248047
srv-006,2017-06-28 10:00:00,93.17406463623047
srv-006,2017-06-28 11:00:00,93.05560302734375
srv-006,2017-06-28 12:00:00,93.1635513305664
srv-006,2017-06-28 13:00:00,93.14655303955078
srv-006,2017-06-28 14:00:00,93.1083755493164
srv-006,2017-06-28 15:00:00,93.1534194946289
srv-006,2017-06-28 16:00:00,93.01368713378906
srv-006,2017-06-28 17:00:00,92.99340057373047
srv-006,2017-06-28 18:00:00,92.99207305908203
srv-006,2017-06-28 19:00:00,92.9883804321289
srv-006,2017-06-28 20:00:00,92.99144744873047
srv-006,2017-06-28 21:00:00,92.99446868896484
srv-006,2017-06-28 22:00:00,92.99422454833984
srv-006,2017-06-28 23:00:00,92.99693298339844
srv-006,2017-06-29 00:00:00,92.9181900024414
srv-006,2017-06-29 01:00:00,92.68562316894531
srv-006,2017-06-29 02:00:00,92.83407592773438
srv-006,2017-06-29 03:00:00,92.92704772949219
srv-006,2017-06-29 04:00:00,92.9369125366211
srv-006,2017-06-29 05:00:00,92.72840118408203
srv-006,2017-06-29 06:00:00,92.5278549194336
srv-006,2017-06-29 07:00:00,92.87397766113281
srv-006,2017-06-29 08:00:00,92.86295318603516
srv-006,2017-06-29 09:00:00,92.9842529296875
srv-006,2017-06-29 10:00:00,92.9762954711914
srv-006,2017-06-29 11:00:00,92.99129486083984
srv-006,2017-06-29 12:00:00,92.9831771850586
srv-006,2017-06-29 13:00:00,92.59199523925781
srv-006,2017-06-29 14:00:00,92.56902313232422
srv-006,2017-06-29 15:00:00,92.54842376708984
srv-006,2017-06-29 16:00:00,92.52108001708984
srv-006,2017-06-29 17:00:00,92.5618896484375
srv-006,2017-06-29 18:00:00,92.54891967773438
srv-006,2017-06-29 19:00:00,92.43186950683594
srv-006,2017-06-29 20:00:00,92.48664093017578
srv-006,2017-06-29 21:00:00,92.50782012939453
srv-006,2017-06-29 22:00:00,90.7993392944336
srv-006,2017-06-29 23:00:00,88.2667465209961
srv-006,2017-06-30 00:00:00,89.1823959350586
srv-006,2017-06-30 01:00:00,86.0217056274414
srv-006,2017-06-30 02:00:00,86.77155303955078
srv-006,2017-06-30 03:00:00,82.8040542602539
srv-006,2017-06-30 04:00:00,80.22653198242188
srv-006,2017-06-30 05:00:00,80.0106430053711
srv-006,2017-06-30 06:00:00,80.97473907470703
srv-006,2017-06-30 07:00:00,81.1796646118164
srv-006,2017-06-30 08:00:00,83.24734497070312
srv-006,2017-06-30 09:00:00,83.59622192382812
srv-006,2017-06-30 10:00:00,91.04413604736328
srv-006,2017-06-30 11:00:00,89.59571075439453
srv-006,2017-06-30 12:00:00,90.24650573730469
srv-006,2017-06-30 13:00:00,91.64009857177734
srv-006,2017-06-30 14:00:00,91.14177703857422
srv-006,2017-06-30 15:00:00,91.25154876708984
srv-006,2017-06-30 16:00:00,90.9834976196289
srv-006,2017-06-30 17:00:00,88.51237487792969
srv-006,2017-06-30 18:00:00,85.23734283447266
srv-006,2017-06-30 19:00:00,82.84281158447266
srv-006,2017-06-30 20:00:00,85.35503387451172
srv-006,2017-06-30 21:00:00,76.59183502197266
srv-006,2017-06-30 22:00:00,76.31517791748047
srv-006,2017-06-30 23:00:00,73.36160278320312
srv-007,2017-06-01 23:00:00,49.5593147277832
srv-007,2017-06-02 00:00:00,52.42359924316406
srv-007,2017-06-02 01:00:00,47.32126235961914
srv-007,2017-06-02 02:00:00,47.22904968261719
srv-007,2017-06-02 03:00:00,45.06104278564453
srv-007,2017-06-02 04:00:00,43.07810592651367
srv-007,2017-06-02 05:00:00,47.53603744506836
srv-007,2017-06-02 06:00:00,48.936851501464844
srv-007,2017-06-02 07:00:00,50.537574768066406
srv-007,2017-06-02 08:00:00,53.510982513427734
srv-007,2017-06-02 09:00:00,52.77526092529297
srv-007,2017-06-02 10:00:00,47.46367645263672
srv-007,2017-06-02 11:00:00,42.38276672363281
srv-007,2017-06-02 12:00:00,45.45907974243164
srv-007,2017-06-02 13:00:00,43.09971618652344
srv-007,2017-06-02 14:00:00,45.723907470703125
srv-007,2017-06-02 15:00:00,42.62499237060547
srv-007,2017-06-02 16:00:00,41.94691848754883
srv-007,2017-06-02 17:00:00,43.64801025390625
srv-007,2017-06-02 18:00:00,41.32172775268555
srv-007,2017-06-02 19:00:00,40.129276275634766
srv-007,2017-06-02 20:00:00,36.580902099609375
srv-007,2017-06-02 21:00:00,37.79804229736328
srv-007,2017-06-02 22:00:00,36.611045837402344
srv-007,2017-06-02 23:00:00,35.66826248168945
srv-007,2017-06-03 00:00:00,40.05166244506836
srv-007,2017-06-03 01:00:00,39.64381790161133
srv-007,2017-06-03 02:00:00,41.973655700683594
srv-007,2017-06-03 03:00:00,39.765193939208984
srv-007,2017-06-03 04:00:00,40.08104705810547
srv-007,2017-06-03 05:00:00,42.972373962402344
srv-007,2017-06-03 06:00:00,44.76424026489258
srv-007,2017-06-03 07:00:00,43.06296157836914
srv-007,2017-06-03 08:00:00,42.02507019042969
srv-007,2017-06-03 09:00:00,41.846458435058594
srv-007,2017-06-03 10:00:00,41.24452209472656
srv-007,2017-06-03 11:00:00,43.23333740234375
srv-007,2017-06-03 12:00:00,47.246673583984375
srv-007,2017-06-03 13:00:00,46.38771438598633
srv-007,2017-06-03 14:00:00,45.65357208251953
srv-007,2017-06-03 15:00:00,41.913848876953125
srv-007,2017-06-03 16:00:00,41.07340621948242
srv-007,2017-06-03 17:00:00,42.40683364868164
srv-007,2017-06-03 18:00:00,40.33953094482422
srv-007,2017-06-03 19:00:00,37.417625427246094
srv-007,2017-06-03 20:00:00,40.99961853027344
srv-007,2017-06-03 21:00:00,40.95744705200195
srv-007,2017-06-03 22:00:00,39.06386184692383
srv-007,2017-06-03 23:00:00,37.868221282958984
srv-007,2017-06-04 00:00:00,38.150291442871094
srv-007,2017-06-04 01:00:00,39.205101013183594
srv-007,2017-06-04 02:00:00,40.927406311035156
srv-007,2017-06-04 03:00:00,38.21360397338867
srv-007,2017-06-04 04:00:00,37.31549835205078
srv-007,2017-06-04 05:00:00,36.78989028930664
srv-007,2017-06-04 06:00:00,38.52467346191406
srv-007,2017-06-04 07:00:00,41.48977279663086
srv-007,2017-06-04 08:00:00,44.997257232666016
srv-007,2017-06-04 09:00:00,43.46862030029297
srv-007,2017-06-04 10:00:00,42.75614929199219
srv-007,2017-06-04 11:00:00,43.49509048461914
srv-007,2017-06-04 12:00:00,44.132137298583984
srv-007,2017-06-04 13:00:00,46.00370407104492
srv-007,2017-06-04 14:00:00,45.220909118652344
srv-007,2017-06-04 15:00:00,47.95738220214844
srv-007,2017-06-04 16:00:00,49.46876907348633
srv-007,2017-06-04 17:00:00,47.49993896484375
srv-007,2017-06-04 18:00:00,42.742515563964844
srv-007,2017-06-04 19:00:00,40.82405090332031
srv-007,2017-06-04 20:00:00,40.5620231628418
srv-007,2017-06-04 21:00:00,40.98051071166992
srv-007,2017-06-04 22:00:00,39.451141357421875
srv-007,2017-06-04 23:00:00,37.96403503417969
srv-007,2017-06-05 00:00:00,33.265323638916016
srv-007,2017-06-05 01:00:00,33.02724838256836
srv-007,2017-06-05 02:00:00,32.86725997924805
srv-007,2017-06-05 03:00:00,37.041988372802734
srv-007,2017-06-05 04:00:00,37.39490509033203
srv-007,2017-06-05 05:00:00,41.31337356567383
srv-007,2017-06-05 06:00:00,35.84842300415039
srv-007,2017-06-05 07:00:00,36.81746292114258
srv-007,2017-06-05 08:00:00,38.702049255371094
srv-007,2017-06-05 09:00:00,31.46331214904785
srv-007,2017-06-05 10:00:00,38.39170837402344
srv-007,2017-06-05 11:00:00,38.93604278564453
srv-007,2017-06-05 12:00:00,38.60831832885742
srv-007,2017-06-05 13:00:00,42.882057189941406
srv-007,2017-06-05 14:00:00,43.998451232910156
srv-007,2017-06-05 15:00:00,42.53713607788086
srv-007,2017-06-05 16:00:00,47.23896026611328
srv-007,2017-06-05 17:00:00,45.90165710449219
srv-007,2017-06-05 18:00:00,44.70613479614258
srv-007,2017-06-05 19:00:00,43.54270935058594
srv-007,2017-06-05 20:00:00,41.64742660522461
srv-007,2017-06-05 21:00:00,40.75420379638672
srv-007,2017-06-05 22:00:00,40.219356536865234
srv-007,2017-06-05 23:00:00,38.276432037353516
srv-007,2017-06-06 00:00:00,37.5008430480957
srv-007,2017-06-06 01:00:00,42.41225051879883
srv-007,2017-06-06 02:00:00,42.497947692871094
srv-007,2017-06-06 03:00:00,46.07920455932617
srv-007,2017-06-06 04:00:00,48.062767028808594
srv-007,2017-06-06 05:00:00,45.81508255004883
srv-007,2017-06-06 06:00:00,45.04030990600586
srv-007,2017-06-06 07:00:00,44.88435363769531
srv-007,2017-06-06 08:00:00,49.64936065673828
srv-007,2017-06-06 09:00:00,49.31207275390625
srv-007,2017-06-06 10:00:00,51.58220672607422
srv-007,2017-06-06 11:00:00,54.17306900024414
srv-007,2017-06-06 12:00:00,55.569908142089844
srv-007,2017-06-06 13:00:00,52.924644470214844
srv-007,2017-06-06 14:00:00,54.215789794921875
srv-007,2017-06-06 15:00:00,55.867130279541016
srv-007,2017-06-06 16:00:00,52.50230026245117
srv-007,2017-06-06 17:00:00,52.57236862182617
srv-007,2017-06-06 18:00:00,47.975852966308594
srv-007,2017-06-06 19:00:00,48.65974426269531
srv-007,2017-06-06 20:00:00,49.582557678222656
srv-007,2017-06-06 21:00:00,49.312461853027344
srv-007,2017-06-06 22:00:00,48.11761474609375
srv-007,2017-06-06 23:00:00,47.7376708984375
srv-007,2017-06-07 00:00:00,51.7177734375
srv-007,2017-06-07 01:00:00,50.83850860595703
srv-007,2017-06-07 02:00:00,50.44911193847656
srv-007,2017-06-07 03:00:00,51.47377014160156
srv-007,2017-06-07 04:00:00,53.55717468261719
srv-007,2017-06-07 05:00:00,53.854793548583984
srv-007,2017-06-07 06:00:00,50.99645233154297
srv-007,2017-06-07 07:00:00,50.19593048095703
srv-007,2017-06-07 08:00:00,51.460792541503906
srv-007,2017-06-07 09:00:00,48.404747009277344
srv-007,2017-06-07 10:00:00,50.85255432128906
srv-007,2017-06-07 11:00:00,51.997650146484375
srv-007,2017-06-07 12:00:00,49.9633903503418
srv-007,2017-06-07 13:00:00,49.928924560546875
srv-007,2017-06-07 14:00:00,53.74968719482422
srv-007,2017-06-07 15:00:00,55.700469970703125
srv-007,2017-06-07 16:00:00,55.66648483276367
srv-007,2017-06-07 17:00:00,56.00109100341797
srv-007,2017-06-07 18:00:00,54.422935485839844
srv-007,2017-06-07 19:00:00,52.8385124206543
srv-007,2017-06-07 20:00:00,53.95066452026367
srv-007,2017-06-07 21:00:00,53.564640045166016
srv-007,2017-06-07 22:00:00,51.39867401123047
srv-007,2017-06-07 23:00:00,51.31344985961914
srv-007,2017-06-08 00:00:00,50.40831756591797
srv-007,2017-06-08 01:00:00,47.82581329345703
srv-007,2017-06-08 02:00:00,47.27549743652344
srv-007,2017-06-08 03:00:00,49.35633850097656
srv-007,2017-06-08 04:00:00,49.686859130859375
srv-007,2017-06-08 05:00:00,47.701499938964844
srv-007,2017-06-08 06:00:00,48.494239807128906
srv-007,2017-06-08 07:00:00,47.77272415161133
srv-007,2017-06-08 08:00:00,49.1304931640625
srv-007,2017-06-08 09:00:00,51.2072639465332
srv-007,2017-06-08 10:00:00,52.726993560791016
srv-007,2017-06-08 11:00:00,52.00253677368164
srv-007,2017-06-08 12:00:00,54.232398986816406
srv-007,2017-06-08 13:00:00,53.14793395996094
srv-007,2017-06-08 14:00:00,53.724754333496094
srv-007,2017-06-08 15:00:00,53.62208938598633
srv-007,2017-06-08 16:00:00,51.78254699707031
srv-007,2017-06-08 17:00:00,49.836063385009766
srv-007,2017-06-08 18:00:00,47.133567810058594
srv-007,2017-06-08 19:00:00,45.307395935058594
srv-007,2017-06-08 20:00:00,47.250823974609375
srv-007,2017-06-08 21:00:00,44.38467788696289
srv-007,2017-06-08 22:00:00,44.66087341308594
srv-007,2017-06-08 23:00:00,44.94091796875
srv-007,2017-06-09 00:00:00,42.802459716796875
srv-007,2017-06-09 01:00:00,45.09686279296875
srv-007,2017-06-09 02:00:00,43.85939025878906
srv-007,2017-06-09 03:00:00,40.66364288330078
srv-007,2017-06-09 04:00:00,45.498565673828125
srv-007,2017-06-09 05:00:00,47.70087432861328
srv-007,2017-06-09 06:00:00,44.62696838378906
srv-007,2017-06-09 07:00:00,43.41037368774414
srv-007,2017-06-09 08:00:00,43.61050033569336
srv-007,2017-06-09 09:00:00,40.93792724609375
srv-007,2017-06-09 10:00:00,43.883277893066406
srv-007,2017-06-09 11:00:00,41.257328033447266
srv-007,2017-06-09 12:00:00,40.20161437988281
srv-007,2017-06-09 13:00:00,37.12615966796875
srv-007,2017-06-09 14:00:00,39.13032150268555
srv-007,2017-06-09 15:00:00,41.926971435546875
srv-007,2017-06-09 16:00:00,38.30754089355469
srv-007,2017-06-09 17:00:00,39.89044189453125
srv-007,2017-06-09 18:00:00,36.852874755859375
srv-007,2017-06-09 19:00:00,38.94523239135742
srv-007,2017-06-09 20:00:00,39.09851837158203
srv-007,2017-06-09 21:00:00,37.41600799560547
srv-007,2017-06-09 22:00:00,37.669944763183594
srv-007,2017-06-09 23:00:00,38.3563232421875
srv-007,2017-06-10 00:00:00,38.64601135253906
srv-007,2017-06-10 01:00:00,41.615577697753906
srv-007,2017-06-10 02:00:00,42.74070739746094
srv-007,2017-06-10 03:00:00,41.230674743652344
srv-007,2017-06-10 04:00:00,42.32586669921875
srv-007,2017-06-10 05:00:00,38.62339782714844
srv-007,2017-06-10 06:00:00,37.942893981933594
srv-007,2017-06-10 07:00:00,35.05280685424805
srv-007,2017-06-10 08:00:00,38.0810546875
srv-007,2017-06-10 09:00:00,38.56074142456055
srv-007,2017-06-10 10:00:00,40.1949462890625
srv-007,2017-06-10 11:00:00,41.397029876708984
srv-007,2017-06-10 12:00:00,38.201847076416016
srv-007,2017-06-10 13:00:00,40.82371520996094
srv-007,2017-06-10 14:00:00,42.59861755371094
srv-007,2017-06-10 15:00:00,44.4738655090332
srv-007,2017-06-10 16:00:00,42.74949645996094
srv-007,2017-06-10 17:00:00,43.17119598388672
srv-007,2017-06-10 18:00:00,42.032745361328125
srv-007,2017-06-10 19:00:00,40.626712799072266
srv-007,2017-06-10 20:00:00,34.54127883911133
srv-007,2017-06-10 21:00:00,35.82714080810547
srv-007,2017-06-10 22:00:00,37.23109436035156
srv-007,2017-06-10 23:00:00,37.58039093017578
srv-007,2017-06-11 00:00:00,36.129207611083984
srv-007,2017-06-11 01:00:00,38.13945388793945
srv-007,2017-06-11 02:00:00,40.919288635253906
srv-007,2017-06-11 03:00:00,39.3896484375
srv-007,2017-06-11 04:00:00,42.69456481933594
srv-007,2017-06-11 05:00:00,40.6305046081543
srv-007,2017-06-11 06:00:00,37.93207550048828
srv-007,2017-06-11 07:00:00,39.31687927246094
srv-007,2017-06-11 08:00:00,37.083709716796875
srv-007,2017-06-11 09:00:00,36.96527099609375
srv-007,2017-06-11 10:00:00,39.15652847290039
srv-007,2017-06-11 11:00:00,38.73064041137695
srv-007,2017-06-11 12:00:00,42.058128356933594
srv-007,2017-06-11 13:00:00,44.27389907836914
srv-007,2017-06-11 14:00:00,43.70392990112305
srv-007,2017-06-11 15:00:00,38.64025115966797
srv-007,2017-06-11 16:00:00,40.54161071777344
srv-007,2017-06-11 17:00:00,39.18468475341797
srv-007,2017-06-11 18:00:00,41.07085418701172
srv-007,2017-06-11 19:00:00,40.47883605957031
srv-007,2017-06-11 20:00:00,40.13532638549805
srv-007,2017-06-11 21:00:00,37.6885986328125
srv-007,2017-06-11 22:00:00,38.00647735595703
srv-007,2017-06-11 23:00:00,40.747276306152344
srv-007,2017-06-12 00:00:00,40.87857437133789
srv-007,2017-06-12 01:00:00,36.58489227294922
srv-007,2017-06-12 02:00:00,37.43227005004883
srv-007,2017-06-12 03:00:00,36.15935516357422
srv-007,2017-06-12 04:00:00,35.962188720703125
srv-007,2017-06-12 05:00:00,37.89976501464844
srv-007,2017-06-12 06:00:00,36.883399963378906
srv-007,2017-06-12 07:00:00,35.66117858886719
srv-007,2017-06-12 08:00:00,35.77101135253906
srv-007,2017-06-12 09:00:00,35.660369873046875
srv-007,2017-06-12 10:00:00,37.70841598510742
srv-007,2017-06-12 11:00:00,43.685123443603516
srv-007,2017-06-12 12:00:00,42.71487045288086
srv-007,2017-06-12 13:00:00,44.951881408691406
srv-007,2017-06-12 14:00:00,40.820777893066406
srv-007,2017-06-12 15:00:00,39.332176208496094
srv-007,2017-06-12 16:00:00,37.26883316040039
srv-007,2017-06-12 17:00:00,41.940425872802734
srv-007,2017-06-12 18:00:00,42.679107666015625
srv-007,2017-06-12 19:00:00,42.33391189575195
srv-007,2017-06-12 20:00:00,40.16468048095703
srv-007,2017-06-12 21:00:00,39.69776916503906
srv-007,2017-06-12 22:00:00,42.878570556640625
srv-007,2017-06-12 23:00:00,42.40660858154297
srv-007,2017-06-13 00:00:00,43.44361114501953
srv-007,2017-06-13 01:00:00,46.94568634033203
srv-007,2017-06-13 02:00:00,46.92705535888672
srv-007,2017-06-13 03:00:00,47.600257873535156
srv-007,2017-06-13 04:00:00,41.54886245727539
srv-007,2017-06-13 05:00:00,40.53961944580078
srv-007,2017-06-13 06:00:00,46.24751281738281
srv-007,2017-06-13 07:00:00,44.37640380859375
srv-007,2017-06-13 08:00:00,47.663917541503906
srv-007,2017-06-13 09:00:00,45.106468200683594
srv-007,2017-06-13 10:00:00,47.209877014160156
srv-007,2017-06-13 11:00:00,50.8785400390625
srv-007,2017-06-13 12:00:00,53.19415283203125
srv-007,2017-06-13 13:00:00,56.26026916503906
srv-007,2017-06-13 14:00:00,56.22429656982422
srv-007,2017-06-13 15:00:00,52.74504089355469
srv-007,2017-06-13 16:00:00,49.014442443847656
srv-007,2017-06-13 17:00:00,46.822811126708984
srv-007,2017-06-13 18:00:00,48.08509826660156
srv-007,2017-06-13 19:00:00,47.81586456298828
srv-007,2017-06-13 20:00:00,48.86296844482422
srv-007,2017-06-13 21:00:00,48.21359634399414
srv-007,2017-06-13 22:00:00,50.658782958984375
srv-007,2017-06-13 23:00:00,46.41679382324219
srv-007,2017-06-14 00:00:00,49.400245666503906
srv-007,2017-06-14 01:00:00,51.25969696044922
srv-007,2017-06-14 02:00:00,53.436641693115234
srv-007,2017-06-14 03:00:00,54.03372573852539
srv-007,2017-06-14 04:00:00,56.031898498535156
srv-007,2017-06-14 05:00:00,53.34563064575195
srv-007,2017-06-14 06:00:00,52.58473205566406
srv-007,2017-06-14 07:00:00,52.848384857177734
srv-007,2017-06-14 08:00:00,52.3741455078125
srv-007,2017-06-14 09:00:00,52.38363265991211
srv-007,2017-06-14 10:00:00,52.71936798095703
srv-007,2017-06-14 11:00:00,54.3209228515625
srv-007,2017-06-14 12:00:00,54.67234420776367
srv-007,2017-06-14 13:00:00,54.575836181640625
srv-007,2017-06-14 14:00:00,51.8377799987793
srv-007,2017-06-14 15:00:00,55.34693908691406
srv-007,2017-06-14 16:00:00,54.729225158691406
srv-007,2017-06-14 17:00:00,51.80984115600586
srv-007,2017-06-14 18:00:00,50.06352996826172
srv-007,2017-06-14 19:00:00,48.78093719482422
srv-007,2017-06-14 20:00:00,48.49381637573242
srv-007,2017-06-14 21:00:00,49.482582092285156
srv-007,2017-06-14 22:00:00,47.120216369628906
srv-007,2017-06-14 23:00:00,47.03881072998047
srv-007,2017-06-15 00:00:00,48.54728698730469
srv-007,2017-06-15 01:00:00,51.32611083984375
srv-007,2017-06-15 02:00:00,47.994178771972656
srv-007,2017-06-15 03:00:00,48.26693344116211
srv-007,2017-06-15 04:00:00,50.311561584472656
srv-007,2017-06-15 05:00:00,52.256752014160156
srv-007,2017-06-15 06:00:00,53.187747955322266
srv-007,2017-06-15 07:00:00,49.257293701171875
srv-007,2017-06-15 08:00:00,50.77326965332031
srv-007,2017-06-15 09:00:00,48.505348205566406
srv-007,2017-06-15 10:00:00,49.32506561279297
srv-007,2017-06-15 11:00:00,50.86427307128906
srv-007,2017-06-15 12:00:00,52.863895416259766
srv-007,2017-06-15 13:00:00,51.679500579833984
srv-007,2017-06-15 14:00:00,47.32648468017578
srv-007,2017-06-15 15:00:00,50.648460388183594
srv-007,2017-06-15 16:00:00,49.72570037841797
srv-007,2017-06-15 17:00:00,46.98659896850586
srv-007,2017-06-15 18:00:00,47.342872619628906
srv-007,2017-06-15 19:00:00,44.33769607543945
srv-007,2017-06-15 20:00:00,44.80146408081055
srv-007,2017-06-15 21:00:00,45.340415954589844
srv-007,2017-06-15 22:00:00,43.6703987121582
srv-007,2017-06-15 23:00:00,44.10419464111328
srv-007,2017-06-16 00:00:00,42.891700744628906
srv-007,2017-06-16 01:00:00,40.54595947265625
srv-007,2017-06-16 02:00:00,37.650611877441406
srv-007,2017-06-16 03:00:00,41.158119201660156
srv-007,2017-06-16 04:00:00,43.48979949951172
srv-007,2017-06-16 05:00:00,44.436275482177734
srv-007,2017-06-16 06:00:00,44.27861404418945
srv-007,2017-06-16 07:00:00,46.85687255859375
srv-007,2017-06-16 08:00:00,47.4464111328125
srv-007,2017-06-16 09:00:00,43.22408676147461
srv-007,2017-06-16 10:00:00,43.87493896484375
srv-007,2017-06-16 11:00:00,43.40281677246094
srv-007,2017-06-16 12:00:00,46.328147888183594
srv-007,2017-06-16 13:00:00,46.210025787353516
srv-007,2017-06-16 14:00:00,43.639625549316406
srv-007,2017-06-16 15:00:00,42.016136169433594
srv-007,2017-06-16 16:00:00,42.48222732543945
srv-007,2017-06-16 17:00:00,43.1943244934082
srv-007,2017-06-16 18:00:00,42.43132019042969
srv-007,2017-06-16 19:00:00,42.3132209777832
srv-007,2017-06-16 20:00:00,36.80430603027344
srv-007,2017-06-16 21:00:00,38.02247619628906
srv-007,2017-06-16 22:00:00,36.832603454589844
srv-007,2017-06-16 23:00:00,37.4126091003418
srv-007,2017-06-17 00:00:00,35.22182083129883
srv-007,2017-06-17 01:00:00,36.88785934448242
srv-007,2017-06-17 02:00:00,38.25054931640625
srv-007,2017-06-17 03:00:00,35.8312873840332
srv-007,2017-06-17 04:00:00,40.781272888183594
srv-007,2017-06-17 05:00:00,41.28343963623047
srv-007,2017-06-17 06:00:00,43.682472229003906
srv-007,2017-06-17 07:00:00,40.33303451538086
srv-007,2017-06-17 08:00:00,40.545318603515625
srv-007,2017-06-17 09:00:00,43.46113967895508
srv-007,2017-06-17 10:00:00,41.33024597167969
srv-007,2017-06-17 11:00:00,41.094886779785156
srv-007,2017-06-17 12:00:00,39.01531982421875
srv-007,2017-06-17 13:00:00,38.506629943847656
srv-007,2017-06-17 14:00:00,40.501136779785156
srv-007,2017-06-17 15:00:00,40.034515380859375
srv-007,2017-06-17 16:00:00,38.472999572753906
srv-007,2017-06-17 17:00:00,40.818695068359375
srv-007,2017-06-17 18:00:00,42.11729431152344
srv-007,2017-06-17 19:00:00,42.48849868774414
srv-007,2017-06-17 20:00:00,40.58428955078125
srv-007,2017-06-17 21:00:00,38.6097526550293
srv-007,2017-06-17 22:00:00,38.011924743652344
srv-007,2017-06-17 23:00:00,39.14061737060547
srv-007,2017-06-18 00:00:00,39.569732666015625
srv-007,2017-06-18 01:00:00,38.369083404541016
srv-007,2017-06-18 02:00:00,36.60195541381836
srv-007,2017-06-18 03:00:00,35.183475494384766
srv-007,2017-06-18 04:00:00,38.34696960449219
srv-007,2017-06-18 05:00:00,40.686004638671875
srv-007,2017-06-18 06:00:00,36.982826232910156
srv-007,2017-06-18 07:00:00,39.418235778808594
srv-007,2017-06-18 08:00:00,39.07027053833008
srv-007,2017-06-18 09:00:00,43.21197509765625
srv-007,2017-06-18 10:00:00,42.04278564453125
srv-007,2017-06-18 11:00:00,44.425968170166016
srv-007,2017-06-18 12:00:00,49.993080139160156
srv-007,2017-06-18 13:00:00,49.114036560058594
srv-007,2017-06-18 14:00:00,45.437015533447266
srv-007,2017-06-18 15:00:00,42.52981948852539
srv-007,2017-06-18 16:00:00,43.73408126831055
srv-007,2017-06-18 17:00:00,45.28670120239258
srv-007,2017-06-18 18:00:00,44.22862243652344
srv-007,2017-06-18 19:00:00,43.43103790283203
srv-007,2017-06-18 20:00:00,41.04658126831055
srv-007,2017-06-18 21:00:00,37.95781707763672
srv-007,2017-06-18 22:00:00,36.22056579589844
srv-007,2017-06-18 23:00:00,36.82280349731445
srv-007,2017-06-19 00:00:00,31.222084045410156
srv-007,2017-06-19 01:00:00,38.139549255371094
srv-007,2017-06-19 02:00:00,40.38524627685547
srv-007,2017-06-19 03:00:00,33.12206268310547
srv-007,2017-06-19 04:00:00,38.285057067871094
srv-007,2017-06-19 05:00:00,38.53497314453125
srv-007,2017-06-19 06:00:00,40.86888122558594
srv-007,2017-06-19 07:00:00,40.68387985229492
srv-007,2017-06-19 08:00:00,45.623504638671875
srv-007,2017-06-19 09:00:00,44.71268844604492
srv-007,2017-06-19 10:00:00,44.51780700683594
srv-007,2017-06-19 11:00:00,45.95418167114258
srv-007,2017-06-19 12:00:00,44.88929748535156
srv-007,2017-06-19 13:00:00,48.840797424316406
srv-007,2017-06-19 14:00:00,51.151573181152344
srv-007,2017-06-19 15:00:00,47.82952117919922
srv-007,2017-06-19 16:00:00,45.436405181884766
srv-007,2017-06-19 17:00:00,43.712039947509766
srv-007,2017-06-19 18:00:00,46.70440673828125
srv-007,2017-06-19 19:00:00,46.220218658447266
srv-007,2017-06-19 20:00:00,48.65199279785156
srv-007,2017-06-19 21:00:00,45.059329986572266
srv-007,2017-06-19 22:00:00,44.36205291748047
srv-007,2017-06-19 23:00:00,43.94252014160156
srv-007,2017-06-20 00:00:00,45.24517822265625
srv-007,2017-06-20 01:00:00,44.56257247924805
srv-007,2017-06-20 02:00:00,41.225059509277344
srv-007,2017-06-20 03:00:00,46.08684158325195
srv-007,2017-06-20 04:00:00,47.20285415649414
srv-007,2017-06-20 05:00:00,47.067230224609375
srv-007,2017-06-20 06:00:00,52.93431091308594
srv-007,2017-06-20 07:00:00,51.87548828125
srv-007,2017-06-20 08:00:00,55.069435119628906
srv-007,2017-06-20 09:00:00,53.09259033203125
srv-007,2017-06-20 10:00:00,52.068603515625
srv-007,2017-06-20 11:00:00,51.361122131347656
srv-007,2017-06-20 12:00:00,55.445823669433594
srv-007,2017-06-20 13:00:00,54.23951721191406
srv-007,2017-06-20 14:00:00,54.63190460205078
srv-007,2017-06-20 15:00:00,55.72101593017578
srv-007,2017-06-20 16:00:00,52.743534088134766
srv-007,2017-06-20 17:00:00,52.120147705078125
srv-007,2017-06-20 18:00:00,49.83545684814453
srv-007,2017-06-20 19:00:00,49.76749038696289
srv-007,2017-06-20 20:00:00,46.7679557800293
srv-007,2017-06-20 21:00:00,48.493324279785156
srv-007,2017-06-20 22:00:00,50.7196044921875
srv-007,2017-06-20 23:00:00,47.54032897949219
srv-007,2017-06-21 00:00:00,49.09981155395508
srv-007,2017-06-21 01:00:00,51.92341613769531
srv-007,2017-06-21 02:00:00,52.45220947265625
srv-007,2017-06-21 03:00:00,50.785552978515625
srv-007,2017-06-21 04:00:00,53.52373504638672
srv-007,2017-06-21 05:00:00,51.67426300048828
srv-007,2017-06-21 06:00:00,52.22026824951172
srv-007,2017-06-21 07:00:00,51.760562896728516
srv-007,2017-06-21 08:00:00,55.32167053222656
srv-007,2017-06-21 09:00:00,56.37077331542969
srv-007,2017-06-21 10:00:00,52.77833938598633
srv-007,2017-06-21 11:00:00,56.782752990722656
srv-007,2017-06-21 12:00:00,56.68562316894531
srv-007,2017-06-21 13:00:00,53.30805206298828
srv-007,2017-06-21 14:00:00,53.745601654052734
srv-007,2017-06-21 15:00:00,55.79498291015625
srv-007,2017-06-21 16:00:00,58.356842041015625
srv-007,2017-06-21 17:00:00,54.93419647216797
srv-007,2017-06-21 18:00:00,53.449039459228516
srv-007,2017-06-21 19:00:00,55.505767822265625
srv-007,2017-06-21 20:00:00,53.63487243652344
srv-007,2017-06-21 21:00:00,54.941200256347656
srv-007,2017-06-21 22:00:00,54.00819396972656
srv-007,2017-06-21 23:00:00,51.523887634277344
srv-007,2017-06-22 00:00:00,49.0035400390625
srv-007,2017-06-22 01:00:00,49.41881561279297
srv-007,2017-06-22 02:00:00,50.8388786315918
srv-007,2017-06-22 03:00:00,51.072940826416016
srv-007,2017-06-22 04:00:00,48.274940490722656
srv-007,2017-06-22 05:00:00,49.416748046875
srv-007,2017-06-22 06:00:00,50.023536682128906
srv-007,2017-06-22 07:00:00,46.409202575683594
srv-007,2017-06-22 08:00:00,49.138755798339844
srv-007,2017-06-22 09:00:00,50.31372833251953
srv-007,2017-06-22 10:00:00,52.24522018432617
srv-007,2017-06-22 11:00:00,54.967079162597656
srv-007,2017-06-22 12:00:00,54.907867431640625
srv-007,2017-06-22 13:00:00,53.08197784423828
srv-007,2017-06-22 14:00:00,51.884254455566406
srv-007,2017-06-22 15:00:00,49.86398696899414
srv-007,2017-06-22 16:00:00,47.191932678222656
srv-007,2017-06-22 17:00:00,48.09734344482422
srv-007,2017-06-22 18:00:00,49.14533233642578
srv-007,2017-06-22 19:00:00,46.143409729003906
srv-007,2017-06-22 20:00:00,45.88954162597656
srv-007,2017-06-22 21:00:00,43.75736999511719
srv-007,2017-06-22 22:00:00,42.16197204589844
srv-007,2017-06-22 23:00:00,41.290870666503906
srv-007,2017-06-23 00:00:00,38.39948654174805
srv-007,2017-06-23 01:00:00,40.275238037109375
srv-007,2017-06-23 02:00:00,39.356483459472656
srv-007,2017-06-23 03:00:00,42.280948638916016
srv-007,2017-06-23 04:00:00,38.540103912353516
srv-007,2017-06-23 05:00:00,40.05082702636719
srv-007,2017-06-23 06:00:00,41.13066864013672
srv-007,2017-06-23 07:00:00,38.762107849121094
srv-007,2017-06-23 08:00:00,41.154598236083984
srv-007,2017-06-23 09:00:00,43.333274841308594
srv-007,2017-06-23 10:00:00,41.23396301269531
srv-007,2017-06-23 11:00:00,43.212982177734375
srv-007,2017-06-23 12:00:00,44.77446746826172
srv-007,2017-06-23 13:00:00,42.11853790283203
srv-007,2017-06-23 14:00:00,43.2908935546875
srv-007,2017-06-23 15:00:00,42.8697395324707
srv-007,2017-06-23 16:00:00,44.24068069458008
srv-007,2017-06-23 17:00:00,45.12093734741211
srv-007,2017-06-23 18:00:00,43.957115173339844
srv-007,2017-06-23 19:00:00,40.10174560546875
srv-007,2017-06-23 20:00:00,41.793121337890625
srv-007,2017-06-23 21:00:00,40.02937316894531
srv-007,2017-06-23 22:00:00,39.105892181396484
srv-007,2017-06-23 23:00:00,36.96277618408203
srv-007,2017-06-24 00:00:00,39.17591857910156
srv-007,2017-06-24 01:00:00,42.37889862060547
srv-007,2017-06-24 02:00:00,41.26552963256836
srv-007,2017-06-24 03:00:00,43.37423324584961
srv-007,2017-06-24 04:00:00,43.4067497253418
srv-007,2017-06-24 05:00:00,45.32367706298828
srv-007,2017-06-24 06:00:00,44.08075714111328
srv-007,2017-06-24 07:00:00,34.21822738647461
srv-007,2017-06-24 08:00:00,34.440101623535156
srv-007,2017-06-24 09:00:00,38.35512161254883
srv-007,2017-06-24 10:00:00,37.36411666870117
srv-007,2017-06-24 11:00:00,39.99375915527344
srv-007,2017-06-24 12:00:00,41.96833038330078
srv-007,2017-06-24 13:00:00,45.58462905883789
srv-007,2017-06-24 14:00:00,44.52817153930664
srv-007,2017-06-24 15:00:00,43.34935760498047
srv-007,2017-06-24 16:00:00,45.90647506713867
srv-007,2017-06-24 17:00:00,45.1396484375
srv-007,2017-06-24 18:00:00,44.55511474609375
srv-007,2017-06-24 19:00:00,45.116485595703125
srv-007,2017-06-24 20:00:00,44.79881286621094
srv-007,2017-06-24 21:00:00,42.25294876098633
srv-007,2017-06-24 22:00:00,39.73948669433594
srv-007,2017-06-24 23:00:00,38.326416015625
srv-007,2017-06-25 00:00:00,41.684783935546875
srv-007,2017-06-25 01:00:00,41.50067901611328
srv-007,2017-06-25 02:00:00,41.91315460205078
srv-007,2017-06-25 03:00:00,39.6231803894043
srv-007,2017-06-25 04:00:00,39.386474609375
srv-007,2017-06-25 05:00:00,42.47970199584961
srv-007,2017-06-25 06:00:00,40.12858581542969
srv-007,2017-06-25 07:00:00,39.71123504638672
srv-007,2017-06-25 08:00:00,41.29738998413086
srv-007,2017-06-25 09:00:00,37.993980407714844
srv-007,2017-06-25 10:00:00,39.230384826660156
srv-007,2017-06-25 11:00:00,40.368316650390625
srv-007,2017-06-25 12:00:00,40.589412689208984
srv-007,2017-06-25 13:00:00,44.85664749145508
srv-007,2017-06-25 14:00:00,43.12623596191406
srv-007,2017-06-25 15:00:00,47.20967102050781
srv-007,2017-06-25 16:00:00,48.22282028198242
srv-007,2017-06-25 17:00:00,49.093353271484375
srv-007,2017-06-25 18:00:00,49.26294708251953
srv-007,2017-06-25 19:00:00,44.16349792480469
srv-007,2017-06-25 20:00:00,41.40458679199219
srv-007,2017-06-25 21:00:00,43.09259796142578
srv-007,2017-06-25 22:00:00,41.89909744262695
srv-007,2017-06-25 23:00:00,40.54566955566406
srv-007,2017-06-26 00:00:00,36.319305419921875
srv-007,2017-06-26 01:00:00,32.625282287597656
srv-007,2017-06-26 02:00:00,36.95629119873047
srv-007,2017-06-26 03:00:00,40.30192947387695
srv-007,2017-06-26 04:00:00,40.81696701049805
srv-007,2017-06-26 05:00:00,44.442508697509766
srv-007,2017-06-26 06:00:00,43.28169631958008
srv-007,2017-06-26 07:00:00,39.1358642578125
srv-007,2017-06-26 08:00:00,40.57747268676758
srv-007,2017-06-26 09:00:00,34.55024337768555
srv-007,2017-06-26 10:00:00,40.889381408691406
srv-007,2017-06-26 11:00:00,41.95375061035156
srv-007,2017-06-26 12:00:00,47.37312316894531
srv-007,2017-06-26 13:00:00,46.16676330566406
srv-007,2017-06-26 14:00:00,47.23246765136719
srv-007,2017-06-26 15:00:00,46.34808349609375
srv-007,2017-06-26 16:00:00,46.382545471191406
srv-007,2017-06-26 17:00:00,44.76268768310547
srv-007,2017-06-26 18:00:00,42.01813507080078
srv-007,2017-06-26 19:00:00,43.90802001953125
srv-007,2017-06-26 20:00:00,42.620811462402344
srv-007,2017-06-26 21:00:00,41.65003967285156
srv-007,2017-06-26 22:00:00,39.16233825683594
srv-007,2017-06-26 23:00:00,40.33808898925781
srv-007,2017-06-27 00:00:00,44.64781188964844
srv-007,2017-06-27 01:00:00,42.276824951171875
srv-007,2017-06-27 02:00:00,46.786476135253906
srv-007,2017-06-27 03:00:00,40.42481231689453
srv-007,2017-06-27 04:00:00,41.106056213378906
srv-007,2017-06-27 05:00:00,46.38600158691406
srv-007,2017-06-27 06:00:00,45.98992156982422
srv-007,2017-06-27 07:00:00,44.32447814941406
srv-007,2017-06-27 08:00:00,47.93286895751953
srv-007,2017-06-27 09:00:00,48.61182403564453
srv-007,2017-06-27 10:00:00,49.53116226196289
srv-007,2017-06-27 11:00:00,47.274322509765625
srv-007,2017-06-27 12:00:00,48.31875228881836
srv-007,2017-06-27 13:00:00,45.91795349121094
srv-007,2017-06-27 14:00:00,47.61159896850586
srv-007,2017-06-27 15:00:00,49.78795623779297
srv-007,2017-06-27 16:00:00,53.42089080810547
srv-007,2017-06-27 17:00:00,53.128578186035156
srv-007,2017-06-27 18:00:00,52.773162841796875
srv-007,2017-06-27 19:00:00,49.660560607910156
srv-007,2017-06-27 20:00:00,49.624019622802734
srv-007,2017-06-27 21:00:00,51.78840637207031
srv-007,2017-06-27 22:00:00,47.79552459716797
srv-007,2017-06-27 23:00:00,47.65126037597656
srv-007,2017-06-28 00:00:00,51.72883605957031
srv-007,2017-06-28 01:00:00,49.34435272216797
srv-007,2017-06-28 02:00:00,50.450286865234375
srv-007,2017-06-28 03:00:00,50.69063949584961
srv-007,2017-06-28 04:00:00,49.2772216796875
srv-007,2017-06-28 05:00:00,49.698143005371094
srv-007,2017-06-28 06:00:00,50.871219635009766
srv-007,2017-06-28 07:00:00,50.00421905517578
srv-007,2017-06-28 08:00:00,54.639251708984375
srv-007,2017-06-28 09:00:00,53.38813781738281
srv-007,2017-06-28 10:00:00,52.43293380737305
srv-007,2017-06-28 11:00:00,55.60798645019531
srv-007,2017-06-28 12:00:00,56.57073211669922
srv-007,2017-06-28 13:00:00,54.934749603271484
srv-007,2017-06-28 14:00:00,55.096893310546875
srv-007,2017-06-28 15:00:00,56.79442596435547
srv-007,2017-06-28 16:00:00,57.71746826171875
srv-007,2017-06-28 17:00:00,56.804847717285156
srv-007,2017-06-28 18:00:00,52.71258544921875
srv-007,2017-06-28 19:00:00,56.43333435058594
srv-007,2017-06-28 20:00:00,40.976234436035156
srv-007,2017-06-28 21:00:00,43.444969177246094
srv-007,2017-06-28 22:00:00,41.760902404785156
srv-007,2017-06-28 23:00:00,49.13800811767578
srv-007,2017-06-29 00:00:00,46.73910140991211
srv-007,2017-06-29 01:00:00,47.823509216308594
srv-007,2017-06-29 02:00:00,49.46236038208008
srv-007,2017-06-29 03:00:00,51.36488723754883
srv-007,2017-06-29 04:00:00,51.34471893310547
srv-007,2017-06-29 05:00:00,50.72759246826172
srv-007,2017-06-29 06:00:00,48.85251998901367
srv-007,2017-06-29 07:00:00,50.4197998046875
srv-007,2017-06-29 08:00:00,52.825401306152344
srv-007,2017-06-29 09:00:00,46.76971435546875
srv-007,2017-06-29 10:00:00,46.16325378417969
srv-007,2017-06-29 11:00:00,48.50682067871094
srv-007,2017-06-29 12:00:00,50.17405700683594
srv-007,2017-06-29 13:00:00,52.66912078857422
srv-007,2017-06-29 14:00:00,53.32166290283203
srv-007,2017-06-29 15:00:00,49.57709503173828
srv-007,2017-06-29 16:00:00,49.56589889526367
srv-007,2017-06-29 17:00:00,48.27613830566406
srv-007,2017-06-29 18:00:00,49.72346878051758
srv-007,2017-06-29 19:00:00,47.53895950317383
srv-007,2017-06-29 20:00:00,45.26544189453125
srv-007,2017-06-29 21:00:00,45.68523406982422
srv-007,2017-06-29 22:00:00,43.934326171875
srv-007,2017-06-29 23:00:00,43.6369514465332
srv-007,2017-06-30 00:00:00,44.77389144897461
srv-007,2017-06-30 01:00:00,45.888641357421875
srv-007,2017-06-30 02:00:00,45.68999481201172
srv-007,2017-06-30 03:00:00,47.49034118652344
srv-007,2017-06-30 04:00:00,43.737815856933594
srv-007,2017-06-30 05:00:00,45.426124572753906
srv-007,2017-06-30 06:00:00,49.39171600341797
srv-007,2017-06-30 07:00:00,47.599143981933594
srv-007,2017-06-30 08:00:00,47.07134246826172
srv-007,2017-06-30 09:00:00,47.01301956176758
srv-007,2017-06-30 10:00:00,45.875762939453125
srv-007,2017-06-30 11:00:00,43.84972381591797
srv-007,2017-06-30 12:00:00,38.72120666503906
srv-007,2017-06-30 13:00:00,39.517242431640625
srv-007,2017-06-30 14:00:00,40.39952850341797
srv-007,2017-06-30 15:00:00,39.20881652832031
srv-007,2017-06-30 16:00:00,42.498558044433594
srv-007,2017-06-30 17:00:00,41.86888885498047
srv-007,2017-06-30 18:00:00,40.184757232666016
srv-007,2017-06-30 19:00:00,39.37366485595703
srv-007,2017-06-30 20:00:00,39.74712371826172
srv-007,2017-06-30 21:00:00,35.81655502319336
srv-007,2017-06-30 22:00:00,37.226470947265625
srv-007,2017-06-30 23:00:00,33.71091842651367
srv-008,2017-06-01 23:00:00,72.45479583740234
srv-008,2017-06-02 00:00:00,71.21041870117188
srv-008,2017-06-02 01:00:00,69.23986053466797
srv-008,2017-06-02 02:00:00,69.5107192993164
srv-008,2017-06-02 03:00:00,67.23312377929688
srv-008,2017-06-02 04:00:00,67.53255462646484
srv-008,2017-06-02 05:00:00,68.17096710205078
srv-008,2017-06-02 06:00:00,65.49087524414062
srv-008,2017-06-02 07:00:00,65.9844970703125
srv-008,2017-06-02 08:00:00,64.48308563232422
srv-008,2017-06-02 09:00:00,65.79829406738281
srv-008,2017-06-02 10:00:00,68.64147186279297
srv-008,2017-06-02 11:00:00,70.7987289428711
srv-008,2017-06-02 12:00:00,71.35569763183594
srv-008,2017-06-02 13:00:00,74.14505767822266
srv-008,2017-06-02 14:00:00,74.87256622314453
srv-008,2017-06-02 15:00:00,70.33287811279297
srv-008,2017-06-02 16:00:00,68.2782211303711
srv-008,2017-06-02 17:00:00,65.23174285888672
srv-008,2017-06-02 18:00:00,65.66275024414062
srv-008,2017-06-02 19:00:00,68.05294799804688
srv-008,2017-06-02 20:00:00,67.3087158203125
srv-008,2017-06-02 21:00:00,68.49021911621094
srv-008,2017-06-02 22:00:00,67.06963348388672
srv-008,2017-06-02 23:00:00,72.6126480102539
srv-008,2017-06-03 00:00:00,74.0772476196289
srv-008,2017-06-03 01:00:00,71.94725036621094
srv-008,2017-06-03 02:00:00,66.40970611572266
srv-008,2017-06-03 03:00:00,65.09367370605469
srv-008,2017-06-03 04:00:00,67.6303939819336
srv-008,2017-06-03 05:00:00,75.05023956298828
srv-008,2017-06-03 06:00:00,72.5915756225586
srv-008,2017-06-03 07:00:00,67.46316528320312
srv-008,2017-06-03 08:00:00,72.42113494873047
srv-008,2017-06-03 09:00:00,73.22087860107422
srv-008,2017-06-03 10:00:00,67.86062622070312
srv-008,2017-06-03 11:00:00,66.75300598144531
srv-008,2017-06-03 12:00:00,70.00466918945312
srv-008,2017-06-03 13:00:00,74.2939224243164
srv-008,2017-06-03 14:00:00,76.00994873046875
srv-008,2017-06-03 15:00:00,78.89876556396484
srv-008,2017-06-03 16:00:00,72.92119598388672
srv-008,2017-06-03 17:00:00,72.26538848876953
srv-008,2017-06-03 18:00:00,76.72532653808594
srv-008,2017-06-03 19:00:00,74.22781372070312
srv-008,2017-06-03 20:00:00,74.64769744873047
srv-008,2017-06-03 21:00:00,69.7094497680664
srv-008,2017-06-03 22:00:00,68.31027221679688
srv-008,2017-06-03 23:00:00,70.16649627685547
srv-008,2017-06-04 00:00:00,74.37274169921875
srv-008,2017-06-04 01:00:00,72.47196197509766
srv-008,2017-06-04 02:00:00,70.56550598144531
srv-008,2017-06-04 03:00:00,70.38565826416016
srv-008,2017-06-04 04:00:00,68.98222351074219
srv-008,2017-06-04 05:00:00,68.64069366455078
srv-008,2017-06-04 06:00:00,70.81411743164062
srv-008,2017-06-04 07:00:00,73.01081085205078
srv-008,2017-06-04 08:00:00,73.7085952758789
srv-008,2017-06-04 09:00:00,73.4095458984375
srv-008,2017-06-04 10:00:00,69.30781555175781
srv-008,2017-06-04 11:00:00,66.85446166992188
srv-008,2017-06-04 12:00:00,70.7101058959961
srv-008,2017-06-04 13:00:00,72.23624420166016
srv-008,2017-06-04 14:00:00,73.76021575927734
srv-008,2017-06-04 15:00:00,71.6091537475586
srv-008,2017-06-04 16:00:00,72.2215347290039
srv-008,2017-06-04 17:00:00,75.25643920898438
srv-008,2017-06-04 18:00:00,73.98046112060547
srv-008,2017-06-04 19:00:00,74.06346893310547
srv-008,2017-06-04 20:00:00,70.05586242675781
srv-008,2017-06-04 21:00:00,69.42539978027344
srv-008,2017-06-04 22:00:00,73.1584701538086
srv-008,2017-06-04 23:00:00,73.96697235107422
srv-008,2017-06-05 00:00:00,67.9211654663086
srv-008,2017-06-05 01:00:00,64.87220764160156
srv-008,2017-06-05 02:00:00,67.83519744873047
srv-008,2017-06-05 03:00:00,69.25707244873047
srv-008,2017-06-05 04:00:00,67.68094635009766
srv-008,2017-06-05 05:00:00,65.4412612915039
srv-008,2017-06-05 06:00:00,65.39646911621094
srv-008,2017-06-05 07:00:00,69.31365966796875
srv-008,2017-06-05 08:00:00,71.63046264648438
srv-008,2017-06-05 09:00:00,71.35297393798828
srv-008,2017-06-05 10:00:00,69.50603485107422
srv-008,2017-06-05 11:00:00,71.8355941772461
srv-008,2017-06-05 12:00:00,71.35948181152344
srv-008,2017-06-05 13:00:00,79.17729949951172
srv-008,2017-06-05 14:00:00,78.03130340576172
srv-008,2017-06-05 15:00:00,79.15177917480469
srv-008,2017-06-05 16:00:00,74.47505950927734
srv-008,2017-06-05 17:00:00,75.33908081054688
srv-008,2017-06-05 18:00:00,80.12553405761719
srv-008,2017-06-05 19:00:00,79.1763916015625
srv-008,2017-06-05 20:00:00,72.9963150024414
srv-008,2017-06-05 21:00:00,74.30109405517578
srv-008,2017-06-05 22:00:00,71.74283599853516
srv-008,2017-06-05 23:00:00,73.27371978759766
srv-008,2017-06-06 00:00:00,74.53108215332031
srv-008,2017-06-06 01:00:00,73.17255401611328
srv-008,2017-06-06 02:00:00,73.58463287353516
srv-008,2017-06-06 03:00:00,78.20655059814453
srv-008,2017-06-06 04:00:00,79.55442810058594
srv-008,2017-06-06 05:00:00,77.66536712646484
srv-008,2017-06-06 06:00:00,79.15259552001953
srv-008,2017-06-06 07:00:00,77.81700134277344
srv-008,2017-06-06 08:00:00,84.81000518798828
srv-008,2017-06-06 09:00:00,82.71813201904297
srv-008,2017-06-06 10:00:00,77.33334350585938
srv-008,2017-06-06 11:00:00,78.04381561279297
srv-008,2017-06-06 12:00:00,78.6781005859375
srv-008,2017-06-06 13:00:00,78.69247436523438
srv-008,2017-06-06 14:00:00,81.16300201416016
srv-008,2017-06-06 15:00:00,80.09745025634766
srv-008,2017-06-06 16:00:00,75.75572967529297
srv-008,2017-06-06 17:00:00,79.21273040771484
srv-008,2017-06-06 18:00:00,78.36688995361328
srv-008,2017-06-06 19:00:00,78.85585021972656
srv-008,2017-06-06 20:00:00,76.86270141601562
srv-008,2017-06-06 21:00:00,76.22996520996094
srv-008,2017-06-06 22:00:00,81.18726348876953
srv-008,2017-06-06 23:00:00,81.09640502929688
srv-008,2017-06-07 00:00:00,83.72434997558594
srv-008,2017-06-07 01:00:00,78.59762573242188
srv-008,2017-06-07 02:00:00,76.64224243164062
srv-008,2017-06-07 03:00:00,80.21573638916016
srv-008,2017-06-07 04:00:00,77.24854278564453
srv-008,2017-06-07 05:00:00,77.0700912475586
srv-008,2017-06-07 06:00:00,78.83037567138672
srv-008,2017-06-07 07:00:00,80.2970199584961
srv-008,2017-06-07 08:00:00,81.46269989013672
srv-008,2017-06-07 09:00:00,78.3639907836914
srv-008,2017-06-07 10:00:00,79.86151885986328
srv-008,2017-06-07 11:00:00,78.96131134033203
srv-008,2017-06-07 12:00:00,81.16732788085938
srv-008,2017-06-07 13:00:00,78.81928253173828
srv-008,2017-06-07 14:00:00,81.0983657836914
srv-008,2017-06-07 15:00:00,83.2328109741211
srv-008,2017-06-07 16:00:00,77.21500396728516
srv-008,2017-06-07 17:00:00,81.54975128173828
srv-008,2017-06-07 18:00:00,82.37039947509766
srv-008,2017-06-07 19:00:00,81.197265625
srv-008,2017-06-07 20:00:00,78.74663543701172
srv-008,2017-06-07 21:00:00,81.34439849853516
srv-008,2017-06-07 22:00:00,82.87321472167969
srv-008,2017-06-07 23:00:00,77.4037857055664
srv-008,2017-06-08 00:00:00,74.55339813232422
srv-008,2017-06-08 01:00:00,75.89424896240234
srv-008,2017-06-08 02:00:00,79.24501037597656
srv-008,2017-06-08 03:00:00,77.43477630615234
srv-008,2017-06-08 04:00:00,76.66566467285156
srv-008,2017-06-08 05:00:00,76.97943878173828
srv-008,2017-06-08 06:00:00,78.95751190185547
srv-008,2017-06-08 07:00:00,83.38701629638672
srv-008,2017-06-08 08:00:00,81.86212921142578
srv-008,2017-06-08 09:00:00,84.64437866210938
srv-008,2017-06-08 10:00:00,81.58634185791016
srv-008,2017-06-08 11:00:00,81.62078094482422
srv-008,2017-06-08 12:00:00,82.60248565673828
srv-008,2017-06-08 13:00:00,78.92789459228516
srv-008,2017-06-08 14:00:00,76.16472625732422
srv-008,2017-06-08 15:00:00,76.83293914794922
srv-008,2017-06-08 16:00:00,77.83663940429688
srv-008,2017-06-08 17:00:00,76.59538269042969
srv-008,2017-06-08 18:00:00,73.46602630615234
srv-008,2017-06-08 19:00:00,68.99518585205078
srv-008,2017-06-08 20:00:00,71.11015319824219
srv-008,2017-06-08 21:00:00,72.74480438232422
srv-008,2017-06-08 22:00:00,72.68299102783203
srv-008,2017-06-08 23:00:00,73.6002197265625
srv-008,2017-06-09 00:00:00,72.87042999267578
srv-008,2017-06-09 01:00:00,75.6361312866211
srv-008,2017-06-09 02:00:00,73.64287567138672
srv-008,2017-06-09 03:00:00,71.5880355834961
srv-008,2017-06-09 04:00:00,74.17330169677734
srv-008,2017-06-09 05:00:00,69.1392822265625
srv-008,2017-06-09 06:00:00,69.3797836303711
srv-008,2017-06-09 07:00:00,73.8906021118164
srv-008,2017-06-09 08:00:00,72.58527374267578
srv-008,2017-06-09 09:00:00,73.36638641357422
srv-008,2017-06-09 10:00:00,73.62641906738281
srv-008,2017-06-09 11:00:00,75.29390716552734
srv-008,2017-06-09 12:00:00,74.92916107177734
srv-008,2017-06-09 13:00:00,73.04418182373047
srv-008,2017-06-09 14:00:00,74.2464370727539
srv-008,2017-06-09 15:00:00,74.2294692993164
srv-008,2017-06-09 16:00:00,74.90914154052734
srv-008,2017-06-09 17:00:00,71.78980255126953
srv-008,2017-06-09 18:00:00,71.93094635009766
srv-008,2017-06-09 19:00:00,69.33342742919922
srv-008,2017-06-09 20:00:00,68.80191802978516
srv-008,2017-06-09 21:00:00,66.0961685180664
srv-008,2017-06-09 22:00:00,66.30704498291016
srv-008,2017-06-09 23:00:00,63.775474548339844
srv-008,2017-06-10 00:00:00,64.4784927368164
srv-008,2017-06-10 01:00:00,67.93460845947266
srv-008,2017-06-10 02:00:00,65.22965240478516
srv-008,2017-06-10 03:00:00,65.84088134765625
srv-008,2017-06-10 04:00:00,68.74857330322266
srv-008,2017-06-10 05:00:00,69.53406524658203
srv-008,2017-06-10 06:00:00,70.54456329345703
srv-008,2017-06-10 07:00:00,72.68329620361328
srv-008,2017-06-10 08:00:00,75.76138305664062
srv-008,2017-06-10 09:00:00,76.0473403930664
srv-008,2017-06-10 10:00:00,74.85518646240234
srv-008,2017-06-10 11:00:00,73.36630249023438
srv-008,2017-06-10 12:00:00,74.49544525146484
srv-008,2017-06-10 13:00:00,73.825439453125
srv-008,2017-06-10 14:00:00,73.13676452636719
srv-008,2017-06-10 15:00:00,73.89038848876953
srv-008,2017-06-10 16:00:00,73.28506469726562
srv-008,2017-06-10 17:00:00,70.87133026123047
srv-008,2017-06-10 18:00:00,67.36978149414062
srv-008,2017-06-10 19:00:00,68.06999969482422
srv-008,2017-06-10 20:00:00,63.96180725097656
srv-008,2017-06-10 21:00:00,66.91793060302734
srv-008,2017-06-10 22:00:00,66.8285903930664
srv-008,2017-06-10 23:00:00,66.68038177490234
srv-008,2017-06-11 00:00:00,63.85803985595703
srv-008,2017-06-11 01:00:00,67.88701629638672
srv-008,2017-06-11 02:00:00,69.64837646484375
srv-008,2017-06-11 03:00:00,71.3404769897461
srv-008,2017-06-11 04:00:00,72.81570434570312
srv-008,2017-06-11 05:00:00,72.74981689453125
srv-008,2017-06-11 06:00:00,73.49508666992188
srv-008,2017-06-11 07:00:00,71.59294891357422
srv-008,2017-06-11 08:00:00,73.2816162109375
srv-008,2017-06-11 09:00:00,70.6681137084961
srv-008,2017-06-11 10:00:00,72.17164611816406
srv-008,2017-06-11 11:00:00,71.56416320800781
srv-008,2017-06-11 12:00:00,71.17032623291016
srv-008,2017-06-11 13:00:00,70.96656799316406
srv-008,2017-06-11 14:00:00,72.4211654663086
srv-008,2017-06-11 15:00:00,71.16885375976562
srv-008,2017-06-11 16:00:00,69.33133697509766
srv-008,2017-06-11 17:00:00,71.5719223022461
srv-008,2017-06-11 18:00:00,72.7380599975586
srv-008,2017-06-11 19:00:00,73.05230712890625
srv-008,2017-06-11 20:00:00,72.24784851074219
srv-008,2017-06-11 21:00:00,72.54766845703125
srv-008,2017-06-11 22:00:00,71.89171600341797
srv-008,2017-06-11 23:00:00,69.0869140625
srv-008,2017-06-12 00:00:00,65.91515350341797
srv-008,2017-06-12 01:00:00,66.23979949951172
srv-008,2017-06-12 02:00:00,66.8149642944336
srv-008,2017-06-12 03:00:00,64.50752258300781
srv-008,2017-06-12 04:00:00,64.13045501708984
srv-008,2017-06-12 05:00:00,67.35612487792969
srv-008,2017-06-12 06:00:00,67.54434967041016
srv-008,2017-06-12 07:00:00,69.26184844970703
srv-008,2017-06-12 08:00:00,68.88605499267578
srv-008,2017-06-12 09:00:00,70.2331771850586
srv-008,2017-06-12 10:00:00,71.4430923461914
srv-008,2017-06-12 11:00:00,75.04194641113281
srv-008,2017-06-12 12:00:00,72.59319305419922
srv-008,2017-06-12 13:00:00,74.1200942993164
srv-008,2017-06-12 14:00:00,75.85820770263672
srv-008,2017-06-12 15:00:00,72.40129852294922
srv-008,2017-06-12 16:00:00,73.65900421142578
srv-008,2017-06-12 17:00:00,71.9378662109375
srv-008,2017-06-12 18:00:00,72.28008270263672
srv-008,2017-06-12 19:00:00,70.49384307861328
srv-008,2017-06-12 20:00:00,70.35569763183594
srv-008,2017-06-12 21:00:00,70.02153778076172
srv-008,2017-06-12 22:00:00,67.7780990600586
srv-008,2017-06-12 23:00:00,68.35562133789062
srv-008,2017-06-13 00:00:00,73.24554443359375
srv-008,2017-06-13 01:00:00,74.23783874511719
srv-008,2017-06-13 02:00:00,77.14385986328125
srv-008,2017-06-13 03:00:00,76.7581558227539
srv-008,2017-06-13 04:00:00,79.06597137451172
srv-008,2017-06-13 05:00:00,79.08631134033203
srv-008,2017-06-13 06:00:00,76.9582290649414
srv-008,2017-06-13 07:00:00,76.35657501220703
srv-008,2017-06-13 08:00:00,80.12262725830078
srv-008,2017-06-13 09:00:00,82.3625259399414
srv-008,2017-06-13 10:00:00,76.94173431396484
srv-008,2017-06-13 11:00:00,80.59369659423828
srv-008,2017-06-13 12:00:00,82.94575500488281
srv-008,2017-06-13 13:00:00,83.01264953613281
srv-008,2017-06-13 14:00:00,78.02237701416016
srv-008,2017-06-13 15:00:00,77.34188079833984
srv-008,2017-06-13 16:00:00,73.71605682373047
srv-008,2017-06-13 17:00:00,76.94470977783203
srv-008,2017-06-13 18:00:00,78.73363494873047
srv-008,2017-06-13 19:00:00,82.7449722290039
srv-008,2017-06-13 20:00:00,85.4249038696289
srv-008,2017-06-13 21:00:00,85.87421417236328
srv-008,2017-06-13 22:00:00,86.3784408569336
srv-008,2017-06-13 23:00:00,82.2257308959961
srv-008,2017-06-14 00:00:00,85.32006072998047
srv-008,2017-06-14 01:00:00,84.0564193725586
srv-008,2017-06-14 02:00:00,88.10556030273438
srv-008,2017-06-14 03:00:00,90.67974090576172
srv-008,2017-06-14 04:00:00,89.71248626708984
srv-008,2017-06-14 05:00:00,78.69669342041016
srv-008,2017-06-14 06:00:00,79.88883209228516
srv-008,2017-06-14 07:00:00,78.1500244140625
srv-008,2017-06-14 08:00:00,79.99665069580078
srv-008,2017-06-14 09:00:00,75.23274230957031
srv-008,2017-06-14 10:00:00,77.45298767089844
srv-008,2017-06-14 11:00:00,75.88522338867188
srv-008,2017-06-14 12:00:00,81.8497085571289
srv-008,2017-06-14 13:00:00,78.78914642333984
srv-008,2017-06-14 14:00:00,80.94879913330078
srv-008,2017-06-14 15:00:00,83.40764617919922
srv-008,2017-06-14 16:00:00,81.06106567382812
srv-008,2017-06-14 17:00:00,76.3387222290039
srv-008,2017-06-14 18:00:00,77.2721176147461
srv-008,2017-06-14 19:00:00,81.11315155029297
srv-008,2017-06-14 20:00:00,82.46275329589844
srv-008,2017-06-14 21:00:00,82.32913970947266
srv-008,2017-06-14 22:00:00,78.96007537841797
srv-008,2017-06-14 23:00:00,78.73963165283203
srv-008,2017-06-15 00:00:00,73.46744537353516
srv-008,2017-06-15 01:00:00,76.20655822753906
srv-008,2017-06-15 02:00:00,75.61005401611328
srv-008,2017-06-15 03:00:00,76.90161895751953
srv-008,2017-06-15 04:00:00,77.30926513671875
srv-008,2017-06-15 05:00:00,78.17666625976562
srv-008,2017-06-15 06:00:00,75.55941009521484
srv-008,2017-06-15 07:00:00,74.49800872802734
srv-008,2017-06-15 08:00:00,75.8307876586914
srv-008,2017-06-15 09:00:00,75.68819427490234
srv-008,2017-06-15 10:00:00,75.52620697021484
srv-008,2017-06-15 11:00:00,78.71037292480469
srv-008,2017-06-15 12:00:00,80.51166534423828
srv-008,2017-06-15 13:00:00,80.03560638427734
srv-008,2017-06-15 14:00:00,82.7217788696289
srv-008,2017-06-15 15:00:00,83.9254379272461
srv-008,2017-06-15 16:00:00,76.26859283447266
srv-008,2017-06-15 17:00:00,75.84243774414062
srv-008,2017-06-15 18:00:00,75.6239013671875
srv-008,2017-06-15 19:00:00,77.9605484008789
srv-008,2017-06-15 20:00:00,78.80176544189453
srv-008,2017-06-15 21:00:00,79.95858001708984
srv-008,2017-06-15 22:00:00,74.43114471435547
srv-008,2017-06-15 23:00:00,74.10643768310547
srv-008,2017-06-16 00:00:00,74.37822723388672
srv-008,2017-06-16 01:00:00,76.48282623291016
srv-008,2017-06-16 02:00:00,70.46210479736328
srv-008,2017-06-16 03:00:00,73.63204956054688
srv-008,2017-06-16 04:00:00,68.55086517333984
srv-008,2017-06-16 05:00:00,69.98999786376953
srv-008,2017-06-16 06:00:00,74.21711730957031
srv-008,2017-06-16 07:00:00,72.57363891601562
srv-008,2017-06-16 08:00:00,71.5476303100586
srv-008,2017-06-16 09:00:00,67.0561752319336
srv-008,2017-06-16 10:00:00,65.27701568603516
srv-008,2017-06-16 11:00:00,70.15902709960938
srv-008,2017-06-16 12:00:00,73.14346313476562
srv-008,2017-06-16 13:00:00,72.86102294921875
srv-008,2017-06-16 14:00:00,69.74498748779297
srv-008,2017-06-16 15:00:00,72.96662139892578
srv-008,2017-06-16 16:00:00,74.2387924194336
srv-008,2017-06-16 17:00:00,69.77013397216797
srv-008,2017-06-16 18:00:00,70.8525619506836
srv-008,2017-06-16 19:00:00,67.33792877197266
srv-008,2017-06-16 20:00:00,67.38069152832031
srv-008,2017-06-16 21:00:00,71.67552947998047
srv-008,2017-06-16 22:00:00,70.25018310546875
srv-008,2017-06-16 23:00:00,66.36259460449219
srv-008,2017-06-17 00:00:00,65.4612808227539
srv-008,2017-06-17 01:00:00,65.81651306152344
srv-008,2017-06-17 02:00:00,69.18553924560547
srv-008,2017-06-17 03:00:00,72.08625030517578
srv-008,2017-06-17 04:00:00,72.22051239013672
srv-008,2017-06-17 05:00:00,73.6195297241211
srv-008,2017-06-17 06:00:00,69.58475494384766
srv-008,2017-06-17 07:00:00,69.9864730834961
srv-008,2017-06-17 08:00:00,70.85033416748047
srv-008,2017-06-17 09:00:00,71.58718872070312
srv-008,2017-06-17 10:00:00,75.20879364013672
srv-008,2017-06-17 11:00:00,70.3150405883789
srv-008,2017-06-17 12:00:00,73.01113891601562
srv-008,2017-06-17 13:00:00,75.49146270751953
srv-008,2017-06-17 14:00:00,74.13776397705078
srv-008,2017-06-17 15:00:00,76.94331359863281
srv-008,2017-06-17 16:00:00,71.79837036132812
srv-008,2017-06-17 17:00:00,70.01217651367188
srv-008,2017-06-17 18:00:00,72.87596130371094
srv-008,2017-06-17 19:00:00,73.51044464111328
srv-008,2017-06-17 20:00:00,74.01628112792969
srv-008,2017-06-17 21:00:00,70.41361236572266
srv-008,2017-06-17 22:00:00,67.67173767089844
srv-008,2017-06-17 23:00:00,71.71711730957031
srv-008,2017-06-18 00:00:00,69.60326385498047
srv-008,2017-06-18 01:00:00,69.0519790649414
srv-008,2017-06-18 02:00:00,66.60330200195312
srv-008,2017-06-18 03:00:00,66.21351623535156
srv-008,2017-06-18 04:00:00,69.89617919921875
srv-008,2017-06-18 05:00:00,75.23625946044922
srv-008,2017-06-18 06:00:00,73.92073822021484
srv-008,2017-06-18 07:00:00,71.57779693603516
srv-008,2017-06-18 08:00:00,72.00043487548828
srv-008,2017-06-18 09:00:00,73.54253387451172
srv-008,2017-06-18 10:00:00,76.85942840576172
srv-008,2017-06-18 11:00:00,76.68900299072266
srv-008,2017-06-18 12:00:00,76.78510284423828
srv-008,2017-06-18 13:00:00,75.27350616455078
srv-008,2017-06-18 14:00:00,75.83106231689453
srv-008,2017-06-18 15:00:00,75.66120147705078
srv-008,2017-06-18 16:00:00,73.4735336303711
srv-008,2017-06-18 17:00:00,73.27123260498047
srv-008,2017-06-18 18:00:00,72.7079086303711
srv-008,2017-06-18 19:00:00,70.22663116455078
srv-008,2017-06-18 20:00:00,67.26603698730469
srv-008,2017-06-18 21:00:00,69.23250579833984
srv-008,2017-06-18 22:00:00,65.74592590332031
srv-008,2017-06-18 23:00:00,73.95172882080078
srv-008,2017-06-19 00:00:00,69.83807373046875
srv-008,2017-06-19 01:00:00,66.4805679321289
srv-008,2017-06-19 02:00:00,69.57958984375
srv-008,2017-06-19 03:00:00,72.3727798461914
srv-008,2017-06-19 04:00:00,72.18183135986328
srv-008,2017-06-19 05:00:00,72.16985321044922
srv-008,2017-06-19 06:00:00,68.77806854248047
srv-008,2017-06-19 07:00:00,66.93157958984375
srv-008,2017-06-19 08:00:00,70.30614471435547
srv-008,2017-06-19 09:00:00,70.82855224609375
srv-008,2017-06-19 10:00:00,73.5525131225586
srv-008,2017-06-19 11:00:00,72.01395416259766
srv-008,2017-06-19 12:00:00,78.00071716308594
srv-008,2017-06-19 13:00:00,76.02791595458984
srv-008,2017-06-19 14:00:00,78.0517807006836
srv-008,2017-06-19 15:00:00,79.3019027709961
srv-008,2017-06-19 16:00:00,77.86695098876953
srv-008,2017-06-19 17:00:00,78.06568145751953
srv-008,2017-06-19 18:00:00,79.46013641357422
srv-008,2017-06-19 19:00:00,79.96343231201172
srv-008,2017-06-19 20:00:00,75.54426574707031
srv-008,2017-06-19 21:00:00,74.55403900146484
srv-008,2017-06-19 22:00:00,74.06490325927734
srv-008,2017-06-19 23:00:00,75.57616424560547
srv-008,2017-06-20 00:00:00,76.38167572021484
srv-008,2017-06-20 01:00:00,76.28623962402344
srv-008,2017-06-20 02:00:00,76.22891235351562
srv-008,2017-06-20 03:00:00,80.3234634399414
srv-008,2017-06-20 04:00:00,81.5584945678711
srv-008,2017-06-20 05:00:00,80.2547378540039
srv-008,2017-06-20 06:00:00,83.96034240722656
srv-008,2017-06-20 07:00:00,84.74715423583984
srv-008,2017-06-20 08:00:00,84.65238189697266
srv-008,2017-06-20 09:00:00,81.81378173828125
srv-008,2017-06-20 10:00:00,80.91960906982422
srv-008,2017-06-20 11:00:00,82.16670227050781
srv-008,2017-06-20 12:00:00,82.8855972290039
srv-008,2017-06-20 13:00:00,81.55519104003906
srv-008,2017-06-20 14:00:00,82.97196197509766
srv-008,2017-06-20 15:00:00,80.15338897705078
srv-008,2017-06-20 16:00:00,76.95218658447266
srv-008,2017-06-20 17:00:00,79.95455169677734
srv-008,2017-06-20 18:00:00,80.42322540283203
srv-008,2017-06-20 19:00:00,78.1847152709961
srv-008,2017-06-20 20:00:00,79.57416534423828
srv-008,2017-06-20 21:00:00,81.33069610595703
srv-008,2017-06-20 22:00:00,83.23595428466797
srv-008,2017-06-20 23:00:00,79.72113037109375
srv-008,2017-06-21 00:00:00,75.1073226928711
srv-008,2017-06-21 01:00:00,76.64676666259766
srv-008,2017-06-21 02:00:00,79.189453125
srv-008,2017-06-21 03:00:00,77.92095184326172
srv-008,2017-06-21 04:00:00,78.15604400634766
srv-008,2017-06-21 05:00:00,76.70325469970703
srv-008,2017-06-21 06:00:00,80.47986602783203
srv-008,2017-06-21 07:00:00,81.19054412841797
srv-008,2017-06-21 08:00:00,83.37512969970703
srv-008,2017-06-21 09:00:00,80.38841247558594
srv-008,2017-06-21 10:00:00,83.65547943115234
srv-008,2017-06-21 11:00:00,81.01529693603516
srv-008,2017-06-21 12:00:00,78.65069580078125
srv-008,2017-06-21 13:00:00,75.04589080810547
srv-008,2017-06-21 14:00:00,75.28721618652344
srv-008,2017-06-21 15:00:00,77.44886016845703
srv-008,2017-06-21 16:00:00,78.05580139160156
srv-008,2017-06-21 17:00:00,80.04063415527344
srv-008,2017-06-21 18:00:00,78.94567108154297
srv-008,2017-06-21 19:00:00,76.82396697998047
srv-008,2017-06-21 20:00:00,78.08490753173828
srv-008,2017-06-21 21:00:00,80.46659088134766
srv-008,2017-06-21 22:00:00,77.30007934570312
srv-008,2017-06-21 23:00:00,74.04302215576172
srv-008,2017-06-22 00:00:00,74.14566040039062
srv-008,2017-06-22 01:00:00,73.79869842529297
srv-008,2017-06-22 02:00:00,70.96060943603516
srv-008,2017-06-22 03:00:00,77.8392562866211
srv-008,2017-06-22 04:00:00,74.306640625
srv-008,2017-06-22 05:00:00,79.02381134033203
srv-008,2017-06-22 06:00:00,79.8333969116211
srv-008,2017-06-22 07:00:00,79.24381256103516
srv-008,2017-06-22 08:00:00,81.05316925048828
srv-008,2017-06-22 09:00:00,74.96894073486328
srv-008,2017-06-22 10:00:00,78.14749908447266
srv-008,2017-06-22 11:00:00,78.67627716064453
srv-008,2017-06-22 12:00:00,80.08039855957031
srv-008,2017-06-22 13:00:00,77.7693862915039
srv-008,2017-06-22 14:00:00,78.2793960571289
srv-008,2017-06-22 15:00:00,78.2878646850586
srv-008,2017-06-22 16:00:00,79.83830261230469
srv-008,2017-06-22 17:00:00,80.3365707397461
srv-008,2017-06-22 18:00:00,78.66051483154297
srv-008,2017-06-22 19:00:00,79.34872436523438
srv-008,2017-06-22 20:00:00,74.25981903076172
srv-008,2017-06-22 21:00:00,73.98604583740234
srv-008,2017-06-22 22:00:00,74.57439422607422
srv-008,2017-06-22 23:00:00,73.09627532958984
srv-008,2017-06-23 00:00:00,71.85295867919922
srv-008,2017-06-23 01:00:00,74.26192474365234
srv-008,2017-06-23 02:00:00,73.32701110839844
srv-008,2017-06-23 03:00:00,68.52648162841797
srv-008,2017-06-23 04:00:00,70.27629852294922
srv-008,2017-06-23 05:00:00,73.21619415283203
srv-008,2017-06-23 06:00:00,71.076904296875
srv-008,2017-06-23 07:00:00,70.48695373535156
srv-008,2017-06-23 08:00:00,72.16394805908203
srv-008,2017-06-23 09:00:00,70.87340545654297
srv-008,2017-06-23 10:00:00,73.6310806274414
srv-008,2017-06-23 11:00:00,73.82573699951172
srv-008,2017-06-23 12:00:00,77.02179718017578
srv-008,2017-06-23 13:00:00,77.3677978515625
srv-008,2017-06-23 14:00:00,74.67718505859375
srv-008,2017-06-23 15:00:00,74.72884368896484
srv-008,2017-06-23 16:00:00,75.21358489990234
srv-008,2017-06-23 17:00:00,71.23617553710938
srv-008,2017-06-23 18:00:00,72.67206573486328
srv-008,2017-06-23 19:00:00,70.70840454101562
srv-008,2017-06-23 20:00:00,72.90850830078125
srv-008,2017-06-23 21:00:00,71.13040161132812
srv-008,2017-06-23 22:00:00,65.81421661376953
srv-008,2017-06-23 23:00:00,68.86053466796875
srv-008,2017-06-24 00:00:00,68.3474349975586
srv-008,2017-06-24 01:00:00,69.37223815917969
srv-008,2017-06-24 02:00:00,67.1652603149414
srv-008,2017-06-24 03:00:00,65.12804412841797
srv-008,2017-06-24 04:00:00,69.85076904296875
srv-008,2017-06-24 05:00:00,67.15254974365234
srv-008,2017-06-24 06:00:00,69.39051818847656
srv-008,2017-06-24 07:00:00,70.42015838623047
srv-008,2017-06-24 08:00:00,72.5595703125
srv-008,2017-06-24 09:00:00,71.69305419921875
srv-008,2017-06-24 10:00:00,68.65076446533203
srv-008,2017-06-24 11:00:00,71.90612030029297
srv-008,2017-06-24 12:00:00,76.58802032470703
srv-008,2017-06-24 13:00:00,79.58577728271484
srv-008,2017-06-24 14:00:00,81.61512756347656
srv-008,2017-06-24 15:00:00,75.36202239990234
srv-008,2017-06-24 16:00:00,74.27574157714844
srv-008,2017-06-24 17:00:00,72.27765655517578
srv-008,2017-06-24 18:00:00,75.33061218261719
srv-008,2017-06-24 19:00:00,72.72857666015625
srv-008,2017-06-24 20:00:00,70.66307830810547
srv-008,2017-06-24 21:00:00,71.34110260009766
srv-008,2017-06-24 22:00:00,68.59613800048828
srv-008,2017-06-24 23:00:00,71.41781616210938
srv-008,2017-06-25 00:00:00,67.37288665771484
srv-008,2017-06-25 01:00:00,68.95919036865234
srv-008,2017-06-25 02:00:00,68.83433532714844
srv-008,2017-06-25 03:00:00,69.09307861328125
srv-008,2017-06-25 04:00:00,72.49320220947266
srv-008,2017-06-25 05:00:00,70.12179565429688
srv-008,2017-06-25 06:00:00,65.94329071044922
srv-008,2017-06-25 07:00:00,71.7709732055664
srv-008,2017-06-25 08:00:00,75.33157348632812
srv-008,2017-06-25 09:00:00,77.06481170654297
srv-008,2017-06-25 10:00:00,74.24199676513672
srv-008,2017-06-25 11:00:00,73.80113983154297
srv-008,2017-06-25 12:00:00,75.32862091064453
srv-008,2017-06-25 13:00:00,75.59661102294922
srv-008,2017-06-25 14:00:00,74.3719711303711
srv-008,2017-06-25 15:00:00,76.59874725341797
srv-008,2017-06-25 16:00:00,75.67015838623047
srv-008,2017-06-25 17:00:00,74.5495834350586
srv-008,2017-06-25 18:00:00,74.82709503173828
srv-008,2017-06-25 19:00:00,76.8458023071289
srv-008,2017-06-25 20:00:00,71.92143249511719
srv-008,2017-06-25 21:00:00,70.79051208496094
srv-008,2017-06-25 22:00:00,69.76576232910156
srv-008,2017-06-25 23:00:00,69.26428985595703
srv-008,2017-06-26 00:00:00,63.06857681274414
srv-008,2017-06-26 01:00:00,65.99678039550781
srv-008,2017-06-26 02:00:00,67.71503448486328
srv-008,2017-06-26 03:00:00,65.74806213378906
srv-008,2017-06-26 04:00:00,65.00348663330078
srv-008,2017-06-26 05:00:00,64.5267105102539
srv-008,2017-06-26 06:00:00,64.81763458251953
srv-008,2017-06-26 07:00:00,68.24687957763672
srv-008,2017-06-26 08:00:00,69.4027099609375
srv-008,2017-06-26 09:00:00,70.53681945800781
srv-008,2017-06-26 10:00:00,73.90850067138672
srv-008,2017-06-26 11:00:00,76.43895721435547
srv-008,2017-06-26 12:00:00,79.25521087646484
srv-008,2017-06-26 13:00:00,80.16584777832031
srv-008,2017-06-26 14:00:00,74.8292007446289
srv-008,2017-06-26 15:00:00,74.4474105834961
srv-008,2017-06-26 16:00:00,75.6793441772461
srv-008,2017-06-26 17:00:00,76.44454193115234
srv-008,2017-06-26 18:00:00,72.77362823486328
srv-008,2017-06-26 19:00:00,71.31267547607422
srv-008,2017-06-26 20:00:00,72.057861328125
srv-008,2017-06-26 21:00:00,73.0897216796875
srv-008,2017-06-26 22:00:00,72.40177154541016
srv-008,2017-06-26 23:00:00,75.77127838134766
srv-008,2017-06-27 00:00:00,71.43596649169922
srv-008,2017-06-27 01:00:00,69.56295013427734
srv-008,2017-06-27 02:00:00,72.73999786376953
srv-008,2017-06-27 03:00:00,78.2414321899414
srv-008,2017-06-27 04:00:00,73.86090850830078
srv-008,2017-06-27 05:00:00,72.80304718017578
srv-008,2017-06-27 06:00:00,78.04625701904297
srv-008,2017-06-27 07:00:00,78.14202117919922
srv-008,2017-06-27 08:00:00,77.77398681640625
srv-008,2017-06-27 09:00:00,77.9044189453125
srv-008,2017-06-27 10:00:00,79.6776351928711
srv-008,2017-06-27 11:00:00,82.26786804199219
srv-008,2017-06-27 12:00:00,82.27674865722656
srv-008,2017-06-27 13:00:00,83.99002075195312
srv-008,2017-06-27 14:00:00,82.5206298828125
srv-008,2017-06-27 15:00:00,78.68753814697266
srv-008,2017-06-27 16:00:00,78.77324676513672
srv-008,2017-06-27 17:00:00,80.0535659790039
srv-008,2017-06-27 18:00:00,80.44722747802734
srv-008,2017-06-27 19:00:00,79.09868621826172
srv-008,2017-06-27 20:00:00,80.52130126953125
srv-008,2017-06-27 21:00:00,75.86060333251953
srv-008,2017-06-27 22:00:00,76.08489227294922
srv-008,2017-06-27 23:00:00,77.89230346679688
srv-008,2017-06-28 00:00:00,73.3775405883789
srv-008,2017-06-28 01:00:00,72.73201751708984
srv-008,2017-06-28 02:00:00,74.35932159423828
srv-008,2017-06-28 03:00:00,76.47215270996094
srv-008,2017-06-28 04:00:00,76.9994125366211
srv-008,2017-06-28 05:00:00,77.77843475341797
srv-008,2017-06-28 06:00:00,78.86077880859375
srv-008,2017-06-28 07:00:00,83.47492980957031
srv-008,2017-06-28 08:00:00,80.37377166748047
srv-008,2017-06-28 09:00:00,82.94034576416016
srv-008,2017-06-28 10:00:00,82.39118957519531
srv-008,2017-06-28 11:00:00,82.9522476196289
srv-008,2017-06-28 12:00:00,85.13860321044922
srv-008,2017-06-28 13:00:00,80.89957427978516
srv-008,2017-06-28 14:00:00,81.97737884521484
srv-008,2017-06-28 15:00:00,83.20255279541016
srv-008,2017-06-28 16:00:00,77.0956802368164
srv-008,2017-06-28 17:00:00,78.18284606933594
srv-008,2017-06-28 18:00:00,78.1771469116211
srv-008,2017-06-28 19:00:00,75.10680389404297
srv-008,2017-06-28 20:00:00,71.25914001464844
srv-008,2017-06-28 21:00:00,75.33665466308594
srv-008,2017-06-28 22:00:00,75.13594818115234
srv-008,2017-06-28 23:00:00,73.55095672607422
srv-008,2017-06-29 00:00:00,74.25804901123047
srv-008,2017-06-29 01:00:00,73.23165893554688
srv-008,2017-06-29 02:00:00,73.37407684326172
srv-008,2017-06-29 03:00:00,75.2626724243164
srv-008,2017-06-29 04:00:00,77.67987823486328
srv-008,2017-06-29 05:00:00,80.19698333740234
srv-008,2017-06-29 06:00:00,84.22645568847656
srv-008,2017-06-29 07:00:00,83.33535766601562
srv-008,2017-06-29 08:00:00,81.8856201171875
srv-008,2017-06-29 09:00:00,80.8525161743164
srv-008,2017-06-29 10:00:00,80.86347198486328
srv-008,2017-06-29 11:00:00,80.82389068603516
srv-008,2017-06-29 12:00:00,79.90321350097656
srv-008,2017-06-29 13:00:00,79.9107894897461
srv-008,2017-06-29 14:00:00,78.3590087890625
srv-008,2017-06-29 15:00:00,74.77471160888672
srv-008,2017-06-29 16:00:00,73.62731170654297
srv-008,2017-06-29 17:00:00,75.78388214111328
srv-008,2017-06-29 18:00:00,74.30944061279297
srv-008,2017-06-29 19:00:00,78.26248931884766
srv-008,2017-06-29 20:00:00,73.2625732421875
srv-008,2017-06-29 21:00:00,75.27786254882812
srv-008,2017-06-29 22:00:00,71.23823547363281
srv-008,2017-06-29 23:00:00,74.18980407714844
srv-008,2017-06-30 00:00:00,72.0497817993164
srv-008,2017-06-30 01:00:00,76.2334213256836
srv-008,2017-06-30 02:00:00,72.81375122070312
srv-008,2017-06-30 03:00:00,71.87097930908203
srv-008,2017-06-30 04:00:00,73.56375885009766
srv-008,2017-06-30 05:00:00,72.09778594970703
srv-008,2017-06-30 06:00:00,70.54315185546875
srv-008,2017-06-30 07:00:00,69.34989929199219
srv-008,2017-06-30 08:00:00,72.33365631103516
srv-008,2017-06-30 09:00:00,68.53113555908203
srv-008,2017-06-30 10:00:00,70.80561828613281
srv-008,2017-06-30 11:00:00,72.74602508544922
srv-008,2017-06-30 12:00:00,76.97286987304688
srv-008,2017-06-30 13:00:00,73.22623443603516
srv-008,2017-06-30 14:00:00,75.66693878173828
srv-008,2017-06-30 15:00:00,73.24781036376953
srv-008,2017-06-30 16:00:00,74.40747833251953
srv-008,2017-06-30 17:00:00,71.72274017333984
srv-008,2017-06-30 18:00:00,70.4454116821289
srv-008,2017-06-30 19:00:00,68.3845443725586
srv-008,2017-06-30 20:00:00,66.59297943115234
srv-008,2017-06-30 21:00:00,67.93236541748047
srv-008,2017-06-30 22:00:00,68.20281219482422
srv-008,2017-06-30 23:00:00,69.15828704833984
srv-009,2017-06-01 23:00:00,36.09272003173828
srv-009,2017-06-02 00:00:00,28.522451400756836
srv-009,2017-06-02 01:00:00,31.453510284423828
srv-009,2017-06-02 02:00:00,30.957956314086914
srv-009,2017-06-02 03:00:00,30.848350524902344
srv-009,2017-06-02 04:00:00,31.4312801361084
srv-009,2017-06-02 05:00:00,31.215147018432617
srv-009,2017-06-02 06:00:00,33.54008102416992
srv-009,2017-06-02 07:00:00,33.50239562988281
srv-009,2017-06-02 08:00:00,34.108821868896484
srv-009,2017-06-02 09:00:00,31.74343490600586
srv-009,2017-06-02 10:00:00,32.933406829833984
srv-009,2017-06-02 11:00:00,26.721830368041992
srv-009,2017-06-02 12:00:00,30.4136905670166
srv-009,2017-06-02 13:00:00,32.112979888916016
srv-009,2017-06-02 14:00:00,32.73976516723633
srv-009,2017-06-02 15:00:00,31.81769561767578
srv-009,2017-06-02 16:00:00,38.703224182128906
srv-009,2017-06-02 17:00:00,33.188594818115234
srv-009,2017-06-02 18:00:00,34.3362922668457
srv-009,2017-06-02 19:00:00,34.31113052368164
srv-009,2017-06-02 20:00:00,33.18756103515625
srv-009,2017-06-02 21:00:00,32.921905517578125
srv-009,2017-06-02 22:00:00,32.316078186035156
srv-009,2017-06-02 23:00:00,30.556554794311523
srv-009,2017-06-03 00:00:00,31.43450927734375
srv-009,2017-06-03 01:00:00,31.65096664428711
srv-009,2017-06-03 02:00:00,30.012535095214844
srv-009,2017-06-03 03:00:00,30.869415283203125
srv-009,2017-06-03 04:00:00,31.378477096557617
srv-009,2017-06-03 05:00:00,32.010711669921875
srv-009,2017-06-03 06:00:00,30.888111114501953
srv-009,2017-06-03 07:00:00,31.058652877807617
srv-009,2017-06-03 08:00:00,30.74542236328125
srv-009,2017-06-03 09:00:00,30.542266845703125
srv-009,2017-06-03 10:00:00,31.121545791625977
srv-009,2017-06-03 11:00:00,31.230365753173828
srv-009,2017-06-03 12:00:00,31.40172004699707
srv-009,2017-06-03 13:00:00,31.772470474243164
srv-009,2017-06-03 14:00:00,32.55990982055664
srv-009,2017-06-03 15:00:00,32.91545104980469
srv-009,2017-06-03 16:00:00,33.25830841064453
srv-009,2017-06-03 17:00:00,32.795894622802734
srv-009,2017-06-03 18:00:00,34.2722282409668
srv-009,2017-06-03 19:00:00,33.45415115356445
srv-009,2017-06-03 20:00:00,33.7104606628418
srv-009,2017-06-03 21:00:00,35.024749755859375
srv-009,2017-06-03 22:00:00,32.951358795166016
srv-009,2017-06-03 23:00:00,32.169097900390625
srv-009,2017-06-04 00:00:00,31.315141677856445
srv-009,2017-06-04 01:00:00,30.837265014648438
srv-009,2017-06-04 02:00:00,30.463743209838867
srv-009,2017-06-04 03:00:00,37.759849548339844
srv-009,2017-06-04 04:00:00,34.85791015625
srv-009,2017-06-04 05:00:00,35.2191276550293
srv-009,2017-06-04 06:00:00,32.26436996459961
srv-009,2017-06-04 07:00:00,32.35517883300781
srv-009,2017-06-04 08:00:00,32.86992645263672
srv-009,2017-06-04 09:00:00,34.60372543334961
srv-009,2017-06-04 10:00:00,32.08245086669922
srv-009,2017-06-04 11:00:00,31.35002326965332
srv-009,2017-06-04 12:00:00,32.12345886230469
srv-009,2017-06-04 13:00:00,31.328001022338867
srv-009,2017-06-04 14:00:00,31.469905853271484
srv-009,2017-06-04 15:00:00,31.397926330566406
srv-009,2017-06-04 16:00:00,32.95295333862305
srv-009,2017-06-04 17:00:00,31.192678451538086
srv-009,2017-06-04 18:00:00,33.24372863769531
srv-009,2017-06-04 19:00:00,34.33457946777344
srv-009,2017-06-04 20:00:00,30.714385986328125
srv-009,2017-06-04 21:00:00,32.881141662597656
srv-009,2017-06-04 22:00:00,33.540706634521484
srv-009,2017-06-04 23:00:00,31.70524787902832
srv-009,2017-06-05 00:00:00,29.8613224029541
srv-009,2017-06-05 01:00:00,30.003690719604492
srv-009,2017-06-05 02:00:00,30.30291748046875
srv-009,2017-06-05 03:00:00,30.50261116027832
srv-009,2017-06-05 04:00:00,31.10845375061035
srv-009,2017-06-05 05:00:00,30.964406967163086
srv-009,2017-06-05 06:00:00,32.868892669677734
srv-009,2017-06-05 07:00:00,32.703880310058594
srv-009,2017-06-05 08:00:00,32.42250061035156
srv-009,2017-06-05 09:00:00,31.426301956176758
srv-009,2017-06-05 10:00:00,31.85909080505371
srv-009,2017-06-05 11:00:00,30.8746337890625
srv-009,2017-06-05 12:00:00,32.152462005615234
srv-009,2017-06-05 13:00:00,33.81812286376953
srv-009,2017-06-05 14:00:00,33.154457092285156
srv-009,2017-06-05 15:00:00,34.18130874633789
srv-009,2017-06-05 16:00:00,32.48649978637695
srv-009,2017-06-05 17:00:00,31.564294815063477
srv-009,2017-06-05 18:00:00,31.40538215637207
srv-009,2017-06-05 19:00:00,31.55577278137207
srv-009,2017-06-05 20:00:00,31.133859634399414
srv-009,2017-06-05 21:00:00,31.8043270111084
srv-009,2017-06-05 22:00:00,31.35015869140625
srv-009,2017-06-05 23:00:00,31.41057777404785
srv-009,2017-06-06 00:00:00,31.745532989501953
srv-009,2017-06-06 01:00:00,32.048187255859375
srv-009,2017-06-06 02:00:00,32.880775451660156
srv-009,2017-06-06 03:00:00,34.5309944152832
srv-009,2017-06-06 04:00:00,32.8458251953125
srv-009,2017-06-06 05:00:00,32.60752487182617
srv-009,2017-06-06 06:00:00,32.42036819458008
srv-009,2017-06-06 07:00:00,35.65215301513672
srv-009,2017-06-06 08:00:00,35.808406829833984
srv-009,2017-06-06 09:00:00,34.53772735595703
srv-009,2017-06-06 10:00:00,33.7433967590332
srv-009,2017-06-06 11:00:00,32.861209869384766
srv-009,2017-06-06 12:00:00,31.938871383666992
srv-009,2017-06-06 13:00:00,34.05314636230469
srv-009,2017-06-06 14:00:00,33.959110260009766
srv-009,2017-06-06 15:00:00,34.23340606689453
srv-009,2017-06-06 16:00:00,33.841339111328125
srv-009,2017-06-06 17:00:00,33.64889907836914
srv-009,2017-06-06 18:00:00,34.63471603393555
srv-009,2017-06-06 19:00:00,32.52950668334961
srv-009,2017-06-06 20:00:00,34.443603515625
srv-009,2017-06-06 21:00:00,33.87308120727539
srv-009,2017-06-06 22:00:00,32.05516815185547
srv-009,2017-06-06 23:00:00,33.37397766113281
srv-009,2017-06-07 00:00:00,34.124263763427734
srv-009,2017-06-07 01:00:00,32.470123291015625
srv-009,2017-06-07 02:00:00,34.58469009399414
srv-009,2017-06-07 03:00:00,33.39649963378906
srv-009,2017-06-07 04:00:00,35.177452087402344
srv-009,2017-06-07 05:00:00,34.450260162353516
srv-009,2017-06-07 06:00:00,31.685293197631836
srv-009,2017-06-07 07:00:00,34.49519348144531
srv-009,2017-06-07 08:00:00,33.54986572265625
srv-009,2017-06-07 09:00:00,33.09749221801758
srv-009,2017-06-07 10:00:00,33.3243522644043
srv-009,2017-06-07 11:00:00,33.602054595947266
srv-009,2017-06-07 12:00:00,33.760013580322266
srv-009,2017-06-07 13:00:00,33.61427688598633
srv-009,2017-06-07 14:00:00,33.99674987792969
srv-009,2017-06-07 15:00:00,34.50990295410156
srv-009,2017-06-07 16:00:00,34.59306335449219
srv-009,2017-06-07 17:00:00,34.9808235168457
srv-009,2017-06-07 18:00:00,35.487525939941406
srv-009,2017-06-07 19:00:00,33.9139289855957
srv-009,2017-06-07 20:00:00,35.16801452636719
srv-009,2017-06-07 21:00:00,34.37166213989258
srv-009,2017-06-07 22:00:00,33.46323013305664
srv-009,2017-06-07 23:00:00,34.36111831665039
srv-009,2017-06-08 00:00:00,33.98951721191406
srv-009,2017-06-08 01:00:00,33.794349670410156
srv-009,2017-06-08 02:00:00,33.42484664916992
srv-009,2017-06-08 03:00:00,33.68731689453125
srv-009,2017-06-08 04:00:00,32.44325256347656
srv-009,2017-06-08 05:00:00,35.6099853515625
srv-009,2017-06-08 06:00:00,33.1630973815918
srv-009,2017-06-08 07:00:00,32.557716369628906
srv-009,2017-06-08 08:00:00,32.18564224243164
srv-009,2017-06-08 09:00:00,32.29621124267578
srv-009,2017-06-08 10:00:00,34.21842575073242
srv-009,2017-06-08 11:00:00,35.46025085449219
srv-009,2017-06-08 12:00:00,32.934139251708984
srv-009,2017-06-08 13:00:00,33.45288848876953
srv-009,2017-06-08 14:00:00,33.34748077392578
srv-009,2017-06-08 15:00:00,34.0458984375
srv-009,2017-06-08 16:00:00,33.49467086791992
srv-009,2017-06-08 17:00:00,33.51015853881836
srv-009,2017-06-08 18:00:00,32.296531677246094
srv-009,2017-06-08 19:00:00,33.64863586425781
srv-009,2017-06-08 20:00:00,31.948322296142578
srv-009,2017-06-08 21:00:00,32.0206184387207
srv-009,2017-06-08 22:00:00,31.974225997924805
srv-009,2017-06-08 23:00:00,31.777080535888672
srv-009,2017-06-09 00:00:00,32.07685089111328
srv-009,2017-06-09 01:00:00,31.814546585083008
srv-009,2017-06-09 02:00:00,34.21532440185547
srv-009,2017-06-09 03:00:00,37.10708999633789
srv-009,2017-06-09 04:00:00,34.84678649902344
srv-009,2017-06-09 05:00:00,33.95150375366211
srv-009,2017-06-09 06:00:00,32.654354095458984
srv-009,2017-06-09 07:00:00,32.72529220581055
srv-009,2017-06-09 08:00:00,34.104225158691406
srv-009,2017-06-09 09:00:00,32.953773498535156
srv-009,2017-06-09 10:00:00,32.37855911254883
srv-009,2017-06-09 11:00:00,31.521894454956055
srv-009,2017-06-09 12:00:00,31.69965934753418
srv-009,2017-06-09 13:00:00,31.447200775146484
srv-009,2017-06-09 14:00:00,31.504474639892578
srv-009,2017-06-09 15:00:00,31.316665649414062
srv-009,2017-06-09 16:00:00,31.92753791809082
srv-009,2017-06-09 17:00:00,31.624387741088867
srv-009,2017-06-09 18:00:00,34.04566192626953
srv-009,2017-06-09 19:00:00,31.632911682128906
srv-009,2017-06-09 20:00:00,32.27973175048828
srv-009,2017-06-09 21:00:00,31.702463150024414
srv-009,2017-06-09 22:00:00,30.93616485595703
srv-009,2017-06-09 23:00:00,30.371755599975586
srv-009,2017-06-10 00:00:00,29.985118865966797
srv-009,2017-06-10 01:00:00,29.95996856689453
srv-009,2017-06-10 02:00:00,32.209869384765625
srv-009,2017-06-10 03:00:00,34.33727264404297
srv-009,2017-06-10 04:00:00,32.654327392578125
srv-009,2017-06-10 05:00:00,31.83021354675293
srv-009,2017-06-10 06:00:00,32.20289611816406
srv-009,2017-06-10 07:00:00,31.741186141967773
srv-009,2017-06-10 08:00:00,32.8788948059082
srv-009,2017-06-10 09:00:00,34.12797927856445
srv-009,2017-06-10 10:00:00,33.594913482666016
srv-009,2017-06-10 11:00:00,34.708126068115234
srv-009,2017-06-10 12:00:00,33.921905517578125
srv-009,2017-06-10 13:00:00,32.15966033935547
srv-009,2017-06-10 14:00:00,32.07893753051758
srv-009,2017-06-10 15:00:00,34.15922164916992
srv-009,2017-06-10 16:00:00,33.78992462158203
srv-009,2017-06-10 17:00:00,33.8256721496582
srv-009,2017-06-10 18:00:00,35.35401916503906
srv-009,2017-06-10 19:00:00,34.988521575927734
srv-009,2017-06-10 20:00:00,34.35818099975586
srv-009,2017-06-10 21:00:00,33.839111328125
srv-009,2017-06-10 22:00:00,32.117706298828125
srv-009,2017-06-10 23:00:00,33.011268615722656
srv-009,2017-06-11 00:00:00,31.985158920288086
srv-009,2017-06-11 01:00:00,30.205978393554688
srv-009,2017-06-11 02:00:00,33.7960319519043
srv-009,2017-06-11 03:00:00,32.80546188354492
srv-009,2017-06-11 04:00:00,31.703832626342773
srv-009,2017-06-11 05:00:00,31.310997009277344
srv-009,2017-06-11 06:00:00,31.291656494140625
srv-009,2017-06-11 07:00:00,31.440937042236328
srv-009,2017-06-11 08:00:00,31.49144172668457
srv-009,2017-06-11 09:00:00,31.260635375976562
srv-009,2017-06-11 10:00:00,31.10979461669922
srv-009,2017-06-11 11:00:00,31.05023956298828
srv-009,2017-06-11 12:00:00,31.179231643676758
srv-009,2017-06-11 13:00:00,32.82130813598633
srv-009,2017-06-11 14:00:00,31.935251235961914
srv-009,2017-06-11 15:00:00,35.06453323364258
srv-009,2017-06-11 16:00:00,34.77173614501953
srv-009,2017-06-11 17:00:00,34.070831298828125
srv-009,2017-06-11 18:00:00,34.342674255371094
srv-009,2017-06-11 19:00:00,33.70741271972656
srv-009,2017-06-11 20:00:00,33.73611831665039
srv-009,2017-06-11 21:00:00,31.914472579956055
srv-009,2017-06-11 22:00:00,32.7772102355957
srv-009,2017-06-11 23:00:00,31.293386459350586
srv-009,2017-06-12 00:00:00,28.760784149169922
srv-009,2017-06-12 01:00:00,29.174549102783203
srv-009,2017-06-12 02:00:00,30.1424503326416
srv-009,2017-06-12 03:00:00,31.212839126586914
srv-009,2017-06-12 04:00:00,31.99927520751953
srv-009,2017-06-12 05:00:00,31.463218688964844
srv-009,2017-06-12 06:00:00,31.638986587524414
srv-009,2017-06-12 07:00:00,32.11369323730469
srv-009,2017-06-12 08:00:00,32.99968719482422
srv-009,2017-06-12 09:00:00,31.771081924438477
srv-009,2017-06-12 10:00:00,32.856563568115234
srv-009,2017-06-12 11:00:00,34.185482025146484
srv-009,2017-06-12 12:00:00,33.51340866088867
srv-009,2017-06-12 13:00:00,32.269596099853516
srv-009,2017-06-12 14:00:00,33.10502243041992
srv-009,2017-06-12 15:00:00,33.167049407958984
srv-009,2017-06-12 16:00:00,32.43724060058594
srv-009,2017-06-12 17:00:00,33.399253845214844
srv-009,2017-06-12 18:00:00,34.58563232421875
srv-009,2017-06-12 19:00:00,34.567020416259766
srv-009,2017-06-12 20:00:00,32.4112434387207
srv-009,2017-06-12 21:00:00,32.69627380371094
srv-009,2017-06-12 22:00:00,32.37242889404297
srv-009,2017-06-12 23:00:00,34.149635314941406
srv-009,2017-06-13 00:00:00,34.47038269042969
srv-009,2017-06-13 01:00:00,34.275718688964844
srv-009,2017-06-13 02:00:00,34.06622314453125
srv-009,2017-06-13 03:00:00,32.823020935058594
srv-009,2017-06-13 04:00:00,32.696414947509766
srv-009,2017-06-13 05:00:00,31.5216121673584
srv-009,2017-06-13 06:00:00,32.586395263671875
srv-009,2017-06-13 07:00:00,33.45020294189453
srv-009,2017-06-13 08:00:00,33.752235412597656
srv-009,2017-06-13 09:00:00,33.37712478637695
srv-009,2017-06-13 10:00:00,33.20662307739258
srv-009,2017-06-13 11:00:00,33.16873550415039
srv-009,2017-06-13 12:00:00,33.54471206665039
srv-009,2017-06-13 13:00:00,34.73670959472656
srv-009,2017-06-13 14:00:00,35.25811767578125
srv-009,2017-06-13 15:00:00,34.26414108276367
srv-009,2017-06-13 16:00:00,32.865692138671875
srv-009,2017-06-13 17:00:00,33.69886016845703
srv-009,2017-06-13 18:00:00,33.148094177246094
srv-009,2017-06-13 19:00:00,33.36137390136719
srv-009,2017-06-13 20:00:00,33.24006652832031
srv-009,2017-06-13 21:00:00,32.177490234375
srv-009,2017-06-13 22:00:00,32.14312744140625
srv-009,2017-06-13 23:00:00,33.08818435668945
srv-009,2017-06-14 00:00:00,33.636600494384766
srv-009,2017-06-14 01:00:00,33.5269889831543
srv-009,2017-06-14 02:00:00,36.83670425415039
srv-009,2017-06-14 03:00:00,36.696197509765625
srv-009,2017-06-14 04:00:00,34.94318389892578
srv-009,2017-06-14 05:00:00,36.26765441894531
srv-009,2017-06-14 06:00:00,33.695106506347656
srv-009,2017-06-14 07:00:00,34.916114807128906
srv-009,2017-06-14 08:00:00,33.58433151245117
srv-009,2017-06-14 09:00:00,34.85025405883789
srv-009,2017-06-14 10:00:00,37.029884338378906
srv-009,2017-06-14 11:00:00,35.35107421875
srv-009,2017-06-14 12:00:00,35.27760696411133
srv-009,2017-06-14 13:00:00,34.156349182128906
srv-009,2017-06-14 14:00:00,34.530906677246094
srv-009,2017-06-14 15:00:00,33.79317092895508
srv-009,2017-06-14 16:00:00,33.63076400756836
srv-009,2017-06-14 17:00:00,33.83098220825195
srv-009,2017-06-14 18:00:00,33.18286895751953
srv-009,2017-06-14 19:00:00,32.73078918457031
srv-009,2017-06-14 20:00:00,38.860130310058594
srv-009,2017-06-14 21:00:00,37.54029846191406
srv-009,2017-06-14 22:00:00,36.23062515258789
srv-009,2017-06-14 23:00:00,35.28925323486328
srv-009,2017-06-15 00:00:00,35.76152038574219
srv-009,2017-06-15 01:00:00,35.38762283325195
srv-009,2017-06-15 02:00:00,33.4133415222168
srv-009,2017-06-15 03:00:00,34.97422409057617
srv-009,2017-06-15 04:00:00,34.256988525390625
srv-009,2017-06-15 05:00:00,32.66130828857422
srv-009,2017-06-15 06:00:00,33.67613220214844
srv-009,2017-06-15 07:00:00,32.50030517578125
srv-009,2017-06-15 08:00:00,32.67084884643555
srv-009,2017-06-15 09:00:00,33.14067459106445
srv-009,2017-06-15 10:00:00,32.92238235473633
srv-009,2017-06-15 11:00:00,32.97047805786133
srv-009,2017-06-15 12:00:00,34.025753021240234
srv-009,2017-06-15 13:00:00,33.67561721801758
srv-009,2017-06-15 14:00:00,34.625709533691406
srv-009,2017-06-15 15:00:00,33.11723327636719
srv-009,2017-06-15 16:00:00,33.96123504638672
srv-009,2017-06-15 17:00:00,34.03500747680664
srv-009,2017-06-15 18:00:00,32.43711471557617
srv-009,2017-06-15 19:00:00,34.44061279296875
srv-009,2017-06-15 20:00:00,33.727500915527344
srv-009,2017-06-15 21:00:00,33.418495178222656
srv-009,2017-06-15 22:00:00,32.405670166015625
srv-009,2017-06-15 23:00:00,32.21841812133789
srv-009,2017-06-16 00:00:00,32.09024429321289
srv-009,2017-06-16 01:00:00,32.78999710083008
srv-009,2017-06-16 02:00:00,33.24052047729492
srv-009,2017-06-16 03:00:00,32.004669189453125
srv-009,2017-06-16 04:00:00,34.0704460144043
srv-009,2017-06-16 05:00:00,32.92988204956055
srv-009,2017-06-16 06:00:00,32.56865692138672
srv-009,2017-06-16 07:00:00,31.469392776489258
srv-009,2017-06-16 08:00:00,31.20461654663086
srv-009,2017-06-16 09:00:00,32.40396499633789
srv-009,2017-06-16 10:00:00,33.20307540893555
srv-009,2017-06-16 11:00:00,33.86297607421875
srv-009,2017-06-16 12:00:00,31.67750358581543
srv-009,2017-06-16 13:00:00,32.77682876586914
srv-009,2017-06-16 14:00:00,31.464096069335938
srv-009,2017-06-16 15:00:00,31.322643280029297
srv-009,2017-06-16 16:00:00,32.70988082885742
srv-009,2017-06-16 17:00:00,31.9589786529541
srv-009,2017-06-16 18:00:00,31.243579864501953
srv-009,2017-06-16 19:00:00,31.146730422973633
srv-009,2017-06-16 20:00:00,31.396757125854492
srv-009,2017-06-16 21:00:00,30.440622329711914
srv-009,2017-06-16 22:00:00,31.453947067260742
srv-009,2017-06-16 23:00:00,30.260618209838867
srv-009,2017-06-17 00:00:00,33.50124740600586
srv-009,2017-06-17 01:00:00,32.73735427856445
srv-009,2017-06-17 02:00:00,31.281021118164062
srv-009,2017-06-17 03:00:00,31.78667640686035
srv-009,2017-06-17 04:00:00,30.857763290405273
srv-009,2017-06-17 05:00:00,30.945589065551758
srv-009,2017-06-17 06:00:00,31.443849563598633
srv-009,2017-06-17 07:00:00,30.81508445739746
srv-009,2017-06-17 08:00:00,30.914960861206055
srv-009,2017-06-17 09:00:00,31.837121963500977
srv-009,2017-06-17 10:00:00,31.47478675842285
srv-009,2017-06-17 11:00:00,31.750272750854492
srv-009,2017-06-17 12:00:00,33.665531158447266
srv-009,2017-06-17 13:00:00,31.70650291442871
srv-009,2017-06-17 14:00:00,34.639347076416016
srv-009,2017-06-17 15:00:00,32.861419677734375
srv-009,2017-06-17 16:00:00,36.234004974365234
srv-009,2017-06-17 17:00:00,36.38825988769531
srv-009,2017-06-17 18:00:00,32.86086654663086
srv-009,2017-06-17 19:00:00,34.53303527832031
srv-009,2017-06-17 20:00:00,33.092529296875
srv-009,2017-06-17 21:00:00,31.303407669067383
srv-009,2017-06-17 22:00:00,32.407615661621094
srv-009,2017-06-17 23:00:00,31.272199630737305
srv-009,2017-06-18 00:00:00,31.901304244995117
srv-009,2017-06-18 01:00:00,32.54677963256836
srv-009,2017-06-18 02:00:00,32.48413848876953
srv-009,2017-06-18 03:00:00,33.515380859375
srv-009,2017-06-18 04:00:00,30.731685638427734
srv-009,2017-06-18 05:00:00,32.876155853271484
srv-009,2017-06-18 06:00:00,32.71474075317383
srv-009,2017-06-18 07:00:00,31.559640884399414
srv-009,2017-06-18 08:00:00,32.47542190551758
srv-009,2017-06-18 09:00:00,32.488792419433594
srv-009,2017-06-18 10:00:00,31.828895568847656
srv-009,2017-06-18 11:00:00,33.12776184082031
srv-009,2017-06-18 12:00:00,33.37058639526367
srv-009,2017-06-18 13:00:00,34.702552795410156
srv-009,2017-06-18 14:00:00,33.74967956542969
srv-009,2017-06-18 15:00:00,35.322750091552734
srv-009,2017-06-18 16:00:00,33.49922180175781
srv-009,2017-06-18 17:00:00,32.967247009277344
srv-009,2017-06-18 18:00:00,33.193843841552734
srv-009,2017-06-18 19:00:00,33.276634216308594
srv-009,2017-06-18 20:00:00,32.269775390625
srv-009,2017-06-18 21:00:00,33.298912048339844
srv-009,2017-06-18 22:00:00,32.67018508911133
srv-009,2017-06-18 23:00:00,32.248451232910156
srv-009,2017-06-19 00:00:00,28.974123001098633
srv-009,2017-06-19 01:00:00,31.45454216003418
srv-009,2017-06-19 02:00:00,34.040897369384766
srv-009,2017-06-19 03:00:00,31.967260360717773
srv-009,2017-06-19 04:00:00,30.91777801513672
srv-009,2017-06-19 05:00:00,32.078834533691406
srv-009,2017-06-19 06:00:00,31.284929275512695
srv-009,2017-06-19 07:00:00,30.742361068725586
srv-009,2017-06-19 08:00:00,32.10195541381836
srv-009,2017-06-19 09:00:00,31.54821014404297
srv-009,2017-06-19 10:00:00,31.631669998168945
srv-009,2017-06-19 11:00:00,32.58308410644531
srv-009,2017-06-19 12:00:00,32.498504638671875
srv-009,2017-06-19 13:00:00,33.79696273803711
srv-009,2017-06-19 14:00:00,34.25547409057617
srv-009,2017-06-19 15:00:00,33.48563766479492
srv-009,2017-06-19 16:00:00,33.56585693359375
srv-009,2017-06-19 17:00:00,34.31281661987305
srv-009,2017-06-19 18:00:00,33.23664474487305
srv-009,2017-06-19 19:00:00,32.41911697387695
srv-009,2017-06-19 20:00:00,32.80454635620117
srv-009,2017-06-19 21:00:00,32.57176208496094
srv-009,2017-06-19 22:00:00,31.473039627075195
srv-009,2017-06-19 23:00:00,31.806171417236328
srv-009,2017-06-20 00:00:00,31.832441329956055
srv-009,2017-06-20 01:00:00,32.348541259765625
srv-009,2017-06-20 02:00:00,32.83574295043945
srv-009,2017-06-20 03:00:00,32.21458435058594
srv-009,2017-06-20 04:00:00,33.82609939575195
srv-009,2017-06-20 05:00:00,33.17039489746094
srv-009,2017-06-20 06:00:00,31.789531707763672
srv-009,2017-06-20 07:00:00,32.52748489379883
srv-009,2017-06-20 08:00:00,32.1916389465332
srv-009,2017-06-20 09:00:00,32.03824996948242
srv-009,2017-06-20 10:00:00,32.12823486328125
srv-009,2017-06-20 11:00:00,32.69935989379883
srv-009,2017-06-20 12:00:00,34.49135208129883
srv-009,2017-06-20 13:00:00,33.22243118286133
srv-009,2017-06-20 14:00:00,33.1933708190918
srv-009,2017-06-20 15:00:00,33.05658721923828
srv-009,2017-06-20 16:00:00,32.30625915527344
srv-009,2017-06-20 17:00:00,32.89984893798828
srv-009,2017-06-20 18:00:00,35.99814224243164
srv-009,2017-06-20 19:00:00,33.71266555786133
srv-009,2017-06-20 20:00:00,34.725826263427734
srv-009,2017-06-20 21:00:00,32.41891860961914
srv-009,2017-06-20 22:00:00,32.75621795654297
srv-009,2017-06-20 23:00:00,33.70171356201172
srv-009,2017-06-21 00:00:00,33.56462097167969
srv-009,2017-06-21 01:00:00,32.945884704589844
srv-009,2017-06-21 02:00:00,32.3698616027832
srv-009,2017-06-21 03:00:00,32.867393493652344
srv-009,2017-06-21 04:00:00,32.6419677734375
srv-009,2017-06-21 05:00:00,32.47789001464844
srv-009,2017-06-21 06:00:00,34.104915618896484
srv-009,2017-06-21 07:00:00,33.22776794433594
srv-009,2017-06-21 08:00:00,32.82290267944336
srv-009,2017-06-21 09:00:00,32.96321487426758
srv-009,2017-06-21 10:00:00,32.11260223388672
srv-009,2017-06-21 11:00:00,32.22705841064453
srv-009,2017-06-21 12:00:00,34.942352294921875
srv-009,2017-06-21 13:00:00,32.60114288330078
srv-009,2017-06-21 14:00:00,31.775634765625
srv-009,2017-06-21 15:00:00,32.086341857910156
srv-009,2017-06-21 16:00:00,31.417526245117188
srv-009,2017-06-21 17:00:00,31.578840255737305
srv-009,2017-06-21 18:00:00,32.25714111328125
srv-009,2017-06-21 19:00:00,31.249755859375
srv-009,2017-06-21 20:00:00,31.406723022460938
srv-009,2017-06-21 21:00:00,30.685487747192383
srv-009,2017-06-21 22:00:00,30.990751266479492
srv-009,2017-06-21 23:00:00,31.033397674560547
srv-009,2017-06-22 00:00:00,32.019775390625
srv-009,2017-06-22 01:00:00,33.38565444946289
srv-009,2017-06-22 02:00:00,32.70005798339844
srv-009,2017-06-22 03:00:00,32.01866149902344
srv-009,2017-06-22 04:00:00,34.20110321044922
srv-009,2017-06-22 05:00:00,32.434810638427734
srv-009,2017-06-22 06:00:00,31.972885131835938
srv-009,2017-06-22 07:00:00,32.358665466308594
srv-009,2017-06-22 08:00:00,31.584623336791992
srv-009,2017-06-22 09:00:00,31.63127326965332
srv-009,2017-06-22 10:00:00,33.304744720458984
srv-009,2017-06-22 11:00:00,33.26996994018555
srv-009,2017-06-22 12:00:00,32.730735778808594
srv-009,2017-06-22 13:00:00,33.20061492919922
srv-009,2017-06-22 14:00:00,34.39808654785156
srv-009,2017-06-22 15:00:00,32.53976821899414
srv-009,2017-06-22 16:00:00,34.78931427001953
srv-009,2017-06-22 17:00:00,34.075077056884766
srv-009,2017-06-22 18:00:00,33.511512756347656
srv-009,2017-06-22 19:00:00,33.117584228515625
srv-009,2017-06-22 20:00:00,33.79180908203125
srv-009,2017-06-22 21:00:00,33.83521270751953
srv-009,2017-06-22 22:00:00,34.83086395263672
srv-009,2017-06-22 23:00:00,35.63543701171875
srv-009,2017-06-23 00:00:00,33.83197021484375
srv-009,2017-06-23 01:00:00,33.48605728149414
srv-009,2017-06-23 02:00:00,33.068641662597656
srv-009,2017-06-23 03:00:00,32.56198501586914
srv-009,2017-06-23 04:00:00,32.58884811401367
srv-009,2017-06-23 05:00:00,33.692447662353516
srv-009,2017-06-23 06:00:00,32.51613235473633
srv-009,2017-06-23 07:00:00,32.09968185424805
srv-009,2017-06-23 08:00:00,31.71996307373047
srv-009,2017-06-23 09:00:00,31.522964477539062
srv-009,2017-06-23 10:00:00,31.184497833251953
srv-009,2017-06-23 11:00:00,31.16584014892578
srv-009,2017-06-23 12:00:00,32.9929084777832
srv-009,2017-06-23 13:00:00,34.35540771484375
srv-009,2017-06-23 14:00:00,32.53104782104492
srv-009,2017-06-23 15:00:00,32.40653991699219
srv-009,2017-06-23 16:00:00,31.593103408813477
srv-009,2017-06-23 17:00:00,32.7734375
srv-009,2017-06-23 18:00:00,31.50637435913086
srv-009,2017-06-23 19:00:00,31.569780349731445
srv-009,2017-06-23 20:00:00,31.146554946899414
srv-009,2017-06-23 21:00:00,35.15793228149414
srv-009,2017-06-23 22:00:00,32.563873291015625
srv-009,2017-06-23 23:00:00,31.837936401367188
srv-009,2017-06-24 00:00:00,32.9014778137207
srv-009,2017-06-24 01:00:00,32.88365173339844
srv-009,2017-06-24 02:00:00,33.29569625854492
srv-009,2017-06-24 03:00:00,31.411527633666992
srv-009,2017-06-24 04:00:00,32.293697357177734
srv-009,2017-06-24 05:00:00,31.09022331237793
srv-009,2017-06-24 06:00:00,31.016904830932617
srv-009,2017-06-24 07:00:00,30.921485900878906
srv-009,2017-06-24 08:00:00,30.945322036743164
srv-009,2017-06-24 09:00:00,30.647172927856445
srv-009,2017-06-24 10:00:00,31.237228393554688
srv-009,2017-06-24 11:00:00,30.98181915283203
srv-009,2017-06-24 12:00:00,32.23173141479492
srv-009,2017-06-24 13:00:00,33.0764274597168
srv-009,2017-06-24 14:00:00,32.487144470214844
srv-009,2017-06-24 15:00:00,32.93036651611328
srv-009,2017-06-24 16:00:00,32.9104118347168
srv-009,2017-06-24 17:00:00,32.759765625
srv-009,2017-06-24 18:00:00,33.90436553955078
srv-009,2017-06-24 19:00:00,33.856563568115234
srv-009,2017-06-24 20:00:00,32.90797805786133
srv-009,2017-06-24 21:00:00,33.27460479736328
srv-009,2017-06-24 22:00:00,32.61175537109375
srv-009,2017-06-24 23:00:00,31.392759323120117
srv-009,2017-06-25 00:00:00,32.65840148925781
srv-009,2017-06-25 01:00:00,32.78453826904297
srv-009,2017-06-25 02:00:00,31.71579933166504
srv-009,2017-06-25 03:00:00,32.56413269042969
srv-009,2017-06-25 04:00:00,34.7149772644043
srv-009,2017-06-25 05:00:00,33.52219009399414
srv-009,2017-06-25 06:00:00,31.90745735168457
srv-009,2017-06-25 07:00:00,32.61209487915039
srv-009,2017-06-25 08:00:00,31.731977462768555
srv-009,2017-06-25 09:00:00,30.867691040039062
srv-009,2017-06-25 10:00:00,31.61729621887207
srv-009,2017-06-25 11:00:00,30.789133071899414
srv-009,2017-06-25 12:00:00,30.71324920654297
srv-009,2017-06-25 13:00:00,32.35991287231445
srv-009,2017-06-25 14:00:00,33.749961853027344
srv-009,2017-06-25 15:00:00,34.15653610229492
srv-009,2017-06-25 16:00:00,31.9329776763916
srv-009,2017-06-25 17:00:00,33.0420036315918
srv-009,2017-06-25 18:00:00,31.97154998779297
srv-009,2017-06-25 19:00:00,31.71412467956543
srv-009,2017-06-25 20:00:00,32.89548110961914
srv-009,2017-06-25 21:00:00,32.23050308227539
srv-009,2017-06-25 22:00:00,32.84253692626953
srv-009,2017-06-25 23:00:00,32.54457092285156
srv-009,2017-06-26 00:00:00,29.927465438842773
srv-009,2017-06-26 01:00:00,29.760860443115234
srv-009,2017-06-26 02:00:00,30.733184814453125
srv-009,2017-06-26 03:00:00,31.05295753479004
srv-009,2017-06-26 04:00:00,33.449729919433594
srv-009,2017-06-26 05:00:00,32.8917350769043
srv-009,2017-06-26 06:00:00,33.04906463623047
srv-009,2017-06-26 07:00:00,32.9987907409668
srv-009,2017-06-26 08:00:00,32.38759231567383
srv-009,2017-06-26 09:00:00,33.50004959106445
srv-009,2017-06-26 10:00:00,31.57046127319336
srv-009,2017-06-26 11:00:00,31.51117515563965
srv-009,2017-06-26 12:00:00,31.1446590423584
srv-009,2017-06-26 13:00:00,31.571081161499023
srv-009,2017-06-26 14:00:00,30.98516273498535
srv-009,2017-06-26 15:00:00,31.249113082885742
srv-009,2017-06-26 16:00:00,31.293237686157227
srv-009,2017-06-26 17:00:00,34.64706802368164
srv-009,2017-06-26 18:00:00,34.11886978149414
srv-009,2017-06-26 19:00:00,33.19717788696289
srv-009,2017-06-26 20:00:00,31.196868896484375
srv-009,2017-06-26 21:00:00,32.26752471923828
srv-009,2017-06-26 22:00:00,33.81948471069336
srv-009,2017-06-26 23:00:00,33.092159271240234
srv-009,2017-06-27 00:00:00,32.848106384277344
srv-009,2017-06-27 01:00:00,32.721900939941406
srv-009,2017-06-27 02:00:00,32.81871032714844
srv-009,2017-06-27 03:00:00,32.098976135253906
srv-009,2017-06-27 04:00:00,31.47785758972168
srv-009,2017-06-27 05:00:00,34.522239685058594
srv-009,2017-06-27 06:00:00,34.4997673034668
srv-009,2017-06-27 07:00:00,32.83415222167969
srv-009,2017-06-27 08:00:00,34.205482482910156
srv-009,2017-06-27 09:00:00,34.00448226928711
srv-009,2017-06-27 10:00:00,32.934776306152344
srv-009,2017-06-27 11:00:00,33.77688980102539
srv-009,2017-06-27 12:00:00,32.9996223449707
srv-009,2017-06-27 13:00:00,33.37559509277344
srv-009,2017-06-27 14:00:00,32.25688171386719
srv-009,2017-06-27 15:00:00,33.40060806274414
srv-009,2017-06-27 16:00:00,33.35198974609375
srv-009,2017-06-27 17:00:00,34.40229034423828
srv-009,2017-06-27 18:00:00,37.463531494140625
srv-009,2017-06-27 19:00:00,35.10786437988281
srv-009,2017-06-27 20:00:00,34.5455436706543
srv-009,2017-06-27 21:00:00,34.893455505371094
srv-009,2017-06-27 22:00:00,33.870460510253906
srv-009,2017-06-27 23:00:00,35.0443115234375
srv-009,2017-06-28 00:00:00,33.41496276855469
srv-009,2017-06-28 01:00:00,32.126644134521484
srv-009,2017-06-28 02:00:00,32.22064208984375
srv-009,2017-06-28 03:00:00,33.79982376098633
srv-009,2017-06-28 04:00:00,33.44878387451172
srv-009,2017-06-28 05:00:00,35.293975830078125
srv-009,2017-06-28 06:00:00,34.39283752441406
srv-009,2017-06-28 07:00:00,34.2110595703125
srv-009,2017-06-28 08:00:00,34.256813049316406
srv-009,2017-06-28 09:00:00,33.040184020996094
srv-009,2017-06-28 10:00:00,34.1297607421875
srv-009,2017-06-28 11:00:00,37.098899841308594
srv-009,2017-06-28 12:00:00,35.95268249511719
srv-009,2017-06-28 13:00:00,34.352542877197266
srv-009,2017-06-28 14:00:00,33.83537673950195
srv-009,2017-06-28 15:00:00,35.514251708984375
srv-009,2017-06-28 16:00:00,38.70528793334961
srv-009,2017-06-28 17:00:00,37.56235122680664
srv-009,2017-06-28 18:00:00,35.87150573730469
srv-009,2017-06-28 19:00:00,37.58231735229492
srv-009,2017-06-28 20:00:00,36.528282165527344
srv-009,2017-06-28 21:00:00,36.045433044433594
srv-009,2017-06-28 22:00:00,35.582855224609375
srv-009,2017-06-28 23:00:00,35.870582580566406
srv-009,2017-06-29 00:00:00,33.550987243652344
srv-009,2017-06-29 01:00:00,33.55843734741211
srv-009,2017-06-29 02:00:00,33.47264099121094
srv-009,2017-06-29 03:00:00,33.32683181762695
srv-009,2017-06-29 04:00:00,32.844825744628906
srv-009,2017-06-29 05:00:00,32.827789306640625
srv-009,2017-06-29 06:00:00,33.227806091308594
srv-009,2017-06-29 07:00:00,33.81733322143555
srv-009,2017-06-29 08:00:00,34.33372116088867
srv-009,2017-06-29 09:00:00,34.8846435546875
srv-009,2017-06-29 10:00:00,34.51431655883789
srv-009,2017-06-29 11:00:00,35.24598693847656
srv-009,2017-06-29 12:00:00,33.58371353149414
srv-009,2017-06-29 13:00:00,33.46498489379883
srv-009,2017-06-29 14:00:00,32.917606353759766
srv-009,2017-06-29 15:00:00,32.6224365234375
srv-009,2017-06-29 16:00:00,32.77400588989258
srv-009,2017-06-29 17:00:00,32.967506408691406
srv-009,2017-06-29 18:00:00,31.353839874267578
srv-009,2017-06-29 19:00:00,31.97564125061035
srv-009,2017-06-29 20:00:00,31.753559112548828
srv-009,2017-06-29 21:00:00,32.08954620361328
srv-009,2017-06-29 22:00:00,32.125797271728516
srv-009,2017-06-29 23:00:00,31.905105590820312
srv-009,2017-06-30 00:00:00,31.83344841003418
srv-009,2017-06-30 01:00:00,32.573753356933594
srv-009,2017-06-30 02:00:00,32.78378677368164
srv-009,2017-06-30 03:00:00,32.81093215942383
srv-009,2017-06-30 04:00:00,31.993267059326172
srv-009,2017-06-30 05:00:00,33.78421401977539
srv-009,2017-06-30 06:00:00,31.44260597229004
srv-009,2017-06-30 07:00:00,31.96909523010254
srv-009,2017-06-30 08:00:00,30.97733497619629
srv-009,2017-06-30 09:00:00,33.63790512084961
srv-009,2017-06-30 10:00:00,33.27157211303711
srv-009,2017-06-30 11:00:00,32.52008056640625
srv-009,2017-06-30 12:00:00,34.06524658203125
srv-009,2017-06-30 13:00:00,31.82976531982422
srv-009,2017-06-30 14:00:00,32.69203567504883
srv-009,2017-06-30 15:00:00,32.036556243896484
srv-009,2017-06-30 16:00:00,32.15603256225586
srv-009,2017-06-30 17:00:00,31.18273162841797
srv-009,2017-06-30 18:00:00,31.536273956298828
srv-009,2017-06-30 19:00:00,32.44774627685547
srv-009,2017-06-30 20:00:00,31.30950355529785
srv-009,2017-06-30 21:00:00,32.04999923706055
srv-009,2017-06-30 22:00:00,31.4566707611084
srv-009,2017-06-30 23:00:00,32.19256591796875
srv-010,2017-06-01 23:00:00,68.27100372314453
srv-010,2017-06-02 00:00:00,72.1508560180664
srv-010,2017-06-02 01:00:00,71.50435638427734
srv-010,2017-06-02 02:00:00,72.41343688964844
srv-010,2017-06-02 03:00:00,73.00626373291016
srv-010,2017-06-02 04:00:00,73.1934585571289
srv-010,2017-06-02 05:00:00,73.31045532226562
srv-010,2017-06-02 06:00:00,72.46937561035156
srv-010,2017-06-02 07:00:00,71.7932357788086
srv-010,2017-06-02 08:00:00,73.08065032958984
srv-010,2017-06-02 09:00:00,73.2166976928711
srv-010,2017-06-02 10:00:00,74.29021453857422
srv-010,2017-06-02 11:00:00,75.57083892822266
srv-010,2017-06-02 12:00:00,83.33196258544922
srv-010,2017-06-02 13:00:00,85.0694808959961
srv-010,2017-06-02 14:00:00,79.81082916259766
srv-010,2017-06-02 15:00:00,78.82115173339844
srv-010,2017-06-02 16:00:00,76.75172424316406
srv-010,2017-06-02 17:00:00,76.67383575439453
srv-010,2017-06-02 18:00:00,73.91487121582031
srv-010,2017-06-02 19:00:00,72.12416076660156
srv-010,2017-06-02 20:00:00,68.68478393554688
srv-010,2017-06-02 21:00:00,69.06245422363281
srv-010,2017-06-02 22:00:00,67.23555755615234
srv-010,2017-06-02 23:00:00,66.03326416015625
srv-010,2017-06-03 00:00:00,68.5705337524414
srv-010,2017-06-03 01:00:00,69.78751373291016
srv-010,2017-06-03 02:00:00,69.56327819824219
srv-010,2017-06-03 03:00:00,69.8536376953125
srv-010,2017-06-03 04:00:00,71.53226470947266
srv-010,2017-06-03 05:00:00,74.41411590576172
srv-010,2017-06-03 06:00:00,75.65629577636719
srv-010,2017-06-03 07:00:00,76.36795043945312
srv-010,2017-06-03 08:00:00,79.36978912353516
srv-010,2017-06-03 09:00:00,77.38311004638672
srv-010,2017-06-03 10:00:00,77.64376068115234
srv-010,2017-06-03 11:00:00,79.17678833007812
srv-010,2017-06-03 12:00:00,81.73377227783203
srv-010,2017-06-03 13:00:00,80.6672592163086
srv-010,2017-06-03 14:00:00,79.3418960571289
srv-010,2017-06-03 15:00:00,77.33133697509766
srv-010,2017-06-03 16:00:00,76.80941009521484
srv-010,2017-06-03 17:00:00,74.52454376220703
srv-010,2017-06-03 18:00:00,73.57830047607422
srv-010,2017-06-03 19:00:00,71.39070892333984
srv-010,2017-06-03 20:00:00,71.11150360107422
srv-010,2017-06-03 21:00:00,68.78324127197266
srv-010,2017-06-03 22:00:00,68.57234954833984
srv-010,2017-06-03 23:00:00,66.40338897705078
srv-010,2017-06-04 00:00:00,67.7898178100586
srv-010,2017-06-04 01:00:00,67.34613800048828
srv-010,2017-06-04 02:00:00,68.52640533447266
srv-010,2017-06-04 03:00:00,70.37139129638672
srv-010,2017-06-04 04:00:00,71.22461700439453
srv-010,2017-06-04 05:00:00,74.14691925048828
srv-010,2017-06-04 06:00:00,74.67526245117188
srv-010,2017-06-04 07:00:00,75.3605728149414
srv-010,2017-06-04 08:00:00,77.14789581298828
srv-010,2017-06-04 09:00:00,76.23209381103516
srv-010,2017-06-04 10:00:00,73.8885726928711
srv-010,2017-06-04 11:00:00,75.81163787841797
srv-010,2017-06-04 12:00:00,76.2652816772461
srv-010,2017-06-04 13:00:00,77.13298797607422
srv-010,2017-06-04 14:00:00,77.59940338134766
srv-010,2017-06-04 15:00:00,77.0377197265625
srv-010,2017-06-04 16:00:00,75.9816665649414
srv-010,2017-06-04 17:00:00,73.04470825195312
srv-010,2017-06-04 18:00:00,75.15950775146484
srv-010,2017-06-04 19:00:00,72.10401916503906
srv-010,2017-06-04 20:00:00,71.55966186523438
srv-010,2017-06-04 21:00:00,72.06155395507812
srv-010,2017-06-04 22:00:00,69.59754180908203
srv-010,2017-06-04 23:00:00,71.55547332763672
srv-010,2017-06-05 00:00:00,68.0125732421875
srv-010,2017-06-05 01:00:00,65.6771240234375
srv-010,2017-06-05 02:00:00,68.52522277832031
srv-010,2017-06-05 03:00:00,69.19187927246094
srv-010,2017-06-05 04:00:00,67.9681625366211
srv-010,2017-06-05 05:00:00,69.70103454589844
srv-010,2017-06-05 06:00:00,71.797607421875
srv-010,2017-06-05 07:00:00,72.81787109375
srv-010,2017-06-05 08:00:00,75.48355102539062
srv-010,2017-06-05 09:00:00,77.96165466308594
srv-010,2017-06-05 10:00:00,78.30719757080078
srv-010,2017-06-05 11:00:00,81.00566864013672
srv-010,2017-06-05 12:00:00,84.46240997314453
srv-010,2017-06-05 13:00:00,86.41193389892578
srv-010,2017-06-05 14:00:00,89.28300476074219
srv-010,2017-06-05 15:00:00,89.50284576416016
srv-010,2017-06-05 16:00:00,90.2680435180664
srv-010,2017-06-05 17:00:00,87.44466400146484
srv-010,2017-06-05 18:00:00,85.8062973022461
srv-010,2017-06-05 19:00:00,78.84612274169922
srv-010,2017-06-05 20:00:00,77.7162857055664
srv-010,2017-06-05 21:00:00,78.18753051757812
srv-010,2017-06-05 22:00:00,80.0849609375
srv-010,2017-06-05 23:00:00,79.70970916748047
srv-010,2017-06-06 00:00:00,80.75807189941406
srv-010,2017-06-06 01:00:00,79.33975982666016
srv-010,2017-06-06 02:00:00,80.86968231201172
srv-010,2017-06-06 03:00:00,83.35275268554688
srv-010,2017-06-06 04:00:00,85.71873474121094
srv-010,2017-06-06 05:00:00,85.35689544677734
srv-010,2017-06-06 06:00:00,88.33480834960938
srv-010,2017-06-06 07:00:00,88.64649200439453
srv-010,2017-06-06 08:00:00,90.7348403930664
srv-010,2017-06-06 09:00:00,90.25080108642578
srv-010,2017-06-06 10:00:00,91.67601776123047
srv-010,2017-06-06 11:00:00,92.30253601074219
srv-010,2017-06-06 12:00:00,92.6926040649414
srv-010,2017-06-06 13:00:00,92.50414276123047
srv-010,2017-06-06 14:00:00,91.77791595458984
srv-010,2017-06-06 15:00:00,92.1924819946289
srv-010,2017-06-06 16:00:00,91.89340209960938
srv-010,2017-06-06 17:00:00,92.02289581298828
srv-010,2017-06-06 18:00:00,90.52593231201172
srv-010,2017-06-06 19:00:00,89.69954681396484
srv-010,2017-06-06 20:00:00,87.8514404296875
srv-010,2017-06-06 21:00:00,89.29857635498047
srv-010,2017-06-06 22:00:00,88.73856353759766
srv-010,2017-06-06 23:00:00,89.050537109375
srv-010,2017-06-07 00:00:00,89.12977600097656
srv-010,2017-06-07 01:00:00,89.05825805664062
srv-010,2017-06-07 02:00:00,91.512939453125
srv-010,2017-06-07 03:00:00,90.46177673339844
srv-010,2017-06-07 04:00:00,91.3865737915039
srv-010,2017-06-07 05:00:00,90.40773010253906
srv-010,2017-06-07 06:00:00,90.73665618896484
srv-010,2017-06-07 07:00:00,89.17719268798828
srv-010,2017-06-07 08:00:00,92.2486572265625
srv-010,2017-06-07 09:00:00,90.82928466796875
srv-010,2017-06-07 10:00:00,92.29766845703125
srv-010,2017-06-07 11:00:00,92.78152465820312
srv-010,2017-06-07 12:00:00,92.95145416259766
srv-010,2017-06-07 13:00:00,92.94035339355469
srv-010,2017-06-07 14:00:00,92.86991119384766
srv-010,2017-06-07 15:00:00,92.79630279541016
srv-010,2017-06-07 16:00:00,92.86112213134766
srv-010,2017-06-07 17:00:00,92.73619079589844
srv-010,2017-06-07 18:00:00,91.87255096435547
srv-010,2017-06-07 19:00:00,90.99646759033203
srv-010,2017-06-07 20:00:00,87.052490234375
srv-010,2017-06-07 21:00:00,90.8155746459961
srv-010,2017-06-07 22:00:00,88.38359832763672
srv-010,2017-06-07 23:00:00,90.48712921142578
srv-010,2017-06-08 00:00:00,88.97991180419922
srv-010,2017-06-08 01:00:00,88.7311782836914
srv-010,2017-06-08 02:00:00,90.36771392822266
srv-010,2017-06-08 03:00:00,88.1813735961914
srv-010,2017-06-08 04:00:00,91.41667938232422
srv-010,2017-06-08 05:00:00,88.2132339477539
srv-010,2017-06-08 06:00:00,87.09217071533203
srv-010,2017-06-08 07:00:00,85.87567138671875
srv-010,2017-06-08 08:00:00,89.8140869140625
srv-010,2017-06-08 09:00:00,88.75666809082031
srv-010,2017-06-08 10:00:00,91.14510345458984
srv-010,2017-06-08 11:00:00,92.4146957397461
srv-010,2017-06-08 12:00:00,91.60004425048828
srv-010,2017-06-08 13:00:00,91.09571075439453
srv-010,2017-06-08 14:00:00,90.15107727050781
srv-010,2017-06-08 15:00:00,89.94522857666016
srv-010,2017-06-08 16:00:00,87.9809799194336
srv-010,2017-06-08 17:00:00,88.22465515136719
srv-010,2017-06-08 18:00:00,85.02106475830078
srv-010,2017-06-08 19:00:00,81.25829315185547
srv-010,2017-06-08 20:00:00,81.26822662353516
srv-010,2017-06-08 21:00:00,78.44041442871094
srv-010,2017-06-08 22:00:00,77.29365539550781
srv-010,2017-06-08 23:00:00,77.26243591308594
srv-010,2017-06-09 00:00:00,77.95639038085938
srv-010,2017-06-09 01:00:00,79.2000503540039
srv-010,2017-06-09 02:00:00,80.63150787353516
srv-010,2017-06-09 03:00:00,81.06307983398438
srv-010,2017-06-09 04:00:00,82.1607894897461
srv-010,2017-06-09 05:00:00,82.1739273071289
srv-010,2017-06-09 06:00:00,80.27732849121094
srv-010,2017-06-09 07:00:00,80.21232604980469
srv-010,2017-06-09 08:00:00,81.75171661376953
srv-010,2017-06-09 09:00:00,80.86566925048828
srv-010,2017-06-09 10:00:00,82.15302276611328
srv-010,2017-06-09 11:00:00,83.25455474853516
srv-010,2017-06-09 12:00:00,83.43766021728516
srv-010,2017-06-09 13:00:00,82.86116790771484
srv-010,2017-06-09 14:00:00,77.47396087646484
srv-010,2017-06-09 15:00:00,75.78241729736328
srv-010,2017-06-09 16:00:00,73.36243438720703
srv-010,2017-06-09 17:00:00,72.36670684814453
srv-010,2017-06-09 18:00:00,72.109619140625
srv-010,2017-06-09 19:00:00,71.41677856445312
srv-010,2017-06-09 20:00:00,70.23670196533203
srv-010,2017-06-09 21:00:00,71.37062072753906
srv-010,2017-06-09 22:00:00,67.75828552246094
srv-010,2017-06-09 23:00:00,67.14737701416016
srv-010,2017-06-10 00:00:00,72.09693145751953
srv-010,2017-06-10 01:00:00,72.07889556884766
srv-010,2017-06-10 02:00:00,74.13041687011719
srv-010,2017-06-10 03:00:00,74.47274017333984
srv-010,2017-06-10 04:00:00,76.30292510986328
srv-010,2017-06-10 05:00:00,78.5466079711914
srv-010,2017-06-10 06:00:00,78.61664581298828
srv-010,2017-06-10 07:00:00,77.71975708007812
srv-010,2017-06-10 08:00:00,77.91639709472656
srv-010,2017-06-10 09:00:00,77.8072738647461
srv-010,2017-06-10 10:00:00,78.58230590820312
srv-010,2017-06-10 11:00:00,78.94292449951172
srv-010,2017-06-10 12:00:00,75.2090835571289
srv-010,2017-06-10 13:00:00,74.26429748535156
srv-010,2017-06-10 14:00:00,76.14334869384766
srv-010,2017-06-10 15:00:00,74.61323547363281
srv-010,2017-06-10 16:00:00,75.44147491455078
srv-010,2017-06-10 17:00:00,73.2664794921875
srv-010,2017-06-10 18:00:00,73.11021423339844
srv-010,2017-06-10 19:00:00,74.41048431396484
srv-010,2017-06-10 20:00:00,72.91851806640625
srv-010,2017-06-10 21:00:00,71.80512237548828
srv-010,2017-06-10 22:00:00,71.8202133178711
srv-010,2017-06-10 23:00:00,73.12055206298828
srv-010,2017-06-11 00:00:00,73.68220520019531
srv-010,2017-06-11 01:00:00,73.35185241699219
srv-010,2017-06-11 02:00:00,72.47607421875
srv-010,2017-06-11 03:00:00,73.48426818847656
srv-010,2017-06-11 04:00:00,74.35051727294922
srv-010,2017-06-11 05:00:00,74.20157623291016
srv-010,2017-06-11 06:00:00,75.63805389404297
srv-010,2017-06-11 07:00:00,75.90196990966797
srv-010,2017-06-11 08:00:00,76.92191314697266
srv-010,2017-06-11 09:00:00,78.33213806152344
srv-010,2017-06-11 10:00:00,78.53768157958984
srv-010,2017-06-11 11:00:00,77.24520874023438
srv-010,2017-06-11 12:00:00,75.66234588623047
srv-010,2017-06-11 13:00:00,74.4673843383789
srv-010,2017-06-11 14:00:00,77.59746551513672
srv-010,2017-06-11 15:00:00,76.4107437133789
srv-010,2017-06-11 16:00:00,77.20149993896484
srv-010,2017-06-11 17:00:00,74.23661804199219
srv-010,2017-06-11 18:00:00,74.66002655029297
srv-010,2017-06-11 19:00:00,72.88811492919922
srv-010,2017-06-11 20:00:00,71.37388610839844
srv-010,2017-06-11 21:00:00,70.67939758300781
srv-010,2017-06-11 22:00:00,72.1929931640625
srv-010,2017-06-11 23:00:00,72.96076202392578
srv-010,2017-06-12 00:00:00,69.71553039550781
srv-010,2017-06-12 01:00:00,66.62976837158203
srv-010,2017-06-12 02:00:00,69.85086822509766
srv-010,2017-06-12 03:00:00,71.96489715576172
srv-010,2017-06-12 04:00:00,72.81884002685547
srv-010,2017-06-12 05:00:00,71.12215423583984
srv-010,2017-06-12 06:00:00,68.55211639404297
srv-010,2017-06-12 07:00:00,73.55028533935547
srv-010,2017-06-12 08:00:00,75.21805572509766
srv-010,2017-06-12 09:00:00,77.61775970458984
srv-010,2017-06-12 10:00:00,80.48778533935547
srv-010,2017-06-12 11:00:00,80.7205581665039
srv-010,2017-06-12 12:00:00,84.23443603515625
srv-010,2017-06-12 13:00:00,88.76203155517578
srv-010,2017-06-12 14:00:00,85.68697357177734
srv-010,2017-06-12 15:00:00,83.4011459350586
srv-010,2017-06-12 16:00:00,85.43224334716797
srv-010,2017-06-12 17:00:00,85.11286926269531
srv-010,2017-06-12 18:00:00,85.6877212524414
srv-010,2017-06-12 19:00:00,82.91423797607422
srv-010,2017-06-12 20:00:00,79.3017349243164
srv-010,2017-06-12 21:00:00,78.82027435302734
srv-010,2017-06-12 22:00:00,81.16437530517578
srv-010,2017-06-12 23:00:00,81.5205307006836
srv-010,2017-06-13 00:00:00,82.84098052978516
srv-010,2017-06-13 01:00:00,83.00344848632812
srv-010,2017-06-13 02:00:00,84.996337890625
srv-010,2017-06-13 03:00:00,82.11893463134766
srv-010,2017-06-13 04:00:00,82.86453247070312
srv-010,2017-06-13 05:00:00,82.32588195800781
srv-010,2017-06-13 06:00:00,84.81510162353516
srv-010,2017-06-13 07:00:00,83.99610900878906
srv-010,2017-06-13 08:00:00,87.27255249023438
srv-010,2017-06-13 09:00:00,88.4692611694336
srv-010,2017-06-13 10:00:00,90.24352264404297
srv-010,2017-06-13 11:00:00,90.9662094116211
srv-010,2017-06-13 12:00:00,92.41411590576172
srv-010,2017-06-13 13:00:00,92.1310043334961
srv-010,2017-06-13 14:00:00,92.20128631591797
srv-010,2017-06-13 15:00:00,92.19708251953125
srv-010,2017-06-13 16:00:00,92.49566650390625
srv-010,2017-06-13 17:00:00,92.45972442626953
srv-010,2017-06-13 18:00:00,92.06373596191406
srv-010,2017-06-13 19:00:00,91.0887680053711
srv-010,2017-06-13 20:00:00,91.06603240966797
srv-010,2017-06-13 21:00:00,90.47940826416016
srv-010,2017-06-13 22:00:00,89.78817749023438
srv-010,2017-06-13 23:00:00,89.2332534790039
srv-010,2017-06-14 00:00:00,84.90975189208984
srv-010,2017-06-14 01:00:00,89.51721954345703
srv-010,2017-06-14 02:00:00,90.76768493652344
srv-010,2017-06-14 03:00:00,91.4488296508789
srv-010,2017-06-14 04:00:00,92.08660888671875
srv-010,2017-06-14 05:00:00,91.85519409179688
srv-010,2017-06-14 06:00:00,91.90227508544922
srv-010,2017-06-14 07:00:00,92.8786392211914
srv-010,2017-06-14 08:00:00,92.7811279296875
srv-010,2017-06-14 09:00:00,92.10091400146484
srv-010,2017-06-14 10:00:00,92.32979583740234
srv-010,2017-06-14 11:00:00,92.8177719116211
srv-010,2017-06-14 12:00:00,92.95286560058594
srv-010,2017-06-14 13:00:00,92.88746643066406
srv-010,2017-06-14 14:00:00,92.84203338623047
srv-010,2017-06-14 15:00:00,92.8503189086914
srv-010,2017-06-14 16:00:00,92.75569915771484
srv-010,2017-06-14 17:00:00,92.26482391357422
srv-010,2017-06-14 18:00:00,92.72471618652344
srv-010,2017-06-14 19:00:00,92.56287384033203
srv-010,2017-06-14 20:00:00,92.3966064453125
srv-010,2017-06-14 21:00:00,92.14102935791016
srv-010,2017-06-14 22:00:00,91.34037017822266
srv-010,2017-06-14 23:00:00,88.2610092163086
srv-010,2017-06-15 00:00:00,85.5793685913086
srv-010,2017-06-15 01:00:00,86.35485076904297
srv-010,2017-06-15 02:00:00,88.44710540771484
srv-010,2017-06-15 03:00:00,84.19727325439453
srv-010,2017-06-15 04:00:00,83.34435272216797
srv-010,2017-06-15 05:00:00,86.29248809814453
srv-010,2017-06-15 06:00:00,84.78182220458984
srv-010,2017-06-15 07:00:00,87.05308532714844
srv-010,2017-06-15 08:00:00,87.57349395751953
srv-010,2017-06-15 09:00:00,86.75611114501953
srv-010,2017-06-15 10:00:00,89.2608871459961
srv-010,2017-06-15 11:00:00,90.45542907714844
srv-010,2017-06-15 12:00:00,88.82235717773438
srv-010,2017-06-15 13:00:00,92.31752014160156
srv-010,2017-06-15 14:00:00,92.3695297241211
srv-010,2017-06-15 15:00:00,92.2187728881836
srv-010,2017-06-15 16:00:00,91.82769012451172
srv-010,2017-06-15 17:00:00,90.32010650634766
srv-010,2017-06-15 18:00:00,87.50215911865234
srv-010,2017-06-15 19:00:00,82.0768051147461
srv-010,2017-06-15 20:00:00,82.3028335571289
srv-010,2017-06-15 21:00:00,84.14407348632812
srv-010,2017-06-15 22:00:00,78.77618408203125
srv-010,2017-06-15 23:00:00,77.65184783935547
srv-010,2017-06-16 00:00:00,78.32636260986328
srv-010,2017-06-16 01:00:00,78.53677368164062
srv-010,2017-06-16 02:00:00,82.5808334350586
srv-010,2017-06-16 03:00:00,78.5653305053711
srv-010,2017-06-16 04:00:00,79.32308197021484
srv-010,2017-06-16 05:00:00,78.53860473632812
srv-010,2017-06-16 06:00:00,79.46977233886719
srv-010,2017-06-16 07:00:00,78.50054168701172
srv-010,2017-06-16 08:00:00,80.54650115966797
srv-010,2017-06-16 09:00:00,80.20645904541016
srv-010,2017-06-16 10:00:00,80.8335189819336
srv-010,2017-06-16 11:00:00,81.67048645019531
srv-010,2017-06-16 12:00:00,81.6529541015625
srv-010,2017-06-16 13:00:00,79.01799774169922
srv-010,2017-06-16 14:00:00,77.93180084228516
srv-010,2017-06-16 15:00:00,78.72425079345703
srv-010,2017-06-16 16:00:00,78.32379913330078
srv-010,2017-06-16 17:00:00,77.9096450805664
srv-010,2017-06-16 18:00:00,77.0803451538086
srv-010,2017-06-16 19:00:00,75.37544250488281
srv-010,2017-06-16 20:00:00,74.37642669677734
srv-010,2017-06-16 21:00:00,71.26502227783203
srv-010,2017-06-16 22:00:00,66.22483825683594
srv-010,2017-06-16 23:00:00,63.87181854248047
srv-010,2017-06-17 00:00:00,71.48111724853516
srv-010,2017-06-17 01:00:00,70.95030975341797
srv-010,2017-06-17 02:00:00,72.8599624633789
srv-010,2017-06-17 03:00:00,73.80694580078125
srv-010,2017-06-17 04:00:00,72.91429901123047
srv-010,2017-06-17 05:00:00,75.78883361816406
srv-010,2017-06-17 06:00:00,72.28665924072266
srv-010,2017-06-17 07:00:00,72.92166900634766
srv-010,2017-06-17 08:00:00,74.44939422607422
srv-010,2017-06-17 09:00:00,76.5232162475586
srv-010,2017-06-17 10:00:00,78.9663314819336
srv-010,2017-06-17 11:00:00,81.70160675048828
srv-010,2017-06-17 12:00:00,83.30146026611328
srv-010,2017-06-17 13:00:00,83.84697723388672
srv-010,2017-06-17 14:00:00,84.84541320800781
srv-010,2017-06-17 15:00:00,78.68815612792969
srv-010,2017-06-17 16:00:00,75.67523956298828
srv-010,2017-06-17 17:00:00,73.73986053466797
srv-010,2017-06-17 18:00:00,75.34215545654297
srv-010,2017-06-17 19:00:00,75.5345687866211
srv-010,2017-06-17 20:00:00,73.1286849975586
srv-010,2017-06-17 21:00:00,70.86998748779297
srv-010,2017-06-17 22:00:00,67.27386474609375
srv-010,2017-06-17 23:00:00,67.25330352783203
srv-010,2017-06-18 00:00:00,69.67451477050781
srv-010,2017-06-18 01:00:00,69.11614227294922
srv-010,2017-06-18 02:00:00,72.9395980834961
srv-010,2017-06-18 03:00:00,73.37060546875
srv-010,2017-06-18 04:00:00,72.54469299316406
srv-010,2017-06-18 05:00:00,73.71827697753906
srv-010,2017-06-18 06:00:00,72.84565734863281
srv-010,2017-06-18 07:00:00,69.63521575927734
srv-010,2017-06-18 08:00:00,74.8116226196289
srv-010,2017-06-18 09:00:00,75.33901977539062
srv-010,2017-06-18 10:00:00,78.2790756225586
srv-010,2017-06-18 11:00:00,79.00225830078125
srv-010,2017-06-18 12:00:00,79.3005599975586
srv-010,2017-06-18 13:00:00,79.86724090576172
srv-010,2017-06-18 14:00:00,79.39453887939453
srv-010,2017-06-18 15:00:00,79.67185974121094
srv-010,2017-06-18 16:00:00,74.57279968261719
srv-010,2017-06-18 17:00:00,73.61105346679688
srv-010,2017-06-18 18:00:00,76.73008728027344
srv-010,2017-06-18 19:00:00,74.08767700195312
srv-010,2017-06-18 20:00:00,71.20927429199219
srv-010,2017-06-18 21:00:00,70.95447540283203
srv-010,2017-06-18 22:00:00,69.4194107055664
srv-010,2017-06-18 23:00:00,66.921875
srv-010,2017-06-19 00:00:00,64.11445617675781
srv-010,2017-06-19 01:00:00,62.79499053955078
srv-010,2017-06-19 02:00:00,65.2873764038086
srv-010,2017-06-19 03:00:00,68.76469421386719
srv-010,2017-06-19 04:00:00,70.0408935546875
srv-010,2017-06-19 05:00:00,72.54193878173828
srv-010,2017-06-19 06:00:00,71.51738739013672
srv-010,2017-06-19 07:00:00,71.37808227539062
srv-010,2017-06-19 08:00:00,77.1194839477539
srv-010,2017-06-19 09:00:00,79.26993560791016
srv-010,2017-06-19 10:00:00,83.75669860839844
srv-010,2017-06-19 11:00:00,83.6904525756836
srv-010,2017-06-19 12:00:00,83.27263641357422
srv-010,2017-06-19 13:00:00,86.98477935791016
srv-010,2017-06-19 14:00:00,83.9986801147461
srv-010,2017-06-19 15:00:00,84.83472442626953
srv-010,2017-06-19 16:00:00,82.84111785888672
srv-010,2017-06-19 17:00:00,80.10774993896484
srv-010,2017-06-19 18:00:00,81.75511932373047
srv-010,2017-06-19 19:00:00,77.42566680908203
srv-010,2017-06-19 20:00:00,75.87869262695312
srv-010,2017-06-19 21:00:00,78.17652893066406
srv-010,2017-06-19 22:00:00,77.38304901123047
srv-010,2017-06-19 23:00:00,78.2553482055664
srv-010,2017-06-20 00:00:00,79.140869140625
srv-010,2017-06-20 01:00:00,80.85023498535156
srv-010,2017-06-20 02:00:00,84.1147689819336
srv-010,2017-06-20 03:00:00,86.25077056884766
srv-010,2017-06-20 04:00:00,89.98919677734375
srv-010,2017-06-20 05:00:00,88.86148834228516
srv-010,2017-06-20 06:00:00,88.25431060791016
srv-010,2017-06-20 07:00:00,87.06558227539062
srv-010,2017-06-20 08:00:00,87.73475646972656
srv-010,2017-06-20 09:00:00,88.05218505859375
srv-010,2017-06-20 10:00:00,89.39879608154297
srv-010,2017-06-20 11:00:00,91.42684173583984
srv-010,2017-06-20 12:00:00,92.61296844482422
srv-010,2017-06-20 13:00:00,92.07402801513672
srv-010,2017-06-20 14:00:00,91.51610565185547
srv-010,2017-06-20 15:00:00,91.1161117553711
srv-010,2017-06-20 16:00:00,90.96762084960938
srv-010,2017-06-20 17:00:00,91.24359130859375
srv-010,2017-06-20 18:00:00,91.2874755859375
srv-010,2017-06-20 19:00:00,91.52677154541016
srv-010,2017-06-20 20:00:00,90.51220703125
srv-010,2017-06-20 21:00:00,90.0252456665039
srv-010,2017-06-20 22:00:00,89.51903533935547
srv-010,2017-06-20 23:00:00,87.18738555908203
srv-010,2017-06-21 00:00:00,87.64936065673828
srv-010,2017-06-21 01:00:00,88.82909393310547
srv-010,2017-06-21 02:00:00,89.55933380126953
srv-010,2017-06-21 03:00:00,91.4975357055664
srv-010,2017-06-21 04:00:00,92.43963623046875
srv-010,2017-06-21 05:00:00,92.68033599853516
srv-010,2017-06-21 06:00:00,92.64575958251953
srv-010,2017-06-21 07:00:00,90.91712188720703
srv-010,2017-06-21 08:00:00,92.5133056640625
srv-010,2017-06-21 09:00:00,91.70479583740234
srv-010,2017-06-21 10:00:00,92.73404693603516
srv-010,2017-06-21 11:00:00,93.0151138305664
srv-010,2017-06-21 12:00:00,93.05023193359375
srv-010,2017-06-21 13:00:00,93.05274963378906
srv-010,2017-06-21 14:00:00,93.02005767822266
srv-010,2017-06-21 15:00:00,92.90404510498047
srv-010,2017-06-21 16:00:00,92.69242858886719
srv-010,2017-06-21 17:00:00,92.48422241210938
srv-010,2017-06-21 18:00:00,92.52806854248047
srv-010,2017-06-21 19:00:00,92.7093734741211
srv-010,2017-06-21 20:00:00,91.93524932861328
srv-010,2017-06-21 21:00:00,91.21196746826172
srv-010,2017-06-21 22:00:00,87.77913665771484
srv-010,2017-06-21 23:00:00,90.9058609008789
srv-010,2017-06-22 00:00:00,89.8633804321289
srv-010,2017-06-22 01:00:00,90.23595428466797
srv-010,2017-06-22 02:00:00,89.7488784790039
srv-010,2017-06-22 03:00:00,90.0073471069336
srv-010,2017-06-22 04:00:00,88.548583984375
srv-010,2017-06-22 05:00:00,88.64403533935547
srv-010,2017-06-22 06:00:00,86.90319061279297
srv-010,2017-06-22 07:00:00,87.20685577392578
srv-010,2017-06-22 08:00:00,90.71309661865234
srv-010,2017-06-22 09:00:00,90.97559356689453
srv-010,2017-06-22 10:00:00,92.37088775634766
srv-010,2017-06-22 11:00:00,92.39054870605469
srv-010,2017-06-22 12:00:00,92.83336639404297
srv-010,2017-06-22 13:00:00,92.46730041503906
srv-010,2017-06-22 14:00:00,91.80290985107422
srv-010,2017-06-22 15:00:00,91.20044708251953
srv-010,2017-06-22 16:00:00,91.35543060302734
srv-010,2017-06-22 17:00:00,91.57940673828125
srv-010,2017-06-22 18:00:00,91.00145721435547
srv-010,2017-06-22 19:00:00,89.19959259033203
srv-010,2017-06-22 20:00:00,81.34089660644531
srv-010,2017-06-22 21:00:00,83.59850311279297
srv-010,2017-06-22 22:00:00,80.4908676147461
srv-010,2017-06-22 23:00:00,79.65840911865234
srv-010,2017-06-23 00:00:00,77.86214447021484
srv-010,2017-06-23 01:00:00,80.20743560791016
srv-010,2017-06-23 02:00:00,78.60609436035156
srv-010,2017-06-23 03:00:00,79.48299407958984
srv-010,2017-06-23 04:00:00,80.72710418701172
srv-010,2017-06-23 05:00:00,79.80660247802734
srv-010,2017-06-23 06:00:00,79.97071838378906
srv-010,2017-06-23 07:00:00,80.22193145751953
srv-010,2017-06-23 08:00:00,81.81194305419922
srv-010,2017-06-23 09:00:00,82.45956420898438
srv-010,2017-06-23 10:00:00,84.10478973388672
srv-010,2017-06-23 11:00:00,83.78594207763672
srv-010,2017-06-23 12:00:00,83.65813446044922
srv-010,2017-06-23 13:00:00,82.25347900390625
srv-010,2017-06-23 14:00:00,81.25530242919922
srv-010,2017-06-23 15:00:00,80.63748168945312
srv-010,2017-06-23 16:00:00,76.86431884765625
srv-010,2017-06-23 17:00:00,76.11856842041016
srv-010,2017-06-23 18:00:00,77.45797729492188
srv-010,2017-06-23 19:00:00,72.60802459716797
srv-010,2017-06-23 20:00:00,70.6311264038086
srv-010,2017-06-23 21:00:00,68.99213409423828
srv-010,2017-06-23 22:00:00,70.07435607910156
srv-010,2017-06-23 23:00:00,68.2983169555664
srv-010,2017-06-24 00:00:00,70.19908905029297
srv-010,2017-06-24 01:00:00,72.19468688964844
srv-010,2017-06-24 02:00:00,73.765380859375
srv-010,2017-06-24 03:00:00,75.50292205810547
srv-010,2017-06-24 04:00:00,75.28121185302734
srv-010,2017-06-24 05:00:00,75.91876983642578
srv-010,2017-06-24 06:00:00,76.88245391845703
srv-010,2017-06-24 07:00:00,75.85515594482422
srv-010,2017-06-24 08:00:00,79.05337524414062
srv-010,2017-06-24 09:00:00,78.2516098022461
srv-010,2017-06-24 10:00:00,77.5927505493164
srv-010,2017-06-24 11:00:00,78.91605377197266
srv-010,2017-06-24 12:00:00,79.94580841064453
srv-010,2017-06-24 13:00:00,80.70421600341797
srv-010,2017-06-24 14:00:00,77.0482406616211
srv-010,2017-06-24 15:00:00,79.30269622802734
srv-010,2017-06-24 16:00:00,77.97339630126953
srv-010,2017-06-24 17:00:00,79.25792694091797
srv-010,2017-06-24 18:00:00,75.76878356933594
srv-010,2017-06-24 19:00:00,74.3889389038086
srv-010,2017-06-24 20:00:00,73.06343841552734
srv-010,2017-06-24 21:00:00,71.09757995605469
srv-010,2017-06-24 22:00:00,69.10487365722656
srv-010,2017-06-24 23:00:00,70.3388442993164
srv-010,2017-06-25 00:00:00,70.16508483886719
srv-010,2017-06-25 01:00:00,70.63153839111328
srv-010,2017-06-25 02:00:00,71.70589447021484
srv-010,2017-06-25 03:00:00,73.15105438232422
srv-010,2017-06-25 04:00:00,73.06072235107422
srv-010,2017-06-25 05:00:00,73.95940399169922
srv-010,2017-06-25 06:00:00,69.46153259277344
srv-010,2017-06-25 07:00:00,70.73802947998047
srv-010,2017-06-25 08:00:00,74.43547058105469
srv-010,2017-06-25 09:00:00,74.4521255493164
srv-010,2017-06-25 10:00:00,78.53965759277344
srv-010,2017-06-25 11:00:00,79.79727172851562
srv-010,2017-06-25 12:00:00,77.63033294677734
srv-010,2017-06-25 13:00:00,76.05078887939453
srv-010,2017-06-25 14:00:00,79.62431335449219
srv-010,2017-06-25 15:00:00,77.4790267944336
srv-010,2017-06-25 16:00:00,79.63574981689453
srv-010,2017-06-25 17:00:00,73.7755355834961
srv-010,2017-06-25 18:00:00,75.86870574951172
srv-010,2017-06-25 19:00:00,73.56647491455078
srv-010,2017-06-25 20:00:00,69.76604461669922
srv-010,2017-06-25 21:00:00,68.7664794921875
srv-010,2017-06-25 22:00:00,67.23079681396484
srv-010,2017-06-25 23:00:00,66.83126068115234
srv-010,2017-06-26 00:00:00,64.61538696289062
srv-010,2017-06-26 01:00:00,62.95403289794922
srv-010,2017-06-26 02:00:00,66.65895080566406
srv-010,2017-06-26 03:00:00,66.58296203613281
srv-010,2017-06-26 04:00:00,70.8057861328125
srv-010,2017-06-26 05:00:00,71.33164978027344
srv-010,2017-06-26 06:00:00,70.63433074951172
srv-010,2017-06-26 07:00:00,73.86797332763672
srv-010,2017-06-26 08:00:00,79.08646392822266
srv-010,2017-06-26 09:00:00,80.52147674560547
srv-010,2017-06-26 10:00:00,83.41399383544922
srv-010,2017-06-26 11:00:00,83.70358276367188
srv-010,2017-06-26 12:00:00,85.29817962646484
srv-010,2017-06-26 13:00:00,85.46497344970703
srv-010,2017-06-26 14:00:00,84.13916015625
srv-010,2017-06-26 15:00:00,83.8379135131836
srv-010,2017-06-26 16:00:00,81.14551544189453
srv-010,2017-06-26 17:00:00,83.43834686279297
srv-010,2017-06-26 18:00:00,79.4485092163086
srv-010,2017-06-26 19:00:00,79.82999420166016
srv-010,2017-06-26 20:00:00,78.65743255615234
srv-010,2017-06-26 21:00:00,77.48948669433594
srv-010,2017-06-26 22:00:00,78.19099426269531
srv-010,2017-06-26 23:00:00,77.14697265625
srv-010,2017-06-27 00:00:00,78.61565399169922
srv-010,2017-06-27 01:00:00,80.20089721679688
srv-010,2017-06-27 02:00:00,84.41252899169922
srv-010,2017-06-27 03:00:00,84.9007797241211
srv-010,2017-06-27 04:00:00,86.50996398925781
srv-010,2017-06-27 05:00:00,87.30770111083984
srv-010,2017-06-27 06:00:00,88.5792465209961
srv-010,2017-06-27 07:00:00,88.83594512939453
srv-010,2017-06-27 08:00:00,91.29723358154297
srv-010,2017-06-27 09:00:00,90.72490692138672
srv-010,2017-06-27 10:00:00,91.57891082763672
srv-010,2017-06-27 11:00:00,90.93518829345703
srv-010,2017-06-27 12:00:00,90.86334228515625
srv-010,2017-06-27 13:00:00,91.336669921875
srv-010,2017-06-27 14:00:00,90.86438751220703
srv-010,2017-06-27 15:00:00,90.63516235351562
srv-010,2017-06-27 16:00:00,90.07552337646484
srv-010,2017-06-27 17:00:00,89.97049713134766
srv-010,2017-06-27 18:00:00,90.03038787841797
srv-010,2017-06-27 19:00:00,89.32499694824219
srv-010,2017-06-27 20:00:00,89.43842315673828
srv-010,2017-06-27 21:00:00,88.8815689086914
srv-010,2017-06-27 22:00:00,89.94306182861328
srv-010,2017-06-27 23:00:00,89.78971099853516
srv-010,2017-06-28 00:00:00,87.32105255126953
srv-010,2017-06-28 01:00:00,89.7582778930664
srv-010,2017-06-28 02:00:00,90.95722961425781
srv-010,2017-06-28 03:00:00,91.52005767822266
srv-010,2017-06-28 04:00:00,92.39503479003906
srv-010,2017-06-28 05:00:00,90.52143859863281
srv-010,2017-06-28 06:00:00,91.06489562988281
srv-010,2017-06-28 07:00:00,89.3851547241211
srv-010,2017-06-28 08:00:00,91.0766372680664
srv-010,2017-06-28 09:00:00,89.62464141845703
srv-010,2017-06-28 10:00:00,91.97295379638672
srv-010,2017-06-28 11:00:00,92.11315155029297
srv-010,2017-06-28 12:00:00,92.9662857055664
srv-010,2017-06-28 13:00:00,92.92350769042969
srv-010,2017-06-28 14:00:00,92.99666595458984
srv-010,2017-06-28 15:00:00,92.95601654052734
srv-010,2017-06-28 16:00:00,92.86930084228516
srv-010,2017-06-28 17:00:00,92.1863021850586
srv-010,2017-06-28 18:00:00,92.22498321533203
srv-010,2017-06-28 19:00:00,91.52861785888672
srv-010,2017-06-28 20:00:00,90.6171875
srv-010,2017-06-28 21:00:00,91.29071807861328
srv-010,2017-06-28 22:00:00,88.88020324707031
srv-010,2017-06-28 23:00:00,91.61625671386719
srv-010,2017-06-29 00:00:00,89.22545623779297
srv-010,2017-06-29 01:00:00,88.813232421875
srv-010,2017-06-29 02:00:00,89.45315551757812
srv-010,2017-06-29 03:00:00,88.6224594116211
srv-010,2017-06-29 04:00:00,89.79496002197266
srv-010,2017-06-29 05:00:00,89.80738067626953
srv-010,2017-06-29 06:00:00,87.61095428466797
srv-010,2017-06-29 07:00:00,83.48357391357422
srv-010,2017-06-29 08:00:00,89.65735626220703
srv-010,2017-06-29 09:00:00,86.5519027709961
srv-010,2017-06-29 10:00:00,92.49781036376953
srv-010,2017-06-29 11:00:00,89.28473663330078
srv-010,2017-06-29 12:00:00,91.88739013671875
srv-010,2017-06-29 13:00:00,89.25384521484375
srv-010,2017-06-29 14:00:00,88.53113555908203
srv-010,2017-06-29 15:00:00,89.29806518554688
srv-010,2017-06-29 16:00:00,90.57324981689453
srv-010,2017-06-29 17:00:00,87.16571807861328
srv-010,2017-06-29 18:00:00,87.3984146118164
srv-010,2017-06-29 19:00:00,86.2245101928711
srv-010,2017-06-29 20:00:00,83.08966827392578
srv-010,2017-06-29 21:00:00,82.61038208007812
srv-010,2017-06-29 22:00:00,79.9476089477539
srv-010,2017-06-29 23:00:00,80.9364013671875
srv-010,2017-06-30 00:00:00,78.9831314086914
srv-010,2017-06-30 01:00:00,78.17902374267578
srv-010,2017-06-30 02:00:00,79.70864868164062
srv-010,2017-06-30 03:00:00,80.37755584716797
srv-010,2017-06-30 04:00:00,80.4208755493164
srv-010,2017-06-30 05:00:00,80.95401763916016
srv-010,2017-06-30 06:00:00,78.01612091064453
srv-010,2017-06-30 07:00:00,77.67302703857422
srv-010,2017-06-30 08:00:00,79.07776641845703
srv-010,2017-06-30 09:00:00,79.37963104248047
srv-010,2017-06-30 10:00:00,79.98383331298828
srv-010,2017-06-30 11:00:00,81.42564392089844
srv-010,2017-06-30 12:00:00,82.3052749633789
srv-010,2017-06-30 13:00:00,77.60543060302734
srv-010,2017-06-30 14:00:00,75.51121520996094
srv-010,2017-06-30 15:00:00,75.11993408203125
srv-010,2017-06-30 16:00:00,76.32959747314453
srv-010,2017-06-30 17:00:00,76.7222671508789
srv-010,2017-06-30 18:00:00,76.53649139404297
srv-010,2017-06-30 19:00:00,76.03614044189453
srv-010,2017-06-30 20:00:00,74.80107879638672
srv-010,2017-06-30 21:00:00,72.9278793334961
srv-010,2017-06-30 22:00:00,72.2944107055664
srv-010,2017-06-30 23:00:00,66.7265396118164
