server_id,timestamp,predicted_cpu_utilization
srv-001,2017-06-01 23:00:00,0.0
srv-001,2017-06-02 00:00:00,0.0
srv-001,2017-06-02 01:00:00,0.0
srv-001,2017-06-02 02:00:00,0.0
srv-001,2017-06-02 03:00:00,0.0
srv-001,2017-06-02 04:00:00,0.0
srv-001,2017-06-02 05:00:00,0.0
srv-001,2017-06-02 06:00:00,0.0
srv-001,2017-06-02 07:00:00,0.0
srv-001,2017-06-02 08:00:00,0.0
srv-001,2017-06-02 09:00:00,0.0
srv-001,2017-06-02 10:00:00,0.0
srv-001,2017-06-02 11:00:00,0.0
srv-001,2017-06-02 12:00:00,45.72433853149414
srv-001,2017-06-02 13:00:00,45.886966705322266
srv-001,2017-06-02 14:00:00,46.278743743896484
srv-001,2017-06-02 15:00:00,47.58599853515625
srv-001,2017-06-02 16:00:00,42.5263557434082
srv-001,2017-06-02 17:00:00,44.4503173828125
srv-001,2017-06-02 18:00:00,44.006690979003906
srv-001,2017-06-02 19:00:00,41.55880355834961
srv-001,2017-06-02 20:00:00,41.056419372558594
srv-001,2017-06-02 21:00:00,41.95163345336914
srv-001,2017-06-02 22:00:00,41.73832321166992
srv-001,2017-06-02 23:00:00,38.807926177978516
srv-001,2017-06-03 00:00:00,41.93984603881836
srv-001,2017-06-03 01:00:00,42.509700775146484
srv-001,2017-06-03 02:00:00,42.43809127807617
srv-001,2017-06-03 03:00:00,42.502689361572266
srv-001,2017-06-03 04:00:00,42.46133041381836
srv-001,2017-06-03 05:00:00,44.94826126098633
srv-001,2017-06-03 06:00:00,39.48651123046875
srv-001,2017-06-03 07:00:00,40.93928146362305
srv-001,2017-06-03 08:00:00,42.79636001586914
srv-001,2017-06-03 09:00:00,41.32866287231445
srv-001,2017-06-03 10:00:00,45.39716339111328
srv-001,2017-06-03 11:00:00,45.59212112426758
srv-001,2017-06-03 12:00:00,48.340782165527344
srv-001,2017-06-03 13:00:00,51.212974548339844
srv-001,2017-06-03 14:00:00,49.9513053894043
srv-001,2017-06-03 15:00:00,47.96452713012695
srv-001,2017-06-03 16:00:00,46.675113677978516
srv-001,2017-06-03 17:00:00,44.5451774597168
srv-001,2017-06-03 18:00:00,46.42551803588867
srv-001,2017-06-03 19:00:00,47.541263580322266
srv-001,2017-06-03 20:00:00,45.89790725708008
srv-001,2017-06-03 21:00:00,46.96379470825195
srv-001,2017-06-03 22:00:00,41.01018142700195
srv-001,2017-06-03 23:00:00,40.467891693115234
srv-001,2017-06-04 00:00:00,40.24685287475586
srv-001,2017-06-04 01:00:00,40.78782272338867
srv-001,2017-06-04 02:00:00,41.58005905151367
srv-001,2017-06-04 03:00:00,43.8172721862793
srv-001,2017-06-04 04:00:00,44.72747802734375
srv-001,2017-06-04 05:00:00,43.34971237182617
srv-001,2017-06-04 06:00:00,39.7883415222168
srv-001,2017-06-04 07:00:00,39.58173751831055
srv-001,2017-06-04 08:00:00,42.31083297729492
srv-001,2017-06-04 09:00:00,43.19173812866211
srv-001,2017-06-04 10:00:00,46.4931640625
srv-001,2017-06-04 11:00:00,51.09036636352539
srv-001,2017-06-04 12:00:00,49.866363525390625
srv-001,2017-06-04 13:00:00,46.39524841308594
srv-001,2017-06-04 14:00:00,45.77457046508789
srv-001,2017-06-04 15:00:00,44.455623626708984
srv-001,2017-06-04 16:00:00,38.54521560668945
srv-001,2017-06-04 17:00:00,43.179874420166016
srv-001,2017-06-04 18:00:00,42.09022903442383
srv-001,2017-06-04 19:00:00,47.6462516784668
srv-001,2017-06-04 20:00:00,48.886600494384766
srv-001,2017-06-04 21:00:00,47.01359176635742
srv-001,2017-06-04 22:00:00,43.012718200683594
srv-001,2017-06-04 23:00:00,45.05415344238281
srv-001,2017-06-05 00:00:00,40.141170501708984
srv-001,2017-06-05 01:00:00,35.9300422668457
srv-001,2017-06-05 02:00:00,36.25248718261719
srv-001,2017-06-05 03:00:00,36.75999069213867
srv-001,2017-06-05 04:00:00,38.24076461791992
srv-001,2017-06-05 05:00:00,39.66178512573242
srv-001,2017-06-05 06:00:00,40.92644119262695
srv-001,2017-06-05 07:00:00,39.34311294555664
srv-001,2017-06-05 08:00:00,38.862205505371094
srv-001,2017-06-05 09:00:00,40.476436614990234
srv-001,2017-06-05 10:00:00,40.535587310791016
srv-001,2017-06-05 11:00:00,40.44303512573242
srv-001,2017-06-05 12:00:00,43.13871383666992
srv-001,2017-06-05 13:00:00,46.19963455200195
srv-001,2017-06-05 14:00:00,46.391639709472656
srv-001,2017-06-05 15:00:00,46.97089767456055
srv-001,2017-06-05 16:00:00,46.78324508666992
srv-001,2017-06-05 17:00:00,46.44583511352539
srv-001,2017-06-05 18:00:00,44.8465461730957
srv-001,2017-06-05 19:00:00,44.43806457519531
srv-001,2017-06-05 20:00:00,44.16415023803711
srv-001,2017-06-05 21:00:00,45.42966842651367
srv-001,2017-06-05 22:00:00,44.01252746582031
srv-001,2017-06-05 23:00:00,43.11505889892578
srv-001,2017-06-06 00:00:00,43.332740783691406
srv-001,2017-06-06 01:00:00,42.07676696777344
srv-001,2017-06-06 02:00:00,43.71785354614258
srv-001,2017-06-06 03:00:00,46.567440032958984
srv-001,2017-06-06 04:00:00,43.776241302490234
srv-001,2017-06-06 05:00:00,44.25498580932617
srv-001,2017-06-06 06:00:00,46.39048385620117
srv-001,2017-06-06 07:00:00,49.82402420043945
srv-001,2017-06-06 08:00:00,50.171810150146484
srv-001,2017-06-06 09:00:00,49.074161529541016
srv-001,2017-06-06 10:00:00,46.843196868896484
srv-001,2017-06-06 11:00:00,49.44137191772461
srv-001,2017-06-06 12:00:00,52.12925338745117
srv-001,2017-06-06 13:00:00,53.91488265991211
srv-001,2017-06-06 14:00:00,56.769771575927734
srv-001,2017-06-06 15:00:00,56.95094299316406
srv-001,2017-06-06 16:00:00,57.29097366333008
srv-001,2017-06-06 17:00:00,53.02174758911133
srv-001,2017-06-06 18:00:00,54.629451751708984
srv-001,2017-06-06 19:00:00,53.2701301574707
srv-001,2017-06-06 20:00:00,52.136478424072266
srv-001,2017-06-06 21:00:00,50.228824615478516
srv-001,2017-06-06 22:00:00,52.36069107055664
srv-001,2017-06-06 23:00:00,53.42789840698242
srv-001,2017-06-07 00:00:00,52.01268005371094
srv-001,2017-06-07 01:00:00,53.70576095581055
srv-001,2017-06-07 02:00:00,51.80270004272461
srv-001,2017-06-07 03:00:00,50.12882995605469
srv-001,2017-06-07 04:00:00,49.71574783325195
srv-001,2017-06-07 05:00:00,47.65151596069336
srv-001,2017-06-07 06:00:00,51.094120025634766
srv-001,2017-06-07 07:00:00,48.91484451293945
srv-001,2017-06-07 08:00:00,49.98366165161133
srv-001,2017-06-07 09:00:00,48.93073654174805
srv-001,2017-06-07 10:00:00,52.16621017456055
srv-001,2017-06-07 11:00:00,53.5190315246582
srv-001,2017-06-07 12:00:00,54.55569839477539
srv-001,2017-06-07 13:00:00,54.93413162231445
srv-001,2017-06-07 14:00:00,54.34160614013672
srv-001,2017-06-07 15:00:00,57.25927734375
srv-001,2017-06-07 16:00:00,55.591339111328125
srv-001,2017-06-07 17:00:00,56.869056701660156
srv-001,2017-06-07 18:00:00,53.76753616333008
srv-001,2017-06-07 19:00:00,54.58571243286133
srv-001,2017-06-07 20:00:00,56.2379264831543
srv-001,2017-06-07 21:00:00,55.8177604675293
srv-001,2017-06-07 22:00:00,51.42873764038086
srv-001,2017-06-07 23:00:00,52.29596710205078
srv-001,2017-06-08 00:00:00,51.3275032043457
srv-001,2017-06-08 01:00:00,51.306148529052734
srv-001,2017-06-08 02:00:00,49.80832290649414
srv-001,2017-06-08 03:00:00,49.84054183959961
srv-001,2017-06-08 04:00:00,50.483463287353516
srv-001,2017-06-08 05:00:00,48.54588317871094
srv-001,2017-06-08 06:00:00,47.754642486572266
srv-001,2017-06-08 07:00:00,46.33378219604492
srv-001,2017-06-08 08:00:00,46.91804885864258
srv-001,2017-06-08 09:00:00,46.513614654541016
srv-001,2017-06-08 10:00:00,50.1838264465332
srv-001,2017-06-08 11:00:00,49.38596725463867
srv-001,2017-06-08 12:00:00,53.95957565307617
srv-001,2017-06-08 13:00:00,53.07816696166992
srv-001,2017-06-08 14:00:00,50.11793518066406
srv-001,2017-06-08 15:00:00,53.0838623046875
srv-001,2017-06-08 16:00:00,53.74885940551758
srv-001,2017-06-08 17:00:00,50.49293518066406
srv-001,2017-06-08 18:00:00,51.12216567993164
srv-001,2017-06-08 19:00:00,47.78041076660156
srv-001,2017-06-08 20:00:00,48.186214447021484
srv-001,2017-06-08 21:00:00,45.04178237915039
srv-001,2017-06-08 22:00:00,41.740020751953125
srv-001,2017-06-08 23:00:00,42.3701057434082
srv-001,2017-06-09 00:00:00,42.45877456665039
srv-001,2017-06-09 01:00:00,42.22191619873047
srv-001,2017-06-09 02:00:00,40.97304153442383
srv-001,2017-06-09 03:00:00,41.780494689941406
srv-001,2017-06-09 04:00:00,43.31101608276367
srv-001,2017-06-09 05:00:00,43.60664749145508
srv-001,2017-06-09 06:00:00,43.99712371826172
srv-001,2017-06-09 07:00:00,43.13431930541992
srv-001,2017-06-09 08:00:00,46.231693267822266
srv-001,2017-06-09 09:00:00,43.56222152709961
srv-001,2017-06-09 10:00:00,46.09965133666992
srv-001,2017-06-09 11:00:00,48.71493911743164
srv-001,2017-06-09 12:00:00,49.148868560791016
srv-001,2017-06-09 13:00:00,48.773494720458984
srv-001,2017-06-09 14:00:00,46.223628997802734
srv-001,2017-06-09 15:00:00,48.3814811706543
srv-001,2017-06-09 16:00:00,43.066097259521484
srv-001,2017-06-09 17:00:00,40.970829010009766
srv-001,2017-06-09 18:00:00,39.582244873046875
srv-001,2017-06-09 19:00:00,41.78932571411133
srv-001,2017-06-09 20:00:00,40.199710845947266
srv-001,2017-06-09 21:00:00,39.00221252441406
srv-001,2017-06-09 22:00:00,37.85688018798828
srv-001,2017-06-09 23:00:00,37.114288330078125
srv-001,2017-06-10 00:00:00,38.5438117980957
srv-001,2017-06-10 01:00:00,41.959720611572266
srv-001,2017-06-10 02:00:00,39.81798553466797
srv-001,2017-06-10 03:00:00,43.17789840698242
srv-001,2017-06-10 04:00:00,43.648250579833984
srv-001,2017-06-10 05:00:00,45.677223205566406
srv-001,2017-06-10 06:00:00,43.72988510131836
srv-001,2017-06-10 07:00:00,43.19949722290039
srv-001,2017-06-10 08:00:00,42.23220443725586
srv-001,2017-06-10 09:00:00,42.25602340698242
srv-001,2017-06-10 10:00:00,44.7054557800293
srv-001,2017-06-10 11:00:00,47.26262664794922
srv-001,2017-06-10 12:00:00,46.16902160644531
srv-001,2017-06-10 13:00:00,46.22859573364258
srv-001,2017-06-10 14:00:00,48.00032424926758
srv-001,2017-06-10 15:00:00,43.75031280517578
srv-001,2017-06-10 16:00:00,45.16990280151367
srv-001,2017-06-10 17:00:00,42.70634078979492
srv-001,2017-06-10 18:00:00,42.22756576538086
srv-001,2017-06-10 19:00:00,41.029483795166016
srv-001,2017-06-10 20:00:00,40.021854400634766
srv-001,2017-06-10 21:00:00,40.58149337768555
srv-001,2017-06-10 22:00:00,38.90974426269531
srv-001,2017-06-10 23:00:00,39.89927673339844
srv-001,2017-06-11 00:00:00,40.24142074584961
srv-001,2017-06-11 01:00:00,40.49378967285156
srv-001,2017-06-11 02:00:00,43.17995834350586
srv-001,2017-06-11 03:00:00,41.890010833740234
srv-001,2017-06-11 04:00:00,44.85795211791992
srv-001,2017-06-11 05:00:00,41.7441520690918
srv-001,2017-06-11 06:00:00,42.15679168701172
srv-001,2017-06-11 07:00:00,40.61789321899414
srv-001,2017-06-11 08:00:00,40.40288162231445
srv-001,2017-06-11 09:00:00,41.17140579223633
srv-001,2017-06-11 10:00:00,44.44431686401367
srv-001,2017-06-11 11:00:00,46.79618835449219
srv-001,2017-06-11 12:00:00,47.9807243347168
srv-001,2017-06-11 13:00:00,44.203426361083984
srv-001,2017-06-11 14:00:00,45.53959274291992
srv-001,2017-06-11 15:00:00,47.3531379699707
srv-001,2017-06-11 16:00:00,46.1791877746582
srv-001,2017-06-11 17:00:00,41.052650451660156
srv-001,2017-06-11 18:00:00,41.14873123168945
srv-001,2017-06-11 19:00:00,41.65692901611328
srv-001,2017-06-11 20:00:00,42.23543930053711
srv-001,2017-06-11 21:00:00,38.74400329589844
srv-001,2017-06-11 22:00:00,38.31159210205078
srv-001,2017-06-11 23:00:00,40.36472702026367
srv-001,2017-06-12 00:00:00,37.23703384399414
srv-001,2017-06-12 01:00:00,37.89253616333008
srv-001,2017-06-12 02:00:00,37.7789421081543
srv-001,2017-06-12 03:00:00,37.34812927246094
srv-001,2017-06-12 04:00:00,36.12394332885742
srv-001,2017-06-12 05:00:00,37.17414474487305
srv-001,2017-06-12 06:00:00,37.24771499633789
srv-001,2017-06-12 07:00:00,36.98648452758789
srv-001,2017-06-12 08:00:00,38.34579086303711
srv-001,2017-06-12 09:00:00,41.4089469909668
srv-001,2017-06-12 10:00:00,43.05997085571289
srv-001,2017-06-12 11:00:00,44.962162017822266
srv-001,2017-06-12 12:00:00,45.03782272338867
srv-001,2017-06-12 13:00:00,47.34281539916992
srv-001,2017-06-12 14:00:00,46.55503463745117
srv-001,2017-06-12 15:00:00,49.05781936645508
srv-001,2017-06-12 16:00:00,48.06406021118164
srv-001,2017-06-12 17:00:00,50.38080978393555
srv-001,2017-06-12 18:00:00,45.78184127807617
srv-001,2017-06-12 19:00:00,46.697261810302734
srv-001,2017-06-12 20:00:00,43.867244720458984
srv-001,2017-06-12 21:00:00,43.27561569213867
srv-001,2017-06-12 22:00:00,42.89639663696289
srv-001,2017-06-12 23:00:00,44.837100982666016
srv-001,2017-06-13 00:00:00,43.75956726074219
srv-001,2017-06-13 01:00:00,42.11851119995117
srv-001,2017-06-13 02:00:00,44.068302154541016
srv-001,2017-06-13 03:00:00,45.60380172729492
srv-001,2017-06-13 04:00:00,47.73634719848633
srv-001,2017-06-13 05:00:00,48.633174896240234
srv-001,2017-06-13 06:00:00,48.688724517822266
srv-001,2017-06-13 07:00:00,52.4069709777832
srv-001,2017-06-13 08:00:00,53.5108528137207
srv-001,2017-06-13 09:00:00,54.38587188720703
srv-001,2017-06-13 10:00:00,51.306053161621094
srv-001,2017-06-13 11:00:00,54.178165435791016
srv-001,2017-06-13 12:00:00,55.469486236572266
srv-001,2017-06-13 13:00:00,56.71328353881836
srv-001,2017-06-13 14:00:00,56.84282302856445
srv-001,2017-06-13 15:00:00,54.175113677978516
srv-001,2017-06-13 16:00:00,55.13125991821289
srv-001,2017-06-13 17:00:00,56.60573196411133
srv-001,2017-06-13 18:00:00,58.254547119140625
srv-001,2017-06-13 19:00:00,57.35744857788086
srv-001,2017-06-13 20:00:00,55.47224044799805
srv-001,2017-06-13 21:00:00,55.036983489990234
srv-001,2017-06-13 22:00:00,51.82221603393555
srv-001,2017-06-13 23:00:00,54.901187896728516
srv-001,2017-06-14 00:00:00,50.66537094116211
srv-001,2017-06-14 01:00:00,54.76369857788086
srv-001,2017-06-14 02:00:00,53.26583480834961
srv-001,2017-06-14 03:00:00,51.1142692565918
srv-001,2017-06-14 04:00:00,52.642391204833984
srv-001,2017-06-14 05:00:00,51.663021087646484
srv-001,2017-06-14 06:00:00,47.206600189208984
srv-001,2017-06-14 07:00:00,49.31598663330078
srv-001,2017-06-14 08:00:00,54.30330276489258
srv-001,2017-06-14 09:00:00,56.265892028808594
srv-001,2017-06-14 10:00:00,58.63542556762695
srv-001,2017-06-14 11:00:00,58.914878845214844
srv-001,2017-06-14 12:00:00,57.7467155456543
srv-001,2017-06-14 13:00:00,59.80440139770508
srv-001,2017-06-14 14:00:00,59.329463958740234
srv-001,2017-06-14 15:00:00,62.73468017578125
srv-001,2017-06-14 16:00:00,62.369606018066406
srv-001,2017-06-14 17:00:00,59.01886749267578
srv-001,2017-06-14 18:00:00,56.08837890625
srv-001,2017-06-14 19:00:00,54.90664291381836
srv-001,2017-06-14 20:00:00,54.219234466552734
srv-001,2017-06-14 21:00:00,56.40327453613281
srv-001,2017-06-14 22:00:00,52.9285774230957
srv-001,2017-06-14 23:00:00,51.307106018066406
srv-001,2017-06-15 00:00:00,54.264339447021484
srv-001,2017-06-15 01:00:00,52.55556106567383
srv-001,2017-06-15 02:00:00,54.99819564819336
srv-001,2017-06-15 03:00:00,54.47450637817383
srv-001,2017-06-15 04:00:00,54.09357452392578
srv-001,2017-06-15 05:00:00,53.59549331665039
srv-001,2017-06-15 06:00:00,49.37709426879883
srv-001,2017-06-15 07:00:00,53.09164047241211
srv-001,2017-06-15 08:00:00,55.15397644042969
srv-001,2017-06-15 09:00:00,54.67530822753906
srv-001,2017-06-15 10:00:00,54.17914581298828
srv-001,2017-06-15 11:00:00,57.4041633605957
srv-001,2017-06-15 12:00:00,58.306488037109375
srv-001,2017-06-15 13:00:00,57.03564453125
srv-001,2017-06-15 14:00:00,56.64400100708008
srv-001,2017-06-15 15:00:00,57.55611801147461
srv-001,2017-06-15 16:00:00,59.4029426574707
srv-001,2017-06-15 17:00:00,57.61494445800781
srv-001,2017-06-15 18:00:00,50.77167510986328
srv-001,2017-06-15 19:00:00,53.70082473754883
srv-001,2017-06-15 20:00:00,53.13829040527344
srv-001,2017-06-15 21:00:00,55.31832504272461
srv-001,2017-06-15 22:00:00,48.325138092041016
srv-001,2017-06-15 23:00:00,48.83419418334961
srv-001,2017-06-16 00:00:00,43.19251251220703
srv-001,2017-06-16 01:00:00,49.72700881958008
srv-001,2017-06-16 02:00:00,49.80378341674805
srv-001,2017-06-16 03:00:00,48.81709671020508
srv-001,2017-06-16 04:00:00,45.97767639160156
srv-001,2017-06-16 05:00:00,43.22739028930664
srv-001,2017-06-16 06:00:00,43.61287307739258
srv-001,2017-06-16 07:00:00,40.39633560180664
srv-001,2017-06-16 08:00:00,43.97064971923828
srv-001,2017-06-16 09:00:00,42.819583892822266
srv-001,2017-06-16 10:00:00,45.49764633178711
srv-001,2017-06-16 11:00:00,43.3234748840332
srv-001,2017-06-16 12:00:00,44.16249465942383
srv-001,2017-06-16 13:00:00,47.52256393432617
srv-001,2017-06-16 14:00:00,48.11396789550781
srv-001,2017-06-16 15:00:00,45.957244873046875
srv-001,2017-06-16 16:00:00,45.77549743652344
srv-001,2017-06-16 17:00:00,45.011783599853516
srv-001,2017-06-16 18:00:00,44.629634857177734
srv-001,2017-06-16 19:00:00,39.97700881958008
srv-001,2017-06-16 20:00:00,41.53047180175781
srv-001,2017-06-16 21:00:00,38.16469955444336
srv-001,2017-06-16 22:00:00,37.626136779785156
srv-001,2017-06-16 23:00:00,36.1412239074707
srv-001,2017-06-17 00:00:00,38.24900436401367
srv-001,2017-06-17 01:00:00,40.254642486572266
srv-001,2017-06-17 02:00:00,39.80046844482422
srv-001,2017-06-17 03:00:00,40.0479850769043
srv-001,2017-06-17 04:00:00,39.85349655151367
srv-001,2017-06-17 05:00:00,41.17319107055664
srv-001,2017-06-17 06:00:00,39.375267028808594
srv-001,2017-06-17 07:00:00,40.266075134277344
srv-001,2017-06-17 08:00:00,43.601383209228516
srv-001,2017-06-17 09:00:00,42.97512435913086
srv-001,2017-06-17 10:00:00,45.032588958740234
srv-001,2017-06-17 11:00:00,49.0409049987793
srv-001,2017-06-17 12:00:00,46.84540939331055
srv-001,2017-06-17 13:00:00,44.952693939208984
srv-001,2017-06-17 14:00:00,48.65278244018555
srv-001,2017-06-17 15:00:00,45.378780364990234
srv-001,2017-06-17 16:00:00,45.21785354614258
srv-001,2017-06-17 17:00:00,41.522098541259766
srv-001,2017-06-17 18:00:00,41.654239654541016
srv-001,2017-06-17 19:00:00,43.88356399536133
srv-001,2017-06-17 20:00:00,42.41486740112305
srv-001,2017-06-17 21:00:00,45.49590301513672
srv-001,2017-06-17 22:00:00,38.91525650024414
srv-001,2017-06-17 23:00:00,37.927616119384766
srv-001,2017-06-18 00:00:00,36.25453567504883
srv-001,2017-06-18 01:00:00,35.7644157409668
srv-001,2017-06-18 02:00:00,39.26982116699219
srv-001,2017-06-18 03:00:00,40.27828598022461
srv-001,2017-06-18 04:00:00,40.977176666259766
srv-001,2017-06-18 05:00:00,40.92887878417969
srv-001,2017-06-18 06:00:00,41.111942291259766
srv-001,2017-06-18 07:00:00,42.14731216430664
srv-001,2017-06-18 08:00:00,44.64286422729492
srv-001,2017-06-18 09:00:00,42.043888092041016
srv-001,2017-06-18 10:00:00,43.43000030517578
srv-001,2017-06-18 11:00:00,47.98170852661133
srv-001,2017-06-18 12:00:00,48.28733825683594
srv-001,2017-06-18 13:00:00,50.22359848022461
srv-001,2017-06-18 14:00:00,50.57142639160156
srv-001,2017-06-18 15:00:00,52.8874626159668
srv-001,2017-06-18 16:00:00,50.61148452758789
srv-001,2017-06-18 17:00:00,45.0087776184082
srv-001,2017-06-18 18:00:00,45.31169128417969
srv-001,2017-06-18 19:00:00,44.1850471496582
srv-001,2017-06-18 20:00:00,42.479190826416016
srv-001,2017-06-18 21:00:00,41.398460388183594
srv-001,2017-06-18 22:00:00,40.047847747802734
srv-001,2017-06-18 23:00:00,43.02266311645508
srv-001,2017-06-19 00:00:00,37.74999237060547
srv-001,2017-06-19 01:00:00,39.069461822509766
srv-001,2017-06-19 02:00:00,37.52145767211914
srv-001,2017-06-19 03:00:00,39.80507278442383
srv-001,2017-06-19 04:00:00,39.756107330322266
srv-001,2017-06-19 05:00:00,38.99339294433594
srv-001,2017-06-19 06:00:00,40.819358825683594
srv-001,2017-06-19 07:00:00,40.28226089477539
srv-001,2017-06-19 08:00:00,41.09720230102539
srv-001,2017-06-19 09:00:00,42.5082893371582
srv-001,2017-06-19 10:00:00,44.38468551635742
srv-001,2017-06-19 11:00:00,44.10185623168945
srv-001,2017-06-19 12:00:00,47.67386245727539
srv-001,2017-06-19 13:00:00,48.212074279785156
srv-001,2017-06-19 14:00:00,48.49782180786133
srv-001,2017-06-19 15:00:00,44.67025375366211
srv-001,2017-06-19 16:00:00,44.99186706542969
srv-001,2017-06-19 17:00:00,44.66054153442383
srv-001,2017-06-19 18:00:00,45.746402740478516
srv-001,2017-06-19 19:00:00,44.32173156738281
srv-001,2017-06-19 20:00:00,40.71963119506836
srv-001,2017-06-19 21:00:00,42.10287857055664
srv-001,2017-06-19 22:00:00,41.9975700378418
srv-001,2017-06-19 23:00:00,44.39322280883789
srv-001,2017-06-20 00:00:00,43.72432327270508
srv-001,2017-06-20 01:00:00,48.03416061401367
srv-001,2017-06-20 02:00:00,44.672245025634766
srv-001,2017-06-20 03:00:00,47.2920036315918
srv-001,2017-06-20 04:00:00,47.0411491394043
srv-001,2017-06-20 05:00:00,49.37491226196289
srv-001,2017-06-20 06:00:00,48.475345611572266
srv-001,2017-06-20 07:00:00,51.34723663330078
srv-001,2017-06-20 08:00:00,52.18183135986328
srv-001,2017-06-20 09:00:00,50.0263786315918
srv-001,2017-06-20 10:00:00,54.8199577331543
srv-001,2017-06-20 11:00:00,53.59641647338867
srv-001,2017-06-20 12:00:00,57.052059173583984
srv-001,2017-06-20 13:00:00,58.16706848144531
srv-001,2017-06-20 14:00:00,56.04631042480469
srv-001,2017-06-20 15:00:00,57.12082290649414
srv-001,2017-06-20 16:00:00,55.487937927246094
srv-001,2017-06-20 17:00:00,54.46672439575195
srv-001,2017-06-20 18:00:00,54.0919075012207
srv-001,2017-06-20 19:00:00,49.444515228271484
srv-001,2017-06-20 20:00:00,49.77754592895508
srv-001,2017-06-20 21:00:00,52.30355453491211
srv-001,2017-06-20 22:00:00,52.173641204833984
srv-001,2017-06-20 23:00:00,52.40792465209961
srv-001,2017-06-21 00:00:00,52.96885299682617
srv-001,2017-06-21 01:00:00,52.59211349487305
srv-001,2017-06-21 02:00:00,55.43291091918945
srv-001,2017-06-21 03:00:00,53.51321792602539
srv-001,2017-06-21 04:00:00,54.1547737121582
srv-001,2017-06-21 05:00:00,56.688690185546875
srv-001,2017-06-21 06:00:00,53.41934585571289
srv-001,2017-06-21 07:00:00,57.46023178100586
srv-001,2017-06-21 08:00:00,54.49802780151367
srv-001,2017-06-21 09:00:00,59.08403396606445
srv-001,2017-06-21 10:00:00,57.248779296875
srv-001,2017-06-21 11:00:00,58.90024185180664
srv-001,2017-06-21 12:00:00,54.384952545166016
srv-001,2017-06-21 13:00:00,55.57205581665039
srv-001,2017-06-21 14:00:00,55.00911331176758
srv-001,2017-06-21 15:00:00,54.7984733581543
srv-001,2017-06-21 16:00:00,55.92233657836914
srv-001,2017-06-21 17:00:00,57.28883743286133
srv-001,2017-06-21 18:00:00,56.841304779052734
srv-001,2017-06-21 19:00:00,56.674224853515625
srv-001,2017-06-21 20:00:00,52.295658111572266
srv-001,2017-06-21 21:00:00,52.05241394042969
srv-001,2017-06-21 22:00:00,54.16365432739258
srv-001,2017-06-21 23:00:00,51.935909271240234
srv-001,2017-06-22 00:00:00,55.57405471801758
srv-001,2017-06-22 01:00:00,53.14259719848633
srv-001,2017-06-22 02:00:00,53.50861740112305
srv-001,2017-06-22 03:00:00,54.856842041015625
srv-001,2017-06-22 04:00:00,55.992584228515625
srv-001,2017-06-22 05:00:00,54.49059295654297
srv-001,2017-06-22 06:00:00,52.49675369262695
srv-001,2017-06-22 07:00:00,52.192806243896484
srv-001,2017-06-22 08:00:00,54.01671600341797
srv-001,2017-06-22 09:00:00,55.13156509399414
srv-001,2017-06-22 10:00:00,55.37450408935547
srv-001,2017-06-22 11:00:00,57.36796188354492
srv-001,2017-06-22 12:00:00,58.950401306152344
srv-001,2017-06-22 13:00:00,58.16518783569336
srv-001,2017-06-22 14:00:00,57.14219284057617
srv-001,2017-06-22 15:00:00,51.484127044677734
srv-001,2017-06-22 16:00:00,48.035560607910156
srv-001,2017-06-22 17:00:00,50.30754470825195
srv-001,2017-06-22 18:00:00,48.92692184448242
srv-001,2017-06-22 19:00:00,48.195308685302734
srv-001,2017-06-22 20:00:00,47.79840850830078
srv-001,2017-06-22 21:00:00,47.65879440307617
srv-001,2017-06-22 22:00:00,48.2331428527832
srv-001,2017-06-22 23:00:00,47.21181869506836
srv-001,2017-06-23 00:00:00,45.93966293334961
srv-001,2017-06-23 01:00:00,47.59672164916992
srv-001,2017-06-23 02:00:00,47.06071853637695
srv-001,2017-06-23 03:00:00,47.41021728515625
srv-001,2017-06-23 04:00:00,45.965370178222656
srv-001,2017-06-23 05:00:00,44.585933685302734
srv-001,2017-06-23 06:00:00,45.158573150634766
srv-001,2017-06-23 07:00:00,44.66915512084961
srv-001,2017-06-23 08:00:00,46.86162185668945
srv-001,2017-06-23 09:00:00,45.64194869995117
srv-001,2017-06-23 10:00:00,43.297420501708984
srv-001,2017-06-23 11:00:00,43.51900100708008
srv-001,2017-06-23 12:00:00,46.32072448730469
srv-001,2017-06-23 13:00:00,45.471839904785156
srv-001,2017-06-23 14:00:00,45.050418853759766
srv-001,2017-06-23 15:00:00,46.571956634521484
srv-001,2017-06-23 16:00:00,43.8057746887207
srv-001,2017-06-23 17:00:00,40.766605377197266
srv-001,2017-06-23 18:00:00,41.27246856689453
srv-001,2017-06-23 19:00:00,39.492828369140625
srv-001,2017-06-23 20:00:00,38.38436508178711
srv-001,2017-06-23 21:00:00,38.986690521240234
srv-001,2017-06-23 22:00:00,38.84528350830078
srv-001,2017-06-23 23:00:00,39.248958587646484
srv-001,2017-06-24 00:00:00,41.32554244995117
srv-001,2017-06-24 01:00:00,45.391719818115234
srv-001,2017-06-24 02:00:00,43.12089157104492
srv-001,2017-06-24 03:00:00,43.66304016113281
srv-001,2017-06-24 04:00:00,42.18305587768555
srv-001,2017-06-24 05:00:00,41.08705520629883
srv-001,2017-06-24 06:00:00,40.86638641357422
srv-001,2017-06-24 07:00:00,40.76526641845703
srv-001,2017-06-24 08:00:00,43.35244369506836
srv-001,2017-06-24 09:00:00,46.85188674926758
srv-001,2017-06-24 10:00:00,45.17082214355469
srv-001,2017-06-24 11:00:00,45.427555084228516
srv-001,2017-06-24 12:00:00,46.010196685791016
srv-001,2017-06-24 13:00:00,46.014610290527344
srv-001,2017-06-24 14:00:00,47.671546936035156
srv-001,2017-06-24 15:00:00,49.30719757080078
srv-001,2017-06-24 16:00:00,42.1292610168457
srv-001,2017-06-24 17:00:00,39.54990768432617
srv-001,2017-06-24 18:00:00,39.689918518066406
srv-001,2017-06-24 19:00:00,42.666683197021484
srv-001,2017-06-24 20:00:00,38.95858383178711
srv-001,2017-06-24 21:00:00,36.97330093383789
srv-001,2017-06-24 22:00:00,38.84318923950195
srv-001,2017-06-24 23:00:00,39.421058654785156
srv-001,2017-06-25 00:00:00,38.85413360595703
srv-001,2017-06-25 01:00:00,37.82328796386719
srv-001,2017-06-25 02:00:00,38.763492584228516
srv-001,2017-06-25 03:00:00,39.78718948364258
srv-001,2017-06-25 04:00:00,40.75546646118164
srv-001,2017-06-25 05:00:00,48.89555740356445
srv-001,2017-06-25 06:00:00,43.94229507446289
srv-001,2017-06-25 07:00:00,40.3851203918457
srv-001,2017-06-25 08:00:00,39.327545166015625
srv-001,2017-06-25 09:00:00,41.34671401977539
srv-001,2017-06-25 10:00:00,42.43165588378906
srv-001,2017-06-25 11:00:00,43.23459243774414
srv-001,2017-06-25 12:00:00,42.0358772277832
srv-001,2017-06-25 13:00:00,43.60353469848633
srv-001,2017-06-25 14:00:00,45.029991149902344
srv-001,2017-06-25 15:00:00,47.1732292175293
srv-001,2017-06-25 16:00:00,45.218589782714844
srv-001,2017-06-25 17:00:00,44.18954849243164
srv-001,2017-06-25 18:00:00,41.63502883911133
srv-001,2017-06-25 19:00:00,38.18036651611328
srv-001,2017-06-25 20:00:00,39.61384582519531
srv-001,2017-06-25 21:00:00,40.40073776245117
srv-001,2017-06-25 22:00:00,42.02474594116211
srv-001,2017-06-25 23:00:00,38.796321868896484
srv-001,2017-06-26 00:00:00,36.903045654296875
srv-001,2017-06-26 01:00:00,39.605167388916016
srv-001,2017-06-26 02:00:00,39.579341888427734
srv-001,2017-06-26 03:00:00,39.87256622314453
srv-001,2017-06-26 04:00:00,39.95344924926758
srv-001,2017-06-26 05:00:00,37.829620361328125
srv-001,2017-06-26 06:00:00,40.80733108520508
srv-001,2017-06-26 07:00:00,40.389400482177734
srv-001,2017-06-26 08:00:00,42.47052001953125
srv-001,2017-06-26 09:00:00,40.89803695678711
srv-001,2017-06-26 10:00:00,40.651004791259766
srv-001,2017-06-26 11:00:00,44.562225341796875
srv-001,2017-06-26 12:00:00,44.832515716552734
srv-001,2017-06-26 13:00:00,47.950843811035156
srv-001,2017-06-26 14:00:00,46.305057525634766
srv-001,2017-06-26 15:00:00,47.02042007446289
srv-001,2017-06-26 16:00:00,43.87637710571289
srv-001,2017-06-26 17:00:00,43.44966506958008
srv-001,2017-06-26 18:00:00,45.763362884521484
srv-001,2017-06-26 19:00:00,45.26290512084961
srv-001,2017-06-26 20:00:00,42.831993103027344
srv-001,2017-06-26 21:00:00,43.32619857788086
srv-001,2017-06-26 22:00:00,46.71432113647461
srv-001,2017-06-26 23:00:00,47.77620315551758
srv-001,2017-06-27 00:00:00,48.6478157043457
srv-001,2017-06-27 01:00:00,49.64799118041992
srv-001,2017-06-27 02:00:00,49.71683120727539
srv-001,2017-06-27 03:00:00,49.5483283996582
srv-001,2017-06-27 04:00:00,48.38621520996094
srv-001,2017-06-27 05:00:00,47.958797454833984
srv-001,2017-06-27 06:00:00,50.8038444519043
srv-001,2017-06-27 07:00:00,47.5692024230957
srv-001,2017-06-27 08:00:00,52.146934509277344
srv-001,2017-06-27 09:00:00,51.09883499145508
srv-001,2017-06-27 10:00:00,52.8329963684082
srv-001,2017-06-27 11:00:00,55.50511932373047
srv-001,2017-06-27 12:00:00,54.47890090942383
srv-001,2017-06-27 13:00:00,57.27501678466797
srv-001,2017-06-27 14:00:00,55.900299072265625
srv-001,2017-06-27 15:00:00,56.510013580322266
srv-001,2017-06-27 16:00:00,55.85758590698242
srv-001,2017-06-27 17:00:00,55.94578552246094
srv-001,2017-06-27 18:00:00,50.43894958496094
srv-001,2017-06-27 19:00:00,50.45415115356445
srv-001,2017-06-27 20:00:00,50.95478439331055
srv-001,2017-06-27 21:00:00,52.62162399291992
srv-001,2017-06-27 22:00:00,49.61176681518555
srv-001,2017-06-27 23:00:00,48.132774353027344
srv-001,2017-06-28 00:00:00,48.734378814697266
srv-001,2017-06-28 01:00:00,46.89872360229492
srv-001,2017-06-28 02:00:00,48.59397888183594
srv-001,2017-06-28 03:00:00,49.07085418701172
srv-001,2017-06-28 04:00:00,49.167999267578125
srv-001,2017-06-28 05:00:00,50.554107666015625
srv-001,2017-06-28 06:00:00,52.12785339355469
srv-001,2017-06-28 07:00:00,57.01285171508789
srv-001,2017-06-28 08:00:00,54.73423767089844
srv-001,2017-06-28 09:00:00,58.03755569458008
srv-001,2017-06-28 10:00:00,59.185672760009766
srv-001,2017-06-28 11:00:00,58.80472946166992
srv-001,2017-06-28 12:00:00,60.244747161865234
srv-001,2017-06-28 13:00:00,57.8323860168457
srv-001,2017-06-28 14:00:00,59.632022857666016
srv-001,2017-06-28 15:00:00,60.88622283935547
srv-001,2017-06-28 16:00:00,60.29696273803711
srv-001,2017-06-28 17:00:00,59.56316375732422
srv-001,2017-06-28 18:00:00,55.341854095458984
srv-001,2017-06-28 19:00:00,51.87276077270508
srv-001,2017-06-28 20:00:00,51.786991119384766
srv-001,2017-06-28 21:00:00,53.5667610168457
srv-001,2017-06-28 22:00:00,49.47408676147461
srv-001,2017-06-28 23:00:00,49.36745834350586
srv-001,2017-06-29 00:00:00,49.840370178222656
srv-001,2017-06-29 01:00:00,49.093692779541016
srv-001,2017-06-29 02:00:00,48.8034553527832
srv-001,2017-06-29 03:00:00,48.81721115112305
srv-001,2017-06-29 04:00:00,48.84189987182617
srv-001,2017-06-29 05:00:00,49.112422943115234
srv-001,2017-06-29 06:00:00,51.16599655151367
srv-001,2017-06-29 07:00:00,49.6664924621582
srv-001,2017-06-29 08:00:00,49.6629638671875
srv-001,2017-06-29 09:00:00,50.39482498168945
srv-001,2017-06-29 10:00:00,53.648494720458984
srv-001,2017-06-29 11:00:00,53.754032135009766
srv-001,2017-06-29 12:00:00,54.4429931640625
srv-001,2017-06-29 13:00:00,54.95163345336914
srv-001,2017-06-29 14:00:00,50.27919006347656
srv-001,2017-06-29 15:00:00,53.39433670043945
srv-001,2017-06-29 16:00:00,53.4806022644043
srv-001,2017-06-29 17:00:00,51.25068664550781
srv-001,2017-06-29 18:00:00,52.54887390136719
srv-001,2017-06-29 19:00:00,47.53568649291992
srv-001,2017-06-29 20:00:00,49.15996170043945
srv-001,2017-06-29 21:00:00,48.23638153076172
srv-001,2017-06-29 22:00:00,44.836971282958984
srv-001,2017-06-29 23:00:00,45.52919387817383
srv-001,2017-06-30 00:00:00,44.60579299926758
srv-001,2017-06-30 01:00:00,47.10359573364258
srv-001,2017-06-30 02:00:00,43.45839309692383
srv-001,2017-06-30 03:00:00,43.04547882080078
srv-001,2017-06-30 04:00:00,45.40827560424805
srv-001,2017-06-30 05:00:00,44.08113098144531
srv-001,2017-06-30 06:00:00,45.51906204223633
srv-001,2017-06-30 07:00:00,47.471778869628906
srv-001,2017-06-30 08:00:00,47.08833694458008
srv-001,2017-06-30 09:00:00,48.40449142456055
srv-001,2017-06-30 10:00:00,45.48158645629883
srv-001,2017-06-30 11:00:00,48.583431243896484
srv-001,2017-06-30 12:00:00,48.7260627746582
srv-001,2017-06-30 13:00:00,49.19570541381836
srv-001,2017-06-30 14:00:00,46.60917663574219
srv-001,2017-06-30 15:00:00,43.061668395996094
srv-001,2017-06-30 16:00:00,45.172027587890625
srv-001,2017-06-30 17:00:00,40.35212707519531
srv-001,2017-06-30 18:00:00,40.756614685058594
srv-001,2017-06-30 19:00:00,41.80557632446289
srv-001,2017-06-30 20:00:00,40.998531341552734
srv-001,2017-06-30 21:00:00,43.935028076171875
srv-001,2017-06-30 22:00:00,41.66450119018555
srv-001,2017-06-30 23:00:00,40.66556167602539
srv-002,2017-06-01 23:00:00,77.78827667236328
srv-002,2017-06-02 00:00:00,71.91080474853516
srv-002,2017-06-02 01:00:00,75.5523910522461
srv-002,2017-06-02 02:00:00,75.0133056640625
srv-002,2017-06-02 03:00:00,76.25906372070312
srv-002,2017-06-02 04:00:00,73.37146759033203
srv-002,2017-06-02 05:00:00,75.20550537109375
srv-002,2017-06-02 06:00:00,76.01106262207031
srv-002,2017-06-02 07:00:00,73.54371643066406
srv-002,2017-06-02 08:00:00,75.25910186767578
srv-002,2017-06-02 09:00:00,75.78932189941406
srv-002,2017-06-02 10:00:00,80.05711364746094
srv-002,2017-06-02 11:00:00,79.79389953613281
srv-002,2017-06-02 12:00:00,78.1051254272461
srv-002,2017-06-02 13:00:00,76.95077514648438
srv-002,2017-06-02 14:00:00,72.57494354248047
srv-002,2017-06-02 15:00:00,72.39273834228516
srv-002,2017-06-02 16:00:00,72.93305969238281
srv-002,2017-06-02 17:00:00,68.95536804199219
srv-002,2017-06-02 18:00:00,68.75157165527344
srv-002,2017-06-02 19:00:00,66.46273803710938
srv-002,2017-06-02 20:00:00,67.75727081298828
srv-002,2017-06-02 21:00:00,64.71240997314453
srv-002,2017-06-02 22:00:00,64.8860092163086
srv-002,2017-06-02 23:00:00,64.64653778076172
srv-002,2017-06-03 00:00:00,66.7897720336914
srv-002,2017-06-03 01:00:00,68.40623474121094
srv-002,2017-06-03 02:00:00,68.34193420410156
srv-002,2017-06-03 03:00:00,67.845703125
srv-002,2017-06-03 04:00:00,68.77799987792969
srv-002,2017-06-03 05:00:00,68.97367858886719
srv-002,2017-06-03 06:00:00,68.32117462158203
srv-002,2017-06-03 07:00:00,68.99867248535156
srv-002,2017-06-03 08:00:00,72.11964416503906
srv-002,2017-06-03 09:00:00,72.02610778808594
srv-002,2017-06-03 10:00:00,73.61572265625
srv-002,2017-06-03 11:00:00,74.989013671875
srv-002,2017-06-03 12:00:00,75.95208740234375
srv-002,2017-06-03 13:00:00,78.19706726074219
srv-002,2017-06-03 14:00:00,78.45602416992188
srv-002,2017-06-03 15:00:00,77.15945434570312
srv-002,2017-06-03 16:00:00,74.86636352539062
srv-002,2017-06-03 17:00:00,75.49390411376953
srv-002,2017-06-03 18:00:00,72.96318054199219
srv-002,2017-06-03 19:00:00,68.30583953857422
srv-002,2017-06-03 20:00:00,66.71549987792969
srv-002,2017-06-03 21:00:00,66.91868591308594
srv-002,2017-06-03 22:00:00,64.97771453857422
srv-002,2017-06-03 23:00:00,65.22562408447266
srv-002,2017-06-04 00:00:00,64.9626693725586
srv-002,2017-06-04 01:00:00,66.04979705810547
srv-002,2017-06-04 02:00:00,68.40596008300781
srv-002,2017-06-04 03:00:00,69.72162628173828
srv-002,2017-06-04 04:00:00,70.42662048339844
srv-002,2017-06-04 05:00:00,71.88969421386719
srv-002,2017-06-04 06:00:00,70.82322692871094
srv-002,2017-06-04 07:00:00,72.00764465332031
srv-002,2017-06-04 08:00:00,75.52714538574219
srv-002,2017-06-04 09:00:00,76.12826538085938
srv-002,2017-06-04 10:00:00,77.30406188964844
srv-002,2017-06-04 11:00:00,75.97408294677734
srv-002,2017-06-04 12:00:00,74.32400512695312
srv-002,2017-06-04 13:00:00,77.38965606689453
srv-002,2017-06-04 14:00:00,76.96870422363281
srv-002,2017-06-04 15:00:00,76.07793426513672
srv-002,2017-06-04 16:00:00,77.9406967163086
srv-002,2017-06-04 17:00:00,73.11004638671875
srv-002,2017-06-04 18:00:00,71.30904388427734
srv-002,2017-06-04 19:00:00,70.02693176269531
srv-002,2017-06-04 20:00:00,68.54438018798828
srv-002,2017-06-04 21:00:00,65.8819580078125
srv-002,2017-06-04 22:00:00,64.98252868652344
srv-002,2017-06-04 23:00:00,63.19490432739258
srv-002,2017-06-05 00:00:00,64.58039093017578
srv-002,2017-06-05 01:00:00,69.47877502441406
srv-002,2017-06-05 02:00:00,65.14409637451172
srv-002,2017-06-05 03:00:00,68.10691833496094
srv-002,2017-06-05 04:00:00,68.37159729003906
srv-002,2017-06-05 05:00:00,68.32084655761719
srv-002,2017-06-05 06:00:00,67.8685302734375
srv-002,2017-06-05 07:00:00,68.78116607666016
srv-002,2017-06-05 08:00:00,73.12955474853516
srv-002,2017-06-05 09:00:00,72.64342498779297
srv-002,2017-06-05 10:00:00,74.62029266357422
srv-002,2017-06-05 11:00:00,75.3212890625
srv-002,2017-06-05 12:00:00,77.23490905761719
srv-002,2017-06-05 13:00:00,76.53069305419922
srv-002,2017-06-05 14:00:00,75.61189270019531
srv-002,2017-06-05 15:00:00,79.57550048828125
srv-002,2017-06-05 16:00:00,79.39422607421875
srv-002,2017-06-05 17:00:00,79.366455078125
srv-002,2017-06-05 18:00:00,78.92033386230469
srv-002,2017-06-05 19:00:00,80.13368225097656
srv-002,2017-06-05 20:00:00,77.99958038330078
srv-002,2017-06-05 21:00:00,75.54964447021484
srv-002,2017-06-05 22:00:00,73.080810546875
srv-002,2017-06-05 23:00:00,73.79493713378906
srv-002,2017-06-06 00:00:00,74.25537109375
srv-002,2017-06-06 01:00:00,74.58506774902344
srv-002,2017-06-06 02:00:00,74.65559387207031
srv-002,2017-06-06 03:00:00,77.06465148925781
srv-002,2017-06-06 04:00:00,76.78175354003906
srv-002,2017-06-06 05:00:00,77.89779663085938
srv-002,2017-06-06 06:00:00,77.94454956054688
srv-002,2017-06-06 07:00:00,77.73689270019531
srv-002,2017-06-06 08:00:00,81.86929321289062
srv-002,2017-06-06 09:00:00,80.73145294189453
srv-002,2017-06-06 10:00:00,85.5635986328125
srv-002,2017-06-06 11:00:00,87.40046691894531
srv-002,2017-06-06 12:00:00,88.70099639892578
srv-002,2017-06-06 13:00:00,89.85627746582031
srv-002,2017-06-06 14:00:00,91.25282287597656
srv-002,2017-06-06 15:00:00,90.2709732055664
srv-002,2017-06-06 16:00:00,90.14640045166016
srv-002,2017-06-06 17:00:00,87.1528549194336
srv-002,2017-06-06 18:00:00,88.03628540039062
srv-002,2017-06-06 19:00:00,87.64047241210938
srv-002,2017-06-06 20:00:00,82.56529235839844
srv-002,2017-06-06 21:00:00,81.84735107421875
srv-002,2017-06-06 22:00:00,78.82892608642578
srv-002,2017-06-06 23:00:00,81.25042724609375
srv-002,2017-06-07 00:00:00,79.84503173828125
srv-002,2017-06-07 01:00:00,82.53944396972656
srv-002,2017-06-07 02:00:00,81.96286010742188
srv-002,2017-06-07 03:00:00,84.92359161376953
srv-002,2017-06-07 04:00:00,85.6212387084961
srv-002,2017-06-07 05:00:00,86.8389892578125
srv-002,2017-06-07 06:00:00,85.84951782226562
srv-002,2017-06-07 07:00:00,87.91435241699219
srv-002,2017-06-07 08:00:00,91.40108489990234
srv-002,2017-06-07 09:00:00,90.80978393554688
srv-002,2017-06-07 10:00:00,89.31825256347656
srv-002,2017-06-07 11:00:00,92.13465118408203
srv-002,2017-06-07 12:00:00,93.23760986328125
srv-002,2017-06-07 13:00:00,95.06387329101562
srv-002,2017-06-07 14:00:00,94.8612060546875
srv-002,2017-06-07 15:00:00,94.02278900146484
srv-002,2017-06-07 16:00:00,91.72828674316406
srv-002,2017-06-07 17:00:00,90.12641906738281
srv-002,2017-06-07 18:00:00,88.35163879394531
srv-002,2017-06-07 19:00:00,84.5169677734375
srv-002,2017-06-07 20:00:00,82.38383483886719
srv-002,2017-06-07 21:00:00,82.94352722167969
srv-002,2017-06-07 22:00:00,80.77128601074219
srv-002,2017-06-07 23:00:00,80.89279174804688
srv-002,2017-06-08 00:00:00,81.91626739501953
srv-002,2017-06-08 01:00:00,81.72567749023438
srv-002,2017-06-08 02:00:00,82.63932800292969
srv-002,2017-06-08 03:00:00,83.98448181152344
srv-002,2017-06-08 04:00:00,85.16351318359375
srv-002,2017-06-08 05:00:00,81.05567932128906
srv-002,2017-06-08 06:00:00,82.75904846191406
srv-002,2017-06-08 07:00:00,81.55230712890625
srv-002,2017-06-08 08:00:00,87.98143005371094
srv-002,2017-06-08 09:00:00,86.35986328125
srv-002,2017-06-08 10:00:00,88.01911926269531
srv-002,2017-06-08 11:00:00,90.08888244628906
srv-002,2017-06-08 12:00:00,88.14180755615234
srv-002,2017-06-08 13:00:00,89.26026153564453
srv-002,2017-06-08 14:00:00,88.64765930175781
srv-002,2017-06-08 15:00:00,87.9813003540039
srv-002,2017-06-08 16:00:00,86.8681640625
srv-002,2017-06-08 17:00:00,83.51498413085938
srv-002,2017-06-08 18:00:00,82.98870086669922
srv-002,2017-06-08 19:00:00,83.88905334472656
srv-002,2017-06-08 20:00:00,76.47946166992188
srv-002,2017-06-08 21:00:00,76.05340576171875
srv-002,2017-06-08 22:00:00,73.61673736572266
srv-002,2017-06-08 23:00:00,74.00090789794922
srv-002,2017-06-09 00:00:00,71.2127456665039
srv-002,2017-06-09 01:00:00,73.53268432617188
srv-002,2017-06-09 02:00:00,72.90403747558594
srv-002,2017-06-09 03:00:00,74.10314178466797
srv-002,2017-06-09 04:00:00,73.78182983398438
srv-002,2017-06-09 05:00:00,74.00971984863281
srv-002,2017-06-09 06:00:00,71.48945617675781
srv-002,2017-06-09 07:00:00,72.1971664428711
srv-002,2017-06-09 08:00:00,76.44027709960938
srv-002,2017-06-09 09:00:00,75.96804809570312
srv-002,2017-06-09 10:00:00,76.44606018066406
srv-002,2017-06-09 11:00:00,78.23844146728516
srv-002,2017-06-09 12:00:00,78.79386138916016
srv-002,2017-06-09 13:00:00,78.3304672241211
srv-002,2017-06-09 14:00:00,75.98941802978516
srv-002,2017-06-09 15:00:00,75.61444091796875
srv-002,2017-06-09 16:00:00,74.75891876220703
srv-002,2017-06-09 17:00:00,75.29592895507812
srv-002,2017-06-09 18:00:00,69.32638549804688
srv-002,2017-06-09 19:00:00,69.55693054199219
srv-002,2017-06-09 20:00:00,68.42720031738281
srv-002,2017-06-09 21:00:00,64.70611572265625
srv-002,2017-06-09 22:00:00,63.29916763305664
srv-002,2017-06-09 23:00:00,62.19734191894531
srv-002,2017-06-10 00:00:00,64.44921875
srv-002,2017-06-10 01:00:00,66.14027404785156
srv-002,2017-06-10 02:00:00,68.04331970214844
srv-002,2017-06-10 03:00:00,69.0489501953125
srv-002,2017-06-10 04:00:00,67.41606140136719
srv-002,2017-06-10 05:00:00,67.54203796386719
srv-002,2017-06-10 06:00:00,69.32740783691406
srv-002,2017-06-10 07:00:00,68.95008850097656
srv-002,2017-06-10 08:00:00,71.63275146484375
srv-002,2017-06-10 09:00:00,70.10953521728516
srv-002,2017-06-10 10:00:00,72.77996826171875
srv-002,2017-06-10 11:00:00,72.70211791992188
srv-002,2017-06-10 12:00:00,73.98934936523438
srv-002,2017-06-10 13:00:00,77.05797576904297
srv-002,2017-06-10 14:00:00,78.89047241210938
srv-002,2017-06-10 15:00:00,77.7861328125
srv-002,2017-06-10 16:00:00,77.0443115234375
srv-002,2017-06-10 17:00:00,76.75148010253906
srv-002,2017-06-10 18:00:00,75.60321044921875
srv-002,2017-06-10 19:00:00,71.16719055175781
srv-002,2017-06-10 20:00:00,68.56013488769531
srv-002,2017-06-10 21:00:00,66.32083129882812
srv-002,2017-06-10 22:00:00,65.5877914428711
srv-002,2017-06-10 23:00:00,64.37776947021484
srv-002,2017-06-11 00:00:00,64.48834991455078
srv-002,2017-06-11 01:00:00,63.64278793334961
srv-002,2017-06-11 02:00:00,65.21520233154297
srv-002,2017-06-11 03:00:00,67.76289367675781
srv-002,2017-06-11 04:00:00,68.65205383300781
srv-002,2017-06-11 05:00:00,69.48927307128906
srv-002,2017-06-11 06:00:00,68.51919555664062
srv-002,2017-06-11 07:00:00,68.47562408447266
srv-002,2017-06-11 08:00:00,72.17413330078125
srv-002,2017-06-11 09:00:00,72.75834655761719
srv-002,2017-06-11 10:00:00,75.31214141845703
srv-002,2017-06-11 11:00:00,76.02591705322266
srv-002,2017-06-11 12:00:00,76.6063003540039
srv-002,2017-06-11 13:00:00,75.93769836425781
srv-002,2017-06-11 14:00:00,75.91735076904297
srv-002,2017-06-11 15:00:00,77.19937133789062
srv-002,2017-06-11 16:00:00,74.06019592285156
srv-002,2017-06-11 17:00:00,73.2717514038086
srv-002,2017-06-11 18:00:00,69.5848617553711
srv-002,2017-06-11 19:00:00,66.23102569580078
srv-002,2017-06-11 20:00:00,65.36469268798828
srv-002,2017-06-11 21:00:00,67.59904479980469
srv-002,2017-06-11 22:00:00,66.59703063964844
srv-002,2017-06-11 23:00:00,64.6573715209961
srv-002,2017-06-12 00:00:00,65.81964874267578
srv-002,2017-06-12 01:00:00,63.835845947265625
srv-002,2017-06-12 02:00:00,65.92329406738281
srv-002,2017-06-12 03:00:00,71.4854507446289
srv-002,2017-06-12 04:00:00,72.2370834350586
srv-002,2017-06-12 05:00:00,69.5806884765625
srv-002,2017-06-12 06:00:00,70.34391784667969
srv-002,2017-06-12 07:00:00,70.44232940673828
srv-002,2017-06-12 08:00:00,71.88497161865234
srv-002,2017-06-12 09:00:00,71.27293395996094
srv-002,2017-06-12 10:00:00,72.9173812866211
srv-002,2017-06-12 11:00:00,74.70394897460938
srv-002,2017-06-12 12:00:00,78.49632263183594
srv-002,2017-06-12 13:00:00,76.81683349609375
srv-002,2017-06-12 14:00:00,79.1248779296875
srv-002,2017-06-12 15:00:00,79.26062774658203
srv-002,2017-06-12 16:00:00,76.34719848632812
srv-002,2017-06-12 17:00:00,78.1732177734375
srv-002,2017-06-12 18:00:00,79.7235336303711
srv-002,2017-06-12 19:00:00,74.39382934570312
srv-002,2017-06-12 20:00:00,75.38825988769531
srv-002,2017-06-12 21:00:00,73.22038269042969
srv-002,2017-06-12 22:00:00,72.3172378540039
srv-002,2017-06-12 23:00:00,73.37001037597656
srv-002,2017-06-13 00:00:00,72.38243103027344
srv-002,2017-06-13 01:00:00,73.79316711425781
srv-002,2017-06-13 02:00:00,75.34272766113281
srv-002,2017-06-13 03:00:00,75.91364288330078
srv-002,2017-06-13 04:00:00,77.88272094726562
srv-002,2017-06-13 05:00:00,78.35428619384766
srv-002,2017-06-13 06:00:00,80.0941162109375
srv-002,2017-06-13 07:00:00,80.31388854980469
srv-002,2017-06-13 08:00:00,82.63227844238281
srv-002,2017-06-13 09:00:00,81.33918762207031
srv-002,2017-06-13 10:00:00,84.4184799194336
srv-002,2017-06-13 11:00:00,85.23894500732422
srv-002,2017-06-13 12:00:00,87.79304504394531
srv-002,2017-06-13 13:00:00,87.89635467529297
srv-002,2017-06-13 14:00:00,87.9793930053711
srv-002,2017-06-13 15:00:00,88.52122497558594
srv-002,2017-06-13 16:00:00,88.41956329345703
srv-002,2017-06-13 17:00:00,85.47544860839844
srv-002,2017-06-13 18:00:00,85.93409729003906
srv-002,2017-06-13 19:00:00,79.58990478515625
srv-002,2017-06-13 20:00:00,80.12457275390625
srv-002,2017-06-13 21:00:00,84.29934692382812
srv-002,2017-06-13 22:00:00,80.77508544921875
srv-002,2017-06-13 23:00:00,82.43690490722656
srv-002,2017-06-14 00:00:00,83.37948608398438
srv-002,2017-06-14 01:00:00,82.947998046875
srv-002,2017-06-14 02:00:00,85.84581756591797
srv-002,2017-06-14 03:00:00,85.24058532714844
srv-002,2017-06-14 04:00:00,86.4225845336914
srv-002,2017-06-14 05:00:00,87.68160247802734
srv-002,2017-06-14 06:00:00,86.60252380371094
srv-002,2017-06-14 07:00:00,88.12682342529297
srv-002,2017-06-14 08:00:00,90.23616790771484
srv-002,2017-06-14 09:00:00,89.79879760742188
srv-002,2017-06-14 10:00:00,90.10147094726562
srv-002,2017-06-14 11:00:00,91.59021759033203
srv-002,2017-06-14 12:00:00,92.59243774414062
srv-002,2017-06-14 13:00:00,92.85118103027344
srv-002,2017-06-14 14:00:00,91.625732421875
srv-002,2017-06-14 15:00:00,91.55937194824219
srv-002,2017-06-14 16:00:00,91.01860046386719
srv-002,2017-06-14 17:00:00,89.79541015625
srv-002,2017-06-14 18:00:00,87.67424774169922
srv-002,2017-06-14 19:00:00,87.29508972167969
srv-002,2017-06-14 20:00:00,84.6922836303711
srv-002,2017-06-14 21:00:00,81.0689926147461
srv-002,2017-06-14 22:00:00,80.1349105834961
srv-002,2017-06-14 23:00:00,81.47073364257812
srv-002,2017-06-15 00:00:00,79.2850112915039
srv-002,2017-06-15 01:00:00,79.97225952148438
srv-002,2017-06-15 02:00:00,79.62694549560547
srv-002,2017-06-15 03:00:00,82.3509521484375
srv-002,2017-06-15 04:00:00,85.20465087890625
srv-002,2017-06-15 05:00:00,83.89822387695312
srv-002,2017-06-15 06:00:00,85.343994140625
srv-002,2017-06-15 07:00:00,86.1787109375
srv-002,2017-06-15 08:00:00,90.075439453125
srv-002,2017-06-15 09:00:00,87.55937194824219
srv-002,2017-06-15 10:00:00,87.56134033203125
srv-002,2017-06-15 11:00:00,89.49933624267578
srv-002,2017-06-15 12:00:00,89.86481475830078
srv-002,2017-06-15 13:00:00,91.12191772460938
srv-002,2017-06-15 14:00:00,90.25016021728516
srv-002,2017-06-15 15:00:00,87.30146026611328
srv-002,2017-06-15 16:00:00,82.76301574707031
srv-002,2017-06-15 17:00:00,83.76251220703125
srv-002,2017-06-15 18:00:00,79.98756408691406
srv-002,2017-06-15 19:00:00,78.57485961914062
srv-002,2017-06-15 20:00:00,76.05848693847656
srv-002,2017-06-15 21:00:00,73.63232421875
srv-002,2017-06-15 22:00:00,73.986083984375
srv-002,2017-06-15 23:00:00,72.84671783447266
srv-002,2017-06-16 00:00:00,73.4488754272461
srv-002,2017-06-16 01:00:00,73.93263244628906
srv-002,2017-06-16 02:00:00,74.81004333496094
srv-002,2017-06-16 03:00:00,74.3614730834961
srv-002,2017-06-16 04:00:00,74.87342834472656
srv-002,2017-06-16 05:00:00,73.77798461914062
srv-002,2017-06-16 06:00:00,71.72578430175781
srv-002,2017-06-16 07:00:00,73.88829040527344
srv-002,2017-06-16 08:00:00,76.02959442138672
srv-002,2017-06-16 09:00:00,75.42406463623047
srv-002,2017-06-16 10:00:00,74.62898254394531
srv-002,2017-06-16 11:00:00,74.64447021484375
srv-002,2017-06-16 12:00:00,75.9245376586914
srv-002,2017-06-16 13:00:00,75.39453125
srv-002,2017-06-16 14:00:00,74.1036148071289
srv-002,2017-06-16 15:00:00,71.95726776123047
srv-002,2017-06-16 16:00:00,70.45746612548828
srv-002,2017-06-16 17:00:00,73.10731506347656
srv-002,2017-06-16 18:00:00,72.4000244140625
srv-002,2017-06-16 19:00:00,67.2844467163086
srv-002,2017-06-16 20:00:00,67.08415985107422
srv-002,2017-06-16 21:00:00,65.39453125
srv-002,2017-06-16 22:00:00,63.10792922973633
srv-002,2017-06-16 23:00:00,63.716590881347656
srv-002,2017-06-17 00:00:00,64.16452026367188
srv-002,2017-06-17 01:00:00,64.91350555419922
srv-002,2017-06-17 02:00:00,66.50022888183594
srv-002,2017-06-17 03:00:00,67.47366333007812
srv-002,2017-06-17 04:00:00,68.62118530273438
srv-002,2017-06-17 05:00:00,68.06282043457031
srv-002,2017-06-17 06:00:00,67.96923828125
srv-002,2017-06-17 07:00:00,69.49369812011719
srv-002,2017-06-17 08:00:00,72.0530776977539
srv-002,2017-06-17 09:00:00,70.6696548461914
srv-002,2017-06-17 10:00:00,69.66264343261719
srv-002,2017-06-17 11:00:00,72.21160888671875
srv-002,2017-06-17 12:00:00,73.77970123291016
srv-002,2017-06-17 13:00:00,74.46018981933594
srv-002,2017-06-17 14:00:00,74.45188903808594
srv-002,2017-06-17 15:00:00,73.89398956298828
srv-002,2017-06-17 16:00:00,73.03424835205078
srv-002,2017-06-17 17:00:00,72.77104187011719
srv-002,2017-06-17 18:00:00,71.82270812988281
srv-002,2017-06-17 19:00:00,69.50663757324219
srv-002,2017-06-17 20:00:00,74.74848937988281
srv-002,2017-06-17 21:00:00,71.82759094238281
srv-002,2017-06-17 22:00:00,67.385009765625
srv-002,2017-06-17 23:00:00,67.3033218383789
srv-002,2017-06-18 00:00:00,68.17002868652344
srv-002,2017-06-18 01:00:00,68.49919128417969
srv-002,2017-06-18 02:00:00,67.55120849609375
srv-002,2017-06-18 03:00:00,66.19259643554688
srv-002,2017-06-18 04:00:00,67.78743743896484
srv-002,2017-06-18 05:00:00,66.84394836425781
srv-002,2017-06-18 06:00:00,68.04744720458984
srv-002,2017-06-18 07:00:00,68.00123596191406
srv-002,2017-06-18 08:00:00,70.47088623046875
srv-002,2017-06-18 09:00:00,67.49534606933594
srv-002,2017-06-18 10:00:00,70.20074462890625
srv-002,2017-06-18 11:00:00,70.51164245605469
srv-002,2017-06-18 12:00:00,73.17222595214844
srv-002,2017-06-18 13:00:00,73.0673828125
srv-002,2017-06-18 14:00:00,75.07313537597656
srv-002,2017-06-18 15:00:00,75.81315612792969
srv-002,2017-06-18 16:00:00,74.90865325927734
srv-002,2017-06-18 17:00:00,73.67625427246094
srv-002,2017-06-18 18:00:00,71.89266204833984
srv-002,2017-06-18 19:00:00,69.83589935302734
srv-002,2017-06-18 20:00:00,69.51010131835938
srv-002,2017-06-18 21:00:00,68.5357894897461
srv-002,2017-06-18 22:00:00,65.27842712402344
srv-002,2017-06-18 23:00:00,65.78350067138672
srv-002,2017-06-19 00:00:00,64.26243591308594
srv-002,2017-06-19 01:00:00,63.5784797668457
srv-002,2017-06-19 02:00:00,64.06222534179688
srv-002,2017-06-19 03:00:00,66.48764038085938
srv-002,2017-06-19 04:00:00,68.63589477539062
srv-002,2017-06-19 05:00:00,67.5025405883789
srv-002,2017-06-19 06:00:00,68.58242797851562
srv-002,2017-06-19 07:00:00,69.52027893066406
srv-002,2017-06-19 08:00:00,74.0121078491211
srv-002,2017-06-19 09:00:00,72.55516052246094
srv-002,2017-06-19 10:00:00,75.11552429199219
srv-002,2017-06-19 11:00:00,73.91885375976562
srv-002,2017-06-19 12:00:00,75.04832458496094
srv-002,2017-06-19 13:00:00,74.72544860839844
srv-002,2017-06-19 14:00:00,76.62379455566406
srv-002,2017-06-19 15:00:00,76.34148406982422
srv-002,2017-06-19 16:00:00,76.2349853515625
srv-002,2017-06-19 17:00:00,77.41058349609375
srv-002,2017-06-19 18:00:00,74.72674560546875
srv-002,2017-06-19 19:00:00,74.51494598388672
srv-002,2017-06-19 20:00:00,75.31355285644531
srv-002,2017-06-19 21:00:00,75.64559173583984
srv-002,2017-06-19 22:00:00,74.77726745605469
srv-002,2017-06-19 23:00:00,72.94743347167969
srv-002,2017-06-20 00:00:00,73.40593719482422
srv-002,2017-06-20 01:00:00,76.33583068847656
srv-002,2017-06-20 02:00:00,75.2718505859375
srv-002,2017-06-20 03:00:00,78.99668884277344
srv-002,2017-06-20 04:00:00,77.70298767089844
srv-002,2017-06-20 05:00:00,78.48786926269531
srv-002,2017-06-20 06:00:00,80.07202911376953
srv-002,2017-06-20 07:00:00,80.52052307128906
srv-002,2017-06-20 08:00:00,83.5718994140625
srv-002,2017-06-20 09:00:00,81.14413452148438
srv-002,2017-06-20 10:00:00,81.40423583984375
srv-002,2017-06-20 11:00:00,83.3316879272461
srv-002,2017-06-20 12:00:00,84.45606994628906
srv-002,2017-06-20 13:00:00,85.27911376953125
srv-002,2017-06-20 14:00:00,87.10581970214844
srv-002,2017-06-20 15:00:00,87.52837371826172
srv-002,2017-06-20 16:00:00,88.43840026855469
srv-002,2017-06-20 17:00:00,88.51077270507812
srv-002,2017-06-20 18:00:00,86.08692932128906
srv-002,2017-06-20 19:00:00,85.38301086425781
srv-002,2017-06-20 20:00:00,85.21611022949219
srv-002,2017-06-20 21:00:00,85.97149658203125
srv-002,2017-06-20 22:00:00,81.20481872558594
srv-002,2017-06-20 23:00:00,79.74935150146484
srv-002,2017-06-21 00:00:00,82.47998809814453
srv-002,2017-06-21 01:00:00,83.12715148925781
srv-002,2017-06-21 02:00:00,84.02191162109375
srv-002,2017-06-21 03:00:00,85.57989501953125
srv-002,2017-06-21 04:00:00,87.23402404785156
srv-002,2017-06-21 05:00:00,86.79400634765625
srv-002,2017-06-21 06:00:00,86.8686752319336
srv-002,2017-06-21 07:00:00,87.31806945800781
srv-002,2017-06-21 08:00:00,88.2327880859375
srv-002,2017-06-21 09:00:00,88.50514221191406
srv-002,2017-06-21 10:00:00,90.59165954589844
srv-002,2017-06-21 11:00:00,93.14581298828125
srv-002,2017-06-21 12:00:00,93.65380859375
srv-002,2017-06-21 13:00:00,93.82223510742188
srv-002,2017-06-21 14:00:00,93.97467041015625
srv-002,2017-06-21 15:00:00,93.10923767089844
srv-002,2017-06-21 16:00:00,92.71241760253906
srv-002,2017-06-21 17:00:00,90.98760986328125
srv-002,2017-06-21 18:00:00,89.83575439453125
srv-002,2017-06-21 19:00:00,86.3725357055664
srv-002,2017-06-21 20:00:00,86.75735473632812
srv-002,2017-06-21 21:00:00,86.23883056640625
srv-002,2017-06-21 22:00:00,82.82794189453125
srv-002,2017-06-21 23:00:00,84.49635314941406
srv-002,2017-06-22 00:00:00,86.30118560791016
srv-002,2017-06-22 01:00:00,84.55111694335938
srv-002,2017-06-22 02:00:00,84.97463989257812
srv-002,2017-06-22 03:00:00,86.312255859375
srv-002,2017-06-22 04:00:00,85.6644287109375
srv-002,2017-06-22 05:00:00,82.12643432617188
srv-002,2017-06-22 06:00:00,81.79541015625
srv-002,2017-06-22 07:00:00,81.14901733398438
srv-002,2017-06-22 08:00:00,86.4775390625
srv-002,2017-06-22 09:00:00,83.60914611816406
srv-002,2017-06-22 10:00:00,86.0672607421875
srv-002,2017-06-22 11:00:00,90.80992126464844
srv-002,2017-06-22 12:00:00,91.90263366699219
srv-002,2017-06-22 13:00:00,88.84832000732422
srv-002,2017-06-22 14:00:00,87.12122344970703
srv-002,2017-06-22 15:00:00,86.53031921386719
srv-002,2017-06-22 16:00:00,84.09434509277344
srv-002,2017-06-22 17:00:00,80.27627563476562
srv-002,2017-06-22 18:00:00,82.09829711914062
srv-002,2017-06-22 19:00:00,82.55809020996094
srv-002,2017-06-22 20:00:00,81.1073226928711
srv-002,2017-06-22 21:00:00,76.61260986328125
srv-002,2017-06-22 22:00:00,74.01908874511719
srv-002,2017-06-22 23:00:00,74.26858520507812
srv-002,2017-06-23 00:00:00,73.57827758789062
srv-002,2017-06-23 01:00:00,74.08722686767578
srv-002,2017-06-23 02:00:00,74.0990219116211
srv-002,2017-06-23 03:00:00,73.24217224121094
srv-002,2017-06-23 04:00:00,71.33991241455078
srv-002,2017-06-23 05:00:00,73.47856140136719
srv-002,2017-06-23 06:00:00,73.701904296875
srv-002,2017-06-23 07:00:00,73.68250274658203
srv-002,2017-06-23 08:00:00,73.5784912109375
srv-002,2017-06-23 09:00:00,73.50932312011719
srv-002,2017-06-23 10:00:00,75.56684875488281
srv-002,2017-06-23 11:00:00,76.65699005126953
srv-002,2017-06-23 12:00:00,80.490966796875
srv-002,2017-06-23 13:00:00,77.8129653930664
srv-002,2017-06-23 14:00:00,78.4992904663086
srv-002,2017-06-23 15:00:00,77.72794342041016
srv-002,2017-06-23 16:00:00,73.2903823852539
srv-002,2017-06-23 17:00:00,73.46987915039062
srv-002,2017-06-23 18:00:00,70.45259857177734
srv-002,2017-06-23 19:00:00,69.54509735107422
srv-002,2017-06-23 20:00:00,70.3125
srv-002,2017-06-23 21:00:00,64.95936584472656
srv-002,2017-06-23 22:00:00,62.771488189697266
srv-002,2017-06-23 23:00:00,63.663944244384766
srv-002,2017-06-24 00:00:00,67.71389770507812
srv-002,2017-06-24 01:00:00,67.92559814453125
srv-002,2017-06-24 02:00:00,68.24505615234375
srv-002,2017-06-24 03:00:00,69.50729370117188
srv-002,2017-06-24 04:00:00,69.92478942871094
srv-002,2017-06-24 05:00:00,69.05438995361328
srv-002,2017-06-24 06:00:00,70.0970458984375
srv-002,2017-06-24 07:00:00,70.59364318847656
srv-002,2017-06-24 08:00:00,72.56774139404297
srv-002,2017-06-24 09:00:00,72.27200317382812
srv-002,2017-06-24 10:00:00,73.43712615966797
srv-002,2017-06-24 11:00:00,74.4637680053711
srv-002,2017-06-24 12:00:00,76.2799072265625
srv-002,2017-06-24 13:00:00,78.42181396484375
srv-002,2017-06-24 14:00:00,77.16748046875
srv-002,2017-06-24 15:00:00,76.2637939453125
srv-002,2017-06-24 16:00:00,75.587158203125
srv-002,2017-06-24 17:00:00,75.30597686767578
srv-002,2017-06-24 18:00:00,73.7505874633789
srv-002,2017-06-24 19:00:00,68.97068786621094
srv-002,2017-06-24 20:00:00,68.41026306152344
srv-002,2017-06-24 21:00:00,66.84909057617188
srv-002,2017-06-24 22:00:00,65.84043884277344
srv-002,2017-06-24 23:00:00,64.96678924560547
srv-002,2017-06-25 00:00:00,63.40184020996094
srv-002,2017-06-25 01:00:00,66.91450500488281
srv-002,2017-06-25 02:00:00,67.39166259765625
srv-002,2017-06-25 03:00:00,69.30168151855469
srv-002,2017-06-25 04:00:00,66.80158996582031
srv-002,2017-06-25 05:00:00,66.3805923461914
srv-002,2017-06-25 06:00:00,67.79743194580078
srv-002,2017-06-25 07:00:00,68.39901733398438
srv-002,2017-06-25 08:00:00,72.249267578125
srv-002,2017-06-25 09:00:00,71.80648803710938
srv-002,2017-06-25 10:00:00,73.28929138183594
srv-002,2017-06-25 11:00:00,72.59950256347656
srv-002,2017-06-25 12:00:00,73.59602355957031
srv-002,2017-06-25 13:00:00,74.39356231689453
srv-002,2017-06-25 14:00:00,73.86114501953125
srv-002,2017-06-25 15:00:00,75.9187240600586
srv-002,2017-06-25 16:00:00,72.6049575805664
srv-002,2017-06-25 17:00:00,75.02957916259766
srv-002,2017-06-25 18:00:00,73.03311157226562
srv-002,2017-06-25 19:00:00,70.70707702636719
srv-002,2017-06-25 20:00:00,72.3393325805664
srv-002,2017-06-25 21:00:00,66.8277587890625
srv-002,2017-06-25 22:00:00,67.70768737792969
srv-002,2017-06-25 23:00:00,68.39561462402344
srv-002,2017-06-26 00:00:00,64.97879028320312
srv-002,2017-06-26 01:00:00,64.46111297607422
srv-002,2017-06-26 02:00:00,67.16815948486328
srv-002,2017-06-26 03:00:00,67.35456085205078
srv-002,2017-06-26 04:00:00,68.18250274658203
srv-002,2017-06-26 05:00:00,67.97416687011719
srv-002,2017-06-26 06:00:00,67.53739929199219
srv-002,2017-06-26 07:00:00,68.02044677734375
srv-002,2017-06-26 08:00:00,73.4931640625
srv-002,2017-06-26 09:00:00,71.93858337402344
srv-002,2017-06-26 10:00:00,74.93069458007812
srv-002,2017-06-26 11:00:00,77.5533447265625
srv-002,2017-06-26 12:00:00,78.30242919921875
srv-002,2017-06-26 13:00:00,80.24853515625
srv-002,2017-06-26 14:00:00,80.69512939453125
srv-002,2017-06-26 15:00:00,81.91255187988281
srv-002,2017-06-26 16:00:00,80.6939697265625
srv-002,2017-06-26 17:00:00,77.2547607421875
srv-002,2017-06-26 18:00:00,76.55711364746094
srv-002,2017-06-26 19:00:00,75.37763214111328
srv-002,2017-06-26 20:00:00,74.53177642822266
srv-002,2017-06-26 21:00:00,72.70952606201172
srv-002,2017-06-26 22:00:00,71.51234436035156
srv-002,2017-06-26 23:00:00,71.8267822265625
srv-002,2017-06-27 00:00:00,72.75831604003906
srv-002,2017-06-27 01:00:00,73.63890838623047
srv-002,2017-06-27 02:00:00,74.80674743652344
srv-002,2017-06-27 03:00:00,79.2302474975586
srv-002,2017-06-27 04:00:00,78.30888366699219
srv-002,2017-06-27 05:00:00,78.7100830078125
srv-002,2017-06-27 06:00:00,80.17364501953125
srv-002,2017-06-27 07:00:00,81.50065612792969
srv-002,2017-06-27 08:00:00,84.5347671508789
srv-002,2017-06-27 09:00:00,84.25739288330078
srv-002,2017-06-27 10:00:00,86.00020599365234
srv-002,2017-06-27 11:00:00,86.77694702148438
srv-002,2017-06-27 12:00:00,87.7335205078125
srv-002,2017-06-27 13:00:00,89.22862243652344
srv-002,2017-06-27 14:00:00,88.78849792480469
srv-002,2017-06-27 15:00:00,88.04608154296875
srv-002,2017-06-27 16:00:00,88.84900665283203
srv-002,2017-06-27 17:00:00,85.28473663330078
srv-002,2017-06-27 18:00:00,85.98170471191406
srv-002,2017-06-27 19:00:00,86.86896514892578
srv-002,2017-06-27 20:00:00,82.85706329345703
srv-002,2017-06-27 21:00:00,82.85459899902344
srv-002,2017-06-27 22:00:00,83.63822174072266
srv-002,2017-06-27 23:00:00,85.61573028564453
srv-002,2017-06-28 00:00:00,87.18241882324219
srv-002,2017-06-28 01:00:00,82.12554168701172
srv-002,2017-06-28 02:00:00,85.46560668945312
srv-002,2017-06-28 03:00:00,84.38542175292969
srv-002,2017-06-28 04:00:00,83.37822723388672
srv-002,2017-06-28 05:00:00,87.10218811035156
srv-002,2017-06-28 06:00:00,86.59652709960938
srv-002,2017-06-28 07:00:00,88.76602172851562
srv-002,2017-06-28 08:00:00,91.29446411132812
srv-002,2017-06-28 09:00:00,91.10572814941406
srv-002,2017-06-28 10:00:00,93.94904327392578
srv-002,2017-06-28 11:00:00,94.95405578613281
srv-002,2017-06-28 12:00:00,94.61845397949219
srv-002,2017-06-28 13:00:00,94.65098571777344
srv-002,2017-06-28 14:00:00,94.68771362304688
srv-002,2017-06-28 15:00:00,92.87275695800781
srv-002,2017-06-28 16:00:00,92.98963928222656
srv-002,2017-06-28 17:00:00,93.01229858398438
srv-002,2017-06-28 18:00:00,89.88275146484375
srv-002,2017-06-28 19:00:00,89.8052978515625
srv-002,2017-06-28 20:00:00,89.2848892211914
srv-002,2017-06-28 21:00:00,87.0642318725586
srv-002,2017-06-28 22:00:00,84.34950256347656
srv-002,2017-06-28 23:00:00,84.39912414550781
srv-002,2017-06-29 00:00:00,81.57737731933594
srv-002,2017-06-29 01:00:00,82.75088500976562
srv-002,2017-06-29 02:00:00,83.9009017944336
srv-002,2017-06-29 03:00:00,82.16288757324219
srv-002,2017-06-29 04:00:00,82.69137573242188
srv-002,2017-06-29 05:00:00,79.70771789550781
srv-002,2017-06-29 06:00:00,80.39608764648438
srv-002,2017-06-29 07:00:00,83.52264404296875
srv-002,2017-06-29 08:00:00,88.26254272460938
srv-002,2017-06-29 09:00:00,85.45558166503906
srv-002,2017-06-29 10:00:00,88.01289367675781
srv-002,2017-06-29 11:00:00,91.65270233154297
srv-002,2017-06-29 12:00:00,91.67337799072266
srv-002,2017-06-29 13:00:00,93.16270446777344
srv-002,2017-06-29 14:00:00,92.05297088623047
srv-002,2017-06-29 15:00:00,92.1584243774414
srv-002,2017-06-29 16:00:00,88.33623504638672
srv-002,2017-06-29 17:00:00,84.13599395751953
srv-002,2017-06-29 18:00:00,84.31053161621094
srv-002,2017-06-29 19:00:00,81.16807556152344
srv-002,2017-06-29 20:00:00,78.5560531616211
srv-002,2017-06-29 21:00:00,77.86056518554688
srv-002,2017-06-29 22:00:00,72.81159210205078
srv-002,2017-06-29 23:00:00,72.57798767089844
srv-002,2017-06-30 00:00:00,71.90510559082031
srv-002,2017-06-30 01:00:00,71.50785064697266
srv-002,2017-06-30 02:00:00,71.93431091308594
srv-002,2017-06-30 03:00:00,73.46027374267578
srv-002,2017-06-30 04:00:00,73.88255310058594
srv-002,2017-06-30 05:00:00,75.34086608886719
srv-002,2017-06-30 06:00:00,74.96165466308594
srv-002,2017-06-30 07:00:00,74.57789611816406
srv-002,2017-06-30 08:00:00,77.24883270263672
srv-002,2017-06-30 09:00:00,75.42102813720703
srv-002,2017-06-30 10:00:00,75.94098663330078
srv-002,2017-06-30 11:00:00,77.62748718261719
srv-002,2017-06-30 12:00:00,77.59454345703125
srv-002,2017-06-30 13:00:00,78.38362121582031
srv-002,2017-06-30 14:00:00,78.12017059326172
srv-002,2017-06-30 15:00:00,76.36430358886719
srv-002,2017-06-30 16:00:00,75.5366439819336
srv-002,2017-06-30 17:00:00,66.43338775634766
srv-002,2017-06-30 18:00:00,66.35423278808594
srv-002,2017-06-30 19:00:00,63.15726089477539
srv-002,2017-06-30 20:00:00,64.10298919677734
srv-002,2017-06-30 21:00:00,63.6718635559082
srv-002,2017-06-30 22:00:00,62.07766342163086
srv-002,2017-06-30 23:00:00,61.52511978149414
srv-003,2017-06-01 23:00:00,48.330291748046875
srv-003,2017-06-02 00:00:00,47.032169342041016
srv-003,2017-06-02 01:00:00,45.837223052978516
srv-003,2017-06-02 02:00:00,44.2932014465332
srv-003,2017-06-02 03:00:00,43.68904495239258
srv-003,2017-06-02 04:00:00,42.67103958129883
srv-003,2017-06-02 05:00:00,43.5912971496582
srv-003,2017-06-02 06:00:00,45.82320785522461
srv-003,2017-06-02 07:00:00,47.17887496948242
srv-003,2017-06-02 08:00:00,48.82353591918945
srv-003,2017-06-02 09:00:00,49.70842361450195
srv-003,2017-06-02 10:00:00,44.79121017456055
srv-003,2017-06-02 11:00:00,45.015262603759766
srv-003,2017-06-02 12:00:00,45.782569885253906
srv-003,2017-06-02 13:00:00,42.191158294677734
srv-003,2017-06-02 14:00:00,47.7563591003418
srv-003,2017-06-02 15:00:00,45.158729553222656
srv-003,2017-06-02 16:00:00,44.25679397583008
srv-003,2017-06-02 17:00:00,43.384639739990234
srv-003,2017-06-02 18:00:00,37.53933334350586
srv-003,2017-06-02 19:00:00,37.1793327331543
srv-003,2017-06-02 20:00:00,37.70783233642578
srv-003,2017-06-02 21:00:00,36.459049224853516
srv-003,2017-06-02 22:00:00,34.89992904663086
srv-003,2017-06-02 23:00:00,39.14543533325195
srv-003,2017-06-03 00:00:00,41.67378616333008
srv-003,2017-06-03 01:00:00,41.19459915161133
srv-003,2017-06-03 02:00:00,47.40658950805664
srv-003,2017-06-03 03:00:00,42.01543045043945
srv-003,2017-06-03 04:00:00,38.361324310302734
srv-003,2017-06-03 05:00:00,36.77962112426758
srv-003,2017-06-03 06:00:00,38.6797981262207
srv-003,2017-06-03 07:00:00,40.9873161315918
srv-003,2017-06-03 08:00:00,37.84862518310547
srv-003,2017-06-03 09:00:00,36.566734313964844
srv-003,2017-06-03 10:00:00,38.33919906616211
srv-003,2017-06-03 11:00:00,37.8120002746582
srv-003,2017-06-03 12:00:00,39.548519134521484
srv-003,2017-06-03 13:00:00,40.30096435546875
srv-003,2017-06-03 14:00:00,42.71694564819336
srv-003,2017-06-03 15:00:00,42.10931396484375
srv-003,2017-06-03 16:00:00,47.92552185058594
srv-003,2017-06-03 17:00:00,43.61570358276367
srv-003,2017-06-03 18:00:00,38.77093505859375
srv-003,2017-06-03 19:00:00,36.348609924316406
srv-003,2017-06-03 20:00:00,35.01383590698242
srv-003,2017-06-03 21:00:00,35.534767150878906
srv-003,2017-06-03 22:00:00,36.529136657714844
srv-003,2017-06-03 23:00:00,40.44956588745117
srv-003,2017-06-04 00:00:00,36.07121276855469
srv-003,2017-06-04 01:00:00,37.02891159057617
srv-003,2017-06-04 02:00:00,42.41371536254883
srv-003,2017-06-04 03:00:00,47.45289611816406
srv-003,2017-06-04 04:00:00,47.80521774291992
srv-003,2017-06-04 05:00:00,37.47854995727539
srv-003,2017-06-04 06:00:00,37.22061538696289
srv-003,2017-06-04 07:00:00,38.39204788208008
srv-003,2017-06-04 08:00:00,40.50562286376953
srv-003,2017-06-04 09:00:00,37.6124382019043
srv-003,2017-06-04 10:00:00,34.77444839477539
srv-003,2017-06-04 11:00:00,34.82447052001953
srv-003,2017-06-04 12:00:00,37.53175354003906
srv-003,2017-06-04 13:00:00,39.24571228027344
srv-003,2017-06-04 14:00:00,43.265438079833984
srv-003,2017-06-04 15:00:00,46.339637756347656
srv-003,2017-06-04 16:00:00,41.385921478271484
srv-003,2017-06-04 17:00:00,44.018798828125
srv-003,2017-06-04 18:00:00,39.54109573364258
srv-003,2017-06-04 19:00:00,38.98603057861328
srv-003,2017-06-04 20:00:00,36.26139450073242
srv-003,2017-06-04 21:00:00,39.65080642700195
srv-003,2017-06-04 22:00:00,36.8979606628418
srv-003,2017-06-04 23:00:00,40.149131774902344
srv-003,2017-06-05 00:00:00,37.681034088134766
srv-003,2017-06-05 01:00:00,40.3868522644043
srv-003,2017-06-05 02:00:00,41.011253356933594
srv-003,2017-06-05 03:00:00,42.63907241821289
srv-003,2017-06-05 04:00:00,39.085479736328125
srv-003,2017-06-05 05:00:00,40.41334915161133
srv-003,2017-06-05 06:00:00,41.50371551513672
srv-003,2017-06-05 07:00:00,37.382389068603516
srv-003,2017-06-05 08:00:00,42.1038703918457
srv-003,2017-06-05 09:00:00,42.87431335449219
srv-003,2017-06-05 10:00:00,41.13068771362305
srv-003,2017-06-05 11:00:00,37.27206039428711
srv-003,2017-06-05 12:00:00,38.69075012207031
srv-003,2017-06-05 13:00:00,39.370452880859375
srv-003,2017-06-05 14:00:00,40.366580963134766
srv-003,2017-06-05 15:00:00,40.946414947509766
srv-003,2017-06-05 16:00:00,44.95069122314453
srv-003,2017-06-05 17:00:00,42.53348159790039
srv-003,2017-06-05 18:00:00,44.736942291259766
srv-003,2017-06-05 19:00:00,39.486141204833984
srv-003,2017-06-05 20:00:00,39.90474319458008
srv-003,2017-06-05 21:00:00,39.658199310302734
srv-003,2017-06-05 22:00:00,39.45225524902344
srv-003,2017-06-05 23:00:00,40.14731216430664
srv-003,2017-06-06 00:00:00,41.21915054321289
srv-003,2017-06-06 01:00:00,44.24882507324219
srv-003,2017-06-06 02:00:00,40.50148391723633
srv-003,2017-06-06 03:00:00,41.785911560058594
srv-003,2017-06-06 04:00:00,40.351436614990234
srv-003,2017-06-06 05:00:00,44.5374870300293
srv-003,2017-06-06 06:00:00,39.995601654052734
srv-003,2017-06-06 07:00:00,38.29255294799805
srv-003,2017-06-06 08:00:00,38.69333267211914
srv-003,2017-06-06 09:00:00,38.69816970825195
srv-003,2017-06-06 10:00:00,38.98923873901367
srv-003,2017-06-06 11:00:00,41.590457916259766
srv-003,2017-06-06 12:00:00,41.92898178100586
srv-003,2017-06-06 13:00:00,36.453548431396484
srv-003,2017-06-06 14:00:00,39.71149826049805
srv-003,2017-06-06 15:00:00,40.66129684448242
srv-003,2017-06-06 16:00:00,43.576107025146484
srv-003,2017-06-06 17:00:00,44.2114143371582
srv-003,2017-06-06 18:00:00,41.965206146240234
srv-003,2017-06-06 19:00:00,39.414005279541016
srv-003,2017-06-06 20:00:00,40.861480712890625
srv-003,2017-06-06 21:00:00,41.869197845458984
srv-003,2017-06-06 22:00:00,37.90745544433594
srv-003,2017-06-06 23:00:00,39.38518524169922
srv-003,2017-06-07 00:00:00,39.19337463378906
srv-003,2017-06-07 01:00:00,38.7661247253418
srv-003,2017-06-07 02:00:00,38.468345642089844
srv-003,2017-06-07 03:00:00,42.15143585205078
srv-003,2017-06-07 04:00:00,43.154659271240234
srv-003,2017-06-07 05:00:00,39.7505989074707
srv-003,2017-06-07 06:00:00,38.214603424072266
srv-003,2017-06-07 07:00:00,43.85065841674805
srv-003,2017-06-07 08:00:00,41.32082748413086
srv-003,2017-06-07 09:00:00,44.6406135559082
srv-003,2017-06-07 10:00:00,47.01626968383789
srv-003,2017-06-07 11:00:00,50.343448638916016
srv-003,2017-06-07 12:00:00,40.69808578491211
srv-003,2017-06-07 13:00:00,40.10831069946289
srv-003,2017-06-07 14:00:00,39.77802276611328
srv-003,2017-06-07 15:00:00,42.49638366699219
srv-003,2017-06-07 16:00:00,41.28022766113281
srv-003,2017-06-07 17:00:00,38.098880767822266
srv-003,2017-06-07 18:00:00,32.215614318847656
srv-003,2017-06-07 19:00:00,37.424068450927734
srv-003,2017-06-07 20:00:00,35.63339614868164
srv-003,2017-06-07 21:00:00,39.05532455444336
srv-003,2017-06-07 22:00:00,39.51571273803711
srv-003,2017-06-07 23:00:00,40.7056770324707
srv-003,2017-06-08 00:00:00,43.40774917602539
srv-003,2017-06-08 01:00:00,48.101463317871094
srv-003,2017-06-08 02:00:00,45.61932373046875
srv-003,2017-06-08 03:00:00,42.326168060302734
srv-003,2017-06-08 04:00:00,46.60432815551758
srv-003,2017-06-08 05:00:00,39.85717010498047
srv-003,2017-06-08 06:00:00,40.94209289550781
srv-003,2017-06-08 07:00:00,40.714054107666016
srv-003,2017-06-08 08:00:00,43.3999137878418
srv-003,2017-06-08 09:00:00,44.906429290771484
srv-003,2017-06-08 10:00:00,44.301387786865234
srv-003,2017-06-08 11:00:00,47.4953498840332
srv-003,2017-06-08 12:00:00,36.500614166259766
srv-003,2017-06-08 13:00:00,38.83309555053711
srv-003,2017-06-08 14:00:00,35.90194320678711
srv-003,2017-06-08 15:00:00,41.304664611816406
srv-003,2017-06-08 16:00:00,39.99636459350586
srv-003,2017-06-08 17:00:00,45.5067024230957
srv-003,2017-06-08 18:00:00,45.075077056884766
srv-003,2017-06-08 19:00:00,43.10552215576172
srv-003,2017-06-08 20:00:00,39.222808837890625
srv-003,2017-06-08 21:00:00,39.244014739990234
srv-003,2017-06-08 22:00:00,44.44768142700195
srv-003,2017-06-08 23:00:00,37.85514450073242
srv-003,2017-06-09 00:00:00,38.84164047241211
srv-003,2017-06-09 01:00:00,39.81749725341797
srv-003,2017-06-09 02:00:00,37.90772247314453
srv-003,2017-06-09 03:00:00,39.0346565246582
srv-003,2017-06-09 04:00:00,40.041812896728516
srv-003,2017-06-09 05:00:00,41.652252197265625
srv-003,2017-06-09 06:00:00,42.54945373535156
srv-003,2017-06-09 07:00:00,43.965293884277344
srv-003,2017-06-09 08:00:00,47.2263298034668
srv-003,2017-06-09 09:00:00,48.16062545776367
srv-003,2017-06-09 10:00:00,48.43098449707031
srv-003,2017-06-09 11:00:00,50.477264404296875
srv-003,2017-06-09 12:00:00,52.59516143798828
srv-003,2017-06-09 13:00:00,45.55276107788086
srv-003,2017-06-09 14:00:00,44.28584671020508
srv-003,2017-06-09 15:00:00,45.61892318725586
srv-003,2017-06-09 16:00:00,37.188297271728516
srv-003,2017-06-09 17:00:00,42.23617935180664
srv-003,2017-06-09 18:00:00,41.92463684082031
srv-003,2017-06-09 19:00:00,44.71586990356445
srv-003,2017-06-09 20:00:00,38.64303207397461
srv-003,2017-06-09 21:00:00,41.619911193847656
srv-003,2017-06-09 22:00:00,36.19914627075195
srv-003,2017-06-09 23:00:00,41.93408203125
srv-003,2017-06-10 00:00:00,46.14049530029297
srv-003,2017-06-10 01:00:00,44.72671890258789
srv-003,2017-06-10 02:00:00,49.09645080566406
srv-003,2017-06-10 03:00:00,39.27280807495117
srv-003,2017-06-10 04:00:00,38.23055648803711
srv-003,2017-06-10 05:00:00,37.53364181518555
srv-003,2017-06-10 06:00:00,39.839210510253906
srv-003,2017-06-10 07:00:00,42.1442756652832
srv-003,2017-06-10 08:00:00,41.6857795715332
srv-003,2017-06-10 09:00:00,47.56705856323242
srv-003,2017-06-10 10:00:00,40.12849426269531
srv-003,2017-06-10 11:00:00,37.640254974365234
srv-003,2017-06-10 12:00:00,37.564266204833984
srv-003,2017-06-10 13:00:00,38.83051681518555
srv-003,2017-06-10 14:00:00,36.335418701171875
srv-003,2017-06-10 15:00:00,37.03474807739258
srv-003,2017-06-10 16:00:00,40.192264556884766
srv-003,2017-06-10 17:00:00,40.37214660644531
srv-003,2017-06-10 18:00:00,43.31602096557617
srv-003,2017-06-10 19:00:00,37.93745803833008
srv-003,2017-06-10 20:00:00,37.73997116088867
srv-003,2017-06-10 21:00:00,36.996883392333984
srv-003,2017-06-10 22:00:00,41.675350189208984
srv-003,2017-06-10 23:00:00,40.45100784301758
srv-003,2017-06-11 00:00:00,47.41530990600586
srv-003,2017-06-11 01:00:00,41.84878158569336
srv-003,2017-06-11 02:00:00,40.55463409423828
srv-003,2017-06-11 03:00:00,45.3348503112793
srv-003,2017-06-11 04:00:00,39.679752349853516
srv-003,2017-06-11 05:00:00,40.892539978027344
srv-003,2017-06-11 06:00:00,37.340553283691406
srv-003,2017-06-11 07:00:00,42.430484771728516
srv-003,2017-06-11 08:00:00,38.31231689453125
srv-003,2017-06-11 09:00:00,45.710636138916016
srv-003,2017-06-11 10:00:00,45.57791519165039
srv-003,2017-06-11 11:00:00,49.80461883544922
srv-003,2017-06-11 12:00:00,48.28678894042969
srv-003,2017-06-11 13:00:00,40.167633056640625
srv-003,2017-06-11 14:00:00,44.114376068115234
srv-003,2017-06-11 15:00:00,40.87330627441406
srv-003,2017-06-11 16:00:00,35.3895378112793
srv-003,2017-06-11 17:00:00,37.6261100769043
srv-003,2017-06-11 18:00:00,36.765377044677734
srv-003,2017-06-11 19:00:00,38.55198287963867
srv-003,2017-06-11 20:00:00,38.83480453491211
srv-003,2017-06-11 21:00:00,35.53769302368164
srv-003,2017-06-11 22:00:00,41.88853073120117
srv-003,2017-06-11 23:00:00,38.92258834838867
srv-003,2017-06-12 00:00:00,36.73678207397461
srv-003,2017-06-12 01:00:00,35.26841354370117
srv-003,2017-06-12 02:00:00,37.1239013671875
srv-003,2017-06-12 03:00:00,37.7028694152832
srv-003,2017-06-12 04:00:00,35.4613151550293
srv-003,2017-06-12 05:00:00,35.989349365234375
srv-003,2017-06-12 06:00:00,35.97457504272461
srv-003,2017-06-12 07:00:00,36.61280059814453
srv-003,2017-06-12 08:00:00,37.70686721801758
srv-003,2017-06-12 09:00:00,40.23234939575195
srv-003,2017-06-12 10:00:00,38.186283111572266
srv-003,2017-06-12 11:00:00,39.62985610961914
srv-003,2017-06-12 12:00:00,37.93742370605469
srv-003,2017-06-12 13:00:00,38.64748001098633
srv-003,2017-06-12 14:00:00,42.83751678466797
srv-003,2017-06-12 15:00:00,41.37736129760742
srv-003,2017-06-12 16:00:00,39.85188293457031
srv-003,2017-06-12 17:00:00,39.22904586791992
srv-003,2017-06-12 18:00:00,38.080318450927734
srv-003,2017-06-12 19:00:00,40.205020904541016
srv-003,2017-06-12 20:00:00,41.69681930541992
srv-003,2017-06-12 21:00:00,41.45379638671875
srv-003,2017-06-12 22:00:00,35.85683059692383
srv-003,2017-06-12 23:00:00,40.4295654296875
srv-003,2017-06-13 00:00:00,38.70400619506836
srv-003,2017-06-13 01:00:00,41.10036087036133
srv-003,2017-06-13 02:00:00,41.33415985107422
srv-003,2017-06-13 03:00:00,44.57467269897461
srv-003,2017-06-13 04:00:00,43.563194274902344
srv-003,2017-06-13 05:00:00,43.35090255737305
srv-003,2017-06-13 06:00:00,41.905879974365234
srv-003,2017-06-13 07:00:00,37.35984802246094
srv-003,2017-06-13 08:00:00,38.34788131713867
srv-003,2017-06-13 09:00:00,40.37199783325195
srv-003,2017-06-13 10:00:00,38.755348205566406
srv-003,2017-06-13 11:00:00,40.399662017822266
srv-003,2017-06-13 12:00:00,41.92281723022461
srv-003,2017-06-13 13:00:00,43.699405670166016
srv-003,2017-06-13 14:00:00,42.035701751708984
srv-003,2017-06-13 15:00:00,43.687252044677734
srv-003,2017-06-13 16:00:00,39.697105407714844
srv-003,2017-06-13 17:00:00,36.279701232910156
srv-003,2017-06-13 18:00:00,37.27327346801758
srv-003,2017-06-13 19:00:00,37.55453872680664
srv-003,2017-06-13 20:00:00,40.234012603759766
srv-003,2017-06-13 21:00:00,43.2313346862793
srv-003,2017-06-13 22:00:00,42.195701599121094
srv-003,2017-06-13 23:00:00,39.84787368774414
srv-003,2017-06-14 00:00:00,38.64439392089844
srv-003,2017-06-14 01:00:00,42.664825439453125
srv-003,2017-06-14 02:00:00,43.8834342956543
srv-003,2017-06-14 03:00:00,40.5927734375
srv-003,2017-06-14 04:00:00,38.20637512207031
srv-003,2017-06-14 05:00:00,37.57642364501953
srv-003,2017-06-14 06:00:00,41.474674224853516
srv-003,2017-06-14 07:00:00,38.05887222290039
srv-003,2017-06-14 08:00:00,40.35948181152344
srv-003,2017-06-14 09:00:00,42.6224365234375
srv-003,2017-06-14 10:00:00,42.01987075805664
srv-003,2017-06-14 11:00:00,40.1997184753418
srv-003,2017-06-14 12:00:00,41.127201080322266
srv-003,2017-06-14 13:00:00,36.02437973022461
srv-003,2017-06-14 14:00:00,38.30417251586914
srv-003,2017-06-14 15:00:00,40.229732513427734
srv-003,2017-06-14 16:00:00,38.519107818603516
srv-003,2017-06-14 17:00:00,43.53779983520508
srv-003,2017-06-14 18:00:00,41.21879959106445
srv-003,2017-06-14 19:00:00,40.867713928222656
srv-003,2017-06-14 20:00:00,38.990745544433594
srv-003,2017-06-14 21:00:00,40.34858322143555
srv-003,2017-06-14 22:00:00,37.9820671081543
srv-003,2017-06-14 23:00:00,35.566402435302734
srv-003,2017-06-15 00:00:00,36.359493255615234
srv-003,2017-06-15 01:00:00,41.36580276489258
srv-003,2017-06-15 02:00:00,42.88536071777344
srv-003,2017-06-15 03:00:00,42.262237548828125
srv-003,2017-06-15 04:00:00,36.842613220214844
srv-003,2017-06-15 05:00:00,34.638519287109375
srv-003,2017-06-15 06:00:00,34.26917266845703
srv-003,2017-06-15 07:00:00,35.34707260131836
srv-003,2017-06-15 08:00:00,37.923702239990234
srv-003,2017-06-15 09:00:00,36.99147415161133
srv-003,2017-06-15 10:00:00,41.22985076904297
srv-003,2017-06-15 11:00:00,41.46675491333008
srv-003,2017-06-15 12:00:00,44.812461853027344
srv-003,2017-06-15 13:00:00,42.45023727416992
srv-003,2017-06-15 14:00:00,44.600399017333984
srv-003,2017-06-15 15:00:00,46.23238754272461
srv-003,2017-06-15 16:00:00,37.582618713378906
srv-003,2017-06-15 17:00:00,41.11632537841797
srv-003,2017-06-15 18:00:00,38.16792297363281
srv-003,2017-06-15 19:00:00,41.236724853515625
srv-003,2017-06-15 20:00:00,41.7833366394043
srv-003,2017-06-15 21:00:00,44.96998977661133
srv-003,2017-06-15 22:00:00,36.68655776977539
srv-003,2017-06-15 23:00:00,38.89057540893555
srv-003,2017-06-16 00:00:00,35.76316452026367
srv-003,2017-06-16 01:00:00,40.41769790649414
srv-003,2017-06-16 02:00:00,34.746559143066406
srv-003,2017-06-16 03:00:00,38.58638000488281
srv-003,2017-06-16 04:00:00,39.289459228515625
srv-003,2017-06-16 05:00:00,35.01324462890625
srv-003,2017-06-16 06:00:00,36.888214111328125
srv-003,2017-06-16 07:00:00,33.31733703613281
srv-003,2017-06-16 08:00:00,33.56536102294922
srv-003,2017-06-16 09:00:00,33.46467590332031
srv-003,2017-06-16 10:00:00,33.987152099609375
srv-003,2017-06-16 11:00:00,36.96689987182617
srv-003,2017-06-16 12:00:00,37.52207565307617
srv-003,2017-06-16 13:00:00,38.8765754699707
srv-003,2017-06-16 14:00:00,36.48352813720703
srv-003,2017-06-16 15:00:00,39.61983871459961
srv-003,2017-06-16 16:00:00,32.691375732421875
srv-003,2017-06-16 17:00:00,36.279293060302734
srv-003,2017-06-16 18:00:00,35.49625015258789
srv-003,2017-06-16 19:00:00,35.390289306640625
srv-003,2017-06-16 20:00:00,36.683223724365234
srv-003,2017-06-16 21:00:00,37.088401794433594
srv-003,2017-06-16 22:00:00,37.57833480834961
srv-003,2017-06-16 23:00:00,41.17000961303711
srv-003,2017-06-17 00:00:00,35.75864028930664
srv-003,2017-06-17 01:00:00,35.28193283081055
srv-003,2017-06-17 02:00:00,36.93486404418945
srv-003,2017-06-17 03:00:00,36.348941802978516
srv-003,2017-06-17 04:00:00,42.27626037597656
srv-003,2017-06-17 05:00:00,44.65707015991211
srv-003,2017-06-17 06:00:00,46.00804138183594
srv-003,2017-06-17 07:00:00,36.70022964477539
srv-003,2017-06-17 08:00:00,36.99177932739258
srv-003,2017-06-17 09:00:00,33.52654266357422
srv-003,2017-06-17 10:00:00,35.68757629394531
srv-003,2017-06-17 11:00:00,34.505855560302734
srv-003,2017-06-17 12:00:00,36.25673294067383
srv-003,2017-06-17 13:00:00,37.230953216552734
srv-003,2017-06-17 14:00:00,43.10809326171875
srv-003,2017-06-17 15:00:00,42.51472473144531
srv-003,2017-06-17 16:00:00,41.11104202270508
srv-003,2017-06-17 17:00:00,46.86762619018555
srv-003,2017-06-17 18:00:00,45.72689437866211
srv-003,2017-06-17 19:00:00,37.279998779296875
srv-003,2017-06-17 20:00:00,37.798946380615234
srv-003,2017-06-17 21:00:00,35.10901641845703
srv-003,2017-06-17 22:00:00,40.894779205322266
srv-003,2017-06-17 23:00:00,39.24274444580078
srv-003,2017-06-18 00:00:00,39.9659538269043
srv-003,2017-06-18 01:00:00,41.167564392089844
srv-003,2017-06-18 02:00:00,41.05055618286133
srv-003,2017-06-18 03:00:00,40.20474624633789
srv-003,2017-06-18 04:00:00,36.30767059326172
srv-003,2017-06-18 05:00:00,36.4290657043457
srv-003,2017-06-18 06:00:00,37.776039123535156
srv-003,2017-06-18 07:00:00,35.69761276245117
srv-003,2017-06-18 08:00:00,35.59135818481445
srv-003,2017-06-18 09:00:00,37.004371643066406
srv-003,2017-06-18 10:00:00,35.25339126586914
srv-003,2017-06-18 11:00:00,42.684391021728516
srv-003,2017-06-18 12:00:00,42.12923812866211
srv-003,2017-06-18 13:00:00,38.65729522705078
srv-003,2017-06-18 14:00:00,39.164146423339844
srv-003,2017-06-18 15:00:00,43.999916076660156
srv-003,2017-06-18 16:00:00,41.0858268737793
srv-003,2017-06-18 17:00:00,40.345584869384766
srv-003,2017-06-18 18:00:00,37.83424377441406
srv-003,2017-06-18 19:00:00,36.21039581298828
srv-003,2017-06-18 20:00:00,38.607093811035156
srv-003,2017-06-18 21:00:00,41.42873764038086
srv-003,2017-06-18 22:00:00,37.4966926574707
srv-003,2017-06-18 23:00:00,42.90583419799805
srv-003,2017-06-19 00:00:00,38.294677734375
srv-003,2017-06-19 01:00:00,37.31585693359375
srv-003,2017-06-19 02:00:00,39.10569381713867
srv-003,2017-06-19 03:00:00,41.12792205810547
srv-003,2017-06-19 04:00:00,42.35658264160156
srv-003,2017-06-19 05:00:00,45.335853576660156
srv-003,2017-06-19 06:00:00,39.202754974365234
srv-003,2017-06-19 07:00:00,35.5226936340332
srv-003,2017-06-19 08:00:00,37.97562789916992
srv-003,2017-06-19 09:00:00,39.41837692260742
srv-003,2017-06-19 10:00:00,36.727779388427734
srv-003,2017-06-19 11:00:00,39.75197219848633
srv-003,2017-06-19 12:00:00,39.928321838378906
srv-003,2017-06-19 13:00:00,43.399776458740234
srv-003,2017-06-19 14:00:00,43.67184066772461
srv-003,2017-06-19 15:00:00,45.501853942871094
srv-003,2017-06-19 16:00:00,46.615623474121094
srv-003,2017-06-19 17:00:00,44.6302604675293
srv-003,2017-06-19 18:00:00,43.45515060424805
srv-003,2017-06-19 19:00:00,43.917930603027344
srv-003,2017-06-19 20:00:00,42.331687927246094
srv-003,2017-06-19 21:00:00,41.115543365478516
srv-003,2017-06-19 22:00:00,42.13737106323242
srv-003,2017-06-19 23:00:00,41.491249084472656
srv-003,2017-06-20 00:00:00,42.419315338134766
srv-003,2017-06-20 01:00:00,41.39926528930664
srv-003,2017-06-20 02:00:00,45.10498809814453
srv-003,2017-06-20 03:00:00,43.88874435424805
srv-003,2017-06-20 04:00:00,39.661834716796875
srv-003,2017-06-20 05:00:00,43.04255676269531
srv-003,2017-06-20 06:00:00,38.99018859863281
srv-003,2017-06-20 07:00:00,44.52882385253906
srv-003,2017-06-20 08:00:00,43.868221282958984
srv-003,2017-06-20 09:00:00,42.31020736694336
srv-003,2017-06-20 10:00:00,42.274932861328125
srv-003,2017-06-20 11:00:00,38.65802764892578
srv-003,2017-06-20 12:00:00,39.16619110107422
srv-003,2017-06-20 13:00:00,37.96040725708008
srv-003,2017-06-20 14:00:00,39.61259078979492
srv-003,2017-06-20 15:00:00,43.70036697387695
srv-003,2017-06-20 16:00:00,43.00312805175781
srv-003,2017-06-20 17:00:00,39.708492279052734
srv-003,2017-06-20 18:00:00,38.649452209472656
srv-003,2017-06-20 19:00:00,39.586177825927734
srv-003,2017-06-20 20:00:00,42.400291442871094
srv-003,2017-06-20 21:00:00,41.42355728149414
srv-003,2017-06-20 22:00:00,43.27262878417969
srv-003,2017-06-20 23:00:00,43.33182907104492
srv-003,2017-06-21 00:00:00,44.65026092529297
srv-003,2017-06-21 01:00:00,46.613548278808594
srv-003,2017-06-21 02:00:00,49.7042236328125
srv-003,2017-06-21 03:00:00,49.89134979248047
srv-003,2017-06-21 04:00:00,52.54689025878906
srv-003,2017-06-21 05:00:00,50.186832427978516
srv-003,2017-06-21 06:00:00,47.97023010253906
srv-003,2017-06-21 07:00:00,52.45833969116211
srv-003,2017-06-21 08:00:00,49.993587493896484
srv-003,2017-06-21 09:00:00,40.44296646118164
srv-003,2017-06-21 10:00:00,40.749446868896484
srv-003,2017-06-21 11:00:00,41.264434814453125
srv-003,2017-06-21 12:00:00,40.95345687866211
srv-003,2017-06-21 13:00:00,39.35783004760742
srv-003,2017-06-21 14:00:00,35.734745025634766
srv-003,2017-06-21 15:00:00,38.34694290161133
srv-003,2017-06-21 16:00:00,42.70510482788086
srv-003,2017-06-21 17:00:00,42.78672790527344
srv-003,2017-06-21 18:00:00,41.24396896362305
srv-003,2017-06-21 19:00:00,38.9734001159668
srv-003,2017-06-21 20:00:00,39.658992767333984
srv-003,2017-06-21 21:00:00,43.0299072265625
srv-003,2017-06-21 22:00:00,41.61258316040039
srv-003,2017-06-21 23:00:00,42.06730651855469
srv-003,2017-06-22 00:00:00,46.508705139160156
srv-003,2017-06-22 01:00:00,42.24418258666992
srv-003,2017-06-22 02:00:00,44.44710922241211
srv-003,2017-06-22 03:00:00,42.99989700317383
srv-003,2017-06-22 04:00:00,47.734825134277344
srv-003,2017-06-22 05:00:00,48.76179885864258
srv-003,2017-06-22 06:00:00,52.566619873046875
srv-003,2017-06-22 07:00:00,50.64424514770508
srv-003,2017-06-22 08:00:00,43.70649719238281
srv-003,2017-06-22 09:00:00,45.32311248779297
srv-003,2017-06-22 10:00:00,46.720611572265625
srv-003,2017-06-22 11:00:00,45.997467041015625
srv-003,2017-06-22 12:00:00,39.920963287353516
srv-003,2017-06-22 13:00:00,43.924110412597656
srv-003,2017-06-22 14:00:00,41.45492935180664
srv-003,2017-06-22 15:00:00,39.71540069580078
srv-003,2017-06-22 16:00:00,40.59560775756836
srv-003,2017-06-22 17:00:00,39.2737922668457
srv-003,2017-06-22 18:00:00,38.33652114868164
srv-003,2017-06-22 19:00:00,36.9338493347168
srv-003,2017-06-22 20:00:00,41.25973129272461
srv-003,2017-06-22 21:00:00,44.08735275268555
srv-003,2017-06-22 22:00:00,46.902278900146484
srv-003,2017-06-22 23:00:00,49.58036422729492
srv-003,2017-06-23 00:00:00,38.74674606323242
srv-003,2017-06-23 01:00:00,43.56514358520508
srv-003,2017-06-23 02:00:00,39.47737121582031
srv-003,2017-06-23 03:00:00,44.63142395019531
srv-003,2017-06-23 04:00:00,44.67993927001953
srv-003,2017-06-23 05:00:00,41.241275787353516
srv-003,2017-06-23 06:00:00,39.60322952270508
srv-003,2017-06-23 07:00:00,36.078697204589844
srv-003,2017-06-23 08:00:00,36.24764633178711
srv-003,2017-06-23 09:00:00,33.916358947753906
srv-003,2017-06-23 10:00:00,33.716861724853516
srv-003,2017-06-23 11:00:00,32.34016418457031
srv-003,2017-06-23 12:00:00,30.427387237548828
srv-003,2017-06-23 13:00:00,32.29960632324219
srv-003,2017-06-23 14:00:00,34.78253936767578
srv-003,2017-06-23 15:00:00,35.04799270629883
srv-003,2017-06-23 16:00:00,36.69090270996094
srv-003,2017-06-23 17:00:00,38.881591796875
srv-003,2017-06-23 18:00:00,40.93841552734375
srv-003,2017-06-23 19:00:00,36.7772216796875
srv-003,2017-06-23 20:00:00,37.451168060302734
srv-003,2017-06-23 21:00:00,37.6136360168457
srv-003,2017-06-23 22:00:00,39.86057662963867
srv-003,2017-06-23 23:00:00,41.361656188964844
srv-003,2017-06-24 00:00:00,40.792640686035156
srv-003,2017-06-24 01:00:00,38.64049530029297
srv-003,2017-06-24 02:00:00,36.083133697509766
srv-003,2017-06-24 03:00:00,34.913246154785156
srv-003,2017-06-24 04:00:00,38.8335075378418
srv-003,2017-06-24 05:00:00,37.03053283691406
srv-003,2017-06-24 06:00:00,33.115909576416016
srv-003,2017-06-24 07:00:00,32.30145263671875
srv-003,2017-06-24 08:00:00,32.257328033447266
srv-003,2017-06-24 09:00:00,31.785512924194336
srv-003,2017-06-24 10:00:00,33.61478805541992
srv-003,2017-06-24 11:00:00,35.921688079833984
srv-003,2017-06-24 12:00:00,38.646541595458984
srv-003,2017-06-24 13:00:00,35.21906661987305
srv-003,2017-06-24 14:00:00,42.040462493896484
srv-003,2017-06-24 15:00:00,37.78931427001953
srv-003,2017-06-24 16:00:00,43.81117248535156
srv-003,2017-06-24 17:00:00,45.279476165771484
srv-003,2017-06-24 18:00:00,41.17524337768555
srv-003,2017-06-24 19:00:00,43.115238189697266
srv-003,2017-06-24 20:00:00,39.138431549072266
srv-003,2017-06-24 21:00:00,45.41867446899414
srv-003,2017-06-24 22:00:00,39.67990493774414
srv-003,2017-06-24 23:00:00,42.695743560791016
srv-003,2017-06-25 00:00:00,38.51106262207031
srv-003,2017-06-25 01:00:00,38.53977584838867
srv-003,2017-06-25 02:00:00,38.500526428222656
srv-003,2017-06-25 03:00:00,41.46922302246094
srv-003,2017-06-25 04:00:00,40.14106369018555
srv-003,2017-06-25 05:00:00,40.167484283447266
srv-003,2017-06-25 06:00:00,36.322208404541016
srv-003,2017-06-25 07:00:00,34.262977600097656
srv-003,2017-06-25 08:00:00,31.37774658203125
srv-003,2017-06-25 09:00:00,30.910673141479492
srv-003,2017-06-25 10:00:00,36.580562591552734
srv-003,2017-06-25 11:00:00,36.154109954833984
srv-003,2017-06-25 12:00:00,37.68843460083008
srv-003,2017-06-25 13:00:00,35.527156829833984
srv-003,2017-06-25 14:00:00,39.744503021240234
srv-003,2017-06-25 15:00:00,40.855960845947266
srv-003,2017-06-25 16:00:00,40.91606140136719
srv-003,2017-06-25 17:00:00,38.16482925415039
srv-003,2017-06-25 18:00:00,40.5903434753418
srv-003,2017-06-25 19:00:00,43.93153762817383
srv-003,2017-06-25 20:00:00,46.07380294799805
srv-003,2017-06-25 21:00:00,36.96345138549805
srv-003,2017-06-25 22:00:00,35.32986831665039
srv-003,2017-06-25 23:00:00,34.73286056518555
srv-003,2017-06-26 00:00:00,36.74042892456055
srv-003,2017-06-26 01:00:00,31.29948616027832
srv-003,2017-06-26 02:00:00,32.95158386230469
srv-003,2017-06-26 03:00:00,36.98262023925781
srv-003,2017-06-26 04:00:00,36.969818115234375
srv-003,2017-06-26 05:00:00,36.3235969543457
srv-003,2017-06-26 06:00:00,34.25910949707031
srv-003,2017-06-26 07:00:00,36.872196197509766
srv-003,2017-06-26 08:00:00,37.87039566040039
srv-003,2017-06-26 09:00:00,32.111183166503906
srv-003,2017-06-26 10:00:00,37.67387771606445
srv-003,2017-06-26 11:00:00,36.35082244873047
srv-003,2017-06-26 12:00:00,37.94070053100586
srv-003,2017-06-26 13:00:00,38.42856216430664
srv-003,2017-06-26 14:00:00,41.35768127441406
srv-003,2017-06-26 15:00:00,43.1811637878418
srv-003,2017-06-26 16:00:00,40.25807571411133
srv-003,2017-06-26 17:00:00,42.68625259399414
srv-003,2017-06-26 18:00:00,43.26051330566406
srv-003,2017-06-26 19:00:00,43.72999572753906
srv-003,2017-06-26 20:00:00,39.5826301574707
srv-003,2017-06-26 21:00:00,40.8018913269043
srv-003,2017-06-26 22:00:00,39.33746337890625
srv-003,2017-06-26 23:00:00,40.05278015136719
srv-003,2017-06-27 00:00:00,41.52662658691406
srv-003,2017-06-27 01:00:00,41.989749908447266
srv-003,2017-06-27 02:00:00,45.94501876831055
srv-003,2017-06-27 03:00:00,45.35611343383789
srv-003,2017-06-27 04:00:00,49.5637092590332
srv-003,2017-06-27 05:00:00,51.172428131103516
srv-003,2017-06-27 06:00:00,49.30705261230469
srv-003,2017-06-27 07:00:00,45.25672912597656
srv-003,2017-06-27 08:00:00,41.13425827026367
srv-003,2017-06-27 09:00:00,45.41425323486328
srv-003,2017-06-27 10:00:00,44.834651947021484
srv-003,2017-06-27 11:00:00,43.65796661376953
srv-003,2017-06-27 12:00:00,44.71171188354492
srv-003,2017-06-27 13:00:00,45.588417053222656
srv-003,2017-06-27 14:00:00,45.57906723022461
srv-003,2017-06-27 15:00:00,48.098751068115234
srv-003,2017-06-27 16:00:00,40.302433013916016
srv-003,2017-06-27 17:00:00,44.61740493774414
srv-003,2017-06-27 18:00:00,47.14767074584961
srv-003,2017-06-27 19:00:00,42.15713882446289
srv-003,2017-06-27 20:00:00,39.349422454833984
srv-003,2017-06-27 21:00:00,40.527400970458984
srv-003,2017-06-27 22:00:00,43.54856491088867
srv-003,2017-06-27 23:00:00,40.48511505126953
srv-003,2017-06-28 00:00:00,39.28684616088867
srv-003,2017-06-28 01:00:00,38.93593215942383
srv-003,2017-06-28 02:00:00,40.136329650878906
srv-003,2017-06-28 03:00:00,40.798885345458984
srv-003,2017-06-28 04:00:00,44.893394470214844
srv-003,2017-06-28 05:00:00,39.17673110961914
srv-003,2017-06-28 06:00:00,40.008888244628906
srv-003,2017-06-28 07:00:00,42.94575119018555
srv-003,2017-06-28 08:00:00,40.07759475708008
srv-003,2017-06-28 09:00:00,42.515933990478516
srv-003,2017-06-28 10:00:00,39.347747802734375
srv-003,2017-06-28 11:00:00,38.65194320678711
srv-003,2017-06-28 12:00:00,43.664676666259766
srv-003,2017-06-28 13:00:00,38.42326736450195
srv-003,2017-06-28 14:00:00,40.112667083740234
srv-003,2017-06-28 15:00:00,41.40667724609375
srv-003,2017-06-28 16:00:00,43.30795669555664
srv-003,2017-06-28 17:00:00,43.33224105834961
srv-003,2017-06-28 18:00:00,40.716270446777344
srv-003,2017-06-28 19:00:00,41.83204650878906
srv-003,2017-06-28 20:00:00,39.133724212646484
srv-003,2017-06-28 21:00:00,42.50705337524414
srv-003,2017-06-28 22:00:00,44.28592300415039
srv-003,2017-06-28 23:00:00,39.43787384033203
srv-003,2017-06-29 00:00:00,42.08802032470703
srv-003,2017-06-29 01:00:00,46.79985427856445
srv-003,2017-06-29 02:00:00,47.6536865234375
srv-003,2017-06-29 03:00:00,45.63080596923828
srv-003,2017-06-29 04:00:00,49.264347076416016
srv-003,2017-06-29 05:00:00,48.3347053527832
srv-003,2017-06-29 06:00:00,40.67878723144531
srv-003,2017-06-29 07:00:00,44.55390167236328
srv-003,2017-06-29 08:00:00,47.103092193603516
srv-003,2017-06-29 09:00:00,48.28738784790039
srv-003,2017-06-29 10:00:00,48.05927276611328
srv-003,2017-06-29 11:00:00,41.44905471801758
srv-003,2017-06-29 12:00:00,39.6632194519043
srv-003,2017-06-29 13:00:00,39.17646026611328
srv-003,2017-06-29 14:00:00,36.674652099609375
srv-003,2017-06-29 15:00:00,38.7432975769043
srv-003,2017-06-29 16:00:00,39.77574920654297
srv-003,2017-06-29 17:00:00,39.25376510620117
srv-003,2017-06-29 18:00:00,36.97014617919922
srv-003,2017-06-29 19:00:00,37.017818450927734
srv-003,2017-06-29 20:00:00,37.15695571899414
srv-003,2017-06-29 21:00:00,37.61483383178711
srv-003,2017-06-29 22:00:00,38.26529312133789
srv-003,2017-06-29 23:00:00,37.48464584350586
srv-003,2017-06-30 00:00:00,38.803218841552734
srv-003,2017-06-30 01:00:00,43.07099914550781
srv-003,2017-06-30 02:00:00,39.95051956176758
srv-003,2017-06-30 03:00:00,42.52693557739258
srv-003,2017-06-30 04:00:00,41.60173416137695
srv-003,2017-06-30 05:00:00,38.78110885620117
srv-003,2017-06-30 06:00:00,40.682899475097656
srv-003,2017-06-30 07:00:00,37.176509857177734
srv-003,2017-06-30 08:00:00,36.391658782958984
srv-003,2017-06-30 09:00:00,39.80040740966797
srv-003,2017-06-30 10:00:00,36.41606903076172
srv-003,2017-06-30 11:00:00,37.78316879272461
srv-003,2017-06-30 12:00:00,35.02324295043945
srv-003,2017-06-30 13:00:00,40.126312255859375
srv-003,2017-06-30 14:00:00,40.587589263916016
srv-003,2017-06-30 15:00:00,43.98055648803711
srv-003,2017-06-30 16:00:00,45.017784118652344
srv-003,2017-06-30 17:00:00,45.40253829956055
srv-003,2017-06-30 18:00:00,44.61640167236328
srv-003,2017-06-30 19:00:00,39.0621223449707
srv-003,2017-06-30 20:00:00,43.28077697753906
srv-003,2017-06-30 21:00:00,42.8465690612793
srv-003,2017-06-30 22:00:00,38.47761535644531
srv-003,2017-06-30 23:00:00,34.98749542236328
srv-004,2017-06-01 23:00:00,51.500919342041016
srv-004,2017-06-02 00:00:00,53.39213180541992
srv-004,2017-06-02 01:00:00,55.95188903808594
srv-004,2017-06-02 02:00:00,58.09486770629883
srv-004,2017-06-02 03:00:00,56.703678131103516
srv-004,2017-06-02 04:00:00,61.13240051269531
srv-004,2017-06-02 05:00:00,59.67023849487305
srv-004,2017-06-02 06:00:00,58.273014068603516
srv-004,2017-06-02 07:00:00,58.64506149291992
srv-004,2017-06-02 08:00:00,55.79612350463867
srv-004,2017-06-02 09:00:00,60.32621383666992
srv-004,2017-06-02 10:00:00,62.0263557434082
srv-004,2017-06-02 11:00:00,65.54376220703125
srv-004,2017-06-02 12:00:00,69.20699310302734
srv-004,2017-06-02 13:00:00,66.69126892089844
srv-004,2017-06-02 14:00:00,65.94876861572266
srv-004,2017-06-02 15:00:00,58.14419174194336
srv-004,2017-06-02 16:00:00,58.28303146362305
srv-004,2017-06-02 17:00:00,63.74703598022461
srv-004,2017-06-02 18:00:00,61.87419891357422
srv-004,2017-06-02 19:00:00,62.788204193115234
srv-004,2017-06-02 20:00:00,63.49294662475586
srv-004,2017-06-02 21:00:00,52.1876335144043
srv-004,2017-06-02 22:00:00,56.10493850708008
srv-004,2017-06-02 23:00:00,57.63433074951172
srv-004,2017-06-03 00:00:00,63.3299560546875
srv-004,2017-06-03 01:00:00,61.929805755615234
srv-004,2017-06-03 02:00:00,59.21016311645508
srv-004,2017-06-03 03:00:00,60.1500358581543
srv-004,2017-06-03 04:00:00,57.982608795166016
srv-004,2017-06-03 05:00:00,64.2177505493164
srv-004,2017-06-03 06:00:00,64.82730102539062
srv-004,2017-06-03 07:00:00,66.77326965332031
srv-004,2017-06-03 08:00:00,68.45582580566406
srv-004,2017-06-03 09:00:00,63.92268753051758
srv-004,2017-06-03 10:00:00,64.23335266113281
srv-004,2017-06-03 11:00:00,67.39405059814453
srv-004,2017-06-03 12:00:00,69.67261505126953
srv-004,2017-06-03 13:00:00,71.04103088378906
srv-004,2017-06-03 14:00:00,66.0020523071289
srv-004,2017-06-03 15:00:00,68.76428985595703
srv-004,2017-06-03 16:00:00,67.87994384765625
srv-004,2017-06-03 17:00:00,61.109619140625
srv-004,2017-06-03 18:00:00,61.09059524536133
srv-004,2017-06-03 19:00:00,63.35141372680664
srv-004,2017-06-03 20:00:00,62.61130905151367
srv-004,2017-06-03 21:00:00,62.17841720581055
srv-004,2017-06-03 22:00:00,59.29130554199219
srv-004,2017-06-03 23:00:00,64.46163177490234
srv-004,2017-06-04 00:00:00,66.82502746582031
srv-004,2017-06-04 01:00:00,64.10113525390625
srv-004,2017-06-04 02:00:00,67.87678527832031
srv-004,2017-06-04 03:00:00,68.99337005615234
srv-004,2017-06-04 04:00:00,64.45675659179688
srv-004,2017-06-04 05:00:00,62.4500732421875
srv-004,2017-06-04 06:00:00,66.75653076171875
srv-004,2017-06-04 07:00:00,64.61668395996094
srv-004,2017-06-04 08:00:00,63.428707122802734
srv-004,2017-06-04 09:00:00,63.66504669189453
srv-004,2017-06-04 10:00:00,63.231712341308594
srv-004,2017-06-04 11:00:00,66.56622314453125
srv-004,2017-06-04 12:00:00,65.29515838623047
srv-004,2017-06-04 13:00:00,66.19617462158203
srv-004,2017-06-04 14:00:00,69.4658432006836
srv-004,2017-06-04 15:00:00,66.81082916259766
srv-004,2017-06-04 16:00:00,63.93939208984375
srv-004,2017-06-04 17:00:00,61.22024154663086
srv-004,2017-06-04 18:00:00,65.07777404785156
srv-004,2017-06-04 19:00:00,65.44710540771484
srv-004,2017-06-04 20:00:00,60.470890045166016
srv-004,2017-06-04 21:00:00,63.3088264465332
srv-004,2017-06-04 22:00:00,59.04235076904297
srv-004,2017-06-04 23:00:00,62.23042297363281
srv-004,2017-06-05 00:00:00,62.64601135253906
srv-004,2017-06-05 01:00:00,63.25905990600586
srv-004,2017-06-05 02:00:00,61.37911605834961
srv-004,2017-06-05 03:00:00,57.8212776184082
srv-004,2017-06-05 04:00:00,60.136844635009766
srv-004,2017-06-05 05:00:00,65.22642517089844
srv-004,2017-06-05 06:00:00,61.00800323486328
srv-004,2017-06-05 07:00:00,59.172855377197266
srv-004,2017-06-05 08:00:00,66.58590698242188
srv-004,2017-06-05 09:00:00,60.848995208740234
srv-004,2017-06-05 10:00:00,62.959774017333984
srv-004,2017-06-05 11:00:00,63.60737228393555
srv-004,2017-06-05 12:00:00,69.50504302978516
srv-004,2017-06-05 13:00:00,64.50159454345703
srv-004,2017-06-05 14:00:00,64.15458679199219
srv-004,2017-06-05 15:00:00,59.43633270263672
srv-004,2017-06-05 16:00:00,68.39628601074219
srv-004,2017-06-05 17:00:00,66.54387664794922
srv-004,2017-06-05 18:00:00,62.87665557861328
srv-004,2017-06-05 19:00:00,59.57472610473633
srv-004,2017-06-05 20:00:00,60.224212646484375
srv-004,2017-06-05 21:00:00,64.09586334228516
srv-004,2017-06-05 22:00:00,63.822200775146484
srv-004,2017-06-05 23:00:00,61.8421516418457
srv-004,2017-06-06 00:00:00,59.944664001464844
srv-004,2017-06-06 01:00:00,53.52798080444336
srv-004,2017-06-06 02:00:00,51.91582107543945
srv-004,2017-06-06 03:00:00,59.3349494934082
srv-004,2017-06-06 04:00:00,57.927406311035156
srv-004,2017-06-06 05:00:00,60.43947982788086
srv-004,2017-06-06 06:00:00,59.129764556884766
srv-004,2017-06-06 07:00:00,60.27723693847656
srv-004,2017-06-06 08:00:00,61.31182861328125
srv-004,2017-06-06 09:00:00,64.21215057373047
srv-004,2017-06-06 10:00:00,63.27824783325195
srv-004,2017-06-06 11:00:00,61.201656341552734
srv-004,2017-06-06 12:00:00,60.575496673583984
srv-004,2017-06-06 13:00:00,63.23098373413086
srv-004,2017-06-06 14:00:00,63.09409713745117
srv-004,2017-06-06 15:00:00,68.140869140625
srv-004,2017-06-06 16:00:00,68.25320434570312
srv-004,2017-06-06 17:00:00,70.22065734863281
srv-004,2017-06-06 18:00:00,72.06073760986328
srv-004,2017-06-06 19:00:00,75.419189453125
srv-004,2017-06-06 20:00:00,69.53543090820312
srv-004,2017-06-06 21:00:00,68.89989471435547
srv-004,2017-06-06 22:00:00,70.68156433105469
srv-004,2017-06-06 23:00:00,71.82553100585938
srv-004,2017-06-07 00:00:00,74.47718811035156
srv-004,2017-06-07 01:00:00,75.7410888671875
srv-004,2017-06-07 02:00:00,76.82640075683594
srv-004,2017-06-07 03:00:00,77.75857543945312
srv-004,2017-06-07 04:00:00,71.23377990722656
srv-004,2017-06-07 05:00:00,68.97471618652344
srv-004,2017-06-07 06:00:00,69.63414001464844
srv-004,2017-06-07 07:00:00,68.53594970703125
srv-004,2017-06-07 08:00:00,64.72089385986328
srv-004,2017-06-07 09:00:00,63.075870513916016
srv-004,2017-06-07 10:00:00,63.46927261352539
srv-004,2017-06-07 11:00:00,57.912715911865234
srv-004,2017-06-07 12:00:00,60.22496795654297
srv-004,2017-06-07 13:00:00,64.06930541992188
srv-004,2017-06-07 14:00:00,64.5274887084961
srv-004,2017-06-07 15:00:00,66.44853973388672
srv-004,2017-06-07 16:00:00,68.54446411132812
srv-004,2017-06-07 17:00:00,68.19424438476562
srv-004,2017-06-07 18:00:00,67.00542449951172
srv-004,2017-06-07 19:00:00,70.21456909179688
srv-004,2017-06-07 20:00:00,71.37541961669922
srv-004,2017-06-07 21:00:00,70.51287078857422
srv-004,2017-06-07 22:00:00,68.75938415527344
srv-004,2017-06-07 23:00:00,71.74244689941406
srv-004,2017-06-08 00:00:00,73.49738311767578
srv-004,2017-06-08 01:00:00,69.67101287841797
srv-004,2017-06-08 02:00:00,66.0367660522461
srv-004,2017-06-08 03:00:00,68.15230560302734
srv-004,2017-06-08 04:00:00,63.86017608642578
srv-004,2017-06-08 05:00:00,66.34115600585938
srv-004,2017-06-08 06:00:00,68.03929138183594
srv-004,2017-06-08 07:00:00,64.76435089111328
srv-004,2017-06-08 08:00:00,67.95655059814453
srv-004,2017-06-08 09:00:00,70.22662353515625
srv-004,2017-06-08 10:00:00,68.69274139404297
srv-004,2017-06-08 11:00:00,71.3520736694336
srv-004,2017-06-08 12:00:00,68.32701873779297
srv-004,2017-06-08 13:00:00,72.69337463378906
srv-004,2017-06-08 14:00:00,65.60430145263672
srv-004,2017-06-08 15:00:00,66.94960021972656
srv-004,2017-06-08 16:00:00,70.76805114746094
srv-004,2017-06-08 17:00:00,66.20783996582031
srv-004,2017-06-08 18:00:00,64.53494262695312
srv-004,2017-06-08 19:00:00,68.74591064453125
srv-004,2017-06-08 20:00:00,69.89818572998047
srv-004,2017-06-08 21:00:00,69.56639099121094
srv-004,2017-06-08 22:00:00,70.18905639648438
srv-004,2017-06-08 23:00:00,62.50092697143555
srv-004,2017-06-09 00:00:00,64.47150421142578
srv-004,2017-06-09 01:00:00,61.83417510986328
srv-004,2017-06-09 02:00:00,60.37485885620117
srv-004,2017-06-09 03:00:00,57.34262466430664
srv-004,2017-06-09 04:00:00,60.12209701538086
srv-004,2017-06-09 05:00:00,58.9570426940918
srv-004,2017-06-09 06:00:00,67.12718963623047
srv-004,2017-06-09 07:00:00,65.62602233886719
srv-004,2017-06-09 08:00:00,66.28417205810547
srv-004,2017-06-09 09:00:00,64.75678253173828
srv-004,2017-06-09 10:00:00,59.09588623046875
srv-004,2017-06-09 11:00:00,61.052066802978516
srv-004,2017-06-09 12:00:00,63.446807861328125
srv-004,2017-06-09 13:00:00,64.67622375488281
srv-004,2017-06-09 14:00:00,64.48133087158203
srv-004,2017-06-09 15:00:00,68.13019561767578
srv-004,2017-06-09 16:00:00,63.69509506225586
srv-004,2017-06-09 17:00:00,62.79264831542969
srv-004,2017-06-09 18:00:00,57.45168685913086
srv-004,2017-06-09 19:00:00,54.79072570800781
srv-004,2017-06-09 20:00:00,58.095191955566406
srv-004,2017-06-09 21:00:00,57.820411682128906
srv-004,2017-06-09 22:00:00,58.3544807434082
srv-004,2017-06-09 23:00:00,53.72373962402344
srv-004,2017-06-10 00:00:00,60.585628509521484
srv-004,2017-06-10 01:00:00,62.46015167236328
srv-004,2017-06-10 02:00:00,59.805110931396484
srv-004,2017-06-10 03:00:00,62.13315963745117
srv-004,2017-06-10 04:00:00,62.89244842529297
srv-004,2017-06-10 05:00:00,66.48685455322266
srv-004,2017-06-10 06:00:00,66.37533569335938
srv-004,2017-06-10 07:00:00,69.21508026123047
srv-004,2017-06-10 08:00:00,71.81693267822266
srv-004,2017-06-10 09:00:00,70.89019012451172
srv-004,2017-06-10 10:00:00,71.81350708007812
srv-004,2017-06-10 11:00:00,65.78886413574219
srv-004,2017-06-10 12:00:00,64.10751342773438
srv-004,2017-06-10 13:00:00,68.99237823486328
srv-004,2017-06-10 14:00:00,70.17410278320312
srv-004,2017-06-10 15:00:00,74.1558837890625
srv-004,2017-06-10 16:00:00,72.820556640625
srv-004,2017-06-10 17:00:00,62.66688919067383
srv-004,2017-06-10 18:00:00,65.63761901855469
srv-004,2017-06-10 19:00:00,63.40785217285156
srv-004,2017-06-10 20:00:00,65.11006164550781
srv-004,2017-06-10 21:00:00,63.867897033691406
srv-004,2017-06-10 22:00:00,56.468868255615234
srv-004,2017-06-10 23:00:00,59.115482330322266
srv-004,2017-06-11 00:00:00,62.43045425415039
srv-004,2017-06-11 01:00:00,62.74016571044922
srv-004,2017-06-11 02:00:00,63.18910598754883
srv-004,2017-06-11 03:00:00,66.88829803466797
srv-004,2017-06-11 04:00:00,66.69225311279297
srv-004,2017-06-11 05:00:00,67.70477294921875
srv-004,2017-06-11 06:00:00,64.3946762084961
srv-004,2017-06-11 07:00:00,62.131446838378906
srv-004,2017-06-11 08:00:00,68.7237548828125
srv-004,2017-06-11 09:00:00,69.35287475585938
srv-004,2017-06-11 10:00:00,65.75481414794922
srv-004,2017-06-11 11:00:00,64.46562957763672
srv-004,2017-06-11 12:00:00,64.45452117919922
srv-004,2017-06-11 13:00:00,57.48027420043945
srv-004,2017-06-11 14:00:00,61.242942810058594
srv-004,2017-06-11 15:00:00,63.87063217163086
srv-004,2017-06-11 16:00:00,65.11389923095703
srv-004,2017-06-11 17:00:00,65.60604095458984
srv-004,2017-06-11 18:00:00,64.67058563232422
srv-004,2017-06-11 19:00:00,66.42915344238281
srv-004,2017-06-11 20:00:00,62.485626220703125
srv-004,2017-06-11 21:00:00,60.16666030883789
srv-004,2017-06-11 22:00:00,63.7114143371582
srv-004,2017-06-11 23:00:00,64.50164794921875
srv-004,2017-06-12 00:00:00,65.68505859375
srv-004,2017-06-12 01:00:00,64.38002014160156
srv-004,2017-06-12 02:00:00,66.41178894042969
srv-004,2017-06-12 03:00:00,71.95523071289062
srv-004,2017-06-12 04:00:00,64.988037109375
srv-004,2017-06-12 05:00:00,67.29461669921875
srv-004,2017-06-12 06:00:00,65.66006469726562
srv-004,2017-06-12 07:00:00,62.61970138549805
srv-004,2017-06-12 08:00:00,66.32923126220703
srv-004,2017-06-12 09:00:00,65.77176666259766
srv-004,2017-06-12 10:00:00,68.02093505859375
srv-004,2017-06-12 11:00:00,64.38186645507812
srv-004,2017-06-12 12:00:00,65.63471221923828
srv-004,2017-06-12 13:00:00,66.28472900390625
srv-004,2017-06-12 14:00:00,69.1375503540039
srv-004,2017-06-12 15:00:00,67.17823791503906
srv-004,2017-06-12 16:00:00,70.97087097167969
srv-004,2017-06-12 17:00:00,71.71540832519531
srv-004,2017-06-12 18:00:00,74.48075103759766
srv-004,2017-06-12 19:00:00,70.19561767578125
srv-004,2017-06-12 20:00:00,67.11196899414062
srv-004,2017-06-12 21:00:00,64.56707000732422
srv-004,2017-06-12 22:00:00,64.50870513916016
srv-004,2017-06-12 23:00:00,62.55332565307617
srv-004,2017-06-13 00:00:00,62.13581085205078
srv-004,2017-06-13 01:00:00,60.8512077331543
srv-004,2017-06-13 02:00:00,67.40431213378906
srv-004,2017-06-13 03:00:00,66.38897705078125
srv-004,2017-06-13 04:00:00,63.865299224853516
srv-004,2017-06-13 05:00:00,68.59419250488281
srv-004,2017-06-13 06:00:00,68.05758666992188
srv-004,2017-06-13 07:00:00,62.78232955932617
srv-004,2017-06-13 08:00:00,66.44158935546875
srv-004,2017-06-13 09:00:00,68.61672973632812
srv-004,2017-06-13 10:00:00,63.99123764038086
srv-004,2017-06-13 11:00:00,61.992488861083984
srv-004,2017-06-13 12:00:00,61.87763595581055
srv-004,2017-06-13 13:00:00,66.76758575439453
srv-004,2017-06-13 14:00:00,69.42970275878906
srv-004,2017-06-13 15:00:00,70.6407241821289
srv-004,2017-06-13 16:00:00,68.15281677246094
srv-004,2017-06-13 17:00:00,69.16700744628906
srv-004,2017-06-13 18:00:00,64.00098419189453
srv-004,2017-06-13 19:00:00,67.15614318847656
srv-004,2017-06-13 20:00:00,63.61478042602539
srv-004,2017-06-13 21:00:00,64.37167358398438
srv-004,2017-06-13 22:00:00,64.095458984375
srv-004,2017-06-13 23:00:00,61.7030143737793
srv-004,2017-06-14 00:00:00,59.68606948852539
srv-004,2017-06-14 01:00:00,62.94725036621094
srv-004,2017-06-14 02:00:00,60.55960464477539
srv-004,2017-06-14 03:00:00,60.053306579589844
srv-004,2017-06-14 04:00:00,58.72465133666992
srv-004,2017-06-14 05:00:00,64.67688751220703
srv-004,2017-06-14 06:00:00,63.02498245239258
srv-004,2017-06-14 07:00:00,69.05076599121094
srv-004,2017-06-14 08:00:00,68.87144470214844
srv-004,2017-06-14 09:00:00,70.90774536132812
srv-004,2017-06-14 10:00:00,70.75180053710938
srv-004,2017-06-14 11:00:00,71.34324645996094
srv-004,2017-06-14 12:00:00,72.3310546875
srv-004,2017-06-14 13:00:00,69.85800170898438
srv-004,2017-06-14 14:00:00,70.58871459960938
srv-004,2017-06-14 15:00:00,70.34490966796875
srv-004,2017-06-14 16:00:00,67.6590347290039
srv-004,2017-06-14 17:00:00,65.42105865478516
srv-004,2017-06-14 18:00:00,63.09379196166992
srv-004,2017-06-14 19:00:00,66.77911376953125
srv-004,2017-06-14 20:00:00,61.926937103271484
srv-004,2017-06-14 21:00:00,66.7296142578125
srv-004,2017-06-14 22:00:00,68.83741760253906
srv-004,2017-06-14 23:00:00,70.40069580078125
srv-004,2017-06-15 00:00:00,70.36054992675781
srv-004,2017-06-15 01:00:00,66.28279113769531
srv-004,2017-06-15 02:00:00,61.9575080871582
srv-004,2017-06-15 03:00:00,63.04030227661133
srv-004,2017-06-15 04:00:00,63.375885009765625
srv-004,2017-06-15 05:00:00,58.08762741088867
srv-004,2017-06-15 06:00:00,59.90556716918945
srv-004,2017-06-15 07:00:00,59.58712387084961
srv-004,2017-06-15 08:00:00,65.60902404785156
srv-004,2017-06-15 09:00:00,66.1174087524414
srv-004,2017-06-15 10:00:00,68.41011047363281
srv-004,2017-06-15 11:00:00,68.78410339355469
srv-004,2017-06-15 12:00:00,68.24433135986328
srv-004,2017-06-15 13:00:00,70.9757080078125
srv-004,2017-06-15 14:00:00,70.89910125732422
srv-004,2017-06-15 15:00:00,70.66313171386719
srv-004,2017-06-15 16:00:00,65.45428466796875
srv-004,2017-06-15 17:00:00,68.35023498535156
srv-004,2017-06-15 18:00:00,64.97563171386719
srv-004,2017-06-15 19:00:00,58.92824172973633
srv-004,2017-06-15 20:00:00,64.6644058227539
srv-004,2017-06-15 21:00:00,55.938350677490234
srv-004,2017-06-15 22:00:00,55.73472213745117
srv-004,2017-06-15 23:00:00,61.389549255371094
srv-004,2017-06-16 00:00:00,63.55472183227539
srv-004,2017-06-16 01:00:00,64.64408111572266
srv-004,2017-06-16 02:00:00,61.0369758605957
srv-004,2017-06-16 03:00:00,59.285091400146484
srv-004,2017-06-16 04:00:00,61.87163162231445
srv-004,2017-06-16 05:00:00,60.0672721862793
srv-004,2017-06-16 06:00:00,55.77912521362305
srv-004,2017-06-16 07:00:00,51.34447479248047
srv-004,2017-06-16 08:00:00,53.54084396362305
srv-004,2017-06-16 09:00:00,54.98955154418945
srv-004,2017-06-16 10:00:00,59.80443572998047
srv-004,2017-06-16 11:00:00,59.18344497680664
srv-004,2017-06-16 12:00:00,60.73026657104492
srv-004,2017-06-16 13:00:00,60.675106048583984
srv-004,2017-06-16 14:00:00,62.198875427246094
srv-004,2017-06-16 15:00:00,68.51567077636719
srv-004,2017-06-16 16:00:00,62.81319046020508
srv-004,2017-06-16 17:00:00,65.27246856689453
srv-004,2017-06-16 18:00:00,61.957332611083984
srv-004,2017-06-16 19:00:00,56.31464767456055
srv-004,2017-06-16 20:00:00,54.08951950073242
srv-004,2017-06-16 21:00:00,46.9653205871582
srv-004,2017-06-16 22:00:00,48.28950881958008
srv-004,2017-06-16 23:00:00,42.98452377319336
srv-004,2017-06-17 00:00:00,48.47195053100586
srv-004,2017-06-17 01:00:00,53.38493728637695
srv-004,2017-06-17 02:00:00,55.673927307128906
srv-004,2017-06-17 03:00:00,62.37675476074219
srv-004,2017-06-17 04:00:00,61.88605880737305
srv-004,2017-06-17 05:00:00,59.44809341430664
srv-004,2017-06-17 06:00:00,59.75809860229492
srv-004,2017-06-17 07:00:00,57.63412857055664
srv-004,2017-06-17 08:00:00,56.27647399902344
srv-004,2017-06-17 09:00:00,55.08064651489258
srv-004,2017-06-17 10:00:00,58.49863815307617
srv-004,2017-06-17 11:00:00,56.10713195800781
srv-004,2017-06-17 12:00:00,61.39298629760742
srv-004,2017-06-17 13:00:00,59.32255935668945
srv-004,2017-06-17 14:00:00,62.315643310546875
srv-004,2017-06-17 15:00:00,60.59834289550781
srv-004,2017-06-17 16:00:00,65.24260711669922
srv-004,2017-06-17 17:00:00,64.8702392578125
srv-004,2017-06-17 18:00:00,57.08955764770508
srv-004,2017-06-17 19:00:00,58.63442611694336
srv-004,2017-06-17 20:00:00,52.27677917480469
srv-004,2017-06-17 21:00:00,55.25895690917969
srv-004,2017-06-17 22:00:00,54.29170608520508
srv-004,2017-06-17 23:00:00,54.31800079345703
srv-004,2017-06-18 00:00:00,58.625614166259766
srv-004,2017-06-18 01:00:00,58.29719924926758
srv-004,2017-06-18 02:00:00,63.60268020629883
srv-004,2017-06-18 03:00:00,66.61678314208984
srv-004,2017-06-18 04:00:00,59.91145706176758
srv-004,2017-06-18 05:00:00,65.4689712524414
srv-004,2017-06-18 06:00:00,61.35638427734375
srv-004,2017-06-18 07:00:00,61.37449264526367
srv-004,2017-06-18 08:00:00,61.98241424560547
srv-004,2017-06-18 09:00:00,55.59648513793945
srv-004,2017-06-18 10:00:00,52.403690338134766
srv-004,2017-06-18 11:00:00,53.695858001708984
srv-004,2017-06-18 12:00:00,58.988136291503906
srv-004,2017-06-18 13:00:00,58.42325210571289
srv-004,2017-06-18 14:00:00,64.86885833740234
srv-004,2017-06-18 15:00:00,64.99767303466797
srv-004,2017-06-18 16:00:00,66.83734130859375
srv-004,2017-06-18 17:00:00,65.44001770019531
srv-004,2017-06-18 18:00:00,65.46502685546875
srv-004,2017-06-18 19:00:00,64.91095733642578
srv-004,2017-06-18 20:00:00,65.32368469238281
srv-004,2017-06-18 21:00:00,60.89691162109375
srv-004,2017-06-18 22:00:00,57.61053466796875
srv-004,2017-06-18 23:00:00,57.433528900146484
srv-004,2017-06-19 00:00:00,58.52140808105469
srv-004,2017-06-19 01:00:00,59.038326263427734
srv-004,2017-06-19 02:00:00,63.82413864135742
srv-004,2017-06-19 03:00:00,64.06163024902344
srv-004,2017-06-19 04:00:00,62.53620529174805
srv-004,2017-06-19 05:00:00,62.24457550048828
srv-004,2017-06-19 06:00:00,62.87458038330078
srv-004,2017-06-19 07:00:00,62.51212692260742
srv-004,2017-06-19 08:00:00,68.05155944824219
srv-004,2017-06-19 09:00:00,69.07023620605469
srv-004,2017-06-19 10:00:00,68.38259887695312
srv-004,2017-06-19 11:00:00,66.10354614257812
srv-004,2017-06-19 12:00:00,67.12922668457031
srv-004,2017-06-19 13:00:00,69.04586791992188
srv-004,2017-06-19 14:00:00,72.96698760986328
srv-004,2017-06-19 15:00:00,75.21337127685547
srv-004,2017-06-19 16:00:00,77.1640396118164
srv-004,2017-06-19 17:00:00,76.27903747558594
srv-004,2017-06-19 18:00:00,71.6688232421875
srv-004,2017-06-19 19:00:00,73.38617706298828
srv-004,2017-06-19 20:00:00,74.27994537353516
srv-004,2017-06-19 21:00:00,70.42285919189453
srv-004,2017-06-19 22:00:00,71.9714126586914
srv-004,2017-06-19 23:00:00,73.25497436523438
srv-004,2017-06-20 00:00:00,69.12425231933594
srv-004,2017-06-20 01:00:00,70.5818099975586
srv-004,2017-06-20 02:00:00,73.72979736328125
srv-004,2017-06-20 03:00:00,71.12354278564453
srv-004,2017-06-20 04:00:00,73.08831787109375
srv-004,2017-06-20 05:00:00,69.28901672363281
srv-004,2017-06-20 06:00:00,67.5517807006836
srv-004,2017-06-20 07:00:00,68.969482421875
srv-004,2017-06-20 08:00:00,69.615234375
srv-004,2017-06-20 09:00:00,74.78854370117188
srv-004,2017-06-20 10:00:00,71.24713134765625
srv-004,2017-06-20 11:00:00,70.92813110351562
srv-004,2017-06-20 12:00:00,70.34690856933594
srv-004,2017-06-20 13:00:00,68.38304138183594
srv-004,2017-06-20 14:00:00,73.10013580322266
srv-004,2017-06-20 15:00:00,72.12776947021484
srv-004,2017-06-20 16:00:00,69.08050537109375
srv-004,2017-06-20 17:00:00,72.00935363769531
srv-004,2017-06-20 18:00:00,66.07291412353516
srv-004,2017-06-20 19:00:00,67.13458251953125
srv-004,2017-06-20 20:00:00,61.65170669555664
srv-004,2017-06-20 21:00:00,59.793033599853516
srv-004,2017-06-20 22:00:00,59.936614990234375
srv-004,2017-06-20 23:00:00,55.57957458496094
srv-004,2017-06-21 00:00:00,55.19209289550781
srv-004,2017-06-21 01:00:00,56.45206069946289
srv-004,2017-06-21 02:00:00,60.945045471191406
srv-004,2017-06-21 03:00:00,61.43665313720703
srv-004,2017-06-21 04:00:00,65.48479461669922
srv-004,2017-06-21 05:00:00,66.31839752197266
srv-004,2017-06-21 06:00:00,56.89923095703125
srv-004,2017-06-21 07:00:00,54.734222412109375
srv-004,2017-06-21 08:00:00,52.92045211791992
srv-004,2017-06-21 09:00:00,56.93581771850586
srv-004,2017-06-21 10:00:00,56.08271026611328
srv-004,2017-06-21 11:00:00,57.42459487915039
srv-004,2017-06-21 12:00:00,58.847652435302734
srv-004,2017-06-21 13:00:00,59.33047866821289
srv-004,2017-06-21 14:00:00,66.56793975830078
srv-004,2017-06-21 15:00:00,65.36792755126953
srv-004,2017-06-21 16:00:00,67.89566040039062
srv-004,2017-06-21 17:00:00,71.25961303710938
srv-004,2017-06-21 18:00:00,73.36676788330078
srv-004,2017-06-21 19:00:00,72.3663330078125
srv-004,2017-06-21 20:00:00,67.0050048828125
srv-004,2017-06-21 21:00:00,70.34703063964844
srv-004,2017-06-21 22:00:00,68.48442077636719
srv-004,2017-06-21 23:00:00,68.7509765625
srv-004,2017-06-22 00:00:00,63.93156051635742
srv-004,2017-06-22 01:00:00,67.43197631835938
srv-004,2017-06-22 02:00:00,64.03787994384766
srv-004,2017-06-22 03:00:00,65.8349838256836
srv-004,2017-06-22 04:00:00,68.14007568359375
srv-004,2017-06-22 05:00:00,69.34468078613281
srv-004,2017-06-22 06:00:00,73.20004272460938
srv-004,2017-06-22 07:00:00,71.5748291015625
srv-004,2017-06-22 08:00:00,68.85789489746094
srv-004,2017-06-22 09:00:00,67.42092895507812
srv-004,2017-06-22 10:00:00,67.73422241210938
srv-004,2017-06-22 11:00:00,64.99993133544922
srv-004,2017-06-22 12:00:00,67.47932434082031
srv-004,2017-06-22 13:00:00,66.6627197265625
srv-004,2017-06-22 14:00:00,67.16801452636719
srv-004,2017-06-22 15:00:00,65.00133514404297
srv-004,2017-06-22 16:00:00,71.11585998535156
srv-004,2017-06-22 17:00:00,67.20271301269531
srv-004,2017-06-22 18:00:00,71.78245544433594
srv-004,2017-06-22 19:00:00,69.49302673339844
srv-004,2017-06-22 20:00:00,68.0241928100586
srv-004,2017-06-22 21:00:00,63.55265426635742
srv-004,2017-06-22 22:00:00,63.37679672241211
srv-004,2017-06-22 23:00:00,61.083805084228516
srv-004,2017-06-23 00:00:00,62.19918441772461
srv-004,2017-06-23 01:00:00,66.7770767211914
srv-004,2017-06-23 02:00:00,61.77383041381836
srv-004,2017-06-23 03:00:00,64.34564971923828
srv-004,2017-06-23 04:00:00,59.01044845581055
srv-004,2017-06-23 05:00:00,63.57358169555664
srv-004,2017-06-23 06:00:00,64.09204864501953
srv-004,2017-06-23 07:00:00,69.00960540771484
srv-004,2017-06-23 08:00:00,70.11967468261719
srv-004,2017-06-23 09:00:00,69.4912109375
srv-004,2017-06-23 10:00:00,70.3482437133789
srv-004,2017-06-23 11:00:00,71.39532470703125
srv-004,2017-06-23 12:00:00,69.55656433105469
srv-004,2017-06-23 13:00:00,64.20528411865234
srv-004,2017-06-23 14:00:00,67.69271850585938
srv-004,2017-06-23 15:00:00,66.9500961303711
srv-004,2017-06-23 16:00:00,64.81208038330078
srv-004,2017-06-23 17:00:00,63.740760803222656
srv-004,2017-06-23 18:00:00,60.23585891723633
srv-004,2017-06-23 19:00:00,66.70769500732422
srv-004,2017-06-23 20:00:00,66.86502838134766
srv-004,2017-06-23 21:00:00,62.21622848510742
srv-004,2017-06-23 22:00:00,55.86714553833008
srv-004,2017-06-23 23:00:00,61.66978454589844
srv-004,2017-06-24 00:00:00,62.86764907836914
srv-004,2017-06-24 01:00:00,64.88214874267578
srv-004,2017-06-24 02:00:00,66.69437408447266
srv-004,2017-06-24 03:00:00,68.02886199951172
srv-004,2017-06-24 04:00:00,71.61692810058594
srv-004,2017-06-24 05:00:00,67.5654525756836
srv-004,2017-06-24 06:00:00,62.760894775390625
srv-004,2017-06-24 07:00:00,60.99052810668945
srv-004,2017-06-24 08:00:00,64.06941986083984
srv-004,2017-06-24 09:00:00,63.6297492980957
srv-004,2017-06-24 10:00:00,66.74626922607422
srv-004,2017-06-24 11:00:00,67.57212829589844
srv-004,2017-06-24 12:00:00,67.72342681884766
srv-004,2017-06-24 13:00:00,62.77890396118164
srv-004,2017-06-24 14:00:00,64.66471862792969
srv-004,2017-06-24 15:00:00,63.80215835571289
srv-004,2017-06-24 16:00:00,64.27532196044922
srv-004,2017-06-24 17:00:00,66.1916732788086
srv-004,2017-06-24 18:00:00,67.43973541259766
srv-004,2017-06-24 19:00:00,69.81177520751953
srv-004,2017-06-24 20:00:00,61.11823654174805
srv-004,2017-06-24 21:00:00,65.73969268798828
srv-004,2017-06-24 22:00:00,61.7553825378418
srv-004,2017-06-24 23:00:00,59.0872802734375
srv-004,2017-06-25 00:00:00,58.083072662353516
srv-004,2017-06-25 01:00:00,57.280548095703125
srv-004,2017-06-25 02:00:00,59.366363525390625
srv-004,2017-06-25 03:00:00,60.683624267578125
srv-004,2017-06-25 04:00:00,62.22768783569336
srv-004,2017-06-25 05:00:00,60.354244232177734
srv-004,2017-06-25 06:00:00,58.542625427246094
srv-004,2017-06-25 07:00:00,56.41826248168945
srv-004,2017-06-25 08:00:00,54.91820526123047
srv-004,2017-06-25 09:00:00,60.447509765625
srv-004,2017-06-25 10:00:00,61.52280044555664
srv-004,2017-06-25 11:00:00,68.2073974609375
srv-004,2017-06-25 12:00:00,67.59793090820312
srv-004,2017-06-25 13:00:00,67.87629699707031
srv-004,2017-06-25 14:00:00,64.92745208740234
srv-004,2017-06-25 15:00:00,64.45477294921875
srv-004,2017-06-25 16:00:00,63.862430572509766
srv-004,2017-06-25 17:00:00,62.37604904174805
srv-004,2017-06-25 18:00:00,67.64500427246094
srv-004,2017-06-25 19:00:00,65.79629516601562
srv-004,2017-06-25 20:00:00,67.34973907470703
srv-004,2017-06-25 21:00:00,65.14811706542969
srv-004,2017-06-25 22:00:00,66.88324737548828
srv-004,2017-06-25 23:00:00,62.00566482543945
srv-004,2017-06-26 00:00:00,65.55623626708984
srv-004,2017-06-26 01:00:00,56.98843765258789
srv-004,2017-06-26 02:00:00,56.11030197143555
srv-004,2017-06-26 03:00:00,62.94660186767578
srv-004,2017-06-26 04:00:00,62.68437576293945
srv-004,2017-06-26 05:00:00,61.25144958496094
srv-004,2017-06-26 06:00:00,60.13962936401367
srv-004,2017-06-26 07:00:00,62.67292785644531
srv-004,2017-06-26 08:00:00,64.31351470947266
srv-004,2017-06-26 09:00:00,66.50949096679688
srv-004,2017-06-26 10:00:00,68.39827728271484
srv-004,2017-06-26 11:00:00,73.64610290527344
srv-004,2017-06-26 12:00:00,71.62203216552734
srv-004,2017-06-26 13:00:00,67.50482940673828
srv-004,2017-06-26 14:00:00,63.6131477355957
srv-004,2017-06-26 15:00:00,59.44947814941406
srv-004,2017-06-26 16:00:00,65.91679382324219
srv-004,2017-06-26 17:00:00,65.93310546875
srv-004,2017-06-26 18:00:00,68.95706176757812
srv-004,2017-06-26 19:00:00,69.04560089111328
srv-004,2017-06-26 20:00:00,72.01201629638672
srv-004,2017-06-26 21:00:00,73.29161071777344
srv-004,2017-06-26 22:00:00,71.97696685791016
srv-004,2017-06-26 23:00:00,69.70146179199219
srv-004,2017-06-27 00:00:00,67.64258575439453
srv-004,2017-06-27 01:00:00,67.18424987792969
srv-004,2017-06-27 02:00:00,68.85824584960938
srv-004,2017-06-27 03:00:00,70.69546508789062
srv-004,2017-06-27 04:00:00,74.26060485839844
srv-004,2017-06-27 05:00:00,76.25885009765625
srv-004,2017-06-27 06:00:00,75.82066345214844
srv-004,2017-06-27 07:00:00,68.03001403808594
srv-004,2017-06-27 08:00:00,69.01021575927734
srv-004,2017-06-27 09:00:00,67.3837890625
srv-004,2017-06-27 10:00:00,70.95353698730469
srv-004,2017-06-27 11:00:00,73.62026977539062
srv-004,2017-06-27 12:00:00,74.52725219726562
srv-004,2017-06-27 13:00:00,75.02410888671875
srv-004,2017-06-27 14:00:00,75.4008560180664
srv-004,2017-06-27 15:00:00,73.15171813964844
srv-004,2017-06-27 16:00:00,69.12733459472656
srv-004,2017-06-27 17:00:00,71.50410461425781
srv-004,2017-06-27 18:00:00,74.00736236572266
srv-004,2017-06-27 19:00:00,72.64373016357422
srv-004,2017-06-27 20:00:00,70.711669921875
srv-004,2017-06-27 21:00:00,72.46543884277344
srv-004,2017-06-27 22:00:00,70.8336410522461
srv-004,2017-06-27 23:00:00,69.51716613769531
srv-004,2017-06-28 00:00:00,69.05260467529297
srv-004,2017-06-28 01:00:00,70.36598205566406
srv-004,2017-06-28 02:00:00,69.65959167480469
srv-004,2017-06-28 03:00:00,65.98416137695312
srv-004,2017-06-28 04:00:00,69.04248046875
srv-004,2017-06-28 05:00:00,72.60005187988281
srv-004,2017-06-28 06:00:00,72.23908996582031
srv-004,2017-06-28 07:00:00,73.85812377929688
srv-004,2017-06-28 08:00:00,68.58970642089844
srv-004,2017-06-28 09:00:00,66.24332427978516
srv-004,2017-06-28 10:00:00,66.91647338867188
srv-004,2017-06-28 11:00:00,67.27239990234375
srv-004,2017-06-28 12:00:00,70.19351196289062
srv-004,2017-06-28 13:00:00,67.87399291992188
srv-004,2017-06-28 14:00:00,72.0213623046875
srv-004,2017-06-28 15:00:00,68.8453369140625
srv-004,2017-06-28 16:00:00,64.61909484863281
srv-004,2017-06-28 17:00:00,63.550777435302734
srv-004,2017-06-28 18:00:00,68.52232360839844
srv-004,2017-06-28 19:00:00,64.95368194580078
srv-004,2017-06-28 20:00:00,65.9215316772461
srv-004,2017-06-28 21:00:00,64.33599853515625
srv-004,2017-06-28 22:00:00,66.1119613647461
srv-004,2017-06-28 23:00:00,64.96331787109375
srv-004,2017-06-29 00:00:00,65.57112121582031
srv-004,2017-06-29 01:00:00,65.70256805419922
srv-004,2017-06-29 02:00:00,61.46293640136719
srv-004,2017-06-29 03:00:00,61.11580276489258
srv-004,2017-06-29 04:00:00,66.61575317382812
srv-004,2017-06-29 05:00:00,65.72354125976562
srv-004,2017-06-29 06:00:00,58.87561798095703
srv-004,2017-06-29 07:00:00,61.87434005737305
srv-004,2017-06-29 08:00:00,62.24521255493164
srv-004,2017-06-29 09:00:00,63.593441009521484
srv-004,2017-06-29 10:00:00,58.33698272705078
srv-004,2017-06-29 11:00:00,57.890499114990234
srv-004,2017-06-29 12:00:00,60.832763671875
srv-004,2017-06-29 13:00:00,62.719661712646484
srv-004,2017-06-29 14:00:00,68.42379760742188
srv-004,2017-06-29 15:00:00,64.61770629882812
srv-004,2017-06-29 16:00:00,58.05009841918945
srv-004,2017-06-29 17:00:00,62.40940475463867
srv-004,2017-06-29 18:00:00,59.32225036621094
srv-004,2017-06-29 19:00:00,62.25389862060547
srv-004,2017-06-29 20:00:00,60.60960388183594
srv-004,2017-06-29 21:00:00,50.8831787109375
srv-004,2017-06-29 22:00:00,54.10250473022461
srv-004,2017-06-29 23:00:00,57.666046142578125
srv-004,2017-06-30 00:00:00,59.78672409057617
srv-004,2017-06-30 01:00:00,58.76120376586914
srv-004,2017-06-30 02:00:00,62.84303283691406
srv-004,2017-06-30 03:00:00,59.920291900634766
srv-004,2017-06-30 04:00:00,62.65428924560547
srv-004,2017-06-30 05:00:00,64.71421813964844
srv-004,2017-06-30 06:00:00,62.04642868041992
srv-004,2017-06-30 07:00:00,62.01659393310547
srv-004,2017-06-30 08:00:00,61.65122985839844
srv-004,2017-06-30 09:00:00,57.98286819458008
srv-004,2017-06-30 10:00:00,55.88076400756836
srv-004,2017-06-30 11:00:00,55.36652374267578
srv-004,2017-06-30 12:00:00,55.696590423583984
srv-004,2017-06-30 13:00:00,49.785282135009766
srv-004,2017-06-30 14:00:00,55.62589645385742
srv-004,2017-06-30 15:00:00,57.05985641479492
srv-004,2017-06-30 16:00:00,57.04555892944336
srv-004,2017-06-30 17:00:00,57.89605712890625
srv-004,2017-06-30 18:00:00,58.286495208740234
srv-004,2017-06-30 19:00:00,58.359981536865234
srv-004,2017-06-30 20:00:00,59.6485481262207
srv-004,2017-06-30 21:00:00,53.36941146850586
srv-004,2017-06-30 22:00:00,51.75092697143555
srv-004,2017-06-30 23:00:00,52.35956954956055
srv-005,2017-06-01 23:00:00,42.01423263549805
srv-005,2017-06-02 00:00:00,46.58455276489258
srv-005,2017-06-02 01:00:00,46.744625091552734
srv-005,2017-06-02 02:00:00,46.38559341430664
srv-005,2017-06-02 03:00:00,46.50544357299805
srv-005,2017-06-02 04:00:00,46.31241989135742
srv-005,2017-06-02 05:00:00,48.71347427368164
srv-005,2017-06-02 06:00:00,46.5037727355957
srv-005,2017-06-02 07:00:00,42.15610122680664
srv-005,2017-06-02 08:00:00,43.18605422973633
srv-005,2017-06-02 09:00:00,42.78670120239258
srv-005,2017-06-02 10:00:00,43.37056350708008
srv-005,2017-06-02 11:00:00,43.503055572509766
srv-005,2017-06-02 12:00:00,42.45124435424805
srv-005,2017-06-02 13:00:00,42.136043548583984
srv-005,2017-06-02 14:00:00,42.89321517944336
srv-005,2017-06-02 15:00:00,43.08576583862305
srv-005,2017-06-02 16:00:00,43.279457092285156
srv-005,2017-06-02 17:00:00,44.61647415161133
srv-005,2017-06-02 18:00:00,43.45364761352539
srv-005,2017-06-02 19:00:00,41.7393913269043
srv-005,2017-06-02 20:00:00,42.35734939575195
srv-005,2017-06-02 21:00:00,41.35397720336914
srv-005,2017-06-02 22:00:00,41.651615142822266
srv-005,2017-06-02 23:00:00,41.5731201171875
srv-005,2017-06-03 00:00:00,44.11188888549805
srv-005,2017-06-03 01:00:00,44.54436492919922
srv-005,2017-06-03 02:00:00,44.12250900268555
srv-005,2017-06-03 03:00:00,43.22561264038086
srv-005,2017-06-03 04:00:00,43.88975143432617
srv-005,2017-06-03 05:00:00,43.95647430419922
srv-005,2017-06-03 06:00:00,44.30571365356445
srv-005,2017-06-03 07:00:00,44.46102523803711
srv-005,2017-06-03 08:00:00,45.119571685791016
srv-005,2017-06-03 09:00:00,44.41817092895508
srv-005,2017-06-03 10:00:00,45.544368743896484
srv-005,2017-06-03 11:00:00,46.085105895996094
srv-005,2017-06-03 12:00:00,47.0391960144043
srv-005,2017-06-03 13:00:00,44.764007568359375
srv-005,2017-06-03 14:00:00,45.32822036743164
srv-005,2017-06-03 15:00:00,44.61724090576172
srv-005,2017-06-03 16:00:00,44.18680191040039
srv-005,2017-06-03 17:00:00,43.118778228759766
srv-005,2017-06-03 18:00:00,43.2872428894043
srv-005,2017-06-03 19:00:00,46.80966567993164
srv-005,2017-06-03 20:00:00,44.19585037231445
srv-005,2017-06-03 21:00:00,44.20382308959961
srv-005,2017-06-03 22:00:00,41.780338287353516
srv-005,2017-06-03 23:00:00,43.01108169555664
srv-005,2017-06-04 00:00:00,44.069129943847656
srv-005,2017-06-04 01:00:00,43.1707763671875
srv-005,2017-06-04 02:00:00,43.6517219543457
srv-005,2017-06-04 03:00:00,43.6251335144043
srv-005,2017-06-04 04:00:00,44.65627670288086
srv-005,2017-06-04 05:00:00,44.74565505981445
srv-005,2017-06-04 06:00:00,45.05633544921875
srv-005,2017-06-04 07:00:00,45.01309585571289
srv-005,2017-06-04 08:00:00,45.438072204589844
srv-005,2017-06-04 09:00:00,44.329402923583984
srv-005,2017-06-04 10:00:00,43.81581497192383
srv-005,2017-06-04 11:00:00,44.755001068115234
srv-005,2017-06-04 12:00:00,44.13621139526367
srv-005,2017-06-04 13:00:00,44.58597946166992
srv-005,2017-06-04 14:00:00,44.16592025756836
srv-005,2017-06-04 15:00:00,43.42964553833008
srv-005,2017-06-04 16:00:00,43.59847640991211
srv-005,2017-06-04 17:00:00,43.49296951293945
srv-005,2017-06-04 18:00:00,42.75736618041992
srv-005,2017-06-04 19:00:00,42.98002243041992
srv-005,2017-06-04 20:00:00,43.3481559753418
srv-005,2017-06-04 21:00:00,43.12211990356445
srv-005,2017-06-04 22:00:00,44.05781173706055
srv-005,2017-06-04 23:00:00,44.28627395629883
srv-005,2017-06-05 00:00:00,38.3934211730957
srv-005,2017-06-05 01:00:00,41.02043533325195
srv-005,2017-06-05 02:00:00,40.4711799621582
srv-005,2017-06-05 03:00:00,41.327308654785156
srv-005,2017-06-05 04:00:00,41.4333610534668
srv-005,2017-06-05 05:00:00,41.13151168823242
srv-005,2017-06-05 06:00:00,41.943511962890625
srv-005,2017-06-05 07:00:00,42.42422103881836
srv-005,2017-06-05 08:00:00,41.805179595947266
srv-005,2017-06-05 09:00:00,42.245140075683594
srv-005,2017-06-05 10:00:00,42.68589782714844
srv-005,2017-06-05 11:00:00,43.03158950805664
srv-005,2017-06-05 12:00:00,43.712955474853516
srv-005,2017-06-05 13:00:00,43.03245544433594
srv-005,2017-06-05 14:00:00,44.30341720581055
srv-005,2017-06-05 15:00:00,43.707515716552734
srv-005,2017-06-05 16:00:00,43.99028396606445
srv-005,2017-06-05 17:00:00,44.12466049194336
srv-005,2017-06-05 18:00:00,43.411712646484375
srv-005,2017-06-05 19:00:00,44.247005462646484
srv-005,2017-06-05 20:00:00,44.018802642822266
srv-005,2017-06-05 21:00:00,43.983150482177734
srv-005,2017-06-05 22:00:00,43.98768615722656
srv-005,2017-06-05 23:00:00,43.78286361694336
srv-005,2017-06-06 00:00:00,44.00794219970703
srv-005,2017-06-06 01:00:00,44.44121170043945
srv-005,2017-06-06 02:00:00,44.78431701660156
srv-005,2017-06-06 03:00:00,44.82744598388672
srv-005,2017-06-06 04:00:00,45.237091064453125
srv-005,2017-06-06 05:00:00,44.267822265625
srv-005,2017-06-06 06:00:00,44.993778228759766
srv-005,2017-06-06 07:00:00,44.68810272216797
srv-005,2017-06-06 08:00:00,44.70124435424805
srv-005,2017-06-06 09:00:00,44.118045806884766
srv-005,2017-06-06 10:00:00,43.47766876220703
srv-005,2017-06-06 11:00:00,42.647247314453125
srv-005,2017-06-06 12:00:00,43.898719787597656
srv-005,2017-06-06 13:00:00,45.03128433227539
srv-005,2017-06-06 14:00:00,44.241397857666016
srv-005,2017-06-06 15:00:00,44.04330825805664
srv-005,2017-06-06 16:00:00,44.02255630493164
srv-005,2017-06-06 17:00:00,44.62313461303711
srv-005,2017-06-06 18:00:00,44.23530960083008
srv-005,2017-06-06 19:00:00,44.3361701965332
srv-005,2017-06-06 20:00:00,44.30770492553711
srv-005,2017-06-06 21:00:00,44.16389465332031
srv-005,2017-06-06 22:00:00,44.80396270751953
srv-005,2017-06-06 23:00:00,44.777462005615234
srv-005,2017-06-07 00:00:00,45.56730270385742
srv-005,2017-06-07 01:00:00,46.41775131225586
srv-005,2017-06-07 02:00:00,45.621124267578125
srv-005,2017-06-07 03:00:00,45.64179611206055
srv-005,2017-06-07 04:00:00,45.22469711303711
srv-005,2017-06-07 05:00:00,44.74235153198242
srv-005,2017-06-07 06:00:00,44.50273132324219
srv-005,2017-06-07 07:00:00,44.98264694213867
srv-005,2017-06-07 08:00:00,44.326045989990234
srv-005,2017-06-07 09:00:00,44.008785247802734
srv-005,2017-06-07 10:00:00,44.48183059692383
srv-005,2017-06-07 11:00:00,45.016239166259766
srv-005,2017-06-07 12:00:00,45.05581283569336
srv-005,2017-06-07 13:00:00,43.91892623901367
srv-005,2017-06-07 14:00:00,44.96077346801758
srv-005,2017-06-07 15:00:00,45.87110137939453
srv-005,2017-06-07 16:00:00,45.32939529418945
srv-005,2017-06-07 17:00:00,44.851131439208984
srv-005,2017-06-07 18:00:00,44.757877349853516
srv-005,2017-06-07 19:00:00,43.43621063232422
srv-005,2017-06-07 20:00:00,43.02875900268555
srv-005,2017-06-07 21:00:00,43.56429672241211
srv-005,2017-06-07 22:00:00,43.0553092956543
srv-005,2017-06-07 23:00:00,43.57825469970703
srv-005,2017-06-08 00:00:00,44.58208084106445
srv-005,2017-06-08 01:00:00,45.68600082397461
srv-005,2017-06-08 02:00:00,45.52402877807617
srv-005,2017-06-08 03:00:00,44.477787017822266
srv-005,2017-06-08 04:00:00,45.19406509399414
srv-005,2017-06-08 05:00:00,44.265804290771484
srv-005,2017-06-08 06:00:00,44.74212646484375
srv-005,2017-06-08 07:00:00,44.90778732299805
srv-005,2017-06-08 08:00:00,45.05891036987305
srv-005,2017-06-08 09:00:00,45.71194076538086
srv-005,2017-06-08 10:00:00,45.78388595581055
srv-005,2017-06-08 11:00:00,45.15206527709961
srv-005,2017-06-08 12:00:00,44.384830474853516
srv-005,2017-06-08 13:00:00,43.297542572021484
srv-005,2017-06-08 14:00:00,44.04654312133789
srv-005,2017-06-08 15:00:00,43.42912292480469
srv-005,2017-06-08 16:00:00,43.36903762817383
srv-005,2017-06-08 17:00:00,47.525447845458984
srv-005,2017-06-08 18:00:00,45.24685287475586
srv-005,2017-06-08 19:00:00,42.68821334838867
srv-005,2017-06-08 20:00:00,42.84064865112305
srv-005,2017-06-08 21:00:00,40.956844329833984
srv-005,2017-06-08 22:00:00,41.66921615600586
srv-005,2017-06-08 23:00:00,41.609527587890625
srv-005,2017-06-09 00:00:00,43.25114822387695
srv-005,2017-06-09 01:00:00,43.3853874206543
srv-005,2017-06-09 02:00:00,43.68551254272461
srv-005,2017-06-09 03:00:00,44.2269172668457
srv-005,2017-06-09 04:00:00,43.73024368286133
srv-005,2017-06-09 05:00:00,44.310184478759766
srv-005,2017-06-09 06:00:00,43.53932571411133
srv-005,2017-06-09 07:00:00,43.2580451965332
srv-005,2017-06-09 08:00:00,43.937896728515625
srv-005,2017-06-09 09:00:00,44.08414077758789
srv-005,2017-06-09 10:00:00,44.16486358642578
srv-005,2017-06-09 11:00:00,43.68503189086914
srv-005,2017-06-09 12:00:00,44.34254837036133
srv-005,2017-06-09 13:00:00,44.330936431884766
srv-005,2017-06-09 14:00:00,43.730899810791016
srv-005,2017-06-09 15:00:00,43.785789489746094
srv-005,2017-06-09 16:00:00,41.963871002197266
srv-005,2017-06-09 17:00:00,42.50432205200195
srv-005,2017-06-09 18:00:00,43.54170608520508
srv-005,2017-06-09 19:00:00,42.7067985534668
srv-005,2017-06-09 20:00:00,43.28278732299805
srv-005,2017-06-09 21:00:00,43.91888427734375
srv-005,2017-06-09 22:00:00,42.60636901855469
srv-005,2017-06-09 23:00:00,42.34406661987305
srv-005,2017-06-10 00:00:00,44.01439666748047
srv-005,2017-06-10 01:00:00,43.496498107910156
srv-005,2017-06-10 02:00:00,45.38361740112305
srv-005,2017-06-10 03:00:00,44.644447326660156
srv-005,2017-06-10 04:00:00,43.4685173034668
srv-005,2017-06-10 05:00:00,43.77009201049805
srv-005,2017-06-10 06:00:00,43.60690689086914
srv-005,2017-06-10 07:00:00,44.003780364990234
srv-005,2017-06-10 08:00:00,44.85954666137695
srv-005,2017-06-10 09:00:00,43.93986892700195
srv-005,2017-06-10 10:00:00,44.119441986083984
srv-005,2017-06-10 11:00:00,45.132816314697266
srv-005,2017-06-10 12:00:00,45.638301849365234
srv-005,2017-06-10 13:00:00,44.974422454833984
srv-005,2017-06-10 14:00:00,44.31789016723633
srv-005,2017-06-10 15:00:00,45.800411224365234
srv-005,2017-06-10 16:00:00,44.91559600830078
srv-005,2017-06-10 17:00:00,45.29282760620117
srv-005,2017-06-10 18:00:00,44.81929397583008
srv-005,2017-06-10 19:00:00,44.03447341918945
srv-005,2017-06-10 20:00:00,44.24679946899414
srv-005,2017-06-10 21:00:00,44.569522857666016
srv-005,2017-06-10 22:00:00,44.07521438598633
srv-005,2017-06-10 23:00:00,44.140628814697266
srv-005,2017-06-11 00:00:00,43.35007095336914
srv-005,2017-06-11 01:00:00,44.3486328125
srv-005,2017-06-11 02:00:00,44.09063720703125
srv-005,2017-06-11 03:00:00,44.39998245239258
srv-005,2017-06-11 04:00:00,42.82316589355469
srv-005,2017-06-11 05:00:00,43.7755126953125
srv-005,2017-06-11 06:00:00,43.33610153198242
srv-005,2017-06-11 07:00:00,42.83600997924805
srv-005,2017-06-11 08:00:00,43.88124465942383
srv-005,2017-06-11 09:00:00,43.750526428222656
srv-005,2017-06-11 10:00:00,44.38328170776367
srv-005,2017-06-11 11:00:00,43.82973098754883
srv-005,2017-06-11 12:00:00,44.260623931884766
srv-005,2017-06-11 13:00:00,45.16260528564453
srv-005,2017-06-11 14:00:00,45.09904861450195
srv-005,2017-06-11 15:00:00,44.01377487182617
srv-005,2017-06-11 16:00:00,42.470401763916016
srv-005,2017-06-11 17:00:00,43.05121994018555
srv-005,2017-06-11 18:00:00,43.34477233886719
srv-005,2017-06-11 19:00:00,42.0610237121582
srv-005,2017-06-11 20:00:00,43.35702133178711
srv-005,2017-06-11 21:00:00,43.26545333862305
srv-005,2017-06-11 22:00:00,43.77041244506836
srv-005,2017-06-11 23:00:00,43.631893157958984
srv-005,2017-06-12 00:00:00,37.165184020996094
srv-005,2017-06-12 01:00:00,40.32847213745117
srv-005,2017-06-12 02:00:00,39.97294998168945
srv-005,2017-06-12 03:00:00,41.80632400512695
srv-005,2017-06-12 04:00:00,41.11937713623047
srv-005,2017-06-12 05:00:00,42.95341110229492
srv-005,2017-06-12 06:00:00,43.03641891479492
srv-005,2017-06-12 07:00:00,42.70487976074219
srv-005,2017-06-12 08:00:00,43.272857666015625
srv-005,2017-06-12 09:00:00,43.035099029541016
srv-005,2017-06-12 10:00:00,41.9845085144043
srv-005,2017-06-12 11:00:00,42.4715690612793
srv-005,2017-06-12 12:00:00,42.9248161315918
srv-005,2017-06-12 13:00:00,43.60255813598633
srv-005,2017-06-12 14:00:00,43.97421646118164
srv-005,2017-06-12 15:00:00,43.41828536987305
srv-005,2017-06-12 16:00:00,44.81157302856445
srv-005,2017-06-12 17:00:00,44.37191390991211
srv-005,2017-06-12 18:00:00,44.42794418334961
srv-005,2017-06-12 19:00:00,44.858219146728516
srv-005,2017-06-12 20:00:00,43.96611022949219
srv-005,2017-06-12 21:00:00,44.17021560668945
srv-005,2017-06-12 22:00:00,44.05805969238281
srv-005,2017-06-12 23:00:00,44.4821891784668
srv-005,2017-06-13 00:00:00,45.5511360168457
srv-005,2017-06-13 01:00:00,44.970943450927734
srv-005,2017-06-13 02:00:00,44.579437255859375
srv-005,2017-06-13 03:00:00,44.4434928894043
srv-005,2017-06-13 04:00:00,44.60541534423828
srv-005,2017-06-13 05:00:00,44.868141174316406
srv-005,2017-06-13 06:00:00,44.16453170776367
srv-005,2017-06-13 07:00:00,44.0165901184082
srv-005,2017-06-13 08:00:00,44.49644088745117
srv-005,2017-06-13 09:00:00,44.38289260864258
srv-005,2017-06-13 10:00:00,43.8093147277832
srv-005,2017-06-13 11:00:00,43.53486251831055
srv-005,2017-06-13 12:00:00,44.271060943603516
srv-005,2017-06-13 13:00:00,44.435489654541016
srv-005,2017-06-13 14:00:00,43.93841552734375
srv-005,2017-06-13 15:00:00,44.56102752685547
srv-005,2017-06-13 16:00:00,44.52927780151367
srv-005,2017-06-13 17:00:00,44.64835739135742
srv-005,2017-06-13 18:00:00,44.83705520629883
srv-005,2017-06-13 19:00:00,43.68653869628906
srv-005,2017-06-13 20:00:00,44.62003707885742
srv-005,2017-06-13 21:00:00,44.12251663208008
srv-005,2017-06-13 22:00:00,43.43305587768555
srv-005,2017-06-13 23:00:00,44.80535125732422
srv-005,2017-06-14 00:00:00,44.93065643310547
srv-005,2017-06-14 01:00:00,45.55179977416992
srv-005,2017-06-14 02:00:00,44.29854202270508
srv-005,2017-06-14 03:00:00,45.00849533081055
srv-005,2017-06-14 04:00:00,43.489990234375
srv-005,2017-06-14 05:00:00,43.638328552246094
srv-005,2017-06-14 06:00:00,44.03260803222656
srv-005,2017-06-14 07:00:00,44.11916732788086
srv-005,2017-06-14 08:00:00,45.22529983520508
srv-005,2017-06-14 09:00:00,44.43758010864258
srv-005,2017-06-14 10:00:00,44.72970962524414
srv-005,2017-06-14 11:00:00,44.07667922973633
srv-005,2017-06-14 12:00:00,43.83726501464844
srv-005,2017-06-14 13:00:00,43.872135162353516
srv-005,2017-06-14 14:00:00,43.96737289428711
srv-005,2017-06-14 15:00:00,43.414215087890625
srv-005,2017-06-14 16:00:00,44.48097610473633
srv-005,2017-06-14 17:00:00,44.564212799072266
srv-005,2017-06-14 18:00:00,44.90003967285156
srv-005,2017-06-14 19:00:00,45.418846130371094
srv-005,2017-06-14 20:00:00,44.64625930786133
srv-005,2017-06-14 21:00:00,44.729862213134766
srv-005,2017-06-14 22:00:00,44.27007293701172
srv-005,2017-06-14 23:00:00,43.1909065246582
srv-005,2017-06-15 00:00:00,44.26619338989258
srv-005,2017-06-15 01:00:00,44.365142822265625
srv-005,2017-06-15 02:00:00,44.51388168334961
srv-005,2017-06-15 03:00:00,43.999515533447266
srv-005,2017-06-15 04:00:00,43.97297286987305
srv-005,2017-06-15 05:00:00,44.22745895385742
srv-005,2017-06-15 06:00:00,45.54134750366211
srv-005,2017-06-15 07:00:00,44.709495544433594
srv-005,2017-06-15 08:00:00,44.57957458496094
srv-005,2017-06-15 09:00:00,45.17218017578125
srv-005,2017-06-15 10:00:00,44.57130813598633
srv-005,2017-06-15 11:00:00,44.09659957885742
srv-005,2017-06-15 12:00:00,43.16874313354492
srv-005,2017-06-15 13:00:00,43.109073638916016
srv-005,2017-06-15 14:00:00,43.52664566040039
srv-005,2017-06-15 15:00:00,43.45316696166992
srv-005,2017-06-15 16:00:00,44.68473434448242
srv-005,2017-06-15 17:00:00,44.47066116333008
srv-005,2017-06-15 18:00:00,44.86578369140625
srv-005,2017-06-15 19:00:00,44.928836822509766
srv-005,2017-06-15 20:00:00,44.70719528198242
srv-005,2017-06-15 21:00:00,44.3720703125
srv-005,2017-06-15 22:00:00,43.61482620239258
srv-005,2017-06-15 23:00:00,43.43783950805664
srv-005,2017-06-16 00:00:00,45.100467681884766
srv-005,2017-06-16 01:00:00,44.5296630859375
srv-005,2017-06-16 02:00:00,43.949920654296875
srv-005,2017-06-16 03:00:00,43.88211441040039
srv-005,2017-06-16 04:00:00,43.37709045410156
srv-005,2017-06-16 05:00:00,43.937103271484375
srv-005,2017-06-16 06:00:00,43.826114654541016
srv-005,2017-06-16 07:00:00,44.59104919433594
srv-005,2017-06-16 08:00:00,44.642337799072266
srv-005,2017-06-16 09:00:00,44.41782760620117
srv-005,2017-06-16 10:00:00,44.378299713134766
srv-005,2017-06-16 11:00:00,44.52024841308594
srv-005,2017-06-16 12:00:00,43.95430374145508
srv-005,2017-06-16 13:00:00,42.61680603027344
srv-005,2017-06-16 14:00:00,42.64469528198242
srv-005,2017-06-16 15:00:00,42.179073333740234
srv-005,2017-06-16 16:00:00,42.35226821899414
srv-005,2017-06-16 17:00:00,41.61513137817383
srv-005,2017-06-16 18:00:00,41.887996673583984
srv-005,2017-06-16 19:00:00,42.85671615600586
srv-005,2017-06-16 20:00:00,42.48722839355469
srv-005,2017-06-16 21:00:00,43.29965591430664
srv-005,2017-06-16 22:00:00,42.81604766845703
srv-005,2017-06-16 23:00:00,43.31618881225586
srv-005,2017-06-17 00:00:00,46.64559555053711
srv-005,2017-06-17 01:00:00,44.37923049926758
srv-005,2017-06-17 02:00:00,43.971778869628906
srv-005,2017-06-17 03:00:00,43.93059158325195
srv-005,2017-06-17 04:00:00,43.460121154785156
srv-005,2017-06-17 05:00:00,43.983665466308594
srv-005,2017-06-17 06:00:00,43.6341438293457
srv-005,2017-06-17 07:00:00,44.379093170166016
srv-005,2017-06-17 08:00:00,44.50569152832031
srv-005,2017-06-17 09:00:00,45.36496353149414
srv-005,2017-06-17 10:00:00,44.91887283325195
srv-005,2017-06-17 11:00:00,44.57993698120117
srv-005,2017-06-17 12:00:00,45.194759368896484
srv-005,2017-06-17 13:00:00,44.36127853393555
srv-005,2017-06-17 14:00:00,45.199832916259766
srv-005,2017-06-17 15:00:00,45.59848403930664
srv-005,2017-06-17 16:00:00,45.618064880371094
srv-005,2017-06-17 17:00:00,45.253604888916016
srv-005,2017-06-17 18:00:00,45.03139114379883
srv-005,2017-06-17 19:00:00,45.47880935668945
srv-005,2017-06-17 20:00:00,45.163021087646484
srv-005,2017-06-17 21:00:00,43.908939361572266
srv-005,2017-06-17 22:00:00,43.6989631652832
srv-005,2017-06-17 23:00:00,44.095157623291016
srv-005,2017-06-18 00:00:00,44.70347595214844
srv-005,2017-06-18 01:00:00,44.9659538269043
srv-005,2017-06-18 02:00:00,44.49813461303711
srv-005,2017-06-18 03:00:00,44.92799758911133
srv-005,2017-06-18 04:00:00,43.04288101196289
srv-005,2017-06-18 05:00:00,42.889644622802734
srv-005,2017-06-18 06:00:00,43.79689407348633
srv-005,2017-06-18 07:00:00,43.359378814697266
srv-005,2017-06-18 08:00:00,43.971431732177734
srv-005,2017-06-18 09:00:00,43.57453918457031
srv-005,2017-06-18 10:00:00,43.89564895629883
srv-005,2017-06-18 11:00:00,45.13764953613281
srv-005,2017-06-18 12:00:00,43.838802337646484
srv-005,2017-06-18 13:00:00,44.060855865478516
srv-005,2017-06-18 14:00:00,44.717498779296875
srv-005,2017-06-18 15:00:00,43.97776412963867
srv-005,2017-06-18 16:00:00,44.3988151550293
srv-005,2017-06-18 17:00:00,45.04411697387695
srv-005,2017-06-18 18:00:00,45.80154037475586
srv-005,2017-06-18 19:00:00,45.283973693847656
srv-005,2017-06-18 20:00:00,43.569297790527344
srv-005,2017-06-18 21:00:00,44.855552673339844
srv-005,2017-06-18 22:00:00,44.62031936645508
srv-005,2017-06-18 23:00:00,45.23133087158203
srv-005,2017-06-19 00:00:00,37.830284118652344
srv-005,2017-06-19 01:00:00,40.779396057128906
srv-005,2017-06-19 02:00:00,40.644649505615234
srv-005,2017-06-19 03:00:00,40.99418258666992
srv-005,2017-06-19 04:00:00,41.17963409423828
srv-005,2017-06-19 05:00:00,41.413936614990234
srv-005,2017-06-19 06:00:00,43.33720779418945
srv-005,2017-06-19 07:00:00,42.40747833251953
srv-005,2017-06-19 08:00:00,43.37918472290039
srv-005,2017-06-19 09:00:00,43.904510498046875
srv-005,2017-06-19 10:00:00,44.01913070678711
srv-005,2017-06-19 11:00:00,43.53256607055664
srv-005,2017-06-19 12:00:00,43.556739807128906
srv-005,2017-06-19 13:00:00,44.59720993041992
srv-005,2017-06-19 14:00:00,44.3774528503418
srv-005,2017-06-19 15:00:00,44.04867935180664
srv-005,2017-06-19 16:00:00,44.059303283691406
srv-005,2017-06-19 17:00:00,43.803585052490234
srv-005,2017-06-19 18:00:00,43.816349029541016
srv-005,2017-06-19 19:00:00,44.075923919677734
srv-005,2017-06-19 20:00:00,43.48176956176758
srv-005,2017-06-19 21:00:00,44.1763801574707
srv-005,2017-06-19 22:00:00,43.350914001464844
srv-005,2017-06-19 23:00:00,42.53461456298828
srv-005,2017-06-20 00:00:00,44.28813552856445
srv-005,2017-06-20 01:00:00,46.0337028503418
srv-005,2017-06-20 02:00:00,45.92970275878906
srv-005,2017-06-20 03:00:00,45.80366134643555
srv-005,2017-06-20 04:00:00,45.37790298461914
srv-005,2017-06-20 05:00:00,45.01833724975586
srv-005,2017-06-20 06:00:00,44.67165756225586
srv-005,2017-06-20 07:00:00,44.435874938964844
srv-005,2017-06-20 08:00:00,43.977291107177734
srv-005,2017-06-20 09:00:00,43.25027847290039
srv-005,2017-06-20 10:00:00,43.82081985473633
srv-005,2017-06-20 11:00:00,43.49001693725586
srv-005,2017-06-20 12:00:00,44.153560638427734
srv-005,2017-06-20 13:00:00,44.16279220581055
srv-005,2017-06-20 14:00:00,45.320064544677734
srv-005,2017-06-20 15:00:00,44.64421844482422
srv-005,2017-06-20 16:00:00,44.37809371948242
srv-005,2017-06-20 17:00:00,45.23490524291992
srv-005,2017-06-20 18:00:00,45.42583084106445
srv-005,2017-06-20 19:00:00,44.850494384765625
srv-005,2017-06-20 20:00:00,44.10452651977539
srv-005,2017-06-20 21:00:00,44.837955474853516
srv-005,2017-06-20 22:00:00,44.78002166748047
srv-005,2017-06-20 23:00:00,45.34250259399414
srv-005,2017-06-21 00:00:00,45.424461364746094
srv-005,2017-06-21 01:00:00,44.71792984008789
srv-005,2017-06-21 02:00:00,44.74627685546875
srv-005,2017-06-21 03:00:00,44.84476852416992
srv-005,2017-06-21 04:00:00,43.96162414550781
srv-005,2017-06-21 05:00:00,43.98606491088867
srv-005,2017-06-21 06:00:00,44.03609848022461
srv-005,2017-06-21 07:00:00,43.87661361694336
srv-005,2017-06-21 08:00:00,44.04154586791992
srv-005,2017-06-21 09:00:00,45.362403869628906
srv-005,2017-06-21 10:00:00,44.687870025634766
srv-005,2017-06-21 11:00:00,45.145896911621094
srv-005,2017-06-21 12:00:00,45.36207962036133
srv-005,2017-06-21 13:00:00,45.52308654785156
srv-005,2017-06-21 14:00:00,45.17355728149414
srv-005,2017-06-21 15:00:00,44.94386672973633
srv-005,2017-06-21 16:00:00,45.070987701416016
srv-005,2017-06-21 17:00:00,43.03826904296875
srv-005,2017-06-21 18:00:00,43.823280334472656
srv-005,2017-06-21 19:00:00,43.62593078613281
srv-005,2017-06-21 20:00:00,42.40256118774414
srv-005,2017-06-21 21:00:00,42.39170455932617
srv-005,2017-06-21 22:00:00,43.81926727294922
srv-005,2017-06-21 23:00:00,42.915218353271484
srv-005,2017-06-22 00:00:00,43.90135192871094
srv-005,2017-06-22 01:00:00,43.563480377197266
srv-005,2017-06-22 02:00:00,42.96442794799805
srv-005,2017-06-22 03:00:00,44.27402877807617
srv-005,2017-06-22 04:00:00,43.4725456237793
srv-005,2017-06-22 05:00:00,44.85327911376953
srv-005,2017-06-22 06:00:00,45.153804779052734
srv-005,2017-06-22 07:00:00,44.75625991821289
srv-005,2017-06-22 08:00:00,44.82984924316406
srv-005,2017-06-22 09:00:00,43.43415451049805
srv-005,2017-06-22 10:00:00,43.84292984008789
srv-005,2017-06-22 11:00:00,43.336280822753906
srv-005,2017-06-22 12:00:00,43.01601791381836
srv-005,2017-06-22 13:00:00,42.302364349365234
srv-005,2017-06-22 14:00:00,42.41264724731445
srv-005,2017-06-22 15:00:00,42.82377243041992
srv-005,2017-06-22 16:00:00,42.84805679321289
srv-005,2017-06-22 17:00:00,42.99386215209961
srv-005,2017-06-22 18:00:00,43.00514602661133
srv-005,2017-06-22 19:00:00,43.15280532836914
srv-005,2017-06-22 20:00:00,43.67351150512695
srv-005,2017-06-22 21:00:00,43.2579231262207
srv-005,2017-06-22 22:00:00,43.46194839477539
srv-005,2017-06-22 23:00:00,44.018890380859375
srv-005,2017-06-23 00:00:00,44.007484436035156
srv-005,2017-06-23 01:00:00,44.18903732299805
srv-005,2017-06-23 02:00:00,43.73244094848633
srv-005,2017-06-23 03:00:00,43.99917984008789
srv-005,2017-06-23 04:00:00,42.5484733581543
srv-005,2017-06-23 05:00:00,43.171592712402344
srv-005,2017-06-23 06:00:00,43.19388198852539
srv-005,2017-06-23 07:00:00,42.49434280395508
srv-005,2017-06-23 08:00:00,42.01393508911133
srv-005,2017-06-23 09:00:00,41.28937911987305
srv-005,2017-06-23 10:00:00,41.61268997192383
srv-005,2017-06-23 11:00:00,42.25291442871094
srv-005,2017-06-23 12:00:00,41.91606521606445
srv-005,2017-06-23 13:00:00,42.1542854309082
srv-005,2017-06-23 14:00:00,42.368011474609375
srv-005,2017-06-23 15:00:00,42.508026123046875
srv-005,2017-06-23 16:00:00,43.159034729003906
srv-005,2017-06-23 17:00:00,43.3374137878418
srv-005,2017-06-23 18:00:00,43.87763977050781
srv-005,2017-06-23 19:00:00,43.81278610229492
srv-005,2017-06-23 20:00:00,43.8553466796875
srv-005,2017-06-23 21:00:00,43.52431106567383
srv-005,2017-06-23 22:00:00,43.5416145324707
srv-005,2017-06-23 23:00:00,42.1581916809082
srv-005,2017-06-24 00:00:00,44.678470611572266
srv-005,2017-06-24 01:00:00,44.60275650024414
srv-005,2017-06-24 02:00:00,44.845943450927734
srv-005,2017-06-24 03:00:00,45.44331741333008
srv-005,2017-06-24 04:00:00,44.71109390258789
srv-005,2017-06-24 05:00:00,44.63743209838867
srv-005,2017-06-24 06:00:00,44.50560760498047
srv-005,2017-06-24 07:00:00,43.9022331237793
srv-005,2017-06-24 08:00:00,43.74729537963867
srv-005,2017-06-24 09:00:00,44.91781997680664
srv-005,2017-06-24 10:00:00,44.333431243896484
srv-005,2017-06-24 11:00:00,44.29233169555664
srv-005,2017-06-24 12:00:00,45.3553581237793
srv-005,2017-06-24 13:00:00,43.687808990478516
srv-005,2017-06-24 14:00:00,45.10922622680664
srv-005,2017-06-24 15:00:00,44.85360336303711
srv-005,2017-06-24 16:00:00,44.62112045288086
srv-005,2017-06-24 17:00:00,44.024845123291016
srv-005,2017-06-24 18:00:00,43.009525299072266
srv-005,2017-06-24 19:00:00,43.61910629272461
srv-005,2017-06-24 20:00:00,43.48508071899414
srv-005,2017-06-24 21:00:00,42.1049690246582
srv-005,2017-06-24 22:00:00,43.06645584106445
srv-005,2017-06-24 23:00:00,42.7907829284668
srv-005,2017-06-25 00:00:00,43.55454635620117
srv-005,2017-06-25 01:00:00,43.14634323120117
srv-005,2017-06-25 02:00:00,43.40559005737305
srv-005,2017-06-25 03:00:00,43.84713363647461
srv-005,2017-06-25 04:00:00,43.46621322631836
srv-005,2017-06-25 05:00:00,42.436744689941406
srv-005,2017-06-25 06:00:00,44.030635833740234
srv-005,2017-06-25 07:00:00,44.09408950805664
srv-005,2017-06-25 08:00:00,44.313751220703125
srv-005,2017-06-25 09:00:00,44.03791046142578
srv-005,2017-06-25 10:00:00,45.21385192871094
srv-005,2017-06-25 11:00:00,44.808841705322266
srv-005,2017-06-25 12:00:00,45.36954879760742
srv-005,2017-06-25 13:00:00,45.09999465942383
srv-005,2017-06-25 14:00:00,44.46968460083008
srv-005,2017-06-25 15:00:00,44.7382698059082
srv-005,2017-06-25 16:00:00,44.94467544555664
srv-005,2017-06-25 17:00:00,42.35066604614258
srv-005,2017-06-25 18:00:00,42.65517807006836
srv-005,2017-06-25 19:00:00,43.6097526550293
srv-005,2017-06-25 20:00:00,43.53004837036133
srv-005,2017-06-25 21:00:00,42.9000129699707
srv-005,2017-06-25 22:00:00,43.35232162475586
srv-005,2017-06-25 23:00:00,44.22006607055664
srv-005,2017-06-26 00:00:00,38.62675094604492
srv-005,2017-06-26 01:00:00,41.657222747802734
srv-005,2017-06-26 02:00:00,41.15232467651367
srv-005,2017-06-26 03:00:00,41.14511489868164
srv-005,2017-06-26 04:00:00,42.14841842651367
srv-005,2017-06-26 05:00:00,42.10432052612305
srv-005,2017-06-26 06:00:00,42.26954650878906
srv-005,2017-06-26 07:00:00,42.071590423583984
srv-005,2017-06-26 08:00:00,41.95387649536133
srv-005,2017-06-26 09:00:00,41.52091598510742
srv-005,2017-06-26 10:00:00,42.16726303100586
srv-005,2017-06-26 11:00:00,42.409217834472656
srv-005,2017-06-26 12:00:00,42.60325241088867
srv-005,2017-06-26 13:00:00,42.671016693115234
srv-005,2017-06-26 14:00:00,42.9776611328125
srv-005,2017-06-26 15:00:00,43.6058235168457
srv-005,2017-06-26 16:00:00,43.38034439086914
srv-005,2017-06-26 17:00:00,43.5815544128418
srv-005,2017-06-26 18:00:00,44.72376251220703
srv-005,2017-06-26 19:00:00,44.61594772338867
srv-005,2017-06-26 20:00:00,44.67786407470703
srv-005,2017-06-26 21:00:00,44.57308578491211
srv-005,2017-06-26 22:00:00,44.45904541015625
srv-005,2017-06-26 23:00:00,45.500797271728516
srv-005,2017-06-27 00:00:00,45.342342376708984
srv-005,2017-06-27 01:00:00,43.2337760925293
srv-005,2017-06-27 02:00:00,43.04940414428711
srv-005,2017-06-27 03:00:00,43.01425552368164
srv-005,2017-06-27 04:00:00,44.22817611694336
srv-005,2017-06-27 05:00:00,43.19814682006836
srv-005,2017-06-27 06:00:00,43.34297561645508
srv-005,2017-06-27 07:00:00,43.633480072021484
srv-005,2017-06-27 08:00:00,43.77994918823242
srv-005,2017-06-27 09:00:00,43.28107833862305
srv-005,2017-06-27 10:00:00,44.13088607788086
srv-005,2017-06-27 11:00:00,43.90241622924805
srv-005,2017-06-27 12:00:00,45.37725830078125
srv-005,2017-06-27 13:00:00,45.19015884399414
srv-005,2017-06-27 14:00:00,46.0633659362793
srv-005,2017-06-27 15:00:00,44.83694076538086
srv-005,2017-06-27 16:00:00,44.697547912597656
srv-005,2017-06-27 17:00:00,43.909610748291016
srv-005,2017-06-27 18:00:00,43.808231353759766
srv-005,2017-06-27 19:00:00,43.7849006652832
srv-005,2017-06-27 20:00:00,43.7834358215332
srv-005,2017-06-27 21:00:00,43.80594253540039
srv-005,2017-06-27 22:00:00,44.097835540771484
srv-005,2017-06-27 23:00:00,43.539512634277344
srv-005,2017-06-28 00:00:00,43.693843841552734
srv-005,2017-06-28 01:00:00,43.4381217956543
srv-005,2017-06-28 02:00:00,44.263240814208984
srv-005,2017-06-28 03:00:00,43.776493072509766
srv-005,2017-06-28 04:00:00,43.277286529541016
srv-005,2017-06-28 05:00:00,44.51704406738281
srv-005,2017-06-28 06:00:00,44.72957229614258
srv-005,2017-06-28 07:00:00,45.501712799072266
srv-005,2017-06-28 08:00:00,44.62403106689453
srv-005,2017-06-28 09:00:00,44.087154388427734
srv-005,2017-06-28 10:00:00,43.95859146118164
srv-005,2017-06-28 11:00:00,43.508724212646484
srv-005,2017-06-28 12:00:00,42.4988899230957
srv-005,2017-06-28 13:00:00,43.06120681762695
srv-005,2017-06-28 14:00:00,42.99061965942383
srv-005,2017-06-28 15:00:00,42.69380569458008
srv-005,2017-06-28 16:00:00,42.986934661865234
srv-005,2017-06-28 17:00:00,42.93626022338867
srv-005,2017-06-28 18:00:00,43.16951370239258
srv-005,2017-06-28 19:00:00,43.10536575317383
srv-005,2017-06-28 20:00:00,43.454410552978516
srv-005,2017-06-28 21:00:00,43.09391784667969
srv-005,2017-06-28 22:00:00,43.866458892822266
srv-005,2017-06-28 23:00:00,43.657230377197266
srv-005,2017-06-29 00:00:00,44.30911636352539
srv-005,2017-06-29 01:00:00,44.48966598510742
srv-005,2017-06-29 02:00:00,44.978336334228516
srv-005,2017-06-29 03:00:00,45.007877349853516
srv-005,2017-06-29 04:00:00,44.44784164428711
srv-005,2017-06-29 05:00:00,44.63691711425781
srv-005,2017-06-29 06:00:00,43.80067825317383
srv-005,2017-06-29 07:00:00,43.654029846191406
srv-005,2017-06-29 08:00:00,43.47274398803711
srv-005,2017-06-29 09:00:00,41.90194320678711
srv-005,2017-06-29 10:00:00,43.00582504272461
srv-005,2017-06-29 11:00:00,43.571720123291016
srv-005,2017-06-29 12:00:00,43.74918746948242
srv-005,2017-06-29 13:00:00,43.61528015136719
srv-005,2017-06-29 14:00:00,44.4578971862793
srv-005,2017-06-29 15:00:00,45.099857330322266
srv-005,2017-06-29 16:00:00,44.38329315185547
srv-005,2017-06-29 17:00:00,44.7534294128418
srv-005,2017-06-29 18:00:00,44.68077087402344
srv-005,2017-06-29 19:00:00,45.203330993652344
srv-005,2017-06-29 20:00:00,44.3780632019043
srv-005,2017-06-29 21:00:00,42.775638580322266
srv-005,2017-06-29 22:00:00,43.60905075073242
srv-005,2017-06-29 23:00:00,43.550628662109375
srv-005,2017-06-30 00:00:00,44.20647048950195
srv-005,2017-06-30 01:00:00,42.695919036865234
srv-005,2017-06-30 02:00:00,43.89455032348633
srv-005,2017-06-30 03:00:00,43.18300247192383
srv-005,2017-06-30 04:00:00,43.23744201660156
srv-005,2017-06-30 05:00:00,43.225948333740234
srv-005,2017-06-30 06:00:00,43.6897087097168
srv-005,2017-06-30 07:00:00,43.47088623046875
srv-005,2017-06-30 08:00:00,43.91101837158203
srv-005,2017-06-30 09:00:00,44.474098205566406
srv-005,2017-06-30 10:00:00,44.66689682006836
srv-005,2017-06-30 11:00:00,44.699649810791016
srv-005,2017-06-30 12:00:00,44.9831657409668
srv-005,2017-06-30 13:00:00,44.1187858581543
srv-005,2017-06-30 14:00:00,44.50974655151367
srv-005,2017-06-30 15:00:00,43.09659194946289
srv-005,2017-06-30 16:00:00,43.694923400878906
srv-005,2017-06-30 17:00:00,43.415157318115234
srv-005,2017-06-30 18:00:00,44.0724983215332
srv-005,2017-06-30 19:00:00,43.4072380065918
srv-005,2017-06-30 20:00:00,42.60946273803711
srv-005,2017-06-30 21:00:00,42.87594985961914
srv-005,2017-06-30 22:00:00,43.58719253540039
srv-005,2017-06-30 23:00:00,44.692901611328125
srv-006,2017-06-01 23:00:00,85.23497009277344
srv-006,2017-06-02 00:00:00,85.86746215820312
srv-006,2017-06-02 01:00:00,85.24382781982422
srv-006,2017-06-02 02:00:00,83.85733032226562
srv-006,2017-06-02 03:00:00,85.68165588378906
srv-006,2017-06-02 04:00:00,85.45884704589844
srv-006,2017-06-02 05:00:00,84.07569885253906
srv-006,2017-06-02 06:00:00,83.48841094970703
srv-006,2017-06-02 07:00:00,87.38259887695312
srv-006,2017-06-02 08:00:00,87.29335021972656
srv-006,2017-06-02 09:00:00,89.43074035644531
srv-006,2017-06-02 10:00:00,90.20178985595703
srv-006,2017-06-02 11:00:00,91.87921142578125
srv-006,2017-06-02 12:00:00,91.89808654785156
srv-006,2017-06-02 13:00:00,87.83039855957031
srv-006,2017-06-02 14:00:00,87.03130340576172
srv-006,2017-06-02 15:00:00,87.2040786743164
srv-006,2017-06-02 16:00:00,81.61874389648438
srv-006,2017-06-02 17:00:00,83.18030548095703
srv-006,2017-06-02 18:00:00,84.43315124511719
srv-006,2017-06-02 19:00:00,85.76969146728516
srv-006,2017-06-02 20:00:00,83.35906982421875
srv-006,2017-06-02 21:00:00,78.42019653320312
srv-006,2017-06-02 22:00:00,77.95203399658203
srv-006,2017-06-02 23:00:00,75.74457550048828
srv-006,2017-06-03 00:00:00,80.47331237792969
srv-006,2017-06-03 01:00:00,80.96177673339844
srv-006,2017-06-03 02:00:00,81.19496154785156
srv-006,2017-06-03 03:00:00,84.35314178466797
srv-006,2017-06-03 04:00:00,84.65042114257812
srv-006,2017-06-03 05:00:00,87.10102844238281
srv-006,2017-06-03 06:00:00,86.02632141113281
srv-006,2017-06-03 07:00:00,84.13894653320312
srv-006,2017-06-03 08:00:00,86.942138671875
srv-006,2017-06-03 09:00:00,87.15699005126953
srv-006,2017-06-03 10:00:00,85.1898193359375
srv-006,2017-06-03 11:00:00,87.70393371582031
srv-006,2017-06-03 12:00:00,88.82913970947266
srv-006,2017-06-03 13:00:00,89.40992736816406
srv-006,2017-06-03 14:00:00,89.93936157226562
srv-006,2017-06-03 15:00:00,89.07115173339844
srv-006,2017-06-03 16:00:00,88.1688232421875
srv-006,2017-06-03 17:00:00,87.40663146972656
srv-006,2017-06-03 18:00:00,86.7827377319336
srv-006,2017-06-03 19:00:00,86.77427673339844
srv-006,2017-06-03 20:00:00,85.75440979003906
srv-006,2017-06-03 21:00:00,85.12983703613281
srv-006,2017-06-03 22:00:00,84.33706665039062
srv-006,2017-06-03 23:00:00,86.53518676757812
srv-006,2017-06-04 00:00:00,85.53050231933594
srv-006,2017-06-04 01:00:00,80.56199645996094
srv-006,2017-06-04 02:00:00,85.86666870117188
srv-006,2017-06-04 03:00:00,87.36280822753906
srv-006,2017-06-04 04:00:00,88.96295928955078
srv-006,2017-06-04 05:00:00,86.91537475585938
srv-006,2017-06-04 06:00:00,85.4517822265625
srv-006,2017-06-04 07:00:00,86.63032531738281
srv-006,2017-06-04 08:00:00,88.07857513427734
srv-006,2017-06-04 09:00:00,88.6964111328125
srv-006,2017-06-04 10:00:00,87.32949829101562
srv-006,2017-06-04 11:00:00,88.55451965332031
srv-006,2017-06-04 12:00:00,87.59568786621094
srv-006,2017-06-04 13:00:00,88.28768920898438
srv-006,2017-06-04 14:00:00,79.44979858398438
srv-006,2017-06-04 15:00:00,81.71412658691406
srv-006,2017-06-04 16:00:00,83.60008239746094
srv-006,2017-06-04 17:00:00,84.51576232910156
srv-006,2017-06-04 18:00:00,85.41156005859375
srv-006,2017-06-04 19:00:00,86.43110656738281
srv-006,2017-06-04 20:00:00,86.35069274902344
srv-006,2017-06-04 21:00:00,86.77277374267578
srv-006,2017-06-04 22:00:00,82.8352279663086
srv-006,2017-06-04 23:00:00,81.14557647705078
srv-006,2017-06-05 00:00:00,78.97997283935547
srv-006,2017-06-05 01:00:00,81.03942108154297
srv-006,2017-06-05 02:00:00,81.13743591308594
srv-006,2017-06-05 03:00:00,81.8152847290039
srv-006,2017-06-05 04:00:00,84.0115966796875
srv-006,2017-06-05 05:00:00,80.03556823730469
srv-006,2017-06-05 06:00:00,78.87911987304688
srv-006,2017-06-05 07:00:00,80.63253784179688
srv-006,2017-06-05 08:00:00,84.991943359375
srv-006,2017-06-05 09:00:00,82.25425720214844
srv-006,2017-06-05 10:00:00,84.48826599121094
srv-006,2017-06-05 11:00:00,85.92039489746094
srv-006,2017-06-05 12:00:00,87.17180633544922
srv-006,2017-06-05 13:00:00,89.61591339111328
srv-006,2017-06-05 14:00:00,91.21055603027344
srv-006,2017-06-05 15:00:00,92.66421508789062
srv-006,2017-06-05 16:00:00,90.45539093017578
srv-006,2017-06-05 17:00:00,86.96858215332031
srv-006,2017-06-05 18:00:00,89.85057067871094
srv-006,2017-06-05 19:00:00,92.00798034667969
srv-006,2017-06-05 20:00:00,91.39058685302734
srv-006,2017-06-05 21:00:00,89.67576599121094
srv-006,2017-06-05 22:00:00,90.21432495117188
srv-006,2017-06-05 23:00:00,91.03093719482422
srv-006,2017-06-06 00:00:00,91.40936279296875
srv-006,2017-06-06 01:00:00,90.36318969726562
srv-006,2017-06-06 02:00:00,92.32072448730469
srv-006,2017-06-06 03:00:00,92.4773941040039
srv-006,2017-06-06 04:00:00,92.82034301757812
srv-006,2017-06-06 05:00:00,90.19463348388672
srv-006,2017-06-06 06:00:00,93.5404052734375
srv-006,2017-06-06 07:00:00,94.15499114990234
srv-006,2017-06-06 08:00:00,95.59423828125
srv-006,2017-06-06 09:00:00,95.49407196044922
srv-006,2017-06-06 10:00:00,95.75927734375
srv-006,2017-06-06 11:00:00,96.40865325927734
srv-006,2017-06-06 12:00:00,95.90519714355469
srv-006,2017-06-06 13:00:00,95.85507202148438
srv-006,2017-06-06 14:00:00,95.8818588256836
srv-006,2017-06-06 15:00:00,96.26641845703125
srv-006,2017-06-06 16:00:00,96.2049560546875
srv-006,2017-06-06 17:00:00,96.38555145263672
srv-006,2017-06-06 18:00:00,96.5708999633789
srv-006,2017-06-06 19:00:00,96.08055114746094
srv-006,2017-06-06 20:00:00,95.39442443847656
srv-006,2017-06-06 21:00:00,92.27308654785156
srv-006,2017-06-06 22:00:00,93.37409210205078
srv-006,2017-06-06 23:00:00,92.95484924316406
srv-006,2017-06-07 00:00:00,93.13912200927734
srv-006,2017-06-07 01:00:00,92.84407043457031
srv-006,2017-06-07 02:00:00,94.25143432617188
srv-006,2017-06-07 03:00:00,95.00092315673828
srv-006,2017-06-07 04:00:00,92.06884765625
srv-006,2017-06-07 05:00:00,88.94184875488281
srv-006,2017-06-07 06:00:00,90.88526153564453
srv-006,2017-06-07 07:00:00,92.42742156982422
srv-006,2017-06-07 08:00:00,93.91890716552734
srv-006,2017-06-07 09:00:00,95.0739974975586
srv-006,2017-06-07 10:00:00,96.66934204101562
srv-006,2017-06-07 11:00:00,96.54374694824219
srv-006,2017-06-07 12:00:00,96.47542572021484
srv-006,2017-06-07 13:00:00,96.16323852539062
srv-006,2017-06-07 14:00:00,96.16548156738281
srv-006,2017-06-07 15:00:00,95.86730194091797
srv-006,2017-06-07 16:00:00,95.88587188720703
srv-006,2017-06-07 17:00:00,96.31645202636719
srv-006,2017-06-07 18:00:00,96.25618743896484
srv-006,2017-06-07 19:00:00,96.21477508544922
srv-006,2017-06-07 20:00:00,95.59542846679688
srv-006,2017-06-07 21:00:00,95.5495834350586
srv-006,2017-06-07 22:00:00,94.32125854492188
srv-006,2017-06-07 23:00:00,94.29989624023438
srv-006,2017-06-08 00:00:00,94.24720001220703
srv-006,2017-06-08 01:00:00,92.03423309326172
srv-006,2017-06-08 02:00:00,93.53942108154297
srv-006,2017-06-08 03:00:00,90.32991027832031
srv-006,2017-06-08 04:00:00,91.29615783691406
srv-006,2017-06-08 05:00:00,92.83868408203125
srv-006,2017-06-08 06:00:00,93.26019287109375
srv-006,2017-06-08 07:00:00,93.265625
srv-006,2017-06-08 08:00:00,94.71043395996094
srv-006,2017-06-08 09:00:00,95.50968933105469
srv-006,2017-06-08 10:00:00,96.52251434326172
srv-006,2017-06-08 11:00:00,96.21859741210938
srv-006,2017-06-08 12:00:00,95.92628479003906
srv-006,2017-06-08 13:00:00,95.46611785888672
srv-006,2017-06-08 14:00:00,95.53596496582031
srv-006,2017-06-08 15:00:00,95.23434448242188
srv-006,2017-06-08 16:00:00,95.54045104980469
srv-006,2017-06-08 17:00:00,94.63853454589844
srv-006,2017-06-08 18:00:00,93.26561737060547
srv-006,2017-06-08 19:00:00,93.66400146484375
srv-006,2017-06-08 20:00:00,93.60498809814453
srv-006,2017-06-08 21:00:00,89.35521697998047
srv-006,2017-06-08 22:00:00,89.32412719726562
srv-006,2017-06-08 23:00:00,91.14110565185547
srv-006,2017-06-09 00:00:00,91.81573486328125
srv-006,2017-06-09 01:00:00,92.82881164550781
srv-006,2017-06-09 02:00:00,91.7475814819336
srv-006,2017-06-09 03:00:00,93.07325744628906
srv-006,2017-06-09 04:00:00,92.50186157226562
srv-006,2017-06-09 05:00:00,93.14212036132812
srv-006,2017-06-09 06:00:00,90.33653259277344
srv-006,2017-06-09 07:00:00,87.34011840820312
srv-006,2017-06-09 08:00:00,91.55014038085938
srv-006,2017-06-09 09:00:00,88.9253158569336
srv-006,2017-06-09 10:00:00,85.43399047851562
srv-006,2017-06-09 11:00:00,83.98733520507812
srv-006,2017-06-09 12:00:00,85.79554748535156
srv-006,2017-06-09 13:00:00,86.79669952392578
srv-006,2017-06-09 14:00:00,86.7576904296875
srv-006,2017-06-09 15:00:00,87.98033142089844
srv-006,2017-06-09 16:00:00,85.69208526611328
srv-006,2017-06-09 17:00:00,86.91477966308594
srv-006,2017-06-09 18:00:00,82.1334228515625
srv-006,2017-06-09 19:00:00,83.78278350830078
srv-006,2017-06-09 20:00:00,83.55522155761719
srv-006,2017-06-09 21:00:00,81.87361145019531
srv-006,2017-06-09 22:00:00,78.52527618408203
srv-006,2017-06-09 23:00:00,78.14630126953125
srv-006,2017-06-10 00:00:00,79.0460205078125
srv-006,2017-06-10 01:00:00,81.1690673828125
srv-006,2017-06-10 02:00:00,81.67647552490234
srv-006,2017-06-10 03:00:00,83.19770812988281
srv-006,2017-06-10 04:00:00,79.36722564697266
srv-006,2017-06-10 05:00:00,81.86056518554688
srv-006,2017-06-10 06:00:00,83.42771911621094
srv-006,2017-06-10 07:00:00,82.96378326416016
srv-006,2017-06-10 08:00:00,86.2701416015625
srv-006,2017-06-10 09:00:00,84.30370330810547
srv-006,2017-06-10 10:00:00,86.86184692382812
srv-006,2017-06-10 11:00:00,89.98933410644531
srv-006,2017-06-10 12:00:00,90.9922103881836
srv-006,2017-06-10 13:00:00,92.59282684326172
srv-006,2017-06-10 14:00:00,92.13277435302734
srv-006,2017-06-10 15:00:00,91.40542602539062
srv-006,2017-06-10 16:00:00,89.98677825927734
srv-006,2017-06-10 17:00:00,87.12725830078125
srv-006,2017-06-10 18:00:00,84.14154052734375
srv-006,2017-06-10 19:00:00,84.09974670410156
srv-006,2017-06-10 20:00:00,82.48170471191406
srv-006,2017-06-10 21:00:00,83.3336410522461
srv-006,2017-06-10 22:00:00,81.50755310058594
srv-006,2017-06-10 23:00:00,80.01274871826172
srv-006,2017-06-11 00:00:00,81.51809692382812
srv-006,2017-06-11 01:00:00,83.75392150878906
srv-006,2017-06-11 02:00:00,86.72095489501953
srv-006,2017-06-11 03:00:00,87.19829559326172
srv-006,2017-06-11 04:00:00,83.77285766601562
srv-006,2017-06-11 05:00:00,81.17627716064453
srv-006,2017-06-11 06:00:00,83.76681518554688
srv-006,2017-06-11 07:00:00,86.19530487060547
srv-006,2017-06-11 08:00:00,90.46922302246094
srv-006,2017-06-11 09:00:00,90.19342041015625
srv-006,2017-06-11 10:00:00,90.6131591796875
srv-006,2017-06-11 11:00:00,91.08660888671875
srv-006,2017-06-11 12:00:00,90.3755111694336
srv-006,2017-06-11 13:00:00,89.43635559082031
srv-006,2017-06-11 14:00:00,88.74685668945312
srv-006,2017-06-11 15:00:00,89.10673522949219
srv-006,2017-06-11 16:00:00,86.0653076171875
srv-006,2017-06-11 17:00:00,85.9369125366211
srv-006,2017-06-11 18:00:00,87.37190246582031
srv-006,2017-06-11 19:00:00,87.4483413696289
srv-006,2017-06-11 20:00:00,87.0009765625
srv-006,2017-06-11 21:00:00,83.08078002929688
srv-006,2017-06-11 22:00:00,82.98867797851562
srv-006,2017-06-11 23:00:00,84.1434555053711
srv-006,2017-06-12 00:00:00,80.90995025634766
srv-006,2017-06-12 01:00:00,77.95782470703125
srv-006,2017-06-12 02:00:00,81.34933471679688
srv-006,2017-06-12 03:00:00,82.42820739746094
srv-006,2017-06-12 04:00:00,84.00015258789062
srv-006,2017-06-12 05:00:00,81.73590087890625
srv-006,2017-06-12 06:00:00,84.33399963378906
srv-006,2017-06-12 07:00:00,86.23291778564453
srv-006,2017-06-12 08:00:00,88.9684066772461
srv-006,2017-06-12 09:00:00,89.64093017578125
srv-006,2017-06-12 10:00:00,93.00762939453125
srv-006,2017-06-12 11:00:00,94.14474487304688
srv-006,2017-06-12 12:00:00,94.80860137939453
srv-006,2017-06-12 13:00:00,94.80145263671875
srv-006,2017-06-12 14:00:00,95.09640502929688
srv-006,2017-06-12 15:00:00,95.65682983398438
srv-006,2017-06-12 16:00:00,95.44712829589844
srv-006,2017-06-12 17:00:00,95.46355438232422
srv-006,2017-06-12 18:00:00,92.49000549316406
srv-006,2017-06-12 19:00:00,91.78607940673828
srv-006,2017-06-12 20:00:00,89.90968322753906
srv-006,2017-06-12 21:00:00,89.85981750488281
srv-006,2017-06-12 22:00:00,88.16288757324219
srv-006,2017-06-12 23:00:00,89.46528625488281
srv-006,2017-06-13 00:00:00,88.061767578125
srv-006,2017-06-13 01:00:00,90.39161682128906
srv-006,2017-06-13 02:00:00,89.0390853881836
srv-006,2017-06-13 03:00:00,87.42762756347656
srv-006,2017-06-13 04:00:00,89.22332763671875
srv-006,2017-06-13 05:00:00,91.22544860839844
srv-006,2017-06-13 06:00:00,88.47529602050781
srv-006,2017-06-13 07:00:00,90.58702850341797
srv-006,2017-06-13 08:00:00,93.11103820800781
srv-006,2017-06-13 09:00:00,93.50088500976562
srv-006,2017-06-13 10:00:00,94.46907043457031
srv-006,2017-06-13 11:00:00,95.60021209716797
srv-006,2017-06-13 12:00:00,95.70603942871094
srv-006,2017-06-13 13:00:00,96.4873275756836
srv-006,2017-06-13 14:00:00,96.16436767578125
srv-006,2017-06-13 15:00:00,96.03628540039062
srv-006,2017-06-13 16:00:00,96.01920318603516
srv-006,2017-06-13 17:00:00,95.92727661132812
srv-006,2017-06-13 18:00:00,95.87881469726562
srv-006,2017-06-13 19:00:00,95.96626281738281
srv-006,2017-06-13 20:00:00,95.94207763671875
srv-006,2017-06-13 21:00:00,95.57907104492188
srv-006,2017-06-13 22:00:00,91.60774230957031
srv-006,2017-06-13 23:00:00,93.55197143554688
srv-006,2017-06-14 00:00:00,94.61383056640625
srv-006,2017-06-14 01:00:00,96.08589172363281
srv-006,2017-06-14 02:00:00,95.53851318359375
srv-006,2017-06-14 03:00:00,96.10494232177734
srv-006,2017-06-14 04:00:00,96.28778839111328
srv-006,2017-06-14 05:00:00,96.51473999023438
srv-006,2017-06-14 06:00:00,96.25298309326172
srv-006,2017-06-14 07:00:00,96.43557739257812
srv-006,2017-06-14 08:00:00,96.59380340576172
srv-006,2017-06-14 09:00:00,96.59207153320312
srv-006,2017-06-14 10:00:00,96.49446105957031
srv-006,2017-06-14 11:00:00,96.81622314453125
srv-006,2017-06-14 12:00:00,96.34722137451172
srv-006,2017-06-14 13:00:00,95.76091003417969
srv-006,2017-06-14 14:00:00,95.9443359375
srv-006,2017-06-14 15:00:00,96.03150939941406
srv-006,2017-06-14 16:00:00,95.43685913085938
srv-006,2017-06-14 17:00:00,95.39813232421875
srv-006,2017-06-14 18:00:00,95.50669860839844
srv-006,2017-06-14 19:00:00,95.56008911132812
srv-006,2017-06-14 20:00:00,95.43850708007812
srv-006,2017-06-14 21:00:00,94.97407531738281
srv-006,2017-06-14 22:00:00,95.19076538085938
srv-006,2017-06-14 23:00:00,91.83792877197266
srv-006,2017-06-15 00:00:00,92.42756652832031
srv-006,2017-06-15 01:00:00,91.22195434570312
srv-006,2017-06-15 02:00:00,91.29864501953125
srv-006,2017-06-15 03:00:00,91.23478698730469
srv-006,2017-06-15 04:00:00,92.62753295898438
srv-006,2017-06-15 05:00:00,93.16175842285156
srv-006,2017-06-15 06:00:00,94.6607666015625
srv-006,2017-06-15 07:00:00,92.10919189453125
srv-006,2017-06-15 08:00:00,94.22802734375
srv-006,2017-06-15 09:00:00,94.504150390625
srv-006,2017-06-15 10:00:00,95.79579162597656
srv-006,2017-06-15 11:00:00,95.90098571777344
srv-006,2017-06-15 12:00:00,96.04193115234375
srv-006,2017-06-15 13:00:00,95.6097412109375
srv-006,2017-06-15 14:00:00,95.77635192871094
srv-006,2017-06-15 15:00:00,95.628173828125
srv-006,2017-06-15 16:00:00,95.48246002197266
srv-006,2017-06-15 17:00:00,94.81993103027344
srv-006,2017-06-15 18:00:00,94.4529037475586
srv-006,2017-06-15 19:00:00,94.38947296142578
srv-006,2017-06-15 20:00:00,94.75289916992188
srv-006,2017-06-15 21:00:00,93.51150512695312
srv-006,2017-06-15 22:00:00,86.9188461303711
srv-006,2017-06-15 23:00:00,85.98465728759766
srv-006,2017-06-16 00:00:00,87.87745666503906
srv-006,2017-06-16 01:00:00,88.1666259765625
srv-006,2017-06-16 02:00:00,89.23394012451172
srv-006,2017-06-16 03:00:00,87.2107162475586
srv-006,2017-06-16 04:00:00,89.78044128417969
srv-006,2017-06-16 05:00:00,90.18742370605469
srv-006,2017-06-16 06:00:00,88.56536865234375
srv-006,2017-06-16 07:00:00,84.77198791503906
srv-006,2017-06-16 08:00:00,87.71832275390625
srv-006,2017-06-16 09:00:00,89.22490692138672
srv-006,2017-06-16 10:00:00,90.13095092773438
srv-006,2017-06-16 11:00:00,93.33837890625
srv-006,2017-06-16 12:00:00,93.76322937011719
srv-006,2017-06-16 13:00:00,93.03009033203125
srv-006,2017-06-16 14:00:00,90.76358032226562
srv-006,2017-06-16 15:00:00,90.96783447265625
srv-006,2017-06-16 16:00:00,90.13958740234375
srv-006,2017-06-16 17:00:00,88.28959655761719
srv-006,2017-06-16 18:00:00,84.5857925415039
srv-006,2017-06-16 19:00:00,83.77832794189453
srv-006,2017-06-16 20:00:00,81.50595092773438
srv-006,2017-06-16 21:00:00,81.9585952758789
srv-006,2017-06-16 22:00:00,78.96448516845703
srv-006,2017-06-16 23:00:00,77.45436096191406
srv-006,2017-06-17 00:00:00,78.77301025390625
srv-006,2017-06-17 01:00:00,76.65132141113281
srv-006,2017-06-17 02:00:00,78.43404388427734
srv-006,2017-06-17 03:00:00,80.64114379882812
srv-006,2017-06-17 04:00:00,80.00454711914062
srv-006,2017-06-17 05:00:00,82.71780395507812
srv-006,2017-06-17 06:00:00,81.17332458496094
srv-006,2017-06-17 07:00:00,83.49442291259766
srv-006,2017-06-17 08:00:00,88.71175384521484
srv-006,2017-06-17 09:00:00,88.07492065429688
srv-006,2017-06-17 10:00:00,86.97005462646484
srv-006,2017-06-17 11:00:00,90.17567443847656
srv-006,2017-06-17 12:00:00,90.01264953613281
srv-006,2017-06-17 13:00:00,92.20362854003906
srv-006,2017-06-17 14:00:00,92.11170959472656
srv-006,2017-06-17 15:00:00,91.96534729003906
srv-006,2017-06-17 16:00:00,89.32676696777344
srv-006,2017-06-17 17:00:00,86.26298522949219
srv-006,2017-06-17 18:00:00,87.12420654296875
srv-006,2017-06-17 19:00:00,86.96647644042969
srv-006,2017-06-17 20:00:00,85.73655700683594
srv-006,2017-06-17 21:00:00,81.38369750976562
srv-006,2017-06-17 22:00:00,80.3865737915039
srv-006,2017-06-17 23:00:00,78.00750732421875
srv-006,2017-06-18 00:00:00,77.90853118896484
srv-006,2017-06-18 01:00:00,79.74118041992188
srv-006,2017-06-18 02:00:00,81.57908630371094
srv-006,2017-06-18 03:00:00,84.25941467285156
srv-006,2017-06-18 04:00:00,79.87538146972656
srv-006,2017-06-18 05:00:00,84.87466430664062
srv-006,2017-06-18 06:00:00,85.49762725830078
srv-006,2017-06-18 07:00:00,83.68022155761719
srv-006,2017-06-18 08:00:00,86.22542572021484
srv-006,2017-06-18 09:00:00,89.94132995605469
srv-006,2017-06-18 10:00:00,91.61341857910156
srv-006,2017-06-18 11:00:00,92.79322814941406
srv-006,2017-06-18 12:00:00,91.43449401855469
srv-006,2017-06-18 13:00:00,90.867919921875
srv-006,2017-06-18 14:00:00,90.28211975097656
srv-006,2017-06-18 15:00:00,89.51553344726562
srv-006,2017-06-18 16:00:00,87.16925811767578
srv-006,2017-06-18 17:00:00,88.02352905273438
srv-006,2017-06-18 18:00:00,85.16417694091797
srv-006,2017-06-18 19:00:00,85.9667739868164
srv-006,2017-06-18 20:00:00,87.64820861816406
srv-006,2017-06-18 21:00:00,86.79612731933594
srv-006,2017-06-18 22:00:00,83.68612670898438
srv-006,2017-06-18 23:00:00,82.61109924316406
srv-006,2017-06-19 00:00:00,78.88179016113281
srv-006,2017-06-19 01:00:00,81.11344146728516
srv-006,2017-06-19 02:00:00,80.80816650390625
srv-006,2017-06-19 03:00:00,84.505126953125
srv-006,2017-06-19 04:00:00,84.3115005493164
srv-006,2017-06-19 05:00:00,85.94110107421875
srv-006,2017-06-19 06:00:00,82.21344757080078
srv-006,2017-06-19 07:00:00,82.50762939453125
srv-006,2017-06-19 08:00:00,87.02689361572266
srv-006,2017-06-19 09:00:00,85.786376953125
srv-006,2017-06-19 10:00:00,84.23028564453125
srv-006,2017-06-19 11:00:00,87.19197082519531
srv-006,2017-06-19 12:00:00,90.69732666015625
srv-006,2017-06-19 13:00:00,92.74592590332031
srv-006,2017-06-19 14:00:00,94.05781555175781
srv-006,2017-06-19 15:00:00,95.39675903320312
srv-006,2017-06-19 16:00:00,95.6038818359375
srv-006,2017-06-19 17:00:00,94.58264923095703
srv-006,2017-06-19 18:00:00,94.95567321777344
srv-006,2017-06-19 19:00:00,93.7869873046875
srv-006,2017-06-19 20:00:00,94.10303497314453
srv-006,2017-06-19 21:00:00,93.49424743652344
srv-006,2017-06-19 22:00:00,90.27392578125
srv-006,2017-06-19 23:00:00,90.14370727539062
srv-006,2017-06-20 00:00:00,89.7788314819336
srv-006,2017-06-20 01:00:00,89.69477844238281
srv-006,2017-06-20 02:00:00,89.81825256347656
srv-006,2017-06-20 03:00:00,91.24888610839844
srv-006,2017-06-20 04:00:00,89.70049285888672
srv-006,2017-06-20 05:00:00,93.11878967285156
srv-006,2017-06-20 06:00:00,93.56851196289062
srv-006,2017-06-20 07:00:00,95.88456726074219
srv-006,2017-06-20 08:00:00,95.4082260131836
srv-006,2017-06-20 09:00:00,92.44349670410156
srv-006,2017-06-20 10:00:00,94.81260681152344
srv-006,2017-06-20 11:00:00,95.33084106445312
srv-006,2017-06-20 12:00:00,96.33799743652344
srv-006,2017-06-20 13:00:00,96.37661743164062
srv-006,2017-06-20 14:00:00,96.35730743408203
srv-006,2017-06-20 15:00:00,96.71269226074219
srv-006,2017-06-20 16:00:00,96.4057388305664
srv-006,2017-06-20 17:00:00,96.220458984375
srv-006,2017-06-20 18:00:00,95.8836441040039
srv-006,2017-06-20 19:00:00,95.6363296508789
srv-006,2017-06-20 20:00:00,95.71443176269531
srv-006,2017-06-20 21:00:00,95.7740478515625
srv-006,2017-06-20 22:00:00,96.07608032226562
srv-006,2017-06-20 23:00:00,95.73009490966797
srv-006,2017-06-21 00:00:00,95.54498291015625
srv-006,2017-06-21 01:00:00,94.53666687011719
srv-006,2017-06-21 02:00:00,93.79336547851562
srv-006,2017-06-21 03:00:00,95.05326843261719
srv-006,2017-06-21 04:00:00,95.29143524169922
srv-006,2017-06-21 05:00:00,96.07194519042969
srv-006,2017-06-21 06:00:00,96.23384094238281
srv-006,2017-06-21 07:00:00,96.4024429321289
srv-006,2017-06-21 08:00:00,96.37985229492188
srv-006,2017-06-21 09:00:00,96.47440338134766
srv-006,2017-06-21 10:00:00,95.9256362915039
srv-006,2017-06-21 11:00:00,95.91368103027344
srv-006,2017-06-21 12:00:00,96.08139038085938
srv-006,2017-06-21 13:00:00,95.99765014648438
srv-006,2017-06-21 14:00:00,96.34394836425781
srv-006,2017-06-21 15:00:00,96.01665496826172
srv-006,2017-06-21 16:00:00,95.80655670166016
srv-006,2017-06-21 17:00:00,95.79840087890625
srv-006,2017-06-21 18:00:00,95.55467224121094
srv-006,2017-06-21 19:00:00,95.48677062988281
srv-006,2017-06-21 20:00:00,95.41036224365234
srv-006,2017-06-21 21:00:00,95.42353820800781
srv-006,2017-06-21 22:00:00,95.43730163574219
srv-006,2017-06-21 23:00:00,95.61445617675781
srv-006,2017-06-22 00:00:00,95.8707275390625
srv-006,2017-06-22 01:00:00,95.79460144042969
srv-006,2017-06-22 02:00:00,95.74459838867188
srv-006,2017-06-22 03:00:00,95.67072296142578
srv-006,2017-06-22 04:00:00,95.75728607177734
srv-006,2017-06-22 05:00:00,95.7852783203125
srv-006,2017-06-22 06:00:00,92.0767822265625
srv-006,2017-06-22 07:00:00,90.47239685058594
srv-006,2017-06-22 08:00:00,92.05001831054688
srv-006,2017-06-22 09:00:00,83.43229675292969
srv-006,2017-06-22 10:00:00,86.80863952636719
srv-006,2017-06-22 11:00:00,89.28697204589844
srv-006,2017-06-22 12:00:00,90.22207641601562
srv-006,2017-06-22 13:00:00,90.81966400146484
srv-006,2017-06-22 14:00:00,93.84619140625
srv-006,2017-06-22 15:00:00,94.31242370605469
srv-006,2017-06-22 16:00:00,93.69208526611328
srv-006,2017-06-22 17:00:00,94.27330017089844
srv-006,2017-06-22 18:00:00,95.15013122558594
srv-006,2017-06-22 19:00:00,95.23461151123047
srv-006,2017-06-22 20:00:00,90.50357055664062
srv-006,2017-06-22 21:00:00,88.7394790649414
srv-006,2017-06-22 22:00:00,87.3021240234375
srv-006,2017-06-22 23:00:00,87.49917602539062
srv-006,2017-06-23 00:00:00,88.19183349609375
srv-006,2017-06-23 01:00:00,85.84858703613281
srv-006,2017-06-23 02:00:00,88.5810546875
srv-006,2017-06-23 03:00:00,88.98163604736328
srv-006,2017-06-23 04:00:00,88.67766571044922
srv-006,2017-06-23 05:00:00,87.94771575927734
srv-006,2017-06-23 06:00:00,85.18962097167969
srv-006,2017-06-23 07:00:00,81.49972534179688
srv-006,2017-06-23 08:00:00,85.752685546875
srv-006,2017-06-23 09:00:00,83.11416625976562
srv-006,2017-06-23 10:00:00,83.73273468017578
srv-006,2017-06-23 11:00:00,87.397705078125
srv-006,2017-06-23 12:00:00,86.99188232421875
srv-006,2017-06-23 13:00:00,88.818115234375
srv-006,2017-06-23 14:00:00,89.65857696533203
srv-006,2017-06-23 15:00:00,88.50469970703125
srv-006,2017-06-23 16:00:00,87.608642578125
srv-006,2017-06-23 17:00:00,87.44721984863281
srv-006,2017-06-23 18:00:00,86.14567565917969
srv-006,2017-06-23 19:00:00,81.96012115478516
srv-006,2017-06-23 20:00:00,79.67938232421875
srv-006,2017-06-23 21:00:00,79.21795654296875
srv-006,2017-06-23 22:00:00,76.79302215576172
srv-006,2017-06-23 23:00:00,78.64076232910156
srv-006,2017-06-24 00:00:00,79.05103302001953
srv-006,2017-06-24 01:00:00,80.72726440429688
srv-006,2017-06-24 02:00:00,81.7768325805664
srv-006,2017-06-24 03:00:00,84.1480712890625
srv-006,2017-06-24 04:00:00,83.42185974121094
srv-006,2017-06-24 05:00:00,79.37741088867188
srv-006,2017-06-24 06:00:00,79.75381469726562
srv-006,2017-06-24 07:00:00,82.00094604492188
srv-006,2017-06-24 08:00:00,85.03318786621094
srv-006,2017-06-24 09:00:00,87.51346588134766
srv-006,2017-06-24 10:00:00,90.09455871582031
srv-006,2017-06-24 11:00:00,90.989013671875
srv-006,2017-06-24 12:00:00,91.36531066894531
srv-006,2017-06-24 13:00:00,91.9681167602539
srv-006,2017-06-24 14:00:00,89.749755859375
srv-006,2017-06-24 15:00:00,90.44050598144531
srv-006,2017-06-24 16:00:00,87.73828125
srv-006,2017-06-24 17:00:00,90.30984497070312
srv-006,2017-06-24 18:00:00,85.84422302246094
srv-006,2017-06-24 19:00:00,86.3176040649414
srv-006,2017-06-24 20:00:00,87.26485443115234
srv-006,2017-06-24 21:00:00,85.73167419433594
srv-006,2017-06-24 22:00:00,83.54473114013672
srv-006,2017-06-24 23:00:00,79.57945251464844
srv-006,2017-06-25 00:00:00,82.06132507324219
srv-006,2017-06-25 01:00:00,84.3184814453125
srv-006,2017-06-25 02:00:00,86.00260925292969
srv-006,2017-06-25 03:00:00,85.49066162109375
srv-006,2017-06-25 04:00:00,82.19992065429688
srv-006,2017-06-25 05:00:00,79.85888671875
srv-006,2017-06-25 06:00:00,84.65403747558594
srv-006,2017-06-25 07:00:00,83.95008850097656
srv-006,2017-06-25 08:00:00,85.83364868164062
srv-006,2017-06-25 09:00:00,80.99432373046875
srv-006,2017-06-25 10:00:00,83.26080322265625
srv-006,2017-06-25 11:00:00,89.7169189453125
srv-006,2017-06-25 12:00:00,88.39723205566406
srv-006,2017-06-25 13:00:00,88.40177917480469
srv-006,2017-06-25 14:00:00,88.37042999267578
srv-006,2017-06-25 15:00:00,86.98834228515625
srv-006,2017-06-25 16:00:00,87.03785705566406
srv-006,2017-06-25 17:00:00,87.6446304321289
srv-006,2017-06-25 18:00:00,87.81414794921875
srv-006,2017-06-25 19:00:00,85.68585205078125
srv-006,2017-06-25 20:00:00,85.53008270263672
srv-006,2017-06-25 21:00:00,87.3249282836914
srv-006,2017-06-25 22:00:00,87.10789489746094
srv-006,2017-06-25 23:00:00,84.16290283203125
srv-006,2017-06-26 00:00:00,77.21957397460938
srv-006,2017-06-26 01:00:00,78.5493392944336
srv-006,2017-06-26 02:00:00,80.18103790283203
srv-006,2017-06-26 03:00:00,81.66696166992188
srv-006,2017-06-26 04:00:00,82.65697479248047
srv-006,2017-06-26 05:00:00,88.55058288574219
srv-006,2017-06-26 06:00:00,88.54240417480469
srv-006,2017-06-26 07:00:00,86.3040542602539
srv-006,2017-06-26 08:00:00,90.08375549316406
srv-006,2017-06-26 09:00:00,87.44849395751953
srv-006,2017-06-26 10:00:00,86.64380645751953
srv-006,2017-06-26 11:00:00,87.32035064697266
srv-006,2017-06-26 12:00:00,89.27633666992188
srv-006,2017-06-26 13:00:00,90.33660888671875
srv-006,2017-06-26 14:00:00,92.70222473144531
srv-006,2017-06-26 15:00:00,93.41246795654297
srv-006,2017-06-26 16:00:00,91.60858154296875
srv-006,2017-06-26 17:00:00,92.45816040039062
srv-006,2017-06-26 18:00:00,92.24290466308594
srv-006,2017-06-26 19:00:00,91.52223205566406
srv-006,2017-06-26 20:00:00,91.52648162841797
srv-006,2017-06-26 21:00:00,91.32290649414062
srv-006,2017-06-26 22:00:00,92.38658905029297
srv-006,2017-06-26 23:00:00,93.18803405761719
srv-006,2017-06-27 00:00:00,94.40603637695312
srv-006,2017-06-27 01:00:00,90.55722045898438
srv-006,2017-06-27 02:00:00,90.57596588134766
srv-006,2017-06-27 03:00:00,91.52201080322266
srv-006,2017-06-27 04:00:00,91.29281616210938
srv-006,2017-06-27 05:00:00,91.42634582519531
srv-006,2017-06-27 06:00:00,93.9273910522461
srv-006,2017-06-27 07:00:00,92.75456237792969
srv-006,2017-06-27 08:00:00,92.92091369628906
srv-006,2017-06-27 09:00:00,92.63772583007812
srv-006,2017-06-27 10:00:00,90.43553161621094
srv-006,2017-06-27 11:00:00,92.97160339355469
srv-006,2017-06-27 12:00:00,93.89643096923828
srv-006,2017-06-27 13:00:00,95.48675537109375
srv-006,2017-06-27 14:00:00,96.58204650878906
srv-006,2017-06-27 15:00:00,96.81849670410156
srv-006,2017-06-27 16:00:00,96.8276596069336
srv-006,2017-06-27 17:00:00,96.43060302734375
srv-006,2017-06-27 18:00:00,96.3262710571289
srv-006,2017-06-27 19:00:00,95.9336929321289
srv-006,2017-06-27 20:00:00,96.0345230102539
srv-006,2017-06-27 21:00:00,95.55052185058594
srv-006,2017-06-27 22:00:00,95.12815856933594
srv-006,2017-06-27 23:00:00,95.50628662109375
srv-006,2017-06-28 00:00:00,95.94233703613281
srv-006,2017-06-28 01:00:00,94.73799133300781
srv-006,2017-06-28 02:00:00,95.35197448730469
srv-006,2017-06-28 03:00:00,95.75804138183594
srv-006,2017-06-28 04:00:00,95.9921875
srv-006,2017-06-28 05:00:00,95.93090057373047
srv-006,2017-06-28 06:00:00,96.27519226074219
srv-006,2017-06-28 07:00:00,96.3338623046875
srv-006,2017-06-28 08:00:00,96.3193588256836
srv-006,2017-06-28 09:00:00,96.39732360839844
srv-006,2017-06-28 10:00:00,96.46194458007812
srv-006,2017-06-28 11:00:00,96.21818542480469
srv-006,2017-06-28 12:00:00,96.39302062988281
srv-006,2017-06-28 13:00:00,96.21470642089844
srv-006,2017-06-28 14:00:00,96.27641296386719
srv-006,2017-06-28 15:00:00,96.18871307373047
srv-006,2017-06-28 16:00:00,95.66914367675781
srv-006,2017-06-28 17:00:00,95.63406372070312
srv-006,2017-06-28 18:00:00,95.6502685546875
srv-006,2017-06-28 19:00:00,95.4888916015625
srv-006,2017-06-28 20:00:00,95.46797180175781
srv-006,2017-06-28 21:00:00,95.49497985839844
srv-006,2017-06-28 22:00:00,95.46636962890625
srv-006,2017-06-28 23:00:00,95.47840881347656
srv-006,2017-06-29 00:00:00,95.8267593383789
srv-006,2017-06-29 01:00:00,94.71142578125
srv-006,2017-06-29 02:00:00,95.1605224609375
srv-006,2017-06-29 03:00:00,95.49046325683594
srv-006,2017-06-29 04:00:00,95.59144592285156
srv-006,2017-06-29 05:00:00,94.89995574951172
srv-006,2017-06-29 06:00:00,94.01142120361328
srv-006,2017-06-29 07:00:00,95.22151947021484
srv-006,2017-06-29 08:00:00,95.0941162109375
srv-006,2017-06-29 09:00:00,95.83445739746094
srv-006,2017-06-29 10:00:00,95.76148986816406
srv-006,2017-06-29 11:00:00,95.76239013671875
srv-006,2017-06-29 12:00:00,95.57716369628906
srv-006,2017-06-29 13:00:00,95.07160186767578
srv-006,2017-06-29 14:00:00,95.11593627929688
srv-006,2017-06-29 15:00:00,94.96148681640625
srv-006,2017-06-29 16:00:00,94.88999938964844
srv-006,2017-06-29 17:00:00,95.0810317993164
srv-006,2017-06-29 18:00:00,95.25235748291016
srv-006,2017-06-29 19:00:00,95.14915466308594
srv-006,2017-06-29 20:00:00,94.92961120605469
srv-006,2017-06-29 21:00:00,94.92365264892578
srv-006,2017-06-29 22:00:00,89.756591796875
srv-006,2017-06-29 23:00:00,89.08235168457031
srv-006,2017-06-30 00:00:00,89.09481048583984
srv-006,2017-06-30 01:00:00,87.48277282714844
srv-006,2017-06-30 02:00:00,87.63703155517578
srv-006,2017-06-30 03:00:00,86.10525512695312
srv-006,2017-06-30 04:00:00,83.59327697753906
srv-006,2017-06-30 05:00:00,83.01473999023438
srv-006,2017-06-30 06:00:00,83.36091613769531
srv-006,2017-06-30 07:00:00,83.71263122558594
srv-006,2017-06-30 08:00:00,86.50865173339844
srv-006,2017-06-30 09:00:00,86.90996551513672
srv-006,2017-06-30 10:00:00,91.28043365478516
srv-006,2017-06-30 11:00:00,91.69254302978516
srv-006,2017-06-30 12:00:00,91.06297302246094
srv-006,2017-06-30 13:00:00,91.95584869384766
srv-006,2017-06-30 14:00:00,91.73490142822266
srv-006,2017-06-30 15:00:00,91.95509338378906
srv-006,2017-06-30 16:00:00,91.97456359863281
srv-006,2017-06-30 17:00:00,89.8553237915039
srv-006,2017-06-30 18:00:00,86.77877044677734
srv-006,2017-06-30 19:00:00,85.16560363769531
srv-006,2017-06-30 20:00:00,86.01666259765625
srv-006,2017-06-30 21:00:00,78.7518539428711
srv-006,2017-06-30 22:00:00,77.69099426269531
srv-006,2017-06-30 23:00:00,75.50228881835938
srv-007,2017-06-01 23:00:00,50.87497329711914
srv-007,2017-06-02 00:00:00,51.08393096923828
srv-007,2017-06-02 01:00:00,50.0012092590332
srv-007,2017-06-02 02:00:00,51.02363204956055
srv-007,2017-06-02 03:00:00,51.594993591308594
srv-007,2017-06-02 04:00:00,49.97323989868164
srv-007,2017-06-02 05:00:00,54.566158294677734
srv-007,2017-06-02 06:00:00,53.519229888916016
srv-007,2017-06-02 07:00:00,56.85812759399414
srv-007,2017-06-02 08:00:00,59.487003326416016
srv-007,2017-06-02 09:00:00,58.43278121948242
srv-007,2017-06-02 10:00:00,52.5378532409668
srv-007,2017-06-02 11:00:00,50.020164489746094
srv-007,2017-06-02 12:00:00,43.48094940185547
srv-007,2017-06-02 13:00:00,41.55779266357422
srv-007,2017-06-02 14:00:00,45.04801559448242
srv-007,2017-06-02 15:00:00,41.60251998901367
srv-007,2017-06-02 16:00:00,40.23261642456055
srv-007,2017-06-02 17:00:00,41.78243637084961
srv-007,2017-06-02 18:00:00,40.483028411865234
srv-007,2017-06-02 19:00:00,38.62441635131836
srv-007,2017-06-02 20:00:00,36.76515579223633
srv-007,2017-06-02 21:00:00,37.19297409057617
srv-007,2017-06-02 22:00:00,36.62358093261719
srv-007,2017-06-02 23:00:00,36.51853561401367
srv-007,2017-06-03 00:00:00,39.638301849365234
srv-007,2017-06-03 01:00:00,40.4348030090332
srv-007,2017-06-03 02:00:00,42.10554885864258
srv-007,2017-06-03 03:00:00,40.853275299072266
srv-007,2017-06-03 04:00:00,40.86555099487305
srv-007,2017-06-03 05:00:00,43.482887268066406
srv-007,2017-06-03 06:00:00,45.058815002441406
srv-007,2017-06-03 07:00:00,43.96188735961914
srv-007,2017-06-03 08:00:00,42.33713912963867
srv-007,2017-06-03 09:00:00,42.33903121948242
srv-007,2017-06-03 10:00:00,42.184303283691406
srv-007,2017-06-03 11:00:00,44.1523323059082
srv-007,2017-06-03 12:00:00,48.110286712646484
srv-007,2017-06-03 13:00:00,45.42805099487305
srv-007,2017-06-03 14:00:00,46.18256378173828
srv-007,2017-06-03 15:00:00,40.74674606323242
srv-007,2017-06-03 16:00:00,39.81814956665039
srv-007,2017-06-03 17:00:00,41.95463943481445
srv-007,2017-06-03 18:00:00,39.7533073425293
srv-007,2017-06-03 19:00:00,37.475189208984375
srv-007,2017-06-03 20:00:00,40.84965133666992
srv-007,2017-06-03 21:00:00,40.81424331665039
srv-007,2017-06-03 22:00:00,39.06117630004883
srv-007,2017-06-03 23:00:00,37.87177276611328
srv-007,2017-06-04 00:00:00,39.938323974609375
srv-007,2017-06-04 01:00:00,41.437252044677734
srv-007,2017-06-04 02:00:00,41.69809341430664
srv-007,2017-06-04 03:00:00,40.60470962524414
srv-007,2017-06-04 04:00:00,40.396549224853516
srv-007,2017-06-04 05:00:00,39.80582809448242
srv-007,2017-06-04 06:00:00,40.88898468017578
srv-007,2017-06-04 07:00:00,42.77170181274414
srv-007,2017-06-04 08:00:00,45.52342224121094
srv-007,2017-06-04 09:00:00,44.24139404296875
srv-007,2017-06-04 10:00:00,43.638668060302734
srv-007,2017-06-04 11:00:00,44.8980712890625
srv-007,2017-06-04 12:00:00,45.718814849853516
srv-007,2017-06-04 13:00:00,47.19587326049805
srv-007,2017-06-04 14:00:00,45.146793365478516
srv-007,2017-06-04 15:00:00,48.72816467285156
srv-007,2017-06-04 16:00:00,49.405643463134766
srv-007,2017-06-04 17:00:00,48.36144256591797
srv-007,2017-06-04 18:00:00,40.72516632080078
srv-007,2017-06-04 19:00:00,40.388004302978516
srv-007,2017-06-04 20:00:00,39.38002395629883
srv-007,2017-06-04 21:00:00,40.83696365356445
srv-007,2017-06-04 22:00:00,38.08915328979492
srv-007,2017-06-04 23:00:00,37.41438674926758
srv-007,2017-06-05 00:00:00,34.36453628540039
srv-007,2017-06-05 01:00:00,34.42472839355469
srv-007,2017-06-05 02:00:00,34.06809997558594
srv-007,2017-06-05 03:00:00,36.173980712890625
srv-007,2017-06-05 04:00:00,37.25466537475586
srv-007,2017-06-05 05:00:00,39.10016632080078
srv-007,2017-06-05 06:00:00,37.0255241394043
srv-007,2017-06-05 07:00:00,37.961097717285156
srv-007,2017-06-05 08:00:00,38.58195114135742
srv-007,2017-06-05 09:00:00,37.20050048828125
srv-007,2017-06-05 10:00:00,38.4892692565918
srv-007,2017-06-05 11:00:00,39.79259490966797
srv-007,2017-06-05 12:00:00,40.67440414428711
srv-007,2017-06-05 13:00:00,41.896148681640625
srv-007,2017-06-05 14:00:00,42.60087585449219
srv-007,2017-06-05 15:00:00,43.727046966552734
srv-007,2017-06-05 16:00:00,45.28664779663086
srv-007,2017-06-05 17:00:00,44.09642028808594
srv-007,2017-06-05 18:00:00,43.39723587036133
srv-007,2017-06-05 19:00:00,42.71993637084961
srv-007,2017-06-05 20:00:00,41.363285064697266
srv-007,2017-06-05 21:00:00,40.58620834350586
srv-007,2017-06-05 22:00:00,40.996238708496094
srv-007,2017-06-05 23:00:00,40.3525276184082
srv-007,2017-06-06 00:00:00,39.2113151550293
srv-007,2017-06-06 01:00:00,42.89860534667969
srv-007,2017-06-06 02:00:00,43.72699737548828
srv-007,2017-06-06 03:00:00,45.40493392944336
srv-007,2017-06-06 04:00:00,46.75923156738281
srv-007,2017-06-06 05:00:00,44.284297943115234
srv-007,2017-06-06 06:00:00,43.4952278137207
srv-007,2017-06-06 07:00:00,43.910213470458984
srv-007,2017-06-06 08:00:00,47.3950080871582
srv-007,2017-06-06 09:00:00,47.01826858520508
srv-007,2017-06-06 10:00:00,50.07707595825195
srv-007,2017-06-06 11:00:00,52.15001678466797
srv-007,2017-06-06 12:00:00,53.69332504272461
srv-007,2017-06-06 13:00:00,52.234130859375
srv-007,2017-06-06 14:00:00,54.97036361694336
srv-007,2017-06-06 15:00:00,55.6016731262207
srv-007,2017-06-06 16:00:00,50.896541595458984
srv-007,2017-06-06 17:00:00,52.3340950012207
srv-007,2017-06-06 18:00:00,44.76205062866211
srv-007,2017-06-06 19:00:00,47.46580123901367
srv-007,2017-06-06 20:00:00,46.731807708740234
srv-007,2017-06-06 21:00:00,48.90105056762695
srv-007,2017-06-06 22:00:00,47.20394515991211
srv-007,2017-06-06 23:00:00,47.70264434814453
srv-007,2017-06-07 00:00:00,52.484378814697266
srv-007,2017-06-07 01:00:00,49.300987243652344
srv-007,2017-06-07 02:00:00,48.87234115600586
srv-007,2017-06-07 03:00:00,50.40879440307617
srv-007,2017-06-07 04:00:00,52.19917678833008
srv-007,2017-06-07 05:00:00,52.52431106567383
srv-007,2017-06-07 06:00:00,50.00275802612305
srv-007,2017-06-07 07:00:00,50.117679595947266
srv-007,2017-06-07 08:00:00,52.024112701416016
srv-007,2017-06-07 09:00:00,47.90904235839844
srv-007,2017-06-07 10:00:00,50.833003997802734
srv-007,2017-06-07 11:00:00,50.824337005615234
srv-007,2017-06-07 12:00:00,49.613548278808594
srv-007,2017-06-07 13:00:00,50.01663589477539
srv-007,2017-06-07 14:00:00,53.745609283447266
srv-007,2017-06-07 15:00:00,55.160545349121094
srv-007,2017-06-07 16:00:00,55.89656448364258
srv-007,2017-06-07 17:00:00,56.55314254760742
srv-007,2017-06-07 18:00:00,53.724178314208984
srv-007,2017-06-07 19:00:00,51.47849655151367
srv-007,2017-06-07 20:00:00,54.410335540771484
srv-007,2017-06-07 21:00:00,53.19587326049805
srv-007,2017-06-07 22:00:00,50.64210891723633
srv-007,2017-06-07 23:00:00,51.20473861694336
srv-007,2017-06-08 00:00:00,48.42937088012695
srv-007,2017-06-08 01:00:00,45.28517532348633
srv-007,2017-06-08 02:00:00,45.9886474609375
srv-007,2017-06-08 03:00:00,49.172203063964844
srv-007,2017-06-08 04:00:00,48.293663024902344
srv-007,2017-06-08 05:00:00,46.33938980102539
srv-007,2017-06-08 06:00:00,48.206790924072266
srv-007,2017-06-08 07:00:00,46.625728607177734
srv-007,2017-06-08 08:00:00,48.6258659362793
srv-007,2017-06-08 09:00:00,50.36392593383789
srv-007,2017-06-08 10:00:00,51.52289962768555
srv-007,2017-06-08 11:00:00,51.70742416381836
srv-007,2017-06-08 12:00:00,53.846065521240234
srv-007,2017-06-08 13:00:00,52.00148010253906
srv-007,2017-06-08 14:00:00,54.73273849487305
srv-007,2017-06-08 15:00:00,54.052059173583984
srv-007,2017-06-08 16:00:00,51.33035659790039
srv-007,2017-06-08 17:00:00,48.636112213134766
srv-007,2017-06-08 18:00:00,44.93403244018555
srv-007,2017-06-08 19:00:00,43.54997253417969
srv-007,2017-06-08 20:00:00,46.268192291259766
srv-007,2017-06-08 21:00:00,42.57026290893555
srv-007,2017-06-08 22:00:00,43.80469512939453
srv-007,2017-06-08 23:00:00,42.90205001831055
srv-007,2017-06-09 00:00:00,41.26926040649414
srv-007,2017-06-09 01:00:00,43.68629837036133
srv-007,2017-06-09 02:00:00,42.144989013671875
srv-007,2017-06-09 03:00:00,40.624046325683594
srv-007,2017-06-09 04:00:00,44.513099670410156
srv-007,2017-06-09 05:00:00,46.1366081237793
srv-007,2017-06-09 06:00:00,42.84219741821289
srv-007,2017-06-09 07:00:00,41.85811996459961
srv-007,2017-06-09 08:00:00,41.968082427978516
srv-007,2017-06-09 09:00:00,40.67483139038086
srv-007,2017-06-09 10:00:00,42.71226119995117
srv-007,2017-06-09 11:00:00,40.960201263427734
srv-007,2017-06-09 12:00:00,40.37697982788086
srv-007,2017-06-09 13:00:00,38.214813232421875
srv-007,2017-06-09 14:00:00,38.881900787353516
srv-007,2017-06-09 15:00:00,40.896026611328125
srv-007,2017-06-09 16:00:00,38.852291107177734
srv-007,2017-06-09 17:00:00,39.734004974365234
srv-007,2017-06-09 18:00:00,38.05101013183594
srv-007,2017-06-09 19:00:00,38.39896774291992
srv-007,2017-06-09 20:00:00,38.77391052246094
srv-007,2017-06-09 21:00:00,38.17952346801758
srv-007,2017-06-09 22:00:00,38.61395263671875
srv-007,2017-06-09 23:00:00,39.54581832885742
srv-007,2017-06-10 00:00:00,40.67652893066406
srv-007,2017-06-10 01:00:00,41.686012268066406
srv-007,2017-06-10 02:00:00,43.43838119506836
srv-007,2017-06-10 03:00:00,42.54095458984375
srv-007,2017-06-10 04:00:00,43.439876556396484
srv-007,2017-06-10 05:00:00,39.49089050292969
srv-007,2017-06-10 06:00:00,38.388126373291016
srv-007,2017-06-10 07:00:00,36.16330337524414
srv-007,2017-06-10 08:00:00,38.80024719238281
srv-007,2017-06-10 09:00:00,38.66676712036133
srv-007,2017-06-10 10:00:00,39.922550201416016
srv-007,2017-06-10 11:00:00,42.37557601928711
srv-007,2017-06-10 12:00:00,38.895809173583984
srv-007,2017-06-10 13:00:00,40.12408447265625
srv-007,2017-06-10 14:00:00,42.82647705078125
srv-007,2017-06-10 15:00:00,44.849666595458984
srv-007,2017-06-10 16:00:00,43.248992919921875
srv-007,2017-06-10 17:00:00,43.351768493652344
srv-007,2017-06-10 18:00:00,44.24373245239258
srv-007,2017-06-10 19:00:00,41.297401428222656
srv-007,2017-06-10 20:00:00,37.086944580078125
srv-007,2017-06-10 21:00:00,37.16188430786133
srv-007,2017-06-10 22:00:00,37.243370056152344
srv-007,2017-06-10 23:00:00,37.9103889465332
srv-007,2017-06-11 00:00:00,37.244354248046875
srv-007,2017-06-11 01:00:00,39.25579833984375
srv-007,2017-06-11 02:00:00,42.226566314697266
srv-007,2017-06-11 03:00:00,40.67879867553711
srv-007,2017-06-11 04:00:00,42.86355209350586
srv-007,2017-06-11 05:00:00,41.15231704711914
srv-007,2017-06-11 06:00:00,37.72627258300781
srv-007,2017-06-11 07:00:00,37.96987533569336
srv-007,2017-06-11 08:00:00,38.63542175292969
srv-007,2017-06-11 09:00:00,38.63230895996094
srv-007,2017-06-11 10:00:00,39.97210693359375
srv-007,2017-06-11 11:00:00,41.52236557006836
srv-007,2017-06-11 12:00:00,44.03049850463867
srv-007,2017-06-11 13:00:00,44.77846908569336
srv-007,2017-06-11 14:00:00,45.21768569946289
srv-007,2017-06-11 15:00:00,38.30613327026367
srv-007,2017-06-11 16:00:00,40.6682243347168
srv-007,2017-06-11 17:00:00,39.374691009521484
srv-007,2017-06-11 18:00:00,40.5524787902832
srv-007,2017-06-11 19:00:00,40.4803352355957
srv-007,2017-06-11 20:00:00,40.50307846069336
srv-007,2017-06-11 21:00:00,39.80607986450195
srv-007,2017-06-11 22:00:00,39.5107307434082
srv-007,2017-06-11 23:00:00,42.104515075683594
srv-007,2017-06-12 00:00:00,38.36290740966797
srv-007,2017-06-12 01:00:00,37.3455924987793
srv-007,2017-06-12 02:00:00,36.980777740478516
srv-007,2017-06-12 03:00:00,35.739383697509766
srv-007,2017-06-12 04:00:00,36.94269943237305
srv-007,2017-06-12 05:00:00,37.93743133544922
srv-007,2017-06-12 06:00:00,37.80903244018555
srv-007,2017-06-12 07:00:00,37.89225387573242
srv-007,2017-06-12 08:00:00,38.02644348144531
srv-007,2017-06-12 09:00:00,37.32207107543945
srv-007,2017-06-12 10:00:00,38.12559127807617
srv-007,2017-06-12 11:00:00,41.96839141845703
srv-007,2017-06-12 12:00:00,41.365482330322266
srv-007,2017-06-12 13:00:00,44.42428970336914
srv-007,2017-06-12 14:00:00,41.49445724487305
srv-007,2017-06-12 15:00:00,40.56511306762695
srv-007,2017-06-12 16:00:00,38.99861526489258
srv-007,2017-06-12 17:00:00,42.871307373046875
srv-007,2017-06-12 18:00:00,42.82554244995117
srv-007,2017-06-12 19:00:00,40.892513275146484
srv-007,2017-06-12 20:00:00,39.632808685302734
srv-007,2017-06-12 21:00:00,39.17036056518555
srv-007,2017-06-12 22:00:00,41.172935485839844
srv-007,2017-06-12 23:00:00,42.347408294677734
srv-007,2017-06-13 00:00:00,45.06533432006836
srv-007,2017-06-13 01:00:00,46.65743637084961
srv-007,2017-06-13 02:00:00,45.96168899536133
srv-007,2017-06-13 03:00:00,48.02371597290039
srv-007,2017-06-13 04:00:00,41.28995132446289
srv-007,2017-06-13 05:00:00,41.89315414428711
srv-007,2017-06-13 06:00:00,46.63322830200195
srv-007,2017-06-13 07:00:00,44.31968307495117
srv-007,2017-06-13 08:00:00,46.68186569213867
srv-007,2017-06-13 09:00:00,44.21099090576172
srv-007,2017-06-13 10:00:00,46.40024948120117
srv-007,2017-06-13 11:00:00,49.864654541015625
srv-007,2017-06-13 12:00:00,51.09170913696289
srv-007,2017-06-13 13:00:00,53.64902114868164
srv-007,2017-06-13 14:00:00,54.09523391723633
srv-007,2017-06-13 15:00:00,50.15681076049805
srv-007,2017-06-13 16:00:00,45.96829605102539
srv-007,2017-06-13 17:00:00,42.95485305786133
srv-007,2017-06-13 18:00:00,45.4295768737793
srv-007,2017-06-13 19:00:00,44.57793045043945
srv-007,2017-06-13 20:00:00,45.55545425415039
srv-007,2017-06-13 21:00:00,46.88283157348633
srv-007,2017-06-13 22:00:00,49.038150787353516
srv-007,2017-06-13 23:00:00,45.4084587097168
srv-007,2017-06-14 00:00:00,49.370452880859375
srv-007,2017-06-14 01:00:00,49.729820251464844
srv-007,2017-06-14 02:00:00,52.60087966918945
srv-007,2017-06-14 03:00:00,52.22807693481445
srv-007,2017-06-14 04:00:00,55.48427200317383
srv-007,2017-06-14 05:00:00,51.07084274291992
srv-007,2017-06-14 06:00:00,52.245140075683594
srv-007,2017-06-14 07:00:00,53.0455436706543
srv-007,2017-06-14 08:00:00,52.60664749145508
srv-007,2017-06-14 09:00:00,52.12407302856445
srv-007,2017-06-14 10:00:00,52.30316162109375
srv-007,2017-06-14 11:00:00,54.38130187988281
srv-007,2017-06-14 12:00:00,54.382938385009766
srv-007,2017-06-14 13:00:00,55.624881744384766
srv-007,2017-06-14 14:00:00,50.37840270996094
srv-007,2017-06-14 15:00:00,55.97957992553711
srv-007,2017-06-14 16:00:00,54.24539566040039
srv-007,2017-06-14 17:00:00,51.44387435913086
srv-007,2017-06-14 18:00:00,50.502681732177734
srv-007,2017-06-14 19:00:00,49.388851165771484
srv-007,2017-06-14 20:00:00,48.70270919799805
srv-007,2017-06-14 21:00:00,49.55318069458008
srv-007,2017-06-14 22:00:00,45.59151840209961
srv-007,2017-06-14 23:00:00,46.36831283569336
srv-007,2017-06-15 00:00:00,47.446598052978516
srv-007,2017-06-15 01:00:00,50.66546630859375
srv-007,2017-06-15 02:00:00,46.09562683105469
srv-007,2017-06-15 03:00:00,46.800384521484375
srv-007,2017-06-15 04:00:00,49.82369613647461
srv-007,2017-06-15 05:00:00,50.71530532836914
srv-007,2017-06-15 06:00:00,51.99995040893555
srv-007,2017-06-15 07:00:00,47.8409538269043
srv-007,2017-06-15 08:00:00,49.9838981628418
srv-007,2017-06-15 09:00:00,47.09437561035156
srv-007,2017-06-15 10:00:00,48.691505432128906
srv-007,2017-06-15 11:00:00,50.0914421081543
srv-007,2017-06-15 12:00:00,52.59769058227539
srv-007,2017-06-15 13:00:00,50.89921188354492
srv-007,2017-06-15 14:00:00,45.75839614868164
srv-007,2017-06-15 15:00:00,49.75165557861328
srv-007,2017-06-15 16:00:00,48.218257904052734
srv-007,2017-06-15 17:00:00,46.093807220458984
srv-007,2017-06-15 18:00:00,47.05985641479492
srv-007,2017-06-15 19:00:00,42.83817672729492
srv-007,2017-06-15 20:00:00,43.31032943725586
srv-007,2017-06-15 21:00:00,44.193504333496094
srv-007,2017-06-15 22:00:00,41.99290084838867
srv-007,2017-06-15 23:00:00,42.675048828125
srv-007,2017-06-16 00:00:00,41.648033142089844
srv-007,2017-06-16 01:00:00,40.66401290893555
srv-007,2017-06-16 02:00:00,38.511199951171875
srv-007,2017-06-16 03:00:00,39.59136199951172
srv-007,2017-06-16 04:00:00,44.48788833618164
srv-007,2017-06-16 05:00:00,43.09243392944336
srv-007,2017-06-16 06:00:00,42.52927780151367
srv-007,2017-06-16 07:00:00,45.999149322509766
srv-007,2017-06-16 08:00:00,45.87208938598633
srv-007,2017-06-16 09:00:00,42.17758560180664
srv-007,2017-06-16 10:00:00,42.95112991333008
srv-007,2017-06-16 11:00:00,42.46181106567383
srv-007,2017-06-16 12:00:00,46.002532958984375
srv-007,2017-06-16 13:00:00,44.547760009765625
srv-007,2017-06-16 14:00:00,42.55281448364258
srv-007,2017-06-16 15:00:00,40.875057220458984
srv-007,2017-06-16 16:00:00,41.834075927734375
srv-007,2017-06-16 17:00:00,42.40481948852539
srv-007,2017-06-16 18:00:00,41.6039924621582
srv-007,2017-06-16 19:00:00,42.37202072143555
srv-007,2017-06-16 20:00:00,37.496849060058594
srv-007,2017-06-16 21:00:00,38.0283088684082
srv-007,2017-06-16 22:00:00,36.76295471191406
srv-007,2017-06-16 23:00:00,37.18299865722656
srv-007,2017-06-17 00:00:00,36.70797348022461
srv-007,2017-06-17 01:00:00,37.37746047973633
srv-007,2017-06-17 02:00:00,39.53849411010742
srv-007,2017-06-17 03:00:00,38.29664611816406
srv-007,2017-06-17 04:00:00,41.151519775390625
srv-007,2017-06-17 05:00:00,41.26841354370117
srv-007,2017-06-17 06:00:00,44.56943893432617
srv-007,2017-06-17 07:00:00,41.50614929199219
srv-007,2017-06-17 08:00:00,40.742530822753906
srv-007,2017-06-17 09:00:00,43.593875885009766
srv-007,2017-06-17 10:00:00,42.022010803222656
srv-007,2017-06-17 11:00:00,42.02249526977539
srv-007,2017-06-17 12:00:00,39.640506744384766
srv-007,2017-06-17 13:00:00,39.629920959472656
srv-007,2017-06-17 14:00:00,40.22697067260742
srv-007,2017-06-17 15:00:00,39.59157180786133
srv-007,2017-06-17 16:00:00,38.9277458190918
srv-007,2017-06-17 17:00:00,41.47291946411133
srv-007,2017-06-17 18:00:00,42.50019836425781
srv-007,2017-06-17 19:00:00,42.98630905151367
srv-007,2017-06-17 20:00:00,41.010005950927734
srv-007,2017-06-17 21:00:00,38.414527893066406
srv-007,2017-06-17 22:00:00,38.212703704833984
srv-007,2017-06-17 23:00:00,38.85820770263672
srv-007,2017-06-18 00:00:00,39.4577522277832
srv-007,2017-06-18 01:00:00,40.054786682128906
srv-007,2017-06-18 02:00:00,39.53512954711914
srv-007,2017-06-18 03:00:00,38.588741302490234
srv-007,2017-06-18 04:00:00,40.25127029418945
srv-007,2017-06-18 05:00:00,41.56532669067383
srv-007,2017-06-18 06:00:00,38.7879753112793
srv-007,2017-06-18 07:00:00,40.140377044677734
srv-007,2017-06-18 08:00:00,40.143531799316406
srv-007,2017-06-18 09:00:00,43.393924713134766
srv-007,2017-06-18 10:00:00,43.51947021484375
srv-007,2017-06-18 11:00:00,45.54790115356445
srv-007,2017-06-18 12:00:00,50.82889938354492
srv-007,2017-06-18 13:00:00,51.68840408325195
srv-007,2017-06-18 14:00:00,48.025455474853516
srv-007,2017-06-18 15:00:00,43.967041015625
srv-007,2017-06-18 16:00:00,44.04010772705078
srv-007,2017-06-18 17:00:00,45.50069808959961
srv-007,2017-06-18 18:00:00,44.46025085449219
srv-007,2017-06-18 19:00:00,42.7659912109375
srv-007,2017-06-18 20:00:00,40.4036865234375
srv-007,2017-06-18 21:00:00,37.35198211669922
srv-007,2017-06-18 22:00:00,36.24482345581055
srv-007,2017-06-18 23:00:00,35.931182861328125
srv-007,2017-06-19 00:00:00,33.43104553222656
srv-007,2017-06-19 01:00:00,37.8015022277832
srv-007,2017-06-19 02:00:00,37.78654098510742
srv-007,2017-06-19 03:00:00,35.936275482177734
srv-007,2017-06-19 04:00:00,37.037288665771484
srv-007,2017-06-19 05:00:00,37.347328186035156
srv-007,2017-06-19 06:00:00,39.400177001953125
srv-007,2017-06-19 07:00:00,38.941650390625
srv-007,2017-06-19 08:00:00,42.70706558227539
srv-007,2017-06-19 09:00:00,42.53848648071289
srv-007,2017-06-19 10:00:00,44.18544387817383
srv-007,2017-06-19 11:00:00,45.669986724853516
srv-007,2017-06-19 12:00:00,45.48971176147461
srv-007,2017-06-19 13:00:00,46.86758041381836
srv-007,2017-06-19 14:00:00,47.378360748291016
srv-007,2017-06-19 15:00:00,45.45574188232422
srv-007,2017-06-19 16:00:00,42.8801155090332
srv-007,2017-06-19 17:00:00,43.532222747802734
srv-007,2017-06-19 18:00:00,46.26119613647461
srv-007,2017-06-19 19:00:00,45.65738296508789
srv-007,2017-06-19 20:00:00,48.08803176879883
srv-007,2017-06-19 21:00:00,43.856719970703125
srv-007,2017-06-19 22:00:00,43.66832733154297
srv-007,2017-06-19 23:00:00,42.063045501708984
srv-007,2017-06-20 00:00:00,43.88375473022461
srv-007,2017-06-20 01:00:00,43.1231575012207
srv-007,2017-06-20 02:00:00,41.326927185058594
srv-007,2017-06-20 03:00:00,46.230716705322266
srv-007,2017-06-20 04:00:00,45.9124641418457
srv-007,2017-06-20 05:00:00,47.348350524902344
srv-007,2017-06-20 06:00:00,50.88662338256836
srv-007,2017-06-20 07:00:00,49.71139144897461
srv-007,2017-06-20 08:00:00,53.36878204345703
srv-007,2017-06-20 09:00:00,51.75566101074219
srv-007,2017-06-20 10:00:00,49.99010467529297
srv-007,2017-06-20 11:00:00,51.05106735229492
srv-007,2017-06-20 12:00:00,54.044559478759766
srv-007,2017-06-20 13:00:00,52.15380096435547
srv-007,2017-06-20 14:00:00,54.5026969909668
srv-007,2017-06-20 15:00:00,55.21845626831055
srv-007,2017-06-20 16:00:00,52.33625411987305
srv-007,2017-06-20 17:00:00,51.98897933959961
srv-007,2017-06-20 18:00:00,50.04869842529297
srv-007,2017-06-20 19:00:00,51.68186569213867
srv-007,2017-06-20 20:00:00,46.70942306518555
srv-007,2017-06-20 21:00:00,49.556400299072266
srv-007,2017-06-20 22:00:00,49.402408599853516
srv-007,2017-06-20 23:00:00,46.671138763427734
srv-007,2017-06-21 00:00:00,49.139259338378906
srv-007,2017-06-21 01:00:00,52.26701736450195
srv-007,2017-06-21 02:00:00,50.932987213134766
srv-007,2017-06-21 03:00:00,49.44797134399414
srv-007,2017-06-21 04:00:00,52.694576263427734
srv-007,2017-06-21 05:00:00,49.13576126098633
srv-007,2017-06-21 06:00:00,50.74250411987305
srv-007,2017-06-21 07:00:00,50.12117385864258
srv-007,2017-06-21 08:00:00,53.74757385253906
srv-007,2017-06-21 09:00:00,53.73067855834961
srv-007,2017-06-21 10:00:00,50.87239074707031
srv-007,2017-06-21 11:00:00,55.45388412475586
srv-007,2017-06-21 12:00:00,55.340396881103516
srv-007,2017-06-21 13:00:00,52.88474655151367
srv-007,2017-06-21 14:00:00,53.44955062866211
srv-007,2017-06-21 15:00:00,54.6458625793457
srv-007,2017-06-21 16:00:00,57.64811706542969
srv-007,2017-06-21 17:00:00,55.580223083496094
srv-007,2017-06-21 18:00:00,54.09260177612305
srv-007,2017-06-21 19:00:00,56.82723617553711
srv-007,2017-06-21 20:00:00,54.355587005615234
srv-007,2017-06-21 21:00:00,56.14809799194336
srv-007,2017-06-21 22:00:00,54.36277770996094
srv-007,2017-06-21 23:00:00,51.03656768798828
srv-007,2017-06-22 00:00:00,50.45218276977539
srv-007,2017-06-22 01:00:00,49.60145568847656
srv-007,2017-06-22 02:00:00,51.21845626831055
srv-007,2017-06-22 03:00:00,51.696533203125
srv-007,2017-06-22 04:00:00,46.939151763916016
srv-007,2017-06-22 05:00:00,50.202030181884766
srv-007,2017-06-22 06:00:00,50.04265594482422
srv-007,2017-06-22 07:00:00,46.09885025024414
srv-007,2017-06-22 08:00:00,49.611148834228516
srv-007,2017-06-22 09:00:00,49.077552795410156
srv-007,2017-06-22 10:00:00,52.385292053222656
srv-007,2017-06-22 11:00:00,54.52216720581055
srv-007,2017-06-22 12:00:00,54.296939849853516
srv-007,2017-06-22 13:00:00,51.368896484375
srv-007,2017-06-22 14:00:00,50.91554641723633
srv-007,2017-06-22 15:00:00,48.68141555786133
srv-007,2017-06-22 16:00:00,47.140262603759766
srv-007,2017-06-22 17:00:00,48.45095443725586
srv-007,2017-06-22 18:00:00,49.2395133972168
srv-007,2017-06-22 19:00:00,45.08489227294922
srv-007,2017-06-22 20:00:00,45.91465759277344
srv-007,2017-06-22 21:00:00,43.26411056518555
srv-007,2017-06-22 22:00:00,41.93293380737305
srv-007,2017-06-22 23:00:00,40.58551788330078
srv-007,2017-06-23 00:00:00,39.005123138427734
srv-007,2017-06-23 01:00:00,39.89805221557617
srv-007,2017-06-23 02:00:00,39.08100509643555
srv-007,2017-06-23 03:00:00,41.609188079833984
srv-007,2017-06-23 04:00:00,40.210601806640625
srv-007,2017-06-23 05:00:00,40.53071212768555
srv-007,2017-06-23 06:00:00,41.5860710144043
srv-007,2017-06-23 07:00:00,40.34507369995117
srv-007,2017-06-23 08:00:00,40.70145034790039
srv-007,2017-06-23 09:00:00,42.944454193115234
srv-007,2017-06-23 10:00:00,42.0012321472168
srv-007,2017-06-23 11:00:00,43.30917739868164
srv-007,2017-06-23 12:00:00,44.819583892822266
srv-007,2017-06-23 13:00:00,41.86867904663086
srv-007,2017-06-23 14:00:00,42.95003128051758
srv-007,2017-06-23 15:00:00,42.718135833740234
srv-007,2017-06-23 16:00:00,43.9041748046875
srv-007,2017-06-23 17:00:00,44.522911071777344
srv-007,2017-06-23 18:00:00,43.747867584228516
srv-007,2017-06-23 19:00:00,38.8400764465332
srv-007,2017-06-23 20:00:00,40.85250473022461
srv-007,2017-06-23 21:00:00,39.361690521240234
srv-007,2017-06-23 22:00:00,38.35670471191406
srv-007,2017-06-23 23:00:00,36.53513717651367
srv-007,2017-06-24 00:00:00,39.29575729370117
srv-007,2017-06-24 01:00:00,43.288883209228516
srv-007,2017-06-24 02:00:00,41.15740966796875
srv-007,2017-06-24 03:00:00,44.514381408691406
srv-007,2017-06-24 04:00:00,44.02425003051758
srv-007,2017-06-24 05:00:00,47.11253356933594
srv-007,2017-06-24 06:00:00,45.18366622924805
srv-007,2017-06-24 07:00:00,37.23735427856445
srv-007,2017-06-24 08:00:00,37.02977752685547
srv-007,2017-06-24 09:00:00,37.39558029174805
srv-007,2017-06-24 10:00:00,37.28925704956055
srv-007,2017-06-24 11:00:00,39.55962371826172
srv-007,2017-06-24 12:00:00,42.721187591552734
srv-007,2017-06-24 13:00:00,45.93716812133789
srv-007,2017-06-24 14:00:00,44.48664474487305
srv-007,2017-06-24 15:00:00,42.88444900512695
srv-007,2017-06-24 16:00:00,46.45552444458008
srv-007,2017-06-24 17:00:00,44.37471389770508
srv-007,2017-06-24 18:00:00,44.73005294799805
srv-007,2017-06-24 19:00:00,45.2446403503418
srv-007,2017-06-24 20:00:00,46.14512634277344
srv-007,2017-06-24 21:00:00,41.5565299987793
srv-007,2017-06-24 22:00:00,39.462764739990234
srv-007,2017-06-24 23:00:00,37.91590881347656
srv-007,2017-06-25 00:00:00,43.34404373168945
srv-007,2017-06-25 01:00:00,41.4639892578125
srv-007,2017-06-25 02:00:00,42.944252014160156
srv-007,2017-06-25 03:00:00,40.111629486083984
srv-007,2017-06-25 04:00:00,40.30152130126953
srv-007,2017-06-25 05:00:00,43.306861877441406
srv-007,2017-06-25 06:00:00,40.53873825073242
srv-007,2017-06-25 07:00:00,38.61678695678711
srv-007,2017-06-25 08:00:00,39.90398025512695
srv-007,2017-06-25 09:00:00,39.06984329223633
srv-007,2017-06-25 10:00:00,40.12763595581055
srv-007,2017-06-25 11:00:00,41.48313522338867
srv-007,2017-06-25 12:00:00,44.276676177978516
srv-007,2017-06-25 13:00:00,46.08282470703125
srv-007,2017-06-25 14:00:00,44.569698333740234
srv-007,2017-06-25 15:00:00,47.94282150268555
srv-007,2017-06-25 16:00:00,48.47416305541992
srv-007,2017-06-25 17:00:00,51.3787727355957
srv-007,2017-06-25 18:00:00,50.81028747558594
srv-007,2017-06-25 19:00:00,42.00160598754883
srv-007,2017-06-25 20:00:00,41.54806137084961
srv-007,2017-06-25 21:00:00,41.4678840637207
srv-007,2017-06-25 22:00:00,39.92660140991211
srv-007,2017-06-25 23:00:00,39.16551971435547
srv-007,2017-06-26 00:00:00,36.07204055786133
srv-007,2017-06-26 01:00:00,34.76691436767578
srv-007,2017-06-26 02:00:00,35.9857063293457
srv-007,2017-06-26 03:00:00,39.436832427978516
srv-007,2017-06-26 04:00:00,39.454776763916016
srv-007,2017-06-26 05:00:00,41.38643264770508
srv-007,2017-06-26 06:00:00,40.25911331176758
srv-007,2017-06-26 07:00:00,37.1292839050293
srv-007,2017-06-26 08:00:00,38.800167083740234
srv-007,2017-06-26 09:00:00,37.394290924072266
srv-007,2017-06-26 10:00:00,40.96358108520508
srv-007,2017-06-26 11:00:00,41.14699935913086
srv-007,2017-06-26 12:00:00,44.73151779174805
srv-007,2017-06-26 13:00:00,44.4233283996582
srv-007,2017-06-26 14:00:00,45.9333610534668
srv-007,2017-06-26 15:00:00,46.07588195800781
srv-007,2017-06-26 16:00:00,47.15682601928711
srv-007,2017-06-26 17:00:00,44.592411041259766
srv-007,2017-06-26 18:00:00,42.14076232910156
srv-007,2017-06-26 19:00:00,43.17287063598633
srv-007,2017-06-26 20:00:00,42.72919845581055
srv-007,2017-06-26 21:00:00,42.62839126586914
srv-007,2017-06-26 22:00:00,41.40023422241211
srv-007,2017-06-26 23:00:00,41.827613830566406
srv-007,2017-06-27 00:00:00,45.09177780151367
srv-007,2017-06-27 01:00:00,43.38529586791992
srv-007,2017-06-27 02:00:00,46.29695510864258
srv-007,2017-06-27 03:00:00,40.65800476074219
srv-007,2017-06-27 04:00:00,40.979801177978516
srv-007,2017-06-27 05:00:00,42.92391586303711
srv-007,2017-06-27 06:00:00,44.53458023071289
srv-007,2017-06-27 07:00:00,43.59463119506836
srv-007,2017-06-27 08:00:00,46.39008331298828
srv-007,2017-06-27 09:00:00,46.66653060913086
srv-007,2017-06-27 10:00:00,48.97050094604492
srv-007,2017-06-27 11:00:00,46.754493713378906
srv-007,2017-06-27 12:00:00,48.0165901184082
srv-007,2017-06-27 13:00:00,46.23273849487305
srv-007,2017-06-27 14:00:00,47.8951301574707
srv-007,2017-06-27 15:00:00,49.146121978759766
srv-007,2017-06-27 16:00:00,51.882747650146484
srv-007,2017-06-27 17:00:00,51.8587532043457
srv-007,2017-06-27 18:00:00,52.9120979309082
srv-007,2017-06-27 19:00:00,46.82737350463867
srv-007,2017-06-27 20:00:00,48.77451705932617
srv-007,2017-06-27 21:00:00,51.31337356567383
srv-007,2017-06-27 22:00:00,46.299800872802734
srv-007,2017-06-27 23:00:00,46.836727142333984
srv-007,2017-06-28 00:00:00,50.578189849853516
srv-007,2017-06-28 01:00:00,47.211631774902344
srv-007,2017-06-28 02:00:00,48.85567092895508
srv-007,2017-06-28 03:00:00,48.833858489990234
srv-007,2017-06-28 04:00:00,48.07537841796875
srv-007,2017-06-28 05:00:00,48.69601821899414
srv-007,2017-06-28 06:00:00,49.45063018798828
srv-007,2017-06-28 07:00:00,49.34029006958008
srv-007,2017-06-28 08:00:00,54.63172912597656
srv-007,2017-06-28 09:00:00,51.375789642333984
srv-007,2017-06-28 10:00:00,50.30136489868164
srv-007,2017-06-28 11:00:00,53.705745697021484
srv-007,2017-06-28 12:00:00,54.69828796386719
srv-007,2017-06-28 13:00:00,54.029457092285156
srv-007,2017-06-28 14:00:00,55.085105895996094
srv-007,2017-06-28 15:00:00,57.175167083740234
srv-007,2017-06-28 16:00:00,57.49784851074219
srv-007,2017-06-28 17:00:00,57.519901275634766
srv-007,2017-06-28 18:00:00,50.569515228271484
srv-007,2017-06-28 19:00:00,56.05001449584961
srv-007,2017-06-28 20:00:00,40.82976150512695
srv-007,2017-06-28 21:00:00,44.65916061401367
srv-007,2017-06-28 22:00:00,43.43417739868164
srv-007,2017-06-28 23:00:00,48.21969985961914
srv-007,2017-06-29 00:00:00,45.86056137084961
srv-007,2017-06-29 01:00:00,44.91525650024414
srv-007,2017-06-29 02:00:00,45.65080642700195
srv-007,2017-06-29 03:00:00,49.09842300415039
srv-007,2017-06-29 04:00:00,49.59012222290039
srv-007,2017-06-29 05:00:00,50.25918197631836
srv-007,2017-06-29 06:00:00,48.27309799194336
srv-007,2017-06-29 07:00:00,49.71245193481445
srv-007,2017-06-29 08:00:00,53.382144927978516
srv-007,2017-06-29 09:00:00,44.28709411621094
srv-007,2017-06-29 10:00:00,47.65896224975586
srv-007,2017-06-29 11:00:00,48.4369010925293
srv-007,2017-06-29 12:00:00,51.2070198059082
srv-007,2017-06-29 13:00:00,53.66162872314453
srv-007,2017-06-29 14:00:00,53.0993537902832
srv-007,2017-06-29 15:00:00,49.45914077758789
srv-007,2017-06-29 16:00:00,49.22091293334961
srv-007,2017-06-29 17:00:00,46.58157730102539
srv-007,2017-06-29 18:00:00,48.44600296020508
srv-007,2017-06-29 19:00:00,45.711788177490234
srv-007,2017-06-29 20:00:00,44.61701202392578
srv-007,2017-06-29 21:00:00,45.114986419677734
srv-007,2017-06-29 22:00:00,41.78643035888672
srv-007,2017-06-29 23:00:00,42.80889129638672
srv-007,2017-06-30 00:00:00,43.577632904052734
srv-007,2017-06-30 01:00:00,46.860286712646484
srv-007,2017-06-30 02:00:00,45.1551628112793
srv-007,2017-06-30 03:00:00,46.27341842651367
srv-007,2017-06-30 04:00:00,42.65195846557617
srv-007,2017-06-30 05:00:00,44.81987762451172
srv-007,2017-06-30 06:00:00,48.800899505615234
srv-007,2017-06-30 07:00:00,46.2728385925293
srv-007,2017-06-30 08:00:00,46.08578872680664
srv-007,2017-06-30 09:00:00,46.71384811401367
srv-007,2017-06-30 10:00:00,45.07596969604492
srv-007,2017-06-30 11:00:00,43.07771682739258
srv-007,2017-06-30 12:00:00,39.61972427368164
srv-007,2017-06-30 13:00:00,39.669857025146484
srv-007,2017-06-30 14:00:00,39.01622009277344
srv-007,2017-06-30 15:00:00,37.94894027709961
srv-007,2017-06-30 16:00:00,41.259918212890625
srv-007,2017-06-30 17:00:00,40.253719329833984
srv-007,2017-06-30 18:00:00,38.664066314697266
srv-007,2017-06-30 19:00:00,38.875633239746094
srv-007,2017-06-30 20:00:00,39.04350662231445
srv-007,2017-06-30 21:00:00,37.29517364501953
srv-007,2017-06-30 22:00:00,36.86595153808594
srv-007,2017-06-30 23:00:00,35.34621047973633
srv-008,2017-06-01 23:00:00,77.90023040771484
srv-008,2017-06-02 00:00:00,76.2430419921875
srv-008,2017-06-02 01:00:00,74.97753143310547
srv-008,2017-06-02 02:00:00,76.37040710449219
srv-008,2017-06-02 03:00:00,74.15846252441406
srv-008,2017-06-02 04:00:00,74.58250427246094
srv-008,2017-06-02 05:00:00,75.46205139160156
srv-008,2017-06-02 06:00:00,73.53633117675781
srv-008,2017-06-02 07:00:00,73.65336608886719
srv-008,2017-06-02 08:00:00,72.89810180664062
srv-008,2017-06-02 09:00:00,73.94705200195312
srv-008,2017-06-02 10:00:00,75.31997680664062
srv-008,2017-06-02 11:00:00,79.89778137207031
srv-008,2017-06-02 12:00:00,72.7390365600586
srv-008,2017-06-02 13:00:00,75.64114379882812
srv-008,2017-06-02 14:00:00,76.97798156738281
srv-008,2017-06-02 15:00:00,72.9434814453125
srv-008,2017-06-02 16:00:00,70.25053405761719
srv-008,2017-06-02 17:00:00,66.66398620605469
srv-008,2017-06-02 18:00:00,67.31584167480469
srv-008,2017-06-02 19:00:00,70.11979675292969
srv-008,2017-06-02 20:00:00,68.40217590332031
srv-008,2017-06-02 21:00:00,69.89341735839844
srv-008,2017-06-02 22:00:00,68.26866149902344
srv-008,2017-06-02 23:00:00,72.53115844726562
srv-008,2017-06-03 00:00:00,76.35893249511719
srv-008,2017-06-03 01:00:00,74.19236755371094
srv-008,2017-06-03 02:00:00,71.3483657836914
srv-008,2017-06-03 03:00:00,69.12616729736328
srv-008,2017-06-03 04:00:00,71.24565887451172
srv-008,2017-06-03 05:00:00,76.76986694335938
srv-008,2017-06-03 06:00:00,75.59720611572266
srv-008,2017-06-03 07:00:00,71.3013916015625
srv-008,2017-06-03 08:00:00,76.33200073242188
srv-008,2017-06-03 09:00:00,77.60636901855469
srv-008,2017-06-03 10:00:00,71.074462890625
srv-008,2017-06-03 11:00:00,71.2562026977539
srv-008,2017-06-03 12:00:00,74.53578186035156
srv-008,2017-06-03 13:00:00,78.5828628540039
srv-008,2017-06-03 14:00:00,81.52180480957031
srv-008,2017-06-03 15:00:00,82.58512878417969
srv-008,2017-06-03 16:00:00,75.97544860839844
srv-008,2017-06-03 17:00:00,77.09012603759766
srv-008,2017-06-03 18:00:00,82.41416931152344
srv-008,2017-06-03 19:00:00,77.04619598388672
srv-008,2017-06-03 20:00:00,77.15437316894531
srv-008,2017-06-03 21:00:00,73.02385711669922
srv-008,2017-06-03 22:00:00,72.03070831298828
srv-008,2017-06-03 23:00:00,72.71635437011719
srv-008,2017-06-04 00:00:00,76.51911926269531
srv-008,2017-06-04 01:00:00,77.01177978515625
srv-008,2017-06-04 02:00:00,73.32722473144531
srv-008,2017-06-04 03:00:00,72.4287338256836
srv-008,2017-06-04 04:00:00,71.74589538574219
srv-008,2017-06-04 05:00:00,71.5726318359375
srv-008,2017-06-04 06:00:00,74.77505493164062
srv-008,2017-06-04 07:00:00,75.3104019165039
srv-008,2017-06-04 08:00:00,75.51583862304688
srv-008,2017-06-04 09:00:00,75.81320190429688
srv-008,2017-06-04 10:00:00,72.58846282958984
srv-008,2017-06-04 11:00:00,70.67684936523438
srv-008,2017-06-04 12:00:00,74.60987854003906
srv-008,2017-06-04 13:00:00,76.19757080078125
srv-008,2017-06-04 14:00:00,77.34814453125
srv-008,2017-06-04 15:00:00,74.02294921875
srv-008,2017-06-04 16:00:00,75.16818237304688
srv-008,2017-06-04 17:00:00,79.70147705078125
srv-008,2017-06-04 18:00:00,79.14875793457031
srv-008,2017-06-04 19:00:00,77.5909423828125
srv-008,2017-06-04 20:00:00,72.2243423461914
srv-008,2017-06-04 21:00:00,72.52950286865234
srv-008,2017-06-04 22:00:00,76.56126403808594
srv-008,2017-06-04 23:00:00,77.67587280273438
srv-008,2017-06-05 00:00:00,68.35427856445312
srv-008,2017-06-05 01:00:00,69.60749816894531
srv-008,2017-06-05 02:00:00,70.94865417480469
srv-008,2017-06-05 03:00:00,72.37785339355469
srv-008,2017-06-05 04:00:00,70.63713836669922
srv-008,2017-06-05 05:00:00,69.89259338378906
srv-008,2017-06-05 06:00:00,70.54347229003906
srv-008,2017-06-05 07:00:00,72.7498779296875
srv-008,2017-06-05 08:00:00,74.4276351928711
srv-008,2017-06-05 09:00:00,74.27923583984375
srv-008,2017-06-05 10:00:00,73.73181915283203
srv-008,2017-06-05 11:00:00,75.42141723632812
srv-008,2017-06-05 12:00:00,76.4666519165039
srv-008,2017-06-05 13:00:00,79.66573333740234
srv-008,2017-06-05 14:00:00,79.18563842773438
srv-008,2017-06-05 15:00:00,82.37940979003906
srv-008,2017-06-05 16:00:00,77.70594787597656
srv-008,2017-06-05 17:00:00,77.93577575683594
srv-008,2017-06-05 18:00:00,80.8292236328125
srv-008,2017-06-05 19:00:00,80.85906219482422
srv-008,2017-06-05 20:00:00,76.13845825195312
srv-008,2017-06-05 21:00:00,76.82839965820312
srv-008,2017-06-05 22:00:00,74.50301361083984
srv-008,2017-06-05 23:00:00,75.74319458007812
srv-008,2017-06-06 00:00:00,77.19181060791016
srv-008,2017-06-06 01:00:00,76.38982391357422
srv-008,2017-06-06 02:00:00,76.03527069091797
srv-008,2017-06-06 03:00:00,80.6989974975586
srv-008,2017-06-06 04:00:00,82.18087768554688
srv-008,2017-06-06 05:00:00,80.16145324707031
srv-008,2017-06-06 06:00:00,79.75653839111328
srv-008,2017-06-06 07:00:00,78.73387908935547
srv-008,2017-06-06 08:00:00,84.25112915039062
srv-008,2017-06-06 09:00:00,83.15638732910156
srv-008,2017-06-06 10:00:00,76.68936157226562
srv-008,2017-06-06 11:00:00,78.56269836425781
srv-008,2017-06-06 12:00:00,78.26049041748047
srv-008,2017-06-06 13:00:00,79.26490783691406
srv-008,2017-06-06 14:00:00,81.2154541015625
srv-008,2017-06-06 15:00:00,82.2615737915039
srv-008,2017-06-06 16:00:00,78.4387435913086
srv-008,2017-06-06 17:00:00,82.21055603027344
srv-008,2017-06-06 18:00:00,81.43534088134766
srv-008,2017-06-06 19:00:00,80.44754028320312
srv-008,2017-06-06 20:00:00,80.17806243896484
srv-008,2017-06-06 21:00:00,79.45066833496094
srv-008,2017-06-06 22:00:00,84.21904754638672
srv-008,2017-06-06 23:00:00,84.24866485595703
srv-008,2017-06-07 00:00:00,87.3078842163086
srv-008,2017-06-07 01:00:00,81.55818939208984
srv-008,2017-06-07 02:00:00,79.0477523803711
srv-008,2017-06-07 03:00:00,82.53999328613281
srv-008,2017-06-07 04:00:00,79.28695678710938
srv-008,2017-06-07 05:00:00,79.03187561035156
srv-008,2017-06-07 06:00:00,81.0543212890625
srv-008,2017-06-07 07:00:00,82.04485321044922
srv-008,2017-06-07 08:00:00,82.025390625
srv-008,2017-06-07 09:00:00,79.336669921875
srv-008,2017-06-07 10:00:00,81.57923126220703
srv-008,2017-06-07 11:00:00,81.22686767578125
srv-008,2017-06-07 12:00:00,83.08924865722656
srv-008,2017-06-07 13:00:00,83.93025207519531
srv-008,2017-06-07 14:00:00,83.36666107177734
srv-008,2017-06-07 15:00:00,84.33808898925781
srv-008,2017-06-07 16:00:00,78.80120849609375
srv-008,2017-06-07 17:00:00,83.95454406738281
srv-008,2017-06-07 18:00:00,85.4158935546875
srv-008,2017-06-07 19:00:00,82.7991943359375
srv-008,2017-06-07 20:00:00,81.37718200683594
srv-008,2017-06-07 21:00:00,82.74774169921875
srv-008,2017-06-07 22:00:00,85.14395141601562
srv-008,2017-06-07 23:00:00,78.38151550292969
srv-008,2017-06-08 00:00:00,74.01976013183594
srv-008,2017-06-08 01:00:00,76.7663345336914
srv-008,2017-06-08 02:00:00,80.7017822265625
srv-008,2017-06-08 03:00:00,80.81749725341797
srv-008,2017-06-08 04:00:00,78.70784759521484
srv-008,2017-06-08 05:00:00,78.82107543945312
srv-008,2017-06-08 06:00:00,81.27759552001953
srv-008,2017-06-08 07:00:00,84.63790893554688
srv-008,2017-06-08 08:00:00,83.17525482177734
srv-008,2017-06-08 09:00:00,84.48138427734375
srv-008,2017-06-08 10:00:00,84.08546447753906
srv-008,2017-06-08 11:00:00,83.12423706054688
srv-008,2017-06-08 12:00:00,84.66702270507812
srv-008,2017-06-08 13:00:00,81.52799224853516
srv-008,2017-06-08 14:00:00,79.12191009521484
srv-008,2017-06-08 15:00:00,81.89592742919922
srv-008,2017-06-08 16:00:00,80.79312896728516
srv-008,2017-06-08 17:00:00,79.4926986694336
srv-008,2017-06-08 18:00:00,75.59202575683594
srv-008,2017-06-08 19:00:00,71.70490264892578
srv-008,2017-06-08 20:00:00,73.24864196777344
srv-008,2017-06-08 21:00:00,73.76210021972656
srv-008,2017-06-08 22:00:00,73.61512756347656
srv-008,2017-06-08 23:00:00,75.67146301269531
srv-008,2017-06-09 00:00:00,74.8836669921875
srv-008,2017-06-09 01:00:00,78.96631622314453
srv-008,2017-06-09 02:00:00,75.97843933105469
srv-008,2017-06-09 03:00:00,72.45775604248047
srv-008,2017-06-09 04:00:00,75.68450927734375
srv-008,2017-06-09 05:00:00,70.46823120117188
srv-008,2017-06-09 06:00:00,71.87675476074219
srv-008,2017-06-09 07:00:00,75.61415100097656
srv-008,2017-06-09 08:00:00,73.7728271484375
srv-008,2017-06-09 09:00:00,75.56620788574219
srv-008,2017-06-09 10:00:00,76.0760498046875
srv-008,2017-06-09 11:00:00,78.11487579345703
srv-008,2017-06-09 12:00:00,77.47187805175781
srv-008,2017-06-09 13:00:00,76.22340393066406
srv-008,2017-06-09 14:00:00,78.26727294921875
srv-008,2017-06-09 15:00:00,77.4317626953125
srv-008,2017-06-09 16:00:00,77.10861206054688
srv-008,2017-06-09 17:00:00,75.41786193847656
srv-008,2017-06-09 18:00:00,74.3482666015625
srv-008,2017-06-09 19:00:00,70.91487884521484
srv-008,2017-06-09 20:00:00,70.16920471191406
srv-008,2017-06-09 21:00:00,66.98141479492188
srv-008,2017-06-09 22:00:00,68.84590148925781
srv-008,2017-06-09 23:00:00,65.64231872558594
srv-008,2017-06-10 00:00:00,67.92109680175781
srv-008,2017-06-10 01:00:00,69.73626708984375
srv-008,2017-06-10 02:00:00,68.2518310546875
srv-008,2017-06-10 03:00:00,68.8047866821289
srv-008,2017-06-10 04:00:00,71.83990478515625
srv-008,2017-06-10 05:00:00,71.89620208740234
srv-008,2017-06-10 06:00:00,72.69557189941406
srv-008,2017-06-10 07:00:00,75.3809814453125
srv-008,2017-06-10 08:00:00,78.06141662597656
srv-008,2017-06-10 09:00:00,78.42665100097656
srv-008,2017-06-10 10:00:00,76.01664733886719
srv-008,2017-06-10 11:00:00,74.92864227294922
srv-008,2017-06-10 12:00:00,76.15925598144531
srv-008,2017-06-10 13:00:00,76.93831634521484
srv-008,2017-06-10 14:00:00,77.10993194580078
srv-008,2017-06-10 15:00:00,77.53648376464844
srv-008,2017-06-10 16:00:00,77.60395812988281
srv-008,2017-06-10 17:00:00,73.57466888427734
srv-008,2017-06-10 18:00:00,70.0579833984375
srv-008,2017-06-10 19:00:00,71.32403564453125
srv-008,2017-06-10 20:00:00,67.77208709716797
srv-008,2017-06-10 21:00:00,70.64629364013672
srv-008,2017-06-10 22:00:00,70.1135025024414
srv-008,2017-06-10 23:00:00,69.2342529296875
srv-008,2017-06-11 00:00:00,67.49812316894531
srv-008,2017-06-11 01:00:00,70.48936462402344
srv-008,2017-06-11 02:00:00,71.67842102050781
srv-008,2017-06-11 03:00:00,74.09339141845703
srv-008,2017-06-11 04:00:00,75.4022445678711
srv-008,2017-06-11 05:00:00,75.18314361572266
srv-008,2017-06-11 06:00:00,76.14463806152344
srv-008,2017-06-11 07:00:00,73.18699645996094
srv-008,2017-06-11 08:00:00,75.44671630859375
srv-008,2017-06-11 09:00:00,73.04415893554688
srv-008,2017-06-11 10:00:00,74.54367065429688
srv-008,2017-06-11 11:00:00,73.25602722167969
srv-008,2017-06-11 12:00:00,73.42816925048828
srv-008,2017-06-11 13:00:00,73.74922180175781
srv-008,2017-06-11 14:00:00,76.40714263916016
srv-008,2017-06-11 15:00:00,74.2295913696289
srv-008,2017-06-11 16:00:00,72.5468521118164
srv-008,2017-06-11 17:00:00,76.29689025878906
srv-008,2017-06-11 18:00:00,77.16920471191406
srv-008,2017-06-11 19:00:00,76.58331298828125
srv-008,2017-06-11 20:00:00,75.40118408203125
srv-008,2017-06-11 21:00:00,75.35088348388672
srv-008,2017-06-11 22:00:00,73.88978576660156
srv-008,2017-06-11 23:00:00,70.10818481445312
srv-008,2017-06-12 00:00:00,68.84101104736328
srv-008,2017-06-12 01:00:00,69.25232696533203
srv-008,2017-06-12 02:00:00,70.61553955078125
srv-008,2017-06-12 03:00:00,69.19605255126953
srv-008,2017-06-12 04:00:00,69.11907196044922
srv-008,2017-06-12 05:00:00,70.72698974609375
srv-008,2017-06-12 06:00:00,71.64349365234375
srv-008,2017-06-12 07:00:00,73.16661071777344
srv-008,2017-06-12 08:00:00,72.95320129394531
srv-008,2017-06-12 09:00:00,74.26864624023438
srv-008,2017-06-12 10:00:00,75.90935516357422
srv-008,2017-06-12 11:00:00,79.42472839355469
srv-008,2017-06-12 12:00:00,76.74778747558594
srv-008,2017-06-12 13:00:00,76.06884002685547
srv-008,2017-06-12 14:00:00,78.09107208251953
srv-008,2017-06-12 15:00:00,74.67755889892578
srv-008,2017-06-12 16:00:00,75.90385437011719
srv-008,2017-06-12 17:00:00,74.85769653320312
srv-008,2017-06-12 18:00:00,76.30128479003906
srv-008,2017-06-12 19:00:00,74.39697265625
srv-008,2017-06-12 20:00:00,73.45735168457031
srv-008,2017-06-12 21:00:00,72.76937103271484
srv-008,2017-06-12 22:00:00,71.02159118652344
srv-008,2017-06-12 23:00:00,71.579345703125
srv-008,2017-06-13 00:00:00,76.15157318115234
srv-008,2017-06-13 01:00:00,77.21773529052734
srv-008,2017-06-13 02:00:00,78.80803680419922
srv-008,2017-06-13 03:00:00,79.56486511230469
srv-008,2017-06-13 04:00:00,81.237548828125
srv-008,2017-06-13 05:00:00,80.07222747802734
srv-008,2017-06-13 06:00:00,76.99072265625
srv-008,2017-06-13 07:00:00,77.43893432617188
srv-008,2017-06-13 08:00:00,80.451904296875
srv-008,2017-06-13 09:00:00,82.14517211914062
srv-008,2017-06-13 10:00:00,76.90428924560547
srv-008,2017-06-13 11:00:00,79.57112121582031
srv-008,2017-06-13 12:00:00,81.61503601074219
srv-008,2017-06-13 13:00:00,83.65428161621094
srv-008,2017-06-13 14:00:00,79.67327880859375
srv-008,2017-06-13 15:00:00,78.94660949707031
srv-008,2017-06-13 16:00:00,76.8515396118164
srv-008,2017-06-13 17:00:00,79.93604278564453
srv-008,2017-06-13 18:00:00,80.99455261230469
srv-008,2017-06-13 19:00:00,83.4826889038086
srv-008,2017-06-13 20:00:00,86.08103942871094
srv-008,2017-06-13 21:00:00,87.0093002319336
srv-008,2017-06-13 22:00:00,86.57046508789062
srv-008,2017-06-13 23:00:00,83.5558853149414
srv-008,2017-06-14 00:00:00,87.89083099365234
srv-008,2017-06-14 01:00:00,89.0811538696289
srv-008,2017-06-14 02:00:00,91.2760009765625
srv-008,2017-06-14 03:00:00,91.40476989746094
srv-008,2017-06-14 04:00:00,88.90872192382812
srv-008,2017-06-14 05:00:00,78.34992980957031
srv-008,2017-06-14 06:00:00,81.31886291503906
srv-008,2017-06-14 07:00:00,78.88339233398438
srv-008,2017-06-14 08:00:00,79.03065490722656
srv-008,2017-06-14 09:00:00,77.37041473388672
srv-008,2017-06-14 10:00:00,78.7078628540039
srv-008,2017-06-14 11:00:00,78.72416687011719
srv-008,2017-06-14 12:00:00,83.325439453125
srv-008,2017-06-14 13:00:00,81.13493347167969
srv-008,2017-06-14 14:00:00,81.30796813964844
srv-008,2017-06-14 15:00:00,84.60724639892578
srv-008,2017-06-14 16:00:00,84.61988830566406
srv-008,2017-06-14 17:00:00,78.89144897460938
srv-008,2017-06-14 18:00:00,83.19891357421875
srv-008,2017-06-14 19:00:00,84.9395980834961
srv-008,2017-06-14 20:00:00,84.60791778564453
srv-008,2017-06-14 21:00:00,83.78923034667969
srv-008,2017-06-14 22:00:00,80.350830078125
srv-008,2017-06-14 23:00:00,81.28559875488281
srv-008,2017-06-15 00:00:00,78.23385620117188
srv-008,2017-06-15 01:00:00,81.84435272216797
srv-008,2017-06-15 02:00:00,78.0572509765625
srv-008,2017-06-15 03:00:00,80.27043151855469
srv-008,2017-06-15 04:00:00,81.34444427490234
srv-008,2017-06-15 05:00:00,81.06368255615234
srv-008,2017-06-15 06:00:00,75.59251403808594
srv-008,2017-06-15 07:00:00,76.12754821777344
srv-008,2017-06-15 08:00:00,77.83924865722656
srv-008,2017-06-15 09:00:00,76.70677185058594
srv-008,2017-06-15 10:00:00,76.21076965332031
srv-008,2017-06-15 11:00:00,80.62761688232422
srv-008,2017-06-15 12:00:00,82.18648529052734
srv-008,2017-06-15 13:00:00,81.99253845214844
srv-008,2017-06-15 14:00:00,82.69979858398438
srv-008,2017-06-15 15:00:00,83.56651306152344
srv-008,2017-06-15 16:00:00,76.30179595947266
srv-008,2017-06-15 17:00:00,78.2647476196289
srv-008,2017-06-15 18:00:00,77.18197631835938
srv-008,2017-06-15 19:00:00,77.824462890625
srv-008,2017-06-15 20:00:00,79.81462097167969
srv-008,2017-06-15 21:00:00,81.61003112792969
srv-008,2017-06-15 22:00:00,75.18272399902344
srv-008,2017-06-15 23:00:00,75.96599578857422
srv-008,2017-06-16 00:00:00,77.92504119873047
srv-008,2017-06-16 01:00:00,78.40470886230469
srv-008,2017-06-16 02:00:00,73.4398422241211
srv-008,2017-06-16 03:00:00,76.06291961669922
srv-008,2017-06-16 04:00:00,72.85911560058594
srv-008,2017-06-16 05:00:00,73.17488861083984
srv-008,2017-06-16 06:00:00,74.6150894165039
srv-008,2017-06-16 07:00:00,74.59024047851562
srv-008,2017-06-16 08:00:00,74.65571594238281
srv-008,2017-06-16 09:00:00,73.24391174316406
srv-008,2017-06-16 10:00:00,71.7138671875
srv-008,2017-06-16 11:00:00,75.62046813964844
srv-008,2017-06-16 12:00:00,76.56782531738281
srv-008,2017-06-16 13:00:00,79.45014953613281
srv-008,2017-06-16 14:00:00,73.88563537597656
srv-008,2017-06-16 15:00:00,77.25403594970703
srv-008,2017-06-16 16:00:00,76.46944427490234
srv-008,2017-06-16 17:00:00,72.01813507080078
srv-008,2017-06-16 18:00:00,73.17021942138672
srv-008,2017-06-16 19:00:00,70.16650390625
srv-008,2017-06-16 20:00:00,70.27958679199219
srv-008,2017-06-16 21:00:00,73.4588623046875
srv-008,2017-06-16 22:00:00,70.78746032714844
srv-008,2017-06-16 23:00:00,68.16069793701172
srv-008,2017-06-17 00:00:00,68.29316711425781
srv-008,2017-06-17 01:00:00,67.67140197753906
srv-008,2017-06-17 02:00:00,75.0337905883789
srv-008,2017-06-17 03:00:00,74.5380630493164
srv-008,2017-06-17 04:00:00,77.23078918457031
srv-008,2017-06-17 05:00:00,77.79290771484375
srv-008,2017-06-17 06:00:00,70.63198852539062
srv-008,2017-06-17 07:00:00,71.6498031616211
srv-008,2017-06-17 08:00:00,71.29802703857422
srv-008,2017-06-17 09:00:00,73.07767486572266
srv-008,2017-06-17 10:00:00,77.12840270996094
srv-008,2017-06-17 11:00:00,71.98306274414062
srv-008,2017-06-17 12:00:00,74.6497802734375
srv-008,2017-06-17 13:00:00,78.64971160888672
srv-008,2017-06-17 14:00:00,77.27903747558594
srv-008,2017-06-17 15:00:00,80.16374206542969
srv-008,2017-06-17 16:00:00,73.22303771972656
srv-008,2017-06-17 17:00:00,72.80441284179688
srv-008,2017-06-17 18:00:00,78.5302734375
srv-008,2017-06-17 19:00:00,75.58158111572266
srv-008,2017-06-17 20:00:00,77.00559997558594
srv-008,2017-06-17 21:00:00,72.82280731201172
srv-008,2017-06-17 22:00:00,71.49553680419922
srv-008,2017-06-17 23:00:00,73.9515151977539
srv-008,2017-06-18 00:00:00,71.61701965332031
srv-008,2017-06-18 01:00:00,71.29545593261719
srv-008,2017-06-18 02:00:00,70.17912292480469
srv-008,2017-06-18 03:00:00,70.33749389648438
srv-008,2017-06-18 04:00:00,72.7118911743164
srv-008,2017-06-18 05:00:00,77.03196716308594
srv-008,2017-06-18 06:00:00,76.67496490478516
srv-008,2017-06-18 07:00:00,73.94297790527344
srv-008,2017-06-18 08:00:00,75.30635833740234
srv-008,2017-06-18 09:00:00,77.57392120361328
srv-008,2017-06-18 10:00:00,80.52716064453125
srv-008,2017-06-18 11:00:00,79.93844604492188
srv-008,2017-06-18 12:00:00,80.53982543945312
srv-008,2017-06-18 13:00:00,77.4375
srv-008,2017-06-18 14:00:00,79.4112777709961
srv-008,2017-06-18 15:00:00,79.85575103759766
srv-008,2017-06-18 16:00:00,76.61943054199219
srv-008,2017-06-18 17:00:00,78.49429321289062
srv-008,2017-06-18 18:00:00,76.77108001708984
srv-008,2017-06-18 19:00:00,72.63046264648438
srv-008,2017-06-18 20:00:00,70.00379943847656
srv-008,2017-06-18 21:00:00,72.60955810546875
srv-008,2017-06-18 22:00:00,68.71939086914062
srv-008,2017-06-18 23:00:00,77.18724060058594
srv-008,2017-06-19 00:00:00,73.29690551757812
srv-008,2017-06-19 01:00:00,72.06771850585938
srv-008,2017-06-19 02:00:00,73.5202865600586
srv-008,2017-06-19 03:00:00,75.28971862792969
srv-008,2017-06-19 04:00:00,75.25833892822266
srv-008,2017-06-19 05:00:00,74.78007507324219
srv-008,2017-06-19 06:00:00,72.86947631835938
srv-008,2017-06-19 07:00:00,71.84664916992188
srv-008,2017-06-19 08:00:00,74.32933044433594
srv-008,2017-06-19 09:00:00,75.09535217285156
srv-008,2017-06-19 10:00:00,78.58670806884766
srv-008,2017-06-19 11:00:00,78.47938537597656
srv-008,2017-06-19 12:00:00,82.52407836914062
srv-008,2017-06-19 13:00:00,81.43324279785156
srv-008,2017-06-19 14:00:00,81.76676940917969
srv-008,2017-06-19 15:00:00,83.2457275390625
srv-008,2017-06-19 16:00:00,82.02891540527344
srv-008,2017-06-19 17:00:00,80.3514633178711
srv-008,2017-06-19 18:00:00,79.11448669433594
srv-008,2017-06-19 19:00:00,80.19520568847656
srv-008,2017-06-19 20:00:00,78.00851440429688
srv-008,2017-06-19 21:00:00,76.77400970458984
srv-008,2017-06-19 22:00:00,76.81341552734375
srv-008,2017-06-19 23:00:00,78.19783782958984
srv-008,2017-06-20 00:00:00,80.34893798828125
srv-008,2017-06-20 01:00:00,80.10865783691406
srv-008,2017-06-20 02:00:00,80.75126647949219
srv-008,2017-06-20 03:00:00,82.68769073486328
srv-008,2017-06-20 04:00:00,82.95916748046875
srv-008,2017-06-20 05:00:00,80.39759063720703
srv-008,2017-06-20 06:00:00,84.99986267089844
srv-008,2017-06-20 07:00:00,87.08975219726562
srv-008,2017-06-20 08:00:00,85.019287109375
srv-008,2017-06-20 09:00:00,81.85281372070312
srv-008,2017-06-20 10:00:00,81.47620391845703
srv-008,2017-06-20 11:00:00,82.73667907714844
srv-008,2017-06-20 12:00:00,83.12156677246094
srv-008,2017-06-20 13:00:00,82.4849853515625
srv-008,2017-06-20 14:00:00,84.67324829101562
srv-008,2017-06-20 15:00:00,81.7580795288086
srv-008,2017-06-20 16:00:00,77.98213195800781
srv-008,2017-06-20 17:00:00,80.71280670166016
srv-008,2017-06-20 18:00:00,81.61082458496094
srv-008,2017-06-20 19:00:00,79.8125991821289
srv-008,2017-06-20 20:00:00,81.84748077392578
srv-008,2017-06-20 21:00:00,83.142822265625
srv-008,2017-06-20 22:00:00,84.47034454345703
srv-008,2017-06-20 23:00:00,80.97726440429688
srv-008,2017-06-21 00:00:00,77.5047607421875
srv-008,2017-06-21 01:00:00,78.77398681640625
srv-008,2017-06-21 02:00:00,80.97743225097656
srv-008,2017-06-21 03:00:00,79.08929443359375
srv-008,2017-06-21 04:00:00,78.74713134765625
srv-008,2017-06-21 05:00:00,78.00543212890625
srv-008,2017-06-21 06:00:00,81.54270935058594
srv-008,2017-06-21 07:00:00,82.320068359375
srv-008,2017-06-21 08:00:00,84.36618041992188
srv-008,2017-06-21 09:00:00,80.4825668334961
srv-008,2017-06-21 10:00:00,83.70474243164062
srv-008,2017-06-21 11:00:00,82.76615142822266
srv-008,2017-06-21 12:00:00,78.91804504394531
srv-008,2017-06-21 13:00:00,75.9487075805664
srv-008,2017-06-21 14:00:00,77.41769409179688
srv-008,2017-06-21 15:00:00,79.91657257080078
srv-008,2017-06-21 16:00:00,79.81417083740234
srv-008,2017-06-21 17:00:00,81.91424560546875
srv-008,2017-06-21 18:00:00,81.6287841796875
srv-008,2017-06-21 19:00:00,79.71836853027344
srv-008,2017-06-21 20:00:00,80.66737365722656
srv-008,2017-06-21 21:00:00,83.60118865966797
srv-008,2017-06-21 22:00:00,79.28529357910156
srv-008,2017-06-21 23:00:00,75.51959991455078
srv-008,2017-06-22 00:00:00,76.0399398803711
srv-008,2017-06-22 01:00:00,74.42237091064453
srv-008,2017-06-22 02:00:00,73.35619354248047
srv-008,2017-06-22 03:00:00,78.85096740722656
srv-008,2017-06-22 04:00:00,77.57257080078125
srv-008,2017-06-22 05:00:00,81.83409118652344
srv-008,2017-06-22 06:00:00,82.64212799072266
srv-008,2017-06-22 07:00:00,82.23783874511719
srv-008,2017-06-22 08:00:00,82.71314239501953
srv-008,2017-06-22 09:00:00,74.38738250732422
srv-008,2017-06-22 10:00:00,78.18487548828125
srv-008,2017-06-22 11:00:00,80.78996276855469
srv-008,2017-06-22 12:00:00,82.13825225830078
srv-008,2017-06-22 13:00:00,82.51783752441406
srv-008,2017-06-22 14:00:00,83.1308822631836
srv-008,2017-06-22 15:00:00,83.61712646484375
srv-008,2017-06-22 16:00:00,84.67118072509766
srv-008,2017-06-22 17:00:00,83.08306884765625
srv-008,2017-06-22 18:00:00,83.22282409667969
srv-008,2017-06-22 19:00:00,84.01522827148438
srv-008,2017-06-22 20:00:00,80.03711700439453
srv-008,2017-06-22 21:00:00,78.20851135253906
srv-008,2017-06-22 22:00:00,75.58026123046875
srv-008,2017-06-22 23:00:00,74.94129180908203
srv-008,2017-06-23 00:00:00,73.28829956054688
srv-008,2017-06-23 01:00:00,77.35513305664062
srv-008,2017-06-23 02:00:00,77.62557983398438
srv-008,2017-06-23 03:00:00,71.0467529296875
srv-008,2017-06-23 04:00:00,73.74661254882812
srv-008,2017-06-23 05:00:00,75.8797607421875
srv-008,2017-06-23 06:00:00,72.19441986083984
srv-008,2017-06-23 07:00:00,71.25227355957031
srv-008,2017-06-23 08:00:00,73.6388931274414
srv-008,2017-06-23 09:00:00,72.4894027709961
srv-008,2017-06-23 10:00:00,76.19770812988281
srv-008,2017-06-23 11:00:00,75.82351684570312
srv-008,2017-06-23 12:00:00,80.40103149414062
srv-008,2017-06-23 13:00:00,81.00404357910156
srv-008,2017-06-23 14:00:00,77.32252502441406
srv-008,2017-06-23 15:00:00,77.45397186279297
srv-008,2017-06-23 16:00:00,77.4681396484375
srv-008,2017-06-23 17:00:00,72.46669006347656
srv-008,2017-06-23 18:00:00,76.93238830566406
srv-008,2017-06-23 19:00:00,73.3406982421875
srv-008,2017-06-23 20:00:00,75.46699523925781
srv-008,2017-06-23 21:00:00,72.24697875976562
srv-008,2017-06-23 22:00:00,66.69221496582031
srv-008,2017-06-23 23:00:00,71.42637634277344
srv-008,2017-06-24 00:00:00,71.055419921875
srv-008,2017-06-24 01:00:00,72.21170043945312
srv-008,2017-06-24 02:00:00,70.70719909667969
srv-008,2017-06-24 03:00:00,68.24740600585938
srv-008,2017-06-24 04:00:00,72.63432312011719
srv-008,2017-06-24 05:00:00,69.72575378417969
srv-008,2017-06-24 06:00:00,71.05076599121094
srv-008,2017-06-24 07:00:00,71.63323211669922
srv-008,2017-06-24 08:00:00,74.05386352539062
srv-008,2017-06-24 09:00:00,73.41476440429688
srv-008,2017-06-24 10:00:00,69.77809143066406
srv-008,2017-06-24 11:00:00,72.63218688964844
srv-008,2017-06-24 12:00:00,78.29718017578125
srv-008,2017-06-24 13:00:00,82.40281677246094
srv-008,2017-06-24 14:00:00,84.44226837158203
srv-008,2017-06-24 15:00:00,77.47138977050781
srv-008,2017-06-24 16:00:00,75.66670227050781
srv-008,2017-06-24 17:00:00,76.00550079345703
srv-008,2017-06-24 18:00:00,79.30500793457031
srv-008,2017-06-24 19:00:00,74.24930572509766
srv-008,2017-06-24 20:00:00,72.92887878417969
srv-008,2017-06-24 21:00:00,75.29197692871094
srv-008,2017-06-24 22:00:00,69.48832702636719
srv-008,2017-06-24 23:00:00,73.52490234375
srv-008,2017-06-25 00:00:00,70.26299285888672
srv-008,2017-06-25 01:00:00,71.91869354248047
srv-008,2017-06-25 02:00:00,72.0087661743164
srv-008,2017-06-25 03:00:00,72.36685180664062
srv-008,2017-06-25 04:00:00,76.7450942993164
srv-008,2017-06-25 05:00:00,72.19439697265625
srv-008,2017-06-25 06:00:00,69.37549591064453
srv-008,2017-06-25 07:00:00,73.06135559082031
srv-008,2017-06-25 08:00:00,76.1007080078125
srv-008,2017-06-25 09:00:00,78.35877990722656
srv-008,2017-06-25 10:00:00,76.63060760498047
srv-008,2017-06-25 11:00:00,76.89938354492188
srv-008,2017-06-25 12:00:00,78.28831481933594
srv-008,2017-06-25 13:00:00,78.75875091552734
srv-008,2017-06-25 14:00:00,77.33415222167969
srv-008,2017-06-25 15:00:00,81.12432098388672
srv-008,2017-06-25 16:00:00,80.20305633544922
srv-008,2017-06-25 17:00:00,78.5589828491211
srv-008,2017-06-25 18:00:00,78.22969055175781
srv-008,2017-06-25 19:00:00,80.33900451660156
srv-008,2017-06-25 20:00:00,75.06613159179688
srv-008,2017-06-25 21:00:00,75.02171325683594
srv-008,2017-06-25 22:00:00,72.81748962402344
srv-008,2017-06-25 23:00:00,72.51809692382812
srv-008,2017-06-26 00:00:00,67.66339111328125
srv-008,2017-06-26 01:00:00,70.81082153320312
srv-008,2017-06-26 02:00:00,71.55106353759766
srv-008,2017-06-26 03:00:00,70.02766418457031
srv-008,2017-06-26 04:00:00,70.33943176269531
srv-008,2017-06-26 05:00:00,69.82617950439453
srv-008,2017-06-26 06:00:00,69.9708023071289
srv-008,2017-06-26 07:00:00,72.74827575683594
srv-008,2017-06-26 08:00:00,74.10466003417969
srv-008,2017-06-26 09:00:00,74.36723327636719
srv-008,2017-06-26 10:00:00,77.08840942382812
srv-008,2017-06-26 11:00:00,79.73051452636719
srv-008,2017-06-26 12:00:00,81.93778991699219
srv-008,2017-06-26 13:00:00,80.6655502319336
srv-008,2017-06-26 14:00:00,75.56306457519531
srv-008,2017-06-26 15:00:00,75.5200424194336
srv-008,2017-06-26 16:00:00,77.07829284667969
srv-008,2017-06-26 17:00:00,77.59107971191406
srv-008,2017-06-26 18:00:00,76.16575622558594
srv-008,2017-06-26 19:00:00,75.32112121582031
srv-008,2017-06-26 20:00:00,75.38931274414062
srv-008,2017-06-26 21:00:00,75.44155883789062
srv-008,2017-06-26 22:00:00,75.06170654296875
srv-008,2017-06-26 23:00:00,77.84861755371094
srv-008,2017-06-27 00:00:00,75.82670593261719
srv-008,2017-06-27 01:00:00,73.87727355957031
srv-008,2017-06-27 02:00:00,75.11531066894531
srv-008,2017-06-27 03:00:00,78.26949310302734
srv-008,2017-06-27 04:00:00,74.82427978515625
srv-008,2017-06-27 05:00:00,74.46894836425781
srv-008,2017-06-27 06:00:00,78.6545639038086
srv-008,2017-06-27 07:00:00,78.275390625
srv-008,2017-06-27 08:00:00,77.61076354980469
srv-008,2017-06-27 09:00:00,77.25261688232422
srv-008,2017-06-27 10:00:00,79.48983764648438
srv-008,2017-06-27 11:00:00,82.77384948730469
srv-008,2017-06-27 12:00:00,82.65731811523438
srv-008,2017-06-27 13:00:00,83.37991333007812
srv-008,2017-06-27 14:00:00,82.88479614257812
srv-008,2017-06-27 15:00:00,80.23751831054688
srv-008,2017-06-27 16:00:00,81.37391662597656
srv-008,2017-06-27 17:00:00,83.5552978515625
srv-008,2017-06-27 18:00:00,81.71736145019531
srv-008,2017-06-27 19:00:00,82.02799987792969
srv-008,2017-06-27 20:00:00,84.35102844238281
srv-008,2017-06-27 21:00:00,77.89236450195312
srv-008,2017-06-27 22:00:00,79.04658508300781
srv-008,2017-06-27 23:00:00,82.85954284667969
srv-008,2017-06-28 00:00:00,76.8185043334961
srv-008,2017-06-28 01:00:00,75.98905944824219
srv-008,2017-06-28 02:00:00,76.56356811523438
srv-008,2017-06-28 03:00:00,79.03942108154297
srv-008,2017-06-28 04:00:00,78.40774536132812
srv-008,2017-06-28 05:00:00,77.77317810058594
srv-008,2017-06-28 06:00:00,79.29617309570312
srv-008,2017-06-28 07:00:00,83.34977722167969
srv-008,2017-06-28 08:00:00,81.3486328125
srv-008,2017-06-28 09:00:00,82.91045379638672
srv-008,2017-06-28 10:00:00,83.18604278564453
srv-008,2017-06-28 11:00:00,84.16326904296875
srv-008,2017-06-28 12:00:00,86.84477233886719
srv-008,2017-06-28 13:00:00,83.57997131347656
srv-008,2017-06-28 14:00:00,83.63411712646484
srv-008,2017-06-28 15:00:00,87.28069305419922
srv-008,2017-06-28 16:00:00,81.05357360839844
srv-008,2017-06-28 17:00:00,80.82791137695312
srv-008,2017-06-28 18:00:00,80.94755554199219
srv-008,2017-06-28 19:00:00,79.424560546875
srv-008,2017-06-28 20:00:00,74.21968841552734
srv-008,2017-06-28 21:00:00,77.54632568359375
srv-008,2017-06-28 22:00:00,77.93150329589844
srv-008,2017-06-28 23:00:00,75.30284118652344
srv-008,2017-06-29 00:00:00,77.16221618652344
srv-008,2017-06-29 01:00:00,74.64714050292969
srv-008,2017-06-29 02:00:00,75.32337951660156
srv-008,2017-06-29 03:00:00,77.5993881225586
srv-008,2017-06-29 04:00:00,80.80088806152344
srv-008,2017-06-29 05:00:00,80.78730010986328
srv-008,2017-06-29 06:00:00,84.11209106445312
srv-008,2017-06-29 07:00:00,84.83901977539062
srv-008,2017-06-29 08:00:00,83.05138397216797
srv-008,2017-06-29 09:00:00,82.7376708984375
srv-008,2017-06-29 10:00:00,83.14921569824219
srv-008,2017-06-29 11:00:00,83.43831634521484
srv-008,2017-06-29 12:00:00,83.18032836914062
srv-008,2017-06-29 13:00:00,81.8347396850586
srv-008,2017-06-29 14:00:00,81.27947235107422
srv-008,2017-06-29 15:00:00,76.98654174804688
srv-008,2017-06-29 16:00:00,76.36857604980469
srv-008,2017-06-29 17:00:00,80.16023254394531
srv-008,2017-06-29 18:00:00,77.80543518066406
srv-008,2017-06-29 19:00:00,81.78630828857422
srv-008,2017-06-29 20:00:00,77.8739013671875
srv-008,2017-06-29 21:00:00,77.5555419921875
srv-008,2017-06-29 22:00:00,71.56436157226562
srv-008,2017-06-29 23:00:00,74.60189819335938
srv-008,2017-06-30 00:00:00,73.9399642944336
srv-008,2017-06-30 01:00:00,76.73272705078125
srv-008,2017-06-30 02:00:00,75.42069244384766
srv-008,2017-06-30 03:00:00,73.48391723632812
srv-008,2017-06-30 04:00:00,75.76026916503906
srv-008,2017-06-30 05:00:00,72.86622619628906
srv-008,2017-06-30 06:00:00,71.67137145996094
srv-008,2017-06-30 07:00:00,71.60041809082031
srv-008,2017-06-30 08:00:00,74.47518157958984
srv-008,2017-06-30 09:00:00,72.00426483154297
srv-008,2017-06-30 10:00:00,74.09902954101562
srv-008,2017-06-30 11:00:00,76.87434387207031
srv-008,2017-06-30 12:00:00,80.57283020019531
srv-008,2017-06-30 13:00:00,77.60426330566406
srv-008,2017-06-30 14:00:00,78.36563873291016
srv-008,2017-06-30 15:00:00,75.15325927734375
srv-008,2017-06-30 16:00:00,77.31629180908203
srv-008,2017-06-30 17:00:00,75.1816177368164
srv-008,2017-06-30 18:00:00,72.93367004394531
srv-008,2017-06-30 19:00:00,70.22587585449219
srv-008,2017-06-30 20:00:00,68.62201690673828
srv-008,2017-06-30 21:00:00,68.64555358886719
srv-008,2017-06-30 22:00:00,68.78042602539062
srv-008,2017-06-30 23:00:00,71.32044982910156
srv-009,2017-06-01 23:00:00,44.033939361572266
srv-009,2017-06-02 00:00:00,43.473934173583984
srv-009,2017-06-02 01:00:00,43.310028076171875
srv-009,2017-06-02 02:00:00,43.40372848510742
srv-009,2017-06-02 03:00:00,42.65788650512695
srv-009,2017-06-02 04:00:00,42.492801666259766
srv-009,2017-06-02 05:00:00,41.206722259521484
srv-009,2017-06-02 06:00:00,41.85297775268555
srv-009,2017-06-02 07:00:00,42.16088104248047
srv-009,2017-06-02 08:00:00,42.22336959838867
srv-009,2017-06-02 09:00:00,40.07744216918945
srv-009,2017-06-02 10:00:00,39.494754791259766
srv-009,2017-06-02 11:00:00,34.98720169067383
srv-009,2017-06-02 12:00:00,31.48107147216797
srv-009,2017-06-02 13:00:00,32.88908386230469
srv-009,2017-06-02 14:00:00,32.98936462402344
srv-009,2017-06-02 15:00:00,32.95886993408203
srv-009,2017-06-02 16:00:00,35.767147064208984
srv-009,2017-06-02 17:00:00,31.626008987426758
srv-009,2017-06-02 18:00:00,32.35173797607422
srv-009,2017-06-02 19:00:00,33.00820541381836
srv-009,2017-06-02 20:00:00,32.41172409057617
srv-009,2017-06-02 21:00:00,31.835298538208008
srv-009,2017-06-02 22:00:00,31.748821258544922
srv-009,2017-06-02 23:00:00,32.55537414550781
srv-009,2017-06-03 00:00:00,32.220054626464844
srv-009,2017-06-03 01:00:00,32.587093353271484
srv-009,2017-06-03 02:00:00,31.270959854125977
srv-009,2017-06-03 03:00:00,32.032249450683594
srv-009,2017-06-03 04:00:00,32.711708068847656
srv-009,2017-06-03 05:00:00,33.2951545715332
srv-009,2017-06-03 06:00:00,31.849836349487305
srv-009,2017-06-03 07:00:00,32.033634185791016
srv-009,2017-06-03 08:00:00,32.04365921020508
srv-009,2017-06-03 09:00:00,31.7078914642334
srv-009,2017-06-03 10:00:00,32.640655517578125
srv-009,2017-06-03 11:00:00,32.513816833496094
srv-009,2017-06-03 12:00:00,32.62520980834961
srv-009,2017-06-03 13:00:00,31.950227737426758
srv-009,2017-06-03 14:00:00,32.814693450927734
srv-009,2017-06-03 15:00:00,33.3722038269043
srv-009,2017-06-03 16:00:00,33.42571258544922
srv-009,2017-06-03 17:00:00,32.7928466796875
srv-009,2017-06-03 18:00:00,33.34227752685547
srv-009,2017-06-03 19:00:00,33.058753967285156
srv-009,2017-06-03 20:00:00,33.7169303894043
srv-009,2017-06-03 21:00:00,33.25636672973633
srv-009,2017-06-03 22:00:00,33.086181640625
srv-009,2017-06-03 23:00:00,31.087976455688477
srv-009,2017-06-04 00:00:00,28.732093811035156
srv-009,2017-06-04 01:00:00,28.7821102142334
srv-009,2017-06-04 02:00:00,29.196857452392578
srv-009,2017-06-04 03:00:00,34.29707717895508
srv-009,2017-06-04 04:00:00,32.61854553222656
srv-009,2017-06-04 05:00:00,31.727991104125977
srv-009,2017-06-04 06:00:00,30.58070945739746
srv-009,2017-06-04 07:00:00,31.19077491760254
srv-009,2017-06-04 08:00:00,31.10153579711914
srv-009,2017-06-04 09:00:00,32.156009674072266
srv-009,2017-06-04 10:00:00,33.11547088623047
srv-009,2017-06-04 11:00:00,31.728321075439453
srv-009,2017-06-04 12:00:00,33.33094024658203
srv-009,2017-06-04 13:00:00,34.016334533691406
srv-009,2017-06-04 14:00:00,34.16014862060547
srv-009,2017-06-04 15:00:00,33.54684829711914
srv-009,2017-06-04 16:00:00,35.519439697265625
srv-009,2017-06-04 17:00:00,32.98004150390625
srv-009,2017-06-04 18:00:00,34.85008239746094
srv-009,2017-06-04 19:00:00,35.21615219116211
srv-009,2017-06-04 20:00:00,31.034618377685547
srv-009,2017-06-04 21:00:00,32.5261344909668
srv-009,2017-06-04 22:00:00,34.17123031616211
srv-009,2017-06-04 23:00:00,31.121843338012695
srv-009,2017-06-05 00:00:00,28.92266845703125
srv-009,2017-06-05 01:00:00,29.328535079956055
srv-009,2017-06-05 02:00:00,29.62452507019043
srv-009,2017-06-05 03:00:00,29.92041778564453
srv-009,2017-06-05 04:00:00,30.199769973754883
srv-009,2017-06-05 05:00:00,29.65213966369629
srv-009,2017-06-05 06:00:00,31.788177490234375
srv-009,2017-06-05 07:00:00,31.629457473754883
srv-009,2017-06-05 08:00:00,31.249120712280273
srv-009,2017-06-05 09:00:00,31.869600296020508
srv-009,2017-06-05 10:00:00,32.06339645385742
srv-009,2017-06-05 11:00:00,30.87813377380371
srv-009,2017-06-05 12:00:00,32.39031982421875
srv-009,2017-06-05 13:00:00,33.71903991699219
srv-009,2017-06-05 14:00:00,33.032657623291016
srv-009,2017-06-05 15:00:00,33.47294998168945
srv-009,2017-06-05 16:00:00,32.07255554199219
srv-009,2017-06-05 17:00:00,30.927812576293945
srv-009,2017-06-05 18:00:00,30.72879409790039
srv-009,2017-06-05 19:00:00,31.435102462768555
srv-009,2017-06-05 20:00:00,31.023195266723633
srv-009,2017-06-05 21:00:00,31.839378356933594
srv-009,2017-06-05 22:00:00,31.6315975189209
srv-009,2017-06-05 23:00:00,31.5039005279541
srv-009,2017-06-06 00:00:00,32.27412033081055
srv-009,2017-06-06 01:00:00,32.82307815551758
srv-009,2017-06-06 02:00:00,33.41128158569336
srv-009,2017-06-06 03:00:00,33.85470962524414
srv-009,2017-06-06 04:00:00,32.70565414428711
srv-009,2017-06-06 05:00:00,32.93208694458008
srv-009,2017-06-06 06:00:00,33.50157165527344
srv-009,2017-06-06 07:00:00,35.322776794433594
srv-009,2017-06-06 08:00:00,34.650386810302734
srv-009,2017-06-06 09:00:00,34.77921676635742
srv-009,2017-06-06 10:00:00,33.717796325683594
srv-009,2017-06-06 11:00:00,31.68833351135254
srv-009,2017-06-06 12:00:00,31.044164657592773
srv-009,2017-06-06 13:00:00,32.924095153808594
srv-009,2017-06-06 14:00:00,32.96043395996094
srv-009,2017-06-06 15:00:00,33.621952056884766
srv-009,2017-06-06 16:00:00,34.377506256103516
srv-009,2017-06-06 17:00:00,33.860679626464844
srv-009,2017-06-06 18:00:00,34.61588668823242
srv-009,2017-06-06 19:00:00,32.70614242553711
srv-009,2017-06-06 20:00:00,34.87419509887695
srv-009,2017-06-06 21:00:00,34.84819030761719
srv-009,2017-06-06 22:00:00,33.16969680786133
srv-009,2017-06-06 23:00:00,33.56156921386719
srv-009,2017-06-07 00:00:00,35.25686264038086
srv-009,2017-06-07 01:00:00,34.238525390625
srv-009,2017-06-07 02:00:00,35.43863296508789
srv-009,2017-06-07 03:00:00,34.58588790893555
srv-009,2017-06-07 04:00:00,35.355159759521484
srv-009,2017-06-07 05:00:00,34.20496368408203
srv-009,2017-06-07 06:00:00,31.783538818359375
srv-009,2017-06-07 07:00:00,33.5168342590332
srv-009,2017-06-07 08:00:00,33.9106330871582
srv-009,2017-06-07 09:00:00,33.9011344909668
srv-009,2017-06-07 10:00:00,33.32455825805664
srv-009,2017-06-07 11:00:00,34.225196838378906
srv-009,2017-06-07 12:00:00,34.13864517211914
srv-009,2017-06-07 13:00:00,34.100364685058594
srv-009,2017-06-07 14:00:00,34.481510162353516
srv-009,2017-06-07 15:00:00,34.73836898803711
srv-009,2017-06-07 16:00:00,35.22880554199219
srv-009,2017-06-07 17:00:00,35.578155517578125
srv-009,2017-06-07 18:00:00,35.89131546020508
srv-009,2017-06-07 19:00:00,35.57817459106445
srv-009,2017-06-07 20:00:00,35.94105911254883
srv-009,2017-06-07 21:00:00,35.60927963256836
srv-009,2017-06-07 22:00:00,34.433631896972656
srv-009,2017-06-07 23:00:00,34.409393310546875
srv-009,2017-06-08 00:00:00,35.164859771728516
srv-009,2017-06-08 01:00:00,34.85110855102539
srv-009,2017-06-08 02:00:00,33.680877685546875
srv-009,2017-06-08 03:00:00,34.29892349243164
srv-009,2017-06-08 04:00:00,32.97601318359375
srv-009,2017-06-08 05:00:00,35.049842834472656
srv-009,2017-06-08 06:00:00,33.18608856201172
srv-009,2017-06-08 07:00:00,32.31247329711914
srv-009,2017-06-08 08:00:00,32.39232635498047
srv-009,2017-06-08 09:00:00,32.55201721191406
srv-009,2017-06-08 10:00:00,33.831146240234375
srv-009,2017-06-08 11:00:00,34.851600646972656
srv-009,2017-06-08 12:00:00,33.27412033081055
srv-009,2017-06-08 13:00:00,33.2148551940918
srv-009,2017-06-08 14:00:00,33.49641418457031
srv-009,2017-06-08 15:00:00,34.533443450927734
srv-009,2017-06-08 16:00:00,33.45903778076172
srv-009,2017-06-08 17:00:00,33.986793518066406
srv-009,2017-06-08 18:00:00,33.10842514038086
srv-009,2017-06-08 19:00:00,34.09482192993164
srv-009,2017-06-08 20:00:00,32.89643096923828
srv-009,2017-06-08 21:00:00,32.25287628173828
srv-009,2017-06-08 22:00:00,32.649879455566406
srv-009,2017-06-08 23:00:00,32.570037841796875
srv-009,2017-06-09 00:00:00,33.22238540649414
srv-009,2017-06-09 01:00:00,32.72634506225586
srv-009,2017-06-09 02:00:00,34.82388687133789
srv-009,2017-06-09 03:00:00,35.70351791381836
srv-009,2017-06-09 04:00:00,34.949337005615234
srv-009,2017-06-09 05:00:00,33.493499755859375
srv-009,2017-06-09 06:00:00,32.02315902709961
srv-009,2017-06-09 07:00:00,32.5848503112793
srv-009,2017-06-09 08:00:00,33.87992477416992
srv-009,2017-06-09 09:00:00,33.319366455078125
srv-009,2017-06-09 10:00:00,33.344669342041016
srv-009,2017-06-09 11:00:00,32.73427963256836
srv-009,2017-06-09 12:00:00,33.32984161376953
srv-009,2017-06-09 13:00:00,32.89113235473633
srv-009,2017-06-09 14:00:00,32.71860885620117
srv-009,2017-06-09 15:00:00,32.590171813964844
srv-009,2017-06-09 16:00:00,33.10620880126953
srv-009,2017-06-09 17:00:00,33.27322006225586
srv-009,2017-06-09 18:00:00,34.77409362792969
srv-009,2017-06-09 19:00:00,32.42675018310547
srv-009,2017-06-09 20:00:00,32.40979766845703
srv-009,2017-06-09 21:00:00,32.859493255615234
srv-009,2017-06-09 22:00:00,31.32200050354004
srv-009,2017-06-09 23:00:00,30.112428665161133
srv-009,2017-06-10 00:00:00,30.096467971801758
srv-009,2017-06-10 01:00:00,30.534326553344727
srv-009,2017-06-10 02:00:00,32.768733978271484
srv-009,2017-06-10 03:00:00,33.96005630493164
srv-009,2017-06-10 04:00:00,33.1768798828125
srv-009,2017-06-10 05:00:00,32.317108154296875
srv-009,2017-06-10 06:00:00,32.64409637451172
srv-009,2017-06-10 07:00:00,32.68103790283203
srv-009,2017-06-10 08:00:00,33.973026275634766
srv-009,2017-06-10 09:00:00,35.53879928588867
srv-009,2017-06-10 10:00:00,34.980045318603516
srv-009,2017-06-10 11:00:00,36.769412994384766
srv-009,2017-06-10 12:00:00,35.612579345703125
srv-009,2017-06-10 13:00:00,32.611061096191406
srv-009,2017-06-10 14:00:00,31.268701553344727
srv-009,2017-06-10 15:00:00,34.39967727661133
srv-009,2017-06-10 16:00:00,34.6622428894043
srv-009,2017-06-10 17:00:00,33.92742156982422
srv-009,2017-06-10 18:00:00,35.91133499145508
srv-009,2017-06-10 19:00:00,34.893253326416016
srv-009,2017-06-10 20:00:00,34.53631591796875
srv-009,2017-06-10 21:00:00,33.228477478027344
srv-009,2017-06-10 22:00:00,31.645662307739258
srv-009,2017-06-10 23:00:00,31.367490768432617
srv-009,2017-06-11 00:00:00,31.450973510742188
srv-009,2017-06-11 01:00:00,29.60129737854004
srv-009,2017-06-11 02:00:00,33.625919342041016
srv-009,2017-06-11 03:00:00,34.13114929199219
srv-009,2017-06-11 04:00:00,32.880859375
srv-009,2017-06-11 05:00:00,31.551546096801758
srv-009,2017-06-11 06:00:00,31.21506690979004
srv-009,2017-06-11 07:00:00,32.04702377319336
srv-009,2017-06-11 08:00:00,31.28832244873047
srv-009,2017-06-11 09:00:00,31.311979293823242
srv-009,2017-06-11 10:00:00,31.69069480895996
srv-009,2017-06-11 11:00:00,32.27093505859375
srv-009,2017-06-11 12:00:00,32.60255813598633
srv-009,2017-06-11 13:00:00,33.542118072509766
srv-009,2017-06-11 14:00:00,33.04514694213867
srv-009,2017-06-11 15:00:00,36.12544631958008
srv-009,2017-06-11 16:00:00,35.19266128540039
srv-009,2017-06-11 17:00:00,35.19684600830078
srv-009,2017-06-11 18:00:00,35.8513298034668
srv-009,2017-06-11 19:00:00,34.21419143676758
srv-009,2017-06-11 20:00:00,33.64975357055664
srv-009,2017-06-11 21:00:00,30.716035842895508
srv-009,2017-06-11 22:00:00,31.364912033081055
srv-009,2017-06-11 23:00:00,29.564899444580078
srv-009,2017-06-12 00:00:00,28.12080192565918
srv-009,2017-06-12 01:00:00,28.220399856567383
srv-009,2017-06-12 02:00:00,29.777055740356445
srv-009,2017-06-12 03:00:00,31.0452938079834
srv-009,2017-06-12 04:00:00,31.481225967407227
srv-009,2017-06-12 05:00:00,31.287809371948242
srv-009,2017-06-12 06:00:00,31.372745513916016
srv-009,2017-06-12 07:00:00,31.41466522216797
srv-009,2017-06-12 08:00:00,32.294586181640625
srv-009,2017-06-12 09:00:00,31.337263107299805
srv-009,2017-06-12 10:00:00,33.11199188232422
srv-009,2017-06-12 11:00:00,34.163543701171875
srv-009,2017-06-12 12:00:00,34.137569427490234
srv-009,2017-06-12 13:00:00,33.2019157409668
srv-009,2017-06-12 14:00:00,33.509437561035156
srv-009,2017-06-12 15:00:00,33.42060852050781
srv-009,2017-06-12 16:00:00,32.57734680175781
srv-009,2017-06-12 17:00:00,33.204811096191406
srv-009,2017-06-12 18:00:00,33.653629302978516
srv-009,2017-06-12 19:00:00,33.80583190917969
srv-009,2017-06-12 20:00:00,32.01029968261719
srv-009,2017-06-12 21:00:00,31.940074920654297
srv-009,2017-06-12 22:00:00,32.028228759765625
srv-009,2017-06-12 23:00:00,33.61233139038086
srv-009,2017-06-13 00:00:00,33.763221740722656
srv-009,2017-06-13 01:00:00,34.09986114501953
srv-009,2017-06-13 02:00:00,34.74051284790039
srv-009,2017-06-13 03:00:00,32.881893157958984
srv-009,2017-06-13 04:00:00,32.36763000488281
srv-009,2017-06-13 05:00:00,31.416156768798828
srv-009,2017-06-13 06:00:00,32.5956916809082
srv-009,2017-06-13 07:00:00,33.2217903137207
srv-009,2017-06-13 08:00:00,33.42133712768555
srv-009,2017-06-13 09:00:00,34.22927474975586
srv-009,2017-06-13 10:00:00,34.30909729003906
srv-009,2017-06-13 11:00:00,33.68516540527344
srv-009,2017-06-13 12:00:00,34.185821533203125
srv-009,2017-06-13 13:00:00,35.17410659790039
srv-009,2017-06-13 14:00:00,34.89877700805664
srv-009,2017-06-13 15:00:00,34.33390426635742
srv-009,2017-06-13 16:00:00,33.56101989746094
srv-009,2017-06-13 17:00:00,34.31538009643555
srv-009,2017-06-13 18:00:00,34.34287643432617
srv-009,2017-06-13 19:00:00,34.165706634521484
srv-009,2017-06-13 20:00:00,33.757957458496094
srv-009,2017-06-13 21:00:00,32.711795806884766
srv-009,2017-06-13 22:00:00,32.10860824584961
srv-009,2017-06-13 23:00:00,32.88163375854492
srv-009,2017-06-14 00:00:00,33.26528549194336
srv-009,2017-06-14 01:00:00,33.241188049316406
srv-009,2017-06-14 02:00:00,35.49685287475586
srv-009,2017-06-14 03:00:00,35.479644775390625
srv-009,2017-06-14 04:00:00,34.8232421875
srv-009,2017-06-14 05:00:00,36.336483001708984
srv-009,2017-06-14 06:00:00,34.17369842529297
srv-009,2017-06-14 07:00:00,34.54756546020508
srv-009,2017-06-14 08:00:00,33.65290451049805
srv-009,2017-06-14 09:00:00,35.16844940185547
srv-009,2017-06-14 10:00:00,35.861167907714844
srv-009,2017-06-14 11:00:00,35.035648345947266
srv-009,2017-06-14 12:00:00,35.60909652709961
srv-009,2017-06-14 13:00:00,34.291343688964844
srv-009,2017-06-14 14:00:00,34.42463302612305
srv-009,2017-06-14 15:00:00,34.70098876953125
srv-009,2017-06-14 16:00:00,34.73597717285156
srv-009,2017-06-14 17:00:00,34.254642486572266
srv-009,2017-06-14 18:00:00,34.06938934326172
srv-009,2017-06-14 19:00:00,34.01546859741211
srv-009,2017-06-14 20:00:00,38.203304290771484
srv-009,2017-06-14 21:00:00,36.71699905395508
srv-009,2017-06-14 22:00:00,36.7746696472168
srv-009,2017-06-14 23:00:00,36.019412994384766
srv-009,2017-06-15 00:00:00,36.41653823852539
srv-009,2017-06-15 01:00:00,36.165462493896484
srv-009,2017-06-15 02:00:00,34.60380172729492
srv-009,2017-06-15 03:00:00,35.322635650634766
srv-009,2017-06-15 04:00:00,35.182151794433594
srv-009,2017-06-15 05:00:00,33.87403106689453
srv-009,2017-06-15 06:00:00,33.62834930419922
srv-009,2017-06-15 07:00:00,32.76762008666992
srv-009,2017-06-15 08:00:00,33.78994369506836
srv-009,2017-06-15 09:00:00,34.498291015625
srv-009,2017-06-15 10:00:00,34.40569305419922
srv-009,2017-06-15 11:00:00,34.66254425048828
srv-009,2017-06-15 12:00:00,35.139286041259766
srv-009,2017-06-15 13:00:00,34.79993438720703
srv-009,2017-06-15 14:00:00,35.26665115356445
srv-009,2017-06-15 15:00:00,34.04136276245117
srv-009,2017-06-15 16:00:00,34.590187072753906
srv-009,2017-06-15 17:00:00,34.65757369995117
srv-009,2017-06-15 18:00:00,33.60459518432617
srv-009,2017-06-15 19:00:00,34.84214401245117
srv-009,2017-06-15 20:00:00,34.363338470458984
srv-009,2017-06-15 21:00:00,34.667362213134766
srv-009,2017-06-15 22:00:00,32.58278274536133
srv-009,2017-06-15 23:00:00,32.01411056518555
srv-009,2017-06-16 00:00:00,32.291690826416016
srv-009,2017-06-16 01:00:00,32.480960845947266
srv-009,2017-06-16 02:00:00,33.29568099975586
srv-009,2017-06-16 03:00:00,32.28377151489258
srv-009,2017-06-16 04:00:00,34.664207458496094
srv-009,2017-06-16 05:00:00,33.78321075439453
srv-009,2017-06-16 06:00:00,32.974647521972656
srv-009,2017-06-16 07:00:00,31.923635482788086
srv-009,2017-06-16 08:00:00,31.1707763671875
srv-009,2017-06-16 09:00:00,32.686527252197266
srv-009,2017-06-16 10:00:00,33.008296966552734
srv-009,2017-06-16 11:00:00,34.42342758178711
srv-009,2017-06-16 12:00:00,32.50288772583008
srv-009,2017-06-16 13:00:00,32.82008361816406
srv-009,2017-06-16 14:00:00,32.90147399902344
srv-009,2017-06-16 15:00:00,31.969959259033203
srv-009,2017-06-16 16:00:00,33.18858337402344
srv-009,2017-06-16 17:00:00,32.54917907714844
srv-009,2017-06-16 18:00:00,32.41889190673828
srv-009,2017-06-16 19:00:00,31.887542724609375
srv-009,2017-06-16 20:00:00,32.98942947387695
srv-009,2017-06-16 21:00:00,31.177064895629883
srv-009,2017-06-16 22:00:00,31.931049346923828
srv-009,2017-06-16 23:00:00,31.232805252075195
srv-009,2017-06-17 00:00:00,34.654056549072266
srv-009,2017-06-17 01:00:00,33.84164047241211
srv-009,2017-06-17 02:00:00,32.636756896972656
srv-009,2017-06-17 03:00:00,32.650596618652344
srv-009,2017-06-17 04:00:00,31.876598358154297
srv-009,2017-06-17 05:00:00,32.22190475463867
srv-009,2017-06-17 06:00:00,32.3801383972168
srv-009,2017-06-17 07:00:00,31.61617088317871
srv-009,2017-06-17 08:00:00,32.53470993041992
srv-009,2017-06-17 09:00:00,32.97576904296875
srv-009,2017-06-17 10:00:00,32.971588134765625
srv-009,2017-06-17 11:00:00,33.49736022949219
srv-009,2017-06-17 12:00:00,34.9747314453125
srv-009,2017-06-17 13:00:00,31.002758026123047
srv-009,2017-06-17 14:00:00,33.92906188964844
srv-009,2017-06-17 15:00:00,32.18266296386719
srv-009,2017-06-17 16:00:00,35.22339630126953
srv-009,2017-06-17 17:00:00,35.16648483276367
srv-009,2017-06-17 18:00:00,32.08660888671875
srv-009,2017-06-17 19:00:00,32.936767578125
srv-009,2017-06-17 20:00:00,31.60919761657715
srv-009,2017-06-17 21:00:00,30.47703742980957
srv-009,2017-06-17 22:00:00,30.251495361328125
srv-009,2017-06-17 23:00:00,29.99083137512207
srv-009,2017-06-18 00:00:00,32.406646728515625
srv-009,2017-06-18 01:00:00,32.43301773071289
srv-009,2017-06-18 02:00:00,33.447174072265625
srv-009,2017-06-18 03:00:00,34.22411346435547
srv-009,2017-06-18 04:00:00,30.567922592163086
srv-009,2017-06-18 05:00:00,32.569305419921875
srv-009,2017-06-18 06:00:00,33.46152114868164
srv-009,2017-06-18 07:00:00,32.958309173583984
srv-009,2017-06-18 08:00:00,33.24372863769531
srv-009,2017-06-18 09:00:00,33.124786376953125
srv-009,2017-06-18 10:00:00,33.64054870605469
srv-009,2017-06-18 11:00:00,34.61141586303711
srv-009,2017-06-18 12:00:00,34.44987106323242
srv-009,2017-06-18 13:00:00,35.18511199951172
srv-009,2017-06-18 14:00:00,33.887489318847656
srv-009,2017-06-18 15:00:00,35.63216018676758
srv-009,2017-06-18 16:00:00,33.287113189697266
srv-009,2017-06-18 17:00:00,33.040870666503906
srv-009,2017-06-18 18:00:00,33.64227294921875
srv-009,2017-06-18 19:00:00,33.360374450683594
srv-009,2017-06-18 20:00:00,32.194942474365234
srv-009,2017-06-18 21:00:00,32.48663330078125
srv-009,2017-06-18 22:00:00,33.19346618652344
srv-009,2017-06-18 23:00:00,33.12067413330078
srv-009,2017-06-19 00:00:00,27.85586166381836
srv-009,2017-06-19 01:00:00,30.88593101501465
srv-009,2017-06-19 02:00:00,32.138755798339844
srv-009,2017-06-19 03:00:00,31.348691940307617
srv-009,2017-06-19 04:00:00,30.289026260375977
srv-009,2017-06-19 05:00:00,31.33897590637207
srv-009,2017-06-19 06:00:00,31.405107498168945
srv-009,2017-06-19 07:00:00,30.30985450744629
srv-009,2017-06-19 08:00:00,31.481061935424805
srv-009,2017-06-19 09:00:00,31.429834365844727
srv-009,2017-06-19 10:00:00,31.26761245727539
srv-009,2017-06-19 11:00:00,32.00469970703125
srv-009,2017-06-19 12:00:00,32.103580474853516
srv-009,2017-06-19 13:00:00,33.817771911621094
srv-009,2017-06-19 14:00:00,33.83189392089844
srv-009,2017-06-19 15:00:00,33.771484375
srv-009,2017-06-19 16:00:00,33.95613098144531
srv-009,2017-06-19 17:00:00,35.02534103393555
srv-009,2017-06-19 18:00:00,33.813602447509766
srv-009,2017-06-19 19:00:00,32.9777946472168
srv-009,2017-06-19 20:00:00,33.51838684082031
srv-009,2017-06-19 21:00:00,33.118141174316406
srv-009,2017-06-19 22:00:00,31.58104133605957
srv-009,2017-06-19 23:00:00,31.391586303710938
srv-009,2017-06-20 00:00:00,31.60282325744629
srv-009,2017-06-20 01:00:00,32.45955276489258
srv-009,2017-06-20 02:00:00,32.697265625
srv-009,2017-06-20 03:00:00,32.1282958984375
srv-009,2017-06-20 04:00:00,33.2287483215332
srv-009,2017-06-20 05:00:00,32.794681549072266
srv-009,2017-06-20 06:00:00,31.35268211364746
srv-009,2017-06-20 07:00:00,31.812545776367188
srv-009,2017-06-20 08:00:00,32.3841438293457
srv-009,2017-06-20 09:00:00,32.23686981201172
srv-009,2017-06-20 10:00:00,31.812345504760742
srv-009,2017-06-20 11:00:00,32.996498107910156
srv-009,2017-06-20 12:00:00,33.80183792114258
srv-009,2017-06-20 13:00:00,32.69733810424805
srv-009,2017-06-20 14:00:00,32.85274887084961
srv-009,2017-06-20 15:00:00,32.807472229003906
srv-009,2017-06-20 16:00:00,32.23873519897461
srv-009,2017-06-20 17:00:00,32.65194320678711
srv-009,2017-06-20 18:00:00,34.517581939697266
srv-009,2017-06-20 19:00:00,33.768741607666016
srv-009,2017-06-20 20:00:00,34.8753776550293
srv-009,2017-06-20 21:00:00,32.32027816772461
srv-009,2017-06-20 22:00:00,32.11509704589844
srv-009,2017-06-20 23:00:00,33.10767364501953
srv-009,2017-06-21 00:00:00,33.60658645629883
srv-009,2017-06-21 01:00:00,33.08134841918945
srv-009,2017-06-21 02:00:00,32.49180221557617
srv-009,2017-06-21 03:00:00,33.18778991699219
srv-009,2017-06-21 04:00:00,32.7452278137207
srv-009,2017-06-21 05:00:00,32.53614807128906
srv-009,2017-06-21 06:00:00,33.86981964111328
srv-009,2017-06-21 07:00:00,33.80319595336914
srv-009,2017-06-21 08:00:00,33.65730667114258
srv-009,2017-06-21 09:00:00,33.18838882446289
srv-009,2017-06-21 10:00:00,33.43275833129883
srv-009,2017-06-21 11:00:00,33.662418365478516
srv-009,2017-06-21 12:00:00,34.932167053222656
srv-009,2017-06-21 13:00:00,33.31608581542969
srv-009,2017-06-21 14:00:00,32.09855651855469
srv-009,2017-06-21 15:00:00,32.6219596862793
srv-009,2017-06-21 16:00:00,31.68711280822754
srv-009,2017-06-21 17:00:00,31.528066635131836
srv-009,2017-06-21 18:00:00,32.2830810546875
srv-009,2017-06-21 19:00:00,31.709882736206055
srv-009,2017-06-21 20:00:00,31.75752067565918
srv-009,2017-06-21 21:00:00,30.92304801940918
srv-009,2017-06-21 22:00:00,31.147268295288086
srv-009,2017-06-21 23:00:00,31.063142776489258
srv-009,2017-06-22 00:00:00,32.398590087890625
srv-009,2017-06-22 01:00:00,33.517364501953125
srv-009,2017-06-22 02:00:00,33.54602813720703
srv-009,2017-06-22 03:00:00,33.19065475463867
srv-009,2017-06-22 04:00:00,34.10723114013672
srv-009,2017-06-22 05:00:00,32.8523063659668
srv-009,2017-06-22 06:00:00,32.1629753112793
srv-009,2017-06-22 07:00:00,32.7791862487793
srv-009,2017-06-22 08:00:00,31.884462356567383
srv-009,2017-06-22 09:00:00,32.0186653137207
srv-009,2017-06-22 10:00:00,33.19414520263672
srv-009,2017-06-22 11:00:00,33.10014724731445
srv-009,2017-06-22 12:00:00,33.54307174682617
srv-009,2017-06-22 13:00:00,34.010398864746094
srv-009,2017-06-22 14:00:00,34.88203430175781
srv-009,2017-06-22 15:00:00,33.227210998535156
srv-009,2017-06-22 16:00:00,34.863582611083984
srv-009,2017-06-22 17:00:00,34.378753662109375
srv-009,2017-06-22 18:00:00,34.97981643676758
srv-009,2017-06-22 19:00:00,34.311988830566406
srv-009,2017-06-22 20:00:00,34.48569869995117
srv-009,2017-06-22 21:00:00,35.06467819213867
srv-009,2017-06-22 22:00:00,35.40949630737305
srv-009,2017-06-22 23:00:00,36.39048385620117
srv-009,2017-06-23 00:00:00,35.33721160888672
srv-009,2017-06-23 01:00:00,33.196956634521484
srv-009,2017-06-23 02:00:00,33.31904602050781
srv-009,2017-06-23 03:00:00,33.34895324707031
srv-009,2017-06-23 04:00:00,33.22218704223633
srv-009,2017-06-23 05:00:00,34.11293029785156
srv-009,2017-06-23 06:00:00,33.73149490356445
srv-009,2017-06-23 07:00:00,33.24867248535156
srv-009,2017-06-23 08:00:00,32.64638137817383
srv-009,2017-06-23 09:00:00,31.949735641479492
srv-009,2017-06-23 10:00:00,31.84444808959961
srv-009,2017-06-23 11:00:00,31.87847900390625
srv-009,2017-06-23 12:00:00,33.554630279541016
srv-009,2017-06-23 13:00:00,34.43113708496094
srv-009,2017-06-23 14:00:00,33.641021728515625
srv-009,2017-06-23 15:00:00,32.507808685302734
srv-009,2017-06-23 16:00:00,31.960241317749023
srv-009,2017-06-23 17:00:00,33.465938568115234
srv-009,2017-06-23 18:00:00,31.696256637573242
srv-009,2017-06-23 19:00:00,30.991392135620117
srv-009,2017-06-23 20:00:00,31.932525634765625
srv-009,2017-06-23 21:00:00,34.1654052734375
srv-009,2017-06-23 22:00:00,32.90816116333008
srv-009,2017-06-23 23:00:00,30.991594314575195
srv-009,2017-06-24 00:00:00,33.252681732177734
srv-009,2017-06-24 01:00:00,34.11790084838867
srv-009,2017-06-24 02:00:00,34.67019271850586
srv-009,2017-06-24 03:00:00,32.06585693359375
srv-009,2017-06-24 04:00:00,33.04835891723633
srv-009,2017-06-24 05:00:00,32.3065185546875
srv-009,2017-06-24 06:00:00,32.24443435668945
srv-009,2017-06-24 07:00:00,31.844881057739258
srv-009,2017-06-24 08:00:00,32.2754020690918
srv-009,2017-06-24 09:00:00,32.31822204589844
srv-009,2017-06-24 10:00:00,32.76134490966797
srv-009,2017-06-24 11:00:00,32.582679748535156
srv-009,2017-06-24 12:00:00,34.003562927246094
srv-009,2017-06-24 13:00:00,33.55488967895508
srv-009,2017-06-24 14:00:00,32.66147232055664
srv-009,2017-06-24 15:00:00,33.353633880615234
srv-009,2017-06-24 16:00:00,33.751407623291016
srv-009,2017-06-24 17:00:00,32.99581527709961
srv-009,2017-06-24 18:00:00,33.60417938232422
srv-009,2017-06-24 19:00:00,33.65946960449219
srv-009,2017-06-24 20:00:00,32.932186126708984
srv-009,2017-06-24 21:00:00,32.854576110839844
srv-009,2017-06-24 22:00:00,31.604459762573242
srv-009,2017-06-24 23:00:00,30.456939697265625
srv-009,2017-06-25 00:00:00,31.8414363861084
srv-009,2017-06-25 01:00:00,32.560401916503906
srv-009,2017-06-25 02:00:00,31.414098739624023
srv-009,2017-06-25 03:00:00,32.25316619873047
srv-009,2017-06-25 04:00:00,34.36494064331055
srv-009,2017-06-25 05:00:00,33.26212692260742
srv-009,2017-06-25 06:00:00,30.93379020690918
srv-009,2017-06-25 07:00:00,31.207353591918945
srv-009,2017-06-25 08:00:00,31.48525047302246
srv-009,2017-06-25 09:00:00,30.064420700073242
srv-009,2017-06-25 10:00:00,30.570615768432617
srv-009,2017-06-25 11:00:00,30.267107009887695
srv-009,2017-06-25 12:00:00,31.524934768676758
srv-009,2017-06-25 13:00:00,32.999229431152344
srv-009,2017-06-25 14:00:00,33.682159423828125
srv-009,2017-06-25 15:00:00,34.289764404296875
srv-009,2017-06-25 16:00:00,31.597230911254883
srv-009,2017-06-25 17:00:00,32.56186294555664
srv-009,2017-06-25 18:00:00,31.69151496887207
srv-009,2017-06-25 19:00:00,32.73297882080078
srv-009,2017-06-25 20:00:00,32.90963363647461
srv-009,2017-06-25 21:00:00,32.200077056884766
srv-009,2017-06-25 22:00:00,34.348609924316406
srv-009,2017-06-25 23:00:00,32.951194763183594
srv-009,2017-06-26 00:00:00,29.178953170776367
srv-009,2017-06-26 01:00:00,29.102821350097656
srv-009,2017-06-26 02:00:00,29.98626136779785
srv-009,2017-06-26 03:00:00,30.785966873168945
srv-009,2017-06-26 04:00:00,32.292137145996094
srv-009,2017-06-26 05:00:00,32.33940505981445
srv-009,2017-06-26 06:00:00,32.69380187988281
srv-009,2017-06-26 07:00:00,32.473392486572266
srv-009,2017-06-26 08:00:00,31.66691780090332
srv-009,2017-06-26 09:00:00,32.479164123535156
srv-009,2017-06-26 10:00:00,31.113544464111328
srv-009,2017-06-26 11:00:00,30.990270614624023
srv-009,2017-06-26 12:00:00,30.91853904724121
srv-009,2017-06-26 13:00:00,31.736072540283203
srv-009,2017-06-26 14:00:00,31.448484420776367
srv-009,2017-06-26 15:00:00,31.54560089111328
srv-009,2017-06-26 16:00:00,31.515361785888672
srv-009,2017-06-26 17:00:00,33.86058044433594
srv-009,2017-06-26 18:00:00,33.332035064697266
srv-009,2017-06-26 19:00:00,32.68391418457031
srv-009,2017-06-26 20:00:00,30.846267700195312
srv-009,2017-06-26 21:00:00,31.956085205078125
srv-009,2017-06-26 22:00:00,33.50977325439453
srv-009,2017-06-26 23:00:00,33.67256546020508
srv-009,2017-06-27 00:00:00,33.684715270996094
srv-009,2017-06-27 01:00:00,33.29112243652344
srv-009,2017-06-27 02:00:00,33.355743408203125
srv-009,2017-06-27 03:00:00,32.19798278808594
srv-009,2017-06-27 04:00:00,31.34638214111328
srv-009,2017-06-27 05:00:00,33.10166931152344
srv-009,2017-06-27 06:00:00,34.04905700683594
srv-009,2017-06-27 07:00:00,33.06267166137695
srv-009,2017-06-27 08:00:00,33.7431640625
srv-009,2017-06-27 09:00:00,34.78139114379883
srv-009,2017-06-27 10:00:00,33.808746337890625
srv-009,2017-06-27 11:00:00,33.92840576171875
srv-009,2017-06-27 12:00:00,33.60826110839844
srv-009,2017-06-27 13:00:00,34.12861633300781
srv-009,2017-06-27 14:00:00,32.19868469238281
srv-009,2017-06-27 15:00:00,33.18193435668945
srv-009,2017-06-27 16:00:00,33.5942268371582
srv-009,2017-06-27 17:00:00,34.926143646240234
srv-009,2017-06-27 18:00:00,36.653106689453125
srv-009,2017-06-27 19:00:00,35.73035430908203
srv-009,2017-06-27 20:00:00,35.00462341308594
srv-009,2017-06-27 21:00:00,34.70531463623047
srv-009,2017-06-27 22:00:00,34.81698989868164
srv-009,2017-06-27 23:00:00,35.21748733520508
srv-009,2017-06-28 00:00:00,33.83414840698242
srv-009,2017-06-28 01:00:00,32.25587463378906
srv-009,2017-06-28 02:00:00,32.05118179321289
srv-009,2017-06-28 03:00:00,33.960731506347656
srv-009,2017-06-28 04:00:00,33.49857711791992
srv-009,2017-06-28 05:00:00,34.82859420776367
srv-009,2017-06-28 06:00:00,34.61015319824219
srv-009,2017-06-28 07:00:00,35.12016296386719
srv-009,2017-06-28 08:00:00,34.919063568115234
srv-009,2017-06-28 09:00:00,33.881561279296875
srv-009,2017-06-28 10:00:00,33.96643829345703
srv-009,2017-06-28 11:00:00,35.811363220214844
srv-009,2017-06-28 12:00:00,35.81643295288086
srv-009,2017-06-28 13:00:00,35.73259353637695
srv-009,2017-06-28 14:00:00,34.74183654785156
srv-009,2017-06-28 15:00:00,36.067378997802734
srv-009,2017-06-28 16:00:00,38.02396011352539
srv-009,2017-06-28 17:00:00,37.540164947509766
srv-009,2017-06-28 18:00:00,36.700687408447266
srv-009,2017-06-28 19:00:00,37.60720443725586
srv-009,2017-06-28 20:00:00,37.09706497192383
srv-009,2017-06-28 21:00:00,36.57761764526367
srv-009,2017-06-28 22:00:00,35.75326919555664
srv-009,2017-06-28 23:00:00,36.60701370239258
srv-009,2017-06-29 00:00:00,35.983482360839844
srv-009,2017-06-29 01:00:00,34.235084533691406
srv-009,2017-06-29 02:00:00,33.680023193359375
srv-009,2017-06-29 03:00:00,34.64409637451172
srv-009,2017-06-29 04:00:00,33.79063415527344
srv-009,2017-06-29 05:00:00,34.15605545043945
srv-009,2017-06-29 06:00:00,34.87368392944336
srv-009,2017-06-29 07:00:00,35.23748016357422
srv-009,2017-06-29 08:00:00,35.04764175415039
srv-009,2017-06-29 09:00:00,35.746707916259766
srv-009,2017-06-29 10:00:00,35.228946685791016
srv-009,2017-06-29 11:00:00,36.575286865234375
srv-009,2017-06-29 12:00:00,34.49705123901367
srv-009,2017-06-29 13:00:00,34.29356002807617
srv-009,2017-06-29 14:00:00,34.403297424316406
srv-009,2017-06-29 15:00:00,33.9465446472168
srv-009,2017-06-29 16:00:00,33.54933547973633
srv-009,2017-06-29 17:00:00,33.80973434448242
srv-009,2017-06-29 18:00:00,32.361785888671875
srv-009,2017-06-29 19:00:00,32.2862663269043
srv-009,2017-06-29 20:00:00,32.1535758972168
srv-009,2017-06-29 21:00:00,32.17754364013672
srv-009,2017-06-29 22:00:00,32.44992446899414
srv-009,2017-06-29 23:00:00,32.4292106628418
srv-009,2017-06-30 00:00:00,32.285213470458984
srv-009,2017-06-30 01:00:00,33.15541076660156
srv-009,2017-06-30 02:00:00,33.82976150512695
srv-009,2017-06-30 03:00:00,33.8170280456543
srv-009,2017-06-30 04:00:00,32.4539680480957
srv-009,2017-06-30 05:00:00,34.40823745727539
srv-009,2017-06-30 06:00:00,32.11309814453125
srv-009,2017-06-30 07:00:00,31.59684944152832
srv-009,2017-06-30 08:00:00,31.52467918395996
srv-009,2017-06-30 09:00:00,33.519432067871094
srv-009,2017-06-30 10:00:00,33.433406829833984
srv-009,2017-06-30 11:00:00,32.7952995300293
srv-009,2017-06-30 12:00:00,34.126197814941406
srv-009,2017-06-30 13:00:00,31.970605850219727
srv-009,2017-06-30 14:00:00,32.237857818603516
srv-009,2017-06-30 15:00:00,32.67380905151367
srv-009,2017-06-30 16:00:00,32.666595458984375
srv-009,2017-06-30 17:00:00,31.564523696899414
srv-009,2017-06-30 18:00:00,31.701810836791992
srv-009,2017-06-30 19:00:00,33.72059631347656
srv-009,2017-06-30 20:00:00,32.5584716796875
srv-009,2017-06-30 21:00:00,33.133968353271484
srv-009,2017-06-30 22:00:00,32.68319320678711
srv-009,2017-06-30 23:00:00,33.78433609008789
srv-010,2017-06-01 23:00:00,80.28355407714844
srv-010,2017-06-02 00:00:00,79.2842788696289
srv-010,2017-06-02 01:00:00,79.28269958496094
srv-010,2017-06-02 02:00:00,80.26435089111328
srv-010,2017-06-02 03:00:00,80.60540771484375
srv-010,2017-06-02 04:00:00,81.91302490234375
srv-010,2017-06-02 05:00:00,81.46060180664062
srv-010,2017-06-02 06:00:00,79.8510513305664
srv-010,2017-06-02 07:00:00,78.93698120117188
srv-010,2017-06-02 08:00:00,82.59497833251953
srv-010,2017-06-02 09:00:00,81.48831939697266
srv-010,2017-06-02 10:00:00,83.19425201416016
srv-010,2017-06-02 11:00:00,85.73406982421875
srv-010,2017-06-02 12:00:00,86.2440414428711
srv-010,2017-06-02 13:00:00,87.56399536132812
srv-010,2017-06-02 14:00:00,82.36576843261719
srv-010,2017-06-02 15:00:00,81.89762878417969
srv-010,2017-06-02 16:00:00,78.1348876953125
srv-010,2017-06-02 17:00:00,78.58753967285156
srv-010,2017-06-02 18:00:00,74.41923522949219
srv-010,2017-06-02 19:00:00,72.32260131835938
srv-010,2017-06-02 20:00:00,69.4736328125
srv-010,2017-06-02 21:00:00,70.29075622558594
srv-010,2017-06-02 22:00:00,68.52186584472656
srv-010,2017-06-02 23:00:00,68.85381317138672
srv-010,2017-06-03 00:00:00,69.96824645996094
srv-010,2017-06-03 01:00:00,71.80543518066406
srv-010,2017-06-03 02:00:00,71.551025390625
srv-010,2017-06-03 03:00:00,70.77739715576172
srv-010,2017-06-03 04:00:00,71.8355484008789
srv-010,2017-06-03 05:00:00,75.08248901367188
srv-010,2017-06-03 06:00:00,76.81692504882812
srv-010,2017-06-03 07:00:00,77.05095672607422
srv-010,2017-06-03 08:00:00,80.39195251464844
srv-010,2017-06-03 09:00:00,77.89347076416016
srv-010,2017-06-03 10:00:00,79.00914001464844
srv-010,2017-06-03 11:00:00,81.72184753417969
srv-010,2017-06-03 12:00:00,84.11566925048828
srv-010,2017-06-03 13:00:00,84.77574157714844
srv-010,2017-06-03 14:00:00,82.93134307861328
srv-010,2017-06-03 15:00:00,80.53559875488281
srv-010,2017-06-03 16:00:00,81.81961822509766
srv-010,2017-06-03 17:00:00,80.69520568847656
srv-010,2017-06-03 18:00:00,79.43865966796875
srv-010,2017-06-03 19:00:00,74.33051300048828
srv-010,2017-06-03 20:00:00,75.35608673095703
srv-010,2017-06-03 21:00:00,70.57288360595703
srv-010,2017-06-03 22:00:00,71.37711334228516
srv-010,2017-06-03 23:00:00,69.14923095703125
srv-010,2017-06-04 00:00:00,70.74192810058594
srv-010,2017-06-04 01:00:00,70.26950073242188
srv-010,2017-06-04 02:00:00,71.10816955566406
srv-010,2017-06-04 03:00:00,72.79853057861328
srv-010,2017-06-04 04:00:00,73.64335632324219
srv-010,2017-06-04 05:00:00,76.70903015136719
srv-010,2017-06-04 06:00:00,76.5645751953125
srv-010,2017-06-04 07:00:00,76.92500305175781
srv-010,2017-06-04 08:00:00,79.37289428710938
srv-010,2017-06-04 09:00:00,79.2624740600586
srv-010,2017-06-04 10:00:00,77.09909057617188
srv-010,2017-06-04 11:00:00,79.3819580078125
srv-010,2017-06-04 12:00:00,79.26333618164062
srv-010,2017-06-04 13:00:00,81.57717895507812
srv-010,2017-06-04 14:00:00,82.05366516113281
srv-010,2017-06-04 15:00:00,81.25688171386719
srv-010,2017-06-04 16:00:00,80.85296630859375
srv-010,2017-06-04 17:00:00,79.02715301513672
srv-010,2017-06-04 18:00:00,81.06466674804688
srv-010,2017-06-04 19:00:00,77.63602447509766
srv-010,2017-06-04 20:00:00,77.6325454711914
srv-010,2017-06-04 21:00:00,77.91020965576172
srv-010,2017-06-04 22:00:00,71.61246490478516
srv-010,2017-06-04 23:00:00,75.68766021728516
srv-010,2017-06-05 00:00:00,69.48411560058594
srv-010,2017-06-05 01:00:00,70.44781494140625
srv-010,2017-06-05 02:00:00,72.02385711669922
srv-010,2017-06-05 03:00:00,73.02201843261719
srv-010,2017-06-05 04:00:00,72.47651672363281
srv-010,2017-06-05 05:00:00,73.83660125732422
srv-010,2017-06-05 06:00:00,75.88735961914062
srv-010,2017-06-05 07:00:00,76.4920883178711
srv-010,2017-06-05 08:00:00,78.31927490234375
srv-010,2017-06-05 09:00:00,80.74172973632812
srv-010,2017-06-05 10:00:00,82.6015853881836
srv-010,2017-06-05 11:00:00,83.8385009765625
srv-010,2017-06-05 12:00:00,86.93204498291016
srv-010,2017-06-05 13:00:00,86.61890411376953
srv-010,2017-06-05 14:00:00,89.09062194824219
srv-010,2017-06-05 15:00:00,90.04835510253906
srv-010,2017-06-05 16:00:00,90.72462463378906
srv-010,2017-06-05 17:00:00,87.67537689208984
srv-010,2017-06-05 18:00:00,86.32856750488281
srv-010,2017-06-05 19:00:00,80.70198822021484
srv-010,2017-06-05 20:00:00,80.44993591308594
srv-010,2017-06-05 21:00:00,79.9305419921875
srv-010,2017-06-05 22:00:00,82.38013458251953
srv-010,2017-06-05 23:00:00,83.63754272460938
srv-010,2017-06-06 00:00:00,82.88322448730469
srv-010,2017-06-06 01:00:00,81.94155883789062
srv-010,2017-06-06 02:00:00,84.38629150390625
srv-010,2017-06-06 03:00:00,85.76958465576172
srv-010,2017-06-06 04:00:00,87.83920288085938
srv-010,2017-06-06 05:00:00,85.54967498779297
srv-010,2017-06-06 06:00:00,87.8249282836914
srv-010,2017-06-06 07:00:00,89.10783386230469
srv-010,2017-06-06 08:00:00,91.95014190673828
srv-010,2017-06-06 09:00:00,90.58751678466797
srv-010,2017-06-06 10:00:00,92.9278793334961
srv-010,2017-06-06 11:00:00,93.99674987792969
srv-010,2017-06-06 12:00:00,94.93365478515625
srv-010,2017-06-06 13:00:00,95.04795837402344
srv-010,2017-06-06 14:00:00,93.74274444580078
srv-010,2017-06-06 15:00:00,94.44566345214844
srv-010,2017-06-06 16:00:00,94.27516174316406
srv-010,2017-06-06 17:00:00,94.3055191040039
srv-010,2017-06-06 18:00:00,91.34024047851562
srv-010,2017-06-06 19:00:00,90.54792785644531
srv-010,2017-06-06 20:00:00,91.09941101074219
srv-010,2017-06-06 21:00:00,89.58805847167969
srv-010,2017-06-06 22:00:00,91.05721282958984
srv-010,2017-06-06 23:00:00,91.38896179199219
srv-010,2017-06-07 00:00:00,93.17711639404297
srv-010,2017-06-07 01:00:00,92.47027587890625
srv-010,2017-06-07 02:00:00,94.11695861816406
srv-010,2017-06-07 03:00:00,93.44857025146484
srv-010,2017-06-07 04:00:00,92.40617370605469
srv-010,2017-06-07 05:00:00,91.79547119140625
srv-010,2017-06-07 06:00:00,91.1026840209961
srv-010,2017-06-07 07:00:00,90.445556640625
srv-010,2017-06-07 08:00:00,93.54618835449219
srv-010,2017-06-07 09:00:00,91.96307373046875
srv-010,2017-06-07 10:00:00,93.38504028320312
srv-010,2017-06-07 11:00:00,94.93853759765625
srv-010,2017-06-07 12:00:00,95.30462646484375
srv-010,2017-06-07 13:00:00,94.83891296386719
srv-010,2017-06-07 14:00:00,94.97319030761719
srv-010,2017-06-07 15:00:00,94.28715515136719
srv-010,2017-06-07 16:00:00,94.84771728515625
srv-010,2017-06-07 17:00:00,94.78681182861328
srv-010,2017-06-07 18:00:00,92.50677490234375
srv-010,2017-06-07 19:00:00,90.4202880859375
srv-010,2017-06-07 20:00:00,88.74107360839844
srv-010,2017-06-07 21:00:00,89.35408020019531
srv-010,2017-06-07 22:00:00,89.6482162475586
srv-010,2017-06-07 23:00:00,89.81340789794922
srv-010,2017-06-08 00:00:00,91.71281433105469
srv-010,2017-06-08 01:00:00,90.75845336914062
srv-010,2017-06-08 02:00:00,92.04325866699219
srv-010,2017-06-08 03:00:00,90.1317367553711
srv-010,2017-06-08 04:00:00,91.905517578125
srv-010,2017-06-08 05:00:00,89.9681167602539
srv-010,2017-06-08 06:00:00,88.100830078125
srv-010,2017-06-08 07:00:00,88.60665893554688
srv-010,2017-06-08 08:00:00,92.3565902709961
srv-010,2017-06-08 09:00:00,92.59490203857422
srv-010,2017-06-08 10:00:00,93.07485961914062
srv-010,2017-06-08 11:00:00,94.69142150878906
srv-010,2017-06-08 12:00:00,93.54890441894531
srv-010,2017-06-08 13:00:00,91.44834899902344
srv-010,2017-06-08 14:00:00,90.93130493164062
srv-010,2017-06-08 15:00:00,89.46588134765625
srv-010,2017-06-08 16:00:00,88.84038543701172
srv-010,2017-06-08 17:00:00,87.02543640136719
srv-010,2017-06-08 18:00:00,86.20561218261719
srv-010,2017-06-08 19:00:00,83.29452514648438
srv-010,2017-06-08 20:00:00,83.92313385009766
srv-010,2017-06-08 21:00:00,80.46192932128906
srv-010,2017-06-08 22:00:00,78.01407623291016
srv-010,2017-06-08 23:00:00,79.41123962402344
srv-010,2017-06-09 00:00:00,80.27333068847656
srv-010,2017-06-09 01:00:00,80.9281234741211
srv-010,2017-06-09 02:00:00,82.13276672363281
srv-010,2017-06-09 03:00:00,81.2755355834961
srv-010,2017-06-09 04:00:00,82.7957992553711
srv-010,2017-06-09 05:00:00,83.25218200683594
srv-010,2017-06-09 06:00:00,80.55055236816406
srv-010,2017-06-09 07:00:00,82.61408233642578
srv-010,2017-06-09 08:00:00,85.51242065429688
srv-010,2017-06-09 09:00:00,83.5097427368164
srv-010,2017-06-09 10:00:00,85.60980987548828
srv-010,2017-06-09 11:00:00,87.29949188232422
srv-010,2017-06-09 12:00:00,86.03764343261719
srv-010,2017-06-09 13:00:00,85.39326477050781
srv-010,2017-06-09 14:00:00,80.03712463378906
srv-010,2017-06-09 15:00:00,76.4468994140625
srv-010,2017-06-09 16:00:00,75.50675964355469
srv-010,2017-06-09 17:00:00,72.6922836303711
srv-010,2017-06-09 18:00:00,72.82841491699219
srv-010,2017-06-09 19:00:00,71.27596282958984
srv-010,2017-06-09 20:00:00,71.14399719238281
srv-010,2017-06-09 21:00:00,72.64151763916016
srv-010,2017-06-09 22:00:00,69.44175720214844
srv-010,2017-06-09 23:00:00,69.919677734375
srv-010,2017-06-10 00:00:00,75.3996810913086
srv-010,2017-06-10 01:00:00,73.31413269042969
srv-010,2017-06-10 02:00:00,75.90961456298828
srv-010,2017-06-10 03:00:00,74.83879852294922
srv-010,2017-06-10 04:00:00,76.41441345214844
srv-010,2017-06-10 05:00:00,80.6458740234375
srv-010,2017-06-10 06:00:00,80.30937957763672
srv-010,2017-06-10 07:00:00,78.84217071533203
srv-010,2017-06-10 08:00:00,80.34449768066406
srv-010,2017-06-10 09:00:00,80.35401916503906
srv-010,2017-06-10 10:00:00,82.33150482177734
srv-010,2017-06-10 11:00:00,81.06291198730469
srv-010,2017-06-10 12:00:00,74.71884155273438
srv-010,2017-06-10 13:00:00,78.45130157470703
srv-010,2017-06-10 14:00:00,80.03193664550781
srv-010,2017-06-10 15:00:00,77.85713195800781
srv-010,2017-06-10 16:00:00,80.14192962646484
srv-010,2017-06-10 17:00:00,77.61544036865234
srv-010,2017-06-10 18:00:00,76.4046630859375
srv-010,2017-06-10 19:00:00,77.7851791381836
srv-010,2017-06-10 20:00:00,74.6855697631836
srv-010,2017-06-10 21:00:00,73.53614044189453
srv-010,2017-06-10 22:00:00,74.85505676269531
srv-010,2017-06-10 23:00:00,75.68428039550781
srv-010,2017-06-11 00:00:00,76.35997009277344
srv-010,2017-06-11 01:00:00,75.03913879394531
srv-010,2017-06-11 02:00:00,74.98126983642578
srv-010,2017-06-11 03:00:00,75.98240661621094
srv-010,2017-06-11 04:00:00,77.01891326904297
srv-010,2017-06-11 05:00:00,76.2121810913086
srv-010,2017-06-11 06:00:00,77.99046325683594
srv-010,2017-06-11 07:00:00,77.8812484741211
srv-010,2017-06-11 08:00:00,80.33090209960938
srv-010,2017-06-11 09:00:00,81.93031311035156
srv-010,2017-06-11 10:00:00,81.29171752929688
srv-010,2017-06-11 11:00:00,79.66473388671875
srv-010,2017-06-11 12:00:00,79.80438995361328
srv-010,2017-06-11 13:00:00,77.84420013427734
srv-010,2017-06-11 14:00:00,82.25801086425781
srv-010,2017-06-11 15:00:00,81.82957458496094
srv-010,2017-06-11 16:00:00,81.69660949707031
srv-010,2017-06-11 17:00:00,77.30502319335938
srv-010,2017-06-11 18:00:00,79.4603500366211
srv-010,2017-06-11 19:00:00,76.16995239257812
srv-010,2017-06-11 20:00:00,74.83428192138672
srv-010,2017-06-11 21:00:00,74.97384643554688
srv-010,2017-06-11 22:00:00,77.06837463378906
srv-010,2017-06-11 23:00:00,77.79617309570312
srv-010,2017-06-12 00:00:00,69.84040832519531
srv-010,2017-06-12 01:00:00,70.56307983398438
srv-010,2017-06-12 02:00:00,72.41854858398438
srv-010,2017-06-12 03:00:00,74.48028564453125
srv-010,2017-06-12 04:00:00,74.7769775390625
srv-010,2017-06-12 05:00:00,74.11337280273438
srv-010,2017-06-12 06:00:00,72.99183654785156
srv-010,2017-06-12 07:00:00,76.37979125976562
srv-010,2017-06-12 08:00:00,78.05978393554688
srv-010,2017-06-12 09:00:00,79.46896362304688
srv-010,2017-06-12 10:00:00,82.09519958496094
srv-010,2017-06-12 11:00:00,82.85157775878906
srv-010,2017-06-12 12:00:00,86.46187591552734
srv-010,2017-06-12 13:00:00,88.65275573730469
srv-010,2017-06-12 14:00:00,85.24229431152344
srv-010,2017-06-12 15:00:00,83.91313171386719
srv-010,2017-06-12 16:00:00,86.97659301757812
srv-010,2017-06-12 17:00:00,85.07905578613281
srv-010,2017-06-12 18:00:00,84.81049346923828
srv-010,2017-06-12 19:00:00,85.39640808105469
srv-010,2017-06-12 20:00:00,83.01426696777344
srv-010,2017-06-12 21:00:00,81.10748291015625
srv-010,2017-06-12 22:00:00,83.8901138305664
srv-010,2017-06-12 23:00:00,84.76611328125
srv-010,2017-06-13 00:00:00,87.06440734863281
srv-010,2017-06-13 01:00:00,86.70475006103516
srv-010,2017-06-13 02:00:00,85.89799499511719
srv-010,2017-06-13 03:00:00,82.46577453613281
srv-010,2017-06-13 04:00:00,83.79532623291016
srv-010,2017-06-13 05:00:00,82.03153991699219
srv-010,2017-06-13 06:00:00,84.87799072265625
srv-010,2017-06-13 07:00:00,84.95442199707031
srv-010,2017-06-13 08:00:00,87.99332427978516
srv-010,2017-06-13 09:00:00,89.38928985595703
srv-010,2017-06-13 10:00:00,90.04124450683594
srv-010,2017-06-13 11:00:00,91.0980453491211
srv-010,2017-06-13 12:00:00,93.78086853027344
srv-010,2017-06-13 13:00:00,92.5662841796875
srv-010,2017-06-13 14:00:00,93.58688354492188
srv-010,2017-06-13 15:00:00,94.00807189941406
srv-010,2017-06-13 16:00:00,94.76698303222656
srv-010,2017-06-13 17:00:00,95.31198120117188
srv-010,2017-06-13 18:00:00,95.45088195800781
srv-010,2017-06-13 19:00:00,93.30612182617188
srv-010,2017-06-13 20:00:00,93.5134506225586
srv-010,2017-06-13 21:00:00,93.51846313476562
srv-010,2017-06-13 22:00:00,92.57308959960938
srv-010,2017-06-13 23:00:00,92.89776611328125
srv-010,2017-06-14 00:00:00,88.90611267089844
srv-010,2017-06-14 01:00:00,90.6844711303711
srv-010,2017-06-14 02:00:00,92.84605407714844
srv-010,2017-06-14 03:00:00,93.54049682617188
srv-010,2017-06-14 04:00:00,95.10671997070312
srv-010,2017-06-14 05:00:00,92.70085906982422
srv-010,2017-06-14 06:00:00,91.92704010009766
srv-010,2017-06-14 07:00:00,94.8998794555664
srv-010,2017-06-14 08:00:00,94.70783996582031
srv-010,2017-06-14 09:00:00,91.90008544921875
srv-010,2017-06-14 10:00:00,92.42938232421875
srv-010,2017-06-14 11:00:00,94.83497619628906
srv-010,2017-06-14 12:00:00,95.433837890625
srv-010,2017-06-14 13:00:00,95.87623596191406
srv-010,2017-06-14 14:00:00,95.69207763671875
srv-010,2017-06-14 15:00:00,95.65200805664062
srv-010,2017-06-14 16:00:00,95.43492889404297
srv-010,2017-06-14 17:00:00,94.26545715332031
srv-010,2017-06-14 18:00:00,95.34124755859375
srv-010,2017-06-14 19:00:00,95.3607177734375
srv-010,2017-06-14 20:00:00,94.04716491699219
srv-010,2017-06-14 21:00:00,93.47267150878906
srv-010,2017-06-14 22:00:00,93.4881362915039
srv-010,2017-06-14 23:00:00,89.21196746826172
srv-010,2017-06-15 00:00:00,88.30207824707031
srv-010,2017-06-15 01:00:00,87.2193374633789
srv-010,2017-06-15 02:00:00,89.38885498046875
srv-010,2017-06-15 03:00:00,86.93084716796875
srv-010,2017-06-15 04:00:00,85.89627075195312
srv-010,2017-06-15 05:00:00,88.10615539550781
srv-010,2017-06-15 06:00:00,87.4317626953125
srv-010,2017-06-15 07:00:00,89.24461364746094
srv-010,2017-06-15 08:00:00,89.84446716308594
srv-010,2017-06-15 09:00:00,88.29168701171875
srv-010,2017-06-15 10:00:00,90.33794403076172
srv-010,2017-06-15 11:00:00,92.89539337158203
srv-010,2017-06-15 12:00:00,92.8280029296875
srv-010,2017-06-15 13:00:00,94.46520233154297
srv-010,2017-06-15 14:00:00,94.57322692871094
srv-010,2017-06-15 15:00:00,94.04573059082031
srv-010,2017-06-15 16:00:00,93.5577621459961
srv-010,2017-06-15 17:00:00,91.88445281982422
srv-010,2017-06-15 18:00:00,86.79942321777344
srv-010,2017-06-15 19:00:00,84.03761291503906
srv-010,2017-06-15 20:00:00,82.89017486572266
srv-010,2017-06-15 21:00:00,83.51182556152344
srv-010,2017-06-15 22:00:00,79.681884765625
srv-010,2017-06-15 23:00:00,79.76657104492188
srv-010,2017-06-16 00:00:00,82.183837890625
srv-010,2017-06-16 01:00:00,82.65809631347656
srv-010,2017-06-16 02:00:00,84.69424438476562
srv-010,2017-06-16 03:00:00,80.69256591796875
srv-010,2017-06-16 04:00:00,79.92085266113281
srv-010,2017-06-16 05:00:00,77.91111755371094
srv-010,2017-06-16 06:00:00,80.38735961914062
srv-010,2017-06-16 07:00:00,77.53031158447266
srv-010,2017-06-16 08:00:00,81.74913024902344
srv-010,2017-06-16 09:00:00,80.93553161621094
srv-010,2017-06-16 10:00:00,82.29618835449219
srv-010,2017-06-16 11:00:00,83.89898681640625
srv-010,2017-06-16 12:00:00,84.85099792480469
srv-010,2017-06-16 13:00:00,79.43783569335938
srv-010,2017-06-16 14:00:00,78.76248168945312
srv-010,2017-06-16 15:00:00,81.29147338867188
srv-010,2017-06-16 16:00:00,80.35356140136719
srv-010,2017-06-16 17:00:00,79.7392807006836
srv-010,2017-06-16 18:00:00,80.02433013916016
srv-010,2017-06-16 19:00:00,77.68234252929688
srv-010,2017-06-16 20:00:00,76.01538848876953
srv-010,2017-06-16 21:00:00,72.77144622802734
srv-010,2017-06-16 22:00:00,68.52302551269531
srv-010,2017-06-16 23:00:00,68.09898376464844
srv-010,2017-06-17 00:00:00,74.47798156738281
srv-010,2017-06-17 01:00:00,72.96463775634766
srv-010,2017-06-17 02:00:00,73.65104675292969
srv-010,2017-06-17 03:00:00,75.06236267089844
srv-010,2017-06-17 04:00:00,73.91975402832031
srv-010,2017-06-17 05:00:00,77.79776000976562
srv-010,2017-06-17 06:00:00,73.31033325195312
srv-010,2017-06-17 07:00:00,73.52418518066406
srv-010,2017-06-17 08:00:00,76.46372985839844
srv-010,2017-06-17 09:00:00,78.5576171875
srv-010,2017-06-17 10:00:00,81.08731842041016
srv-010,2017-06-17 11:00:00,84.94181823730469
srv-010,2017-06-17 12:00:00,84.17107391357422
srv-010,2017-06-17 13:00:00,86.76760864257812
srv-010,2017-06-17 14:00:00,85.81987762451172
srv-010,2017-06-17 15:00:00,82.3687744140625
srv-010,2017-06-17 16:00:00,79.83482360839844
srv-010,2017-06-17 17:00:00,79.18536376953125
srv-010,2017-06-17 18:00:00,78.70712280273438
srv-010,2017-06-17 19:00:00,77.06890869140625
srv-010,2017-06-17 20:00:00,74.22596740722656
srv-010,2017-06-17 21:00:00,72.59359741210938
srv-010,2017-06-17 22:00:00,69.83747863769531
srv-010,2017-06-17 23:00:00,70.39090728759766
srv-010,2017-06-18 00:00:00,73.51184844970703
srv-010,2017-06-18 01:00:00,72.42994689941406
srv-010,2017-06-18 02:00:00,77.41744995117188
srv-010,2017-06-18 03:00:00,76.87303161621094
srv-010,2017-06-18 04:00:00,73.79167938232422
srv-010,2017-06-18 05:00:00,74.93856048583984
srv-010,2017-06-18 06:00:00,73.42916107177734
srv-010,2017-06-18 07:00:00,71.74641418457031
srv-010,2017-06-18 08:00:00,77.12605285644531
srv-010,2017-06-18 09:00:00,76.732177734375
srv-010,2017-06-18 10:00:00,81.87806701660156
srv-010,2017-06-18 11:00:00,81.66837310791016
srv-010,2017-06-18 12:00:00,82.79734802246094
srv-010,2017-06-18 13:00:00,83.84473419189453
srv-010,2017-06-18 14:00:00,84.34646606445312
srv-010,2017-06-18 15:00:00,83.5030746459961
srv-010,2017-06-18 16:00:00,80.4764404296875
srv-010,2017-06-18 17:00:00,78.54270935058594
srv-010,2017-06-18 18:00:00,82.86663818359375
srv-010,2017-06-18 19:00:00,79.53024291992188
srv-010,2017-06-18 20:00:00,73.0849609375
srv-010,2017-06-18 21:00:00,74.29624938964844
srv-010,2017-06-18 22:00:00,71.65574645996094
srv-010,2017-06-18 23:00:00,70.07650756835938
srv-010,2017-06-19 00:00:00,69.38632202148438
srv-010,2017-06-19 01:00:00,69.07429504394531
srv-010,2017-06-19 02:00:00,70.6606216430664
srv-010,2017-06-19 03:00:00,73.22047424316406
srv-010,2017-06-19 04:00:00,74.36820983886719
srv-010,2017-06-19 05:00:00,76.59756469726562
srv-010,2017-06-19 06:00:00,75.83967590332031
srv-010,2017-06-19 07:00:00,75.93632507324219
srv-010,2017-06-19 08:00:00,80.93655395507812
srv-010,2017-06-19 09:00:00,82.98831176757812
srv-010,2017-06-19 10:00:00,86.32144165039062
srv-010,2017-06-19 11:00:00,86.166748046875
srv-010,2017-06-19 12:00:00,84.67495727539062
srv-010,2017-06-19 13:00:00,86.98828887939453
srv-010,2017-06-19 14:00:00,85.56787109375
srv-010,2017-06-19 15:00:00,86.701416015625
srv-010,2017-06-19 16:00:00,86.30197143554688
srv-010,2017-06-19 17:00:00,82.99629974365234
srv-010,2017-06-19 18:00:00,84.20162963867188
srv-010,2017-06-19 19:00:00,79.83393859863281
srv-010,2017-06-19 20:00:00,77.89043426513672
srv-010,2017-06-19 21:00:00,81.07974243164062
srv-010,2017-06-19 22:00:00,79.86845397949219
srv-010,2017-06-19 23:00:00,81.86357879638672
srv-010,2017-06-20 00:00:00,82.89820861816406
srv-010,2017-06-20 01:00:00,84.32748413085938
srv-010,2017-06-20 02:00:00,86.15386962890625
srv-010,2017-06-20 03:00:00,87.02760314941406
srv-010,2017-06-20 04:00:00,89.99653625488281
srv-010,2017-06-20 05:00:00,88.07270050048828
srv-010,2017-06-20 06:00:00,86.61363220214844
srv-010,2017-06-20 07:00:00,86.70314025878906
srv-010,2017-06-20 08:00:00,88.46625518798828
srv-010,2017-06-20 09:00:00,89.76705932617188
srv-010,2017-06-20 10:00:00,90.82006072998047
srv-010,2017-06-20 11:00:00,92.413330078125
srv-010,2017-06-20 12:00:00,94.24960327148438
srv-010,2017-06-20 13:00:00,94.26807403564453
srv-010,2017-06-20 14:00:00,94.34632110595703
srv-010,2017-06-20 15:00:00,94.46621704101562
srv-010,2017-06-20 16:00:00,94.88584899902344
srv-010,2017-06-20 17:00:00,95.03575134277344
srv-010,2017-06-20 18:00:00,93.32662200927734
srv-010,2017-06-20 19:00:00,93.90564727783203
srv-010,2017-06-20 20:00:00,92.67535400390625
srv-010,2017-06-20 21:00:00,90.5843276977539
srv-010,2017-06-20 22:00:00,89.77911376953125
srv-010,2017-06-20 23:00:00,88.19033813476562
srv-010,2017-06-21 00:00:00,89.84075927734375
srv-010,2017-06-21 01:00:00,91.47787475585938
srv-010,2017-06-21 02:00:00,92.18275451660156
srv-010,2017-06-21 03:00:00,94.19577026367188
srv-010,2017-06-21 04:00:00,94.91184997558594
srv-010,2017-06-21 05:00:00,94.74078369140625
srv-010,2017-06-21 06:00:00,94.5629653930664
srv-010,2017-06-21 07:00:00,92.28336334228516
srv-010,2017-06-21 08:00:00,94.14120483398438
srv-010,2017-06-21 09:00:00,94.33412170410156
srv-010,2017-06-21 10:00:00,95.52476501464844
srv-010,2017-06-21 11:00:00,96.37708282470703
srv-010,2017-06-21 12:00:00,96.61935424804688
srv-010,2017-06-21 13:00:00,96.75274658203125
srv-010,2017-06-21 14:00:00,96.45413208007812
srv-010,2017-06-21 15:00:00,95.97393798828125
srv-010,2017-06-21 16:00:00,95.47454833984375
srv-010,2017-06-21 17:00:00,94.93058776855469
srv-010,2017-06-21 18:00:00,94.82757568359375
srv-010,2017-06-21 19:00:00,94.90428161621094
srv-010,2017-06-21 20:00:00,92.888671875
srv-010,2017-06-21 21:00:00,90.21835327148438
srv-010,2017-06-21 22:00:00,88.64425659179688
srv-010,2017-06-21 23:00:00,89.80305480957031
srv-010,2017-06-22 00:00:00,90.41789245605469
srv-010,2017-06-22 01:00:00,90.31266021728516
srv-010,2017-06-22 02:00:00,91.48990631103516
srv-010,2017-06-22 03:00:00,91.9666748046875
srv-010,2017-06-22 04:00:00,88.93403625488281
srv-010,2017-06-22 05:00:00,89.59872436523438
srv-010,2017-06-22 06:00:00,88.17816162109375
srv-010,2017-06-22 07:00:00,88.42164611816406
srv-010,2017-06-22 08:00:00,92.1541748046875
srv-010,2017-06-22 09:00:00,92.81477355957031
srv-010,2017-06-22 10:00:00,94.93701171875
srv-010,2017-06-22 11:00:00,95.34378814697266
srv-010,2017-06-22 12:00:00,95.73236846923828
srv-010,2017-06-22 13:00:00,94.98858642578125
srv-010,2017-06-22 14:00:00,94.1494140625
srv-010,2017-06-22 15:00:00,92.35486602783203
srv-010,2017-06-22 16:00:00,92.22059631347656
srv-010,2017-06-22 17:00:00,92.48109436035156
srv-010,2017-06-22 18:00:00,91.53158569335938
srv-010,2017-06-22 19:00:00,89.16307067871094
srv-010,2017-06-22 20:00:00,85.00851440429688
srv-010,2017-06-22 21:00:00,84.41828918457031
srv-010,2017-06-22 22:00:00,82.07215881347656
srv-010,2017-06-22 23:00:00,81.65632629394531
srv-010,2017-06-23 00:00:00,81.492431640625
srv-010,2017-06-23 01:00:00,83.63323974609375
srv-010,2017-06-23 02:00:00,79.12882995605469
srv-010,2017-06-23 03:00:00,79.72640991210938
srv-010,2017-06-23 04:00:00,81.54193115234375
srv-010,2017-06-23 05:00:00,78.75721740722656
srv-010,2017-06-23 06:00:00,79.95292663574219
srv-010,2017-06-23 07:00:00,82.13777160644531
srv-010,2017-06-23 08:00:00,85.62359619140625
srv-010,2017-06-23 09:00:00,85.50701904296875
srv-010,2017-06-23 10:00:00,87.90342712402344
srv-010,2017-06-23 11:00:00,86.69285583496094
srv-010,2017-06-23 12:00:00,86.47573852539062
srv-010,2017-06-23 13:00:00,87.17157745361328
srv-010,2017-06-23 14:00:00,85.4721908569336
srv-010,2017-06-23 15:00:00,83.17903137207031
srv-010,2017-06-23 16:00:00,78.46043395996094
srv-010,2017-06-23 17:00:00,78.4600830078125
srv-010,2017-06-23 18:00:00,79.23011016845703
srv-010,2017-06-23 19:00:00,71.13495635986328
srv-010,2017-06-23 20:00:00,72.20791625976562
srv-010,2017-06-23 21:00:00,70.08938598632812
srv-010,2017-06-23 22:00:00,72.15760803222656
srv-010,2017-06-23 23:00:00,70.7953872680664
srv-010,2017-06-24 00:00:00,72.76141357421875
srv-010,2017-06-24 01:00:00,73.25189208984375
srv-010,2017-06-24 02:00:00,75.62619018554688
srv-010,2017-06-24 03:00:00,76.7412109375
srv-010,2017-06-24 04:00:00,76.09029388427734
srv-010,2017-06-24 05:00:00,75.16459655761719
srv-010,2017-06-24 06:00:00,78.6340103149414
srv-010,2017-06-24 07:00:00,75.86003875732422
srv-010,2017-06-24 08:00:00,80.058837890625
srv-010,2017-06-24 09:00:00,78.69491577148438
srv-010,2017-06-24 10:00:00,80.10745239257812
srv-010,2017-06-24 11:00:00,81.60713195800781
srv-010,2017-06-24 12:00:00,81.78770446777344
srv-010,2017-06-24 13:00:00,83.90338134765625
srv-010,2017-06-24 14:00:00,81.340087890625
srv-010,2017-06-24 15:00:00,82.6197280883789
srv-010,2017-06-24 16:00:00,82.03338623046875
srv-010,2017-06-24 17:00:00,82.6137466430664
srv-010,2017-06-24 18:00:00,80.18486022949219
srv-010,2017-06-24 19:00:00,78.6074447631836
srv-010,2017-06-24 20:00:00,75.51525115966797
srv-010,2017-06-24 21:00:00,72.15589141845703
srv-010,2017-06-24 22:00:00,70.71812438964844
srv-010,2017-06-24 23:00:00,72.19495391845703
srv-010,2017-06-25 00:00:00,72.24354553222656
srv-010,2017-06-25 01:00:00,73.2811279296875
srv-010,2017-06-25 02:00:00,74.64448547363281
srv-010,2017-06-25 03:00:00,75.99734497070312
srv-010,2017-06-25 04:00:00,75.3268051147461
srv-010,2017-06-25 05:00:00,76.00433349609375
srv-010,2017-06-25 06:00:00,70.7840805053711
srv-010,2017-06-25 07:00:00,71.7977294921875
srv-010,2017-06-25 08:00:00,76.69410705566406
srv-010,2017-06-25 09:00:00,76.1412124633789
srv-010,2017-06-25 10:00:00,80.6797103881836
srv-010,2017-06-25 11:00:00,82.35128021240234
srv-010,2017-06-25 12:00:00,79.93905639648438
srv-010,2017-06-25 13:00:00,79.88969421386719
srv-010,2017-06-25 14:00:00,83.51301574707031
srv-010,2017-06-25 15:00:00,81.95013427734375
srv-010,2017-06-25 16:00:00,83.33552551269531
srv-010,2017-06-25 17:00:00,78.99882507324219
srv-010,2017-06-25 18:00:00,80.01585388183594
srv-010,2017-06-25 19:00:00,76.25161743164062
srv-010,2017-06-25 20:00:00,71.64730072021484
srv-010,2017-06-25 21:00:00,71.42117309570312
srv-010,2017-06-25 22:00:00,69.95616149902344
srv-010,2017-06-25 23:00:00,69.73028564453125
srv-010,2017-06-26 00:00:00,69.66342163085938
srv-010,2017-06-26 01:00:00,68.77922058105469
srv-010,2017-06-26 02:00:00,71.34808349609375
srv-010,2017-06-26 03:00:00,71.32658386230469
srv-010,2017-06-26 04:00:00,74.93213653564453
srv-010,2017-06-26 05:00:00,75.97103881835938
srv-010,2017-06-26 06:00:00,75.17069244384766
srv-010,2017-06-26 07:00:00,78.04727172851562
srv-010,2017-06-26 08:00:00,82.48413848876953
srv-010,2017-06-26 09:00:00,82.96027374267578
srv-010,2017-06-26 10:00:00,84.96527099609375
srv-010,2017-06-26 11:00:00,84.99852752685547
srv-010,2017-06-26 12:00:00,86.57695007324219
srv-010,2017-06-26 13:00:00,85.34944152832031
srv-010,2017-06-26 14:00:00,84.48619079589844
srv-010,2017-06-26 15:00:00,85.99701690673828
srv-010,2017-06-26 16:00:00,84.79118347167969
srv-010,2017-06-26 17:00:00,85.00713348388672
srv-010,2017-06-26 18:00:00,81.9786376953125
srv-010,2017-06-26 19:00:00,82.34176635742188
srv-010,2017-06-26 20:00:00,81.90494537353516
srv-010,2017-06-26 21:00:00,80.64939880371094
srv-010,2017-06-26 22:00:00,80.77229309082031
srv-010,2017-06-26 23:00:00,78.6383056640625
srv-010,2017-06-27 00:00:00,81.59703063964844
srv-010,2017-06-27 01:00:00,82.40387725830078
srv-010,2017-06-27 02:00:00,84.57887268066406
srv-010,2017-06-27 03:00:00,85.36264038085938
srv-010,2017-06-27 04:00:00,86.2802734375
srv-010,2017-06-27 05:00:00,86.58840942382812
srv-010,2017-06-27 06:00:00,88.607177734375
srv-010,2017-06-27 07:00:00,89.64382934570312
srv-010,2017-06-27 08:00:00,91.78216552734375
srv-010,2017-06-27 09:00:00,92.02339172363281
srv-010,2017-06-27 10:00:00,93.04561614990234
srv-010,2017-06-27 11:00:00,92.1692886352539
srv-010,2017-06-27 12:00:00,93.56370544433594
srv-010,2017-06-27 13:00:00,93.91514587402344
srv-010,2017-06-27 14:00:00,94.42506408691406
srv-010,2017-06-27 15:00:00,94.8692626953125
srv-010,2017-06-27 16:00:00,92.93569946289062
srv-010,2017-06-27 17:00:00,93.1180419921875
srv-010,2017-06-27 18:00:00,93.16215515136719
srv-010,2017-06-27 19:00:00,90.56761932373047
srv-010,2017-06-27 20:00:00,89.87629699707031
srv-010,2017-06-27 21:00:00,90.55331420898438
srv-010,2017-06-27 22:00:00,92.17222595214844
srv-010,2017-06-27 23:00:00,91.98883056640625
srv-010,2017-06-28 00:00:00,89.46728515625
srv-010,2017-06-28 01:00:00,92.4345703125
srv-010,2017-06-28 02:00:00,92.87738037109375
srv-010,2017-06-28 03:00:00,93.86200714111328
srv-010,2017-06-28 04:00:00,94.66302490234375
srv-010,2017-06-28 05:00:00,91.48099517822266
srv-010,2017-06-28 06:00:00,90.89652252197266
srv-010,2017-06-28 07:00:00,89.93895721435547
srv-010,2017-06-28 08:00:00,92.1616439819336
srv-010,2017-06-28 09:00:00,91.27137756347656
srv-010,2017-06-28 10:00:00,93.34710693359375
srv-010,2017-06-28 11:00:00,94.24375915527344
srv-010,2017-06-28 12:00:00,95.59542846679688
srv-010,2017-06-28 13:00:00,95.62997436523438
srv-010,2017-06-28 14:00:00,95.83619689941406
srv-010,2017-06-28 15:00:00,95.52560424804688
srv-010,2017-06-28 16:00:00,95.21356201171875
srv-010,2017-06-28 17:00:00,92.35010528564453
srv-010,2017-06-28 18:00:00,93.3154067993164
srv-010,2017-06-28 19:00:00,92.62276458740234
srv-010,2017-06-28 20:00:00,90.82716369628906
srv-010,2017-06-28 21:00:00,91.32291412353516
srv-010,2017-06-28 22:00:00,90.420166015625
srv-010,2017-06-28 23:00:00,91.85070037841797
srv-010,2017-06-29 00:00:00,91.42079162597656
srv-010,2017-06-29 01:00:00,89.1495361328125
srv-010,2017-06-29 02:00:00,91.51139068603516
srv-010,2017-06-29 03:00:00,89.84811401367188
srv-010,2017-06-29 04:00:00,90.0852279663086
srv-010,2017-06-29 05:00:00,91.12919616699219
srv-010,2017-06-29 06:00:00,89.47622680664062
srv-010,2017-06-29 07:00:00,86.27969360351562
srv-010,2017-06-29 08:00:00,91.57073211669922
srv-010,2017-06-29 09:00:00,90.892578125
srv-010,2017-06-29 10:00:00,93.91667175292969
srv-010,2017-06-29 11:00:00,91.42073059082031
srv-010,2017-06-29 12:00:00,92.14794921875
srv-010,2017-06-29 13:00:00,91.75234985351562
srv-010,2017-06-29 14:00:00,89.52426147460938
srv-010,2017-06-29 15:00:00,90.2470474243164
srv-010,2017-06-29 16:00:00,91.04207611083984
srv-010,2017-06-29 17:00:00,88.44803619384766
srv-010,2017-06-29 18:00:00,86.9180908203125
srv-010,2017-06-29 19:00:00,88.79708862304688
srv-010,2017-06-29 20:00:00,86.05067443847656
srv-010,2017-06-29 21:00:00,83.95504760742188
srv-010,2017-06-29 22:00:00,81.68085479736328
srv-010,2017-06-29 23:00:00,83.42897033691406
srv-010,2017-06-30 00:00:00,80.91294860839844
srv-010,2017-06-30 01:00:00,79.51556396484375
srv-010,2017-06-30 02:00:00,82.12533569335938
srv-010,2017-06-30 03:00:00,81.11898803710938
srv-010,2017-06-30 04:00:00,81.94082641601562
srv-010,2017-06-30 05:00:00,82.24845886230469
srv-010,2017-06-30 06:00:00,75.482421875
srv-010,2017-06-30 07:00:00,77.27989959716797
srv-010,2017-06-30 08:00:00,81.67378997802734
srv-010,2017-06-30 09:00:00,78.86979675292969
srv-010,2017-06-30 10:00:00,80.69322967529297
srv-010,2017-06-30 11:00:00,84.27310180664062
srv-010,2017-06-30 12:00:00,83.91438293457031
srv-010,2017-06-30 13:00:00,77.98042297363281
srv-010,2017-06-30 14:00:00,74.4595947265625
srv-010,2017-06-30 15:00:00,75.93685913085938
srv-010,2017-06-30 16:00:00,77.14542388916016
srv-010,2017-06-30 17:00:00,78.48678588867188
srv-010,2017-06-30 18:00:00,79.267578125
srv-010,2017-06-30 19:00:00,76.37027740478516
srv-010,2017-06-30 20:00:00,75.76766967773438
srv-010,2017-06-30 21:00:00,73.80043029785156
srv-010,2017-06-30 22:00:00,72.76214599609375
srv-010,2017-06-30 23:00:00,69.35134887695312
