server_id,timestamp,predicted_cpu_utilization
srv-001,2017-06-01 23:00:00,0.0
srv-001,2017-06-02 00:00:00,0.0
srv-001,2017-06-02 01:00:00,0.0
srv-001,2017-06-02 02:00:00,0.0
srv-001,2017-06-02 03:00:00,0.0
srv-001,2017-06-02 04:00:00,0.0
srv-001,2017-06-02 05:00:00,0.0
srv-001,2017-06-02 06:00:00,0.0
srv-001,2017-06-02 07:00:00,0.0
srv-001,2017-06-02 08:00:00,0.0
srv-001,2017-06-02 09:00:00,0.0
srv-001,2017-06-02 10:00:00,0.0
srv-001,2017-06-02 11:00:00,0.0
srv-001,2017-06-02 12:00:00,44.27745056152344
srv-001,2017-06-02 13:00:00,44.52947235107422
srv-001,2017-06-02 14:00:00,45.28147888183594
srv-001,2017-06-02 15:00:00,46.305213928222656
srv-001,2017-06-02 16:00:00,43.532833099365234
srv-001,2017-06-02 17:00:00,43.10432815551758
srv-001,2017-06-02 18:00:00,43.23796844482422
srv-001,2017-06-02 19:00:00,41.52045440673828
srv-001,2017-06-02 20:00:00,40.91210174560547
srv-001,2017-06-02 21:00:00,41.24530792236328
srv-001,2017-06-02 22:00:00,41.064125061035156
srv-001,2017-06-02 23:00:00,39.73125457763672
srv-001,2017-06-03 00:00:00,41.190120697021484
srv-001,2017-06-03 01:00:00,42.505775451660156
srv-001,2017-06-03 02:00:00,42.359840393066406
srv-001,2017-06-03 03:00:00,42.60237121582031
srv-001,2017-06-03 04:00:00,42.80195999145508
srv-001,2017-06-03 05:00:00,43.85770797729492
srv-001,2017-06-03 06:00:00,29.003446578979492
srv-001,2017-06-03 07:00:00,32.78080749511719
srv-001,2017-06-03 08:00:00,35.81934356689453
srv-001,2017-06-03 09:00:00,41.439308166503906
srv-001,2017-06-03 10:00:00,43.03302764892578
srv-001,2017-06-03 11:00:00,44.117401123046875
srv-001,2017-06-03 12:00:00,47.077857971191406
srv-001,2017-06-03 13:00:00,48.35734558105469
srv-001,2017-06-03 14:00:00,47.940879821777344
srv-001,2017-06-03 15:00:00,44.709693908691406
srv-001,2017-06-03 16:00:00,44.38767623901367
srv-001,2017-06-03 17:00:00,47.769554138183594
srv-001,2017-06-03 18:00:00,48.19240188598633
srv-001,2017-06-03 19:00:00,48.076744079589844
srv-001,2017-06-03 20:00:00,46.73857879638672
srv-001,2017-06-03 21:00:00,43.609352111816406
srv-001,2017-06-03 22:00:00,40.08327102661133
srv-001,2017-06-03 23:00:00,38.80976486206055
srv-001,2017-06-04 00:00:00,39.63017272949219
srv-001,2017-06-04 01:00:00,40.784934997558594
srv-001,2017-06-04 02:00:00,42.213138580322266
srv-001,2017-06-04 03:00:00,44.783714294433594
srv-001,2017-06-04 04:00:00,45.17021179199219
srv-001,2017-06-04 05:00:00,42.397186279296875
srv-001,2017-06-04 06:00:00,39.31019592285156
srv-001,2017-06-04 07:00:00,39.98231506347656
srv-001,2017-06-04 08:00:00,41.42076873779297
srv-001,2017-06-04 09:00:00,42.465431213378906
srv-001,2017-06-04 10:00:00,43.968299865722656
srv-001,2017-06-04 11:00:00,47.97393035888672
srv-001,2017-06-04 12:00:00,46.150360107421875
srv-001,2017-06-04 13:00:00,43.922637939453125
srv-001,2017-06-04 14:00:00,43.313777923583984
srv-001,2017-06-04 15:00:00,44.564552307128906
srv-001,2017-06-04 16:00:00,42.60725784301758
srv-001,2017-06-04 17:00:00,42.79302978515625
srv-001,2017-06-04 18:00:00,42.55516052246094
srv-001,2017-06-04 19:00:00,44.071327209472656
srv-001,2017-06-04 20:00:00,46.56604766845703
srv-001,2017-06-04 21:00:00,44.519657135009766
srv-001,2017-06-04 22:00:00,41.874759674072266
srv-001,2017-06-04 23:00:00,42.239646911621094
srv-001,2017-06-05 00:00:00,43.44682312011719
srv-001,2017-06-05 01:00:00,39.149593353271484
srv-001,2017-06-05 02:00:00,34.964656829833984
srv-001,2017-06-05 03:00:00,38.22772216796875
srv-001,2017-06-05 04:00:00,39.25054931640625
srv-001,2017-06-05 05:00:00,40.135128021240234
srv-001,2017-06-05 06:00:00,41.812705993652344
srv-001,2017-06-05 07:00:00,38.091636657714844
srv-001,2017-06-05 08:00:00,37.293663024902344
srv-001,2017-06-05 09:00:00,39.59290313720703
srv-001,2017-06-05 10:00:00,40.62679672241211
srv-001,2017-06-05 11:00:00,41.18273162841797
srv-001,2017-06-05 12:00:00,43.635986328125
srv-001,2017-06-05 13:00:00,46.87848663330078
srv-001,2017-06-05 14:00:00,47.62464904785156
srv-001,2017-06-05 15:00:00,46.462745666503906
srv-001,2017-06-05 16:00:00,45.86918640136719
srv-001,2017-06-05 17:00:00,45.658538818359375
srv-001,2017-06-05 18:00:00,43.65693664550781
srv-001,2017-06-05 19:00:00,43.708168029785156
srv-001,2017-06-05 20:00:00,44.20313262939453
srv-001,2017-06-05 21:00:00,46.14431381225586
srv-001,2017-06-05 22:00:00,44.96305465698242
srv-001,2017-06-05 23:00:00,43.54144287109375
srv-001,2017-06-06 00:00:00,42.41687774658203
srv-001,2017-06-06 01:00:00,41.37132263183594
srv-001,2017-06-06 02:00:00,42.451629638671875
srv-001,2017-06-06 03:00:00,44.62870788574219
srv-001,2017-06-06 04:00:00,42.638038635253906
srv-001,2017-06-06 05:00:00,42.15277862548828
srv-001,2017-06-06 06:00:00,44.98374938964844
srv-001,2017-06-06 07:00:00,47.982460021972656
srv-001,2017-06-06 08:00:00,48.586097717285156
srv-001,2017-06-06 09:00:00,47.101497650146484
srv-001,2017-06-06 10:00:00,45.431861877441406
srv-001,2017-06-06 11:00:00,47.48462677001953
srv-001,2017-06-06 12:00:00,50.96877670288086
srv-001,2017-06-06 13:00:00,51.20081329345703
srv-001,2017-06-06 14:00:00,52.5514030456543
srv-001,2017-06-06 15:00:00,53.6849365234375
srv-001,2017-06-06 16:00:00,54.052940368652344
srv-001,2017-06-06 17:00:00,50.97587585449219
srv-001,2017-06-06 18:00:00,51.08898162841797
srv-001,2017-06-06 19:00:00,50.86760711669922
srv-001,2017-06-06 20:00:00,49.71016311645508
srv-001,2017-06-06 21:00:00,48.32588195800781
srv-001,2017-06-06 22:00:00,49.54869842529297
srv-001,2017-06-06 23:00:00,50.834251403808594
srv-001,2017-06-07 00:00:00,49.314430236816406
srv-001,2017-06-07 01:00:00,50.759117126464844
srv-001,2017-06-07 02:00:00,49.78850173950195
srv-001,2017-06-07 03:00:00,48.2242431640625
srv-001,2017-06-07 04:00:00,48.37715148925781
srv-001,2017-06-07 05:00:00,47.35850524902344
srv-001,2017-06-07 06:00:00,49.309356689453125
srv-001,2017-06-07 07:00:00,47.66899108886719
srv-001,2017-06-07 08:00:00,47.67120361328125
srv-001,2017-06-07 09:00:00,47.370697021484375
srv-001,2017-06-07 10:00:00,49.614952087402344
srv-001,2017-06-07 11:00:00,51.890541076660156
srv-001,2017-06-07 12:00:00,52.98222351074219
srv-001,2017-06-07 13:00:00,52.94695281982422
srv-001,2017-06-07 14:00:00,53.3111686706543
srv-001,2017-06-07 15:00:00,55.969974517822266
srv-001,2017-06-07 16:00:00,54.5927734375
srv-001,2017-06-07 17:00:00,54.14897918701172
srv-001,2017-06-07 18:00:00,51.157779693603516
srv-001,2017-06-07 19:00:00,51.236454010009766
srv-001,2017-06-07 20:00:00,52.699092864990234
srv-001,2017-06-07 21:00:00,52.64362716674805
srv-001,2017-06-07 22:00:00,49.53127670288086
srv-001,2017-06-07 23:00:00,49.381500244140625
srv-001,2017-06-08 00:00:00,48.43592071533203
srv-001,2017-06-08 01:00:00,48.26760482788086
srv-001,2017-06-08 02:00:00,47.55400848388672
srv-001,2017-06-08 03:00:00,47.321693420410156
srv-001,2017-06-08 04:00:00,47.79489517211914
srv-001,2017-06-08 05:00:00,46.31087112426758
srv-001,2017-06-08 06:00:00,45.062496185302734
srv-001,2017-06-08 07:00:00,44.158302307128906
srv-001,2017-06-08 08:00:00,44.617156982421875
srv-001,2017-06-08 09:00:00,44.73447036743164
srv-001,2017-06-08 10:00:00,47.304134368896484
srv-001,2017-06-08 11:00:00,47.23975372314453
srv-001,2017-06-08 12:00:00,50.36872100830078
srv-001,2017-06-08 13:00:00,51.76543426513672
srv-001,2017-06-08 14:00:00,49.24385452270508
srv-001,2017-06-08 15:00:00,50.84027862548828
srv-001,2017-06-08 16:00:00,51.85222244262695
srv-001,2017-06-08 17:00:00,49.152496337890625
srv-001,2017-06-08 18:00:00,48.8354377746582
srv-001,2017-06-08 19:00:00,46.550025939941406
srv-001,2017-06-08 20:00:00,45.62775421142578
srv-001,2017-06-08 21:00:00,44.34354019165039
srv-001,2017-06-08 22:00:00,43.10054397583008
srv-001,2017-06-08 23:00:00,42.987327575683594
srv-001,2017-06-09 00:00:00,42.590538024902344
srv-001,2017-06-09 01:00:00,42.563804626464844
srv-001,2017-06-09 02:00:00,41.863311767578125
srv-001,2017-06-09 03:00:00,42.09950637817383
srv-001,2017-06-09 04:00:00,43.11835861206055
srv-001,2017-06-09 05:00:00,43.5
srv-001,2017-06-09 06:00:00,43.488136291503906
srv-001,2017-06-09 07:00:00,42.64926528930664
srv-001,2017-06-09 08:00:00,43.991310119628906
srv-001,2017-06-09 09:00:00,42.60334396362305
srv-001,2017-06-09 10:00:00,43.30896759033203
srv-001,2017-06-09 11:00:00,45.98542022705078
srv-001,2017-06-09 12:00:00,46.90803527832031
srv-001,2017-06-09 13:00:00,46.156044006347656
srv-001,2017-06-09 14:00:00,44.554100036621094
srv-001,2017-06-09 15:00:00,45.6192626953125
srv-001,2017-06-09 16:00:00,42.784297943115234
srv-001,2017-06-09 17:00:00,41.603538513183594
srv-001,2017-06-09 18:00:00,41.05746841430664
srv-001,2017-06-09 19:00:00,41.73725128173828
srv-001,2017-06-09 20:00:00,41.09883117675781
srv-001,2017-06-09 21:00:00,39.78395080566406
srv-001,2017-06-09 22:00:00,38.32270431518555
srv-001,2017-06-09 23:00:00,38.14448547363281
srv-001,2017-06-10 00:00:00,39.44000244140625
srv-001,2017-06-10 01:00:00,40.952186584472656
srv-001,2017-06-10 02:00:00,40.32417678833008
srv-001,2017-06-10 03:00:00,42.31722640991211
srv-001,2017-06-10 04:00:00,42.83259582519531
srv-001,2017-06-10 05:00:00,44.182518005371094
srv-001,2017-06-10 06:00:00,42.80645751953125
srv-001,2017-06-10 07:00:00,41.744102478027344
srv-001,2017-06-10 08:00:00,41.69566345214844
srv-001,2017-06-10 09:00:00,41.62114715576172
srv-001,2017-06-10 10:00:00,43.08604431152344
srv-001,2017-06-10 11:00:00,44.73564910888672
srv-001,2017-06-10 12:00:00,44.271484375
srv-001,2017-06-10 13:00:00,43.96207809448242
srv-001,2017-06-10 14:00:00,45.477439880371094
srv-001,2017-06-10 15:00:00,43.14501190185547
srv-001,2017-06-10 16:00:00,43.24086380004883
srv-001,2017-06-10 17:00:00,42.204830169677734
srv-001,2017-06-10 18:00:00,41.610172271728516
srv-001,2017-06-10 19:00:00,41.08985900878906
srv-001,2017-06-10 20:00:00,39.91910171508789
srv-001,2017-06-10 21:00:00,40.50252914428711
srv-001,2017-06-10 22:00:00,39.74237060546875
srv-001,2017-06-10 23:00:00,39.63916015625
srv-001,2017-06-11 00:00:00,39.81409454345703
srv-001,2017-06-11 01:00:00,40.416770935058594
srv-001,2017-06-11 02:00:00,41.71318054199219
srv-001,2017-06-11 03:00:00,41.988624572753906
srv-001,2017-06-11 04:00:00,43.320518493652344
srv-001,2017-06-11 05:00:00,41.13368225097656
srv-001,2017-06-11 06:00:00,41.06648254394531
srv-001,2017-06-11 07:00:00,40.56568908691406
srv-001,2017-06-11 08:00:00,39.963050842285156
srv-001,2017-06-11 09:00:00,40.573875427246094
srv-001,2017-06-11 10:00:00,41.85768508911133
srv-001,2017-06-11 11:00:00,43.84735870361328
srv-001,2017-06-11 12:00:00,45.16975784301758
srv-001,2017-06-11 13:00:00,43.49940490722656
srv-001,2017-06-11 14:00:00,43.76810836791992
srv-001,2017-06-11 15:00:00,45.03001022338867
srv-001,2017-06-11 16:00:00,44.59619903564453
srv-001,2017-06-11 17:00:00,41.088584899902344
srv-001,2017-06-11 18:00:00,40.193756103515625
srv-001,2017-06-11 19:00:00,40.78791809082031
srv-001,2017-06-11 20:00:00,41.16576385498047
srv-001,2017-06-11 21:00:00,38.3505859375
srv-001,2017-06-11 22:00:00,37.500587463378906
srv-001,2017-06-11 23:00:00,40.219940185546875
srv-001,2017-06-12 00:00:00,39.2041015625
srv-001,2017-06-12 01:00:00,37.69659423828125
srv-001,2017-06-12 02:00:00,38.65022659301758
srv-001,2017-06-12 03:00:00,36.815765380859375
srv-001,2017-06-12 04:00:00,34.757076263427734
srv-001,2017-06-12 05:00:00,35.990760803222656
srv-001,2017-06-12 06:00:00,32.753746032714844
srv-001,2017-06-12 07:00:00,31.162113189697266
srv-001,2017-06-12 08:00:00,37.15407180786133
srv-001,2017-06-12 09:00:00,39.67797088623047
srv-001,2017-06-12 10:00:00,44.75392150878906
srv-001,2017-06-12 11:00:00,47.584815979003906
srv-001,2017-06-12 12:00:00,48.27305603027344
srv-001,2017-06-12 13:00:00,49.546173095703125
srv-001,2017-06-12 14:00:00,48.82118606567383
srv-001,2017-06-12 15:00:00,49.41633605957031
srv-001,2017-06-12 16:00:00,48.21275329589844
srv-001,2017-06-12 17:00:00,48.97343826293945
srv-001,2017-06-12 18:00:00,45.945133209228516
srv-001,2017-06-12 19:00:00,45.17226028442383
srv-001,2017-06-12 20:00:00,43.81877136230469
srv-001,2017-06-12 21:00:00,42.817527770996094
srv-001,2017-06-12 22:00:00,42.78642654418945
srv-001,2017-06-12 23:00:00,43.420066833496094
srv-001,2017-06-13 00:00:00,41.90985107421875
srv-001,2017-06-13 01:00:00,40.753395080566406
srv-001,2017-06-13 02:00:00,42.27637481689453
srv-001,2017-06-13 03:00:00,43.87836837768555
srv-001,2017-06-13 04:00:00,45.592857360839844
srv-001,2017-06-13 05:00:00,46.59943771362305
srv-001,2017-06-13 06:00:00,46.65928649902344
srv-001,2017-06-13 07:00:00,49.291603088378906
srv-001,2017-06-13 08:00:00,50.2426872253418
srv-001,2017-06-13 09:00:00,49.82530975341797
srv-001,2017-06-13 10:00:00,48.52881622314453
srv-001,2017-06-13 11:00:00,51.197654724121094
srv-001,2017-06-13 12:00:00,53.197021484375
srv-001,2017-06-13 13:00:00,54.141868591308594
srv-001,2017-06-13 14:00:00,54.6854248046875
srv-001,2017-06-13 15:00:00,53.53854751586914
srv-001,2017-06-13 16:00:00,54.052162170410156
srv-001,2017-06-13 17:00:00,55.006004333496094
srv-001,2017-06-13 18:00:00,56.068511962890625
srv-001,2017-06-13 19:00:00,55.06752014160156
srv-001,2017-06-13 20:00:00,53.20097732543945
srv-001,2017-06-13 21:00:00,52.631134033203125
srv-001,2017-06-13 22:00:00,50.50402069091797
srv-001,2017-06-13 23:00:00,51.7926025390625
srv-001,2017-06-14 00:00:00,49.44739532470703
srv-001,2017-06-14 01:00:00,57.097259521484375
srv-001,2017-06-14 02:00:00,53.302608489990234
srv-001,2017-06-14 03:00:00,50.006492614746094
srv-001,2017-06-14 04:00:00,53.739013671875
srv-001,2017-06-14 05:00:00,52.41429901123047
srv-001,2017-06-14 06:00:00,50.346927642822266
srv-001,2017-06-14 07:00:00,52.205413818359375
srv-001,2017-06-14 08:00:00,52.78662109375
srv-001,2017-06-14 09:00:00,54.45183181762695
srv-001,2017-06-14 10:00:00,56.94930648803711
srv-001,2017-06-14 11:00:00,56.93326950073242
srv-001,2017-06-14 12:00:00,56.16569519042969
srv-001,2017-06-14 13:00:00,58.148101806640625
srv-001,2017-06-14 14:00:00,58.764766693115234
srv-001,2017-06-14 15:00:00,63.084075927734375
srv-001,2017-06-14 16:00:00,62.51578903198242
srv-001,2017-06-14 17:00:00,60.45777893066406
srv-001,2017-06-14 18:00:00,58.67292022705078
srv-001,2017-06-14 19:00:00,56.78194808959961
srv-001,2017-06-14 20:00:00,55.25801086425781
srv-001,2017-06-14 21:00:00,56.85782241821289
srv-001,2017-06-14 22:00:00,53.36669921875
srv-001,2017-06-14 23:00:00,51.820899963378906
srv-001,2017-06-15 00:00:00,53.07127380371094
srv-001,2017-06-15 01:00:00,51.83296585083008
srv-001,2017-06-15 02:00:00,51.96384048461914
srv-001,2017-06-15 03:00:00,51.66648864746094
srv-001,2017-06-15 04:00:00,51.357330322265625
srv-001,2017-06-15 05:00:00,50.80415725708008
srv-001,2017-06-15 06:00:00,47.23728942871094
srv-001,2017-06-15 07:00:00,49.421791076660156
srv-001,2017-06-15 08:00:00,53.5715217590332
srv-001,2017-06-15 09:00:00,51.935211181640625
srv-001,2017-06-15 10:00:00,51.68291473388672
srv-001,2017-06-15 11:00:00,53.84697723388672
srv-001,2017-06-15 12:00:00,55.28178405761719
srv-001,2017-06-15 13:00:00,55.608280181884766
srv-001,2017-06-15 14:00:00,54.42415237426758
srv-001,2017-06-15 15:00:00,55.481842041015625
srv-001,2017-06-15 16:00:00,57.012290954589844
srv-001,2017-06-15 17:00:00,56.257164001464844
srv-001,2017-06-15 18:00:00,51.92121124267578
srv-001,2017-06-15 19:00:00,51.14799880981445
srv-001,2017-06-15 20:00:00,50.76441955566406
srv-001,2017-06-15 21:00:00,55.43396759033203
srv-001,2017-06-15 22:00:00,49.46622848510742
srv-001,2017-06-15 23:00:00,50.55228042602539
srv-001,2017-06-16 00:00:00,45.49875259399414
srv-001,2017-06-16 01:00:00,51.898948669433594
srv-001,2017-06-16 02:00:00,49.817100524902344
srv-001,2017-06-16 03:00:00,49.00273895263672
srv-001,2017-06-16 04:00:00,46.548744201660156
srv-001,2017-06-16 05:00:00,43.83555603027344
srv-001,2017-06-16 06:00:00,43.970584869384766
srv-001,2017-06-16 07:00:00,39.48515701293945
srv-001,2017-06-16 08:00:00,43.20204162597656
srv-001,2017-06-16 09:00:00,42.56705093383789
srv-001,2017-06-16 10:00:00,44.086639404296875
srv-001,2017-06-16 11:00:00,43.17985916137695
srv-001,2017-06-16 12:00:00,43.26543426513672
srv-001,2017-06-16 13:00:00,46.468971252441406
srv-001,2017-06-16 14:00:00,48.269004821777344
srv-001,2017-06-16 15:00:00,46.305992126464844
srv-001,2017-06-16 16:00:00,45.02023696899414
srv-001,2017-06-16 17:00:00,44.52360534667969
srv-001,2017-06-16 18:00:00,43.937965393066406
srv-001,2017-06-16 19:00:00,41.424190521240234
srv-001,2017-06-16 20:00:00,41.22931671142578
srv-001,2017-06-16 21:00:00,38.65882110595703
srv-001,2017-06-16 22:00:00,36.67837142944336
srv-001,2017-06-16 23:00:00,38.53343200683594
srv-001,2017-06-17 00:00:00,39.06147003173828
srv-001,2017-06-17 01:00:00,40.740020751953125
srv-001,2017-06-17 02:00:00,40.78801727294922
srv-001,2017-06-17 03:00:00,42.28699493408203
srv-001,2017-06-17 04:00:00,41.13268280029297
srv-001,2017-06-17 05:00:00,40.720733642578125
srv-001,2017-06-17 06:00:00,40.20375442504883
srv-001,2017-06-17 07:00:00,40.43055725097656
srv-001,2017-06-17 08:00:00,42.06529235839844
srv-001,2017-06-17 09:00:00,41.77973937988281
srv-001,2017-06-17 10:00:00,43.04952621459961
srv-001,2017-06-17 11:00:00,46.3193359375
srv-001,2017-06-17 12:00:00,44.57902145385742
srv-001,2017-06-17 13:00:00,42.130859375
srv-001,2017-06-17 14:00:00,44.856075286865234
srv-001,2017-06-17 15:00:00,44.390098571777344
srv-001,2017-06-17 16:00:00,43.47996139526367
srv-001,2017-06-17 17:00:00,41.47782516479492
srv-001,2017-06-17 18:00:00,41.11613464355469
srv-001,2017-06-17 19:00:00,43.02103805541992
srv-001,2017-06-17 20:00:00,42.6981201171875
srv-001,2017-06-17 21:00:00,43.14137268066406
srv-001,2017-06-17 22:00:00,39.03096008300781
srv-001,2017-06-17 23:00:00,36.85108184814453
srv-001,2017-06-18 00:00:00,33.73820495605469
srv-001,2017-06-18 01:00:00,35.365234375
srv-001,2017-06-18 02:00:00,36.913352966308594
srv-001,2017-06-18 03:00:00,39.033809661865234
srv-001,2017-06-18 04:00:00,40.6895866394043
srv-001,2017-06-18 05:00:00,40.909523010253906
srv-001,2017-06-18 06:00:00,40.14186477661133
srv-001,2017-06-18 07:00:00,40.905250549316406
srv-001,2017-06-18 08:00:00,42.947845458984375
srv-001,2017-06-18 09:00:00,41.71460723876953
srv-001,2017-06-18 10:00:00,42.96657943725586
srv-001,2017-06-18 11:00:00,45.427589416503906
srv-001,2017-06-18 12:00:00,45.6866569519043
srv-001,2017-06-18 13:00:00,46.90216064453125
srv-001,2017-06-18 14:00:00,47.68355941772461
srv-001,2017-06-18 15:00:00,48.520172119140625
srv-001,2017-06-18 16:00:00,46.65486145019531
srv-001,2017-06-18 17:00:00,42.8638916015625
srv-001,2017-06-18 18:00:00,42.71814727783203
srv-001,2017-06-18 19:00:00,42.81853485107422
srv-001,2017-06-18 20:00:00,41.847259521484375
srv-001,2017-06-18 21:00:00,40.63750457763672
srv-001,2017-06-18 22:00:00,39.81354904174805
srv-001,2017-06-18 23:00:00,41.50201416015625
srv-001,2017-06-19 00:00:00,41.080589294433594
srv-001,2017-06-19 01:00:00,39.729854583740234
srv-001,2017-06-19 02:00:00,39.027984619140625
srv-001,2017-06-19 03:00:00,39.05705261230469
srv-001,2017-06-19 04:00:00,39.17485046386719
srv-001,2017-06-19 05:00:00,38.751617431640625
srv-001,2017-06-19 06:00:00,39.60466003417969
srv-001,2017-06-19 07:00:00,37.777435302734375
srv-001,2017-06-19 08:00:00,38.701866149902344
srv-001,2017-06-19 09:00:00,41.07292175292969
srv-001,2017-06-19 10:00:00,44.570159912109375
srv-001,2017-06-19 11:00:00,45.68634033203125
srv-001,2017-06-19 12:00:00,47.68724060058594
srv-001,2017-06-19 13:00:00,49.18034362792969
srv-001,2017-06-19 14:00:00,49.07227325439453
srv-001,2017-06-19 15:00:00,46.888023376464844
srv-001,2017-06-19 16:00:00,46.9250373840332
srv-001,2017-06-19 17:00:00,46.978912353515625
srv-001,2017-06-19 18:00:00,46.28276824951172
srv-001,2017-06-19 19:00:00,44.875709533691406
srv-001,2017-06-19 20:00:00,42.877899169921875
srv-001,2017-06-19 21:00:00,42.99212646484375
srv-001,2017-06-19 22:00:00,42.6926155090332
srv-001,2017-06-19 23:00:00,43.53583526611328
srv-001,2017-06-20 00:00:00,42.75776672363281
srv-001,2017-06-20 01:00:00,45.71684265136719
srv-001,2017-06-20 02:00:00,44.02043533325195
srv-001,2017-06-20 03:00:00,45.36940383911133
srv-001,2017-06-20 04:00:00,45.48079299926758
srv-001,2017-06-20 05:00:00,46.63884735107422
srv-001,2017-06-20 06:00:00,46.98208236694336
srv-001,2017-06-20 07:00:00,48.25664520263672
srv-001,2017-06-20 08:00:00,48.96592330932617
srv-001,2017-06-20 09:00:00,46.852962493896484
srv-001,2017-06-20 10:00:00,50.123863220214844
srv-001,2017-06-20 11:00:00,50.74382019042969
srv-001,2017-06-20 12:00:00,52.961219787597656
srv-001,2017-06-20 13:00:00,54.45580291748047
srv-001,2017-06-20 14:00:00,53.57400131225586
srv-001,2017-06-20 15:00:00,54.68161392211914
srv-001,2017-06-20 16:00:00,53.060184478759766
srv-001,2017-06-20 17:00:00,51.546878814697266
srv-001,2017-06-20 18:00:00,51.29540252685547
srv-001,2017-06-20 19:00:00,48.76850509643555
srv-001,2017-06-20 20:00:00,48.536964416503906
srv-001,2017-06-20 21:00:00,50.8302001953125
srv-001,2017-06-20 22:00:00,50.376731872558594
srv-001,2017-06-20 23:00:00,50.161643981933594
srv-001,2017-06-21 00:00:00,50.43766784667969
srv-001,2017-06-21 01:00:00,50.804744720458984
srv-001,2017-06-21 02:00:00,53.2490348815918
srv-001,2017-06-21 03:00:00,52.48661804199219
srv-001,2017-06-21 04:00:00,51.762054443359375
srv-001,2017-06-21 05:00:00,54.2774543762207
srv-001,2017-06-21 06:00:00,51.544677734375
srv-001,2017-06-21 07:00:00,54.641136169433594
srv-001,2017-06-21 08:00:00,52.42092514038086
srv-001,2017-06-21 09:00:00,55.852603912353516
srv-001,2017-06-21 10:00:00,55.88037872314453
srv-001,2017-06-21 11:00:00,56.02893829345703
srv-001,2017-06-21 12:00:00,53.65473175048828
srv-001,2017-06-21 13:00:00,54.26639175415039
srv-001,2017-06-21 14:00:00,54.01289367675781
srv-001,2017-06-21 15:00:00,53.91738510131836
srv-001,2017-06-21 16:00:00,53.7672004699707
srv-001,2017-06-21 17:00:00,56.18458557128906
srv-001,2017-06-21 18:00:00,55.345523834228516
srv-001,2017-06-21 19:00:00,54.37530517578125
srv-001,2017-06-21 20:00:00,51.53925323486328
srv-001,2017-06-21 21:00:00,50.407386779785156
srv-001,2017-06-21 22:00:00,52.237911224365234
srv-001,2017-06-21 23:00:00,50.89219665527344
srv-001,2017-06-22 00:00:00,53.47373962402344
srv-001,2017-06-22 01:00:00,51.36305618286133
srv-001,2017-06-22 02:00:00,50.17100143432617
srv-001,2017-06-22 03:00:00,51.60346984863281
srv-001,2017-06-22 04:00:00,53.28633117675781
srv-001,2017-06-22 05:00:00,51.42490005493164
srv-001,2017-06-22 06:00:00,49.98506164550781
srv-001,2017-06-22 07:00:00,49.20893859863281
srv-001,2017-06-22 08:00:00,50.82771682739258
srv-001,2017-06-22 09:00:00,52.14883804321289
srv-001,2017-06-22 10:00:00,51.43128204345703
srv-001,2017-06-22 11:00:00,54.124595642089844
srv-001,2017-06-22 12:00:00,57.23389434814453
srv-001,2017-06-22 13:00:00,56.94041061401367
srv-001,2017-06-22 14:00:00,55.48638916015625
srv-001,2017-06-22 15:00:00,51.079463958740234
srv-001,2017-06-22 16:00:00,49.42778015136719
srv-001,2017-06-22 17:00:00,49.907169342041016
srv-001,2017-06-22 18:00:00,49.07209777832031
srv-001,2017-06-22 19:00:00,47.590694427490234
srv-001,2017-06-22 20:00:00,46.81964874267578
srv-001,2017-06-22 21:00:00,46.470863342285156
srv-001,2017-06-22 22:00:00,46.33415985107422
srv-001,2017-06-22 23:00:00,45.674652099609375
srv-001,2017-06-23 00:00:00,44.8599967956543
srv-001,2017-06-23 01:00:00,46.05470275878906
srv-001,2017-06-23 02:00:00,45.9302978515625
srv-001,2017-06-23 03:00:00,45.324462890625
srv-001,2017-06-23 04:00:00,44.342506408691406
srv-001,2017-06-23 05:00:00,43.158241271972656
srv-001,2017-06-23 06:00:00,43.77742385864258
srv-001,2017-06-23 07:00:00,43.691734313964844
srv-001,2017-06-23 08:00:00,44.21077346801758
srv-001,2017-06-23 09:00:00,43.671634674072266
srv-001,2017-06-23 10:00:00,42.66106033325195
srv-001,2017-06-23 11:00:00,43.25217056274414
srv-001,2017-06-23 12:00:00,44.91400909423828
srv-001,2017-06-23 13:00:00,44.51492691040039
srv-001,2017-06-23 14:00:00,44.627899169921875
srv-001,2017-06-23 15:00:00,45.45683670043945
srv-001,2017-06-23 16:00:00,43.70143127441406
srv-001,2017-06-23 17:00:00,41.23482131958008
srv-001,2017-06-23 18:00:00,40.5127067565918
srv-001,2017-06-23 19:00:00,40.21310806274414
srv-001,2017-06-23 20:00:00,39.10200500488281
srv-001,2017-06-23 21:00:00,39.67554473876953
srv-001,2017-06-23 22:00:00,39.88880157470703
srv-001,2017-06-23 23:00:00,40.036746978759766
srv-001,2017-06-24 00:00:00,41.67640686035156
srv-001,2017-06-24 01:00:00,43.281036376953125
srv-001,2017-06-24 02:00:00,42.343536376953125
srv-001,2017-06-24 03:00:00,42.267845153808594
srv-001,2017-06-24 04:00:00,41.950042724609375
srv-001,2017-06-24 05:00:00,41.04095458984375
srv-001,2017-06-24 06:00:00,40.824073791503906
srv-001,2017-06-24 07:00:00,40.702659606933594
srv-001,2017-06-24 08:00:00,41.718177795410156
srv-001,2017-06-24 09:00:00,44.02677536010742
srv-001,2017-06-24 10:00:00,43.11356735229492
srv-001,2017-06-24 11:00:00,42.59052658081055
srv-001,2017-06-24 12:00:00,43.71731948852539
srv-001,2017-06-24 13:00:00,44.56089782714844
srv-001,2017-06-24 14:00:00,45.440940856933594
srv-001,2017-06-24 15:00:00,46.560272216796875
srv-001,2017-06-24 16:00:00,41.814781188964844
srv-001,2017-06-24 17:00:00,38.705284118652344
srv-001,2017-06-24 18:00:00,39.35198211669922
srv-001,2017-06-24 19:00:00,40.665565490722656
srv-001,2017-06-24 20:00:00,38.836143493652344
srv-001,2017-06-24 21:00:00,34.45281982421875
srv-001,2017-06-24 22:00:00,38.79145050048828
srv-001,2017-06-24 23:00:00,38.92108154296875
srv-001,2017-06-25 00:00:00,39.20964813232422
srv-001,2017-06-25 01:00:00,38.93751525878906
srv-001,2017-06-25 02:00:00,37.99451446533203
srv-001,2017-06-25 03:00:00,39.941558837890625
srv-001,2017-06-25 04:00:00,39.82576370239258
srv-001,2017-06-25 05:00:00,43.31018829345703
srv-001,2017-06-25 06:00:00,37.834327697753906
srv-001,2017-06-25 07:00:00,32.59723663330078
srv-001,2017-06-25 08:00:00,36.636070251464844
srv-001,2017-06-25 09:00:00,39.2664794921875
srv-001,2017-06-25 10:00:00,40.740562438964844
srv-001,2017-06-25 11:00:00,41.39668273925781
srv-001,2017-06-25 12:00:00,41.309967041015625
srv-001,2017-06-25 13:00:00,42.51837921142578
srv-001,2017-06-25 14:00:00,43.88957214355469
srv-001,2017-06-25 15:00:00,46.41095733642578
srv-001,2017-06-25 16:00:00,44.563331604003906
srv-001,2017-06-25 17:00:00,43.70207214355469
srv-001,2017-06-25 18:00:00,40.71856689453125
srv-001,2017-06-25 19:00:00,37.3231086730957
srv-001,2017-06-25 20:00:00,39.72002410888672
srv-001,2017-06-25 21:00:00,39.32880783081055
srv-001,2017-06-25 22:00:00,41.1594123840332
srv-001,2017-06-25 23:00:00,38.930511474609375
srv-001,2017-06-26 00:00:00,39.893516540527344
srv-001,2017-06-26 01:00:00,39.715126037597656
srv-001,2017-06-26 02:00:00,39.09579849243164
srv-001,2017-06-26 03:00:00,38.94608688354492
srv-001,2017-06-26 04:00:00,38.85911178588867
srv-001,2017-06-26 05:00:00,38.432701110839844
srv-001,2017-06-26 06:00:00,40.60491943359375
srv-001,2017-06-26 07:00:00,39.757041931152344
srv-001,2017-06-26 08:00:00,42.15690612792969
srv-001,2017-06-26 09:00:00,39.432430267333984
srv-001,2017-06-26 10:00:00,39.62229537963867
srv-001,2017-06-26 11:00:00,45.30908203125
srv-001,2017-06-26 12:00:00,45.92384338378906
srv-001,2017-06-26 13:00:00,48.648475646972656
srv-001,2017-06-26 14:00:00,48.04096221923828
srv-001,2017-06-26 15:00:00,51.52876281738281
srv-001,2017-06-26 16:00:00,46.38883972167969
srv-001,2017-06-26 17:00:00,46.662940979003906
srv-001,2017-06-26 18:00:00,48.00569152832031
srv-001,2017-06-26 19:00:00,47.905364990234375
srv-001,2017-06-26 20:00:00,44.00697326660156
srv-001,2017-06-26 21:00:00,43.58952331542969
srv-001,2017-06-26 22:00:00,45.90143585205078
srv-001,2017-06-26 23:00:00,46.34976577758789
srv-001,2017-06-27 00:00:00,46.62638854980469
srv-001,2017-06-27 01:00:00,47.230308532714844
srv-001,2017-06-27 02:00:00,47.33052062988281
srv-001,2017-06-27 03:00:00,47.10383987426758
srv-001,2017-06-27 04:00:00,46.52337646484375
srv-001,2017-06-27 05:00:00,46.742286682128906
srv-001,2017-06-27 06:00:00,48.14498519897461
srv-001,2017-06-27 07:00:00,45.886558532714844
srv-001,2017-06-27 08:00:00,49.22242736816406
srv-001,2017-06-27 09:00:00,49.1974983215332
srv-001,2017-06-27 10:00:00,49.737579345703125
srv-001,2017-06-27 11:00:00,51.58735656738281
srv-001,2017-06-27 12:00:00,51.960243225097656
srv-001,2017-06-27 13:00:00,54.419036865234375
srv-001,2017-06-27 14:00:00,54.012142181396484
srv-001,2017-06-27 15:00:00,54.536678314208984
srv-001,2017-06-27 16:00:00,55.106956481933594
srv-001,2017-06-27 17:00:00,55.08430099487305
srv-001,2017-06-27 18:00:00,49.92231750488281
srv-001,2017-06-27 19:00:00,49.331180572509766
srv-001,2017-06-27 20:00:00,48.935691833496094
srv-001,2017-06-27 21:00:00,50.44805908203125
srv-001,2017-06-27 22:00:00,48.54203414916992
srv-001,2017-06-27 23:00:00,47.34162902832031
srv-001,2017-06-28 00:00:00,46.875755310058594
srv-001,2017-06-28 01:00:00,46.15001678466797
srv-001,2017-06-28 02:00:00,47.10573959350586
srv-001,2017-06-28 03:00:00,47.702796936035156
srv-001,2017-06-28 04:00:00,47.30144500732422
srv-001,2017-06-28 05:00:00,48.41895294189453
srv-001,2017-06-28 06:00:00,49.63994598388672
srv-001,2017-06-28 07:00:00,53.85945510864258
srv-001,2017-06-28 08:00:00,52.251609802246094
srv-001,2017-06-28 09:00:00,53.861427307128906
srv-001,2017-06-28 10:00:00,58.06206130981445
srv-001,2017-06-28 11:00:00,56.348690032958984
srv-001,2017-06-28 12:00:00,56.64608383178711
srv-001,2017-06-28 13:00:00,55.40686798095703
srv-001,2017-06-28 14:00:00,55.913169860839844
srv-001,2017-06-28 15:00:00,58.950279235839844
srv-001,2017-06-28 16:00:00,57.75254440307617
srv-001,2017-06-28 17:00:00,57.45145034790039
srv-001,2017-06-28 18:00:00,54.550445556640625
srv-001,2017-06-28 19:00:00,51.8327751159668
srv-001,2017-06-28 20:00:00,51.25056457519531
srv-001,2017-06-28 21:00:00,52.62588119506836
srv-001,2017-06-28 22:00:00,49.731529235839844
srv-001,2017-06-28 23:00:00,49.667964935302734
srv-001,2017-06-29 00:00:00,48.10924530029297
srv-001,2017-06-29 01:00:00,46.93517303466797
srv-001,2017-06-29 02:00:00,46.23291778564453
srv-001,2017-06-29 03:00:00,46.6010627746582
srv-001,2017-06-29 04:00:00,46.740760803222656
srv-001,2017-06-29 05:00:00,46.38621139526367
srv-001,2017-06-29 06:00:00,48.42699432373047
srv-001,2017-06-29 07:00:00,47.03828430175781
srv-001,2017-06-29 08:00:00,46.533206939697266
srv-001,2017-06-29 09:00:00,47.701377868652344
srv-001,2017-06-29 10:00:00,50.41947555541992
srv-001,2017-06-29 11:00:00,51.48098373413086
srv-001,2017-06-29 12:00:00,50.95166015625
srv-001,2017-06-29 13:00:00,52.199859619140625
srv-001,2017-06-29 14:00:00,49.112762451171875
srv-001,2017-06-29 15:00:00,50.061370849609375
srv-001,2017-06-29 16:00:00,50.764015197753906
srv-001,2017-06-29 17:00:00,49.038734436035156
srv-001,2017-06-29 18:00:00,49.65354919433594
srv-001,2017-06-29 19:00:00,46.632118225097656
srv-001,2017-06-29 20:00:00,46.59823989868164
srv-001,2017-06-29 21:00:00,45.6317138671875
srv-001,2017-06-29 22:00:00,43.76277160644531
srv-001,2017-06-29 23:00:00,44.001922607421875
srv-001,2017-06-30 00:00:00,43.181251525878906
srv-001,2017-06-30 01:00:00,44.37558364868164
srv-001,2017-06-30 02:00:00,42.74280548095703
srv-001,2017-06-30 03:00:00,42.073883056640625
srv-001,2017-06-30 04:00:00,43.633949279785156
srv-001,2017-06-30 05:00:00,43.16062927246094
srv-001,2017-06-30 06:00:00,43.6220703125
srv-001,2017-06-30 07:00:00,45.330604553222656
srv-001,2017-06-30 08:00:00,45.13130187988281
srv-001,2017-06-30 09:00:00,45.49432373046875
srv-001,2017-06-30 10:00:00,43.8286247253418
srv-001,2017-06-30 11:00:00,44.964725494384766
srv-001,2017-06-30 12:00:00,46.336822509765625
srv-001,2017-06-30 13:00:00,46.86812973022461
srv-001,2017-06-30 14:00:00,45.46338653564453
srv-001,2017-06-30 15:00:00,42.881744384765625
srv-001,2017-06-30 16:00:00,43.31730651855469
srv-001,2017-06-30 17:00:00,41.86955261230469
srv-001,2017-06-30 18:00:00,41.52979278564453
srv-001,2017-06-30 19:00:00,42.240943908691406
srv-001,2017-06-30 20:00:00,41.993690490722656
srv-001,2017-06-30 21:00:00,42.77728271484375
srv-001,2017-06-30 22:00:00,42.262245178222656
srv-001,2017-06-30 23:00:00,41.131072998046875
srv-002,2017-06-01 23:00:00,63.09807205200195
srv-002,2017-06-02 00:00:00,63.275634765625
srv-002,2017-06-02 01:00:00,67.48025512695312
srv-002,2017-06-02 02:00:00,67.52632904052734
srv-002,2017-06-02 03:00:00,69.2004623413086
srv-002,2017-06-02 04:00:00,66.96773529052734
srv-002,2017-06-02 05:00:00,70.18791961669922
srv-002,2017-06-02 06:00:00,71.8339614868164
srv-002,2017-06-02 07:00:00,69.36568450927734
srv-002,2017-06-02 08:00:00,72.45035552978516
srv-002,2017-06-02 09:00:00,71.96146392822266
srv-002,2017-06-02 10:00:00,76.04609680175781
srv-002,2017-06-02 11:00:00,74.31951141357422
srv-002,2017-06-02 12:00:00,75.99910736083984
srv-002,2017-06-02 13:00:00,75.81119537353516
srv-002,2017-06-02 14:00:00,72.33522033691406
srv-002,2017-06-02 15:00:00,73.43128204345703
srv-002,2017-06-02 16:00:00,74.24799346923828
srv-002,2017-06-02 17:00:00,70.27979278564453
srv-002,2017-06-02 18:00:00,69.4002456665039
srv-002,2017-06-02 19:00:00,66.91659545898438
srv-002,2017-06-02 20:00:00,67.56554412841797
srv-002,2017-06-02 21:00:00,64.16990661621094
srv-002,2017-06-02 22:00:00,63.46710968017578
srv-002,2017-06-02 23:00:00,61.334957122802734
srv-002,2017-06-03 00:00:00,65.65792846679688
srv-002,2017-06-03 01:00:00,66.5922622680664
srv-002,2017-06-03 02:00:00,67.07305145263672
srv-002,2017-06-03 03:00:00,65.40534210205078
srv-002,2017-06-03 04:00:00,66.57884216308594
srv-002,2017-06-03 05:00:00,66.37394714355469
srv-002,2017-06-03 06:00:00,66.15877532958984
srv-002,2017-06-03 07:00:00,68.89269256591797
srv-002,2017-06-03 08:00:00,72.3659439086914
srv-002,2017-06-03 09:00:00,72.417724609375
srv-002,2017-06-03 10:00:00,74.36558532714844
srv-002,2017-06-03 11:00:00,74.97339630126953
srv-002,2017-06-03 12:00:00,75.9111099243164
srv-002,2017-06-03 13:00:00,78.36646270751953
srv-002,2017-06-03 14:00:00,78.69212341308594
srv-002,2017-06-03 15:00:00,77.98187255859375
srv-002,2017-06-03 16:00:00,75.92913055419922
srv-002,2017-06-03 17:00:00,76.40654754638672
srv-002,2017-06-03 18:00:00,73.80072784423828
srv-002,2017-06-03 19:00:00,68.28299713134766
srv-002,2017-06-03 20:00:00,64.59375762939453
srv-002,2017-06-03 21:00:00,64.07801818847656
srv-002,2017-06-03 22:00:00,61.50324630737305
srv-002,2017-06-03 23:00:00,62.217735290527344
srv-002,2017-06-04 00:00:00,61.771095275878906
srv-002,2017-06-04 01:00:00,62.10157012939453
srv-002,2017-06-04 02:00:00,61.34469985961914
srv-002,2017-06-04 03:00:00,64.07960510253906
srv-002,2017-06-04 04:00:00,64.89704895019531
srv-002,2017-06-04 05:00:00,66.60218811035156
srv-002,2017-06-04 06:00:00,66.4174575805664
srv-002,2017-06-04 07:00:00,68.70294952392578
srv-002,2017-06-04 08:00:00,73.51309204101562
srv-002,2017-06-04 09:00:00,74.43423461914062
srv-002,2017-06-04 10:00:00,75.11405181884766
srv-002,2017-06-04 11:00:00,74.0713882446289
srv-002,2017-06-04 12:00:00,73.2273941040039
srv-002,2017-06-04 13:00:00,77.04952239990234
srv-002,2017-06-04 14:00:00,76.51409912109375
srv-002,2017-06-04 15:00:00,77.1620101928711
srv-002,2017-06-04 16:00:00,77.6519546508789
srv-002,2017-06-04 17:00:00,73.64225006103516
srv-002,2017-06-04 18:00:00,72.1939468383789
srv-002,2017-06-04 19:00:00,69.6447525024414
srv-002,2017-06-04 20:00:00,68.18840789794922
srv-002,2017-06-04 21:00:00,64.15332794189453
srv-002,2017-06-04 22:00:00,61.164329528808594
srv-002,2017-06-04 23:00:00,60.021888732910156
srv-002,2017-06-05 00:00:00,60.57465362548828
srv-002,2017-06-05 01:00:00,66.28324127197266
srv-002,2017-06-05 02:00:00,61.43559265136719
srv-002,2017-06-05 03:00:00,61.982994079589844
srv-002,2017-06-05 04:00:00,61.37105941772461
srv-002,2017-06-05 05:00:00,60.393802642822266
srv-002,2017-06-05 06:00:00,60.94266128540039
srv-002,2017-06-05 07:00:00,62.961631774902344
srv-002,2017-06-05 08:00:00,68.46546173095703
srv-002,2017-06-05 09:00:00,68.4963607788086
srv-002,2017-06-05 10:00:00,71.55908966064453
srv-002,2017-06-05 11:00:00,71.6762466430664
srv-002,2017-06-05 12:00:00,72.18900299072266
srv-002,2017-06-05 13:00:00,73.29896545410156
srv-002,2017-06-05 14:00:00,76.3176498413086
srv-002,2017-06-05 15:00:00,75.00353240966797
srv-002,2017-06-05 16:00:00,76.37405395507812
srv-002,2017-06-05 17:00:00,74.7824478149414
srv-002,2017-06-05 18:00:00,74.83927154541016
srv-002,2017-06-05 19:00:00,75.74356842041016
srv-002,2017-06-05 20:00:00,73.1011962890625
srv-002,2017-06-05 21:00:00,71.90657043457031
srv-002,2017-06-05 22:00:00,68.40811157226562
srv-002,2017-06-05 23:00:00,70.06775665283203
srv-002,2017-06-06 00:00:00,70.51536560058594
srv-002,2017-06-06 01:00:00,71.1841812133789
srv-002,2017-06-06 02:00:00,70.23993682861328
srv-002,2017-06-06 03:00:00,71.12187957763672
srv-002,2017-06-06 04:00:00,70.42388153076172
srv-002,2017-06-06 05:00:00,71.2085189819336
srv-002,2017-06-06 06:00:00,72.41016387939453
srv-002,2017-06-06 07:00:00,69.86820220947266
srv-002,2017-06-06 08:00:00,76.35879516601562
srv-002,2017-06-06 09:00:00,74.72330474853516
srv-002,2017-06-06 10:00:00,80.83704376220703
srv-002,2017-06-06 11:00:00,81.27266693115234
srv-002,2017-06-06 12:00:00,85.169921875
srv-002,2017-06-06 13:00:00,88.39046478271484
srv-002,2017-06-06 14:00:00,89.62232208251953
srv-002,2017-06-06 15:00:00,89.04204559326172
srv-002,2017-06-06 16:00:00,90.2242660522461
srv-002,2017-06-06 17:00:00,88.2771987915039
srv-002,2017-06-06 18:00:00,87.7363052368164
srv-002,2017-06-06 19:00:00,84.11412811279297
srv-002,2017-06-06 20:00:00,79.08511352539062
srv-002,2017-06-06 21:00:00,77.93173217773438
srv-002,2017-06-06 22:00:00,76.37354278564453
srv-002,2017-06-06 23:00:00,77.74181365966797
srv-002,2017-06-07 00:00:00,77.2911148071289
srv-002,2017-06-07 01:00:00,79.04684448242188
srv-002,2017-06-07 02:00:00,78.70991516113281
srv-002,2017-06-07 03:00:00,80.66045379638672
srv-002,2017-06-07 04:00:00,80.95711517333984
srv-002,2017-06-07 05:00:00,82.28819274902344
srv-002,2017-06-07 06:00:00,82.14732360839844
srv-002,2017-06-07 07:00:00,84.3050308227539
srv-002,2017-06-07 08:00:00,90.04016876220703
srv-002,2017-06-07 09:00:00,89.17833709716797
srv-002,2017-06-07 10:00:00,88.7821273803711
srv-002,2017-06-07 11:00:00,89.35633087158203
srv-002,2017-06-07 12:00:00,90.51768493652344
srv-002,2017-06-07 13:00:00,91.76195526123047
srv-002,2017-06-07 14:00:00,91.69950866699219
srv-002,2017-06-07 15:00:00,91.65782928466797
srv-002,2017-06-07 16:00:00,90.82145690917969
srv-002,2017-06-07 17:00:00,89.68656921386719
srv-002,2017-06-07 18:00:00,87.96741485595703
srv-002,2017-06-07 19:00:00,82.96956634521484
srv-002,2017-06-07 20:00:00,80.28309631347656
srv-002,2017-06-07 21:00:00,80.85137939453125
srv-002,2017-06-07 22:00:00,80.32373046875
srv-002,2017-06-07 23:00:00,80.06800079345703
srv-002,2017-06-08 00:00:00,81.00444793701172
srv-002,2017-06-08 01:00:00,81.52234649658203
srv-002,2017-06-08 02:00:00,81.65184783935547
srv-002,2017-06-08 03:00:00,82.64165496826172
srv-002,2017-06-08 04:00:00,82.79993438720703
srv-002,2017-06-08 05:00:00,81.05704498291016
srv-002,2017-06-08 06:00:00,81.6602554321289
srv-002,2017-06-08 07:00:00,80.97649383544922
srv-002,2017-06-08 08:00:00,84.75399780273438
srv-002,2017-06-08 09:00:00,84.47683715820312
srv-002,2017-06-08 10:00:00,86.99405670166016
srv-002,2017-06-08 11:00:00,88.55331420898438
srv-002,2017-06-08 12:00:00,86.46282196044922
srv-002,2017-06-08 13:00:00,88.00695037841797
srv-002,2017-06-08 14:00:00,87.94908905029297
srv-002,2017-06-08 15:00:00,89.41251373291016
srv-002,2017-06-08 16:00:00,89.48804473876953
srv-002,2017-06-08 17:00:00,84.28962707519531
srv-002,2017-06-08 18:00:00,82.20587921142578
srv-002,2017-06-08 19:00:00,81.74281311035156
srv-002,2017-06-08 20:00:00,76.98855590820312
srv-002,2017-06-08 21:00:00,76.02433013916016
srv-002,2017-06-08 22:00:00,74.50728607177734
srv-002,2017-06-08 23:00:00,73.92923736572266
srv-002,2017-06-09 00:00:00,69.79535675048828
srv-002,2017-06-09 01:00:00,72.68441009521484
srv-002,2017-06-09 02:00:00,70.9100112915039
srv-002,2017-06-09 03:00:00,72.63978576660156
srv-002,2017-06-09 04:00:00,70.72328186035156
srv-002,2017-06-09 05:00:00,72.22966766357422
srv-002,2017-06-09 06:00:00,67.79195404052734
srv-002,2017-06-09 07:00:00,71.9388656616211
srv-002,2017-06-09 08:00:00,77.30253601074219
srv-002,2017-06-09 09:00:00,75.58677673339844
srv-002,2017-06-09 10:00:00,74.42321014404297
srv-002,2017-06-09 11:00:00,76.85051727294922
srv-002,2017-06-09 12:00:00,76.1611099243164
srv-002,2017-06-09 13:00:00,76.42546844482422
srv-002,2017-06-09 14:00:00,73.66976165771484
srv-002,2017-06-09 15:00:00,75.28296661376953
srv-002,2017-06-09 16:00:00,75.52141571044922
srv-002,2017-06-09 17:00:00,76.6401596069336
srv-002,2017-06-09 18:00:00,70.77217864990234
srv-002,2017-06-09 19:00:00,69.32491302490234
srv-002,2017-06-09 20:00:00,67.07059478759766
srv-002,2017-06-09 21:00:00,63.95256805419922
srv-002,2017-06-09 22:00:00,61.77788543701172
srv-002,2017-06-09 23:00:00,60.18584060668945
srv-002,2017-06-10 00:00:00,60.66572570800781
srv-002,2017-06-10 01:00:00,63.747215270996094
srv-002,2017-06-10 02:00:00,65.35479736328125
srv-002,2017-06-10 03:00:00,67.5583267211914
srv-002,2017-06-10 04:00:00,64.46309661865234
srv-002,2017-06-10 05:00:00,63.76392364501953
srv-002,2017-06-10 06:00:00,65.54154968261719
srv-002,2017-06-10 07:00:00,64.54651641845703
srv-002,2017-06-10 08:00:00,69.73629760742188
srv-002,2017-06-10 09:00:00,65.57691955566406
srv-002,2017-06-10 10:00:00,70.50218963623047
srv-002,2017-06-10 11:00:00,70.00881958007812
srv-002,2017-06-10 12:00:00,72.36173248291016
srv-002,2017-06-10 13:00:00,76.61073303222656
srv-002,2017-06-10 14:00:00,77.73149871826172
srv-002,2017-06-10 15:00:00,77.13542938232422
srv-002,2017-06-10 16:00:00,77.60087585449219
srv-002,2017-06-10 17:00:00,76.83021545410156
srv-002,2017-06-10 18:00:00,75.85054779052734
srv-002,2017-06-10 19:00:00,72.2925033569336
srv-002,2017-06-10 20:00:00,68.21229553222656
srv-002,2017-06-10 21:00:00,63.61079025268555
srv-002,2017-06-10 22:00:00,61.814273834228516
srv-002,2017-06-10 23:00:00,61.529502868652344
srv-002,2017-06-11 00:00:00,61.665000915527344
srv-002,2017-06-11 01:00:00,60.77937316894531
srv-002,2017-06-11 02:00:00,60.51646423339844
srv-002,2017-06-11 03:00:00,62.03612518310547
srv-002,2017-06-11 04:00:00,63.39170837402344
srv-002,2017-06-11 05:00:00,62.966583251953125
srv-002,2017-06-11 06:00:00,62.552223205566406
srv-002,2017-06-11 07:00:00,62.19121551513672
srv-002,2017-06-11 08:00:00,69.26874542236328
srv-002,2017-06-11 09:00:00,69.37410736083984
srv-002,2017-06-11 10:00:00,73.54104614257812
srv-002,2017-06-11 11:00:00,75.31344604492188
srv-002,2017-06-11 12:00:00,75.8196029663086
srv-002,2017-06-11 13:00:00,74.96475982666016
srv-002,2017-06-11 14:00:00,74.4066390991211
srv-002,2017-06-11 15:00:00,76.29314422607422
srv-002,2017-06-11 16:00:00,74.03852081298828
srv-002,2017-06-11 17:00:00,73.71395111083984
srv-002,2017-06-11 18:00:00,70.68608856201172
srv-002,2017-06-11 19:00:00,67.51101684570312
srv-002,2017-06-11 20:00:00,64.65775299072266
srv-002,2017-06-11 21:00:00,66.5184555053711
srv-002,2017-06-11 22:00:00,64.57574462890625
srv-002,2017-06-11 23:00:00,62.76580047607422
srv-002,2017-06-12 00:00:00,61.4543342590332
srv-002,2017-06-12 01:00:00,61.272682189941406
srv-002,2017-06-12 02:00:00,62.546409606933594
srv-002,2017-06-12 03:00:00,67.17328643798828
srv-002,2017-06-12 04:00:00,66.3209228515625
srv-002,2017-06-12 05:00:00,63.683441162109375
srv-002,2017-06-12 06:00:00,65.0746078491211
srv-002,2017-06-12 07:00:00,68.29090881347656
srv-002,2017-06-12 08:00:00,69.5278549194336
srv-002,2017-06-12 09:00:00,68.65450286865234
srv-002,2017-06-12 10:00:00,69.92919158935547
srv-002,2017-06-12 11:00:00,71.7712173461914
srv-002,2017-06-12 12:00:00,74.20394134521484
srv-002,2017-06-12 13:00:00,75.21354675292969
srv-002,2017-06-12 14:00:00,74.97296905517578
srv-002,2017-06-12 15:00:00,76.01432800292969
srv-002,2017-06-12 16:00:00,74.86077117919922
srv-002,2017-06-12 17:00:00,76.62000274658203
srv-002,2017-06-12 18:00:00,78.4704360961914
srv-002,2017-06-12 19:00:00,73.5681381225586
srv-002,2017-06-12 20:00:00,74.45746612548828
srv-002,2017-06-12 21:00:00,70.5984878540039
srv-002,2017-06-12 22:00:00,67.82437133789062
srv-002,2017-06-12 23:00:00,69.92247772216797
srv-002,2017-06-13 00:00:00,69.67719268798828
srv-002,2017-06-13 01:00:00,70.30525970458984
srv-002,2017-06-13 02:00:00,72.56417846679688
srv-002,2017-06-13 03:00:00,72.75929260253906
srv-002,2017-06-13 04:00:00,74.17389678955078
srv-002,2017-06-13 05:00:00,74.66675567626953
srv-002,2017-06-13 06:00:00,75.33067321777344
srv-002,2017-06-13 07:00:00,75.85469055175781
srv-002,2017-06-13 08:00:00,79.91486358642578
srv-002,2017-06-13 09:00:00,77.427490234375
srv-002,2017-06-13 10:00:00,80.10456848144531
srv-002,2017-06-13 11:00:00,81.17195892333984
srv-002,2017-06-13 12:00:00,86.12706756591797
srv-002,2017-06-13 13:00:00,85.4238510131836
srv-002,2017-06-13 14:00:00,86.92815399169922
srv-002,2017-06-13 15:00:00,86.9523696899414
srv-002,2017-06-13 16:00:00,88.25658416748047
srv-002,2017-06-13 17:00:00,85.3207778930664
srv-002,2017-06-13 18:00:00,84.09796142578125
srv-002,2017-06-13 19:00:00,79.0013427734375
srv-002,2017-06-13 20:00:00,78.6861343383789
srv-002,2017-06-13 21:00:00,81.07454681396484
srv-002,2017-06-13 22:00:00,79.17155456542969
srv-002,2017-06-13 23:00:00,79.75472259521484
srv-002,2017-06-14 00:00:00,80.418212890625
srv-002,2017-06-14 01:00:00,80.29004669189453
srv-002,2017-06-14 02:00:00,82.06260681152344
srv-002,2017-06-14 03:00:00,81.3962631225586
srv-002,2017-06-14 04:00:00,82.3821792602539
srv-002,2017-06-14 05:00:00,83.47771453857422
srv-002,2017-06-14 06:00:00,84.14484405517578
srv-002,2017-06-14 07:00:00,86.0479965209961
srv-002,2017-06-14 08:00:00,88.05838012695312
srv-002,2017-06-14 09:00:00,87.99848937988281
srv-002,2017-06-14 10:00:00,88.28535461425781
srv-002,2017-06-14 11:00:00,89.40548706054688
srv-002,2017-06-14 12:00:00,89.90811920166016
srv-002,2017-06-14 13:00:00,91.07173919677734
srv-002,2017-06-14 14:00:00,90.94808197021484
srv-002,2017-06-14 15:00:00,91.7105484008789
srv-002,2017-06-14 16:00:00,91.36319732666016
srv-002,2017-06-14 17:00:00,90.74005889892578
srv-002,2017-06-14 18:00:00,88.48941802978516
srv-002,2017-06-14 19:00:00,87.73257446289062
srv-002,2017-06-14 20:00:00,83.62018585205078
srv-002,2017-06-14 21:00:00,79.3428726196289
srv-002,2017-06-14 22:00:00,79.04183197021484
srv-002,2017-06-14 23:00:00,80.66792297363281
srv-002,2017-06-15 00:00:00,80.02116394042969
srv-002,2017-06-15 01:00:00,79.51529693603516
srv-002,2017-06-15 02:00:00,79.33988189697266
srv-002,2017-06-15 03:00:00,81.25745391845703
srv-002,2017-06-15 04:00:00,82.74944305419922
srv-002,2017-06-15 05:00:00,83.3314437866211
srv-002,2017-06-15 06:00:00,84.98056030273438
srv-002,2017-06-15 07:00:00,86.06539154052734
srv-002,2017-06-15 08:00:00,90.62470245361328
srv-002,2017-06-15 09:00:00,86.47491455078125
srv-002,2017-06-15 10:00:00,86.60863494873047
srv-002,2017-06-15 11:00:00,86.27593231201172
srv-002,2017-06-15 12:00:00,87.48900604248047
srv-002,2017-06-15 13:00:00,89.24176025390625
srv-002,2017-06-15 14:00:00,86.82624053955078
srv-002,2017-06-15 15:00:00,84.89266967773438
srv-002,2017-06-15 16:00:00,81.22570037841797
srv-002,2017-06-15 17:00:00,82.43253326416016
srv-002,2017-06-15 18:00:00,80.4345932006836
srv-002,2017-06-15 19:00:00,79.3027114868164
srv-002,2017-06-15 20:00:00,77.61515808105469
srv-002,2017-06-15 21:00:00,75.83078002929688
srv-002,2017-06-15 22:00:00,75.61976623535156
srv-002,2017-06-15 23:00:00,74.60836029052734
srv-002,2017-06-16 00:00:00,73.88988494873047
srv-002,2017-06-16 01:00:00,74.48851776123047
srv-002,2017-06-16 02:00:00,74.84495544433594
srv-002,2017-06-16 03:00:00,73.93294525146484
srv-002,2017-06-16 04:00:00,74.95613098144531
srv-002,2017-06-16 05:00:00,73.20230865478516
srv-002,2017-06-16 06:00:00,71.05310821533203
srv-002,2017-06-16 07:00:00,73.10334014892578
srv-002,2017-06-16 08:00:00,77.01702117919922
srv-002,2017-06-16 09:00:00,74.2916030883789
srv-002,2017-06-16 10:00:00,73.37500762939453
srv-002,2017-06-16 11:00:00,71.38819885253906
srv-002,2017-06-16 12:00:00,74.01940155029297
srv-002,2017-06-16 13:00:00,76.45507049560547
srv-002,2017-06-16 14:00:00,74.85845184326172
srv-002,2017-06-16 15:00:00,74.46512603759766
srv-002,2017-06-16 16:00:00,73.06310272216797
srv-002,2017-06-16 17:00:00,74.8474349975586
srv-002,2017-06-16 18:00:00,72.73448944091797
srv-002,2017-06-16 19:00:00,67.51616668701172
srv-002,2017-06-16 20:00:00,65.89534759521484
srv-002,2017-06-16 21:00:00,64.46129608154297
srv-002,2017-06-16 22:00:00,61.936988830566406
srv-002,2017-06-16 23:00:00,62.6413688659668
srv-002,2017-06-17 00:00:00,63.4534797668457
srv-002,2017-06-17 01:00:00,63.21324157714844
srv-002,2017-06-17 02:00:00,64.29624938964844
srv-002,2017-06-17 03:00:00,64.66937255859375
srv-002,2017-06-17 04:00:00,65.2059555053711
srv-002,2017-06-17 05:00:00,64.07679748535156
srv-002,2017-06-17 06:00:00,63.44340515136719
srv-002,2017-06-17 07:00:00,65.72542572021484
srv-002,2017-06-17 08:00:00,69.9980239868164
srv-002,2017-06-17 09:00:00,67.85028839111328
srv-002,2017-06-17 10:00:00,66.62421417236328
srv-002,2017-06-17 11:00:00,68.70433044433594
srv-002,2017-06-17 12:00:00,72.86695098876953
srv-002,2017-06-17 13:00:00,74.94881439208984
srv-002,2017-06-17 14:00:00,74.94059753417969
srv-002,2017-06-17 15:00:00,73.98198699951172
srv-002,2017-06-17 16:00:00,74.41288757324219
srv-002,2017-06-17 17:00:00,74.92393493652344
srv-002,2017-06-17 18:00:00,72.4299545288086
srv-002,2017-06-17 19:00:00,69.70894622802734
srv-002,2017-06-17 20:00:00,72.64605712890625
srv-002,2017-06-17 21:00:00,67.94481658935547
srv-002,2017-06-17 22:00:00,64.39889526367188
srv-002,2017-06-17 23:00:00,64.8987808227539
srv-002,2017-06-18 00:00:00,67.11943817138672
srv-002,2017-06-18 01:00:00,67.0618667602539
srv-002,2017-06-18 02:00:00,65.24276733398438
srv-002,2017-06-18 03:00:00,63.34649658203125
srv-002,2017-06-18 04:00:00,64.59761810302734
srv-002,2017-06-18 05:00:00,63.492347717285156
srv-002,2017-06-18 06:00:00,64.53228759765625
srv-002,2017-06-18 07:00:00,63.37066650390625
srv-002,2017-06-18 08:00:00,65.88139343261719
srv-002,2017-06-18 09:00:00,64.2074966430664
srv-002,2017-06-18 10:00:00,66.6735610961914
srv-002,2017-06-18 11:00:00,67.49263000488281
srv-002,2017-06-18 12:00:00,71.3237533569336
srv-002,2017-06-18 13:00:00,72.02977752685547
srv-002,2017-06-18 14:00:00,73.71926879882812
srv-002,2017-06-18 15:00:00,73.76168823242188
srv-002,2017-06-18 16:00:00,74.11809539794922
srv-002,2017-06-18 17:00:00,73.39726257324219
srv-002,2017-06-18 18:00:00,71.72000885009766
srv-002,2017-06-18 19:00:00,69.7011947631836
srv-002,2017-06-18 20:00:00,68.41797637939453
srv-002,2017-06-18 21:00:00,66.58393096923828
srv-002,2017-06-18 22:00:00,63.476898193359375
srv-002,2017-06-18 23:00:00,65.24819946289062
srv-002,2017-06-19 00:00:00,61.863182067871094
srv-002,2017-06-19 01:00:00,60.4726448059082
srv-002,2017-06-19 02:00:00,59.57351303100586
srv-002,2017-06-19 03:00:00,63.33002471923828
srv-002,2017-06-19 04:00:00,65.68782806396484
srv-002,2017-06-19 05:00:00,64.36317443847656
srv-002,2017-06-19 06:00:00,65.95504760742188
srv-002,2017-06-19 07:00:00,67.14810943603516
srv-002,2017-06-19 08:00:00,70.89886474609375
srv-002,2017-06-19 09:00:00,71.52787780761719
srv-002,2017-06-19 10:00:00,73.68409729003906
srv-002,2017-06-19 11:00:00,71.01016998291016
srv-002,2017-06-19 12:00:00,71.59723663330078
srv-002,2017-06-19 13:00:00,73.33393859863281
srv-002,2017-06-19 14:00:00,74.78778839111328
srv-002,2017-06-19 15:00:00,73.41919708251953
srv-002,2017-06-19 16:00:00,72.95763397216797
srv-002,2017-06-19 17:00:00,74.3675308227539
srv-002,2017-06-19 18:00:00,72.85008239746094
srv-002,2017-06-19 19:00:00,73.5648422241211
srv-002,2017-06-19 20:00:00,74.533935546875
srv-002,2017-06-19 21:00:00,74.2077865600586
srv-002,2017-06-19 22:00:00,73.01648712158203
srv-002,2017-06-19 23:00:00,69.73326110839844
srv-002,2017-06-20 00:00:00,69.78455352783203
srv-002,2017-06-20 01:00:00,73.31399536132812
srv-002,2017-06-20 02:00:00,72.26459503173828
srv-002,2017-06-20 03:00:00,74.6888656616211
srv-002,2017-06-20 04:00:00,74.3468246459961
srv-002,2017-06-20 05:00:00,74.80765533447266
srv-002,2017-06-20 06:00:00,76.01901245117188
srv-002,2017-06-20 07:00:00,77.26651763916016
srv-002,2017-06-20 08:00:00,80.94861602783203
srv-002,2017-06-20 09:00:00,79.34428405761719
srv-002,2017-06-20 10:00:00,79.51949310302734
srv-002,2017-06-20 11:00:00,80.73831939697266
srv-002,2017-06-20 12:00:00,81.7065200805664
srv-002,2017-06-20 13:00:00,82.901611328125
srv-002,2017-06-20 14:00:00,85.24744415283203
srv-002,2017-06-20 15:00:00,85.96025848388672
srv-002,2017-06-20 16:00:00,87.88037109375
srv-002,2017-06-20 17:00:00,87.8866958618164
srv-002,2017-06-20 18:00:00,84.83029174804688
srv-002,2017-06-20 19:00:00,83.77922821044922
srv-002,2017-06-20 20:00:00,83.37067413330078
srv-002,2017-06-20 21:00:00,83.83118438720703
srv-002,2017-06-20 22:00:00,80.10830688476562
srv-002,2017-06-20 23:00:00,78.35079193115234
srv-002,2017-06-21 00:00:00,79.79351806640625
srv-002,2017-06-21 01:00:00,81.03170013427734
srv-002,2017-06-21 02:00:00,82.00041961669922
srv-002,2017-06-21 03:00:00,83.03182220458984
srv-002,2017-06-21 04:00:00,84.3186264038086
srv-002,2017-06-21 05:00:00,83.85633850097656
srv-002,2017-06-21 06:00:00,83.99464416503906
srv-002,2017-06-21 07:00:00,85.54499053955078
srv-002,2017-06-21 08:00:00,85.93148803710938
srv-002,2017-06-21 09:00:00,86.81343841552734
srv-002,2017-06-21 10:00:00,88.48304748535156
srv-002,2017-06-21 11:00:00,91.0416030883789
srv-002,2017-06-21 12:00:00,90.71728515625
srv-002,2017-06-21 13:00:00,91.53318786621094
srv-002,2017-06-21 14:00:00,91.86084747314453
srv-002,2017-06-21 15:00:00,91.2844467163086
srv-002,2017-06-21 16:00:00,91.5051498413086
srv-002,2017-06-21 17:00:00,91.57894134521484
srv-002,2017-06-21 18:00:00,90.80475616455078
srv-002,2017-06-21 19:00:00,86.79422760009766
srv-002,2017-06-21 20:00:00,86.18006134033203
srv-002,2017-06-21 21:00:00,85.38936614990234
srv-002,2017-06-21 22:00:00,81.48458099365234
srv-002,2017-06-21 23:00:00,82.7032241821289
srv-002,2017-06-22 00:00:00,84.4428939819336
srv-002,2017-06-22 01:00:00,83.48841857910156
srv-002,2017-06-22 02:00:00,82.87476348876953
srv-002,2017-06-22 03:00:00,84.05652618408203
srv-002,2017-06-22 04:00:00,84.29125213623047
srv-002,2017-06-22 05:00:00,81.40016174316406
srv-002,2017-06-22 06:00:00,80.8119888305664
srv-002,2017-06-22 07:00:00,81.01371002197266
srv-002,2017-06-22 08:00:00,84.35176849365234
srv-002,2017-06-22 09:00:00,82.49028778076172
srv-002,2017-06-22 10:00:00,84.6775131225586
srv-002,2017-06-22 11:00:00,88.689208984375
srv-002,2017-06-22 12:00:00,90.69243621826172
srv-002,2017-06-22 13:00:00,89.48836517333984
srv-002,2017-06-22 14:00:00,87.01405334472656
srv-002,2017-06-22 15:00:00,85.81587982177734
srv-002,2017-06-22 16:00:00,83.74136352539062
srv-002,2017-06-22 17:00:00,80.51058197021484
srv-002,2017-06-22 18:00:00,80.24410247802734
srv-002,2017-06-22 19:00:00,80.46704864501953
srv-002,2017-06-22 20:00:00,80.04383850097656
srv-002,2017-06-22 21:00:00,76.590576171875
srv-002,2017-06-22 22:00:00,74.7431411743164
srv-002,2017-06-22 23:00:00,74.18421173095703
srv-002,2017-06-23 00:00:00,73.34309387207031
srv-002,2017-06-23 01:00:00,74.4649887084961
srv-002,2017-06-23 02:00:00,73.98920440673828
srv-002,2017-06-23 03:00:00,72.04014587402344
srv-002,2017-06-23 04:00:00,68.8255386352539
srv-002,2017-06-23 05:00:00,72.19261932373047
srv-002,2017-06-23 06:00:00,71.26837921142578
srv-002,2017-06-23 07:00:00,72.41014862060547
srv-002,2017-06-23 08:00:00,73.48029327392578
srv-002,2017-06-23 09:00:00,73.3802719116211
srv-002,2017-06-23 10:00:00,75.79524993896484
srv-002,2017-06-23 11:00:00,77.22651672363281
srv-002,2017-06-23 12:00:00,79.76644897460938
srv-002,2017-06-23 13:00:00,78.37100982666016
srv-002,2017-06-23 14:00:00,78.66838836669922
srv-002,2017-06-23 15:00:00,78.2671127319336
srv-002,2017-06-23 16:00:00,75.29545593261719
srv-002,2017-06-23 17:00:00,74.1857681274414
srv-002,2017-06-23 18:00:00,71.27208709716797
srv-002,2017-06-23 19:00:00,70.0688705444336
srv-002,2017-06-23 20:00:00,70.06237030029297
srv-002,2017-06-23 21:00:00,66.41246795654297
srv-002,2017-06-23 22:00:00,63.872703552246094
srv-002,2017-06-23 23:00:00,63.37046813964844
srv-002,2017-06-24 00:00:00,66.77022552490234
srv-002,2017-06-24 01:00:00,66.42635345458984
srv-002,2017-06-24 02:00:00,65.55776977539062
srv-002,2017-06-24 03:00:00,65.78038787841797
srv-002,2017-06-24 04:00:00,65.13072204589844
srv-002,2017-06-24 05:00:00,63.812686920166016
srv-002,2017-06-24 06:00:00,65.68461608886719
srv-002,2017-06-24 07:00:00,66.7986831665039
srv-002,2017-06-24 08:00:00,70.26953887939453
srv-002,2017-06-24 09:00:00,68.76624298095703
srv-002,2017-06-24 10:00:00,71.2154769897461
srv-002,2017-06-24 11:00:00,71.94889068603516
srv-002,2017-06-24 12:00:00,76.13501739501953
srv-002,2017-06-24 13:00:00,78.92391204833984
srv-002,2017-06-24 14:00:00,77.6303939819336
srv-002,2017-06-24 15:00:00,77.34125518798828
srv-002,2017-06-24 16:00:00,77.26985931396484
srv-002,2017-06-24 17:00:00,77.49626922607422
srv-002,2017-06-24 18:00:00,74.7589340209961
srv-002,2017-06-24 19:00:00,69.87799072265625
srv-002,2017-06-24 20:00:00,67.43572235107422
srv-002,2017-06-24 21:00:00,65.20035552978516
srv-002,2017-06-24 22:00:00,64.0968246459961
srv-002,2017-06-24 23:00:00,63.49435043334961
srv-002,2017-06-25 00:00:00,60.14667892456055
srv-002,2017-06-25 01:00:00,64.24945068359375
srv-002,2017-06-25 02:00:00,64.08583068847656
srv-002,2017-06-25 03:00:00,64.96063232421875
srv-002,2017-06-25 04:00:00,61.88289260864258
srv-002,2017-06-25 05:00:00,60.59439468383789
srv-002,2017-06-25 06:00:00,63.25094985961914
srv-002,2017-06-25 07:00:00,66.13444519042969
srv-002,2017-06-25 08:00:00,71.98104095458984
srv-002,2017-06-25 09:00:00,70.44229888916016
srv-002,2017-06-25 10:00:00,71.01294708251953
srv-002,2017-06-25 11:00:00,69.49295806884766
srv-002,2017-06-25 12:00:00,71.84320831298828
srv-002,2017-06-25 13:00:00,72.47925567626953
srv-002,2017-06-25 14:00:00,73.12516021728516
srv-002,2017-06-25 15:00:00,75.3530044555664
srv-002,2017-06-25 16:00:00,73.0970458984375
srv-002,2017-06-25 17:00:00,74.57428741455078
srv-002,2017-06-25 18:00:00,71.42330932617188
srv-002,2017-06-25 19:00:00,69.88530731201172
srv-002,2017-06-25 20:00:00,68.87638092041016
srv-002,2017-06-25 21:00:00,65.59845733642578
srv-002,2017-06-25 22:00:00,65.29798126220703
srv-002,2017-06-25 23:00:00,67.08817291259766
srv-002,2017-06-26 00:00:00,63.461158752441406
srv-002,2017-06-26 01:00:00,63.168601989746094
srv-002,2017-06-26 02:00:00,63.51924514770508
srv-002,2017-06-26 03:00:00,63.670204162597656
srv-002,2017-06-26 04:00:00,63.91929244995117
srv-002,2017-06-26 05:00:00,62.643646240234375
srv-002,2017-06-26 06:00:00,60.968345642089844
srv-002,2017-06-26 07:00:00,61.0079345703125
srv-002,2017-06-26 08:00:00,68.436279296875
srv-002,2017-06-26 09:00:00,69.2950668334961
srv-002,2017-06-26 10:00:00,72.1991958618164
srv-002,2017-06-26 11:00:00,73.29712677001953
srv-002,2017-06-26 12:00:00,72.76143646240234
srv-002,2017-06-26 13:00:00,75.65960693359375
srv-002,2017-06-26 14:00:00,78.02845764160156
srv-002,2017-06-26 15:00:00,78.42749786376953
srv-002,2017-06-26 16:00:00,78.58589935302734
srv-002,2017-06-26 17:00:00,77.71410369873047
srv-002,2017-06-26 18:00:00,74.90396881103516
srv-002,2017-06-26 19:00:00,73.00965881347656
srv-002,2017-06-26 20:00:00,71.70655059814453
srv-002,2017-06-26 21:00:00,68.28853607177734
srv-002,2017-06-26 22:00:00,66.59810638427734
srv-002,2017-06-26 23:00:00,67.80802917480469
srv-002,2017-06-27 00:00:00,68.93633270263672
srv-002,2017-06-27 01:00:00,70.29143524169922
srv-002,2017-06-27 02:00:00,71.06331634521484
srv-002,2017-06-27 03:00:00,73.80167388916016
srv-002,2017-06-27 04:00:00,73.31039428710938
srv-002,2017-06-27 05:00:00,73.48431396484375
srv-002,2017-06-27 06:00:00,74.10030364990234
srv-002,2017-06-27 07:00:00,76.05115509033203
srv-002,2017-06-27 08:00:00,80.03571319580078
srv-002,2017-06-27 09:00:00,81.24343872070312
srv-002,2017-06-27 10:00:00,83.5058822631836
srv-002,2017-06-27 11:00:00,83.91658020019531
srv-002,2017-06-27 12:00:00,86.35450744628906
srv-002,2017-06-27 13:00:00,88.69023132324219
srv-002,2017-06-27 14:00:00,88.38867950439453
srv-002,2017-06-27 15:00:00,87.80841064453125
srv-002,2017-06-27 16:00:00,87.23094940185547
srv-002,2017-06-27 17:00:00,83.39493560791016
srv-002,2017-06-27 18:00:00,83.51594543457031
srv-002,2017-06-27 19:00:00,84.28612518310547
srv-002,2017-06-27 20:00:00,80.82774353027344
srv-002,2017-06-27 21:00:00,79.79633331298828
srv-002,2017-06-27 22:00:00,80.9872817993164
srv-002,2017-06-27 23:00:00,82.40587615966797
srv-002,2017-06-28 00:00:00,83.33319854736328
srv-002,2017-06-28 01:00:00,80.59967803955078
srv-002,2017-06-28 02:00:00,82.14266967773438
srv-002,2017-06-28 03:00:00,81.80916595458984
srv-002,2017-06-28 04:00:00,81.17646026611328
srv-002,2017-06-28 05:00:00,83.2577896118164
srv-002,2017-06-28 06:00:00,84.3672866821289
srv-002,2017-06-28 07:00:00,87.11773681640625
srv-002,2017-06-28 08:00:00,89.4898452758789
srv-002,2017-06-28 09:00:00,90.00183868408203
srv-002,2017-06-28 10:00:00,92.30934143066406
srv-002,2017-06-28 11:00:00,92.53550720214844
srv-002,2017-06-28 12:00:00,92.2337875366211
srv-002,2017-06-28 13:00:00,92.59587860107422
srv-002,2017-06-28 14:00:00,92.0804672241211
srv-002,2017-06-28 15:00:00,91.67667388916016
srv-002,2017-06-28 16:00:00,91.2303466796875
srv-002,2017-06-28 17:00:00,90.4338150024414
srv-002,2017-06-28 18:00:00,86.9476547241211
srv-002,2017-06-28 19:00:00,87.16455078125
srv-002,2017-06-28 20:00:00,87.68663787841797
srv-002,2017-06-28 21:00:00,85.34253692626953
srv-002,2017-06-28 22:00:00,81.39539337158203
srv-002,2017-06-28 23:00:00,81.23664093017578
srv-002,2017-06-29 00:00:00,79.70513916015625
srv-002,2017-06-29 01:00:00,80.36695861816406
srv-002,2017-06-29 02:00:00,81.62134552001953
srv-002,2017-06-29 03:00:00,81.33297729492188
srv-002,2017-06-29 04:00:00,81.34563446044922
srv-002,2017-06-29 05:00:00,79.24821472167969
srv-002,2017-06-29 06:00:00,80.00467681884766
srv-002,2017-06-29 07:00:00,82.5163345336914
srv-002,2017-06-29 08:00:00,86.92411041259766
srv-002,2017-06-29 09:00:00,84.60663604736328
srv-002,2017-06-29 10:00:00,87.45211029052734
srv-002,2017-06-29 11:00:00,89.74636840820312
srv-002,2017-06-29 12:00:00,90.09991455078125
srv-002,2017-06-29 13:00:00,91.03582000732422
srv-002,2017-06-29 14:00:00,88.94072723388672
srv-002,2017-06-29 15:00:00,89.56192016601562
srv-002,2017-06-29 16:00:00,84.62044525146484
srv-002,2017-06-29 17:00:00,80.19512939453125
srv-002,2017-06-29 18:00:00,79.50762939453125
srv-002,2017-06-29 19:00:00,78.40361785888672
srv-002,2017-06-29 20:00:00,76.57183074951172
srv-002,2017-06-29 21:00:00,75.91780853271484
srv-002,2017-06-29 22:00:00,73.23880767822266
srv-002,2017-06-29 23:00:00,71.18880462646484
srv-002,2017-06-30 00:00:00,70.00835418701172
srv-002,2017-06-30 01:00:00,69.65099334716797
srv-002,2017-06-30 02:00:00,69.26367950439453
srv-002,2017-06-30 03:00:00,71.24052429199219
srv-002,2017-06-30 04:00:00,70.8288803100586
srv-002,2017-06-30 05:00:00,74.61276245117188
srv-002,2017-06-30 06:00:00,75.28144073486328
srv-002,2017-06-30 07:00:00,73.74778747558594
srv-002,2017-06-30 08:00:00,77.26402282714844
srv-002,2017-06-30 09:00:00,74.04757690429688
srv-002,2017-06-30 10:00:00,75.57185363769531
srv-002,2017-06-30 11:00:00,77.2652359008789
srv-002,2017-06-30 12:00:00,76.52632904052734
srv-002,2017-06-30 13:00:00,77.6678466796875
srv-002,2017-06-30 14:00:00,75.92247009277344
srv-002,2017-06-30 15:00:00,75.44243621826172
srv-002,2017-06-30 16:00:00,75.72737884521484
srv-002,2017-06-30 17:00:00,69.58226776123047
srv-002,2017-06-30 18:00:00,68.83354949951172
srv-002,2017-06-30 19:00:00,64.65074920654297
srv-002,2017-06-30 20:00:00,64.26680755615234
srv-002,2017-06-30 21:00:00,63.3486213684082
srv-002,2017-06-30 22:00:00,60.7346305847168
srv-002,2017-06-30 23:00:00,59.07270050048828
srv-003,2017-06-01 23:00:00,50.8267936706543
srv-003,2017-06-02 00:00:00,46.84333038330078
srv-003,2017-06-02 01:00:00,43.75065994262695
srv-003,2017-06-02 02:00:00,40.919952392578125
srv-003,2017-06-02 03:00:00,40.0018424987793
srv-003,2017-06-02 04:00:00,37.631473541259766
srv-003,2017-06-02 05:00:00,40.36250305175781
srv-003,2017-06-02 06:00:00,41.63865661621094
srv-003,2017-06-02 07:00:00,42.812278747558594
srv-003,2017-06-02 08:00:00,43.78562927246094
srv-003,2017-06-02 09:00:00,44.69166564941406
srv-003,2017-06-02 10:00:00,39.87957000732422
srv-003,2017-06-02 11:00:00,41.539573669433594
srv-003,2017-06-02 12:00:00,45.377220153808594
srv-003,2017-06-02 13:00:00,42.19264602661133
srv-003,2017-06-02 14:00:00,48.20490264892578
srv-003,2017-06-02 15:00:00,43.57666015625
srv-003,2017-06-02 16:00:00,42.829132080078125
srv-003,2017-06-02 17:00:00,42.59210205078125
srv-003,2017-06-02 18:00:00,34.63174057006836
srv-003,2017-06-02 19:00:00,33.04982376098633
srv-003,2017-06-02 20:00:00,36.20950698852539
srv-003,2017-06-02 21:00:00,36.412845611572266
srv-003,2017-06-02 22:00:00,34.84637451171875
srv-003,2017-06-02 23:00:00,38.62578582763672
srv-003,2017-06-03 00:00:00,41.31861877441406
srv-003,2017-06-03 01:00:00,41.793460845947266
srv-003,2017-06-03 02:00:00,46.31328582763672
srv-003,2017-06-03 03:00:00,40.39691925048828
srv-003,2017-06-03 04:00:00,34.26219940185547
srv-003,2017-06-03 05:00:00,37.177772521972656
srv-003,2017-06-03 06:00:00,38.63487243652344
srv-003,2017-06-03 07:00:00,40.17247772216797
srv-003,2017-06-03 08:00:00,37.75812530517578
srv-003,2017-06-03 09:00:00,34.15418243408203
srv-003,2017-06-03 10:00:00,38.6072998046875
srv-003,2017-06-03 11:00:00,36.655826568603516
srv-003,2017-06-03 12:00:00,40.70451354980469
srv-003,2017-06-03 13:00:00,41.26902770996094
srv-003,2017-06-03 14:00:00,43.356895446777344
srv-003,2017-06-03 15:00:00,42.179378509521484
srv-003,2017-06-03 16:00:00,46.15738296508789
srv-003,2017-06-03 17:00:00,43.53847885131836
srv-003,2017-06-03 18:00:00,35.17293167114258
srv-003,2017-06-03 19:00:00,33.64192199707031
srv-003,2017-06-03 20:00:00,32.42009735107422
srv-003,2017-06-03 21:00:00,32.99726104736328
srv-003,2017-06-03 22:00:00,33.54521179199219
srv-003,2017-06-03 23:00:00,36.64543914794922
srv-003,2017-06-04 00:00:00,31.636003494262695
srv-003,2017-06-04 01:00:00,35.08568572998047
srv-003,2017-06-04 02:00:00,39.466007232666016
srv-003,2017-06-04 03:00:00,45.07435607910156
srv-003,2017-06-04 04:00:00,45.168861389160156
srv-003,2017-06-04 05:00:00,32.368194580078125
srv-003,2017-06-04 06:00:00,30.16168785095215
srv-003,2017-06-04 07:00:00,36.052642822265625
srv-003,2017-06-04 08:00:00,36.787906646728516
srv-003,2017-06-04 09:00:00,35.09011459350586
srv-003,2017-06-04 10:00:00,31.45638084411621
srv-003,2017-06-04 11:00:00,32.37034225463867
srv-003,2017-06-04 12:00:00,36.504188537597656
srv-003,2017-06-04 13:00:00,36.78955841064453
srv-003,2017-06-04 14:00:00,42.91563034057617
srv-003,2017-06-04 15:00:00,44.70069122314453
srv-003,2017-06-04 16:00:00,38.116241455078125
srv-003,2017-06-04 17:00:00,42.042236328125
srv-003,2017-06-04 18:00:00,39.109336853027344
srv-003,2017-06-04 19:00:00,38.70292663574219
srv-003,2017-06-04 20:00:00,35.16632843017578
srv-003,2017-06-04 21:00:00,38.87123489379883
srv-003,2017-06-04 22:00:00,36.56350326538086
srv-003,2017-06-04 23:00:00,39.405555725097656
srv-003,2017-06-05 00:00:00,40.240211486816406
srv-003,2017-06-05 01:00:00,43.874053955078125
srv-003,2017-06-05 02:00:00,44.704795837402344
srv-003,2017-06-05 03:00:00,46.6570930480957
srv-003,2017-06-05 04:00:00,42.59174346923828
srv-003,2017-06-05 05:00:00,43.10682678222656
srv-003,2017-06-05 06:00:00,43.58091735839844
srv-003,2017-06-05 07:00:00,39.57848358154297
srv-003,2017-06-05 08:00:00,42.10852813720703
srv-003,2017-06-05 09:00:00,43.50265884399414
srv-003,2017-06-05 10:00:00,41.91466522216797
srv-003,2017-06-05 11:00:00,34.58501052856445
srv-003,2017-06-05 12:00:00,37.67552185058594
srv-003,2017-06-05 13:00:00,36.73519515991211
srv-003,2017-06-05 14:00:00,41.336395263671875
srv-003,2017-06-05 15:00:00,42.009803771972656
srv-003,2017-06-05 16:00:00,45.807960510253906
srv-003,2017-06-05 17:00:00,44.125484466552734
srv-003,2017-06-05 18:00:00,45.309261322021484
srv-003,2017-06-05 19:00:00,41.108795166015625
srv-003,2017-06-05 20:00:00,36.90894317626953
srv-003,2017-06-05 21:00:00,39.50031280517578
srv-003,2017-06-05 22:00:00,37.27315139770508
srv-003,2017-06-05 23:00:00,41.101131439208984
srv-003,2017-06-06 00:00:00,39.64712905883789
srv-003,2017-06-06 01:00:00,44.8201904296875
srv-003,2017-06-06 02:00:00,39.40504837036133
srv-003,2017-06-06 03:00:00,42.65907287597656
srv-003,2017-06-06 04:00:00,38.961761474609375
srv-003,2017-06-06 05:00:00,44.347877502441406
srv-003,2017-06-06 06:00:00,40.85017013549805
srv-003,2017-06-06 07:00:00,34.846038818359375
srv-003,2017-06-06 08:00:00,36.66575622558594
srv-003,2017-06-06 09:00:00,33.4164924621582
srv-003,2017-06-06 10:00:00,38.17898941040039
srv-003,2017-06-06 11:00:00,40.24226379394531
srv-003,2017-06-06 12:00:00,43.048828125
srv-003,2017-06-06 13:00:00,35.125282287597656
srv-003,2017-06-06 14:00:00,39.43312072753906
srv-003,2017-06-06 15:00:00,40.95215606689453
srv-003,2017-06-06 16:00:00,45.675865173339844
srv-003,2017-06-06 17:00:00,46.689537048339844
srv-003,2017-06-06 18:00:00,44.79610061645508
srv-003,2017-06-06 19:00:00,39.25967788696289
srv-003,2017-06-06 20:00:00,42.85293197631836
srv-003,2017-06-06 21:00:00,43.251834869384766
srv-003,2017-06-06 22:00:00,37.09153747558594
srv-003,2017-06-06 23:00:00,39.26176452636719
srv-003,2017-06-07 00:00:00,38.96730041503906
srv-003,2017-06-07 01:00:00,38.47487258911133
srv-003,2017-06-07 02:00:00,38.196170806884766
srv-003,2017-06-07 03:00:00,42.249637603759766
srv-003,2017-06-07 04:00:00,43.093101501464844
srv-003,2017-06-07 05:00:00,40.49079132080078
srv-003,2017-06-07 06:00:00,35.983577728271484
srv-003,2017-06-07 07:00:00,43.01767349243164
srv-003,2017-06-07 08:00:00,38.233856201171875
srv-003,2017-06-07 09:00:00,44.96520233154297
srv-003,2017-06-07 10:00:00,45.993656158447266
srv-003,2017-06-07 11:00:00,49.036598205566406
srv-003,2017-06-07 12:00:00,39.009944915771484
srv-003,2017-06-07 13:00:00,38.1067008972168
srv-003,2017-06-07 14:00:00,40.80292892456055
srv-003,2017-06-07 15:00:00,43.47850799560547
srv-003,2017-06-07 16:00:00,39.96429443359375
srv-003,2017-06-07 17:00:00,35.510005950927734
srv-003,2017-06-07 18:00:00,32.27337646484375
srv-003,2017-06-07 19:00:00,36.06782913208008
srv-003,2017-06-07 20:00:00,35.81001281738281
srv-003,2017-06-07 21:00:00,39.14524459838867
srv-003,2017-06-07 22:00:00,42.31108093261719
srv-003,2017-06-07 23:00:00,45.17128372192383
srv-003,2017-06-08 00:00:00,52.2171516418457
srv-003,2017-06-08 01:00:00,52.160011291503906
srv-003,2017-06-08 02:00:00,47.71080780029297
srv-003,2017-06-08 03:00:00,43.0782470703125
srv-003,2017-06-08 04:00:00,47.469730377197266
srv-003,2017-06-08 05:00:00,40.112335205078125
srv-003,2017-06-08 06:00:00,37.977439880371094
srv-003,2017-06-08 07:00:00,41.60859298706055
srv-003,2017-06-08 08:00:00,46.937808990478516
srv-003,2017-06-08 09:00:00,45.792442321777344
srv-003,2017-06-08 10:00:00,44.644046783447266
srv-003,2017-06-08 11:00:00,47.194454193115234
srv-003,2017-06-08 12:00:00,38.22206497192383
srv-003,2017-06-08 13:00:00,38.154762268066406
srv-003,2017-06-08 14:00:00,38.2945442199707
srv-003,2017-06-08 15:00:00,41.546104431152344
srv-003,2017-06-08 16:00:00,40.69728088378906
srv-003,2017-06-08 17:00:00,45.437801361083984
srv-003,2017-06-08 18:00:00,45.186973571777344
srv-003,2017-06-08 19:00:00,43.14801025390625
srv-003,2017-06-08 20:00:00,38.400856018066406
srv-003,2017-06-08 21:00:00,39.062171936035156
srv-003,2017-06-08 22:00:00,44.17386245727539
srv-003,2017-06-08 23:00:00,35.9871940612793
srv-003,2017-06-09 00:00:00,35.49747085571289
srv-003,2017-06-09 01:00:00,39.43025207519531
srv-003,2017-06-09 02:00:00,34.902950286865234
srv-003,2017-06-09 03:00:00,37.70486068725586
srv-003,2017-06-09 04:00:00,37.70392608642578
srv-003,2017-06-09 05:00:00,41.24913024902344
srv-003,2017-06-09 06:00:00,42.57718276977539
srv-003,2017-06-09 07:00:00,43.99127197265625
srv-003,2017-06-09 08:00:00,47.007972717285156
srv-003,2017-06-09 09:00:00,46.347164154052734
srv-003,2017-06-09 10:00:00,47.408348083496094
srv-003,2017-06-09 11:00:00,48.110267639160156
srv-003,2017-06-09 12:00:00,51.79307174682617
srv-003,2017-06-09 13:00:00,45.72739791870117
srv-003,2017-06-09 14:00:00,44.10645294189453
srv-003,2017-06-09 15:00:00,45.27789306640625
srv-003,2017-06-09 16:00:00,35.555118560791016
srv-003,2017-06-09 17:00:00,42.89891052246094
srv-003,2017-06-09 18:00:00,40.54689025878906
srv-003,2017-06-09 19:00:00,43.26293182373047
srv-003,2017-06-09 20:00:00,38.81829071044922
srv-003,2017-06-09 21:00:00,40.47570037841797
srv-003,2017-06-09 22:00:00,35.51771545410156
srv-003,2017-06-09 23:00:00,41.32603454589844
srv-003,2017-06-10 00:00:00,45.228057861328125
srv-003,2017-06-10 01:00:00,43.512977600097656
srv-003,2017-06-10 02:00:00,47.46757888793945
srv-003,2017-06-10 03:00:00,37.492881774902344
srv-003,2017-06-10 04:00:00,31.59503173828125
srv-003,2017-06-10 05:00:00,37.604042053222656
srv-003,2017-06-10 06:00:00,39.54887390136719
srv-003,2017-06-10 07:00:00,42.17021942138672
srv-003,2017-06-10 08:00:00,42.20924758911133
srv-003,2017-06-10 09:00:00,46.19984436035156
srv-003,2017-06-10 10:00:00,40.038490295410156
srv-003,2017-06-10 11:00:00,33.31462478637695
srv-003,2017-06-10 12:00:00,34.958213806152344
srv-003,2017-06-10 13:00:00,36.78333282470703
srv-003,2017-06-10 14:00:00,36.735206604003906
srv-003,2017-06-10 15:00:00,36.570159912109375
srv-003,2017-06-10 16:00:00,40.230621337890625
srv-003,2017-06-10 17:00:00,41.622642517089844
srv-003,2017-06-10 18:00:00,42.98735809326172
srv-003,2017-06-10 19:00:00,35.945701599121094
srv-003,2017-06-10 20:00:00,38.23817443847656
srv-003,2017-06-10 21:00:00,36.79432678222656
srv-003,2017-06-10 22:00:00,39.6885871887207
srv-003,2017-06-10 23:00:00,40.572628021240234
srv-003,2017-06-11 00:00:00,46.65993118286133
srv-003,2017-06-11 01:00:00,39.43965530395508
srv-003,2017-06-11 02:00:00,36.43254089355469
srv-003,2017-06-11 03:00:00,41.874107360839844
srv-003,2017-06-11 04:00:00,38.07140350341797
srv-003,2017-06-11 05:00:00,38.76619338989258
srv-003,2017-06-11 06:00:00,36.44831466674805
srv-003,2017-06-11 07:00:00,40.199466705322266
srv-003,2017-06-11 08:00:00,36.02763748168945
srv-003,2017-06-11 09:00:00,42.97031784057617
srv-003,2017-06-11 10:00:00,42.07109069824219
srv-003,2017-06-11 11:00:00,45.433685302734375
srv-003,2017-06-11 12:00:00,44.852054595947266
srv-003,2017-06-11 13:00:00,39.056365966796875
srv-003,2017-06-11 14:00:00,41.408592224121094
srv-003,2017-06-11 15:00:00,40.529075622558594
srv-003,2017-06-11 16:00:00,29.851009368896484
srv-003,2017-06-11 17:00:00,32.849365234375
srv-003,2017-06-11 18:00:00,34.14128875732422
srv-003,2017-06-11 19:00:00,37.74958419799805
srv-003,2017-06-11 20:00:00,37.351295471191406
srv-003,2017-06-11 21:00:00,33.46086502075195
srv-003,2017-06-11 22:00:00,39.67516326904297
srv-003,2017-06-11 23:00:00,36.89895248413086
srv-003,2017-06-12 00:00:00,42.662147521972656
srv-003,2017-06-12 01:00:00,36.880043029785156
srv-003,2017-06-12 02:00:00,39.86682891845703
srv-003,2017-06-12 03:00:00,39.380699157714844
srv-003,2017-06-12 04:00:00,33.99825668334961
srv-003,2017-06-12 05:00:00,34.751319885253906
srv-003,2017-06-12 06:00:00,36.220298767089844
srv-003,2017-06-12 07:00:00,34.788265228271484
srv-003,2017-06-12 08:00:00,38.083675384521484
srv-003,2017-06-12 09:00:00,42.373985290527344
srv-003,2017-06-12 10:00:00,41.12031173706055
srv-003,2017-06-12 11:00:00,43.12026596069336
srv-003,2017-06-12 12:00:00,37.651512145996094
srv-003,2017-06-12 13:00:00,39.60150909423828
srv-003,2017-06-12 14:00:00,43.98210525512695
srv-003,2017-06-12 15:00:00,43.139678955078125
srv-003,2017-06-12 16:00:00,41.56939697265625
srv-003,2017-06-12 17:00:00,38.6204719543457
srv-003,2017-06-12 18:00:00,34.60331726074219
srv-003,2017-06-12 19:00:00,40.09577941894531
srv-003,2017-06-12 20:00:00,40.766273498535156
srv-003,2017-06-12 21:00:00,40.55363464355469
srv-003,2017-06-12 22:00:00,33.85649871826172
srv-003,2017-06-12 23:00:00,38.44093322753906
srv-003,2017-06-13 00:00:00,38.1033935546875
srv-003,2017-06-13 01:00:00,41.549842834472656
srv-003,2017-06-13 02:00:00,42.43304443359375
srv-003,2017-06-13 03:00:00,45.33849334716797
srv-003,2017-06-13 04:00:00,44.57883071899414
srv-003,2017-06-13 05:00:00,43.057525634765625
srv-003,2017-06-13 06:00:00,41.98182678222656
srv-003,2017-06-13 07:00:00,34.05690383911133
srv-003,2017-06-13 08:00:00,35.50603485107422
srv-003,2017-06-13 09:00:00,40.63177490234375
srv-003,2017-06-13 10:00:00,38.077789306640625
srv-003,2017-06-13 11:00:00,41.38677215576172
srv-003,2017-06-13 12:00:00,42.57783508300781
srv-003,2017-06-13 13:00:00,44.771339416503906
srv-003,2017-06-13 14:00:00,42.086341857910156
srv-003,2017-06-13 15:00:00,43.65709686279297
srv-003,2017-06-13 16:00:00,41.727821350097656
srv-003,2017-06-13 17:00:00,33.81710433959961
srv-003,2017-06-13 18:00:00,35.27342987060547
srv-003,2017-06-13 19:00:00,36.034820556640625
srv-003,2017-06-13 20:00:00,39.567237854003906
srv-003,2017-06-13 21:00:00,42.72013854980469
srv-003,2017-06-13 22:00:00,44.4838981628418
srv-003,2017-06-13 23:00:00,40.8909912109375
srv-003,2017-06-14 00:00:00,37.53273010253906
srv-003,2017-06-14 01:00:00,43.15328598022461
srv-003,2017-06-14 02:00:00,44.613651275634766
srv-003,2017-06-14 03:00:00,42.0693244934082
srv-003,2017-06-14 04:00:00,36.16819763183594
srv-003,2017-06-14 05:00:00,36.860050201416016
srv-003,2017-06-14 06:00:00,41.54261779785156
srv-003,2017-06-14 07:00:00,37.674537658691406
srv-003,2017-06-14 08:00:00,40.5667610168457
srv-003,2017-06-14 09:00:00,42.864410400390625
srv-003,2017-06-14 10:00:00,42.232723236083984
srv-003,2017-06-14 11:00:00,40.657859802246094
srv-003,2017-06-14 12:00:00,42.42924880981445
srv-003,2017-06-14 13:00:00,36.60776138305664
srv-003,2017-06-14 14:00:00,38.1807746887207
srv-003,2017-06-14 15:00:00,41.594810485839844
srv-003,2017-06-14 16:00:00,38.901607513427734
srv-003,2017-06-14 17:00:00,44.790565490722656
srv-003,2017-06-14 18:00:00,40.171958923339844
srv-003,2017-06-14 19:00:00,40.953365325927734
srv-003,2017-06-14 20:00:00,39.060455322265625
srv-003,2017-06-14 21:00:00,40.47655487060547
srv-003,2017-06-14 22:00:00,39.42949295043945
srv-003,2017-06-14 23:00:00,32.81350326538086
srv-003,2017-06-15 00:00:00,34.14476776123047
srv-003,2017-06-15 01:00:00,38.77811050415039
srv-003,2017-06-15 02:00:00,41.02692794799805
srv-003,2017-06-15 03:00:00,40.299583435058594
srv-003,2017-06-15 04:00:00,34.268226623535156
srv-003,2017-06-15 05:00:00,31.435518264770508
srv-003,2017-06-15 06:00:00,31.564437866210938
srv-003,2017-06-15 07:00:00,33.099185943603516
srv-003,2017-06-15 08:00:00,34.87727355957031
srv-003,2017-06-15 09:00:00,36.32015609741211
srv-003,2017-06-15 10:00:00,42.95072937011719
srv-003,2017-06-15 11:00:00,42.87656784057617
srv-003,2017-06-15 12:00:00,46.929931640625
srv-003,2017-06-15 13:00:00,44.105812072753906
srv-003,2017-06-15 14:00:00,44.64353942871094
srv-003,2017-06-15 15:00:00,46.28168869018555
srv-003,2017-06-15 16:00:00,38.69111633300781
srv-003,2017-06-15 17:00:00,42.18698501586914
srv-003,2017-06-15 18:00:00,39.45684051513672
srv-003,2017-06-15 19:00:00,43.391807556152344
srv-003,2017-06-15 20:00:00,42.66451644897461
srv-003,2017-06-15 21:00:00,46.68456268310547
srv-003,2017-06-15 22:00:00,34.885498046875
srv-003,2017-06-15 23:00:00,35.437522888183594
srv-003,2017-06-16 00:00:00,35.097679138183594
srv-003,2017-06-16 01:00:00,41.02275085449219
srv-003,2017-06-16 02:00:00,31.140701293945312
srv-003,2017-06-16 03:00:00,33.24128723144531
srv-003,2017-06-16 04:00:00,39.15483093261719
srv-003,2017-06-16 05:00:00,33.18374252319336
srv-003,2017-06-16 06:00:00,34.00416564941406
srv-003,2017-06-16 07:00:00,30.918542861938477
srv-003,2017-06-16 08:00:00,31.84895133972168
srv-003,2017-06-16 09:00:00,31.544471740722656
srv-003,2017-06-16 10:00:00,33.10567855834961
srv-003,2017-06-16 11:00:00,35.04426574707031
srv-003,2017-06-16 12:00:00,38.159488677978516
srv-003,2017-06-16 13:00:00,41.171958923339844
srv-003,2017-06-16 14:00:00,38.38574981689453
srv-003,2017-06-16 15:00:00,42.00518035888672
srv-003,2017-06-16 16:00:00,34.00107192993164
srv-003,2017-06-16 17:00:00,35.256317138671875
srv-003,2017-06-16 18:00:00,36.10695266723633
srv-003,2017-06-16 19:00:00,38.20940399169922
srv-003,2017-06-16 20:00:00,38.75190353393555
srv-003,2017-06-16 21:00:00,39.80801010131836
srv-003,2017-06-16 22:00:00,38.793792724609375
srv-003,2017-06-16 23:00:00,41.06080627441406
srv-003,2017-06-17 00:00:00,34.16592788696289
srv-003,2017-06-17 01:00:00,32.68167495727539
srv-003,2017-06-17 02:00:00,37.05708694458008
srv-003,2017-06-17 03:00:00,34.776344299316406
srv-003,2017-06-17 04:00:00,39.829193115234375
srv-003,2017-06-17 05:00:00,41.75354766845703
srv-003,2017-06-17 06:00:00,43.277252197265625
srv-003,2017-06-17 07:00:00,32.281978607177734
srv-003,2017-06-17 08:00:00,30.33443260192871
srv-003,2017-06-17 09:00:00,28.006174087524414
srv-003,2017-06-17 10:00:00,30.29612922668457
srv-003,2017-06-17 11:00:00,29.785856246948242
srv-003,2017-06-17 12:00:00,34.85387420654297
srv-003,2017-06-17 13:00:00,33.41249084472656
srv-003,2017-06-17 14:00:00,40.90392303466797
srv-003,2017-06-17 15:00:00,40.74312210083008
srv-003,2017-06-17 16:00:00,40.105186462402344
srv-003,2017-06-17 17:00:00,45.71786880493164
srv-003,2017-06-17 18:00:00,43.84331512451172
srv-003,2017-06-17 19:00:00,34.243770599365234
srv-003,2017-06-17 20:00:00,31.969430923461914
srv-003,2017-06-17 21:00:00,32.50957489013672
srv-003,2017-06-17 22:00:00,39.09614562988281
srv-003,2017-06-17 23:00:00,36.84564208984375
srv-003,2017-06-18 00:00:00,37.809356689453125
srv-003,2017-06-18 01:00:00,40.382389068603516
srv-003,2017-06-18 02:00:00,40.15857696533203
srv-003,2017-06-18 03:00:00,39.34264373779297
srv-003,2017-06-18 04:00:00,35.72149658203125
srv-003,2017-06-18 05:00:00,36.876548767089844
srv-003,2017-06-18 06:00:00,38.06179428100586
srv-003,2017-06-18 07:00:00,33.59550094604492
srv-003,2017-06-18 08:00:00,34.36397933959961
srv-003,2017-06-18 09:00:00,35.7889404296875
srv-003,2017-06-18 10:00:00,35.17192077636719
srv-003,2017-06-18 11:00:00,38.85771942138672
srv-003,2017-06-18 12:00:00,39.01896667480469
srv-003,2017-06-18 13:00:00,37.68231201171875
srv-003,2017-06-18 14:00:00,36.293128967285156
srv-003,2017-06-18 15:00:00,41.8162956237793
srv-003,2017-06-18 16:00:00,40.73455047607422
srv-003,2017-06-18 17:00:00,38.78226852416992
srv-003,2017-06-18 18:00:00,35.401268005371094
srv-003,2017-06-18 19:00:00,37.57102966308594
srv-003,2017-06-18 20:00:00,36.43035125732422
srv-003,2017-06-18 21:00:00,39.25226593017578
srv-003,2017-06-18 22:00:00,37.23218536376953
srv-003,2017-06-18 23:00:00,40.27273178100586
srv-003,2017-06-19 00:00:00,42.064796447753906
srv-003,2017-06-19 01:00:00,39.78936767578125
srv-003,2017-06-19 02:00:00,42.1835823059082
srv-003,2017-06-19 03:00:00,44.80290222167969
srv-003,2017-06-19 04:00:00,44.54753494262695
srv-003,2017-06-19 05:00:00,46.88801574707031
srv-003,2017-06-19 06:00:00,40.39131546020508
srv-003,2017-06-19 07:00:00,32.824241638183594
srv-003,2017-06-19 08:00:00,34.83808135986328
srv-003,2017-06-19 09:00:00,37.272850036621094
srv-003,2017-06-19 10:00:00,36.27195739746094
srv-003,2017-06-19 11:00:00,40.84040451049805
srv-003,2017-06-19 12:00:00,41.497215270996094
srv-003,2017-06-19 13:00:00,45.49803161621094
srv-003,2017-06-19 14:00:00,45.36622619628906
srv-003,2017-06-19 15:00:00,45.92717742919922
srv-003,2017-06-19 16:00:00,46.62377166748047
srv-003,2017-06-19 17:00:00,44.697059631347656
srv-003,2017-06-19 18:00:00,43.73876953125
srv-003,2017-06-19 19:00:00,44.273719787597656
srv-003,2017-06-19 20:00:00,42.96022033691406
srv-003,2017-06-19 21:00:00,40.93082809448242
srv-003,2017-06-19 22:00:00,42.970455169677734
srv-003,2017-06-19 23:00:00,39.267215728759766
srv-003,2017-06-20 00:00:00,39.39640808105469
srv-003,2017-06-20 01:00:00,39.19429016113281
srv-003,2017-06-20 02:00:00,44.382144927978516
srv-003,2017-06-20 03:00:00,44.26581573486328
srv-003,2017-06-20 04:00:00,38.741981506347656
srv-003,2017-06-20 05:00:00,44.55352020263672
srv-003,2017-06-20 06:00:00,39.0396614074707
srv-003,2017-06-20 07:00:00,46.00634765625
srv-003,2017-06-20 08:00:00,42.77812957763672
srv-003,2017-06-20 09:00:00,41.197349548339844
srv-003,2017-06-20 10:00:00,41.06922912597656
srv-003,2017-06-20 11:00:00,36.764591217041016
srv-003,2017-06-20 12:00:00,39.05187225341797
srv-003,2017-06-20 13:00:00,39.07493591308594
srv-003,2017-06-20 14:00:00,40.81039047241211
srv-003,2017-06-20 15:00:00,45.02606201171875
srv-003,2017-06-20 16:00:00,44.99482727050781
srv-003,2017-06-20 17:00:00,40.8624382019043
srv-003,2017-06-20 18:00:00,38.609588623046875
srv-003,2017-06-20 19:00:00,40.993900299072266
srv-003,2017-06-20 20:00:00,43.110172271728516
srv-003,2017-06-20 21:00:00,42.729888916015625
srv-003,2017-06-20 22:00:00,43.31500244140625
srv-003,2017-06-20 23:00:00,43.525184631347656
srv-003,2017-06-21 00:00:00,44.01646423339844
srv-003,2017-06-21 01:00:00,44.83575439453125
srv-003,2017-06-21 02:00:00,48.124046325683594
srv-003,2017-06-21 03:00:00,47.38146209716797
srv-003,2017-06-21 04:00:00,52.71015167236328
srv-003,2017-06-21 05:00:00,48.531410217285156
srv-003,2017-06-21 06:00:00,46.198326110839844
srv-003,2017-06-21 07:00:00,51.96733856201172
srv-003,2017-06-21 08:00:00,47.9720458984375
srv-003,2017-06-21 09:00:00,38.546974182128906
srv-003,2017-06-21 10:00:00,36.17756652832031
srv-003,2017-06-21 11:00:00,39.376564025878906
srv-003,2017-06-21 12:00:00,41.07080078125
srv-003,2017-06-21 13:00:00,38.496726989746094
srv-003,2017-06-21 14:00:00,33.17671203613281
srv-003,2017-06-21 15:00:00,38.50664520263672
srv-003,2017-06-21 16:00:00,42.32090759277344
srv-003,2017-06-21 17:00:00,44.24198913574219
srv-003,2017-06-21 18:00:00,43.69430923461914
srv-003,2017-06-21 19:00:00,39.72466278076172
srv-003,2017-06-21 20:00:00,40.86017608642578
srv-003,2017-06-21 21:00:00,43.53102493286133
srv-003,2017-06-21 22:00:00,43.633480072021484
srv-003,2017-06-21 23:00:00,43.39522933959961
srv-003,2017-06-22 00:00:00,46.00165557861328
srv-003,2017-06-22 01:00:00,42.884239196777344
srv-003,2017-06-22 02:00:00,43.612335205078125
srv-003,2017-06-22 03:00:00,43.573307037353516
srv-003,2017-06-22 04:00:00,48.523921966552734
srv-003,2017-06-22 05:00:00,49.248252868652344
srv-003,2017-06-22 06:00:00,52.020057678222656
srv-003,2017-06-22 07:00:00,49.950653076171875
srv-003,2017-06-22 08:00:00,45.6103630065918
srv-003,2017-06-22 09:00:00,44.83026885986328
srv-003,2017-06-22 10:00:00,44.87611770629883
srv-003,2017-06-22 11:00:00,43.501461029052734
srv-003,2017-06-22 12:00:00,40.113285064697266
srv-003,2017-06-22 13:00:00,42.35447692871094
srv-003,2017-06-22 14:00:00,42.125946044921875
srv-003,2017-06-22 15:00:00,39.413047790527344
srv-003,2017-06-22 16:00:00,40.214717864990234
srv-003,2017-06-22 17:00:00,39.746585845947266
srv-003,2017-06-22 18:00:00,38.72614669799805
srv-003,2017-06-22 19:00:00,36.263389587402344
srv-003,2017-06-22 20:00:00,41.120872497558594
srv-003,2017-06-22 21:00:00,43.391075134277344
srv-003,2017-06-22 22:00:00,46.58967971801758
srv-003,2017-06-22 23:00:00,48.76676940917969
srv-003,2017-06-23 00:00:00,36.524818420410156
srv-003,2017-06-23 01:00:00,37.58369064331055
srv-003,2017-06-23 02:00:00,40.42437744140625
srv-003,2017-06-23 03:00:00,44.686676025390625
srv-003,2017-06-23 04:00:00,42.140480041503906
srv-003,2017-06-23 05:00:00,39.172828674316406
srv-003,2017-06-23 06:00:00,37.277671813964844
srv-003,2017-06-23 07:00:00,33.88350296020508
srv-003,2017-06-23 08:00:00,35.699378967285156
srv-003,2017-06-23 09:00:00,33.47331237792969
srv-003,2017-06-23 10:00:00,31.477622985839844
srv-003,2017-06-23 11:00:00,33.96186828613281
srv-003,2017-06-23 12:00:00,32.51930618286133
srv-003,2017-06-23 13:00:00,32.46494674682617
srv-003,2017-06-23 14:00:00,35.36097717285156
srv-003,2017-06-23 15:00:00,37.04664611816406
srv-003,2017-06-23 16:00:00,40.48780059814453
srv-003,2017-06-23 17:00:00,41.615234375
srv-003,2017-06-23 18:00:00,44.31861877441406
srv-003,2017-06-23 19:00:00,37.49688720703125
srv-003,2017-06-23 20:00:00,38.692771911621094
srv-003,2017-06-23 21:00:00,39.35929870605469
srv-003,2017-06-23 22:00:00,41.946197509765625
srv-003,2017-06-23 23:00:00,41.40325927734375
srv-003,2017-06-24 00:00:00,40.3840217590332
srv-003,2017-06-24 01:00:00,37.26751708984375
srv-003,2017-06-24 02:00:00,31.402040481567383
srv-003,2017-06-24 03:00:00,31.79200553894043
srv-003,2017-06-24 04:00:00,35.42573547363281
srv-003,2017-06-24 05:00:00,33.796180725097656
srv-003,2017-06-24 06:00:00,30.535825729370117
srv-003,2017-06-24 07:00:00,26.360807418823242
srv-003,2017-06-24 08:00:00,29.864831924438477
srv-003,2017-06-24 09:00:00,30.068456649780273
srv-003,2017-06-24 10:00:00,31.60593605041504
srv-003,2017-06-24 11:00:00,33.14064407348633
srv-003,2017-06-24 12:00:00,39.089412689208984
srv-003,2017-06-24 13:00:00,36.04592514038086
srv-003,2017-06-24 14:00:00,41.44588851928711
srv-003,2017-06-24 15:00:00,35.44013214111328
srv-003,2017-06-24 16:00:00,42.76054763793945
srv-003,2017-06-24 17:00:00,43.708251953125
srv-003,2017-06-24 18:00:00,40.698760986328125
srv-003,2017-06-24 19:00:00,41.7303466796875
srv-003,2017-06-24 20:00:00,39.59965515136719
srv-003,2017-06-24 21:00:00,44.24309158325195
srv-003,2017-06-24 22:00:00,40.19952392578125
srv-003,2017-06-24 23:00:00,41.56003189086914
srv-003,2017-06-25 00:00:00,35.86334991455078
srv-003,2017-06-25 01:00:00,37.80956268310547
srv-003,2017-06-25 02:00:00,37.73120880126953
srv-003,2017-06-25 03:00:00,40.034088134765625
srv-003,2017-06-25 04:00:00,40.175865173339844
srv-003,2017-06-25 05:00:00,39.39775848388672
srv-003,2017-06-25 06:00:00,31.004281997680664
srv-003,2017-06-25 07:00:00,29.190940856933594
srv-003,2017-06-25 08:00:00,28.43312644958496
srv-003,2017-06-25 09:00:00,29.881681442260742
srv-003,2017-06-25 10:00:00,31.473751068115234
srv-003,2017-06-25 11:00:00,32.91106033325195
srv-003,2017-06-25 12:00:00,34.88836669921875
srv-003,2017-06-25 13:00:00,34.85620880126953
srv-003,2017-06-25 14:00:00,38.73374938964844
srv-003,2017-06-25 15:00:00,39.31153106689453
srv-003,2017-06-25 16:00:00,40.23958969116211
srv-003,2017-06-25 17:00:00,36.613433837890625
srv-003,2017-06-25 18:00:00,40.50321960449219
srv-003,2017-06-25 19:00:00,41.90553283691406
srv-003,2017-06-25 20:00:00,45.29234313964844
srv-003,2017-06-25 21:00:00,36.21197509765625
srv-003,2017-06-25 22:00:00,30.150611877441406
srv-003,2017-06-25 23:00:00,31.30805778503418
srv-003,2017-06-26 00:00:00,36.013370513916016
srv-003,2017-06-26 01:00:00,31.748323440551758
srv-003,2017-06-26 02:00:00,31.04749870300293
srv-003,2017-06-26 03:00:00,36.69097137451172
srv-003,2017-06-26 04:00:00,38.60716247558594
srv-003,2017-06-26 05:00:00,42.387115478515625
srv-003,2017-06-26 06:00:00,34.84527587890625
srv-003,2017-06-26 07:00:00,40.227783203125
srv-003,2017-06-26 08:00:00,40.041873931884766
srv-003,2017-06-26 09:00:00,31.899131774902344
srv-003,2017-06-26 10:00:00,37.60395431518555
srv-003,2017-06-26 11:00:00,37.467315673828125
srv-003,2017-06-26 12:00:00,41.68537902832031
srv-003,2017-06-26 13:00:00,38.9798583984375
srv-003,2017-06-26 14:00:00,43.5599479675293
srv-003,2017-06-26 15:00:00,44.8446159362793
srv-003,2017-06-26 16:00:00,43.202613830566406
srv-003,2017-06-26 17:00:00,45.01313018798828
srv-003,2017-06-26 18:00:00,43.88922119140625
srv-003,2017-06-26 19:00:00,43.505435943603516
srv-003,2017-06-26 20:00:00,40.12165832519531
srv-003,2017-06-26 21:00:00,41.361328125
srv-003,2017-06-26 22:00:00,36.612586975097656
srv-003,2017-06-26 23:00:00,40.05992126464844
srv-003,2017-06-27 00:00:00,39.164939880371094
srv-003,2017-06-27 01:00:00,41.72321319580078
srv-003,2017-06-27 02:00:00,46.06191635131836
srv-003,2017-06-27 03:00:00,45.08399963378906
srv-003,2017-06-27 04:00:00,47.388450622558594
srv-003,2017-06-27 05:00:00,49.79845428466797
srv-003,2017-06-27 06:00:00,48.079524993896484
srv-003,2017-06-27 07:00:00,45.378753662109375
srv-003,2017-06-27 08:00:00,37.76949691772461
srv-003,2017-06-27 09:00:00,45.587806701660156
srv-003,2017-06-27 10:00:00,44.000465393066406
srv-003,2017-06-27 11:00:00,43.25554656982422
srv-003,2017-06-27 12:00:00,44.16791534423828
srv-003,2017-06-27 13:00:00,44.912437438964844
srv-003,2017-06-27 14:00:00,47.32955551147461
srv-003,2017-06-27 15:00:00,47.0714111328125
srv-003,2017-06-27 16:00:00,42.92362976074219
srv-003,2017-06-27 17:00:00,43.92021179199219
srv-003,2017-06-27 18:00:00,48.31239700317383
srv-003,2017-06-27 19:00:00,44.67721939086914
srv-003,2017-06-27 20:00:00,35.55494689941406
srv-003,2017-06-27 21:00:00,39.32483673095703
srv-003,2017-06-27 22:00:00,43.229740142822266
srv-003,2017-06-27 23:00:00,41.46225357055664
srv-003,2017-06-28 00:00:00,34.39713668823242
srv-003,2017-06-28 01:00:00,33.23347473144531
srv-003,2017-06-28 02:00:00,38.680843353271484
srv-003,2017-06-28 03:00:00,39.305206298828125
srv-003,2017-06-28 04:00:00,46.13362121582031
srv-003,2017-06-28 05:00:00,36.46821975708008
srv-003,2017-06-28 06:00:00,37.762386322021484
srv-003,2017-06-28 07:00:00,44.783782958984375
srv-003,2017-06-28 08:00:00,41.92880630493164
srv-003,2017-06-28 09:00:00,43.6324462890625
srv-003,2017-06-28 10:00:00,39.610042572021484
srv-003,2017-06-28 11:00:00,39.77334976196289
srv-003,2017-06-28 12:00:00,43.3514518737793
srv-003,2017-06-28 13:00:00,39.12157440185547
srv-003,2017-06-28 14:00:00,41.20855712890625
srv-003,2017-06-28 15:00:00,42.420799255371094
srv-003,2017-06-28 16:00:00,47.7663459777832
srv-003,2017-06-28 17:00:00,47.996376037597656
srv-003,2017-06-28 18:00:00,41.22431182861328
srv-003,2017-06-28 19:00:00,44.145591735839844
srv-003,2017-06-28 20:00:00,39.34194564819336
srv-003,2017-06-28 21:00:00,43.42374038696289
srv-003,2017-06-28 22:00:00,45.052207946777344
srv-003,2017-06-28 23:00:00,37.508750915527344
srv-003,2017-06-29 00:00:00,41.231040954589844
srv-003,2017-06-29 01:00:00,46.411434173583984
srv-003,2017-06-29 02:00:00,48.521766662597656
srv-003,2017-06-29 03:00:00,44.624603271484375
srv-003,2017-06-29 04:00:00,48.719573974609375
srv-003,2017-06-29 05:00:00,46.43675231933594
srv-003,2017-06-29 06:00:00,37.92630386352539
srv-003,2017-06-29 07:00:00,43.117645263671875
srv-003,2017-06-29 08:00:00,46.17424392700195
srv-003,2017-06-29 09:00:00,47.25947570800781
srv-003,2017-06-29 10:00:00,46.96150207519531
srv-003,2017-06-29 11:00:00,39.66124725341797
srv-003,2017-06-29 12:00:00,34.46185302734375
srv-003,2017-06-29 13:00:00,33.00890350341797
srv-003,2017-06-29 14:00:00,32.33367156982422
srv-003,2017-06-29 15:00:00,35.60427474975586
srv-003,2017-06-29 16:00:00,37.66149139404297
srv-003,2017-06-29 17:00:00,41.836673736572266
srv-003,2017-06-29 18:00:00,37.92034149169922
srv-003,2017-06-29 19:00:00,35.82261657714844
srv-003,2017-06-29 20:00:00,38.42903137207031
srv-003,2017-06-29 21:00:00,38.91984176635742
srv-003,2017-06-29 22:00:00,40.198970794677734
srv-003,2017-06-29 23:00:00,36.86521911621094
srv-003,2017-06-30 00:00:00,39.391483306884766
srv-003,2017-06-30 01:00:00,41.857059478759766
srv-003,2017-06-30 02:00:00,41.197731018066406
srv-003,2017-06-30 03:00:00,43.30040740966797
srv-003,2017-06-30 04:00:00,43.12221145629883
srv-003,2017-06-30 05:00:00,40.546905517578125
srv-003,2017-06-30 06:00:00,40.791038513183594
srv-003,2017-06-30 07:00:00,37.820068359375
srv-003,2017-06-30 08:00:00,36.21036148071289
srv-003,2017-06-30 09:00:00,39.334007263183594
srv-003,2017-06-30 10:00:00,34.76298522949219
srv-003,2017-06-30 11:00:00,35.79886245727539
srv-003,2017-06-30 12:00:00,34.02952194213867
srv-003,2017-06-30 13:00:00,38.977012634277344
srv-003,2017-06-30 14:00:00,39.70024108886719
srv-003,2017-06-30 15:00:00,44.60002136230469
srv-003,2017-06-30 16:00:00,43.90370178222656
srv-003,2017-06-30 17:00:00,44.418663024902344
srv-003,2017-06-30 18:00:00,44.25446701049805
srv-003,2017-06-30 19:00:00,37.766395568847656
srv-003,2017-06-30 20:00:00,43.46168518066406
srv-003,2017-06-30 21:00:00,42.656272888183594
srv-003,2017-06-30 22:00:00,36.91884994506836
srv-003,2017-06-30 23:00:00,31.667085647583008
srv-004,2017-06-01 23:00:00,55.069915771484375
srv-004,2017-06-02 00:00:00,51.61456298828125
srv-004,2017-06-02 01:00:00,52.48460006713867
srv-004,2017-06-02 02:00:00,58.939109802246094
srv-004,2017-06-02 03:00:00,55.307960510253906
srv-004,2017-06-02 04:00:00,60.10697937011719
srv-004,2017-06-02 05:00:00,58.67134475708008
srv-004,2017-06-02 06:00:00,56.06068420410156
srv-004,2017-06-02 07:00:00,56.27986145019531
srv-004,2017-06-02 08:00:00,54.4981803894043
srv-004,2017-06-02 09:00:00,57.670047760009766
srv-004,2017-06-02 10:00:00,60.630455017089844
srv-004,2017-06-02 11:00:00,60.96998977661133
srv-004,2017-06-02 12:00:00,65.6214370727539
srv-004,2017-06-02 13:00:00,64.78501892089844
srv-004,2017-06-02 14:00:00,64.68363189697266
srv-004,2017-06-02 15:00:00,59.882469177246094
srv-004,2017-06-02 16:00:00,57.979469299316406
srv-004,2017-06-02 17:00:00,62.41658401489258
srv-004,2017-06-02 18:00:00,62.35791015625
srv-004,2017-06-02 19:00:00,62.05237579345703
srv-004,2017-06-02 20:00:00,62.928810119628906
srv-004,2017-06-02 21:00:00,54.160743713378906
srv-004,2017-06-02 22:00:00,57.314002990722656
srv-004,2017-06-02 23:00:00,54.977108001708984
srv-004,2017-06-03 00:00:00,62.32721710205078
srv-004,2017-06-03 01:00:00,59.90678405761719
srv-004,2017-06-03 02:00:00,55.95780944824219
srv-004,2017-06-03 03:00:00,56.856346130371094
srv-004,2017-06-03 04:00:00,53.3055419921875
srv-004,2017-06-03 05:00:00,61.812713623046875
srv-004,2017-06-03 06:00:00,64.44198608398438
srv-004,2017-06-03 07:00:00,66.56282043457031
srv-004,2017-06-03 08:00:00,67.59288787841797
srv-004,2017-06-03 09:00:00,61.737762451171875
srv-004,2017-06-03 10:00:00,62.59296417236328
srv-004,2017-06-03 11:00:00,67.14518737792969
srv-004,2017-06-03 12:00:00,69.99800872802734
srv-004,2017-06-03 13:00:00,71.40119934082031
srv-004,2017-06-03 14:00:00,66.6243667602539
srv-004,2017-06-03 15:00:00,67.5435791015625
srv-004,2017-06-03 16:00:00,67.66259002685547
srv-004,2017-06-03 17:00:00,61.136680603027344
srv-004,2017-06-03 18:00:00,59.9898681640625
srv-004,2017-06-03 19:00:00,62.71164321899414
srv-004,2017-06-03 20:00:00,62.17583084106445
srv-004,2017-06-03 21:00:00,61.84461975097656
srv-004,2017-06-03 22:00:00,56.72021484375
srv-004,2017-06-03 23:00:00,61.90260314941406
srv-004,2017-06-04 00:00:00,65.86973571777344
srv-004,2017-06-04 01:00:00,63.32501220703125
srv-004,2017-06-04 02:00:00,66.3080062866211
srv-004,2017-06-04 03:00:00,67.41890716552734
srv-004,2017-06-04 04:00:00,63.396820068359375
srv-004,2017-06-04 05:00:00,60.37776184082031
srv-004,2017-06-04 06:00:00,64.552001953125
srv-004,2017-06-04 07:00:00,59.95414733886719
srv-004,2017-06-04 08:00:00,57.86244201660156
srv-004,2017-06-04 09:00:00,63.12851333618164
srv-004,2017-06-04 10:00:00,63.65411376953125
srv-004,2017-06-04 11:00:00,65.37698364257812
srv-004,2017-06-04 12:00:00,66.26788330078125
srv-004,2017-06-04 13:00:00,66.13591003417969
srv-004,2017-06-04 14:00:00,68.63815307617188
srv-004,2017-06-04 15:00:00,67.52088928222656
srv-004,2017-06-04 16:00:00,64.51502227783203
srv-004,2017-06-04 17:00:00,60.692955017089844
srv-004,2017-06-04 18:00:00,62.55060577392578
srv-004,2017-06-04 19:00:00,63.15277099609375
srv-004,2017-06-04 20:00:00,59.0379638671875
srv-004,2017-06-04 21:00:00,62.89607238769531
srv-004,2017-06-04 22:00:00,60.44359588623047
srv-004,2017-06-04 23:00:00,61.6925048828125
srv-004,2017-06-05 00:00:00,60.39494323730469
srv-004,2017-06-05 01:00:00,63.769371032714844
srv-004,2017-06-05 02:00:00,61.548030853271484
srv-004,2017-06-05 03:00:00,58.43208694458008
srv-004,2017-06-05 04:00:00,59.50749969482422
srv-004,2017-06-05 05:00:00,63.09791564941406
srv-004,2017-06-05 06:00:00,58.17981719970703
srv-004,2017-06-05 07:00:00,57.299049377441406
srv-004,2017-06-05 08:00:00,62.42680740356445
srv-004,2017-06-05 09:00:00,59.683624267578125
srv-004,2017-06-05 10:00:00,60.47516632080078
srv-004,2017-06-05 11:00:00,60.507774353027344
srv-004,2017-06-05 12:00:00,65.64900970458984
srv-004,2017-06-05 13:00:00,62.80119705200195
srv-004,2017-06-05 14:00:00,62.46625900268555
srv-004,2017-06-05 15:00:00,58.61391830444336
srv-004,2017-06-05 16:00:00,64.54219055175781
srv-004,2017-06-05 17:00:00,64.07910919189453
srv-004,2017-06-05 18:00:00,60.56989669799805
srv-004,2017-06-05 19:00:00,59.096946716308594
srv-004,2017-06-05 20:00:00,59.368003845214844
srv-004,2017-06-05 21:00:00,61.66654586791992
srv-004,2017-06-05 22:00:00,63.18266296386719
srv-004,2017-06-05 23:00:00,60.21918869018555
srv-004,2017-06-06 00:00:00,58.935386657714844
srv-004,2017-06-06 01:00:00,55.111167907714844
srv-004,2017-06-06 02:00:00,55.13167953491211
srv-004,2017-06-06 03:00:00,56.52537155151367
srv-004,2017-06-06 04:00:00,56.03861999511719
srv-004,2017-06-06 05:00:00,63.01129913330078
srv-004,2017-06-06 06:00:00,59.37360382080078
srv-004,2017-06-06 07:00:00,62.5311393737793
srv-004,2017-06-06 08:00:00,62.60596466064453
srv-004,2017-06-06 09:00:00,61.096710205078125
srv-004,2017-06-06 10:00:00,62.24072265625
srv-004,2017-06-06 11:00:00,58.91757583618164
srv-004,2017-06-06 12:00:00,57.875770568847656
srv-004,2017-06-06 13:00:00,59.96022033691406
srv-004,2017-06-06 14:00:00,61.35786819458008
srv-004,2017-06-06 15:00:00,63.7449836730957
srv-004,2017-06-06 16:00:00,65.85442352294922
srv-004,2017-06-06 17:00:00,68.32960510253906
srv-004,2017-06-06 18:00:00,69.60470581054688
srv-004,2017-06-06 19:00:00,69.90787506103516
srv-004,2017-06-06 20:00:00,64.66522979736328
srv-004,2017-06-06 21:00:00,64.48381805419922
srv-004,2017-06-06 22:00:00,67.34974670410156
srv-004,2017-06-06 23:00:00,69.41243743896484
srv-004,2017-06-07 00:00:00,69.05061340332031
srv-004,2017-06-07 01:00:00,71.60309600830078
srv-004,2017-06-07 02:00:00,75.01378631591797
srv-004,2017-06-07 03:00:00,71.90882110595703
srv-004,2017-06-07 04:00:00,65.95551300048828
srv-004,2017-06-07 05:00:00,64.37811279296875
srv-004,2017-06-07 06:00:00,66.03994750976562
srv-004,2017-06-07 07:00:00,67.58815002441406
srv-004,2017-06-07 08:00:00,62.88764190673828
srv-004,2017-06-07 09:00:00,61.164920806884766
srv-004,2017-06-07 10:00:00,59.901466369628906
srv-004,2017-06-07 11:00:00,57.14380645751953
srv-004,2017-06-07 12:00:00,59.29247283935547
srv-004,2017-06-07 13:00:00,63.259769439697266
srv-004,2017-06-07 14:00:00,63.74018859863281
srv-004,2017-06-07 15:00:00,68.0181884765625
srv-004,2017-06-07 16:00:00,67.37645721435547
srv-004,2017-06-07 17:00:00,64.70747375488281
srv-004,2017-06-07 18:00:00,63.23085021972656
srv-004,2017-06-07 19:00:00,65.9100112915039
srv-004,2017-06-07 20:00:00,67.52596282958984
srv-004,2017-06-07 21:00:00,67.30603790283203
srv-004,2017-06-07 22:00:00,66.57533264160156
srv-004,2017-06-07 23:00:00,68.67902374267578
srv-004,2017-06-08 00:00:00,68.22808074951172
srv-004,2017-06-08 01:00:00,64.34937286376953
srv-004,2017-06-08 02:00:00,61.66726303100586
srv-004,2017-06-08 03:00:00,62.7456169128418
srv-004,2017-06-08 04:00:00,60.061927795410156
srv-004,2017-06-08 05:00:00,61.217262268066406
srv-004,2017-06-08 06:00:00,63.324195861816406
srv-004,2017-06-08 07:00:00,60.290401458740234
srv-004,2017-06-08 08:00:00,61.63872146606445
srv-004,2017-06-08 09:00:00,65.45821380615234
srv-004,2017-06-08 10:00:00,62.27112579345703
srv-004,2017-06-08 11:00:00,66.44422912597656
srv-004,2017-06-08 12:00:00,64.34705352783203
srv-004,2017-06-08 13:00:00,68.5069351196289
srv-004,2017-06-08 14:00:00,63.041786193847656
srv-004,2017-06-08 15:00:00,64.8241195678711
srv-004,2017-06-08 16:00:00,68.88704681396484
srv-004,2017-06-08 17:00:00,65.53785705566406
srv-004,2017-06-08 18:00:00,61.63055419921875
srv-004,2017-06-08 19:00:00,65.76182556152344
srv-004,2017-06-08 20:00:00,67.3989486694336
srv-004,2017-06-08 21:00:00,68.17737579345703
srv-004,2017-06-08 22:00:00,68.87737274169922
srv-004,2017-06-08 23:00:00,62.53594970703125
srv-004,2017-06-09 00:00:00,63.160179138183594
srv-004,2017-06-09 01:00:00,60.35419464111328
srv-004,2017-06-09 02:00:00,59.93022537231445
srv-004,2017-06-09 03:00:00,55.76628112792969
srv-004,2017-06-09 04:00:00,58.42060852050781
srv-004,2017-06-09 05:00:00,53.74248504638672
srv-004,2017-06-09 06:00:00,60.60831832885742
srv-004,2017-06-09 07:00:00,61.515052795410156
srv-004,2017-06-09 08:00:00,63.54273223876953
srv-004,2017-06-09 09:00:00,64.49840545654297
srv-004,2017-06-09 10:00:00,59.90831756591797
srv-004,2017-06-09 11:00:00,59.98128128051758
srv-004,2017-06-09 12:00:00,63.03380584716797
srv-004,2017-06-09 13:00:00,65.20027923583984
srv-004,2017-06-09 14:00:00,63.98186111450195
srv-004,2017-06-09 15:00:00,66.75191497802734
srv-004,2017-06-09 16:00:00,63.22696304321289
srv-004,2017-06-09 17:00:00,62.770233154296875
srv-004,2017-06-09 18:00:00,59.55930709838867
srv-004,2017-06-09 19:00:00,56.50761413574219
srv-004,2017-06-09 20:00:00,60.8067626953125
srv-004,2017-06-09 21:00:00,58.791015625
srv-004,2017-06-09 22:00:00,57.8175163269043
srv-004,2017-06-09 23:00:00,54.09138107299805
srv-004,2017-06-10 00:00:00,62.266178131103516
srv-004,2017-06-10 01:00:00,63.858673095703125
srv-004,2017-06-10 02:00:00,57.513023376464844
srv-004,2017-06-10 03:00:00,58.26357650756836
srv-004,2017-06-10 04:00:00,60.13584899902344
srv-004,2017-06-10 05:00:00,63.79743194580078
srv-004,2017-06-10 06:00:00,63.89875030517578
srv-004,2017-06-10 07:00:00,66.86724090576172
srv-004,2017-06-10 08:00:00,70.77229309082031
srv-004,2017-06-10 09:00:00,70.47966766357422
srv-004,2017-06-10 10:00:00,71.2593765258789
srv-004,2017-06-10 11:00:00,64.44087219238281
srv-004,2017-06-10 12:00:00,62.004337310791016
srv-004,2017-06-10 13:00:00,69.62701416015625
srv-004,2017-06-10 14:00:00,71.56804656982422
srv-004,2017-06-10 15:00:00,72.68697357177734
srv-004,2017-06-10 16:00:00,72.59711456298828
srv-004,2017-06-10 17:00:00,63.47193145751953
srv-004,2017-06-10 18:00:00,63.722434997558594
srv-004,2017-06-10 19:00:00,63.14723205566406
srv-004,2017-06-10 20:00:00,65.54915618896484
srv-004,2017-06-10 21:00:00,63.092315673828125
srv-004,2017-06-10 22:00:00,55.57718276977539
srv-004,2017-06-10 23:00:00,58.44597625732422
srv-004,2017-06-11 00:00:00,59.588645935058594
srv-004,2017-06-11 01:00:00,59.09575653076172
srv-004,2017-06-11 02:00:00,59.96160125732422
srv-004,2017-06-11 03:00:00,64.76042175292969
srv-004,2017-06-11 04:00:00,65.9156265258789
srv-004,2017-06-11 05:00:00,66.87609100341797
srv-004,2017-06-11 06:00:00,62.71934509277344
srv-004,2017-06-11 07:00:00,58.8752555847168
srv-004,2017-06-11 08:00:00,65.2225341796875
srv-004,2017-06-11 09:00:00,68.53629302978516
srv-004,2017-06-11 10:00:00,64.07550811767578
srv-004,2017-06-11 11:00:00,62.895050048828125
srv-004,2017-06-11 12:00:00,65.21134948730469
srv-004,2017-06-11 13:00:00,59.99875259399414
srv-004,2017-06-11 14:00:00,61.76209259033203
srv-004,2017-06-11 15:00:00,65.43592071533203
srv-004,2017-06-11 16:00:00,64.31366729736328
srv-004,2017-06-11 17:00:00,64.65164947509766
srv-004,2017-06-11 18:00:00,65.22151947021484
srv-004,2017-06-11 19:00:00,64.00675201416016
srv-004,2017-06-11 20:00:00,61.291847229003906
srv-004,2017-06-11 21:00:00,59.469886779785156
srv-004,2017-06-11 22:00:00,61.881587982177734
srv-004,2017-06-11 23:00:00,62.667076110839844
srv-004,2017-06-12 00:00:00,62.44742202758789
srv-004,2017-06-12 01:00:00,63.81165313720703
srv-004,2017-06-12 02:00:00,65.52649688720703
srv-004,2017-06-12 03:00:00,69.38069915771484
srv-004,2017-06-12 04:00:00,63.206947326660156
srv-004,2017-06-12 05:00:00,63.38862609863281
srv-004,2017-06-12 06:00:00,63.61975860595703
srv-004,2017-06-12 07:00:00,59.88724136352539
srv-004,2017-06-12 08:00:00,63.53598403930664
srv-004,2017-06-12 09:00:00,63.86321258544922
srv-004,2017-06-12 10:00:00,63.299407958984375
srv-004,2017-06-12 11:00:00,59.82978057861328
srv-004,2017-06-12 12:00:00,61.683189392089844
srv-004,2017-06-12 13:00:00,63.46979522705078
srv-004,2017-06-12 14:00:00,65.45496368408203
srv-004,2017-06-12 15:00:00,66.92450714111328
srv-004,2017-06-12 16:00:00,67.29431915283203
srv-004,2017-06-12 17:00:00,68.0398941040039
srv-004,2017-06-12 18:00:00,70.73728942871094
srv-004,2017-06-12 19:00:00,67.4526596069336
srv-004,2017-06-12 20:00:00,64.55171203613281
srv-004,2017-06-12 21:00:00,62.804954528808594
srv-004,2017-06-12 22:00:00,62.99615478515625
srv-004,2017-06-12 23:00:00,61.902099609375
srv-004,2017-06-13 00:00:00,61.10450744628906
srv-004,2017-06-13 01:00:00,57.943878173828125
srv-004,2017-06-13 02:00:00,64.23397064208984
srv-004,2017-06-13 03:00:00,64.3519058227539
srv-004,2017-06-13 04:00:00,60.73908233642578
srv-004,2017-06-13 05:00:00,65.57554626464844
srv-004,2017-06-13 06:00:00,66.4462661743164
srv-004,2017-06-13 07:00:00,61.791015625
srv-004,2017-06-13 08:00:00,62.23374938964844
srv-004,2017-06-13 09:00:00,65.20825958251953
srv-004,2017-06-13 10:00:00,62.804664611816406
srv-004,2017-06-13 11:00:00,61.212913513183594
srv-004,2017-06-13 12:00:00,60.810813903808594
srv-004,2017-06-13 13:00:00,63.516845703125
srv-004,2017-06-13 14:00:00,65.92877960205078
srv-004,2017-06-13 15:00:00,67.14017486572266
srv-004,2017-06-13 16:00:00,64.72412872314453
srv-004,2017-06-13 17:00:00,65.68152618408203
srv-004,2017-06-13 18:00:00,62.957420349121094
srv-004,2017-06-13 19:00:00,63.94754409790039
srv-004,2017-06-13 20:00:00,62.420188903808594
srv-004,2017-06-13 21:00:00,61.59416580200195
srv-004,2017-06-13 22:00:00,60.08917236328125
srv-004,2017-06-13 23:00:00,56.749732971191406
srv-004,2017-06-14 00:00:00,54.83486557006836
srv-004,2017-06-14 01:00:00,59.932167053222656
srv-004,2017-06-14 02:00:00,55.28411102294922
srv-004,2017-06-14 03:00:00,54.92644500732422
srv-004,2017-06-14 04:00:00,52.5755615234375
srv-004,2017-06-14 05:00:00,61.228153228759766
srv-004,2017-06-14 06:00:00,60.444000244140625
srv-004,2017-06-14 07:00:00,64.9975814819336
srv-004,2017-06-14 08:00:00,65.83187103271484
srv-004,2017-06-14 09:00:00,65.16812896728516
srv-004,2017-06-14 10:00:00,65.5959243774414
srv-004,2017-06-14 11:00:00,68.891845703125
srv-004,2017-06-14 12:00:00,68.60186767578125
srv-004,2017-06-14 13:00:00,66.71404266357422
srv-004,2017-06-14 14:00:00,67.32286834716797
srv-004,2017-06-14 15:00:00,66.28775024414062
srv-004,2017-06-14 16:00:00,63.82361602783203
srv-004,2017-06-14 17:00:00,62.88005828857422
srv-004,2017-06-14 18:00:00,60.955284118652344
srv-004,2017-06-14 19:00:00,64.17390441894531
srv-004,2017-06-14 20:00:00,58.663963317871094
srv-004,2017-06-14 21:00:00,62.00465393066406
srv-004,2017-06-14 22:00:00,65.1641616821289
srv-004,2017-06-14 23:00:00,65.14749145507812
srv-004,2017-06-15 00:00:00,63.88459777832031
srv-004,2017-06-15 01:00:00,61.51894760131836
srv-004,2017-06-15 02:00:00,59.255889892578125
srv-004,2017-06-15 03:00:00,59.09187316894531
srv-004,2017-06-15 04:00:00,60.26108169555664
srv-004,2017-06-15 05:00:00,56.66947937011719
srv-004,2017-06-15 06:00:00,56.4606819152832
srv-004,2017-06-15 07:00:00,54.39794158935547
srv-004,2017-06-15 08:00:00,63.137664794921875
srv-004,2017-06-15 09:00:00,64.25807189941406
srv-004,2017-06-15 10:00:00,65.1512680053711
srv-004,2017-06-15 11:00:00,66.5825424194336
srv-004,2017-06-15 12:00:00,66.72269439697266
srv-004,2017-06-15 13:00:00,68.2952651977539
srv-004,2017-06-15 14:00:00,68.52599334716797
srv-004,2017-06-15 15:00:00,66.9698257446289
srv-004,2017-06-15 16:00:00,63.87369155883789
srv-004,2017-06-15 17:00:00,66.44925689697266
srv-004,2017-06-15 18:00:00,63.61652374267578
srv-004,2017-06-15 19:00:00,59.01544189453125
srv-004,2017-06-15 20:00:00,62.31972885131836
srv-004,2017-06-15 21:00:00,59.39360809326172
srv-004,2017-06-15 22:00:00,58.00645065307617
srv-004,2017-06-15 23:00:00,60.66386795043945
srv-004,2017-06-16 00:00:00,62.03940963745117
srv-004,2017-06-16 01:00:00,61.14878845214844
srv-004,2017-06-16 02:00:00,57.48944091796875
srv-004,2017-06-16 03:00:00,52.54786682128906
srv-004,2017-06-16 04:00:00,55.395992279052734
srv-004,2017-06-16 05:00:00,54.02095413208008
srv-004,2017-06-16 06:00:00,50.37818908691406
srv-004,2017-06-16 07:00:00,49.517433166503906
srv-004,2017-06-16 08:00:00,55.77825927734375
srv-004,2017-06-16 09:00:00,59.69819641113281
srv-004,2017-06-16 10:00:00,63.83869171142578
srv-004,2017-06-16 11:00:00,62.423545837402344
srv-004,2017-06-16 12:00:00,65.50131225585938
srv-004,2017-06-16 13:00:00,65.05561828613281
srv-004,2017-06-16 14:00:00,66.7951889038086
srv-004,2017-06-16 15:00:00,68.69695281982422
srv-004,2017-06-16 16:00:00,65.7518539428711
srv-004,2017-06-16 17:00:00,67.98311614990234
srv-004,2017-06-16 18:00:00,63.42310333251953
srv-004,2017-06-16 19:00:00,60.57085418701172
srv-004,2017-06-16 20:00:00,60.050537109375
srv-004,2017-06-16 21:00:00,53.9071044921875
srv-004,2017-06-16 22:00:00,56.26703643798828
srv-004,2017-06-16 23:00:00,49.98229217529297
srv-004,2017-06-17 00:00:00,51.14677810668945
srv-004,2017-06-17 01:00:00,54.08619689941406
srv-004,2017-06-17 02:00:00,54.305320739746094
srv-004,2017-06-17 03:00:00,59.575157165527344
srv-004,2017-06-17 04:00:00,58.36252975463867
srv-004,2017-06-17 05:00:00,52.0950927734375
srv-004,2017-06-17 06:00:00,53.160667419433594
srv-004,2017-06-17 07:00:00,48.7671012878418
srv-004,2017-06-17 08:00:00,52.45612335205078
srv-004,2017-06-17 09:00:00,52.713340759277344
srv-004,2017-06-17 10:00:00,57.57098388671875
srv-004,2017-06-17 11:00:00,55.17509460449219
srv-004,2017-06-17 12:00:00,61.56925964355469
srv-004,2017-06-17 13:00:00,58.411380767822266
srv-004,2017-06-17 14:00:00,61.21968078613281
srv-004,2017-06-17 15:00:00,60.26923370361328
srv-004,2017-06-17 16:00:00,66.26057434082031
srv-004,2017-06-17 17:00:00,65.14923858642578
srv-004,2017-06-17 18:00:00,56.891807556152344
srv-004,2017-06-17 19:00:00,59.195953369140625
srv-004,2017-06-17 20:00:00,53.4288444519043
srv-004,2017-06-17 21:00:00,56.00579833984375
srv-004,2017-06-17 22:00:00,54.0955924987793
srv-004,2017-06-17 23:00:00,52.72602844238281
srv-004,2017-06-18 00:00:00,61.71982192993164
srv-004,2017-06-18 01:00:00,62.841278076171875
srv-004,2017-06-18 02:00:00,63.82659912109375
srv-004,2017-06-18 03:00:00,66.27462005615234
srv-004,2017-06-18 04:00:00,58.82649230957031
srv-004,2017-06-18 05:00:00,65.0165786743164
srv-004,2017-06-18 06:00:00,60.22134780883789
srv-004,2017-06-18 07:00:00,59.89111328125
srv-004,2017-06-18 08:00:00,59.782020568847656
srv-004,2017-06-18 09:00:00,53.50948715209961
srv-004,2017-06-18 10:00:00,52.72093963623047
srv-004,2017-06-18 11:00:00,54.65843963623047
srv-004,2017-06-18 12:00:00,61.63392639160156
srv-004,2017-06-18 13:00:00,64.26954650878906
srv-004,2017-06-18 14:00:00,67.43495178222656
srv-004,2017-06-18 15:00:00,67.514892578125
srv-004,2017-06-18 16:00:00,67.87793731689453
srv-004,2017-06-18 17:00:00,63.768272399902344
srv-004,2017-06-18 18:00:00,64.02295684814453
srv-004,2017-06-18 19:00:00,62.658905029296875
srv-004,2017-06-18 20:00:00,62.925052642822266
srv-004,2017-06-18 21:00:00,58.62840270996094
srv-004,2017-06-18 22:00:00,57.35201644897461
srv-004,2017-06-18 23:00:00,57.761192321777344
srv-004,2017-06-19 00:00:00,59.87290954589844
srv-004,2017-06-19 01:00:00,61.015464782714844
srv-004,2017-06-19 02:00:00,64.0286636352539
srv-004,2017-06-19 03:00:00,64.0879898071289
srv-004,2017-06-19 04:00:00,63.04735565185547
srv-004,2017-06-19 05:00:00,63.41629409790039
srv-004,2017-06-19 06:00:00,61.77815246582031
srv-004,2017-06-19 07:00:00,60.06170654296875
srv-004,2017-06-19 08:00:00,64.8148422241211
srv-004,2017-06-19 09:00:00,65.4963150024414
srv-004,2017-06-19 10:00:00,64.4395751953125
srv-004,2017-06-19 11:00:00,63.23076629638672
srv-004,2017-06-19 12:00:00,67.21089935302734
srv-004,2017-06-19 13:00:00,66.78410339355469
srv-004,2017-06-19 14:00:00,69.49456024169922
srv-004,2017-06-19 15:00:00,71.28865814208984
srv-004,2017-06-19 16:00:00,72.06449127197266
srv-004,2017-06-19 17:00:00,72.7013168334961
srv-004,2017-06-19 18:00:00,69.59130859375
srv-004,2017-06-19 19:00:00,71.43486785888672
srv-004,2017-06-19 20:00:00,73.22570037841797
srv-004,2017-06-19 21:00:00,67.06542205810547
srv-004,2017-06-19 22:00:00,66.9495849609375
srv-004,2017-06-19 23:00:00,68.85911560058594
srv-004,2017-06-20 00:00:00,64.70128631591797
srv-004,2017-06-20 01:00:00,65.3807601928711
srv-004,2017-06-20 02:00:00,68.94011688232422
srv-004,2017-06-20 03:00:00,66.66643524169922
srv-004,2017-06-20 04:00:00,68.14346313476562
srv-004,2017-06-20 05:00:00,63.757503509521484
srv-004,2017-06-20 06:00:00,61.33711242675781
srv-004,2017-06-20 07:00:00,62.801971435546875
srv-004,2017-06-20 08:00:00,63.885398864746094
srv-004,2017-06-20 09:00:00,69.21121215820312
srv-004,2017-06-20 10:00:00,65.73564910888672
srv-004,2017-06-20 11:00:00,65.46601104736328
srv-004,2017-06-20 12:00:00,66.62928771972656
srv-004,2017-06-20 13:00:00,65.38994598388672
srv-004,2017-06-20 14:00:00,69.43611145019531
srv-004,2017-06-20 15:00:00,67.63335418701172
srv-004,2017-06-20 16:00:00,65.05354309082031
srv-004,2017-06-20 17:00:00,68.30231475830078
srv-004,2017-06-20 18:00:00,63.285400390625
srv-004,2017-06-20 19:00:00,63.649200439453125
srv-004,2017-06-20 20:00:00,61.04535675048828
srv-004,2017-06-20 21:00:00,58.286964416503906
srv-004,2017-06-20 22:00:00,56.76423645019531
srv-004,2017-06-20 23:00:00,54.838287353515625
srv-004,2017-06-21 00:00:00,52.76409912109375
srv-004,2017-06-21 01:00:00,51.83827209472656
srv-004,2017-06-21 02:00:00,60.3545036315918
srv-004,2017-06-21 03:00:00,61.44127655029297
srv-004,2017-06-21 04:00:00,62.6649284362793
srv-004,2017-06-21 05:00:00,66.29912567138672
srv-004,2017-06-21 06:00:00,58.14550018310547
srv-004,2017-06-21 07:00:00,50.57765197753906
srv-004,2017-06-21 08:00:00,53.156280517578125
srv-004,2017-06-21 09:00:00,59.84033966064453
srv-004,2017-06-21 10:00:00,58.339351654052734
srv-004,2017-06-21 11:00:00,64.63597869873047
srv-004,2017-06-21 12:00:00,66.77295684814453
srv-004,2017-06-21 13:00:00,67.74234771728516
srv-004,2017-06-21 14:00:00,68.77571868896484
srv-004,2017-06-21 15:00:00,64.28958892822266
srv-004,2017-06-21 16:00:00,66.55274963378906
srv-004,2017-06-21 17:00:00,70.7433853149414
srv-004,2017-06-21 18:00:00,72.06653594970703
srv-004,2017-06-21 19:00:00,69.18285369873047
srv-004,2017-06-21 20:00:00,63.21581268310547
srv-004,2017-06-21 21:00:00,66.1576156616211
srv-004,2017-06-21 22:00:00,65.71528625488281
srv-004,2017-06-21 23:00:00,65.96563720703125
srv-004,2017-06-22 00:00:00,62.27410125732422
srv-004,2017-06-22 01:00:00,63.2015266418457
srv-004,2017-06-22 02:00:00,59.163551330566406
srv-004,2017-06-22 03:00:00,60.8175048828125
srv-004,2017-06-22 04:00:00,66.11431884765625
srv-004,2017-06-22 05:00:00,67.38886260986328
srv-004,2017-06-22 06:00:00,65.85771179199219
srv-004,2017-06-22 07:00:00,67.29168701171875
srv-004,2017-06-22 08:00:00,63.350582122802734
srv-004,2017-06-22 09:00:00,62.108970642089844
srv-004,2017-06-22 10:00:00,62.13758087158203
srv-004,2017-06-22 11:00:00,63.089759826660156
srv-004,2017-06-22 12:00:00,65.83680725097656
srv-004,2017-06-22 13:00:00,65.56373596191406
srv-004,2017-06-22 14:00:00,63.306034088134766
srv-004,2017-06-22 15:00:00,61.17454528808594
srv-004,2017-06-22 16:00:00,65.44084930419922
srv-004,2017-06-22 17:00:00,64.00444030761719
srv-004,2017-06-22 18:00:00,68.62522888183594
srv-004,2017-06-22 19:00:00,65.31858825683594
srv-004,2017-06-22 20:00:00,63.32133483886719
srv-004,2017-06-22 21:00:00,60.30849075317383
srv-004,2017-06-22 22:00:00,60.09943771362305
srv-004,2017-06-22 23:00:00,59.17027282714844
srv-004,2017-06-23 00:00:00,58.77076721191406
srv-004,2017-06-23 01:00:00,61.534080505371094
srv-004,2017-06-23 02:00:00,55.98073959350586
srv-004,2017-06-23 03:00:00,59.013248443603516
srv-004,2017-06-23 04:00:00,52.10417175292969
srv-004,2017-06-23 05:00:00,60.41764831542969
srv-004,2017-06-23 06:00:00,60.492027282714844
srv-004,2017-06-23 07:00:00,64.81168365478516
srv-004,2017-06-23 08:00:00,66.03942108154297
srv-004,2017-06-23 09:00:00,67.1386947631836
srv-004,2017-06-23 10:00:00,65.9564208984375
srv-004,2017-06-23 11:00:00,68.2309799194336
srv-004,2017-06-23 12:00:00,67.64112091064453
srv-004,2017-06-23 13:00:00,63.25680160522461
srv-004,2017-06-23 14:00:00,66.2598876953125
srv-004,2017-06-23 15:00:00,67.1261978149414
srv-004,2017-06-23 16:00:00,63.885684967041016
srv-004,2017-06-23 17:00:00,62.75679397583008
srv-004,2017-06-23 18:00:00,60.29088592529297
srv-004,2017-06-23 19:00:00,65.55065155029297
srv-004,2017-06-23 20:00:00,65.12340545654297
srv-004,2017-06-23 21:00:00,61.3784294128418
srv-004,2017-06-23 22:00:00,57.319671630859375
srv-004,2017-06-23 23:00:00,58.8040657043457
srv-004,2017-06-24 00:00:00,61.955604553222656
srv-004,2017-06-24 01:00:00,60.58650588989258
srv-004,2017-06-24 02:00:00,64.86143493652344
srv-004,2017-06-24 03:00:00,67.33598327636719
srv-004,2017-06-24 04:00:00,68.83537292480469
srv-004,2017-06-24 05:00:00,65.58999633789062
srv-004,2017-06-24 06:00:00,58.72322463989258
srv-004,2017-06-24 07:00:00,59.290504455566406
srv-004,2017-06-24 08:00:00,61.62627410888672
srv-004,2017-06-24 09:00:00,62.699615478515625
srv-004,2017-06-24 10:00:00,65.63753509521484
srv-004,2017-06-24 11:00:00,68.22132110595703
srv-004,2017-06-24 12:00:00,68.01146697998047
srv-004,2017-06-24 13:00:00,63.293983459472656
srv-004,2017-06-24 14:00:00,61.89162826538086
srv-004,2017-06-24 15:00:00,63.44911575317383
srv-004,2017-06-24 16:00:00,64.64563751220703
srv-004,2017-06-24 17:00:00,69.16858673095703
srv-004,2017-06-24 18:00:00,67.94342803955078
srv-004,2017-06-24 19:00:00,66.8490219116211
srv-004,2017-06-24 20:00:00,60.62358856201172
srv-004,2017-06-24 21:00:00,63.248844146728516
srv-004,2017-06-24 22:00:00,62.47954559326172
srv-004,2017-06-24 23:00:00,56.74839401245117
srv-004,2017-06-25 00:00:00,52.69081115722656
srv-004,2017-06-25 01:00:00,52.663185119628906
srv-004,2017-06-25 02:00:00,58.20644760131836
srv-004,2017-06-25 03:00:00,56.66197204589844
srv-004,2017-06-25 04:00:00,57.45083236694336
srv-004,2017-06-25 05:00:00,50.07070541381836
srv-004,2017-06-25 06:00:00,51.654693603515625
srv-004,2017-06-25 07:00:00,50.579071044921875
srv-004,2017-06-25 08:00:00,50.02111053466797
srv-004,2017-06-25 09:00:00,56.059410095214844
srv-004,2017-06-25 10:00:00,56.55961608886719
srv-004,2017-06-25 11:00:00,63.894248962402344
srv-004,2017-06-25 12:00:00,66.48560333251953
srv-004,2017-06-25 13:00:00,67.71934509277344
srv-004,2017-06-25 14:00:00,66.28627014160156
srv-004,2017-06-25 15:00:00,65.21814727783203
srv-004,2017-06-25 16:00:00,64.15715789794922
srv-004,2017-06-25 17:00:00,61.68834686279297
srv-004,2017-06-25 18:00:00,66.72988891601562
srv-004,2017-06-25 19:00:00,65.73159790039062
srv-004,2017-06-25 20:00:00,67.39439392089844
srv-004,2017-06-25 21:00:00,65.11446380615234
srv-004,2017-06-25 22:00:00,67.51103973388672
srv-004,2017-06-25 23:00:00,62.779022216796875
srv-004,2017-06-26 00:00:00,62.07660675048828
srv-004,2017-06-26 01:00:00,56.36188507080078
srv-004,2017-06-26 02:00:00,56.11246871948242
srv-004,2017-06-26 03:00:00,56.56624984741211
srv-004,2017-06-26 04:00:00,55.498416900634766
srv-004,2017-06-26 05:00:00,54.01459503173828
srv-004,2017-06-26 06:00:00,54.562374114990234
srv-004,2017-06-26 07:00:00,61.26155090332031
srv-004,2017-06-26 08:00:00,60.181556701660156
srv-004,2017-06-26 09:00:00,62.617942810058594
srv-004,2017-06-26 10:00:00,62.69426727294922
srv-004,2017-06-26 11:00:00,68.16047668457031
srv-004,2017-06-26 12:00:00,67.46589660644531
srv-004,2017-06-26 13:00:00,64.50719451904297
srv-004,2017-06-26 14:00:00,62.61321258544922
srv-004,2017-06-26 15:00:00,60.510337829589844
srv-004,2017-06-26 16:00:00,62.01124572753906
srv-004,2017-06-26 17:00:00,63.125938415527344
srv-004,2017-06-26 18:00:00,65.15225982666016
srv-004,2017-06-26 19:00:00,66.43534851074219
srv-004,2017-06-26 20:00:00,68.10755920410156
srv-004,2017-06-26 21:00:00,69.06524658203125
srv-004,2017-06-26 22:00:00,66.16510772705078
srv-004,2017-06-26 23:00:00,65.41002655029297
srv-004,2017-06-27 00:00:00,63.91337585449219
srv-004,2017-06-27 01:00:00,63.634220123291016
srv-004,2017-06-27 02:00:00,64.68587493896484
srv-004,2017-06-27 03:00:00,64.96826171875
srv-004,2017-06-27 04:00:00,68.29337310791016
srv-004,2017-06-27 05:00:00,70.34605407714844
srv-004,2017-06-27 06:00:00,68.88983154296875
srv-004,2017-06-27 07:00:00,64.24195861816406
srv-004,2017-06-27 08:00:00,65.59619140625
srv-004,2017-06-27 09:00:00,64.4930648803711
srv-004,2017-06-27 10:00:00,67.2208480834961
srv-004,2017-06-27 11:00:00,69.51183319091797
srv-004,2017-06-27 12:00:00,70.90152740478516
srv-004,2017-06-27 13:00:00,71.11326599121094
srv-004,2017-06-27 14:00:00,71.25505065917969
srv-004,2017-06-27 15:00:00,69.16934967041016
srv-004,2017-06-27 16:00:00,65.0047607421875
srv-004,2017-06-27 17:00:00,66.8056640625
srv-004,2017-06-27 18:00:00,70.98916625976562
srv-004,2017-06-27 19:00:00,68.38250732421875
srv-004,2017-06-27 20:00:00,66.5797348022461
srv-004,2017-06-27 21:00:00,76.92188262939453
srv-004,2017-06-27 22:00:00,67.76396942138672
srv-004,2017-06-27 23:00:00,66.46752166748047
srv-004,2017-06-28 00:00:00,64.15795135498047
srv-004,2017-06-28 01:00:00,65.1944351196289
srv-004,2017-06-28 02:00:00,64.7920150756836
srv-004,2017-06-28 03:00:00,63.019493103027344
srv-004,2017-06-28 04:00:00,64.98570251464844
srv-004,2017-06-28 05:00:00,68.8458480834961
srv-004,2017-06-28 06:00:00,68.53987884521484
srv-004,2017-06-28 07:00:00,69.92499542236328
srv-004,2017-06-28 08:00:00,65.13176727294922
srv-004,2017-06-28 09:00:00,62.39507293701172
srv-004,2017-06-28 10:00:00,60.086181640625
srv-004,2017-06-28 11:00:00,63.99158477783203
srv-004,2017-06-28 12:00:00,67.30540466308594
srv-004,2017-06-28 13:00:00,66.8229751586914
srv-004,2017-06-28 14:00:00,70.07469940185547
srv-004,2017-06-28 15:00:00,67.72789764404297
srv-004,2017-06-28 16:00:00,61.917015075683594
srv-004,2017-06-28 17:00:00,60.15486145019531
srv-004,2017-06-28 18:00:00,65.10413360595703
srv-004,2017-06-28 19:00:00,64.96681213378906
srv-004,2017-06-28 20:00:00,62.45774459838867
srv-004,2017-06-28 21:00:00,59.64714050292969
srv-004,2017-06-28 22:00:00,62.99542999267578
srv-004,2017-06-28 23:00:00,63.564857482910156
srv-004,2017-06-29 00:00:00,62.513771057128906
srv-004,2017-06-29 01:00:00,61.930686950683594
srv-004,2017-06-29 02:00:00,55.5811653137207
srv-004,2017-06-29 03:00:00,56.51039505004883
srv-004,2017-06-29 04:00:00,62.58889389038086
srv-004,2017-06-29 05:00:00,61.362060546875
srv-004,2017-06-29 06:00:00,58.02113723754883
srv-004,2017-06-29 07:00:00,59.24460983276367
srv-004,2017-06-29 08:00:00,60.42107391357422
srv-004,2017-06-29 09:00:00,60.15000915527344
srv-004,2017-06-29 10:00:00,56.34556198120117
srv-004,2017-06-29 11:00:00,54.87531661987305
srv-004,2017-06-29 12:00:00,55.95435333251953
srv-004,2017-06-29 13:00:00,56.44282531738281
srv-004,2017-06-29 14:00:00,63.61598205566406
srv-004,2017-06-29 15:00:00,59.1268310546875
srv-004,2017-06-29 16:00:00,58.47739791870117
srv-004,2017-06-29 17:00:00,63.0334358215332
srv-004,2017-06-29 18:00:00,60.3047981262207
srv-004,2017-06-29 19:00:00,62.9208869934082
srv-004,2017-06-29 20:00:00,61.048404693603516
srv-004,2017-06-29 21:00:00,49.48509979248047
srv-004,2017-06-29 22:00:00,53.11641311645508
srv-004,2017-06-29 23:00:00,55.056915283203125
srv-004,2017-06-30 00:00:00,60.28130340576172
srv-004,2017-06-30 01:00:00,60.923885345458984
srv-004,2017-06-30 02:00:00,63.40724182128906
srv-004,2017-06-30 03:00:00,61.863868713378906
srv-004,2017-06-30 04:00:00,63.54216766357422
srv-004,2017-06-30 05:00:00,63.90485763549805
srv-004,2017-06-30 06:00:00,60.639923095703125
srv-004,2017-06-30 07:00:00,59.4160041809082
srv-004,2017-06-30 08:00:00,55.29786682128906
srv-004,2017-06-30 09:00:00,54.116947174072266
srv-004,2017-06-30 10:00:00,58.46840286254883
srv-004,2017-06-30 11:00:00,61.38112258911133
srv-004,2017-06-30 12:00:00,57.884803771972656
srv-004,2017-06-30 13:00:00,54.53321075439453
srv-004,2017-06-30 14:00:00,54.83406066894531
srv-004,2017-06-30 15:00:00,62.010223388671875
srv-004,2017-06-30 16:00:00,62.96356201171875
srv-004,2017-06-30 17:00:00,60.62800216674805
srv-004,2017-06-30 18:00:00,59.97777557373047
srv-004,2017-06-30 19:00:00,58.56624984741211
srv-004,2017-06-30 20:00:00,60.473106384277344
srv-004,2017-06-30 21:00:00,58.19425964355469
srv-004,2017-06-30 22:00:00,57.99855041503906
srv-004,2017-06-30 23:00:00,54.0462532043457
srv-005,2017-06-01 23:00:00,44.72518539428711
srv-005,2017-06-02 00:00:00,44.23566436767578
srv-005,2017-06-02 01:00:00,44.74699020385742
srv-005,2017-06-02 02:00:00,44.58204650878906
srv-005,2017-06-02 03:00:00,44.49803924560547
srv-005,2017-06-02 04:00:00,43.48352813720703
srv-005,2017-06-02 05:00:00,43.734130859375
srv-005,2017-06-02 06:00:00,43.719608306884766
srv-005,2017-06-02 07:00:00,42.10897445678711
srv-005,2017-06-02 08:00:00,42.41706466674805
srv-005,2017-06-02 09:00:00,42.00852966308594
srv-005,2017-06-02 10:00:00,42.43179702758789
srv-005,2017-06-02 11:00:00,43.033348083496094
srv-005,2017-06-02 12:00:00,41.6787223815918
srv-005,2017-06-02 13:00:00,41.493873596191406
srv-005,2017-06-02 14:00:00,42.28826141357422
srv-005,2017-06-02 15:00:00,42.508750915527344
srv-005,2017-06-02 16:00:00,42.63885498046875
srv-005,2017-06-02 17:00:00,43.214263916015625
srv-005,2017-06-02 18:00:00,42.64322280883789
srv-005,2017-06-02 19:00:00,41.44115447998047
srv-005,2017-06-02 20:00:00,41.444244384765625
srv-005,2017-06-02 21:00:00,41.089088439941406
srv-005,2017-06-02 22:00:00,41.089393615722656
srv-005,2017-06-02 23:00:00,41.277565002441406
srv-005,2017-06-03 00:00:00,43.14794921875
srv-005,2017-06-03 01:00:00,43.75445556640625
srv-005,2017-06-03 02:00:00,43.49415588378906
srv-005,2017-06-03 03:00:00,42.81427001953125
srv-005,2017-06-03 04:00:00,43.36207962036133
srv-005,2017-06-03 05:00:00,43.63634490966797
srv-005,2017-06-03 06:00:00,43.708290100097656
srv-005,2017-06-03 07:00:00,43.7984504699707
srv-005,2017-06-03 08:00:00,43.955684661865234
srv-005,2017-06-03 09:00:00,43.163726806640625
srv-005,2017-06-03 10:00:00,43.62472152709961
srv-005,2017-06-03 11:00:00,44.04517364501953
srv-005,2017-06-03 12:00:00,44.66985321044922
srv-005,2017-06-03 13:00:00,44.508670806884766
srv-005,2017-06-03 14:00:00,44.639991760253906
srv-005,2017-06-03 15:00:00,44.15727233886719
srv-005,2017-06-03 16:00:00,43.87793731689453
srv-005,2017-06-03 17:00:00,43.37889862060547
srv-005,2017-06-03 18:00:00,43.408607482910156
srv-005,2017-06-03 19:00:00,45.637142181396484
srv-005,2017-06-03 20:00:00,43.888465881347656
srv-005,2017-06-03 21:00:00,42.78605651855469
srv-005,2017-06-03 22:00:00,41.97718811035156
srv-005,2017-06-03 23:00:00,42.2141227722168
srv-005,2017-06-04 00:00:00,43.32487487792969
srv-005,2017-06-04 01:00:00,43.25286865234375
srv-005,2017-06-04 02:00:00,43.9062614440918
srv-005,2017-06-04 03:00:00,44.20869064331055
srv-005,2017-06-04 04:00:00,44.65800476074219
srv-005,2017-06-04 05:00:00,44.71479797363281
srv-005,2017-06-04 06:00:00,44.82533645629883
srv-005,2017-06-04 07:00:00,44.919803619384766
srv-005,2017-06-04 08:00:00,44.614830017089844
srv-005,2017-06-04 09:00:00,43.311729431152344
srv-005,2017-06-04 10:00:00,43.083335876464844
srv-005,2017-06-04 11:00:00,43.590572357177734
srv-005,2017-06-04 12:00:00,43.573089599609375
srv-005,2017-06-04 13:00:00,43.800506591796875
srv-005,2017-06-04 14:00:00,43.517784118652344
srv-005,2017-06-04 15:00:00,43.35389709472656
srv-005,2017-06-04 16:00:00,43.839290618896484
srv-005,2017-06-04 17:00:00,43.837730407714844
srv-005,2017-06-04 18:00:00,43.40060043334961
srv-005,2017-06-04 19:00:00,43.64424133300781
srv-005,2017-06-04 20:00:00,44.03703689575195
srv-005,2017-06-04 21:00:00,44.12174987792969
srv-005,2017-06-04 22:00:00,43.8427848815918
srv-005,2017-06-04 23:00:00,43.79998016357422
srv-005,2017-06-05 00:00:00,40.961631774902344
srv-005,2017-06-05 01:00:00,40.958580017089844
srv-005,2017-06-05 02:00:00,41.14470291137695
srv-005,2017-06-05 03:00:00,41.73187255859375
srv-005,2017-06-05 04:00:00,41.943302154541016
srv-005,2017-06-05 05:00:00,41.44721984863281
srv-005,2017-06-05 06:00:00,42.28501892089844
srv-005,2017-06-05 07:00:00,42.995941162109375
srv-005,2017-06-05 08:00:00,42.146366119384766
srv-005,2017-06-05 09:00:00,42.55805969238281
srv-005,2017-06-05 10:00:00,43.446224212646484
srv-005,2017-06-05 11:00:00,44.12900161743164
srv-005,2017-06-05 12:00:00,44.32094192504883
srv-005,2017-06-05 13:00:00,44.20886993408203
srv-005,2017-06-05 14:00:00,45.54205322265625
srv-005,2017-06-05 15:00:00,45.35829162597656
srv-005,2017-06-05 16:00:00,45.266815185546875
srv-005,2017-06-05 17:00:00,45.53834533691406
srv-005,2017-06-05 18:00:00,44.978092193603516
srv-005,2017-06-05 19:00:00,45.345794677734375
srv-005,2017-06-05 20:00:00,44.85044860839844
srv-005,2017-06-05 21:00:00,44.81671142578125
srv-005,2017-06-05 22:00:00,44.77906036376953
srv-005,2017-06-05 23:00:00,44.66171646118164
srv-005,2017-06-06 00:00:00,44.396217346191406
srv-005,2017-06-06 01:00:00,44.97016906738281
srv-005,2017-06-06 02:00:00,44.98836898803711
srv-005,2017-06-06 03:00:00,44.71504592895508
srv-005,2017-06-06 04:00:00,45.47480010986328
srv-005,2017-06-06 05:00:00,44.98321533203125
srv-005,2017-06-06 06:00:00,45.48912811279297
srv-005,2017-06-06 07:00:00,45.168724060058594
srv-005,2017-06-06 08:00:00,45.335289001464844
srv-005,2017-06-06 09:00:00,45.03310012817383
srv-005,2017-06-06 10:00:00,44.432708740234375
srv-005,2017-06-06 11:00:00,44.072044372558594
srv-005,2017-06-06 12:00:00,44.94207000732422
srv-005,2017-06-06 13:00:00,45.66462707519531
srv-005,2017-06-06 14:00:00,44.91496276855469
srv-005,2017-06-06 15:00:00,44.494300842285156
srv-005,2017-06-06 16:00:00,44.810081481933594
srv-005,2017-06-06 17:00:00,44.80705261230469
srv-005,2017-06-06 18:00:00,44.570472717285156
srv-005,2017-06-06 19:00:00,44.523902893066406
srv-005,2017-06-06 20:00:00,44.43279266357422
srv-005,2017-06-06 21:00:00,44.37788772583008
srv-005,2017-06-06 22:00:00,44.69347381591797
srv-005,2017-06-06 23:00:00,44.413352966308594
srv-005,2017-06-07 00:00:00,44.042640686035156
srv-005,2017-06-07 01:00:00,44.8057861328125
srv-005,2017-06-07 02:00:00,44.140499114990234
srv-005,2017-06-07 03:00:00,44.4034423828125
srv-005,2017-06-07 04:00:00,44.27106857299805
srv-005,2017-06-07 05:00:00,44.13251495361328
srv-005,2017-06-07 06:00:00,44.16645050048828
srv-005,2017-06-07 07:00:00,44.342369079589844
srv-005,2017-06-07 08:00:00,44.061912536621094
srv-005,2017-06-07 09:00:00,44.02851867675781
srv-005,2017-06-07 10:00:00,44.460975646972656
srv-005,2017-06-07 11:00:00,44.66481018066406
srv-005,2017-06-07 12:00:00,44.644569396972656
srv-005,2017-06-07 13:00:00,43.36854553222656
srv-005,2017-06-07 14:00:00,44.0806770324707
srv-005,2017-06-07 15:00:00,45.14220428466797
srv-005,2017-06-07 16:00:00,44.631256103515625
srv-005,2017-06-07 17:00:00,44.09262466430664
srv-005,2017-06-07 18:00:00,44.100040435791016
srv-005,2017-06-07 19:00:00,43.289794921875
srv-005,2017-06-07 20:00:00,42.85044479370117
srv-005,2017-06-07 21:00:00,43.429893493652344
srv-005,2017-06-07 22:00:00,43.039939880371094
srv-005,2017-06-07 23:00:00,43.39872360229492
srv-005,2017-06-08 00:00:00,43.57969665527344
srv-005,2017-06-08 01:00:00,44.22270965576172
srv-005,2017-06-08 02:00:00,44.058189392089844
srv-005,2017-06-08 03:00:00,43.39417266845703
srv-005,2017-06-08 04:00:00,43.729339599609375
srv-005,2017-06-08 05:00:00,43.43681335449219
srv-005,2017-06-08 06:00:00,43.44247055053711
srv-005,2017-06-08 07:00:00,43.804141998291016
srv-005,2017-06-08 08:00:00,43.572853088378906
srv-005,2017-06-08 09:00:00,43.72621154785156
srv-005,2017-06-08 10:00:00,43.8842658996582
srv-005,2017-06-08 11:00:00,43.62189483642578
srv-005,2017-06-08 12:00:00,43.256507873535156
srv-005,2017-06-08 13:00:00,42.839908599853516
srv-005,2017-06-08 14:00:00,43.31897735595703
srv-005,2017-06-08 15:00:00,42.906036376953125
srv-005,2017-06-08 16:00:00,42.679664611816406
srv-005,2017-06-08 17:00:00,47.00001525878906
srv-005,2017-06-08 18:00:00,45.362205505371094
srv-005,2017-06-08 19:00:00,42.82984161376953
srv-005,2017-06-08 20:00:00,42.4626350402832
srv-005,2017-06-08 21:00:00,41.66468048095703
srv-005,2017-06-08 22:00:00,41.78154373168945
srv-005,2017-06-08 23:00:00,42.088462829589844
srv-005,2017-06-09 00:00:00,42.25206756591797
srv-005,2017-06-09 01:00:00,42.581085205078125
srv-005,2017-06-09 02:00:00,42.719444274902344
srv-005,2017-06-09 03:00:00,43.22528076171875
srv-005,2017-06-09 04:00:00,42.88469696044922
srv-005,2017-06-09 05:00:00,43.075462341308594
srv-005,2017-06-09 06:00:00,42.95242691040039
srv-005,2017-06-09 07:00:00,42.478248596191406
srv-005,2017-06-09 08:00:00,42.82678985595703
srv-005,2017-06-09 09:00:00,42.730857849121094
srv-005,2017-06-09 10:00:00,42.56318664550781
srv-005,2017-06-09 11:00:00,42.148162841796875
srv-005,2017-06-09 12:00:00,42.542781829833984
srv-005,2017-06-09 13:00:00,42.70988845825195
srv-005,2017-06-09 14:00:00,42.636146545410156
srv-005,2017-06-09 15:00:00,42.49427032470703
srv-005,2017-06-09 16:00:00,41.494781494140625
srv-005,2017-06-09 17:00:00,41.80835723876953
srv-005,2017-06-09 18:00:00,42.68394470214844
srv-005,2017-06-09 19:00:00,42.87644577026367
srv-005,2017-06-09 20:00:00,42.503379821777344
srv-005,2017-06-09 21:00:00,42.54241180419922
srv-005,2017-06-09 22:00:00,41.66270065307617
srv-005,2017-06-09 23:00:00,41.1939697265625
srv-005,2017-06-10 00:00:00,42.64430236816406
srv-005,2017-06-10 01:00:00,43.20554733276367
srv-005,2017-06-10 02:00:00,44.07170867919922
srv-005,2017-06-10 03:00:00,43.834835052490234
srv-005,2017-06-10 04:00:00,42.77552032470703
srv-005,2017-06-10 05:00:00,42.86799621582031
srv-005,2017-06-10 06:00:00,43.02375030517578
srv-005,2017-06-10 07:00:00,43.3455810546875
srv-005,2017-06-10 08:00:00,43.61207580566406
srv-005,2017-06-10 09:00:00,43.09864044189453
srv-005,2017-06-10 10:00:00,43.133365631103516
srv-005,2017-06-10 11:00:00,43.963279724121094
srv-005,2017-06-10 12:00:00,44.256927490234375
srv-005,2017-06-10 13:00:00,44.49091339111328
srv-005,2017-06-10 14:00:00,44.42597579956055
srv-005,2017-06-10 15:00:00,44.87350845336914
srv-005,2017-06-10 16:00:00,44.48292922973633
srv-005,2017-06-10 17:00:00,44.38994598388672
srv-005,2017-06-10 18:00:00,44.22154998779297
srv-005,2017-06-10 19:00:00,43.812530517578125
srv-005,2017-06-10 20:00:00,44.0877685546875
srv-005,2017-06-10 21:00:00,44.201507568359375
srv-005,2017-06-10 22:00:00,44.07532501220703
srv-005,2017-06-10 23:00:00,44.209320068359375
srv-005,2017-06-11 00:00:00,43.58353805541992
srv-005,2017-06-11 01:00:00,44.06563949584961
srv-005,2017-06-11 02:00:00,44.20075988769531
srv-005,2017-06-11 03:00:00,44.413482666015625
srv-005,2017-06-11 04:00:00,43.33570098876953
srv-005,2017-06-11 05:00:00,43.74296569824219
srv-005,2017-06-11 06:00:00,43.67376708984375
srv-005,2017-06-11 07:00:00,43.33649444580078
srv-005,2017-06-11 08:00:00,43.979209899902344
srv-005,2017-06-11 09:00:00,44.094459533691406
srv-005,2017-06-11 10:00:00,44.50776672363281
srv-005,2017-06-11 11:00:00,44.253509521484375
srv-005,2017-06-11 12:00:00,44.417266845703125
srv-005,2017-06-11 13:00:00,44.50032043457031
srv-005,2017-06-11 14:00:00,44.65642547607422
srv-005,2017-06-11 15:00:00,43.91450500488281
srv-005,2017-06-11 16:00:00,42.881507873535156
srv-005,2017-06-11 17:00:00,43.02122116088867
srv-005,2017-06-11 18:00:00,43.407554626464844
srv-005,2017-06-11 19:00:00,42.617305755615234
srv-005,2017-06-11 20:00:00,43.172218322753906
srv-005,2017-06-11 21:00:00,43.5162353515625
srv-005,2017-06-11 22:00:00,43.934898376464844
srv-005,2017-06-11 23:00:00,43.94850158691406
srv-005,2017-06-12 00:00:00,41.13371276855469
srv-005,2017-06-12 01:00:00,41.21825408935547
srv-005,2017-06-12 02:00:00,41.05828094482422
srv-005,2017-06-12 03:00:00,42.49765396118164
srv-005,2017-06-12 04:00:00,42.08238983154297
srv-005,2017-06-12 05:00:00,43.12508010864258
srv-005,2017-06-12 06:00:00,43.40608215332031
srv-005,2017-06-12 07:00:00,43.026702880859375
srv-005,2017-06-12 08:00:00,43.24388122558594
srv-005,2017-06-12 09:00:00,42.89537048339844
srv-005,2017-06-12 10:00:00,42.73261642456055
srv-005,2017-06-12 11:00:00,44.112159729003906
srv-005,2017-06-12 12:00:00,44.09230041503906
srv-005,2017-06-12 13:00:00,44.372093200683594
srv-005,2017-06-12 14:00:00,45.068634033203125
srv-005,2017-06-12 15:00:00,45.03273010253906
srv-005,2017-06-12 16:00:00,45.72214889526367
srv-005,2017-06-12 17:00:00,45.118892669677734
srv-005,2017-06-12 18:00:00,44.67529296875
srv-005,2017-06-12 19:00:00,45.045013427734375
srv-005,2017-06-12 20:00:00,44.587738037109375
srv-005,2017-06-12 21:00:00,44.775657653808594
srv-005,2017-06-12 22:00:00,44.96733474731445
srv-005,2017-06-12 23:00:00,44.716590881347656
srv-005,2017-06-13 00:00:00,45.29920959472656
srv-005,2017-06-13 01:00:00,45.31488037109375
srv-005,2017-06-13 02:00:00,44.818275451660156
srv-005,2017-06-13 03:00:00,44.55621337890625
srv-005,2017-06-13 04:00:00,44.88324737548828
srv-005,2017-06-13 05:00:00,45.304527282714844
srv-005,2017-06-13 06:00:00,44.753089904785156
srv-005,2017-06-13 07:00:00,44.86000061035156
srv-005,2017-06-13 08:00:00,45.32781982421875
srv-005,2017-06-13 09:00:00,45.20766830444336
srv-005,2017-06-13 10:00:00,44.63371276855469
srv-005,2017-06-13 11:00:00,44.39324188232422
srv-005,2017-06-13 12:00:00,44.83885955810547
srv-005,2017-06-13 13:00:00,44.66710662841797
srv-005,2017-06-13 14:00:00,44.164947509765625
srv-005,2017-06-13 15:00:00,44.852294921875
srv-005,2017-06-13 16:00:00,44.9947624206543
srv-005,2017-06-13 17:00:00,45.00181579589844
srv-005,2017-06-13 18:00:00,45.3202018737793
srv-005,2017-06-13 19:00:00,44.22723388671875
srv-005,2017-06-13 20:00:00,44.76454162597656
srv-005,2017-06-13 21:00:00,44.562618255615234
srv-005,2017-06-13 22:00:00,43.84861755371094
srv-005,2017-06-13 23:00:00,44.78494644165039
srv-005,2017-06-14 00:00:00,44.44626998901367
srv-005,2017-06-14 01:00:00,44.92357635498047
srv-005,2017-06-14 02:00:00,44.12321853637695
srv-005,2017-06-14 03:00:00,44.4123420715332
srv-005,2017-06-14 04:00:00,43.563392639160156
srv-005,2017-06-14 05:00:00,43.48152160644531
srv-005,2017-06-14 06:00:00,44.21118927001953
srv-005,2017-06-14 07:00:00,44.20860290527344
srv-005,2017-06-14 08:00:00,44.408260345458984
srv-005,2017-06-14 09:00:00,44.014469146728516
srv-005,2017-06-14 10:00:00,44.15996170043945
srv-005,2017-06-14 11:00:00,43.574623107910156
srv-005,2017-06-14 12:00:00,43.276939392089844
srv-005,2017-06-14 13:00:00,43.30759811401367
srv-005,2017-06-14 14:00:00,43.64556121826172
srv-005,2017-06-14 15:00:00,43.074424743652344
srv-005,2017-06-14 16:00:00,43.61554718017578
srv-005,2017-06-14 17:00:00,43.79800796508789
srv-005,2017-06-14 18:00:00,43.77286911010742
srv-005,2017-06-14 19:00:00,44.33487319946289
srv-005,2017-06-14 20:00:00,44.050453186035156
srv-005,2017-06-14 21:00:00,43.92631530761719
srv-005,2017-06-14 22:00:00,43.73884582519531
srv-005,2017-06-14 23:00:00,42.928306579589844
srv-005,2017-06-15 00:00:00,42.8638916015625
srv-005,2017-06-15 01:00:00,43.30619812011719
srv-005,2017-06-15 02:00:00,43.434898376464844
srv-005,2017-06-15 03:00:00,43.18606185913086
srv-005,2017-06-15 04:00:00,42.874114990234375
srv-005,2017-06-15 05:00:00,43.2337532043457
srv-005,2017-06-15 06:00:00,43.825157165527344
srv-005,2017-06-15 07:00:00,43.813262939453125
srv-005,2017-06-15 08:00:00,43.49721145629883
srv-005,2017-06-15 09:00:00,43.96237564086914
srv-005,2017-06-15 10:00:00,43.822776794433594
srv-005,2017-06-15 11:00:00,43.357330322265625
srv-005,2017-06-15 12:00:00,42.61419677734375
srv-005,2017-06-15 13:00:00,42.273399353027344
srv-005,2017-06-15 14:00:00,42.67174530029297
srv-005,2017-06-15 15:00:00,42.750640869140625
srv-005,2017-06-15 16:00:00,43.497047424316406
srv-005,2017-06-15 17:00:00,43.56453323364258
srv-005,2017-06-15 18:00:00,43.949466705322266
srv-005,2017-06-15 19:00:00,43.89207077026367
srv-005,2017-06-15 20:00:00,43.633888244628906
srv-005,2017-06-15 21:00:00,43.42593002319336
srv-005,2017-06-15 22:00:00,43.03151321411133
srv-005,2017-06-15 23:00:00,42.8995361328125
srv-005,2017-06-16 00:00:00,43.2623291015625
srv-005,2017-06-16 01:00:00,42.833465576171875
srv-005,2017-06-16 02:00:00,42.272254943847656
srv-005,2017-06-16 03:00:00,42.52326965332031
srv-005,2017-06-16 04:00:00,42.41838073730469
srv-005,2017-06-16 05:00:00,42.74574279785156
srv-005,2017-06-16 06:00:00,42.81488800048828
srv-005,2017-06-16 07:00:00,43.21013259887695
srv-005,2017-06-16 08:00:00,43.599632263183594
srv-005,2017-06-16 09:00:00,43.34693145751953
srv-005,2017-06-16 10:00:00,43.14300537109375
srv-005,2017-06-16 11:00:00,43.219482421875
srv-005,2017-06-16 12:00:00,42.82386779785156
srv-005,2017-06-16 13:00:00,41.90492630004883
srv-005,2017-06-16 14:00:00,41.79927062988281
srv-005,2017-06-16 15:00:00,41.634098052978516
srv-005,2017-06-16 16:00:00,41.71919631958008
srv-005,2017-06-16 17:00:00,41.4249267578125
srv-005,2017-06-16 18:00:00,41.625144958496094
srv-005,2017-06-16 19:00:00,42.2579231262207
srv-005,2017-06-16 20:00:00,42.25519561767578
srv-005,2017-06-16 21:00:00,42.461647033691406
srv-005,2017-06-16 22:00:00,42.23191833496094
srv-005,2017-06-16 23:00:00,42.36308288574219
srv-005,2017-06-17 00:00:00,44.49694061279297
srv-005,2017-06-17 01:00:00,43.807167053222656
srv-005,2017-06-17 02:00:00,42.9304084777832
srv-005,2017-06-17 03:00:00,43.038841247558594
srv-005,2017-06-17 04:00:00,42.808868408203125
srv-005,2017-06-17 05:00:00,43.07731628417969
srv-005,2017-06-17 06:00:00,42.879737854003906
srv-005,2017-06-17 07:00:00,43.54405975341797
srv-005,2017-06-17 08:00:00,43.872474670410156
srv-005,2017-06-17 09:00:00,44.224853515625
srv-005,2017-06-17 10:00:00,44.026771545410156
srv-005,2017-06-17 11:00:00,43.63030242919922
srv-005,2017-06-17 12:00:00,44.05781555175781
srv-005,2017-06-17 13:00:00,44.231475830078125
srv-005,2017-06-17 14:00:00,44.531944274902344
srv-005,2017-06-17 15:00:00,44.44382858276367
srv-005,2017-06-17 16:00:00,44.423606872558594
srv-005,2017-06-17 17:00:00,44.21914291381836
srv-005,2017-06-17 18:00:00,44.07688903808594
srv-005,2017-06-17 19:00:00,44.502967834472656
srv-005,2017-06-17 20:00:00,44.75950241088867
srv-005,2017-06-17 21:00:00,44.16279220581055
srv-005,2017-06-17 22:00:00,43.56163024902344
srv-005,2017-06-17 23:00:00,44.17970275878906
srv-005,2017-06-18 00:00:00,44.58402633666992
srv-005,2017-06-18 01:00:00,44.789207458496094
srv-005,2017-06-18 02:00:00,44.58544921875
srv-005,2017-06-18 03:00:00,44.59676742553711
srv-005,2017-06-18 04:00:00,43.338504791259766
srv-005,2017-06-18 05:00:00,43.10380935668945
srv-005,2017-06-18 06:00:00,43.97600173950195
srv-005,2017-06-18 07:00:00,43.94518280029297
srv-005,2017-06-18 08:00:00,44.34858703613281
srv-005,2017-06-18 09:00:00,44.1923713684082
srv-005,2017-06-18 10:00:00,44.19715118408203
srv-005,2017-06-18 11:00:00,44.62964630126953
srv-005,2017-06-18 12:00:00,44.190677642822266
srv-005,2017-06-18 13:00:00,43.95954132080078
srv-005,2017-06-18 14:00:00,44.50093078613281
srv-005,2017-06-18 15:00:00,44.086265563964844
srv-005,2017-06-18 16:00:00,44.40300750732422
srv-005,2017-06-18 17:00:00,44.57147216796875
srv-005,2017-06-18 18:00:00,44.78645324707031
srv-005,2017-06-18 19:00:00,44.7004280090332
srv-005,2017-06-18 20:00:00,43.40385818481445
srv-005,2017-06-18 21:00:00,44.13241195678711
srv-005,2017-06-18 22:00:00,44.46260070800781
srv-005,2017-06-18 23:00:00,44.7756462097168
srv-005,2017-06-19 00:00:00,42.00263977050781
srv-005,2017-06-19 01:00:00,41.83553695678711
srv-005,2017-06-19 02:00:00,42.569427490234375
srv-005,2017-06-19 03:00:00,42.488182067871094
srv-005,2017-06-19 04:00:00,42.47398376464844
srv-005,2017-06-19 05:00:00,42.38374328613281
srv-005,2017-06-19 06:00:00,43.547813415527344
srv-005,2017-06-19 07:00:00,43.149681091308594
srv-005,2017-06-19 08:00:00,43.77876663208008
srv-005,2017-06-19 09:00:00,44.317100524902344
srv-005,2017-06-19 10:00:00,44.457183837890625
srv-005,2017-06-19 11:00:00,44.74008560180664
srv-005,2017-06-19 12:00:00,43.89218521118164
srv-005,2017-06-19 13:00:00,44.39653778076172
srv-005,2017-06-19 14:00:00,44.269744873046875
srv-005,2017-06-19 15:00:00,44.610618591308594
srv-005,2017-06-19 16:00:00,44.66279602050781
srv-005,2017-06-19 17:00:00,44.11967468261719
srv-005,2017-06-19 18:00:00,44.62786865234375
srv-005,2017-06-19 19:00:00,44.717430114746094
srv-005,2017-06-19 20:00:00,44.316490173339844
srv-005,2017-06-19 21:00:00,44.979217529296875
srv-005,2017-06-19 22:00:00,44.339576721191406
srv-005,2017-06-19 23:00:00,44.018310546875
srv-005,2017-06-20 00:00:00,44.66371536254883
srv-005,2017-06-20 01:00:00,46.11491775512695
srv-005,2017-06-20 02:00:00,45.638511657714844
srv-005,2017-06-20 03:00:00,45.477115631103516
srv-005,2017-06-20 04:00:00,45.33640670776367
srv-005,2017-06-20 05:00:00,45.3751220703125
srv-005,2017-06-20 06:00:00,45.456626892089844
srv-005,2017-06-20 07:00:00,45.268218994140625
srv-005,2017-06-20 08:00:00,45.06480026245117
srv-005,2017-06-20 09:00:00,44.37221908569336
srv-005,2017-06-20 10:00:00,44.72376251220703
srv-005,2017-06-20 11:00:00,44.389366149902344
srv-005,2017-06-20 12:00:00,44.39961242675781
srv-005,2017-06-20 13:00:00,43.69491958618164
srv-005,2017-06-20 14:00:00,43.958953857421875
srv-005,2017-06-20 15:00:00,43.445560455322266
srv-005,2017-06-20 16:00:00,43.553497314453125
srv-005,2017-06-20 17:00:00,44.545692443847656
srv-005,2017-06-20 18:00:00,45.169212341308594
srv-005,2017-06-20 19:00:00,44.91459655761719
srv-005,2017-06-20 20:00:00,44.39193344116211
srv-005,2017-06-20 21:00:00,44.656982421875
srv-005,2017-06-20 22:00:00,44.36609649658203
srv-005,2017-06-20 23:00:00,45.111236572265625
srv-005,2017-06-21 00:00:00,44.55022430419922
srv-005,2017-06-21 01:00:00,43.897361755371094
srv-005,2017-06-21 02:00:00,44.191864013671875
srv-005,2017-06-21 03:00:00,44.92683410644531
srv-005,2017-06-21 04:00:00,44.34010314941406
srv-005,2017-06-21 05:00:00,44.11225128173828
srv-005,2017-06-21 06:00:00,43.92533874511719
srv-005,2017-06-21 07:00:00,43.54011154174805
srv-005,2017-06-21 08:00:00,43.81829071044922
srv-005,2017-06-21 09:00:00,44.654396057128906
srv-005,2017-06-21 10:00:00,44.406211853027344
srv-005,2017-06-21 11:00:00,44.467140197753906
srv-005,2017-06-21 12:00:00,44.59504699707031
srv-005,2017-06-21 13:00:00,44.46278381347656
srv-005,2017-06-21 14:00:00,44.256072998046875
srv-005,2017-06-21 15:00:00,43.997947692871094
srv-005,2017-06-21 16:00:00,44.27369689941406
srv-005,2017-06-21 17:00:00,42.821678161621094
srv-005,2017-06-21 18:00:00,43.005043029785156
srv-005,2017-06-21 19:00:00,43.46881103515625
srv-005,2017-06-21 20:00:00,42.66333770751953
srv-005,2017-06-21 21:00:00,42.357643127441406
srv-005,2017-06-21 22:00:00,43.14246368408203
srv-005,2017-06-21 23:00:00,42.62333297729492
srv-005,2017-06-22 00:00:00,42.74571228027344
srv-005,2017-06-22 01:00:00,43.09278106689453
srv-005,2017-06-22 02:00:00,42.530433654785156
srv-005,2017-06-22 03:00:00,43.31040954589844
srv-005,2017-06-22 04:00:00,43.14421081542969
srv-005,2017-06-22 05:00:00,43.83987045288086
srv-005,2017-06-22 06:00:00,43.61866760253906
srv-005,2017-06-22 07:00:00,43.193077087402344
srv-005,2017-06-22 08:00:00,43.380706787109375
srv-005,2017-06-22 09:00:00,42.31074905395508
srv-005,2017-06-22 10:00:00,42.4445915222168
srv-005,2017-06-22 11:00:00,42.92582321166992
srv-005,2017-06-22 12:00:00,42.785640716552734
srv-005,2017-06-22 13:00:00,42.224578857421875
srv-005,2017-06-22 14:00:00,42.25575256347656
srv-005,2017-06-22 15:00:00,42.498626708984375
srv-005,2017-06-22 16:00:00,42.505409240722656
srv-005,2017-06-22 17:00:00,42.503089904785156
srv-005,2017-06-22 18:00:00,42.53078079223633
srv-005,2017-06-22 19:00:00,42.4049072265625
srv-005,2017-06-22 20:00:00,42.68460464477539
srv-005,2017-06-22 21:00:00,42.59999084472656
srv-005,2017-06-22 22:00:00,42.3837890625
srv-005,2017-06-22 23:00:00,42.65400695800781
srv-005,2017-06-23 00:00:00,42.328277587890625
srv-005,2017-06-23 01:00:00,42.50501251220703
srv-005,2017-06-23 02:00:00,42.378021240234375
srv-005,2017-06-23 03:00:00,42.5010986328125
srv-005,2017-06-23 04:00:00,41.72104263305664
srv-005,2017-06-23 05:00:00,42.20448303222656
srv-005,2017-06-23 06:00:00,42.383209228515625
srv-005,2017-06-23 07:00:00,42.11337661743164
srv-005,2017-06-23 08:00:00,41.74855041503906
srv-005,2017-06-23 09:00:00,41.31626892089844
srv-005,2017-06-23 10:00:00,41.43658447265625
srv-005,2017-06-23 11:00:00,41.7325439453125
srv-005,2017-06-23 12:00:00,41.659088134765625
srv-005,2017-06-23 13:00:00,41.58965301513672
srv-005,2017-06-23 14:00:00,41.810001373291016
srv-005,2017-06-23 15:00:00,41.84291076660156
srv-005,2017-06-23 16:00:00,42.193382263183594
srv-005,2017-06-23 17:00:00,42.35968780517578
srv-005,2017-06-23 18:00:00,42.62289047241211
srv-005,2017-06-23 19:00:00,42.61102294921875
srv-005,2017-06-23 20:00:00,42.609169006347656
srv-005,2017-06-23 21:00:00,42.26880645751953
srv-005,2017-06-23 22:00:00,42.16001892089844
srv-005,2017-06-23 23:00:00,41.441978454589844
srv-005,2017-06-24 00:00:00,43.04780197143555
srv-005,2017-06-24 01:00:00,43.681060791015625
srv-005,2017-06-24 02:00:00,43.70774841308594
srv-005,2017-06-24 03:00:00,44.176780700683594
srv-005,2017-06-24 04:00:00,43.73347473144531
srv-005,2017-06-24 05:00:00,43.56761169433594
srv-005,2017-06-24 06:00:00,43.442298889160156
srv-005,2017-06-24 07:00:00,43.2082633972168
srv-005,2017-06-24 08:00:00,43.063690185546875
srv-005,2017-06-24 09:00:00,43.65568542480469
srv-005,2017-06-24 10:00:00,43.47224044799805
srv-005,2017-06-24 11:00:00,43.225460052490234
srv-005,2017-06-24 12:00:00,43.879234313964844
srv-005,2017-06-24 13:00:00,43.83647537231445
srv-005,2017-06-24 14:00:00,44.3930778503418
srv-005,2017-06-24 15:00:00,44.46430206298828
srv-005,2017-06-24 16:00:00,44.48731231689453
srv-005,2017-06-24 17:00:00,44.06988525390625
srv-005,2017-06-24 18:00:00,43.296783447265625
srv-005,2017-06-24 19:00:00,43.72473907470703
srv-005,2017-06-24 20:00:00,43.90043640136719
srv-005,2017-06-24 21:00:00,42.76082992553711
srv-005,2017-06-24 22:00:00,43.257545471191406
srv-005,2017-06-24 23:00:00,43.447975158691406
srv-005,2017-06-25 00:00:00,43.86157989501953
srv-005,2017-06-25 01:00:00,43.904869079589844
srv-005,2017-06-25 02:00:00,44.11090850830078
srv-005,2017-06-25 03:00:00,44.37788391113281
srv-005,2017-06-25 04:00:00,44.03815460205078
srv-005,2017-06-25 05:00:00,43.393577575683594
srv-005,2017-06-25 06:00:00,43.9792594909668
srv-005,2017-06-25 07:00:00,43.860443115234375
srv-005,2017-06-25 08:00:00,43.93427658081055
srv-005,2017-06-25 09:00:00,43.8506965637207
srv-005,2017-06-25 10:00:00,44.13050842285156
srv-005,2017-06-25 11:00:00,44.20185852050781
srv-005,2017-06-25 12:00:00,44.46514892578125
srv-005,2017-06-25 13:00:00,44.427268981933594
srv-005,2017-06-25 14:00:00,44.07170867919922
srv-005,2017-06-25 15:00:00,44.225894927978516
srv-005,2017-06-25 16:00:00,44.668739318847656
srv-005,2017-06-25 17:00:00,42.863929748535156
srv-005,2017-06-25 18:00:00,42.48825454711914
srv-005,2017-06-25 19:00:00,43.35881042480469
srv-005,2017-06-25 20:00:00,43.29219055175781
srv-005,2017-06-25 21:00:00,43.0865364074707
srv-005,2017-06-25 22:00:00,43.439308166503906
srv-005,2017-06-25 23:00:00,43.98810958862305
srv-005,2017-06-26 00:00:00,42.18824005126953
srv-005,2017-06-26 01:00:00,41.75431823730469
srv-005,2017-06-26 02:00:00,42.04484558105469
srv-005,2017-06-26 03:00:00,41.77251052856445
srv-005,2017-06-26 04:00:00,42.666839599609375
srv-005,2017-06-26 05:00:00,42.86170196533203
srv-005,2017-06-26 06:00:00,42.318477630615234
srv-005,2017-06-26 07:00:00,41.88523864746094
srv-005,2017-06-26 08:00:00,41.9727668762207
srv-005,2017-06-26 09:00:00,41.6260986328125
srv-005,2017-06-26 10:00:00,42.93951416015625
srv-005,2017-06-26 11:00:00,44.23737335205078
srv-005,2017-06-26 12:00:00,43.73333740234375
srv-005,2017-06-26 13:00:00,44.08507537841797
srv-005,2017-06-26 14:00:00,44.82517623901367
srv-005,2017-06-26 15:00:00,45.651981353759766
srv-005,2017-06-26 16:00:00,45.21268081665039
srv-005,2017-06-26 17:00:00,45.090110778808594
srv-005,2017-06-26 18:00:00,46.018028259277344
srv-005,2017-06-26 19:00:00,45.54060363769531
srv-005,2017-06-26 20:00:00,45.08842086791992
srv-005,2017-06-26 21:00:00,45.233943939208984
srv-005,2017-06-26 22:00:00,45.141334533691406
srv-005,2017-06-26 23:00:00,45.86686706542969
srv-005,2017-06-27 00:00:00,45.51233673095703
srv-005,2017-06-27 01:00:00,44.4393196105957
srv-005,2017-06-27 02:00:00,44.135345458984375
srv-005,2017-06-27 03:00:00,43.917259216308594
srv-005,2017-06-27 04:00:00,44.44417190551758
srv-005,2017-06-27 05:00:00,44.013519287109375
srv-005,2017-06-27 06:00:00,43.992679595947266
srv-005,2017-06-27 07:00:00,43.63097381591797
srv-005,2017-06-27 08:00:00,43.731056213378906
srv-005,2017-06-27 09:00:00,43.42411422729492
srv-005,2017-06-27 10:00:00,44.41683578491211
srv-005,2017-06-27 11:00:00,44.57506561279297
srv-005,2017-06-27 12:00:00,45.57556915283203
srv-005,2017-06-27 13:00:00,45.157833099365234
srv-005,2017-06-27 14:00:00,45.330631256103516
srv-005,2017-06-27 15:00:00,44.245887756347656
srv-005,2017-06-27 16:00:00,44.215492248535156
srv-005,2017-06-27 17:00:00,43.85638427734375
srv-005,2017-06-27 18:00:00,43.668792724609375
srv-005,2017-06-27 19:00:00,44.08399963378906
srv-005,2017-06-27 20:00:00,44.64999008178711
srv-005,2017-06-27 21:00:00,44.566139221191406
srv-005,2017-06-27 22:00:00,44.568031311035156
srv-005,2017-06-27 23:00:00,43.736328125
srv-005,2017-06-28 00:00:00,43.22230529785156
srv-005,2017-06-28 01:00:00,43.45460510253906
srv-005,2017-06-28 02:00:00,43.98668670654297
srv-005,2017-06-28 03:00:00,43.59855270385742
srv-005,2017-06-28 04:00:00,42.722434997558594
srv-005,2017-06-28 05:00:00,43.45892333984375
srv-005,2017-06-28 06:00:00,43.8802604675293
srv-005,2017-06-28 07:00:00,44.158180236816406
srv-005,2017-06-28 08:00:00,43.764915466308594
srv-005,2017-06-28 09:00:00,43.200714111328125
srv-005,2017-06-28 10:00:00,43.538307189941406
srv-005,2017-06-28 11:00:00,43.384944915771484
srv-005,2017-06-28 12:00:00,42.65941619873047
srv-005,2017-06-28 13:00:00,42.572452545166016
srv-005,2017-06-28 14:00:00,42.85701370239258
srv-005,2017-06-28 15:00:00,42.367069244384766
srv-005,2017-06-28 16:00:00,42.621849060058594
srv-005,2017-06-28 17:00:00,42.29509735107422
srv-005,2017-06-28 18:00:00,42.54012680053711
srv-005,2017-06-28 19:00:00,42.565162658691406
srv-005,2017-06-28 20:00:00,42.87622833251953
srv-005,2017-06-28 21:00:00,42.689308166503906
srv-005,2017-06-28 22:00:00,43.300559997558594
srv-005,2017-06-28 23:00:00,43.487945556640625
srv-005,2017-06-29 00:00:00,43.28689193725586
srv-005,2017-06-29 01:00:00,42.92396545410156
srv-005,2017-06-29 02:00:00,43.16781234741211
srv-005,2017-06-29 03:00:00,43.47807693481445
srv-005,2017-06-29 04:00:00,43.193389892578125
srv-005,2017-06-29 05:00:00,43.22247314453125
srv-005,2017-06-29 06:00:00,42.85467529296875
srv-005,2017-06-29 07:00:00,42.97723388671875
srv-005,2017-06-29 08:00:00,42.97943878173828
srv-005,2017-06-29 09:00:00,42.15724563598633
srv-005,2017-06-29 10:00:00,42.55537033081055
srv-005,2017-06-29 11:00:00,43.097084045410156
srv-005,2017-06-29 12:00:00,43.19842529296875
srv-005,2017-06-29 13:00:00,42.96421813964844
srv-005,2017-06-29 14:00:00,43.32517623901367
srv-005,2017-06-29 15:00:00,43.91741180419922
srv-005,2017-06-29 16:00:00,43.32065200805664
srv-005,2017-06-29 17:00:00,43.404823303222656
srv-005,2017-06-29 18:00:00,43.65965270996094
srv-005,2017-06-29 19:00:00,43.885616302490234
srv-005,2017-06-29 20:00:00,43.47725296020508
srv-005,2017-06-29 21:00:00,42.39811706542969
srv-005,2017-06-29 22:00:00,42.64522933959961
srv-005,2017-06-29 23:00:00,42.87273406982422
srv-005,2017-06-30 00:00:00,42.801231384277344
srv-005,2017-06-30 01:00:00,42.032196044921875
srv-005,2017-06-30 02:00:00,42.650184631347656
srv-005,2017-06-30 03:00:00,42.421844482421875
srv-005,2017-06-30 04:00:00,42.410369873046875
srv-005,2017-06-30 05:00:00,42.68701171875
srv-005,2017-06-30 06:00:00,42.8470344543457
srv-005,2017-06-30 07:00:00,42.838661193847656
srv-005,2017-06-30 08:00:00,42.98918151855469
srv-005,2017-06-30 09:00:00,43.30940246582031
srv-005,2017-06-30 10:00:00,43.12541198730469
srv-005,2017-06-30 11:00:00,42.98734664916992
srv-005,2017-06-30 12:00:00,43.31519317626953
srv-005,2017-06-30 13:00:00,42.87693786621094
srv-005,2017-06-30 14:00:00,42.953125
srv-005,2017-06-30 15:00:00,42.38230514526367
srv-005,2017-06-30 16:00:00,42.61654281616211
srv-005,2017-06-30 17:00:00,42.60026550292969
srv-005,2017-06-30 18:00:00,42.76741409301758
srv-005,2017-06-30 19:00:00,42.50973892211914
srv-005,2017-06-30 20:00:00,41.89848327636719
srv-005,2017-06-30 21:00:00,42.05812072753906
srv-005,2017-06-30 22:00:00,42.46399688720703
srv-005,2017-06-30 23:00:00,43.029144287109375
srv-006,2017-06-01 23:00:00,77.82975006103516
srv-006,2017-06-02 00:00:00,75.9226303100586
srv-006,2017-06-02 01:00:00,77.4585952758789
srv-006,2017-06-02 02:00:00,77.69989776611328
srv-006,2017-06-02 03:00:00,79.634521484375
srv-006,2017-06-02 04:00:00,80.52352142333984
srv-006,2017-06-02 05:00:00,80.35150909423828
srv-006,2017-06-02 06:00:00,79.65895080566406
srv-006,2017-06-02 07:00:00,82.91376495361328
srv-006,2017-06-02 08:00:00,83.91117095947266
srv-006,2017-06-02 09:00:00,87.26168060302734
srv-006,2017-06-02 10:00:00,89.57276153564453
srv-006,2017-06-02 11:00:00,90.29661560058594
srv-006,2017-06-02 12:00:00,90.51531219482422
srv-006,2017-06-02 13:00:00,86.72925567626953
srv-006,2017-06-02 14:00:00,84.33196258544922
srv-006,2017-06-02 15:00:00,85.32600402832031
srv-006,2017-06-02 16:00:00,80.2839126586914
srv-006,2017-06-02 17:00:00,81.02466583251953
srv-006,2017-06-02 18:00:00,82.52213287353516
srv-006,2017-06-02 19:00:00,84.12096405029297
srv-006,2017-06-02 20:00:00,82.24779510498047
srv-006,2017-06-02 21:00:00,78.4439468383789
srv-006,2017-06-02 22:00:00,78.36151885986328
srv-006,2017-06-02 23:00:00,77.82392883300781
srv-006,2017-06-03 00:00:00,78.19513702392578
srv-006,2017-06-03 01:00:00,80.04964447021484
srv-006,2017-06-03 02:00:00,80.99755096435547
srv-006,2017-06-03 03:00:00,84.04088592529297
srv-006,2017-06-03 04:00:00,85.72264862060547
srv-006,2017-06-03 05:00:00,87.39629364013672
srv-006,2017-06-03 06:00:00,87.5635757446289
srv-006,2017-06-03 07:00:00,86.59513854980469
srv-006,2017-06-03 08:00:00,88.99874877929688
srv-006,2017-06-03 09:00:00,87.6294174194336
srv-006,2017-06-03 10:00:00,83.4778060913086
srv-006,2017-06-03 11:00:00,83.88449096679688
srv-006,2017-06-03 12:00:00,84.44721221923828
srv-006,2017-06-03 13:00:00,85.36370086669922
srv-006,2017-06-03 14:00:00,87.87166595458984
srv-006,2017-06-03 15:00:00,89.64470672607422
srv-006,2017-06-03 16:00:00,89.27086639404297
srv-006,2017-06-03 17:00:00,89.0818099975586
srv-006,2017-06-03 18:00:00,86.8890609741211
srv-006,2017-06-03 19:00:00,86.0979995727539
srv-006,2017-06-03 20:00:00,84.40213775634766
srv-006,2017-06-03 21:00:00,85.02336883544922
srv-006,2017-06-03 22:00:00,83.59916687011719
srv-006,2017-06-03 23:00:00,85.3688735961914
srv-006,2017-06-04 00:00:00,83.77428436279297
srv-006,2017-06-04 01:00:00,79.234130859375
srv-006,2017-06-04 02:00:00,82.7824935913086
srv-006,2017-06-04 03:00:00,87.36543273925781
srv-006,2017-06-04 04:00:00,89.42102813720703
srv-006,2017-06-04 05:00:00,87.44486236572266
srv-006,2017-06-04 06:00:00,85.16838836669922
srv-006,2017-06-04 07:00:00,85.5488052368164
srv-006,2017-06-04 08:00:00,90.21930694580078
srv-006,2017-06-04 09:00:00,90.17655181884766
srv-006,2017-06-04 10:00:00,89.16022491455078
srv-006,2017-06-04 11:00:00,89.73432159423828
srv-006,2017-06-04 12:00:00,89.92003631591797
srv-006,2017-06-04 13:00:00,89.53544616699219
srv-006,2017-06-04 14:00:00,78.19408416748047
srv-006,2017-06-04 15:00:00,79.31334686279297
srv-006,2017-06-04 16:00:00,82.17367553710938
srv-006,2017-06-04 17:00:00,85.19318389892578
srv-006,2017-06-04 18:00:00,85.4730453491211
srv-006,2017-06-04 19:00:00,87.3934555053711
srv-006,2017-06-04 20:00:00,86.8544921875
srv-006,2017-06-04 21:00:00,87.19803619384766
srv-006,2017-06-04 22:00:00,81.65607452392578
srv-006,2017-06-04 23:00:00,79.7619400024414
srv-006,2017-06-05 00:00:00,82.00514221191406
srv-006,2017-06-05 01:00:00,81.49028778076172
srv-006,2017-06-05 02:00:00,80.98997497558594
srv-006,2017-06-05 03:00:00,81.37493133544922
srv-006,2017-06-05 04:00:00,82.52896881103516
srv-006,2017-06-05 05:00:00,80.62059020996094
srv-006,2017-06-05 06:00:00,79.51800537109375
srv-006,2017-06-05 07:00:00,80.805419921875
srv-006,2017-06-05 08:00:00,83.57376098632812
srv-006,2017-06-05 09:00:00,82.44770050048828
srv-006,2017-06-05 10:00:00,84.27416229248047
srv-006,2017-06-05 11:00:00,86.1296157836914
srv-006,2017-06-05 12:00:00,87.84882354736328
srv-006,2017-06-05 13:00:00,88.79029083251953
srv-006,2017-06-05 14:00:00,90.80467987060547
srv-006,2017-06-05 15:00:00,92.06359100341797
srv-006,2017-06-05 16:00:00,89.34905242919922
srv-006,2017-06-05 17:00:00,83.60308074951172
srv-006,2017-06-05 18:00:00,85.83148956298828
srv-006,2017-06-05 19:00:00,90.27164459228516
srv-006,2017-06-05 20:00:00,88.90271759033203
srv-006,2017-06-05 21:00:00,86.41968536376953
srv-006,2017-06-05 22:00:00,86.97138214111328
srv-006,2017-06-05 23:00:00,88.9322509765625
srv-006,2017-06-06 00:00:00,89.96153259277344
srv-006,2017-06-06 01:00:00,88.90087127685547
srv-006,2017-06-06 02:00:00,90.61071014404297
srv-006,2017-06-06 03:00:00,91.09355926513672
srv-006,2017-06-06 04:00:00,91.63660430908203
srv-006,2017-06-06 05:00:00,89.4081039428711
srv-006,2017-06-06 06:00:00,91.7864761352539
srv-006,2017-06-06 07:00:00,92.32270050048828
srv-006,2017-06-06 08:00:00,93.54076385498047
srv-006,2017-06-06 09:00:00,93.6514663696289
srv-006,2017-06-06 10:00:00,93.98204803466797
srv-006,2017-06-06 11:00:00,94.37020874023438
srv-006,2017-06-06 12:00:00,94.07594299316406
srv-006,2017-06-06 13:00:00,94.08740997314453
srv-006,2017-06-06 14:00:00,94.13416290283203
srv-006,2017-06-06 15:00:00,94.42637634277344
srv-006,2017-06-06 16:00:00,94.39769744873047
srv-006,2017-06-06 17:00:00,94.41950225830078
srv-006,2017-06-06 18:00:00,94.33293914794922
srv-006,2017-06-06 19:00:00,94.18245697021484
srv-006,2017-06-06 20:00:00,93.96060943603516
srv-006,2017-06-06 21:00:00,92.037841796875
srv-006,2017-06-06 22:00:00,92.92813873291016
srv-006,2017-06-06 23:00:00,93.0221939086914
srv-006,2017-06-07 00:00:00,92.8442153930664
srv-006,2017-06-07 01:00:00,92.59053802490234
srv-006,2017-06-07 02:00:00,93.42528533935547
srv-006,2017-06-07 03:00:00,93.7318115234375
srv-006,2017-06-07 04:00:00,92.00621795654297
srv-006,2017-06-07 05:00:00,88.21009063720703
srv-006,2017-06-07 06:00:00,90.02403259277344
srv-006,2017-06-07 07:00:00,92.19017791748047
srv-006,2017-06-07 08:00:00,93.35759735107422
srv-006,2017-06-07 09:00:00,93.98082733154297
srv-006,2017-06-07 10:00:00,94.5692367553711
srv-006,2017-06-07 11:00:00,94.52681732177734
srv-006,2017-06-07 12:00:00,94.39669036865234
srv-006,2017-06-07 13:00:00,94.25345611572266
srv-006,2017-06-07 14:00:00,94.1165542602539
srv-006,2017-06-07 15:00:00,94.1182861328125
srv-006,2017-06-07 16:00:00,94.10387420654297
srv-006,2017-06-07 17:00:00,94.07728576660156
srv-006,2017-06-07 18:00:00,93.53900909423828
srv-006,2017-06-07 19:00:00,93.51558685302734
srv-006,2017-06-07 20:00:00,93.37336730957031
srv-006,2017-06-07 21:00:00,93.61691284179688
srv-006,2017-06-07 22:00:00,93.25126647949219
srv-006,2017-06-07 23:00:00,93.4222640991211
srv-006,2017-06-08 00:00:00,93.18283081054688
srv-006,2017-06-08 01:00:00,91.7453384399414
srv-006,2017-06-08 02:00:00,92.81807708740234
srv-006,2017-06-08 03:00:00,90.6180648803711
srv-006,2017-06-08 04:00:00,90.86597442626953
srv-006,2017-06-08 05:00:00,92.49518585205078
srv-006,2017-06-08 06:00:00,92.87786865234375
srv-006,2017-06-08 07:00:00,92.75843811035156
srv-006,2017-06-08 08:00:00,93.44853973388672
srv-006,2017-06-08 09:00:00,93.80745697021484
srv-006,2017-06-08 10:00:00,94.48706817626953
srv-006,2017-06-08 11:00:00,94.36495208740234
srv-006,2017-06-08 12:00:00,94.287109375
srv-006,2017-06-08 13:00:00,94.1525650024414
srv-006,2017-06-08 14:00:00,93.78472137451172
srv-006,2017-06-08 15:00:00,93.5572738647461
srv-006,2017-06-08 16:00:00,93.12818145751953
srv-006,2017-06-08 17:00:00,92.45685577392578
srv-006,2017-06-08 18:00:00,91.94781494140625
srv-006,2017-06-08 19:00:00,92.55411529541016
srv-006,2017-06-08 20:00:00,92.33589935302734
srv-006,2017-06-08 21:00:00,89.29549407958984
srv-006,2017-06-08 22:00:00,89.02250671386719
srv-006,2017-06-08 23:00:00,91.63597869873047
srv-006,2017-06-09 00:00:00,91.76737213134766
srv-006,2017-06-09 01:00:00,93.1095199584961
srv-006,2017-06-09 02:00:00,92.51703643798828
srv-006,2017-06-09 03:00:00,93.1909408569336
srv-006,2017-06-09 04:00:00,93.00183868408203
srv-006,2017-06-09 05:00:00,93.05448150634766
srv-006,2017-06-09 06:00:00,90.67262268066406
srv-006,2017-06-09 07:00:00,87.00410461425781
srv-006,2017-06-09 08:00:00,90.97421264648438
srv-006,2017-06-09 09:00:00,88.0978775024414
srv-006,2017-06-09 10:00:00,83.01895141601562
srv-006,2017-06-09 11:00:00,81.1705093383789
srv-006,2017-06-09 12:00:00,84.07299041748047
srv-006,2017-06-09 13:00:00,88.141357421875
srv-006,2017-06-09 14:00:00,89.32421875
srv-006,2017-06-09 15:00:00,90.22836303710938
srv-006,2017-06-09 16:00:00,89.47494506835938
srv-006,2017-06-09 17:00:00,89.02696990966797
srv-006,2017-06-09 18:00:00,83.11807250976562
srv-006,2017-06-09 19:00:00,83.0895004272461
srv-006,2017-06-09 20:00:00,82.64026641845703
srv-006,2017-06-09 21:00:00,82.0328598022461
srv-006,2017-06-09 22:00:00,79.19307708740234
srv-006,2017-06-09 23:00:00,78.17168426513672
srv-006,2017-06-10 00:00:00,75.92314910888672
srv-006,2017-06-10 01:00:00,78.35884857177734
srv-006,2017-06-10 02:00:00,79.49918365478516
srv-006,2017-06-10 03:00:00,82.31844329833984
srv-006,2017-06-10 04:00:00,80.03131866455078
srv-006,2017-06-10 05:00:00,81.73705291748047
srv-006,2017-06-10 06:00:00,82.8699722290039
srv-006,2017-06-10 07:00:00,80.82841491699219
srv-006,2017-06-10 08:00:00,85.0691909790039
srv-006,2017-06-10 09:00:00,81.95316314697266
srv-006,2017-06-10 10:00:00,86.4201889038086
srv-006,2017-06-10 11:00:00,87.65424346923828
srv-006,2017-06-10 12:00:00,88.67411804199219
srv-006,2017-06-10 13:00:00,88.46289825439453
srv-006,2017-06-10 14:00:00,89.02545928955078
srv-006,2017-06-10 15:00:00,89.76288604736328
srv-006,2017-06-10 16:00:00,89.94337463378906
srv-006,2017-06-10 17:00:00,84.84026336669922
srv-006,2017-06-10 18:00:00,81.77538299560547
srv-006,2017-06-10 19:00:00,80.80119323730469
srv-006,2017-06-10 20:00:00,79.56014251708984
srv-006,2017-06-10 21:00:00,80.34159088134766
srv-006,2017-06-10 22:00:00,78.97990417480469
srv-006,2017-06-10 23:00:00,78.80999755859375
srv-006,2017-06-11 00:00:00,78.9930648803711
srv-006,2017-06-11 01:00:00,80.48828125
srv-006,2017-06-11 02:00:00,83.47472381591797
srv-006,2017-06-11 03:00:00,87.16890716552734
srv-006,2017-06-11 04:00:00,85.55205535888672
srv-006,2017-06-11 05:00:00,84.24400329589844
srv-006,2017-06-11 06:00:00,83.49214935302734
srv-006,2017-06-11 07:00:00,84.75403594970703
srv-006,2017-06-11 08:00:00,88.75691986083984
srv-006,2017-06-11 09:00:00,87.64796447753906
srv-006,2017-06-11 10:00:00,88.96503448486328
srv-006,2017-06-11 11:00:00,88.58484649658203
srv-006,2017-06-11 12:00:00,89.02391815185547
srv-006,2017-06-11 13:00:00,89.20819854736328
srv-006,2017-06-11 14:00:00,88.75121307373047
srv-006,2017-06-11 15:00:00,89.87837982177734
srv-006,2017-06-11 16:00:00,86.6654281616211
srv-006,2017-06-11 17:00:00,85.49787139892578
srv-006,2017-06-11 18:00:00,83.78445434570312
srv-006,2017-06-11 19:00:00,85.56016540527344
srv-006,2017-06-11 20:00:00,84.28507232666016
srv-006,2017-06-11 21:00:00,79.6581802368164
srv-006,2017-06-11 22:00:00,79.7662582397461
srv-006,2017-06-11 23:00:00,81.41171264648438
srv-006,2017-06-12 00:00:00,82.37300872802734
srv-006,2017-06-12 01:00:00,77.91834259033203
srv-006,2017-06-12 02:00:00,78.84976959228516
srv-006,2017-06-12 03:00:00,82.8649673461914
srv-006,2017-06-12 04:00:00,85.50975799560547
srv-006,2017-06-12 05:00:00,84.4024429321289
srv-006,2017-06-12 06:00:00,85.41674041748047
srv-006,2017-06-12 07:00:00,87.7707748413086
srv-006,2017-06-12 08:00:00,91.2882308959961
srv-006,2017-06-12 09:00:00,91.5409927368164
srv-006,2017-06-12 10:00:00,93.83139038085938
srv-006,2017-06-12 11:00:00,93.98424530029297
srv-006,2017-06-12 12:00:00,93.84673309326172
srv-006,2017-06-12 13:00:00,93.58454132080078
srv-006,2017-06-12 14:00:00,93.14314270019531
srv-006,2017-06-12 15:00:00,93.32958984375
srv-006,2017-06-12 16:00:00,93.25102996826172
srv-006,2017-06-12 17:00:00,93.41915893554688
srv-006,2017-06-12 18:00:00,90.59224700927734
srv-006,2017-06-12 19:00:00,89.4767837524414
srv-006,2017-06-12 20:00:00,86.44088745117188
srv-006,2017-06-12 21:00:00,86.9684829711914
srv-006,2017-06-12 22:00:00,83.86287689208984
srv-006,2017-06-12 23:00:00,86.66608428955078
srv-006,2017-06-13 00:00:00,85.0524673461914
srv-006,2017-06-13 01:00:00,88.99251556396484
srv-006,2017-06-13 02:00:00,87.2956314086914
srv-006,2017-06-13 03:00:00,86.6563949584961
srv-006,2017-06-13 04:00:00,88.30193328857422
srv-006,2017-06-13 05:00:00,91.52397918701172
srv-006,2017-06-13 06:00:00,89.31149291992188
srv-006,2017-06-13 07:00:00,90.68637084960938
srv-006,2017-06-13 08:00:00,92.69865417480469
srv-006,2017-06-13 09:00:00,92.7647933959961
srv-006,2017-06-13 10:00:00,93.45813751220703
srv-006,2017-06-13 11:00:00,93.85099792480469
srv-006,2017-06-13 12:00:00,93.87602996826172
srv-006,2017-06-13 13:00:00,94.10272979736328
srv-006,2017-06-13 14:00:00,94.0552749633789
srv-006,2017-06-13 15:00:00,93.8718490600586
srv-006,2017-06-13 16:00:00,93.56287384033203
srv-006,2017-06-13 17:00:00,93.42754364013672
srv-006,2017-06-13 18:00:00,93.5234603881836
srv-006,2017-06-13 19:00:00,93.3849105834961
srv-006,2017-06-13 20:00:00,93.46698760986328
srv-006,2017-06-13 21:00:00,93.63496398925781
srv-006,2017-06-13 22:00:00,90.7755355834961
srv-006,2017-06-13 23:00:00,92.60409545898438
srv-006,2017-06-14 00:00:00,93.30362701416016
srv-006,2017-06-14 01:00:00,94.16381072998047
srv-006,2017-06-14 02:00:00,94.03377532958984
srv-006,2017-06-14 03:00:00,94.38468933105469
srv-006,2017-06-14 04:00:00,94.49810028076172
srv-006,2017-06-14 05:00:00,94.59601593017578
srv-006,2017-06-14 06:00:00,94.55252838134766
srv-006,2017-06-14 07:00:00,94.63241577148438
srv-006,2017-06-14 08:00:00,94.68256378173828
srv-006,2017-06-14 09:00:00,94.61522674560547
srv-006,2017-06-14 10:00:00,94.5101547241211
srv-006,2017-06-14 11:00:00,94.55278778076172
srv-006,2017-06-14 12:00:00,94.41759490966797
srv-006,2017-06-14 13:00:00,94.24007415771484
srv-006,2017-06-14 14:00:00,94.32390594482422
srv-006,2017-06-14 15:00:00,94.35713958740234
srv-006,2017-06-14 16:00:00,94.21136474609375
srv-006,2017-06-14 17:00:00,94.22377014160156
srv-006,2017-06-14 18:00:00,94.24585723876953
srv-006,2017-06-14 19:00:00,94.22593688964844
srv-006,2017-06-14 20:00:00,94.21571350097656
srv-006,2017-06-14 21:00:00,94.05278778076172
srv-006,2017-06-14 22:00:00,94.1330337524414
srv-006,2017-06-14 23:00:00,92.0544662475586
srv-006,2017-06-15 00:00:00,91.84175872802734
srv-006,2017-06-15 01:00:00,91.21920013427734
srv-006,2017-06-15 02:00:00,91.04540252685547
srv-006,2017-06-15 03:00:00,91.1309585571289
srv-006,2017-06-15 04:00:00,92.14575958251953
srv-006,2017-06-15 05:00:00,92.32010650634766
srv-006,2017-06-15 06:00:00,93.39449310302734
srv-006,2017-06-15 07:00:00,91.89351654052734
srv-006,2017-06-15 08:00:00,92.96984100341797
srv-006,2017-06-15 09:00:00,93.25799560546875
srv-006,2017-06-15 10:00:00,94.00640106201172
srv-006,2017-06-15 11:00:00,94.05616760253906
srv-006,2017-06-15 12:00:00,93.9394302368164
srv-006,2017-06-15 13:00:00,93.91124725341797
srv-006,2017-06-15 14:00:00,93.48236083984375
srv-006,2017-06-15 15:00:00,93.24056243896484
srv-006,2017-06-15 16:00:00,92.97535705566406
srv-006,2017-06-15 17:00:00,93.06427764892578
srv-006,2017-06-15 18:00:00,93.10884857177734
srv-006,2017-06-15 19:00:00,93.20722961425781
srv-006,2017-06-15 20:00:00,93.12223052978516
srv-006,2017-06-15 21:00:00,92.79261016845703
srv-006,2017-06-15 22:00:00,86.74447631835938
srv-006,2017-06-15 23:00:00,82.22489166259766
srv-006,2017-06-16 00:00:00,85.8144302368164
srv-006,2017-06-16 01:00:00,87.38212585449219
srv-006,2017-06-16 02:00:00,90.0020980834961
srv-006,2017-06-16 03:00:00,87.88490295410156
srv-006,2017-06-16 04:00:00,89.78763580322266
srv-006,2017-06-16 05:00:00,90.57549285888672
srv-006,2017-06-16 06:00:00,89.65674591064453
srv-006,2017-06-16 07:00:00,85.43080139160156
srv-006,2017-06-16 08:00:00,88.84391021728516
srv-006,2017-06-16 09:00:00,89.39924621582031
srv-006,2017-06-16 10:00:00,89.89911651611328
srv-006,2017-06-16 11:00:00,91.5744857788086
srv-006,2017-06-16 12:00:00,91.33055877685547
srv-006,2017-06-16 13:00:00,90.9581298828125
srv-006,2017-06-16 14:00:00,89.53514862060547
srv-006,2017-06-16 15:00:00,90.43402862548828
srv-006,2017-06-16 16:00:00,90.22724151611328
srv-006,2017-06-16 17:00:00,90.05475616455078
srv-006,2017-06-16 18:00:00,84.04611206054688
srv-006,2017-06-16 19:00:00,80.9229965209961
srv-006,2017-06-16 20:00:00,78.7767562866211
srv-006,2017-06-16 21:00:00,79.9466781616211
srv-006,2017-06-16 22:00:00,79.0229263305664
srv-006,2017-06-16 23:00:00,78.04264068603516
srv-006,2017-06-17 00:00:00,76.49647521972656
srv-006,2017-06-17 01:00:00,75.61671447753906
srv-006,2017-06-17 02:00:00,77.15192413330078
srv-006,2017-06-17 03:00:00,78.9232406616211
srv-006,2017-06-17 04:00:00,79.36206817626953
srv-006,2017-06-17 05:00:00,80.92411804199219
srv-006,2017-06-17 06:00:00,80.48741912841797
srv-006,2017-06-17 07:00:00,82.4843978881836
srv-006,2017-06-17 08:00:00,87.65680694580078
srv-006,2017-06-17 09:00:00,86.29497528076172
srv-006,2017-06-17 10:00:00,85.65644073486328
srv-006,2017-06-17 11:00:00,86.51703643798828
srv-006,2017-06-17 12:00:00,87.12789154052734
srv-006,2017-06-17 13:00:00,87.97237396240234
srv-006,2017-06-17 14:00:00,87.79525756835938
srv-006,2017-06-17 15:00:00,87.88837432861328
srv-006,2017-06-17 16:00:00,85.94214630126953
srv-006,2017-06-17 17:00:00,83.18795776367188
srv-006,2017-06-17 18:00:00,85.04052734375
srv-006,2017-06-17 19:00:00,85.93492889404297
srv-006,2017-06-17 20:00:00,82.28475189208984
srv-006,2017-06-17 21:00:00,77.6386947631836
srv-006,2017-06-17 22:00:00,76.32706451416016
srv-006,2017-06-17 23:00:00,76.09712219238281
srv-006,2017-06-18 00:00:00,76.07264709472656
srv-006,2017-06-18 01:00:00,78.33351135253906
srv-006,2017-06-18 02:00:00,80.11827850341797
srv-006,2017-06-18 03:00:00,83.17202758789062
srv-006,2017-06-18 04:00:00,81.53272247314453
srv-006,2017-06-18 05:00:00,88.42224884033203
srv-006,2017-06-18 06:00:00,89.22415924072266
srv-006,2017-06-18 07:00:00,87.86608123779297
srv-006,2017-06-18 08:00:00,90.05181121826172
srv-006,2017-06-18 09:00:00,91.49803924560547
srv-006,2017-06-18 10:00:00,90.82100677490234
srv-006,2017-06-18 11:00:00,90.88057708740234
srv-006,2017-06-18 12:00:00,89.19893646240234
srv-006,2017-06-18 13:00:00,87.86717224121094
srv-006,2017-06-18 14:00:00,87.37313842773438
srv-006,2017-06-18 15:00:00,89.09611511230469
srv-006,2017-06-18 16:00:00,86.60809326171875
srv-006,2017-06-18 17:00:00,87.56614685058594
srv-006,2017-06-18 18:00:00,82.99517059326172
srv-006,2017-06-18 19:00:00,84.80657196044922
srv-006,2017-06-18 20:00:00,82.8487777709961
srv-006,2017-06-18 21:00:00,84.38297271728516
srv-006,2017-06-18 22:00:00,81.2379150390625
srv-006,2017-06-18 23:00:00,82.08851623535156
srv-006,2017-06-19 00:00:00,80.33568572998047
srv-006,2017-06-19 01:00:00,82.61614227294922
srv-006,2017-06-19 02:00:00,82.51459503173828
srv-006,2017-06-19 03:00:00,86.42537689208984
srv-006,2017-06-19 04:00:00,85.80345916748047
srv-006,2017-06-19 05:00:00,89.04692077636719
srv-006,2017-06-19 06:00:00,83.82605743408203
srv-006,2017-06-19 07:00:00,83.5586166381836
srv-006,2017-06-19 08:00:00,86.5783462524414
srv-006,2017-06-19 09:00:00,87.04161834716797
srv-006,2017-06-19 10:00:00,83.19771575927734
srv-006,2017-06-19 11:00:00,86.40909576416016
srv-006,2017-06-19 12:00:00,90.76421356201172
srv-006,2017-06-19 13:00:00,92.24935150146484
srv-006,2017-06-19 14:00:00,93.1037368774414
srv-006,2017-06-19 15:00:00,93.58964538574219
srv-006,2017-06-19 16:00:00,93.7732162475586
srv-006,2017-06-19 17:00:00,93.12284088134766
srv-006,2017-06-19 18:00:00,93.34696197509766
srv-006,2017-06-19 19:00:00,92.12773895263672
srv-006,2017-06-19 20:00:00,91.88477325439453
srv-006,2017-06-19 21:00:00,91.66344451904297
srv-006,2017-06-19 22:00:00,87.8163833618164
srv-006,2017-06-19 23:00:00,86.64385986328125
srv-006,2017-06-20 00:00:00,85.93272399902344
srv-006,2017-06-20 01:00:00,87.43636322021484
srv-006,2017-06-20 02:00:00,87.85539245605469
srv-006,2017-06-20 03:00:00,89.83963012695312
srv-006,2017-06-20 04:00:00,88.14317321777344
srv-006,2017-06-20 05:00:00,92.33782196044922
srv-006,2017-06-20 06:00:00,92.4083023071289
srv-006,2017-06-20 07:00:00,94.33583068847656
srv-006,2017-06-20 08:00:00,94.3508071899414
srv-006,2017-06-20 09:00:00,92.78055572509766
srv-006,2017-06-20 10:00:00,93.96488952636719
srv-006,2017-06-20 11:00:00,94.03166198730469
srv-006,2017-06-20 12:00:00,94.47220611572266
srv-006,2017-06-20 13:00:00,94.3845443725586
srv-006,2017-06-20 14:00:00,94.31153106689453
srv-006,2017-06-20 15:00:00,94.45389556884766
srv-006,2017-06-20 16:00:00,94.22166442871094
srv-006,2017-06-20 17:00:00,93.9762954711914
srv-006,2017-06-20 18:00:00,93.96003723144531
srv-006,2017-06-20 19:00:00,93.98828887939453
srv-006,2017-06-20 20:00:00,94.04265594482422
srv-006,2017-06-20 21:00:00,94.1076889038086
srv-006,2017-06-20 22:00:00,94.18574523925781
srv-006,2017-06-20 23:00:00,94.22747802734375
srv-006,2017-06-21 00:00:00,94.03076171875
srv-006,2017-06-21 01:00:00,93.49491119384766
srv-006,2017-06-21 02:00:00,93.20053100585938
srv-006,2017-06-21 03:00:00,93.91873931884766
srv-006,2017-06-21 04:00:00,94.08123016357422
srv-006,2017-06-21 05:00:00,94.44799041748047
srv-006,2017-06-21 06:00:00,94.52407836914062
srv-006,2017-06-21 07:00:00,94.60747528076172
srv-006,2017-06-21 08:00:00,94.6102523803711
srv-006,2017-06-21 09:00:00,94.6261978149414
srv-006,2017-06-21 10:00:00,94.37715911865234
srv-006,2017-06-21 11:00:00,94.3025894165039
srv-006,2017-06-21 12:00:00,94.33650207519531
srv-006,2017-06-21 13:00:00,94.31544494628906
srv-006,2017-06-21 14:00:00,94.40724182128906
srv-006,2017-06-21 15:00:00,94.208251953125
srv-006,2017-06-21 16:00:00,94.16533660888672
srv-006,2017-06-21 17:00:00,94.21099090576172
srv-006,2017-06-21 18:00:00,94.17418670654297
srv-006,2017-06-21 19:00:00,94.19373321533203
srv-006,2017-06-21 20:00:00,94.18766021728516
srv-006,2017-06-21 21:00:00,94.18635559082031
srv-006,2017-06-21 22:00:00,94.1586685180664
srv-006,2017-06-21 23:00:00,94.12118530273438
srv-006,2017-06-22 00:00:00,93.97319793701172
srv-006,2017-06-22 01:00:00,93.93473815917969
srv-006,2017-06-22 02:00:00,93.8971176147461
srv-006,2017-06-22 03:00:00,93.85327911376953
srv-006,2017-06-22 04:00:00,93.75911712646484
srv-006,2017-06-22 05:00:00,93.74637603759766
srv-006,2017-06-22 06:00:00,91.46935272216797
srv-006,2017-06-22 07:00:00,89.58667755126953
srv-006,2017-06-22 08:00:00,91.47008514404297
srv-006,2017-06-22 09:00:00,81.62299346923828
srv-006,2017-06-22 10:00:00,81.5593490600586
srv-006,2017-06-22 11:00:00,82.80364227294922
srv-006,2017-06-22 12:00:00,87.9218521118164
srv-006,2017-06-22 13:00:00,91.44688415527344
srv-006,2017-06-22 14:00:00,94.13977813720703
srv-006,2017-06-22 15:00:00,94.4940414428711
srv-006,2017-06-22 16:00:00,94.4206314086914
srv-006,2017-06-22 17:00:00,94.35443115234375
srv-006,2017-06-22 18:00:00,94.01082611083984
srv-006,2017-06-22 19:00:00,93.71227264404297
srv-006,2017-06-22 20:00:00,89.88428497314453
srv-006,2017-06-22 21:00:00,86.15619659423828
srv-006,2017-06-22 22:00:00,81.83299255371094
srv-006,2017-06-22 23:00:00,81.00297546386719
srv-006,2017-06-23 00:00:00,81.66341400146484
srv-006,2017-06-23 01:00:00,80.64224243164062
srv-006,2017-06-23 02:00:00,82.6791763305664
srv-006,2017-06-23 03:00:00,83.75328063964844
srv-006,2017-06-23 04:00:00,84.30565643310547
srv-006,2017-06-23 05:00:00,84.58959197998047
srv-006,2017-06-23 06:00:00,82.91466522216797
srv-006,2017-06-23 07:00:00,82.63494110107422
srv-006,2017-06-23 08:00:00,85.18826293945312
srv-006,2017-06-23 09:00:00,83.01066589355469
srv-006,2017-06-23 10:00:00,82.9272232055664
srv-006,2017-06-23 11:00:00,85.08092498779297
srv-006,2017-06-23 12:00:00,85.52205657958984
srv-006,2017-06-23 13:00:00,87.9494400024414
srv-006,2017-06-23 14:00:00,90.75106048583984
srv-006,2017-06-23 15:00:00,92.26094818115234
srv-006,2017-06-23 16:00:00,92.15193939208984
srv-006,2017-06-23 17:00:00,91.56014251708984
srv-006,2017-06-23 18:00:00,88.14681243896484
srv-006,2017-06-23 19:00:00,80.69374084472656
srv-006,2017-06-23 20:00:00,78.03401947021484
srv-006,2017-06-23 21:00:00,78.01306915283203
srv-006,2017-06-23 22:00:00,77.76334381103516
srv-006,2017-06-23 23:00:00,78.36449432373047
srv-006,2017-06-24 00:00:00,77.22679901123047
srv-006,2017-06-24 01:00:00,79.20800018310547
srv-006,2017-06-24 02:00:00,79.99361419677734
srv-006,2017-06-24 03:00:00,85.5490493774414
srv-006,2017-06-24 04:00:00,82.94637298583984
srv-006,2017-06-24 05:00:00,77.33655548095703
srv-006,2017-06-24 06:00:00,78.14823150634766
srv-006,2017-06-24 07:00:00,81.58936309814453
srv-006,2017-06-24 08:00:00,85.15338897705078
srv-006,2017-06-24 09:00:00,86.37886810302734
srv-006,2017-06-24 10:00:00,89.16000366210938
srv-006,2017-06-24 11:00:00,89.34004974365234
srv-006,2017-06-24 12:00:00,89.9053726196289
srv-006,2017-06-24 13:00:00,90.50724029541016
srv-006,2017-06-24 14:00:00,88.7279281616211
srv-006,2017-06-24 15:00:00,88.4601058959961
srv-006,2017-06-24 16:00:00,84.44760131835938
srv-006,2017-06-24 17:00:00,86.5378646850586
srv-006,2017-06-24 18:00:00,80.3586654663086
srv-006,2017-06-24 19:00:00,80.8718032836914
srv-006,2017-06-24 20:00:00,81.888671875
srv-006,2017-06-24 21:00:00,81.02276611328125
srv-006,2017-06-24 22:00:00,79.20918273925781
srv-006,2017-06-24 23:00:00,77.71820831298828
srv-006,2017-06-25 00:00:00,79.56771087646484
srv-006,2017-06-25 01:00:00,81.1065444946289
srv-006,2017-06-25 02:00:00,82.2115707397461
srv-006,2017-06-25 03:00:00,82.9516372680664
srv-006,2017-06-25 04:00:00,82.1707534790039
srv-006,2017-06-25 05:00:00,80.54204559326172
srv-006,2017-06-25 06:00:00,83.52649688720703
srv-006,2017-06-25 07:00:00,83.08708953857422
srv-006,2017-06-25 08:00:00,83.42816925048828
srv-006,2017-06-25 09:00:00,78.89911651611328
srv-006,2017-06-25 10:00:00,80.38289642333984
srv-006,2017-06-25 11:00:00,85.95336151123047
srv-006,2017-06-25 12:00:00,87.30310821533203
srv-006,2017-06-25 13:00:00,89.51835632324219
srv-006,2017-06-25 14:00:00,90.45092010498047
srv-006,2017-06-25 15:00:00,89.31169128417969
srv-006,2017-06-25 16:00:00,90.32056427001953
srv-006,2017-06-25 17:00:00,89.56209564208984
srv-006,2017-06-25 18:00:00,88.1342544555664
srv-006,2017-06-25 19:00:00,83.69860076904297
srv-006,2017-06-25 20:00:00,83.3456039428711
srv-006,2017-06-25 21:00:00,86.7646255493164
srv-006,2017-06-25 22:00:00,84.43285369873047
srv-006,2017-06-25 23:00:00,80.70719909667969
srv-006,2017-06-26 00:00:00,75.92850494384766
srv-006,2017-06-26 01:00:00,75.58744049072266
srv-006,2017-06-26 02:00:00,76.45635223388672
srv-006,2017-06-26 03:00:00,77.24996948242188
srv-006,2017-06-26 04:00:00,79.22368621826172
srv-006,2017-06-26 05:00:00,85.13024139404297
srv-006,2017-06-26 06:00:00,89.33182525634766
srv-006,2017-06-26 07:00:00,86.66617584228516
srv-006,2017-06-26 08:00:00,90.87094116210938
srv-006,2017-06-26 09:00:00,87.51416778564453
srv-006,2017-06-26 10:00:00,83.4768295288086
srv-006,2017-06-26 11:00:00,82.12452697753906
srv-006,2017-06-26 12:00:00,86.81393432617188
srv-006,2017-06-26 13:00:00,87.83450317382812
srv-006,2017-06-26 14:00:00,91.33634185791016
srv-006,2017-06-26 15:00:00,91.1434097290039
srv-006,2017-06-26 16:00:00,88.36905670166016
srv-006,2017-06-26 17:00:00,87.58578491210938
srv-006,2017-06-26 18:00:00,90.35159301757812
srv-006,2017-06-26 19:00:00,89.61589813232422
srv-006,2017-06-26 20:00:00,89.42088317871094
srv-006,2017-06-26 21:00:00,90.03731536865234
srv-006,2017-06-26 22:00:00,90.85237121582031
srv-006,2017-06-26 23:00:00,90.95838165283203
srv-006,2017-06-27 00:00:00,90.98594665527344
srv-006,2017-06-27 01:00:00,87.46678161621094
srv-006,2017-06-27 02:00:00,87.73810577392578
srv-006,2017-06-27 03:00:00,89.04605865478516
srv-006,2017-06-27 04:00:00,90.158203125
srv-006,2017-06-27 05:00:00,90.27567291259766
srv-006,2017-06-27 06:00:00,92.4428939819336
srv-006,2017-06-27 07:00:00,92.37430572509766
srv-006,2017-06-27 08:00:00,92.72765350341797
srv-006,2017-06-27 09:00:00,92.73096466064453
srv-006,2017-06-27 10:00:00,91.05230712890625
srv-006,2017-06-27 11:00:00,92.43402099609375
srv-006,2017-06-27 12:00:00,93.11563873291016
srv-006,2017-06-27 13:00:00,94.21907806396484
srv-006,2017-06-27 14:00:00,94.58074188232422
srv-006,2017-06-27 15:00:00,94.68292236328125
srv-006,2017-06-27 16:00:00,94.61710357666016
srv-006,2017-06-27 17:00:00,94.27562713623047
srv-006,2017-06-27 18:00:00,94.10433197021484
srv-006,2017-06-27 19:00:00,94.1158676147461
srv-006,2017-06-27 20:00:00,94.2263412475586
srv-006,2017-06-27 21:00:00,94.09557342529297
srv-006,2017-06-27 22:00:00,93.82318115234375
srv-006,2017-06-27 23:00:00,93.89446258544922
srv-006,2017-06-28 00:00:00,94.01078033447266
srv-006,2017-06-28 01:00:00,93.47010040283203
srv-006,2017-06-28 02:00:00,93.82274627685547
srv-006,2017-06-28 03:00:00,94.0397720336914
srv-006,2017-06-28 04:00:00,94.21829986572266
srv-006,2017-06-28 05:00:00,94.30709075927734
srv-006,2017-06-28 06:00:00,94.53112030029297
srv-006,2017-06-28 07:00:00,94.56512451171875
srv-006,2017-06-28 08:00:00,94.52403259277344
srv-006,2017-06-28 09:00:00,94.52381134033203
srv-006,2017-06-28 10:00:00,94.52363586425781
srv-006,2017-06-28 11:00:00,94.37105560302734
srv-006,2017-06-28 12:00:00,94.45857238769531
srv-006,2017-06-28 13:00:00,94.45975494384766
srv-006,2017-06-28 14:00:00,94.4576187133789
srv-006,2017-06-28 15:00:00,94.48571014404297
srv-006,2017-06-28 16:00:00,94.29478454589844
srv-006,2017-06-28 17:00:00,94.24713897705078
srv-006,2017-06-28 18:00:00,94.23929595947266
srv-006,2017-06-28 19:00:00,94.2317886352539
srv-006,2017-06-28 20:00:00,94.22366333007812
srv-006,2017-06-28 21:00:00,94.21050262451172
srv-006,2017-06-28 22:00:00,94.19341278076172
srv-006,2017-06-28 23:00:00,94.1710205078125
srv-006,2017-06-29 00:00:00,94.01777648925781
srv-006,2017-06-29 01:00:00,93.46312713623047
srv-006,2017-06-29 02:00:00,93.68762969970703
srv-006,2017-06-29 03:00:00,93.8686752319336
srv-006,2017-06-29 04:00:00,93.87519836425781
srv-006,2017-06-29 05:00:00,93.3874740600586
srv-006,2017-06-29 06:00:00,92.84339141845703
srv-006,2017-06-29 07:00:00,93.58982849121094
srv-006,2017-06-29 08:00:00,93.57261657714844
srv-006,2017-06-29 09:00:00,93.9853286743164
srv-006,2017-06-29 10:00:00,93.98778533935547
srv-006,2017-06-29 11:00:00,94.0265121459961
srv-006,2017-06-29 12:00:00,94.06465148925781
srv-006,2017-06-29 13:00:00,93.90930938720703
srv-006,2017-06-29 14:00:00,93.84510803222656
srv-006,2017-06-29 15:00:00,93.8049087524414
srv-006,2017-06-29 16:00:00,93.77323150634766
srv-006,2017-06-29 17:00:00,93.73847198486328
srv-006,2017-06-29 18:00:00,93.68402099609375
srv-006,2017-06-29 19:00:00,93.62625885009766
srv-006,2017-06-29 20:00:00,93.67158508300781
srv-006,2017-06-29 21:00:00,93.71350860595703
srv-006,2017-06-29 22:00:00,90.08993530273438
srv-006,2017-06-29 23:00:00,88.49175262451172
srv-006,2017-06-30 00:00:00,88.33670043945312
srv-006,2017-06-30 01:00:00,87.04556274414062
srv-006,2017-06-30 02:00:00,86.4319076538086
srv-006,2017-06-30 03:00:00,84.10945892333984
srv-006,2017-06-30 04:00:00,81.05877685546875
srv-006,2017-06-30 05:00:00,80.3602066040039
srv-006,2017-06-30 06:00:00,81.16986083984375
srv-006,2017-06-30 07:00:00,81.85548400878906
srv-006,2017-06-30 08:00:00,85.28883361816406
srv-006,2017-06-30 09:00:00,86.17835235595703
srv-006,2017-06-30 10:00:00,91.7649917602539
srv-006,2017-06-30 11:00:00,91.4148941040039
srv-006,2017-06-30 12:00:00,91.0831527709961
srv-006,2017-06-30 13:00:00,91.75214385986328
srv-006,2017-06-30 14:00:00,90.71155548095703
srv-006,2017-06-30 15:00:00,90.3093490600586
srv-006,2017-06-30 16:00:00,89.70500183105469
srv-006,2017-06-30 17:00:00,84.95574188232422
srv-006,2017-06-30 18:00:00,80.37566375732422
srv-006,2017-06-30 19:00:00,79.23324584960938
srv-006,2017-06-30 20:00:00,80.7040023803711
srv-006,2017-06-30 21:00:00,76.41818237304688
srv-006,2017-06-30 22:00:00,75.87296295166016
srv-006,2017-06-30 23:00:00,75.00254821777344
srv-007,2017-06-01 23:00:00,50.594268798828125
srv-007,2017-06-02 00:00:00,51.02234649658203
srv-007,2017-06-02 01:00:00,48.68299865722656
srv-007,2017-06-02 02:00:00,47.012210845947266
srv-007,2017-06-02 03:00:00,47.132320404052734
srv-007,2017-06-02 04:00:00,47.756858825683594
srv-007,2017-06-02 05:00:00,50.172576904296875
srv-007,2017-06-02 06:00:00,48.95914840698242
srv-007,2017-06-02 07:00:00,49.13914108276367
srv-007,2017-06-02 08:00:00,49.90796661376953
srv-007,2017-06-02 09:00:00,46.688865661621094
srv-007,2017-06-02 10:00:00,44.457542419433594
srv-007,2017-06-02 11:00:00,44.18855667114258
srv-007,2017-06-02 12:00:00,43.022823333740234
srv-007,2017-06-02 13:00:00,41.935508728027344
srv-007,2017-06-02 14:00:00,44.34750747680664
srv-007,2017-06-02 15:00:00,41.97750473022461
srv-007,2017-06-02 16:00:00,41.726104736328125
srv-007,2017-06-02 17:00:00,42.809844970703125
srv-007,2017-06-02 18:00:00,42.03594970703125
srv-007,2017-06-02 19:00:00,40.545875549316406
srv-007,2017-06-02 20:00:00,38.268798828125
srv-007,2017-06-02 21:00:00,39.366455078125
srv-007,2017-06-02 22:00:00,38.836456298828125
srv-007,2017-06-02 23:00:00,37.485755920410156
srv-007,2017-06-03 00:00:00,40.336151123046875
srv-007,2017-06-03 01:00:00,40.59573745727539
srv-007,2017-06-03 02:00:00,41.797027587890625
srv-007,2017-06-03 03:00:00,41.079917907714844
srv-007,2017-06-03 04:00:00,40.867610931396484
srv-007,2017-06-03 05:00:00,42.44304275512695
srv-007,2017-06-03 06:00:00,43.307830810546875
srv-007,2017-06-03 07:00:00,43.20299530029297
srv-007,2017-06-03 08:00:00,41.54207992553711
srv-007,2017-06-03 09:00:00,41.532859802246094
srv-007,2017-06-03 10:00:00,41.554954528808594
srv-007,2017-06-03 11:00:00,42.349510192871094
srv-007,2017-06-03 12:00:00,45.262657165527344
srv-007,2017-06-03 13:00:00,43.61740493774414
srv-007,2017-06-03 14:00:00,43.14741134643555
srv-007,2017-06-03 15:00:00,40.16853713989258
srv-007,2017-06-03 16:00:00,39.56340408325195
srv-007,2017-06-03 17:00:00,41.313011169433594
srv-007,2017-06-03 18:00:00,39.670108795166016
srv-007,2017-06-03 19:00:00,36.71220016479492
srv-007,2017-06-03 20:00:00,39.75463104248047
srv-007,2017-06-03 21:00:00,39.85621643066406
srv-007,2017-06-03 22:00:00,38.96808624267578
srv-007,2017-06-03 23:00:00,38.13439178466797
srv-007,2017-06-04 00:00:00,39.540504455566406
srv-007,2017-06-04 01:00:00,39.68858337402344
srv-007,2017-06-04 02:00:00,41.485965728759766
srv-007,2017-06-04 03:00:00,40.132286071777344
srv-007,2017-06-04 04:00:00,38.84269714355469
srv-007,2017-06-04 05:00:00,37.81695556640625
srv-007,2017-06-04 06:00:00,39.42938232421875
srv-007,2017-06-04 07:00:00,41.28782272338867
srv-007,2017-06-04 08:00:00,42.87739562988281
srv-007,2017-06-04 09:00:00,42.408935546875
srv-007,2017-06-04 10:00:00,41.933868408203125
srv-007,2017-06-04 11:00:00,43.292579650878906
srv-007,2017-06-04 12:00:00,44.273704528808594
srv-007,2017-06-04 13:00:00,45.30821990966797
srv-007,2017-06-04 14:00:00,44.74552536010742
srv-007,2017-06-04 15:00:00,45.63046646118164
srv-007,2017-06-04 16:00:00,46.795509338378906
srv-007,2017-06-04 17:00:00,44.82271194458008
srv-007,2017-06-04 18:00:00,40.22697448730469
srv-007,2017-06-04 19:00:00,39.08097457885742
srv-007,2017-06-04 20:00:00,39.040855407714844
srv-007,2017-06-04 21:00:00,39.490074157714844
srv-007,2017-06-04 22:00:00,37.97590637207031
srv-007,2017-06-04 23:00:00,37.15871047973633
srv-007,2017-06-05 00:00:00,35.68321990966797
srv-007,2017-06-05 01:00:00,32.93855667114258
srv-007,2017-06-05 02:00:00,31.71891212463379
srv-007,2017-06-05 03:00:00,35.283912658691406
srv-007,2017-06-05 04:00:00,35.14942932128906
srv-007,2017-06-05 05:00:00,37.85823440551758
srv-007,2017-06-05 06:00:00,34.96931457519531
srv-007,2017-06-05 07:00:00,35.052696228027344
srv-007,2017-06-05 08:00:00,36.49742126464844
srv-007,2017-06-05 09:00:00,31.154512405395508
srv-007,2017-06-05 10:00:00,37.525733947753906
srv-007,2017-06-05 11:00:00,37.923343658447266
srv-007,2017-06-05 12:00:00,39.15309524536133
srv-007,2017-06-05 13:00:00,43.643333435058594
srv-007,2017-06-05 14:00:00,45.104705810546875
srv-007,2017-06-05 15:00:00,46.20037078857422
srv-007,2017-06-05 16:00:00,47.26118469238281
srv-007,2017-06-05 17:00:00,47.007484436035156
srv-007,2017-06-05 18:00:00,45.50503921508789
srv-007,2017-06-05 19:00:00,44.01329040527344
srv-007,2017-06-05 20:00:00,41.995758056640625
srv-007,2017-06-05 21:00:00,40.90222930908203
srv-007,2017-06-05 22:00:00,40.93285369873047
srv-007,2017-06-05 23:00:00,40.26640319824219
srv-007,2017-06-06 00:00:00,37.792354583740234
srv-007,2017-06-06 01:00:00,42.52314376831055
srv-007,2017-06-06 02:00:00,42.9606819152832
srv-007,2017-06-06 03:00:00,44.47814178466797
srv-007,2017-06-06 04:00:00,45.700862884521484
srv-007,2017-06-06 05:00:00,44.408077239990234
srv-007,2017-06-06 06:00:00,43.33483123779297
srv-007,2017-06-06 07:00:00,43.825340270996094
srv-007,2017-06-06 08:00:00,45.77987289428711
srv-007,2017-06-06 09:00:00,45.73140335083008
srv-007,2017-06-06 10:00:00,47.21233367919922
srv-007,2017-06-06 11:00:00,48.59598159790039
srv-007,2017-06-06 12:00:00,50.622718811035156
srv-007,2017-06-06 13:00:00,49.55271911621094
srv-007,2017-06-06 14:00:00,51.339290618896484
srv-007,2017-06-06 15:00:00,52.62744140625
srv-007,2017-06-06 16:00:00,49.451568603515625
srv-007,2017-06-06 17:00:00,49.87968444824219
srv-007,2017-06-06 18:00:00,46.501129150390625
srv-007,2017-06-06 19:00:00,46.686466217041016
srv-007,2017-06-06 20:00:00,46.81178283691406
srv-007,2017-06-06 21:00:00,47.133689880371094
srv-007,2017-06-06 22:00:00,45.96654510498047
srv-007,2017-06-06 23:00:00,45.731788635253906
srv-007,2017-06-07 00:00:00,50.04951477050781
srv-007,2017-06-07 01:00:00,48.57206726074219
srv-007,2017-06-07 02:00:00,47.22002029418945
srv-007,2017-06-07 03:00:00,49.100494384765625
srv-007,2017-06-07 04:00:00,50.73949432373047
srv-007,2017-06-07 05:00:00,50.85321044921875
srv-007,2017-06-07 06:00:00,48.24507141113281
srv-007,2017-06-07 07:00:00,47.17012023925781
srv-007,2017-06-07 08:00:00,48.36623764038086
srv-007,2017-06-07 09:00:00,45.51020050048828
srv-007,2017-06-07 10:00:00,47.63102340698242
srv-007,2017-06-07 11:00:00,48.774620056152344
srv-007,2017-06-07 12:00:00,47.912776947021484
srv-007,2017-06-07 13:00:00,48.516414642333984
srv-007,2017-06-07 14:00:00,52.87003707885742
srv-007,2017-06-07 15:00:00,53.95551300048828
srv-007,2017-06-07 16:00:00,54.02245330810547
srv-007,2017-06-07 17:00:00,55.84006118774414
srv-007,2017-06-07 18:00:00,52.586822509765625
srv-007,2017-06-07 19:00:00,50.383453369140625
srv-007,2017-06-07 20:00:00,51.64435577392578
srv-007,2017-06-07 21:00:00,51.176780700683594
srv-007,2017-06-07 22:00:00,48.31342315673828
srv-007,2017-06-07 23:00:00,48.83417892456055
srv-007,2017-06-08 00:00:00,46.80439758300781
srv-007,2017-06-08 01:00:00,45.060089111328125
srv-007,2017-06-08 02:00:00,45.437137603759766
srv-007,2017-06-08 03:00:00,47.839324951171875
srv-007,2017-06-08 04:00:00,47.61553955078125
srv-007,2017-06-08 05:00:00,44.98710250854492
srv-007,2017-06-08 06:00:00,45.87773895263672
srv-007,2017-06-08 07:00:00,45.43753433227539
srv-007,2017-06-08 08:00:00,46.01948547363281
srv-007,2017-06-08 09:00:00,47.74781036376953
srv-007,2017-06-08 10:00:00,48.971168518066406
srv-007,2017-06-08 11:00:00,48.282867431640625
srv-007,2017-06-08 12:00:00,50.661956787109375
srv-007,2017-06-08 13:00:00,49.91184997558594
srv-007,2017-06-08 14:00:00,51.04274368286133
srv-007,2017-06-08 15:00:00,50.40993881225586
srv-007,2017-06-08 16:00:00,48.99513244628906
srv-007,2017-06-08 17:00:00,47.42329406738281
srv-007,2017-06-08 18:00:00,45.1511116027832
srv-007,2017-06-08 19:00:00,44.187320709228516
srv-007,2017-06-08 20:00:00,46.04157257080078
srv-007,2017-06-08 21:00:00,43.4017448425293
srv-007,2017-06-08 22:00:00,43.4190559387207
srv-007,2017-06-08 23:00:00,43.213356018066406
srv-007,2017-06-09 00:00:00,41.7696533203125
srv-007,2017-06-09 01:00:00,42.87925338745117
srv-007,2017-06-09 02:00:00,42.38352584838867
srv-007,2017-06-09 03:00:00,41.11347198486328
srv-007,2017-06-09 04:00:00,43.34489440917969
srv-007,2017-06-09 05:00:00,45.678810119628906
srv-007,2017-06-09 06:00:00,43.080223083496094
srv-007,2017-06-09 07:00:00,41.44367980957031
srv-007,2017-06-09 08:00:00,41.570587158203125
srv-007,2017-06-09 09:00:00,40.760581970214844
srv-007,2017-06-09 10:00:00,41.892539978027344
srv-007,2017-06-09 11:00:00,40.84539031982422
srv-007,2017-06-09 12:00:00,40.97357940673828
srv-007,2017-06-09 13:00:00,39.499969482421875
srv-007,2017-06-09 14:00:00,40.54730987548828
srv-007,2017-06-09 15:00:00,41.391197204589844
srv-007,2017-06-09 16:00:00,40.49900817871094
srv-007,2017-06-09 17:00:00,41.134239196777344
srv-007,2017-06-09 18:00:00,39.73162078857422
srv-007,2017-06-09 19:00:00,39.52794647216797
srv-007,2017-06-09 20:00:00,39.415313720703125
srv-007,2017-06-09 21:00:00,38.707176208496094
srv-007,2017-06-09 22:00:00,38.956260681152344
srv-007,2017-06-09 23:00:00,39.14623260498047
srv-007,2017-06-10 00:00:00,39.05252456665039
srv-007,2017-06-10 01:00:00,40.805023193359375
srv-007,2017-06-10 02:00:00,41.54918670654297
srv-007,2017-06-10 03:00:00,41.45095443725586
srv-007,2017-06-10 04:00:00,41.91191482543945
srv-007,2017-06-10 05:00:00,38.80995178222656
srv-007,2017-06-10 06:00:00,37.53810501098633
srv-007,2017-06-10 07:00:00,34.967552185058594
srv-007,2017-06-10 08:00:00,37.93628692626953
srv-007,2017-06-10 09:00:00,37.32630920410156
srv-007,2017-06-10 10:00:00,39.653507232666016
srv-007,2017-06-10 11:00:00,40.78123092651367
srv-007,2017-06-10 12:00:00,38.55054473876953
srv-007,2017-06-10 13:00:00,39.832984924316406
srv-007,2017-06-10 14:00:00,41.71192169189453
srv-007,2017-06-10 15:00:00,42.74689483642578
srv-007,2017-06-10 16:00:00,42.4533805847168
srv-007,2017-06-10 17:00:00,42.389190673828125
srv-007,2017-06-10 18:00:00,42.66801071166992
srv-007,2017-06-10 19:00:00,40.240089416503906
srv-007,2017-06-10 20:00:00,32.35517883300781
srv-007,2017-06-10 21:00:00,33.78632354736328
srv-007,2017-06-10 22:00:00,35.909706115722656
srv-007,2017-06-10 23:00:00,37.00713348388672
srv-007,2017-06-11 00:00:00,37.284488677978516
srv-007,2017-06-11 01:00:00,39.104496002197266
srv-007,2017-06-11 02:00:00,40.689395904541016
srv-007,2017-06-11 03:00:00,40.683780670166016
srv-007,2017-06-11 04:00:00,42.023468017578125
srv-007,2017-06-11 05:00:00,41.170188903808594
srv-007,2017-06-11 06:00:00,37.65248107910156
srv-007,2017-06-11 07:00:00,38.68345260620117
srv-007,2017-06-11 08:00:00,38.947608947753906
srv-007,2017-06-11 09:00:00,37.96849060058594
srv-007,2017-06-11 10:00:00,39.275970458984375
srv-007,2017-06-11 11:00:00,39.36231231689453
srv-007,2017-06-11 12:00:00,41.60095977783203
srv-007,2017-06-11 13:00:00,42.862579345703125
srv-007,2017-06-11 14:00:00,43.19736099243164
srv-007,2017-06-11 15:00:00,36.926429748535156
srv-007,2017-06-11 16:00:00,39.48738098144531
srv-007,2017-06-11 17:00:00,39.79930877685547
srv-007,2017-06-11 18:00:00,40.35820007324219
srv-007,2017-06-11 19:00:00,39.830284118652344
srv-007,2017-06-11 20:00:00,39.670928955078125
srv-007,2017-06-11 21:00:00,39.00804138183594
srv-007,2017-06-11 22:00:00,38.95517349243164
srv-007,2017-06-11 23:00:00,40.553977966308594
srv-007,2017-06-12 00:00:00,42.12937545776367
srv-007,2017-06-12 01:00:00,37.67652130126953
srv-007,2017-06-12 02:00:00,38.23317337036133
srv-007,2017-06-12 03:00:00,35.711551666259766
srv-007,2017-06-12 04:00:00,36.946624755859375
srv-007,2017-06-12 05:00:00,37.1510009765625
srv-007,2017-06-12 06:00:00,37.095794677734375
srv-007,2017-06-12 07:00:00,35.06915283203125
srv-007,2017-06-12 08:00:00,34.07454299926758
srv-007,2017-06-12 09:00:00,33.903629302978516
srv-007,2017-06-12 10:00:00,35.714111328125
srv-007,2017-06-12 11:00:00,42.44076156616211
srv-007,2017-06-12 12:00:00,43.48606491088867
srv-007,2017-06-12 13:00:00,45.33197784423828
srv-007,2017-06-12 14:00:00,43.39098358154297
srv-007,2017-06-12 15:00:00,41.35871887207031
srv-007,2017-06-12 16:00:00,38.12652587890625
srv-007,2017-06-12 17:00:00,42.85418701171875
srv-007,2017-06-12 18:00:00,43.29348373413086
srv-007,2017-06-12 19:00:00,42.43684387207031
srv-007,2017-06-12 20:00:00,42.39802169799805
srv-007,2017-06-12 21:00:00,41.1912841796875
srv-007,2017-06-12 22:00:00,44.02078628540039
srv-007,2017-06-12 23:00:00,43.24367141723633
srv-007,2017-06-13 00:00:00,43.76750946044922
srv-007,2017-06-13 01:00:00,45.882301330566406
srv-007,2017-06-13 02:00:00,46.3013801574707
srv-007,2017-06-13 03:00:00,46.69586181640625
srv-007,2017-06-13 04:00:00,41.665184020996094
srv-007,2017-06-13 05:00:00,40.05258560180664
srv-007,2017-06-13 06:00:00,45.33027648925781
srv-007,2017-06-13 07:00:00,44.1470832824707
srv-007,2017-06-13 08:00:00,45.333457946777344
srv-007,2017-06-13 09:00:00,44.23978805541992
srv-007,2017-06-13 10:00:00,45.39841079711914
srv-007,2017-06-13 11:00:00,48.372703552246094
srv-007,2017-06-13 12:00:00,49.65166473388672
srv-007,2017-06-13 13:00:00,53.791744232177734
srv-007,2017-06-13 14:00:00,54.386131286621094
srv-007,2017-06-13 15:00:00,50.70094299316406
srv-007,2017-06-13 16:00:00,47.47206497192383
srv-007,2017-06-13 17:00:00,43.3859748840332
srv-007,2017-06-13 18:00:00,44.78382110595703
srv-007,2017-06-13 19:00:00,46.01825714111328
srv-007,2017-06-13 20:00:00,46.52509307861328
srv-007,2017-06-13 21:00:00,46.41825866699219
srv-007,2017-06-13 22:00:00,47.31806182861328
srv-007,2017-06-13 23:00:00,45.055301666259766
srv-007,2017-06-14 00:00:00,47.069488525390625
srv-007,2017-06-14 01:00:00,48.63860321044922
srv-007,2017-06-14 02:00:00,50.81494140625
srv-007,2017-06-14 03:00:00,51.127777099609375
srv-007,2017-06-14 04:00:00,53.117733001708984
srv-007,2017-06-14 05:00:00,49.783939361572266
srv-007,2017-06-14 06:00:00,49.01584243774414
srv-007,2017-06-14 07:00:00,49.335391998291016
srv-007,2017-06-14 08:00:00,49.57691192626953
srv-007,2017-06-14 09:00:00,49.108123779296875
srv-007,2017-06-14 10:00:00,50.13874053955078
srv-007,2017-06-14 11:00:00,51.47345733642578
srv-007,2017-06-14 12:00:00,51.82777786254883
srv-007,2017-06-14 13:00:00,52.89461135864258
srv-007,2017-06-14 14:00:00,49.70496368408203
srv-007,2017-06-14 15:00:00,55.536460876464844
srv-007,2017-06-14 16:00:00,53.8592643737793
srv-007,2017-06-14 17:00:00,50.767608642578125
srv-007,2017-06-14 18:00:00,48.83697509765625
srv-007,2017-06-14 19:00:00,46.957786560058594
srv-007,2017-06-14 20:00:00,46.904075622558594
srv-007,2017-06-14 21:00:00,47.721282958984375
srv-007,2017-06-14 22:00:00,46.12281036376953
srv-007,2017-06-14 23:00:00,45.54697799682617
srv-007,2017-06-15 00:00:00,46.22052764892578
srv-007,2017-06-15 01:00:00,49.11302185058594
srv-007,2017-06-15 02:00:00,45.905704498291016
srv-007,2017-06-15 03:00:00,45.4704475402832
srv-007,2017-06-15 04:00:00,48.134376525878906
srv-007,2017-06-15 05:00:00,49.29008483886719
srv-007,2017-06-15 06:00:00,49.272735595703125
srv-007,2017-06-15 07:00:00,45.71520233154297
srv-007,2017-06-15 08:00:00,46.48943328857422
srv-007,2017-06-15 09:00:00,45.25377655029297
srv-007,2017-06-15 10:00:00,45.86105728149414
srv-007,2017-06-15 11:00:00,47.270660400390625
srv-007,2017-06-15 12:00:00,50.16538619995117
srv-007,2017-06-15 13:00:00,49.215450286865234
srv-007,2017-06-15 14:00:00,46.15178298950195
srv-007,2017-06-15 15:00:00,48.35541915893555
srv-007,2017-06-15 16:00:00,46.375030517578125
srv-007,2017-06-15 17:00:00,45.706138610839844
srv-007,2017-06-15 18:00:00,45.89729309082031
srv-007,2017-06-15 19:00:00,43.474205017089844
srv-007,2017-06-15 20:00:00,42.56018829345703
srv-007,2017-06-15 21:00:00,43.258087158203125
srv-007,2017-06-15 22:00:00,41.98491668701172
srv-007,2017-06-15 23:00:00,42.125274658203125
srv-007,2017-06-16 00:00:00,41.449745178222656
srv-007,2017-06-16 01:00:00,41.0024299621582
srv-007,2017-06-16 02:00:00,38.71147918701172
srv-007,2017-06-16 03:00:00,40.518821716308594
srv-007,2017-06-16 04:00:00,43.227027893066406
srv-007,2017-06-16 05:00:00,43.35531234741211
srv-007,2017-06-16 06:00:00,42.03279113769531
srv-007,2017-06-16 07:00:00,44.53680419921875
srv-007,2017-06-16 08:00:00,45.584930419921875
srv-007,2017-06-16 09:00:00,41.53528594970703
srv-007,2017-06-16 10:00:00,41.584136962890625
srv-007,2017-06-16 11:00:00,41.77098846435547
srv-007,2017-06-16 12:00:00,43.697200775146484
srv-007,2017-06-16 13:00:00,43.878082275390625
srv-007,2017-06-16 14:00:00,42.52406311035156
srv-007,2017-06-16 15:00:00,41.1063346862793
srv-007,2017-06-16 16:00:00,41.15476608276367
srv-007,2017-06-16 17:00:00,41.873558044433594
srv-007,2017-06-16 18:00:00,41.26702117919922
srv-007,2017-06-16 19:00:00,41.339515686035156
srv-007,2017-06-16 20:00:00,38.09822463989258
srv-007,2017-06-16 21:00:00,37.8323974609375
srv-007,2017-06-16 22:00:00,37.388450622558594
srv-007,2017-06-16 23:00:00,37.63355255126953
srv-007,2017-06-17 00:00:00,35.53474044799805
srv-007,2017-06-17 01:00:00,38.15570068359375
srv-007,2017-06-17 02:00:00,38.03655242919922
srv-007,2017-06-17 03:00:00,36.447303771972656
srv-007,2017-06-17 04:00:00,39.56584167480469
srv-007,2017-06-17 05:00:00,40.264156341552734
srv-007,2017-06-17 06:00:00,43.37385177612305
srv-007,2017-06-17 07:00:00,41.327178955078125
srv-007,2017-06-17 08:00:00,40.486488342285156
srv-007,2017-06-17 09:00:00,42.62064743041992
srv-007,2017-06-17 10:00:00,41.65747833251953
srv-007,2017-06-17 11:00:00,41.04951477050781
srv-007,2017-06-17 12:00:00,39.740577697753906
srv-007,2017-06-17 13:00:00,38.386146545410156
srv-007,2017-06-17 14:00:00,40.25495910644531
srv-007,2017-06-17 15:00:00,40.200843811035156
srv-007,2017-06-17 16:00:00,40.56972122192383
srv-007,2017-06-17 17:00:00,41.21865463256836
srv-007,2017-06-17 18:00:00,41.73747634887695
srv-007,2017-06-17 19:00:00,42.270118713378906
srv-007,2017-06-17 20:00:00,40.87543487548828
srv-007,2017-06-17 21:00:00,38.36647415161133
srv-007,2017-06-17 22:00:00,37.7936897277832
srv-007,2017-06-17 23:00:00,39.055267333984375
srv-007,2017-06-18 00:00:00,39.02467346191406
srv-007,2017-06-18 01:00:00,39.132850646972656
srv-007,2017-06-18 02:00:00,37.5502815246582
srv-007,2017-06-18 03:00:00,35.03717041015625
srv-007,2017-06-18 04:00:00,38.039215087890625
srv-007,2017-06-18 05:00:00,39.83931350708008
srv-007,2017-06-18 06:00:00,38.11372375488281
srv-007,2017-06-18 07:00:00,39.6209831237793
srv-007,2017-06-18 08:00:00,40.101898193359375
srv-007,2017-06-18 09:00:00,41.984378814697266
srv-007,2017-06-18 10:00:00,41.79740905761719
srv-007,2017-06-18 11:00:00,42.612571716308594
srv-007,2017-06-18 12:00:00,45.52778625488281
srv-007,2017-06-18 13:00:00,46.15938949584961
srv-007,2017-06-18 14:00:00,44.16242980957031
srv-007,2017-06-18 15:00:00,39.34215545654297
srv-007,2017-06-18 16:00:00,42.65873718261719
srv-007,2017-06-18 17:00:00,44.18849563598633
srv-007,2017-06-18 18:00:00,43.56493377685547
srv-007,2017-06-18 19:00:00,41.8021240234375
srv-007,2017-06-18 20:00:00,39.87861633300781
srv-007,2017-06-18 21:00:00,36.49479293823242
srv-007,2017-06-18 22:00:00,35.4786376953125
srv-007,2017-06-18 23:00:00,37.115150451660156
srv-007,2017-06-19 00:00:00,36.81000900268555
srv-007,2017-06-19 01:00:00,36.375648498535156
srv-007,2017-06-19 02:00:00,36.155757904052734
srv-007,2017-06-19 03:00:00,31.86435890197754
srv-007,2017-06-19 04:00:00,33.643672943115234
srv-007,2017-06-19 05:00:00,34.60499572753906
srv-007,2017-06-19 06:00:00,37.667991638183594
srv-007,2017-06-19 07:00:00,37.26515197753906
srv-007,2017-06-19 08:00:00,42.51594543457031
srv-007,2017-06-19 09:00:00,42.753334045410156
srv-007,2017-06-19 10:00:00,44.55437469482422
srv-007,2017-06-19 11:00:00,47.022132873535156
srv-007,2017-06-19 12:00:00,45.98918914794922
srv-007,2017-06-19 13:00:00,47.26189041137695
srv-007,2017-06-19 14:00:00,49.549095153808594
srv-007,2017-06-19 15:00:00,47.684322357177734
srv-007,2017-06-19 16:00:00,45.103858947753906
srv-007,2017-06-19 17:00:00,42.907684326171875
srv-007,2017-06-19 18:00:00,46.563846588134766
srv-007,2017-06-19 19:00:00,45.84860610961914
srv-007,2017-06-19 20:00:00,47.54121780395508
srv-007,2017-06-19 21:00:00,44.446990966796875
srv-007,2017-06-19 22:00:00,43.07163619995117
srv-007,2017-06-19 23:00:00,41.970863342285156
srv-007,2017-06-20 00:00:00,42.30024719238281
srv-007,2017-06-20 01:00:00,42.599151611328125
srv-007,2017-06-20 02:00:00,41.12085723876953
srv-007,2017-06-20 03:00:00,44.318885803222656
srv-007,2017-06-20 04:00:00,45.52582931518555
srv-007,2017-06-20 05:00:00,45.3795051574707
srv-007,2017-06-20 06:00:00,47.5803108215332
srv-007,2017-06-20 07:00:00,47.90269470214844
srv-007,2017-06-20 08:00:00,50.700340270996094
srv-007,2017-06-20 09:00:00,49.577476501464844
srv-007,2017-06-20 10:00:00,48.46603012084961
srv-007,2017-06-20 11:00:00,48.392120361328125
srv-007,2017-06-20 12:00:00,51.088348388671875
srv-007,2017-06-20 13:00:00,49.929893493652344
srv-007,2017-06-20 14:00:00,50.91457748413086
srv-007,2017-06-20 15:00:00,52.292354583740234
srv-007,2017-06-20 16:00:00,51.023406982421875
srv-007,2017-06-20 17:00:00,49.959136962890625
srv-007,2017-06-20 18:00:00,48.39946746826172
srv-007,2017-06-20 19:00:00,48.57870101928711
srv-007,2017-06-20 20:00:00,46.66667175292969
srv-007,2017-06-20 21:00:00,48.04996871948242
srv-007,2017-06-20 22:00:00,48.99932861328125
srv-007,2017-06-20 23:00:00,45.529632568359375
srv-007,2017-06-21 00:00:00,46.109039306640625
srv-007,2017-06-21 01:00:00,49.42212677001953
srv-007,2017-06-21 02:00:00,48.848880767822266
srv-007,2017-06-21 03:00:00,47.27958297729492
srv-007,2017-06-21 04:00:00,50.042213439941406
srv-007,2017-06-21 05:00:00,48.10003662109375
srv-007,2017-06-21 06:00:00,48.23514175415039
srv-007,2017-06-21 07:00:00,48.39457702636719
srv-007,2017-06-21 08:00:00,51.51413345336914
srv-007,2017-06-21 09:00:00,51.38169479370117
srv-007,2017-06-21 10:00:00,49.01719665527344
srv-007,2017-06-21 11:00:00,57.456764221191406
srv-007,2017-06-21 12:00:00,54.89971923828125
srv-007,2017-06-21 13:00:00,53.328060150146484
srv-007,2017-06-21 14:00:00,55.20476531982422
srv-007,2017-06-21 15:00:00,55.00299835205078
srv-007,2017-06-21 16:00:00,58.713539123535156
srv-007,2017-06-21 17:00:00,56.725372314453125
srv-007,2017-06-21 18:00:00,53.460235595703125
srv-007,2017-06-21 19:00:00,54.338741302490234
srv-007,2017-06-21 20:00:00,52.3187255859375
srv-007,2017-06-21 21:00:00,54.468101501464844
srv-007,2017-06-21 22:00:00,52.52998352050781
srv-007,2017-06-21 23:00:00,49.786216735839844
srv-007,2017-06-22 00:00:00,49.45460510253906
srv-007,2017-06-22 01:00:00,48.77321243286133
srv-007,2017-06-22 02:00:00,49.37567901611328
srv-007,2017-06-22 03:00:00,49.71806335449219
srv-007,2017-06-22 04:00:00,47.03791427612305
srv-007,2017-06-22 05:00:00,48.319488525390625
srv-007,2017-06-22 06:00:00,47.35099411010742
srv-007,2017-06-22 07:00:00,44.70289611816406
srv-007,2017-06-22 08:00:00,47.369728088378906
srv-007,2017-06-22 09:00:00,47.86381530761719
srv-007,2017-06-22 10:00:00,49.47127151489258
srv-007,2017-06-22 11:00:00,52.047828674316406
srv-007,2017-06-22 12:00:00,51.31488037109375
srv-007,2017-06-22 13:00:00,50.304718017578125
srv-007,2017-06-22 14:00:00,49.265289306640625
srv-007,2017-06-22 15:00:00,47.124244689941406
srv-007,2017-06-22 16:00:00,45.47905349731445
srv-007,2017-06-22 17:00:00,45.68054962158203
srv-007,2017-06-22 18:00:00,47.5825309753418
srv-007,2017-06-22 19:00:00,44.86713409423828
srv-007,2017-06-22 20:00:00,43.90765380859375
srv-007,2017-06-22 21:00:00,42.9383659362793
srv-007,2017-06-22 22:00:00,42.05546951293945
srv-007,2017-06-22 23:00:00,42.09825897216797
srv-007,2017-06-23 00:00:00,40.48890686035156
srv-007,2017-06-23 01:00:00,40.97785186767578
srv-007,2017-06-23 02:00:00,40.22895431518555
srv-007,2017-06-23 03:00:00,41.59954833984375
srv-007,2017-06-23 04:00:00,40.833702087402344
srv-007,2017-06-23 05:00:00,40.30471420288086
srv-007,2017-06-23 06:00:00,40.901214599609375
srv-007,2017-06-23 07:00:00,40.97184371948242
srv-007,2017-06-23 08:00:00,40.96879959106445
srv-007,2017-06-23 09:00:00,41.60517120361328
srv-007,2017-06-23 10:00:00,41.36109161376953
srv-007,2017-06-23 11:00:00,42.00646209716797
srv-007,2017-06-23 12:00:00,43.384429931640625
srv-007,2017-06-23 13:00:00,41.702274322509766
srv-007,2017-06-23 14:00:00,41.72627258300781
srv-007,2017-06-23 15:00:00,41.72779083251953
srv-007,2017-06-23 16:00:00,42.09837341308594
srv-007,2017-06-23 17:00:00,42.763832092285156
srv-007,2017-06-23 18:00:00,42.11994934082031
srv-007,2017-06-23 19:00:00,39.224876403808594
srv-007,2017-06-23 20:00:00,40.113624572753906
srv-007,2017-06-23 21:00:00,39.466957092285156
srv-007,2017-06-23 22:00:00,38.28697967529297
srv-007,2017-06-23 23:00:00,36.169158935546875
srv-007,2017-06-24 00:00:00,38.7219123840332
srv-007,2017-06-24 01:00:00,40.8865966796875
srv-007,2017-06-24 02:00:00,40.24530792236328
srv-007,2017-06-24 03:00:00,42.224327087402344
srv-007,2017-06-24 04:00:00,42.560935974121094
srv-007,2017-06-24 05:00:00,44.50252914428711
srv-007,2017-06-24 06:00:00,43.65623474121094
srv-007,2017-06-24 07:00:00,31.668453216552734
srv-007,2017-06-24 08:00:00,31.55367660522461
srv-007,2017-06-24 09:00:00,35.865074157714844
srv-007,2017-06-24 10:00:00,35.106788635253906
srv-007,2017-06-24 11:00:00,38.88490295410156
srv-007,2017-06-24 12:00:00,39.84260559082031
srv-007,2017-06-24 13:00:00,44.14662170410156
srv-007,2017-06-24 14:00:00,43.349365234375
srv-007,2017-06-24 15:00:00,42.02157974243164
srv-007,2017-06-24 16:00:00,44.88570785522461
srv-007,2017-06-24 17:00:00,44.36204147338867
srv-007,2017-06-24 18:00:00,44.31947326660156
srv-007,2017-06-24 19:00:00,44.83513641357422
srv-007,2017-06-24 20:00:00,44.53774642944336
srv-007,2017-06-24 21:00:00,40.94176483154297
srv-007,2017-06-24 22:00:00,37.967811584472656
srv-007,2017-06-24 23:00:00,37.03316116333008
srv-007,2017-06-25 00:00:00,40.4420166015625
srv-007,2017-06-25 01:00:00,40.142906188964844
srv-007,2017-06-25 02:00:00,41.65285873413086
srv-007,2017-06-25 03:00:00,40.50878143310547
srv-007,2017-06-25 04:00:00,40.14107894897461
srv-007,2017-06-25 05:00:00,42.670989990234375
srv-007,2017-06-25 06:00:00,41.035423278808594
srv-007,2017-06-25 07:00:00,39.30174255371094
srv-007,2017-06-25 08:00:00,40.74534606933594
srv-007,2017-06-25 09:00:00,39.28153991699219
srv-007,2017-06-25 10:00:00,39.446842193603516
srv-007,2017-06-25 11:00:00,40.761497497558594
srv-007,2017-06-25 12:00:00,42.083526611328125
srv-007,2017-06-25 13:00:00,44.02542495727539
srv-007,2017-06-25 14:00:00,43.18909454345703
srv-007,2017-06-25 15:00:00,45.47077941894531
srv-007,2017-06-25 16:00:00,46.693138122558594
srv-007,2017-06-25 17:00:00,47.77013397216797
srv-007,2017-06-25 18:00:00,47.55763244628906
srv-007,2017-06-25 19:00:00,41.53154754638672
srv-007,2017-06-25 20:00:00,37.2795524597168
srv-007,2017-06-25 21:00:00,40.402191162109375
srv-007,2017-06-25 22:00:00,39.27338409423828
srv-007,2017-06-25 23:00:00,38.79245376586914
srv-007,2017-06-26 00:00:00,39.66385269165039
srv-007,2017-06-26 01:00:00,34.18918228149414
srv-007,2017-06-26 02:00:00,36.66761016845703
srv-007,2017-06-26 03:00:00,40.550048828125
srv-007,2017-06-26 04:00:00,40.80137252807617
srv-007,2017-06-26 05:00:00,42.80958938598633
srv-007,2017-06-26 06:00:00,42.74205017089844
srv-007,2017-06-26 07:00:00,40.080909729003906
srv-007,2017-06-26 08:00:00,39.73048400878906
srv-007,2017-06-26 09:00:00,34.79667282104492
srv-007,2017-06-26 10:00:00,41.69884490966797
srv-007,2017-06-26 11:00:00,41.524620056152344
srv-007,2017-06-26 12:00:00,45.42963409423828
srv-007,2017-06-26 13:00:00,45.4223747253418
srv-007,2017-06-26 14:00:00,47.13903045654297
srv-007,2017-06-26 15:00:00,48.006141662597656
srv-007,2017-06-26 16:00:00,46.72220993041992
srv-007,2017-06-26 17:00:00,45.160884857177734
srv-007,2017-06-26 18:00:00,43.311031341552734
srv-007,2017-06-26 19:00:00,44.04990005493164
srv-007,2017-06-26 20:00:00,43.37391662597656
srv-007,2017-06-26 21:00:00,41.658199310302734
srv-007,2017-06-26 22:00:00,40.07789611816406
srv-007,2017-06-26 23:00:00,40.42253112792969
srv-007,2017-06-27 00:00:00,43.62531280517578
srv-007,2017-06-27 01:00:00,42.512916564941406
srv-007,2017-06-27 02:00:00,44.569183349609375
srv-007,2017-06-27 03:00:00,40.41697692871094
srv-007,2017-06-27 04:00:00,40.25464630126953
srv-007,2017-06-27 05:00:00,44.240394592285156
srv-007,2017-06-27 06:00:00,45.294715881347656
srv-007,2017-06-27 07:00:00,44.13170623779297
srv-007,2017-06-27 08:00:00,45.569419860839844
srv-007,2017-06-27 09:00:00,45.668373107910156
srv-007,2017-06-27 10:00:00,46.190162658691406
srv-007,2017-06-27 11:00:00,44.426544189453125
srv-007,2017-06-27 12:00:00,46.476280212402344
srv-007,2017-06-27 13:00:00,46.155845642089844
srv-007,2017-06-27 14:00:00,47.199180603027344
srv-007,2017-06-27 15:00:00,47.60538101196289
srv-007,2017-06-27 16:00:00,50.60703659057617
srv-007,2017-06-27 17:00:00,50.09803009033203
srv-007,2017-06-27 18:00:00,50.336402893066406
srv-007,2017-06-27 19:00:00,46.73075866699219
srv-007,2017-06-27 20:00:00,46.24249267578125
srv-007,2017-06-27 21:00:00,48.676963806152344
srv-007,2017-06-27 22:00:00,45.90487289428711
srv-007,2017-06-27 23:00:00,45.3348388671875
srv-007,2017-06-28 00:00:00,47.69330978393555
srv-007,2017-06-28 01:00:00,45.73721694946289
srv-007,2017-06-28 02:00:00,46.78282928466797
srv-007,2017-06-28 03:00:00,47.696205139160156
srv-007,2017-06-28 04:00:00,46.806678771972656
srv-007,2017-06-28 05:00:00,46.408790588378906
srv-007,2017-06-28 06:00:00,47.61536407470703
srv-007,2017-06-28 07:00:00,47.26008605957031
srv-007,2017-06-28 08:00:00,51.68252944946289
srv-007,2017-06-28 09:00:00,49.569480895996094
srv-007,2017-06-28 10:00:00,48.56135559082031
srv-007,2017-06-28 11:00:00,50.67859649658203
srv-007,2017-06-28 12:00:00,52.384254455566406
srv-007,2017-06-28 13:00:00,51.781864166259766
srv-007,2017-06-28 14:00:00,52.94873046875
srv-007,2017-06-28 15:00:00,54.74860382080078
srv-007,2017-06-28 16:00:00,54.80841827392578
srv-007,2017-06-28 17:00:00,55.09243392944336
srv-007,2017-06-28 18:00:00,50.92290115356445
srv-007,2017-06-28 19:00:00,55.694828033447266
srv-007,2017-06-28 20:00:00,39.55145263671875
srv-007,2017-06-28 21:00:00,41.268096923828125
srv-007,2017-06-28 22:00:00,39.28019714355469
srv-007,2017-06-28 23:00:00,46.37128448486328
srv-007,2017-06-29 00:00:00,43.908966064453125
srv-007,2017-06-29 01:00:00,44.87566375732422
srv-007,2017-06-29 02:00:00,45.67533493041992
srv-007,2017-06-29 03:00:00,47.11244201660156
srv-007,2017-06-29 04:00:00,48.09165954589844
srv-007,2017-06-29 05:00:00,47.80908203125
srv-007,2017-06-29 06:00:00,46.06436538696289
srv-007,2017-06-29 07:00:00,46.65117645263672
srv-007,2017-06-29 08:00:00,50.45193099975586
srv-007,2017-06-29 09:00:00,46.39421844482422
srv-007,2017-06-29 10:00:00,45.970855712890625
srv-007,2017-06-29 11:00:00,47.49130630493164
srv-007,2017-06-29 12:00:00,49.915496826171875
srv-007,2017-06-29 13:00:00,55.370845794677734
srv-007,2017-06-29 14:00:00,53.15631866455078
srv-007,2017-06-29 15:00:00,50.93830490112305
srv-007,2017-06-29 16:00:00,49.966400146484375
srv-007,2017-06-29 17:00:00,47.31028747558594
srv-007,2017-06-29 18:00:00,47.455902099609375
srv-007,2017-06-29 19:00:00,45.73564529418945
srv-007,2017-06-29 20:00:00,43.583251953125
srv-007,2017-06-29 21:00:00,43.67029571533203
srv-007,2017-06-29 22:00:00,41.021484375
srv-007,2017-06-29 23:00:00,41.44525146484375
srv-007,2017-06-30 00:00:00,41.99359130859375
srv-007,2017-06-30 01:00:00,46.05384063720703
srv-007,2017-06-30 02:00:00,45.00617980957031
srv-007,2017-06-30 03:00:00,45.23387908935547
srv-007,2017-06-30 04:00:00,42.6887321472168
srv-007,2017-06-30 05:00:00,43.44683837890625
srv-007,2017-06-30 06:00:00,46.69489288330078
srv-007,2017-06-30 07:00:00,45.040122985839844
srv-007,2017-06-30 08:00:00,43.4777946472168
srv-007,2017-06-30 09:00:00,44.002803802490234
srv-007,2017-06-30 10:00:00,43.616031646728516
srv-007,2017-06-30 11:00:00,41.786468505859375
srv-007,2017-06-30 12:00:00,38.00994110107422
srv-007,2017-06-30 13:00:00,39.712158203125
srv-007,2017-06-30 14:00:00,41.9410514831543
srv-007,2017-06-30 15:00:00,41.854835510253906
srv-007,2017-06-30 16:00:00,42.750648498535156
srv-007,2017-06-30 17:00:00,41.70667266845703
srv-007,2017-06-30 18:00:00,40.47707748413086
srv-007,2017-06-30 19:00:00,40.32601547241211
srv-007,2017-06-30 20:00:00,40.724185943603516
srv-007,2017-06-30 21:00:00,38.293113708496094
srv-007,2017-06-30 22:00:00,37.40802001953125
srv-007,2017-06-30 23:00:00,35.533164978027344
srv-008,2017-06-01 23:00:00,65.65193176269531
srv-008,2017-06-02 00:00:00,66.25740051269531
srv-008,2017-06-02 01:00:00,65.73701477050781
srv-008,2017-06-02 02:00:00,67.80677032470703
srv-008,2017-06-02 03:00:00,65.76947021484375
srv-008,2017-06-02 04:00:00,66.25990295410156
srv-008,2017-06-02 05:00:00,67.90735626220703
srv-008,2017-06-02 06:00:00,65.66927337646484
srv-008,2017-06-02 07:00:00,65.86656188964844
srv-008,2017-06-02 08:00:00,64.48402404785156
srv-008,2017-06-02 09:00:00,65.57427978515625
srv-008,2017-06-02 10:00:00,70.68212890625
srv-008,2017-06-02 11:00:00,74.72887420654297
srv-008,2017-06-02 12:00:00,71.86621856689453
srv-008,2017-06-02 13:00:00,77.22457122802734
srv-008,2017-06-02 14:00:00,74.64861297607422
srv-008,2017-06-02 15:00:00,72.98526763916016
srv-008,2017-06-02 16:00:00,71.13680267333984
srv-008,2017-06-02 17:00:00,67.806640625
srv-008,2017-06-02 18:00:00,67.25594329833984
srv-008,2017-06-02 19:00:00,69.98070526123047
srv-008,2017-06-02 20:00:00,68.74253845214844
srv-008,2017-06-02 21:00:00,68.81525421142578
srv-008,2017-06-02 22:00:00,67.5470199584961
srv-008,2017-06-02 23:00:00,69.95690155029297
srv-008,2017-06-03 00:00:00,73.84422302246094
srv-008,2017-06-03 01:00:00,72.19434356689453
srv-008,2017-06-03 02:00:00,68.6819839477539
srv-008,2017-06-03 03:00:00,66.59003448486328
srv-008,2017-06-03 04:00:00,68.44711303710938
srv-008,2017-06-03 05:00:00,73.57450103759766
srv-008,2017-06-03 06:00:00,72.31914520263672
srv-008,2017-06-03 07:00:00,68.72698211669922
srv-008,2017-06-03 08:00:00,71.43338775634766
srv-008,2017-06-03 09:00:00,72.68543243408203
srv-008,2017-06-03 10:00:00,69.3536376953125
srv-008,2017-06-03 11:00:00,69.90860748291016
srv-008,2017-06-03 12:00:00,72.985107421875
srv-008,2017-06-03 13:00:00,76.71217346191406
srv-008,2017-06-03 14:00:00,78.484130859375
srv-008,2017-06-03 15:00:00,78.72196197509766
srv-008,2017-06-03 16:00:00,73.07588958740234
srv-008,2017-06-03 17:00:00,72.41644287109375
srv-008,2017-06-03 18:00:00,77.3329086303711
srv-008,2017-06-03 19:00:00,76.24230194091797
srv-008,2017-06-03 20:00:00,75.87738800048828
srv-008,2017-06-03 21:00:00,71.82669067382812
srv-008,2017-06-03 22:00:00,70.42752838134766
srv-008,2017-06-03 23:00:00,70.83448791503906
srv-008,2017-06-04 00:00:00,72.55902099609375
srv-008,2017-06-04 01:00:00,73.07616424560547
srv-008,2017-06-04 02:00:00,71.87659454345703
srv-008,2017-06-04 03:00:00,69.82637023925781
srv-008,2017-06-04 04:00:00,71.09646606445312
srv-008,2017-06-04 05:00:00,71.30956268310547
srv-008,2017-06-04 06:00:00,74.06678009033203
srv-008,2017-06-04 07:00:00,75.6295394897461
srv-008,2017-06-04 08:00:00,74.05608367919922
srv-008,2017-06-04 09:00:00,73.90441131591797
srv-008,2017-06-04 10:00:00,69.67928314208984
srv-008,2017-06-04 11:00:00,68.738037109375
srv-008,2017-06-04 12:00:00,74.30826568603516
srv-008,2017-06-04 13:00:00,75.93059539794922
srv-008,2017-06-04 14:00:00,77.30287170410156
srv-008,2017-06-04 15:00:00,74.62797546386719
srv-008,2017-06-04 16:00:00,76.47461700439453
srv-008,2017-06-04 17:00:00,78.79532623291016
srv-008,2017-06-04 18:00:00,77.92738342285156
srv-008,2017-06-04 19:00:00,76.20650482177734
srv-008,2017-06-04 20:00:00,71.47333526611328
srv-008,2017-06-04 21:00:00,70.77250671386719
srv-008,2017-06-04 22:00:00,74.9913558959961
srv-008,2017-06-04 23:00:00,75.81734466552734
srv-008,2017-06-05 00:00:00,67.7485122680664
srv-008,2017-06-05 01:00:00,65.48007202148438
srv-008,2017-06-05 02:00:00,66.57321166992188
srv-008,2017-06-05 03:00:00,68.24918365478516
srv-008,2017-06-05 04:00:00,66.86903381347656
srv-008,2017-06-05 05:00:00,65.45438385009766
srv-008,2017-06-05 06:00:00,65.4780044555664
srv-008,2017-06-05 07:00:00,68.45952606201172
srv-008,2017-06-05 08:00:00,70.55349731445312
srv-008,2017-06-05 09:00:00,71.19978332519531
srv-008,2017-06-05 10:00:00,71.0639419555664
srv-008,2017-06-05 11:00:00,75.2997817993164
srv-008,2017-06-05 12:00:00,73.14762115478516
srv-008,2017-06-05 13:00:00,77.94120788574219
srv-008,2017-06-05 14:00:00,76.34004974365234
srv-008,2017-06-05 15:00:00,79.48810577392578
srv-008,2017-06-05 16:00:00,75.04975128173828
srv-008,2017-06-05 17:00:00,76.69520568847656
srv-008,2017-06-05 18:00:00,78.34636688232422
srv-008,2017-06-05 19:00:00,80.41693878173828
srv-008,2017-06-05 20:00:00,76.37676239013672
srv-008,2017-06-05 21:00:00,76.1801528930664
srv-008,2017-06-05 22:00:00,73.01885986328125
srv-008,2017-06-05 23:00:00,75.4201431274414
srv-008,2017-06-06 00:00:00,76.32880401611328
srv-008,2017-06-06 01:00:00,76.15424346923828
srv-008,2017-06-06 02:00:00,73.78942108154297
srv-008,2017-06-06 03:00:00,78.85929107666016
srv-008,2017-06-06 04:00:00,79.49376678466797
srv-008,2017-06-06 05:00:00,77.66268157958984
srv-008,2017-06-06 06:00:00,76.23307037353516
srv-008,2017-06-06 07:00:00,76.93317413330078
srv-008,2017-06-06 08:00:00,82.4179916381836
srv-008,2017-06-06 09:00:00,79.85663604736328
srv-008,2017-06-06 10:00:00,75.48983001708984
srv-008,2017-06-06 11:00:00,74.95467376708984
srv-008,2017-06-06 12:00:00,76.35755157470703
srv-008,2017-06-06 13:00:00,78.37499237060547
srv-008,2017-06-06 14:00:00,80.17855072021484
srv-008,2017-06-06 15:00:00,80.52167510986328
srv-008,2017-06-06 16:00:00,77.17984771728516
srv-008,2017-06-06 17:00:00,80.35639190673828
srv-008,2017-06-06 18:00:00,80.08899688720703
srv-008,2017-06-06 19:00:00,79.7354965209961
srv-008,2017-06-06 20:00:00,78.97994232177734
srv-008,2017-06-06 21:00:00,78.01007843017578
srv-008,2017-06-06 22:00:00,81.02959442138672
srv-008,2017-06-06 23:00:00,80.9581527709961
srv-008,2017-06-07 00:00:00,83.62577056884766
srv-008,2017-06-07 01:00:00,79.62206268310547
srv-008,2017-06-07 02:00:00,76.05689239501953
srv-008,2017-06-07 03:00:00,78.31151580810547
srv-008,2017-06-07 04:00:00,77.11324310302734
srv-008,2017-06-07 05:00:00,76.76622772216797
srv-008,2017-06-07 06:00:00,78.68433380126953
srv-008,2017-06-07 07:00:00,79.47682189941406
srv-008,2017-06-07 08:00:00,80.37621307373047
srv-008,2017-06-07 09:00:00,76.55563354492188
srv-008,2017-06-07 10:00:00,78.29595947265625
srv-008,2017-06-07 11:00:00,79.09955596923828
srv-008,2017-06-07 12:00:00,81.03009796142578
srv-008,2017-06-07 13:00:00,81.98900604248047
srv-008,2017-06-07 14:00:00,83.08003234863281
srv-008,2017-06-07 15:00:00,82.51882934570312
srv-008,2017-06-07 16:00:00,78.50162506103516
srv-008,2017-06-07 17:00:00,81.46215057373047
srv-008,2017-06-07 18:00:00,81.78877258300781
srv-008,2017-06-07 19:00:00,81.70889282226562
srv-008,2017-06-07 20:00:00,81.46207427978516
srv-008,2017-06-07 21:00:00,82.47985076904297
srv-008,2017-06-07 22:00:00,84.0654525756836
srv-008,2017-06-07 23:00:00,79.55899810791016
srv-008,2017-06-08 00:00:00,75.49300384521484
srv-008,2017-06-08 01:00:00,76.21284484863281
srv-008,2017-06-08 02:00:00,79.41681671142578
srv-008,2017-06-08 03:00:00,79.89704132080078
srv-008,2017-06-08 04:00:00,79.24507904052734
srv-008,2017-06-08 05:00:00,78.51502990722656
srv-008,2017-06-08 06:00:00,80.18775177001953
srv-008,2017-06-08 07:00:00,83.70092010498047
srv-008,2017-06-08 08:00:00,82.09090423583984
srv-008,2017-06-08 09:00:00,83.85419464111328
srv-008,2017-06-08 10:00:00,82.97930908203125
srv-008,2017-06-08 11:00:00,82.66655731201172
srv-008,2017-06-08 12:00:00,83.5447006225586
srv-008,2017-06-08 13:00:00,81.05583953857422
srv-008,2017-06-08 14:00:00,78.31922149658203
srv-008,2017-06-08 15:00:00,80.46204376220703
srv-008,2017-06-08 16:00:00,80.71782684326172
srv-008,2017-06-08 17:00:00,80.2850570678711
srv-008,2017-06-08 18:00:00,77.41980743408203
srv-008,2017-06-08 19:00:00,73.79471588134766
srv-008,2017-06-08 20:00:00,74.7641830444336
srv-008,2017-06-08 21:00:00,75.39425659179688
srv-008,2017-06-08 22:00:00,75.78038024902344
srv-008,2017-06-08 23:00:00,76.7198257446289
srv-008,2017-06-09 00:00:00,74.40776824951172
srv-008,2017-06-09 01:00:00,79.3277816772461
srv-008,2017-06-09 02:00:00,76.91036224365234
srv-008,2017-06-09 03:00:00,74.08052062988281
srv-008,2017-06-09 04:00:00,75.4684829711914
srv-008,2017-06-09 05:00:00,69.8818130493164
srv-008,2017-06-09 06:00:00,71.5323715209961
srv-008,2017-06-09 07:00:00,76.09638214111328
srv-008,2017-06-09 08:00:00,72.38897705078125
srv-008,2017-06-09 09:00:00,74.30294036865234
srv-008,2017-06-09 10:00:00,74.5477523803711
srv-008,2017-06-09 11:00:00,76.1061782836914
srv-008,2017-06-09 12:00:00,77.4300765991211
srv-008,2017-06-09 13:00:00,76.74781799316406
srv-008,2017-06-09 14:00:00,78.31139373779297
srv-008,2017-06-09 15:00:00,77.42586517333984
srv-008,2017-06-09 16:00:00,76.10678100585938
srv-008,2017-06-09 17:00:00,73.95882415771484
srv-008,2017-06-09 18:00:00,72.41537475585938
srv-008,2017-06-09 19:00:00,69.47364044189453
srv-008,2017-06-09 20:00:00,68.80352020263672
srv-008,2017-06-09 21:00:00,66.65190887451172
srv-008,2017-06-09 22:00:00,67.74897003173828
srv-008,2017-06-09 23:00:00,65.30895233154297
srv-008,2017-06-10 00:00:00,67.2252426147461
srv-008,2017-06-10 01:00:00,69.20108795166016
srv-008,2017-06-10 02:00:00,65.5771255493164
srv-008,2017-06-10 03:00:00,66.04900360107422
srv-008,2017-06-10 04:00:00,69.86003875732422
srv-008,2017-06-10 05:00:00,68.82379150390625
srv-008,2017-06-10 06:00:00,70.72577667236328
srv-008,2017-06-10 07:00:00,73.77693939208984
srv-008,2017-06-10 08:00:00,76.10151672363281
srv-008,2017-06-10 09:00:00,77.82532501220703
srv-008,2017-06-10 10:00:00,76.14453887939453
srv-008,2017-06-10 11:00:00,75.3697738647461
srv-008,2017-06-10 12:00:00,75.72090911865234
srv-008,2017-06-10 13:00:00,76.36097717285156
srv-008,2017-06-10 14:00:00,76.71903991699219
srv-008,2017-06-10 15:00:00,76.51343536376953
srv-008,2017-06-10 16:00:00,76.8694076538086
srv-008,2017-06-10 17:00:00,73.5918197631836
srv-008,2017-06-10 18:00:00,70.28551483154297
srv-008,2017-06-10 19:00:00,70.60077667236328
srv-008,2017-06-10 20:00:00,65.7070541381836
srv-008,2017-06-10 21:00:00,70.19612884521484
srv-008,2017-06-10 22:00:00,68.02239227294922
srv-008,2017-06-10 23:00:00,66.49395751953125
srv-008,2017-06-11 00:00:00,62.94478225708008
srv-008,2017-06-11 01:00:00,67.74524688720703
srv-008,2017-06-11 02:00:00,68.27740478515625
srv-008,2017-06-11 03:00:00,72.14136505126953
srv-008,2017-06-11 04:00:00,73.94129180908203
srv-008,2017-06-11 05:00:00,76.11774444580078
srv-008,2017-06-11 06:00:00,76.94156646728516
srv-008,2017-06-11 07:00:00,72.94121551513672
srv-008,2017-06-11 08:00:00,74.82344818115234
srv-008,2017-06-11 09:00:00,69.9474868774414
srv-008,2017-06-11 10:00:00,73.80474090576172
srv-008,2017-06-11 11:00:00,71.25723266601562
srv-008,2017-06-11 12:00:00,73.03766632080078
srv-008,2017-06-11 13:00:00,71.3321762084961
srv-008,2017-06-11 14:00:00,75.75711822509766
srv-008,2017-06-11 15:00:00,72.8790512084961
srv-008,2017-06-11 16:00:00,71.8143081665039
srv-008,2017-06-11 17:00:00,73.86890411376953
srv-008,2017-06-11 18:00:00,75.4936294555664
srv-008,2017-06-11 19:00:00,75.39995574951172
srv-008,2017-06-11 20:00:00,73.35269165039062
srv-008,2017-06-11 21:00:00,73.29094696044922
srv-008,2017-06-11 22:00:00,69.99118041992188
srv-008,2017-06-11 23:00:00,67.4057846069336
srv-008,2017-06-12 00:00:00,65.46856689453125
srv-008,2017-06-12 01:00:00,66.6669692993164
srv-008,2017-06-12 02:00:00,67.95670318603516
srv-008,2017-06-12 03:00:00,65.15868377685547
srv-008,2017-06-12 04:00:00,64.29327392578125
srv-008,2017-06-12 05:00:00,66.60283660888672
srv-008,2017-06-12 06:00:00,67.11986541748047
srv-008,2017-06-12 07:00:00,68.82890319824219
srv-008,2017-06-12 08:00:00,69.01692962646484
srv-008,2017-06-12 09:00:00,71.85590362548828
srv-008,2017-06-12 10:00:00,75.18653106689453
srv-008,2017-06-12 11:00:00,79.65440368652344
srv-008,2017-06-12 12:00:00,73.3744888305664
srv-008,2017-06-12 13:00:00,73.36206817626953
srv-008,2017-06-12 14:00:00,75.01134490966797
srv-008,2017-06-12 15:00:00,72.72476959228516
srv-008,2017-06-12 16:00:00,73.2425308227539
srv-008,2017-06-12 17:00:00,72.4974594116211
srv-008,2017-06-12 18:00:00,73.7662124633789
srv-008,2017-06-12 19:00:00,72.27367401123047
srv-008,2017-06-12 20:00:00,72.41283416748047
srv-008,2017-06-12 21:00:00,71.10997772216797
srv-008,2017-06-12 22:00:00,70.80745697021484
srv-008,2017-06-12 23:00:00,70.91978454589844
srv-008,2017-06-13 00:00:00,74.83368682861328
srv-008,2017-06-13 01:00:00,73.93030548095703
srv-008,2017-06-13 02:00:00,76.24933624267578
srv-008,2017-06-13 03:00:00,76.42139434814453
srv-008,2017-06-13 04:00:00,76.95999908447266
srv-008,2017-06-13 05:00:00,76.6510238647461
srv-008,2017-06-13 06:00:00,74.79501342773438
srv-008,2017-06-13 07:00:00,76.01448059082031
srv-008,2017-06-13 08:00:00,77.67449188232422
srv-008,2017-06-13 09:00:00,79.72130584716797
srv-008,2017-06-13 10:00:00,76.1065444946289
srv-008,2017-06-13 11:00:00,77.99411010742188
srv-008,2017-06-13 12:00:00,80.2208480834961
srv-008,2017-06-13 13:00:00,82.09436798095703
srv-008,2017-06-13 14:00:00,79.11308288574219
srv-008,2017-06-13 15:00:00,77.37814331054688
srv-008,2017-06-13 16:00:00,75.9284896850586
srv-008,2017-06-13 17:00:00,78.14710235595703
srv-008,2017-06-13 18:00:00,79.19811248779297
srv-008,2017-06-13 19:00:00,81.41768646240234
srv-008,2017-06-13 20:00:00,83.67195892333984
srv-008,2017-06-13 21:00:00,84.92459869384766
srv-008,2017-06-13 22:00:00,85.05314636230469
srv-008,2017-06-13 23:00:00,81.92530822753906
srv-008,2017-06-14 00:00:00,84.8067398071289
srv-008,2017-06-14 01:00:00,86.75969696044922
srv-008,2017-06-14 02:00:00,90.32221984863281
srv-008,2017-06-14 03:00:00,89.91613006591797
srv-008,2017-06-14 04:00:00,87.04598236083984
srv-008,2017-06-14 05:00:00,78.15899658203125
srv-008,2017-06-14 06:00:00,77.6863784790039
srv-008,2017-06-14 07:00:00,77.1452407836914
srv-008,2017-06-14 08:00:00,78.02366638183594
srv-008,2017-06-14 09:00:00,76.1629638671875
srv-008,2017-06-14 10:00:00,76.77265167236328
srv-008,2017-06-14 11:00:00,74.39043426513672
srv-008,2017-06-14 12:00:00,80.51874542236328
srv-008,2017-06-14 13:00:00,79.18769073486328
srv-008,2017-06-14 14:00:00,80.94640350341797
srv-008,2017-06-14 15:00:00,82.66976928710938
srv-008,2017-06-14 16:00:00,81.84835052490234
srv-008,2017-06-14 17:00:00,78.4421615600586
srv-008,2017-06-14 18:00:00,80.2472152709961
srv-008,2017-06-14 19:00:00,82.36519622802734
srv-008,2017-06-14 20:00:00,82.82614135742188
srv-008,2017-06-14 21:00:00,81.35693359375
srv-008,2017-06-14 22:00:00,77.82390594482422
srv-008,2017-06-14 23:00:00,78.1113510131836
srv-008,2017-06-15 00:00:00,77.40778350830078
srv-008,2017-06-15 01:00:00,79.31768798828125
srv-008,2017-06-15 02:00:00,76.58049774169922
srv-008,2017-06-15 03:00:00,77.7861328125
srv-008,2017-06-15 04:00:00,78.85270690917969
srv-008,2017-06-15 05:00:00,79.68453216552734
srv-008,2017-06-15 06:00:00,75.63446044921875
srv-008,2017-06-15 07:00:00,74.80030822753906
srv-008,2017-06-15 08:00:00,76.53136444091797
srv-008,2017-06-15 09:00:00,75.7936782836914
srv-008,2017-06-15 10:00:00,74.1765365600586
srv-008,2017-06-15 11:00:00,78.6697769165039
srv-008,2017-06-15 12:00:00,80.25703430175781
srv-008,2017-06-15 13:00:00,81.81661987304688
srv-008,2017-06-15 14:00:00,83.64614868164062
srv-008,2017-06-15 15:00:00,85.06749725341797
srv-008,2017-06-15 16:00:00,77.77278900146484
srv-008,2017-06-15 17:00:00,78.8768539428711
srv-008,2017-06-15 18:00:00,79.8967514038086
srv-008,2017-06-15 19:00:00,79.9511947631836
srv-008,2017-06-15 20:00:00,80.4301986694336
srv-008,2017-06-15 21:00:00,84.03494262695312
srv-008,2017-06-15 22:00:00,77.00959777832031
srv-008,2017-06-15 23:00:00,76.3480224609375
srv-008,2017-06-16 00:00:00,77.32796478271484
srv-008,2017-06-16 01:00:00,79.26445007324219
srv-008,2017-06-16 02:00:00,74.6802749633789
srv-008,2017-06-16 03:00:00,75.77426147460938
srv-008,2017-06-16 04:00:00,71.34014129638672
srv-008,2017-06-16 05:00:00,73.38978576660156
srv-008,2017-06-16 06:00:00,74.20983123779297
srv-008,2017-06-16 07:00:00,74.0247573852539
srv-008,2017-06-16 08:00:00,71.98845672607422
srv-008,2017-06-16 09:00:00,68.8376235961914
srv-008,2017-06-16 10:00:00,66.13412475585938
srv-008,2017-06-16 11:00:00,72.23479461669922
srv-008,2017-06-16 12:00:00,74.60942840576172
srv-008,2017-06-16 13:00:00,78.62008666992188
srv-008,2017-06-16 14:00:00,73.46765899658203
srv-008,2017-06-16 15:00:00,74.24701690673828
srv-008,2017-06-16 16:00:00,74.9366226196289
srv-008,2017-06-16 17:00:00,74.01895904541016
srv-008,2017-06-16 18:00:00,73.37628936767578
srv-008,2017-06-16 19:00:00,69.12169647216797
srv-008,2017-06-16 20:00:00,68.6043472290039
srv-008,2017-06-16 21:00:00,73.31110382080078
srv-008,2017-06-16 22:00:00,70.35176849365234
srv-008,2017-06-16 23:00:00,68.59587097167969
srv-008,2017-06-17 00:00:00,69.27332305908203
srv-008,2017-06-17 01:00:00,67.96694946289062
srv-008,2017-06-17 02:00:00,72.87317657470703
srv-008,2017-06-17 03:00:00,73.869873046875
srv-008,2017-06-17 04:00:00,76.94004821777344
srv-008,2017-06-17 05:00:00,76.76683807373047
srv-008,2017-06-17 06:00:00,70.83199310302734
srv-008,2017-06-17 07:00:00,70.07958984375
srv-008,2017-06-17 08:00:00,71.05254364013672
srv-008,2017-06-17 09:00:00,73.23139190673828
srv-008,2017-06-17 10:00:00,76.02819061279297
srv-008,2017-06-17 11:00:00,72.70633697509766
srv-008,2017-06-17 12:00:00,73.4736328125
srv-008,2017-06-17 13:00:00,75.53199005126953
srv-008,2017-06-17 14:00:00,75.447265625
srv-008,2017-06-17 15:00:00,77.78114318847656
srv-008,2017-06-17 16:00:00,73.37894439697266
srv-008,2017-06-17 17:00:00,71.6417465209961
srv-008,2017-06-17 18:00:00,75.58104705810547
srv-008,2017-06-17 19:00:00,76.60324096679688
srv-008,2017-06-17 20:00:00,76.53295135498047
srv-008,2017-06-17 21:00:00,70.29010772705078
srv-008,2017-06-17 22:00:00,67.78741455078125
srv-008,2017-06-17 23:00:00,72.22457122802734
srv-008,2017-06-18 00:00:00,69.55145263671875
srv-008,2017-06-18 01:00:00,71.62571716308594
srv-008,2017-06-18 02:00:00,70.80310821533203
srv-008,2017-06-18 03:00:00,69.42255401611328
srv-008,2017-06-18 04:00:00,71.79373168945312
srv-008,2017-06-18 05:00:00,73.0624008178711
srv-008,2017-06-18 06:00:00,73.6902847290039
srv-008,2017-06-18 07:00:00,72.94444274902344
srv-008,2017-06-18 08:00:00,74.1436996459961
srv-008,2017-06-18 09:00:00,76.19194793701172
srv-008,2017-06-18 10:00:00,77.90917205810547
srv-008,2017-06-18 11:00:00,77.16170501708984
srv-008,2017-06-18 12:00:00,79.04277801513672
srv-008,2017-06-18 13:00:00,77.57595825195312
srv-008,2017-06-18 14:00:00,78.64837646484375
srv-008,2017-06-18 15:00:00,78.07881164550781
srv-008,2017-06-18 16:00:00,76.09756469726562
srv-008,2017-06-18 17:00:00,76.9445571899414
srv-008,2017-06-18 18:00:00,75.44759368896484
srv-008,2017-06-18 19:00:00,72.08700561523438
srv-008,2017-06-18 20:00:00,67.61209869384766
srv-008,2017-06-18 21:00:00,69.8407211303711
srv-008,2017-06-18 22:00:00,65.9081039428711
srv-008,2017-06-18 23:00:00,72.21717071533203
srv-008,2017-06-19 00:00:00,65.4928207397461
srv-008,2017-06-19 01:00:00,64.42977142333984
srv-008,2017-06-19 02:00:00,66.52547454833984
srv-008,2017-06-19 03:00:00,71.14502716064453
srv-008,2017-06-19 04:00:00,72.5439224243164
srv-008,2017-06-19 05:00:00,73.17566680908203
srv-008,2017-06-19 06:00:00,70.20250701904297
srv-008,2017-06-19 07:00:00,68.37159729003906
srv-008,2017-06-19 08:00:00,72.45992279052734
srv-008,2017-06-19 09:00:00,72.8169937133789
srv-008,2017-06-19 10:00:00,77.22942352294922
srv-008,2017-06-19 11:00:00,75.28589630126953
srv-008,2017-06-19 12:00:00,80.55156707763672
srv-008,2017-06-19 13:00:00,78.4386978149414
srv-008,2017-06-19 14:00:00,79.9554672241211
srv-008,2017-06-19 15:00:00,81.9698257446289
srv-008,2017-06-19 16:00:00,81.5890121459961
srv-008,2017-06-19 17:00:00,80.52182006835938
srv-008,2017-06-19 18:00:00,78.09821319580078
srv-008,2017-06-19 19:00:00,79.1612548828125
srv-008,2017-06-19 20:00:00,77.45358276367188
srv-008,2017-06-19 21:00:00,75.42344665527344
srv-008,2017-06-19 22:00:00,75.10286712646484
srv-008,2017-06-19 23:00:00,76.07459259033203
srv-008,2017-06-20 00:00:00,76.85100555419922
srv-008,2017-06-20 01:00:00,77.36541748046875
srv-008,2017-06-20 02:00:00,78.34284210205078
srv-008,2017-06-20 03:00:00,79.0574951171875
srv-008,2017-06-20 04:00:00,80.93126678466797
srv-008,2017-06-20 05:00:00,78.7923812866211
srv-008,2017-06-20 06:00:00,81.10321807861328
srv-008,2017-06-20 07:00:00,82.15001678466797
srv-008,2017-06-20 08:00:00,82.89237976074219
srv-008,2017-06-20 09:00:00,80.56063079833984
srv-008,2017-06-20 10:00:00,79.67232513427734
srv-008,2017-06-20 11:00:00,80.44014739990234
srv-008,2017-06-20 12:00:00,80.97618865966797
srv-008,2017-06-20 13:00:00,81.30079650878906
srv-008,2017-06-20 14:00:00,82.65612030029297
srv-008,2017-06-20 15:00:00,81.42889404296875
srv-008,2017-06-20 16:00:00,78.68222045898438
srv-008,2017-06-20 17:00:00,79.9600830078125
srv-008,2017-06-20 18:00:00,80.81714630126953
srv-008,2017-06-20 19:00:00,79.77852630615234
srv-008,2017-06-20 20:00:00,80.53734588623047
srv-008,2017-06-20 21:00:00,81.5798568725586
srv-008,2017-06-20 22:00:00,82.84284973144531
srv-008,2017-06-20 23:00:00,79.8600845336914
srv-008,2017-06-21 00:00:00,75.72947692871094
srv-008,2017-06-21 01:00:00,76.2965316772461
srv-008,2017-06-21 02:00:00,78.67363739013672
srv-008,2017-06-21 03:00:00,78.0870132446289
srv-008,2017-06-21 04:00:00,77.72093200683594
srv-008,2017-06-21 05:00:00,75.90950775146484
srv-008,2017-06-21 06:00:00,80.1807861328125
srv-008,2017-06-21 07:00:00,80.52595520019531
srv-008,2017-06-21 08:00:00,82.35069274902344
srv-008,2017-06-21 09:00:00,79.84769439697266
srv-008,2017-06-21 10:00:00,82.39322662353516
srv-008,2017-06-21 11:00:00,81.28124237060547
srv-008,2017-06-21 12:00:00,78.94524383544922
srv-008,2017-06-21 13:00:00,75.52455139160156
srv-008,2017-06-21 14:00:00,76.04338836669922
srv-008,2017-06-21 15:00:00,78.03421783447266
srv-008,2017-06-21 16:00:00,78.72472381591797
srv-008,2017-06-21 17:00:00,80.6688461303711
srv-008,2017-06-21 18:00:00,80.51624298095703
srv-008,2017-06-21 19:00:00,79.96701049804688
srv-008,2017-06-21 20:00:00,80.49503326416016
srv-008,2017-06-21 21:00:00,82.17932891845703
srv-008,2017-06-21 22:00:00,79.56112670898438
srv-008,2017-06-21 23:00:00,76.14595031738281
srv-008,2017-06-22 00:00:00,74.85761260986328
srv-008,2017-06-22 01:00:00,73.66991424560547
srv-008,2017-06-22 02:00:00,69.85796356201172
srv-008,2017-06-22 03:00:00,76.39240264892578
srv-008,2017-06-22 04:00:00,73.82624816894531
srv-008,2017-06-22 05:00:00,78.39481353759766
srv-008,2017-06-22 06:00:00,80.5976791381836
srv-008,2017-06-22 07:00:00,81.52173614501953
srv-008,2017-06-22 08:00:00,81.05752563476562
srv-008,2017-06-22 09:00:00,76.53297424316406
srv-008,2017-06-22 10:00:00,78.33013153076172
srv-008,2017-06-22 11:00:00,79.8287353515625
srv-008,2017-06-22 12:00:00,81.01651763916016
srv-008,2017-06-22 13:00:00,80.54344177246094
srv-008,2017-06-22 14:00:00,79.90589141845703
srv-008,2017-06-22 15:00:00,79.2305908203125
srv-008,2017-06-22 16:00:00,81.14152526855469
srv-008,2017-06-22 17:00:00,81.8207778930664
srv-008,2017-06-22 18:00:00,81.5969009399414
srv-008,2017-06-22 19:00:00,83.0580062866211
srv-008,2017-06-22 20:00:00,80.2137680053711
srv-008,2017-06-22 21:00:00,78.5842514038086
srv-008,2017-06-22 22:00:00,76.0976791381836
srv-008,2017-06-22 23:00:00,75.64928436279297
srv-008,2017-06-23 00:00:00,72.79193878173828
srv-008,2017-06-23 01:00:00,76.23192596435547
srv-008,2017-06-23 02:00:00,75.73404693603516
srv-008,2017-06-23 03:00:00,71.35735321044922
srv-008,2017-06-23 04:00:00,73.3894271850586
srv-008,2017-06-23 05:00:00,76.69750213623047
srv-008,2017-06-23 06:00:00,73.12560272216797
srv-008,2017-06-23 07:00:00,71.4999008178711
srv-008,2017-06-23 08:00:00,74.70304107666016
srv-008,2017-06-23 09:00:00,70.75678253173828
srv-008,2017-06-23 10:00:00,77.5877685546875
srv-008,2017-06-23 11:00:00,75.97392272949219
srv-008,2017-06-23 12:00:00,79.71839141845703
srv-008,2017-06-23 13:00:00,79.60102844238281
srv-008,2017-06-23 14:00:00,76.58332061767578
srv-008,2017-06-23 15:00:00,77.4251480102539
srv-008,2017-06-23 16:00:00,76.85916900634766
srv-008,2017-06-23 17:00:00,73.31846618652344
srv-008,2017-06-23 18:00:00,76.54401397705078
srv-008,2017-06-23 19:00:00,73.19293212890625
srv-008,2017-06-23 20:00:00,73.87639617919922
srv-008,2017-06-23 21:00:00,71.46228790283203
srv-008,2017-06-23 22:00:00,67.57945251464844
srv-008,2017-06-23 23:00:00,69.88972473144531
srv-008,2017-06-24 00:00:00,70.9026870727539
srv-008,2017-06-24 01:00:00,72.14791107177734
srv-008,2017-06-24 02:00:00,70.2783432006836
srv-008,2017-06-24 03:00:00,66.53904724121094
srv-008,2017-06-24 04:00:00,72.10199737548828
srv-008,2017-06-24 05:00:00,67.66256713867188
srv-008,2017-06-24 06:00:00,70.00556182861328
srv-008,2017-06-24 07:00:00,69.97278594970703
srv-008,2017-06-24 08:00:00,72.12080383300781
srv-008,2017-06-24 09:00:00,72.13451385498047
srv-008,2017-06-24 10:00:00,69.70935821533203
srv-008,2017-06-24 11:00:00,72.47016906738281
srv-008,2017-06-24 12:00:00,77.8710708618164
srv-008,2017-06-24 13:00:00,79.62041473388672
srv-008,2017-06-24 14:00:00,82.51779174804688
srv-008,2017-06-24 15:00:00,78.06270599365234
srv-008,2017-06-24 16:00:00,75.32939910888672
srv-008,2017-06-24 17:00:00,76.8174819946289
srv-008,2017-06-24 18:00:00,78.9218978881836
srv-008,2017-06-24 19:00:00,76.45171356201172
srv-008,2017-06-24 20:00:00,73.78312683105469
srv-008,2017-06-24 21:00:00,75.3690414428711
srv-008,2017-06-24 22:00:00,70.60356140136719
srv-008,2017-06-24 23:00:00,72.25609588623047
srv-008,2017-06-25 00:00:00,67.78386688232422
srv-008,2017-06-25 01:00:00,70.49150848388672
srv-008,2017-06-25 02:00:00,68.11565399169922
srv-008,2017-06-25 03:00:00,69.7231216430664
srv-008,2017-06-25 04:00:00,73.87034606933594
srv-008,2017-06-25 05:00:00,69.88117218017578
srv-008,2017-06-25 06:00:00,67.1875991821289
srv-008,2017-06-25 07:00:00,70.5113296508789
srv-008,2017-06-25 08:00:00,72.62871551513672
srv-008,2017-06-25 09:00:00,75.90005493164062
srv-008,2017-06-25 10:00:00,76.03777313232422
srv-008,2017-06-25 11:00:00,77.56366729736328
srv-008,2017-06-25 12:00:00,78.57394409179688
srv-008,2017-06-25 13:00:00,77.81702423095703
srv-008,2017-06-25 14:00:00,75.60228729248047
srv-008,2017-06-25 15:00:00,77.68653106689453
srv-008,2017-06-25 16:00:00,77.37752532958984
srv-008,2017-06-25 17:00:00,76.658203125
srv-008,2017-06-25 18:00:00,76.34465026855469
srv-008,2017-06-25 19:00:00,76.5939712524414
srv-008,2017-06-25 20:00:00,73.63834381103516
srv-008,2017-06-25 21:00:00,73.44284057617188
srv-008,2017-06-25 22:00:00,70.7659683227539
srv-008,2017-06-25 23:00:00,71.25436401367188
srv-008,2017-06-26 00:00:00,65.09400177001953
srv-008,2017-06-26 01:00:00,67.88138580322266
srv-008,2017-06-26 02:00:00,69.41345977783203
srv-008,2017-06-26 03:00:00,66.39012908935547
srv-008,2017-06-26 04:00:00,64.68895721435547
srv-008,2017-06-26 05:00:00,62.624141693115234
srv-008,2017-06-26 06:00:00,63.480987548828125
srv-008,2017-06-26 07:00:00,69.2719955444336
srv-008,2017-06-26 08:00:00,72.46992492675781
srv-008,2017-06-26 09:00:00,74.70938873291016
srv-008,2017-06-26 10:00:00,76.58081817626953
srv-008,2017-06-26 11:00:00,77.20940399169922
srv-008,2017-06-26 12:00:00,80.22216033935547
srv-008,2017-06-26 13:00:00,79.3791275024414
srv-008,2017-06-26 14:00:00,74.84644317626953
srv-008,2017-06-26 15:00:00,74.33370208740234
srv-008,2017-06-26 16:00:00,76.22530364990234
srv-008,2017-06-26 17:00:00,77.0630111694336
srv-008,2017-06-26 18:00:00,74.2200698852539
srv-008,2017-06-26 19:00:00,72.32294464111328
srv-008,2017-06-26 20:00:00,72.5558090209961
srv-008,2017-06-26 21:00:00,73.58544158935547
srv-008,2017-06-26 22:00:00,74.46737670898438
srv-008,2017-06-26 23:00:00,77.67166900634766
srv-008,2017-06-27 00:00:00,73.4695053100586
srv-008,2017-06-27 01:00:00,71.5882797241211
srv-008,2017-06-27 02:00:00,71.35749053955078
srv-008,2017-06-27 03:00:00,74.77790832519531
srv-008,2017-06-27 04:00:00,70.70648956298828
srv-008,2017-06-27 05:00:00,69.60929107666016
srv-008,2017-06-27 06:00:00,74.11161041259766
srv-008,2017-06-27 07:00:00,74.02532196044922
srv-008,2017-06-27 08:00:00,74.27953338623047
srv-008,2017-06-27 09:00:00,75.32550811767578
srv-008,2017-06-27 10:00:00,76.70781707763672
srv-008,2017-06-27 11:00:00,80.78911590576172
srv-008,2017-06-27 12:00:00,81.20099639892578
srv-008,2017-06-27 13:00:00,82.12213897705078
srv-008,2017-06-27 14:00:00,80.94459533691406
srv-008,2017-06-27 15:00:00,79.1375961303711
srv-008,2017-06-27 16:00:00,80.06233215332031
srv-008,2017-06-27 17:00:00,81.09709930419922
srv-008,2017-06-27 18:00:00,79.7660903930664
srv-008,2017-06-27 19:00:00,79.53148651123047
srv-008,2017-06-27 20:00:00,81.54916381835938
srv-008,2017-06-27 21:00:00,76.93817901611328
srv-008,2017-06-27 22:00:00,76.83930206298828
srv-008,2017-06-27 23:00:00,79.88938903808594
srv-008,2017-06-28 00:00:00,74.89189910888672
srv-008,2017-06-28 01:00:00,71.6948013305664
srv-008,2017-06-28 02:00:00,72.73853302001953
srv-008,2017-06-28 03:00:00,75.53992462158203
srv-008,2017-06-28 04:00:00,75.8963851928711
srv-008,2017-06-28 05:00:00,75.33345794677734
srv-008,2017-06-28 06:00:00,77.15480041503906
srv-008,2017-06-28 07:00:00,81.15099334716797
srv-008,2017-06-28 08:00:00,79.23033905029297
srv-008,2017-06-28 09:00:00,81.1316146850586
srv-008,2017-06-28 10:00:00,81.457763671875
srv-008,2017-06-28 11:00:00,82.46465301513672
srv-008,2017-06-28 12:00:00,84.14568328857422
srv-008,2017-06-28 13:00:00,81.98419189453125
srv-008,2017-06-28 14:00:00,81.15003967285156
srv-008,2017-06-28 15:00:00,83.3333969116211
srv-008,2017-06-28 16:00:00,80.30076599121094
srv-008,2017-06-28 17:00:00,78.8414077758789
srv-008,2017-06-28 18:00:00,78.64118194580078
srv-008,2017-06-28 19:00:00,78.78862762451172
srv-008,2017-06-28 20:00:00,74.41166687011719
srv-008,2017-06-28 21:00:00,76.56958770751953
srv-008,2017-06-28 22:00:00,77.11966705322266
srv-008,2017-06-28 23:00:00,75.73654174804688
srv-008,2017-06-29 00:00:00,75.25756072998047
srv-008,2017-06-29 01:00:00,73.6400146484375
srv-008,2017-06-29 02:00:00,73.52871704101562
srv-008,2017-06-29 03:00:00,77.40478515625
srv-008,2017-06-29 04:00:00,79.57592010498047
srv-008,2017-06-29 05:00:00,80.45728302001953
srv-008,2017-06-29 06:00:00,83.5605239868164
srv-008,2017-06-29 07:00:00,83.89214324951172
srv-008,2017-06-29 08:00:00,82.72626495361328
srv-008,2017-06-29 09:00:00,80.89641571044922
srv-008,2017-06-29 10:00:00,80.84538269042969
srv-008,2017-06-29 11:00:00,81.82156372070312
srv-008,2017-06-29 12:00:00,81.50750732421875
srv-008,2017-06-29 13:00:00,82.17144775390625
srv-008,2017-06-29 14:00:00,81.11905670166016
srv-008,2017-06-29 15:00:00,77.8575668334961
srv-008,2017-06-29 16:00:00,76.54520416259766
srv-008,2017-06-29 17:00:00,79.48174285888672
srv-008,2017-06-29 18:00:00,78.5146713256836
srv-008,2017-06-29 19:00:00,81.77086639404297
srv-008,2017-06-29 20:00:00,78.32305145263672
srv-008,2017-06-29 21:00:00,77.72891998291016
srv-008,2017-06-29 22:00:00,72.94110870361328
srv-008,2017-06-29 23:00:00,74.93101501464844
srv-008,2017-06-30 00:00:00,73.39119720458984
srv-008,2017-06-30 01:00:00,77.04488372802734
srv-008,2017-06-30 02:00:00,74.17890930175781
srv-008,2017-06-30 03:00:00,74.60668182373047
srv-008,2017-06-30 04:00:00,75.4774398803711
srv-008,2017-06-30 05:00:00,73.90149688720703
srv-008,2017-06-30 06:00:00,71.33267974853516
srv-008,2017-06-30 07:00:00,70.75358581542969
srv-008,2017-06-30 08:00:00,74.71765899658203
srv-008,2017-06-30 09:00:00,69.7306137084961
srv-008,2017-06-30 10:00:00,74.1886978149414
srv-008,2017-06-30 11:00:00,75.26615142822266
srv-008,2017-06-30 12:00:00,79.49361419677734
srv-008,2017-06-30 13:00:00,75.80402374267578
srv-008,2017-06-30 14:00:00,78.41465759277344
srv-008,2017-06-30 15:00:00,74.87133026123047
srv-008,2017-06-30 16:00:00,78.0333480834961
srv-008,2017-06-30 17:00:00,75.68234252929688
srv-008,2017-06-30 18:00:00,73.64628601074219
srv-008,2017-06-30 19:00:00,69.14612579345703
srv-008,2017-06-30 20:00:00,66.97166442871094
srv-008,2017-06-30 21:00:00,68.31725311279297
srv-008,2017-06-30 22:00:00,68.72605895996094
srv-008,2017-06-30 23:00:00,70.66902923583984
srv-009,2017-06-01 23:00:00,34.39036560058594
srv-009,2017-06-02 00:00:00,33.588985443115234
srv-009,2017-06-02 01:00:00,32.5578727722168
srv-009,2017-06-02 02:00:00,33.22370529174805
srv-009,2017-06-02 03:00:00,32.61707305908203
srv-009,2017-06-02 04:00:00,32.29564666748047
srv-009,2017-06-02 05:00:00,30.687681198120117
srv-009,2017-06-02 06:00:00,31.89116668701172
srv-009,2017-06-02 07:00:00,32.37588119506836
srv-009,2017-06-02 08:00:00,33.26340103149414
srv-009,2017-06-02 09:00:00,30.758867263793945
srv-009,2017-06-02 10:00:00,29.64296531677246
srv-009,2017-06-02 11:00:00,29.72953987121582
srv-009,2017-06-02 12:00:00,29.417743682861328
srv-009,2017-06-02 13:00:00,29.99140739440918
srv-009,2017-06-02 14:00:00,30.75076675415039
srv-009,2017-06-02 15:00:00,31.342432022094727
srv-009,2017-06-02 16:00:00,36.82735061645508
srv-009,2017-06-02 17:00:00,31.919151306152344
srv-009,2017-06-02 18:00:00,31.943775177001953
srv-009,2017-06-02 19:00:00,33.159053802490234
srv-009,2017-06-02 20:00:00,32.396759033203125
srv-009,2017-06-02 21:00:00,31.89804458618164
srv-009,2017-06-02 22:00:00,31.720115661621094
srv-009,2017-06-02 23:00:00,31.723541259765625
srv-009,2017-06-03 00:00:00,30.96640396118164
srv-009,2017-06-03 01:00:00,30.7510929107666
srv-009,2017-06-03 02:00:00,29.359188079833984
srv-009,2017-06-03 03:00:00,29.833171844482422
srv-009,2017-06-03 04:00:00,30.69455909729004
srv-009,2017-06-03 05:00:00,31.88399314880371
srv-009,2017-06-03 06:00:00,30.390901565551758
srv-009,2017-06-03 07:00:00,30.691417694091797
srv-009,2017-06-03 08:00:00,30.70431900024414
srv-009,2017-06-03 09:00:00,30.224456787109375
srv-009,2017-06-03 10:00:00,30.324155807495117
srv-009,2017-06-03 11:00:00,30.659589767456055
srv-009,2017-06-03 12:00:00,31.226947784423828
srv-009,2017-06-03 13:00:00,31.14981460571289
srv-009,2017-06-03 14:00:00,31.88751792907715
srv-009,2017-06-03 15:00:00,32.92090606689453
srv-009,2017-06-03 16:00:00,32.85356521606445
srv-009,2017-06-03 17:00:00,32.190921783447266
srv-009,2017-06-03 18:00:00,33.006282806396484
srv-009,2017-06-03 19:00:00,32.58671569824219
srv-009,2017-06-03 20:00:00,33.42041778564453
srv-009,2017-06-03 21:00:00,34.18659973144531
srv-009,2017-06-03 22:00:00,32.56117630004883
srv-009,2017-06-03 23:00:00,30.51990509033203
srv-009,2017-06-04 00:00:00,28.81089973449707
srv-009,2017-06-04 01:00:00,28.463747024536133
srv-009,2017-06-04 02:00:00,28.95099449157715
srv-009,2017-06-04 03:00:00,35.33245086669922
srv-009,2017-06-04 04:00:00,31.560571670532227
srv-009,2017-06-04 05:00:00,31.113845825195312
srv-009,2017-06-04 06:00:00,32.020565032958984
srv-009,2017-06-04 07:00:00,30.819326400756836
srv-009,2017-06-04 08:00:00,31.603296279907227
srv-009,2017-06-04 09:00:00,33.483280181884766
srv-009,2017-06-04 10:00:00,33.47489929199219
srv-009,2017-06-04 11:00:00,31.524600982666016
srv-009,2017-06-04 12:00:00,32.24563217163086
srv-009,2017-06-04 13:00:00,31.634450912475586
srv-009,2017-06-04 14:00:00,32.24317169189453
srv-009,2017-06-04 15:00:00,32.26286315917969
srv-009,2017-06-04 16:00:00,34.607688903808594
srv-009,2017-06-04 17:00:00,31.28880500793457
srv-009,2017-06-04 18:00:00,32.56879425048828
srv-009,2017-06-04 19:00:00,32.664955139160156
srv-009,2017-06-04 20:00:00,29.31792640686035
srv-009,2017-06-04 21:00:00,30.380672454833984
srv-009,2017-06-04 22:00:00,31.979310989379883
srv-009,2017-06-04 23:00:00,30.715848922729492
srv-009,2017-06-05 00:00:00,30.025875091552734
srv-009,2017-06-05 01:00:00,29.048809051513672
srv-009,2017-06-05 02:00:00,30.304964065551758
srv-009,2017-06-05 03:00:00,30.235063552856445
srv-009,2017-06-05 04:00:00,30.207517623901367
srv-009,2017-06-05 05:00:00,30.423898696899414
srv-009,2017-06-05 06:00:00,31.040388107299805
srv-009,2017-06-05 07:00:00,31.13436508178711
srv-009,2017-06-05 08:00:00,30.58289909362793
srv-009,2017-06-05 09:00:00,29.714290618896484
srv-009,2017-06-05 10:00:00,30.877634048461914
srv-009,2017-06-05 11:00:00,29.604616165161133
srv-009,2017-06-05 12:00:00,30.632841110229492
srv-009,2017-06-05 13:00:00,32.18088912963867
srv-009,2017-06-05 14:00:00,32.68144989013672
srv-009,2017-06-05 15:00:00,33.908592224121094
srv-009,2017-06-05 16:00:00,32.49560546875
srv-009,2017-06-05 17:00:00,30.791257858276367
srv-009,2017-06-05 18:00:00,31.107351303100586
srv-009,2017-06-05 19:00:00,31.515117645263672
srv-009,2017-06-05 20:00:00,30.720903396606445
srv-009,2017-06-05 21:00:00,31.19809341430664
srv-009,2017-06-05 22:00:00,31.209455490112305
srv-009,2017-06-05 23:00:00,31.8437557220459
srv-009,2017-06-06 00:00:00,31.46047592163086
srv-009,2017-06-06 01:00:00,31.809551239013672
srv-009,2017-06-06 02:00:00,32.31560516357422
srv-009,2017-06-06 03:00:00,32.47090148925781
srv-009,2017-06-06 04:00:00,31.67900848388672
srv-009,2017-06-06 05:00:00,31.26316261291504
srv-009,2017-06-06 06:00:00,32.30010986328125
srv-009,2017-06-06 07:00:00,33.781864166259766
srv-009,2017-06-06 08:00:00,34.3686408996582
srv-009,2017-06-06 09:00:00,34.894325256347656
srv-009,2017-06-06 10:00:00,33.234161376953125
srv-009,2017-06-06 11:00:00,31.385377883911133
srv-009,2017-06-06 12:00:00,31.182893753051758
srv-009,2017-06-06 13:00:00,32.82368469238281
srv-009,2017-06-06 14:00:00,33.19843292236328
srv-009,2017-06-06 15:00:00,34.63313293457031
srv-009,2017-06-06 16:00:00,34.217891693115234
srv-009,2017-06-06 17:00:00,33.62052536010742
srv-009,2017-06-06 18:00:00,33.973182678222656
srv-009,2017-06-06 19:00:00,31.84769630432129
srv-009,2017-06-06 20:00:00,32.84173583984375
srv-009,2017-06-06 21:00:00,32.9847297668457
srv-009,2017-06-06 22:00:00,31.215810775756836
srv-009,2017-06-06 23:00:00,31.591474533081055
srv-009,2017-06-07 00:00:00,32.26102066040039
srv-009,2017-06-07 01:00:00,31.95625114440918
srv-009,2017-06-07 02:00:00,33.14564514160156
srv-009,2017-06-07 03:00:00,32.63700485229492
srv-009,2017-06-07 04:00:00,33.65583801269531
srv-009,2017-06-07 05:00:00,33.07111740112305
srv-009,2017-06-07 06:00:00,30.02921485900879
srv-009,2017-06-07 07:00:00,32.16006851196289
srv-009,2017-06-07 08:00:00,32.663597106933594
srv-009,2017-06-07 09:00:00,33.96494674682617
srv-009,2017-06-07 10:00:00,33.278865814208984
srv-009,2017-06-07 11:00:00,33.3085823059082
srv-009,2017-06-07 12:00:00,33.26788330078125
srv-009,2017-06-07 13:00:00,33.16648483276367
srv-009,2017-06-07 14:00:00,33.56648254394531
srv-009,2017-06-07 15:00:00,34.167510986328125
srv-009,2017-06-07 16:00:00,34.71784210205078
srv-009,2017-06-07 17:00:00,34.92497253417969
srv-009,2017-06-07 18:00:00,35.17973709106445
srv-009,2017-06-07 19:00:00,33.875732421875
srv-009,2017-06-07 20:00:00,34.396324157714844
srv-009,2017-06-07 21:00:00,34.2310905456543
srv-009,2017-06-07 22:00:00,33.41508865356445
srv-009,2017-06-07 23:00:00,33.224117279052734
srv-009,2017-06-08 00:00:00,33.31344985961914
srv-009,2017-06-08 01:00:00,33.64657974243164
srv-009,2017-06-08 02:00:00,32.854087829589844
srv-009,2017-06-08 03:00:00,33.01145935058594
srv-009,2017-06-08 04:00:00,32.02729797363281
srv-009,2017-06-08 05:00:00,33.51971435546875
srv-009,2017-06-08 06:00:00,32.030967712402344
srv-009,2017-06-08 07:00:00,30.883493423461914
srv-009,2017-06-08 08:00:00,30.761777877807617
srv-009,2017-06-08 09:00:00,31.522153854370117
srv-009,2017-06-08 10:00:00,32.0753173828125
srv-009,2017-06-08 11:00:00,33.50848388671875
srv-009,2017-06-08 12:00:00,32.38925552368164
srv-009,2017-06-08 13:00:00,31.75490379333496
srv-009,2017-06-08 14:00:00,32.93647384643555
srv-009,2017-06-08 15:00:00,33.21354293823242
srv-009,2017-06-08 16:00:00,33.008995056152344
srv-009,2017-06-08 17:00:00,33.21733474731445
srv-009,2017-06-08 18:00:00,32.27339172363281
srv-009,2017-06-08 19:00:00,32.70877456665039
srv-009,2017-06-08 20:00:00,31.345455169677734
srv-009,2017-06-08 21:00:00,30.658594131469727
srv-009,2017-06-08 22:00:00,31.695833206176758
srv-009,2017-06-08 23:00:00,31.3665771484375
srv-009,2017-06-09 00:00:00,31.354816436767578
srv-009,2017-06-09 01:00:00,31.21067237854004
srv-009,2017-06-09 02:00:00,32.1617431640625
srv-009,2017-06-09 03:00:00,34.857688903808594
srv-009,2017-06-09 04:00:00,34.50834274291992
srv-009,2017-06-09 05:00:00,32.967742919921875
srv-009,2017-06-09 06:00:00,30.97019386291504
srv-009,2017-06-09 07:00:00,31.34526252746582
srv-009,2017-06-09 08:00:00,32.477542877197266
srv-009,2017-06-09 09:00:00,32.06679916381836
srv-009,2017-06-09 10:00:00,31.927644729614258
srv-009,2017-06-09 11:00:00,31.105257034301758
srv-009,2017-06-09 12:00:00,31.36640739440918
srv-009,2017-06-09 13:00:00,31.092632293701172
srv-009,2017-06-09 14:00:00,31.060638427734375
srv-009,2017-06-09 15:00:00,31.220230102539062
srv-009,2017-06-09 16:00:00,31.75727081298828
srv-009,2017-06-09 17:00:00,31.433860778808594
srv-009,2017-06-09 18:00:00,31.935468673706055
srv-009,2017-06-09 19:00:00,30.480504989624023
srv-009,2017-06-09 20:00:00,30.21056365966797
srv-009,2017-06-09 21:00:00,31.249753952026367
srv-009,2017-06-09 22:00:00,29.296728134155273
srv-009,2017-06-09 23:00:00,27.712547302246094
srv-009,2017-06-10 00:00:00,27.69526481628418
srv-009,2017-06-10 01:00:00,28.760839462280273
srv-009,2017-06-10 02:00:00,29.429182052612305
srv-009,2017-06-10 03:00:00,31.75264549255371
srv-009,2017-06-10 04:00:00,31.83232307434082
srv-009,2017-06-10 05:00:00,30.6638240814209
srv-009,2017-06-10 06:00:00,31.220108032226562
srv-009,2017-06-10 07:00:00,31.30483627319336
srv-009,2017-06-10 08:00:00,31.936948776245117
srv-009,2017-06-10 09:00:00,32.493934631347656
srv-009,2017-06-10 10:00:00,33.13005828857422
srv-009,2017-06-10 11:00:00,34.30622100830078
srv-009,2017-06-10 12:00:00,33.51188659667969
srv-009,2017-06-10 13:00:00,30.630891799926758
srv-009,2017-06-10 14:00:00,30.001352310180664
srv-009,2017-06-10 15:00:00,32.484161376953125
srv-009,2017-06-10 16:00:00,32.133026123046875
srv-009,2017-06-10 17:00:00,33.731658935546875
srv-009,2017-06-10 18:00:00,34.656246185302734
srv-009,2017-06-10 19:00:00,34.22934341430664
srv-009,2017-06-10 20:00:00,34.390201568603516
srv-009,2017-06-10 21:00:00,32.829280853271484
srv-009,2017-06-10 22:00:00,30.232345581054688
srv-009,2017-06-10 23:00:00,31.10233497619629
srv-009,2017-06-11 00:00:00,30.858474731445312
srv-009,2017-06-11 01:00:00,28.292701721191406
srv-009,2017-06-11 02:00:00,31.46645736694336
srv-009,2017-06-11 03:00:00,30.961118698120117
srv-009,2017-06-11 04:00:00,31.05306053161621
srv-009,2017-06-11 05:00:00,28.99299430847168
srv-009,2017-06-11 06:00:00,30.323932647705078
srv-009,2017-06-11 07:00:00,30.788862228393555
srv-009,2017-06-11 08:00:00,30.956418991088867
srv-009,2017-06-11 09:00:00,30.97603416442871
srv-009,2017-06-11 10:00:00,31.56800651550293
srv-009,2017-06-11 11:00:00,31.14542579650879
srv-009,2017-06-11 12:00:00,31.388690948486328
srv-009,2017-06-11 13:00:00,31.22960090637207
srv-009,2017-06-11 14:00:00,31.111000061035156
srv-009,2017-06-11 15:00:00,33.81853485107422
srv-009,2017-06-11 16:00:00,33.80029296875
srv-009,2017-06-11 17:00:00,35.24315643310547
srv-009,2017-06-11 18:00:00,34.721126556396484
srv-009,2017-06-11 19:00:00,33.37008285522461
srv-009,2017-06-11 20:00:00,33.3014030456543
srv-009,2017-06-11 21:00:00,30.404531478881836
srv-009,2017-06-11 22:00:00,31.191099166870117
srv-009,2017-06-11 23:00:00,30.48202896118164
srv-009,2017-06-12 00:00:00,29.264690399169922
srv-009,2017-06-12 01:00:00,28.423826217651367
srv-009,2017-06-12 02:00:00,29.31393814086914
srv-009,2017-06-12 03:00:00,30.073467254638672
srv-009,2017-06-12 04:00:00,30.792125701904297
srv-009,2017-06-12 05:00:00,30.49017333984375
srv-009,2017-06-12 06:00:00,30.54493522644043
srv-009,2017-06-12 07:00:00,30.952255249023438
srv-009,2017-06-12 08:00:00,31.285449981689453
srv-009,2017-06-12 09:00:00,30.113645553588867
srv-009,2017-06-12 10:00:00,31.14182472229004
srv-009,2017-06-12 11:00:00,32.323238372802734
srv-009,2017-06-12 12:00:00,32.67341995239258
srv-009,2017-06-12 13:00:00,31.664522171020508
srv-009,2017-06-12 14:00:00,32.66513442993164
srv-009,2017-06-12 15:00:00,33.802677154541016
srv-009,2017-06-12 16:00:00,33.25996398925781
srv-009,2017-06-12 17:00:00,33.959598541259766
srv-009,2017-06-12 18:00:00,34.36570739746094
srv-009,2017-06-12 19:00:00,34.851985931396484
srv-009,2017-06-12 20:00:00,32.48929214477539
srv-009,2017-06-12 21:00:00,31.67103385925293
srv-009,2017-06-12 22:00:00,32.29531478881836
srv-009,2017-06-12 23:00:00,32.91629409790039
srv-009,2017-06-13 00:00:00,32.60126495361328
srv-009,2017-06-13 01:00:00,33.48102569580078
srv-009,2017-06-13 02:00:00,33.68932342529297
srv-009,2017-06-13 03:00:00,31.7633113861084
srv-009,2017-06-13 04:00:00,31.290586471557617
srv-009,2017-06-13 05:00:00,30.9137020111084
srv-009,2017-06-13 06:00:00,31.96988296508789
srv-009,2017-06-13 07:00:00,32.14529800415039
srv-009,2017-06-13 08:00:00,32.884422302246094
srv-009,2017-06-13 09:00:00,33.07872009277344
srv-009,2017-06-13 10:00:00,33.26862335205078
srv-009,2017-06-13 11:00:00,33.13039779663086
srv-009,2017-06-13 12:00:00,33.619693756103516
srv-009,2017-06-13 13:00:00,33.737388610839844
srv-009,2017-06-13 14:00:00,34.05718994140625
srv-009,2017-06-13 15:00:00,33.823604583740234
srv-009,2017-06-13 16:00:00,32.024688720703125
srv-009,2017-06-13 17:00:00,32.86446762084961
srv-009,2017-06-13 18:00:00,33.348388671875
srv-009,2017-06-13 19:00:00,33.50617980957031
srv-009,2017-06-13 20:00:00,32.786155700683594
srv-009,2017-06-13 21:00:00,31.63083839416504
srv-009,2017-06-13 22:00:00,31.49225425720215
srv-009,2017-06-13 23:00:00,32.16136169433594
srv-009,2017-06-14 00:00:00,32.20475769042969
srv-009,2017-06-14 01:00:00,33.34304428100586
srv-009,2017-06-14 02:00:00,35.11334991455078
srv-009,2017-06-14 03:00:00,35.37339401245117
srv-009,2017-06-14 04:00:00,34.78020477294922
srv-009,2017-06-14 05:00:00,34.991859436035156
srv-009,2017-06-14 06:00:00,32.88322067260742
srv-009,2017-06-14 07:00:00,33.44902420043945
srv-009,2017-06-14 08:00:00,33.023250579833984
srv-009,2017-06-14 09:00:00,34.22542953491211
srv-009,2017-06-14 10:00:00,35.6102409362793
srv-009,2017-06-14 11:00:00,35.672874450683594
srv-009,2017-06-14 12:00:00,35.86897277832031
srv-009,2017-06-14 13:00:00,33.76628112792969
srv-009,2017-06-14 14:00:00,34.024436950683594
srv-009,2017-06-14 15:00:00,33.787742614746094
srv-009,2017-06-14 16:00:00,33.30223846435547
srv-009,2017-06-14 17:00:00,33.13644790649414
srv-009,2017-06-14 18:00:00,32.686641693115234
srv-009,2017-06-14 19:00:00,32.351898193359375
srv-009,2017-06-14 20:00:00,37.1191520690918
srv-009,2017-06-14 21:00:00,36.397979736328125
srv-009,2017-06-14 22:00:00,36.16046905517578
srv-009,2017-06-14 23:00:00,34.347476959228516
srv-009,2017-06-15 00:00:00,34.63882064819336
srv-009,2017-06-15 01:00:00,35.118202209472656
srv-009,2017-06-15 02:00:00,33.01425552368164
srv-009,2017-06-15 03:00:00,34.0450439453125
srv-009,2017-06-15 04:00:00,34.12681579589844
srv-009,2017-06-15 05:00:00,32.62373352050781
srv-009,2017-06-15 06:00:00,32.280242919921875
srv-009,2017-06-15 07:00:00,32.57831954956055
srv-009,2017-06-15 08:00:00,32.73215866088867
srv-009,2017-06-15 09:00:00,33.12099838256836
srv-009,2017-06-15 10:00:00,32.853607177734375
srv-009,2017-06-15 11:00:00,33.19645690917969
srv-009,2017-06-15 12:00:00,33.320987701416016
srv-009,2017-06-15 13:00:00,33.1544189453125
srv-009,2017-06-15 14:00:00,33.799293518066406
srv-009,2017-06-15 15:00:00,32.2374382019043
srv-009,2017-06-15 16:00:00,32.68254089355469
srv-009,2017-06-15 17:00:00,33.22150802612305
srv-009,2017-06-15 18:00:00,31.95949363708496
srv-009,2017-06-15 19:00:00,33.013187408447266
srv-009,2017-06-15 20:00:00,33.2193717956543
srv-009,2017-06-15 21:00:00,34.09080123901367
srv-009,2017-06-15 22:00:00,31.85759925842285
srv-009,2017-06-15 23:00:00,30.801782608032227
srv-009,2017-06-16 00:00:00,31.166065216064453
srv-009,2017-06-16 01:00:00,31.812105178833008
srv-009,2017-06-16 02:00:00,32.079986572265625
srv-009,2017-06-16 03:00:00,31.401596069335938
srv-009,2017-06-16 04:00:00,32.376102447509766
srv-009,2017-06-16 05:00:00,32.04261779785156
srv-009,2017-06-16 06:00:00,31.70915412902832
srv-009,2017-06-16 07:00:00,29.979782104492188
srv-009,2017-06-16 08:00:00,29.376617431640625
srv-009,2017-06-16 09:00:00,30.54929542541504
srv-009,2017-06-16 10:00:00,30.99447250366211
srv-009,2017-06-16 11:00:00,32.60467529296875
srv-009,2017-06-16 12:00:00,30.493759155273438
srv-009,2017-06-16 13:00:00,30.699260711669922
srv-009,2017-06-16 14:00:00,31.355758666992188
srv-009,2017-06-16 15:00:00,30.240503311157227
srv-009,2017-06-16 16:00:00,31.017824172973633
srv-009,2017-06-16 17:00:00,30.951961517333984
srv-009,2017-06-16 18:00:00,30.918846130371094
srv-009,2017-06-16 19:00:00,30.516324996948242
srv-009,2017-06-16 20:00:00,30.832368850708008
srv-009,2017-06-16 21:00:00,29.108407974243164
srv-009,2017-06-16 22:00:00,29.633485794067383
srv-009,2017-06-16 23:00:00,29.241613388061523
srv-009,2017-06-17 00:00:00,32.10430908203125
srv-009,2017-06-17 01:00:00,31.140050888061523
srv-009,2017-06-17 02:00:00,30.537450790405273
srv-009,2017-06-17 03:00:00,30.361177444458008
srv-009,2017-06-17 04:00:00,30.4088191986084
srv-009,2017-06-17 05:00:00,30.357393264770508
srv-009,2017-06-17 06:00:00,30.671859741210938
srv-009,2017-06-17 07:00:00,30.140668869018555
srv-009,2017-06-17 08:00:00,30.961687088012695
srv-009,2017-06-17 09:00:00,31.15328598022461
srv-009,2017-06-17 10:00:00,31.189435958862305
srv-009,2017-06-17 11:00:00,31.984468460083008
srv-009,2017-06-17 12:00:00,31.749910354614258
srv-009,2017-06-17 13:00:00,30.038957595825195
srv-009,2017-06-17 14:00:00,32.01081466674805
srv-009,2017-06-17 15:00:00,31.088829040527344
srv-009,2017-06-17 16:00:00,35.16128158569336
srv-009,2017-06-17 17:00:00,34.471500396728516
srv-009,2017-06-17 18:00:00,31.908498764038086
srv-009,2017-06-17 19:00:00,32.336212158203125
srv-009,2017-06-17 20:00:00,32.08333969116211
srv-009,2017-06-17 21:00:00,30.534128189086914
srv-009,2017-06-17 22:00:00,30.307598114013672
srv-009,2017-06-17 23:00:00,30.267900466918945
srv-009,2017-06-18 00:00:00,31.61102867126465
srv-009,2017-06-18 01:00:00,31.799955368041992
srv-009,2017-06-18 02:00:00,32.37897872924805
srv-009,2017-06-18 03:00:00,33.05451583862305
srv-009,2017-06-18 04:00:00,28.748781204223633
srv-009,2017-06-18 05:00:00,30.3847599029541
srv-009,2017-06-18 06:00:00,31.532007217407227
srv-009,2017-06-18 07:00:00,30.973588943481445
srv-009,2017-06-18 08:00:00,31.481035232543945
srv-009,2017-06-18 09:00:00,31.547473907470703
srv-009,2017-06-18 10:00:00,32.04927444458008
srv-009,2017-06-18 11:00:00,32.51205825805664
srv-009,2017-06-18 12:00:00,32.55796432495117
srv-009,2017-06-18 13:00:00,33.98050308227539
srv-009,2017-06-18 14:00:00,33.367515563964844
srv-009,2017-06-18 15:00:00,35.20859146118164
srv-009,2017-06-18 16:00:00,33.044063568115234
srv-009,2017-06-18 17:00:00,32.176395416259766
srv-009,2017-06-18 18:00:00,32.8675651550293
srv-009,2017-06-18 19:00:00,32.958900451660156
srv-009,2017-06-18 20:00:00,31.44025421142578
srv-009,2017-06-18 21:00:00,32.50468826293945
srv-009,2017-06-18 22:00:00,32.936180114746094
srv-009,2017-06-18 23:00:00,32.96117401123047
srv-009,2017-06-19 00:00:00,29.39906883239746
srv-009,2017-06-19 01:00:00,30.258398056030273
srv-009,2017-06-19 02:00:00,31.879358291625977
srv-009,2017-06-19 03:00:00,31.035247802734375
srv-009,2017-06-19 04:00:00,29.005603790283203
srv-009,2017-06-19 05:00:00,29.970998764038086
srv-009,2017-06-19 06:00:00,29.904478073120117
srv-009,2017-06-19 07:00:00,28.693429946899414
srv-009,2017-06-19 08:00:00,29.645450592041016
srv-009,2017-06-19 09:00:00,29.97971534729004
srv-009,2017-06-19 10:00:00,30.93731117248535
srv-009,2017-06-19 11:00:00,31.748483657836914
srv-009,2017-06-19 12:00:00,32.23411178588867
srv-009,2017-06-19 13:00:00,34.097198486328125
srv-009,2017-06-19 14:00:00,34.31800842285156
srv-009,2017-06-19 15:00:00,34.301300048828125
srv-009,2017-06-19 16:00:00,33.734806060791016
srv-009,2017-06-19 17:00:00,34.244606018066406
srv-009,2017-06-19 18:00:00,33.228919982910156
srv-009,2017-06-19 19:00:00,32.057579040527344
srv-009,2017-06-19 20:00:00,32.5566520690918
srv-009,2017-06-19 21:00:00,32.91120910644531
srv-009,2017-06-19 22:00:00,31.4823055267334
srv-009,2017-06-19 23:00:00,31.798851013183594
srv-009,2017-06-20 00:00:00,31.589841842651367
srv-009,2017-06-20 01:00:00,32.175048828125
srv-009,2017-06-20 02:00:00,32.37418746948242
srv-009,2017-06-20 03:00:00,31.78664207458496
srv-009,2017-06-20 04:00:00,32.467281341552734
srv-009,2017-06-20 05:00:00,32.107513427734375
srv-009,2017-06-20 06:00:00,30.351579666137695
srv-009,2017-06-20 07:00:00,30.74302101135254
srv-009,2017-06-20 08:00:00,31.34854507446289
srv-009,2017-06-20 09:00:00,31.46063804626465
srv-009,2017-06-20 10:00:00,31.56561851501465
srv-009,2017-06-20 11:00:00,31.942550659179688
srv-009,2017-06-20 12:00:00,33.13163375854492
srv-009,2017-06-20 13:00:00,32.797115325927734
srv-009,2017-06-20 14:00:00,33.03422927856445
srv-009,2017-06-20 15:00:00,33.28667449951172
srv-009,2017-06-20 16:00:00,32.40913772583008
srv-009,2017-06-20 17:00:00,32.56965637207031
srv-009,2017-06-20 18:00:00,33.91249084472656
srv-009,2017-06-20 19:00:00,33.069366455078125
srv-009,2017-06-20 20:00:00,34.224273681640625
srv-009,2017-06-20 21:00:00,31.448083877563477
srv-009,2017-06-20 22:00:00,31.079479217529297
srv-009,2017-06-20 23:00:00,32.62840270996094
srv-009,2017-06-21 00:00:00,32.06328582763672
srv-009,2017-06-21 01:00:00,32.137882232666016
srv-009,2017-06-21 02:00:00,31.04751968383789
srv-009,2017-06-21 03:00:00,32.328102111816406
srv-009,2017-06-21 04:00:00,32.13185119628906
srv-009,2017-06-21 05:00:00,32.075599670410156
srv-009,2017-06-21 06:00:00,32.767642974853516
srv-009,2017-06-21 07:00:00,32.47196578979492
srv-009,2017-06-21 08:00:00,31.858049392700195
srv-009,2017-06-21 09:00:00,32.36882781982422
srv-009,2017-06-21 10:00:00,31.748672485351562
srv-009,2017-06-21 11:00:00,31.873117446899414
srv-009,2017-06-21 12:00:00,32.933349609375
srv-009,2017-06-21 13:00:00,31.650300979614258
srv-009,2017-06-21 14:00:00,30.207406997680664
srv-009,2017-06-21 15:00:00,31.201723098754883
srv-009,2017-06-21 16:00:00,30.84210968017578
srv-009,2017-06-21 17:00:00,30.915441513061523
srv-009,2017-06-21 18:00:00,31.29681396484375
srv-009,2017-06-21 19:00:00,31.159088134765625
srv-009,2017-06-21 20:00:00,31.15536880493164
srv-009,2017-06-21 21:00:00,30.195701599121094
srv-009,2017-06-21 22:00:00,30.459524154663086
srv-009,2017-06-21 23:00:00,30.586822509765625
srv-009,2017-06-22 00:00:00,30.75823402404785
srv-009,2017-06-22 01:00:00,31.740720748901367
srv-009,2017-06-22 02:00:00,31.670555114746094
srv-009,2017-06-22 03:00:00,31.085834503173828
srv-009,2017-06-22 04:00:00,32.15752410888672
srv-009,2017-06-22 05:00:00,31.474838256835938
srv-009,2017-06-22 06:00:00,30.69521713256836
srv-009,2017-06-22 07:00:00,31.506322860717773
srv-009,2017-06-22 08:00:00,31.215106964111328
srv-009,2017-06-22 09:00:00,31.380266189575195
srv-009,2017-06-22 10:00:00,31.642372131347656
srv-009,2017-06-22 11:00:00,32.23820495605469
srv-009,2017-06-22 12:00:00,32.810550689697266
srv-009,2017-06-22 13:00:00,32.77102279663086
srv-009,2017-06-22 14:00:00,33.3287239074707
srv-009,2017-06-22 15:00:00,31.652217864990234
srv-009,2017-06-22 16:00:00,33.06840896606445
srv-009,2017-06-22 17:00:00,33.07158279418945
srv-009,2017-06-22 18:00:00,33.44442367553711
srv-009,2017-06-22 19:00:00,32.43951416015625
srv-009,2017-06-22 20:00:00,32.88427734375
srv-009,2017-06-22 21:00:00,33.119869232177734
srv-009,2017-06-22 22:00:00,33.82508087158203
srv-009,2017-06-22 23:00:00,34.66653060913086
srv-009,2017-06-23 00:00:00,32.97164535522461
srv-009,2017-06-23 01:00:00,31.689897537231445
srv-009,2017-06-23 02:00:00,31.853300094604492
srv-009,2017-06-23 03:00:00,32.261749267578125
srv-009,2017-06-23 04:00:00,31.822223663330078
srv-009,2017-06-23 05:00:00,32.6695442199707
srv-009,2017-06-23 06:00:00,32.4375
srv-009,2017-06-23 07:00:00,31.95063591003418
srv-009,2017-06-23 08:00:00,30.939807891845703
srv-009,2017-06-23 09:00:00,30.582612991333008
srv-009,2017-06-23 10:00:00,30.531679153442383
srv-009,2017-06-23 11:00:00,30.574501037597656
srv-009,2017-06-23 12:00:00,31.262819290161133
srv-009,2017-06-23 13:00:00,32.08302688598633
srv-009,2017-06-23 14:00:00,31.92121696472168
srv-009,2017-06-23 15:00:00,30.67696189880371
srv-009,2017-06-23 16:00:00,30.53968620300293
srv-009,2017-06-23 17:00:00,31.36100196838379
srv-009,2017-06-23 18:00:00,30.24231719970703
srv-009,2017-06-23 19:00:00,29.570560455322266
srv-009,2017-06-23 20:00:00,30.563976287841797
srv-009,2017-06-23 21:00:00,32.47833251953125
srv-009,2017-06-23 22:00:00,31.984819412231445
srv-009,2017-06-23 23:00:00,30.15545082092285
srv-009,2017-06-24 00:00:00,31.69398307800293
srv-009,2017-06-24 01:00:00,32.032840728759766
srv-009,2017-06-24 02:00:00,32.44257354736328
srv-009,2017-06-24 03:00:00,29.72618293762207
srv-009,2017-06-24 04:00:00,30.999488830566406
srv-009,2017-06-24 05:00:00,30.938566207885742
srv-009,2017-06-24 06:00:00,30.83816146850586
srv-009,2017-06-24 07:00:00,29.990280151367188
srv-009,2017-06-24 08:00:00,30.466642379760742
srv-009,2017-06-24 09:00:00,31.007831573486328
srv-009,2017-06-24 10:00:00,31.555620193481445
srv-009,2017-06-24 11:00:00,31.392621994018555
srv-009,2017-06-24 12:00:00,31.369325637817383
srv-009,2017-06-24 13:00:00,31.45148468017578
srv-009,2017-06-24 14:00:00,31.615114212036133
srv-009,2017-06-24 15:00:00,31.983354568481445
srv-009,2017-06-24 16:00:00,31.906082153320312
srv-009,2017-06-24 17:00:00,32.06214904785156
srv-009,2017-06-24 18:00:00,32.497535705566406
srv-009,2017-06-24 19:00:00,32.75054931640625
srv-009,2017-06-24 20:00:00,32.376224517822266
srv-009,2017-06-24 21:00:00,32.20808792114258
srv-009,2017-06-24 22:00:00,32.29160690307617
srv-009,2017-06-24 23:00:00,30.470172882080078
srv-009,2017-06-25 00:00:00,31.438440322875977
srv-009,2017-06-25 01:00:00,32.14950180053711
srv-009,2017-06-25 02:00:00,31.219491958618164
srv-009,2017-06-25 03:00:00,31.55320167541504
srv-009,2017-06-25 04:00:00,32.64266586303711
srv-009,2017-06-25 05:00:00,32.646602630615234
srv-009,2017-06-25 06:00:00,30.428237915039062
srv-009,2017-06-25 07:00:00,30.69701385498047
srv-009,2017-06-25 08:00:00,31.300758361816406
srv-009,2017-06-25 09:00:00,29.5484676361084
srv-009,2017-06-25 10:00:00,29.838979721069336
srv-009,2017-06-25 11:00:00,30.185792922973633
srv-009,2017-06-25 12:00:00,30.918258666992188
srv-009,2017-06-25 13:00:00,30.979961395263672
srv-009,2017-06-25 14:00:00,31.820377349853516
srv-009,2017-06-25 15:00:00,33.369972229003906
srv-009,2017-06-25 16:00:00,30.57933235168457
srv-009,2017-06-25 17:00:00,30.946168899536133
srv-009,2017-06-25 18:00:00,31.79839515686035
srv-009,2017-06-25 19:00:00,31.461652755737305
srv-009,2017-06-25 20:00:00,31.72345542907715
srv-009,2017-06-25 21:00:00,31.70056915283203
srv-009,2017-06-25 22:00:00,32.5049934387207
srv-009,2017-06-25 23:00:00,31.916948318481445
srv-009,2017-06-26 00:00:00,30.87053108215332
srv-009,2017-06-26 01:00:00,29.0534725189209
srv-009,2017-06-26 02:00:00,29.8535099029541
srv-009,2017-06-26 03:00:00,30.35462188720703
srv-009,2017-06-26 04:00:00,31.48634147644043
srv-009,2017-06-26 05:00:00,31.44346046447754
srv-009,2017-06-26 06:00:00,32.17637634277344
srv-009,2017-06-26 07:00:00,32.091400146484375
srv-009,2017-06-26 08:00:00,30.59957504272461
srv-009,2017-06-26 09:00:00,31.32367515563965
srv-009,2017-06-26 10:00:00,29.900869369506836
srv-009,2017-06-26 11:00:00,29.44220733642578
srv-009,2017-06-26 12:00:00,29.97233009338379
srv-009,2017-06-26 13:00:00,31.10136604309082
srv-009,2017-06-26 14:00:00,30.82927131652832
srv-009,2017-06-26 15:00:00,31.49037742614746
srv-009,2017-06-26 16:00:00,31.837596893310547
srv-009,2017-06-26 17:00:00,33.020076751708984
srv-009,2017-06-26 18:00:00,32.674171447753906
srv-009,2017-06-26 19:00:00,32.625064849853516
srv-009,2017-06-26 20:00:00,29.817060470581055
srv-009,2017-06-26 21:00:00,30.847274780273438
srv-009,2017-06-26 22:00:00,32.78902053833008
srv-009,2017-06-26 23:00:00,32.561161041259766
srv-009,2017-06-27 00:00:00,32.209068298339844
srv-009,2017-06-27 01:00:00,32.18855667114258
srv-009,2017-06-27 02:00:00,32.66978454589844
srv-009,2017-06-27 03:00:00,31.888776779174805
srv-009,2017-06-27 04:00:00,31.221216201782227
srv-009,2017-06-27 05:00:00,33.377681732177734
srv-009,2017-06-27 06:00:00,33.80562973022461
srv-009,2017-06-27 07:00:00,33.01271438598633
srv-009,2017-06-27 08:00:00,33.38130569458008
srv-009,2017-06-27 09:00:00,33.97650146484375
srv-009,2017-06-27 10:00:00,33.224151611328125
srv-009,2017-06-27 11:00:00,32.87730407714844
srv-009,2017-06-27 12:00:00,32.567073822021484
srv-009,2017-06-27 13:00:00,32.69457244873047
srv-009,2017-06-27 14:00:00,30.925960540771484
srv-009,2017-06-27 15:00:00,31.892223358154297
srv-009,2017-06-27 16:00:00,32.54851150512695
srv-009,2017-06-27 17:00:00,34.041168212890625
srv-009,2017-06-27 18:00:00,35.75157928466797
srv-009,2017-06-27 19:00:00,34.938663482666016
srv-009,2017-06-27 20:00:00,33.954627990722656
srv-009,2017-06-27 21:00:00,33.518165588378906
srv-009,2017-06-27 22:00:00,33.19444274902344
srv-009,2017-06-27 23:00:00,33.82606887817383
srv-009,2017-06-28 00:00:00,32.1790885925293
srv-009,2017-06-28 01:00:00,30.496217727661133
srv-009,2017-06-28 02:00:00,30.914962768554688
srv-009,2017-06-28 03:00:00,32.15718078613281
srv-009,2017-06-28 04:00:00,32.25914001464844
srv-009,2017-06-28 05:00:00,34.29574203491211
srv-009,2017-06-28 06:00:00,34.01164245605469
srv-009,2017-06-28 07:00:00,34.295223236083984
srv-009,2017-06-28 08:00:00,34.0516357421875
srv-009,2017-06-28 09:00:00,32.73454666137695
srv-009,2017-06-28 10:00:00,33.34217834472656
srv-009,2017-06-28 11:00:00,35.16900634765625
srv-009,2017-06-28 12:00:00,35.44800567626953
srv-009,2017-06-28 13:00:00,34.50337219238281
srv-009,2017-06-28 14:00:00,32.71586990356445
srv-009,2017-06-28 15:00:00,34.775917053222656
srv-009,2017-06-28 16:00:00,37.83648681640625
srv-009,2017-06-28 17:00:00,37.797401428222656
srv-009,2017-06-28 18:00:00,36.79695129394531
srv-009,2017-06-28 19:00:00,37.633209228515625
srv-009,2017-06-28 20:00:00,37.337379455566406
srv-009,2017-06-28 21:00:00,36.287940979003906
srv-009,2017-06-28 22:00:00,35.775123596191406
srv-009,2017-06-28 23:00:00,36.18804168701172
srv-009,2017-06-29 00:00:00,33.47438049316406
srv-009,2017-06-29 01:00:00,32.20653533935547
srv-009,2017-06-29 02:00:00,32.201324462890625
srv-009,2017-06-29 03:00:00,32.49854278564453
srv-009,2017-06-29 04:00:00,32.32080841064453
srv-009,2017-06-29 05:00:00,32.16399002075195
srv-009,2017-06-29 06:00:00,33.223697662353516
srv-009,2017-06-29 07:00:00,33.10776138305664
srv-009,2017-06-29 08:00:00,33.59894943237305
srv-009,2017-06-29 09:00:00,33.8109245300293
srv-009,2017-06-29 10:00:00,33.89107894897461
srv-009,2017-06-29 11:00:00,34.5892333984375
srv-009,2017-06-29 12:00:00,33.027061462402344
srv-009,2017-06-29 13:00:00,32.36727523803711
srv-009,2017-06-29 14:00:00,32.615966796875
srv-009,2017-06-29 15:00:00,32.43232727050781
srv-009,2017-06-29 16:00:00,32.64148712158203
srv-009,2017-06-29 17:00:00,32.96234130859375
srv-009,2017-06-29 18:00:00,31.527862548828125
srv-009,2017-06-29 19:00:00,31.682126998901367
srv-009,2017-06-29 20:00:00,31.958986282348633
srv-009,2017-06-29 21:00:00,32.06731033325195
srv-009,2017-06-29 22:00:00,32.05253219604492
srv-009,2017-06-29 23:00:00,31.864482879638672
srv-009,2017-06-30 00:00:00,31.015722274780273
srv-009,2017-06-30 01:00:00,31.48607063293457
srv-009,2017-06-30 02:00:00,31.51848602294922
srv-009,2017-06-30 03:00:00,31.872133255004883
srv-009,2017-06-30 04:00:00,30.68429946899414
srv-009,2017-06-30 05:00:00,31.823041915893555
srv-009,2017-06-30 06:00:00,30.083820343017578
srv-009,2017-06-30 07:00:00,29.443998336791992
srv-009,2017-06-30 08:00:00,30.31310272216797
srv-009,2017-06-30 09:00:00,31.187170028686523
srv-009,2017-06-30 10:00:00,31.81351089477539
srv-009,2017-06-30 11:00:00,32.03314971923828
srv-009,2017-06-30 12:00:00,32.863609313964844
srv-009,2017-06-30 13:00:00,30.779247283935547
srv-009,2017-06-30 14:00:00,30.697717666625977
srv-009,2017-06-30 15:00:00,31.615129470825195
srv-009,2017-06-30 16:00:00,31.403806686401367
srv-009,2017-06-30 17:00:00,29.83824348449707
srv-009,2017-06-30 18:00:00,29.729297637939453
srv-009,2017-06-30 19:00:00,30.923372268676758
srv-009,2017-06-30 20:00:00,30.181821823120117
srv-009,2017-06-30 21:00:00,30.742612838745117
srv-009,2017-06-30 22:00:00,30.762449264526367
srv-009,2017-06-30 23:00:00,31.152517318725586
srv-010,2017-06-01 23:00:00,69.31952667236328
srv-010,2017-06-02 00:00:00,64.18964385986328
srv-010,2017-06-02 01:00:00,67.9872055053711
srv-010,2017-06-02 02:00:00,69.61714935302734
srv-010,2017-06-02 03:00:00,72.46958923339844
srv-010,2017-06-02 04:00:00,74.45415496826172
srv-010,2017-06-02 05:00:00,75.24739837646484
srv-010,2017-06-02 06:00:00,74.69775390625
srv-010,2017-06-02 07:00:00,74.7348861694336
srv-010,2017-06-02 08:00:00,78.1133804321289
srv-010,2017-06-02 09:00:00,79.24327850341797
srv-010,2017-06-02 10:00:00,82.715576171875
srv-010,2017-06-02 11:00:00,85.08185577392578
srv-010,2017-06-02 12:00:00,85.6796875
srv-010,2017-06-02 13:00:00,86.85265350341797
srv-010,2017-06-02 14:00:00,81.27359771728516
srv-010,2017-06-02 15:00:00,79.75774383544922
srv-010,2017-06-02 16:00:00,77.70787811279297
srv-010,2017-06-02 17:00:00,78.58007049560547
srv-010,2017-06-02 18:00:00,76.5736312866211
srv-010,2017-06-02 19:00:00,74.510009765625
srv-010,2017-06-02 20:00:00,69.61913299560547
srv-010,2017-06-02 21:00:00,70.1249771118164
srv-010,2017-06-02 22:00:00,66.36216735839844
srv-010,2017-06-02 23:00:00,66.61124420166016
srv-010,2017-06-03 00:00:00,69.45243072509766
srv-010,2017-06-03 01:00:00,70.86186981201172
srv-010,2017-06-03 02:00:00,70.81632232666016
srv-010,2017-06-03 03:00:00,71.03445434570312
srv-010,2017-06-03 04:00:00,71.70980072021484
srv-010,2017-06-03 05:00:00,74.82604217529297
srv-010,2017-06-03 06:00:00,77.02920532226562
srv-010,2017-06-03 07:00:00,78.82109069824219
srv-010,2017-06-03 08:00:00,81.72469329833984
srv-010,2017-06-03 09:00:00,80.30008697509766
srv-010,2017-06-03 10:00:00,79.87433624267578
srv-010,2017-06-03 11:00:00,80.37129974365234
srv-010,2017-06-03 12:00:00,81.91448211669922
srv-010,2017-06-03 13:00:00,82.40855407714844
srv-010,2017-06-03 14:00:00,81.45482635498047
srv-010,2017-06-03 15:00:00,79.91236114501953
srv-010,2017-06-03 16:00:00,79.03218841552734
srv-010,2017-06-03 17:00:00,78.41344451904297
srv-010,2017-06-03 18:00:00,76.73857879638672
srv-010,2017-06-03 19:00:00,73.75260162353516
srv-010,2017-06-03 20:00:00,73.15443420410156
srv-010,2017-06-03 21:00:00,69.2536849975586
srv-010,2017-06-03 22:00:00,70.09214782714844
srv-010,2017-06-03 23:00:00,66.20357513427734
srv-010,2017-06-04 00:00:00,68.3356704711914
srv-010,2017-06-04 01:00:00,66.53295135498047
srv-010,2017-06-04 02:00:00,68.18480682373047
srv-010,2017-06-04 03:00:00,69.4261474609375
srv-010,2017-06-04 04:00:00,73.11653900146484
srv-010,2017-06-04 05:00:00,77.1662826538086
srv-010,2017-06-04 06:00:00,78.33997344970703
srv-010,2017-06-04 07:00:00,78.89888000488281
srv-010,2017-06-04 08:00:00,80.1406478881836
srv-010,2017-06-04 09:00:00,79.31098175048828
srv-010,2017-06-04 10:00:00,76.81980895996094
srv-010,2017-06-04 11:00:00,77.89691925048828
srv-010,2017-06-04 12:00:00,78.70067596435547
srv-010,2017-06-04 13:00:00,79.77323913574219
srv-010,2017-06-04 14:00:00,80.7435073852539
srv-010,2017-06-04 15:00:00,80.63268280029297
srv-010,2017-06-04 16:00:00,80.02107238769531
srv-010,2017-06-04 17:00:00,78.05518341064453
srv-010,2017-06-04 18:00:00,78.94801330566406
srv-010,2017-06-04 19:00:00,76.2542495727539
srv-010,2017-06-04 20:00:00,75.40937805175781
srv-010,2017-06-04 21:00:00,74.95648956298828
srv-010,2017-06-04 22:00:00,70.62291717529297
srv-010,2017-06-04 23:00:00,71.98542022705078
srv-010,2017-06-05 00:00:00,67.3571548461914
srv-010,2017-06-05 01:00:00,66.09587860107422
srv-010,2017-06-05 02:00:00,67.68318939208984
srv-010,2017-06-05 03:00:00,69.26403045654297
srv-010,2017-06-05 04:00:00,68.39169311523438
srv-010,2017-06-05 05:00:00,69.99788665771484
srv-010,2017-06-05 06:00:00,72.25933074951172
srv-010,2017-06-05 07:00:00,74.17613220214844
srv-010,2017-06-05 08:00:00,78.7376480102539
srv-010,2017-06-05 09:00:00,81.69576263427734
srv-010,2017-06-05 10:00:00,83.44979095458984
srv-010,2017-06-05 11:00:00,84.7895736694336
srv-010,2017-06-05 12:00:00,86.1142349243164
srv-010,2017-06-05 13:00:00,84.75003814697266
srv-010,2017-06-05 14:00:00,86.57137298583984
srv-010,2017-06-05 15:00:00,86.73595428466797
srv-010,2017-06-05 16:00:00,88.94060516357422
srv-010,2017-06-05 17:00:00,85.6958999633789
srv-010,2017-06-05 18:00:00,83.10254669189453
srv-010,2017-06-05 19:00:00,79.06350708007812
srv-010,2017-06-05 20:00:00,79.34673309326172
srv-010,2017-06-05 21:00:00,79.04808807373047
srv-010,2017-06-05 22:00:00,79.89759063720703
srv-010,2017-06-05 23:00:00,80.71819305419922
srv-010,2017-06-06 00:00:00,80.82091522216797
srv-010,2017-06-06 01:00:00,79.498779296875
srv-010,2017-06-06 02:00:00,81.29084014892578
srv-010,2017-06-06 03:00:00,82.43856048583984
srv-010,2017-06-06 04:00:00,84.01473236083984
srv-010,2017-06-06 05:00:00,83.13140106201172
srv-010,2017-06-06 06:00:00,85.02167510986328
srv-010,2017-06-06 07:00:00,86.96039581298828
srv-010,2017-06-06 08:00:00,91.2043228149414
srv-010,2017-06-06 09:00:00,89.16258239746094
srv-010,2017-06-06 10:00:00,91.76728820800781
srv-010,2017-06-06 11:00:00,92.09757232666016
srv-010,2017-06-06 12:00:00,93.08111572265625
srv-010,2017-06-06 13:00:00,93.01219940185547
srv-010,2017-06-06 14:00:00,91.74234771728516
srv-010,2017-06-06 15:00:00,91.924072265625
srv-010,2017-06-06 16:00:00,91.89448547363281
srv-010,2017-06-06 17:00:00,92.06797790527344
srv-010,2017-06-06 18:00:00,89.60672760009766
srv-010,2017-06-06 19:00:00,88.68771362304688
srv-010,2017-06-06 20:00:00,88.89484405517578
srv-010,2017-06-06 21:00:00,88.4277572631836
srv-010,2017-06-06 22:00:00,89.53435516357422
srv-010,2017-06-06 23:00:00,89.9188003540039
srv-010,2017-06-07 00:00:00,91.16431427001953
srv-010,2017-06-07 01:00:00,91.17676544189453
srv-010,2017-06-07 02:00:00,92.4107437133789
srv-010,2017-06-07 03:00:00,92.11272430419922
srv-010,2017-06-07 04:00:00,91.69268798828125
srv-010,2017-06-07 05:00:00,91.50674438476562
srv-010,2017-06-07 06:00:00,91.09637451171875
srv-010,2017-06-07 07:00:00,90.3801040649414
srv-010,2017-06-07 08:00:00,92.51285552978516
srv-010,2017-06-07 09:00:00,90.82120513916016
srv-010,2017-06-07 10:00:00,92.0777816772461
srv-010,2017-06-07 11:00:00,93.27098083496094
srv-010,2017-06-07 12:00:00,93.54118347167969
srv-010,2017-06-07 13:00:00,93.81253814697266
srv-010,2017-06-07 14:00:00,93.80469512939453
srv-010,2017-06-07 15:00:00,93.65631866455078
srv-010,2017-06-07 16:00:00,93.70565032958984
srv-010,2017-06-07 17:00:00,93.51876068115234
srv-010,2017-06-07 18:00:00,91.75017547607422
srv-010,2017-06-07 19:00:00,89.37996673583984
srv-010,2017-06-07 20:00:00,85.4251937866211
srv-010,2017-06-07 21:00:00,86.89322662353516
srv-010,2017-06-07 22:00:00,87.72794342041016
srv-010,2017-06-07 23:00:00,88.80816650390625
srv-010,2017-06-08 00:00:00,90.33428192138672
srv-010,2017-06-08 01:00:00,89.60255432128906
srv-010,2017-06-08 02:00:00,90.90558624267578
srv-010,2017-06-08 03:00:00,89.39111328125
srv-010,2017-06-08 04:00:00,91.35519409179688
srv-010,2017-06-08 05:00:00,90.47040557861328
srv-010,2017-06-08 06:00:00,88.04731750488281
srv-010,2017-06-08 07:00:00,86.86622619628906
srv-010,2017-06-08 08:00:00,90.77669525146484
srv-010,2017-06-08 09:00:00,90.71952056884766
srv-010,2017-06-08 10:00:00,91.44828033447266
srv-010,2017-06-08 11:00:00,92.5873794555664
srv-010,2017-06-08 12:00:00,91.84012603759766
srv-010,2017-06-08 13:00:00,91.99361419677734
srv-010,2017-06-08 14:00:00,91.7036361694336
srv-010,2017-06-08 15:00:00,90.76757049560547
srv-010,2017-06-08 16:00:00,89.15050506591797
srv-010,2017-06-08 17:00:00,86.96532440185547
srv-010,2017-06-08 18:00:00,85.30747985839844
srv-010,2017-06-08 19:00:00,81.71179962158203
srv-010,2017-06-08 20:00:00,81.98763275146484
srv-010,2017-06-08 21:00:00,80.21125030517578
srv-010,2017-06-08 22:00:00,78.81438446044922
srv-010,2017-06-08 23:00:00,79.5802993774414
srv-010,2017-06-09 00:00:00,80.49703216552734
srv-010,2017-06-09 01:00:00,81.61939239501953
srv-010,2017-06-09 02:00:00,82.11439514160156
srv-010,2017-06-09 03:00:00,81.88137817382812
srv-010,2017-06-09 04:00:00,83.59561157226562
srv-010,2017-06-09 05:00:00,83.9688491821289
srv-010,2017-06-09 06:00:00,82.00770568847656
srv-010,2017-06-09 07:00:00,81.9617691040039
srv-010,2017-06-09 08:00:00,84.08037567138672
srv-010,2017-06-09 09:00:00,82.5477066040039
srv-010,2017-06-09 10:00:00,83.62483978271484
srv-010,2017-06-09 11:00:00,84.45993041992188
srv-010,2017-06-09 12:00:00,84.35895538330078
srv-010,2017-06-09 13:00:00,85.36119842529297
srv-010,2017-06-09 14:00:00,80.74624633789062
srv-010,2017-06-09 15:00:00,78.01697540283203
srv-010,2017-06-09 16:00:00,77.05924987792969
srv-010,2017-06-09 17:00:00,75.4426498413086
srv-010,2017-06-09 18:00:00,74.6614761352539
srv-010,2017-06-09 19:00:00,72.695556640625
srv-010,2017-06-09 20:00:00,71.0613021850586
srv-010,2017-06-09 21:00:00,72.37923431396484
srv-010,2017-06-09 22:00:00,68.18092346191406
srv-010,2017-06-09 23:00:00,68.52986145019531
srv-010,2017-06-10 00:00:00,75.02910614013672
srv-010,2017-06-10 01:00:00,74.8217544555664
srv-010,2017-06-10 02:00:00,76.52973175048828
srv-010,2017-06-10 03:00:00,76.6958236694336
srv-010,2017-06-10 04:00:00,77.84661865234375
srv-010,2017-06-10 05:00:00,80.20922088623047
srv-010,2017-06-10 06:00:00,80.58606719970703
srv-010,2017-06-10 07:00:00,79.46544647216797
srv-010,2017-06-10 08:00:00,79.51658630371094
srv-010,2017-06-10 09:00:00,80.2043685913086
srv-010,2017-06-10 10:00:00,81.25348663330078
srv-010,2017-06-10 11:00:00,80.77873992919922
srv-010,2017-06-10 12:00:00,76.76847076416016
srv-010,2017-06-10 13:00:00,77.02539825439453
srv-010,2017-06-10 14:00:00,78.80248260498047
srv-010,2017-06-10 15:00:00,78.11909484863281
srv-010,2017-06-10 16:00:00,78.82405853271484
srv-010,2017-06-10 17:00:00,77.44658660888672
srv-010,2017-06-10 18:00:00,75.9884262084961
srv-010,2017-06-10 19:00:00,76.43909454345703
srv-010,2017-06-10 20:00:00,74.53539276123047
srv-010,2017-06-10 21:00:00,73.50077056884766
srv-010,2017-06-10 22:00:00,74.32840728759766
srv-010,2017-06-10 23:00:00,75.6543960571289
srv-010,2017-06-11 00:00:00,75.12586212158203
srv-010,2017-06-11 01:00:00,74.15062713623047
srv-010,2017-06-11 02:00:00,74.14386749267578
srv-010,2017-06-11 03:00:00,75.47574615478516
srv-010,2017-06-11 04:00:00,77.21495819091797
srv-010,2017-06-11 05:00:00,76.81397247314453
srv-010,2017-06-11 06:00:00,79.03343963623047
srv-010,2017-06-11 07:00:00,79.42776489257812
srv-010,2017-06-11 08:00:00,80.53313446044922
srv-010,2017-06-11 09:00:00,80.92122650146484
srv-010,2017-06-11 10:00:00,80.1203842163086
srv-010,2017-06-11 11:00:00,79.02337646484375
srv-010,2017-06-11 12:00:00,79.09333038330078
srv-010,2017-06-11 13:00:00,78.63864135742188
srv-010,2017-06-11 14:00:00,80.57115173339844
srv-010,2017-06-11 15:00:00,80.75823211669922
srv-010,2017-06-11 16:00:00,80.89995574951172
srv-010,2017-06-11 17:00:00,77.59839630126953
srv-010,2017-06-11 18:00:00,77.75843048095703
srv-010,2017-06-11 19:00:00,75.24874114990234
srv-010,2017-06-11 20:00:00,74.01223754882812
srv-010,2017-06-11 21:00:00,73.54106903076172
srv-010,2017-06-11 22:00:00,75.307861328125
srv-010,2017-06-11 23:00:00,75.31468963623047
srv-010,2017-06-12 00:00:00,69.7259750366211
srv-010,2017-06-12 01:00:00,67.55947875976562
srv-010,2017-06-12 02:00:00,70.21725463867188
srv-010,2017-06-12 03:00:00,72.63239288330078
srv-010,2017-06-12 04:00:00,73.60069274902344
srv-010,2017-06-12 05:00:00,73.12731170654297
srv-010,2017-06-12 06:00:00,71.5322265625
srv-010,2017-06-12 07:00:00,77.93924713134766
srv-010,2017-06-12 08:00:00,80.13811492919922
srv-010,2017-06-12 09:00:00,81.96613311767578
srv-010,2017-06-12 10:00:00,83.96849822998047
srv-010,2017-06-12 11:00:00,84.59954833984375
srv-010,2017-06-12 12:00:00,86.4455795288086
srv-010,2017-06-12 13:00:00,87.10106658935547
srv-010,2017-06-12 14:00:00,83.94257354736328
srv-010,2017-06-12 15:00:00,81.2981948852539
srv-010,2017-06-12 16:00:00,83.12007904052734
srv-010,2017-06-12 17:00:00,82.7977066040039
srv-010,2017-06-12 18:00:00,82.84429168701172
srv-010,2017-06-12 19:00:00,82.25848388671875
srv-010,2017-06-12 20:00:00,81.3578872680664
srv-010,2017-06-12 21:00:00,79.61486053466797
srv-010,2017-06-12 22:00:00,80.9486312866211
srv-010,2017-06-12 23:00:00,81.71321868896484
srv-010,2017-06-13 00:00:00,83.09387969970703
srv-010,2017-06-13 01:00:00,83.1233901977539
srv-010,2017-06-13 02:00:00,83.11844635009766
srv-010,2017-06-13 03:00:00,80.66475677490234
srv-010,2017-06-13 04:00:00,81.02326202392578
srv-010,2017-06-13 05:00:00,80.24935150146484
srv-010,2017-06-13 06:00:00,82.74756622314453
srv-010,2017-06-13 07:00:00,82.99567413330078
srv-010,2017-06-13 08:00:00,86.86073303222656
srv-010,2017-06-13 09:00:00,88.04500579833984
srv-010,2017-06-13 10:00:00,89.3855209350586
srv-010,2017-06-13 11:00:00,90.40020751953125
srv-010,2017-06-13 12:00:00,92.3478012084961
srv-010,2017-06-13 13:00:00,91.53215026855469
srv-010,2017-06-13 14:00:00,92.52593231201172
srv-010,2017-06-13 15:00:00,92.72327423095703
srv-010,2017-06-13 16:00:00,92.52135467529297
srv-010,2017-06-13 17:00:00,92.2365493774414
srv-010,2017-06-13 18:00:00,91.66764068603516
srv-010,2017-06-13 19:00:00,89.64868927001953
srv-010,2017-06-13 20:00:00,89.57791900634766
srv-010,2017-06-13 21:00:00,90.08484649658203
srv-010,2017-06-13 22:00:00,90.33966064453125
srv-010,2017-06-13 23:00:00,90.68944549560547
srv-010,2017-06-14 00:00:00,85.81243133544922
srv-010,2017-06-14 01:00:00,87.69893646240234
srv-010,2017-06-14 02:00:00,90.14750671386719
srv-010,2017-06-14 03:00:00,91.31346130371094
srv-010,2017-06-14 04:00:00,92.85575103759766
srv-010,2017-06-14 05:00:00,91.62945556640625
srv-010,2017-06-14 06:00:00,91.10693359375
srv-010,2017-06-14 07:00:00,93.41839599609375
srv-010,2017-06-14 08:00:00,93.09749603271484
srv-010,2017-06-14 09:00:00,91.17306518554688
srv-010,2017-06-14 10:00:00,91.8014907836914
srv-010,2017-06-14 11:00:00,93.38829803466797
srv-010,2017-06-14 12:00:00,93.58837127685547
srv-010,2017-06-14 13:00:00,93.77792358398438
srv-010,2017-06-14 14:00:00,93.73882293701172
srv-010,2017-06-14 15:00:00,93.81619262695312
srv-010,2017-06-14 16:00:00,93.70042419433594
srv-010,2017-06-14 17:00:00,93.13812255859375
srv-010,2017-06-14 18:00:00,93.43496704101562
srv-010,2017-06-14 19:00:00,93.3620834350586
srv-010,2017-06-14 20:00:00,92.98895263671875
srv-010,2017-06-14 21:00:00,92.38475799560547
srv-010,2017-06-14 22:00:00,92.1487045288086
srv-010,2017-06-14 23:00:00,87.86402130126953
srv-010,2017-06-15 00:00:00,84.68803405761719
srv-010,2017-06-15 01:00:00,84.29512023925781
srv-010,2017-06-15 02:00:00,87.3403091430664
srv-010,2017-06-15 03:00:00,84.7184066772461
srv-010,2017-06-15 04:00:00,83.40206909179688
srv-010,2017-06-15 05:00:00,85.64386749267578
srv-010,2017-06-15 06:00:00,85.94037628173828
srv-010,2017-06-15 07:00:00,88.35276794433594
srv-010,2017-06-15 08:00:00,89.394775390625
srv-010,2017-06-15 09:00:00,88.31591033935547
srv-010,2017-06-15 10:00:00,90.18917846679688
srv-010,2017-06-15 11:00:00,91.77816009521484
srv-010,2017-06-15 12:00:00,91.25031280517578
srv-010,2017-06-15 13:00:00,92.3053207397461
srv-010,2017-06-15 14:00:00,92.14567565917969
srv-010,2017-06-15 15:00:00,91.8992919921875
srv-010,2017-06-15 16:00:00,90.89372253417969
srv-010,2017-06-15 17:00:00,89.21160125732422
srv-010,2017-06-15 18:00:00,84.11717987060547
srv-010,2017-06-15 19:00:00,79.97640228271484
srv-010,2017-06-15 20:00:00,79.26322174072266
srv-010,2017-06-15 21:00:00,81.1032943725586
srv-010,2017-06-15 22:00:00,79.10865020751953
srv-010,2017-06-15 23:00:00,78.67894744873047
srv-010,2017-06-16 00:00:00,80.75212860107422
srv-010,2017-06-16 01:00:00,81.57396697998047
srv-010,2017-06-16 02:00:00,83.49518585205078
srv-010,2017-06-16 03:00:00,81.1962890625
srv-010,2017-06-16 04:00:00,81.27303314208984
srv-010,2017-06-16 05:00:00,80.55020904541016
srv-010,2017-06-16 06:00:00,81.6192398071289
srv-010,2017-06-16 07:00:00,79.49173736572266
srv-010,2017-06-16 08:00:00,81.34139251708984
srv-010,2017-06-16 09:00:00,81.51725006103516
srv-010,2017-06-16 10:00:00,82.43016815185547
srv-010,2017-06-16 11:00:00,83.33955383300781
srv-010,2017-06-16 12:00:00,84.12889099121094
srv-010,2017-06-16 13:00:00,82.36653900146484
srv-010,2017-06-16 14:00:00,80.62989807128906
srv-010,2017-06-16 15:00:00,82.35160064697266
srv-010,2017-06-16 16:00:00,81.47193145751953
srv-010,2017-06-16 17:00:00,80.73470306396484
srv-010,2017-06-16 18:00:00,79.52811431884766
srv-010,2017-06-16 19:00:00,77.48905944824219
srv-010,2017-06-16 20:00:00,75.41011047363281
srv-010,2017-06-16 21:00:00,72.52991485595703
srv-010,2017-06-16 22:00:00,67.9185562133789
srv-010,2017-06-16 23:00:00,66.39495086669922
srv-010,2017-06-17 00:00:00,74.81450653076172
srv-010,2017-06-17 01:00:00,74.72042846679688
srv-010,2017-06-17 02:00:00,75.59302520751953
srv-010,2017-06-17 03:00:00,75.49622344970703
srv-010,2017-06-17 04:00:00,74.7551498413086
srv-010,2017-06-17 05:00:00,77.42845916748047
srv-010,2017-06-17 06:00:00,73.40364837646484
srv-010,2017-06-17 07:00:00,74.67243194580078
srv-010,2017-06-17 08:00:00,76.91704559326172
srv-010,2017-06-17 09:00:00,78.36592864990234
srv-010,2017-06-17 10:00:00,80.17827606201172
srv-010,2017-06-17 11:00:00,81.09624481201172
srv-010,2017-06-17 12:00:00,82.38553619384766
srv-010,2017-06-17 13:00:00,84.18311309814453
srv-010,2017-06-17 14:00:00,85.16925811767578
srv-010,2017-06-17 15:00:00,82.49481964111328
srv-010,2017-06-17 16:00:00,79.87937927246094
srv-010,2017-06-17 17:00:00,79.01647186279297
srv-010,2017-06-17 18:00:00,78.39225006103516
srv-010,2017-06-17 19:00:00,76.02235412597656
srv-010,2017-06-17 20:00:00,73.12386322021484
srv-010,2017-06-17 21:00:00,71.7809066772461
srv-010,2017-06-17 22:00:00,68.38501739501953
srv-010,2017-06-17 23:00:00,69.56535339355469
srv-010,2017-06-18 00:00:00,72.57928466796875
srv-010,2017-06-18 01:00:00,71.96141815185547
srv-010,2017-06-18 02:00:00,75.79682159423828
srv-010,2017-06-18 03:00:00,76.13158416748047
srv-010,2017-06-18 04:00:00,74.02338409423828
srv-010,2017-06-18 05:00:00,75.58234405517578
srv-010,2017-06-18 06:00:00,74.79900360107422
srv-010,2017-06-18 07:00:00,73.40287017822266
srv-010,2017-06-18 08:00:00,77.68693542480469
srv-010,2017-06-18 09:00:00,78.3307113647461
srv-010,2017-06-18 10:00:00,80.82991790771484
srv-010,2017-06-18 11:00:00,80.9682846069336
srv-010,2017-06-18 12:00:00,81.31451416015625
srv-010,2017-06-18 13:00:00,81.43110656738281
srv-010,2017-06-18 14:00:00,81.76993560791016
srv-010,2017-06-18 15:00:00,81.52324676513672
srv-010,2017-06-18 16:00:00,79.02042388916016
srv-010,2017-06-18 17:00:00,77.6976089477539
srv-010,2017-06-18 18:00:00,78.98969268798828
srv-010,2017-06-18 19:00:00,75.85316467285156
srv-010,2017-06-18 20:00:00,70.73824310302734
srv-010,2017-06-18 21:00:00,70.46495819091797
srv-010,2017-06-18 22:00:00,68.3705062866211
srv-010,2017-06-18 23:00:00,68.00304412841797
srv-010,2017-06-19 00:00:00,65.62602996826172
srv-010,2017-06-19 01:00:00,64.50099182128906
srv-010,2017-06-19 02:00:00,65.70687866210938
srv-010,2017-06-19 03:00:00,67.47814178466797
srv-010,2017-06-19 04:00:00,68.40657806396484
srv-010,2017-06-19 05:00:00,71.93663787841797
srv-010,2017-06-19 06:00:00,73.82341003417969
srv-010,2017-06-19 07:00:00,77.04793548583984
srv-010,2017-06-19 08:00:00,81.92186737060547
srv-010,2017-06-19 09:00:00,83.01021575927734
srv-010,2017-06-19 10:00:00,86.67838287353516
srv-010,2017-06-19 11:00:00,86.11265563964844
srv-010,2017-06-19 12:00:00,83.73128509521484
srv-010,2017-06-19 13:00:00,84.16808319091797
srv-010,2017-06-19 14:00:00,82.31771087646484
srv-010,2017-06-19 15:00:00,83.36363983154297
srv-010,2017-06-19 16:00:00,83.14064025878906
srv-010,2017-06-19 17:00:00,81.92243194580078
srv-010,2017-06-19 18:00:00,82.07109832763672
srv-010,2017-06-19 19:00:00,79.07113647460938
srv-010,2017-06-19 20:00:00,77.95809173583984
srv-010,2017-06-19 21:00:00,79.36579895019531
srv-010,2017-06-19 22:00:00,78.58282470703125
srv-010,2017-06-19 23:00:00,79.40819549560547
srv-010,2017-06-20 00:00:00,80.1055908203125
srv-010,2017-06-20 01:00:00,80.79121398925781
srv-010,2017-06-20 02:00:00,82.20291900634766
srv-010,2017-06-20 03:00:00,83.5263900756836
srv-010,2017-06-20 04:00:00,87.11016082763672
srv-010,2017-06-20 05:00:00,85.5589370727539
srv-010,2017-06-20 06:00:00,85.51856231689453
srv-010,2017-06-20 07:00:00,85.32450866699219
srv-010,2017-06-20 08:00:00,87.51884460449219
srv-010,2017-06-20 09:00:00,88.1080093383789
srv-010,2017-06-20 10:00:00,89.0793228149414
srv-010,2017-06-20 11:00:00,91.0281753540039
srv-010,2017-06-20 12:00:00,92.4843978881836
srv-010,2017-06-20 13:00:00,92.3880386352539
srv-010,2017-06-20 14:00:00,92.77738952636719
srv-010,2017-06-20 15:00:00,92.86515045166016
srv-010,2017-06-20 16:00:00,92.98751068115234
srv-010,2017-06-20 17:00:00,93.20002746582031
srv-010,2017-06-20 18:00:00,91.9401626586914
srv-010,2017-06-20 19:00:00,92.20243835449219
srv-010,2017-06-20 20:00:00,90.93035888671875
srv-010,2017-06-20 21:00:00,88.59000396728516
srv-010,2017-06-20 22:00:00,86.92652130126953
srv-010,2017-06-20 23:00:00,84.8325424194336
srv-010,2017-06-21 00:00:00,86.78330993652344
srv-010,2017-06-21 01:00:00,89.72823333740234
srv-010,2017-06-21 02:00:00,90.15897369384766
srv-010,2017-06-21 03:00:00,91.98289489746094
srv-010,2017-06-21 04:00:00,92.69498443603516
srv-010,2017-06-21 05:00:00,92.91783142089844
srv-010,2017-06-21 06:00:00,93.31586456298828
srv-010,2017-06-21 07:00:00,92.32398223876953
srv-010,2017-06-21 08:00:00,93.1791000366211
srv-010,2017-06-21 09:00:00,93.24552154541016
srv-010,2017-06-21 10:00:00,93.80706024169922
srv-010,2017-06-21 11:00:00,93.95294189453125
srv-010,2017-06-21 12:00:00,93.84705352783203
srv-010,2017-06-21 13:00:00,93.87763214111328
srv-010,2017-06-21 14:00:00,93.86066436767578
srv-010,2017-06-21 15:00:00,93.86569213867188
srv-010,2017-06-21 16:00:00,93.83716583251953
srv-010,2017-06-21 17:00:00,93.69425201416016
srv-010,2017-06-21 18:00:00,93.68659973144531
srv-010,2017-06-21 19:00:00,93.75491333007812
srv-010,2017-06-21 20:00:00,92.0116195678711
srv-010,2017-06-21 21:00:00,89.6332778930664
srv-010,2017-06-21 22:00:00,86.5796127319336
srv-010,2017-06-21 23:00:00,88.87892150878906
srv-010,2017-06-22 00:00:00,89.9876937866211
srv-010,2017-06-22 01:00:00,90.11734008789062
srv-010,2017-06-22 02:00:00,90.95921325683594
srv-010,2017-06-22 03:00:00,91.38388061523438
srv-010,2017-06-22 04:00:00,89.2288818359375
srv-010,2017-06-22 05:00:00,89.16214752197266
srv-010,2017-06-22 06:00:00,87.67569732666016
srv-010,2017-06-22 07:00:00,88.2956314086914
srv-010,2017-06-22 08:00:00,91.3476333618164
srv-010,2017-06-22 09:00:00,91.51728820800781
srv-010,2017-06-22 10:00:00,93.1253890991211
srv-010,2017-06-22 11:00:00,93.03380584716797
srv-010,2017-06-22 12:00:00,93.03942108154297
srv-010,2017-06-22 13:00:00,93.00782775878906
srv-010,2017-06-22 14:00:00,92.6701889038086
srv-010,2017-06-22 15:00:00,92.09207916259766
srv-010,2017-06-22 16:00:00,92.15100860595703
srv-010,2017-06-22 17:00:00,91.72071075439453
srv-010,2017-06-22 18:00:00,90.13167572021484
srv-010,2017-06-22 19:00:00,86.30318450927734
srv-010,2017-06-22 20:00:00,79.84993743896484
srv-010,2017-06-22 21:00:00,80.06339263916016
srv-010,2017-06-22 22:00:00,79.82426452636719
srv-010,2017-06-22 23:00:00,79.76097869873047
srv-010,2017-06-23 00:00:00,79.66242980957031
srv-010,2017-06-23 01:00:00,81.39069366455078
srv-010,2017-06-23 02:00:00,79.27999877929688
srv-010,2017-06-23 03:00:00,79.52379608154297
srv-010,2017-06-23 04:00:00,81.37642669677734
srv-010,2017-06-23 05:00:00,81.12247467041016
srv-010,2017-06-23 06:00:00,81.27889251708984
srv-010,2017-06-23 07:00:00,81.9323501586914
srv-010,2017-06-23 08:00:00,84.34540557861328
srv-010,2017-06-23 09:00:00,84.28426361083984
srv-010,2017-06-23 10:00:00,86.02503204345703
srv-010,2017-06-23 11:00:00,85.10062408447266
srv-010,2017-06-23 12:00:00,84.6001968383789
srv-010,2017-06-23 13:00:00,84.56047821044922
srv-010,2017-06-23 14:00:00,84.23505401611328
srv-010,2017-06-23 15:00:00,82.48007202148438
srv-010,2017-06-23 16:00:00,78.31373596191406
srv-010,2017-06-23 17:00:00,78.09233856201172
srv-010,2017-06-23 18:00:00,78.47844696044922
srv-010,2017-06-23 19:00:00,73.2927017211914
srv-010,2017-06-23 20:00:00,72.25939178466797
srv-010,2017-06-23 21:00:00,69.13106536865234
srv-010,2017-06-23 22:00:00,72.26512908935547
srv-010,2017-06-23 23:00:00,69.4819107055664
srv-010,2017-06-24 00:00:00,72.2491683959961
srv-010,2017-06-24 01:00:00,73.77776336669922
srv-010,2017-06-24 02:00:00,75.13410949707031
srv-010,2017-06-24 03:00:00,76.77760314941406
srv-010,2017-06-24 04:00:00,76.9568862915039
srv-010,2017-06-24 05:00:00,76.42838287353516
srv-010,2017-06-24 06:00:00,78.8183364868164
srv-010,2017-06-24 07:00:00,78.19861602783203
srv-010,2017-06-24 08:00:00,80.23607635498047
srv-010,2017-06-24 09:00:00,79.36162567138672
srv-010,2017-06-24 10:00:00,80.1365966796875
srv-010,2017-06-24 11:00:00,80.94988250732422
srv-010,2017-06-24 12:00:00,81.39020538330078
srv-010,2017-06-24 13:00:00,82.3204116821289
srv-010,2017-06-24 14:00:00,81.35359191894531
srv-010,2017-06-24 15:00:00,82.21923065185547
srv-010,2017-06-24 16:00:00,81.72136688232422
srv-010,2017-06-24 17:00:00,80.93643951416016
srv-010,2017-06-24 18:00:00,78.85759735107422
srv-010,2017-06-24 19:00:00,77.01640319824219
srv-010,2017-06-24 20:00:00,75.70105743408203
srv-010,2017-06-24 21:00:00,72.5961685180664
srv-010,2017-06-24 22:00:00,70.66381072998047
srv-010,2017-06-24 23:00:00,72.0591049194336
srv-010,2017-06-25 00:00:00,72.14579010009766
srv-010,2017-06-25 01:00:00,73.27313995361328
srv-010,2017-06-25 02:00:00,73.41097259521484
srv-010,2017-06-25 03:00:00,74.70690155029297
srv-010,2017-06-25 04:00:00,73.48824310302734
srv-010,2017-06-25 05:00:00,74.97321319580078
srv-010,2017-06-25 06:00:00,71.2425537109375
srv-010,2017-06-25 07:00:00,73.3839340209961
srv-010,2017-06-25 08:00:00,77.5303726196289
srv-010,2017-06-25 09:00:00,76.9507827758789
srv-010,2017-06-25 10:00:00,79.90977478027344
srv-010,2017-06-25 11:00:00,80.9608383178711
srv-010,2017-06-25 12:00:00,80.82779693603516
srv-010,2017-06-25 13:00:00,79.97359466552734
srv-010,2017-06-25 14:00:00,82.2078628540039
srv-010,2017-06-25 15:00:00,82.33008575439453
srv-010,2017-06-25 16:00:00,83.07678985595703
srv-010,2017-06-25 17:00:00,79.4875259399414
srv-010,2017-06-25 18:00:00,78.28247833251953
srv-010,2017-06-25 19:00:00,73.7690200805664
srv-010,2017-06-25 20:00:00,69.89263153076172
srv-010,2017-06-25 21:00:00,67.89559173583984
srv-010,2017-06-25 22:00:00,66.76012420654297
srv-010,2017-06-25 23:00:00,67.0196762084961
srv-010,2017-06-26 00:00:00,65.80583190917969
srv-010,2017-06-26 01:00:00,64.86383819580078
srv-010,2017-06-26 02:00:00,67.8041000366211
srv-010,2017-06-26 03:00:00,67.23456573486328
srv-010,2017-06-26 04:00:00,70.09493255615234
srv-010,2017-06-26 05:00:00,71.11811065673828
srv-010,2017-06-26 06:00:00,73.33988189697266
srv-010,2017-06-26 07:00:00,78.98770904541016
srv-010,2017-06-26 08:00:00,83.435791015625
srv-010,2017-06-26 09:00:00,83.29015350341797
srv-010,2017-06-26 10:00:00,84.80845642089844
srv-010,2017-06-26 11:00:00,83.78585815429688
srv-010,2017-06-26 12:00:00,84.03348541259766
srv-010,2017-06-26 13:00:00,82.87749481201172
srv-010,2017-06-26 14:00:00,81.94513702392578
srv-010,2017-06-26 15:00:00,83.06893920898438
srv-010,2017-06-26 16:00:00,83.39446258544922
srv-010,2017-06-26 17:00:00,83.1598129272461
srv-010,2017-06-26 18:00:00,80.2174301147461
srv-010,2017-06-26 19:00:00,80.38998413085938
srv-010,2017-06-26 20:00:00,81.00531005859375
srv-010,2017-06-26 21:00:00,79.33202362060547
srv-010,2017-06-26 22:00:00,79.58594512939453
srv-010,2017-06-26 23:00:00,77.13251495361328
srv-010,2017-06-27 00:00:00,78.90056610107422
srv-010,2017-06-27 01:00:00,79.52747344970703
srv-010,2017-06-27 02:00:00,81.73052215576172
srv-010,2017-06-27 03:00:00,82.79930877685547
srv-010,2017-06-27 04:00:00,84.22901153564453
srv-010,2017-06-27 05:00:00,84.78797149658203
srv-010,2017-06-27 06:00:00,86.52416229248047
srv-010,2017-06-27 07:00:00,88.64005279541016
srv-010,2017-06-27 08:00:00,91.11927032470703
srv-010,2017-06-27 09:00:00,90.82552337646484
srv-010,2017-06-27 10:00:00,91.92338562011719
srv-010,2017-06-27 11:00:00,90.45218658447266
srv-010,2017-06-27 12:00:00,90.41303253173828
srv-010,2017-06-27 13:00:00,90.67130279541016
srv-010,2017-06-27 14:00:00,91.2085952758789
srv-010,2017-06-27 15:00:00,91.99999237060547
srv-010,2017-06-27 16:00:00,90.58523559570312
srv-010,2017-06-27 17:00:00,90.86363983154297
srv-010,2017-06-27 18:00:00,91.4097900390625
srv-010,2017-06-27 19:00:00,89.498046875
srv-010,2017-06-27 20:00:00,88.3979721069336
srv-010,2017-06-27 21:00:00,88.66179656982422
srv-010,2017-06-27 22:00:00,90.66191101074219
srv-010,2017-06-27 23:00:00,90.64125061035156
srv-010,2017-06-28 00:00:00,87.62094116210938
srv-010,2017-06-28 01:00:00,90.18425750732422
srv-010,2017-06-28 02:00:00,91.42196655273438
srv-010,2017-06-28 03:00:00,92.4375
srv-010,2017-06-28 04:00:00,93.02484893798828
srv-010,2017-06-28 05:00:00,91.32963562011719
srv-010,2017-06-28 06:00:00,90.60588836669922
srv-010,2017-06-28 07:00:00,89.35391235351562
srv-010,2017-06-28 08:00:00,91.5575180053711
srv-010,2017-06-28 09:00:00,90.94074249267578
srv-010,2017-06-28 10:00:00,92.51448822021484
srv-010,2017-06-28 11:00:00,92.9500732421875
srv-010,2017-06-28 12:00:00,93.57906341552734
srv-010,2017-06-28 13:00:00,93.51685333251953
srv-010,2017-06-28 14:00:00,93.85621643066406
srv-010,2017-06-28 15:00:00,93.88379669189453
srv-010,2017-06-28 16:00:00,93.86852264404297
srv-010,2017-06-28 17:00:00,92.17891693115234
srv-010,2017-06-28 18:00:00,92.24256134033203
srv-010,2017-06-28 19:00:00,91.60730743408203
srv-010,2017-06-28 20:00:00,89.15760040283203
srv-010,2017-06-28 21:00:00,89.21534729003906
srv-010,2017-06-28 22:00:00,88.58082580566406
srv-010,2017-06-28 23:00:00,90.71442413330078
srv-010,2017-06-29 00:00:00,90.05518341064453
srv-010,2017-06-29 01:00:00,88.25408172607422
srv-010,2017-06-29 02:00:00,89.77991485595703
srv-010,2017-06-29 03:00:00,88.76016998291016
srv-010,2017-06-29 04:00:00,89.19535064697266
srv-010,2017-06-29 05:00:00,90.53194427490234
srv-010,2017-06-29 06:00:00,89.5838851928711
srv-010,2017-06-29 07:00:00,85.2850570678711
srv-010,2017-06-29 08:00:00,90.10638427734375
srv-010,2017-06-29 09:00:00,89.29115295410156
srv-010,2017-06-29 10:00:00,92.66226196289062
srv-010,2017-06-29 11:00:00,90.83894348144531
srv-010,2017-06-29 12:00:00,91.32554626464844
srv-010,2017-06-29 13:00:00,91.50364685058594
srv-010,2017-06-29 14:00:00,89.94026947021484
srv-010,2017-06-29 15:00:00,90.23918914794922
srv-010,2017-06-29 16:00:00,91.06134796142578
srv-010,2017-06-29 17:00:00,88.53192901611328
srv-010,2017-06-29 18:00:00,86.81229400634766
srv-010,2017-06-29 19:00:00,87.0230941772461
srv-010,2017-06-29 20:00:00,84.29190063476562
srv-010,2017-06-29 21:00:00,82.05557250976562
srv-010,2017-06-29 22:00:00,80.76265716552734
srv-010,2017-06-29 23:00:00,82.21866607666016
srv-010,2017-06-30 00:00:00,80.67913055419922
srv-010,2017-06-30 01:00:00,79.72250366210938
srv-010,2017-06-30 02:00:00,81.3752212524414
srv-010,2017-06-30 03:00:00,81.6229248046875
srv-010,2017-06-30 04:00:00,81.64005279541016
srv-010,2017-06-30 05:00:00,82.92838287353516
srv-010,2017-06-30 06:00:00,79.0704345703125
srv-010,2017-06-30 07:00:00,78.63793182373047
srv-010,2017-06-30 08:00:00,81.67887878417969
srv-010,2017-06-30 09:00:00,80.79364013671875
srv-010,2017-06-30 10:00:00,80.76734924316406
srv-010,2017-06-30 11:00:00,83.04834747314453
srv-010,2017-06-30 12:00:00,84.9736328125
srv-010,2017-06-30 13:00:00,80.5469741821289
srv-010,2017-06-30 14:00:00,77.74381256103516
srv-010,2017-06-30 15:00:00,77.87419891357422
srv-010,2017-06-30 16:00:00,79.40882110595703
srv-010,2017-06-30 17:00:00,80.40772247314453
srv-010,2017-06-30 18:00:00,80.83863067626953
srv-010,2017-06-30 19:00:00,77.29681396484375
srv-010,2017-06-30 20:00:00,75.46278381347656
srv-010,2017-06-30 21:00:00,74.01358795166016
srv-010,2017-06-30 22:00:00,73.14730072021484
srv-010,2017-06-30 23:00:00,68.03740692138672
