server_id,timestamp,predicted_cpu_utilization
srv-001,2017-06-01 23:00:00,0.0
srv-001,2017-06-02 00:00:00,0.0
srv-001,2017-06-02 01:00:00,0.0
srv-001,2017-06-02 02:00:00,0.0
srv-001,2017-06-02 03:00:00,0.0
srv-001,2017-06-02 04:00:00,0.0
srv-001,2017-06-02 05:00:00,0.0
srv-001,2017-06-02 06:00:00,0.0
srv-001,2017-06-02 07:00:00,0.0
srv-001,2017-06-02 08:00:00,0.0
srv-001,2017-06-02 09:00:00,0.0
srv-001,2017-06-02 10:00:00,0.0
srv-001,2017-06-02 11:00:00,0.0
srv-001,2017-06-02 12:00:00,46.487022399902344
srv-001,2017-06-02 13:00:00,46.671932220458984
srv-001,2017-06-02 14:00:00,47.32311248779297
srv-001,2017-06-02 15:00:00,48.390403747558594
srv-001,2017-06-02 16:00:00,44.88850402832031
srv-001,2017-06-02 17:00:00,44.812442779541016
srv-001,2017-06-02 18:00:00,44.55845642089844
srv-001,2017-06-02 19:00:00,42.90919876098633
srv-001,2017-06-02 20:00:00,42.29528045654297
srv-001,2017-06-02 21:00:00,42.50551986694336
srv-001,2017-06-02 22:00:00,42.37500762939453
srv-001,2017-06-02 23:00:00,40.273681640625
srv-001,2017-06-03 00:00:00,40.840606689453125
srv-001,2017-06-03 01:00:00,41.635005950927734
srv-001,2017-06-03 02:00:00,41.57535171508789
srv-001,2017-06-03 03:00:00,41.655860900878906
srv-001,2017-06-03 04:00:00,41.68876647949219
srv-001,2017-06-03 05:00:00,43.41429138183594
srv-001,2017-06-03 06:00:00,30.814208984375
srv-001,2017-06-03 07:00:00,37.25121307373047
srv-001,2017-06-03 08:00:00,36.72423553466797
srv-001,2017-06-03 09:00:00,42.61143493652344
srv-001,2017-06-03 10:00:00,44.140052795410156
srv-001,2017-06-03 11:00:00,44.543174743652344
srv-001,2017-06-03 12:00:00,44.94853591918945
srv-001,2017-06-03 13:00:00,47.74861526489258
srv-001,2017-06-03 14:00:00,49.135066986083984
srv-001,2017-06-03 15:00:00,46.59164810180664
srv-001,2017-06-03 16:00:00,46.71007537841797
srv-001,2017-06-03 17:00:00,46.53473663330078
srv-001,2017-06-03 18:00:00,46.14690399169922
srv-001,2017-06-03 19:00:00,44.21717071533203
srv-001,2017-06-03 20:00:00,43.77273178100586
srv-001,2017-06-03 21:00:00,42.81144714355469
srv-001,2017-06-03 22:00:00,40.131290435791016
srv-001,2017-06-03 23:00:00,38.71931457519531
srv-001,2017-06-04 00:00:00,38.63732147216797
srv-001,2017-06-04 01:00:00,40.25271987915039
srv-001,2017-06-04 02:00:00,40.6583251953125
srv-001,2017-06-04 03:00:00,42.905120849609375
srv-001,2017-06-04 04:00:00,41.82002258300781
srv-001,2017-06-04 05:00:00,38.551544189453125
srv-001,2017-06-04 06:00:00,38.13994216918945
srv-001,2017-06-04 07:00:00,38.67839813232422
srv-001,2017-06-04 08:00:00,40.91814041137695
srv-001,2017-06-04 09:00:00,41.25199890136719
srv-001,2017-06-04 10:00:00,43.77255630493164
srv-001,2017-06-04 11:00:00,46.56452941894531
srv-001,2017-06-04 12:00:00,46.603599548339844
srv-001,2017-06-04 13:00:00,43.604026794433594
srv-001,2017-06-04 14:00:00,42.16027069091797
srv-001,2017-06-04 15:00:00,42.5741081237793
srv-001,2017-06-04 16:00:00,40.24647521972656
srv-001,2017-06-04 17:00:00,41.48179244995117
srv-001,2017-06-04 18:00:00,41.07258605957031
srv-001,2017-06-04 19:00:00,44.037559509277344
srv-001,2017-06-04 20:00:00,46.67999267578125
srv-001,2017-06-04 21:00:00,44.78696823120117
srv-001,2017-06-04 22:00:00,41.955997467041016
srv-001,2017-06-04 23:00:00,41.774269104003906
srv-001,2017-06-05 00:00:00,43.36737060546875
srv-001,2017-06-05 01:00:00,39.815284729003906
srv-001,2017-06-05 02:00:00,38.46586608886719
srv-001,2017-06-05 03:00:00,37.256683349609375
srv-001,2017-06-05 04:00:00,39.571250915527344
srv-001,2017-06-05 05:00:00,39.793052673339844
srv-001,2017-06-05 06:00:00,40.98614501953125
srv-001,2017-06-05 07:00:00,38.606964111328125
srv-001,2017-06-05 08:00:00,37.55062484741211
srv-001,2017-06-05 09:00:00,41.156673431396484
srv-001,2017-06-05 10:00:00,41.92337417602539
srv-001,2017-06-05 11:00:00,41.04718780517578
srv-001,2017-06-05 12:00:00,43.67193603515625
srv-001,2017-06-05 13:00:00,47.616004943847656
srv-001,2017-06-05 14:00:00,47.24787139892578
srv-001,2017-06-05 15:00:00,46.614017486572266
srv-001,2017-06-05 16:00:00,46.35102462768555
srv-001,2017-06-05 17:00:00,46.42273712158203
srv-001,2017-06-05 18:00:00,44.40053176879883
srv-001,2017-06-05 19:00:00,44.488739013671875
srv-001,2017-06-05 20:00:00,45.057044982910156
srv-001,2017-06-05 21:00:00,46.17796325683594
srv-001,2017-06-05 22:00:00,45.44465637207031
srv-001,2017-06-05 23:00:00,44.569557189941406
srv-001,2017-06-06 00:00:00,44.720680236816406
srv-001,2017-06-06 01:00:00,43.57255935668945
srv-001,2017-06-06 02:00:00,44.372344970703125
srv-001,2017-06-06 03:00:00,47.259429931640625
srv-001,2017-06-06 04:00:00,45.45392990112305
srv-001,2017-06-06 05:00:00,45.37982177734375
srv-001,2017-06-06 06:00:00,47.814693450927734
srv-001,2017-06-06 07:00:00,50.757198333740234
srv-001,2017-06-06 08:00:00,51.07384490966797
srv-001,2017-06-06 09:00:00,50.0966796875
srv-001,2017-06-06 10:00:00,48.46098327636719
srv-001,2017-06-06 11:00:00,50.51981735229492
srv-001,2017-06-06 12:00:00,54.649044036865234
srv-001,2017-06-06 13:00:00,55.04510498046875
srv-001,2017-06-06 14:00:00,56.00275421142578
srv-001,2017-06-06 15:00:00,56.93918228149414
srv-001,2017-06-06 16:00:00,57.64238739013672
srv-001,2017-06-06 17:00:00,54.178871154785156
srv-001,2017-06-06 18:00:00,54.01820373535156
srv-001,2017-06-06 19:00:00,53.676414489746094
srv-001,2017-06-06 20:00:00,53.160213470458984
srv-001,2017-06-06 21:00:00,51.997779846191406
srv-001,2017-06-06 22:00:00,52.817386627197266
srv-001,2017-06-06 23:00:00,53.79716491699219
srv-001,2017-06-07 00:00:00,52.66493225097656
srv-001,2017-06-07 01:00:00,54.450923919677734
srv-001,2017-06-07 02:00:00,53.10401153564453
srv-001,2017-06-07 03:00:00,51.23471450805664
srv-001,2017-06-07 04:00:00,50.718238830566406
srv-001,2017-06-07 05:00:00,48.862796783447266
srv-001,2017-06-07 06:00:00,51.49403381347656
srv-001,2017-06-07 07:00:00,50.07493591308594
srv-001,2017-06-07 08:00:00,50.429588317871094
srv-001,2017-06-07 09:00:00,49.484619140625
srv-001,2017-06-07 10:00:00,52.19898223876953
srv-001,2017-06-07 11:00:00,54.467674255371094
srv-001,2017-06-07 12:00:00,55.369468688964844
srv-001,2017-06-07 13:00:00,55.21726608276367
srv-001,2017-06-07 14:00:00,54.746604919433594
srv-001,2017-06-07 15:00:00,57.124412536621094
srv-001,2017-06-07 16:00:00,55.889060974121094
srv-001,2017-06-07 17:00:00,55.80699157714844
srv-001,2017-06-07 18:00:00,54.09123611450195
srv-001,2017-06-07 19:00:00,54.28599548339844
srv-001,2017-06-07 20:00:00,55.63191604614258
srv-001,2017-06-07 21:00:00,55.57742691040039
srv-001,2017-06-07 22:00:00,52.50532531738281
srv-001,2017-06-07 23:00:00,52.99048614501953
srv-001,2017-06-08 00:00:00,52.51356506347656
srv-001,2017-06-08 01:00:00,52.2117919921875
srv-001,2017-06-08 02:00:00,51.061580657958984
srv-001,2017-06-08 03:00:00,50.73602294921875
srv-001,2017-06-08 04:00:00,51.29788589477539
srv-001,2017-06-08 05:00:00,50.18302917480469
srv-001,2017-06-08 06:00:00,49.43595886230469
srv-001,2017-06-08 07:00:00,47.77406311035156
srv-001,2017-06-08 08:00:00,47.828521728515625
srv-001,2017-06-08 09:00:00,47.662254333496094
srv-001,2017-06-08 10:00:00,50.730743408203125
srv-001,2017-06-08 11:00:00,50.744876861572266
srv-001,2017-06-08 12:00:00,54.418575286865234
srv-001,2017-06-08 13:00:00,54.37898635864258
srv-001,2017-06-08 14:00:00,51.7546501159668
srv-001,2017-06-08 15:00:00,53.48956298828125
srv-001,2017-06-08 16:00:00,54.6630744934082
srv-001,2017-06-08 17:00:00,51.772125244140625
srv-001,2017-06-08 18:00:00,51.510955810546875
srv-001,2017-06-08 19:00:00,49.043025970458984
srv-001,2017-06-08 20:00:00,48.27398681640625
srv-001,2017-06-08 21:00:00,46.50165557861328
srv-001,2017-06-08 22:00:00,44.63811111450195
srv-001,2017-06-08 23:00:00,44.39037322998047
srv-001,2017-06-09 00:00:00,44.33824920654297
srv-001,2017-06-09 01:00:00,43.750335693359375
srv-001,2017-06-09 02:00:00,42.60157775878906
srv-001,2017-06-09 03:00:00,42.970760345458984
srv-001,2017-06-09 04:00:00,43.940155029296875
srv-001,2017-06-09 05:00:00,44.54121017456055
srv-001,2017-06-09 06:00:00,44.813751220703125
srv-001,2017-06-09 07:00:00,43.84063720703125
srv-001,2017-06-09 08:00:00,46.257991790771484
srv-001,2017-06-09 09:00:00,44.358055114746094
srv-001,2017-06-09 10:00:00,45.79461669921875
srv-001,2017-06-09 11:00:00,47.98814010620117
srv-001,2017-06-09 12:00:00,48.98925018310547
srv-001,2017-06-09 13:00:00,48.79540252685547
srv-001,2017-06-09 14:00:00,46.47136306762695
srv-001,2017-06-09 15:00:00,47.39806365966797
srv-001,2017-06-09 16:00:00,44.04623031616211
srv-001,2017-06-09 17:00:00,42.473175048828125
srv-001,2017-06-09 18:00:00,41.59828567504883
srv-001,2017-06-09 19:00:00,42.610260009765625
srv-001,2017-06-09 20:00:00,41.79962921142578
srv-001,2017-06-09 21:00:00,40.37315368652344
srv-001,2017-06-09 22:00:00,38.862876892089844
srv-001,2017-06-09 23:00:00,37.80268859863281
srv-001,2017-06-10 00:00:00,37.86589050292969
srv-001,2017-06-10 01:00:00,39.796607971191406
srv-001,2017-06-10 02:00:00,38.35371017456055
srv-001,2017-06-10 03:00:00,41.164100646972656
srv-001,2017-06-10 04:00:00,42.27598190307617
srv-001,2017-06-10 05:00:00,44.277931213378906
srv-001,2017-06-10 06:00:00,42.69873809814453
srv-001,2017-06-10 07:00:00,41.199947357177734
srv-001,2017-06-10 08:00:00,40.74032211303711
srv-001,2017-06-10 09:00:00,40.646331787109375
srv-001,2017-06-10 10:00:00,41.87244415283203
srv-001,2017-06-10 11:00:00,44.14375305175781
srv-001,2017-06-10 12:00:00,43.687896728515625
srv-001,2017-06-10 13:00:00,42.89775085449219
srv-001,2017-06-10 14:00:00,44.53569793701172
srv-001,2017-06-10 15:00:00,41.9368782043457
srv-001,2017-06-10 16:00:00,42.342613220214844
srv-001,2017-06-10 17:00:00,41.34986877441406
srv-001,2017-06-10 18:00:00,41.15739822387695
srv-001,2017-06-10 19:00:00,40.57414245605469
srv-001,2017-06-10 20:00:00,39.60224151611328
srv-001,2017-06-10 21:00:00,39.8006706237793
srv-001,2017-06-10 22:00:00,38.74418640136719
srv-001,2017-06-10 23:00:00,38.587257385253906
srv-001,2017-06-11 00:00:00,38.2843132019043
srv-001,2017-06-11 01:00:00,38.80652618408203
srv-001,2017-06-11 02:00:00,41.28076171875
srv-001,2017-06-11 03:00:00,41.118831634521484
srv-001,2017-06-11 04:00:00,43.07386779785156
srv-001,2017-06-11 05:00:00,39.63528060913086
srv-001,2017-06-11 06:00:00,40.05538558959961
srv-001,2017-06-11 07:00:00,39.06064987182617
srv-001,2017-06-11 08:00:00,38.87383270263672
srv-001,2017-06-11 09:00:00,39.38005065917969
srv-001,2017-06-11 10:00:00,41.39700698852539
srv-001,2017-06-11 11:00:00,44.349369049072266
srv-001,2017-06-11 12:00:00,45.26240539550781
srv-001,2017-06-11 13:00:00,43.2093505859375
srv-001,2017-06-11 14:00:00,43.55830383300781
srv-001,2017-06-11 15:00:00,44.749855041503906
srv-001,2017-06-11 16:00:00,43.585113525390625
srv-001,2017-06-11 17:00:00,40.64295959472656
srv-001,2017-06-11 18:00:00,39.8194580078125
srv-001,2017-06-11 19:00:00,40.233924865722656
srv-001,2017-06-11 20:00:00,40.52688217163086
srv-001,2017-06-11 21:00:00,38.553558349609375
srv-001,2017-06-11 22:00:00,37.608154296875
srv-001,2017-06-11 23:00:00,38.51927185058594
srv-001,2017-06-12 00:00:00,38.97721862792969
srv-001,2017-06-12 01:00:00,38.705955505371094
srv-001,2017-06-12 02:00:00,39.32190704345703
srv-001,2017-06-12 03:00:00,38.02220153808594
srv-001,2017-06-12 04:00:00,34.84466552734375
srv-001,2017-06-12 05:00:00,36.928863525390625
srv-001,2017-06-12 06:00:00,34.88054275512695
srv-001,2017-06-12 07:00:00,32.56754684448242
srv-001,2017-06-12 08:00:00,38.375770568847656
srv-001,2017-06-12 09:00:00,43.85511016845703
srv-001,2017-06-12 10:00:00,43.50121307373047
srv-001,2017-06-12 11:00:00,46.40908432006836
srv-001,2017-06-12 12:00:00,46.1993408203125
srv-001,2017-06-12 13:00:00,48.93956756591797
srv-001,2017-06-12 14:00:00,49.10976028442383
srv-001,2017-06-12 15:00:00,51.42149353027344
srv-001,2017-06-12 16:00:00,49.63458251953125
srv-001,2017-06-12 17:00:00,50.65412521362305
srv-001,2017-06-12 18:00:00,47.574493408203125
srv-001,2017-06-12 19:00:00,46.55546569824219
srv-001,2017-06-12 20:00:00,44.512245178222656
srv-001,2017-06-12 21:00:00,43.86320495605469
srv-001,2017-06-12 22:00:00,43.767887115478516
srv-001,2017-06-12 23:00:00,45.189205169677734
srv-001,2017-06-13 00:00:00,44.2700080871582
srv-001,2017-06-13 01:00:00,42.860130310058594
srv-001,2017-06-13 02:00:00,44.48955535888672
srv-001,2017-06-13 03:00:00,46.33608627319336
srv-001,2017-06-13 04:00:00,48.637657165527344
srv-001,2017-06-13 05:00:00,49.76768112182617
srv-001,2017-06-13 06:00:00,49.95410919189453
srv-001,2017-06-13 07:00:00,53.08269500732422
srv-001,2017-06-13 08:00:00,54.20072555541992
srv-001,2017-06-13 09:00:00,53.677703857421875
srv-001,2017-06-13 10:00:00,51.02741241455078
srv-001,2017-06-13 11:00:00,53.44846725463867
srv-001,2017-06-13 12:00:00,55.47866439819336
srv-001,2017-06-13 13:00:00,56.581050872802734
srv-001,2017-06-13 14:00:00,57.16429901123047
srv-001,2017-06-13 15:00:00,55.013031005859375
srv-001,2017-06-13 16:00:00,55.98329162597656
srv-001,2017-06-13 17:00:00,56.9864616394043
srv-001,2017-06-13 18:00:00,58.65528106689453
srv-001,2017-06-13 19:00:00,57.55259323120117
srv-001,2017-06-13 20:00:00,56.29252624511719
srv-001,2017-06-13 21:00:00,55.917640686035156
srv-001,2017-06-13 22:00:00,53.73505401611328
srv-001,2017-06-13 23:00:00,55.38140869140625
srv-001,2017-06-14 00:00:00,52.888580322265625
srv-001,2017-06-14 01:00:00,61.74462127685547
srv-001,2017-06-14 02:00:00,59.44722366333008
srv-001,2017-06-14 03:00:00,55.79015350341797
srv-001,2017-06-14 04:00:00,55.948272705078125
srv-001,2017-06-14 05:00:00,54.941162109375
srv-001,2017-06-14 06:00:00,52.205543518066406
srv-001,2017-06-14 07:00:00,53.244895935058594
srv-001,2017-06-14 08:00:00,57.249046325683594
srv-001,2017-06-14 09:00:00,59.102516174316406
srv-001,2017-06-14 10:00:00,60.306243896484375
srv-001,2017-06-14 11:00:00,60.587806701660156
srv-001,2017-06-14 12:00:00,59.34712600708008
srv-001,2017-06-14 13:00:00,60.49555969238281
srv-001,2017-06-14 14:00:00,59.61290740966797
srv-001,2017-06-14 15:00:00,62.84520721435547
srv-001,2017-06-14 16:00:00,62.50443649291992
srv-001,2017-06-14 17:00:00,59.564796447753906
srv-001,2017-06-14 18:00:00,57.65026092529297
srv-001,2017-06-14 19:00:00,56.08228302001953
srv-001,2017-06-14 20:00:00,56.42462158203125
srv-001,2017-06-14 21:00:00,57.9769287109375
srv-001,2017-06-14 22:00:00,56.05001449584961
srv-001,2017-06-14 23:00:00,54.842864990234375
srv-001,2017-06-15 00:00:00,55.88261413574219
srv-001,2017-06-15 01:00:00,55.13835906982422
srv-001,2017-06-15 02:00:00,57.11824417114258
srv-001,2017-06-15 03:00:00,56.31162643432617
srv-001,2017-06-15 04:00:00,57.27130126953125
srv-001,2017-06-15 05:00:00,56.66636276245117
srv-001,2017-06-15 06:00:00,56.364681243896484
srv-001,2017-06-15 07:00:00,56.30702590942383
srv-001,2017-06-15 08:00:00,58.82960891723633
srv-001,2017-06-15 09:00:00,57.29478454589844
srv-001,2017-06-15 10:00:00,57.608097076416016
srv-001,2017-06-15 11:00:00,59.18946075439453
srv-001,2017-06-15 12:00:00,59.660396575927734
srv-001,2017-06-15 13:00:00,58.62109375
srv-001,2017-06-15 14:00:00,57.98187255859375
srv-001,2017-06-15 15:00:00,58.365020751953125
srv-001,2017-06-15 16:00:00,60.22993087768555
srv-001,2017-06-15 17:00:00,58.88677215576172
srv-001,2017-06-15 18:00:00,54.93755340576172
srv-001,2017-06-15 19:00:00,56.59083938598633
srv-001,2017-06-15 20:00:00,54.86296844482422
srv-001,2017-06-15 21:00:00,57.904869079589844
srv-001,2017-06-15 22:00:00,53.41686248779297
srv-001,2017-06-15 23:00:00,51.92790985107422
srv-001,2017-06-16 00:00:00,47.13864517211914
srv-001,2017-06-16 01:00:00,58.4122200012207
srv-001,2017-06-16 02:00:00,58.70124053955078
srv-001,2017-06-16 03:00:00,57.026458740234375
srv-001,2017-06-16 04:00:00,51.009220123291016
srv-001,2017-06-16 05:00:00,48.042755126953125
srv-001,2017-06-16 06:00:00,47.573829650878906
srv-001,2017-06-16 07:00:00,44.97699737548828
srv-001,2017-06-16 08:00:00,45.91178894042969
srv-001,2017-06-16 09:00:00,42.67540740966797
srv-001,2017-06-16 10:00:00,45.879207611083984
srv-001,2017-06-16 11:00:00,43.732208251953125
srv-001,2017-06-16 12:00:00,44.04214859008789
srv-001,2017-06-16 13:00:00,46.510581970214844
srv-001,2017-06-16 14:00:00,49.5706787109375
srv-001,2017-06-16 15:00:00,46.817543029785156
srv-001,2017-06-16 16:00:00,45.44322967529297
srv-001,2017-06-16 17:00:00,44.395530700683594
srv-001,2017-06-16 18:00:00,43.588829040527344
srv-001,2017-06-16 19:00:00,41.26132583618164
srv-001,2017-06-16 20:00:00,41.27199172973633
srv-001,2017-06-16 21:00:00,40.04091262817383
srv-001,2017-06-16 22:00:00,38.9783935546875
srv-001,2017-06-16 23:00:00,37.56581497192383
srv-001,2017-06-17 00:00:00,38.398014068603516
srv-001,2017-06-17 01:00:00,39.885074615478516
srv-001,2017-06-17 02:00:00,39.788108825683594
srv-001,2017-06-17 03:00:00,39.56553649902344
srv-001,2017-06-17 04:00:00,39.006465911865234
srv-001,2017-06-17 05:00:00,39.4307861328125
srv-001,2017-06-17 06:00:00,38.31909942626953
srv-001,2017-06-17 07:00:00,38.98162078857422
srv-001,2017-06-17 08:00:00,41.44208908081055
srv-001,2017-06-17 09:00:00,41.578678131103516
srv-001,2017-06-17 10:00:00,42.73019790649414
srv-001,2017-06-17 11:00:00,46.3651237487793
srv-001,2017-06-17 12:00:00,44.70928192138672
srv-001,2017-06-17 13:00:00,42.605777740478516
srv-001,2017-06-17 14:00:00,44.757606506347656
srv-001,2017-06-17 15:00:00,43.57476043701172
srv-001,2017-06-17 16:00:00,43.05158233642578
srv-001,2017-06-17 17:00:00,40.98414611816406
srv-001,2017-06-17 18:00:00,40.564125061035156
srv-001,2017-06-17 19:00:00,42.13276672363281
srv-001,2017-06-17 20:00:00,41.408897399902344
srv-001,2017-06-17 21:00:00,42.82883071899414
srv-001,2017-06-17 22:00:00,38.68511199951172
srv-001,2017-06-17 23:00:00,37.29785919189453
srv-001,2017-06-18 00:00:00,34.03770446777344
srv-001,2017-06-18 01:00:00,35.666324615478516
srv-001,2017-06-18 02:00:00,38.54833221435547
srv-001,2017-06-18 03:00:00,38.32676315307617
srv-001,2017-06-18 04:00:00,38.954872131347656
srv-001,2017-06-18 05:00:00,39.98249816894531
srv-001,2017-06-18 06:00:00,39.11225128173828
srv-001,2017-06-18 07:00:00,39.59928894042969
srv-001,2017-06-18 08:00:00,42.234596252441406
srv-001,2017-06-18 09:00:00,40.434661865234375
srv-001,2017-06-18 10:00:00,42.184120178222656
srv-001,2017-06-18 11:00:00,45.20329666137695
srv-001,2017-06-18 12:00:00,45.45133972167969
srv-001,2017-06-18 13:00:00,46.38536834716797
srv-001,2017-06-18 14:00:00,46.96261215209961
srv-001,2017-06-18 15:00:00,48.61674499511719
srv-001,2017-06-18 16:00:00,46.517112731933594
srv-001,2017-06-18 17:00:00,43.013572692871094
srv-001,2017-06-18 18:00:00,42.68088150024414
srv-001,2017-06-18 19:00:00,42.118953704833984
srv-001,2017-06-18 20:00:00,41.333011627197266
srv-001,2017-06-18 21:00:00,40.475189208984375
srv-001,2017-06-18 22:00:00,39.281585693359375
srv-001,2017-06-18 23:00:00,40.33157730102539
srv-001,2017-06-19 00:00:00,40.17768478393555
srv-001,2017-06-19 01:00:00,39.62650680541992
srv-001,2017-06-19 02:00:00,39.15591812133789
srv-001,2017-06-19 03:00:00,40.36863327026367
srv-001,2017-06-19 04:00:00,40.74458694458008
srv-001,2017-06-19 05:00:00,38.25914764404297
srv-001,2017-06-19 06:00:00,39.87916946411133
srv-001,2017-06-19 07:00:00,40.399658203125
srv-001,2017-06-19 08:00:00,41.9869384765625
srv-001,2017-06-19 09:00:00,43.450965881347656
srv-001,2017-06-19 10:00:00,45.6971435546875
srv-001,2017-06-19 11:00:00,45.169532775878906
srv-001,2017-06-19 12:00:00,48.539371490478516
srv-001,2017-06-19 13:00:00,50.44767761230469
srv-001,2017-06-19 14:00:00,50.2457160949707
srv-001,2017-06-19 15:00:00,47.10963821411133
srv-001,2017-06-19 16:00:00,46.9501838684082
srv-001,2017-06-19 17:00:00,46.89726638793945
srv-001,2017-06-19 18:00:00,47.157684326171875
srv-001,2017-06-19 19:00:00,46.14729690551758
srv-001,2017-06-19 20:00:00,43.40312194824219
srv-001,2017-06-19 21:00:00,43.667274475097656
srv-001,2017-06-19 22:00:00,43.86383056640625
srv-001,2017-06-19 23:00:00,45.343902587890625
srv-001,2017-06-20 00:00:00,45.01512908935547
srv-001,2017-06-20 01:00:00,48.33386993408203
srv-001,2017-06-20 02:00:00,45.9637451171875
srv-001,2017-06-20 03:00:00,48.287635803222656
srv-001,2017-06-20 04:00:00,48.29890441894531
srv-001,2017-06-20 05:00:00,49.942989349365234
srv-001,2017-06-20 06:00:00,50.122032165527344
srv-001,2017-06-20 07:00:00,51.926719665527344
srv-001,2017-06-20 08:00:00,52.84511947631836
srv-001,2017-06-20 09:00:00,49.66090774536133
srv-001,2017-06-20 10:00:00,54.05177688598633
srv-001,2017-06-20 11:00:00,54.101219177246094
srv-001,2017-06-20 12:00:00,56.74530792236328
srv-001,2017-06-20 13:00:00,57.94855499267578
srv-001,2017-06-20 14:00:00,56.96307373046875
srv-001,2017-06-20 15:00:00,57.24528884887695
srv-001,2017-06-20 16:00:00,55.9628791809082
srv-001,2017-06-20 17:00:00,54.73723602294922
srv-001,2017-06-20 18:00:00,54.38188934326172
srv-001,2017-06-20 19:00:00,51.763877868652344
srv-001,2017-06-20 20:00:00,51.09128952026367
srv-001,2017-06-20 21:00:00,53.51628875732422
srv-001,2017-06-20 22:00:00,53.741790771484375
srv-001,2017-06-20 23:00:00,53.45188903808594
srv-001,2017-06-21 00:00:00,53.83230209350586
srv-001,2017-06-21 01:00:00,53.35594177246094
srv-001,2017-06-21 02:00:00,56.13023376464844
srv-001,2017-06-21 03:00:00,54.72538757324219
srv-001,2017-06-21 04:00:00,54.36627960205078
srv-001,2017-06-21 05:00:00,56.90054702758789
srv-001,2017-06-21 06:00:00,54.764122009277344
srv-001,2017-06-21 07:00:00,57.50553894042969
srv-001,2017-06-21 08:00:00,55.58164978027344
srv-001,2017-06-21 09:00:00,58.31083297729492
srv-001,2017-06-21 10:00:00,58.44647979736328
srv-001,2017-06-21 11:00:00,58.55792236328125
srv-001,2017-06-21 12:00:00,55.800350189208984
srv-001,2017-06-21 13:00:00,55.23595428466797
srv-001,2017-06-21 14:00:00,55.01080322265625
srv-001,2017-06-21 15:00:00,55.04769515991211
srv-001,2017-06-21 16:00:00,55.66789245605469
srv-001,2017-06-21 17:00:00,57.2641487121582
srv-001,2017-06-21 18:00:00,57.22948455810547
srv-001,2017-06-21 19:00:00,56.681175231933594
srv-001,2017-06-21 20:00:00,54.378517150878906
srv-001,2017-06-21 21:00:00,53.36521911621094
srv-001,2017-06-21 22:00:00,55.315513610839844
srv-001,2017-06-21 23:00:00,54.36018753051758
srv-001,2017-06-22 00:00:00,56.465972900390625
srv-001,2017-06-22 01:00:00,55.02937698364258
srv-001,2017-06-22 02:00:00,54.493377685546875
srv-001,2017-06-22 03:00:00,55.279884338378906
srv-001,2017-06-22 04:00:00,57.32096481323242
srv-001,2017-06-22 05:00:00,56.012779235839844
srv-001,2017-06-22 06:00:00,55.46230697631836
srv-001,2017-06-22 07:00:00,54.58539581298828
srv-001,2017-06-22 08:00:00,55.589996337890625
srv-001,2017-06-22 09:00:00,56.72340393066406
srv-001,2017-06-22 10:00:00,56.211578369140625
srv-001,2017-06-22 11:00:00,58.08634948730469
srv-001,2017-06-22 12:00:00,60.582008361816406
srv-001,2017-06-22 13:00:00,59.80188751220703
srv-001,2017-06-22 14:00:00,57.935367584228516
srv-001,2017-06-22 15:00:00,54.28810119628906
srv-001,2017-06-22 16:00:00,51.267269134521484
srv-001,2017-06-22 17:00:00,52.21833801269531
srv-001,2017-06-22 18:00:00,51.382118225097656
srv-001,2017-06-22 19:00:00,50.265045166015625
srv-001,2017-06-22 20:00:00,49.34162139892578
srv-001,2017-06-22 21:00:00,49.137367248535156
srv-001,2017-06-22 22:00:00,49.53410720825195
srv-001,2017-06-22 23:00:00,49.04913330078125
srv-001,2017-06-23 00:00:00,47.64189910888672
srv-001,2017-06-23 01:00:00,48.96599578857422
srv-001,2017-06-23 02:00:00,48.718536376953125
srv-001,2017-06-23 03:00:00,49.138084411621094
srv-001,2017-06-23 04:00:00,47.41118621826172
srv-001,2017-06-23 05:00:00,45.603790283203125
srv-001,2017-06-23 06:00:00,45.80604553222656
srv-001,2017-06-23 07:00:00,45.593048095703125
srv-001,2017-06-23 08:00:00,46.75679016113281
srv-001,2017-06-23 09:00:00,46.3337287902832
srv-001,2017-06-23 10:00:00,44.19776916503906
srv-001,2017-06-23 11:00:00,44.559959411621094
srv-001,2017-06-23 12:00:00,46.60015869140625
srv-001,2017-06-23 13:00:00,46.44612121582031
srv-001,2017-06-23 14:00:00,46.13786697387695
srv-001,2017-06-23 15:00:00,47.19441223144531
srv-001,2017-06-23 16:00:00,45.36604309082031
srv-001,2017-06-23 17:00:00,42.58116149902344
srv-001,2017-06-23 18:00:00,42.19893264770508
srv-001,2017-06-23 19:00:00,41.42952346801758
srv-001,2017-06-23 20:00:00,40.41484069824219
srv-001,2017-06-23 21:00:00,40.43359375
srv-001,2017-06-23 22:00:00,40.2211799621582
srv-001,2017-06-23 23:00:00,40.189300537109375
srv-001,2017-06-24 00:00:00,40.513038635253906
srv-001,2017-06-24 01:00:00,43.44499206542969
srv-001,2017-06-24 02:00:00,42.60802459716797
srv-001,2017-06-24 03:00:00,42.167381286621094
srv-001,2017-06-24 04:00:00,41.096439361572266
srv-001,2017-06-24 05:00:00,40.1951904296875
srv-001,2017-06-24 06:00:00,40.14240264892578
srv-001,2017-06-24 07:00:00,39.92488098144531
srv-001,2017-06-24 08:00:00,41.0079231262207
srv-001,2017-06-24 09:00:00,44.37482452392578
srv-001,2017-06-24 10:00:00,43.14461135864258
srv-001,2017-06-24 11:00:00,42.213134765625
srv-001,2017-06-24 12:00:00,43.67793273925781
srv-001,2017-06-24 13:00:00,43.96662902832031
srv-001,2017-06-24 14:00:00,45.12675476074219
srv-001,2017-06-24 15:00:00,46.544212341308594
srv-001,2017-06-24 16:00:00,42.148094177246094
srv-001,2017-06-24 17:00:00,40.10832977294922
srv-001,2017-06-24 18:00:00,39.81216812133789
srv-001,2017-06-24 19:00:00,41.12761688232422
srv-001,2017-06-24 20:00:00,39.20270538330078
srv-001,2017-06-24 21:00:00,37.02418518066406
srv-001,2017-06-24 22:00:00,36.912940979003906
srv-001,2017-06-24 23:00:00,38.09733200073242
srv-001,2017-06-25 00:00:00,37.665916442871094
srv-001,2017-06-25 01:00:00,37.081260681152344
srv-001,2017-06-25 02:00:00,36.870872497558594
srv-001,2017-06-25 03:00:00,38.19685363769531
srv-001,2017-06-25 04:00:00,38.83448791503906
srv-001,2017-06-25 05:00:00,46.915122985839844
srv-001,2017-06-25 06:00:00,41.8201904296875
srv-001,2017-06-25 07:00:00,37.4488525390625
srv-001,2017-06-25 08:00:00,39.00019073486328
srv-001,2017-06-25 09:00:00,41.64894104003906
srv-001,2017-06-25 10:00:00,41.25492858886719
srv-001,2017-06-25 11:00:00,41.97392272949219
srv-001,2017-06-25 12:00:00,40.03865432739258
srv-001,2017-06-25 13:00:00,41.79851531982422
srv-001,2017-06-25 14:00:00,42.80624008178711
srv-001,2017-06-25 15:00:00,45.44657897949219
srv-001,2017-06-25 16:00:00,44.08503341674805
srv-001,2017-06-25 17:00:00,42.49728775024414
srv-001,2017-06-25 18:00:00,40.72956085205078
srv-001,2017-06-25 19:00:00,38.22475814819336
srv-001,2017-06-25 20:00:00,38.7652473449707
srv-001,2017-06-25 21:00:00,40.04326248168945
srv-001,2017-06-25 22:00:00,40.90498352050781
srv-001,2017-06-25 23:00:00,38.56105041503906
srv-001,2017-06-26 00:00:00,38.531494140625
srv-001,2017-06-26 01:00:00,40.3837890625
srv-001,2017-06-26 02:00:00,40.56317901611328
srv-001,2017-06-26 03:00:00,40.97182083129883
srv-001,2017-06-26 04:00:00,41.488426208496094
srv-001,2017-06-26 05:00:00,39.07560348510742
srv-001,2017-06-26 06:00:00,41.76410675048828
srv-001,2017-06-26 07:00:00,41.100929260253906
srv-001,2017-06-26 08:00:00,43.276695251464844
srv-001,2017-06-26 09:00:00,41.728885650634766
srv-001,2017-06-26 10:00:00,41.827144622802734
srv-001,2017-06-26 11:00:00,46.44094467163086
srv-001,2017-06-26 12:00:00,45.3195915222168
srv-001,2017-06-26 13:00:00,50.389686584472656
srv-001,2017-06-26 14:00:00,49.05879211425781
srv-001,2017-06-26 15:00:00,53.2838134765625
srv-001,2017-06-26 16:00:00,46.90263366699219
srv-001,2017-06-26 17:00:00,46.96078872680664
srv-001,2017-06-26 18:00:00,49.07696533203125
srv-001,2017-06-26 19:00:00,48.788551330566406
srv-001,2017-06-26 20:00:00,47.040367126464844
srv-001,2017-06-26 21:00:00,47.504398345947266
srv-001,2017-06-26 22:00:00,47.356510162353516
srv-001,2017-06-26 23:00:00,48.018646240234375
srv-001,2017-06-27 00:00:00,48.562957763671875
srv-001,2017-06-27 01:00:00,49.92436218261719
srv-001,2017-06-27 02:00:00,50.42052459716797
srv-001,2017-06-27 03:00:00,49.9986686706543
srv-001,2017-06-27 04:00:00,49.9859619140625
srv-001,2017-06-27 05:00:00,47.91762924194336
srv-001,2017-06-27 06:00:00,49.69112014770508
srv-001,2017-06-27 07:00:00,48.07362365722656
srv-001,2017-06-27 08:00:00,51.93669128417969
srv-001,2017-06-27 09:00:00,51.52948760986328
srv-001,2017-06-27 10:00:00,52.662269592285156
srv-001,2017-06-27 11:00:00,55.357643127441406
srv-001,2017-06-27 12:00:00,55.58134078979492
srv-001,2017-06-27 13:00:00,57.21089172363281
srv-001,2017-06-27 14:00:00,56.750099182128906
srv-001,2017-06-27 15:00:00,56.628936767578125
srv-001,2017-06-27 16:00:00,57.49542999267578
srv-001,2017-06-27 17:00:00,55.41587448120117
srv-001,2017-06-27 18:00:00,52.43939208984375
srv-001,2017-06-27 19:00:00,51.5269660949707
srv-001,2017-06-27 20:00:00,51.593055725097656
srv-001,2017-06-27 21:00:00,53.5585823059082
srv-001,2017-06-27 22:00:00,51.56941604614258
srv-001,2017-06-27 23:00:00,49.686126708984375
srv-001,2017-06-28 00:00:00,49.36458206176758
srv-001,2017-06-28 01:00:00,48.10127258300781
srv-001,2017-06-28 02:00:00,49.12466049194336
srv-001,2017-06-28 03:00:00,49.96668243408203
srv-001,2017-06-28 04:00:00,49.729705810546875
srv-001,2017-06-28 05:00:00,51.05857849121094
srv-001,2017-06-28 06:00:00,52.93950653076172
srv-001,2017-06-28 07:00:00,57.657142639160156
srv-001,2017-06-28 08:00:00,56.168243408203125
srv-001,2017-06-28 09:00:00,58.602210998535156
srv-001,2017-06-28 10:00:00,60.32858657836914
srv-001,2017-06-28 11:00:00,59.24708557128906
srv-001,2017-06-28 12:00:00,59.641082763671875
srv-001,2017-06-28 13:00:00,57.15825653076172
srv-001,2017-06-28 14:00:00,58.091190338134766
srv-001,2017-06-28 15:00:00,60.70187759399414
srv-001,2017-06-28 16:00:00,60.225120544433594
srv-001,2017-06-28 17:00:00,59.19664764404297
srv-001,2017-06-28 18:00:00,56.645118713378906
srv-001,2017-06-28 19:00:00,54.4221305847168
srv-001,2017-06-28 20:00:00,53.738365173339844
srv-001,2017-06-28 21:00:00,55.49693298339844
srv-001,2017-06-28 22:00:00,52.89997863769531
srv-001,2017-06-28 23:00:00,52.037200927734375
srv-001,2017-06-29 00:00:00,51.494354248046875
srv-001,2017-06-29 01:00:00,50.90099334716797
srv-001,2017-06-29 02:00:00,50.772315979003906
srv-001,2017-06-29 03:00:00,50.56232833862305
srv-001,2017-06-29 04:00:00,50.972923278808594
srv-001,2017-06-29 05:00:00,51.11034393310547
srv-001,2017-06-29 06:00:00,53.03770446777344
srv-001,2017-06-29 07:00:00,51.33525085449219
srv-001,2017-06-29 08:00:00,50.70161437988281
srv-001,2017-06-29 09:00:00,51.35883331298828
srv-001,2017-06-29 10:00:00,54.88460159301758
srv-001,2017-06-29 11:00:00,55.16046142578125
srv-001,2017-06-29 12:00:00,54.286834716796875
srv-001,2017-06-29 13:00:00,54.82527160644531
srv-001,2017-06-29 14:00:00,51.445106506347656
srv-001,2017-06-29 15:00:00,52.77467346191406
srv-001,2017-06-29 16:00:00,53.533042907714844
srv-001,2017-06-29 17:00:00,51.63129425048828
srv-001,2017-06-29 18:00:00,52.388763427734375
srv-001,2017-06-29 19:00:00,49.94068908691406
srv-001,2017-06-29 20:00:00,49.84312057495117
srv-001,2017-06-29 21:00:00,49.34904861450195
srv-001,2017-06-29 22:00:00,47.401390075683594
srv-001,2017-06-29 23:00:00,47.12858200073242
srv-001,2017-06-30 00:00:00,46.20698547363281
srv-001,2017-06-30 01:00:00,47.56592559814453
srv-001,2017-06-30 02:00:00,45.402870178222656
srv-001,2017-06-30 03:00:00,44.28246307373047
srv-001,2017-06-30 04:00:00,46.010677337646484
srv-001,2017-06-30 05:00:00,45.45026397705078
srv-001,2017-06-30 06:00:00,46.23797607421875
srv-001,2017-06-30 07:00:00,48.288299560546875
srv-001,2017-06-30 08:00:00,48.24043273925781
srv-001,2017-06-30 09:00:00,48.74043273925781
srv-001,2017-06-30 10:00:00,46.48866271972656
srv-001,2017-06-30 11:00:00,48.41901779174805
srv-001,2017-06-30 12:00:00,48.98216247558594
srv-001,2017-06-30 13:00:00,49.13701248168945
srv-001,2017-06-30 14:00:00,47.786197662353516
srv-001,2017-06-30 15:00:00,44.686397552490234
srv-001,2017-06-30 16:00:00,45.28666687011719
srv-001,2017-06-30 17:00:00,43.01576232910156
srv-001,2017-06-30 18:00:00,42.584442138671875
srv-001,2017-06-30 19:00:00,43.311336517333984
srv-001,2017-06-30 20:00:00,42.4025993347168
srv-001,2017-06-30 21:00:00,44.08064270019531
srv-001,2017-06-30 22:00:00,43.228702545166016
srv-001,2017-06-30 23:00:00,42.03788375854492
srv-002,2017-06-01 23:00:00,65.3778305053711
srv-002,2017-06-02 00:00:00,67.65695190429688
srv-002,2017-06-02 01:00:00,69.54920959472656
srv-002,2017-06-02 02:00:00,69.29170227050781
srv-002,2017-06-02 03:00:00,69.37991333007812
srv-002,2017-06-02 04:00:00,66.4755630493164
srv-002,2017-06-02 05:00:00,68.65511322021484
srv-002,2017-06-02 06:00:00,69.40300750732422
srv-002,2017-06-02 07:00:00,66.60012817382812
srv-002,2017-06-02 08:00:00,68.00387573242188
srv-002,2017-06-02 09:00:00,68.6171875
srv-002,2017-06-02 10:00:00,72.07252502441406
srv-002,2017-06-02 11:00:00,75.1622314453125
srv-002,2017-06-02 12:00:00,75.85139465332031
srv-002,2017-06-02 13:00:00,75.423828125
srv-002,2017-06-02 14:00:00,71.7659912109375
srv-002,2017-06-02 15:00:00,70.86051177978516
srv-002,2017-06-02 16:00:00,70.64580535888672
srv-002,2017-06-02 17:00:00,68.56395721435547
srv-002,2017-06-02 18:00:00,67.27828979492188
srv-002,2017-06-02 19:00:00,66.15403747558594
srv-002,2017-06-02 20:00:00,67.29230499267578
srv-002,2017-06-02 21:00:00,64.70011138916016
srv-002,2017-06-02 22:00:00,63.839508056640625
srv-002,2017-06-02 23:00:00,62.804527282714844
srv-002,2017-06-03 00:00:00,65.04633331298828
srv-002,2017-06-03 01:00:00,67.15951538085938
srv-002,2017-06-03 02:00:00,66.8338851928711
srv-002,2017-06-03 03:00:00,66.27548217773438
srv-002,2017-06-03 04:00:00,67.05250549316406
srv-002,2017-06-03 05:00:00,67.18724060058594
srv-002,2017-06-03 06:00:00,66.43164825439453
srv-002,2017-06-03 07:00:00,67.72782135009766
srv-002,2017-06-03 08:00:00,71.41444396972656
srv-002,2017-06-03 09:00:00,70.62368774414062
srv-002,2017-06-03 10:00:00,71.67745971679688
srv-002,2017-06-03 11:00:00,73.44467163085938
srv-002,2017-06-03 12:00:00,74.12181091308594
srv-002,2017-06-03 13:00:00,77.62924194335938
srv-002,2017-06-03 14:00:00,77.79011535644531
srv-002,2017-06-03 15:00:00,76.47291564941406
srv-002,2017-06-03 16:00:00,73.49679565429688
srv-002,2017-06-03 17:00:00,73.09264373779297
srv-002,2017-06-03 18:00:00,70.94171905517578
srv-002,2017-06-03 19:00:00,68.21062469482422
srv-002,2017-06-03 20:00:00,65.3704833984375
srv-002,2017-06-03 21:00:00,64.06702423095703
srv-002,2017-06-03 22:00:00,61.965370178222656
srv-002,2017-06-03 23:00:00,62.09465789794922
srv-002,2017-06-04 00:00:00,61.14904022216797
srv-002,2017-06-04 01:00:00,61.496646881103516
srv-002,2017-06-04 02:00:00,62.974327087402344
srv-002,2017-06-04 03:00:00,65.44007873535156
srv-002,2017-06-04 04:00:00,67.00826263427734
srv-002,2017-06-04 05:00:00,68.4671401977539
srv-002,2017-06-04 06:00:00,67.37184143066406
srv-002,2017-06-04 07:00:00,69.20755767822266
srv-002,2017-06-04 08:00:00,74.65158081054688
srv-002,2017-06-04 09:00:00,75.34905242919922
srv-002,2017-06-04 10:00:00,76.22199249267578
srv-002,2017-06-04 11:00:00,74.54319763183594
srv-002,2017-06-04 12:00:00,72.63427734375
srv-002,2017-06-04 13:00:00,75.27056884765625
srv-002,2017-06-04 14:00:00,73.91474151611328
srv-002,2017-06-04 15:00:00,73.94245910644531
srv-002,2017-06-04 16:00:00,74.74745178222656
srv-002,2017-06-04 17:00:00,70.04922485351562
srv-002,2017-06-04 18:00:00,67.87313079833984
srv-002,2017-06-04 19:00:00,66.47130584716797
srv-002,2017-06-04 20:00:00,65.77188110351562
srv-002,2017-06-04 21:00:00,63.320465087890625
srv-002,2017-06-04 22:00:00,61.76686096191406
srv-002,2017-06-04 23:00:00,60.44769287109375
srv-002,2017-06-05 00:00:00,61.827247619628906
srv-002,2017-06-05 01:00:00,67.37359619140625
srv-002,2017-06-05 02:00:00,62.58249282836914
srv-002,2017-06-05 03:00:00,62.803829193115234
srv-002,2017-06-05 04:00:00,62.032325744628906
srv-002,2017-06-05 05:00:00,61.9151725769043
srv-002,2017-06-05 06:00:00,63.44385528564453
srv-002,2017-06-05 07:00:00,66.32867431640625
srv-002,2017-06-05 08:00:00,72.40091705322266
srv-002,2017-06-05 09:00:00,71.3761215209961
srv-002,2017-06-05 10:00:00,74.2230224609375
srv-002,2017-06-05 11:00:00,73.95254516601562
srv-002,2017-06-05 12:00:00,74.95744323730469
srv-002,2017-06-05 13:00:00,73.57937622070312
srv-002,2017-06-05 14:00:00,73.99747467041016
srv-002,2017-06-05 15:00:00,75.92550659179688
srv-002,2017-06-05 16:00:00,76.16795349121094
srv-002,2017-06-05 17:00:00,74.38948059082031
srv-002,2017-06-05 18:00:00,73.74549102783203
srv-002,2017-06-05 19:00:00,74.38838195800781
srv-002,2017-06-05 20:00:00,73.69775390625
srv-002,2017-06-05 21:00:00,71.20744323730469
srv-002,2017-06-05 22:00:00,69.75355529785156
srv-002,2017-06-05 23:00:00,70.07211303710938
srv-002,2017-06-06 00:00:00,70.20116424560547
srv-002,2017-06-06 01:00:00,70.0737075805664
srv-002,2017-06-06 02:00:00,69.99471282958984
srv-002,2017-06-06 03:00:00,72.24687194824219
srv-002,2017-06-06 04:00:00,71.50802612304688
srv-002,2017-06-06 05:00:00,73.18696594238281
srv-002,2017-06-06 06:00:00,73.23506164550781
srv-002,2017-06-06 07:00:00,72.76370239257812
srv-002,2017-06-06 08:00:00,79.54780578613281
srv-002,2017-06-06 09:00:00,78.64866638183594
srv-002,2017-06-06 10:00:00,83.07562255859375
srv-002,2017-06-06 11:00:00,83.65583038330078
srv-002,2017-06-06 12:00:00,85.19662475585938
srv-002,2017-06-06 13:00:00,86.12991333007812
srv-002,2017-06-06 14:00:00,88.10791015625
srv-002,2017-06-06 15:00:00,88.80903625488281
srv-002,2017-06-06 16:00:00,89.15648651123047
srv-002,2017-06-06 17:00:00,87.08734893798828
srv-002,2017-06-06 18:00:00,88.62675476074219
srv-002,2017-06-06 19:00:00,87.13507080078125
srv-002,2017-06-06 20:00:00,81.24200439453125
srv-002,2017-06-06 21:00:00,79.99284362792969
srv-002,2017-06-06 22:00:00,78.16770935058594
srv-002,2017-06-06 23:00:00,78.96405029296875
srv-002,2017-06-07 00:00:00,76.66354370117188
srv-002,2017-06-07 01:00:00,79.06448364257812
srv-002,2017-06-07 02:00:00,78.07484436035156
srv-002,2017-06-07 03:00:00,81.74024963378906
srv-002,2017-06-07 04:00:00,81.79405212402344
srv-002,2017-06-07 05:00:00,84.520263671875
srv-002,2017-06-07 06:00:00,83.73601531982422
srv-002,2017-06-07 07:00:00,86.45500183105469
srv-002,2017-06-07 08:00:00,90.19332885742188
srv-002,2017-06-07 09:00:00,90.17295837402344
srv-002,2017-06-07 10:00:00,89.21928405761719
srv-002,2017-06-07 11:00:00,90.71983337402344
srv-002,2017-06-07 12:00:00,91.4810791015625
srv-002,2017-06-07 13:00:00,92.39859008789062
srv-002,2017-06-07 14:00:00,92.18595123291016
srv-002,2017-06-07 15:00:00,92.23367309570312
srv-002,2017-06-07 16:00:00,90.51313781738281
srv-002,2017-06-07 17:00:00,89.15568542480469
srv-002,2017-06-07 18:00:00,87.88117218017578
srv-002,2017-06-07 19:00:00,82.5060043334961
srv-002,2017-06-07 20:00:00,79.89553833007812
srv-002,2017-06-07 21:00:00,81.00958251953125
srv-002,2017-06-07 22:00:00,80.28520202636719
srv-002,2017-06-07 23:00:00,79.7183609008789
srv-002,2017-06-08 00:00:00,80.1527099609375
srv-002,2017-06-08 01:00:00,80.07572174072266
srv-002,2017-06-08 02:00:00,80.03946685791016
srv-002,2017-06-08 03:00:00,82.42845153808594
srv-002,2017-06-08 04:00:00,82.41461181640625
srv-002,2017-06-08 05:00:00,79.44432067871094
srv-002,2017-06-08 06:00:00,80.15738677978516
srv-002,2017-06-08 07:00:00,79.21249389648438
srv-002,2017-06-08 08:00:00,84.53182220458984
srv-002,2017-06-08 09:00:00,84.87886047363281
srv-002,2017-06-08 10:00:00,87.21844482421875
srv-002,2017-06-08 11:00:00,88.41604614257812
srv-002,2017-06-08 12:00:00,86.79185485839844
srv-002,2017-06-08 13:00:00,87.87337493896484
srv-002,2017-06-08 14:00:00,87.38636779785156
srv-002,2017-06-08 15:00:00,88.93804168701172
srv-002,2017-06-08 16:00:00,88.91085815429688
srv-002,2017-06-08 17:00:00,84.256103515625
srv-002,2017-06-08 18:00:00,83.17021942138672
srv-002,2017-06-08 19:00:00,83.405517578125
srv-002,2017-06-08 20:00:00,77.99383544921875
srv-002,2017-06-08 21:00:00,76.3226547241211
srv-002,2017-06-08 22:00:00,75.13007354736328
srv-002,2017-06-08 23:00:00,73.90333557128906
srv-002,2017-06-09 00:00:00,71.11146545410156
srv-002,2017-06-09 01:00:00,72.18341064453125
srv-002,2017-06-09 02:00:00,70.86262512207031
srv-002,2017-06-09 03:00:00,72.24266815185547
srv-002,2017-06-09 04:00:00,71.29573059082031
srv-002,2017-06-09 05:00:00,71.46052551269531
srv-002,2017-06-09 06:00:00,69.26142883300781
srv-002,2017-06-09 07:00:00,69.27015686035156
srv-002,2017-06-09 08:00:00,74.90254211425781
srv-002,2017-06-09 09:00:00,74.68585205078125
srv-002,2017-06-09 10:00:00,73.70216369628906
srv-002,2017-06-09 11:00:00,75.85176086425781
srv-002,2017-06-09 12:00:00,76.3869400024414
srv-002,2017-06-09 13:00:00,76.12772369384766
srv-002,2017-06-09 14:00:00,73.65876007080078
srv-002,2017-06-09 15:00:00,74.03987884521484
srv-002,2017-06-09 16:00:00,73.3372802734375
srv-002,2017-06-09 17:00:00,74.17179870605469
srv-002,2017-06-09 18:00:00,68.86331176757812
srv-002,2017-06-09 19:00:00,68.1261978149414
srv-002,2017-06-09 20:00:00,67.77531433105469
srv-002,2017-06-09 21:00:00,64.71774291992188
srv-002,2017-06-09 22:00:00,63.57141876220703
srv-002,2017-06-09 23:00:00,62.04352951049805
srv-002,2017-06-10 00:00:00,62.750457763671875
srv-002,2017-06-10 01:00:00,64.63423919677734
srv-002,2017-06-10 02:00:00,66.80508422851562
srv-002,2017-06-10 03:00:00,68.10565185546875
srv-002,2017-06-10 04:00:00,65.40921783447266
srv-002,2017-06-10 05:00:00,64.99400329589844
srv-002,2017-06-10 06:00:00,67.20577239990234
srv-002,2017-06-10 07:00:00,66.79994201660156
srv-002,2017-06-10 08:00:00,69.77318572998047
srv-002,2017-06-10 09:00:00,67.1663818359375
srv-002,2017-06-10 10:00:00,70.7772445678711
srv-002,2017-06-10 11:00:00,71.09390258789062
srv-002,2017-06-10 12:00:00,71.0849609375
srv-002,2017-06-10 13:00:00,74.76007080078125
srv-002,2017-06-10 14:00:00,75.45133209228516
srv-002,2017-06-10 15:00:00,75.21461486816406
srv-002,2017-06-10 16:00:00,73.07890319824219
srv-002,2017-06-10 17:00:00,74.43421936035156
srv-002,2017-06-10 18:00:00,72.80459594726562
srv-002,2017-06-10 19:00:00,68.63975524902344
srv-002,2017-06-10 20:00:00,67.57421875
srv-002,2017-06-10 21:00:00,65.32161712646484
srv-002,2017-06-10 22:00:00,64.490966796875
srv-002,2017-06-10 23:00:00,61.97667694091797
srv-002,2017-06-11 00:00:00,60.98860168457031
srv-002,2017-06-11 01:00:00,60.46373748779297
srv-002,2017-06-11 02:00:00,60.45020294189453
srv-002,2017-06-11 03:00:00,62.46725845336914
srv-002,2017-06-11 04:00:00,63.71830749511719
srv-002,2017-06-11 05:00:00,64.21903228759766
srv-002,2017-06-11 06:00:00,63.34389114379883
srv-002,2017-06-11 07:00:00,64.31449890136719
srv-002,2017-06-11 08:00:00,71.73468017578125
srv-002,2017-06-11 09:00:00,72.14883422851562
srv-002,2017-06-11 10:00:00,74.34185028076172
srv-002,2017-06-11 11:00:00,75.85466003417969
srv-002,2017-06-11 12:00:00,76.320556640625
srv-002,2017-06-11 13:00:00,75.82192993164062
srv-002,2017-06-11 14:00:00,74.60619354248047
srv-002,2017-06-11 15:00:00,74.365478515625
srv-002,2017-06-11 16:00:00,71.35101318359375
srv-002,2017-06-11 17:00:00,69.67903900146484
srv-002,2017-06-11 18:00:00,66.77397918701172
srv-002,2017-06-11 19:00:00,64.86327362060547
srv-002,2017-06-11 20:00:00,63.41943359375
srv-002,2017-06-11 21:00:00,63.980506896972656
srv-002,2017-06-11 22:00:00,62.82056427001953
srv-002,2017-06-11 23:00:00,60.823768615722656
srv-002,2017-06-12 00:00:00,62.09259796142578
srv-002,2017-06-12 01:00:00,60.06718444824219
srv-002,2017-06-12 02:00:00,61.98705291748047
srv-002,2017-06-12 03:00:00,68.56466674804688
srv-002,2017-06-12 04:00:00,68.0291519165039
srv-002,2017-06-12 05:00:00,65.9078140258789
srv-002,2017-06-12 06:00:00,68.07569885253906
srv-002,2017-06-12 07:00:00,71.86117553710938
srv-002,2017-06-12 08:00:00,73.29544830322266
srv-002,2017-06-12 09:00:00,71.86996459960938
srv-002,2017-06-12 10:00:00,72.38409423828125
srv-002,2017-06-12 11:00:00,74.17208099365234
srv-002,2017-06-12 12:00:00,77.52259063720703
srv-002,2017-06-12 13:00:00,75.70816802978516
srv-002,2017-06-12 14:00:00,76.09278106689453
srv-002,2017-06-12 15:00:00,76.95719146728516
srv-002,2017-06-12 16:00:00,73.96403503417969
srv-002,2017-06-12 17:00:00,75.0894775390625
srv-002,2017-06-12 18:00:00,76.26323699951172
srv-002,2017-06-12 19:00:00,71.59132385253906
srv-002,2017-06-12 20:00:00,71.01439666748047
srv-002,2017-06-12 21:00:00,70.18379211425781
srv-002,2017-06-12 22:00:00,71.0196304321289
srv-002,2017-06-12 23:00:00,72.1312026977539
srv-002,2017-06-13 00:00:00,70.01805114746094
srv-002,2017-06-13 01:00:00,69.44713592529297
srv-002,2017-06-13 02:00:00,70.9801025390625
srv-002,2017-06-13 03:00:00,71.56703186035156
srv-002,2017-06-13 04:00:00,73.15470123291016
srv-002,2017-06-13 05:00:00,73.8817367553711
srv-002,2017-06-13 06:00:00,76.92002868652344
srv-002,2017-06-13 07:00:00,78.4329833984375
srv-002,2017-06-13 08:00:00,80.71681213378906
srv-002,2017-06-13 09:00:00,80.27645874023438
srv-002,2017-06-13 10:00:00,82.96836853027344
srv-002,2017-06-13 11:00:00,82.79010772705078
srv-002,2017-06-13 12:00:00,84.61518096923828
srv-002,2017-06-13 13:00:00,84.96444702148438
srv-002,2017-06-13 14:00:00,86.9229965209961
srv-002,2017-06-13 15:00:00,87.42574310302734
srv-002,2017-06-13 16:00:00,87.10787963867188
srv-002,2017-06-13 17:00:00,83.63642883300781
srv-002,2017-06-13 18:00:00,84.2485580444336
srv-002,2017-06-13 19:00:00,79.04702758789062
srv-002,2017-06-13 20:00:00,78.57288360595703
srv-002,2017-06-13 21:00:00,82.79409790039062
srv-002,2017-06-13 22:00:00,79.5384292602539
srv-002,2017-06-13 23:00:00,79.512939453125
srv-002,2017-06-14 00:00:00,79.40800476074219
srv-002,2017-06-14 01:00:00,78.68003845214844
srv-002,2017-06-14 02:00:00,81.8841552734375
srv-002,2017-06-14 03:00:00,81.99906921386719
srv-002,2017-06-14 04:00:00,83.15674591064453
srv-002,2017-06-14 05:00:00,85.00105285644531
srv-002,2017-06-14 06:00:00,84.74383544921875
srv-002,2017-06-14 07:00:00,86.66400146484375
srv-002,2017-06-14 08:00:00,88.16452026367188
srv-002,2017-06-14 09:00:00,88.77886962890625
srv-002,2017-06-14 10:00:00,89.06944274902344
srv-002,2017-06-14 11:00:00,90.03668975830078
srv-002,2017-06-14 12:00:00,90.79022979736328
srv-002,2017-06-14 13:00:00,90.964111328125
srv-002,2017-06-14 14:00:00,90.21641540527344
srv-002,2017-06-14 15:00:00,90.75680541992188
srv-002,2017-06-14 16:00:00,91.10952758789062
srv-002,2017-06-14 17:00:00,90.03203582763672
srv-002,2017-06-14 18:00:00,88.26519775390625
srv-002,2017-06-14 19:00:00,87.87425994873047
srv-002,2017-06-14 20:00:00,83.6280746459961
srv-002,2017-06-14 21:00:00,79.91438293457031
srv-002,2017-06-14 22:00:00,79.6617431640625
srv-002,2017-06-14 23:00:00,80.59851837158203
srv-002,2017-06-15 00:00:00,79.79090881347656
srv-002,2017-06-15 01:00:00,78.52971649169922
srv-002,2017-06-15 02:00:00,77.59971618652344
srv-002,2017-06-15 03:00:00,80.4358901977539
srv-002,2017-06-15 04:00:00,83.12701416015625
srv-002,2017-06-15 05:00:00,82.98033142089844
srv-002,2017-06-15 06:00:00,84.98529052734375
srv-002,2017-06-15 07:00:00,85.3538589477539
srv-002,2017-06-15 08:00:00,89.15742492675781
srv-002,2017-06-15 09:00:00,86.18992614746094
srv-002,2017-06-15 10:00:00,86.21786499023438
srv-002,2017-06-15 11:00:00,88.24887084960938
srv-002,2017-06-15 12:00:00,88.3948974609375
srv-002,2017-06-15 13:00:00,89.0706558227539
srv-002,2017-06-15 14:00:00,89.02586364746094
srv-002,2017-06-15 15:00:00,87.40394592285156
srv-002,2017-06-15 16:00:00,81.03123474121094
srv-002,2017-06-15 17:00:00,82.41703033447266
srv-002,2017-06-15 18:00:00,79.1510009765625
srv-002,2017-06-15 19:00:00,76.88955688476562
srv-002,2017-06-15 20:00:00,74.66905212402344
srv-002,2017-06-15 21:00:00,73.6005859375
srv-002,2017-06-15 22:00:00,73.93093872070312
srv-002,2017-06-15 23:00:00,73.29084014892578
srv-002,2017-06-16 00:00:00,72.2142105102539
srv-002,2017-06-16 01:00:00,72.41825866699219
srv-002,2017-06-16 02:00:00,73.0587158203125
srv-002,2017-06-16 03:00:00,72.57171630859375
srv-002,2017-06-16 04:00:00,72.60340881347656
srv-002,2017-06-16 05:00:00,71.87518310546875
srv-002,2017-06-16 06:00:00,69.2579345703125
srv-002,2017-06-16 07:00:00,71.50141143798828
srv-002,2017-06-16 08:00:00,75.38135528564453
srv-002,2017-06-16 09:00:00,73.25640869140625
srv-002,2017-06-16 10:00:00,72.24053955078125
srv-002,2017-06-16 11:00:00,71.37339782714844
srv-002,2017-06-16 12:00:00,73.33258056640625
srv-002,2017-06-16 13:00:00,74.78187561035156
srv-002,2017-06-16 14:00:00,74.18367767333984
srv-002,2017-06-16 15:00:00,71.50993347167969
srv-002,2017-06-16 16:00:00,70.25672912597656
srv-002,2017-06-16 17:00:00,72.38545227050781
srv-002,2017-06-16 18:00:00,70.31925964355469
srv-002,2017-06-16 19:00:00,68.06321716308594
srv-002,2017-06-16 20:00:00,66.28239440917969
srv-002,2017-06-16 21:00:00,65.27130126953125
srv-002,2017-06-16 22:00:00,63.3360710144043
srv-002,2017-06-16 23:00:00,63.658203125
srv-002,2017-06-17 00:00:00,63.69211196899414
srv-002,2017-06-17 01:00:00,63.68601989746094
srv-002,2017-06-17 02:00:00,64.98171997070312
srv-002,2017-06-17 03:00:00,65.74357604980469
srv-002,2017-06-17 04:00:00,66.08104705810547
srv-002,2017-06-17 05:00:00,65.25843048095703
srv-002,2017-06-17 06:00:00,64.96941375732422
srv-002,2017-06-17 07:00:00,66.96829986572266
srv-002,2017-06-17 08:00:00,71.19776153564453
srv-002,2017-06-17 09:00:00,68.8899917602539
srv-002,2017-06-17 10:00:00,66.92431640625
srv-002,2017-06-17 11:00:00,68.9234848022461
srv-002,2017-06-17 12:00:00,71.5434799194336
srv-002,2017-06-17 13:00:00,73.79873657226562
srv-002,2017-06-17 14:00:00,73.17041015625
srv-002,2017-06-17 15:00:00,72.19964599609375
srv-002,2017-06-17 16:00:00,71.38029479980469
srv-002,2017-06-17 17:00:00,70.80537414550781
srv-002,2017-06-17 18:00:00,69.51325988769531
srv-002,2017-06-17 19:00:00,67.49324035644531
srv-002,2017-06-17 20:00:00,72.32247161865234
srv-002,2017-06-17 21:00:00,69.59717559814453
srv-002,2017-06-17 22:00:00,67.286376953125
srv-002,2017-06-17 23:00:00,66.54316711425781
srv-002,2017-06-18 00:00:00,66.85411071777344
srv-002,2017-06-18 01:00:00,66.97967529296875
srv-002,2017-06-18 02:00:00,65.52034759521484
srv-002,2017-06-18 03:00:00,63.655147552490234
srv-002,2017-06-18 04:00:00,64.4375228881836
srv-002,2017-06-18 05:00:00,63.66815185546875
srv-002,2017-06-18 06:00:00,64.8597412109375
srv-002,2017-06-18 07:00:00,64.9981460571289
srv-002,2017-06-18 08:00:00,67.11687469482422
srv-002,2017-06-18 09:00:00,64.54029083251953
srv-002,2017-06-18 10:00:00,66.84552764892578
srv-002,2017-06-18 11:00:00,68.19572448730469
srv-002,2017-06-18 12:00:00,72.42532348632812
srv-002,2017-06-18 13:00:00,73.19902038574219
srv-002,2017-06-18 14:00:00,74.87315368652344
srv-002,2017-06-18 15:00:00,76.47420501708984
srv-002,2017-06-18 16:00:00,73.59077453613281
srv-002,2017-06-18 17:00:00,71.42510986328125
srv-002,2017-06-18 18:00:00,69.12826538085938
srv-002,2017-06-18 19:00:00,67.55651092529297
srv-002,2017-06-18 20:00:00,67.00582885742188
srv-002,2017-06-18 21:00:00,65.52552032470703
srv-002,2017-06-18 22:00:00,62.650604248046875
srv-002,2017-06-18 23:00:00,62.979183197021484
srv-002,2017-06-19 00:00:00,61.78341293334961
srv-002,2017-06-19 01:00:00,59.57527160644531
srv-002,2017-06-19 02:00:00,59.273193359375
srv-002,2017-06-19 03:00:00,62.4107780456543
srv-002,2017-06-19 04:00:00,65.46146392822266
srv-002,2017-06-19 05:00:00,64.00309753417969
srv-002,2017-06-19 06:00:00,65.59343719482422
srv-002,2017-06-19 07:00:00,68.44970703125
srv-002,2017-06-19 08:00:00,74.56643676757812
srv-002,2017-06-19 09:00:00,74.33893585205078
srv-002,2017-06-19 10:00:00,75.7633056640625
srv-002,2017-06-19 11:00:00,73.41507720947266
srv-002,2017-06-19 12:00:00,74.44852447509766
srv-002,2017-06-19 13:00:00,73.34940338134766
srv-002,2017-06-19 14:00:00,74.70216369628906
srv-002,2017-06-19 15:00:00,72.77870178222656
srv-002,2017-06-19 16:00:00,72.16065979003906
srv-002,2017-06-19 17:00:00,73.70388793945312
srv-002,2017-06-19 18:00:00,71.88264465332031
srv-002,2017-06-19 19:00:00,71.50634765625
srv-002,2017-06-19 20:00:00,72.16802978515625
srv-002,2017-06-19 21:00:00,72.0110092163086
srv-002,2017-06-19 22:00:00,71.4617691040039
srv-002,2017-06-19 23:00:00,70.3659439086914
srv-002,2017-06-20 00:00:00,69.87530517578125
srv-002,2017-06-20 01:00:00,73.9609375
srv-002,2017-06-20 02:00:00,73.0401611328125
srv-002,2017-06-20 03:00:00,76.46989440917969
srv-002,2017-06-20 04:00:00,75.29239654541016
srv-002,2017-06-20 05:00:00,75.89244079589844
srv-002,2017-06-20 06:00:00,77.5231704711914
srv-002,2017-06-20 07:00:00,78.43470764160156
srv-002,2017-06-20 08:00:00,82.0101318359375
srv-002,2017-06-20 09:00:00,80.27642059326172
srv-002,2017-06-20 10:00:00,80.72975158691406
srv-002,2017-06-20 11:00:00,82.53662109375
srv-002,2017-06-20 12:00:00,83.08395385742188
srv-002,2017-06-20 13:00:00,82.5534896850586
srv-002,2017-06-20 14:00:00,83.88692474365234
srv-002,2017-06-20 15:00:00,85.80314636230469
srv-002,2017-06-20 16:00:00,87.93733215332031
srv-002,2017-06-20 17:00:00,87.86636352539062
srv-002,2017-06-20 18:00:00,84.15827941894531
srv-002,2017-06-20 19:00:00,83.18502807617188
srv-002,2017-06-20 20:00:00,83.99853515625
srv-002,2017-06-20 21:00:00,84.26887512207031
srv-002,2017-06-20 22:00:00,80.12327575683594
srv-002,2017-06-20 23:00:00,78.26022338867188
srv-002,2017-06-21 00:00:00,79.14862060546875
srv-002,2017-06-21 01:00:00,80.27344512939453
srv-002,2017-06-21 02:00:00,81.21382904052734
srv-002,2017-06-21 03:00:00,83.01426696777344
srv-002,2017-06-21 04:00:00,84.39836883544922
srv-002,2017-06-21 05:00:00,84.29000854492188
srv-002,2017-06-21 06:00:00,84.12664794921875
srv-002,2017-06-21 07:00:00,85.3135986328125
srv-002,2017-06-21 08:00:00,86.32411193847656
srv-002,2017-06-21 09:00:00,87.6388931274414
srv-002,2017-06-21 10:00:00,89.32078552246094
srv-002,2017-06-21 11:00:00,91.17448425292969
srv-002,2017-06-21 12:00:00,91.323974609375
srv-002,2017-06-21 13:00:00,91.58123016357422
srv-002,2017-06-21 14:00:00,92.03636169433594
srv-002,2017-06-21 15:00:00,91.93656921386719
srv-002,2017-06-21 16:00:00,92.02052307128906
srv-002,2017-06-21 17:00:00,90.69715881347656
srv-002,2017-06-21 18:00:00,89.75810241699219
srv-002,2017-06-21 19:00:00,86.38043212890625
srv-002,2017-06-21 20:00:00,87.26242065429688
srv-002,2017-06-21 21:00:00,86.15135955810547
srv-002,2017-06-21 22:00:00,81.30217742919922
srv-002,2017-06-21 23:00:00,83.63211059570312
srv-002,2017-06-22 00:00:00,84.83540344238281
srv-002,2017-06-22 01:00:00,82.65959167480469
srv-002,2017-06-22 02:00:00,82.40121459960938
srv-002,2017-06-22 03:00:00,84.16216278076172
srv-002,2017-06-22 04:00:00,83.86763000488281
srv-002,2017-06-22 05:00:00,80.54521942138672
srv-002,2017-06-22 06:00:00,80.337158203125
srv-002,2017-06-22 07:00:00,79.39564514160156
srv-002,2017-06-22 08:00:00,84.148681640625
srv-002,2017-06-22 09:00:00,82.10295104980469
srv-002,2017-06-22 10:00:00,84.33689880371094
srv-002,2017-06-22 11:00:00,88.18014526367188
srv-002,2017-06-22 12:00:00,90.03692626953125
srv-002,2017-06-22 13:00:00,88.48603820800781
srv-002,2017-06-22 14:00:00,85.79801940917969
srv-002,2017-06-22 15:00:00,86.94891357421875
srv-002,2017-06-22 16:00:00,82.94775390625
srv-002,2017-06-22 17:00:00,79.30221557617188
srv-002,2017-06-22 18:00:00,80.44251251220703
srv-002,2017-06-22 19:00:00,81.10108947753906
srv-002,2017-06-22 20:00:00,79.98468017578125
srv-002,2017-06-22 21:00:00,75.51054382324219
srv-002,2017-06-22 22:00:00,74.1865234375
srv-002,2017-06-22 23:00:00,72.53901672363281
srv-002,2017-06-23 00:00:00,71.4742431640625
srv-002,2017-06-23 01:00:00,71.71092224121094
srv-002,2017-06-23 02:00:00,71.84758758544922
srv-002,2017-06-23 03:00:00,71.71823120117188
srv-002,2017-06-23 04:00:00,69.2109375
srv-002,2017-06-23 05:00:00,71.98151397705078
srv-002,2017-06-23 06:00:00,72.58954620361328
srv-002,2017-06-23 07:00:00,72.71776580810547
srv-002,2017-06-23 08:00:00,72.56350708007812
srv-002,2017-06-23 09:00:00,71.38037872314453
srv-002,2017-06-23 10:00:00,74.280517578125
srv-002,2017-06-23 11:00:00,76.22661590576172
srv-002,2017-06-23 12:00:00,78.8857192993164
srv-002,2017-06-23 13:00:00,77.27256774902344
srv-002,2017-06-23 14:00:00,78.86170196533203
srv-002,2017-06-23 15:00:00,78.09156036376953
srv-002,2017-06-23 16:00:00,72.86631774902344
srv-002,2017-06-23 17:00:00,72.50257873535156
srv-002,2017-06-23 18:00:00,69.91445922851562
srv-002,2017-06-23 19:00:00,69.55745697021484
srv-002,2017-06-23 20:00:00,69.63760375976562
srv-002,2017-06-23 21:00:00,66.6572265625
srv-002,2017-06-23 22:00:00,63.97722625732422
srv-002,2017-06-23 23:00:00,63.45142364501953
srv-002,2017-06-24 00:00:00,65.86803436279297
srv-002,2017-06-24 01:00:00,66.08367156982422
srv-002,2017-06-24 02:00:00,65.67517852783203
srv-002,2017-06-24 03:00:00,66.47610473632812
srv-002,2017-06-24 04:00:00,66.53196716308594
srv-002,2017-06-24 05:00:00,66.16758728027344
srv-002,2017-06-24 06:00:00,67.41169738769531
srv-002,2017-06-24 07:00:00,69.05644226074219
srv-002,2017-06-24 08:00:00,71.19924926757812
srv-002,2017-06-24 09:00:00,69.94895935058594
srv-002,2017-06-24 10:00:00,70.1875228881836
srv-002,2017-06-24 11:00:00,71.42286682128906
srv-002,2017-06-24 12:00:00,73.56636047363281
srv-002,2017-06-24 13:00:00,78.02678680419922
srv-002,2017-06-24 14:00:00,76.50901794433594
srv-002,2017-06-24 15:00:00,75.78181457519531
srv-002,2017-06-24 16:00:00,73.6202163696289
srv-002,2017-06-24 17:00:00,73.18006896972656
srv-002,2017-06-24 18:00:00,72.23326873779297
srv-002,2017-06-24 19:00:00,67.91885375976562
srv-002,2017-06-24 20:00:00,66.64161682128906
srv-002,2017-06-24 21:00:00,64.81800079345703
srv-002,2017-06-24 22:00:00,63.68323516845703
srv-002,2017-06-24 23:00:00,62.712650299072266
srv-002,2017-06-25 00:00:00,60.33855056762695
srv-002,2017-06-25 01:00:00,64.39192962646484
srv-002,2017-06-25 02:00:00,64.9807357788086
srv-002,2017-06-25 03:00:00,65.2206802368164
srv-002,2017-06-25 04:00:00,62.783634185791016
srv-002,2017-06-25 05:00:00,62.17366027832031
srv-002,2017-06-25 06:00:00,64.1014633178711
srv-002,2017-06-25 07:00:00,66.45286560058594
srv-002,2017-06-25 08:00:00,72.49626159667969
srv-002,2017-06-25 09:00:00,71.74590301513672
srv-002,2017-06-25 10:00:00,71.83026885986328
srv-002,2017-06-25 11:00:00,70.49726867675781
srv-002,2017-06-25 12:00:00,71.82466125488281
srv-002,2017-06-25 13:00:00,73.19078063964844
srv-002,2017-06-25 14:00:00,71.65465545654297
srv-002,2017-06-25 15:00:00,73.27916717529297
srv-002,2017-06-25 16:00:00,70.83674621582031
srv-002,2017-06-25 17:00:00,73.00870513916016
srv-002,2017-06-25 18:00:00,69.67207336425781
srv-002,2017-06-25 19:00:00,67.24063110351562
srv-002,2017-06-25 20:00:00,67.67240142822266
srv-002,2017-06-25 21:00:00,64.03425598144531
srv-002,2017-06-25 22:00:00,63.29041290283203
srv-002,2017-06-25 23:00:00,64.1315689086914
srv-002,2017-06-26 00:00:00,63.06044006347656
srv-002,2017-06-26 01:00:00,61.08287048339844
srv-002,2017-06-26 02:00:00,62.66480255126953
srv-002,2017-06-26 03:00:00,63.25029754638672
srv-002,2017-06-26 04:00:00,63.413124084472656
srv-002,2017-06-26 05:00:00,63.20893096923828
srv-002,2017-06-26 06:00:00,62.327911376953125
srv-002,2017-06-26 07:00:00,64.18600463867188
srv-002,2017-06-26 08:00:00,71.46703338623047
srv-002,2017-06-26 09:00:00,71.70674896240234
srv-002,2017-06-26 10:00:00,75.34956359863281
srv-002,2017-06-26 11:00:00,77.38285827636719
srv-002,2017-06-26 12:00:00,77.26691436767578
srv-002,2017-06-26 13:00:00,78.34059143066406
srv-002,2017-06-26 14:00:00,78.86090850830078
srv-002,2017-06-26 15:00:00,80.11568450927734
srv-002,2017-06-26 16:00:00,79.69546508789062
srv-002,2017-06-26 17:00:00,76.79722595214844
srv-002,2017-06-26 18:00:00,75.15776062011719
srv-002,2017-06-26 19:00:00,72.60272216796875
srv-002,2017-06-26 20:00:00,70.36972045898438
srv-002,2017-06-26 21:00:00,68.55095672607422
srv-002,2017-06-26 22:00:00,66.93880462646484
srv-002,2017-06-26 23:00:00,67.84009552001953
srv-002,2017-06-27 00:00:00,68.24372863769531
srv-002,2017-06-27 01:00:00,68.93783569335938
srv-002,2017-06-27 02:00:00,70.03169250488281
srv-002,2017-06-27 03:00:00,75.87293243408203
srv-002,2017-06-27 04:00:00,75.65806579589844
srv-002,2017-06-27 05:00:00,76.01654052734375
srv-002,2017-06-27 06:00:00,78.1670913696289
srv-002,2017-06-27 07:00:00,79.99977111816406
srv-002,2017-06-27 08:00:00,82.78812408447266
srv-002,2017-06-27 09:00:00,83.42845153808594
srv-002,2017-06-27 10:00:00,85.61286926269531
srv-002,2017-06-27 11:00:00,85.82977294921875
srv-002,2017-06-27 12:00:00,86.68901062011719
srv-002,2017-06-27 13:00:00,86.20223236083984
srv-002,2017-06-27 14:00:00,87.05789947509766
srv-002,2017-06-27 15:00:00,87.40681457519531
srv-002,2017-06-27 16:00:00,86.4881591796875
srv-002,2017-06-27 17:00:00,82.80793762207031
srv-002,2017-06-27 18:00:00,84.08836364746094
srv-002,2017-06-27 19:00:00,85.53001403808594
srv-002,2017-06-27 20:00:00,81.26722717285156
srv-002,2017-06-27 21:00:00,80.17613220214844
srv-002,2017-06-27 22:00:00,81.65431213378906
srv-002,2017-06-27 23:00:00,83.2339859008789
srv-002,2017-06-28 00:00:00,83.38056945800781
srv-002,2017-06-28 01:00:00,79.31986999511719
srv-002,2017-06-28 02:00:00,81.7289047241211
srv-002,2017-06-28 03:00:00,81.17025756835938
srv-002,2017-06-28 04:00:00,80.70573425292969
srv-002,2017-06-28 05:00:00,84.46705627441406
srv-002,2017-06-28 06:00:00,84.74227905273438
srv-002,2017-06-28 07:00:00,87.64997100830078
srv-002,2017-06-28 08:00:00,89.28512573242188
srv-002,2017-06-28 09:00:00,90.65239715576172
srv-002,2017-06-28 10:00:00,92.74437713623047
srv-002,2017-06-28 11:00:00,93.0946044921875
srv-002,2017-06-28 12:00:00,92.79559326171875
srv-002,2017-06-28 13:00:00,92.45331573486328
srv-002,2017-06-28 14:00:00,92.96430969238281
srv-002,2017-06-28 15:00:00,92.13235473632812
srv-002,2017-06-28 16:00:00,92.14449310302734
srv-002,2017-06-28 17:00:00,92.19210815429688
srv-002,2017-06-28 18:00:00,89.98941040039062
srv-002,2017-06-28 19:00:00,90.64585876464844
srv-002,2017-06-28 20:00:00,89.22557067871094
srv-002,2017-06-28 21:00:00,87.33454895019531
srv-002,2017-06-28 22:00:00,82.26472473144531
srv-002,2017-06-28 23:00:00,81.615234375
srv-002,2017-06-29 00:00:00,79.66947174072266
srv-002,2017-06-29 01:00:00,80.82099914550781
srv-002,2017-06-29 02:00:00,81.86116027832031
srv-002,2017-06-29 03:00:00,81.04684448242188
srv-002,2017-06-29 04:00:00,80.88308715820312
srv-002,2017-06-29 05:00:00,77.97721862792969
srv-002,2017-06-29 06:00:00,78.68119812011719
srv-002,2017-06-29 07:00:00,81.57200622558594
srv-002,2017-06-29 08:00:00,86.02166748046875
srv-002,2017-06-29 09:00:00,84.79390716552734
srv-002,2017-06-29 10:00:00,86.74089050292969
srv-002,2017-06-29 11:00:00,89.38333129882812
srv-002,2017-06-29 12:00:00,89.94906616210938
srv-002,2017-06-29 13:00:00,91.22626495361328
srv-002,2017-06-29 14:00:00,91.00334930419922
srv-002,2017-06-29 15:00:00,92.25944519042969
srv-002,2017-06-29 16:00:00,88.14881896972656
srv-002,2017-06-29 17:00:00,83.17019653320312
srv-002,2017-06-29 18:00:00,83.10212707519531
srv-002,2017-06-29 19:00:00,79.95904541015625
srv-002,2017-06-29 20:00:00,77.05733489990234
srv-002,2017-06-29 21:00:00,75.62641906738281
srv-002,2017-06-29 22:00:00,73.89244079589844
srv-002,2017-06-29 23:00:00,72.47772216796875
srv-002,2017-06-30 00:00:00,69.81415557861328
srv-002,2017-06-30 01:00:00,69.0234146118164
srv-002,2017-06-30 02:00:00,69.33815002441406
srv-002,2017-06-30 03:00:00,72.19056701660156
srv-002,2017-06-30 04:00:00,72.0711441040039
srv-002,2017-06-30 05:00:00,73.45704650878906
srv-002,2017-06-30 06:00:00,73.69132995605469
srv-002,2017-06-30 07:00:00,72.45404052734375
srv-002,2017-06-30 08:00:00,75.3846664428711
srv-002,2017-06-30 09:00:00,72.7887191772461
srv-002,2017-06-30 10:00:00,73.71661376953125
srv-002,2017-06-30 11:00:00,76.11011505126953
srv-002,2017-06-30 12:00:00,75.88356018066406
srv-002,2017-06-30 13:00:00,77.26649475097656
srv-002,2017-06-30 14:00:00,77.44422912597656
srv-002,2017-06-30 15:00:00,76.01215362548828
srv-002,2017-06-30 16:00:00,74.62594604492188
srv-002,2017-06-30 17:00:00,67.5044174194336
srv-002,2017-06-30 18:00:00,66.32332611083984
srv-002,2017-06-30 19:00:00,64.33281707763672
srv-002,2017-06-30 20:00:00,63.94136047363281
srv-002,2017-06-30 21:00:00,63.57340621948242
srv-002,2017-06-30 22:00:00,62.35837936401367
srv-002,2017-06-30 23:00:00,61.08123016357422
srv-003,2017-06-01 23:00:00,47.74394226074219
srv-003,2017-06-02 00:00:00,44.41564178466797
srv-003,2017-06-02 01:00:00,42.57650375366211
srv-003,2017-06-02 02:00:00,41.62293243408203
srv-003,2017-06-02 03:00:00,41.274505615234375
srv-003,2017-06-02 04:00:00,39.43625259399414
srv-003,2017-06-02 05:00:00,46.33393478393555
srv-003,2017-06-02 06:00:00,46.26232147216797
srv-003,2017-06-02 07:00:00,43.66908264160156
srv-003,2017-06-02 08:00:00,46.77960968017578
srv-003,2017-06-02 09:00:00,48.804893493652344
srv-003,2017-06-02 10:00:00,42.21348571777344
srv-003,2017-06-02 11:00:00,42.6298942565918
srv-003,2017-06-02 12:00:00,46.184574127197266
srv-003,2017-06-02 13:00:00,43.51666259765625
srv-003,2017-06-02 14:00:00,48.599220275878906
srv-003,2017-06-02 15:00:00,45.14400100708008
srv-003,2017-06-02 16:00:00,44.780235290527344
srv-003,2017-06-02 17:00:00,44.23646545410156
srv-003,2017-06-02 18:00:00,39.768943786621094
srv-003,2017-06-02 19:00:00,37.509521484375
srv-003,2017-06-02 20:00:00,38.684913635253906
srv-003,2017-06-02 21:00:00,37.36958312988281
srv-003,2017-06-02 22:00:00,34.970191955566406
srv-003,2017-06-02 23:00:00,39.98353958129883
srv-003,2017-06-03 00:00:00,40.10403823852539
srv-003,2017-06-03 01:00:00,40.035797119140625
srv-003,2017-06-03 02:00:00,45.90367126464844
srv-003,2017-06-03 03:00:00,41.898658752441406
srv-003,2017-06-03 04:00:00,37.17866897583008
srv-003,2017-06-03 05:00:00,34.73900604248047
srv-003,2017-06-03 06:00:00,39.35283279418945
srv-003,2017-06-03 07:00:00,41.01460266113281
srv-003,2017-06-03 08:00:00,37.84264373779297
srv-003,2017-06-03 09:00:00,31.636049270629883
srv-003,2017-06-03 10:00:00,36.644065856933594
srv-003,2017-06-03 11:00:00,37.220916748046875
srv-003,2017-06-03 12:00:00,38.292457580566406
srv-003,2017-06-03 13:00:00,39.26715850830078
srv-003,2017-06-03 14:00:00,42.49163055419922
srv-003,2017-06-03 15:00:00,41.9652214050293
srv-003,2017-06-03 16:00:00,45.445579528808594
srv-003,2017-06-03 17:00:00,42.968509674072266
srv-003,2017-06-03 18:00:00,37.93513488769531
srv-003,2017-06-03 19:00:00,36.06465148925781
srv-003,2017-06-03 20:00:00,35.02873229980469
srv-003,2017-06-03 21:00:00,34.01525115966797
srv-003,2017-06-03 22:00:00,35.910648345947266
srv-003,2017-06-03 23:00:00,38.724159240722656
srv-003,2017-06-04 00:00:00,29.806825637817383
srv-003,2017-06-04 01:00:00,35.80000305175781
srv-003,2017-06-04 02:00:00,42.11389923095703
srv-003,2017-06-04 03:00:00,42.64739227294922
srv-003,2017-06-04 04:00:00,44.962646484375
srv-003,2017-06-04 05:00:00,37.4324836730957
srv-003,2017-06-04 06:00:00,33.41919708251953
srv-003,2017-06-04 07:00:00,40.14228820800781
srv-003,2017-06-04 08:00:00,41.102088928222656
srv-003,2017-06-04 09:00:00,36.755210876464844
srv-003,2017-06-04 10:00:00,31.03273582458496
srv-003,2017-06-04 11:00:00,31.696300506591797
srv-003,2017-06-04 12:00:00,36.20524978637695
srv-003,2017-06-04 13:00:00,37.18526077270508
srv-003,2017-06-04 14:00:00,41.52198028564453
srv-003,2017-06-04 15:00:00,44.285099029541016
srv-003,2017-06-04 16:00:00,40.204166412353516
srv-003,2017-06-04 17:00:00,43.67995834350586
srv-003,2017-06-04 18:00:00,38.89757537841797
srv-003,2017-06-04 19:00:00,37.92820739746094
srv-003,2017-06-04 20:00:00,37.020530700683594
srv-003,2017-06-04 21:00:00,38.48535919189453
srv-003,2017-06-04 22:00:00,37.08179473876953
srv-003,2017-06-04 23:00:00,38.73869323730469
srv-003,2017-06-05 00:00:00,37.46147918701172
srv-003,2017-06-05 01:00:00,42.319637298583984
srv-003,2017-06-05 02:00:00,42.934730529785156
srv-003,2017-06-05 03:00:00,47.59804153442383
srv-003,2017-06-05 04:00:00,42.30643081665039
srv-003,2017-06-05 05:00:00,41.58135986328125
srv-003,2017-06-05 06:00:00,43.0414924621582
srv-003,2017-06-05 07:00:00,40.24729537963867
srv-003,2017-06-05 08:00:00,42.627681732177734
srv-003,2017-06-05 09:00:00,44.31622314453125
srv-003,2017-06-05 10:00:00,41.73200225830078
srv-003,2017-06-05 11:00:00,34.21037292480469
srv-003,2017-06-05 12:00:00,36.9937629699707
srv-003,2017-06-05 13:00:00,39.55438232421875
srv-003,2017-06-05 14:00:00,39.88314437866211
srv-003,2017-06-05 15:00:00,40.199222564697266
srv-003,2017-06-05 16:00:00,47.5240478515625
srv-003,2017-06-05 17:00:00,42.70236587524414
srv-003,2017-06-05 18:00:00,45.61715316772461
srv-003,2017-06-05 19:00:00,40.431182861328125
srv-003,2017-06-05 20:00:00,37.09667205810547
srv-003,2017-06-05 21:00:00,39.06025695800781
srv-003,2017-06-05 22:00:00,37.18175506591797
srv-003,2017-06-05 23:00:00,39.30833435058594
srv-003,2017-06-06 00:00:00,38.152259826660156
srv-003,2017-06-06 01:00:00,43.00059127807617
srv-003,2017-06-06 02:00:00,37.54762268066406
srv-003,2017-06-06 03:00:00,39.21327209472656
srv-003,2017-06-06 04:00:00,39.4932861328125
srv-003,2017-06-06 05:00:00,44.00616455078125
srv-003,2017-06-06 06:00:00,39.44929885864258
srv-003,2017-06-06 07:00:00,33.731292724609375
srv-003,2017-06-06 08:00:00,36.09173583984375
srv-003,2017-06-06 09:00:00,35.396244049072266
srv-003,2017-06-06 10:00:00,37.73000717163086
srv-003,2017-06-06 11:00:00,41.9741325378418
srv-003,2017-06-06 12:00:00,42.58401107788086
srv-003,2017-06-06 13:00:00,34.487892150878906
srv-003,2017-06-06 14:00:00,40.660457611083984
srv-003,2017-06-06 15:00:00,41.74617004394531
srv-003,2017-06-06 16:00:00,44.80084228515625
srv-003,2017-06-06 17:00:00,46.395565032958984
srv-003,2017-06-06 18:00:00,43.705467224121094
srv-003,2017-06-06 19:00:00,40.21794128417969
srv-003,2017-06-06 20:00:00,41.15189743041992
srv-003,2017-06-06 21:00:00,43.34027099609375
srv-003,2017-06-06 22:00:00,38.27803039550781
srv-003,2017-06-06 23:00:00,39.289710998535156
srv-003,2017-06-07 00:00:00,39.195159912109375
srv-003,2017-06-07 01:00:00,38.352577209472656
srv-003,2017-06-07 02:00:00,37.84945297241211
srv-003,2017-06-07 03:00:00,41.63218688964844
srv-003,2017-06-07 04:00:00,43.36271667480469
srv-003,2017-06-07 05:00:00,39.81627655029297
srv-003,2017-06-07 06:00:00,36.589622497558594
srv-003,2017-06-07 07:00:00,44.98180389404297
srv-003,2017-06-07 08:00:00,40.707313537597656
srv-003,2017-06-07 09:00:00,43.12525939941406
srv-003,2017-06-07 10:00:00,48.368865966796875
srv-003,2017-06-07 11:00:00,49.72495651245117
srv-003,2017-06-07 12:00:00,40.953857421875
srv-003,2017-06-07 13:00:00,40.547752380371094
srv-003,2017-06-07 14:00:00,39.39752960205078
srv-003,2017-06-07 15:00:00,45.94283676147461
srv-003,2017-06-07 16:00:00,43.243080139160156
srv-003,2017-06-07 17:00:00,40.39356231689453
srv-003,2017-06-07 18:00:00,32.69935989379883
srv-003,2017-06-07 19:00:00,34.55418395996094
srv-003,2017-06-07 20:00:00,34.93661880493164
srv-003,2017-06-07 21:00:00,42.601009368896484
srv-003,2017-06-07 22:00:00,43.770050048828125
srv-003,2017-06-07 23:00:00,43.99776077270508
srv-003,2017-06-08 00:00:00,47.05678176879883
srv-003,2017-06-08 01:00:00,51.04895782470703
srv-003,2017-06-08 02:00:00,47.30121612548828
srv-003,2017-06-08 03:00:00,45.260650634765625
srv-003,2017-06-08 04:00:00,47.35798263549805
srv-003,2017-06-08 05:00:00,43.04730224609375
srv-003,2017-06-08 06:00:00,41.82649612426758
srv-003,2017-06-08 07:00:00,41.88951110839844
srv-003,2017-06-08 08:00:00,46.190330505371094
srv-003,2017-06-08 09:00:00,45.449424743652344
srv-003,2017-06-08 10:00:00,45.231285095214844
srv-003,2017-06-08 11:00:00,48.317970275878906
srv-003,2017-06-08 12:00:00,40.682830810546875
srv-003,2017-06-08 13:00:00,40.482276916503906
srv-003,2017-06-08 14:00:00,37.925315856933594
srv-003,2017-06-08 15:00:00,40.788612365722656
srv-003,2017-06-08 16:00:00,40.865596771240234
srv-003,2017-06-08 17:00:00,45.60065460205078
srv-003,2017-06-08 18:00:00,45.0872802734375
srv-003,2017-06-08 19:00:00,42.51711654663086
srv-003,2017-06-08 20:00:00,40.058509826660156
srv-003,2017-06-08 21:00:00,38.95585632324219
srv-003,2017-06-08 22:00:00,44.52177429199219
srv-003,2017-06-08 23:00:00,35.72700881958008
srv-003,2017-06-09 00:00:00,36.96575164794922
srv-003,2017-06-09 01:00:00,40.240020751953125
srv-003,2017-06-09 02:00:00,31.624982833862305
srv-003,2017-06-09 03:00:00,38.91175079345703
srv-003,2017-06-09 04:00:00,41.71095275878906
srv-003,2017-06-09 05:00:00,42.29438400268555
srv-003,2017-06-09 06:00:00,43.134544372558594
srv-003,2017-06-09 07:00:00,44.96623229980469
srv-003,2017-06-09 08:00:00,47.60707092285156
srv-003,2017-06-09 09:00:00,47.461204528808594
srv-003,2017-06-09 10:00:00,47.643402099609375
srv-003,2017-06-09 11:00:00,49.398101806640625
srv-003,2017-06-09 12:00:00,51.415245056152344
srv-003,2017-06-09 13:00:00,46.14274597167969
srv-003,2017-06-09 14:00:00,45.25694274902344
srv-003,2017-06-09 15:00:00,44.94419860839844
srv-003,2017-06-09 16:00:00,41.514686584472656
srv-003,2017-06-09 17:00:00,44.43992614746094
srv-003,2017-06-09 18:00:00,44.80024719238281
srv-003,2017-06-09 19:00:00,44.49554443359375
srv-003,2017-06-09 20:00:00,39.94535827636719
srv-003,2017-06-09 21:00:00,41.10750198364258
srv-003,2017-06-09 22:00:00,37.07398223876953
srv-003,2017-06-09 23:00:00,42.04120635986328
srv-003,2017-06-10 00:00:00,44.96791076660156
srv-003,2017-06-10 01:00:00,43.167457580566406
srv-003,2017-06-10 02:00:00,46.4193115234375
srv-003,2017-06-10 03:00:00,37.41292953491211
srv-003,2017-06-10 04:00:00,34.509246826171875
srv-003,2017-06-10 05:00:00,35.96892547607422
srv-003,2017-06-10 06:00:00,39.820343017578125
srv-003,2017-06-10 07:00:00,39.197235107421875
srv-003,2017-06-10 08:00:00,40.72276306152344
srv-003,2017-06-10 09:00:00,45.33937454223633
srv-003,2017-06-10 10:00:00,38.821205139160156
srv-003,2017-06-10 11:00:00,32.24337387084961
srv-003,2017-06-10 12:00:00,34.296791076660156
srv-003,2017-06-10 13:00:00,35.010135650634766
srv-003,2017-06-10 14:00:00,36.26498031616211
srv-003,2017-06-10 15:00:00,37.553470611572266
srv-003,2017-06-10 16:00:00,39.143714904785156
srv-003,2017-06-10 17:00:00,40.78825378417969
srv-003,2017-06-10 18:00:00,42.657318115234375
srv-003,2017-06-10 19:00:00,35.239990234375
srv-003,2017-06-10 20:00:00,35.502288818359375
srv-003,2017-06-10 21:00:00,37.457096099853516
srv-003,2017-06-10 22:00:00,40.020721435546875
srv-003,2017-06-10 23:00:00,40.91654586791992
srv-003,2017-06-11 00:00:00,45.307647705078125
srv-003,2017-06-11 01:00:00,40.78736877441406
srv-003,2017-06-11 02:00:00,39.429325103759766
srv-003,2017-06-11 03:00:00,42.90031814575195
srv-003,2017-06-11 04:00:00,38.523963928222656
srv-003,2017-06-11 05:00:00,38.74847412109375
srv-003,2017-06-11 06:00:00,37.49858856201172
srv-003,2017-06-11 07:00:00,39.74321746826172
srv-003,2017-06-11 08:00:00,37.397483825683594
srv-003,2017-06-11 09:00:00,43.28147888183594
srv-003,2017-06-11 10:00:00,42.56141662597656
srv-003,2017-06-11 11:00:00,46.161705017089844
srv-003,2017-06-11 12:00:00,45.152671813964844
srv-003,2017-06-11 13:00:00,39.52598571777344
srv-003,2017-06-11 14:00:00,41.57999801635742
srv-003,2017-06-11 15:00:00,40.33647155761719
srv-003,2017-06-11 16:00:00,34.10989761352539
srv-003,2017-06-11 17:00:00,35.17627716064453
srv-003,2017-06-11 18:00:00,36.25846481323242
srv-003,2017-06-11 19:00:00,37.30274200439453
srv-003,2017-06-11 20:00:00,37.39202880859375
srv-003,2017-06-11 21:00:00,31.624181747436523
srv-003,2017-06-11 22:00:00,39.31891632080078
srv-003,2017-06-11 23:00:00,36.783287048339844
srv-003,2017-06-12 00:00:00,40.58565902709961
srv-003,2017-06-12 01:00:00,35.93267822265625
srv-003,2017-06-12 02:00:00,36.6439208984375
srv-003,2017-06-12 03:00:00,40.4969482421875
srv-003,2017-06-12 04:00:00,30.806251525878906
srv-003,2017-06-12 05:00:00,33.3106575012207
srv-003,2017-06-12 06:00:00,36.65629577636719
srv-003,2017-06-12 07:00:00,34.572757720947266
srv-003,2017-06-12 08:00:00,37.958152770996094
srv-003,2017-06-12 09:00:00,42.78541946411133
srv-003,2017-06-12 10:00:00,38.03021240234375
srv-003,2017-06-12 11:00:00,39.573978424072266
srv-003,2017-06-12 12:00:00,36.62641143798828
srv-003,2017-06-12 13:00:00,36.72618103027344
srv-003,2017-06-12 14:00:00,43.521080017089844
srv-003,2017-06-12 15:00:00,42.274986267089844
srv-003,2017-06-12 16:00:00,40.748382568359375
srv-003,2017-06-12 17:00:00,38.67034149169922
srv-003,2017-06-12 18:00:00,33.306739807128906
srv-003,2017-06-12 19:00:00,39.41046905517578
srv-003,2017-06-12 20:00:00,44.60660171508789
srv-003,2017-06-12 21:00:00,41.39908981323242
srv-003,2017-06-12 22:00:00,33.87625503540039
srv-003,2017-06-12 23:00:00,41.702266693115234
srv-003,2017-06-13 00:00:00,39.20449447631836
srv-003,2017-06-13 01:00:00,40.366249084472656
srv-003,2017-06-13 02:00:00,42.99805450439453
srv-003,2017-06-13 03:00:00,45.60725402832031
srv-003,2017-06-13 04:00:00,44.152374267578125
srv-003,2017-06-13 05:00:00,43.318389892578125
srv-003,2017-06-13 06:00:00,42.31435012817383
srv-003,2017-06-13 07:00:00,33.86360549926758
srv-003,2017-06-13 08:00:00,36.226036071777344
srv-003,2017-06-13 09:00:00,41.41823196411133
srv-003,2017-06-13 10:00:00,35.31894302368164
srv-003,2017-06-13 11:00:00,38.44867706298828
srv-003,2017-06-13 12:00:00,42.49182891845703
srv-003,2017-06-13 13:00:00,44.42975616455078
srv-003,2017-06-13 14:00:00,42.77935791015625
srv-003,2017-06-13 15:00:00,43.94929504394531
srv-003,2017-06-13 16:00:00,40.76774978637695
srv-003,2017-06-13 17:00:00,32.95242691040039
srv-003,2017-06-13 18:00:00,35.8785400390625
srv-003,2017-06-13 19:00:00,37.994895935058594
srv-003,2017-06-13 20:00:00,39.118507385253906
srv-003,2017-06-13 21:00:00,42.909637451171875
srv-003,2017-06-13 22:00:00,42.1911506652832
srv-003,2017-06-13 23:00:00,38.78925323486328
srv-003,2017-06-14 00:00:00,37.1779899597168
srv-003,2017-06-14 01:00:00,43.51789474487305
srv-003,2017-06-14 02:00:00,45.1689453125
srv-003,2017-06-14 03:00:00,40.54684066772461
srv-003,2017-06-14 04:00:00,37.24503707885742
srv-003,2017-06-14 05:00:00,36.553184509277344
srv-003,2017-06-14 06:00:00,41.78070831298828
srv-003,2017-06-14 07:00:00,37.86878204345703
srv-003,2017-06-14 08:00:00,40.109947204589844
srv-003,2017-06-14 09:00:00,45.047088623046875
srv-003,2017-06-14 10:00:00,43.34913635253906
srv-003,2017-06-14 11:00:00,41.4272346496582
srv-003,2017-06-14 12:00:00,41.95405960083008
srv-003,2017-06-14 13:00:00,36.509483337402344
srv-003,2017-06-14 14:00:00,37.354774475097656
srv-003,2017-06-14 15:00:00,41.493614196777344
srv-003,2017-06-14 16:00:00,37.82426071166992
srv-003,2017-06-14 17:00:00,45.29023742675781
srv-003,2017-06-14 18:00:00,42.07710266113281
srv-003,2017-06-14 19:00:00,42.16250991821289
srv-003,2017-06-14 20:00:00,40.46456527709961
srv-003,2017-06-14 21:00:00,40.626949310302734
srv-003,2017-06-14 22:00:00,38.388519287109375
srv-003,2017-06-14 23:00:00,30.710575103759766
srv-003,2017-06-15 00:00:00,34.294132232666016
srv-003,2017-06-15 01:00:00,42.845298767089844
srv-003,2017-06-15 02:00:00,42.208290100097656
srv-003,2017-06-15 03:00:00,42.857940673828125
srv-003,2017-06-15 04:00:00,37.04143524169922
srv-003,2017-06-15 05:00:00,32.65733337402344
srv-003,2017-06-15 06:00:00,33.782711029052734
srv-003,2017-06-15 07:00:00,36.08832550048828
srv-003,2017-06-15 08:00:00,39.42005920410156
srv-003,2017-06-15 09:00:00,34.838600158691406
srv-003,2017-06-15 10:00:00,42.529911041259766
srv-003,2017-06-15 11:00:00,42.7818489074707
srv-003,2017-06-15 12:00:00,44.37871551513672
srv-003,2017-06-15 13:00:00,43.83000946044922
srv-003,2017-06-15 14:00:00,45.50120544433594
srv-003,2017-06-15 15:00:00,48.04286193847656
srv-003,2017-06-15 16:00:00,40.03851318359375
srv-003,2017-06-15 17:00:00,41.406890869140625
srv-003,2017-06-15 18:00:00,40.26045227050781
srv-003,2017-06-15 19:00:00,42.88666534423828
srv-003,2017-06-15 20:00:00,43.0407600402832
srv-003,2017-06-15 21:00:00,46.10282897949219
srv-003,2017-06-15 22:00:00,37.750999450683594
srv-003,2017-06-15 23:00:00,38.287925720214844
srv-003,2017-06-16 00:00:00,37.20680618286133
srv-003,2017-06-16 01:00:00,43.1926383972168
srv-003,2017-06-16 02:00:00,33.90397644042969
srv-003,2017-06-16 03:00:00,34.47138595581055
srv-003,2017-06-16 04:00:00,38.153900146484375
srv-003,2017-06-16 05:00:00,33.16746139526367
srv-003,2017-06-16 06:00:00,36.14820098876953
srv-003,2017-06-16 07:00:00,33.0015869140625
srv-003,2017-06-16 08:00:00,31.66343116760254
srv-003,2017-06-16 09:00:00,33.05739974975586
srv-003,2017-06-16 10:00:00,33.87796401977539
srv-003,2017-06-16 11:00:00,35.54177474975586
srv-003,2017-06-16 12:00:00,37.094783782958984
srv-003,2017-06-16 13:00:00,42.350990295410156
srv-003,2017-06-16 14:00:00,36.707515716552734
srv-003,2017-06-16 15:00:00,40.615203857421875
srv-003,2017-06-16 16:00:00,31.102155685424805
srv-003,2017-06-16 17:00:00,37.005008697509766
srv-003,2017-06-16 18:00:00,38.31847381591797
srv-003,2017-06-16 19:00:00,37.79524230957031
srv-003,2017-06-16 20:00:00,39.74160385131836
srv-003,2017-06-16 21:00:00,38.52962112426758
srv-003,2017-06-16 22:00:00,37.75262451171875
srv-003,2017-06-16 23:00:00,40.55074691772461
srv-003,2017-06-17 00:00:00,33.24677658081055
srv-003,2017-06-17 01:00:00,32.24386215209961
srv-003,2017-06-17 02:00:00,36.1357421875
srv-003,2017-06-17 03:00:00,33.48462677001953
srv-003,2017-06-17 04:00:00,40.601654052734375
srv-003,2017-06-17 05:00:00,42.3465690612793
srv-003,2017-06-17 06:00:00,43.3665771484375
srv-003,2017-06-17 07:00:00,35.6348876953125
srv-003,2017-06-17 08:00:00,30.467199325561523
srv-003,2017-06-17 09:00:00,28.73613166809082
srv-003,2017-06-17 10:00:00,32.417579650878906
srv-003,2017-06-17 11:00:00,31.200942993164062
srv-003,2017-06-17 12:00:00,34.252960205078125
srv-003,2017-06-17 13:00:00,34.954139709472656
srv-003,2017-06-17 14:00:00,41.39856719970703
srv-003,2017-06-17 15:00:00,39.73994445800781
srv-003,2017-06-17 16:00:00,38.622535705566406
srv-003,2017-06-17 17:00:00,46.29150390625
srv-003,2017-06-17 18:00:00,45.988426208496094
srv-003,2017-06-17 19:00:00,37.89042663574219
srv-003,2017-06-17 20:00:00,32.03221130371094
srv-003,2017-06-17 21:00:00,33.96120834350586
srv-003,2017-06-17 22:00:00,39.1240348815918
srv-003,2017-06-17 23:00:00,35.885643005371094
srv-003,2017-06-18 00:00:00,38.36180877685547
srv-003,2017-06-18 01:00:00,39.50936508178711
srv-003,2017-06-18 02:00:00,39.129371643066406
srv-003,2017-06-18 03:00:00,38.01484680175781
srv-003,2017-06-18 04:00:00,35.4260368347168
srv-003,2017-06-18 05:00:00,35.27330780029297
srv-003,2017-06-18 06:00:00,35.78168487548828
srv-003,2017-06-18 07:00:00,31.444326400756836
srv-003,2017-06-18 08:00:00,31.78257942199707
srv-003,2017-06-18 09:00:00,34.22636413574219
srv-003,2017-06-18 10:00:00,34.05170440673828
srv-003,2017-06-18 11:00:00,40.332763671875
srv-003,2017-06-18 12:00:00,38.39004135131836
srv-003,2017-06-18 13:00:00,36.40483093261719
srv-003,2017-06-18 14:00:00,36.207054138183594
srv-003,2017-06-18 15:00:00,43.41656494140625
srv-003,2017-06-18 16:00:00,39.88447570800781
srv-003,2017-06-18 17:00:00,35.99085235595703
srv-003,2017-06-18 18:00:00,35.798362731933594
srv-003,2017-06-18 19:00:00,36.30986404418945
srv-003,2017-06-18 20:00:00,37.743446350097656
srv-003,2017-06-18 21:00:00,39.744747161865234
srv-003,2017-06-18 22:00:00,37.16447830200195
srv-003,2017-06-18 23:00:00,40.958282470703125
srv-003,2017-06-19 00:00:00,40.085784912109375
srv-003,2017-06-19 01:00:00,35.294715881347656
srv-003,2017-06-19 02:00:00,39.9670295715332
srv-003,2017-06-19 03:00:00,44.500301361083984
srv-003,2017-06-19 04:00:00,44.92951202392578
srv-003,2017-06-19 05:00:00,48.20411682128906
srv-003,2017-06-19 06:00:00,41.343353271484375
srv-003,2017-06-19 07:00:00,34.141021728515625
srv-003,2017-06-19 08:00:00,37.38677215576172
srv-003,2017-06-19 09:00:00,42.40732192993164
srv-003,2017-06-19 10:00:00,37.25408172607422
srv-003,2017-06-19 11:00:00,42.090484619140625
srv-003,2017-06-19 12:00:00,40.213375091552734
srv-003,2017-06-19 13:00:00,43.7413215637207
srv-003,2017-06-19 14:00:00,44.33805847167969
srv-003,2017-06-19 15:00:00,46.04452133178711
srv-003,2017-06-19 16:00:00,47.49494934082031
srv-003,2017-06-19 17:00:00,44.742576599121094
srv-003,2017-06-19 18:00:00,44.123226165771484
srv-003,2017-06-19 19:00:00,43.77096939086914
srv-003,2017-06-19 20:00:00,41.807830810546875
srv-003,2017-06-19 21:00:00,39.836097717285156
srv-003,2017-06-19 22:00:00,41.22114562988281
srv-003,2017-06-19 23:00:00,38.84681701660156
srv-003,2017-06-20 00:00:00,39.71085739135742
srv-003,2017-06-20 01:00:00,40.27892303466797
srv-003,2017-06-20 02:00:00,45.67285919189453
srv-003,2017-06-20 03:00:00,43.87131881713867
srv-003,2017-06-20 04:00:00,37.560760498046875
srv-003,2017-06-20 05:00:00,45.191802978515625
srv-003,2017-06-20 06:00:00,39.035987854003906
srv-003,2017-06-20 07:00:00,46.07061767578125
srv-003,2017-06-20 08:00:00,46.05243682861328
srv-003,2017-06-20 09:00:00,42.443050384521484
srv-003,2017-06-20 10:00:00,42.34486389160156
srv-003,2017-06-20 11:00:00,36.7560920715332
srv-003,2017-06-20 12:00:00,37.39753723144531
srv-003,2017-06-20 13:00:00,38.08844757080078
srv-003,2017-06-20 14:00:00,40.10407257080078
srv-003,2017-06-20 15:00:00,44.26036834716797
srv-003,2017-06-20 16:00:00,44.41094207763672
srv-003,2017-06-20 17:00:00,39.399322509765625
srv-003,2017-06-20 18:00:00,36.97406005859375
srv-003,2017-06-20 19:00:00,40.46185302734375
srv-003,2017-06-20 20:00:00,42.605064392089844
srv-003,2017-06-20 21:00:00,41.675941467285156
srv-003,2017-06-20 22:00:00,43.105926513671875
srv-003,2017-06-20 23:00:00,43.88547897338867
srv-003,2017-06-21 00:00:00,44.31855773925781
srv-003,2017-06-21 01:00:00,45.91175079345703
srv-003,2017-06-21 02:00:00,49.62690353393555
srv-003,2017-06-21 03:00:00,49.33309555053711
srv-003,2017-06-21 04:00:00,56.12086868286133
srv-003,2017-06-21 05:00:00,52.29779052734375
srv-003,2017-06-21 06:00:00,49.102783203125
srv-003,2017-06-21 07:00:00,52.716373443603516
srv-003,2017-06-21 08:00:00,50.17775344848633
srv-003,2017-06-21 09:00:00,42.69556427001953
srv-003,2017-06-21 10:00:00,39.98155975341797
srv-003,2017-06-21 11:00:00,43.98859786987305
srv-003,2017-06-21 12:00:00,45.07383728027344
srv-003,2017-06-21 13:00:00,41.6967887878418
srv-003,2017-06-21 14:00:00,35.315208435058594
srv-003,2017-06-21 15:00:00,36.63743591308594
srv-003,2017-06-21 16:00:00,44.700050354003906
srv-003,2017-06-21 17:00:00,42.800498962402344
srv-003,2017-06-21 18:00:00,42.02363586425781
srv-003,2017-06-21 19:00:00,37.83887481689453
srv-003,2017-06-21 20:00:00,39.111572265625
srv-003,2017-06-21 21:00:00,43.259559631347656
srv-003,2017-06-21 22:00:00,40.706607818603516
srv-003,2017-06-21 23:00:00,40.87708282470703
srv-003,2017-06-22 00:00:00,45.302734375
srv-003,2017-06-22 01:00:00,42.243560791015625
srv-003,2017-06-22 02:00:00,43.382179260253906
srv-003,2017-06-22 03:00:00,42.22391128540039
srv-003,2017-06-22 04:00:00,46.94623565673828
srv-003,2017-06-22 05:00:00,48.17009353637695
srv-003,2017-06-22 06:00:00,51.26812744140625
srv-003,2017-06-22 07:00:00,50.049522399902344
srv-003,2017-06-22 08:00:00,45.10325622558594
srv-003,2017-06-22 09:00:00,44.23002243041992
srv-003,2017-06-22 10:00:00,45.53575897216797
srv-003,2017-06-22 11:00:00,45.2105827331543
srv-003,2017-06-22 12:00:00,42.362152099609375
srv-003,2017-06-22 13:00:00,43.74832534790039
srv-003,2017-06-22 14:00:00,42.83411407470703
srv-003,2017-06-22 15:00:00,39.995399475097656
srv-003,2017-06-22 16:00:00,41.3692626953125
srv-003,2017-06-22 17:00:00,40.96270751953125
srv-003,2017-06-22 18:00:00,39.25761413574219
srv-003,2017-06-22 19:00:00,34.05571746826172
srv-003,2017-06-22 20:00:00,39.781314849853516
srv-003,2017-06-22 21:00:00,45.555084228515625
srv-003,2017-06-22 22:00:00,48.74689865112305
srv-003,2017-06-22 23:00:00,50.481014251708984
srv-003,2017-06-23 00:00:00,40.8746223449707
srv-003,2017-06-23 01:00:00,38.665748596191406
srv-003,2017-06-23 02:00:00,41.8109130859375
srv-003,2017-06-23 03:00:00,46.67108917236328
srv-003,2017-06-23 04:00:00,45.346824645996094
srv-003,2017-06-23 05:00:00,42.950767517089844
srv-003,2017-06-23 06:00:00,40.1448974609375
srv-003,2017-06-23 07:00:00,32.80022048950195
srv-003,2017-06-23 08:00:00,37.63535690307617
srv-003,2017-06-23 09:00:00,35.543861389160156
srv-003,2017-06-23 10:00:00,31.26862144470215
srv-003,2017-06-23 11:00:00,32.24417495727539
srv-003,2017-06-23 12:00:00,31.9743709564209
srv-003,2017-06-23 13:00:00,33.074893951416016
srv-003,2017-06-23 14:00:00,37.142845153808594
srv-003,2017-06-23 15:00:00,39.48609161376953
srv-003,2017-06-23 16:00:00,40.21917724609375
srv-003,2017-06-23 17:00:00,41.90486145019531
srv-003,2017-06-23 18:00:00,43.80952453613281
srv-003,2017-06-23 19:00:00,38.119197845458984
srv-003,2017-06-23 20:00:00,39.140743255615234
srv-003,2017-06-23 21:00:00,40.20817184448242
srv-003,2017-06-23 22:00:00,41.08031463623047
srv-003,2017-06-23 23:00:00,42.63844299316406
srv-003,2017-06-24 00:00:00,38.975975036621094
srv-003,2017-06-24 01:00:00,35.36505889892578
srv-003,2017-06-24 02:00:00,32.418487548828125
srv-003,2017-06-24 03:00:00,34.58232879638672
srv-003,2017-06-24 04:00:00,41.12602996826172
srv-003,2017-06-24 05:00:00,35.56325149536133
srv-003,2017-06-24 06:00:00,28.255475997924805
srv-003,2017-06-24 07:00:00,26.906641006469727
srv-003,2017-06-24 08:00:00,29.663225173950195
srv-003,2017-06-24 09:00:00,30.763385772705078
srv-003,2017-06-24 10:00:00,32.355430603027344
srv-003,2017-06-24 11:00:00,34.51371765136719
srv-003,2017-06-24 12:00:00,36.46607208251953
srv-003,2017-06-24 13:00:00,34.69614791870117
srv-003,2017-06-24 14:00:00,39.10944366455078
srv-003,2017-06-24 15:00:00,35.73069381713867
srv-003,2017-06-24 16:00:00,40.960243225097656
srv-003,2017-06-24 17:00:00,42.35107421875
srv-003,2017-06-24 18:00:00,39.376312255859375
srv-003,2017-06-24 19:00:00,41.30430221557617
srv-003,2017-06-24 20:00:00,38.32423400878906
srv-003,2017-06-24 21:00:00,43.04228591918945
srv-003,2017-06-24 22:00:00,38.62983322143555
srv-003,2017-06-24 23:00:00,39.74215316772461
srv-003,2017-06-25 00:00:00,36.2092399597168
srv-003,2017-06-25 01:00:00,35.09465026855469
srv-003,2017-06-25 02:00:00,36.790870666503906
srv-003,2017-06-25 03:00:00,38.41217041015625
srv-003,2017-06-25 04:00:00,38.187625885009766
srv-003,2017-06-25 05:00:00,38.41070556640625
srv-003,2017-06-25 06:00:00,29.781648635864258
srv-003,2017-06-25 07:00:00,28.644733428955078
srv-003,2017-06-25 08:00:00,27.407434463500977
srv-003,2017-06-25 09:00:00,30.763938903808594
srv-003,2017-06-25 10:00:00,36.53245544433594
srv-003,2017-06-25 11:00:00,33.947898864746094
srv-003,2017-06-25 12:00:00,34.766685485839844
srv-003,2017-06-25 13:00:00,34.8848991394043
srv-003,2017-06-25 14:00:00,38.2198600769043
srv-003,2017-06-25 15:00:00,39.57270812988281
srv-003,2017-06-25 16:00:00,38.98312759399414
srv-003,2017-06-25 17:00:00,36.83048629760742
srv-003,2017-06-25 18:00:00,39.275489807128906
srv-003,2017-06-25 19:00:00,43.026824951171875
srv-003,2017-06-25 20:00:00,43.492576599121094
srv-003,2017-06-25 21:00:00,36.942657470703125
srv-003,2017-06-25 22:00:00,29.17084312438965
srv-003,2017-06-25 23:00:00,31.72627067565918
srv-003,2017-06-26 00:00:00,35.681671142578125
srv-003,2017-06-26 01:00:00,29.414627075195312
srv-003,2017-06-26 02:00:00,31.145421981811523
srv-003,2017-06-26 03:00:00,38.4517822265625
srv-003,2017-06-26 04:00:00,38.836647033691406
srv-003,2017-06-26 05:00:00,40.36066818237305
srv-003,2017-06-26 06:00:00,33.476558685302734
srv-003,2017-06-26 07:00:00,40.556640625
srv-003,2017-06-26 08:00:00,41.21083068847656
srv-003,2017-06-26 09:00:00,31.053892135620117
srv-003,2017-06-26 10:00:00,39.14316940307617
srv-003,2017-06-26 11:00:00,36.07289505004883
srv-003,2017-06-26 12:00:00,40.99391555786133
srv-003,2017-06-26 13:00:00,39.45271682739258
srv-003,2017-06-26 14:00:00,43.864261627197266
srv-003,2017-06-26 15:00:00,44.17375183105469
srv-003,2017-06-26 16:00:00,42.23904037475586
srv-003,2017-06-26 17:00:00,45.32415771484375
srv-003,2017-06-26 18:00:00,43.76103591918945
srv-003,2017-06-26 19:00:00,42.820106506347656
srv-003,2017-06-26 20:00:00,40.00994873046875
srv-003,2017-06-26 21:00:00,39.94227600097656
srv-003,2017-06-26 22:00:00,34.767845153808594
srv-003,2017-06-26 23:00:00,38.32479476928711
srv-003,2017-06-27 00:00:00,41.605587005615234
srv-003,2017-06-27 01:00:00,41.8106689453125
srv-003,2017-06-27 02:00:00,46.55166244506836
srv-003,2017-06-27 03:00:00,44.77048110961914
srv-003,2017-06-27 04:00:00,50.62099838256836
srv-003,2017-06-27 05:00:00,51.701297760009766
srv-003,2017-06-27 06:00:00,49.85671615600586
srv-003,2017-06-27 07:00:00,46.63275909423828
srv-003,2017-06-27 08:00:00,42.793338775634766
srv-003,2017-06-27 09:00:00,46.40283203125
srv-003,2017-06-27 10:00:00,46.72679138183594
srv-003,2017-06-27 11:00:00,43.23788833618164
srv-003,2017-06-27 12:00:00,43.98875427246094
srv-003,2017-06-27 13:00:00,44.47612762451172
srv-003,2017-06-27 14:00:00,46.11259460449219
srv-003,2017-06-27 15:00:00,47.5837516784668
srv-003,2017-06-27 16:00:00,41.58326721191406
srv-003,2017-06-27 17:00:00,44.618568420410156
srv-003,2017-06-27 18:00:00,49.471412658691406
srv-003,2017-06-27 19:00:00,44.5899543762207
srv-003,2017-06-27 20:00:00,38.88402557373047
srv-003,2017-06-27 21:00:00,39.621124267578125
srv-003,2017-06-27 22:00:00,45.58768081665039
srv-003,2017-06-27 23:00:00,41.50627136230469
srv-003,2017-06-28 00:00:00,36.94231414794922
srv-003,2017-06-28 01:00:00,32.794189453125
srv-003,2017-06-28 02:00:00,40.14885711669922
srv-003,2017-06-28 03:00:00,39.41420364379883
srv-003,2017-06-28 04:00:00,46.69114685058594
srv-003,2017-06-28 05:00:00,36.85983657836914
srv-003,2017-06-28 06:00:00,37.54217529296875
srv-003,2017-06-28 07:00:00,44.765830993652344
srv-003,2017-06-28 08:00:00,40.88291931152344
srv-003,2017-06-28 09:00:00,42.37804412841797
srv-003,2017-06-28 10:00:00,40.16240692138672
srv-003,2017-06-28 11:00:00,39.19818115234375
srv-003,2017-06-28 12:00:00,45.53102493286133
srv-003,2017-06-28 13:00:00,40.570831298828125
srv-003,2017-06-28 14:00:00,43.08683395385742
srv-003,2017-06-28 15:00:00,40.26866912841797
srv-003,2017-06-28 16:00:00,43.32919692993164
srv-003,2017-06-28 17:00:00,45.912872314453125
srv-003,2017-06-28 18:00:00,42.05043029785156
srv-003,2017-06-28 19:00:00,43.591758728027344
srv-003,2017-06-28 20:00:00,39.976356506347656
srv-003,2017-06-28 21:00:00,43.649925231933594
srv-003,2017-06-28 22:00:00,47.050209045410156
srv-003,2017-06-28 23:00:00,41.44647979736328
srv-003,2017-06-29 00:00:00,42.588253021240234
srv-003,2017-06-29 01:00:00,49.648643493652344
srv-003,2017-06-29 02:00:00,46.53877258300781
srv-003,2017-06-29 03:00:00,44.81942367553711
srv-003,2017-06-29 04:00:00,51.232234954833984
srv-003,2017-06-29 05:00:00,49.465911865234375
srv-003,2017-06-29 06:00:00,40.5933952331543
srv-003,2017-06-29 07:00:00,44.32128143310547
srv-003,2017-06-29 08:00:00,47.33210754394531
srv-003,2017-06-29 09:00:00,47.32271957397461
srv-003,2017-06-29 10:00:00,47.65793991088867
srv-003,2017-06-29 11:00:00,42.10319900512695
srv-003,2017-06-29 12:00:00,37.49216079711914
srv-003,2017-06-29 13:00:00,33.7310676574707
srv-003,2017-06-29 14:00:00,33.435585021972656
srv-003,2017-06-29 15:00:00,40.44682693481445
srv-003,2017-06-29 16:00:00,37.52387237548828
srv-003,2017-06-29 17:00:00,39.2930908203125
srv-003,2017-06-29 18:00:00,36.405067443847656
srv-003,2017-06-29 19:00:00,33.3730583190918
srv-003,2017-06-29 20:00:00,37.72285079956055
srv-003,2017-06-29 21:00:00,37.808570861816406
srv-003,2017-06-29 22:00:00,38.50400924682617
srv-003,2017-06-29 23:00:00,35.35211181640625
srv-003,2017-06-30 00:00:00,37.997982025146484
srv-003,2017-06-30 01:00:00,42.78205871582031
srv-003,2017-06-30 02:00:00,40.64720153808594
srv-003,2017-06-30 03:00:00,42.80166244506836
srv-003,2017-06-30 04:00:00,42.09855651855469
srv-003,2017-06-30 05:00:00,39.93229675292969
srv-003,2017-06-30 06:00:00,40.37137985229492
srv-003,2017-06-30 07:00:00,37.728309631347656
srv-003,2017-06-30 08:00:00,37.386268615722656
srv-003,2017-06-30 09:00:00,39.49623107910156
srv-003,2017-06-30 10:00:00,36.41801452636719
srv-003,2017-06-30 11:00:00,37.14793395996094
srv-003,2017-06-30 12:00:00,32.80156326293945
srv-003,2017-06-30 13:00:00,40.60136413574219
srv-003,2017-06-30 14:00:00,41.40770721435547
srv-003,2017-06-30 15:00:00,44.85840606689453
srv-003,2017-06-30 16:00:00,45.25294494628906
srv-003,2017-06-30 17:00:00,44.38298034667969
srv-003,2017-06-30 18:00:00,43.16563415527344
srv-003,2017-06-30 19:00:00,36.88878631591797
srv-003,2017-06-30 20:00:00,43.227535247802734
srv-003,2017-06-30 21:00:00,43.50508499145508
srv-003,2017-06-30 22:00:00,39.58317947387695
srv-003,2017-06-30 23:00:00,32.24586868286133
srv-004,2017-06-01 23:00:00,53.379791259765625
srv-004,2017-06-02 00:00:00,58.0410041809082
srv-004,2017-06-02 01:00:00,60.32455825805664
srv-004,2017-06-02 02:00:00,63.536712646484375
srv-004,2017-06-02 03:00:00,61.92618179321289
srv-004,2017-06-02 04:00:00,65.3823013305664
srv-004,2017-06-02 05:00:00,63.711700439453125
srv-004,2017-06-02 06:00:00,61.708518981933594
srv-004,2017-06-02 07:00:00,61.189422607421875
srv-004,2017-06-02 08:00:00,59.70087432861328
srv-004,2017-06-02 09:00:00,62.080387115478516
srv-004,2017-06-02 10:00:00,63.24818420410156
srv-004,2017-06-02 11:00:00,64.34273529052734
srv-004,2017-06-02 12:00:00,67.25636291503906
srv-004,2017-06-02 13:00:00,66.23739624023438
srv-004,2017-06-02 14:00:00,65.42547607421875
srv-004,2017-06-02 15:00:00,60.30731201171875
srv-004,2017-06-02 16:00:00,59.29778289794922
srv-004,2017-06-02 17:00:00,62.58435821533203
srv-004,2017-06-02 18:00:00,62.32449722290039
srv-004,2017-06-02 19:00:00,62.33645248413086
srv-004,2017-06-02 20:00:00,62.90433883666992
srv-004,2017-06-02 21:00:00,58.185882568359375
srv-004,2017-06-02 22:00:00,59.48780822753906
srv-004,2017-06-02 23:00:00,58.68732452392578
srv-004,2017-06-03 00:00:00,62.10234832763672
srv-004,2017-06-03 01:00:00,61.81521987915039
srv-004,2017-06-03 02:00:00,58.2710075378418
srv-004,2017-06-03 03:00:00,58.937835693359375
srv-004,2017-06-03 04:00:00,57.19263458251953
srv-004,2017-06-03 05:00:00,62.851219177246094
srv-004,2017-06-03 06:00:00,64.34699249267578
srv-004,2017-06-03 07:00:00,66.09954833984375
srv-004,2017-06-03 08:00:00,67.74093627929688
srv-004,2017-06-03 09:00:00,63.31568908691406
srv-004,2017-06-03 10:00:00,62.896446228027344
srv-004,2017-06-03 11:00:00,65.0451431274414
srv-004,2017-06-03 12:00:00,67.63516235351562
srv-004,2017-06-03 13:00:00,68.51953125
srv-004,2017-06-03 14:00:00,64.09288787841797
srv-004,2017-06-03 15:00:00,65.49909210205078
srv-004,2017-06-03 16:00:00,65.00838470458984
srv-004,2017-06-03 17:00:00,60.32184600830078
srv-004,2017-06-03 18:00:00,58.62525177001953
srv-004,2017-06-03 19:00:00,60.526729583740234
srv-004,2017-06-03 20:00:00,60.071842193603516
srv-004,2017-06-03 21:00:00,58.7967529296875
srv-004,2017-06-03 22:00:00,55.667335510253906
srv-004,2017-06-03 23:00:00,60.127464294433594
srv-004,2017-06-04 00:00:00,63.978607177734375
srv-004,2017-06-04 01:00:00,61.49663543701172
srv-004,2017-06-04 02:00:00,64.47941589355469
srv-004,2017-06-04 03:00:00,67.07334899902344
srv-004,2017-06-04 04:00:00,62.52027130126953
srv-004,2017-06-04 05:00:00,60.51095199584961
srv-004,2017-06-04 06:00:00,65.15601348876953
srv-004,2017-06-04 07:00:00,61.63054656982422
srv-004,2017-06-04 08:00:00,58.078697204589844
srv-004,2017-06-04 09:00:00,62.6997184753418
srv-004,2017-06-04 10:00:00,62.661407470703125
srv-004,2017-06-04 11:00:00,64.1837158203125
srv-004,2017-06-04 12:00:00,63.81709289550781
srv-004,2017-06-04 13:00:00,64.04188537597656
srv-004,2017-06-04 14:00:00,66.99285888671875
srv-004,2017-06-04 15:00:00,62.962158203125
srv-004,2017-06-04 16:00:00,61.30961608886719
srv-004,2017-06-04 17:00:00,60.41388702392578
srv-004,2017-06-04 18:00:00,63.82636642456055
srv-004,2017-06-04 19:00:00,64.0445785522461
srv-004,2017-06-04 20:00:00,59.710906982421875
srv-004,2017-06-04 21:00:00,62.04068374633789
srv-004,2017-06-04 22:00:00,60.07122802734375
srv-004,2017-06-04 23:00:00,60.48992156982422
srv-004,2017-06-05 00:00:00,59.35139465332031
srv-004,2017-06-05 01:00:00,60.734580993652344
srv-004,2017-06-05 02:00:00,58.84761047363281
srv-004,2017-06-05 03:00:00,56.14239501953125
srv-004,2017-06-05 04:00:00,58.652957916259766
srv-004,2017-06-05 05:00:00,63.371150970458984
srv-004,2017-06-05 06:00:00,60.87250900268555
srv-004,2017-06-05 07:00:00,59.82471466064453
srv-004,2017-06-05 08:00:00,65.33955383300781
srv-004,2017-06-05 09:00:00,63.02635955810547
srv-004,2017-06-05 10:00:00,62.949676513671875
srv-004,2017-06-05 11:00:00,63.78862380981445
srv-004,2017-06-05 12:00:00,67.46652221679688
srv-004,2017-06-05 13:00:00,61.39578628540039
srv-004,2017-06-05 14:00:00,62.64508819580078
srv-004,2017-06-05 15:00:00,60.69675064086914
srv-004,2017-06-05 16:00:00,67.06326293945312
srv-004,2017-06-05 17:00:00,65.698974609375
srv-004,2017-06-05 18:00:00,61.744041442871094
srv-004,2017-06-05 19:00:00,61.635013580322266
srv-004,2017-06-05 20:00:00,61.55443572998047
srv-004,2017-06-05 21:00:00,63.51451873779297
srv-004,2017-06-05 22:00:00,64.17792510986328
srv-004,2017-06-05 23:00:00,62.29081726074219
srv-004,2017-06-06 00:00:00,60.56517028808594
srv-004,2017-06-06 01:00:00,58.328521728515625
srv-004,2017-06-06 02:00:00,58.77592849731445
srv-004,2017-06-06 03:00:00,65.47386932373047
srv-004,2017-06-06 04:00:00,63.29417419433594
srv-004,2017-06-06 05:00:00,65.55218505859375
srv-004,2017-06-06 06:00:00,62.159576416015625
srv-004,2017-06-06 07:00:00,66.31647491455078
srv-004,2017-06-06 08:00:00,66.18118286132812
srv-004,2017-06-06 09:00:00,63.403648376464844
srv-004,2017-06-06 10:00:00,62.228519439697266
srv-004,2017-06-06 11:00:00,62.07866668701172
srv-004,2017-06-06 12:00:00,62.72536087036133
srv-004,2017-06-06 13:00:00,63.1826171875
srv-004,2017-06-06 14:00:00,63.061683654785156
srv-004,2017-06-06 15:00:00,65.36236572265625
srv-004,2017-06-06 16:00:00,66.29718780517578
srv-004,2017-06-06 17:00:00,69.03784942626953
srv-004,2017-06-06 18:00:00,70.92417907714844
srv-004,2017-06-06 19:00:00,71.92985534667969
srv-004,2017-06-06 20:00:00,65.24100494384766
srv-004,2017-06-06 21:00:00,64.2446517944336
srv-004,2017-06-06 22:00:00,69.64579772949219
srv-004,2017-06-06 23:00:00,72.1982650756836
srv-004,2017-06-07 00:00:00,70.51362609863281
srv-004,2017-06-07 01:00:00,73.21673583984375
srv-004,2017-06-07 02:00:00,75.33219909667969
srv-004,2017-06-07 03:00:00,74.62490844726562
srv-004,2017-06-07 04:00:00,65.88958740234375
srv-004,2017-06-07 05:00:00,65.67257690429688
srv-004,2017-06-07 06:00:00,66.88034057617188
srv-004,2017-06-07 07:00:00,67.95321655273438
srv-004,2017-06-07 08:00:00,64.04381561279297
srv-004,2017-06-07 09:00:00,63.753639221191406
srv-004,2017-06-07 10:00:00,63.521636962890625
srv-004,2017-06-07 11:00:00,62.044273376464844
srv-004,2017-06-07 12:00:00,63.47894287109375
srv-004,2017-06-07 13:00:00,65.65925598144531
srv-004,2017-06-07 14:00:00,65.75650787353516
srv-004,2017-06-07 15:00:00,69.28483581542969
srv-004,2017-06-07 16:00:00,68.97018432617188
srv-004,2017-06-07 17:00:00,66.81297302246094
srv-004,2017-06-07 18:00:00,64.62344360351562
srv-004,2017-06-07 19:00:00,65.59965515136719
srv-004,2017-06-07 20:00:00,68.37866973876953
srv-004,2017-06-07 21:00:00,67.51956939697266
srv-004,2017-06-07 22:00:00,65.6219711303711
srv-004,2017-06-07 23:00:00,68.94258880615234
srv-004,2017-06-08 00:00:00,69.97369384765625
srv-004,2017-06-08 01:00:00,65.51378631591797
srv-004,2017-06-08 02:00:00,62.95478057861328
srv-004,2017-06-08 03:00:00,63.593177795410156
srv-004,2017-06-08 04:00:00,61.413394927978516
srv-004,2017-06-08 05:00:00,62.004295349121094
srv-004,2017-06-08 06:00:00,64.13591766357422
srv-004,2017-06-08 07:00:00,61.62131118774414
srv-004,2017-06-08 08:00:00,64.3531494140625
srv-004,2017-06-08 09:00:00,67.40737915039062
srv-004,2017-06-08 10:00:00,66.35255432128906
srv-004,2017-06-08 11:00:00,68.11456298828125
srv-004,2017-06-08 12:00:00,64.70323181152344
srv-004,2017-06-08 13:00:00,68.24822998046875
srv-004,2017-06-08 14:00:00,63.12809371948242
srv-004,2017-06-08 15:00:00,64.04774475097656
srv-004,2017-06-08 16:00:00,67.11856079101562
srv-004,2017-06-08 17:00:00,64.06816864013672
srv-004,2017-06-08 18:00:00,61.443504333496094
srv-004,2017-06-08 19:00:00,65.00232696533203
srv-004,2017-06-08 20:00:00,66.72846984863281
srv-004,2017-06-08 21:00:00,66.20353698730469
srv-004,2017-06-08 22:00:00,67.067626953125
srv-004,2017-06-08 23:00:00,61.9530029296875
srv-004,2017-06-09 00:00:00,63.18257522583008
srv-004,2017-06-09 01:00:00,62.05398178100586
srv-004,2017-06-09 02:00:00,60.88507080078125
srv-004,2017-06-09 03:00:00,60.00486755371094
srv-004,2017-06-09 04:00:00,60.48883056640625
srv-004,2017-06-09 05:00:00,59.027530670166016
srv-004,2017-06-09 06:00:00,65.55806732177734
srv-004,2017-06-09 07:00:00,65.00175476074219
srv-004,2017-06-09 08:00:00,65.11626434326172
srv-004,2017-06-09 09:00:00,64.70667266845703
srv-004,2017-06-09 10:00:00,61.15074920654297
srv-004,2017-06-09 11:00:00,62.96027374267578
srv-004,2017-06-09 12:00:00,63.723472595214844
srv-004,2017-06-09 13:00:00,64.36653900146484
srv-004,2017-06-09 14:00:00,63.65013885498047
srv-004,2017-06-09 15:00:00,66.89877319335938
srv-004,2017-06-09 16:00:00,64.31369018554688
srv-004,2017-06-09 17:00:00,62.880859375
srv-004,2017-06-09 18:00:00,59.47275924682617
srv-004,2017-06-09 19:00:00,58.232765197753906
srv-004,2017-06-09 20:00:00,61.06116485595703
srv-004,2017-06-09 21:00:00,59.89126205444336
srv-004,2017-06-09 22:00:00,59.11054992675781
srv-004,2017-06-09 23:00:00,57.632484436035156
srv-004,2017-06-10 00:00:00,62.42816925048828
srv-004,2017-06-10 01:00:00,64.89994049072266
srv-004,2017-06-10 02:00:00,59.876033782958984
srv-004,2017-06-10 03:00:00,60.654170989990234
srv-004,2017-06-10 04:00:00,61.754478454589844
srv-004,2017-06-10 05:00:00,64.14139556884766
srv-004,2017-06-10 06:00:00,64.9905776977539
srv-004,2017-06-10 07:00:00,68.1996841430664
srv-004,2017-06-10 08:00:00,70.17086791992188
srv-004,2017-06-10 09:00:00,69.74620056152344
srv-004,2017-06-10 10:00:00,71.41264343261719
srv-004,2017-06-10 11:00:00,64.6885757446289
srv-004,2017-06-10 12:00:00,62.61988067626953
srv-004,2017-06-10 13:00:00,66.4026870727539
srv-004,2017-06-10 14:00:00,68.33731079101562
srv-004,2017-06-10 15:00:00,72.54776763916016
srv-004,2017-06-10 16:00:00,71.23499298095703
srv-004,2017-06-10 17:00:00,61.41042709350586
srv-004,2017-06-10 18:00:00,61.510597229003906
srv-004,2017-06-10 19:00:00,60.5410041809082
srv-004,2017-06-10 20:00:00,62.55573272705078
srv-004,2017-06-10 21:00:00,60.886695861816406
srv-004,2017-06-10 22:00:00,52.75611114501953
srv-004,2017-06-10 23:00:00,58.90095901489258
srv-004,2017-06-11 00:00:00,61.20355224609375
srv-004,2017-06-11 01:00:00,61.19268035888672
srv-004,2017-06-11 02:00:00,60.628089904785156
srv-004,2017-06-11 03:00:00,63.01675796508789
srv-004,2017-06-11 04:00:00,64.64542388916016
srv-004,2017-06-11 05:00:00,65.27033996582031
srv-004,2017-06-11 06:00:00,62.798519134521484
srv-004,2017-06-11 07:00:00,57.774497985839844
srv-004,2017-06-11 08:00:00,65.7253189086914
srv-004,2017-06-11 09:00:00,67.55033874511719
srv-004,2017-06-11 10:00:00,64.93162536621094
srv-004,2017-06-11 11:00:00,63.74868392944336
srv-004,2017-06-11 12:00:00,64.75752258300781
srv-004,2017-06-11 13:00:00,61.692352294921875
srv-004,2017-06-11 14:00:00,61.325321197509766
srv-004,2017-06-11 15:00:00,63.314979553222656
srv-004,2017-06-11 16:00:00,61.63361358642578
srv-004,2017-06-11 17:00:00,62.28392028808594
srv-004,2017-06-11 18:00:00,63.055946350097656
srv-004,2017-06-11 19:00:00,63.05011749267578
srv-004,2017-06-11 20:00:00,60.07249450683594
srv-004,2017-06-11 21:00:00,59.21787643432617
srv-004,2017-06-11 22:00:00,61.74755096435547
srv-004,2017-06-11 23:00:00,61.03123474121094
srv-004,2017-06-12 00:00:00,62.591796875
srv-004,2017-06-12 01:00:00,61.16170883178711
srv-004,2017-06-12 02:00:00,63.84880065917969
srv-004,2017-06-12 03:00:00,69.45565795898438
srv-004,2017-06-12 04:00:00,63.12948226928711
srv-004,2017-06-12 05:00:00,63.00882339477539
srv-004,2017-06-12 06:00:00,62.39685821533203
srv-004,2017-06-12 07:00:00,60.665252685546875
srv-004,2017-06-12 08:00:00,63.868125915527344
srv-004,2017-06-12 09:00:00,65.58735656738281
srv-004,2017-06-12 10:00:00,65.79022979736328
srv-004,2017-06-12 11:00:00,62.112762451171875
srv-004,2017-06-12 12:00:00,63.87676239013672
srv-004,2017-06-12 13:00:00,65.496826171875
srv-004,2017-06-12 14:00:00,67.88766479492188
srv-004,2017-06-12 15:00:00,68.82933044433594
srv-004,2017-06-12 16:00:00,68.42535400390625
srv-004,2017-06-12 17:00:00,70.17871856689453
srv-004,2017-06-12 18:00:00,72.73796081542969
srv-004,2017-06-12 19:00:00,68.8469467163086
srv-004,2017-06-12 20:00:00,64.60291290283203
srv-004,2017-06-12 21:00:00,63.090206146240234
srv-004,2017-06-12 22:00:00,64.24629211425781
srv-004,2017-06-12 23:00:00,62.97800064086914
srv-004,2017-06-13 00:00:00,61.585758209228516
srv-004,2017-06-13 01:00:00,60.206390380859375
srv-004,2017-06-13 02:00:00,64.71277618408203
srv-004,2017-06-13 03:00:00,64.84783172607422
srv-004,2017-06-13 04:00:00,61.31610870361328
srv-004,2017-06-13 05:00:00,65.32225036621094
srv-004,2017-06-13 06:00:00,65.57559967041016
srv-004,2017-06-13 07:00:00,62.76780700683594
srv-004,2017-06-13 08:00:00,64.08179473876953
srv-004,2017-06-13 09:00:00,68.12064361572266
srv-004,2017-06-13 10:00:00,64.58270263671875
srv-004,2017-06-13 11:00:00,62.157928466796875
srv-004,2017-06-13 12:00:00,62.387550354003906
srv-004,2017-06-13 13:00:00,66.06005859375
srv-004,2017-06-13 14:00:00,67.2581787109375
srv-004,2017-06-13 15:00:00,67.37936401367188
srv-004,2017-06-13 16:00:00,65.25666046142578
srv-004,2017-06-13 17:00:00,66.5611572265625
srv-004,2017-06-13 18:00:00,63.04987716674805
srv-004,2017-06-13 19:00:00,63.27348709106445
srv-004,2017-06-13 20:00:00,61.87020492553711
srv-004,2017-06-13 21:00:00,61.643165588378906
srv-004,2017-06-13 22:00:00,60.84701919555664
srv-004,2017-06-13 23:00:00,59.28217315673828
srv-004,2017-06-14 00:00:00,59.2350959777832
srv-004,2017-06-14 01:00:00,61.694496154785156
srv-004,2017-06-14 02:00:00,59.143455505371094
srv-004,2017-06-14 03:00:00,57.79366683959961
srv-004,2017-06-14 04:00:00,57.75243377685547
srv-004,2017-06-14 05:00:00,63.70094680786133
srv-004,2017-06-14 06:00:00,62.65966033935547
srv-004,2017-06-14 07:00:00,66.18146514892578
srv-004,2017-06-14 08:00:00,68.80036926269531
srv-004,2017-06-14 09:00:00,69.38314819335938
srv-004,2017-06-14 10:00:00,69.65595245361328
srv-004,2017-06-14 11:00:00,70.18846130371094
srv-004,2017-06-14 12:00:00,70.89195251464844
srv-004,2017-06-14 13:00:00,67.59402465820312
srv-004,2017-06-14 14:00:00,67.4190673828125
srv-004,2017-06-14 15:00:00,67.23555755615234
srv-004,2017-06-14 16:00:00,65.72654724121094
srv-004,2017-06-14 17:00:00,64.09280395507812
srv-004,2017-06-14 18:00:00,61.626522064208984
srv-004,2017-06-14 19:00:00,64.69384002685547
srv-004,2017-06-14 20:00:00,60.363975524902344
srv-004,2017-06-14 21:00:00,62.59443664550781
srv-004,2017-06-14 22:00:00,66.6565170288086
srv-004,2017-06-14 23:00:00,66.71031188964844
srv-004,2017-06-15 00:00:00,67.32568359375
srv-004,2017-06-15 01:00:00,64.69859313964844
srv-004,2017-06-15 02:00:00,63.73125076293945
srv-004,2017-06-15 03:00:00,65.12594604492188
srv-004,2017-06-15 04:00:00,64.73259735107422
srv-004,2017-06-15 05:00:00,60.66383743286133
srv-004,2017-06-15 06:00:00,61.132835388183594
srv-004,2017-06-15 07:00:00,58.533748626708984
srv-004,2017-06-15 08:00:00,65.46684265136719
srv-004,2017-06-15 09:00:00,63.80167770385742
srv-004,2017-06-15 10:00:00,66.88704681396484
srv-004,2017-06-15 11:00:00,66.88265228271484
srv-004,2017-06-15 12:00:00,66.39208221435547
srv-004,2017-06-15 13:00:00,68.37669372558594
srv-004,2017-06-15 14:00:00,68.72008514404297
srv-004,2017-06-15 15:00:00,66.45464324951172
srv-004,2017-06-15 16:00:00,63.28780746459961
srv-004,2017-06-15 17:00:00,66.34042358398438
srv-004,2017-06-15 18:00:00,63.694339752197266
srv-004,2017-06-15 19:00:00,60.54965591430664
srv-004,2017-06-15 20:00:00,63.53474426269531
srv-004,2017-06-15 21:00:00,60.773658752441406
srv-004,2017-06-15 22:00:00,58.99555206298828
srv-004,2017-06-15 23:00:00,61.162086486816406
srv-004,2017-06-16 00:00:00,62.1612548828125
srv-004,2017-06-16 01:00:00,63.019264221191406
srv-004,2017-06-16 02:00:00,59.11128234863281
srv-004,2017-06-16 03:00:00,58.304840087890625
srv-004,2017-06-16 04:00:00,60.69061279296875
srv-004,2017-06-16 05:00:00,59.29408264160156
srv-004,2017-06-16 06:00:00,57.2144660949707
srv-004,2017-06-16 07:00:00,54.84463882446289
srv-004,2017-06-16 08:00:00,57.54066467285156
srv-004,2017-06-16 09:00:00,61.04835510253906
srv-004,2017-06-16 10:00:00,62.886985778808594
srv-004,2017-06-16 11:00:00,60.844512939453125
srv-004,2017-06-16 12:00:00,63.969669342041016
srv-004,2017-06-16 13:00:00,64.0367431640625
srv-004,2017-06-16 14:00:00,64.80502319335938
srv-004,2017-06-16 15:00:00,68.0735092163086
srv-004,2017-06-16 16:00:00,64.4030990600586
srv-004,2017-06-16 17:00:00,68.1475601196289
srv-004,2017-06-16 18:00:00,64.57229614257812
srv-004,2017-06-16 19:00:00,61.5648307800293
srv-004,2017-06-16 20:00:00,61.09480285644531
srv-004,2017-06-16 21:00:00,58.51118850708008
srv-004,2017-06-16 22:00:00,58.202205657958984
srv-004,2017-06-16 23:00:00,55.265663146972656
srv-004,2017-06-17 00:00:00,53.56172180175781
srv-004,2017-06-17 01:00:00,57.182281494140625
srv-004,2017-06-17 02:00:00,57.02687454223633
srv-004,2017-06-17 03:00:00,61.466365814208984
srv-004,2017-06-17 04:00:00,61.104949951171875
srv-004,2017-06-17 05:00:00,57.23562240600586
srv-004,2017-06-17 06:00:00,56.80656814575195
srv-004,2017-06-17 07:00:00,55.019927978515625
srv-004,2017-06-17 08:00:00,55.61359405517578
srv-004,2017-06-17 09:00:00,57.44291687011719
srv-004,2017-06-17 10:00:00,59.56819152832031
srv-004,2017-06-17 11:00:00,54.95701599121094
srv-004,2017-06-17 12:00:00,57.522605895996094
srv-004,2017-06-17 13:00:00,57.3116455078125
srv-004,2017-06-17 14:00:00,59.94123840332031
srv-004,2017-06-17 15:00:00,59.96022033691406
srv-004,2017-06-17 16:00:00,63.434268951416016
srv-004,2017-06-17 17:00:00,63.46727752685547
srv-004,2017-06-17 18:00:00,56.901451110839844
srv-004,2017-06-17 19:00:00,60.52391052246094
srv-004,2017-06-17 20:00:00,57.07417678833008
srv-004,2017-06-17 21:00:00,59.081336975097656
srv-004,2017-06-17 22:00:00,56.5606689453125
srv-004,2017-06-17 23:00:00,55.37157440185547
srv-004,2017-06-18 00:00:00,60.76580047607422
srv-004,2017-06-18 01:00:00,61.12313461303711
srv-004,2017-06-18 02:00:00,62.94236373901367
srv-004,2017-06-18 03:00:00,62.84770202636719
srv-004,2017-06-18 04:00:00,55.63262176513672
srv-004,2017-06-18 05:00:00,60.91220474243164
srv-004,2017-06-18 06:00:00,59.08567810058594
srv-004,2017-06-18 07:00:00,58.70143127441406
srv-004,2017-06-18 08:00:00,60.167442321777344
srv-004,2017-06-18 09:00:00,57.024017333984375
srv-004,2017-06-18 10:00:00,54.230804443359375
srv-004,2017-06-18 11:00:00,55.537113189697266
srv-004,2017-06-18 12:00:00,56.78398895263672
srv-004,2017-06-18 13:00:00,59.4822883605957
srv-004,2017-06-18 14:00:00,61.924110412597656
srv-004,2017-06-18 15:00:00,64.32109069824219
srv-004,2017-06-18 16:00:00,64.65550994873047
srv-004,2017-06-18 17:00:00,61.36412811279297
srv-004,2017-06-18 18:00:00,60.7098388671875
srv-004,2017-06-18 19:00:00,62.51111602783203
srv-004,2017-06-18 20:00:00,63.446014404296875
srv-004,2017-06-18 21:00:00,60.283565521240234
srv-004,2017-06-18 22:00:00,58.85646057128906
srv-004,2017-06-18 23:00:00,57.55733871459961
srv-004,2017-06-19 00:00:00,60.93308639526367
srv-004,2017-06-19 01:00:00,60.40889358520508
srv-004,2017-06-19 02:00:00,61.56644821166992
srv-004,2017-06-19 03:00:00,60.55729675292969
srv-004,2017-06-19 04:00:00,60.01515579223633
srv-004,2017-06-19 05:00:00,59.15511703491211
srv-004,2017-06-19 06:00:00,58.44382095336914
srv-004,2017-06-19 07:00:00,60.07341766357422
srv-004,2017-06-19 08:00:00,65.91954040527344
srv-004,2017-06-19 09:00:00,67.92780303955078
srv-004,2017-06-19 10:00:00,67.31404113769531
srv-004,2017-06-19 11:00:00,65.1603775024414
srv-004,2017-06-19 12:00:00,68.06721496582031
srv-004,2017-06-19 13:00:00,67.07313537597656
srv-004,2017-06-19 14:00:00,69.81724548339844
srv-004,2017-06-19 15:00:00,71.83992767333984
srv-004,2017-06-19 16:00:00,73.58570861816406
srv-004,2017-06-19 17:00:00,74.48719787597656
srv-004,2017-06-19 18:00:00,70.17045593261719
srv-004,2017-06-19 19:00:00,73.03596496582031
srv-004,2017-06-19 20:00:00,72.62507629394531
srv-004,2017-06-19 21:00:00,68.42375183105469
srv-004,2017-06-19 22:00:00,68.2459716796875
srv-004,2017-06-19 23:00:00,70.50187683105469
srv-004,2017-06-20 00:00:00,66.29293823242188
srv-004,2017-06-20 01:00:00,65.7437973022461
srv-004,2017-06-20 02:00:00,69.88795471191406
srv-004,2017-06-20 03:00:00,68.7748794555664
srv-004,2017-06-20 04:00:00,70.02493286132812
srv-004,2017-06-20 05:00:00,64.6940689086914
srv-004,2017-06-20 06:00:00,62.86563491821289
srv-004,2017-06-20 07:00:00,65.41436767578125
srv-004,2017-06-20 08:00:00,65.66874694824219
srv-004,2017-06-20 09:00:00,71.21726989746094
srv-004,2017-06-20 10:00:00,67.95111083984375
srv-004,2017-06-20 11:00:00,68.0517807006836
srv-004,2017-06-20 12:00:00,68.98812103271484
srv-004,2017-06-20 13:00:00,65.7851333618164
srv-004,2017-06-20 14:00:00,70.75537872314453
srv-004,2017-06-20 15:00:00,68.95677185058594
srv-004,2017-06-20 16:00:00,66.88645935058594
srv-004,2017-06-20 17:00:00,70.16580200195312
srv-004,2017-06-20 18:00:00,65.48162841796875
srv-004,2017-06-20 19:00:00,64.7281265258789
srv-004,2017-06-20 20:00:00,61.12860870361328
srv-004,2017-06-20 21:00:00,59.736881256103516
srv-004,2017-06-20 22:00:00,59.592185974121094
srv-004,2017-06-20 23:00:00,58.46410369873047
srv-004,2017-06-21 00:00:00,57.50981903076172
srv-004,2017-06-21 01:00:00,57.44595718383789
srv-004,2017-06-21 02:00:00,63.71003341674805
srv-004,2017-06-21 03:00:00,63.77389907836914
srv-004,2017-06-21 04:00:00,65.57239532470703
srv-004,2017-06-21 05:00:00,67.93463134765625
srv-004,2017-06-21 06:00:00,59.65154266357422
srv-004,2017-06-21 07:00:00,57.86583709716797
srv-004,2017-06-21 08:00:00,58.727264404296875
srv-004,2017-06-21 09:00:00,63.915374755859375
srv-004,2017-06-21 10:00:00,62.16154479980469
srv-004,2017-06-21 11:00:00,64.872314453125
srv-004,2017-06-21 12:00:00,68.1768798828125
srv-004,2017-06-21 13:00:00,69.442626953125
srv-004,2017-06-21 14:00:00,71.30563354492188
srv-004,2017-06-21 15:00:00,64.98666381835938
srv-004,2017-06-21 16:00:00,66.70353698730469
srv-004,2017-06-21 17:00:00,69.86215209960938
srv-004,2017-06-21 18:00:00,72.33476257324219
srv-004,2017-06-21 19:00:00,69.9161605834961
srv-004,2017-06-21 20:00:00,65.26480102539062
srv-004,2017-06-21 21:00:00,68.263916015625
srv-004,2017-06-21 22:00:00,66.62438201904297
srv-004,2017-06-21 23:00:00,66.3055419921875
srv-004,2017-06-22 00:00:00,62.12349319458008
srv-004,2017-06-22 01:00:00,62.765865325927734
srv-004,2017-06-22 02:00:00,60.89190673828125
srv-004,2017-06-22 03:00:00,61.4734001159668
srv-004,2017-06-22 04:00:00,66.15879821777344
srv-004,2017-06-22 05:00:00,68.54727172851562
srv-004,2017-06-22 06:00:00,68.5879898071289
srv-004,2017-06-22 07:00:00,72.79890441894531
srv-004,2017-06-22 08:00:00,67.20647430419922
srv-004,2017-06-22 09:00:00,64.57078552246094
srv-004,2017-06-22 10:00:00,63.29973602294922
srv-004,2017-06-22 11:00:00,64.9891357421875
srv-004,2017-06-22 12:00:00,67.35096740722656
srv-004,2017-06-22 13:00:00,66.54153442382812
srv-004,2017-06-22 14:00:00,64.88674926757812
srv-004,2017-06-22 15:00:00,62.18657684326172
srv-004,2017-06-22 16:00:00,66.02668762207031
srv-004,2017-06-22 17:00:00,63.951412200927734
srv-004,2017-06-22 18:00:00,67.96627807617188
srv-004,2017-06-22 19:00:00,65.17568969726562
srv-004,2017-06-22 20:00:00,63.751747131347656
srv-004,2017-06-22 21:00:00,60.8494758605957
srv-004,2017-06-22 22:00:00,60.539825439453125
srv-004,2017-06-22 23:00:00,60.67620849609375
srv-004,2017-06-23 00:00:00,59.92536926269531
srv-004,2017-06-23 01:00:00,62.028099060058594
srv-004,2017-06-23 02:00:00,59.010765075683594
srv-004,2017-06-23 03:00:00,61.914085388183594
srv-004,2017-06-23 04:00:00,58.206031799316406
srv-004,2017-06-23 05:00:00,61.928558349609375
srv-004,2017-06-23 06:00:00,62.50410461425781
srv-004,2017-06-23 07:00:00,65.6624755859375
srv-004,2017-06-23 08:00:00,66.64741516113281
srv-004,2017-06-23 09:00:00,68.48005676269531
srv-004,2017-06-23 10:00:00,66.8480224609375
srv-004,2017-06-23 11:00:00,69.7557373046875
srv-004,2017-06-23 12:00:00,68.77543640136719
srv-004,2017-06-23 13:00:00,64.04342651367188
srv-004,2017-06-23 14:00:00,66.23448944091797
srv-004,2017-06-23 15:00:00,66.64144897460938
srv-004,2017-06-23 16:00:00,63.742374420166016
srv-004,2017-06-23 17:00:00,62.503684997558594
srv-004,2017-06-23 18:00:00,60.223880767822266
srv-004,2017-06-23 19:00:00,66.7904052734375
srv-004,2017-06-23 20:00:00,65.58523559570312
srv-004,2017-06-23 21:00:00,61.524898529052734
srv-004,2017-06-23 22:00:00,58.51408004760742
srv-004,2017-06-23 23:00:00,60.093231201171875
srv-004,2017-06-24 00:00:00,62.811370849609375
srv-004,2017-06-24 01:00:00,62.25452423095703
srv-004,2017-06-24 02:00:00,64.9843978881836
srv-004,2017-06-24 03:00:00,67.24327087402344
srv-004,2017-06-24 04:00:00,69.812255859375
srv-004,2017-06-24 05:00:00,66.62416076660156
srv-004,2017-06-24 06:00:00,61.18905258178711
srv-004,2017-06-24 07:00:00,61.02682113647461
srv-004,2017-06-24 08:00:00,61.656471252441406
srv-004,2017-06-24 09:00:00,62.49128723144531
srv-004,2017-06-24 10:00:00,64.58023071289062
srv-004,2017-06-24 11:00:00,66.03565979003906
srv-004,2017-06-24 12:00:00,65.84626770019531
srv-004,2017-06-24 13:00:00,62.4681396484375
srv-004,2017-06-24 14:00:00,60.53575897216797
srv-004,2017-06-24 15:00:00,59.47840118408203
srv-004,2017-06-24 16:00:00,59.71186065673828
srv-004,2017-06-24 17:00:00,63.94710159301758
srv-004,2017-06-24 18:00:00,66.08861541748047
srv-004,2017-06-24 19:00:00,65.69015502929688
srv-004,2017-06-24 20:00:00,61.0029296875
srv-004,2017-06-24 21:00:00,62.89818572998047
srv-004,2017-06-24 22:00:00,61.22393798828125
srv-004,2017-06-24 23:00:00,55.663970947265625
srv-004,2017-06-25 00:00:00,54.000648498535156
srv-004,2017-06-25 01:00:00,54.33088302612305
srv-004,2017-06-25 02:00:00,59.82152557373047
srv-004,2017-06-25 03:00:00,56.61137390136719
srv-004,2017-06-25 04:00:00,59.23051834106445
srv-004,2017-06-25 05:00:00,55.385772705078125
srv-004,2017-06-25 06:00:00,55.63545227050781
srv-004,2017-06-25 07:00:00,52.77747344970703
srv-004,2017-06-25 08:00:00,53.21630096435547
srv-004,2017-06-25 09:00:00,58.62535095214844
srv-004,2017-06-25 10:00:00,60.24018859863281
srv-004,2017-06-25 11:00:00,64.80497741699219
srv-004,2017-06-25 12:00:00,64.56352233886719
srv-004,2017-06-25 13:00:00,66.3761978149414
srv-004,2017-06-25 14:00:00,64.19039154052734
srv-004,2017-06-25 15:00:00,64.0066909790039
srv-004,2017-06-25 16:00:00,63.38935089111328
srv-004,2017-06-25 17:00:00,61.536705017089844
srv-004,2017-06-25 18:00:00,67.91621398925781
srv-004,2017-06-25 19:00:00,66.03014373779297
srv-004,2017-06-25 20:00:00,66.61216735839844
srv-004,2017-06-25 21:00:00,63.023155212402344
srv-004,2017-06-25 22:00:00,66.0213851928711
srv-004,2017-06-25 23:00:00,60.52660369873047
srv-004,2017-06-26 00:00:00,60.483280181884766
srv-004,2017-06-26 01:00:00,57.70995330810547
srv-004,2017-06-26 02:00:00,56.86172103881836
srv-004,2017-06-26 03:00:00,61.767066955566406
srv-004,2017-06-26 04:00:00,60.02207565307617
srv-004,2017-06-26 05:00:00,57.24272155761719
srv-004,2017-06-26 06:00:00,57.32334518432617
srv-004,2017-06-26 07:00:00,63.371131896972656
srv-004,2017-06-26 08:00:00,64.01553344726562
srv-004,2017-06-26 09:00:00,66.80467987060547
srv-004,2017-06-26 10:00:00,66.73191833496094
srv-004,2017-06-26 11:00:00,71.55462646484375
srv-004,2017-06-26 12:00:00,67.9479751586914
srv-004,2017-06-26 13:00:00,66.96784973144531
srv-004,2017-06-26 14:00:00,62.684051513671875
srv-004,2017-06-26 15:00:00,60.88172149658203
srv-004,2017-06-26 16:00:00,62.63396072387695
srv-004,2017-06-26 17:00:00,64.01709747314453
srv-004,2017-06-26 18:00:00,65.19474792480469
srv-004,2017-06-26 19:00:00,66.45762634277344
srv-004,2017-06-26 20:00:00,68.46943664550781
srv-004,2017-06-26 21:00:00,69.62115478515625
srv-004,2017-06-26 22:00:00,67.7401123046875
srv-004,2017-06-26 23:00:00,65.51231384277344
srv-004,2017-06-27 00:00:00,63.9151611328125
srv-004,2017-06-27 01:00:00,63.58842849731445
srv-004,2017-06-27 02:00:00,66.67635345458984
srv-004,2017-06-27 03:00:00,67.62728118896484
srv-004,2017-06-27 04:00:00,70.07683563232422
srv-004,2017-06-27 05:00:00,71.32034301757812
srv-004,2017-06-27 06:00:00,70.1288833618164
srv-004,2017-06-27 07:00:00,65.52130889892578
srv-004,2017-06-27 08:00:00,65.22535705566406
srv-004,2017-06-27 09:00:00,63.16857147216797
srv-004,2017-06-27 10:00:00,66.25440216064453
srv-004,2017-06-27 11:00:00,69.94168090820312
srv-004,2017-06-27 12:00:00,71.61198425292969
srv-004,2017-06-27 13:00:00,71.70166778564453
srv-004,2017-06-27 14:00:00,72.2324447631836
srv-004,2017-06-27 15:00:00,70.45729064941406
srv-004,2017-06-27 16:00:00,66.21166229248047
srv-004,2017-06-27 17:00:00,66.7401123046875
srv-004,2017-06-27 18:00:00,70.54879760742188
srv-004,2017-06-27 19:00:00,68.06409454345703
srv-004,2017-06-27 20:00:00,66.43760681152344
srv-004,2017-06-27 21:00:00,74.00590515136719
srv-004,2017-06-27 22:00:00,67.90018463134766
srv-004,2017-06-27 23:00:00,67.99293518066406
srv-004,2017-06-28 00:00:00,65.9417953491211
srv-004,2017-06-28 01:00:00,66.80007934570312
srv-004,2017-06-28 02:00:00,66.22130584716797
srv-004,2017-06-28 03:00:00,63.93699264526367
srv-004,2017-06-28 04:00:00,64.75184631347656
srv-004,2017-06-28 05:00:00,69.43330383300781
srv-004,2017-06-28 06:00:00,69.53689575195312
srv-004,2017-06-28 07:00:00,70.99202728271484
srv-004,2017-06-28 08:00:00,66.88720703125
srv-004,2017-06-28 09:00:00,64.53947448730469
srv-004,2017-06-28 10:00:00,60.5460205078125
srv-004,2017-06-28 11:00:00,62.43380355834961
srv-004,2017-06-28 12:00:00,66.42761993408203
srv-004,2017-06-28 13:00:00,64.75582885742188
srv-004,2017-06-28 14:00:00,67.84664916992188
srv-004,2017-06-28 15:00:00,66.16407775878906
srv-004,2017-06-28 16:00:00,62.990516662597656
srv-004,2017-06-28 17:00:00,61.53373336791992
srv-004,2017-06-28 18:00:00,65.10140991210938
srv-004,2017-06-28 19:00:00,64.92827606201172
srv-004,2017-06-28 20:00:00,63.115211486816406
srv-004,2017-06-28 21:00:00,61.10384750366211
srv-004,2017-06-28 22:00:00,63.97631072998047
srv-004,2017-06-28 23:00:00,64.3936538696289
srv-004,2017-06-29 00:00:00,62.52729797363281
srv-004,2017-06-29 01:00:00,63.075927734375
srv-004,2017-06-29 02:00:00,59.549827575683594
srv-004,2017-06-29 03:00:00,60.42520523071289
srv-004,2017-06-29 04:00:00,64.67935943603516
srv-004,2017-06-29 05:00:00,64.10986328125
srv-004,2017-06-29 06:00:00,60.348297119140625
srv-004,2017-06-29 07:00:00,60.786766052246094
srv-004,2017-06-29 08:00:00,62.568382263183594
srv-004,2017-06-29 09:00:00,62.265228271484375
srv-004,2017-06-29 10:00:00,59.52294158935547
srv-004,2017-06-29 11:00:00,58.49082565307617
srv-004,2017-06-29 12:00:00,59.94492721557617
srv-004,2017-06-29 13:00:00,61.214759826660156
srv-004,2017-06-29 14:00:00,65.8294448852539
srv-004,2017-06-29 15:00:00,64.22120666503906
srv-004,2017-06-29 16:00:00,60.73811340332031
srv-004,2017-06-29 17:00:00,64.32667541503906
srv-004,2017-06-29 18:00:00,62.656768798828125
srv-004,2017-06-29 19:00:00,67.10308837890625
srv-004,2017-06-29 20:00:00,63.425743103027344
srv-004,2017-06-29 21:00:00,56.925628662109375
srv-004,2017-06-29 22:00:00,56.87786865234375
srv-004,2017-06-29 23:00:00,62.74832534790039
srv-004,2017-06-30 00:00:00,63.76490020751953
srv-004,2017-06-30 01:00:00,63.15830612182617
srv-004,2017-06-30 02:00:00,64.96460723876953
srv-004,2017-06-30 03:00:00,63.89741516113281
srv-004,2017-06-30 04:00:00,64.815673828125
srv-004,2017-06-30 05:00:00,64.6594467163086
srv-004,2017-06-30 06:00:00,60.725929260253906
srv-004,2017-06-30 07:00:00,60.922447204589844
srv-004,2017-06-30 08:00:00,58.42911148071289
srv-004,2017-06-30 09:00:00,57.92828369140625
srv-004,2017-06-30 10:00:00,59.48320388793945
srv-004,2017-06-30 11:00:00,61.687522888183594
srv-004,2017-06-30 12:00:00,60.05780792236328
srv-004,2017-06-30 13:00:00,57.44245910644531
srv-004,2017-06-30 14:00:00,58.22093200683594
srv-004,2017-06-30 15:00:00,62.7291259765625
srv-004,2017-06-30 16:00:00,62.932777404785156
srv-004,2017-06-30 17:00:00,61.70847702026367
srv-004,2017-06-30 18:00:00,62.40592575073242
srv-004,2017-06-30 19:00:00,62.71647644042969
srv-004,2017-06-30 20:00:00,63.661338806152344
srv-004,2017-06-30 21:00:00,60.829200744628906
srv-004,2017-06-30 22:00:00,59.26903533935547
srv-004,2017-06-30 23:00:00,57.870521545410156
srv-005,2017-06-01 23:00:00,43.095497131347656
srv-005,2017-06-02 00:00:00,45.11711120605469
srv-005,2017-06-02 01:00:00,47.55487823486328
srv-005,2017-06-02 02:00:00,46.297203063964844
srv-005,2017-06-02 03:00:00,45.68909454345703
srv-005,2017-06-02 04:00:00,44.24120330810547
srv-005,2017-06-02 05:00:00,45.79901885986328
srv-005,2017-06-02 06:00:00,45.76463317871094
srv-005,2017-06-02 07:00:00,43.898929595947266
srv-005,2017-06-02 08:00:00,44.225608825683594
srv-005,2017-06-02 09:00:00,44.68437957763672
srv-005,2017-06-02 10:00:00,44.571754455566406
srv-005,2017-06-02 11:00:00,44.894046783447266
srv-005,2017-06-02 12:00:00,42.89669418334961
srv-005,2017-06-02 13:00:00,42.804481506347656
srv-005,2017-06-02 14:00:00,43.43639373779297
srv-005,2017-06-02 15:00:00,43.67715835571289
srv-005,2017-06-02 16:00:00,43.997066497802734
srv-005,2017-06-02 17:00:00,44.880455017089844
srv-005,2017-06-02 18:00:00,44.27056884765625
srv-005,2017-06-02 19:00:00,42.774818420410156
srv-005,2017-06-02 20:00:00,42.65834426879883
srv-005,2017-06-02 21:00:00,42.15730667114258
srv-005,2017-06-02 22:00:00,42.18450927734375
srv-005,2017-06-02 23:00:00,42.24949645996094
srv-005,2017-06-03 00:00:00,42.67070388793945
srv-005,2017-06-03 01:00:00,43.41065979003906
srv-005,2017-06-03 02:00:00,43.123321533203125
srv-005,2017-06-03 03:00:00,42.44641876220703
srv-005,2017-06-03 04:00:00,42.85797882080078
srv-005,2017-06-03 05:00:00,43.09112548828125
srv-005,2017-06-03 06:00:00,43.071678161621094
srv-005,2017-06-03 07:00:00,43.17054748535156
srv-005,2017-06-03 08:00:00,43.34791946411133
srv-005,2017-06-03 09:00:00,42.868492126464844
srv-005,2017-06-03 10:00:00,43.41978073120117
srv-005,2017-06-03 11:00:00,43.87621307373047
srv-005,2017-06-03 12:00:00,44.69172286987305
srv-005,2017-06-03 13:00:00,43.8581428527832
srv-005,2017-06-03 14:00:00,44.30803680419922
srv-005,2017-06-03 15:00:00,43.844520568847656
srv-005,2017-06-03 16:00:00,43.402767181396484
srv-005,2017-06-03 17:00:00,42.86590576171875
srv-005,2017-06-03 18:00:00,42.85002517700195
srv-005,2017-06-03 19:00:00,46.03508758544922
srv-005,2017-06-03 20:00:00,44.206119537353516
srv-005,2017-06-03 21:00:00,43.357933044433594
srv-005,2017-06-03 22:00:00,41.8329963684082
srv-005,2017-06-03 23:00:00,42.043190002441406
srv-005,2017-06-04 00:00:00,42.59159851074219
srv-005,2017-06-04 01:00:00,42.2725830078125
srv-005,2017-06-04 02:00:00,42.69321060180664
srv-005,2017-06-04 03:00:00,42.81146240234375
srv-005,2017-06-04 04:00:00,43.44221496582031
srv-005,2017-06-04 05:00:00,43.667449951171875
srv-005,2017-06-04 06:00:00,43.63318634033203
srv-005,2017-06-04 07:00:00,43.60756301879883
srv-005,2017-06-04 08:00:00,43.93244934082031
srv-005,2017-06-04 09:00:00,42.76167297363281
srv-005,2017-06-04 10:00:00,42.42890548706055
srv-005,2017-06-04 11:00:00,42.89214324951172
srv-005,2017-06-04 12:00:00,42.67377471923828
srv-005,2017-06-04 13:00:00,43.13905334472656
srv-005,2017-06-04 14:00:00,42.598175048828125
srv-005,2017-06-04 15:00:00,42.10603713989258
srv-005,2017-06-04 16:00:00,42.37471008300781
srv-005,2017-06-04 17:00:00,42.4786376953125
srv-005,2017-06-04 18:00:00,42.03258514404297
srv-005,2017-06-04 19:00:00,42.2235221862793
srv-005,2017-06-04 20:00:00,42.74504852294922
srv-005,2017-06-04 21:00:00,42.67728805541992
srv-005,2017-06-04 22:00:00,42.764163970947266
srv-005,2017-06-04 23:00:00,42.776206970214844
srv-005,2017-06-05 00:00:00,42.28276062011719
srv-005,2017-06-05 01:00:00,42.570701599121094
srv-005,2017-06-05 02:00:00,42.986602783203125
srv-005,2017-06-05 03:00:00,43.410125732421875
srv-005,2017-06-05 04:00:00,43.69197082519531
srv-005,2017-06-05 05:00:00,43.44001770019531
srv-005,2017-06-05 06:00:00,43.919654846191406
srv-005,2017-06-05 07:00:00,44.28270721435547
srv-005,2017-06-05 08:00:00,43.67994689941406
srv-005,2017-06-05 09:00:00,44.24470901489258
srv-005,2017-06-05 10:00:00,45.29548645019531
srv-005,2017-06-05 11:00:00,45.820064544677734
srv-005,2017-06-05 12:00:00,45.2755126953125
srv-005,2017-06-05 13:00:00,45.405921936035156
srv-005,2017-06-05 14:00:00,46.519935607910156
srv-005,2017-06-05 15:00:00,46.08488082885742
srv-005,2017-06-05 16:00:00,46.39362335205078
srv-005,2017-06-05 17:00:00,46.64847946166992
srv-005,2017-06-05 18:00:00,45.949607849121094
srv-005,2017-06-05 19:00:00,46.39942169189453
srv-005,2017-06-05 20:00:00,46.323028564453125
srv-005,2017-06-05 21:00:00,46.225303649902344
srv-005,2017-06-05 22:00:00,46.20179748535156
srv-005,2017-06-05 23:00:00,46.11949920654297
srv-005,2017-06-06 00:00:00,46.023101806640625
srv-005,2017-06-06 01:00:00,46.413368225097656
srv-005,2017-06-06 02:00:00,46.545536041259766
srv-005,2017-06-06 03:00:00,46.66504669189453
srv-005,2017-06-06 04:00:00,47.17207717895508
srv-005,2017-06-06 05:00:00,46.502925872802734
srv-005,2017-06-06 06:00:00,46.99016189575195
srv-005,2017-06-06 07:00:00,46.85840606689453
srv-005,2017-06-06 08:00:00,46.937034606933594
srv-005,2017-06-06 09:00:00,46.40043258666992
srv-005,2017-06-06 10:00:00,45.87362289428711
srv-005,2017-06-06 11:00:00,45.294898986816406
srv-005,2017-06-06 12:00:00,45.82741928100586
srv-005,2017-06-06 13:00:00,46.480812072753906
srv-005,2017-06-06 14:00:00,45.91535949707031
srv-005,2017-06-06 15:00:00,45.859779357910156
srv-005,2017-06-06 16:00:00,45.855377197265625
srv-005,2017-06-06 17:00:00,46.2725715637207
srv-005,2017-06-06 18:00:00,45.86003875732422
srv-005,2017-06-06 19:00:00,45.84283447265625
srv-005,2017-06-06 20:00:00,45.885353088378906
srv-005,2017-06-06 21:00:00,45.779762268066406
srv-005,2017-06-06 22:00:00,46.14397048950195
srv-005,2017-06-06 23:00:00,45.937843322753906
srv-005,2017-06-07 00:00:00,45.976715087890625
srv-005,2017-06-07 01:00:00,46.78453826904297
srv-005,2017-06-07 02:00:00,46.33983612060547
srv-005,2017-06-07 03:00:00,46.42589569091797
srv-005,2017-06-07 04:00:00,46.197349548339844
srv-005,2017-06-07 05:00:00,46.067626953125
srv-005,2017-06-07 06:00:00,45.9110107421875
srv-005,2017-06-07 07:00:00,46.20855712890625
srv-005,2017-06-07 08:00:00,45.76280975341797
srv-005,2017-06-07 09:00:00,45.66929244995117
srv-005,2017-06-07 10:00:00,46.00164794921875
srv-005,2017-06-07 11:00:00,46.4848518371582
srv-005,2017-06-07 12:00:00,46.36268615722656
srv-005,2017-06-07 13:00:00,45.278717041015625
srv-005,2017-06-07 14:00:00,45.92961120605469
srv-005,2017-06-07 15:00:00,46.67951965332031
srv-005,2017-06-07 16:00:00,46.381622314453125
srv-005,2017-06-07 17:00:00,45.89990234375
srv-005,2017-06-07 18:00:00,45.91859436035156
srv-005,2017-06-07 19:00:00,44.91255187988281
srv-005,2017-06-07 20:00:00,44.35262680053711
srv-005,2017-06-07 21:00:00,44.825714111328125
srv-005,2017-06-07 22:00:00,44.44520950317383
srv-005,2017-06-07 23:00:00,44.90203094482422
srv-005,2017-06-08 00:00:00,45.27568054199219
srv-005,2017-06-08 01:00:00,46.35847473144531
srv-005,2017-06-08 02:00:00,46.30891418457031
srv-005,2017-06-08 03:00:00,45.35483932495117
srv-005,2017-06-08 04:00:00,45.9749755859375
srv-005,2017-06-08 05:00:00,45.31425476074219
srv-005,2017-06-08 06:00:00,45.46971893310547
srv-005,2017-06-08 07:00:00,45.688961029052734
srv-005,2017-06-08 08:00:00,45.72615051269531
srv-005,2017-06-08 09:00:00,45.97025680541992
srv-005,2017-06-08 10:00:00,46.15530776977539
srv-005,2017-06-08 11:00:00,45.79481506347656
srv-005,2017-06-08 12:00:00,45.12786102294922
srv-005,2017-06-08 13:00:00,44.45740509033203
srv-005,2017-06-08 14:00:00,44.976783752441406
srv-005,2017-06-08 15:00:00,44.71117401123047
srv-005,2017-06-08 16:00:00,44.4947509765625
srv-005,2017-06-08 17:00:00,49.275146484375
srv-005,2017-06-08 18:00:00,47.099754333496094
srv-005,2017-06-08 19:00:00,44.48369598388672
srv-005,2017-06-08 20:00:00,44.20123291015625
srv-005,2017-06-08 21:00:00,43.214752197265625
srv-005,2017-06-08 22:00:00,43.43119812011719
srv-005,2017-06-08 23:00:00,43.24971389770508
srv-005,2017-06-09 00:00:00,43.76338195800781
srv-005,2017-06-09 01:00:00,43.933197021484375
srv-005,2017-06-09 02:00:00,44.07874298095703
srv-005,2017-06-09 03:00:00,44.55561447143555
srv-005,2017-06-09 04:00:00,44.19403076171875
srv-005,2017-06-09 05:00:00,44.77471923828125
srv-005,2017-06-09 06:00:00,44.08308792114258
srv-005,2017-06-09 07:00:00,43.99590301513672
srv-005,2017-06-09 08:00:00,44.48322296142578
srv-005,2017-06-09 09:00:00,44.470909118652344
srv-005,2017-06-09 10:00:00,44.51127243041992
srv-005,2017-06-09 11:00:00,44.114784240722656
srv-005,2017-06-09 12:00:00,44.20787811279297
srv-005,2017-06-09 13:00:00,44.246212005615234
srv-005,2017-06-09 14:00:00,44.297054290771484
srv-005,2017-06-09 15:00:00,44.33599090576172
srv-005,2017-06-09 16:00:00,43.00346374511719
srv-005,2017-06-09 17:00:00,43.31403732299805
srv-005,2017-06-09 18:00:00,44.39588928222656
srv-005,2017-06-09 19:00:00,43.83830261230469
srv-005,2017-06-09 20:00:00,43.79395294189453
srv-005,2017-06-09 21:00:00,44.271995544433594
srv-005,2017-06-09 22:00:00,43.39203643798828
srv-005,2017-06-09 23:00:00,43.02008819580078
srv-005,2017-06-10 00:00:00,42.87358856201172
srv-005,2017-06-10 01:00:00,43.239044189453125
srv-005,2017-06-10 02:00:00,44.165138244628906
srv-005,2017-06-10 03:00:00,43.910911560058594
srv-005,2017-06-10 04:00:00,42.987335205078125
srv-005,2017-06-10 05:00:00,42.73675537109375
srv-005,2017-06-10 06:00:00,42.63512420654297
srv-005,2017-06-10 07:00:00,42.90226364135742
srv-005,2017-06-10 08:00:00,43.34718322753906
srv-005,2017-06-10 09:00:00,42.89418411254883
srv-005,2017-06-10 10:00:00,42.86129379272461
srv-005,2017-06-10 11:00:00,43.359981536865234
srv-005,2017-06-10 12:00:00,43.899436950683594
srv-005,2017-06-10 13:00:00,43.658233642578125
srv-005,2017-06-10 14:00:00,43.541114807128906
srv-005,2017-06-10 15:00:00,44.394195556640625
srv-005,2017-06-10 16:00:00,44.028133392333984
srv-005,2017-06-10 17:00:00,43.961097717285156
srv-005,2017-06-10 18:00:00,43.772159576416016
srv-005,2017-06-10 19:00:00,43.35907745361328
srv-005,2017-06-10 20:00:00,43.59478759765625
srv-005,2017-06-10 21:00:00,43.79825973510742
srv-005,2017-06-10 22:00:00,43.48857498168945
srv-005,2017-06-10 23:00:00,43.54344177246094
srv-005,2017-06-11 00:00:00,42.833763122558594
srv-005,2017-06-11 01:00:00,43.44420623779297
srv-005,2017-06-11 02:00:00,43.478492736816406
srv-005,2017-06-11 03:00:00,43.66474914550781
srv-005,2017-06-11 04:00:00,42.53976821899414
srv-005,2017-06-11 05:00:00,42.86128234863281
srv-005,2017-06-11 06:00:00,42.697898864746094
srv-005,2017-06-11 07:00:00,42.350868225097656
srv-005,2017-06-11 08:00:00,42.90011978149414
srv-005,2017-06-11 09:00:00,43.01341247558594
srv-005,2017-06-11 10:00:00,43.31103515625
srv-005,2017-06-11 11:00:00,43.014442443847656
srv-005,2017-06-11 12:00:00,43.24127960205078
srv-005,2017-06-11 13:00:00,43.64430618286133
srv-005,2017-06-11 14:00:00,43.873016357421875
srv-005,2017-06-11 15:00:00,43.166561126708984
srv-005,2017-06-11 16:00:00,42.105228424072266
srv-005,2017-06-11 17:00:00,42.032527923583984
srv-005,2017-06-11 18:00:00,42.305477142333984
srv-005,2017-06-11 19:00:00,41.509159088134766
srv-005,2017-06-11 20:00:00,42.00382995605469
srv-005,2017-06-11 21:00:00,42.201316833496094
srv-005,2017-06-11 22:00:00,42.569358825683594
srv-005,2017-06-11 23:00:00,42.67601013183594
srv-005,2017-06-12 00:00:00,41.478057861328125
srv-005,2017-06-12 01:00:00,41.84699249267578
srv-005,2017-06-12 02:00:00,42.565704345703125
srv-005,2017-06-12 03:00:00,43.50630187988281
srv-005,2017-06-12 04:00:00,43.433021545410156
srv-005,2017-06-12 05:00:00,44.39120864868164
srv-005,2017-06-12 06:00:00,44.805076599121094
srv-005,2017-06-12 07:00:00,44.578590393066406
srv-005,2017-06-12 08:00:00,44.715267181396484
srv-005,2017-06-12 09:00:00,44.80241012573242
srv-005,2017-06-12 10:00:00,44.47740173339844
srv-005,2017-06-12 11:00:00,45.28254699707031
srv-005,2017-06-12 12:00:00,44.94409942626953
srv-005,2017-06-12 13:00:00,45.869449615478516
srv-005,2017-06-12 14:00:00,46.2495002746582
srv-005,2017-06-12 15:00:00,45.85091018676758
srv-005,2017-06-12 16:00:00,46.90045928955078
srv-005,2017-06-12 17:00:00,46.48487091064453
srv-005,2017-06-12 18:00:00,46.44768524169922
srv-005,2017-06-12 19:00:00,46.92790985107422
srv-005,2017-06-12 20:00:00,46.169071197509766
srv-005,2017-06-12 21:00:00,46.4782829284668
srv-005,2017-06-12 22:00:00,46.26319122314453
srv-005,2017-06-12 23:00:00,46.3636474609375
srv-005,2017-06-13 00:00:00,46.98007583618164
srv-005,2017-06-13 01:00:00,46.847198486328125
srv-005,2017-06-13 02:00:00,46.48430252075195
srv-005,2017-06-13 03:00:00,46.38874053955078
srv-005,2017-06-13 04:00:00,46.67280578613281
srv-005,2017-06-13 05:00:00,46.92266082763672
srv-005,2017-06-13 06:00:00,46.464813232421875
srv-005,2017-06-13 07:00:00,46.309635162353516
srv-005,2017-06-13 08:00:00,46.59575653076172
srv-005,2017-06-13 09:00:00,46.66312026977539
srv-005,2017-06-13 10:00:00,46.11076354980469
srv-005,2017-06-13 11:00:00,45.85449981689453
srv-005,2017-06-13 12:00:00,46.25011444091797
srv-005,2017-06-13 13:00:00,45.97520446777344
srv-005,2017-06-13 14:00:00,45.50856399536133
srv-005,2017-06-13 15:00:00,46.10792922973633
srv-005,2017-06-13 16:00:00,46.12090301513672
srv-005,2017-06-13 17:00:00,46.374755859375
srv-005,2017-06-13 18:00:00,46.45301818847656
srv-005,2017-06-13 19:00:00,45.38575744628906
srv-005,2017-06-13 20:00:00,46.002723693847656
srv-005,2017-06-13 21:00:00,45.708740234375
srv-005,2017-06-13 22:00:00,45.13362121582031
srv-005,2017-06-13 23:00:00,45.992637634277344
srv-005,2017-06-14 00:00:00,45.941978454589844
srv-005,2017-06-14 01:00:00,46.762718200683594
srv-005,2017-06-14 02:00:00,45.73900604248047
srv-005,2017-06-14 03:00:00,46.06485366821289
srv-005,2017-06-14 04:00:00,45.04940414428711
srv-005,2017-06-14 05:00:00,45.11011505126953
srv-005,2017-06-14 06:00:00,45.622032165527344
srv-005,2017-06-14 07:00:00,45.70393371582031
srv-005,2017-06-14 08:00:00,46.39653015136719
srv-005,2017-06-14 09:00:00,46.01359558105469
srv-005,2017-06-14 10:00:00,46.074119567871094
srv-005,2017-06-14 11:00:00,45.454036712646484
srv-005,2017-06-14 12:00:00,44.98493194580078
srv-005,2017-06-14 13:00:00,44.959415435791016
srv-005,2017-06-14 14:00:00,45.11803436279297
srv-005,2017-06-14 15:00:00,44.54570770263672
srv-005,2017-06-14 16:00:00,45.31780242919922
srv-005,2017-06-14 17:00:00,45.443885803222656
srv-005,2017-06-14 18:00:00,45.61247253417969
srv-005,2017-06-14 19:00:00,46.13296127319336
srv-005,2017-06-14 20:00:00,45.646240234375
srv-005,2017-06-14 21:00:00,45.894744873046875
srv-005,2017-06-14 22:00:00,45.41225814819336
srv-005,2017-06-14 23:00:00,44.581939697265625
srv-005,2017-06-15 00:00:00,44.866668701171875
srv-005,2017-06-15 01:00:00,45.028038024902344
srv-005,2017-06-15 02:00:00,45.21281814575195
srv-005,2017-06-15 03:00:00,44.858726501464844
srv-005,2017-06-15 04:00:00,44.799373626708984
srv-005,2017-06-15 05:00:00,45.01897430419922
srv-005,2017-06-15 06:00:00,46.1558837890625
srv-005,2017-06-15 07:00:00,46.02019119262695
srv-005,2017-06-15 08:00:00,45.76371383666992
srv-005,2017-06-15 09:00:00,46.23245620727539
srv-005,2017-06-15 10:00:00,45.923492431640625
srv-005,2017-06-15 11:00:00,45.43577575683594
srv-005,2017-06-15 12:00:00,44.235107421875
srv-005,2017-06-15 13:00:00,44.00585174560547
srv-005,2017-06-15 14:00:00,44.39208221435547
srv-005,2017-06-15 15:00:00,44.4681396484375
srv-005,2017-06-15 16:00:00,45.22847366333008
srv-005,2017-06-15 17:00:00,45.48075866699219
srv-005,2017-06-15 18:00:00,46.07221221923828
srv-005,2017-06-15 19:00:00,46.04878234863281
srv-005,2017-06-15 20:00:00,45.763999938964844
srv-005,2017-06-15 21:00:00,45.38068389892578
srv-005,2017-06-15 22:00:00,44.8426513671875
srv-005,2017-06-15 23:00:00,44.66706848144531
srv-005,2017-06-16 00:00:00,45.33102798461914
srv-005,2017-06-16 01:00:00,44.90742874145508
srv-005,2017-06-16 02:00:00,44.33042907714844
srv-005,2017-06-16 03:00:00,44.44890594482422
srv-005,2017-06-16 04:00:00,44.14592742919922
srv-005,2017-06-16 05:00:00,44.57468795776367
srv-005,2017-06-16 06:00:00,44.57693099975586
srv-005,2017-06-16 07:00:00,45.249290466308594
srv-005,2017-06-16 08:00:00,45.53180694580078
srv-005,2017-06-16 09:00:00,45.280067443847656
srv-005,2017-06-16 10:00:00,45.17938232421875
srv-005,2017-06-16 11:00:00,45.1037712097168
srv-005,2017-06-16 12:00:00,44.473838806152344
srv-005,2017-06-16 13:00:00,43.43892288208008
srv-005,2017-06-16 14:00:00,43.333892822265625
srv-005,2017-06-16 15:00:00,42.98280715942383
srv-005,2017-06-16 16:00:00,43.090885162353516
srv-005,2017-06-16 17:00:00,42.60089874267578
srv-005,2017-06-16 18:00:00,42.67092514038086
srv-005,2017-06-16 19:00:00,43.3125
srv-005,2017-06-16 20:00:00,43.28154373168945
srv-005,2017-06-16 21:00:00,43.88486099243164
srv-005,2017-06-16 22:00:00,43.68345642089844
srv-005,2017-06-16 23:00:00,43.97954177856445
srv-005,2017-06-17 00:00:00,44.86146545410156
srv-005,2017-06-17 01:00:00,44.15534973144531
srv-005,2017-06-17 02:00:00,43.13203811645508
srv-005,2017-06-17 03:00:00,42.982521057128906
srv-005,2017-06-17 04:00:00,42.59571075439453
srv-005,2017-06-17 05:00:00,42.8486328125
srv-005,2017-06-17 06:00:00,42.544525146484375
srv-005,2017-06-17 07:00:00,43.034881591796875
srv-005,2017-06-17 08:00:00,43.37908172607422
srv-005,2017-06-17 09:00:00,43.9539909362793
srv-005,2017-06-17 10:00:00,43.72246551513672
srv-005,2017-06-17 11:00:00,43.20825958251953
srv-005,2017-06-17 12:00:00,43.736846923828125
srv-005,2017-06-17 13:00:00,43.54731369018555
srv-005,2017-06-17 14:00:00,44.091636657714844
srv-005,2017-06-17 15:00:00,44.226009368896484
srv-005,2017-06-17 16:00:00,44.30132293701172
srv-005,2017-06-17 17:00:00,44.13734436035156
srv-005,2017-06-17 18:00:00,43.98184585571289
srv-005,2017-06-17 19:00:00,44.21567916870117
srv-005,2017-06-17 20:00:00,44.43905258178711
srv-005,2017-06-17 21:00:00,43.84340286254883
srv-005,2017-06-17 22:00:00,43.44465255737305
srv-005,2017-06-17 23:00:00,43.767147064208984
srv-005,2017-06-18 00:00:00,43.92679977416992
srv-005,2017-06-18 01:00:00,44.27876281738281
srv-005,2017-06-18 02:00:00,43.934017181396484
srv-005,2017-06-18 03:00:00,44.03605270385742
srv-005,2017-06-18 04:00:00,42.70196533203125
srv-005,2017-06-18 05:00:00,42.37089538574219
srv-005,2017-06-18 06:00:00,43.02607345581055
srv-005,2017-06-18 07:00:00,42.79653549194336
srv-005,2017-06-18 08:00:00,43.23712921142578
srv-005,2017-06-18 09:00:00,43.04423522949219
srv-005,2017-06-18 10:00:00,43.03408432006836
srv-005,2017-06-18 11:00:00,43.51007080078125
srv-005,2017-06-18 12:00:00,42.91910934448242
srv-005,2017-06-18 13:00:00,42.98814392089844
srv-005,2017-06-18 14:00:00,43.45092010498047
srv-005,2017-06-18 15:00:00,43.09537887573242
srv-005,2017-06-18 16:00:00,43.537315368652344
srv-005,2017-06-18 17:00:00,43.738929748535156
srv-005,2017-06-18 18:00:00,44.142784118652344
srv-005,2017-06-18 19:00:00,44.05794143676758
srv-005,2017-06-18 20:00:00,42.751243591308594
srv-005,2017-06-18 21:00:00,43.41353225708008
srv-005,2017-06-18 22:00:00,43.51002502441406
srv-005,2017-06-18 23:00:00,44.00508117675781
srv-005,2017-06-19 00:00:00,42.16402053833008
srv-005,2017-06-19 01:00:00,42.00886535644531
srv-005,2017-06-19 02:00:00,43.02878189086914
srv-005,2017-06-19 03:00:00,43.03510665893555
srv-005,2017-06-19 04:00:00,43.161006927490234
srv-005,2017-06-19 05:00:00,43.24233627319336
srv-005,2017-06-19 06:00:00,44.44182586669922
srv-005,2017-06-19 07:00:00,44.24815368652344
srv-005,2017-06-19 08:00:00,44.85758590698242
srv-005,2017-06-19 09:00:00,45.46104049682617
srv-005,2017-06-19 10:00:00,46.320621490478516
srv-005,2017-06-19 11:00:00,46.15121841430664
srv-005,2017-06-19 12:00:00,45.23876190185547
srv-005,2017-06-19 13:00:00,45.7718505859375
srv-005,2017-06-19 14:00:00,45.84017562866211
srv-005,2017-06-19 15:00:00,45.839447021484375
srv-005,2017-06-19 16:00:00,45.937477111816406
srv-005,2017-06-19 17:00:00,45.96037673950195
srv-005,2017-06-19 18:00:00,46.090599060058594
srv-005,2017-06-19 19:00:00,46.29518127441406
srv-005,2017-06-19 20:00:00,45.80126953125
srv-005,2017-06-19 21:00:00,46.23750686645508
srv-005,2017-06-19 22:00:00,45.878990173339844
srv-005,2017-06-19 23:00:00,45.048343658447266
srv-005,2017-06-20 00:00:00,45.94811248779297
srv-005,2017-06-20 01:00:00,47.34819793701172
srv-005,2017-06-20 02:00:00,47.50959014892578
srv-005,2017-06-20 03:00:00,47.54208755493164
srv-005,2017-06-20 04:00:00,47.276031494140625
srv-005,2017-06-20 05:00:00,47.23969268798828
srv-005,2017-06-20 06:00:00,46.91484832763672
srv-005,2017-06-20 07:00:00,46.85438537597656
srv-005,2017-06-20 08:00:00,46.35430145263672
srv-005,2017-06-20 09:00:00,45.78404998779297
srv-005,2017-06-20 10:00:00,46.111167907714844
srv-005,2017-06-20 11:00:00,45.881980895996094
srv-005,2017-06-20 12:00:00,45.96892547607422
srv-005,2017-06-20 13:00:00,45.3140869140625
srv-005,2017-06-20 14:00:00,46.14793395996094
srv-005,2017-06-20 15:00:00,45.71867370605469
srv-005,2017-06-20 16:00:00,45.58617401123047
srv-005,2017-06-20 17:00:00,46.272216796875
srv-005,2017-06-20 18:00:00,46.690006256103516
srv-005,2017-06-20 19:00:00,46.47563934326172
srv-005,2017-06-20 20:00:00,45.68189239501953
srv-005,2017-06-20 21:00:00,46.027706146240234
srv-005,2017-06-20 22:00:00,45.99598693847656
srv-005,2017-06-20 23:00:00,46.30927276611328
srv-005,2017-06-21 00:00:00,46.163482666015625
srv-005,2017-06-21 01:00:00,45.75981140136719
srv-005,2017-06-21 02:00:00,45.97201156616211
srv-005,2017-06-21 03:00:00,46.204742431640625
srv-005,2017-06-21 04:00:00,45.605560302734375
srv-005,2017-06-21 05:00:00,45.41436004638672
srv-005,2017-06-21 06:00:00,45.481719970703125
srv-005,2017-06-21 07:00:00,45.35624694824219
srv-005,2017-06-21 08:00:00,45.52589416503906
srv-005,2017-06-21 09:00:00,46.37721633911133
srv-005,2017-06-21 10:00:00,46.26287078857422
srv-005,2017-06-21 11:00:00,46.59227752685547
srv-005,2017-06-21 12:00:00,46.59503173828125
srv-005,2017-06-21 13:00:00,46.50722885131836
srv-005,2017-06-21 14:00:00,46.11090087890625
srv-005,2017-06-21 15:00:00,45.88780975341797
srv-005,2017-06-21 16:00:00,46.061439514160156
srv-005,2017-06-21 17:00:00,44.43746566772461
srv-005,2017-06-21 18:00:00,44.64466857910156
srv-005,2017-06-21 19:00:00,44.897605895996094
srv-005,2017-06-21 20:00:00,43.850372314453125
srv-005,2017-06-21 21:00:00,43.594966888427734
srv-005,2017-06-21 22:00:00,44.689430236816406
srv-005,2017-06-21 23:00:00,44.141357421875
srv-005,2017-06-22 00:00:00,44.61705017089844
srv-005,2017-06-22 01:00:00,44.58540344238281
srv-005,2017-06-22 02:00:00,44.01920700073242
srv-005,2017-06-22 03:00:00,45.05902099609375
srv-005,2017-06-22 04:00:00,44.587669372558594
srv-005,2017-06-22 05:00:00,45.64109420776367
srv-005,2017-06-22 06:00:00,45.650848388671875
srv-005,2017-06-22 07:00:00,45.24181365966797
srv-005,2017-06-22 08:00:00,45.434173583984375
srv-005,2017-06-22 09:00:00,44.18195724487305
srv-005,2017-06-22 10:00:00,44.34376907348633
srv-005,2017-06-22 11:00:00,44.26832962036133
srv-005,2017-06-22 12:00:00,43.99583435058594
srv-005,2017-06-22 13:00:00,43.46001434326172
srv-005,2017-06-22 14:00:00,43.52464294433594
srv-005,2017-06-22 15:00:00,43.841453552246094
srv-005,2017-06-22 16:00:00,44.0191535949707
srv-005,2017-06-22 17:00:00,44.0684928894043
srv-005,2017-06-22 18:00:00,44.07659912109375
srv-005,2017-06-22 19:00:00,44.17755126953125
srv-005,2017-06-22 20:00:00,44.47760009765625
srv-005,2017-06-22 21:00:00,44.377532958984375
srv-005,2017-06-22 22:00:00,44.21232986450195
srv-005,2017-06-22 23:00:00,44.62164306640625
srv-005,2017-06-23 00:00:00,44.156044006347656
srv-005,2017-06-23 01:00:00,44.518558502197266
srv-005,2017-06-23 02:00:00,44.15916442871094
srv-005,2017-06-23 03:00:00,44.30873107910156
srv-005,2017-06-23 04:00:00,43.425498962402344
srv-005,2017-06-23 05:00:00,43.86482238769531
srv-005,2017-06-23 06:00:00,44.05924987792969
srv-005,2017-06-23 07:00:00,43.548255920410156
srv-005,2017-06-23 08:00:00,43.19579315185547
srv-005,2017-06-23 09:00:00,42.461631774902344
srv-005,2017-06-23 10:00:00,42.519866943359375
srv-005,2017-06-23 11:00:00,42.907588958740234
srv-005,2017-06-23 12:00:00,42.617530822753906
srv-005,2017-06-23 13:00:00,42.659828186035156
srv-005,2017-06-23 14:00:00,42.863304138183594
srv-005,2017-06-23 15:00:00,42.98799514770508
srv-005,2017-06-23 16:00:00,43.491058349609375
srv-005,2017-06-23 17:00:00,43.58866500854492
srv-005,2017-06-23 18:00:00,44.06987762451172
srv-005,2017-06-23 19:00:00,44.209442138671875
srv-005,2017-06-23 20:00:00,44.255767822265625
srv-005,2017-06-23 21:00:00,43.921958923339844
srv-005,2017-06-23 22:00:00,43.596527099609375
srv-005,2017-06-23 23:00:00,42.72457504272461
srv-005,2017-06-24 00:00:00,43.04560089111328
srv-005,2017-06-24 01:00:00,43.65171813964844
srv-005,2017-06-24 02:00:00,43.86705017089844
srv-005,2017-06-24 03:00:00,44.426025390625
srv-005,2017-06-24 04:00:00,44.03849792480469
srv-005,2017-06-24 05:00:00,43.766334533691406
srv-005,2017-06-24 06:00:00,43.55955505371094
srv-005,2017-06-24 07:00:00,43.149200439453125
srv-005,2017-06-24 08:00:00,42.92280578613281
srv-005,2017-06-24 09:00:00,43.58681869506836
srv-005,2017-06-24 10:00:00,43.28783416748047
srv-005,2017-06-24 11:00:00,43.086421966552734
srv-005,2017-06-24 12:00:00,43.75054931640625
srv-005,2017-06-24 13:00:00,42.996360778808594
srv-005,2017-06-24 14:00:00,43.8738899230957
srv-005,2017-06-24 15:00:00,43.90296173095703
srv-005,2017-06-24 16:00:00,43.92694091796875
srv-005,2017-06-24 17:00:00,43.573646545410156
srv-005,2017-06-24 18:00:00,42.73139572143555
srv-005,2017-06-24 19:00:00,43.071937561035156
srv-005,2017-06-24 20:00:00,43.03030776977539
srv-005,2017-06-24 21:00:00,41.95387268066406
srv-005,2017-06-24 22:00:00,42.346710205078125
srv-005,2017-06-24 23:00:00,42.339908599853516
srv-005,2017-06-25 00:00:00,42.50606155395508
srv-005,2017-06-25 01:00:00,42.529727935791016
srv-005,2017-06-25 02:00:00,42.706031799316406
srv-005,2017-06-25 03:00:00,43.03406524658203
srv-005,2017-06-25 04:00:00,42.65297317504883
srv-005,2017-06-25 05:00:00,42.037010192871094
srv-005,2017-06-25 06:00:00,42.86106872558594
srv-005,2017-06-25 07:00:00,42.797584533691406
srv-005,2017-06-25 08:00:00,43.04853820800781
srv-005,2017-06-25 09:00:00,42.97996139526367
srv-005,2017-06-25 10:00:00,43.28485107421875
srv-005,2017-06-25 11:00:00,43.196502685546875
srv-005,2017-06-25 12:00:00,43.59635543823242
srv-005,2017-06-25 13:00:00,43.855587005615234
srv-005,2017-06-25 14:00:00,43.37178421020508
srv-005,2017-06-25 15:00:00,43.55262756347656
srv-005,2017-06-25 16:00:00,43.94011688232422
srv-005,2017-06-25 17:00:00,42.103641510009766
srv-005,2017-06-25 18:00:00,41.72798538208008
srv-005,2017-06-25 19:00:00,42.39035415649414
srv-005,2017-06-25 20:00:00,42.340641021728516
srv-005,2017-06-25 21:00:00,42.07189178466797
srv-005,2017-06-25 22:00:00,42.3306884765625
srv-005,2017-06-25 23:00:00,43.00156784057617
srv-005,2017-06-26 00:00:00,42.87677001953125
srv-005,2017-06-26 01:00:00,43.037269592285156
srv-005,2017-06-26 02:00:00,43.46787643432617
srv-005,2017-06-26 03:00:00,43.268619537353516
srv-005,2017-06-26 04:00:00,43.99594497680664
srv-005,2017-06-26 05:00:00,44.33442687988281
srv-005,2017-06-26 06:00:00,43.96455383300781
srv-005,2017-06-26 07:00:00,43.32407760620117
srv-005,2017-06-26 08:00:00,43.45893859863281
srv-005,2017-06-26 09:00:00,43.451595306396484
srv-005,2017-06-26 10:00:00,44.4589729309082
srv-005,2017-06-26 11:00:00,45.00035858154297
srv-005,2017-06-26 12:00:00,44.764190673828125
srv-005,2017-06-26 13:00:00,45.51075744628906
srv-005,2017-06-26 14:00:00,45.68391418457031
srv-005,2017-06-26 15:00:00,46.12489318847656
srv-005,2017-06-26 16:00:00,45.971923828125
srv-005,2017-06-26 17:00:00,46.100364685058594
srv-005,2017-06-26 18:00:00,46.75701141357422
srv-005,2017-06-26 19:00:00,46.720115661621094
srv-005,2017-06-26 20:00:00,46.624610900878906
srv-005,2017-06-26 21:00:00,46.54032897949219
srv-005,2017-06-26 22:00:00,46.44063949584961
srv-005,2017-06-26 23:00:00,47.24945068359375
srv-005,2017-06-27 00:00:00,47.14554214477539
srv-005,2017-06-27 01:00:00,45.64415740966797
srv-005,2017-06-27 02:00:00,45.271202087402344
srv-005,2017-06-27 03:00:00,45.332603454589844
srv-005,2017-06-27 04:00:00,46.17816925048828
srv-005,2017-06-27 05:00:00,45.68121337890625
srv-005,2017-06-27 06:00:00,45.5166130065918
srv-005,2017-06-27 07:00:00,45.66947937011719
srv-005,2017-06-27 08:00:00,45.85480499267578
srv-005,2017-06-27 09:00:00,45.6502685546875
srv-005,2017-06-27 10:00:00,46.10606384277344
srv-005,2017-06-27 11:00:00,46.330589294433594
srv-005,2017-06-27 12:00:00,47.22658920288086
srv-005,2017-06-27 13:00:00,46.64616012573242
srv-005,2017-06-27 14:00:00,46.99664306640625
srv-005,2017-06-27 15:00:00,45.89628601074219
srv-005,2017-06-27 16:00:00,45.663597106933594
srv-005,2017-06-27 17:00:00,45.145931243896484
srv-005,2017-06-27 18:00:00,44.91394805908203
srv-005,2017-06-27 19:00:00,45.24818420410156
srv-005,2017-06-27 20:00:00,45.29859924316406
srv-005,2017-06-27 21:00:00,45.54511260986328
srv-005,2017-06-27 22:00:00,45.801246643066406
srv-005,2017-06-27 23:00:00,45.138153076171875
srv-005,2017-06-28 00:00:00,44.89861297607422
srv-005,2017-06-28 01:00:00,44.90800476074219
srv-005,2017-06-28 02:00:00,45.3892822265625
srv-005,2017-06-28 03:00:00,45.22505187988281
srv-005,2017-06-28 04:00:00,44.6093635559082
srv-005,2017-06-28 05:00:00,45.46922302246094
srv-005,2017-06-28 06:00:00,45.67192077636719
srv-005,2017-06-28 07:00:00,46.347442626953125
srv-005,2017-06-28 08:00:00,45.73174285888672
srv-005,2017-06-28 09:00:00,45.38519287109375
srv-005,2017-06-28 10:00:00,45.520896911621094
srv-005,2017-06-28 11:00:00,45.3446159362793
srv-005,2017-06-28 12:00:00,44.06486129760742
srv-005,2017-06-28 13:00:00,44.0225830078125
srv-005,2017-06-28 14:00:00,44.08857727050781
srv-005,2017-06-28 15:00:00,43.85826110839844
srv-005,2017-06-28 16:00:00,43.99536895751953
srv-005,2017-06-28 17:00:00,43.88597106933594
srv-005,2017-06-28 18:00:00,44.179115295410156
srv-005,2017-06-28 19:00:00,44.27703857421875
srv-005,2017-06-28 20:00:00,44.66434097290039
srv-005,2017-06-28 21:00:00,44.406951904296875
srv-005,2017-06-28 22:00:00,44.79376983642578
srv-005,2017-06-28 23:00:00,44.91478729248047
srv-005,2017-06-29 00:00:00,44.96070098876953
srv-005,2017-06-29 01:00:00,44.85015869140625
srv-005,2017-06-29 02:00:00,45.160682678222656
srv-005,2017-06-29 03:00:00,45.59368896484375
srv-005,2017-06-29 04:00:00,45.10576629638672
srv-005,2017-06-29 05:00:00,45.212677001953125
srv-005,2017-06-29 06:00:00,44.84720230102539
srv-005,2017-06-29 07:00:00,44.89960479736328
srv-005,2017-06-29 08:00:00,44.824981689453125
srv-005,2017-06-29 09:00:00,43.599945068359375
srv-005,2017-06-29 10:00:00,44.19389343261719
srv-005,2017-06-29 11:00:00,44.78508377075195
srv-005,2017-06-29 12:00:00,44.937835693359375
srv-005,2017-06-29 13:00:00,44.859779357910156
srv-005,2017-06-29 14:00:00,45.452392578125
srv-005,2017-06-29 15:00:00,46.18315887451172
srv-005,2017-06-29 16:00:00,45.43532943725586
srv-005,2017-06-29 17:00:00,45.55986785888672
srv-005,2017-06-29 18:00:00,45.701820373535156
srv-005,2017-06-29 19:00:00,45.99454879760742
srv-005,2017-06-29 20:00:00,45.4611701965332
srv-005,2017-06-29 21:00:00,44.18180847167969
srv-005,2017-06-29 22:00:00,44.303932189941406
srv-005,2017-06-29 23:00:00,44.597015380859375
srv-005,2017-06-30 00:00:00,44.660797119140625
srv-005,2017-06-30 01:00:00,43.71449279785156
srv-005,2017-06-30 02:00:00,44.40003967285156
srv-005,2017-06-30 03:00:00,44.049888610839844
srv-005,2017-06-30 04:00:00,44.05852127075195
srv-005,2017-06-30 05:00:00,44.11458206176758
srv-005,2017-06-30 06:00:00,44.3657341003418
srv-005,2017-06-30 07:00:00,44.314666748046875
srv-005,2017-06-30 08:00:00,44.6411247253418
srv-005,2017-06-30 09:00:00,45.14178466796875
srv-005,2017-06-30 10:00:00,44.97471618652344
srv-005,2017-06-30 11:00:00,44.98660659790039
srv-005,2017-06-30 12:00:00,45.17341613769531
srv-005,2017-06-30 13:00:00,44.70976257324219
srv-005,2017-06-30 14:00:00,44.632713317871094
srv-005,2017-06-30 15:00:00,43.905296325683594
srv-005,2017-06-30 16:00:00,44.21924591064453
srv-005,2017-06-30 17:00:00,44.1036491394043
srv-005,2017-06-30 18:00:00,44.533756256103516
srv-005,2017-06-30 19:00:00,44.24726486206055
srv-005,2017-06-30 20:00:00,43.643333435058594
srv-005,2017-06-30 21:00:00,43.69316101074219
srv-005,2017-06-30 22:00:00,44.12643051147461
srv-005,2017-06-30 23:00:00,45.1392822265625
srv-006,2017-06-01 23:00:00,72.92682647705078
srv-006,2017-06-02 00:00:00,77.59530639648438
srv-006,2017-06-02 01:00:00,77.28043365478516
srv-006,2017-06-02 02:00:00,76.24436950683594
srv-006,2017-06-02 03:00:00,77.71246337890625
srv-006,2017-06-02 04:00:00,78.16053771972656
srv-006,2017-06-02 05:00:00,77.20639038085938
srv-006,2017-06-02 06:00:00,75.9063720703125
srv-006,2017-06-02 07:00:00,80.06830596923828
srv-006,2017-06-02 08:00:00,80.79562377929688
srv-006,2017-06-02 09:00:00,83.64906311035156
srv-006,2017-06-02 10:00:00,84.01052856445312
srv-006,2017-06-02 11:00:00,90.36917877197266
srv-006,2017-06-02 12:00:00,93.01908874511719
srv-006,2017-06-02 13:00:00,88.13240051269531
srv-006,2017-06-02 14:00:00,88.32272338867188
srv-006,2017-06-02 15:00:00,88.85594177246094
srv-006,2017-06-02 16:00:00,81.73772430419922
srv-006,2017-06-02 17:00:00,83.03579711914062
srv-006,2017-06-02 18:00:00,84.69284057617188
srv-006,2017-06-02 19:00:00,86.03416442871094
srv-006,2017-06-02 20:00:00,82.47191619873047
srv-006,2017-06-02 21:00:00,77.71904754638672
srv-006,2017-06-02 22:00:00,77.23007202148438
srv-006,2017-06-02 23:00:00,76.43047332763672
srv-006,2017-06-03 00:00:00,76.11065673828125
srv-006,2017-06-03 01:00:00,78.943359375
srv-006,2017-06-03 02:00:00,80.50576782226562
srv-006,2017-06-03 03:00:00,84.1520767211914
srv-006,2017-06-03 04:00:00,84.45391845703125
srv-006,2017-06-03 05:00:00,87.56566619873047
srv-006,2017-06-03 06:00:00,85.98243713378906
srv-006,2017-06-03 07:00:00,83.29183959960938
srv-006,2017-06-03 08:00:00,85.34387969970703
srv-006,2017-06-03 09:00:00,84.51886749267578
srv-006,2017-06-03 10:00:00,82.03732299804688
srv-006,2017-06-03 11:00:00,83.06382751464844
srv-006,2017-06-03 12:00:00,84.56243133544922
srv-006,2017-06-03 13:00:00,86.24105072021484
srv-006,2017-06-03 14:00:00,87.21737670898438
srv-006,2017-06-03 15:00:00,88.361328125
srv-006,2017-06-03 16:00:00,86.82974243164062
srv-006,2017-06-03 17:00:00,87.0224380493164
srv-006,2017-06-03 18:00:00,85.9779052734375
srv-006,2017-06-03 19:00:00,86.10435485839844
srv-006,2017-06-03 20:00:00,84.47236633300781
srv-006,2017-06-03 21:00:00,84.14678955078125
srv-006,2017-06-03 22:00:00,82.561279296875
srv-006,2017-06-03 23:00:00,84.74327087402344
srv-006,2017-06-04 00:00:00,83.36310577392578
srv-006,2017-06-04 01:00:00,78.90533447265625
srv-006,2017-06-04 02:00:00,82.65496063232422
srv-006,2017-06-04 03:00:00,85.34638214111328
srv-006,2017-06-04 04:00:00,87.59341430664062
srv-006,2017-06-04 05:00:00,85.56502532958984
srv-006,2017-06-04 06:00:00,84.25141906738281
srv-006,2017-06-04 07:00:00,86.7016830444336
srv-006,2017-06-04 08:00:00,88.68238830566406
srv-006,2017-06-04 09:00:00,88.68678283691406
srv-006,2017-06-04 10:00:00,87.54297637939453
srv-006,2017-06-04 11:00:00,89.56950378417969
srv-006,2017-06-04 12:00:00,89.43775939941406
srv-006,2017-06-04 13:00:00,88.9222412109375
srv-006,2017-06-04 14:00:00,79.02481079101562
srv-006,2017-06-04 15:00:00,78.5258560180664
srv-006,2017-06-04 16:00:00,80.83149719238281
srv-006,2017-06-04 17:00:00,82.51062774658203
srv-006,2017-06-04 18:00:00,83.61372375488281
srv-006,2017-06-04 19:00:00,84.7366943359375
srv-006,2017-06-04 20:00:00,85.11949157714844
srv-006,2017-06-04 21:00:00,86.41357421875
srv-006,2017-06-04 22:00:00,80.88055419921875
srv-006,2017-06-04 23:00:00,79.16189575195312
srv-006,2017-06-05 00:00:00,81.30924987792969
srv-006,2017-06-05 01:00:00,80.21210479736328
srv-006,2017-06-05 02:00:00,80.50215911865234
srv-006,2017-06-05 03:00:00,81.34442901611328
srv-006,2017-06-05 04:00:00,80.2702407836914
srv-006,2017-06-05 05:00:00,77.06536865234375
srv-006,2017-06-05 06:00:00,76.49358367919922
srv-006,2017-06-05 07:00:00,77.96186828613281
srv-006,2017-06-05 08:00:00,82.44271087646484
srv-006,2017-06-05 09:00:00,81.68997955322266
srv-006,2017-06-05 10:00:00,84.32054901123047
srv-006,2017-06-05 11:00:00,86.81480407714844
srv-006,2017-06-05 12:00:00,88.20069885253906
srv-006,2017-06-05 13:00:00,88.66924285888672
srv-006,2017-06-05 14:00:00,91.30323791503906
srv-006,2017-06-05 15:00:00,93.47602081298828
srv-006,2017-06-05 16:00:00,91.32608032226562
srv-006,2017-06-05 17:00:00,85.64515686035156
srv-006,2017-06-05 18:00:00,90.0586166381836
srv-006,2017-06-05 19:00:00,93.14987182617188
srv-006,2017-06-05 20:00:00,92.08714294433594
srv-006,2017-06-05 21:00:00,89.31033325195312
srv-006,2017-06-05 22:00:00,90.54638671875
srv-006,2017-06-05 23:00:00,92.14048767089844
srv-006,2017-06-06 00:00:00,91.12211608886719
srv-006,2017-06-06 01:00:00,90.35786437988281
srv-006,2017-06-06 02:00:00,92.49523162841797
srv-006,2017-06-06 03:00:00,92.95305633544922
srv-006,2017-06-06 04:00:00,92.68311309814453
srv-006,2017-06-06 05:00:00,91.01443481445312
srv-006,2017-06-06 06:00:00,93.662841796875
srv-006,2017-06-06 07:00:00,93.46221923828125
srv-006,2017-06-06 08:00:00,93.68435668945312
srv-006,2017-06-06 09:00:00,94.77021789550781
srv-006,2017-06-06 10:00:00,95.256591796875
srv-006,2017-06-06 11:00:00,95.38941955566406
srv-006,2017-06-06 12:00:00,94.88249206542969
srv-006,2017-06-06 13:00:00,94.81625366210938
srv-006,2017-06-06 14:00:00,95.12706756591797
srv-006,2017-06-06 15:00:00,95.28186798095703
srv-006,2017-06-06 16:00:00,95.03483581542969
srv-006,2017-06-06 17:00:00,94.97966766357422
srv-006,2017-06-06 18:00:00,95.07778930664062
srv-006,2017-06-06 19:00:00,94.63592529296875
srv-006,2017-06-06 20:00:00,94.25159454345703
srv-006,2017-06-06 21:00:00,92.93212890625
srv-006,2017-06-06 22:00:00,93.53631591796875
srv-006,2017-06-06 23:00:00,93.23095703125
srv-006,2017-06-07 00:00:00,92.78294372558594
srv-006,2017-06-07 01:00:00,93.07923889160156
srv-006,2017-06-07 02:00:00,94.05806732177734
srv-006,2017-06-07 03:00:00,94.2574234008789
srv-006,2017-06-07 04:00:00,93.09559631347656
srv-006,2017-06-07 05:00:00,88.75933074951172
srv-006,2017-06-07 06:00:00,91.94332885742188
srv-006,2017-06-07 07:00:00,93.16311645507812
srv-006,2017-06-07 08:00:00,94.17318725585938
srv-006,2017-06-07 09:00:00,94.55813598632812
srv-006,2017-06-07 10:00:00,95.37459564208984
srv-006,2017-06-07 11:00:00,95.23432922363281
srv-006,2017-06-07 12:00:00,95.21235656738281
srv-006,2017-06-07 13:00:00,95.00103759765625
srv-006,2017-06-07 14:00:00,94.96246337890625
srv-006,2017-06-07 15:00:00,94.59939575195312
srv-006,2017-06-07 16:00:00,94.20729064941406
srv-006,2017-06-07 17:00:00,94.60494995117188
srv-006,2017-06-07 18:00:00,94.74473571777344
srv-006,2017-06-07 19:00:00,94.52557373046875
srv-006,2017-06-07 20:00:00,93.74705505371094
srv-006,2017-06-07 21:00:00,93.80220031738281
srv-006,2017-06-07 22:00:00,93.26309967041016
srv-006,2017-06-07 23:00:00,92.94713592529297
srv-006,2017-06-08 00:00:00,92.47280883789062
srv-006,2017-06-08 01:00:00,91.97520446777344
srv-006,2017-06-08 02:00:00,93.18740844726562
srv-006,2017-06-08 03:00:00,91.41287231445312
srv-006,2017-06-08 04:00:00,92.0245132446289
srv-006,2017-06-08 05:00:00,93.02639770507812
srv-006,2017-06-08 06:00:00,93.28150177001953
srv-006,2017-06-08 07:00:00,93.49412536621094
srv-006,2017-06-08 08:00:00,93.96028137207031
srv-006,2017-06-08 09:00:00,94.33222961425781
srv-006,2017-06-08 10:00:00,95.10063171386719
srv-006,2017-06-08 11:00:00,94.90283203125
srv-006,2017-06-08 12:00:00,94.66201782226562
srv-006,2017-06-08 13:00:00,94.1457748413086
srv-006,2017-06-08 14:00:00,94.24608612060547
srv-006,2017-06-08 15:00:00,93.7762451171875
srv-006,2017-06-08 16:00:00,93.98065948486328
srv-006,2017-06-08 17:00:00,93.21827697753906
srv-006,2017-06-08 18:00:00,92.46371459960938
srv-006,2017-06-08 19:00:00,92.59419250488281
srv-006,2017-06-08 20:00:00,91.89970397949219
srv-006,2017-06-08 21:00:00,89.22149658203125
srv-006,2017-06-08 22:00:00,88.20333862304688
srv-006,2017-06-08 23:00:00,90.36063385009766
srv-006,2017-06-09 00:00:00,90.90339660644531
srv-006,2017-06-09 01:00:00,92.21060943603516
srv-006,2017-06-09 02:00:00,91.95033264160156
srv-006,2017-06-09 03:00:00,93.06460571289062
srv-006,2017-06-09 04:00:00,92.83511352539062
srv-006,2017-06-09 05:00:00,93.14291381835938
srv-006,2017-06-09 06:00:00,91.24393463134766
srv-006,2017-06-09 07:00:00,86.25820922851562
srv-006,2017-06-09 08:00:00,92.03746032714844
srv-006,2017-06-09 09:00:00,87.32526397705078
srv-006,2017-06-09 10:00:00,83.08003234863281
srv-006,2017-06-09 11:00:00,82.0840835571289
srv-006,2017-06-09 12:00:00,84.78923797607422
srv-006,2017-06-09 13:00:00,85.94146728515625
srv-006,2017-06-09 14:00:00,87.91834259033203
srv-006,2017-06-09 15:00:00,88.75385284423828
srv-006,2017-06-09 16:00:00,86.82218933105469
srv-006,2017-06-09 17:00:00,87.91593933105469
srv-006,2017-06-09 18:00:00,81.95491027832031
srv-006,2017-06-09 19:00:00,82.01362609863281
srv-006,2017-06-09 20:00:00,82.53045654296875
srv-006,2017-06-09 21:00:00,80.79891204833984
srv-006,2017-06-09 22:00:00,78.59085845947266
srv-006,2017-06-09 23:00:00,78.1957015991211
srv-006,2017-06-10 00:00:00,77.08939361572266
srv-006,2017-06-10 01:00:00,78.19256591796875
srv-006,2017-06-10 02:00:00,78.30625915527344
srv-006,2017-06-10 03:00:00,81.70381164550781
srv-006,2017-06-10 04:00:00,78.38555908203125
srv-006,2017-06-10 05:00:00,80.67221069335938
srv-006,2017-06-10 06:00:00,81.89566040039062
srv-006,2017-06-10 07:00:00,81.11917114257812
srv-006,2017-06-10 08:00:00,86.83423614501953
srv-006,2017-06-10 09:00:00,83.42327880859375
srv-006,2017-06-10 10:00:00,85.25031280517578
srv-006,2017-06-10 11:00:00,88.24984741210938
srv-006,2017-06-10 12:00:00,89.95397186279297
srv-006,2017-06-10 13:00:00,91.33184814453125
srv-006,2017-06-10 14:00:00,91.21495056152344
srv-006,2017-06-10 15:00:00,90.89329528808594
srv-006,2017-06-10 16:00:00,90.49383544921875
srv-006,2017-06-10 17:00:00,87.02745056152344
srv-006,2017-06-10 18:00:00,82.81735229492188
srv-006,2017-06-10 19:00:00,81.68289947509766
srv-006,2017-06-10 20:00:00,79.75153350830078
srv-006,2017-06-10 21:00:00,79.177490234375
srv-006,2017-06-10 22:00:00,77.76219177246094
srv-006,2017-06-10 23:00:00,76.92586517333984
srv-006,2017-06-11 00:00:00,77.13453674316406
srv-006,2017-06-11 01:00:00,79.51275634765625
srv-006,2017-06-11 02:00:00,82.49510955810547
srv-006,2017-06-11 03:00:00,85.5035400390625
srv-006,2017-06-11 04:00:00,81.80352020263672
srv-006,2017-06-11 05:00:00,80.47823333740234
srv-006,2017-06-11 06:00:00,82.03069305419922
srv-006,2017-06-11 07:00:00,84.32176208496094
srv-006,2017-06-11 08:00:00,87.40767669677734
srv-006,2017-06-11 09:00:00,87.66932678222656
srv-006,2017-06-11 10:00:00,88.94775390625
srv-006,2017-06-11 11:00:00,90.04618835449219
srv-006,2017-06-11 12:00:00,89.79566955566406
srv-006,2017-06-11 13:00:00,88.29649353027344
srv-006,2017-06-11 14:00:00,86.9875259399414
srv-006,2017-06-11 15:00:00,87.68684387207031
srv-006,2017-06-11 16:00:00,84.09962463378906
srv-006,2017-06-11 17:00:00,83.28268432617188
srv-006,2017-06-11 18:00:00,84.65310668945312
srv-006,2017-06-11 19:00:00,85.38520812988281
srv-006,2017-06-11 20:00:00,84.78218078613281
srv-006,2017-06-11 21:00:00,78.5759048461914
srv-006,2017-06-11 22:00:00,79.14765930175781
srv-006,2017-06-11 23:00:00,80.68576049804688
srv-006,2017-06-12 00:00:00,82.35257720947266
srv-006,2017-06-12 01:00:00,76.9471206665039
srv-006,2017-06-12 02:00:00,78.16738891601562
srv-006,2017-06-12 03:00:00,81.79666900634766
srv-006,2017-06-12 04:00:00,83.50985717773438
srv-006,2017-06-12 05:00:00,81.08130645751953
srv-006,2017-06-12 06:00:00,82.45599365234375
srv-006,2017-06-12 07:00:00,85.51665496826172
srv-006,2017-06-12 08:00:00,89.90538024902344
srv-006,2017-06-12 09:00:00,91.49203491210938
srv-006,2017-06-12 10:00:00,94.29358673095703
srv-006,2017-06-12 11:00:00,94.44031524658203
srv-006,2017-06-12 12:00:00,94.62173461914062
srv-006,2017-06-12 13:00:00,94.86847686767578
srv-006,2017-06-12 14:00:00,94.90251159667969
srv-006,2017-06-12 15:00:00,95.35820007324219
srv-006,2017-06-12 16:00:00,94.98650360107422
srv-006,2017-06-12 17:00:00,95.0489730834961
srv-006,2017-06-12 18:00:00,93.22652435302734
srv-006,2017-06-12 19:00:00,92.9158706665039
srv-006,2017-06-12 20:00:00,89.39657592773438
srv-006,2017-06-12 21:00:00,90.0016098022461
srv-006,2017-06-12 22:00:00,85.71331787109375
srv-006,2017-06-12 23:00:00,88.73080444335938
srv-006,2017-06-13 00:00:00,85.2071762084961
srv-006,2017-06-13 01:00:00,90.01934051513672
srv-006,2017-06-13 02:00:00,89.5057373046875
srv-006,2017-06-13 03:00:00,87.81824493408203
srv-006,2017-06-13 04:00:00,90.43119812011719
srv-006,2017-06-13 05:00:00,92.60125732421875
srv-006,2017-06-13 06:00:00,91.21037292480469
srv-006,2017-06-13 07:00:00,92.03482055664062
srv-006,2017-06-13 08:00:00,94.06918334960938
srv-006,2017-06-13 09:00:00,93.98173522949219
srv-006,2017-06-13 10:00:00,94.66685485839844
srv-006,2017-06-13 11:00:00,94.83338928222656
srv-006,2017-06-13 12:00:00,94.96867370605469
srv-006,2017-06-13 13:00:00,95.43598937988281
srv-006,2017-06-13 14:00:00,95.27696990966797
srv-006,2017-06-13 15:00:00,94.9535903930664
srv-006,2017-06-13 16:00:00,95.03614807128906
srv-006,2017-06-13 17:00:00,94.78325653076172
srv-006,2017-06-13 18:00:00,94.68084716796875
srv-006,2017-06-13 19:00:00,94.44172668457031
srv-006,2017-06-13 20:00:00,94.43289184570312
srv-006,2017-06-13 21:00:00,93.57604217529297
srv-006,2017-06-13 22:00:00,91.17878723144531
srv-006,2017-06-13 23:00:00,92.957275390625
srv-006,2017-06-14 00:00:00,92.93574523925781
srv-006,2017-06-14 01:00:00,93.76896667480469
srv-006,2017-06-14 02:00:00,94.28758239746094
srv-006,2017-06-14 03:00:00,94.97711181640625
srv-006,2017-06-14 04:00:00,94.93148803710938
srv-006,2017-06-14 05:00:00,95.34064483642578
srv-006,2017-06-14 06:00:00,95.41004943847656
srv-006,2017-06-14 07:00:00,95.4925537109375
srv-006,2017-06-14 08:00:00,95.58247375488281
srv-006,2017-06-14 09:00:00,95.60972595214844
srv-006,2017-06-14 10:00:00,95.44933319091797
srv-006,2017-06-14 11:00:00,95.55073547363281
srv-006,2017-06-14 12:00:00,95.12771606445312
srv-006,2017-06-14 13:00:00,94.45808410644531
srv-006,2017-06-14 14:00:00,94.4776611328125
srv-006,2017-06-14 15:00:00,94.51060485839844
srv-006,2017-06-14 16:00:00,94.13578796386719
srv-006,2017-06-14 17:00:00,93.92179870605469
srv-006,2017-06-14 18:00:00,94.16339111328125
srv-006,2017-06-14 19:00:00,94.29306030273438
srv-006,2017-06-14 20:00:00,94.13896179199219
srv-006,2017-06-14 21:00:00,93.83773803710938
srv-006,2017-06-14 22:00:00,94.06613159179688
srv-006,2017-06-14 23:00:00,92.49950408935547
srv-006,2017-06-15 00:00:00,92.39640808105469
srv-006,2017-06-15 01:00:00,91.89970397949219
srv-006,2017-06-15 02:00:00,92.02023315429688
srv-006,2017-06-15 03:00:00,92.05142211914062
srv-006,2017-06-15 04:00:00,92.87063598632812
srv-006,2017-06-15 05:00:00,93.27842712402344
srv-006,2017-06-15 06:00:00,94.10088348388672
srv-006,2017-06-15 07:00:00,93.041259765625
srv-006,2017-06-15 08:00:00,93.91539764404297
srv-006,2017-06-15 09:00:00,93.99162292480469
srv-006,2017-06-15 10:00:00,94.61207580566406
srv-006,2017-06-15 11:00:00,94.49991607666016
srv-006,2017-06-15 12:00:00,94.5359115600586
srv-006,2017-06-15 13:00:00,94.32345581054688
srv-006,2017-06-15 14:00:00,94.42742156982422
srv-006,2017-06-15 15:00:00,94.39118194580078
srv-006,2017-06-15 16:00:00,94.04069519042969
srv-006,2017-06-15 17:00:00,93.80763244628906
srv-006,2017-06-15 18:00:00,93.14453125
srv-006,2017-06-15 19:00:00,92.93991088867188
srv-006,2017-06-15 20:00:00,92.72660827636719
srv-006,2017-06-15 21:00:00,91.94874572753906
srv-006,2017-06-15 22:00:00,82.71056365966797
srv-006,2017-06-15 23:00:00,80.99081420898438
srv-006,2017-06-16 00:00:00,84.44766235351562
srv-006,2017-06-16 01:00:00,85.60210418701172
srv-006,2017-06-16 02:00:00,88.66970825195312
srv-006,2017-06-16 03:00:00,86.21076965332031
srv-006,2017-06-16 04:00:00,89.98623657226562
srv-006,2017-06-16 05:00:00,90.54842376708984
srv-006,2017-06-16 06:00:00,88.988037109375
srv-006,2017-06-16 07:00:00,84.38778686523438
srv-006,2017-06-16 08:00:00,88.63592529296875
srv-006,2017-06-16 09:00:00,88.90682983398438
srv-006,2017-06-16 10:00:00,90.02761840820312
srv-006,2017-06-16 11:00:00,91.73545837402344
srv-006,2017-06-16 12:00:00,92.73324584960938
srv-006,2017-06-16 13:00:00,91.66171264648438
srv-006,2017-06-16 14:00:00,90.82560729980469
srv-006,2017-06-16 15:00:00,92.06410217285156
srv-006,2017-06-16 16:00:00,91.93514251708984
srv-006,2017-06-16 17:00:00,89.96846008300781
srv-006,2017-06-16 18:00:00,83.44280242919922
srv-006,2017-06-16 19:00:00,82.78749084472656
srv-006,2017-06-16 20:00:00,81.26087951660156
srv-006,2017-06-16 21:00:00,81.2699966430664
srv-006,2017-06-16 22:00:00,78.4111328125
srv-006,2017-06-16 23:00:00,76.2603530883789
srv-006,2017-06-17 00:00:00,75.35692596435547
srv-006,2017-06-17 01:00:00,74.6153564453125
srv-006,2017-06-17 02:00:00,76.33966064453125
srv-006,2017-06-17 03:00:00,79.02005004882812
srv-006,2017-06-17 04:00:00,79.05178833007812
srv-006,2017-06-17 05:00:00,80.3150863647461
srv-006,2017-06-17 06:00:00,79.5217514038086
srv-006,2017-06-17 07:00:00,81.56463623046875
srv-006,2017-06-17 08:00:00,86.03096008300781
srv-006,2017-06-17 09:00:00,85.35659790039062
srv-006,2017-06-17 10:00:00,83.63438415527344
srv-006,2017-06-17 11:00:00,86.39784240722656
srv-006,2017-06-17 12:00:00,88.10614013671875
srv-006,2017-06-17 13:00:00,89.19595336914062
srv-006,2017-06-17 14:00:00,89.43069458007812
srv-006,2017-06-17 15:00:00,90.84368133544922
srv-006,2017-06-17 16:00:00,88.85545349121094
srv-006,2017-06-17 17:00:00,84.70079803466797
srv-006,2017-06-17 18:00:00,87.79876708984375
srv-006,2017-06-17 19:00:00,87.97187805175781
srv-006,2017-06-17 20:00:00,83.35980224609375
srv-006,2017-06-17 21:00:00,77.47149658203125
srv-006,2017-06-17 22:00:00,76.96424865722656
srv-006,2017-06-17 23:00:00,77.58775329589844
srv-006,2017-06-18 00:00:00,76.81105041503906
srv-006,2017-06-18 01:00:00,78.21585845947266
srv-006,2017-06-18 02:00:00,79.58610534667969
srv-006,2017-06-18 03:00:00,83.23786163330078
srv-006,2017-06-18 04:00:00,79.36805725097656
srv-006,2017-06-18 05:00:00,86.69430541992188
srv-006,2017-06-18 06:00:00,86.394287109375
srv-006,2017-06-18 07:00:00,84.48063659667969
srv-006,2017-06-18 08:00:00,87.44309997558594
srv-006,2017-06-18 09:00:00,89.34736633300781
srv-006,2017-06-18 10:00:00,89.67371368408203
srv-006,2017-06-18 11:00:00,90.3920669555664
srv-006,2017-06-18 12:00:00,89.3137435913086
srv-006,2017-06-18 13:00:00,89.32148742675781
srv-006,2017-06-18 14:00:00,88.48245239257812
srv-006,2017-06-18 15:00:00,88.08837127685547
srv-006,2017-06-18 16:00:00,84.47073364257812
srv-006,2017-06-18 17:00:00,85.00708770751953
srv-006,2017-06-18 18:00:00,81.44780731201172
srv-006,2017-06-18 19:00:00,82.25489807128906
srv-006,2017-06-18 20:00:00,82.46373748779297
srv-006,2017-06-18 21:00:00,83.09354400634766
srv-006,2017-06-18 22:00:00,79.76011657714844
srv-006,2017-06-18 23:00:00,77.70712280273438
srv-006,2017-06-19 00:00:00,78.73057556152344
srv-006,2017-06-19 01:00:00,79.6673355102539
srv-006,2017-06-19 02:00:00,79.83088684082031
srv-006,2017-06-19 03:00:00,83.21626281738281
srv-006,2017-06-19 04:00:00,83.34950256347656
srv-006,2017-06-19 05:00:00,85.67033386230469
srv-006,2017-06-19 06:00:00,81.10029602050781
srv-006,2017-06-19 07:00:00,81.1658706665039
srv-006,2017-06-19 08:00:00,85.24559020996094
srv-006,2017-06-19 09:00:00,85.97190856933594
srv-006,2017-06-19 10:00:00,81.50563049316406
srv-006,2017-06-19 11:00:00,85.76153564453125
srv-006,2017-06-19 12:00:00,91.74043273925781
srv-006,2017-06-19 13:00:00,93.6366195678711
srv-006,2017-06-19 14:00:00,94.37396240234375
srv-006,2017-06-19 15:00:00,95.14774322509766
srv-006,2017-06-19 16:00:00,95.24464416503906
srv-006,2017-06-19 17:00:00,94.51592254638672
srv-006,2017-06-19 18:00:00,94.85960388183594
srv-006,2017-06-19 19:00:00,93.97952270507812
srv-006,2017-06-19 20:00:00,94.35877990722656
srv-006,2017-06-19 21:00:00,93.74714660644531
srv-006,2017-06-19 22:00:00,90.97360229492188
srv-006,2017-06-19 23:00:00,91.18563842773438
srv-006,2017-06-20 00:00:00,89.10954284667969
srv-006,2017-06-20 01:00:00,88.56674194335938
srv-006,2017-06-20 02:00:00,88.88359069824219
srv-006,2017-06-20 03:00:00,91.92987060546875
srv-006,2017-06-20 04:00:00,90.48933410644531
srv-006,2017-06-20 05:00:00,93.55224609375
srv-006,2017-06-20 06:00:00,94.0116195678711
srv-006,2017-06-20 07:00:00,95.42579650878906
srv-006,2017-06-20 08:00:00,95.21791076660156
srv-006,2017-06-20 09:00:00,94.15400695800781
srv-006,2017-06-20 10:00:00,94.95419311523438
srv-006,2017-06-20 11:00:00,94.91279602050781
srv-006,2017-06-20 12:00:00,95.57357788085938
srv-006,2017-06-20 13:00:00,95.46929931640625
srv-006,2017-06-20 14:00:00,95.43022155761719
srv-006,2017-06-20 15:00:00,95.74275207519531
srv-006,2017-06-20 16:00:00,95.45054626464844
srv-006,2017-06-20 17:00:00,94.87623596191406
srv-006,2017-06-20 18:00:00,94.19786071777344
srv-006,2017-06-20 19:00:00,94.0195541381836
srv-006,2017-06-20 20:00:00,94.52743530273438
srv-006,2017-06-20 21:00:00,94.71626281738281
srv-006,2017-06-20 22:00:00,94.85045623779297
srv-006,2017-06-20 23:00:00,94.51286315917969
srv-006,2017-06-21 00:00:00,94.29792785644531
srv-006,2017-06-21 01:00:00,93.87886810302734
srv-006,2017-06-21 02:00:00,93.57941436767578
srv-006,2017-06-21 03:00:00,94.137939453125
srv-006,2017-06-21 04:00:00,94.12223052978516
srv-006,2017-06-21 05:00:00,94.96417236328125
srv-006,2017-06-21 06:00:00,95.2576904296875
srv-006,2017-06-21 07:00:00,95.4621353149414
srv-006,2017-06-21 08:00:00,95.48619079589844
srv-006,2017-06-21 09:00:00,95.55247497558594
srv-006,2017-06-21 10:00:00,95.28318786621094
srv-006,2017-06-21 11:00:00,95.26168823242188
srv-006,2017-06-21 12:00:00,95.23101806640625
srv-006,2017-06-21 13:00:00,94.89834594726562
srv-006,2017-06-21 14:00:00,95.07280731201172
srv-006,2017-06-21 15:00:00,94.76603698730469
srv-006,2017-06-21 16:00:00,94.47347259521484
srv-006,2017-06-21 17:00:00,94.34770965576172
srv-006,2017-06-21 18:00:00,94.12572479248047
srv-006,2017-06-21 19:00:00,93.9897689819336
srv-006,2017-06-21 20:00:00,93.90060424804688
srv-006,2017-06-21 21:00:00,93.93673706054688
srv-006,2017-06-21 22:00:00,94.11186981201172
srv-006,2017-06-21 23:00:00,94.42752075195312
srv-006,2017-06-22 00:00:00,94.20999145507812
srv-006,2017-06-22 01:00:00,94.1414794921875
srv-006,2017-06-22 02:00:00,94.06405639648438
srv-006,2017-06-22 03:00:00,93.97290802001953
srv-006,2017-06-22 04:00:00,94.0976791381836
srv-006,2017-06-22 05:00:00,94.13420104980469
srv-006,2017-06-22 06:00:00,92.52191162109375
srv-006,2017-06-22 07:00:00,91.33226013183594
srv-006,2017-06-22 08:00:00,92.7205810546875
srv-006,2017-06-22 09:00:00,81.90369415283203
srv-006,2017-06-22 10:00:00,82.41580963134766
srv-006,2017-06-22 11:00:00,84.55351257324219
srv-006,2017-06-22 12:00:00,88.72880554199219
srv-006,2017-06-22 13:00:00,91.96935272216797
srv-006,2017-06-22 14:00:00,93.46453857421875
srv-006,2017-06-22 15:00:00,93.8216552734375
srv-006,2017-06-22 16:00:00,93.70518493652344
srv-006,2017-06-22 17:00:00,93.78893280029297
srv-006,2017-06-22 18:00:00,93.99246978759766
srv-006,2017-06-22 19:00:00,94.02877807617188
srv-006,2017-06-22 20:00:00,91.40361022949219
srv-006,2017-06-22 21:00:00,87.19435119628906
srv-006,2017-06-22 22:00:00,84.38650512695312
srv-006,2017-06-22 23:00:00,84.39960479736328
srv-006,2017-06-23 00:00:00,83.43272399902344
srv-006,2017-06-23 01:00:00,80.4170913696289
srv-006,2017-06-23 02:00:00,83.15878295898438
srv-006,2017-06-23 03:00:00,84.87371063232422
srv-006,2017-06-23 04:00:00,83.33598327636719
srv-006,2017-06-23 05:00:00,84.65669250488281
srv-006,2017-06-23 06:00:00,84.97869873046875
srv-006,2017-06-23 07:00:00,82.12689208984375
srv-006,2017-06-23 08:00:00,84.4945297241211
srv-006,2017-06-23 09:00:00,82.2882080078125
srv-006,2017-06-23 10:00:00,82.51074981689453
srv-006,2017-06-23 11:00:00,85.68775177001953
srv-006,2017-06-23 12:00:00,86.1275634765625
srv-006,2017-06-23 13:00:00,88.43873596191406
srv-006,2017-06-23 14:00:00,91.56141662597656
srv-006,2017-06-23 15:00:00,90.75804138183594
srv-006,2017-06-23 16:00:00,89.79296875
srv-006,2017-06-23 17:00:00,90.1962890625
srv-006,2017-06-23 18:00:00,88.44471740722656
srv-006,2017-06-23 19:00:00,82.48646545410156
srv-006,2017-06-23 20:00:00,80.67704772949219
srv-006,2017-06-23 21:00:00,79.69493103027344
srv-006,2017-06-23 22:00:00,79.24879455566406
srv-006,2017-06-23 23:00:00,79.29776000976562
srv-006,2017-06-24 00:00:00,76.41896057128906
srv-006,2017-06-24 01:00:00,78.62648010253906
srv-006,2017-06-24 02:00:00,79.39390563964844
srv-006,2017-06-24 03:00:00,85.169189453125
srv-006,2017-06-24 04:00:00,83.25093841552734
srv-006,2017-06-24 05:00:00,77.48648071289062
srv-006,2017-06-24 06:00:00,78.25270080566406
srv-006,2017-06-24 07:00:00,80.0198974609375
srv-006,2017-06-24 08:00:00,83.13517761230469
srv-006,2017-06-24 09:00:00,84.43251037597656
srv-006,2017-06-24 10:00:00,87.3392105102539
srv-006,2017-06-24 11:00:00,89.21696472167969
srv-006,2017-06-24 12:00:00,90.90220642089844
srv-006,2017-06-24 13:00:00,91.70472717285156
srv-006,2017-06-24 14:00:00,88.42897033691406
srv-006,2017-06-24 15:00:00,85.9192123413086
srv-006,2017-06-24 16:00:00,83.25090026855469
srv-006,2017-06-24 17:00:00,86.07762145996094
srv-006,2017-06-24 18:00:00,81.63017272949219
srv-006,2017-06-24 19:00:00,80.83008575439453
srv-006,2017-06-24 20:00:00,81.7878646850586
srv-006,2017-06-24 21:00:00,79.90361785888672
srv-006,2017-06-24 22:00:00,78.46534729003906
srv-006,2017-06-24 23:00:00,75.92639923095703
srv-006,2017-06-25 00:00:00,77.20037078857422
srv-006,2017-06-25 01:00:00,79.60578155517578
srv-006,2017-06-25 02:00:00,82.40911865234375
srv-006,2017-06-25 03:00:00,83.31782531738281
srv-006,2017-06-25 04:00:00,80.59443664550781
srv-006,2017-06-25 05:00:00,80.23432159423828
srv-006,2017-06-25 06:00:00,82.78031921386719
srv-006,2017-06-25 07:00:00,83.48253631591797
srv-006,2017-06-25 08:00:00,83.41905212402344
srv-006,2017-06-25 09:00:00,80.13308715820312
srv-006,2017-06-25 10:00:00,82.78482055664062
srv-006,2017-06-25 11:00:00,88.32120513916016
srv-006,2017-06-25 12:00:00,89.14796447753906
srv-006,2017-06-25 13:00:00,88.63212585449219
srv-006,2017-06-25 14:00:00,88.41143798828125
srv-006,2017-06-25 15:00:00,87.0748062133789
srv-006,2017-06-25 16:00:00,87.73191833496094
srv-006,2017-06-25 17:00:00,88.57771301269531
srv-006,2017-06-25 18:00:00,88.29598999023438
srv-006,2017-06-25 19:00:00,85.19146728515625
srv-006,2017-06-25 20:00:00,84.92028045654297
srv-006,2017-06-25 21:00:00,88.93609619140625
srv-006,2017-06-25 22:00:00,86.01024627685547
srv-006,2017-06-25 23:00:00,79.56360626220703
srv-006,2017-06-26 00:00:00,75.37174987792969
srv-006,2017-06-26 01:00:00,74.98686981201172
srv-006,2017-06-26 02:00:00,76.44989776611328
srv-006,2017-06-26 03:00:00,76.77804565429688
srv-006,2017-06-26 04:00:00,78.32832336425781
srv-006,2017-06-26 05:00:00,85.10786437988281
srv-006,2017-06-26 06:00:00,88.4334716796875
srv-006,2017-06-26 07:00:00,85.24760437011719
srv-006,2017-06-26 08:00:00,91.01092529296875
srv-006,2017-06-26 09:00:00,85.30659484863281
srv-006,2017-06-26 10:00:00,81.42454528808594
srv-006,2017-06-26 11:00:00,81.98405456542969
srv-006,2017-06-26 12:00:00,86.48947143554688
srv-006,2017-06-26 13:00:00,89.25482940673828
srv-006,2017-06-26 14:00:00,91.92354583740234
srv-006,2017-06-26 15:00:00,92.72657012939453
srv-006,2017-06-26 16:00:00,91.5804443359375
srv-006,2017-06-26 17:00:00,91.78376770019531
srv-006,2017-06-26 18:00:00,90.54580688476562
srv-006,2017-06-26 19:00:00,90.24974060058594
srv-006,2017-06-26 20:00:00,90.71273803710938
srv-006,2017-06-26 21:00:00,91.58468627929688
srv-006,2017-06-26 22:00:00,91.49134826660156
srv-006,2017-06-26 23:00:00,93.48509979248047
srv-006,2017-06-27 00:00:00,93.91557312011719
srv-006,2017-06-27 01:00:00,91.06912231445312
srv-006,2017-06-27 02:00:00,89.7932357788086
srv-006,2017-06-27 03:00:00,92.12037658691406
srv-006,2017-06-27 04:00:00,91.40621948242188
srv-006,2017-06-27 05:00:00,91.99787902832031
srv-006,2017-06-27 06:00:00,93.97724914550781
srv-006,2017-06-27 07:00:00,94.18340301513672
srv-006,2017-06-27 08:00:00,94.38744354248047
srv-006,2017-06-27 09:00:00,94.43817901611328
srv-006,2017-06-27 10:00:00,92.0608901977539
srv-006,2017-06-27 11:00:00,93.84584045410156
srv-006,2017-06-27 12:00:00,94.28218841552734
srv-006,2017-06-27 13:00:00,94.90081787109375
srv-006,2017-06-27 14:00:00,95.52664947509766
srv-006,2017-06-27 15:00:00,95.7667236328125
srv-006,2017-06-27 16:00:00,95.6136703491211
srv-006,2017-06-27 17:00:00,95.36763000488281
srv-006,2017-06-27 18:00:00,95.10799407958984
srv-006,2017-06-27 19:00:00,94.77049255371094
srv-006,2017-06-27 20:00:00,94.72288513183594
srv-006,2017-06-27 21:00:00,94.64729309082031
srv-006,2017-06-27 22:00:00,94.4753189086914
srv-006,2017-06-27 23:00:00,94.76043701171875
srv-006,2017-06-28 00:00:00,94.27611541748047
srv-006,2017-06-28 01:00:00,93.82493591308594
srv-006,2017-06-28 02:00:00,94.34967041015625
srv-006,2017-06-28 03:00:00,94.14643859863281
srv-006,2017-06-28 04:00:00,94.24345397949219
srv-006,2017-06-28 05:00:00,94.50960540771484
srv-006,2017-06-28 06:00:00,95.22984313964844
srv-006,2017-06-28 07:00:00,95.34457397460938
srv-006,2017-06-28 08:00:00,95.35121154785156
srv-006,2017-06-28 09:00:00,95.32221984863281
srv-006,2017-06-28 10:00:00,95.30396270751953
srv-006,2017-06-28 11:00:00,95.16722869873047
srv-006,2017-06-28 12:00:00,95.21456909179688
srv-006,2017-06-28 13:00:00,94.78521728515625
srv-006,2017-06-28 14:00:00,94.8223876953125
srv-006,2017-06-28 15:00:00,94.69615173339844
srv-006,2017-06-28 16:00:00,94.31712341308594
srv-006,2017-06-28 17:00:00,94.30271911621094
srv-006,2017-06-28 18:00:00,94.36890411376953
srv-006,2017-06-28 19:00:00,94.18035125732422
srv-006,2017-06-28 20:00:00,94.13330078125
srv-006,2017-06-28 21:00:00,94.25140380859375
srv-006,2017-06-28 22:00:00,94.2364730834961
srv-006,2017-06-28 23:00:00,94.24604797363281
srv-006,2017-06-29 00:00:00,94.10874938964844
srv-006,2017-06-29 01:00:00,93.4416732788086
srv-006,2017-06-29 02:00:00,93.70130157470703
srv-006,2017-06-29 03:00:00,93.8577880859375
srv-006,2017-06-29 04:00:00,94.02118682861328
srv-006,2017-06-29 05:00:00,93.82208251953125
srv-006,2017-06-29 06:00:00,93.49526977539062
srv-006,2017-06-29 07:00:00,94.08772277832031
srv-006,2017-06-29 08:00:00,94.01322937011719
srv-006,2017-06-29 09:00:00,94.56179809570312
srv-006,2017-06-29 10:00:00,94.52216339111328
srv-006,2017-06-29 11:00:00,94.47691345214844
srv-006,2017-06-29 12:00:00,94.35847473144531
srv-006,2017-06-29 13:00:00,93.903076171875
srv-006,2017-06-29 14:00:00,93.89059448242188
srv-006,2017-06-29 15:00:00,93.70942687988281
srv-006,2017-06-29 16:00:00,93.6006851196289
srv-006,2017-06-29 17:00:00,93.66458129882812
srv-006,2017-06-29 18:00:00,93.62860107421875
srv-006,2017-06-29 19:00:00,93.47068786621094
srv-006,2017-06-29 20:00:00,93.07514953613281
srv-006,2017-06-29 21:00:00,93.18064880371094
srv-006,2017-06-29 22:00:00,90.49581909179688
srv-006,2017-06-29 23:00:00,88.0784912109375
srv-006,2017-06-30 00:00:00,87.86276245117188
srv-006,2017-06-30 01:00:00,85.39083099365234
srv-006,2017-06-30 02:00:00,85.5805435180664
srv-006,2017-06-30 03:00:00,83.38658905029297
srv-006,2017-06-30 04:00:00,80.86153411865234
srv-006,2017-06-30 05:00:00,80.38642883300781
srv-006,2017-06-30 06:00:00,81.0765380859375
srv-006,2017-06-30 07:00:00,81.76518249511719
srv-006,2017-06-30 08:00:00,85.0982666015625
srv-006,2017-06-30 09:00:00,86.26859283447266
srv-006,2017-06-30 10:00:00,91.31883239746094
srv-006,2017-06-30 11:00:00,90.99624633789062
srv-006,2017-06-30 12:00:00,91.6607666015625
srv-006,2017-06-30 13:00:00,92.48252868652344
srv-006,2017-06-30 14:00:00,92.54499816894531
srv-006,2017-06-30 15:00:00,93.35072326660156
srv-006,2017-06-30 16:00:00,93.43099212646484
srv-006,2017-06-30 17:00:00,91.05109405517578
srv-006,2017-06-30 18:00:00,87.53199005126953
srv-006,2017-06-30 19:00:00,84.8938217163086
srv-006,2017-06-30 20:00:00,85.67779541015625
srv-006,2017-06-30 21:00:00,78.52424621582031
srv-006,2017-06-30 22:00:00,76.78810119628906
srv-006,2017-06-30 23:00:00,74.69407653808594
srv-007,2017-06-01 23:00:00,50.825843811035156
srv-007,2017-06-02 00:00:00,50.621524810791016
srv-007,2017-06-02 01:00:00,48.370361328125
srv-007,2017-06-02 02:00:00,48.99284362792969
srv-007,2017-06-02 03:00:00,50.18760299682617
srv-007,2017-06-02 04:00:00,48.00726318359375
srv-007,2017-06-02 05:00:00,52.047019958496094
srv-007,2017-06-02 06:00:00,50.900630950927734
srv-007,2017-06-02 07:00:00,53.65729522705078
srv-007,2017-06-02 08:00:00,54.97345733642578
srv-007,2017-06-02 09:00:00,52.326576232910156
srv-007,2017-06-02 10:00:00,46.41368103027344
srv-007,2017-06-02 11:00:00,49.00732421875
srv-007,2017-06-02 12:00:00,44.57926940917969
srv-007,2017-06-02 13:00:00,42.96773910522461
srv-007,2017-06-02 14:00:00,45.232810974121094
srv-007,2017-06-02 15:00:00,42.89101028442383
srv-007,2017-06-02 16:00:00,41.85110092163086
srv-007,2017-06-02 17:00:00,42.62762451171875
srv-007,2017-06-02 18:00:00,41.734046936035156
srv-007,2017-06-02 19:00:00,40.233394622802734
srv-007,2017-06-02 20:00:00,38.094154357910156
srv-007,2017-06-02 21:00:00,37.71272277832031
srv-007,2017-06-02 22:00:00,37.82592010498047
srv-007,2017-06-02 23:00:00,37.5747184753418
srv-007,2017-06-03 00:00:00,38.61106491088867
srv-007,2017-06-03 01:00:00,39.46331024169922
srv-007,2017-06-03 02:00:00,40.991943359375
srv-007,2017-06-03 03:00:00,39.86036682128906
srv-007,2017-06-03 04:00:00,39.76760482788086
srv-007,2017-06-03 05:00:00,41.68502426147461
srv-007,2017-06-03 06:00:00,43.092308044433594
srv-007,2017-06-03 07:00:00,42.2348518371582
srv-007,2017-06-03 08:00:00,40.994873046875
srv-007,2017-06-03 09:00:00,40.59773635864258
srv-007,2017-06-03 10:00:00,39.96674346923828
srv-007,2017-06-03 11:00:00,40.55049133300781
srv-007,2017-06-03 12:00:00,44.91493225097656
srv-007,2017-06-03 13:00:00,43.498348236083984
srv-007,2017-06-03 14:00:00,43.63005065917969
srv-007,2017-06-03 15:00:00,40.88654708862305
srv-007,2017-06-03 16:00:00,39.483436584472656
srv-007,2017-06-03 17:00:00,40.75703430175781
srv-007,2017-06-03 18:00:00,39.54339599609375
srv-007,2017-06-03 19:00:00,37.46927261352539
srv-007,2017-06-03 20:00:00,39.0772705078125
srv-007,2017-06-03 21:00:00,39.073814392089844
srv-007,2017-06-03 22:00:00,38.193363189697266
srv-007,2017-06-03 23:00:00,37.15005874633789
srv-007,2017-06-04 00:00:00,37.79694366455078
srv-007,2017-06-04 01:00:00,39.061363220214844
srv-007,2017-06-04 02:00:00,39.78813552856445
srv-007,2017-06-04 03:00:00,39.023868560791016
srv-007,2017-06-04 04:00:00,38.138484954833984
srv-007,2017-06-04 05:00:00,37.51526641845703
srv-007,2017-06-04 06:00:00,39.00750732421875
srv-007,2017-06-04 07:00:00,40.02265167236328
srv-007,2017-06-04 08:00:00,42.75257873535156
srv-007,2017-06-04 09:00:00,42.18157958984375
srv-007,2017-06-04 10:00:00,41.57867431640625
srv-007,2017-06-04 11:00:00,42.50969696044922
srv-007,2017-06-04 12:00:00,42.73619842529297
srv-007,2017-06-04 13:00:00,44.13296890258789
srv-007,2017-06-04 14:00:00,43.27307891845703
srv-007,2017-06-04 15:00:00,45.366233825683594
srv-007,2017-06-04 16:00:00,46.63548278808594
srv-007,2017-06-04 17:00:00,44.61475372314453
srv-007,2017-06-04 18:00:00,40.2105827331543
srv-007,2017-06-04 19:00:00,39.295223236083984
srv-007,2017-06-04 20:00:00,39.23702621459961
srv-007,2017-06-04 21:00:00,39.539024353027344
srv-007,2017-06-04 22:00:00,38.09242248535156
srv-007,2017-06-04 23:00:00,37.056549072265625
srv-007,2017-06-05 00:00:00,35.699249267578125
srv-007,2017-06-05 01:00:00,34.14194869995117
srv-007,2017-06-05 02:00:00,32.540382385253906
srv-007,2017-06-05 03:00:00,35.38417053222656
srv-007,2017-06-05 04:00:00,36.470664978027344
srv-007,2017-06-05 05:00:00,39.726715087890625
srv-007,2017-06-05 06:00:00,36.48760986328125
srv-007,2017-06-05 07:00:00,35.650630950927734
srv-007,2017-06-05 08:00:00,38.725284576416016
srv-007,2017-06-05 09:00:00,32.42036056518555
srv-007,2017-06-05 10:00:00,36.92033767700195
srv-007,2017-06-05 11:00:00,38.92107009887695
srv-007,2017-06-05 12:00:00,38.85144805908203
srv-007,2017-06-05 13:00:00,43.86109924316406
srv-007,2017-06-05 14:00:00,42.57933044433594
srv-007,2017-06-05 15:00:00,43.44573211669922
srv-007,2017-06-05 16:00:00,46.25481033325195
srv-007,2017-06-05 17:00:00,45.57209396362305
srv-007,2017-06-05 18:00:00,44.75461196899414
srv-007,2017-06-05 19:00:00,43.68389129638672
srv-007,2017-06-05 20:00:00,42.309810638427734
srv-007,2017-06-05 21:00:00,41.46792984008789
srv-007,2017-06-05 22:00:00,41.50304412841797
srv-007,2017-06-05 23:00:00,40.94252014160156
srv-007,2017-06-06 00:00:00,39.03247833251953
srv-007,2017-06-06 01:00:00,44.162139892578125
srv-007,2017-06-06 02:00:00,44.66042709350586
srv-007,2017-06-06 03:00:00,46.866458892822266
srv-007,2017-06-06 04:00:00,49.01128387451172
srv-007,2017-06-06 05:00:00,46.590145111083984
srv-007,2017-06-06 06:00:00,44.806297302246094
srv-007,2017-06-06 07:00:00,44.62061309814453
srv-007,2017-06-06 08:00:00,48.37821960449219
srv-007,2017-06-06 09:00:00,47.899776458740234
srv-007,2017-06-06 10:00:00,50.05712127685547
srv-007,2017-06-06 11:00:00,52.37818145751953
srv-007,2017-06-06 12:00:00,54.04578399658203
srv-007,2017-06-06 13:00:00,52.118202209472656
srv-007,2017-06-06 14:00:00,54.70709228515625
srv-007,2017-06-06 15:00:00,55.65101623535156
srv-007,2017-06-06 16:00:00,52.35955047607422
srv-007,2017-06-06 17:00:00,52.88962173461914
srv-007,2017-06-06 18:00:00,47.440982818603516
srv-007,2017-06-06 19:00:00,47.739315032958984
srv-007,2017-06-06 20:00:00,48.18175506591797
srv-007,2017-06-06 21:00:00,49.315608978271484
srv-007,2017-06-06 22:00:00,48.269065856933594
srv-007,2017-06-06 23:00:00,48.28271484375
srv-007,2017-06-07 00:00:00,53.158721923828125
srv-007,2017-06-07 01:00:00,51.00321960449219
srv-007,2017-06-07 02:00:00,50.08761215209961
srv-007,2017-06-07 03:00:00,51.20439910888672
srv-007,2017-06-07 04:00:00,53.028751373291016
srv-007,2017-06-07 05:00:00,53.45292663574219
srv-007,2017-06-07 06:00:00,50.917659759521484
srv-007,2017-06-07 07:00:00,49.545989990234375
srv-007,2017-06-07 08:00:00,50.8217887878418
srv-007,2017-06-07 09:00:00,48.01301956176758
srv-007,2017-06-07 10:00:00,50.079044342041016
srv-007,2017-06-07 11:00:00,50.99999237060547
srv-007,2017-06-07 12:00:00,50.04458999633789
srv-007,2017-06-07 13:00:00,50.52377700805664
srv-007,2017-06-07 14:00:00,55.011451721191406
srv-007,2017-06-07 15:00:00,56.197662353515625
srv-007,2017-06-07 16:00:00,56.104190826416016
srv-007,2017-06-07 17:00:00,57.50105285644531
srv-007,2017-06-07 18:00:00,55.44996643066406
srv-007,2017-06-07 19:00:00,52.77113723754883
srv-007,2017-06-07 20:00:00,54.89630889892578
srv-007,2017-06-07 21:00:00,54.674842834472656
srv-007,2017-06-07 22:00:00,51.96611785888672
srv-007,2017-06-07 23:00:00,51.909210205078125
srv-007,2017-06-08 00:00:00,49.824485778808594
srv-007,2017-06-08 01:00:00,47.40770721435547
srv-007,2017-06-08 02:00:00,47.15177917480469
srv-007,2017-06-08 03:00:00,50.47154235839844
srv-007,2017-06-08 04:00:00,50.159523010253906
srv-007,2017-06-08 05:00:00,48.15072250366211
srv-007,2017-06-08 06:00:00,49.12574005126953
srv-007,2017-06-08 07:00:00,47.85015106201172
srv-007,2017-06-08 08:00:00,49.100894927978516
srv-007,2017-06-08 09:00:00,51.54786682128906
srv-007,2017-06-08 10:00:00,52.66558837890625
srv-007,2017-06-08 11:00:00,52.227455139160156
srv-007,2017-06-08 12:00:00,54.23210906982422
srv-007,2017-06-08 13:00:00,52.845558166503906
srv-007,2017-06-08 14:00:00,53.92283630371094
srv-007,2017-06-08 15:00:00,53.34123229980469
srv-007,2017-06-08 16:00:00,52.00803756713867
srv-007,2017-06-08 17:00:00,50.0814208984375
srv-007,2017-06-08 18:00:00,46.94184112548828
srv-007,2017-06-08 19:00:00,45.4767951965332
srv-007,2017-06-08 20:00:00,47.4752197265625
srv-007,2017-06-08 21:00:00,45.490684509277344
srv-007,2017-06-08 22:00:00,45.422855377197266
srv-007,2017-06-08 23:00:00,44.72230911254883
srv-007,2017-06-09 00:00:00,43.083160400390625
srv-007,2017-06-09 01:00:00,44.413726806640625
srv-007,2017-06-09 02:00:00,43.41956329345703
srv-007,2017-06-09 03:00:00,41.55070495605469
srv-007,2017-06-09 04:00:00,44.839569091796875
srv-007,2017-06-09 05:00:00,47.21796417236328
srv-007,2017-06-09 06:00:00,44.19126510620117
srv-007,2017-06-09 07:00:00,42.83799362182617
srv-007,2017-06-09 08:00:00,42.66844940185547
srv-007,2017-06-09 09:00:00,41.870338439941406
srv-007,2017-06-09 10:00:00,42.82847595214844
srv-007,2017-06-09 11:00:00,41.531707763671875
srv-007,2017-06-09 12:00:00,40.499412536621094
srv-007,2017-06-09 13:00:00,39.19031524658203
srv-007,2017-06-09 14:00:00,39.65583038330078
srv-007,2017-06-09 15:00:00,41.08806610107422
srv-007,2017-06-09 16:00:00,39.71295166015625
srv-007,2017-06-09 17:00:00,39.912052154541016
srv-007,2017-06-09 18:00:00,38.12481689453125
srv-007,2017-06-09 19:00:00,39.00553512573242
srv-007,2017-06-09 20:00:00,39.20044708251953
srv-007,2017-06-09 21:00:00,38.78546142578125
srv-007,2017-06-09 22:00:00,38.817100524902344
srv-007,2017-06-09 23:00:00,39.55509567260742
srv-007,2017-06-10 00:00:00,38.8221435546875
srv-007,2017-06-10 01:00:00,39.580963134765625
srv-007,2017-06-10 02:00:00,41.06864929199219
srv-007,2017-06-10 03:00:00,40.49230194091797
srv-007,2017-06-10 04:00:00,41.094200134277344
srv-007,2017-06-10 05:00:00,37.91914749145508
srv-007,2017-06-10 06:00:00,36.70042419433594
srv-007,2017-06-10 07:00:00,34.13297653198242
srv-007,2017-06-10 08:00:00,36.483726501464844
srv-007,2017-06-10 09:00:00,36.692752838134766
srv-007,2017-06-10 10:00:00,37.997249603271484
srv-007,2017-06-10 11:00:00,39.76249694824219
srv-007,2017-06-10 12:00:00,36.553565979003906
srv-007,2017-06-10 13:00:00,39.018028259277344
srv-007,2017-06-10 14:00:00,40.796043395996094
srv-007,2017-06-10 15:00:00,42.59128952026367
srv-007,2017-06-10 16:00:00,41.99324035644531
srv-007,2017-06-10 17:00:00,42.00400161743164
srv-007,2017-06-10 18:00:00,42.48500061035156
srv-007,2017-06-10 19:00:00,39.79113006591797
srv-007,2017-06-10 20:00:00,33.77754592895508
srv-007,2017-06-10 21:00:00,34.97962188720703
srv-007,2017-06-10 22:00:00,37.15280532836914
srv-007,2017-06-10 23:00:00,36.415306091308594
srv-007,2017-06-11 00:00:00,35.75560760498047
srv-007,2017-06-11 01:00:00,38.031700134277344
srv-007,2017-06-11 02:00:00,40.85355758666992
srv-007,2017-06-11 03:00:00,38.95085906982422
srv-007,2017-06-11 04:00:00,41.061134338378906
srv-007,2017-06-11 05:00:00,39.54986572265625
srv-007,2017-06-11 06:00:00,36.159393310546875
srv-007,2017-06-11 07:00:00,37.148712158203125
srv-007,2017-06-11 08:00:00,37.92307662963867
srv-007,2017-06-11 09:00:00,37.84265899658203
srv-007,2017-06-11 10:00:00,38.20515823364258
srv-007,2017-06-11 11:00:00,38.48517608642578
srv-007,2017-06-11 12:00:00,41.070518493652344
srv-007,2017-06-11 13:00:00,42.842933654785156
srv-007,2017-06-11 14:00:00,43.33382797241211
srv-007,2017-06-11 15:00:00,37.14564514160156
srv-007,2017-06-11 16:00:00,39.12605285644531
srv-007,2017-06-11 17:00:00,39.192527770996094
srv-007,2017-06-11 18:00:00,39.53369140625
srv-007,2017-06-11 19:00:00,39.223079681396484
srv-007,2017-06-11 20:00:00,38.59040832519531
srv-007,2017-06-11 21:00:00,37.47160339355469
srv-007,2017-06-11 22:00:00,37.278377532958984
srv-007,2017-06-11 23:00:00,38.79579544067383
srv-007,2017-06-12 00:00:00,40.60013198852539
srv-007,2017-06-12 01:00:00,36.56318283081055
srv-007,2017-06-12 02:00:00,36.0091438293457
srv-007,2017-06-12 03:00:00,37.31752014160156
srv-007,2017-06-12 04:00:00,37.161766052246094
srv-007,2017-06-12 05:00:00,37.805198669433594
srv-007,2017-06-12 06:00:00,37.916038513183594
srv-007,2017-06-12 07:00:00,36.78377914428711
srv-007,2017-06-12 08:00:00,36.792633056640625
srv-007,2017-06-12 09:00:00,37.163211822509766
srv-007,2017-06-12 10:00:00,38.96347427368164
srv-007,2017-06-12 11:00:00,42.98698425292969
srv-007,2017-06-12 12:00:00,42.09175109863281
srv-007,2017-06-12 13:00:00,45.65664291381836
srv-007,2017-06-12 14:00:00,41.3082275390625
srv-007,2017-06-12 15:00:00,37.65372848510742
srv-007,2017-06-12 16:00:00,37.88214874267578
srv-007,2017-06-12 17:00:00,43.530487060546875
srv-007,2017-06-12 18:00:00,43.3697509765625
srv-007,2017-06-12 19:00:00,42.12118148803711
srv-007,2017-06-12 20:00:00,40.62516784667969
srv-007,2017-06-12 21:00:00,40.27714920043945
srv-007,2017-06-12 22:00:00,43.00617980957031
srv-007,2017-06-12 23:00:00,42.77134704589844
srv-007,2017-06-13 00:00:00,44.84144973754883
srv-007,2017-06-13 01:00:00,47.255104064941406
srv-007,2017-06-13 02:00:00,47.69989013671875
srv-007,2017-06-13 03:00:00,48.79419708251953
srv-007,2017-06-13 04:00:00,41.70661163330078
srv-007,2017-06-13 05:00:00,41.957557678222656
srv-007,2017-06-13 06:00:00,47.11824035644531
srv-007,2017-06-13 07:00:00,44.85597229003906
srv-007,2017-06-13 08:00:00,47.39710235595703
srv-007,2017-06-13 09:00:00,45.52928161621094
srv-007,2017-06-13 10:00:00,47.78850555419922
srv-007,2017-06-13 11:00:00,51.719078063964844
srv-007,2017-06-13 12:00:00,53.16136932373047
srv-007,2017-06-13 13:00:00,56.964515686035156
srv-007,2017-06-13 14:00:00,57.59331512451172
srv-007,2017-06-13 15:00:00,53.62001037597656
srv-007,2017-06-13 16:00:00,50.3064079284668
srv-007,2017-06-13 17:00:00,46.73615264892578
srv-007,2017-06-13 18:00:00,46.36980438232422
srv-007,2017-06-13 19:00:00,47.165531158447266
srv-007,2017-06-13 20:00:00,46.976898193359375
srv-007,2017-06-13 21:00:00,47.565128326416016
srv-007,2017-06-13 22:00:00,49.24583435058594
srv-007,2017-06-13 23:00:00,46.82609558105469
srv-007,2017-06-14 00:00:00,49.06342315673828
srv-007,2017-06-14 01:00:00,50.9879035949707
srv-007,2017-06-14 02:00:00,53.08672332763672
srv-007,2017-06-14 03:00:00,53.421051025390625
srv-007,2017-06-14 04:00:00,55.403236389160156
srv-007,2017-06-14 05:00:00,52.05012512207031
srv-007,2017-06-14 06:00:00,50.78108215332031
srv-007,2017-06-14 07:00:00,51.44264221191406
srv-007,2017-06-14 08:00:00,51.329444885253906
srv-007,2017-06-14 09:00:00,51.34288787841797
srv-007,2017-06-14 10:00:00,52.36943817138672
srv-007,2017-06-14 11:00:00,54.730010986328125
srv-007,2017-06-14 12:00:00,54.52218246459961
srv-007,2017-06-14 13:00:00,55.147953033447266
srv-007,2017-06-14 14:00:00,52.41637420654297
srv-007,2017-06-14 15:00:00,57.594566345214844
srv-007,2017-06-14 16:00:00,56.41307830810547
srv-007,2017-06-14 17:00:00,53.38458251953125
srv-007,2017-06-14 18:00:00,51.81934356689453
srv-007,2017-06-14 19:00:00,50.94905090332031
srv-007,2017-06-14 20:00:00,50.02165985107422
srv-007,2017-06-14 21:00:00,50.33914566040039
srv-007,2017-06-14 22:00:00,47.67786407470703
srv-007,2017-06-14 23:00:00,47.270301818847656
srv-007,2017-06-15 00:00:00,47.9976692199707
srv-007,2017-06-15 01:00:00,51.81561279296875
srv-007,2017-06-15 02:00:00,47.805816650390625
srv-007,2017-06-15 03:00:00,47.671234130859375
srv-007,2017-06-15 04:00:00,50.67700958251953
srv-007,2017-06-15 05:00:00,52.577232360839844
srv-007,2017-06-15 06:00:00,53.317691802978516
srv-007,2017-06-15 07:00:00,49.82212829589844
srv-007,2017-06-15 08:00:00,50.136478424072266
srv-007,2017-06-15 09:00:00,47.964637756347656
srv-007,2017-06-15 10:00:00,48.72264099121094
srv-007,2017-06-15 11:00:00,49.628440856933594
srv-007,2017-06-15 12:00:00,52.64786911010742
srv-007,2017-06-15 13:00:00,51.48888397216797
srv-007,2017-06-15 14:00:00,48.25007247924805
srv-007,2017-06-15 15:00:00,50.36573028564453
srv-007,2017-06-15 16:00:00,49.07353591918945
srv-007,2017-06-15 17:00:00,47.60858917236328
srv-007,2017-06-15 18:00:00,48.164669036865234
srv-007,2017-06-15 19:00:00,45.37933349609375
srv-007,2017-06-15 20:00:00,44.833473205566406
srv-007,2017-06-15 21:00:00,45.17543411254883
srv-007,2017-06-15 22:00:00,43.939361572265625
srv-007,2017-06-15 23:00:00,43.82971954345703
srv-007,2017-06-16 00:00:00,43.27592468261719
srv-007,2017-06-16 01:00:00,41.658260345458984
srv-007,2017-06-16 02:00:00,39.639739990234375
srv-007,2017-06-16 03:00:00,41.060630798339844
srv-007,2017-06-16 04:00:00,44.86293029785156
srv-007,2017-06-16 05:00:00,45.128753662109375
srv-007,2017-06-16 06:00:00,43.959503173828125
srv-007,2017-06-16 07:00:00,46.86913299560547
srv-007,2017-06-16 08:00:00,47.36494445800781
srv-007,2017-06-16 09:00:00,42.79450607299805
srv-007,2017-06-16 10:00:00,42.344764709472656
srv-007,2017-06-16 11:00:00,42.40641784667969
srv-007,2017-06-16 12:00:00,44.78775405883789
srv-007,2017-06-16 13:00:00,44.464454650878906
srv-007,2017-06-16 14:00:00,42.78467559814453
srv-007,2017-06-16 15:00:00,41.522361755371094
srv-007,2017-06-16 16:00:00,41.62208557128906
srv-007,2017-06-16 17:00:00,41.92521286010742
srv-007,2017-06-16 18:00:00,41.56737518310547
srv-007,2017-06-16 19:00:00,41.94785690307617
srv-007,2017-06-16 20:00:00,38.03091049194336
srv-007,2017-06-16 21:00:00,38.38041687011719
srv-007,2017-06-16 22:00:00,38.323509216308594
srv-007,2017-06-16 23:00:00,38.11234664916992
srv-007,2017-06-17 00:00:00,34.993003845214844
srv-007,2017-06-17 01:00:00,35.8222770690918
srv-007,2017-06-17 02:00:00,37.20430374145508
srv-007,2017-06-17 03:00:00,35.834144592285156
srv-007,2017-06-17 04:00:00,39.57215881347656
srv-007,2017-06-17 05:00:00,39.779781341552734
srv-007,2017-06-17 06:00:00,42.94990921020508
srv-007,2017-06-17 07:00:00,38.4425048828125
srv-007,2017-06-17 08:00:00,38.305877685546875
srv-007,2017-06-17 09:00:00,41.684043884277344
srv-007,2017-06-17 10:00:00,39.95293426513672
srv-007,2017-06-17 11:00:00,39.80059814453125
srv-007,2017-06-17 12:00:00,38.77154541015625
srv-007,2017-06-17 13:00:00,37.80141067504883
srv-007,2017-06-17 14:00:00,38.67497253417969
srv-007,2017-06-17 15:00:00,38.51293182373047
srv-007,2017-06-17 16:00:00,38.4149169921875
srv-007,2017-06-17 17:00:00,39.64625549316406
srv-007,2017-06-17 18:00:00,40.80169677734375
srv-007,2017-06-17 19:00:00,41.71015930175781
srv-007,2017-06-17 20:00:00,39.89164733886719
srv-007,2017-06-17 21:00:00,37.61973190307617
srv-007,2017-06-17 22:00:00,37.19867706298828
srv-007,2017-06-17 23:00:00,37.89204788208008
srv-007,2017-06-18 00:00:00,37.898094177246094
srv-007,2017-06-18 01:00:00,38.066925048828125
srv-007,2017-06-18 02:00:00,36.934837341308594
srv-007,2017-06-18 03:00:00,35.412235260009766
srv-007,2017-06-18 04:00:00,37.57823944091797
srv-007,2017-06-18 05:00:00,39.09690475463867
srv-007,2017-06-18 06:00:00,36.31985855102539
srv-007,2017-06-18 07:00:00,38.17655944824219
srv-007,2017-06-18 08:00:00,39.093299865722656
srv-007,2017-06-18 09:00:00,41.900062561035156
srv-007,2017-06-18 10:00:00,41.30284881591797
srv-007,2017-06-18 11:00:00,42.33188247680664
srv-007,2017-06-18 12:00:00,47.80201721191406
srv-007,2017-06-18 13:00:00,46.63286590576172
srv-007,2017-06-18 14:00:00,45.27090072631836
srv-007,2017-06-18 15:00:00,42.58243179321289
srv-007,2017-06-18 16:00:00,42.46559524536133
srv-007,2017-06-18 17:00:00,43.63819885253906
srv-007,2017-06-18 18:00:00,42.7419548034668
srv-007,2017-06-18 19:00:00,40.784515380859375
srv-007,2017-06-18 20:00:00,38.94852066040039
srv-007,2017-06-18 21:00:00,36.96406555175781
srv-007,2017-06-18 22:00:00,36.17673873901367
srv-007,2017-06-18 23:00:00,36.40312194824219
srv-007,2017-06-19 00:00:00,34.5268669128418
srv-007,2017-06-19 01:00:00,37.56803894042969
srv-007,2017-06-19 02:00:00,38.91032409667969
srv-007,2017-06-19 03:00:00,32.222415924072266
srv-007,2017-06-19 04:00:00,35.100101470947266
srv-007,2017-06-19 05:00:00,38.46379470825195
srv-007,2017-06-19 06:00:00,40.08499526977539
srv-007,2017-06-19 07:00:00,38.920265197753906
srv-007,2017-06-19 08:00:00,44.02576446533203
srv-007,2017-06-19 09:00:00,42.514381408691406
srv-007,2017-06-19 10:00:00,43.71961212158203
srv-007,2017-06-19 11:00:00,46.04628372192383
srv-007,2017-06-19 12:00:00,45.06195831298828
srv-007,2017-06-19 13:00:00,47.269466400146484
srv-007,2017-06-19 14:00:00,49.959251403808594
srv-007,2017-06-19 15:00:00,47.34523391723633
srv-007,2017-06-19 16:00:00,44.279605865478516
srv-007,2017-06-19 17:00:00,43.35449981689453
srv-007,2017-06-19 18:00:00,47.148948669433594
srv-007,2017-06-19 19:00:00,46.995941162109375
srv-007,2017-06-19 20:00:00,49.62639617919922
srv-007,2017-06-19 21:00:00,46.41692352294922
srv-007,2017-06-19 22:00:00,45.164878845214844
srv-007,2017-06-19 23:00:00,44.09078598022461
srv-007,2017-06-20 00:00:00,45.006080627441406
srv-007,2017-06-20 01:00:00,45.224613189697266
srv-007,2017-06-20 02:00:00,42.7545166015625
srv-007,2017-06-20 03:00:00,46.11956787109375
srv-007,2017-06-20 04:00:00,47.03188705444336
srv-007,2017-06-20 05:00:00,47.63018035888672
srv-007,2017-06-20 06:00:00,51.123783111572266
srv-007,2017-06-20 07:00:00,51.01252746582031
srv-007,2017-06-20 08:00:00,54.052879333496094
srv-007,2017-06-20 09:00:00,52.77358627319336
srv-007,2017-06-20 10:00:00,50.66985321044922
srv-007,2017-06-20 11:00:00,50.652610778808594
srv-007,2017-06-20 12:00:00,53.805152893066406
srv-007,2017-06-20 13:00:00,52.50407791137695
srv-007,2017-06-20 14:00:00,53.647064208984375
srv-007,2017-06-20 15:00:00,54.54342269897461
srv-007,2017-06-20 16:00:00,53.083744049072266
srv-007,2017-06-20 17:00:00,52.510414123535156
srv-007,2017-06-20 18:00:00,50.847801208496094
srv-007,2017-06-20 19:00:00,51.85539245605469
srv-007,2017-06-20 20:00:00,48.64393615722656
srv-007,2017-06-20 21:00:00,50.165199279785156
srv-007,2017-06-20 22:00:00,50.624305725097656
srv-007,2017-06-20 23:00:00,48.13907241821289
srv-007,2017-06-21 00:00:00,48.91600036621094
srv-007,2017-06-21 01:00:00,53.26971435546875
srv-007,2017-06-21 02:00:00,52.3785400390625
srv-007,2017-06-21 03:00:00,50.360992431640625
srv-007,2017-06-21 04:00:00,53.39561462402344
srv-007,2017-06-21 05:00:00,50.78758239746094
srv-007,2017-06-21 06:00:00,51.01411056518555
srv-007,2017-06-21 07:00:00,50.944801330566406
srv-007,2017-06-21 08:00:00,53.83989715576172
srv-007,2017-06-21 09:00:00,54.34324645996094
srv-007,2017-06-21 10:00:00,51.89051055908203
srv-007,2017-06-21 11:00:00,60.45450210571289
srv-007,2017-06-21 12:00:00,59.14634323120117
srv-007,2017-06-21 13:00:00,55.76097106933594
srv-007,2017-06-21 14:00:00,56.37671661376953
srv-007,2017-06-21 15:00:00,56.71072769165039
srv-007,2017-06-21 16:00:00,59.485130310058594
srv-007,2017-06-21 17:00:00,57.555030822753906
srv-007,2017-06-21 18:00:00,55.61442565917969
srv-007,2017-06-21 19:00:00,56.877891540527344
srv-007,2017-06-21 20:00:00,55.084022521972656
srv-007,2017-06-21 21:00:00,56.86924743652344
srv-007,2017-06-21 22:00:00,55.9536018371582
srv-007,2017-06-21 23:00:00,53.565162658691406
srv-007,2017-06-22 00:00:00,52.788978576660156
srv-007,2017-06-22 01:00:00,51.688995361328125
srv-007,2017-06-22 02:00:00,51.7066764831543
srv-007,2017-06-22 03:00:00,52.6768913269043
srv-007,2017-06-22 04:00:00,49.24090576171875
srv-007,2017-06-22 05:00:00,51.47726821899414
srv-007,2017-06-22 06:00:00,52.675296783447266
srv-007,2017-06-22 07:00:00,48.121864318847656
srv-007,2017-06-22 08:00:00,50.37278747558594
srv-007,2017-06-22 09:00:00,51.03175735473633
srv-007,2017-06-22 10:00:00,53.4088134765625
srv-007,2017-06-22 11:00:00,56.17304229736328
srv-007,2017-06-22 12:00:00,55.691646575927734
srv-007,2017-06-22 13:00:00,53.196651458740234
srv-007,2017-06-22 14:00:00,51.34675216674805
srv-007,2017-06-22 15:00:00,49.70621109008789
srv-007,2017-06-22 16:00:00,48.686038970947266
srv-007,2017-06-22 17:00:00,48.77772521972656
srv-007,2017-06-22 18:00:00,49.63120651245117
srv-007,2017-06-22 19:00:00,46.88671112060547
srv-007,2017-06-22 20:00:00,46.04740524291992
srv-007,2017-06-22 21:00:00,45.015682220458984
srv-007,2017-06-22 22:00:00,43.941200256347656
srv-007,2017-06-22 23:00:00,43.154396057128906
srv-007,2017-06-23 00:00:00,41.35495376586914
srv-007,2017-06-23 01:00:00,41.19840621948242
srv-007,2017-06-23 02:00:00,40.61769485473633
srv-007,2017-06-23 03:00:00,42.51588821411133
srv-007,2017-06-23 04:00:00,41.271453857421875
srv-007,2017-06-23 05:00:00,40.9873161315918
srv-007,2017-06-23 06:00:00,42.069061279296875
srv-007,2017-06-23 07:00:00,40.752384185791016
srv-007,2017-06-23 08:00:00,41.203826904296875
srv-007,2017-06-23 09:00:00,42.76879119873047
srv-007,2017-06-23 10:00:00,42.145904541015625
srv-007,2017-06-23 11:00:00,42.80742645263672
srv-007,2017-06-23 12:00:00,44.33294677734375
srv-007,2017-06-23 13:00:00,42.258121490478516
srv-007,2017-06-23 14:00:00,42.20410919189453
srv-007,2017-06-23 15:00:00,41.857582092285156
srv-007,2017-06-23 16:00:00,42.629920959472656
srv-007,2017-06-23 17:00:00,43.31742858886719
srv-007,2017-06-23 18:00:00,42.83094024658203
srv-007,2017-06-23 19:00:00,40.14370346069336
srv-007,2017-06-23 20:00:00,40.512596130371094
srv-007,2017-06-23 21:00:00,40.009395599365234
srv-007,2017-06-23 22:00:00,38.72832489013672
srv-007,2017-06-23 23:00:00,36.99256896972656
srv-007,2017-06-24 00:00:00,37.71135711669922
srv-007,2017-06-24 01:00:00,40.26569366455078
srv-007,2017-06-24 02:00:00,39.58254623413086
srv-007,2017-06-24 03:00:00,41.916812896728516
srv-007,2017-06-24 04:00:00,42.384185791015625
srv-007,2017-06-24 05:00:00,44.47892761230469
srv-007,2017-06-24 06:00:00,43.10799789428711
srv-007,2017-06-24 07:00:00,32.454551696777344
srv-007,2017-06-24 08:00:00,33.134464263916016
srv-007,2017-06-24 09:00:00,37.56863021850586
srv-007,2017-06-24 10:00:00,35.46942138671875
srv-007,2017-06-24 11:00:00,38.33372116088867
srv-007,2017-06-24 12:00:00,41.594322204589844
srv-007,2017-06-24 13:00:00,43.75116729736328
srv-007,2017-06-24 14:00:00,43.43016815185547
srv-007,2017-06-24 15:00:00,41.64628982543945
srv-007,2017-06-24 16:00:00,44.475830078125
srv-007,2017-06-24 17:00:00,43.28197479248047
srv-007,2017-06-24 18:00:00,43.23829650878906
srv-007,2017-06-24 19:00:00,43.82847213745117
srv-007,2017-06-24 20:00:00,42.97384262084961
srv-007,2017-06-24 21:00:00,40.447113037109375
srv-007,2017-06-24 22:00:00,38.99022674560547
srv-007,2017-06-24 23:00:00,37.880760192871094
srv-007,2017-06-25 00:00:00,40.65863800048828
srv-007,2017-06-25 01:00:00,40.05338668823242
srv-007,2017-06-25 02:00:00,40.82778549194336
srv-007,2017-06-25 03:00:00,39.57478332519531
srv-007,2017-06-25 04:00:00,39.386024475097656
srv-007,2017-06-25 05:00:00,41.8520393371582
srv-007,2017-06-25 06:00:00,39.23765182495117
srv-007,2017-06-25 07:00:00,37.12633514404297
srv-007,2017-06-25 08:00:00,38.129234313964844
srv-007,2017-06-25 09:00:00,38.16005325317383
srv-007,2017-06-25 10:00:00,39.08013153076172
srv-007,2017-06-25 11:00:00,39.86317825317383
srv-007,2017-06-25 12:00:00,41.26249694824219
srv-007,2017-06-25 13:00:00,44.132293701171875
srv-007,2017-06-25 14:00:00,42.43655014038086
srv-007,2017-06-25 15:00:00,46.06956100463867
srv-007,2017-06-25 16:00:00,46.57990264892578
srv-007,2017-06-25 17:00:00,48.4037971496582
srv-007,2017-06-25 18:00:00,48.542518615722656
srv-007,2017-06-25 19:00:00,41.92204284667969
srv-007,2017-06-25 20:00:00,40.71876907348633
srv-007,2017-06-25 21:00:00,40.272369384765625
srv-007,2017-06-25 22:00:00,39.5193977355957
srv-007,2017-06-25 23:00:00,38.627315521240234
srv-007,2017-06-26 00:00:00,37.96158981323242
srv-007,2017-06-26 01:00:00,34.30496597290039
srv-007,2017-06-26 02:00:00,36.146583557128906
srv-007,2017-06-26 03:00:00,39.573970794677734
srv-007,2017-06-26 04:00:00,39.947174072265625
srv-007,2017-06-26 05:00:00,42.930259704589844
srv-007,2017-06-26 06:00:00,42.596900939941406
srv-007,2017-06-26 07:00:00,39.06703186035156
srv-007,2017-06-26 08:00:00,38.593387603759766
srv-007,2017-06-26 09:00:00,34.933349609375
srv-007,2017-06-26 10:00:00,42.09215545654297
srv-007,2017-06-26 11:00:00,41.708709716796875
srv-007,2017-06-26 12:00:00,45.3293342590332
srv-007,2017-06-26 13:00:00,45.146881103515625
srv-007,2017-06-26 14:00:00,46.09364318847656
srv-007,2017-06-26 15:00:00,46.61192321777344
srv-007,2017-06-26 16:00:00,46.97398376464844
srv-007,2017-06-26 17:00:00,45.56228256225586
srv-007,2017-06-26 18:00:00,43.19434356689453
srv-007,2017-06-26 19:00:00,44.07838439941406
srv-007,2017-06-26 20:00:00,43.40671920776367
srv-007,2017-06-26 21:00:00,42.884765625
srv-007,2017-06-26 22:00:00,41.268985748291016
srv-007,2017-06-26 23:00:00,41.51152038574219
srv-007,2017-06-27 00:00:00,44.67533493041992
srv-007,2017-06-27 01:00:00,43.586849212646484
srv-007,2017-06-27 02:00:00,46.95930480957031
srv-007,2017-06-27 03:00:00,41.220619201660156
srv-007,2017-06-27 04:00:00,41.187896728515625
srv-007,2017-06-27 05:00:00,45.759254455566406
srv-007,2017-06-27 06:00:00,45.0850944519043
srv-007,2017-06-27 07:00:00,43.95810317993164
srv-007,2017-06-27 08:00:00,47.048519134521484
srv-007,2017-06-27 09:00:00,47.81018829345703
srv-007,2017-06-27 10:00:00,48.94269943237305
srv-007,2017-06-27 11:00:00,46.37120056152344
srv-007,2017-06-27 12:00:00,48.242271423339844
srv-007,2017-06-27 13:00:00,47.25139617919922
srv-007,2017-06-27 14:00:00,47.977596282958984
srv-007,2017-06-27 15:00:00,49.66559600830078
srv-007,2017-06-27 16:00:00,52.84242248535156
srv-007,2017-06-27 17:00:00,52.3426513671875
srv-007,2017-06-27 18:00:00,53.22017288208008
srv-007,2017-06-27 19:00:00,49.543304443359375
srv-007,2017-06-27 20:00:00,49.21488952636719
srv-007,2017-06-27 21:00:00,51.95240783691406
srv-007,2017-06-27 22:00:00,48.47947692871094
srv-007,2017-06-27 23:00:00,47.83953094482422
srv-007,2017-06-28 00:00:00,50.99497985839844
srv-007,2017-06-28 01:00:00,48.878421783447266
srv-007,2017-06-28 02:00:00,49.47724914550781
srv-007,2017-06-28 03:00:00,50.222450256347656
srv-007,2017-06-28 04:00:00,49.283355712890625
srv-007,2017-06-28 05:00:00,49.586830139160156
srv-007,2017-06-28 06:00:00,50.35970687866211
srv-007,2017-06-28 07:00:00,49.92033767700195
srv-007,2017-06-28 08:00:00,54.893455505371094
srv-007,2017-06-28 09:00:00,52.654151916503906
srv-007,2017-06-28 10:00:00,51.44462966918945
srv-007,2017-06-28 11:00:00,53.5625
srv-007,2017-06-28 12:00:00,55.27771759033203
srv-007,2017-06-28 13:00:00,54.600059509277344
srv-007,2017-06-28 14:00:00,55.302494049072266
srv-007,2017-06-28 15:00:00,57.728790283203125
srv-007,2017-06-28 16:00:00,57.808589935302734
srv-007,2017-06-28 17:00:00,57.314292907714844
srv-007,2017-06-28 18:00:00,52.8837776184082
srv-007,2017-06-28 19:00:00,57.458106994628906
srv-007,2017-06-28 20:00:00,44.807037353515625
srv-007,2017-06-28 21:00:00,43.752445220947266
srv-007,2017-06-28 22:00:00,46.149436950683594
srv-007,2017-06-28 23:00:00,50.8885383605957
srv-007,2017-06-29 00:00:00,48.425018310546875
srv-007,2017-06-29 01:00:00,48.4990234375
srv-007,2017-06-29 02:00:00,47.828582763671875
srv-007,2017-06-29 03:00:00,49.880958557128906
srv-007,2017-06-29 04:00:00,50.800235748291016
srv-007,2017-06-29 05:00:00,50.613037109375
srv-007,2017-06-29 06:00:00,49.17815399169922
srv-007,2017-06-29 07:00:00,49.8896484375
srv-007,2017-06-29 08:00:00,54.56049346923828
srv-007,2017-06-29 09:00:00,45.450469970703125
srv-007,2017-06-29 10:00:00,46.19417190551758
srv-007,2017-06-29 11:00:00,47.86901092529297
srv-007,2017-06-29 12:00:00,51.97109603881836
srv-007,2017-06-29 13:00:00,55.79039764404297
srv-007,2017-06-29 14:00:00,54.585289001464844
srv-007,2017-06-29 15:00:00,51.71607208251953
srv-007,2017-06-29 16:00:00,51.177127838134766
srv-007,2017-06-29 17:00:00,48.90198516845703
srv-007,2017-06-29 18:00:00,49.736534118652344
srv-007,2017-06-29 19:00:00,47.6922607421875
srv-007,2017-06-29 20:00:00,46.566654205322266
srv-007,2017-06-29 21:00:00,46.088905334472656
srv-007,2017-06-29 22:00:00,44.06100845336914
srv-007,2017-06-29 23:00:00,44.0964469909668
srv-007,2017-06-30 00:00:00,44.72740173339844
srv-007,2017-06-30 01:00:00,47.66967010498047
srv-007,2017-06-30 02:00:00,46.21076965332031
srv-007,2017-06-30 03:00:00,46.69293212890625
srv-007,2017-06-30 04:00:00,43.328697204589844
srv-007,2017-06-30 05:00:00,44.777626037597656
srv-007,2017-06-30 06:00:00,49.069091796875
srv-007,2017-06-30 07:00:00,47.35820007324219
srv-007,2017-06-30 08:00:00,46.456932067871094
srv-007,2017-06-30 09:00:00,46.79644775390625
srv-007,2017-06-30 10:00:00,45.58489990234375
srv-007,2017-06-30 11:00:00,43.912254333496094
srv-007,2017-06-30 12:00:00,41.35723114013672
srv-007,2017-06-30 13:00:00,40.80843734741211
srv-007,2017-06-30 14:00:00,41.21377944946289
srv-007,2017-06-30 15:00:00,40.3037223815918
srv-007,2017-06-30 16:00:00,42.34022521972656
srv-007,2017-06-30 17:00:00,41.79600524902344
srv-007,2017-06-30 18:00:00,40.384971618652344
srv-007,2017-06-30 19:00:00,39.74721145629883
srv-007,2017-06-30 20:00:00,40.04882049560547
srv-007,2017-06-30 21:00:00,37.695762634277344
srv-007,2017-06-30 22:00:00,36.923362731933594
srv-007,2017-06-30 23:00:00,34.90026092529297
srv-008,2017-06-01 23:00:00,66.79195404052734
srv-008,2017-06-02 00:00:00,70.15013885498047
srv-008,2017-06-02 01:00:00,67.68411254882812
srv-008,2017-06-02 02:00:00,68.2416763305664
srv-008,2017-06-02 03:00:00,65.52183532714844
srv-008,2017-06-02 04:00:00,65.13554382324219
srv-008,2017-06-02 05:00:00,66.17135620117188
srv-008,2017-06-02 06:00:00,64.15065002441406
srv-008,2017-06-02 07:00:00,63.75652313232422
srv-008,2017-06-02 08:00:00,62.7752685546875
srv-008,2017-06-02 09:00:00,63.82284164428711
srv-008,2017-06-02 10:00:00,66.82073974609375
srv-008,2017-06-02 11:00:00,74.92729187011719
srv-008,2017-06-02 12:00:00,71.78351593017578
srv-008,2017-06-02 13:00:00,74.32279968261719
srv-008,2017-06-02 14:00:00,75.85711669921875
srv-008,2017-06-02 15:00:00,72.2190170288086
srv-008,2017-06-02 16:00:00,69.89326477050781
srv-008,2017-06-02 17:00:00,66.55203247070312
srv-008,2017-06-02 18:00:00,66.438232421875
srv-008,2017-06-02 19:00:00,69.21772766113281
srv-008,2017-06-02 20:00:00,68.2386474609375
srv-008,2017-06-02 21:00:00,68.28033447265625
srv-008,2017-06-02 22:00:00,66.64543151855469
srv-008,2017-06-02 23:00:00,71.80815124511719
srv-008,2017-06-03 00:00:00,72.11898040771484
srv-008,2017-06-03 01:00:00,71.32820129394531
srv-008,2017-06-03 02:00:00,67.68405151367188
srv-008,2017-06-03 03:00:00,66.6416244506836
srv-008,2017-06-03 04:00:00,69.16816711425781
srv-008,2017-06-03 05:00:00,72.41577911376953
srv-008,2017-06-03 06:00:00,73.76007080078125
srv-008,2017-06-03 07:00:00,69.30528259277344
srv-008,2017-06-03 08:00:00,73.57308959960938
srv-008,2017-06-03 09:00:00,75.67597198486328
srv-008,2017-06-03 10:00:00,70.09495544433594
srv-008,2017-06-03 11:00:00,68.5421142578125
srv-008,2017-06-03 12:00:00,70.42403411865234
srv-008,2017-06-03 13:00:00,74.90079498291016
srv-008,2017-06-03 14:00:00,77.51214599609375
srv-008,2017-06-03 15:00:00,79.18142700195312
srv-008,2017-06-03 16:00:00,73.69007110595703
srv-008,2017-06-03 17:00:00,72.12049865722656
srv-008,2017-06-03 18:00:00,76.26153564453125
srv-008,2017-06-03 19:00:00,74.67273712158203
srv-008,2017-06-03 20:00:00,74.47977447509766
srv-008,2017-06-03 21:00:00,69.49718475341797
srv-008,2017-06-03 22:00:00,69.55300903320312
srv-008,2017-06-03 23:00:00,71.13267517089844
srv-008,2017-06-04 00:00:00,72.50261688232422
srv-008,2017-06-04 01:00:00,72.18460845947266
srv-008,2017-06-04 02:00:00,69.03336334228516
srv-008,2017-06-04 03:00:00,68.43994140625
srv-008,2017-06-04 04:00:00,66.82123565673828
srv-008,2017-06-04 05:00:00,68.50457763671875
srv-008,2017-06-04 06:00:00,70.92662048339844
srv-008,2017-06-04 07:00:00,72.8931884765625
srv-008,2017-06-04 08:00:00,73.60580444335938
srv-008,2017-06-04 09:00:00,73.04598999023438
srv-008,2017-06-04 10:00:00,69.85176849365234
srv-008,2017-06-04 11:00:00,68.39328002929688
srv-008,2017-06-04 12:00:00,73.0694580078125
srv-008,2017-06-04 13:00:00,74.87557983398438
srv-008,2017-06-04 14:00:00,75.16162109375
srv-008,2017-06-04 15:00:00,73.14169311523438
srv-008,2017-06-04 16:00:00,74.0701675415039
srv-008,2017-06-04 17:00:00,78.37369537353516
srv-008,2017-06-04 18:00:00,77.3092041015625
srv-008,2017-06-04 19:00:00,75.51597595214844
srv-008,2017-06-04 20:00:00,70.15010833740234
srv-008,2017-06-04 21:00:00,69.9971923828125
srv-008,2017-06-04 22:00:00,73.890625
srv-008,2017-06-04 23:00:00,75.93617248535156
srv-008,2017-06-05 00:00:00,70.71232604980469
srv-008,2017-06-05 01:00:00,66.3084487915039
srv-008,2017-06-05 02:00:00,67.43341827392578
srv-008,2017-06-05 03:00:00,68.98731231689453
srv-008,2017-06-05 04:00:00,66.85856628417969
srv-008,2017-06-05 05:00:00,64.79937744140625
srv-008,2017-06-05 06:00:00,64.74922180175781
srv-008,2017-06-05 07:00:00,69.04234313964844
srv-008,2017-06-05 08:00:00,73.5946044921875
srv-008,2017-06-05 09:00:00,74.09756469726562
srv-008,2017-06-05 10:00:00,71.98615264892578
srv-008,2017-06-05 11:00:00,74.5701904296875
srv-008,2017-06-05 12:00:00,73.5735092163086
srv-008,2017-06-05 13:00:00,77.91680908203125
srv-008,2017-06-05 14:00:00,77.08406066894531
srv-008,2017-06-05 15:00:00,78.9006118774414
srv-008,2017-06-05 16:00:00,74.78351593017578
srv-008,2017-06-05 17:00:00,75.41590881347656
srv-008,2017-06-05 18:00:00,79.8162841796875
srv-008,2017-06-05 19:00:00,79.56969451904297
srv-008,2017-06-05 20:00:00,74.21080780029297
srv-008,2017-06-05 21:00:00,73.7413330078125
srv-008,2017-06-05 22:00:00,72.44928741455078
srv-008,2017-06-05 23:00:00,73.58331298828125
srv-008,2017-06-06 00:00:00,74.73947143554688
srv-008,2017-06-06 01:00:00,74.4028549194336
srv-008,2017-06-06 02:00:00,73.15962219238281
srv-008,2017-06-06 03:00:00,77.51502990722656
srv-008,2017-06-06 04:00:00,79.16272735595703
srv-008,2017-06-06 05:00:00,78.04332733154297
srv-008,2017-06-06 06:00:00,77.88321685791016
srv-008,2017-06-06 07:00:00,77.02134704589844
srv-008,2017-06-06 08:00:00,82.24356079101562
srv-008,2017-06-06 09:00:00,81.53915405273438
srv-008,2017-06-06 10:00:00,77.65525817871094
srv-008,2017-06-06 11:00:00,77.35653686523438
srv-008,2017-06-06 12:00:00,77.36095428466797
srv-008,2017-06-06 13:00:00,77.53070068359375
srv-008,2017-06-06 14:00:00,79.59387969970703
srv-008,2017-06-06 15:00:00,81.14314270019531
srv-008,2017-06-06 16:00:00,76.29257202148438
srv-008,2017-06-06 17:00:00,78.24813842773438
srv-008,2017-06-06 18:00:00,77.93998718261719
srv-008,2017-06-06 19:00:00,77.27395629882812
srv-008,2017-06-06 20:00:00,76.848876953125
srv-008,2017-06-06 21:00:00,75.67024230957031
srv-008,2017-06-06 22:00:00,81.14376831054688
srv-008,2017-06-06 23:00:00,80.67640686035156
srv-008,2017-06-07 00:00:00,83.09428405761719
srv-008,2017-06-07 01:00:00,79.00318145751953
srv-008,2017-06-07 02:00:00,75.98747253417969
srv-008,2017-06-07 03:00:00,79.44013214111328
srv-008,2017-06-07 04:00:00,75.7065200805664
srv-008,2017-06-07 05:00:00,74.96859741210938
srv-008,2017-06-07 06:00:00,77.6834716796875
srv-008,2017-06-07 07:00:00,79.38362884521484
srv-008,2017-06-07 08:00:00,79.1225357055664
srv-008,2017-06-07 09:00:00,76.33749389648438
srv-008,2017-06-07 10:00:00,80.11341857910156
srv-008,2017-06-07 11:00:00,79.17274475097656
srv-008,2017-06-07 12:00:00,81.1600341796875
srv-008,2017-06-07 13:00:00,80.62391662597656
srv-008,2017-06-07 14:00:00,82.09852600097656
srv-008,2017-06-07 15:00:00,82.12400817871094
srv-008,2017-06-07 16:00:00,76.28560638427734
srv-008,2017-06-07 17:00:00,82.02252197265625
srv-008,2017-06-07 18:00:00,82.94561004638672
srv-008,2017-06-07 19:00:00,82.18380737304688
srv-008,2017-06-07 20:00:00,80.33595275878906
srv-008,2017-06-07 21:00:00,81.75086975097656
srv-008,2017-06-07 22:00:00,84.40013122558594
srv-008,2017-06-07 23:00:00,77.17059326171875
srv-008,2017-06-08 00:00:00,74.2065200805664
srv-008,2017-06-08 01:00:00,75.03541564941406
srv-008,2017-06-08 02:00:00,79.273193359375
srv-008,2017-06-08 03:00:00,79.1856918334961
srv-008,2017-06-08 04:00:00,77.0450210571289
srv-008,2017-06-08 05:00:00,77.116943359375
srv-008,2017-06-08 06:00:00,79.80299377441406
srv-008,2017-06-08 07:00:00,82.51619720458984
srv-008,2017-06-08 08:00:00,82.83349609375
srv-008,2017-06-08 09:00:00,85.52118682861328
srv-008,2017-06-08 10:00:00,83.67979431152344
srv-008,2017-06-08 11:00:00,81.94258117675781
srv-008,2017-06-08 12:00:00,83.54409790039062
srv-008,2017-06-08 13:00:00,80.11087799072266
srv-008,2017-06-08 14:00:00,77.40937805175781
srv-008,2017-06-08 15:00:00,79.00546264648438
srv-008,2017-06-08 16:00:00,79.83229064941406
srv-008,2017-06-08 17:00:00,78.5269546508789
srv-008,2017-06-08 18:00:00,74.22850036621094
srv-008,2017-06-08 19:00:00,70.26760864257812
srv-008,2017-06-08 20:00:00,71.45700073242188
srv-008,2017-06-08 21:00:00,73.11158752441406
srv-008,2017-06-08 22:00:00,72.46487426757812
srv-008,2017-06-08 23:00:00,74.08145141601562
srv-008,2017-06-09 00:00:00,72.98628234863281
srv-008,2017-06-09 01:00:00,77.15538024902344
srv-008,2017-06-09 02:00:00,75.16658020019531
srv-008,2017-06-09 03:00:00,71.68682098388672
srv-008,2017-06-09 04:00:00,74.43218994140625
srv-008,2017-06-09 05:00:00,69.90560913085938
srv-008,2017-06-09 06:00:00,69.97425842285156
srv-008,2017-06-09 07:00:00,74.23653411865234
srv-008,2017-06-09 08:00:00,72.66055297851562
srv-008,2017-06-09 09:00:00,73.19145202636719
srv-008,2017-06-09 10:00:00,74.08943176269531
srv-008,2017-06-09 11:00:00,76.72598266601562
srv-008,2017-06-09 12:00:00,76.39915466308594
srv-008,2017-06-09 13:00:00,74.78721618652344
srv-008,2017-06-09 14:00:00,76.41908264160156
srv-008,2017-06-09 15:00:00,76.15135192871094
srv-008,2017-06-09 16:00:00,75.95014190673828
srv-008,2017-06-09 17:00:00,72.46623229980469
srv-008,2017-06-09 18:00:00,73.04592895507812
srv-008,2017-06-09 19:00:00,70.66236877441406
srv-008,2017-06-09 20:00:00,69.13664245605469
srv-008,2017-06-09 21:00:00,67.3948974609375
srv-008,2017-06-09 22:00:00,67.39896392822266
srv-008,2017-06-09 23:00:00,65.39605712890625
srv-008,2017-06-10 00:00:00,65.13704681396484
srv-008,2017-06-10 01:00:00,67.89616394042969
srv-008,2017-06-10 02:00:00,66.177001953125
srv-008,2017-06-10 03:00:00,66.04046630859375
srv-008,2017-06-10 04:00:00,69.28865814208984
srv-008,2017-06-10 05:00:00,70.51224517822266
srv-008,2017-06-10 06:00:00,70.41322326660156
srv-008,2017-06-10 07:00:00,73.29187774658203
srv-008,2017-06-10 08:00:00,76.68033599853516
srv-008,2017-06-10 09:00:00,77.2259521484375
srv-008,2017-06-10 10:00:00,74.52434539794922
srv-008,2017-06-10 11:00:00,72.07330322265625
srv-008,2017-06-10 12:00:00,72.65908813476562
srv-008,2017-06-10 13:00:00,75.58055877685547
srv-008,2017-06-10 14:00:00,75.28141784667969
srv-008,2017-06-10 15:00:00,75.38390350341797
srv-008,2017-06-10 16:00:00,74.61316680908203
srv-008,2017-06-10 17:00:00,70.31898498535156
srv-008,2017-06-10 18:00:00,66.80448913574219
srv-008,2017-06-10 19:00:00,67.17947387695312
srv-008,2017-06-10 20:00:00,64.38288879394531
srv-008,2017-06-10 21:00:00,66.19783020019531
srv-008,2017-06-10 22:00:00,67.22576141357422
srv-008,2017-06-10 23:00:00,66.63468170166016
srv-008,2017-06-11 00:00:00,65.50569152832031
srv-008,2017-06-11 01:00:00,69.10304260253906
srv-008,2017-06-11 02:00:00,71.0449447631836
srv-008,2017-06-11 03:00:00,72.40669250488281
srv-008,2017-06-11 04:00:00,74.18521118164062
srv-008,2017-06-11 05:00:00,74.19784545898438
srv-008,2017-06-11 06:00:00,75.81666564941406
srv-008,2017-06-11 07:00:00,72.7412109375
srv-008,2017-06-11 08:00:00,74.4591064453125
srv-008,2017-06-11 09:00:00,71.85890197753906
srv-008,2017-06-11 10:00:00,73.36799621582031
srv-008,2017-06-11 11:00:00,71.72308349609375
srv-008,2017-06-11 12:00:00,70.54025268554688
srv-008,2017-06-11 13:00:00,71.43710327148438
srv-008,2017-06-11 14:00:00,72.55854797363281
srv-008,2017-06-11 15:00:00,70.97552490234375
srv-008,2017-06-11 16:00:00,67.65721893310547
srv-008,2017-06-11 17:00:00,70.33808898925781
srv-008,2017-06-11 18:00:00,71.99384307861328
srv-008,2017-06-11 19:00:00,73.95950317382812
srv-008,2017-06-11 20:00:00,72.85458374023438
srv-008,2017-06-11 21:00:00,73.40449523925781
srv-008,2017-06-11 22:00:00,73.31005859375
srv-008,2017-06-11 23:00:00,69.18106842041016
srv-008,2017-06-12 00:00:00,67.06840515136719
srv-008,2017-06-12 01:00:00,66.45719909667969
srv-008,2017-06-12 02:00:00,66.99249267578125
srv-008,2017-06-12 03:00:00,64.39067840576172
srv-008,2017-06-12 04:00:00,63.24666976928711
srv-008,2017-06-12 05:00:00,66.37216186523438
srv-008,2017-06-12 06:00:00,66.81533813476562
srv-008,2017-06-12 07:00:00,68.83210754394531
srv-008,2017-06-12 08:00:00,69.33197021484375
srv-008,2017-06-12 09:00:00,72.83023834228516
srv-008,2017-06-12 10:00:00,75.82966613769531
srv-008,2017-06-12 11:00:00,80.3746337890625
srv-008,2017-06-12 12:00:00,75.33065795898438
srv-008,2017-06-12 13:00:00,72.86451721191406
srv-008,2017-06-12 14:00:00,76.42308044433594
srv-008,2017-06-12 15:00:00,72.24485778808594
srv-008,2017-06-12 16:00:00,73.1296615600586
srv-008,2017-06-12 17:00:00,71.14783477783203
srv-008,2017-06-12 18:00:00,72.03792572021484
srv-008,2017-06-12 19:00:00,69.65747833251953
srv-008,2017-06-12 20:00:00,69.63375854492188
srv-008,2017-06-12 21:00:00,69.6750259399414
srv-008,2017-06-12 22:00:00,67.62789916992188
srv-008,2017-06-12 23:00:00,67.91388702392578
srv-008,2017-06-13 00:00:00,72.61556243896484
srv-008,2017-06-13 01:00:00,74.99641418457031
srv-008,2017-06-13 02:00:00,76.37664794921875
srv-008,2017-06-13 03:00:00,77.73463439941406
srv-008,2017-06-13 04:00:00,79.16715240478516
srv-008,2017-06-13 05:00:00,78.46243286132812
srv-008,2017-06-13 06:00:00,75.66940307617188
srv-008,2017-06-13 07:00:00,75.74358367919922
srv-008,2017-06-13 08:00:00,79.21724700927734
srv-008,2017-06-13 09:00:00,81.9123764038086
srv-008,2017-06-13 10:00:00,76.46705627441406
srv-008,2017-06-13 11:00:00,79.43692779541016
srv-008,2017-06-13 12:00:00,81.72927856445312
srv-008,2017-06-13 13:00:00,81.69979858398438
srv-008,2017-06-13 14:00:00,77.59580993652344
srv-008,2017-06-13 15:00:00,76.45944213867188
srv-008,2017-06-13 16:00:00,74.64258575439453
srv-008,2017-06-13 17:00:00,77.05804443359375
srv-008,2017-06-13 18:00:00,78.67259979248047
srv-008,2017-06-13 19:00:00,82.10519409179688
srv-008,2017-06-13 20:00:00,85.68816375732422
srv-008,2017-06-13 21:00:00,85.83647918701172
srv-008,2017-06-13 22:00:00,85.99653625488281
srv-008,2017-06-13 23:00:00,81.91974639892578
srv-008,2017-06-14 00:00:00,85.38862609863281
srv-008,2017-06-14 01:00:00,85.0392837524414
srv-008,2017-06-14 02:00:00,88.55436706542969
srv-008,2017-06-14 03:00:00,89.81373596191406
srv-008,2017-06-14 04:00:00,87.80963897705078
srv-008,2017-06-14 05:00:00,80.40927124023438
srv-008,2017-06-14 06:00:00,79.7965316772461
srv-008,2017-06-14 07:00:00,78.08189392089844
srv-008,2017-06-14 08:00:00,77.53865051269531
srv-008,2017-06-14 09:00:00,74.11630249023438
srv-008,2017-06-14 10:00:00,75.63780975341797
srv-008,2017-06-14 11:00:00,73.7882080078125
srv-008,2017-06-14 12:00:00,78.66341400146484
srv-008,2017-06-14 13:00:00,77.62806701660156
srv-008,2017-06-14 14:00:00,79.82333374023438
srv-008,2017-06-14 15:00:00,83.47598266601562
srv-008,2017-06-14 16:00:00,82.58815002441406
srv-008,2017-06-14 17:00:00,76.31510162353516
srv-008,2017-06-14 18:00:00,78.07833099365234
srv-008,2017-06-14 19:00:00,82.83287048339844
srv-008,2017-06-14 20:00:00,82.43083190917969
srv-008,2017-06-14 21:00:00,82.35862731933594
srv-008,2017-06-14 22:00:00,78.62179565429688
srv-008,2017-06-14 23:00:00,79.18280029296875
srv-008,2017-06-15 00:00:00,73.33018493652344
srv-008,2017-06-15 01:00:00,76.77892303466797
srv-008,2017-06-15 02:00:00,74.42914581298828
srv-008,2017-06-15 03:00:00,76.21382141113281
srv-008,2017-06-15 04:00:00,78.10887145996094
srv-008,2017-06-15 05:00:00,78.76689910888672
srv-008,2017-06-15 06:00:00,74.91324615478516
srv-008,2017-06-15 07:00:00,73.91127014160156
srv-008,2017-06-15 08:00:00,76.06172943115234
srv-008,2017-06-15 09:00:00,75.53748321533203
srv-008,2017-06-15 10:00:00,75.48115539550781
srv-008,2017-06-15 11:00:00,79.34290313720703
srv-008,2017-06-15 12:00:00,80.81407165527344
srv-008,2017-06-15 13:00:00,82.03123474121094
srv-008,2017-06-15 14:00:00,83.75082397460938
srv-008,2017-06-15 15:00:00,85.10344696044922
srv-008,2017-06-15 16:00:00,77.99934387207031
srv-008,2017-06-15 17:00:00,76.55769348144531
srv-008,2017-06-15 18:00:00,77.62741088867188
srv-008,2017-06-15 19:00:00,78.70146179199219
srv-008,2017-06-15 20:00:00,81.05398559570312
srv-008,2017-06-15 21:00:00,81.45297241210938
srv-008,2017-06-15 22:00:00,76.78623962402344
srv-008,2017-06-15 23:00:00,75.71704864501953
srv-008,2017-06-16 00:00:00,77.43711853027344
srv-008,2017-06-16 01:00:00,77.52835083007812
srv-008,2017-06-16 02:00:00,73.46287536621094
srv-008,2017-06-16 03:00:00,73.58000183105469
srv-008,2017-06-16 04:00:00,70.9610595703125
srv-008,2017-06-16 05:00:00,70.86959838867188
srv-008,2017-06-16 06:00:00,73.30132293701172
srv-008,2017-06-16 07:00:00,73.66939544677734
srv-008,2017-06-16 08:00:00,71.8125
srv-008,2017-06-16 09:00:00,68.78085327148438
srv-008,2017-06-16 10:00:00,65.80057525634766
srv-008,2017-06-16 11:00:00,70.84220123291016
srv-008,2017-06-16 12:00:00,73.73847961425781
srv-008,2017-06-16 13:00:00,74.81724548339844
srv-008,2017-06-16 14:00:00,71.38028717041016
srv-008,2017-06-16 15:00:00,73.38815307617188
srv-008,2017-06-16 16:00:00,75.1314926147461
srv-008,2017-06-16 17:00:00,70.24627685546875
srv-008,2017-06-16 18:00:00,71.421630859375
srv-008,2017-06-16 19:00:00,69.22428894042969
srv-008,2017-06-16 20:00:00,68.67220306396484
srv-008,2017-06-16 21:00:00,72.69560241699219
srv-008,2017-06-16 22:00:00,71.24078369140625
srv-008,2017-06-16 23:00:00,66.7601318359375
srv-008,2017-06-17 00:00:00,66.17097473144531
srv-008,2017-06-17 01:00:00,66.44538879394531
srv-008,2017-06-17 02:00:00,69.81689453125
srv-008,2017-06-17 03:00:00,73.0408935546875
srv-008,2017-06-17 04:00:00,75.0943603515625
srv-008,2017-06-17 05:00:00,75.90708923339844
srv-008,2017-06-17 06:00:00,72.61956024169922
srv-008,2017-06-17 07:00:00,71.64775085449219
srv-008,2017-06-17 08:00:00,71.09345245361328
srv-008,2017-06-17 09:00:00,71.85804748535156
srv-008,2017-06-17 10:00:00,74.07901763916016
srv-008,2017-06-17 11:00:00,71.34638977050781
srv-008,2017-06-17 12:00:00,72.19476318359375
srv-008,2017-06-17 13:00:00,77.36649322509766
srv-008,2017-06-17 14:00:00,75.86016845703125
srv-008,2017-06-17 15:00:00,76.3533935546875
srv-008,2017-06-17 16:00:00,69.23771667480469
srv-008,2017-06-17 17:00:00,68.70941162109375
srv-008,2017-06-17 18:00:00,73.4493408203125
srv-008,2017-06-17 19:00:00,75.17327880859375
srv-008,2017-06-17 20:00:00,74.84796142578125
srv-008,2017-06-17 21:00:00,71.34098052978516
srv-008,2017-06-17 22:00:00,67.70784759521484
srv-008,2017-06-17 23:00:00,70.07720947265625
srv-008,2017-06-18 00:00:00,69.62019348144531
srv-008,2017-06-18 01:00:00,68.19129180908203
srv-008,2017-06-18 02:00:00,66.0233383178711
srv-008,2017-06-18 03:00:00,66.11398315429688
srv-008,2017-06-18 04:00:00,69.25140380859375
srv-008,2017-06-18 05:00:00,76.15528869628906
srv-008,2017-06-18 06:00:00,75.23600769042969
srv-008,2017-06-18 07:00:00,71.28570556640625
srv-008,2017-06-18 08:00:00,72.4095458984375
srv-008,2017-06-18 09:00:00,75.17105865478516
srv-008,2017-06-18 10:00:00,78.87152862548828
srv-008,2017-06-18 11:00:00,78.19097137451172
srv-008,2017-06-18 12:00:00,79.9122543334961
srv-008,2017-06-18 13:00:00,77.73805236816406
srv-008,2017-06-18 14:00:00,78.08125305175781
srv-008,2017-06-18 15:00:00,77.749267578125
srv-008,2017-06-18 16:00:00,74.44457244873047
srv-008,2017-06-18 17:00:00,74.29353332519531
srv-008,2017-06-18 18:00:00,72.3072280883789
srv-008,2017-06-18 19:00:00,69.57060241699219
srv-008,2017-06-18 20:00:00,67.86946105957031
srv-008,2017-06-18 21:00:00,69.07268524169922
srv-008,2017-06-18 22:00:00,66.07066345214844
srv-008,2017-06-18 23:00:00,71.72941589355469
srv-008,2017-06-19 00:00:00,71.4078140258789
srv-008,2017-06-19 01:00:00,68.50489044189453
srv-008,2017-06-19 02:00:00,70.97528076171875
srv-008,2017-06-19 03:00:00,73.88838958740234
srv-008,2017-06-19 04:00:00,73.56554412841797
srv-008,2017-06-19 05:00:00,72.5279312133789
srv-008,2017-06-19 06:00:00,69.83979797363281
srv-008,2017-06-19 07:00:00,69.12969970703125
srv-008,2017-06-19 08:00:00,72.92478942871094
srv-008,2017-06-19 09:00:00,73.54092407226562
srv-008,2017-06-19 10:00:00,76.34701538085938
srv-008,2017-06-19 11:00:00,75.45622253417969
srv-008,2017-06-19 12:00:00,77.5196533203125
srv-008,2017-06-19 13:00:00,77.18940734863281
srv-008,2017-06-19 14:00:00,77.11958312988281
srv-008,2017-06-19 15:00:00,79.17042541503906
srv-008,2017-06-19 16:00:00,78.44084930419922
srv-008,2017-06-19 17:00:00,77.05575561523438
srv-008,2017-06-19 18:00:00,78.08926391601562
srv-008,2017-06-19 19:00:00,79.21109008789062
srv-008,2017-06-19 20:00:00,74.86956024169922
srv-008,2017-06-19 21:00:00,74.05716705322266
srv-008,2017-06-19 22:00:00,73.78883361816406
srv-008,2017-06-19 23:00:00,74.41352844238281
srv-008,2017-06-20 00:00:00,75.72330474853516
srv-008,2017-06-20 01:00:00,75.7364501953125
srv-008,2017-06-20 02:00:00,75.34361267089844
srv-008,2017-06-20 03:00:00,79.06814575195312
srv-008,2017-06-20 04:00:00,79.56979370117188
srv-008,2017-06-20 05:00:00,78.07028198242188
srv-008,2017-06-20 06:00:00,83.27052307128906
srv-008,2017-06-20 07:00:00,85.09190368652344
srv-008,2017-06-20 08:00:00,84.31626892089844
srv-008,2017-06-20 09:00:00,80.54756927490234
srv-008,2017-06-20 10:00:00,79.670166015625
srv-008,2017-06-20 11:00:00,81.43601989746094
srv-008,2017-06-20 12:00:00,82.18190002441406
srv-008,2017-06-20 13:00:00,80.25732421875
srv-008,2017-06-20 14:00:00,83.13835144042969
srv-008,2017-06-20 15:00:00,79.47122955322266
srv-008,2017-06-20 16:00:00,76.03340148925781
srv-008,2017-06-20 17:00:00,78.00907135009766
srv-008,2017-06-20 18:00:00,79.28144836425781
srv-008,2017-06-20 19:00:00,77.6277847290039
srv-008,2017-06-20 20:00:00,78.43803405761719
srv-008,2017-06-20 21:00:00,80.9010009765625
srv-008,2017-06-20 22:00:00,81.92015838623047
srv-008,2017-06-20 23:00:00,78.11425018310547
srv-008,2017-06-21 00:00:00,73.79124450683594
srv-008,2017-06-21 01:00:00,75.1124267578125
srv-008,2017-06-21 02:00:00,78.54938507080078
srv-008,2017-06-21 03:00:00,76.74104309082031
srv-008,2017-06-21 04:00:00,75.59021759033203
srv-008,2017-06-21 05:00:00,73.78788757324219
srv-008,2017-06-21 06:00:00,78.99383544921875
srv-008,2017-06-21 07:00:00,80.07455444335938
srv-008,2017-06-21 08:00:00,82.8288803100586
srv-008,2017-06-21 09:00:00,79.59575653076172
srv-008,2017-06-21 10:00:00,82.562744140625
srv-008,2017-06-21 11:00:00,81.15505981445312
srv-008,2017-06-21 12:00:00,77.42475128173828
srv-008,2017-06-21 13:00:00,74.69876861572266
srv-008,2017-06-21 14:00:00,74.56446838378906
srv-008,2017-06-21 15:00:00,77.54359436035156
srv-008,2017-06-21 16:00:00,78.49773406982422
srv-008,2017-06-21 17:00:00,81.2696304321289
srv-008,2017-06-21 18:00:00,80.82844543457031
srv-008,2017-06-21 19:00:00,77.90611267089844
srv-008,2017-06-21 20:00:00,78.95199584960938
srv-008,2017-06-21 21:00:00,81.95803833007812
srv-008,2017-06-21 22:00:00,77.63069152832031
srv-008,2017-06-21 23:00:00,73.49884796142578
srv-008,2017-06-22 00:00:00,73.42344665527344
srv-008,2017-06-22 01:00:00,73.236083984375
srv-008,2017-06-22 02:00:00,70.97076416015625
srv-008,2017-06-22 03:00:00,75.849609375
srv-008,2017-06-22 04:00:00,74.96373748779297
srv-008,2017-06-22 05:00:00,79.26468658447266
srv-008,2017-06-22 06:00:00,79.62898254394531
srv-008,2017-06-22 07:00:00,79.49290466308594
srv-008,2017-06-22 08:00:00,80.47557830810547
srv-008,2017-06-22 09:00:00,73.45828247070312
srv-008,2017-06-22 10:00:00,77.28305053710938
srv-008,2017-06-22 11:00:00,79.35639953613281
srv-008,2017-06-22 12:00:00,82.07331848144531
srv-008,2017-06-22 13:00:00,81.5294189453125
srv-008,2017-06-22 14:00:00,81.54947662353516
srv-008,2017-06-22 15:00:00,80.69719696044922
srv-008,2017-06-22 16:00:00,81.36415100097656
srv-008,2017-06-22 17:00:00,82.13247680664062
srv-008,2017-06-22 18:00:00,81.65882873535156
srv-008,2017-06-22 19:00:00,82.89991760253906
srv-008,2017-06-22 20:00:00,77.71654510498047
srv-008,2017-06-22 21:00:00,75.72323608398438
srv-008,2017-06-22 22:00:00,75.51283264160156
srv-008,2017-06-22 23:00:00,74.07473754882812
srv-008,2017-06-23 00:00:00,73.04478454589844
srv-008,2017-06-23 01:00:00,75.7415542602539
srv-008,2017-06-23 02:00:00,76.04460144042969
srv-008,2017-06-23 03:00:00,70.80857849121094
srv-008,2017-06-23 04:00:00,70.82118225097656
srv-008,2017-06-23 05:00:00,74.27993774414062
srv-008,2017-06-23 06:00:00,71.35763549804688
srv-008,2017-06-23 07:00:00,69.35386657714844
srv-008,2017-06-23 08:00:00,71.90193176269531
srv-008,2017-06-23 09:00:00,71.4403076171875
srv-008,2017-06-23 10:00:00,74.79129028320312
srv-008,2017-06-23 11:00:00,74.2332992553711
srv-008,2017-06-23 12:00:00,78.19844055175781
srv-008,2017-06-23 13:00:00,78.69828033447266
srv-008,2017-06-23 14:00:00,76.04014587402344
srv-008,2017-06-23 15:00:00,75.39962768554688
srv-008,2017-06-23 16:00:00,75.89466857910156
srv-008,2017-06-23 17:00:00,71.72700500488281
srv-008,2017-06-23 18:00:00,73.55892181396484
srv-008,2017-06-23 19:00:00,71.66039276123047
srv-008,2017-06-23 20:00:00,73.81735229492188
srv-008,2017-06-23 21:00:00,71.31906127929688
srv-008,2017-06-23 22:00:00,67.1099853515625
srv-008,2017-06-23 23:00:00,69.60515594482422
srv-008,2017-06-24 00:00:00,68.07750701904297
srv-008,2017-06-24 01:00:00,70.13146209716797
srv-008,2017-06-24 02:00:00,68.25811004638672
srv-008,2017-06-24 03:00:00,67.53231811523438
srv-008,2017-06-24 04:00:00,70.7664566040039
srv-008,2017-06-24 05:00:00,68.68598175048828
srv-008,2017-06-24 06:00:00,69.59848022460938
srv-008,2017-06-24 07:00:00,70.12862396240234
srv-008,2017-06-24 08:00:00,73.23548126220703
srv-008,2017-06-24 09:00:00,71.33370971679688
srv-008,2017-06-24 10:00:00,67.78754425048828
srv-008,2017-06-24 11:00:00,70.2693862915039
srv-008,2017-06-24 12:00:00,74.83540344238281
srv-008,2017-06-24 13:00:00,80.04421997070312
srv-008,2017-06-24 14:00:00,82.55304718017578
srv-008,2017-06-24 15:00:00,77.98192596435547
srv-008,2017-06-24 16:00:00,76.22510528564453
srv-008,2017-06-24 17:00:00,74.50852966308594
srv-008,2017-06-24 18:00:00,78.34880828857422
srv-008,2017-06-24 19:00:00,75.11820983886719
srv-008,2017-06-24 20:00:00,72.38627624511719
srv-008,2017-06-24 21:00:00,71.9272232055664
srv-008,2017-06-24 22:00:00,69.23574829101562
srv-008,2017-06-24 23:00:00,71.34886932373047
srv-008,2017-06-25 00:00:00,66.8377914428711
srv-008,2017-06-25 01:00:00,67.1144790649414
srv-008,2017-06-25 02:00:00,67.1573715209961
srv-008,2017-06-25 03:00:00,67.88190460205078
srv-008,2017-06-25 04:00:00,73.32423400878906
srv-008,2017-06-25 05:00:00,70.90863800048828
srv-008,2017-06-25 06:00:00,69.18928527832031
srv-008,2017-06-25 07:00:00,72.61030578613281
srv-008,2017-06-25 08:00:00,76.34390258789062
srv-008,2017-06-25 09:00:00,78.03619384765625
srv-008,2017-06-25 10:00:00,75.83750915527344
srv-008,2017-06-25 11:00:00,76.62577056884766
srv-008,2017-06-25 12:00:00,78.29498291015625
srv-008,2017-06-25 13:00:00,78.06584167480469
srv-008,2017-06-25 14:00:00,75.13330078125
srv-008,2017-06-25 15:00:00,77.04263305664062
srv-008,2017-06-25 16:00:00,76.64299011230469
srv-008,2017-06-25 17:00:00,75.2048568725586
srv-008,2017-06-25 18:00:00,75.56262969970703
srv-008,2017-06-25 19:00:00,77.38168334960938
srv-008,2017-06-25 20:00:00,72.61293029785156
srv-008,2017-06-25 21:00:00,70.24498748779297
srv-008,2017-06-25 22:00:00,68.63987731933594
srv-008,2017-06-25 23:00:00,67.7819595336914
srv-008,2017-06-26 00:00:00,65.69975280761719
srv-008,2017-06-26 01:00:00,66.74734497070312
srv-008,2017-06-26 02:00:00,68.45034790039062
srv-008,2017-06-26 03:00:00,66.2288818359375
srv-008,2017-06-26 04:00:00,64.67973327636719
srv-008,2017-06-26 05:00:00,63.53739929199219
srv-008,2017-06-26 06:00:00,64.662109375
srv-008,2017-06-26 07:00:00,70.1290054321289
srv-008,2017-06-26 08:00:00,72.65869140625
srv-008,2017-06-26 09:00:00,73.69999694824219
srv-008,2017-06-26 10:00:00,77.11299133300781
srv-008,2017-06-26 11:00:00,79.05037689208984
srv-008,2017-06-26 12:00:00,81.65013122558594
srv-008,2017-06-26 13:00:00,80.06818389892578
srv-008,2017-06-26 14:00:00,74.62936401367188
srv-008,2017-06-26 15:00:00,73.96803283691406
srv-008,2017-06-26 16:00:00,76.21019744873047
srv-008,2017-06-26 17:00:00,76.39280700683594
srv-008,2017-06-26 18:00:00,72.61257934570312
srv-008,2017-06-26 19:00:00,70.62298583984375
srv-008,2017-06-26 20:00:00,70.43815612792969
srv-008,2017-06-26 21:00:00,70.92774963378906
srv-008,2017-06-26 22:00:00,71.3929214477539
srv-008,2017-06-26 23:00:00,74.76854705810547
srv-008,2017-06-27 00:00:00,71.8608627319336
srv-008,2017-06-27 01:00:00,69.68263244628906
srv-008,2017-06-27 02:00:00,71.81175231933594
srv-008,2017-06-27 03:00:00,76.24944305419922
srv-008,2017-06-27 04:00:00,72.6358413696289
srv-008,2017-06-27 05:00:00,71.32344818115234
srv-008,2017-06-27 06:00:00,76.58087158203125
srv-008,2017-06-27 07:00:00,77.4180908203125
srv-008,2017-06-27 08:00:00,75.54774475097656
srv-008,2017-06-27 09:00:00,75.65803527832031
srv-008,2017-06-27 10:00:00,77.99195861816406
srv-008,2017-06-27 11:00:00,80.98933410644531
srv-008,2017-06-27 12:00:00,80.66481018066406
srv-008,2017-06-27 13:00:00,82.50727844238281
srv-008,2017-06-27 14:00:00,81.1620101928711
srv-008,2017-06-27 15:00:00,78.52320861816406
srv-008,2017-06-27 16:00:00,78.98716735839844
srv-008,2017-06-27 17:00:00,80.42839813232422
srv-008,2017-06-27 18:00:00,80.04779815673828
srv-008,2017-06-27 19:00:00,79.37411499023438
srv-008,2017-06-27 20:00:00,81.05633544921875
srv-008,2017-06-27 21:00:00,75.87092590332031
srv-008,2017-06-27 22:00:00,75.7294921875
srv-008,2017-06-27 23:00:00,79.23970794677734
srv-008,2017-06-28 00:00:00,74.17754364013672
srv-008,2017-06-28 01:00:00,73.20851135253906
srv-008,2017-06-28 02:00:00,73.96021270751953
srv-008,2017-06-28 03:00:00,76.35205841064453
srv-008,2017-06-28 04:00:00,75.69253540039062
srv-008,2017-06-28 05:00:00,75.81605529785156
srv-008,2017-06-28 06:00:00,77.26614379882812
srv-008,2017-06-28 07:00:00,81.12843322753906
srv-008,2017-06-28 08:00:00,80.13958740234375
srv-008,2017-06-28 09:00:00,82.60009765625
srv-008,2017-06-28 10:00:00,81.07501220703125
srv-008,2017-06-28 11:00:00,82.22091674804688
srv-008,2017-06-28 12:00:00,83.92819213867188
srv-008,2017-06-28 13:00:00,81.29100036621094
srv-008,2017-06-28 14:00:00,81.42901611328125
srv-008,2017-06-28 15:00:00,84.15377807617188
srv-008,2017-06-28 16:00:00,78.40911865234375
srv-008,2017-06-28 17:00:00,77.93487548828125
srv-008,2017-06-28 18:00:00,78.28762817382812
srv-008,2017-06-28 19:00:00,77.06773376464844
srv-008,2017-06-28 20:00:00,72.28176879882812
srv-008,2017-06-28 21:00:00,74.55845642089844
srv-008,2017-06-28 22:00:00,76.32586669921875
srv-008,2017-06-28 23:00:00,73.44447326660156
srv-008,2017-06-29 00:00:00,73.64104461669922
srv-008,2017-06-29 01:00:00,72.14258575439453
srv-008,2017-06-29 02:00:00,73.33616638183594
srv-008,2017-06-29 03:00:00,75.02117919921875
srv-008,2017-06-29 04:00:00,77.78634643554688
srv-008,2017-06-29 05:00:00,80.12994384765625
srv-008,2017-06-29 06:00:00,83.53521728515625
srv-008,2017-06-29 07:00:00,84.05927276611328
srv-008,2017-06-29 08:00:00,81.77696990966797
srv-008,2017-06-29 09:00:00,80.48246002197266
srv-008,2017-06-29 10:00:00,81.41937255859375
srv-008,2017-06-29 11:00:00,82.12368774414062
srv-008,2017-06-29 12:00:00,81.15211486816406
srv-008,2017-06-29 13:00:00,82.19160461425781
srv-008,2017-06-29 14:00:00,80.92137145996094
srv-008,2017-06-29 15:00:00,76.00401306152344
srv-008,2017-06-29 16:00:00,74.65658569335938
srv-008,2017-06-29 17:00:00,78.40199279785156
srv-008,2017-06-29 18:00:00,77.58303833007812
srv-008,2017-06-29 19:00:00,80.81008911132812
srv-008,2017-06-29 20:00:00,76.94583892822266
srv-008,2017-06-29 21:00:00,77.23876190185547
srv-008,2017-06-29 22:00:00,74.01014709472656
srv-008,2017-06-29 23:00:00,74.99041748046875
srv-008,2017-06-30 00:00:00,73.7938232421875
srv-008,2017-06-30 01:00:00,76.60432434082031
srv-008,2017-06-30 02:00:00,74.59986877441406
srv-008,2017-06-30 03:00:00,72.26888275146484
srv-008,2017-06-30 04:00:00,73.86318969726562
srv-008,2017-06-30 05:00:00,71.50414276123047
srv-008,2017-06-30 06:00:00,70.04325866699219
srv-008,2017-06-30 07:00:00,69.00420379638672
srv-008,2017-06-30 08:00:00,72.59859466552734
srv-008,2017-06-30 09:00:00,69.45745086669922
srv-008,2017-06-30 10:00:00,71.42679595947266
srv-008,2017-06-30 11:00:00,74.0356216430664
srv-008,2017-06-30 12:00:00,77.1668701171875
srv-008,2017-06-30 13:00:00,74.94367980957031
srv-008,2017-06-30 14:00:00,76.56793212890625
srv-008,2017-06-30 15:00:00,74.92845153808594
srv-008,2017-06-30 16:00:00,75.82508850097656
srv-008,2017-06-30 17:00:00,72.77180480957031
srv-008,2017-06-30 18:00:00,70.77798461914062
srv-008,2017-06-30 19:00:00,69.54969787597656
srv-008,2017-06-30 20:00:00,68.29537200927734
srv-008,2017-06-30 21:00:00,68.24353790283203
srv-008,2017-06-30 22:00:00,69.0797119140625
srv-008,2017-06-30 23:00:00,70.51722717285156
srv-009,2017-06-01 23:00:00,37.89476776123047
srv-009,2017-06-02 00:00:00,37.16570281982422
srv-009,2017-06-02 01:00:00,37.82878875732422
srv-009,2017-06-02 02:00:00,38.738182067871094
srv-009,2017-06-02 03:00:00,38.5255126953125
srv-009,2017-06-02 04:00:00,39.11189270019531
srv-009,2017-06-02 05:00:00,38.602813720703125
srv-009,2017-06-02 06:00:00,40.05394744873047
srv-009,2017-06-02 07:00:00,39.834632873535156
srv-009,2017-06-02 08:00:00,40.06646728515625
srv-009,2017-06-02 09:00:00,38.79140853881836
srv-009,2017-06-02 10:00:00,37.99541091918945
srv-009,2017-06-02 11:00:00,36.875762939453125
srv-009,2017-06-02 12:00:00,30.48834228515625
srv-009,2017-06-02 13:00:00,31.31023597717285
srv-009,2017-06-02 14:00:00,32.128231048583984
srv-009,2017-06-02 15:00:00,32.204994201660156
srv-009,2017-06-02 16:00:00,38.70096206665039
srv-009,2017-06-02 17:00:00,30.644968032836914
srv-009,2017-06-02 18:00:00,30.885990142822266
srv-009,2017-06-02 19:00:00,33.28274154663086
srv-009,2017-06-02 20:00:00,32.72294235229492
srv-009,2017-06-02 21:00:00,31.646114349365234
srv-009,2017-06-02 22:00:00,31.430997848510742
srv-009,2017-06-02 23:00:00,31.467702865600586
srv-009,2017-06-03 00:00:00,30.762479782104492
srv-009,2017-06-03 01:00:00,30.85983657836914
srv-009,2017-06-03 02:00:00,29.56864356994629
srv-009,2017-06-03 03:00:00,29.82564353942871
srv-009,2017-06-03 04:00:00,30.83708381652832
srv-009,2017-06-03 05:00:00,31.279932022094727
srv-009,2017-06-03 06:00:00,30.40043830871582
srv-009,2017-06-03 07:00:00,30.63683319091797
srv-009,2017-06-03 08:00:00,30.476539611816406
srv-009,2017-06-03 09:00:00,30.079729080200195
srv-009,2017-06-03 10:00:00,30.15684700012207
srv-009,2017-06-03 11:00:00,30.204030990600586
srv-009,2017-06-03 12:00:00,30.973270416259766
srv-009,2017-06-03 13:00:00,30.9582462310791
srv-009,2017-06-03 14:00:00,31.132043838500977
srv-009,2017-06-03 15:00:00,31.581924438476562
srv-009,2017-06-03 16:00:00,31.930721282958984
srv-009,2017-06-03 17:00:00,31.66425132751465
srv-009,2017-06-03 18:00:00,32.517791748046875
srv-009,2017-06-03 19:00:00,32.26369857788086
srv-009,2017-06-03 20:00:00,32.69929504394531
srv-009,2017-06-03 21:00:00,33.77836608886719
srv-009,2017-06-03 22:00:00,31.508434295654297
srv-009,2017-06-03 23:00:00,30.008787155151367
srv-009,2017-06-04 00:00:00,28.97412872314453
srv-009,2017-06-04 01:00:00,29.025875091552734
srv-009,2017-06-04 02:00:00,29.537824630737305
srv-009,2017-06-04 03:00:00,37.05455017089844
srv-009,2017-06-04 04:00:00,30.638383865356445
srv-009,2017-06-04 05:00:00,30.23061180114746
srv-009,2017-06-04 06:00:00,31.19034767150879
srv-009,2017-06-04 07:00:00,30.821624755859375
srv-009,2017-06-04 08:00:00,30.80925941467285
srv-009,2017-06-04 09:00:00,32.045108795166016
srv-009,2017-06-04 10:00:00,31.36268424987793
srv-009,2017-06-04 11:00:00,30.829336166381836
srv-009,2017-06-04 12:00:00,31.6105899810791
srv-009,2017-06-04 13:00:00,31.476991653442383
srv-009,2017-06-04 14:00:00,31.55025291442871
srv-009,2017-06-04 15:00:00,31.757902145385742
srv-009,2017-06-04 16:00:00,32.74252700805664
srv-009,2017-06-04 17:00:00,30.850187301635742
srv-009,2017-06-04 18:00:00,32.026092529296875
srv-009,2017-06-04 19:00:00,33.76203155517578
srv-009,2017-06-04 20:00:00,29.016443252563477
srv-009,2017-06-04 21:00:00,30.528120040893555
srv-009,2017-06-04 22:00:00,32.015411376953125
srv-009,2017-06-04 23:00:00,30.749298095703125
srv-009,2017-06-05 00:00:00,29.45669937133789
srv-009,2017-06-05 01:00:00,29.635784149169922
srv-009,2017-06-05 02:00:00,30.214067459106445
srv-009,2017-06-05 03:00:00,30.450403213500977
srv-009,2017-06-05 04:00:00,30.717809677124023
srv-009,2017-06-05 05:00:00,30.12675666809082
srv-009,2017-06-05 06:00:00,31.454740524291992
srv-009,2017-06-05 07:00:00,31.584148406982422
srv-009,2017-06-05 08:00:00,32.73479461669922
srv-009,2017-06-05 09:00:00,31.368288040161133
srv-009,2017-06-05 10:00:00,31.784738540649414
srv-009,2017-06-05 11:00:00,31.069101333618164
srv-009,2017-06-05 12:00:00,31.59670066833496
srv-009,2017-06-05 13:00:00,33.19932556152344
srv-009,2017-06-05 14:00:00,33.3036003112793
srv-009,2017-06-05 15:00:00,34.499366760253906
srv-009,2017-06-05 16:00:00,32.26997375488281
srv-009,2017-06-05 17:00:00,30.99173927307129
srv-009,2017-06-05 18:00:00,31.535245895385742
srv-009,2017-06-05 19:00:00,32.52503204345703
srv-009,2017-06-05 20:00:00,31.90384864807129
srv-009,2017-06-05 21:00:00,32.09921646118164
srv-009,2017-06-05 22:00:00,31.680978775024414
srv-009,2017-06-05 23:00:00,32.284114837646484
srv-009,2017-06-06 00:00:00,32.925540924072266
srv-009,2017-06-06 01:00:00,32.40119934082031
srv-009,2017-06-06 02:00:00,33.26063537597656
srv-009,2017-06-06 03:00:00,34.671226501464844
srv-009,2017-06-06 04:00:00,32.803558349609375
srv-009,2017-06-06 05:00:00,32.57428741455078
srv-009,2017-06-06 06:00:00,33.307594299316406
srv-009,2017-06-06 07:00:00,35.01715850830078
srv-009,2017-06-06 08:00:00,34.622093200683594
srv-009,2017-06-06 09:00:00,34.98809814453125
srv-009,2017-06-06 10:00:00,33.9317626953125
srv-009,2017-06-06 11:00:00,31.983449935913086
srv-009,2017-06-06 12:00:00,32.127105712890625
srv-009,2017-06-06 13:00:00,33.58393096923828
srv-009,2017-06-06 14:00:00,33.4545783996582
srv-009,2017-06-06 15:00:00,34.46571350097656
srv-009,2017-06-06 16:00:00,34.644432067871094
srv-009,2017-06-06 17:00:00,33.63010787963867
srv-009,2017-06-06 18:00:00,35.11399841308594
srv-009,2017-06-06 19:00:00,32.9046630859375
srv-009,2017-06-06 20:00:00,34.11259460449219
srv-009,2017-06-06 21:00:00,35.12135314941406
srv-009,2017-06-06 22:00:00,31.869192123413086
srv-009,2017-06-06 23:00:00,32.81959915161133
srv-009,2017-06-07 00:00:00,34.52234649658203
srv-009,2017-06-07 01:00:00,32.580928802490234
srv-009,2017-06-07 02:00:00,34.266910552978516
srv-009,2017-06-07 03:00:00,34.080135345458984
srv-009,2017-06-07 04:00:00,34.69999694824219
srv-009,2017-06-07 05:00:00,34.339500427246094
srv-009,2017-06-07 06:00:00,31.069698333740234
srv-009,2017-06-07 07:00:00,33.436153411865234
srv-009,2017-06-07 08:00:00,34.36125946044922
srv-009,2017-06-07 09:00:00,33.730743408203125
srv-009,2017-06-07 10:00:00,33.674800872802734
srv-009,2017-06-07 11:00:00,34.03634262084961
srv-009,2017-06-07 12:00:00,34.33692169189453
srv-009,2017-06-07 13:00:00,34.351009368896484
srv-009,2017-06-07 14:00:00,34.917293548583984
srv-009,2017-06-07 15:00:00,34.800498962402344
srv-009,2017-06-07 16:00:00,35.218658447265625
srv-009,2017-06-07 17:00:00,35.56782913208008
srv-009,2017-06-07 18:00:00,36.17976379394531
srv-009,2017-06-07 19:00:00,34.47611618041992
srv-009,2017-06-07 20:00:00,34.77832794189453
srv-009,2017-06-07 21:00:00,35.63782501220703
srv-009,2017-06-07 22:00:00,34.27859115600586
srv-009,2017-06-07 23:00:00,34.44215393066406
srv-009,2017-06-08 00:00:00,35.032562255859375
srv-009,2017-06-08 01:00:00,34.725589752197266
srv-009,2017-06-08 02:00:00,34.04850387573242
srv-009,2017-06-08 03:00:00,34.076080322265625
srv-009,2017-06-08 04:00:00,32.88142395019531
srv-009,2017-06-08 05:00:00,34.95262145996094
srv-009,2017-06-08 06:00:00,33.25572967529297
srv-009,2017-06-08 07:00:00,31.896574020385742
srv-009,2017-06-08 08:00:00,32.325408935546875
srv-009,2017-06-08 09:00:00,33.07530975341797
srv-009,2017-06-08 10:00:00,33.86311340332031
srv-009,2017-06-08 11:00:00,34.0739631652832
srv-009,2017-06-08 12:00:00,32.69953536987305
srv-009,2017-06-08 13:00:00,32.85721969604492
srv-009,2017-06-08 14:00:00,33.818695068359375
srv-009,2017-06-08 15:00:00,34.272029876708984
srv-009,2017-06-08 16:00:00,33.547279357910156
srv-009,2017-06-08 17:00:00,34.08444595336914
srv-009,2017-06-08 18:00:00,32.68696594238281
srv-009,2017-06-08 19:00:00,33.49623489379883
srv-009,2017-06-08 20:00:00,32.28119659423828
srv-009,2017-06-08 21:00:00,31.552175521850586
srv-009,2017-06-08 22:00:00,32.58999252319336
srv-009,2017-06-08 23:00:00,32.57429504394531
srv-009,2017-06-09 00:00:00,32.45350646972656
srv-009,2017-06-09 01:00:00,32.483524322509766
srv-009,2017-06-09 02:00:00,33.698978424072266
srv-009,2017-06-09 03:00:00,36.019981384277344
srv-009,2017-06-09 04:00:00,33.95465087890625
srv-009,2017-06-09 05:00:00,32.52751541137695
srv-009,2017-06-09 06:00:00,31.445547103881836
srv-009,2017-06-09 07:00:00,32.1459846496582
srv-009,2017-06-09 08:00:00,33.37135696411133
srv-009,2017-06-09 09:00:00,32.33353805541992
srv-009,2017-06-09 10:00:00,32.22796630859375
srv-009,2017-06-09 11:00:00,31.923585891723633
srv-009,2017-06-09 12:00:00,31.90360450744629
srv-009,2017-06-09 13:00:00,31.83030891418457
srv-009,2017-06-09 14:00:00,32.06523132324219
srv-009,2017-06-09 15:00:00,32.173500061035156
srv-009,2017-06-09 16:00:00,32.72346878051758
srv-009,2017-06-09 17:00:00,32.37679672241211
srv-009,2017-06-09 18:00:00,33.25402069091797
srv-009,2017-06-09 19:00:00,31.14657974243164
srv-009,2017-06-09 20:00:00,31.364595413208008
srv-009,2017-06-09 21:00:00,32.2325325012207
srv-009,2017-06-09 22:00:00,30.350770950317383
srv-009,2017-06-09 23:00:00,28.780841827392578
srv-009,2017-06-10 00:00:00,29.079559326171875
srv-009,2017-06-10 01:00:00,29.443906784057617
srv-009,2017-06-10 02:00:00,30.3221378326416
srv-009,2017-06-10 03:00:00,31.993558883666992
srv-009,2017-06-10 04:00:00,31.716093063354492
srv-009,2017-06-10 05:00:00,30.801639556884766
srv-009,2017-06-10 06:00:00,31.364585876464844
srv-009,2017-06-10 07:00:00,31.440933227539062
srv-009,2017-06-10 08:00:00,32.48469924926758
srv-009,2017-06-10 09:00:00,32.8989143371582
srv-009,2017-06-10 10:00:00,32.567054748535156
srv-009,2017-06-10 11:00:00,33.66659164428711
srv-009,2017-06-10 12:00:00,32.268165588378906
srv-009,2017-06-10 13:00:00,30.181867599487305
srv-009,2017-06-10 14:00:00,30.16243553161621
srv-009,2017-06-10 15:00:00,32.22661209106445
srv-009,2017-06-10 16:00:00,32.15987777709961
srv-009,2017-06-10 17:00:00,32.67191696166992
srv-009,2017-06-10 18:00:00,34.35728454589844
srv-009,2017-06-10 19:00:00,33.161991119384766
srv-009,2017-06-10 20:00:00,33.391876220703125
srv-009,2017-06-10 21:00:00,32.502532958984375
srv-009,2017-06-10 22:00:00,30.2714900970459
srv-009,2017-06-10 23:00:00,31.135522842407227
srv-009,2017-06-11 00:00:00,31.388418197631836
srv-009,2017-06-11 01:00:00,28.627302169799805
srv-009,2017-06-11 02:00:00,31.228153228759766
srv-009,2017-06-11 03:00:00,31.25472068786621
srv-009,2017-06-11 04:00:00,30.12813377380371
srv-009,2017-06-11 05:00:00,29.25811195373535
srv-009,2017-06-11 06:00:00,30.266630172729492
srv-009,2017-06-11 07:00:00,30.962129592895508
srv-009,2017-06-11 08:00:00,31.147146224975586
srv-009,2017-06-11 09:00:00,31.26209831237793
srv-009,2017-06-11 10:00:00,30.68987464904785
srv-009,2017-06-11 11:00:00,30.686031341552734
srv-009,2017-06-11 12:00:00,30.756351470947266
srv-009,2017-06-11 13:00:00,31.521535873413086
srv-009,2017-06-11 14:00:00,31.04148292541504
srv-009,2017-06-11 15:00:00,33.2274055480957
srv-009,2017-06-11 16:00:00,33.25604248046875
srv-009,2017-06-11 17:00:00,33.5829963684082
srv-009,2017-06-11 18:00:00,33.71635437011719
srv-009,2017-06-11 19:00:00,31.883485794067383
srv-009,2017-06-11 20:00:00,32.579132080078125
srv-009,2017-06-11 21:00:00,30.56925392150879
srv-009,2017-06-11 22:00:00,30.61220359802246
srv-009,2017-06-11 23:00:00,30.839336395263672
srv-009,2017-06-12 00:00:00,29.104923248291016
srv-009,2017-06-12 01:00:00,28.889707565307617
srv-009,2017-06-12 02:00:00,29.943565368652344
srv-009,2017-06-12 03:00:00,30.241411209106445
srv-009,2017-06-12 04:00:00,31.294164657592773
srv-009,2017-06-12 05:00:00,31.224716186523438
srv-009,2017-06-12 06:00:00,30.9338321685791
srv-009,2017-06-12 07:00:00,32.184688568115234
srv-009,2017-06-12 08:00:00,33.209041595458984
srv-009,2017-06-12 09:00:00,31.27924346923828
srv-009,2017-06-12 10:00:00,32.52126693725586
srv-009,2017-06-12 11:00:00,34.25949478149414
srv-009,2017-06-12 12:00:00,33.18507766723633
srv-009,2017-06-12 13:00:00,32.173484802246094
srv-009,2017-06-12 14:00:00,33.14739227294922
srv-009,2017-06-12 15:00:00,33.524356842041016
srv-009,2017-06-12 16:00:00,32.73120880126953
srv-009,2017-06-12 17:00:00,33.741790771484375
srv-009,2017-06-12 18:00:00,34.848899841308594
srv-009,2017-06-12 19:00:00,34.69671630859375
srv-009,2017-06-12 20:00:00,32.7370719909668
srv-009,2017-06-12 21:00:00,32.816749572753906
srv-009,2017-06-12 22:00:00,33.21503829956055
srv-009,2017-06-12 23:00:00,34.458282470703125
srv-009,2017-06-13 00:00:00,34.54193115234375
srv-009,2017-06-13 01:00:00,35.25960922241211
srv-009,2017-06-13 02:00:00,34.85215377807617
srv-009,2017-06-13 03:00:00,32.287235260009766
srv-009,2017-06-13 04:00:00,32.290924072265625
srv-009,2017-06-13 05:00:00,31.935977935791016
srv-009,2017-06-13 06:00:00,32.688331604003906
srv-009,2017-06-13 07:00:00,33.47553253173828
srv-009,2017-06-13 08:00:00,34.403377532958984
srv-009,2017-06-13 09:00:00,34.66712188720703
srv-009,2017-06-13 10:00:00,33.996253967285156
srv-009,2017-06-13 11:00:00,34.0643424987793
srv-009,2017-06-13 12:00:00,34.776187896728516
srv-009,2017-06-13 13:00:00,35.24739456176758
srv-009,2017-06-13 14:00:00,34.93655014038086
srv-009,2017-06-13 15:00:00,34.74382781982422
srv-009,2017-06-13 16:00:00,33.309791564941406
srv-009,2017-06-13 17:00:00,33.43450927734375
srv-009,2017-06-13 18:00:00,33.912635803222656
srv-009,2017-06-13 19:00:00,33.87089538574219
srv-009,2017-06-13 20:00:00,33.81789016723633
srv-009,2017-06-13 21:00:00,32.36687088012695
srv-009,2017-06-13 22:00:00,32.593135833740234
srv-009,2017-06-13 23:00:00,33.78919219970703
srv-009,2017-06-14 00:00:00,34.18014144897461
srv-009,2017-06-14 01:00:00,34.187774658203125
srv-009,2017-06-14 02:00:00,36.225303649902344
srv-009,2017-06-14 03:00:00,35.883872985839844
srv-009,2017-06-14 04:00:00,35.27161407470703
srv-009,2017-06-14 05:00:00,36.480838775634766
srv-009,2017-06-14 06:00:00,33.454383850097656
srv-009,2017-06-14 07:00:00,34.23138427734375
srv-009,2017-06-14 08:00:00,34.29281997680664
srv-009,2017-06-14 09:00:00,34.334815979003906
srv-009,2017-06-14 10:00:00,35.59095001220703
srv-009,2017-06-14 11:00:00,35.43927001953125
srv-009,2017-06-14 12:00:00,36.179237365722656
srv-009,2017-06-14 13:00:00,33.65327453613281
srv-009,2017-06-14 14:00:00,33.96617126464844
srv-009,2017-06-14 15:00:00,34.81529998779297
srv-009,2017-06-14 16:00:00,34.20170593261719
srv-009,2017-06-14 17:00:00,34.156715393066406
srv-009,2017-06-14 18:00:00,34.228302001953125
srv-009,2017-06-14 19:00:00,33.42698669433594
srv-009,2017-06-14 20:00:00,37.825897216796875
srv-009,2017-06-14 21:00:00,35.28350830078125
srv-009,2017-06-14 22:00:00,34.848182678222656
srv-009,2017-06-14 23:00:00,35.49797058105469
srv-009,2017-06-15 00:00:00,34.802921295166016
srv-009,2017-06-15 01:00:00,35.83088302612305
srv-009,2017-06-15 02:00:00,32.76346969604492
srv-009,2017-06-15 03:00:00,33.66857147216797
srv-009,2017-06-15 04:00:00,35.09001922607422
srv-009,2017-06-15 05:00:00,32.723915100097656
srv-009,2017-06-15 06:00:00,33.13621139526367
srv-009,2017-06-15 07:00:00,33.78596115112305
srv-009,2017-06-15 08:00:00,33.9158935546875
srv-009,2017-06-15 09:00:00,33.959266662597656
srv-009,2017-06-15 10:00:00,34.39289855957031
srv-009,2017-06-15 11:00:00,34.11127471923828
srv-009,2017-06-15 12:00:00,34.22332763671875
srv-009,2017-06-15 13:00:00,34.14015579223633
srv-009,2017-06-15 14:00:00,35.101444244384766
srv-009,2017-06-15 15:00:00,33.29367446899414
srv-009,2017-06-15 16:00:00,33.47085952758789
srv-009,2017-06-15 17:00:00,34.69786834716797
srv-009,2017-06-15 18:00:00,32.88789749145508
srv-009,2017-06-15 19:00:00,33.81867218017578
srv-009,2017-06-15 20:00:00,34.18714141845703
srv-009,2017-06-15 21:00:00,34.43025207519531
srv-009,2017-06-15 22:00:00,32.36920928955078
srv-009,2017-06-15 23:00:00,31.549711227416992
srv-009,2017-06-16 00:00:00,32.57422637939453
srv-009,2017-06-16 01:00:00,33.41195297241211
srv-009,2017-06-16 02:00:00,33.84864044189453
srv-009,2017-06-16 03:00:00,32.39220428466797
srv-009,2017-06-16 04:00:00,33.61615753173828
srv-009,2017-06-16 05:00:00,33.0661506652832
srv-009,2017-06-16 06:00:00,32.60552215576172
srv-009,2017-06-16 07:00:00,31.008756637573242
srv-009,2017-06-16 08:00:00,30.658851623535156
srv-009,2017-06-16 09:00:00,32.1880989074707
srv-009,2017-06-16 10:00:00,32.41408157348633
srv-009,2017-06-16 11:00:00,33.328941345214844
srv-009,2017-06-16 12:00:00,30.926212310791016
srv-009,2017-06-16 13:00:00,31.652219772338867
srv-009,2017-06-16 14:00:00,32.155052185058594
srv-009,2017-06-16 15:00:00,31.03985023498535
srv-009,2017-06-16 16:00:00,32.249725341796875
srv-009,2017-06-16 17:00:00,32.206661224365234
srv-009,2017-06-16 18:00:00,31.699190139770508
srv-009,2017-06-16 19:00:00,31.651933670043945
srv-009,2017-06-16 20:00:00,31.80559730529785
srv-009,2017-06-16 21:00:00,29.775785446166992
srv-009,2017-06-16 22:00:00,31.066635131835938
srv-009,2017-06-16 23:00:00,30.262422561645508
srv-009,2017-06-17 00:00:00,31.7773494720459
srv-009,2017-06-17 01:00:00,31.920320510864258
srv-009,2017-06-17 02:00:00,30.599401473999023
srv-009,2017-06-17 03:00:00,30.80927848815918
srv-009,2017-06-17 04:00:00,30.2753849029541
srv-009,2017-06-17 05:00:00,30.4064998626709
srv-009,2017-06-17 06:00:00,30.839181900024414
srv-009,2017-06-17 07:00:00,30.668201446533203
srv-009,2017-06-17 08:00:00,30.527721405029297
srv-009,2017-06-17 09:00:00,31.333471298217773
srv-009,2017-06-17 10:00:00,30.966577529907227
srv-009,2017-06-17 11:00:00,31.067886352539062
srv-009,2017-06-17 12:00:00,31.982641220092773
srv-009,2017-06-17 13:00:00,29.443803787231445
srv-009,2017-06-17 14:00:00,31.905248641967773
srv-009,2017-06-17 15:00:00,31.59124183654785
srv-009,2017-06-17 16:00:00,33.731876373291016
srv-009,2017-06-17 17:00:00,33.82640075683594
srv-009,2017-06-17 18:00:00,30.150089263916016
srv-009,2017-06-17 19:00:00,31.591236114501953
srv-009,2017-06-17 20:00:00,31.746973037719727
srv-009,2017-06-17 21:00:00,30.618507385253906
srv-009,2017-06-17 22:00:00,30.487953186035156
srv-009,2017-06-17 23:00:00,30.478206634521484
srv-009,2017-06-18 00:00:00,31.133939743041992
srv-009,2017-06-18 01:00:00,31.57985496520996
srv-009,2017-06-18 02:00:00,31.910696029663086
srv-009,2017-06-18 03:00:00,32.6187629699707
srv-009,2017-06-18 04:00:00,28.707714080810547
srv-009,2017-06-18 05:00:00,30.703500747680664
srv-009,2017-06-18 06:00:00,32.07936096191406
srv-009,2017-06-18 07:00:00,30.817350387573242
srv-009,2017-06-18 08:00:00,31.344816207885742
srv-009,2017-06-18 09:00:00,31.736391067504883
srv-009,2017-06-18 10:00:00,31.208337783813477
srv-009,2017-06-18 11:00:00,31.890504837036133
srv-009,2017-06-18 12:00:00,32.17797088623047
srv-009,2017-06-18 13:00:00,33.32196807861328
srv-009,2017-06-18 14:00:00,32.62442398071289
srv-009,2017-06-18 15:00:00,33.94003677368164
srv-009,2017-06-18 16:00:00,32.04963302612305
srv-009,2017-06-18 17:00:00,31.15672492980957
srv-009,2017-06-18 18:00:00,32.12572479248047
srv-009,2017-06-18 19:00:00,32.51042938232422
srv-009,2017-06-18 20:00:00,31.137495040893555
srv-009,2017-06-18 21:00:00,31.76146125793457
srv-009,2017-06-18 22:00:00,32.45132827758789
srv-009,2017-06-18 23:00:00,32.113136291503906
srv-009,2017-06-19 00:00:00,28.350252151489258
srv-009,2017-06-19 01:00:00,30.681520462036133
srv-009,2017-06-19 02:00:00,32.745689392089844
srv-009,2017-06-19 03:00:00,30.889183044433594
srv-009,2017-06-19 04:00:00,29.72553253173828
srv-009,2017-06-19 05:00:00,31.398897171020508
srv-009,2017-06-19 06:00:00,31.225444793701172
srv-009,2017-06-19 07:00:00,30.22833824157715
srv-009,2017-06-19 08:00:00,31.871501922607422
srv-009,2017-06-19 09:00:00,31.08023452758789
srv-009,2017-06-19 10:00:00,31.586002349853516
srv-009,2017-06-19 11:00:00,33.082908630371094
srv-009,2017-06-19 12:00:00,32.381103515625
srv-009,2017-06-19 13:00:00,34.06307601928711
srv-009,2017-06-19 14:00:00,34.65293884277344
srv-009,2017-06-19 15:00:00,34.153934478759766
srv-009,2017-06-19 16:00:00,34.35105514526367
srv-009,2017-06-19 17:00:00,35.37479782104492
srv-009,2017-06-19 18:00:00,34.43090057373047
srv-009,2017-06-19 19:00:00,32.88179397583008
srv-009,2017-06-19 20:00:00,33.85237121582031
srv-009,2017-06-19 21:00:00,33.774112701416016
srv-009,2017-06-19 22:00:00,31.59056282043457
srv-009,2017-06-19 23:00:00,32.353370666503906
srv-009,2017-06-20 00:00:00,32.990840911865234
srv-009,2017-06-20 01:00:00,32.96284484863281
srv-009,2017-06-20 02:00:00,33.44117736816406
srv-009,2017-06-20 03:00:00,33.17060089111328
srv-009,2017-06-20 04:00:00,33.98878860473633
srv-009,2017-06-20 05:00:00,33.077579498291016
srv-009,2017-06-20 06:00:00,31.749488830566406
srv-009,2017-06-20 07:00:00,32.894161224365234
srv-009,2017-06-20 08:00:00,32.98534393310547
srv-009,2017-06-20 09:00:00,32.2018928527832
srv-009,2017-06-20 10:00:00,32.66327667236328
srv-009,2017-06-20 11:00:00,33.06611251831055
srv-009,2017-06-20 12:00:00,33.704566955566406
srv-009,2017-06-20 13:00:00,32.893333435058594
srv-009,2017-06-20 14:00:00,33.50953674316406
srv-009,2017-06-20 15:00:00,33.5175895690918
srv-009,2017-06-20 16:00:00,32.74668502807617
srv-009,2017-06-20 17:00:00,33.34172821044922
srv-009,2017-06-20 18:00:00,35.47050476074219
srv-009,2017-06-20 19:00:00,33.3917121887207
srv-009,2017-06-20 20:00:00,34.52772521972656
srv-009,2017-06-20 21:00:00,32.32160568237305
srv-009,2017-06-20 22:00:00,31.848228454589844
srv-009,2017-06-20 23:00:00,33.678955078125
srv-009,2017-06-21 00:00:00,33.66790771484375
srv-009,2017-06-21 01:00:00,32.975059509277344
srv-009,2017-06-21 02:00:00,32.54465103149414
srv-009,2017-06-21 03:00:00,33.17727279663086
srv-009,2017-06-21 04:00:00,33.08290481567383
srv-009,2017-06-21 05:00:00,32.98657989501953
srv-009,2017-06-21 06:00:00,34.32695388793945
srv-009,2017-06-21 07:00:00,33.48678970336914
srv-009,2017-06-21 08:00:00,32.935604095458984
srv-009,2017-06-21 09:00:00,33.8499641418457
srv-009,2017-06-21 10:00:00,33.36424255371094
srv-009,2017-06-21 11:00:00,32.40678024291992
srv-009,2017-06-21 12:00:00,34.10903549194336
srv-009,2017-06-21 13:00:00,32.3988151550293
srv-009,2017-06-21 14:00:00,30.79448890686035
srv-009,2017-06-21 15:00:00,32.07902526855469
srv-009,2017-06-21 16:00:00,32.11405563354492
srv-009,2017-06-21 17:00:00,32.24974060058594
srv-009,2017-06-21 18:00:00,32.65266799926758
srv-009,2017-06-21 19:00:00,31.744251251220703
srv-009,2017-06-21 20:00:00,31.890140533447266
srv-009,2017-06-21 21:00:00,31.16248321533203
srv-009,2017-06-21 22:00:00,31.52969741821289
srv-009,2017-06-21 23:00:00,31.991539001464844
srv-009,2017-06-22 00:00:00,32.60047912597656
srv-009,2017-06-22 01:00:00,33.418968200683594
srv-009,2017-06-22 02:00:00,32.81375503540039
srv-009,2017-06-22 03:00:00,31.74065399169922
srv-009,2017-06-22 04:00:00,33.6802864074707
srv-009,2017-06-22 05:00:00,32.726558685302734
srv-009,2017-06-22 06:00:00,31.229446411132812
srv-009,2017-06-22 07:00:00,32.414432525634766
srv-009,2017-06-22 08:00:00,32.33987045288086
srv-009,2017-06-22 09:00:00,32.2481803894043
srv-009,2017-06-22 10:00:00,32.91664505004883
srv-009,2017-06-22 11:00:00,33.331119537353516
srv-009,2017-06-22 12:00:00,33.58578109741211
srv-009,2017-06-22 13:00:00,33.56753921508789
srv-009,2017-06-22 14:00:00,34.385520935058594
srv-009,2017-06-22 15:00:00,32.271541595458984
srv-009,2017-06-22 16:00:00,33.803714752197266
srv-009,2017-06-22 17:00:00,34.5560188293457
srv-009,2017-06-22 18:00:00,33.946617126464844
srv-009,2017-06-22 19:00:00,32.82638931274414
srv-009,2017-06-22 20:00:00,33.852500915527344
srv-009,2017-06-22 21:00:00,34.474098205566406
srv-009,2017-06-22 22:00:00,34.412471771240234
srv-009,2017-06-22 23:00:00,35.66157150268555
srv-009,2017-06-23 00:00:00,33.57191848754883
srv-009,2017-06-23 01:00:00,31.7876033782959
srv-009,2017-06-23 02:00:00,32.6871223449707
srv-009,2017-06-23 03:00:00,33.22652053833008
srv-009,2017-06-23 04:00:00,32.539371490478516
srv-009,2017-06-23 05:00:00,33.43179702758789
srv-009,2017-06-23 06:00:00,33.287776947021484
srv-009,2017-06-23 07:00:00,32.71674346923828
srv-009,2017-06-23 08:00:00,31.946672439575195
srv-009,2017-06-23 09:00:00,31.922319412231445
srv-009,2017-06-23 10:00:00,31.76420783996582
srv-009,2017-06-23 11:00:00,31.580801010131836
srv-009,2017-06-23 12:00:00,32.65176010131836
srv-009,2017-06-23 13:00:00,33.46754837036133
srv-009,2017-06-23 14:00:00,32.148189544677734
srv-009,2017-06-23 15:00:00,31.586551666259766
srv-009,2017-06-23 16:00:00,31.632801055908203
srv-009,2017-06-23 17:00:00,32.62869644165039
srv-009,2017-06-23 18:00:00,31.11195945739746
srv-009,2017-06-23 19:00:00,30.948999404907227
srv-009,2017-06-23 20:00:00,31.64272117614746
srv-009,2017-06-23 21:00:00,33.75748062133789
srv-009,2017-06-23 22:00:00,32.05022048950195
srv-009,2017-06-23 23:00:00,30.092735290527344
srv-009,2017-06-24 00:00:00,31.477224349975586
srv-009,2017-06-24 01:00:00,32.58635330200195
srv-009,2017-06-24 02:00:00,32.385414123535156
srv-009,2017-06-24 03:00:00,30.473106384277344
srv-009,2017-06-24 04:00:00,31.240217208862305
srv-009,2017-06-24 05:00:00,31.033233642578125
srv-009,2017-06-24 06:00:00,30.58075523376465
srv-009,2017-06-24 07:00:00,30.25303840637207
srv-009,2017-06-24 08:00:00,30.42774772644043
srv-009,2017-06-24 09:00:00,30.450647354125977
srv-009,2017-06-24 10:00:00,30.85820960998535
srv-009,2017-06-24 11:00:00,30.693132400512695
srv-009,2017-06-24 12:00:00,31.115564346313477
srv-009,2017-06-24 13:00:00,31.711698532104492
srv-009,2017-06-24 14:00:00,31.455402374267578
srv-009,2017-06-24 15:00:00,31.868371963500977
srv-009,2017-06-24 16:00:00,31.436586380004883
srv-009,2017-06-24 17:00:00,31.61593246459961
srv-009,2017-06-24 18:00:00,32.792022705078125
srv-009,2017-06-24 19:00:00,32.43788146972656
srv-009,2017-06-24 20:00:00,31.39615821838379
srv-009,2017-06-24 21:00:00,31.67195701599121
srv-009,2017-06-24 22:00:00,31.923925399780273
srv-009,2017-06-24 23:00:00,30.223255157470703
srv-009,2017-06-25 00:00:00,30.95692253112793
srv-009,2017-06-25 01:00:00,31.98048973083496
srv-009,2017-06-25 02:00:00,31.196182250976562
srv-009,2017-06-25 03:00:00,31.495662689208984
srv-009,2017-06-25 04:00:00,32.573326110839844
srv-009,2017-06-25 05:00:00,31.922449111938477
srv-009,2017-06-25 06:00:00,30.473264694213867
srv-009,2017-06-25 07:00:00,30.774761199951172
srv-009,2017-06-25 08:00:00,30.875572204589844
srv-009,2017-06-25 09:00:00,29.755525588989258
srv-009,2017-06-25 10:00:00,30.20622444152832
srv-009,2017-06-25 11:00:00,30.00333595275879
srv-009,2017-06-25 12:00:00,30.07192039489746
srv-009,2017-06-25 13:00:00,30.97947883605957
srv-009,2017-06-25 14:00:00,31.885982513427734
srv-009,2017-06-25 15:00:00,32.792083740234375
srv-009,2017-06-25 16:00:00,29.98697853088379
srv-009,2017-06-25 17:00:00,30.8472957611084
srv-009,2017-06-25 18:00:00,31.690549850463867
srv-009,2017-06-25 19:00:00,31.367341995239258
srv-009,2017-06-25 20:00:00,31.55571937561035
srv-009,2017-06-25 21:00:00,31.612478256225586
srv-009,2017-06-25 22:00:00,32.067665100097656
srv-009,2017-06-25 23:00:00,31.464399337768555
srv-009,2017-06-26 00:00:00,30.00057029724121
srv-009,2017-06-26 01:00:00,28.956092834472656
srv-009,2017-06-26 02:00:00,30.31753158569336
srv-009,2017-06-26 03:00:00,30.918848037719727
srv-009,2017-06-26 04:00:00,32.2918586730957
srv-009,2017-06-26 05:00:00,32.23828125
srv-009,2017-06-26 06:00:00,33.052494049072266
srv-009,2017-06-26 07:00:00,33.04774475097656
srv-009,2017-06-26 08:00:00,31.4371280670166
srv-009,2017-06-26 09:00:00,33.30296325683594
srv-009,2017-06-26 10:00:00,31.90907096862793
srv-009,2017-06-26 11:00:00,30.851533889770508
srv-009,2017-06-26 12:00:00,31.138378143310547
srv-009,2017-06-26 13:00:00,32.08722686767578
srv-009,2017-06-26 14:00:00,31.152128219604492
srv-009,2017-06-26 15:00:00,31.674842834472656
srv-009,2017-06-26 16:00:00,31.760099411010742
srv-009,2017-06-26 17:00:00,33.736793518066406
srv-009,2017-06-26 18:00:00,33.75123596191406
srv-009,2017-06-26 19:00:00,33.76819610595703
srv-009,2017-06-26 20:00:00,31.21183967590332
srv-009,2017-06-26 21:00:00,31.836759567260742
srv-009,2017-06-26 22:00:00,33.51488494873047
srv-009,2017-06-26 23:00:00,33.075347900390625
srv-009,2017-06-27 00:00:00,33.35731506347656
srv-009,2017-06-27 01:00:00,33.61252212524414
srv-009,2017-06-27 02:00:00,33.363094329833984
srv-009,2017-06-27 03:00:00,32.555137634277344
srv-009,2017-06-27 04:00:00,31.819578170776367
srv-009,2017-06-27 05:00:00,33.997859954833984
srv-009,2017-06-27 06:00:00,34.244754791259766
srv-009,2017-06-27 07:00:00,33.059547424316406
srv-009,2017-06-27 08:00:00,34.586639404296875
srv-009,2017-06-27 09:00:00,35.09980010986328
srv-009,2017-06-27 10:00:00,33.675418853759766
srv-009,2017-06-27 11:00:00,34.34822463989258
srv-009,2017-06-27 12:00:00,34.590110778808594
srv-009,2017-06-27 13:00:00,33.700714111328125
srv-009,2017-06-27 14:00:00,32.15933609008789
srv-009,2017-06-27 15:00:00,33.217857360839844
srv-009,2017-06-27 16:00:00,33.38827896118164
srv-009,2017-06-27 17:00:00,34.198883056640625
srv-009,2017-06-27 18:00:00,36.86770248413086
srv-009,2017-06-27 19:00:00,34.73183059692383
srv-009,2017-06-27 20:00:00,33.90558624267578
srv-009,2017-06-27 21:00:00,34.66455841064453
srv-009,2017-06-27 22:00:00,34.94200897216797
srv-009,2017-06-27 23:00:00,35.38358688354492
srv-009,2017-06-28 00:00:00,33.380340576171875
srv-009,2017-06-28 01:00:00,31.203479766845703
srv-009,2017-06-28 02:00:00,32.09797668457031
srv-009,2017-06-28 03:00:00,33.68937301635742
srv-009,2017-06-28 04:00:00,33.28498458862305
srv-009,2017-06-28 05:00:00,34.8808479309082
srv-009,2017-06-28 06:00:00,35.04553985595703
srv-009,2017-06-28 07:00:00,34.66667556762695
srv-009,2017-06-28 08:00:00,34.70793533325195
srv-009,2017-06-28 09:00:00,33.20103073120117
srv-009,2017-06-28 10:00:00,34.54236602783203
srv-009,2017-06-28 11:00:00,36.92765808105469
srv-009,2017-06-28 12:00:00,35.03153610229492
srv-009,2017-06-28 13:00:00,34.45398712158203
srv-009,2017-06-28 14:00:00,33.52467727661133
srv-009,2017-06-28 15:00:00,34.5937385559082
srv-009,2017-06-28 16:00:00,37.852752685546875
srv-009,2017-06-28 17:00:00,36.3116340637207
srv-009,2017-06-28 18:00:00,35.605228424072266
srv-009,2017-06-28 19:00:00,37.550514221191406
srv-009,2017-06-28 20:00:00,36.686668395996094
srv-009,2017-06-28 21:00:00,36.132232666015625
srv-009,2017-06-28 22:00:00,35.88971710205078
srv-009,2017-06-28 23:00:00,36.35578536987305
srv-009,2017-06-29 00:00:00,33.993614196777344
srv-009,2017-06-29 01:00:00,31.83574104309082
srv-009,2017-06-29 02:00:00,33.12937927246094
srv-009,2017-06-29 03:00:00,33.6203498840332
srv-009,2017-06-29 04:00:00,33.092437744140625
srv-009,2017-06-29 05:00:00,33.45894241333008
srv-009,2017-06-29 06:00:00,33.735679626464844
srv-009,2017-06-29 07:00:00,33.969722747802734
srv-009,2017-06-29 08:00:00,34.70457458496094
srv-009,2017-06-29 09:00:00,35.83919906616211
srv-009,2017-06-29 10:00:00,34.942344665527344
srv-009,2017-06-29 11:00:00,35.81254577636719
srv-009,2017-06-29 12:00:00,33.87752914428711
srv-009,2017-06-29 13:00:00,33.01352310180664
srv-009,2017-06-29 14:00:00,33.51179504394531
srv-009,2017-06-29 15:00:00,33.21872329711914
srv-009,2017-06-29 16:00:00,33.38887023925781
srv-009,2017-06-29 17:00:00,33.6805419921875
srv-009,2017-06-29 18:00:00,31.395458221435547
srv-009,2017-06-29 19:00:00,32.0562858581543
srv-009,2017-06-29 20:00:00,32.85398483276367
srv-009,2017-06-29 21:00:00,33.46413803100586
srv-009,2017-06-29 22:00:00,33.37209701538086
srv-009,2017-06-29 23:00:00,33.044464111328125
srv-009,2017-06-30 00:00:00,32.7679443359375
srv-009,2017-06-30 01:00:00,33.314964294433594
srv-009,2017-06-30 02:00:00,33.22774124145508
srv-009,2017-06-30 03:00:00,33.43266296386719
srv-009,2017-06-30 04:00:00,32.32040023803711
srv-009,2017-06-30 05:00:00,33.26362609863281
srv-009,2017-06-30 06:00:00,30.677473068237305
srv-009,2017-06-30 07:00:00,30.562856674194336
srv-009,2017-06-30 08:00:00,31.610881805419922
srv-009,2017-06-30 09:00:00,32.584869384765625
srv-009,2017-06-30 10:00:00,32.57078170776367
srv-009,2017-06-30 11:00:00,32.76028060913086
srv-009,2017-06-30 12:00:00,34.30186462402344
srv-009,2017-06-30 13:00:00,31.08835792541504
srv-009,2017-06-30 14:00:00,31.663230895996094
srv-009,2017-06-30 15:00:00,32.82727813720703
srv-009,2017-06-30 16:00:00,32.681541442871094
srv-009,2017-06-30 17:00:00,30.65778923034668
srv-009,2017-06-30 18:00:00,30.991647720336914
srv-009,2017-06-30 19:00:00,32.12077713012695
srv-009,2017-06-30 20:00:00,30.854398727416992
srv-009,2017-06-30 21:00:00,31.803438186645508
srv-009,2017-06-30 22:00:00,31.82608985900879
srv-009,2017-06-30 23:00:00,32.14127731323242
srv-010,2017-06-01 23:00:00,61.00529098510742
srv-010,2017-06-02 00:00:00,67.833984375
srv-010,2017-06-02 01:00:00,69.26547241210938
srv-010,2017-06-02 02:00:00,71.05936431884766
srv-010,2017-06-02 03:00:00,72.79299926757812
srv-010,2017-06-02 04:00:00,73.61991882324219
srv-010,2017-06-02 05:00:00,72.84908294677734
srv-010,2017-06-02 06:00:00,71.14403533935547
srv-010,2017-06-02 07:00:00,70.4478530883789
srv-010,2017-06-02 08:00:00,73.05155944824219
srv-010,2017-06-02 09:00:00,73.15554809570312
srv-010,2017-06-02 10:00:00,75.24738311767578
srv-010,2017-06-02 11:00:00,84.32579040527344
srv-010,2017-06-02 12:00:00,86.02212524414062
srv-010,2017-06-02 13:00:00,87.5064697265625
srv-010,2017-06-02 14:00:00,82.04171752929688
srv-010,2017-06-02 15:00:00,80.94415283203125
srv-010,2017-06-02 16:00:00,77.858154296875
srv-010,2017-06-02 17:00:00,78.3449935913086
srv-010,2017-06-02 18:00:00,74.47090148925781
srv-010,2017-06-02 19:00:00,72.44326782226562
srv-010,2017-06-02 20:00:00,70.17593383789062
srv-010,2017-06-02 21:00:00,69.0793228149414
srv-010,2017-06-02 22:00:00,67.50471496582031
srv-010,2017-06-02 23:00:00,66.47956085205078
srv-010,2017-06-03 00:00:00,67.70706176757812
srv-010,2017-06-03 01:00:00,69.587158203125
srv-010,2017-06-03 02:00:00,69.28614807128906
srv-010,2017-06-03 03:00:00,69.08906555175781
srv-010,2017-06-03 04:00:00,70.31077575683594
srv-010,2017-06-03 05:00:00,74.58171081542969
srv-010,2017-06-03 06:00:00,76.88154602050781
srv-010,2017-06-03 07:00:00,76.7218017578125
srv-010,2017-06-03 08:00:00,80.7637939453125
srv-010,2017-06-03 09:00:00,77.99150085449219
srv-010,2017-06-03 10:00:00,78.11659240722656
srv-010,2017-06-03 11:00:00,79.52250671386719
srv-010,2017-06-03 12:00:00,82.73013305664062
srv-010,2017-06-03 13:00:00,84.51504516601562
srv-010,2017-06-03 14:00:00,83.71630859375
srv-010,2017-06-03 15:00:00,81.16673278808594
srv-010,2017-06-03 16:00:00,80.32722473144531
srv-010,2017-06-03 17:00:00,77.90288543701172
srv-010,2017-06-03 18:00:00,75.07362365722656
srv-010,2017-06-03 19:00:00,71.68836975097656
srv-010,2017-06-03 20:00:00,72.1446533203125
srv-010,2017-06-03 21:00:00,69.67494201660156
srv-010,2017-06-03 22:00:00,69.41118621826172
srv-010,2017-06-03 23:00:00,67.8635025024414
srv-010,2017-06-04 00:00:00,68.161376953125
srv-010,2017-06-04 01:00:00,67.08018493652344
srv-010,2017-06-04 02:00:00,67.59141540527344
srv-010,2017-06-04 03:00:00,70.17753601074219
srv-010,2017-06-04 04:00:00,71.35393524169922
srv-010,2017-06-04 05:00:00,75.33213806152344
srv-010,2017-06-04 06:00:00,75.79275512695312
srv-010,2017-06-04 07:00:00,77.33966827392578
srv-010,2017-06-04 08:00:00,79.72462463378906
srv-010,2017-06-04 09:00:00,78.24847412109375
srv-010,2017-06-04 10:00:00,75.36869812011719
srv-010,2017-06-04 11:00:00,77.59695434570312
srv-010,2017-06-04 12:00:00,78.3041763305664
srv-010,2017-06-04 13:00:00,80.0171127319336
srv-010,2017-06-04 14:00:00,80.33543395996094
srv-010,2017-06-04 15:00:00,79.11549377441406
srv-010,2017-06-04 16:00:00,77.832763671875
srv-010,2017-06-04 17:00:00,74.18975830078125
srv-010,2017-06-04 18:00:00,75.73233795166016
srv-010,2017-06-04 19:00:00,72.44461059570312
srv-010,2017-06-04 20:00:00,72.42506408691406
srv-010,2017-06-04 21:00:00,72.99374389648438
srv-010,2017-06-04 22:00:00,70.49549102783203
srv-010,2017-06-04 23:00:00,72.7515869140625
srv-010,2017-06-05 00:00:00,70.1078109741211
srv-010,2017-06-05 01:00:00,67.215087890625
srv-010,2017-06-05 02:00:00,68.24069213867188
srv-010,2017-06-05 03:00:00,69.28571319580078
srv-010,2017-06-05 04:00:00,67.92974853515625
srv-010,2017-06-05 05:00:00,69.4248046875
srv-010,2017-06-05 06:00:00,73.01614379882812
srv-010,2017-06-05 07:00:00,74.31046295166016
srv-010,2017-06-05 08:00:00,77.9530029296875
srv-010,2017-06-05 09:00:00,81.41902160644531
srv-010,2017-06-05 10:00:00,83.54765319824219
srv-010,2017-06-05 11:00:00,85.17932891845703
srv-010,2017-06-05 12:00:00,87.15105438232422
srv-010,2017-06-05 13:00:00,85.72994232177734
srv-010,2017-06-05 14:00:00,87.5322265625
srv-010,2017-06-05 15:00:00,88.45586395263672
srv-010,2017-06-05 16:00:00,90.20233154296875
srv-010,2017-06-05 17:00:00,87.47473907470703
srv-010,2017-06-05 18:00:00,85.53008270263672
srv-010,2017-06-05 19:00:00,80.25267791748047
srv-010,2017-06-05 20:00:00,78.92635345458984
srv-010,2017-06-05 21:00:00,79.16219329833984
srv-010,2017-06-05 22:00:00,80.27879333496094
srv-010,2017-06-05 23:00:00,80.40510559082031
srv-010,2017-06-06 00:00:00,80.69039916992188
srv-010,2017-06-06 01:00:00,79.01795959472656
srv-010,2017-06-06 02:00:00,81.65771484375
srv-010,2017-06-06 03:00:00,83.68155670166016
srv-010,2017-06-06 04:00:00,85.86997985839844
srv-010,2017-06-06 05:00:00,84.7567367553711
srv-010,2017-06-06 06:00:00,87.0252685546875
srv-010,2017-06-06 07:00:00,88.08677673339844
srv-010,2017-06-06 08:00:00,90.94644165039062
srv-010,2017-06-06 09:00:00,90.76513671875
srv-010,2017-06-06 10:00:00,92.86241149902344
srv-010,2017-06-06 11:00:00,93.45531463623047
srv-010,2017-06-06 12:00:00,94.11457824707031
srv-010,2017-06-06 13:00:00,93.8375244140625
srv-010,2017-06-06 14:00:00,92.7672119140625
srv-010,2017-06-06 15:00:00,93.08792114257812
srv-010,2017-06-06 16:00:00,92.44705200195312
srv-010,2017-06-06 17:00:00,93.10308837890625
srv-010,2017-06-06 18:00:00,91.02272033691406
srv-010,2017-06-06 19:00:00,89.9117431640625
srv-010,2017-06-06 20:00:00,89.99722290039062
srv-010,2017-06-06 21:00:00,88.60424041748047
srv-010,2017-06-06 22:00:00,90.07197570800781
srv-010,2017-06-06 23:00:00,90.54390716552734
srv-010,2017-06-07 00:00:00,91.27622985839844
srv-010,2017-06-07 01:00:00,91.33235168457031
srv-010,2017-06-07 02:00:00,92.43262481689453
srv-010,2017-06-07 03:00:00,92.68282318115234
srv-010,2017-06-07 04:00:00,92.28237915039062
srv-010,2017-06-07 05:00:00,92.489501953125
srv-010,2017-06-07 06:00:00,92.1291732788086
srv-010,2017-06-07 07:00:00,90.86973571777344
srv-010,2017-06-07 08:00:00,93.5394515991211
srv-010,2017-06-07 09:00:00,91.89867401123047
srv-010,2017-06-07 10:00:00,93.63253021240234
srv-010,2017-06-07 11:00:00,94.24452209472656
srv-010,2017-06-07 12:00:00,94.30882263183594
srv-010,2017-06-07 13:00:00,93.40763092041016
srv-010,2017-06-07 14:00:00,93.33406066894531
srv-010,2017-06-07 15:00:00,92.98393249511719
srv-010,2017-06-07 16:00:00,93.40750885009766
srv-010,2017-06-07 17:00:00,93.62330627441406
srv-010,2017-06-07 18:00:00,92.29940795898438
srv-010,2017-06-07 19:00:00,90.56402587890625
srv-010,2017-06-07 20:00:00,85.678466796875
srv-010,2017-06-07 21:00:00,88.16807556152344
srv-010,2017-06-07 22:00:00,87.68814086914062
srv-010,2017-06-07 23:00:00,88.98030090332031
srv-010,2017-06-08 00:00:00,89.95491027832031
srv-010,2017-06-08 01:00:00,89.09659576416016
srv-010,2017-06-08 02:00:00,91.15410614013672
srv-010,2017-06-08 03:00:00,89.95213317871094
srv-010,2017-06-08 04:00:00,91.58207702636719
srv-010,2017-06-08 05:00:00,90.11155700683594
srv-010,2017-06-08 06:00:00,87.32801055908203
srv-010,2017-06-08 07:00:00,86.64634704589844
srv-010,2017-06-08 08:00:00,90.72007751464844
srv-010,2017-06-08 09:00:00,91.36074829101562
srv-010,2017-06-08 10:00:00,92.84818267822266
srv-010,2017-06-08 11:00:00,93.78362274169922
srv-010,2017-06-08 12:00:00,93.065673828125
srv-010,2017-06-08 13:00:00,92.12240600585938
srv-010,2017-06-08 14:00:00,91.45748901367188
srv-010,2017-06-08 15:00:00,90.085205078125
srv-010,2017-06-08 16:00:00,89.00624084472656
srv-010,2017-06-08 17:00:00,86.83737182617188
srv-010,2017-06-08 18:00:00,84.9544677734375
srv-010,2017-06-08 19:00:00,82.1893081665039
srv-010,2017-06-08 20:00:00,82.40011596679688
srv-010,2017-06-08 21:00:00,79.58024597167969
srv-010,2017-06-08 22:00:00,77.7867431640625
srv-010,2017-06-08 23:00:00,78.40472412109375
srv-010,2017-06-09 00:00:00,78.93163299560547
srv-010,2017-06-09 01:00:00,79.74951934814453
srv-010,2017-06-09 02:00:00,80.73112487792969
srv-010,2017-06-09 03:00:00,80.577392578125
srv-010,2017-06-09 04:00:00,82.76929473876953
srv-010,2017-06-09 05:00:00,82.52178192138672
srv-010,2017-06-09 06:00:00,80.746337890625
srv-010,2017-06-09 07:00:00,80.98040771484375
srv-010,2017-06-09 08:00:00,84.355224609375
srv-010,2017-06-09 09:00:00,82.1898193359375
srv-010,2017-06-09 10:00:00,84.57828521728516
srv-010,2017-06-09 11:00:00,86.52352142333984
srv-010,2017-06-09 12:00:00,86.38296508789062
srv-010,2017-06-09 13:00:00,85.44171142578125
srv-010,2017-06-09 14:00:00,79.30857849121094
srv-010,2017-06-09 15:00:00,76.49606323242188
srv-010,2017-06-09 16:00:00,74.12184143066406
srv-010,2017-06-09 17:00:00,72.62989807128906
srv-010,2017-06-09 18:00:00,72.2143325805664
srv-010,2017-06-09 19:00:00,71.17935180664062
srv-010,2017-06-09 20:00:00,70.22408294677734
srv-010,2017-06-09 21:00:00,70.79527282714844
srv-010,2017-06-09 22:00:00,68.25791931152344
srv-010,2017-06-09 23:00:00,67.46231079101562
srv-010,2017-06-10 00:00:00,71.88568115234375
srv-010,2017-06-10 01:00:00,71.90545654296875
srv-010,2017-06-10 02:00:00,74.02440643310547
srv-010,2017-06-10 03:00:00,73.46832275390625
srv-010,2017-06-10 04:00:00,75.45829772949219
srv-010,2017-06-10 05:00:00,79.59262084960938
srv-010,2017-06-10 06:00:00,79.99385070800781
srv-010,2017-06-10 07:00:00,78.63941955566406
srv-010,2017-06-10 08:00:00,79.2983627319336
srv-010,2017-06-10 09:00:00,78.90304565429688
srv-010,2017-06-10 10:00:00,79.42929077148438
srv-010,2017-06-10 11:00:00,78.91834259033203
srv-010,2017-06-10 12:00:00,73.98182678222656
srv-010,2017-06-10 13:00:00,77.04954528808594
srv-010,2017-06-10 14:00:00,78.69287872314453
srv-010,2017-06-10 15:00:00,76.4885482788086
srv-010,2017-06-10 16:00:00,78.25669860839844
srv-010,2017-06-10 17:00:00,75.52156066894531
srv-010,2017-06-10 18:00:00,73.97138977050781
srv-010,2017-06-10 19:00:00,75.54150390625
srv-010,2017-06-10 20:00:00,73.94674682617188
srv-010,2017-06-10 21:00:00,72.79939270019531
srv-010,2017-06-10 22:00:00,72.65731811523438
srv-010,2017-06-10 23:00:00,73.82933807373047
srv-010,2017-06-11 00:00:00,74.27980041503906
srv-010,2017-06-11 01:00:00,74.32276153564453
srv-010,2017-06-11 02:00:00,72.96728515625
srv-010,2017-06-11 03:00:00,73.4075927734375
srv-010,2017-06-11 04:00:00,74.88932800292969
srv-010,2017-06-11 05:00:00,74.04734802246094
srv-010,2017-06-11 06:00:00,76.77440643310547
srv-010,2017-06-11 07:00:00,77.25942993164062
srv-010,2017-06-11 08:00:00,79.98455810546875
srv-010,2017-06-11 09:00:00,82.22117614746094
srv-010,2017-06-11 10:00:00,81.92344665527344
srv-010,2017-06-11 11:00:00,79.4320068359375
srv-010,2017-06-11 12:00:00,77.77460479736328
srv-010,2017-06-11 13:00:00,75.85780334472656
srv-010,2017-06-11 14:00:00,79.71949768066406
srv-010,2017-06-11 15:00:00,79.45370483398438
srv-010,2017-06-11 16:00:00,79.85443115234375
srv-010,2017-06-11 17:00:00,75.67030334472656
srv-010,2017-06-11 18:00:00,76.40760040283203
srv-010,2017-06-11 19:00:00,73.22882080078125
srv-010,2017-06-11 20:00:00,71.44715118408203
srv-010,2017-06-11 21:00:00,70.75630187988281
srv-010,2017-06-11 22:00:00,73.26619720458984
srv-010,2017-06-11 23:00:00,74.015380859375
srv-010,2017-06-12 00:00:00,70.54239654541016
srv-010,2017-06-12 01:00:00,68.27001953125
srv-010,2017-06-12 02:00:00,69.97142028808594
srv-010,2017-06-12 03:00:00,72.09794616699219
srv-010,2017-06-12 04:00:00,72.46871948242188
srv-010,2017-06-12 05:00:00,71.25311279296875
srv-010,2017-06-12 06:00:00,70.41415405273438
srv-010,2017-06-12 07:00:00,75.87278747558594
srv-010,2017-06-12 08:00:00,79.2615966796875
srv-010,2017-06-12 09:00:00,80.64593505859375
srv-010,2017-06-12 10:00:00,83.49807739257812
srv-010,2017-06-12 11:00:00,84.15093994140625
srv-010,2017-06-12 12:00:00,86.72026824951172
srv-010,2017-06-12 13:00:00,87.90469360351562
srv-010,2017-06-12 14:00:00,84.17295837402344
srv-010,2017-06-12 15:00:00,81.8538589477539
srv-010,2017-06-12 16:00:00,84.31395721435547
srv-010,2017-06-12 17:00:00,84.76051330566406
srv-010,2017-06-12 18:00:00,84.87480926513672
srv-010,2017-06-12 19:00:00,82.85438537597656
srv-010,2017-06-12 20:00:00,79.92813873291016
srv-010,2017-06-12 21:00:00,78.54922485351562
srv-010,2017-06-12 22:00:00,81.762451171875
srv-010,2017-06-12 23:00:00,81.8753662109375
srv-010,2017-06-13 00:00:00,83.89973449707031
srv-010,2017-06-13 01:00:00,83.44239807128906
srv-010,2017-06-13 02:00:00,84.59310913085938
srv-010,2017-06-13 03:00:00,80.51141357421875
srv-010,2017-06-13 04:00:00,81.44302368164062
srv-010,2017-06-13 05:00:00,80.92262268066406
srv-010,2017-06-13 06:00:00,84.20069885253906
srv-010,2017-06-13 07:00:00,83.81977081298828
srv-010,2017-06-13 08:00:00,87.54556274414062
srv-010,2017-06-13 09:00:00,88.8126220703125
srv-010,2017-06-13 10:00:00,90.16667175292969
srv-010,2017-06-13 11:00:00,91.20901489257812
srv-010,2017-06-13 12:00:00,92.02900695800781
srv-010,2017-06-13 13:00:00,90.9039535522461
srv-010,2017-06-13 14:00:00,92.66840362548828
srv-010,2017-06-13 15:00:00,92.89622497558594
srv-010,2017-06-13 16:00:00,93.20013427734375
srv-010,2017-06-13 17:00:00,93.72745513916016
srv-010,2017-06-13 18:00:00,93.87855529785156
srv-010,2017-06-13 19:00:00,92.29838562011719
srv-010,2017-06-13 20:00:00,92.48904418945312
srv-010,2017-06-13 21:00:00,92.4263687133789
srv-010,2017-06-13 22:00:00,91.29237365722656
srv-010,2017-06-13 23:00:00,91.52733612060547
srv-010,2017-06-14 00:00:00,85.55184173583984
srv-010,2017-06-14 01:00:00,88.41389465332031
srv-010,2017-06-14 02:00:00,90.5712890625
srv-010,2017-06-14 03:00:00,92.3555908203125
srv-010,2017-06-14 04:00:00,93.2457504272461
srv-010,2017-06-14 05:00:00,92.036865234375
srv-010,2017-06-14 06:00:00,92.2294921875
srv-010,2017-06-14 07:00:00,94.05146789550781
srv-010,2017-06-14 08:00:00,93.75423431396484
srv-010,2017-06-14 09:00:00,92.79635620117188
srv-010,2017-06-14 10:00:00,93.21795654296875
srv-010,2017-06-14 11:00:00,94.19316864013672
srv-010,2017-06-14 12:00:00,94.28433227539062
srv-010,2017-06-14 13:00:00,94.32011413574219
srv-010,2017-06-14 14:00:00,94.10441589355469
srv-010,2017-06-14 15:00:00,93.91889190673828
srv-010,2017-06-14 16:00:00,93.75010681152344
srv-010,2017-06-14 17:00:00,93.17562866210938
srv-010,2017-06-14 18:00:00,93.62879943847656
srv-010,2017-06-14 19:00:00,93.23562622070312
srv-010,2017-06-14 20:00:00,92.77323913574219
srv-010,2017-06-14 21:00:00,92.42517852783203
srv-010,2017-06-14 22:00:00,92.64685821533203
srv-010,2017-06-14 23:00:00,87.24148559570312
srv-010,2017-06-15 00:00:00,84.21858215332031
srv-010,2017-06-15 01:00:00,83.79194641113281
srv-010,2017-06-15 02:00:00,87.4328384399414
srv-010,2017-06-15 03:00:00,84.35021209716797
srv-010,2017-06-15 04:00:00,82.42691040039062
srv-010,2017-06-15 05:00:00,86.12278747558594
srv-010,2017-06-15 06:00:00,85.703125
srv-010,2017-06-15 07:00:00,88.03463745117188
srv-010,2017-06-15 08:00:00,88.97979736328125
srv-010,2017-06-15 09:00:00,88.11289978027344
srv-010,2017-06-15 10:00:00,90.74627685546875
srv-010,2017-06-15 11:00:00,92.03375244140625
srv-010,2017-06-15 12:00:00,91.60006713867188
srv-010,2017-06-15 13:00:00,93.50772094726562
srv-010,2017-06-15 14:00:00,93.7861328125
srv-010,2017-06-15 15:00:00,93.47242736816406
srv-010,2017-06-15 16:00:00,93.30685424804688
srv-010,2017-06-15 17:00:00,93.08042907714844
srv-010,2017-06-15 18:00:00,87.18812561035156
srv-010,2017-06-15 19:00:00,82.4141845703125
srv-010,2017-06-15 20:00:00,80.86810302734375
srv-010,2017-06-15 21:00:00,83.22062683105469
srv-010,2017-06-15 22:00:00,79.57638549804688
srv-010,2017-06-15 23:00:00,77.75434875488281
srv-010,2017-06-16 00:00:00,80.87632751464844
srv-010,2017-06-16 01:00:00,81.63500213623047
srv-010,2017-06-16 02:00:00,84.15171813964844
srv-010,2017-06-16 03:00:00,80.1597900390625
srv-010,2017-06-16 04:00:00,80.5321044921875
srv-010,2017-06-16 05:00:00,78.42909240722656
srv-010,2017-06-16 06:00:00,80.37283325195312
srv-010,2017-06-16 07:00:00,77.43920135498047
srv-010,2017-06-16 08:00:00,81.08070373535156
srv-010,2017-06-16 09:00:00,80.67720031738281
srv-010,2017-06-16 10:00:00,81.2622299194336
srv-010,2017-06-16 11:00:00,82.52909851074219
srv-010,2017-06-16 12:00:00,83.85419464111328
srv-010,2017-06-16 13:00:00,79.44100952148438
srv-010,2017-06-16 14:00:00,77.03962707519531
srv-010,2017-06-16 15:00:00,79.58741760253906
srv-010,2017-06-16 16:00:00,79.13978576660156
srv-010,2017-06-16 17:00:00,77.93791961669922
srv-010,2017-06-16 18:00:00,77.58111572265625
srv-010,2017-06-16 19:00:00,76.53114318847656
srv-010,2017-06-16 20:00:00,75.70348358154297
srv-010,2017-06-16 21:00:00,72.2911376953125
srv-010,2017-06-16 22:00:00,69.14189910888672
srv-010,2017-06-16 23:00:00,66.84868621826172
srv-010,2017-06-17 00:00:00,70.98825073242188
srv-010,2017-06-17 01:00:00,72.46769714355469
srv-010,2017-06-17 02:00:00,72.37646484375
srv-010,2017-06-17 03:00:00,73.77377319335938
srv-010,2017-06-17 04:00:00,72.941162109375
srv-010,2017-06-17 05:00:00,76.038818359375
srv-010,2017-06-17 06:00:00,71.74667358398438
srv-010,2017-06-17 07:00:00,73.11814880371094
srv-010,2017-06-17 08:00:00,74.70138549804688
srv-010,2017-06-17 09:00:00,76.70130920410156
srv-010,2017-06-17 10:00:00,80.21692657470703
srv-010,2017-06-17 11:00:00,82.23492431640625
srv-010,2017-06-17 12:00:00,83.3131103515625
srv-010,2017-06-17 13:00:00,85.96549224853516
srv-010,2017-06-17 14:00:00,85.57598876953125
srv-010,2017-06-17 15:00:00,81.27550506591797
srv-010,2017-06-17 16:00:00,77.39403533935547
srv-010,2017-06-17 17:00:00,76.58203125
srv-010,2017-06-17 18:00:00,77.6768569946289
srv-010,2017-06-17 19:00:00,79.00003814697266
srv-010,2017-06-17 20:00:00,75.70393371582031
srv-010,2017-06-17 21:00:00,72.35487365722656
srv-010,2017-06-17 22:00:00,68.94377136230469
srv-010,2017-06-17 23:00:00,67.37351989746094
srv-010,2017-06-18 00:00:00,69.40318298339844
srv-010,2017-06-18 01:00:00,68.85667419433594
srv-010,2017-06-18 02:00:00,73.38068389892578
srv-010,2017-06-18 03:00:00,74.82441711425781
srv-010,2017-06-18 04:00:00,73.2312240600586
srv-010,2017-06-18 05:00:00,73.6014404296875
srv-010,2017-06-18 06:00:00,72.8812484741211
srv-010,2017-06-18 07:00:00,71.34239196777344
srv-010,2017-06-18 08:00:00,76.60649871826172
srv-010,2017-06-18 09:00:00,77.46125030517578
srv-010,2017-06-18 10:00:00,80.76022338867188
srv-010,2017-06-18 11:00:00,80.90145874023438
srv-010,2017-06-18 12:00:00,81.89214324951172
srv-010,2017-06-18 13:00:00,81.22293090820312
srv-010,2017-06-18 14:00:00,80.18069458007812
srv-010,2017-06-18 15:00:00,79.53219604492188
srv-010,2017-06-18 16:00:00,75.80021667480469
srv-010,2017-06-18 17:00:00,75.1668472290039
srv-010,2017-06-18 18:00:00,80.04874420166016
srv-010,2017-06-18 19:00:00,77.69651794433594
srv-010,2017-06-18 20:00:00,74.49272918701172
srv-010,2017-06-18 21:00:00,71.5592041015625
srv-010,2017-06-18 22:00:00,69.01841735839844
srv-010,2017-06-18 23:00:00,66.57736206054688
srv-010,2017-06-19 00:00:00,65.85041809082031
srv-010,2017-06-19 01:00:00,64.02864837646484
srv-010,2017-06-19 02:00:00,65.21869659423828
srv-010,2017-06-19 03:00:00,68.78705596923828
srv-010,2017-06-19 04:00:00,70.41841125488281
srv-010,2017-06-19 05:00:00,74.68510437011719
srv-010,2017-06-19 06:00:00,75.39605712890625
srv-010,2017-06-19 07:00:00,76.61634826660156
srv-010,2017-06-19 08:00:00,82.39662170410156
srv-010,2017-06-19 09:00:00,83.60563659667969
srv-010,2017-06-19 10:00:00,86.98228454589844
srv-010,2017-06-19 11:00:00,86.97456359863281
srv-010,2017-06-19 12:00:00,84.93966674804688
srv-010,2017-06-19 13:00:00,86.42923736572266
srv-010,2017-06-19 14:00:00,84.14498901367188
srv-010,2017-06-19 15:00:00,84.28608703613281
srv-010,2017-06-19 16:00:00,83.61320495605469
srv-010,2017-06-19 17:00:00,81.32398986816406
srv-010,2017-06-19 18:00:00,81.91301727294922
srv-010,2017-06-19 19:00:00,77.9208755493164
srv-010,2017-06-19 20:00:00,75.82923889160156
srv-010,2017-06-19 21:00:00,78.04344177246094
srv-010,2017-06-19 22:00:00,77.39276123046875
srv-010,2017-06-19 23:00:00,78.55994415283203
srv-010,2017-06-20 00:00:00,80.14681243896484
srv-010,2017-06-20 01:00:00,81.01887512207031
srv-010,2017-06-20 02:00:00,83.67245483398438
srv-010,2017-06-20 03:00:00,85.61296081542969
srv-010,2017-06-20 04:00:00,89.05226135253906
srv-010,2017-06-20 05:00:00,87.934814453125
srv-010,2017-06-20 06:00:00,87.13380432128906
srv-010,2017-06-20 07:00:00,85.68070983886719
srv-010,2017-06-20 08:00:00,87.79552459716797
srv-010,2017-06-20 09:00:00,88.8625717163086
srv-010,2017-06-20 10:00:00,90.12907409667969
srv-010,2017-06-20 11:00:00,92.32743072509766
srv-010,2017-06-20 12:00:00,93.53353118896484
srv-010,2017-06-20 13:00:00,92.98326110839844
srv-010,2017-06-20 14:00:00,92.59963989257812
srv-010,2017-06-20 15:00:00,92.57964324951172
srv-010,2017-06-20 16:00:00,92.8711929321289
srv-010,2017-06-20 17:00:00,92.8469467163086
srv-010,2017-06-20 18:00:00,92.12688446044922
srv-010,2017-06-20 19:00:00,92.6129150390625
srv-010,2017-06-20 20:00:00,91.81794738769531
srv-010,2017-06-20 21:00:00,90.17839050292969
srv-010,2017-06-20 22:00:00,88.7230224609375
srv-010,2017-06-20 23:00:00,86.04672241210938
srv-010,2017-06-21 00:00:00,87.59551239013672
srv-010,2017-06-21 01:00:00,88.81710815429688
srv-010,2017-06-21 02:00:00,89.9381103515625
srv-010,2017-06-21 03:00:00,92.54003143310547
srv-010,2017-06-21 04:00:00,93.33503723144531
srv-010,2017-06-21 05:00:00,93.73004150390625
srv-010,2017-06-21 06:00:00,94.05850982666016
srv-010,2017-06-21 07:00:00,93.38214111328125
srv-010,2017-06-21 08:00:00,94.06752014160156
srv-010,2017-06-21 09:00:00,93.99756622314453
srv-010,2017-06-21 10:00:00,94.71654510498047
srv-010,2017-06-21 11:00:00,94.8597640991211
srv-010,2017-06-21 12:00:00,94.91973114013672
srv-010,2017-06-21 13:00:00,94.6304931640625
srv-010,2017-06-21 14:00:00,94.41180419921875
srv-010,2017-06-21 15:00:00,94.08415222167969
srv-010,2017-06-21 16:00:00,93.38722229003906
srv-010,2017-06-21 17:00:00,93.14964294433594
srv-010,2017-06-21 18:00:00,92.98228454589844
srv-010,2017-06-21 19:00:00,93.21995544433594
srv-010,2017-06-21 20:00:00,92.36749267578125
srv-010,2017-06-21 21:00:00,90.23222351074219
srv-010,2017-06-21 22:00:00,85.88340759277344
srv-010,2017-06-21 23:00:00,89.25453186035156
srv-010,2017-06-22 00:00:00,89.15757751464844
srv-010,2017-06-22 01:00:00,89.50812530517578
srv-010,2017-06-22 02:00:00,90.71328735351562
srv-010,2017-06-22 03:00:00,91.7780990600586
srv-010,2017-06-22 04:00:00,88.95392608642578
srv-010,2017-06-22 05:00:00,89.31857299804688
srv-010,2017-06-22 06:00:00,87.88568115234375
srv-010,2017-06-22 07:00:00,88.16092681884766
srv-010,2017-06-22 08:00:00,91.81292724609375
srv-010,2017-06-22 09:00:00,92.23226928710938
srv-010,2017-06-22 10:00:00,93.90665435791016
srv-010,2017-06-22 11:00:00,94.1759033203125
srv-010,2017-06-22 12:00:00,94.22383117675781
srv-010,2017-06-22 13:00:00,93.92314147949219
srv-010,2017-06-22 14:00:00,93.86673736572266
srv-010,2017-06-22 15:00:00,92.78231811523438
srv-010,2017-06-22 16:00:00,92.15216064453125
srv-010,2017-06-22 17:00:00,92.23628234863281
srv-010,2017-06-22 18:00:00,91.94036865234375
srv-010,2017-06-22 19:00:00,89.55915832519531
srv-010,2017-06-22 20:00:00,82.06114196777344
srv-010,2017-06-22 21:00:00,81.88037109375
srv-010,2017-06-22 22:00:00,80.60093688964844
srv-010,2017-06-22 23:00:00,79.65104675292969
srv-010,2017-06-23 00:00:00,79.16563415527344
srv-010,2017-06-23 01:00:00,81.4895248413086
srv-010,2017-06-23 02:00:00,78.35427856445312
srv-010,2017-06-23 03:00:00,79.31852722167969
srv-010,2017-06-23 04:00:00,80.4417724609375
srv-010,2017-06-23 05:00:00,79.18238830566406
srv-010,2017-06-23 06:00:00,79.80001068115234
srv-010,2017-06-23 07:00:00,80.74528503417969
srv-010,2017-06-23 08:00:00,83.6893310546875
srv-010,2017-06-23 09:00:00,83.33863830566406
srv-010,2017-06-23 10:00:00,86.29335021972656
srv-010,2017-06-23 11:00:00,85.55335998535156
srv-010,2017-06-23 12:00:00,85.6292724609375
srv-010,2017-06-23 13:00:00,85.6571044921875
srv-010,2017-06-23 14:00:00,84.56466674804688
srv-010,2017-06-23 15:00:00,82.18927001953125
srv-010,2017-06-23 16:00:00,77.77351379394531
srv-010,2017-06-23 17:00:00,77.43966674804688
srv-010,2017-06-23 18:00:00,78.36649322509766
srv-010,2017-06-23 19:00:00,73.18374633789062
srv-010,2017-06-23 20:00:00,71.92266845703125
srv-010,2017-06-23 21:00:00,68.6558609008789
srv-010,2017-06-23 22:00:00,70.13243865966797
srv-010,2017-06-23 23:00:00,68.88510131835938
srv-010,2017-06-24 00:00:00,69.59275817871094
srv-010,2017-06-24 01:00:00,71.68913269042969
srv-010,2017-06-24 02:00:00,73.52592468261719
srv-010,2017-06-24 03:00:00,75.88249206542969
srv-010,2017-06-24 04:00:00,74.81019592285156
srv-010,2017-06-24 05:00:00,75.3398666381836
srv-010,2017-06-24 06:00:00,77.27804565429688
srv-010,2017-06-24 07:00:00,74.90616607666016
srv-010,2017-06-24 08:00:00,79.89112854003906
srv-010,2017-06-24 09:00:00,78.14425659179688
srv-010,2017-06-24 10:00:00,78.75182342529297
srv-010,2017-06-24 11:00:00,79.38778686523438
srv-010,2017-06-24 12:00:00,80.83516693115234
srv-010,2017-06-24 13:00:00,84.56422424316406
srv-010,2017-06-24 14:00:00,80.61023712158203
srv-010,2017-06-24 15:00:00,81.87614440917969
srv-010,2017-06-24 16:00:00,81.13111114501953
srv-010,2017-06-24 17:00:00,82.688720703125
srv-010,2017-06-24 18:00:00,79.2117919921875
srv-010,2017-06-24 19:00:00,76.78775787353516
srv-010,2017-06-24 20:00:00,76.10942077636719
srv-010,2017-06-24 21:00:00,73.33583068847656
srv-010,2017-06-24 22:00:00,72.4186019897461
srv-010,2017-06-24 23:00:00,71.20582580566406
srv-010,2017-06-25 00:00:00,71.16545104980469
srv-010,2017-06-25 01:00:00,70.59808349609375
srv-010,2017-06-25 02:00:00,70.9482650756836
srv-010,2017-06-25 03:00:00,72.77598571777344
srv-010,2017-06-25 04:00:00,72.34812927246094
srv-010,2017-06-25 05:00:00,73.10208129882812
srv-010,2017-06-25 06:00:00,69.18614196777344
srv-010,2017-06-25 07:00:00,70.55953979492188
srv-010,2017-06-25 08:00:00,76.4208984375
srv-010,2017-06-25 09:00:00,75.99007415771484
srv-010,2017-06-25 10:00:00,79.89778900146484
srv-010,2017-06-25 11:00:00,81.13113403320312
srv-010,2017-06-25 12:00:00,80.28297424316406
srv-010,2017-06-25 13:00:00,78.03142547607422
srv-010,2017-06-25 14:00:00,79.30287170410156
srv-010,2017-06-25 15:00:00,78.5496826171875
srv-010,2017-06-25 16:00:00,80.87130737304688
srv-010,2017-06-25 17:00:00,76.42782592773438
srv-010,2017-06-25 18:00:00,77.92521667480469
srv-010,2017-06-25 19:00:00,76.24665069580078
srv-010,2017-06-25 20:00:00,72.28422546386719
srv-010,2017-06-25 21:00:00,69.32811737060547
srv-010,2017-06-25 22:00:00,67.7833023071289
srv-010,2017-06-25 23:00:00,66.1344985961914
srv-010,2017-06-26 00:00:00,66.47456359863281
srv-010,2017-06-26 01:00:00,64.2143325805664
srv-010,2017-06-26 02:00:00,67.138427734375
srv-010,2017-06-26 03:00:00,67.15576171875
srv-010,2017-06-26 04:00:00,71.32795715332031
srv-010,2017-06-26 05:00:00,73.73068237304688
srv-010,2017-06-26 06:00:00,76.46630859375
srv-010,2017-06-26 07:00:00,81.63031768798828
srv-010,2017-06-26 08:00:00,84.44363403320312
srv-010,2017-06-26 09:00:00,83.4355239868164
srv-010,2017-06-26 10:00:00,85.92449188232422
srv-010,2017-06-26 11:00:00,85.7021255493164
srv-010,2017-06-26 12:00:00,87.31652069091797
srv-010,2017-06-26 13:00:00,84.9111099243164
srv-010,2017-06-26 14:00:00,83.36678314208984
srv-010,2017-06-26 15:00:00,83.35542297363281
srv-010,2017-06-26 16:00:00,82.70769500732422
srv-010,2017-06-26 17:00:00,83.14289855957031
srv-010,2017-06-26 18:00:00,79.18049621582031
srv-010,2017-06-26 19:00:00,80.30136108398438
srv-010,2017-06-26 20:00:00,79.34661865234375
srv-010,2017-06-26 21:00:00,77.66056823730469
srv-010,2017-06-26 22:00:00,78.08731079101562
srv-010,2017-06-26 23:00:00,76.53287506103516
srv-010,2017-06-27 00:00:00,79.34602355957031
srv-010,2017-06-27 01:00:00,80.38296508789062
srv-010,2017-06-27 02:00:00,83.49885559082031
srv-010,2017-06-27 03:00:00,84.59156799316406
srv-010,2017-06-27 04:00:00,85.3598403930664
srv-010,2017-06-27 05:00:00,85.64579010009766
srv-010,2017-06-27 06:00:00,87.77347564697266
srv-010,2017-06-27 07:00:00,88.74093627929688
srv-010,2017-06-27 08:00:00,91.43310546875
srv-010,2017-06-27 09:00:00,91.83251953125
srv-010,2017-06-27 10:00:00,93.3028793334961
srv-010,2017-06-27 11:00:00,92.58822631835938
srv-010,2017-06-27 12:00:00,92.46941375732422
srv-010,2017-06-27 13:00:00,91.52655029296875
srv-010,2017-06-27 14:00:00,91.84109497070312
srv-010,2017-06-27 15:00:00,92.81621551513672
srv-010,2017-06-27 16:00:00,91.33016204833984
srv-010,2017-06-27 17:00:00,91.77593994140625
srv-010,2017-06-27 18:00:00,91.43415069580078
srv-010,2017-06-27 19:00:00,90.19481658935547
srv-010,2017-06-27 20:00:00,89.74838256835938
srv-010,2017-06-27 21:00:00,90.11576843261719
srv-010,2017-06-27 22:00:00,91.51261901855469
srv-010,2017-06-27 23:00:00,91.53913879394531
srv-010,2017-06-28 00:00:00,87.44364929199219
srv-010,2017-06-28 01:00:00,90.51068115234375
srv-010,2017-06-28 02:00:00,91.50973510742188
srv-010,2017-06-28 03:00:00,92.8546142578125
srv-010,2017-06-28 04:00:00,93.63398742675781
srv-010,2017-06-28 05:00:00,91.87504577636719
srv-010,2017-06-28 06:00:00,91.31671142578125
srv-010,2017-06-28 07:00:00,90.38392639160156
srv-010,2017-06-28 08:00:00,92.31878662109375
srv-010,2017-06-28 09:00:00,91.88331604003906
srv-010,2017-06-28 10:00:00,93.54582214355469
srv-010,2017-06-28 11:00:00,93.83381652832031
srv-010,2017-06-28 12:00:00,94.21115112304688
srv-010,2017-06-28 13:00:00,93.9651870727539
srv-010,2017-06-28 14:00:00,93.94562530517578
srv-010,2017-06-28 15:00:00,93.69725036621094
srv-010,2017-06-28 16:00:00,93.44104766845703
srv-010,2017-06-28 17:00:00,91.92979431152344
srv-010,2017-06-28 18:00:00,92.58513641357422
srv-010,2017-06-28 19:00:00,91.99781799316406
srv-010,2017-06-28 20:00:00,90.53108215332031
srv-010,2017-06-28 21:00:00,91.23260498046875
srv-010,2017-06-28 22:00:00,89.78369903564453
srv-010,2017-06-28 23:00:00,91.61322021484375
srv-010,2017-06-29 00:00:00,90.01053619384766
srv-010,2017-06-29 01:00:00,87.89668273925781
srv-010,2017-06-29 02:00:00,90.04597473144531
srv-010,2017-06-29 03:00:00,89.09384155273438
srv-010,2017-06-29 04:00:00,89.54058837890625
srv-010,2017-06-29 05:00:00,90.98164367675781
srv-010,2017-06-29 06:00:00,88.94477081298828
srv-010,2017-06-29 07:00:00,84.85246276855469
srv-010,2017-06-29 08:00:00,90.59266662597656
srv-010,2017-06-29 09:00:00,89.56434631347656
srv-010,2017-06-29 10:00:00,93.55757904052734
srv-010,2017-06-29 11:00:00,91.40347290039062
srv-010,2017-06-29 12:00:00,92.1323471069336
srv-010,2017-06-29 13:00:00,91.68726348876953
srv-010,2017-06-29 14:00:00,89.35758209228516
srv-010,2017-06-29 15:00:00,89.99891662597656
srv-010,2017-06-29 16:00:00,90.92900848388672
srv-010,2017-06-29 17:00:00,88.33903503417969
srv-010,2017-06-29 18:00:00,87.25442504882812
srv-010,2017-06-29 19:00:00,88.45931243896484
srv-010,2017-06-29 20:00:00,84.58036041259766
srv-010,2017-06-29 21:00:00,82.33743286132812
srv-010,2017-06-29 22:00:00,80.4468994140625
srv-010,2017-06-29 23:00:00,81.7530517578125
srv-010,2017-06-30 00:00:00,80.0965347290039
srv-010,2017-06-30 01:00:00,78.71605682373047
srv-010,2017-06-30 02:00:00,80.21784210205078
srv-010,2017-06-30 03:00:00,81.12287902832031
srv-010,2017-06-30 04:00:00,80.78988647460938
srv-010,2017-06-30 05:00:00,82.00199890136719
srv-010,2017-06-30 06:00:00,77.1345443725586
srv-010,2017-06-30 07:00:00,77.14361572265625
srv-010,2017-06-30 08:00:00,81.04023742675781
srv-010,2017-06-30 09:00:00,79.33384704589844
srv-010,2017-06-30 10:00:00,79.94332885742188
srv-010,2017-06-30 11:00:00,83.87300109863281
srv-010,2017-06-30 12:00:00,84.86800384521484
srv-010,2017-06-30 13:00:00,78.50655364990234
srv-010,2017-06-30 14:00:00,75.6049575805664
srv-010,2017-06-30 15:00:00,75.07319641113281
srv-010,2017-06-30 16:00:00,77.15682983398438
srv-010,2017-06-30 17:00:00,77.79034423828125
srv-010,2017-06-30 18:00:00,79.06880950927734
srv-010,2017-06-30 19:00:00,76.64651489257812
srv-010,2017-06-30 20:00:00,74.99369812011719
srv-010,2017-06-30 21:00:00,72.28811645507812
srv-010,2017-06-30 22:00:00,72.11637878417969
srv-010,2017-06-30 23:00:00,68.71543884277344
