server_id,timestamp,predicted_cpu_utilization
srv-001,2017-06-01 23:00:00,0.0
srv-001,2017-06-02 00:00:00,0.0
srv-001,2017-06-02 01:00:00,0.0
srv-001,2017-06-02 02:00:00,0.0
srv-001,2017-06-02 03:00:00,0.0
srv-001,2017-06-02 04:00:00,0.0
srv-001,2017-06-02 05:00:00,0.0
srv-001,2017-06-02 06:00:00,0.0
srv-001,2017-06-02 07:00:00,0.0
srv-001,2017-06-02 08:00:00,0.0
srv-001,2017-06-02 09:00:00,0.0
srv-001,2017-06-02 10:00:00,0.0
srv-001,2017-06-02 11:00:00,0.0
srv-001,2017-06-02 12:00:00,47.07062530517578
srv-001,2017-06-02 13:00:00,47.2133903503418
srv-001,2017-06-02 14:00:00,49.55305099487305
srv-001,2017-06-02 15:00:00,43.9853515625
srv-001,2017-06-02 16:00:00,44.345848083496094
srv-001,2017-06-02 17:00:00,44.0908203125
srv-001,2017-06-02 18:00:00,42.5570068359375
srv-001,2017-06-02 19:00:00,40.989906311035156
srv-001,2017-06-02 20:00:00,41.85472106933594
srv-001,2017-06-02 21:00:00,40.625057220458984
srv-001,2017-06-02 22:00:00,35.590415954589844
srv-001,2017-06-02 23:00:00,38.15365982055664
srv-001,2017-06-03 00:00:00,40.858482360839844
srv-001,2017-06-03 01:00:00,40.827781677246094
srv-001,2017-06-03 02:00:00,40.72648620605469
srv-001,2017-06-03 03:00:00,40.172996520996094
srv-001,2017-06-03 04:00:00,43.193302154541016
srv-001,2017-06-03 05:00:00,26.892457962036133
srv-001,2017-06-03 06:00:00,36.139915466308594
srv-001,2017-06-03 07:00:00,38.39037322998047
srv-001,2017-06-03 08:00:00,39.454933166503906
srv-001,2017-06-03 09:00:00,46.744606018066406
srv-001,2017-06-03 10:00:00,47.805419921875
srv-001,2017-06-03 11:00:00,44.97859191894531
srv-001,2017-06-03 12:00:00,51.54585647583008
srv-001,2017-06-03 13:00:00,53.73645782470703
srv-001,2017-06-03 14:00:00,47.23748016357422
srv-001,2017-06-03 15:00:00,44.41192626953125
srv-001,2017-06-03 16:00:00,45.55405807495117
srv-001,2017-06-03 17:00:00,47.23114013671875
srv-001,2017-06-03 18:00:00,48.4052848815918
srv-001,2017-06-03 19:00:00,47.1522102355957
srv-001,2017-06-03 20:00:00,45.45471954345703
srv-001,2017-06-03 21:00:00,41.069664001464844
srv-001,2017-06-03 22:00:00,38.338680267333984
srv-001,2017-06-03 23:00:00,38.555198669433594
srv-001,2017-06-04 00:00:00,40.82264709472656
srv-001,2017-06-04 01:00:00,38.902427673339844
srv-001,2017-06-04 02:00:00,40.62510681152344
srv-001,2017-06-04 03:00:00,43.108436584472656
srv-001,2017-06-04 04:00:00,40.00233459472656
srv-001,2017-06-04 05:00:00,37.52776336669922
srv-001,2017-06-04 06:00:00,37.46610641479492
srv-001,2017-06-04 07:00:00,40.76102828979492
srv-001,2017-06-04 08:00:00,39.72597122192383
srv-001,2017-06-04 09:00:00,45.82488250732422
srv-001,2017-06-04 10:00:00,45.579383850097656
srv-001,2017-06-04 11:00:00,49.8436279296875
srv-001,2017-06-04 12:00:00,43.481475830078125
srv-001,2017-06-04 13:00:00,40.74812316894531
srv-001,2017-06-04 14:00:00,42.93545913696289
srv-001,2017-06-04 15:00:00,38.555885314941406
srv-001,2017-06-04 16:00:00,42.77348327636719
srv-001,2017-06-04 17:00:00,41.3538703918457
srv-001,2017-06-04 18:00:00,47.38170623779297
srv-001,2017-06-04 19:00:00,45.65618896484375
srv-001,2017-06-04 20:00:00,45.39046859741211
srv-001,2017-06-04 21:00:00,41.42300033569336
srv-001,2017-06-04 22:00:00,42.922607421875
srv-001,2017-06-04 23:00:00,45.473609924316406
srv-001,2017-06-05 00:00:00,36.80982971191406
srv-001,2017-06-05 01:00:00,33.592201232910156
srv-001,2017-06-05 02:00:00,33.99330139160156
srv-001,2017-06-05 03:00:00,35.87353515625
srv-001,2017-06-05 04:00:00,38.082435607910156
srv-001,2017-06-05 05:00:00,40.489158630371094
srv-001,2017-06-05 06:00:00,36.301246643066406
srv-001,2017-06-05 07:00:00,33.63783264160156
srv-001,2017-06-05 08:00:00,39.57489013671875
srv-001,2017-06-05 09:00:00,39.49857711791992
srv-001,2017-06-05 10:00:00,36.672821044921875
srv-001,2017-06-05 11:00:00,42.09534454345703
srv-001,2017-06-05 12:00:00,46.75513458251953
srv-001,2017-06-05 13:00:00,47.40282440185547
srv-001,2017-06-05 14:00:00,48.079559326171875
srv-001,2017-06-05 15:00:00,47.41038513183594
srv-001,2017-06-05 16:00:00,46.97019958496094
srv-001,2017-06-05 17:00:00,44.21098327636719
srv-001,2017-06-05 18:00:00,42.94444274902344
srv-001,2017-06-05 19:00:00,44.78474426269531
srv-001,2017-06-05 20:00:00,46.36859130859375
srv-001,2017-06-05 21:00:00,45.30693817138672
srv-001,2017-06-05 22:00:00,43.0474739074707
srv-001,2017-06-05 23:00:00,43.82237243652344
srv-001,2017-06-06 00:00:00,38.318843841552734
srv-001,2017-06-06 01:00:00,42.31210708618164
srv-001,2017-06-06 02:00:00,47.453147888183594
srv-001,2017-06-06 03:00:00,43.5913200378418
srv-001,2017-06-06 04:00:00,43.68018341064453
srv-001,2017-06-06 05:00:00,45.641700744628906
srv-001,2017-06-06 06:00:00,51.421669006347656
srv-001,2017-06-06 07:00:00,52.023162841796875
srv-001,2017-06-06 08:00:00,50.48907470703125
srv-001,2017-06-06 09:00:00,47.459197998046875
srv-001,2017-06-06 10:00:00,51.27849578857422
srv-001,2017-06-06 11:00:00,56.11018371582031
srv-001,2017-06-06 12:00:00,56.20355224609375
srv-001,2017-06-06 13:00:00,56.314247131347656
srv-001,2017-06-06 14:00:00,56.76957321166992
srv-001,2017-06-06 15:00:00,56.75940704345703
srv-001,2017-06-06 16:00:00,56.081520080566406
srv-001,2017-06-06 17:00:00,56.3920783996582
srv-001,2017-06-06 18:00:00,55.63805389404297
srv-001,2017-06-06 19:00:00,54.5113525390625
srv-001,2017-06-06 20:00:00,52.50269317626953
srv-001,2017-06-06 21:00:00,53.796546936035156
srv-001,2017-06-06 22:00:00,54.71921157836914
srv-001,2017-06-06 23:00:00,53.73199462890625
srv-001,2017-06-07 00:00:00,55.113311767578125
srv-001,2017-06-07 01:00:00,52.982765197753906
srv-001,2017-06-07 02:00:00,51.34678268432617
srv-001,2017-06-07 03:00:00,50.320682525634766
srv-001,2017-06-07 04:00:00,48.0680046081543
srv-001,2017-06-07 05:00:00,51.0640754699707
srv-001,2017-06-07 06:00:00,48.89020919799805
srv-001,2017-06-07 07:00:00,49.942596435546875
srv-001,2017-06-07 08:00:00,47.789588928222656
srv-001,2017-06-07 09:00:00,52.287559509277344
srv-001,2017-06-07 10:00:00,54.627845764160156
srv-001,2017-06-07 11:00:00,55.212608337402344
srv-001,2017-06-07 12:00:00,54.345455169677734
srv-001,2017-06-07 13:00:00,54.163082122802734
srv-001,2017-06-07 14:00:00,56.30799865722656
srv-001,2017-06-07 15:00:00,56.116554260253906
srv-001,2017-06-07 16:00:00,56.54669952392578
srv-001,2017-06-07 17:00:00,54.66563415527344
srv-001,2017-06-07 18:00:00,54.561561584472656
srv-001,2017-06-07 19:00:00,56.45817565917969
srv-001,2017-06-07 20:00:00,56.74700927734375
srv-001,2017-06-07 21:00:00,53.45258712768555
srv-001,2017-06-07 22:00:00,53.22172546386719
srv-001,2017-06-07 23:00:00,51.93956756591797
srv-001,2017-06-08 00:00:00,52.45709228515625
srv-001,2017-06-08 01:00:00,51.275028228759766
srv-001,2017-06-08 02:00:00,50.761871337890625
srv-001,2017-06-08 03:00:00,50.45538330078125
srv-001,2017-06-08 04:00:00,48.55739974975586
srv-001,2017-06-08 05:00:00,47.4124641418457
srv-001,2017-06-08 06:00:00,44.96092224121094
srv-001,2017-06-08 07:00:00,46.280372619628906
srv-001,2017-06-08 08:00:00,45.64305877685547
srv-001,2017-06-08 09:00:00,49.939910888671875
srv-001,2017-06-08 10:00:00,49.97307586669922
srv-001,2017-06-08 11:00:00,53.69066619873047
srv-001,2017-06-08 12:00:00,54.95646667480469
srv-001,2017-06-08 13:00:00,50.646812438964844
srv-001,2017-06-08 14:00:00,53.57600402832031
srv-001,2017-06-08 15:00:00,54.94086456298828
srv-001,2017-06-08 16:00:00,51.796932220458984
srv-001,2017-06-08 17:00:00,51.49807357788086
srv-001,2017-06-08 18:00:00,49.153560638427734
srv-001,2017-06-08 19:00:00,48.76860809326172
srv-001,2017-06-08 20:00:00,46.050636291503906
srv-001,2017-06-08 21:00:00,40.895843505859375
srv-001,2017-06-08 22:00:00,40.74658203125
srv-001,2017-06-08 23:00:00,42.29079055786133
srv-001,2017-06-09 00:00:00,42.049781799316406
srv-001,2017-06-09 01:00:00,40.364227294921875
srv-001,2017-06-09 02:00:00,40.622467041015625
srv-001,2017-06-09 03:00:00,42.40657424926758
srv-001,2017-06-09 04:00:00,42.85136413574219
srv-001,2017-06-09 05:00:00,43.4974365234375
srv-001,2017-06-09 06:00:00,41.254371643066406
srv-001,2017-06-09 07:00:00,45.980064392089844
srv-001,2017-06-09 08:00:00,42.17018127441406
srv-001,2017-06-09 09:00:00,44.967323303222656
srv-001,2017-06-09 10:00:00,48.833717346191406
srv-001,2017-06-09 11:00:00,49.89581298828125
srv-001,2017-06-09 12:00:00,48.81474304199219
srv-001,2017-06-09 13:00:00,47.709266662597656
srv-001,2017-06-09 14:00:00,49.30540466308594
srv-001,2017-06-09 15:00:00,44.612152099609375
srv-001,2017-06-09 16:00:00,40.76121520996094
srv-001,2017-06-09 17:00:00,39.51176071166992
srv-001,2017-06-09 18:00:00,41.97278594970703
srv-001,2017-06-09 19:00:00,41.165306091308594
srv-001,2017-06-09 20:00:00,37.830509185791016
srv-001,2017-06-09 21:00:00,35.693199157714844
srv-001,2017-06-09 22:00:00,33.53612518310547
srv-001,2017-06-09 23:00:00,33.03948211669922
srv-001,2017-06-10 00:00:00,39.96385192871094
srv-001,2017-06-10 01:00:00,36.612979888916016
srv-001,2017-06-10 02:00:00,40.981502532958984
srv-001,2017-06-10 03:00:00,42.85070037841797
srv-001,2017-06-10 04:00:00,44.26947784423828
srv-001,2017-06-10 05:00:00,41.9731330871582
srv-001,2017-06-10 06:00:00,40.88182830810547
srv-001,2017-06-10 07:00:00,38.540245056152344
srv-001,2017-06-10 08:00:00,38.995948791503906
srv-001,2017-06-10 09:00:00,42.983642578125
srv-001,2017-06-10 10:00:00,47.836822509765625
srv-001,2017-06-10 11:00:00,44.452144622802734
srv-001,2017-06-10 12:00:00,45.714561462402344
srv-001,2017-06-10 13:00:00,45.90679168701172
srv-001,2017-06-10 14:00:00,43.66020584106445
srv-001,2017-06-10 15:00:00,45.31647872924805
srv-001,2017-06-10 16:00:00,41.659873962402344
srv-001,2017-06-10 17:00:00,41.175880432128906
srv-001,2017-06-10 18:00:00,39.94860076904297
srv-001,2017-06-10 19:00:00,37.45012283325195
srv-001,2017-06-10 20:00:00,38.46361541748047
srv-001,2017-06-10 21:00:00,35.856903076171875
srv-001,2017-06-10 22:00:00,35.7443733215332
srv-001,2017-06-10 23:00:00,34.98706817626953
srv-001,2017-06-11 00:00:00,37.14470672607422
srv-001,2017-06-11 01:00:00,41.292938232421875
srv-001,2017-06-11 02:00:00,40.23027038574219
srv-001,2017-06-11 03:00:00,42.001834869384766
srv-001,2017-06-11 04:00:00,36.49068832397461
srv-001,2017-06-11 05:00:00,38.329742431640625
srv-001,2017-06-11 06:00:00,35.248687744140625
srv-001,2017-06-11 07:00:00,35.812957763671875
srv-001,2017-06-11 08:00:00,35.773258209228516
srv-001,2017-06-11 09:00:00,42.86853790283203
srv-001,2017-06-11 10:00:00,45.21553421020508
srv-001,2017-06-11 11:00:00,46.55801010131836
srv-001,2017-06-11 12:00:00,44.24522399902344
srv-001,2017-06-11 13:00:00,45.8643798828125
srv-001,2017-06-11 14:00:00,46.638694763183594
srv-001,2017-06-11 15:00:00,47.011688232421875
srv-001,2017-06-11 16:00:00,40.58967208862305
srv-001,2017-06-11 17:00:00,39.06346893310547
srv-001,2017-06-11 18:00:00,38.992515563964844
srv-001,2017-06-11 19:00:00,40.944908142089844
srv-001,2017-06-11 20:00:00,35.801788330078125
srv-001,2017-06-11 21:00:00,35.06446838378906
srv-001,2017-06-11 22:00:00,36.26060104370117
srv-001,2017-06-11 23:00:00,39.36331558227539
srv-001,2017-06-12 00:00:00,37.10432434082031
srv-001,2017-06-12 01:00:00,38.47489929199219
srv-001,2017-06-12 02:00:00,34.94896697998047
srv-001,2017-06-12 03:00:00,31.733291625976562
srv-001,2017-06-12 04:00:00,33.002254486083984
srv-001,2017-06-12 05:00:00,34.642059326171875
srv-001,2017-06-12 06:00:00,30.494768142700195
srv-001,2017-06-12 07:00:00,34.15729522705078
srv-001,2017-06-12 08:00:00,42.15873718261719
srv-001,2017-06-12 09:00:00,43.74317169189453
srv-001,2017-06-12 10:00:00,46.664466857910156
srv-001,2017-06-12 11:00:00,49.264583587646484
srv-001,2017-06-12 12:00:00,53.49466323852539
srv-001,2017-06-12 13:00:00,52.717159271240234
srv-001,2017-06-12 14:00:00,54.364463806152344
srv-001,2017-06-12 15:00:00,52.31074523925781
srv-001,2017-06-12 16:00:00,53.45930480957031
srv-001,2017-06-12 17:00:00,48.67335891723633
srv-001,2017-06-12 18:00:00,48.914283752441406
srv-001,2017-06-12 19:00:00,45.09453582763672
srv-001,2017-06-12 20:00:00,42.35934829711914
srv-001,2017-06-12 21:00:00,41.836212158203125
srv-001,2017-06-12 22:00:00,45.95153045654297
srv-001,2017-06-12 23:00:00,43.73826599121094
srv-001,2017-06-13 00:00:00,41.02783203125
srv-001,2017-06-13 01:00:00,42.52928924560547
srv-001,2017-06-13 02:00:00,45.21704864501953
srv-001,2017-06-13 03:00:00,48.23997116088867
srv-001,2017-06-13 04:00:00,50.22808074951172
srv-001,2017-06-13 05:00:00,49.10157012939453
srv-001,2017-06-13 06:00:00,53.4833984375
srv-001,2017-06-13 07:00:00,54.98847198486328
srv-001,2017-06-13 08:00:00,54.27738952636719
srv-001,2017-06-13 09:00:00,53.04814910888672
srv-001,2017-06-13 10:00:00,54.174644470214844
srv-001,2017-06-13 11:00:00,55.475502014160156
srv-001,2017-06-13 12:00:00,57.76749801635742
srv-001,2017-06-13 13:00:00,57.66303634643555
srv-001,2017-06-13 14:00:00,56.14189910888672
srv-001,2017-06-13 15:00:00,56.61050796508789
srv-001,2017-06-13 16:00:00,57.493194580078125
srv-001,2017-06-13 17:00:00,58.64271545410156
srv-001,2017-06-13 18:00:00,58.548484802246094
srv-001,2017-06-13 19:00:00,57.56250762939453
srv-001,2017-06-13 20:00:00,56.885223388671875
srv-001,2017-06-13 21:00:00,54.825077056884766
srv-001,2017-06-13 22:00:00,55.762184143066406
srv-001,2017-06-13 23:00:00,52.564964294433594
srv-001,2017-06-14 00:00:00,64.30070495605469
srv-001,2017-06-14 01:00:00,57.31818389892578
srv-001,2017-06-14 02:00:00,50.8597412109375
srv-001,2017-06-14 03:00:00,55.16656494140625
srv-001,2017-06-14 04:00:00,52.694664001464844
srv-001,2017-06-14 05:00:00,48.88743591308594
srv-001,2017-06-14 06:00:00,49.56107711791992
srv-001,2017-06-14 07:00:00,54.100677490234375
srv-001,2017-06-14 08:00:00,55.931182861328125
srv-001,2017-06-14 09:00:00,57.53888702392578
srv-001,2017-06-14 10:00:00,57.6505241394043
srv-001,2017-06-14 11:00:00,57.211387634277344
srv-001,2017-06-14 12:00:00,58.94234848022461
srv-001,2017-06-14 13:00:00,57.77989959716797
srv-001,2017-06-14 14:00:00,65.06184387207031
srv-001,2017-06-14 15:00:00,61.77571487426758
srv-001,2017-06-14 16:00:00,59.253807067871094
srv-001,2017-06-14 17:00:00,57.7095947265625
srv-001,2017-06-14 18:00:00,56.59403991699219
srv-001,2017-06-14 19:00:00,54.793235778808594
srv-001,2017-06-14 20:00:00,57.4368896484375
srv-001,2017-06-14 21:00:00,54.46725082397461
srv-001,2017-06-14 22:00:00,52.14069366455078
srv-001,2017-06-14 23:00:00,55.706878662109375
srv-001,2017-06-15 00:00:00,53.42855453491211
srv-001,2017-06-15 01:00:00,53.66809844970703
srv-001,2017-06-15 02:00:00,53.2230110168457
srv-001,2017-06-15 03:00:00,52.41484451293945
srv-001,2017-06-15 04:00:00,53.08237075805664
srv-001,2017-06-15 05:00:00,49.4935188293457
srv-001,2017-06-15 06:00:00,52.89645767211914
srv-001,2017-06-15 07:00:00,56.91727066040039
srv-001,2017-06-15 08:00:00,55.26625442504883
srv-001,2017-06-15 09:00:00,54.14617919921875
srv-001,2017-06-15 10:00:00,56.527862548828125
srv-001,2017-06-15 11:00:00,57.709381103515625
srv-001,2017-06-15 12:00:00,58.174190521240234
srv-001,2017-06-15 13:00:00,57.33713912963867
srv-001,2017-06-15 14:00:00,57.571075439453125
srv-001,2017-06-15 15:00:00,58.547767639160156
srv-001,2017-06-15 16:00:00,57.88125991821289
srv-001,2017-06-15 17:00:00,53.720523834228516
srv-001,2017-06-15 18:00:00,54.55078125
srv-001,2017-06-15 19:00:00,55.621337890625
srv-001,2017-06-15 20:00:00,58.578338623046875
srv-001,2017-06-15 21:00:00,49.80458068847656
srv-001,2017-06-15 22:00:00,48.25204086303711
srv-001,2017-06-15 23:00:00,42.814388275146484
srv-001,2017-06-16 00:00:00,59.285797119140625
srv-001,2017-06-16 01:00:00,52.831390380859375
srv-001,2017-06-16 02:00:00,46.03251647949219
srv-001,2017-06-16 03:00:00,44.772377014160156
srv-001,2017-06-16 04:00:00,41.77460479736328
srv-001,2017-06-16 05:00:00,41.95524597167969
srv-001,2017-06-16 06:00:00,40.641868591308594
srv-001,2017-06-16 07:00:00,43.70883560180664
srv-001,2017-06-16 08:00:00,41.1236572265625
srv-001,2017-06-16 09:00:00,44.12322998046875
srv-001,2017-06-16 10:00:00,42.19611358642578
srv-001,2017-06-16 11:00:00,44.422115325927734
srv-001,2017-06-16 12:00:00,50.18763732910156
srv-001,2017-06-16 13:00:00,48.20294189453125
srv-001,2017-06-16 14:00:00,45.43970489501953
srv-001,2017-06-16 15:00:00,46.54475402832031
srv-001,2017-06-16 16:00:00,45.47407531738281
srv-001,2017-06-16 17:00:00,45.20166015625
srv-001,2017-06-16 18:00:00,39.491790771484375
srv-001,2017-06-16 19:00:00,39.55876159667969
srv-001,2017-06-16 20:00:00,33.950225830078125
srv-001,2017-06-16 21:00:00,33.30503845214844
srv-001,2017-06-16 22:00:00,32.94120788574219
srv-001,2017-06-16 23:00:00,34.63035583496094
srv-001,2017-06-17 00:00:00,38.53849411010742
srv-001,2017-06-17 01:00:00,35.482521057128906
srv-001,2017-06-17 02:00:00,36.982765197753906
srv-001,2017-06-17 03:00:00,37.61814880371094
srv-001,2017-06-17 04:00:00,38.16547775268555
srv-001,2017-06-17 05:00:00,36.868309020996094
srv-001,2017-06-17 06:00:00,36.31512451171875
srv-001,2017-06-17 07:00:00,41.746543884277344
srv-001,2017-06-17 08:00:00,40.66214370727539
srv-001,2017-06-17 09:00:00,43.82276153564453
srv-001,2017-06-17 10:00:00,50.98402404785156
srv-001,2017-06-17 11:00:00,46.037567138671875
srv-001,2017-06-17 12:00:00,42.77239990234375
srv-001,2017-06-17 13:00:00,45.88525390625
srv-001,2017-06-17 14:00:00,45.577423095703125
srv-001,2017-06-17 15:00:00,45.029884338378906
srv-001,2017-06-17 16:00:00,43.03199768066406
srv-001,2017-06-17 17:00:00,41.913753509521484
srv-001,2017-06-17 18:00:00,44.486534118652344
srv-001,2017-06-17 19:00:00,44.164085388183594
srv-001,2017-06-17 20:00:00,44.27695846557617
srv-001,2017-06-17 21:00:00,37.492088317871094
srv-001,2017-06-17 22:00:00,35.10353088378906
srv-001,2017-06-17 23:00:00,30.866783142089844
srv-001,2017-06-18 00:00:00,32.19445037841797
srv-001,2017-06-18 01:00:00,36.020294189453125
srv-001,2017-06-18 02:00:00,37.581275939941406
srv-001,2017-06-18 03:00:00,36.999900817871094
srv-001,2017-06-18 04:00:00,37.46397018432617
srv-001,2017-06-18 05:00:00,35.996498107910156
srv-001,2017-06-18 06:00:00,38.070655822753906
srv-001,2017-06-18 07:00:00,44.37045669555664
srv-001,2017-06-18 08:00:00,37.02737045288086
srv-001,2017-06-18 09:00:00,41.5418586730957
srv-001,2017-06-18 10:00:00,46.06892395019531
srv-001,2017-06-18 11:00:00,46.49711990356445
srv-001,2017-06-18 12:00:00,50.34313201904297
srv-001,2017-06-18 13:00:00,51.1700439453125
srv-001,2017-06-18 14:00:00,51.13743209838867
srv-001,2017-06-18 15:00:00,50.313331604003906
srv-001,2017-06-18 16:00:00,45.87049102783203
srv-001,2017-06-18 17:00:00,43.94092559814453
srv-001,2017-06-18 18:00:00,43.62506103515625
srv-001,2017-06-18 19:00:00,42.18297576904297
srv-001,2017-06-18 20:00:00,40.10986328125
srv-001,2017-06-18 21:00:00,38.626678466796875
srv-001,2017-06-18 22:00:00,41.612884521484375
srv-001,2017-06-18 23:00:00,41.9432373046875
srv-001,2017-06-19 00:00:00,39.53573989868164
srv-001,2017-06-19 01:00:00,38.19432067871094
srv-001,2017-06-19 02:00:00,39.357139587402344
srv-001,2017-06-19 03:00:00,40.08534622192383
srv-001,2017-06-19 04:00:00,36.59086608886719
srv-001,2017-06-19 05:00:00,38.50750732421875
srv-001,2017-06-19 06:00:00,34.923065185546875
srv-001,2017-06-19 07:00:00,38.11004638671875
srv-001,2017-06-19 08:00:00,40.13649368286133
srv-001,2017-06-19 09:00:00,44.20292663574219
srv-001,2017-06-19 10:00:00,43.29948425292969
srv-001,2017-06-19 11:00:00,49.66065216064453
srv-001,2017-06-19 12:00:00,51.87403106689453
srv-001,2017-06-19 13:00:00,50.348724365234375
srv-001,2017-06-19 14:00:00,48.66539001464844
srv-001,2017-06-19 15:00:00,48.49689483642578
srv-001,2017-06-19 16:00:00,47.377960205078125
srv-001,2017-06-19 17:00:00,48.0116081237793
srv-001,2017-06-19 18:00:00,46.03780746459961
srv-001,2017-06-19 19:00:00,40.19416046142578
srv-001,2017-06-19 20:00:00,41.97772216796875
srv-001,2017-06-19 21:00:00,40.452919006347656
srv-001,2017-06-19 22:00:00,44.230987548828125
srv-001,2017-06-19 23:00:00,43.24700927734375
srv-001,2017-06-20 00:00:00,47.85051345825195
srv-001,2017-06-20 01:00:00,42.96213912963867
srv-001,2017-06-20 02:00:00,48.114990234375
srv-001,2017-06-20 03:00:00,47.60337829589844
srv-001,2017-06-20 04:00:00,49.46800994873047
srv-001,2017-06-20 05:00:00,49.70860290527344
srv-001,2017-06-20 06:00:00,52.12205505371094
srv-001,2017-06-20 07:00:00,52.648746490478516
srv-001,2017-06-20 08:00:00,50.88385772705078
srv-001,2017-06-20 09:00:00,55.26434326171875
srv-001,2017-06-20 10:00:00,55.55695343017578
srv-001,2017-06-20 11:00:00,56.153892517089844
srv-001,2017-06-20 12:00:00,57.89263153076172
srv-001,2017-06-20 13:00:00,56.441139221191406
srv-001,2017-06-20 14:00:00,57.55928039550781
srv-001,2017-06-20 15:00:00,56.6664924621582
srv-001,2017-06-20 16:00:00,56.32291030883789
srv-001,2017-06-20 17:00:00,55.68096160888672
srv-001,2017-06-20 18:00:00,52.028289794921875
srv-001,2017-06-20 19:00:00,49.99892044067383
srv-001,2017-06-20 20:00:00,54.430850982666016
srv-001,2017-06-20 21:00:00,53.85906219482422
srv-001,2017-06-20 22:00:00,53.273929595947266
srv-001,2017-06-20 23:00:00,53.58223342895508
srv-001,2017-06-21 00:00:00,52.82490921020508
srv-001,2017-06-21 01:00:00,55.6339225769043
srv-001,2017-06-21 02:00:00,54.603919982910156
srv-001,2017-06-21 03:00:00,54.59496307373047
srv-001,2017-06-21 04:00:00,55.678070068359375
srv-001,2017-06-21 05:00:00,53.60245132446289
srv-001,2017-06-21 06:00:00,56.100624084472656
srv-001,2017-06-21 07:00:00,54.681663513183594
srv-001,2017-06-21 08:00:00,57.95634841918945
srv-001,2017-06-21 09:00:00,57.311771392822266
srv-001,2017-06-21 10:00:00,57.365745544433594
srv-001,2017-06-21 11:00:00,55.660003662109375
srv-001,2017-06-21 12:00:00,55.5865478515625
srv-001,2017-06-21 13:00:00,54.767635345458984
srv-001,2017-06-21 14:00:00,55.321075439453125
srv-001,2017-06-21 15:00:00,56.013526916503906
srv-001,2017-06-21 16:00:00,57.60968780517578
srv-001,2017-06-21 17:00:00,56.5332145690918
srv-001,2017-06-21 18:00:00,56.601409912109375
srv-001,2017-06-21 19:00:00,53.54912185668945
srv-001,2017-06-21 20:00:00,52.111881256103516
srv-001,2017-06-21 21:00:00,54.30909729003906
srv-001,2017-06-21 22:00:00,52.4822998046875
srv-001,2017-06-21 23:00:00,55.3994026184082
srv-001,2017-06-22 00:00:00,53.02056884765625
srv-001,2017-06-22 01:00:00,53.08187484741211
srv-001,2017-06-22 02:00:00,54.71509552001953
srv-001,2017-06-22 03:00:00,55.842891693115234
srv-001,2017-06-22 04:00:00,53.80347442626953
srv-001,2017-06-22 05:00:00,52.35386657714844
srv-001,2017-06-22 06:00:00,51.89349365234375
srv-001,2017-06-22 07:00:00,53.375823974609375
srv-001,2017-06-22 08:00:00,54.78050994873047
srv-001,2017-06-22 09:00:00,55.576480865478516
srv-001,2017-06-22 10:00:00,56.641517639160156
srv-001,2017-06-22 11:00:00,58.71358871459961
srv-001,2017-06-22 12:00:00,58.07256317138672
srv-001,2017-06-22 13:00:00,57.72740173339844
srv-001,2017-06-22 14:00:00,54.22273254394531
srv-001,2017-06-22 15:00:00,47.943084716796875
srv-001,2017-06-22 16:00:00,50.06263732910156
srv-001,2017-06-22 17:00:00,50.83839797973633
srv-001,2017-06-22 18:00:00,48.65477752685547
srv-001,2017-06-22 19:00:00,49.272186279296875
srv-001,2017-06-22 20:00:00,48.98865509033203
srv-001,2017-06-22 21:00:00,49.345245361328125
srv-001,2017-06-22 22:00:00,48.52396774291992
srv-001,2017-06-22 23:00:00,45.59295654296875
srv-001,2017-06-23 00:00:00,46.58718490600586
srv-001,2017-06-23 01:00:00,46.6358642578125
srv-001,2017-06-23 02:00:00,46.84178924560547
srv-001,2017-06-23 03:00:00,44.642608642578125
srv-001,2017-06-23 04:00:00,43.8323974609375
srv-001,2017-06-23 05:00:00,43.59021759033203
srv-001,2017-06-23 06:00:00,43.72796630859375
srv-001,2017-06-23 07:00:00,46.65837097167969
srv-001,2017-06-23 08:00:00,44.952674865722656
srv-001,2017-06-23 09:00:00,41.64588928222656
srv-001,2017-06-23 10:00:00,42.457618713378906
srv-001,2017-06-23 11:00:00,46.12336730957031
srv-001,2017-06-23 12:00:00,46.06926345825195
srv-001,2017-06-23 13:00:00,45.62200927734375
srv-001,2017-06-23 14:00:00,47.668399810791016
srv-001,2017-06-23 15:00:00,44.694313049316406
srv-001,2017-06-23 16:00:00,40.619773864746094
srv-001,2017-06-23 17:00:00,39.93091583251953
srv-001,2017-06-23 18:00:00,38.55970001220703
srv-001,2017-06-23 19:00:00,35.83937072753906
srv-001,2017-06-23 20:00:00,36.786136627197266
srv-001,2017-06-23 21:00:00,36.69981002807617
srv-001,2017-06-23 22:00:00,36.156005859375
srv-001,2017-06-23 23:00:00,36.18171691894531
srv-001,2017-06-24 00:00:00,44.701332092285156
srv-001,2017-06-24 01:00:00,41.567718505859375
srv-001,2017-06-24 02:00:00,41.888877868652344
srv-001,2017-06-24 03:00:00,40.041648864746094
srv-001,2017-06-24 04:00:00,38.584983825683594
srv-001,2017-06-24 05:00:00,37.68562316894531
srv-001,2017-06-24 06:00:00,37.29493713378906
srv-001,2017-06-24 07:00:00,41.546546936035156
srv-001,2017-06-24 08:00:00,47.253353118896484
srv-001,2017-06-24 09:00:00,44.059669494628906
srv-001,2017-06-24 10:00:00,44.11907196044922
srv-001,2017-06-24 11:00:00,44.781227111816406
srv-001,2017-06-24 12:00:00,46.71318817138672
srv-001,2017-06-24 13:00:00,46.86201858520508
srv-001,2017-06-24 14:00:00,49.12317657470703
srv-001,2017-06-24 15:00:00,41.73982238769531
srv-001,2017-06-24 16:00:00,36.89892578125
srv-001,2017-06-24 17:00:00,37.40024948120117
srv-001,2017-06-24 18:00:00,40.98407745361328
srv-001,2017-06-24 19:00:00,36.68055725097656
srv-001,2017-06-24 20:00:00,32.150787353515625
srv-001,2017-06-24 21:00:00,35.05706787109375
srv-001,2017-06-24 22:00:00,36.83333969116211
srv-001,2017-06-24 23:00:00,34.69158935546875
srv-001,2017-06-25 00:00:00,34.01861572265625
srv-001,2017-06-25 01:00:00,33.05104446411133
srv-001,2017-06-25 02:00:00,35.71178436279297
srv-001,2017-06-25 03:00:00,35.28895950317383
srv-001,2017-06-25 04:00:00,49.82392883300781
srv-001,2017-06-25 05:00:00,40.22058868408203
srv-001,2017-06-25 06:00:00,34.249481201171875
srv-001,2017-06-25 07:00:00,36.100135803222656
srv-001,2017-06-25 08:00:00,37.15699005126953
srv-001,2017-06-25 09:00:00,38.86286926269531
srv-001,2017-06-25 10:00:00,43.95831298828125
srv-001,2017-06-25 11:00:00,39.583900451660156
srv-001,2017-06-25 12:00:00,42.568687438964844
srv-001,2017-06-25 13:00:00,45.40961456298828
srv-001,2017-06-25 14:00:00,49.27925491333008
srv-001,2017-06-25 15:00:00,45.87881088256836
srv-001,2017-06-25 16:00:00,45.98981857299805
srv-001,2017-06-25 17:00:00,39.420875549316406
srv-001,2017-06-25 18:00:00,36.28623580932617
srv-001,2017-06-25 19:00:00,38.19374084472656
srv-001,2017-06-25 20:00:00,39.50849151611328
srv-001,2017-06-25 21:00:00,40.68866729736328
srv-001,2017-06-25 22:00:00,37.704166412353516
srv-001,2017-06-25 23:00:00,39.24115753173828
srv-001,2017-06-26 00:00:00,40.688804626464844
srv-001,2017-06-26 01:00:00,40.710853576660156
srv-001,2017-06-26 02:00:00,40.424652099609375
srv-001,2017-06-26 03:00:00,39.84637451171875
srv-001,2017-06-26 04:00:00,34.58224105834961
srv-001,2017-06-26 05:00:00,40.0052375793457
srv-001,2017-06-26 06:00:00,38.023109436035156
srv-001,2017-06-26 07:00:00,42.71753692626953
srv-001,2017-06-26 08:00:00,36.60017776489258
srv-001,2017-06-26 09:00:00,38.02299499511719
srv-001,2017-06-26 10:00:00,43.563323974609375
srv-001,2017-06-26 11:00:00,45.881561279296875
srv-001,2017-06-26 12:00:00,51.53286361694336
srv-001,2017-06-26 13:00:00,52.01288986206055
srv-001,2017-06-26 14:00:00,58.7515869140625
srv-001,2017-06-26 15:00:00,47.78522491455078
srv-001,2017-06-26 16:00:00,45.515602111816406
srv-001,2017-06-26 17:00:00,47.81150436401367
srv-001,2017-06-26 18:00:00,49.16300964355469
srv-001,2017-06-26 19:00:00,45.01752853393555
srv-001,2017-06-26 20:00:00,45.48371124267578
srv-001,2017-06-26 21:00:00,48.34902572631836
srv-001,2017-06-26 22:00:00,49.43360137939453
srv-001,2017-06-26 23:00:00,49.70306396484375
srv-001,2017-06-27 00:00:00,52.16297912597656
srv-001,2017-06-27 01:00:00,50.80152130126953
srv-001,2017-06-27 02:00:00,50.63090515136719
srv-001,2017-06-27 03:00:00,46.57628631591797
srv-001,2017-06-27 04:00:00,48.926483154296875
srv-001,2017-06-27 05:00:00,51.71603775024414
srv-001,2017-06-27 06:00:00,49.27369689941406
srv-001,2017-06-27 07:00:00,54.03083038330078
srv-001,2017-06-27 08:00:00,54.0463981628418
srv-001,2017-06-27 09:00:00,53.07732009887695
srv-001,2017-06-27 10:00:00,57.11396026611328
srv-001,2017-06-27 11:00:00,56.050506591796875
srv-001,2017-06-27 12:00:00,57.11780548095703
srv-001,2017-06-27 13:00:00,56.6486701965332
srv-001,2017-06-27 14:00:00,56.66691207885742
srv-001,2017-06-27 15:00:00,57.26353073120117
srv-001,2017-06-27 16:00:00,57.14406204223633
srv-001,2017-06-27 17:00:00,52.973880767822266
srv-001,2017-06-27 18:00:00,50.37335968017578
srv-001,2017-06-27 19:00:00,52.88441467285156
srv-001,2017-06-27 20:00:00,52.281280517578125
srv-001,2017-06-27 21:00:00,51.79847717285156
srv-001,2017-06-27 22:00:00,49.540157318115234
srv-001,2017-06-27 23:00:00,47.954124450683594
srv-001,2017-06-28 00:00:00,46.106590270996094
srv-001,2017-06-28 01:00:00,49.48064422607422
srv-001,2017-06-28 02:00:00,49.34131622314453
srv-001,2017-06-28 03:00:00,48.15967559814453
srv-001,2017-06-28 04:00:00,49.569522857666016
srv-001,2017-06-28 05:00:00,51.62071990966797
srv-001,2017-06-28 06:00:00,56.0023193359375
srv-001,2017-06-28 07:00:00,55.003875732421875
srv-001,2017-06-28 08:00:00,57.26329040527344
srv-001,2017-06-28 09:00:00,58.61775207519531
srv-001,2017-06-28 10:00:00,57.49906921386719
srv-001,2017-06-28 11:00:00,58.32688903808594
srv-001,2017-06-28 12:00:00,58.191795349121094
srv-001,2017-06-28 13:00:00,58.30455017089844
srv-001,2017-06-28 14:00:00,60.02901077270508
srv-001,2017-06-28 15:00:00,60.311790466308594
srv-001,2017-06-28 16:00:00,60.1754264831543
srv-001,2017-06-28 17:00:00,57.51795959472656
srv-001,2017-06-28 18:00:00,54.481658935546875
srv-001,2017-06-28 19:00:00,53.75968933105469
srv-001,2017-06-28 20:00:00,55.99711608886719
srv-001,2017-06-28 21:00:00,50.538414001464844
srv-001,2017-06-28 22:00:00,48.625877380371094
srv-001,2017-06-28 23:00:00,50.75981140136719
srv-001,2017-06-29 00:00:00,49.79646301269531
srv-001,2017-06-29 01:00:00,48.762840270996094
srv-001,2017-06-29 02:00:00,48.289981842041016
srv-001,2017-06-29 03:00:00,46.54017639160156
srv-001,2017-06-29 04:00:00,47.190452575683594
srv-001,2017-06-29 05:00:00,50.193016052246094
srv-001,2017-06-29 06:00:00,47.656532287597656
srv-001,2017-06-29 07:00:00,48.09916687011719
srv-001,2017-06-29 08:00:00,49.37423324584961
srv-001,2017-06-29 09:00:00,53.89137268066406
srv-001,2017-06-29 10:00:00,54.13260269165039
srv-001,2017-06-29 11:00:00,54.597450256347656
srv-001,2017-06-29 12:00:00,54.99586868286133
srv-001,2017-06-29 13:00:00,51.80485153198242
srv-001,2017-06-29 14:00:00,53.55241394042969
srv-001,2017-06-29 15:00:00,54.21967697143555
srv-001,2017-06-29 16:00:00,52.455650329589844
srv-001,2017-06-29 17:00:00,53.48198699951172
srv-001,2017-06-29 18:00:00,48.97613525390625
srv-001,2017-06-29 19:00:00,50.16597366333008
srv-001,2017-06-29 20:00:00,49.469573974609375
srv-001,2017-06-29 21:00:00,46.27867889404297
srv-001,2017-06-29 22:00:00,45.2974853515625
srv-001,2017-06-29 23:00:00,45.369537353515625
srv-001,2017-06-30 00:00:00,48.36079025268555
srv-001,2017-06-30 01:00:00,44.9288444519043
srv-001,2017-06-30 02:00:00,42.629180908203125
srv-001,2017-06-30 03:00:00,45.33366775512695
srv-001,2017-06-30 04:00:00,44.10816955566406
srv-001,2017-06-30 05:00:00,45.64508819580078
srv-001,2017-06-30 06:00:00,48.3614501953125
srv-001,2017-06-30 07:00:00,47.201881408691406
srv-001,2017-06-30 08:00:00,48.14678955078125
srv-001,2017-06-30 09:00:00,46.007728576660156
srv-001,2017-06-30 10:00:00,48.774444580078125
srv-001,2017-06-30 11:00:00,49.40694046020508
srv-001,2017-06-30 12:00:00,50.38654327392578
srv-001,2017-06-30 13:00:00,47.960506439208984
srv-001,2017-06-30 14:00:00,44.0391845703125
srv-001,2017-06-30 15:00:00,44.60194396972656
srv-001,2017-06-30 16:00:00,39.738224029541016
srv-001,2017-06-30 17:00:00,39.37677764892578
srv-001,2017-06-30 18:00:00,40.65602493286133
srv-001,2017-06-30 19:00:00,40.3546142578125
srv-001,2017-06-30 20:00:00,44.33021545410156
srv-001,2017-06-30 21:00:00,42.09144592285156
srv-001,2017-06-30 22:00:00,40.0609130859375
srv-001,2017-06-30 23:00:00,37.572391510009766
srv-002,2017-06-01 23:00:00,68.25336456298828
srv-002,2017-06-02 00:00:00,70.30635833740234
srv-002,2017-06-02 01:00:00,70.21483612060547
srv-002,2017-06-02 02:00:00,70.7353286743164
srv-002,2017-06-02 03:00:00,68.79721069335938
srv-002,2017-06-02 04:00:00,70.24015808105469
srv-002,2017-06-02 05:00:00,71.34473419189453
srv-002,2017-06-02 06:00:00,67.9892578125
srv-002,2017-06-02 07:00:00,70.83039093017578
srv-002,2017-06-02 08:00:00,69.90489959716797
srv-002,2017-06-02 09:00:00,72.02812957763672
srv-002,2017-06-02 10:00:00,71.15489959716797
srv-002,2017-06-02 11:00:00,70.61463165283203
srv-002,2017-06-02 12:00:00,75.07233428955078
srv-002,2017-06-02 13:00:00,70.15945434570312
srv-002,2017-06-02 14:00:00,72.48741149902344
srv-002,2017-06-02 15:00:00,74.1003646850586
srv-002,2017-06-02 16:00:00,69.44110107421875
srv-002,2017-06-02 17:00:00,69.35017395019531
srv-002,2017-06-02 18:00:00,66.65875244140625
srv-002,2017-06-02 19:00:00,68.60577392578125
srv-002,2017-06-02 20:00:00,64.38525390625
srv-002,2017-06-02 21:00:00,63.894168853759766
srv-002,2017-06-02 22:00:00,61.39549255371094
srv-002,2017-06-02 23:00:00,62.50072479248047
srv-002,2017-06-03 00:00:00,65.99708557128906
srv-002,2017-06-03 01:00:00,65.22367095947266
srv-002,2017-06-03 02:00:00,64.37508392333984
srv-002,2017-06-03 03:00:00,65.13738250732422
srv-002,2017-06-03 04:00:00,64.70125579833984
srv-002,2017-06-03 05:00:00,64.6308822631836
srv-002,2017-06-03 06:00:00,67.06183624267578
srv-002,2017-06-03 07:00:00,70.71775817871094
srv-002,2017-06-03 08:00:00,69.46935272216797
srv-002,2017-06-03 09:00:00,70.33531951904297
srv-002,2017-06-03 10:00:00,71.36083221435547
srv-002,2017-06-03 11:00:00,72.7349624633789
srv-002,2017-06-03 12:00:00,73.76985931396484
srv-002,2017-06-03 13:00:00,76.86284637451172
srv-002,2017-06-03 14:00:00,76.87738800048828
srv-002,2017-06-03 15:00:00,73.08760070800781
srv-002,2017-06-03 16:00:00,74.24112701416016
srv-002,2017-06-03 17:00:00,72.88268280029297
srv-002,2017-06-03 18:00:00,66.73920440673828
srv-002,2017-06-03 19:00:00,63.60942840576172
srv-002,2017-06-03 20:00:00,63.424537658691406
srv-002,2017-06-03 21:00:00,62.08633041381836
srv-002,2017-06-03 22:00:00,62.27325439453125
srv-002,2017-06-03 23:00:00,60.90350341796875
srv-002,2017-06-04 00:00:00,60.98320007324219
srv-002,2017-06-04 01:00:00,61.2056884765625
srv-002,2017-06-04 02:00:00,64.57119750976562
srv-002,2017-06-04 03:00:00,65.45695495605469
srv-002,2017-06-04 04:00:00,66.46847534179688
srv-002,2017-06-04 05:00:00,65.26329040527344
srv-002,2017-06-04 06:00:00,66.67554473876953
srv-002,2017-06-04 07:00:00,70.1277847290039
srv-002,2017-06-04 08:00:00,71.00782775878906
srv-002,2017-06-04 09:00:00,71.59712982177734
srv-002,2017-06-04 10:00:00,70.90753936767578
srv-002,2017-06-04 11:00:00,69.18121337890625
srv-002,2017-06-04 12:00:00,74.25128173828125
srv-002,2017-06-04 13:00:00,75.64151000976562
srv-002,2017-06-04 14:00:00,76.34549713134766
srv-002,2017-06-04 15:00:00,78.45690155029297
srv-002,2017-06-04 16:00:00,71.96586608886719
srv-002,2017-06-04 17:00:00,70.89208984375
srv-002,2017-06-04 18:00:00,69.7606430053711
srv-002,2017-06-04 19:00:00,68.41451263427734
srv-002,2017-06-04 20:00:00,64.50628662109375
srv-002,2017-06-04 21:00:00,62.14128112792969
srv-002,2017-06-04 22:00:00,61.639434814453125
srv-002,2017-06-04 23:00:00,63.185279846191406
srv-002,2017-06-05 00:00:00,72.6734390258789
srv-002,2017-06-05 01:00:00,60.529762268066406
srv-002,2017-06-05 02:00:00,63.529685974121094
srv-002,2017-06-05 03:00:00,62.8416748046875
srv-002,2017-06-05 04:00:00,61.461769104003906
srv-002,2017-06-05 05:00:00,61.31169891357422
srv-002,2017-06-05 06:00:00,62.536376953125
srv-002,2017-06-05 07:00:00,68.2289047241211
srv-002,2017-06-05 08:00:00,67.4642105102539
srv-002,2017-06-05 09:00:00,71.07176971435547
srv-002,2017-06-05 10:00:00,70.4116439819336
srv-002,2017-06-05 11:00:00,71.17784881591797
srv-002,2017-06-05 12:00:00,77.00847625732422
srv-002,2017-06-05 13:00:00,81.00955963134766
srv-002,2017-06-05 14:00:00,84.77679443359375
srv-002,2017-06-05 15:00:00,77.9271011352539
srv-002,2017-06-05 16:00:00,79.0855941772461
srv-002,2017-06-05 17:00:00,79.16516876220703
srv-002,2017-06-05 18:00:00,78.99440002441406
srv-002,2017-06-05 19:00:00,75.66503143310547
srv-002,2017-06-05 20:00:00,74.46332550048828
srv-002,2017-06-05 21:00:00,69.9780044555664
srv-002,2017-06-05 22:00:00,72.54104614257812
srv-002,2017-06-05 23:00:00,72.53538513183594
srv-002,2017-06-06 00:00:00,72.04486846923828
srv-002,2017-06-06 01:00:00,70.60155487060547
srv-002,2017-06-06 02:00:00,72.5331039428711
srv-002,2017-06-06 03:00:00,71.4423828125
srv-002,2017-06-06 04:00:00,72.84697723388672
srv-002,2017-06-06 05:00:00,73.54007720947266
srv-002,2017-06-06 06:00:00,69.37467193603516
srv-002,2017-06-06 07:00:00,77.94896697998047
srv-002,2017-06-06 08:00:00,77.19371032714844
srv-002,2017-06-06 09:00:00,82.59844970703125
srv-002,2017-06-06 10:00:00,89.17781829833984
srv-002,2017-06-06 11:00:00,88.15457916259766
srv-002,2017-06-06 12:00:00,90.33080291748047
srv-002,2017-06-06 13:00:00,91.01324462890625
srv-002,2017-06-06 14:00:00,91.14608001708984
srv-002,2017-06-06 15:00:00,90.88351440429688
srv-002,2017-06-06 16:00:00,89.86309051513672
srv-002,2017-06-06 17:00:00,89.37863159179688
srv-002,2017-06-06 18:00:00,89.10306549072266
srv-002,2017-06-06 19:00:00,85.60126495361328
srv-002,2017-06-06 20:00:00,80.29914093017578
srv-002,2017-06-06 21:00:00,76.45335388183594
srv-002,2017-06-06 22:00:00,78.30260467529297
srv-002,2017-06-06 23:00:00,75.89100646972656
srv-002,2017-06-07 00:00:00,79.81502532958984
srv-002,2017-06-07 01:00:00,79.0446548461914
srv-002,2017-06-07 02:00:00,82.04291534423828
srv-002,2017-06-07 03:00:00,83.40541076660156
srv-002,2017-06-07 04:00:00,83.97368621826172
srv-002,2017-06-07 05:00:00,83.81989288330078
srv-002,2017-06-07 06:00:00,85.1191177368164
srv-002,2017-06-07 07:00:00,91.78302764892578
srv-002,2017-06-07 08:00:00,89.60614776611328
srv-002,2017-06-07 09:00:00,86.66345977783203
srv-002,2017-06-07 10:00:00,90.7838134765625
srv-002,2017-06-07 11:00:00,90.76543426513672
srv-002,2017-06-07 12:00:00,92.86725616455078
srv-002,2017-06-07 13:00:00,92.68566131591797
srv-002,2017-06-07 14:00:00,92.20026397705078
srv-002,2017-06-07 15:00:00,91.49156188964844
srv-002,2017-06-07 16:00:00,90.81066131591797
srv-002,2017-06-07 17:00:00,90.52384185791016
srv-002,2017-06-07 18:00:00,88.44611358642578
srv-002,2017-06-07 19:00:00,84.12003326416016
srv-002,2017-06-07 20:00:00,84.14119720458984
srv-002,2017-06-07 21:00:00,81.05257415771484
srv-002,2017-06-07 22:00:00,81.00994873046875
srv-002,2017-06-07 23:00:00,81.06439971923828
srv-002,2017-06-08 00:00:00,80.59623718261719
srv-002,2017-06-08 01:00:00,81.29450988769531
srv-002,2017-06-08 02:00:00,83.6637191772461
srv-002,2017-06-08 03:00:00,83.63700103759766
srv-002,2017-06-08 04:00:00,78.43211364746094
srv-002,2017-06-08 05:00:00,79.32550048828125
srv-002,2017-06-08 06:00:00,77.80445098876953
srv-002,2017-06-08 07:00:00,86.86360168457031
srv-002,2017-06-08 08:00:00,84.23686981201172
srv-002,2017-06-08 09:00:00,83.78480529785156
srv-002,2017-06-08 10:00:00,89.3702163696289
srv-002,2017-06-08 11:00:00,83.50712585449219
srv-002,2017-06-08 12:00:00,89.4246597290039
srv-002,2017-06-08 13:00:00,91.00675201416016
srv-002,2017-06-08 14:00:00,91.0611801147461
srv-002,2017-06-08 15:00:00,91.4946517944336
srv-002,2017-06-08 16:00:00,89.0316162109375
srv-002,2017-06-08 17:00:00,87.70669555664062
srv-002,2017-06-08 18:00:00,86.39539337158203
srv-002,2017-06-08 19:00:00,78.45621490478516
srv-002,2017-06-08 20:00:00,74.61934661865234
srv-002,2017-06-08 21:00:00,70.15291595458984
srv-002,2017-06-08 22:00:00,72.35857391357422
srv-002,2017-06-08 23:00:00,66.95802307128906
srv-002,2017-06-09 00:00:00,71.80101776123047
srv-002,2017-06-09 01:00:00,70.4384536743164
srv-002,2017-06-09 02:00:00,72.6235122680664
srv-002,2017-06-09 03:00:00,71.9484634399414
srv-002,2017-06-09 04:00:00,72.61344146728516
srv-002,2017-06-09 05:00:00,68.01988983154297
srv-002,2017-06-09 06:00:00,68.12034606933594
srv-002,2017-06-09 07:00:00,74.29267120361328
srv-002,2017-06-09 08:00:00,72.45943450927734
srv-002,2017-06-09 09:00:00,71.33645629882812
srv-002,2017-06-09 10:00:00,73.61463928222656
srv-002,2017-06-09 11:00:00,73.3770980834961
srv-002,2017-06-09 12:00:00,73.91827392578125
srv-002,2017-06-09 13:00:00,72.1845932006836
srv-002,2017-06-09 14:00:00,75.6111068725586
srv-002,2017-06-09 15:00:00,75.33673858642578
srv-002,2017-06-09 16:00:00,76.7090072631836
srv-002,2017-06-09 17:00:00,70.65863800048828
srv-002,2017-06-09 18:00:00,70.77605438232422
srv-002,2017-06-09 19:00:00,68.06423950195312
srv-002,2017-06-09 20:00:00,63.9742546081543
srv-002,2017-06-09 21:00:00,61.47760009765625
srv-002,2017-06-09 22:00:00,61.42054748535156
srv-002,2017-06-09 23:00:00,60.075347900390625
srv-002,2017-06-10 00:00:00,62.77486038208008
srv-002,2017-06-10 01:00:00,65.48999786376953
srv-002,2017-06-10 02:00:00,66.97023010253906
srv-002,2017-06-10 03:00:00,62.98401641845703
srv-002,2017-06-10 04:00:00,63.09479904174805
srv-002,2017-06-10 05:00:00,65.86758422851562
srv-002,2017-06-10 06:00:00,64.67280578613281
srv-002,2017-06-10 07:00:00,69.05076599121094
srv-002,2017-06-10 08:00:00,65.4952163696289
srv-002,2017-06-10 09:00:00,70.34607696533203
srv-002,2017-06-10 10:00:00,68.69609069824219
srv-002,2017-06-10 11:00:00,68.44114685058594
srv-002,2017-06-10 12:00:00,73.18936920166016
srv-002,2017-06-10 13:00:00,76.71456146240234
srv-002,2017-06-10 14:00:00,76.53430938720703
srv-002,2017-06-10 15:00:00,75.89876556396484
srv-002,2017-06-10 16:00:00,76.59996795654297
srv-002,2017-06-10 17:00:00,73.31339263916016
srv-002,2017-06-10 18:00:00,70.5157241821289
srv-002,2017-06-10 19:00:00,67.80525970458984
srv-002,2017-06-10 20:00:00,62.94780731201172
srv-002,2017-06-10 21:00:00,63.68791198730469
srv-002,2017-06-10 22:00:00,63.63348388671875
srv-002,2017-06-10 23:00:00,62.80595397949219
srv-002,2017-06-11 00:00:00,61.566383361816406
srv-002,2017-06-11 01:00:00,59.62865447998047
srv-002,2017-06-11 02:00:00,62.161720275878906
srv-002,2017-06-11 03:00:00,64.5010986328125
srv-002,2017-06-11 04:00:00,62.72071838378906
srv-002,2017-06-11 05:00:00,62.0218505859375
srv-002,2017-06-11 06:00:00,61.2150993347168
srv-002,2017-06-11 07:00:00,68.31038665771484
srv-002,2017-06-11 08:00:00,66.81192016601562
srv-002,2017-06-11 09:00:00,69.8115005493164
srv-002,2017-06-11 10:00:00,71.6142578125
srv-002,2017-06-11 11:00:00,72.54183959960938
srv-002,2017-06-11 12:00:00,71.2752914428711
srv-002,2017-06-11 13:00:00,71.916259765625
srv-002,2017-06-11 14:00:00,75.10623931884766
srv-002,2017-06-11 15:00:00,72.78456115722656
srv-002,2017-06-11 16:00:00,71.53009033203125
srv-002,2017-06-11 17:00:00,69.54778289794922
srv-002,2017-06-11 18:00:00,66.40081787109375
srv-002,2017-06-11 19:00:00,64.93824005126953
srv-002,2017-06-11 20:00:00,66.71611022949219
srv-002,2017-06-11 21:00:00,66.25904083251953
srv-002,2017-06-11 22:00:00,64.66647338867188
srv-002,2017-06-11 23:00:00,66.0509262084961
srv-002,2017-06-12 00:00:00,63.066009521484375
srv-002,2017-06-12 01:00:00,65.34596252441406
srv-002,2017-06-12 02:00:00,73.82723999023438
srv-002,2017-06-12 03:00:00,72.36692810058594
srv-002,2017-06-12 04:00:00,66.57615661621094
srv-002,2017-06-12 05:00:00,67.87764739990234
srv-002,2017-06-12 06:00:00,66.29651641845703
srv-002,2017-06-12 07:00:00,68.03742218017578
srv-002,2017-06-12 08:00:00,66.76319885253906
srv-002,2017-06-12 09:00:00,67.39397430419922
srv-002,2017-06-12 10:00:00,69.50927734375
srv-002,2017-06-12 11:00:00,74.46202087402344
srv-002,2017-06-12 12:00:00,78.08396911621094
srv-002,2017-06-12 13:00:00,80.8707504272461
srv-002,2017-06-12 14:00:00,82.00883483886719
srv-002,2017-06-12 15:00:00,74.63204956054688
srv-002,2017-06-12 16:00:00,78.22577667236328
srv-002,2017-06-12 17:00:00,80.87151336669922
srv-002,2017-06-12 18:00:00,71.2322769165039
srv-002,2017-06-12 19:00:00,73.41815185546875
srv-002,2017-06-12 20:00:00,68.9018325805664
srv-002,2017-06-12 21:00:00,65.99727630615234
srv-002,2017-06-12 22:00:00,71.25743103027344
srv-002,2017-06-12 23:00:00,69.3110580444336
srv-002,2017-06-13 00:00:00,69.41846466064453
srv-002,2017-06-13 01:00:00,73.07836151123047
srv-002,2017-06-13 02:00:00,72.77690887451172
srv-002,2017-06-13 03:00:00,73.21913146972656
srv-002,2017-06-13 04:00:00,74.29253387451172
srv-002,2017-06-13 05:00:00,74.67061614990234
srv-002,2017-06-13 06:00:00,76.48552703857422
srv-002,2017-06-13 07:00:00,83.50604248046875
srv-002,2017-06-13 08:00:00,78.8182601928711
srv-002,2017-06-13 09:00:00,81.37738800048828
srv-002,2017-06-13 10:00:00,88.36540985107422
srv-002,2017-06-13 11:00:00,89.51114654541016
srv-002,2017-06-13 12:00:00,88.82411193847656
srv-002,2017-06-13 13:00:00,89.08550262451172
srv-002,2017-06-13 14:00:00,88.78509521484375
srv-002,2017-06-13 15:00:00,88.8820571899414
srv-002,2017-06-13 16:00:00,87.42453002929688
srv-002,2017-06-13 17:00:00,86.57930755615234
srv-002,2017-06-13 18:00:00,80.79336547851562
srv-002,2017-06-13 19:00:00,80.13260650634766
srv-002,2017-06-13 20:00:00,82.40579223632812
srv-002,2017-06-13 21:00:00,79.7171859741211
srv-002,2017-06-13 22:00:00,79.8836898803711
srv-002,2017-06-13 23:00:00,80.14337921142578
srv-002,2017-06-14 00:00:00,78.20768737792969
srv-002,2017-06-14 01:00:00,82.72309112548828
srv-002,2017-06-14 02:00:00,81.2197265625
srv-002,2017-06-14 03:00:00,83.22293853759766
srv-002,2017-06-14 04:00:00,86.57088470458984
srv-002,2017-06-14 05:00:00,83.1856460571289
srv-002,2017-06-14 06:00:00,84.66680908203125
srv-002,2017-06-14 07:00:00,89.53340911865234
srv-002,2017-06-14 08:00:00,86.0905532836914
srv-002,2017-06-14 09:00:00,86.58545684814453
srv-002,2017-06-14 10:00:00,90.42400360107422
srv-002,2017-06-14 11:00:00,90.3146743774414
srv-002,2017-06-14 12:00:00,92.40650939941406
srv-002,2017-06-14 13:00:00,92.00121307373047
srv-002,2017-06-14 14:00:00,92.06981658935547
srv-002,2017-06-14 15:00:00,91.4985580444336
srv-002,2017-06-14 16:00:00,91.3130111694336
srv-002,2017-06-14 17:00:00,91.20560455322266
srv-002,2017-06-14 18:00:00,90.80648040771484
srv-002,2017-06-14 19:00:00,88.92252349853516
srv-002,2017-06-14 20:00:00,82.21649932861328
srv-002,2017-06-14 21:00:00,79.94721984863281
srv-002,2017-06-14 22:00:00,82.52098083496094
srv-002,2017-06-14 23:00:00,78.3368911743164
srv-002,2017-06-15 00:00:00,77.5066146850586
srv-002,2017-06-15 01:00:00,78.201904296875
srv-002,2017-06-15 02:00:00,80.90840911865234
srv-002,2017-06-15 03:00:00,86.18179321289062
srv-002,2017-06-15 04:00:00,82.98764038085938
srv-002,2017-06-15 05:00:00,84.45194244384766
srv-002,2017-06-15 06:00:00,86.05333709716797
srv-002,2017-06-15 07:00:00,90.9392318725586
srv-002,2017-06-15 08:00:00,85.34502410888672
srv-002,2017-06-15 09:00:00,85.81171417236328
srv-002,2017-06-15 10:00:00,86.94226837158203
srv-002,2017-06-15 11:00:00,86.72681427001953
srv-002,2017-06-15 12:00:00,91.71112823486328
srv-002,2017-06-15 13:00:00,89.66463470458984
srv-002,2017-06-15 14:00:00,87.24015808105469
srv-002,2017-06-15 15:00:00,84.00946044921875
srv-002,2017-06-15 16:00:00,85.33992767333984
srv-002,2017-06-15 17:00:00,81.55180358886719
srv-002,2017-06-15 18:00:00,80.80638885498047
srv-002,2017-06-15 19:00:00,77.19316864013672
srv-002,2017-06-15 20:00:00,72.54564666748047
srv-002,2017-06-15 21:00:00,72.30592346191406
srv-002,2017-06-15 22:00:00,70.95640563964844
srv-002,2017-06-15 23:00:00,72.45294952392578
srv-002,2017-06-16 00:00:00,73.04096221923828
srv-002,2017-06-16 01:00:00,73.8550796508789
srv-002,2017-06-16 02:00:00,72.71576690673828
srv-002,2017-06-16 03:00:00,73.71121215820312
srv-002,2017-06-16 04:00:00,70.99034881591797
srv-002,2017-06-16 05:00:00,68.09407806396484
srv-002,2017-06-16 06:00:00,70.26490020751953
srv-002,2017-06-16 07:00:00,73.40259552001953
srv-002,2017-06-16 08:00:00,71.14163208007812
srv-002,2017-06-16 09:00:00,70.64775848388672
srv-002,2017-06-16 10:00:00,69.09565734863281
srv-002,2017-06-16 11:00:00,71.1138916015625
srv-002,2017-06-16 12:00:00,74.41004180908203
srv-002,2017-06-16 13:00:00,73.74239349365234
srv-002,2017-06-16 14:00:00,73.29151916503906
srv-002,2017-06-16 15:00:00,72.07318878173828
srv-002,2017-06-16 16:00:00,73.79556274414062
srv-002,2017-06-16 17:00:00,73.00983428955078
srv-002,2017-06-16 18:00:00,67.83280944824219
srv-002,2017-06-16 19:00:00,66.50452423095703
srv-002,2017-06-16 20:00:00,64.61149597167969
srv-002,2017-06-16 21:00:00,62.844749450683594
srv-002,2017-06-16 22:00:00,62.915985107421875
srv-002,2017-06-16 23:00:00,62.183815002441406
srv-002,2017-06-17 00:00:00,61.92455291748047
srv-002,2017-06-17 01:00:00,63.23408889770508
srv-002,2017-06-17 02:00:00,64.8794937133789
srv-002,2017-06-17 03:00:00,64.90347290039062
srv-002,2017-06-17 04:00:00,63.22397232055664
srv-002,2017-06-17 05:00:00,63.051116943359375
srv-002,2017-06-17 06:00:00,66.14126586914062
srv-002,2017-06-17 07:00:00,69.90734100341797
srv-002,2017-06-17 08:00:00,67.03206634521484
srv-002,2017-06-17 09:00:00,66.29403686523438
srv-002,2017-06-17 10:00:00,67.08323669433594
srv-002,2017-06-17 11:00:00,69.09274291992188
srv-002,2017-06-17 12:00:00,70.16820526123047
srv-002,2017-06-17 13:00:00,70.15335845947266
srv-002,2017-06-17 14:00:00,70.21601104736328
srv-002,2017-06-17 15:00:00,70.66160583496094
srv-002,2017-06-17 16:00:00,71.52234649658203
srv-002,2017-06-17 17:00:00,70.31513977050781
srv-002,2017-06-17 18:00:00,68.91365814208984
srv-002,2017-06-17 19:00:00,81.16654968261719
srv-002,2017-06-17 20:00:00,73.51602172851562
srv-002,2017-06-17 21:00:00,63.87995910644531
srv-002,2017-06-17 22:00:00,67.76300048828125
srv-002,2017-06-17 23:00:00,67.5709457397461
srv-002,2017-06-18 00:00:00,65.73558044433594
srv-002,2017-06-18 01:00:00,64.57626342773438
srv-002,2017-06-18 02:00:00,63.122581481933594
srv-002,2017-06-18 03:00:00,64.75469970703125
srv-002,2017-06-18 04:00:00,62.517112731933594
srv-002,2017-06-18 05:00:00,64.19944763183594
srv-002,2017-06-18 06:00:00,63.083648681640625
srv-002,2017-06-18 07:00:00,66.99330139160156
srv-002,2017-06-18 08:00:00,62.911659240722656
srv-002,2017-06-18 09:00:00,70.22235107421875
srv-002,2017-06-18 10:00:00,67.9458999633789
srv-002,2017-06-18 11:00:00,70.44276428222656
srv-002,2017-06-18 12:00:00,71.95545196533203
srv-002,2017-06-18 13:00:00,72.0958023071289
srv-002,2017-06-18 14:00:00,72.23601531982422
srv-002,2017-06-18 15:00:00,72.81038665771484
srv-002,2017-06-18 16:00:00,72.18599700927734
srv-002,2017-06-18 17:00:00,68.98580169677734
srv-002,2017-06-18 18:00:00,67.02094268798828
srv-002,2017-06-18 19:00:00,66.47236633300781
srv-002,2017-06-18 20:00:00,64.2382583618164
srv-002,2017-06-18 21:00:00,63.21647262573242
srv-002,2017-06-18 22:00:00,64.69759368896484
srv-002,2017-06-18 23:00:00,64.48434448242188
srv-002,2017-06-19 00:00:00,62.35736083984375
srv-002,2017-06-19 01:00:00,60.18413543701172
srv-002,2017-06-19 02:00:00,64.43387603759766
srv-002,2017-06-19 03:00:00,68.06536865234375
srv-002,2017-06-19 04:00:00,65.44864654541016
srv-002,2017-06-19 05:00:00,67.39912414550781
srv-002,2017-06-19 06:00:00,66.31685638427734
srv-002,2017-06-19 07:00:00,71.95425415039062
srv-002,2017-06-19 08:00:00,70.38082885742188
srv-002,2017-06-19 09:00:00,71.84650421142578
srv-002,2017-06-19 10:00:00,68.82982635498047
srv-002,2017-06-19 11:00:00,70.43191528320312
srv-002,2017-06-19 12:00:00,73.40188598632812
srv-002,2017-06-19 13:00:00,75.26860809326172
srv-002,2017-06-19 14:00:00,74.75196838378906
srv-002,2017-06-19 15:00:00,74.17427062988281
srv-002,2017-06-19 16:00:00,75.49900817871094
srv-002,2017-06-19 17:00:00,73.08900451660156
srv-002,2017-06-19 18:00:00,73.6591796875
srv-002,2017-06-19 19:00:00,75.32779693603516
srv-002,2017-06-19 20:00:00,73.31658935546875
srv-002,2017-06-19 21:00:00,73.01020812988281
srv-002,2017-06-19 22:00:00,68.47557067871094
srv-002,2017-06-19 23:00:00,70.0934829711914
srv-002,2017-06-20 00:00:00,73.7907485961914
srv-002,2017-06-20 01:00:00,72.8656234741211
srv-002,2017-06-20 02:00:00,75.12409210205078
srv-002,2017-06-20 03:00:00,75.21544647216797
srv-002,2017-06-20 04:00:00,74.63175964355469
srv-002,2017-06-20 05:00:00,76.65064239501953
srv-002,2017-06-20 06:00:00,77.03507995605469
srv-002,2017-06-20 07:00:00,83.25437927246094
srv-002,2017-06-20 08:00:00,78.63007354736328
srv-002,2017-06-20 09:00:00,78.39546966552734
srv-002,2017-06-20 10:00:00,83.03240203857422
srv-002,2017-06-20 11:00:00,85.0400619506836
srv-002,2017-06-20 12:00:00,84.89261627197266
srv-002,2017-06-20 13:00:00,87.9598617553711
srv-002,2017-06-20 14:00:00,88.61060333251953
srv-002,2017-06-20 15:00:00,88.72209930419922
srv-002,2017-06-20 16:00:00,88.61701965332031
srv-002,2017-06-20 17:00:00,86.53421783447266
srv-002,2017-06-20 18:00:00,85.02129364013672
srv-002,2017-06-20 19:00:00,84.6605453491211
srv-002,2017-06-20 20:00:00,84.73114776611328
srv-002,2017-06-20 21:00:00,79.71036529541016
srv-002,2017-06-20 22:00:00,75.38188934326172
srv-002,2017-06-20 23:00:00,79.05915069580078
srv-002,2017-06-21 00:00:00,80.87379455566406
srv-002,2017-06-21 01:00:00,81.52161407470703
srv-002,2017-06-21 02:00:00,83.3626937866211
srv-002,2017-06-21 03:00:00,85.54560089111328
srv-002,2017-06-21 04:00:00,83.6717300415039
srv-002,2017-06-21 05:00:00,84.12582397460938
srv-002,2017-06-21 06:00:00,86.2134780883789
srv-002,2017-06-21 07:00:00,85.23899841308594
srv-002,2017-06-21 08:00:00,86.27984619140625
srv-002,2017-06-21 09:00:00,89.49639129638672
srv-002,2017-06-21 10:00:00,92.42244720458984
srv-002,2017-06-21 11:00:00,92.24352264404297
srv-002,2017-06-21 12:00:00,92.04608154296875
srv-002,2017-06-21 13:00:00,91.94593048095703
srv-002,2017-06-21 14:00:00,91.4575424194336
srv-002,2017-06-21 15:00:00,91.72386169433594
srv-002,2017-06-21 16:00:00,91.53015899658203
srv-002,2017-06-21 17:00:00,90.59546661376953
srv-002,2017-06-21 18:00:00,90.35655975341797
srv-002,2017-06-21 19:00:00,90.55457305908203
srv-002,2017-06-21 20:00:00,89.82206726074219
srv-002,2017-06-21 21:00:00,85.72728729248047
srv-002,2017-06-21 22:00:00,87.20183563232422
srv-002,2017-06-21 23:00:00,88.1926040649414
srv-002,2017-06-22 00:00:00,84.00505828857422
srv-002,2017-06-22 01:00:00,84.36317443847656
srv-002,2017-06-22 02:00:00,85.88516998291016
srv-002,2017-06-22 03:00:00,84.7876205444336
srv-002,2017-06-22 04:00:00,80.2238998413086
srv-002,2017-06-22 05:00:00,79.73592376708984
srv-002,2017-06-22 06:00:00,77.82869720458984
srv-002,2017-06-22 07:00:00,85.52230834960938
srv-002,2017-06-22 08:00:00,79.5288314819336
srv-002,2017-06-22 09:00:00,83.53987884521484
srv-002,2017-06-22 10:00:00,91.52164459228516
srv-002,2017-06-22 11:00:00,90.79405975341797
srv-002,2017-06-22 12:00:00,88.15538787841797
srv-002,2017-06-22 13:00:00,88.22958374023438
srv-002,2017-06-22 14:00:00,86.09832763671875
srv-002,2017-06-22 15:00:00,84.71099090576172
srv-002,2017-06-22 16:00:00,80.44486236572266
srv-002,2017-06-22 17:00:00,81.2364273071289
srv-002,2017-06-22 18:00:00,81.19205474853516
srv-002,2017-06-22 19:00:00,80.16997528076172
srv-002,2017-06-22 20:00:00,74.6823501586914
srv-002,2017-06-22 21:00:00,71.50028228759766
srv-002,2017-06-22 22:00:00,72.37294006347656
srv-002,2017-06-22 23:00:00,70.9483642578125
srv-002,2017-06-23 00:00:00,71.62103271484375
srv-002,2017-06-23 01:00:00,71.8555908203125
srv-002,2017-06-23 02:00:00,70.56829071044922
srv-002,2017-06-23 03:00:00,67.76253509521484
srv-002,2017-06-23 04:00:00,71.77204895019531
srv-002,2017-06-23 05:00:00,69.9254379272461
srv-002,2017-06-23 06:00:00,71.10726928710938
srv-002,2017-06-23 07:00:00,71.65760040283203
srv-002,2017-06-23 08:00:00,70.57788848876953
srv-002,2017-06-23 09:00:00,72.56409454345703
srv-002,2017-06-23 10:00:00,74.17679595947266
srv-002,2017-06-23 11:00:00,79.10326385498047
srv-002,2017-06-23 12:00:00,78.11724090576172
srv-002,2017-06-23 13:00:00,78.09103393554688
srv-002,2017-06-23 14:00:00,78.51482391357422
srv-002,2017-06-23 15:00:00,75.13644409179688
srv-002,2017-06-23 16:00:00,74.8620376586914
srv-002,2017-06-23 17:00:00,71.79906463623047
srv-002,2017-06-23 18:00:00,70.75640106201172
srv-002,2017-06-23 19:00:00,71.20014190673828
srv-002,2017-06-23 20:00:00,66.47013854980469
srv-002,2017-06-23 21:00:00,63.56121826171875
srv-002,2017-06-23 22:00:00,63.630714416503906
srv-002,2017-06-23 23:00:00,63.725242614746094
srv-002,2017-06-24 00:00:00,65.60435485839844
srv-002,2017-06-24 01:00:00,65.42045593261719
srv-002,2017-06-24 02:00:00,66.14311218261719
srv-002,2017-06-24 03:00:00,65.33236694335938
srv-002,2017-06-24 04:00:00,63.89918518066406
srv-002,2017-06-24 05:00:00,65.47952270507812
srv-002,2017-06-24 06:00:00,67.20951080322266
srv-002,2017-06-24 07:00:00,70.0505599975586
srv-002,2017-06-24 08:00:00,68.20313262939453
srv-002,2017-06-24 09:00:00,69.74799346923828
srv-002,2017-06-24 10:00:00,70.0486831665039
srv-002,2017-06-24 11:00:00,71.18628692626953
srv-002,2017-06-24 12:00:00,73.2226333618164
srv-002,2017-06-24 13:00:00,71.9532241821289
srv-002,2017-06-24 14:00:00,73.40448760986328
srv-002,2017-06-24 15:00:00,74.17239379882812
srv-002,2017-06-24 16:00:00,75.15526580810547
srv-002,2017-06-24 17:00:00,71.91590118408203
srv-002,2017-06-24 18:00:00,67.64054870605469
srv-002,2017-06-24 19:00:00,66.70125579833984
srv-002,2017-06-24 20:00:00,63.795955657958984
srv-002,2017-06-24 21:00:00,63.65318298339844
srv-002,2017-06-24 22:00:00,62.75934600830078
srv-002,2017-06-24 23:00:00,59.91609191894531
srv-002,2017-06-25 00:00:00,64.82579040527344
srv-002,2017-06-25 01:00:00,64.1488265991211
srv-002,2017-06-25 02:00:00,64.27438354492188
srv-002,2017-06-25 03:00:00,61.85126495361328
srv-002,2017-06-25 04:00:00,59.924522399902344
srv-002,2017-06-25 05:00:00,60.81343460083008
srv-002,2017-06-25 06:00:00,62.43164825439453
srv-002,2017-06-25 07:00:00,68.57050323486328
srv-002,2017-06-25 08:00:00,67.21822357177734
srv-002,2017-06-25 09:00:00,67.51512145996094
srv-002,2017-06-25 10:00:00,65.915771484375
srv-002,2017-06-25 11:00:00,69.21688079833984
srv-002,2017-06-25 12:00:00,71.08477020263672
srv-002,2017-06-25 13:00:00,70.30843353271484
srv-002,2017-06-25 14:00:00,74.2260513305664
srv-002,2017-06-25 15:00:00,71.74639129638672
srv-002,2017-06-25 16:00:00,72.54273223876953
srv-002,2017-06-25 17:00:00,69.60540008544922
srv-002,2017-06-25 18:00:00,70.03089141845703
srv-002,2017-06-25 19:00:00,69.5287857055664
srv-002,2017-06-25 20:00:00,66.3089370727539
srv-002,2017-06-25 21:00:00,68.10649108886719
srv-002,2017-06-25 22:00:00,69.08271026611328
srv-002,2017-06-25 23:00:00,67.09013366699219
srv-002,2017-06-26 00:00:00,63.97913360595703
srv-002,2017-06-26 01:00:00,65.4171371459961
srv-002,2017-06-26 02:00:00,65.51605987548828
srv-002,2017-06-26 03:00:00,65.51321411132812
srv-002,2017-06-26 04:00:00,64.43406677246094
srv-002,2017-06-26 05:00:00,62.857845306396484
srv-002,2017-06-26 06:00:00,62.12067413330078
srv-002,2017-06-26 07:00:00,70.5232162475586
srv-002,2017-06-26 08:00:00,68.91445922851562
srv-002,2017-06-26 09:00:00,71.0315933227539
srv-002,2017-06-26 10:00:00,75.43389129638672
srv-002,2017-06-26 11:00:00,75.30278778076172
srv-002,2017-06-26 12:00:00,79.09986114501953
srv-002,2017-06-26 13:00:00,82.50138092041016
srv-002,2017-06-26 14:00:00,83.55960845947266
srv-002,2017-06-26 15:00:00,79.49263000488281
srv-002,2017-06-26 16:00:00,78.66252136230469
srv-002,2017-06-26 17:00:00,76.59294891357422
srv-002,2017-06-26 18:00:00,73.6906967163086
srv-002,2017-06-26 19:00:00,73.55109405517578
srv-002,2017-06-26 20:00:00,68.29195404052734
srv-002,2017-06-26 21:00:00,67.04320526123047
srv-002,2017-06-26 22:00:00,68.46903991699219
srv-002,2017-06-26 23:00:00,69.27002716064453
srv-002,2017-06-27 00:00:00,71.05651092529297
srv-002,2017-06-27 01:00:00,71.31993103027344
srv-002,2017-06-27 02:00:00,75.47563934326172
srv-002,2017-06-27 03:00:00,76.37714385986328
srv-002,2017-06-27 04:00:00,74.82106018066406
srv-002,2017-06-27 05:00:00,76.57788848876953
srv-002,2017-06-27 06:00:00,79.5631332397461
srv-002,2017-06-27 07:00:00,85.90705108642578
srv-002,2017-06-27 08:00:00,82.11412811279297
srv-002,2017-06-27 09:00:00,85.42266845703125
srv-002,2017-06-27 10:00:00,88.39864349365234
srv-002,2017-06-27 11:00:00,88.38825225830078
srv-002,2017-06-27 12:00:00,91.21481323242188
srv-002,2017-06-27 13:00:00,90.26494598388672
srv-002,2017-06-27 14:00:00,89.55416107177734
srv-002,2017-06-27 15:00:00,88.61566925048828
srv-002,2017-06-27 16:00:00,86.51758575439453
srv-002,2017-06-27 17:00:00,86.1489486694336
srv-002,2017-06-27 18:00:00,87.51713562011719
srv-002,2017-06-27 19:00:00,82.69478607177734
srv-002,2017-06-27 20:00:00,81.49637603759766
srv-002,2017-06-27 21:00:00,81.840576171875
srv-002,2017-06-27 22:00:00,84.16619110107422
srv-002,2017-06-27 23:00:00,85.77196502685547
srv-002,2017-06-28 00:00:00,78.27069854736328
srv-002,2017-06-28 01:00:00,81.63724517822266
srv-002,2017-06-28 02:00:00,81.38948822021484
srv-002,2017-06-28 03:00:00,78.91384887695312
srv-002,2017-06-28 04:00:00,85.33934783935547
srv-002,2017-06-28 05:00:00,86.11803436279297
srv-002,2017-06-28 06:00:00,84.88610076904297
srv-002,2017-06-28 07:00:00,90.68253326416016
srv-002,2017-06-28 08:00:00,90.24678802490234
srv-002,2017-06-28 09:00:00,92.00756072998047
srv-002,2017-06-28 10:00:00,92.99652099609375
srv-002,2017-06-28 11:00:00,92.79218292236328
srv-002,2017-06-28 12:00:00,92.76693725585938
srv-002,2017-06-28 13:00:00,92.29137420654297
srv-002,2017-06-28 14:00:00,92.20073699951172
srv-002,2017-06-28 15:00:00,91.55133819580078
srv-002,2017-06-28 16:00:00,91.2325668334961
srv-002,2017-06-28 17:00:00,90.58089447021484
srv-002,2017-06-28 18:00:00,90.65805053710938
srv-002,2017-06-28 19:00:00,90.66822814941406
srv-002,2017-06-28 20:00:00,90.21398162841797
srv-002,2017-06-28 21:00:00,85.84703063964844
srv-002,2017-06-28 22:00:00,84.10138702392578
srv-002,2017-06-28 23:00:00,80.08513641357422
srv-002,2017-06-29 00:00:00,80.43111419677734
srv-002,2017-06-29 01:00:00,82.62979888916016
srv-002,2017-06-29 02:00:00,81.39777374267578
srv-002,2017-06-29 03:00:00,81.09915924072266
srv-002,2017-06-29 04:00:00,75.30023956298828
srv-002,2017-06-29 05:00:00,76.36914825439453
srv-002,2017-06-29 06:00:00,81.52088928222656
srv-002,2017-06-29 07:00:00,91.05187225341797
srv-002,2017-06-29 08:00:00,81.46138763427734
srv-002,2017-06-29 09:00:00,86.38502502441406
srv-002,2017-06-29 10:00:00,91.97132110595703
srv-002,2017-06-29 11:00:00,88.55611419677734
srv-002,2017-06-29 12:00:00,91.75122833251953
srv-002,2017-06-29 13:00:00,91.10655212402344
srv-002,2017-06-29 14:00:00,91.74420928955078
srv-002,2017-06-29 15:00:00,90.0849838256836
srv-002,2017-06-29 16:00:00,85.35664367675781
srv-002,2017-06-29 17:00:00,84.66773986816406
srv-002,2017-06-29 18:00:00,81.47095489501953
srv-002,2017-06-29 19:00:00,78.29463958740234
srv-002,2017-06-29 20:00:00,76.15316772460938
srv-002,2017-06-29 21:00:00,69.8791275024414
srv-002,2017-06-29 22:00:00,67.16178894042969
srv-002,2017-06-29 23:00:00,68.10466766357422
srv-002,2017-06-30 00:00:00,67.47834014892578
srv-002,2017-06-30 01:00:00,68.18064880371094
srv-002,2017-06-30 02:00:00,71.92911529541016
srv-002,2017-06-30 03:00:00,72.74720001220703
srv-002,2017-06-30 04:00:00,73.0619125366211
srv-002,2017-06-30 05:00:00,72.812255859375
srv-002,2017-06-30 06:00:00,70.94982147216797
srv-002,2017-06-30 07:00:00,73.812255859375
srv-002,2017-06-30 08:00:00,70.36597442626953
srv-002,2017-06-30 09:00:00,71.42467498779297
srv-002,2017-06-30 10:00:00,73.7188491821289
srv-002,2017-06-30 11:00:00,73.27274322509766
srv-002,2017-06-30 12:00:00,74.84632110595703
srv-002,2017-06-30 13:00:00,75.2205581665039
srv-002,2017-06-30 14:00:00,74.4124755859375
srv-002,2017-06-30 15:00:00,75.7498779296875
srv-002,2017-06-30 16:00:00,69.41947937011719
srv-002,2017-06-30 17:00:00,68.35343933105469
srv-002,2017-06-30 18:00:00,63.073299407958984
srv-002,2017-06-30 19:00:00,63.628177642822266
srv-002,2017-06-30 20:00:00,62.75379180908203
srv-002,2017-06-30 21:00:00,61.338783264160156
srv-002,2017-06-30 22:00:00,60.578460693359375
srv-002,2017-06-30 23:00:00,58.48211669921875
srv-003,2017-06-01 23:00:00,43.4239616394043
srv-003,2017-06-02 00:00:00,39.841495513916016
srv-003,2017-06-02 01:00:00,37.315223693847656
srv-003,2017-06-02 02:00:00,38.71038818359375
srv-003,2017-06-02 03:00:00,34.68340301513672
srv-003,2017-06-02 04:00:00,39.25030517578125
srv-003,2017-06-02 05:00:00,41.466773986816406
srv-003,2017-06-02 06:00:00,42.69993591308594
srv-003,2017-06-02 07:00:00,45.83443832397461
srv-003,2017-06-02 08:00:00,49.50286102294922
srv-003,2017-06-02 09:00:00,38.38151550292969
srv-003,2017-06-02 10:00:00,42.839630126953125
srv-003,2017-06-02 11:00:00,51.011566162109375
srv-003,2017-06-02 12:00:00,40.936336517333984
srv-003,2017-06-02 13:00:00,51.298431396484375
srv-003,2017-06-02 14:00:00,45.22031784057617
srv-003,2017-06-02 15:00:00,44.40180969238281
srv-003,2017-06-02 16:00:00,43.77302551269531
srv-003,2017-06-02 17:00:00,33.31203842163086
srv-003,2017-06-02 18:00:00,32.968074798583984
srv-003,2017-06-02 19:00:00,36.909690856933594
srv-003,2017-06-02 20:00:00,35.15746307373047
srv-003,2017-06-02 21:00:00,31.107154846191406
srv-003,2017-06-02 22:00:00,38.16778564453125
srv-003,2017-06-02 23:00:00,38.04556655883789
srv-003,2017-06-03 00:00:00,38.41790008544922
srv-003,2017-06-03 01:00:00,49.92981719970703
srv-003,2017-06-03 02:00:00,38.9112434387207
srv-003,2017-06-03 03:00:00,35.40910720825195
srv-003,2017-06-03 04:00:00,33.90601348876953
srv-003,2017-06-03 05:00:00,35.87106704711914
srv-003,2017-06-03 06:00:00,38.92799758911133
srv-003,2017-06-03 07:00:00,34.483943939208984
srv-003,2017-06-03 08:00:00,30.914276123046875
srv-003,2017-06-03 09:00:00,34.760963439941406
srv-003,2017-06-03 10:00:00,33.93309020996094
srv-003,2017-06-03 11:00:00,35.62107849121094
srv-003,2017-06-03 12:00:00,37.73530960083008
srv-003,2017-06-03 13:00:00,43.31346893310547
srv-003,2017-06-03 14:00:00,37.911712646484375
srv-003,2017-06-03 15:00:00,47.893714904785156
srv-003,2017-06-03 16:00:00,43.88371276855469
srv-003,2017-06-03 17:00:00,33.77013397216797
srv-003,2017-06-03 18:00:00,31.550888061523438
srv-003,2017-06-03 19:00:00,30.429676055908203
srv-003,2017-06-03 20:00:00,29.750930786132812
srv-003,2017-06-03 21:00:00,32.237342834472656
srv-003,2017-06-03 22:00:00,38.00778579711914
srv-003,2017-06-03 23:00:00,29.551231384277344
srv-003,2017-06-04 00:00:00,33.52138900756836
srv-003,2017-06-04 01:00:00,42.007667541503906
srv-003,2017-06-04 02:00:00,46.396209716796875
srv-003,2017-06-04 03:00:00,47.76011276245117
srv-003,2017-06-04 04:00:00,34.61914825439453
srv-003,2017-06-04 05:00:00,31.359420776367188
srv-003,2017-06-04 06:00:00,36.92682647705078
srv-003,2017-06-04 07:00:00,37.56665802001953
srv-003,2017-06-04 08:00:00,33.89890670776367
srv-003,2017-06-04 09:00:00,30.54306983947754
srv-003,2017-06-04 10:00:00,29.32417869567871
srv-003,2017-06-04 11:00:00,32.89995193481445
srv-003,2017-06-04 12:00:00,38.651145935058594
srv-003,2017-06-04 13:00:00,42.291297912597656
srv-003,2017-06-04 14:00:00,47.34670639038086
srv-003,2017-06-04 15:00:00,40.25946807861328
srv-003,2017-06-04 16:00:00,44.37856674194336
srv-003,2017-06-04 17:00:00,38.43791961669922
srv-003,2017-06-04 18:00:00,36.95429992675781
srv-003,2017-06-04 19:00:00,32.61159896850586
srv-003,2017-06-04 20:00:00,37.96331024169922
srv-003,2017-06-04 21:00:00,34.07379150390625
srv-003,2017-06-04 22:00:00,38.091041564941406
srv-003,2017-06-04 23:00:00,40.40315246582031
srv-003,2017-06-05 00:00:00,44.55885314941406
srv-003,2017-06-05 01:00:00,45.50452423095703
srv-003,2017-06-05 02:00:00,50.76531982421875
srv-003,2017-06-05 03:00:00,41.812957763671875
srv-003,2017-06-05 04:00:00,43.477272033691406
srv-003,2017-06-05 05:00:00,43.69367218017578
srv-003,2017-06-05 06:00:00,37.06590270996094
srv-003,2017-06-05 07:00:00,41.54203796386719
srv-003,2017-06-05 08:00:00,43.75288009643555
srv-003,2017-06-05 09:00:00,38.416099548339844
srv-003,2017-06-05 10:00:00,31.739032745361328
srv-003,2017-06-05 11:00:00,33.36193084716797
srv-003,2017-06-05 12:00:00,32.82159423828125
srv-003,2017-06-05 13:00:00,36.549415588378906
srv-003,2017-06-05 14:00:00,38.452938079833984
srv-003,2017-06-05 15:00:00,48.4909553527832
srv-003,2017-06-05 16:00:00,42.315887451171875
srv-003,2017-06-05 17:00:00,45.17448043823242
srv-003,2017-06-05 18:00:00,34.86631774902344
srv-003,2017-06-05 19:00:00,32.98716354370117
srv-003,2017-06-05 20:00:00,33.12698745727539
srv-003,2017-06-05 21:00:00,32.545597076416016
srv-003,2017-06-05 22:00:00,35.72684097290039
srv-003,2017-06-05 23:00:00,36.05867385864258
srv-003,2017-06-06 00:00:00,41.251312255859375
srv-003,2017-06-06 01:00:00,34.36167907714844
srv-003,2017-06-06 02:00:00,36.91313552856445
srv-003,2017-06-06 03:00:00,33.79045867919922
srv-003,2017-06-06 04:00:00,44.933128356933594
srv-003,2017-06-06 05:00:00,34.667747497558594
srv-003,2017-06-06 06:00:00,31.750564575195312
srv-003,2017-06-06 07:00:00,32.242027282714844
srv-003,2017-06-06 08:00:00,32.0327033996582
srv-003,2017-06-06 09:00:00,33.569129943847656
srv-003,2017-06-06 10:00:00,39.15076446533203
srv-003,2017-06-06 11:00:00,43.6444206237793
srv-003,2017-06-06 12:00:00,32.767250061035156
srv-003,2017-06-06 13:00:00,39.54551315307617
srv-003,2017-06-06 14:00:00,41.434814453125
srv-003,2017-06-06 15:00:00,47.01755142211914
srv-003,2017-06-06 16:00:00,51.827301025390625
srv-003,2017-06-06 17:00:00,44.47536849975586
srv-003,2017-06-06 18:00:00,37.89714050292969
srv-003,2017-06-06 19:00:00,40.818695068359375
srv-003,2017-06-06 20:00:00,46.83386993408203
srv-003,2017-06-06 21:00:00,34.76191711425781
srv-003,2017-06-06 22:00:00,37.69740295410156
srv-003,2017-06-06 23:00:00,35.31256103515625
srv-003,2017-06-07 00:00:00,34.294071197509766
srv-003,2017-06-07 01:00:00,35.13343811035156
srv-003,2017-06-07 02:00:00,41.47709655761719
srv-003,2017-06-07 03:00:00,44.6694450378418
srv-003,2017-06-07 04:00:00,36.41827392578125
srv-003,2017-06-07 05:00:00,31.938392639160156
srv-003,2017-06-07 06:00:00,49.87812805175781
srv-003,2017-06-07 07:00:00,43.24040222167969
srv-003,2017-06-07 08:00:00,46.440650939941406
srv-003,2017-06-07 09:00:00,48.970577239990234
srv-003,2017-06-07 10:00:00,54.603233337402344
srv-003,2017-06-07 11:00:00,41.07280731201172
srv-003,2017-06-07 12:00:00,41.786460876464844
srv-003,2017-06-07 13:00:00,38.51341247558594
srv-003,2017-06-07 14:00:00,51.747928619384766
srv-003,2017-06-07 15:00:00,40.008907318115234
srv-003,2017-06-07 16:00:00,35.397438049316406
srv-003,2017-06-07 17:00:00,16.232948303222656
srv-003,2017-06-07 18:00:00,33.65461730957031
srv-003,2017-06-07 19:00:00,34.892539978027344
srv-003,2017-06-07 20:00:00,39.03760528564453
srv-003,2017-06-07 21:00:00,46.6713981628418
srv-003,2017-06-07 22:00:00,48.29377746582031
srv-003,2017-06-07 23:00:00,52.625953674316406
srv-003,2017-06-08 00:00:00,53.30913162231445
srv-003,2017-06-08 01:00:00,49.18274688720703
srv-003,2017-06-08 02:00:00,45.158721923828125
srv-003,2017-06-08 03:00:00,45.806182861328125
srv-003,2017-06-08 04:00:00,39.37110137939453
srv-003,2017-06-08 05:00:00,38.286720275878906
srv-003,2017-06-08 06:00:00,41.93736267089844
srv-003,2017-06-08 07:00:00,51.92891311645508
srv-003,2017-06-08 08:00:00,46.796775817871094
srv-003,2017-06-08 09:00:00,46.5792236328125
srv-003,2017-06-08 10:00:00,48.15624237060547
srv-003,2017-06-08 11:00:00,37.50471496582031
srv-003,2017-06-08 12:00:00,36.95917510986328
srv-003,2017-06-08 13:00:00,35.936439514160156
srv-003,2017-06-08 14:00:00,39.683197021484375
srv-003,2017-06-08 15:00:00,38.546775817871094
srv-003,2017-06-08 16:00:00,44.128211975097656
srv-003,2017-06-08 17:00:00,46.88646697998047
srv-003,2017-06-08 18:00:00,43.61511993408203
srv-003,2017-06-08 19:00:00,38.18933868408203
srv-003,2017-06-08 20:00:00,34.38834762573242
srv-003,2017-06-08 21:00:00,42.71372985839844
srv-003,2017-06-08 22:00:00,31.883892059326172
srv-003,2017-06-08 23:00:00,33.76052474975586
srv-003,2017-06-09 00:00:00,36.03361129760742
srv-003,2017-06-09 01:00:00,31.731441497802734
srv-003,2017-06-09 02:00:00,35.564369201660156
srv-003,2017-06-09 03:00:00,37.31147766113281
srv-003,2017-06-09 04:00:00,40.14533996582031
srv-003,2017-06-09 05:00:00,43.03316116333008
srv-003,2017-06-09 06:00:00,44.93133544921875
srv-003,2017-06-09 07:00:00,48.239871978759766
srv-003,2017-06-09 08:00:00,50.52059555053711
srv-003,2017-06-09 09:00:00,48.305458068847656
srv-003,2017-06-09 10:00:00,51.551048278808594
srv-003,2017-06-09 11:00:00,56.05190658569336
srv-003,2017-06-09 12:00:00,47.701171875
srv-003,2017-06-09 13:00:00,45.73271560668945
srv-003,2017-06-09 14:00:00,46.876182556152344
srv-003,2017-06-09 15:00:00,37.22098159790039
srv-003,2017-06-09 16:00:00,45.71759033203125
srv-003,2017-06-09 17:00:00,46.72087097167969
srv-003,2017-06-09 18:00:00,43.20618438720703
srv-003,2017-06-09 19:00:00,40.25444793701172
srv-003,2017-06-09 20:00:00,42.143760681152344
srv-003,2017-06-09 21:00:00,34.68091583251953
srv-003,2017-06-09 22:00:00,42.67399597167969
srv-003,2017-06-09 23:00:00,43.80561065673828
srv-003,2017-06-10 00:00:00,41.852134704589844
srv-003,2017-06-10 01:00:00,48.918434143066406
srv-003,2017-06-10 02:00:00,36.010074615478516
srv-003,2017-06-10 03:00:00,32.65989303588867
srv-003,2017-06-10 04:00:00,35.301551818847656
srv-003,2017-06-10 05:00:00,34.99626922607422
srv-003,2017-06-10 06:00:00,38.63652801513672
srv-003,2017-06-10 07:00:00,41.42323684692383
srv-003,2017-06-10 08:00:00,45.50293731689453
srv-003,2017-06-10 09:00:00,35.042076110839844
srv-003,2017-06-10 10:00:00,31.34904670715332
srv-003,2017-06-10 11:00:00,28.551740646362305
srv-003,2017-06-10 12:00:00,27.83316421508789
srv-003,2017-06-10 13:00:00,32.030006408691406
srv-003,2017-06-10 14:00:00,33.54865264892578
srv-003,2017-06-10 15:00:00,37.695518493652344
srv-003,2017-06-10 16:00:00,39.36601638793945
srv-003,2017-06-10 17:00:00,39.802268981933594
srv-003,2017-06-10 18:00:00,31.577381134033203
srv-003,2017-06-10 19:00:00,32.739463806152344
srv-003,2017-06-10 20:00:00,31.67971420288086
srv-003,2017-06-10 21:00:00,40.061866760253906
srv-003,2017-06-10 22:00:00,39.690818786621094
srv-003,2017-06-10 23:00:00,48.08057403564453
srv-003,2017-06-11 00:00:00,38.01362991333008
srv-003,2017-06-11 01:00:00,36.275230407714844
srv-003,2017-06-11 02:00:00,40.40788269042969
srv-003,2017-06-11 03:00:00,37.08672332763672
srv-003,2017-06-11 04:00:00,38.54484939575195
srv-003,2017-06-11 05:00:00,34.530853271484375
srv-003,2017-06-11 06:00:00,40.60344314575195
srv-003,2017-06-11 07:00:00,33.47932434082031
srv-003,2017-06-11 08:00:00,44.91744613647461
srv-003,2017-06-11 09:00:00,47.557334899902344
srv-003,2017-06-11 10:00:00,47.117156982421875
srv-003,2017-06-11 11:00:00,48.420616149902344
srv-003,2017-06-11 12:00:00,40.83812713623047
srv-003,2017-06-11 13:00:00,42.61042785644531
srv-003,2017-06-11 14:00:00,38.68247604370117
srv-003,2017-06-11 15:00:00,29.961788177490234
srv-003,2017-06-11 16:00:00,33.902931213378906
srv-003,2017-06-11 17:00:00,31.511444091796875
srv-003,2017-06-11 18:00:00,34.86684799194336
srv-003,2017-06-11 19:00:00,35.074913024902344
srv-003,2017-06-11 20:00:00,30.26348114013672
srv-003,2017-06-11 21:00:00,38.502479553222656
srv-003,2017-06-11 22:00:00,35.350006103515625
srv-003,2017-06-11 23:00:00,41.689483642578125
srv-003,2017-06-12 00:00:00,34.710533142089844
srv-003,2017-06-12 01:00:00,36.04069519042969
srv-003,2017-06-12 02:00:00,37.37834548950195
srv-003,2017-06-12 03:00:00,29.838367462158203
srv-003,2017-06-12 04:00:00,29.939517974853516
srv-003,2017-06-12 05:00:00,31.6126708984375
srv-003,2017-06-12 06:00:00,33.42950439453125
srv-003,2017-06-12 07:00:00,34.84016799926758
srv-003,2017-06-12 08:00:00,41.9777946472168
srv-003,2017-06-12 09:00:00,35.46052932739258
srv-003,2017-06-12 10:00:00,38.717140197753906
srv-003,2017-06-12 11:00:00,31.560100555419922
srv-003,2017-06-12 12:00:00,32.181026458740234
srv-003,2017-06-12 13:00:00,43.49883270263672
srv-003,2017-06-12 14:00:00,41.597373962402344
srv-003,2017-06-12 15:00:00,37.72075653076172
srv-003,2017-06-12 16:00:00,34.81122589111328
srv-003,2017-06-12 17:00:00,32.449806213378906
srv-003,2017-06-12 18:00:00,37.37540817260742
srv-003,2017-06-12 19:00:00,48.33921432495117
srv-003,2017-06-12 20:00:00,42.66724395751953
srv-003,2017-06-12 21:00:00,32.4323844909668
srv-003,2017-06-12 22:00:00,41.03247833251953
srv-003,2017-06-12 23:00:00,35.950828552246094
srv-003,2017-06-13 00:00:00,40.07878112792969
srv-003,2017-06-13 01:00:00,42.291847229003906
srv-003,2017-06-13 02:00:00,48.09959030151367
srv-003,2017-06-13 03:00:00,42.327117919921875
srv-003,2017-06-13 04:00:00,46.012943267822266
srv-003,2017-06-13 05:00:00,39.91746520996094
srv-003,2017-06-13 06:00:00,32.47404479980469
srv-003,2017-06-13 07:00:00,32.4990234375
srv-003,2017-06-13 08:00:00,36.95802307128906
srv-003,2017-06-13 09:00:00,33.83409118652344
srv-003,2017-06-13 10:00:00,37.83064270019531
srv-003,2017-06-13 11:00:00,40.59186553955078
srv-003,2017-06-13 12:00:00,48.78901672363281
srv-003,2017-06-13 13:00:00,41.25374221801758
srv-003,2017-06-13 14:00:00,42.88529968261719
srv-003,2017-06-13 15:00:00,36.67387771606445
srv-003,2017-06-13 16:00:00,31.587833404541016
srv-003,2017-06-13 17:00:00,31.487411499023438
srv-003,2017-06-13 18:00:00,32.7166633605957
srv-003,2017-06-13 19:00:00,36.62821960449219
srv-003,2017-06-13 20:00:00,43.625144958496094
srv-003,2017-06-13 21:00:00,42.64446258544922
srv-003,2017-06-13 22:00:00,38.3382682800293
srv-003,2017-06-13 23:00:00,34.55377960205078
srv-003,2017-06-14 00:00:00,42.585472106933594
srv-003,2017-06-14 01:00:00,45.192481994628906
srv-003,2017-06-14 02:00:00,38.43610382080078
srv-003,2017-06-14 03:00:00,32.07988357543945
srv-003,2017-06-14 04:00:00,32.4735221862793
srv-003,2017-06-14 05:00:00,39.5101318359375
srv-003,2017-06-14 06:00:00,33.85398864746094
srv-003,2017-06-14 07:00:00,40.38982009887695
srv-003,2017-06-14 08:00:00,48.996002197265625
srv-003,2017-06-14 09:00:00,41.37250900268555
srv-003,2017-06-14 10:00:00,40.42604064941406
srv-003,2017-06-14 11:00:00,41.34203338623047
srv-003,2017-06-14 12:00:00,32.972496032714844
srv-003,2017-06-14 13:00:00,33.33258056640625
srv-003,2017-06-14 14:00:00,38.27473449707031
srv-003,2017-06-14 15:00:00,34.53118133544922
srv-003,2017-06-14 16:00:00,48.52540588378906
srv-003,2017-06-14 17:00:00,42.67504119873047
srv-003,2017-06-14 18:00:00,39.938690185546875
srv-003,2017-06-14 19:00:00,37.91856384277344
srv-003,2017-06-14 20:00:00,37.327606201171875
srv-003,2017-06-14 21:00:00,34.13364028930664
srv-003,2017-06-14 22:00:00,30.36867332458496
srv-003,2017-06-14 23:00:00,30.824604034423828
srv-003,2017-06-15 00:00:00,41.97911071777344
srv-003,2017-06-15 01:00:00,46.907920837402344
srv-003,2017-06-15 02:00:00,39.34506607055664
srv-003,2017-06-15 03:00:00,32.896114349365234
srv-003,2017-06-15 04:00:00,30.161561965942383
srv-003,2017-06-15 05:00:00,29.44114112854004
srv-003,2017-06-15 06:00:00,30.533546447753906
srv-003,2017-06-15 07:00:00,35.643394470214844
srv-003,2017-06-15 08:00:00,34.64683151245117
srv-003,2017-06-15 09:00:00,42.48661804199219
srv-003,2017-06-15 10:00:00,46.103965759277344
srv-003,2017-06-15 11:00:00,46.952606201171875
srv-003,2017-06-15 12:00:00,46.257911682128906
srv-003,2017-06-15 13:00:00,49.62959289550781
srv-003,2017-06-15 14:00:00,48.25696563720703
srv-003,2017-06-15 15:00:00,38.62242889404297
srv-003,2017-06-15 16:00:00,41.24689483642578
srv-003,2017-06-15 17:00:00,37.145572662353516
srv-003,2017-06-15 18:00:00,44.294036865234375
srv-003,2017-06-15 19:00:00,46.618778228759766
srv-003,2017-06-15 20:00:00,50.825904846191406
srv-003,2017-06-15 21:00:00,34.49217224121094
srv-003,2017-06-15 22:00:00,37.02082824707031
srv-003,2017-06-15 23:00:00,35.09326934814453
srv-003,2017-06-16 00:00:00,45.83160400390625
srv-003,2017-06-16 01:00:00,29.97376251220703
srv-003,2017-06-16 02:00:00,34.689430236816406
srv-003,2017-06-16 03:00:00,37.13763427734375
srv-003,2017-06-16 04:00:00,30.48487663269043
srv-003,2017-06-16 05:00:00,33.12971878051758
srv-003,2017-06-16 06:00:00,27.878267288208008
srv-003,2017-06-16 07:00:00,29.56930923461914
srv-003,2017-06-16 08:00:00,30.10363006591797
srv-003,2017-06-16 09:00:00,30.460872650146484
srv-003,2017-06-16 10:00:00,33.4465217590332
srv-003,2017-06-16 11:00:00,34.771141052246094
srv-003,2017-06-16 12:00:00,39.521331787109375
srv-003,2017-06-16 13:00:00,32.351524353027344
srv-003,2017-06-16 14:00:00,41.348899841308594
srv-003,2017-06-16 15:00:00,30.851421356201172
srv-003,2017-06-16 16:00:00,36.346031188964844
srv-003,2017-06-16 17:00:00,34.84589385986328
srv-003,2017-06-16 18:00:00,34.02767562866211
srv-003,2017-06-16 19:00:00,36.543094635009766
srv-003,2017-06-16 20:00:00,36.677642822265625
srv-003,2017-06-16 21:00:00,35.73653030395508
srv-003,2017-06-16 22:00:00,43.5916862487793
srv-003,2017-06-16 23:00:00,31.1531925201416
srv-003,2017-06-17 00:00:00,30.593542098999023
srv-003,2017-06-17 01:00:00,34.70090866088867
srv-003,2017-06-17 02:00:00,33.37433624267578
srv-003,2017-06-17 03:00:00,41.566680908203125
srv-003,2017-06-17 04:00:00,49.08788299560547
srv-003,2017-06-17 05:00:00,44.85459899902344
srv-003,2017-06-17 06:00:00,34.59477233886719
srv-003,2017-06-17 07:00:00,31.96527099609375
srv-003,2017-06-17 08:00:00,26.53322982788086
srv-003,2017-06-17 09:00:00,33.54941177368164
srv-003,2017-06-17 10:00:00,30.22264862060547
srv-003,2017-06-17 11:00:00,32.575897216796875
srv-003,2017-06-17 12:00:00,33.41904830932617
srv-003,2017-06-17 13:00:00,41.43183898925781
srv-003,2017-06-17 14:00:00,40.52159881591797
srv-003,2017-06-17 15:00:00,39.67933654785156
srv-003,2017-06-17 16:00:00,49.36267852783203
srv-003,2017-06-17 17:00:00,46.856788635253906
srv-003,2017-06-17 18:00:00,35.25151062011719
srv-003,2017-06-17 19:00:00,30.91107940673828
srv-003,2017-06-17 20:00:00,30.71535873413086
srv-003,2017-06-17 21:00:00,43.794681549072266
srv-003,2017-06-17 22:00:00,39.14983367919922
srv-003,2017-06-17 23:00:00,38.06620407104492
srv-003,2017-06-18 00:00:00,38.906612396240234
srv-003,2017-06-18 01:00:00,39.993431091308594
srv-003,2017-06-18 02:00:00,36.69133758544922
srv-003,2017-06-18 03:00:00,31.674875259399414
srv-003,2017-06-18 04:00:00,31.366161346435547
srv-003,2017-06-18 05:00:00,31.382709503173828
srv-003,2017-06-18 06:00:00,30.060161590576172
srv-003,2017-06-18 07:00:00,31.803672790527344
srv-003,2017-06-18 08:00:00,33.36509704589844
srv-003,2017-06-18 09:00:00,32.39190673828125
srv-003,2017-06-18 10:00:00,40.0950927734375
srv-003,2017-06-18 11:00:00,40.79124069213867
srv-003,2017-06-18 12:00:00,36.78337097167969
srv-003,2017-06-18 13:00:00,35.133785247802734
srv-003,2017-06-18 14:00:00,44.3853645324707
srv-003,2017-06-18 15:00:00,37.20915222167969
srv-003,2017-06-18 16:00:00,33.37220001220703
srv-003,2017-06-18 17:00:00,31.602436065673828
srv-003,2017-06-18 18:00:00,33.344757080078125
srv-003,2017-06-18 19:00:00,35.6724739074707
srv-003,2017-06-18 20:00:00,39.82452392578125
srv-003,2017-06-18 21:00:00,32.63420486450195
srv-003,2017-06-18 22:00:00,41.10481262207031
srv-003,2017-06-18 23:00:00,41.919334411621094
srv-003,2017-06-19 00:00:00,37.777061462402344
srv-003,2017-06-19 01:00:00,42.133060455322266
srv-003,2017-06-19 02:00:00,49.540367126464844
srv-003,2017-06-19 03:00:00,45.293617248535156
srv-003,2017-06-19 04:00:00,50.992191314697266
srv-003,2017-06-19 05:00:00,40.59149932861328
srv-003,2017-06-19 06:00:00,31.04393196105957
srv-003,2017-06-19 07:00:00,36.509178161621094
srv-003,2017-06-19 08:00:00,40.69886779785156
srv-003,2017-06-19 09:00:00,33.78847885131836
srv-003,2017-06-19 10:00:00,41.530601501464844
srv-003,2017-06-19 11:00:00,38.563026428222656
srv-003,2017-06-19 12:00:00,43.89094543457031
srv-003,2017-06-19 13:00:00,46.638275146484375
srv-003,2017-06-19 14:00:00,47.325836181640625
srv-003,2017-06-19 15:00:00,48.547996520996094
srv-003,2017-06-19 16:00:00,44.368438720703125
srv-003,2017-06-19 17:00:00,39.71022415161133
srv-003,2017-06-19 18:00:00,42.457557678222656
srv-003,2017-06-19 19:00:00,38.668190002441406
srv-003,2017-06-19 20:00:00,34.338958740234375
srv-003,2017-06-19 21:00:00,37.76716232299805
srv-003,2017-06-19 22:00:00,34.93968963623047
srv-003,2017-06-19 23:00:00,35.022865295410156
srv-003,2017-06-20 00:00:00,34.228572845458984
srv-003,2017-06-20 01:00:00,45.73381042480469
srv-003,2017-06-20 02:00:00,43.02655792236328
srv-003,2017-06-20 03:00:00,33.37129211425781
srv-003,2017-06-20 04:00:00,41.79383087158203
srv-003,2017-06-20 05:00:00,32.838035583496094
srv-003,2017-06-20 06:00:00,44.814353942871094
srv-003,2017-06-20 07:00:00,43.72087860107422
srv-003,2017-06-20 08:00:00,38.71580505371094
srv-003,2017-06-20 09:00:00,38.02107238769531
srv-003,2017-06-20 10:00:00,32.729652404785156
srv-003,2017-06-20 11:00:00,34.51960372924805
srv-003,2017-06-20 12:00:00,34.786930084228516
srv-003,2017-06-20 13:00:00,36.838401794433594
srv-003,2017-06-20 14:00:00,44.34677505493164
srv-003,2017-06-20 15:00:00,45.90428924560547
srv-003,2017-06-20 16:00:00,36.772769927978516
srv-003,2017-06-20 17:00:00,33.392513275146484
srv-003,2017-06-20 18:00:00,37.92206573486328
srv-003,2017-06-20 19:00:00,41.546295166015625
srv-003,2017-06-20 20:00:00,41.413143157958984
srv-003,2017-06-20 21:00:00,43.84166717529297
srv-003,2017-06-20 22:00:00,43.23773193359375
srv-003,2017-06-20 23:00:00,44.109222412109375
srv-003,2017-06-21 00:00:00,48.88844299316406
srv-003,2017-06-21 01:00:00,53.204261779785156
srv-003,2017-06-21 02:00:00,51.689674377441406
srv-003,2017-06-21 03:00:00,56.735084533691406
srv-003,2017-06-21 04:00:00,55.19004440307617
srv-003,2017-06-21 05:00:00,51.7752685546875
srv-003,2017-06-21 06:00:00,55.86823272705078
srv-003,2017-06-21 07:00:00,52.320068359375
srv-003,2017-06-21 08:00:00,39.39752197265625
srv-003,2017-06-21 09:00:00,37.225555419921875
srv-003,2017-06-21 10:00:00,42.65256118774414
srv-003,2017-06-21 11:00:00,47.37339782714844
srv-003,2017-06-21 12:00:00,40.220577239990234
srv-003,2017-06-21 13:00:00,33.09172058105469
srv-003,2017-06-21 14:00:00,35.208953857421875
srv-003,2017-06-21 15:00:00,43.72920227050781
srv-003,2017-06-21 16:00:00,43.86347198486328
srv-003,2017-06-21 17:00:00,41.18230438232422
srv-003,2017-06-21 18:00:00,35.703487396240234
srv-003,2017-06-21 19:00:00,36.47640609741211
srv-003,2017-06-21 20:00:00,41.07704162597656
srv-003,2017-06-21 21:00:00,39.851585388183594
srv-003,2017-06-21 22:00:00,38.35584259033203
srv-003,2017-06-21 23:00:00,47.884178161621094
srv-003,2017-06-22 00:00:00,38.114341735839844
srv-003,2017-06-22 01:00:00,42.889991760253906
srv-003,2017-06-22 02:00:00,40.62403869628906
srv-003,2017-06-22 03:00:00,49.33100509643555
srv-003,2017-06-22 04:00:00,49.726356506347656
srv-003,2017-06-22 05:00:00,52.22007369995117
srv-003,2017-06-22 06:00:00,52.075042724609375
srv-003,2017-06-22 07:00:00,45.846893310546875
srv-003,2017-06-22 08:00:00,47.38097381591797
srv-003,2017-06-22 09:00:00,47.72620391845703
srv-003,2017-06-22 10:00:00,46.97732162475586
srv-003,2017-06-22 11:00:00,41.658485412597656
srv-003,2017-06-22 12:00:00,43.37769317626953
srv-003,2017-06-22 13:00:00,41.21820831298828
srv-003,2017-06-22 14:00:00,39.26618576049805
srv-003,2017-06-22 15:00:00,41.9616584777832
srv-003,2017-06-22 16:00:00,37.67505645751953
srv-003,2017-06-22 17:00:00,35.28461456298828
srv-003,2017-06-22 18:00:00,32.7110710144043
srv-003,2017-06-22 19:00:00,40.78020477294922
srv-003,2017-06-22 20:00:00,47.63972473144531
srv-003,2017-06-22 21:00:00,51.40177917480469
srv-003,2017-06-22 22:00:00,51.81056594848633
srv-003,2017-06-22 23:00:00,36.770362854003906
srv-003,2017-06-23 00:00:00,38.71805191040039
srv-003,2017-06-23 01:00:00,37.69770050048828
srv-003,2017-06-23 02:00:00,51.05079650878906
srv-003,2017-06-23 03:00:00,46.64862060546875
srv-003,2017-06-23 04:00:00,39.00493621826172
srv-003,2017-06-23 05:00:00,35.80568313598633
srv-003,2017-06-23 06:00:00,31.86139678955078
srv-003,2017-06-23 07:00:00,32.375083923339844
srv-003,2017-06-23 08:00:00,30.751766204833984
srv-003,2017-06-23 09:00:00,23.94751739501953
srv-003,2017-06-23 10:00:00,26.497520446777344
srv-003,2017-06-23 11:00:00,26.95186424255371
srv-003,2017-06-23 12:00:00,31.038982391357422
srv-003,2017-06-23 13:00:00,33.51207733154297
srv-003,2017-06-23 14:00:00,35.01838684082031
srv-003,2017-06-23 15:00:00,35.132076263427734
srv-003,2017-06-23 16:00:00,40.27975845336914
srv-003,2017-06-23 17:00:00,45.8897819519043
srv-003,2017-06-23 18:00:00,35.269317626953125
srv-003,2017-06-23 19:00:00,37.70283889770508
srv-003,2017-06-23 20:00:00,35.10640335083008
srv-003,2017-06-23 21:00:00,38.589683532714844
srv-003,2017-06-23 22:00:00,51.35356903076172
srv-003,2017-06-23 23:00:00,42.83165740966797
srv-003,2017-06-24 00:00:00,35.30237579345703
srv-003,2017-06-24 01:00:00,33.61771011352539
srv-003,2017-06-24 02:00:00,30.77001190185547
srv-003,2017-06-24 03:00:00,37.326988220214844
srv-003,2017-06-24 04:00:00,37.1424560546875
srv-003,2017-06-24 05:00:00,29.711692810058594
srv-003,2017-06-24 06:00:00,19.31902503967285
srv-003,2017-06-24 07:00:00,21.43427848815918
srv-003,2017-06-24 08:00:00,27.914278030395508
srv-003,2017-06-24 09:00:00,30.782209396362305
srv-003,2017-06-24 10:00:00,34.37421798706055
srv-003,2017-06-24 11:00:00,35.725223541259766
srv-003,2017-06-24 12:00:00,34.556846618652344
srv-003,2017-06-24 13:00:00,42.36332702636719
srv-003,2017-06-24 14:00:00,32.7962646484375
srv-003,2017-06-24 15:00:00,43.210784912109375
srv-003,2017-06-24 16:00:00,44.263038635253906
srv-003,2017-06-24 17:00:00,37.7471809387207
srv-003,2017-06-24 18:00:00,42.0973014831543
srv-003,2017-06-24 19:00:00,36.16929626464844
srv-003,2017-06-24 20:00:00,45.102516174316406
srv-003,2017-06-24 21:00:00,35.627559661865234
srv-003,2017-06-24 22:00:00,40.51528549194336
srv-003,2017-06-24 23:00:00,31.75275421142578
srv-003,2017-06-25 00:00:00,36.11127853393555
srv-003,2017-06-25 01:00:00,37.461029052734375
srv-003,2017-06-25 02:00:00,40.195411682128906
srv-003,2017-06-25 03:00:00,40.85777282714844
srv-003,2017-06-25 04:00:00,36.425758361816406
srv-003,2017-06-25 05:00:00,29.708600997924805
srv-003,2017-06-25 06:00:00,27.089092254638672
srv-003,2017-06-25 07:00:00,22.734357833862305
srv-003,2017-06-25 08:00:00,26.88006019592285
srv-003,2017-06-25 09:00:00,35.1248664855957
srv-003,2017-06-25 10:00:00,32.49834060668945
srv-003,2017-06-25 11:00:00,32.905723571777344
srv-003,2017-06-25 12:00:00,32.926605224609375
srv-003,2017-06-25 13:00:00,35.82910919189453
srv-003,2017-06-25 14:00:00,38.696224212646484
srv-003,2017-06-25 15:00:00,35.51407241821289
srv-003,2017-06-25 16:00:00,31.585968017578125
srv-003,2017-06-25 17:00:00,38.28316879272461
srv-003,2017-06-25 18:00:00,44.39678192138672
srv-003,2017-06-25 19:00:00,45.34169387817383
srv-003,2017-06-25 20:00:00,33.902095794677734
srv-003,2017-06-25 21:00:00,29.159828186035156
srv-003,2017-06-25 22:00:00,28.54661750793457
srv-003,2017-06-25 23:00:00,37.54026794433594
srv-003,2017-06-26 00:00:00,26.363128662109375
srv-003,2017-06-26 01:00:00,28.676822662353516
srv-003,2017-06-26 02:00:00,36.802085876464844
srv-003,2017-06-26 03:00:00,40.59258270263672
srv-003,2017-06-26 04:00:00,40.26982879638672
srv-003,2017-06-26 05:00:00,32.51362609863281
srv-003,2017-06-26 06:00:00,40.334678649902344
srv-003,2017-06-26 07:00:00,39.46759796142578
srv-003,2017-06-26 08:00:00,29.779233932495117
srv-003,2017-06-26 09:00:00,37.60564422607422
srv-003,2017-06-26 10:00:00,33.145469665527344
srv-003,2017-06-26 11:00:00,46.869327545166016
srv-003,2017-06-26 12:00:00,46.045799255371094
srv-003,2017-06-26 13:00:00,47.986663818359375
srv-003,2017-06-26 14:00:00,47.787864685058594
srv-003,2017-06-26 15:00:00,44.52049255371094
srv-003,2017-06-26 16:00:00,47.43109130859375
srv-003,2017-06-26 17:00:00,46.82954025268555
srv-003,2017-06-26 18:00:00,43.508689880371094
srv-003,2017-06-26 19:00:00,34.65645980834961
srv-003,2017-06-26 20:00:00,36.88692092895508
srv-003,2017-06-26 21:00:00,32.73670959472656
srv-003,2017-06-26 22:00:00,34.79335021972656
srv-003,2017-06-26 23:00:00,39.216182708740234
srv-003,2017-06-27 00:00:00,38.62038803100586
srv-003,2017-06-27 01:00:00,45.78400802612305
srv-003,2017-06-27 02:00:00,48.79841613769531
srv-003,2017-06-27 03:00:00,54.341766357421875
srv-003,2017-06-27 04:00:00,54.868408203125
srv-003,2017-06-27 05:00:00,51.98694610595703
srv-003,2017-06-27 06:00:00,47.44548034667969
srv-003,2017-06-27 07:00:00,37.43997573852539
srv-003,2017-06-27 08:00:00,44.978843688964844
srv-003,2017-06-27 09:00:00,46.92951202392578
srv-003,2017-06-27 10:00:00,42.56364440917969
srv-003,2017-06-27 11:00:00,45.876686096191406
srv-003,2017-06-27 12:00:00,45.30038070678711
srv-003,2017-06-27 13:00:00,44.81721496582031
srv-003,2017-06-27 14:00:00,51.98188781738281
srv-003,2017-06-27 15:00:00,37.19158935546875
srv-003,2017-06-27 16:00:00,43.67838668823242
srv-003,2017-06-27 17:00:00,47.718902587890625
srv-003,2017-06-27 18:00:00,40.607364654541016
srv-003,2017-06-27 19:00:00,33.24775314331055
srv-003,2017-06-27 20:00:00,38.50233840942383
srv-003,2017-06-27 21:00:00,43.137420654296875
srv-003,2017-06-27 22:00:00,38.06611633300781
srv-003,2017-06-27 23:00:00,33.517662048339844
srv-003,2017-06-28 00:00:00,31.74494743347168
srv-003,2017-06-28 01:00:00,36.247947692871094
srv-003,2017-06-28 02:00:00,38.192169189453125
srv-003,2017-06-28 03:00:00,44.783050537109375
srv-003,2017-06-28 04:00:00,32.34374237060547
srv-003,2017-06-28 05:00:00,33.971458435058594
srv-003,2017-06-28 06:00:00,41.398738861083984
srv-003,2017-06-28 07:00:00,38.331546783447266
srv-003,2017-06-28 08:00:00,43.097084045410156
srv-003,2017-06-28 09:00:00,35.707725524902344
srv-003,2017-06-28 10:00:00,34.58891296386719
srv-003,2017-06-28 11:00:00,50.89189529418945
srv-003,2017-06-28 12:00:00,38.58955383300781
srv-003,2017-06-28 13:00:00,42.59104919433594
srv-003,2017-06-28 14:00:00,43.15947723388672
srv-003,2017-06-28 15:00:00,49.30887222290039
srv-003,2017-06-28 16:00:00,51.325660705566406
srv-003,2017-06-28 17:00:00,45.15265655517578
srv-003,2017-06-28 18:00:00,42.926231384277344
srv-003,2017-06-28 19:00:00,38.511817932128906
srv-003,2017-06-28 20:00:00,44.51182556152344
srv-003,2017-06-28 21:00:00,50.56193542480469
srv-003,2017-06-28 22:00:00,37.555755615234375
srv-003,2017-06-28 23:00:00,40.6663818359375
srv-003,2017-06-29 00:00:00,45.49787521362305
srv-003,2017-06-29 01:00:00,49.735679626464844
srv-003,2017-06-29 02:00:00,46.100563049316406
srv-003,2017-06-29 03:00:00,54.37031936645508
srv-003,2017-06-29 04:00:00,50.99283218383789
srv-003,2017-06-29 05:00:00,40.205078125
srv-003,2017-06-29 06:00:00,44.053688049316406
srv-003,2017-06-29 07:00:00,49.856876373291016
srv-003,2017-06-29 08:00:00,49.62302017211914
srv-003,2017-06-29 09:00:00,48.67224884033203
srv-003,2017-06-29 10:00:00,39.834495544433594
srv-003,2017-06-29 11:00:00,33.57890701293945
srv-003,2017-06-29 12:00:00,32.559425354003906
srv-003,2017-06-29 13:00:00,24.3424072265625
srv-003,2017-06-29 14:00:00,38.85857391357422
srv-003,2017-06-29 15:00:00,38.57556915283203
srv-003,2017-06-29 16:00:00,38.149444580078125
srv-003,2017-06-29 17:00:00,33.52355194091797
srv-003,2017-06-29 18:00:00,31.17947769165039
srv-003,2017-06-29 19:00:00,32.52623748779297
srv-003,2017-06-29 20:00:00,33.28514862060547
srv-003,2017-06-29 21:00:00,35.361785888671875
srv-003,2017-06-29 22:00:00,31.132930755615234
srv-003,2017-06-29 23:00:00,34.33445739746094
srv-003,2017-06-30 00:00:00,43.488121032714844
srv-003,2017-06-30 01:00:00,38.1761360168457
srv-003,2017-06-30 02:00:00,42.10621643066406
srv-003,2017-06-30 03:00:00,37.70077896118164
srv-003,2017-06-30 04:00:00,36.838768005371094
srv-003,2017-06-30 05:00:00,39.381492614746094
srv-003,2017-06-30 06:00:00,35.123931884765625
srv-003,2017-06-30 07:00:00,33.43045425415039
srv-003,2017-06-30 08:00:00,40.54876708984375
srv-003,2017-06-30 09:00:00,31.508012771606445
srv-003,2017-06-30 10:00:00,33.89274215698242
srv-003,2017-06-30 11:00:00,32.23949432373047
srv-003,2017-06-30 12:00:00,43.363059997558594
srv-003,2017-06-30 13:00:00,44.02851486206055
srv-003,2017-06-30 14:00:00,46.438899993896484
srv-003,2017-06-30 15:00:00,44.95945358276367
srv-003,2017-06-30 16:00:00,47.56460952758789
srv-003,2017-06-30 17:00:00,46.28004455566406
srv-003,2017-06-30 18:00:00,39.77691650390625
srv-003,2017-06-30 19:00:00,48.14888000488281
srv-003,2017-06-30 20:00:00,45.771827697753906
srv-003,2017-06-30 21:00:00,36.267295837402344
srv-003,2017-06-30 22:00:00,31.858495712280273
srv-003,2017-06-30 23:00:00,30.26469612121582
srv-004,2017-06-01 23:00:00,60.355255126953125
srv-004,2017-06-02 00:00:00,57.84238052368164
srv-004,2017-06-02 01:00:00,61.95420837402344
srv-004,2017-06-02 02:00:00,58.14985656738281
srv-004,2017-06-02 03:00:00,66.9842758178711
srv-004,2017-06-02 04:00:00,62.594810485839844
srv-004,2017-06-02 05:00:00,56.85459518432617
srv-004,2017-06-02 06:00:00,57.222511291503906
srv-004,2017-06-02 07:00:00,56.13182830810547
srv-004,2017-06-02 08:00:00,56.35569381713867
srv-004,2017-06-02 09:00:00,59.79011917114258
srv-004,2017-06-02 10:00:00,65.94482421875
srv-004,2017-06-02 11:00:00,69.41741943359375
srv-004,2017-06-02 12:00:00,66.1279296875
srv-004,2017-06-02 13:00:00,65.02842712402344
srv-004,2017-06-02 14:00:00,57.83293914794922
srv-004,2017-06-02 15:00:00,56.915489196777344
srv-004,2017-06-02 16:00:00,62.29844665527344
srv-004,2017-06-02 17:00:00,61.830055236816406
srv-004,2017-06-02 18:00:00,61.38126754760742
srv-004,2017-06-02 19:00:00,62.51615524291992
srv-004,2017-06-02 20:00:00,52.05774688720703
srv-004,2017-06-02 21:00:00,56.18990707397461
srv-004,2017-06-02 22:00:00,55.247169494628906
srv-004,2017-06-02 23:00:00,60.667118072509766
srv-004,2017-06-03 00:00:00,59.660728454589844
srv-004,2017-06-03 01:00:00,55.597232818603516
srv-004,2017-06-03 02:00:00,55.8438720703125
srv-004,2017-06-03 03:00:00,52.998802185058594
srv-004,2017-06-03 04:00:00,60.78577423095703
srv-004,2017-06-03 05:00:00,61.5006103515625
srv-004,2017-06-03 06:00:00,67.2779312133789
srv-004,2017-06-03 07:00:00,70.36444091796875
srv-004,2017-06-03 08:00:00,59.536556243896484
srv-004,2017-06-03 09:00:00,63.900245666503906
srv-004,2017-06-03 10:00:00,62.5909423828125
srv-004,2017-06-03 11:00:00,66.86465454101562
srv-004,2017-06-03 12:00:00,69.34767150878906
srv-004,2017-06-03 13:00:00,65.14893341064453
srv-004,2017-06-03 14:00:00,68.6712417602539
srv-004,2017-06-03 15:00:00,67.47848510742188
srv-004,2017-06-03 16:00:00,62.2202033996582
srv-004,2017-06-03 17:00:00,59.90885543823242
srv-004,2017-06-03 18:00:00,63.0621452331543
srv-004,2017-06-03 19:00:00,61.388885498046875
srv-004,2017-06-03 20:00:00,60.0355339050293
srv-004,2017-06-03 21:00:00,57.74677276611328
srv-004,2017-06-03 22:00:00,63.53666687011719
srv-004,2017-06-03 23:00:00,68.20352935791016
srv-004,2017-06-04 00:00:00,60.3320198059082
srv-004,2017-06-04 01:00:00,67.15837097167969
srv-004,2017-06-04 02:00:00,66.26249694824219
srv-004,2017-06-04 03:00:00,60.913352966308594
srv-004,2017-06-04 04:00:00,58.62504959106445
srv-004,2017-06-04 05:00:00,63.90568542480469
srv-004,2017-06-04 06:00:00,57.571353912353516
srv-004,2017-06-04 07:00:00,48.6259765625
srv-004,2017-06-04 08:00:00,59.19430923461914
srv-004,2017-06-04 09:00:00,58.59934997558594
srv-004,2017-06-04 10:00:00,60.8211669921875
srv-004,2017-06-04 11:00:00,68.61647033691406
srv-004,2017-06-04 12:00:00,70.36344909667969
srv-004,2017-06-04 13:00:00,70.10693359375
srv-004,2017-06-04 14:00:00,63.769187927246094
srv-004,2017-06-04 15:00:00,63.30335998535156
srv-004,2017-06-04 16:00:00,58.946067810058594
srv-004,2017-06-04 17:00:00,62.073326110839844
srv-004,2017-06-04 18:00:00,62.204044342041016
srv-004,2017-06-04 19:00:00,59.071556091308594
srv-004,2017-06-04 20:00:00,62.04530715942383
srv-004,2017-06-04 21:00:00,59.25954055786133
srv-004,2017-06-04 22:00:00,59.636260986328125
srv-004,2017-06-04 23:00:00,62.13625717163086
srv-004,2017-06-05 00:00:00,64.10064697265625
srv-004,2017-06-05 01:00:00,62.888336181640625
srv-004,2017-06-05 02:00:00,58.140708923339844
srv-004,2017-06-05 03:00:00,61.068241119384766
srv-004,2017-06-05 04:00:00,64.99497985839844
srv-004,2017-06-05 05:00:00,59.981178283691406
srv-004,2017-06-05 06:00:00,56.342079162597656
srv-004,2017-06-05 07:00:00,65.65192413330078
srv-004,2017-06-05 08:00:00,61.12214660644531
srv-004,2017-06-05 09:00:00,58.15501403808594
srv-004,2017-06-05 10:00:00,61.323307037353516
srv-004,2017-06-05 11:00:00,65.15725708007812
srv-004,2017-06-05 12:00:00,58.26761245727539
srv-004,2017-06-05 13:00:00,60.2581672668457
srv-004,2017-06-05 14:00:00,57.85097885131836
srv-004,2017-06-05 15:00:00,68.38658142089844
srv-004,2017-06-05 16:00:00,63.867591857910156
srv-004,2017-06-05 17:00:00,60.654747009277344
srv-004,2017-06-05 18:00:00,61.126705169677734
srv-004,2017-06-05 19:00:00,60.71014404296875
srv-004,2017-06-05 20:00:00,62.35606002807617
srv-004,2017-06-05 21:00:00,65.68128204345703
srv-004,2017-06-05 22:00:00,61.119606018066406
srv-004,2017-06-05 23:00:00,59.83872985839844
srv-004,2017-06-06 00:00:00,50.77143096923828
srv-004,2017-06-06 01:00:00,49.38385772705078
srv-004,2017-06-06 02:00:00,68.2168960571289
srv-004,2017-06-06 03:00:00,73.25179290771484
srv-004,2017-06-06 04:00:00,69.4572525024414
srv-004,2017-06-06 05:00:00,63.625396728515625
srv-004,2017-06-06 06:00:00,71.85340118408203
srv-004,2017-06-06 07:00:00,66.10125732421875
srv-004,2017-06-06 08:00:00,61.879825592041016
srv-004,2017-06-06 09:00:00,63.135406494140625
srv-004,2017-06-06 10:00:00,61.73198318481445
srv-004,2017-06-06 11:00:00,60.34711456298828
srv-004,2017-06-06 12:00:00,61.308433532714844
srv-004,2017-06-06 13:00:00,62.3503303527832
srv-004,2017-06-06 14:00:00,66.59561920166016
srv-004,2017-06-06 15:00:00,68.35906982421875
srv-004,2017-06-06 16:00:00,74.26451873779297
srv-004,2017-06-06 17:00:00,80.1961441040039
srv-004,2017-06-06 18:00:00,78.86925506591797
srv-004,2017-06-06 19:00:00,67.59363555908203
srv-004,2017-06-06 20:00:00,68.93827056884766
srv-004,2017-06-06 21:00:00,70.83733367919922
srv-004,2017-06-06 22:00:00,77.20011138916016
srv-004,2017-06-06 23:00:00,74.1109619140625
srv-004,2017-06-07 00:00:00,80.5576400756836
srv-004,2017-06-07 01:00:00,89.28394317626953
srv-004,2017-06-07 02:00:00,82.70966339111328
srv-004,2017-06-07 03:00:00,66.52848815917969
srv-004,2017-06-07 04:00:00,67.13973236083984
srv-004,2017-06-07 05:00:00,68.8597412109375
srv-004,2017-06-07 06:00:00,74.23870086669922
srv-004,2017-06-07 07:00:00,62.04938507080078
srv-004,2017-06-07 08:00:00,61.352500915527344
srv-004,2017-06-07 09:00:00,61.260257720947266
srv-004,2017-06-07 10:00:00,51.478736877441406
srv-004,2017-06-07 11:00:00,58.89019012451172
srv-004,2017-06-07 12:00:00,70.7755355834961
srv-004,2017-06-07 13:00:00,66.26702880859375
srv-004,2017-06-07 14:00:00,72.62528228759766
srv-004,2017-06-07 15:00:00,73.05612182617188
srv-004,2017-06-07 16:00:00,66.29650115966797
srv-004,2017-06-07 17:00:00,61.426944732666016
srv-004,2017-06-07 18:00:00,68.69935607910156
srv-004,2017-06-07 19:00:00,69.55745697021484
srv-004,2017-06-07 20:00:00,69.2591323852539
srv-004,2017-06-07 21:00:00,69.0125961303711
srv-004,2017-06-07 22:00:00,75.21040344238281
srv-004,2017-06-07 23:00:00,78.40128326416016
srv-004,2017-06-08 00:00:00,65.97206115722656
srv-004,2017-06-08 01:00:00,62.580406188964844
srv-004,2017-06-08 02:00:00,65.3179702758789
srv-004,2017-06-08 03:00:00,61.591033935546875
srv-004,2017-06-08 04:00:00,63.056861877441406
srv-004,2017-06-08 05:00:00,66.65795135498047
srv-004,2017-06-08 06:00:00,63.28089141845703
srv-004,2017-06-08 07:00:00,64.3632583618164
srv-004,2017-06-08 08:00:00,67.51663208007812
srv-004,2017-06-08 09:00:00,65.11300659179688
srv-004,2017-06-08 10:00:00,70.20612335205078
srv-004,2017-06-08 11:00:00,66.82665252685547
srv-004,2017-06-08 12:00:00,70.11106872558594
srv-004,2017-06-08 13:00:00,63.758270263671875
srv-004,2017-06-08 14:00:00,65.51904296875
srv-004,2017-06-08 15:00:00,67.59436798095703
srv-004,2017-06-08 16:00:00,64.54695892333984
srv-004,2017-06-08 17:00:00,62.616355895996094
srv-004,2017-06-08 18:00:00,67.80845642089844
srv-004,2017-06-08 19:00:00,70.1614761352539
srv-004,2017-06-08 20:00:00,68.18096160888672
srv-004,2017-06-08 21:00:00,68.67559814453125
srv-004,2017-06-08 22:00:00,61.18070602416992
srv-004,2017-06-08 23:00:00,61.4861946105957
srv-004,2017-06-09 00:00:00,59.545684814453125
srv-004,2017-06-09 01:00:00,59.89045715332031
srv-004,2017-06-09 02:00:00,55.2701416015625
srv-004,2017-06-09 03:00:00,59.68391799926758
srv-004,2017-06-09 04:00:00,56.49528503417969
srv-004,2017-06-09 05:00:00,68.54463195800781
srv-004,2017-06-09 06:00:00,65.54641723632812
srv-004,2017-06-09 07:00:00,62.206581115722656
srv-004,2017-06-09 08:00:00,62.76564025878906
srv-004,2017-06-09 09:00:00,56.274574279785156
srv-004,2017-06-09 10:00:00,58.03751754760742
srv-004,2017-06-09 11:00:00,63.74662780761719
srv-004,2017-06-09 12:00:00,65.30294036865234
srv-004,2017-06-09 13:00:00,63.09654998779297
srv-004,2017-06-09 14:00:00,69.54693603515625
srv-004,2017-06-09 15:00:00,64.59292602539062
srv-004,2017-06-09 16:00:00,62.21119689941406
srv-004,2017-06-09 17:00:00,61.01539993286133
srv-004,2017-06-09 18:00:00,56.245296478271484
srv-004,2017-06-09 19:00:00,61.826881408691406
srv-004,2017-06-09 20:00:00,57.80158233642578
srv-004,2017-06-09 21:00:00,58.568084716796875
srv-004,2017-06-09 22:00:00,56.59562683105469
srv-004,2017-06-09 23:00:00,62.0609130859375
srv-004,2017-06-10 00:00:00,65.8608169555664
srv-004,2017-06-10 01:00:00,57.18610763549805
srv-004,2017-06-10 02:00:00,60.96318817138672
srv-004,2017-06-10 03:00:00,59.65522384643555
srv-004,2017-06-10 04:00:00,63.87614440917969
srv-004,2017-06-10 05:00:00,63.74514389038086
srv-004,2017-06-10 06:00:00,68.54889678955078
srv-004,2017-06-10 07:00:00,70.88381958007812
srv-004,2017-06-10 08:00:00,66.61096954345703
srv-004,2017-06-10 09:00:00,72.34203338623047
srv-004,2017-06-10 10:00:00,64.53742218017578
srv-004,2017-06-10 11:00:00,64.81369018554688
srv-004,2017-06-10 12:00:00,71.58384704589844
srv-004,2017-06-10 13:00:00,73.49385833740234
srv-004,2017-06-10 14:00:00,75.45315551757812
srv-004,2017-06-10 15:00:00,73.2673110961914
srv-004,2017-06-10 16:00:00,61.33990478515625
srv-004,2017-06-10 17:00:00,65.07460021972656
srv-004,2017-06-10 18:00:00,62.13249969482422
srv-004,2017-06-10 19:00:00,66.76131439208984
srv-004,2017-06-10 20:00:00,62.448795318603516
srv-004,2017-06-10 21:00:00,52.78326416015625
srv-004,2017-06-10 22:00:00,57.676048278808594
srv-004,2017-06-10 23:00:00,55.743587493896484
srv-004,2017-06-11 00:00:00,57.71669006347656
srv-004,2017-06-11 01:00:00,57.96063995361328
srv-004,2017-06-11 02:00:00,63.601646423339844
srv-004,2017-06-11 03:00:00,70.15444946289062
srv-004,2017-06-11 04:00:00,66.89855194091797
srv-004,2017-06-11 05:00:00,60.99500274658203
srv-004,2017-06-11 06:00:00,55.93806838989258
srv-004,2017-06-11 07:00:00,63.778480529785156
srv-004,2017-06-11 08:00:00,70.9674072265625
srv-004,2017-06-11 09:00:00,61.28390884399414
srv-004,2017-06-11 10:00:00,65.75431060791016
srv-004,2017-06-11 11:00:00,62.837615966796875
srv-004,2017-06-11 12:00:00,57.32252502441406
srv-004,2017-06-11 13:00:00,59.208927154541016
srv-004,2017-06-11 14:00:00,64.04515075683594
srv-004,2017-06-11 15:00:00,61.377220153808594
srv-004,2017-06-11 16:00:00,63.0660400390625
srv-004,2017-06-11 17:00:00,67.05731964111328
srv-004,2017-06-11 18:00:00,64.01573181152344
srv-004,2017-06-11 19:00:00,62.07024002075195
srv-004,2017-06-11 20:00:00,59.962425231933594
srv-004,2017-06-11 21:00:00,62.17573547363281
srv-004,2017-06-11 22:00:00,64.73741912841797
srv-004,2017-06-11 23:00:00,67.09148406982422
srv-004,2017-06-12 00:00:00,66.71221160888672
srv-004,2017-06-12 01:00:00,67.76481628417969
srv-004,2017-06-12 02:00:00,71.51663970947266
srv-004,2017-06-12 03:00:00,61.9078483581543
srv-004,2017-06-12 04:00:00,65.14192962646484
srv-004,2017-06-12 05:00:00,63.78282928466797
srv-004,2017-06-12 06:00:00,60.384063720703125
srv-004,2017-06-12 07:00:00,65.32972717285156
srv-004,2017-06-12 08:00:00,63.01227569580078
srv-004,2017-06-12 09:00:00,63.395957946777344
srv-004,2017-06-12 10:00:00,58.714599609375
srv-004,2017-06-12 11:00:00,59.917972564697266
srv-004,2017-06-12 12:00:00,62.2348747253418
srv-004,2017-06-12 13:00:00,69.15624237060547
srv-004,2017-06-12 14:00:00,72.266845703125
srv-004,2017-06-12 15:00:00,69.47454071044922
srv-004,2017-06-12 16:00:00,73.35100555419922
srv-004,2017-06-12 17:00:00,74.05033111572266
srv-004,2017-06-12 18:00:00,67.80530548095703
srv-004,2017-06-12 19:00:00,65.2000961303711
srv-004,2017-06-12 20:00:00,62.69853210449219
srv-004,2017-06-12 21:00:00,63.653533935546875
srv-004,2017-06-12 22:00:00,62.71434020996094
srv-004,2017-06-12 23:00:00,61.53923034667969
srv-004,2017-06-13 00:00:00,58.463958740234375
srv-004,2017-06-13 01:00:00,64.6751937866211
srv-004,2017-06-13 02:00:00,64.44863891601562
srv-004,2017-06-13 03:00:00,60.9162483215332
srv-004,2017-06-13 04:00:00,69.34640502929688
srv-004,2017-06-13 05:00:00,69.54912567138672
srv-004,2017-06-13 06:00:00,60.98754119873047
srv-004,2017-06-13 07:00:00,64.12923431396484
srv-004,2017-06-13 08:00:00,67.4805679321289
srv-004,2017-06-13 09:00:00,63.72797393798828
srv-004,2017-06-13 10:00:00,61.4046516418457
srv-004,2017-06-13 11:00:00,63.25310516357422
srv-004,2017-06-13 12:00:00,66.62512969970703
srv-004,2017-06-13 13:00:00,71.5201187133789
srv-004,2017-06-13 14:00:00,69.8323745727539
srv-004,2017-06-13 15:00:00,66.01800537109375
srv-004,2017-06-13 16:00:00,66.53976440429688
srv-004,2017-06-13 17:00:00,61.567726135253906
srv-004,2017-06-13 18:00:00,65.63855743408203
srv-004,2017-06-13 19:00:00,63.757568359375
srv-004,2017-06-13 20:00:00,62.705745697021484
srv-004,2017-06-13 21:00:00,62.97564697265625
srv-004,2017-06-13 22:00:00,61.59374237060547
srv-004,2017-06-13 23:00:00,58.34796142578125
srv-004,2017-06-14 00:00:00,61.98664474487305
srv-004,2017-06-14 01:00:00,57.05329895019531
srv-004,2017-06-14 02:00:00,53.43857955932617
srv-004,2017-06-14 03:00:00,54.256591796875
srv-004,2017-06-14 04:00:00,63.24700164794922
srv-004,2017-06-14 05:00:00,60.84820556640625
srv-004,2017-06-14 06:00:00,64.27493286132812
srv-004,2017-06-14 07:00:00,71.31844329833984
srv-004,2017-06-14 08:00:00,66.92242431640625
srv-004,2017-06-14 09:00:00,67.43537139892578
srv-004,2017-06-14 10:00:00,72.70814514160156
srv-004,2017-06-14 11:00:00,69.62476348876953
srv-004,2017-06-14 12:00:00,68.5639419555664
srv-004,2017-06-14 13:00:00,69.99176025390625
srv-004,2017-06-14 14:00:00,66.68213653564453
srv-004,2017-06-14 15:00:00,65.0374526977539
srv-004,2017-06-14 16:00:00,64.56781768798828
srv-004,2017-06-14 17:00:00,63.402442932128906
srv-004,2017-06-14 18:00:00,68.81212615966797
srv-004,2017-06-14 19:00:00,61.30713653564453
srv-004,2017-06-14 20:00:00,64.51736450195312
srv-004,2017-06-14 21:00:00,73.44646453857422
srv-004,2017-06-14 22:00:00,72.22051239013672
srv-004,2017-06-14 23:00:00,69.58374786376953
srv-004,2017-06-15 00:00:00,63.15271759033203
srv-004,2017-06-15 01:00:00,60.079410552978516
srv-004,2017-06-15 02:00:00,60.41160202026367
srv-004,2017-06-15 03:00:00,61.09490203857422
srv-004,2017-06-15 04:00:00,55.2768440246582
srv-004,2017-06-15 05:00:00,55.011192321777344
srv-004,2017-06-15 06:00:00,54.67443084716797
srv-004,2017-06-15 07:00:00,62.078216552734375
srv-004,2017-06-15 08:00:00,65.0810546875
srv-004,2017-06-15 09:00:00,62.811187744140625
srv-004,2017-06-15 10:00:00,66.97664642333984
srv-004,2017-06-15 11:00:00,65.818115234375
srv-004,2017-06-15 12:00:00,72.59185791015625
srv-004,2017-06-15 13:00:00,73.0459976196289
srv-004,2017-06-15 14:00:00,69.71004486083984
srv-004,2017-06-15 15:00:00,64.89079284667969
srv-004,2017-06-15 16:00:00,69.00653076171875
srv-004,2017-06-15 17:00:00,64.53563690185547
srv-004,2017-06-15 18:00:00,56.45659637451172
srv-004,2017-06-15 19:00:00,63.60222625732422
srv-004,2017-06-15 20:00:00,56.689964294433594
srv-004,2017-06-15 21:00:00,51.124366760253906
srv-004,2017-06-15 22:00:00,60.107276916503906
srv-004,2017-06-15 23:00:00,60.61768341064453
srv-004,2017-06-16 00:00:00,59.10349655151367
srv-004,2017-06-16 01:00:00,57.55302429199219
srv-004,2017-06-16 02:00:00,54.64263916015625
srv-004,2017-06-16 03:00:00,58.55232238769531
srv-004,2017-06-16 04:00:00,56.54521179199219
srv-004,2017-06-16 05:00:00,45.55677795410156
srv-004,2017-06-16 06:00:00,44.59748077392578
srv-004,2017-06-16 07:00:00,55.546302795410156
srv-004,2017-06-16 08:00:00,59.2918586730957
srv-004,2017-06-16 09:00:00,61.40248107910156
srv-004,2017-06-16 10:00:00,59.4398078918457
srv-004,2017-06-16 11:00:00,60.816436767578125
srv-004,2017-06-16 12:00:00,60.4595947265625
srv-004,2017-06-16 13:00:00,63.562129974365234
srv-004,2017-06-16 14:00:00,71.42005920410156
srv-004,2017-06-16 15:00:00,65.02215576171875
srv-004,2017-06-16 16:00:00,72.92174530029297
srv-004,2017-06-16 17:00:00,65.24702453613281
srv-004,2017-06-16 18:00:00,58.026145935058594
srv-004,2017-06-16 19:00:00,59.652015686035156
srv-004,2017-06-16 20:00:00,46.12933349609375
srv-004,2017-06-16 21:00:00,46.42223358154297
srv-004,2017-06-16 22:00:00,44.237060546875
srv-004,2017-06-16 23:00:00,46.73103332519531
srv-004,2017-06-17 00:00:00,54.34709930419922
srv-004,2017-06-17 01:00:00,52.733577728271484
srv-004,2017-06-17 02:00:00,57.935699462890625
srv-004,2017-06-17 03:00:00,57.888702392578125
srv-004,2017-06-17 04:00:00,53.40947723388672
srv-004,2017-06-17 05:00:00,51.734580993652344
srv-004,2017-06-17 06:00:00,50.76639938354492
srv-004,2017-06-17 07:00:00,55.66627502441406
srv-004,2017-06-17 08:00:00,55.512916564941406
srv-004,2017-06-17 09:00:00,56.906578063964844
srv-004,2017-06-17 10:00:00,53.641780853271484
srv-004,2017-06-17 11:00:00,57.53458786010742
srv-004,2017-06-17 12:00:00,56.154029846191406
srv-004,2017-06-17 13:00:00,56.8123779296875
srv-004,2017-06-17 14:00:00,56.61970138549805
srv-004,2017-06-17 15:00:00,61.60828399658203
srv-004,2017-06-17 16:00:00,60.31636428833008
srv-004,2017-06-17 17:00:00,48.47211456298828
srv-004,2017-06-17 18:00:00,54.33158874511719
srv-004,2017-06-17 19:00:00,48.31293869018555
srv-004,2017-06-17 20:00:00,54.46720504760742
srv-004,2017-06-17 21:00:00,52.84922409057617
srv-004,2017-06-17 22:00:00,52.80717468261719
srv-004,2017-06-17 23:00:00,59.8951416015625
srv-004,2017-06-18 00:00:00,58.01624298095703
srv-004,2017-06-18 01:00:00,59.16221618652344
srv-004,2017-06-18 02:00:00,60.345558166503906
srv-004,2017-06-18 03:00:00,56.79692840576172
srv-004,2017-06-18 04:00:00,61.102569580078125
srv-004,2017-06-18 05:00:00,57.913246154785156
srv-004,2017-06-18 06:00:00,58.738067626953125
srv-004,2017-06-18 07:00:00,58.89192199707031
srv-004,2017-06-18 08:00:00,53.945640563964844
srv-004,2017-06-18 09:00:00,44.99520492553711
srv-004,2017-06-18 10:00:00,52.40306091308594
srv-004,2017-06-18 11:00:00,59.23255157470703
srv-004,2017-06-18 12:00:00,60.133941650390625
srv-004,2017-06-18 13:00:00,65.13288879394531
srv-004,2017-06-18 14:00:00,70.09629821777344
srv-004,2017-06-18 15:00:00,66.60700988769531
srv-004,2017-06-18 16:00:00,63.766441345214844
srv-004,2017-06-18 17:00:00,60.71488571166992
srv-004,2017-06-18 18:00:00,62.27409362792969
srv-004,2017-06-18 19:00:00,62.55287170410156
srv-004,2017-06-18 20:00:00,57.388206481933594
srv-004,2017-06-18 21:00:00,55.914405822753906
srv-004,2017-06-18 22:00:00,55.07713317871094
srv-004,2017-06-18 23:00:00,59.25423049926758
srv-004,2017-06-19 00:00:00,59.647769927978516
srv-004,2017-06-19 01:00:00,64.19456481933594
srv-004,2017-06-19 02:00:00,64.12574005126953
srv-004,2017-06-19 03:00:00,62.159706115722656
srv-004,2017-06-19 04:00:00,64.18194580078125
srv-004,2017-06-19 05:00:00,62.76323699951172
srv-004,2017-06-19 06:00:00,62.03517150878906
srv-004,2017-06-19 07:00:00,67.8233642578125
srv-004,2017-06-19 08:00:00,70.53955841064453
srv-004,2017-06-19 09:00:00,67.5087890625
srv-004,2017-06-19 10:00:00,65.74562072753906
srv-004,2017-06-19 11:00:00,70.58406829833984
srv-004,2017-06-19 12:00:00,66.27328491210938
srv-004,2017-06-19 13:00:00,72.0920639038086
srv-004,2017-06-19 14:00:00,73.14055633544922
srv-004,2017-06-19 15:00:00,76.1693344116211
srv-004,2017-06-19 16:00:00,79.2381362915039
srv-004,2017-06-19 17:00:00,70.88201141357422
srv-004,2017-06-19 18:00:00,75.64757537841797
srv-004,2017-06-19 19:00:00,76.7125015258789
srv-004,2017-06-19 20:00:00,66.15670776367188
srv-004,2017-06-19 21:00:00,69.719482421875
srv-004,2017-06-19 22:00:00,72.08296966552734
srv-004,2017-06-19 23:00:00,65.00585174560547
srv-004,2017-06-20 00:00:00,66.31652069091797
srv-004,2017-06-20 01:00:00,71.57510375976562
srv-004,2017-06-20 02:00:00,65.28352355957031
srv-004,2017-06-20 03:00:00,69.79381561279297
srv-004,2017-06-20 04:00:00,62.66965866088867
srv-004,2017-06-20 05:00:00,59.616580963134766
srv-004,2017-06-20 06:00:00,62.31221389770508
srv-004,2017-06-20 07:00:00,62.52301788330078
srv-004,2017-06-20 08:00:00,70.91836547851562
srv-004,2017-06-20 09:00:00,65.22640991210938
srv-004,2017-06-20 10:00:00,65.58546447753906
srv-004,2017-06-20 11:00:00,64.94589233398438
srv-004,2017-06-20 12:00:00,66.03607940673828
srv-004,2017-06-20 13:00:00,74.11319732666016
srv-004,2017-06-20 14:00:00,68.5593032836914
srv-004,2017-06-20 15:00:00,65.3494644165039
srv-004,2017-06-20 16:00:00,71.45680236816406
srv-004,2017-06-20 17:00:00,62.307884216308594
srv-004,2017-06-20 18:00:00,65.08160400390625
srv-004,2017-06-20 19:00:00,61.23213195800781
srv-004,2017-06-20 20:00:00,54.94963836669922
srv-004,2017-06-20 21:00:00,58.526329040527344
srv-004,2017-06-20 22:00:00,49.946388244628906
srv-004,2017-06-20 23:00:00,48.487483978271484
srv-004,2017-06-21 00:00:00,50.894466400146484
srv-004,2017-06-21 01:00:00,61.2511100769043
srv-004,2017-06-21 02:00:00,61.89674758911133
srv-004,2017-06-21 03:00:00,63.370086669921875
srv-004,2017-06-21 04:00:00,69.6539077758789
srv-004,2017-06-21 05:00:00,54.49201965332031
srv-004,2017-06-21 06:00:00,48.462398529052734
srv-004,2017-06-21 07:00:00,50.595603942871094
srv-004,2017-06-21 08:00:00,60.41332244873047
srv-004,2017-06-21 09:00:00,64.1537857055664
srv-004,2017-06-21 10:00:00,63.342674255371094
srv-004,2017-06-21 11:00:00,70.23091125488281
srv-004,2017-06-21 12:00:00,71.30785369873047
srv-004,2017-06-21 13:00:00,71.93769073486328
srv-004,2017-06-21 14:00:00,67.54399871826172
srv-004,2017-06-21 15:00:00,73.4029541015625
srv-004,2017-06-21 16:00:00,75.41283416748047
srv-004,2017-06-21 17:00:00,78.37213897705078
srv-004,2017-06-21 18:00:00,77.5805435180664
srv-004,2017-06-21 19:00:00,65.85900115966797
srv-004,2017-06-21 20:00:00,72.5144271850586
srv-004,2017-06-21 21:00:00,68.0548324584961
srv-004,2017-06-21 22:00:00,70.02106475830078
srv-004,2017-06-21 23:00:00,63.304290771484375
srv-004,2017-06-22 00:00:00,64.32566833496094
srv-004,2017-06-22 01:00:00,60.132503509521484
srv-004,2017-06-22 02:00:00,61.09259796142578
srv-004,2017-06-22 03:00:00,72.61101531982422
srv-004,2017-06-22 04:00:00,72.20458221435547
srv-004,2017-06-22 05:00:00,67.89257049560547
srv-004,2017-06-22 06:00:00,78.4766616821289
srv-004,2017-06-22 07:00:00,71.12085723876953
srv-004,2017-06-22 08:00:00,64.75138854980469
srv-004,2017-06-22 09:00:00,64.06887817382812
srv-004,2017-06-22 10:00:00,62.67393493652344
srv-004,2017-06-22 11:00:00,67.25230407714844
srv-004,2017-06-22 12:00:00,66.16903686523438
srv-004,2017-06-22 13:00:00,62.02004623413086
srv-004,2017-06-22 14:00:00,61.867679595947266
srv-004,2017-06-22 15:00:00,66.16773986816406
srv-004,2017-06-22 16:00:00,64.05250549316406
srv-004,2017-06-22 17:00:00,72.8616943359375
srv-004,2017-06-22 18:00:00,67.29138946533203
srv-004,2017-06-22 19:00:00,64.88178253173828
srv-004,2017-06-22 20:00:00,61.91902542114258
srv-004,2017-06-22 21:00:00,62.16625213623047
srv-004,2017-06-22 22:00:00,61.72205352783203
srv-004,2017-06-22 23:00:00,62.55457305908203
srv-004,2017-06-23 00:00:00,62.82859802246094
srv-004,2017-06-23 01:00:00,58.27880859375
srv-004,2017-06-23 02:00:00,63.41143035888672
srv-004,2017-06-23 03:00:00,56.009559631347656
srv-004,2017-06-23 04:00:00,61.615543365478516
srv-004,2017-06-23 05:00:00,61.516624450683594
srv-004,2017-06-23 06:00:00,64.3740234375
srv-004,2017-06-23 07:00:00,68.03092956542969
srv-004,2017-06-23 08:00:00,71.32791900634766
srv-004,2017-06-23 09:00:00,68.99800109863281
srv-004,2017-06-23 10:00:00,72.78852081298828
srv-004,2017-06-23 11:00:00,73.63890838623047
srv-004,2017-06-23 12:00:00,64.55961608886719
srv-004,2017-06-23 13:00:00,69.3298568725586
srv-004,2017-06-23 14:00:00,68.25931549072266
srv-004,2017-06-23 15:00:00,64.75157165527344
srv-004,2017-06-23 16:00:00,65.0797119140625
srv-004,2017-06-23 17:00:00,62.708251953125
srv-004,2017-06-23 18:00:00,72.5007095336914
srv-004,2017-06-23 19:00:00,67.808837890625
srv-004,2017-06-23 20:00:00,61.57365417480469
srv-004,2017-06-23 21:00:00,56.21277618408203
srv-004,2017-06-23 22:00:00,60.63752746582031
srv-004,2017-06-23 23:00:00,60.90918731689453
srv-004,2017-06-24 00:00:00,59.72679138183594
srv-004,2017-06-24 01:00:00,64.52411651611328
srv-004,2017-06-24 02:00:00,64.49472045898438
srv-004,2017-06-24 03:00:00,68.68824005126953
srv-004,2017-06-24 04:00:00,63.09246826171875
srv-004,2017-06-24 05:00:00,56.79849624633789
srv-004,2017-06-24 06:00:00,57.376190185546875
srv-004,2017-06-24 07:00:00,58.80934143066406
srv-004,2017-06-24 08:00:00,59.392005920410156
srv-004,2017-06-24 09:00:00,63.487449645996094
srv-004,2017-06-24 10:00:00,68.97651672363281
srv-004,2017-06-24 11:00:00,62.918739318847656
srv-004,2017-06-24 12:00:00,60.85325622558594
srv-004,2017-06-24 13:00:00,59.94672775268555
srv-004,2017-06-24 14:00:00,62.08802795410156
srv-004,2017-06-24 15:00:00,62.424110412597656
srv-004,2017-06-24 16:00:00,69.67884063720703
srv-004,2017-06-24 17:00:00,67.93997192382812
srv-004,2017-06-24 18:00:00,66.52283477783203
srv-004,2017-06-24 19:00:00,59.82040023803711
srv-004,2017-06-24 20:00:00,62.14057922363281
srv-004,2017-06-24 21:00:00,60.7839469909668
srv-004,2017-06-24 22:00:00,52.99336242675781
srv-004,2017-06-24 23:00:00,44.2782096862793
srv-004,2017-06-25 00:00:00,52.14949417114258
srv-004,2017-06-25 01:00:00,55.55474853515625
srv-004,2017-06-25 02:00:00,49.623695373535156
srv-004,2017-06-25 03:00:00,56.56047821044922
srv-004,2017-06-25 04:00:00,47.82234191894531
srv-004,2017-06-25 05:00:00,49.097206115722656
srv-004,2017-06-25 06:00:00,49.89958572387695
srv-004,2017-06-25 07:00:00,49.64020538330078
srv-004,2017-06-25 08:00:00,57.38716125488281
srv-004,2017-06-25 09:00:00,55.855812072753906
srv-004,2017-06-25 10:00:00,60.23366165161133
srv-004,2017-06-25 11:00:00,61.99757385253906
srv-004,2017-06-25 12:00:00,63.00386047363281
srv-004,2017-06-25 13:00:00,61.265960693359375
srv-004,2017-06-25 14:00:00,61.79597854614258
srv-004,2017-06-25 15:00:00,62.169586181640625
srv-004,2017-06-25 16:00:00,59.2730712890625
srv-004,2017-06-25 17:00:00,69.54693603515625
srv-004,2017-06-25 18:00:00,65.96896362304688
srv-004,2017-06-25 19:00:00,67.8138656616211
srv-004,2017-06-25 20:00:00,63.04808807373047
srv-004,2017-06-25 21:00:00,70.246826171875
srv-004,2017-06-25 22:00:00,61.4498176574707
srv-004,2017-06-25 23:00:00,65.99535369873047
srv-004,2017-06-26 00:00:00,59.22696304321289
srv-004,2017-06-26 01:00:00,56.469970703125
srv-004,2017-06-26 02:00:00,72.19620513916016
srv-004,2017-06-26 03:00:00,71.98152160644531
srv-004,2017-06-26 04:00:00,58.95280075073242
srv-004,2017-06-26 05:00:00,60.3155403137207
srv-004,2017-06-26 06:00:00,62.995853424072266
srv-004,2017-06-26 07:00:00,71.62486267089844
srv-004,2017-06-26 08:00:00,68.64381408691406
srv-004,2017-06-26 09:00:00,66.5952377319336
srv-004,2017-06-26 10:00:00,71.3300552368164
srv-004,2017-06-26 11:00:00,66.21061706542969
srv-004,2017-06-26 12:00:00,64.1648941040039
srv-004,2017-06-26 13:00:00,65.33074188232422
srv-004,2017-06-26 14:00:00,60.74337387084961
srv-004,2017-06-26 15:00:00,62.833763122558594
srv-004,2017-06-26 16:00:00,65.44708251953125
srv-004,2017-06-26 17:00:00,67.369873046875
srv-004,2017-06-26 18:00:00,67.45976257324219
srv-004,2017-06-26 19:00:00,73.38903045654297
srv-004,2017-06-26 20:00:00,76.53400421142578
srv-004,2017-06-26 21:00:00,69.73038482666016
srv-004,2017-06-26 22:00:00,67.98452758789062
srv-004,2017-06-26 23:00:00,63.51665496826172
srv-004,2017-06-27 00:00:00,63.71534729003906
srv-004,2017-06-27 01:00:00,65.98023223876953
srv-004,2017-06-27 02:00:00,67.73802947998047
srv-004,2017-06-27 03:00:00,72.94349670410156
srv-004,2017-06-27 04:00:00,76.67688751220703
srv-004,2017-06-27 05:00:00,71.71719360351562
srv-004,2017-06-27 06:00:00,65.74589538574219
srv-004,2017-06-27 07:00:00,69.79431915283203
srv-004,2017-06-27 08:00:00,63.75133514404297
srv-004,2017-06-27 09:00:00,69.16937255859375
srv-004,2017-06-27 10:00:00,74.7182846069336
srv-004,2017-06-27 11:00:00,74.23542022705078
srv-004,2017-06-27 12:00:00,73.5461196899414
srv-004,2017-06-27 13:00:00,74.24681854248047
srv-004,2017-06-27 14:00:00,70.07009887695312
srv-004,2017-06-27 15:00:00,67.04639434814453
srv-004,2017-06-27 16:00:00,68.9869613647461
srv-004,2017-06-27 17:00:00,74.28881072998047
srv-004,2017-06-27 18:00:00,69.6888198852539
srv-004,2017-06-27 19:00:00,66.73958587646484
srv-004,2017-06-27 20:00:00,81.7293472290039
srv-004,2017-06-27 21:00:00,67.3475112915039
srv-004,2017-06-27 22:00:00,67.29443359375
srv-004,2017-06-27 23:00:00,64.41304016113281
srv-004,2017-06-28 00:00:00,65.7521743774414
srv-004,2017-06-28 01:00:00,64.69949340820312
srv-004,2017-06-28 02:00:00,61.75078582763672
srv-004,2017-06-28 03:00:00,63.49674987792969
srv-004,2017-06-28 04:00:00,68.17143249511719
srv-004,2017-06-28 05:00:00,66.39129638671875
srv-004,2017-06-28 06:00:00,70.95365142822266
srv-004,2017-06-28 07:00:00,64.92594909667969
srv-004,2017-06-28 08:00:00,62.153011322021484
srv-004,2017-06-28 09:00:00,61.60027313232422
srv-004,2017-06-28 10:00:00,64.98431396484375
srv-004,2017-06-28 11:00:00,67.15023040771484
srv-004,2017-06-28 12:00:00,66.39656066894531
srv-004,2017-06-28 13:00:00,69.62004852294922
srv-004,2017-06-28 14:00:00,66.75940704345703
srv-004,2017-06-28 15:00:00,59.67162322998047
srv-004,2017-06-28 16:00:00,60.93715286254883
srv-004,2017-06-28 17:00:00,65.21588134765625
srv-004,2017-06-28 18:00:00,63.34657669067383
srv-004,2017-06-28 19:00:00,61.624732971191406
srv-004,2017-06-28 20:00:00,59.80702209472656
srv-004,2017-06-28 21:00:00,62.33988952636719
srv-004,2017-06-28 22:00:00,61.72369384765625
srv-004,2017-06-28 23:00:00,61.64856719970703
srv-004,2017-06-29 00:00:00,63.23088836669922
srv-004,2017-06-29 01:00:00,57.15997314453125
srv-004,2017-06-29 02:00:00,57.4328498840332
srv-004,2017-06-29 03:00:00,64.54287719726562
srv-004,2017-06-29 04:00:00,65.06387329101562
srv-004,2017-06-29 05:00:00,55.86090087890625
srv-004,2017-06-29 06:00:00,59.65178680419922
srv-004,2017-06-29 07:00:00,61.135826110839844
srv-004,2017-06-29 08:00:00,59.70671081542969
srv-004,2017-06-29 09:00:00,59.27461242675781
srv-004,2017-06-29 10:00:00,59.06085205078125
srv-004,2017-06-29 11:00:00,61.09123229980469
srv-004,2017-06-29 12:00:00,60.2935791015625
srv-004,2017-06-29 13:00:00,65.22611999511719
srv-004,2017-06-29 14:00:00,62.723899841308594
srv-004,2017-06-29 15:00:00,58.85157775878906
srv-004,2017-06-29 16:00:00,66.65859985351562
srv-004,2017-06-29 17:00:00,63.25408172607422
srv-004,2017-06-29 18:00:00,71.41207885742188
srv-004,2017-06-29 19:00:00,62.39996337890625
srv-004,2017-06-29 20:00:00,53.693992614746094
srv-004,2017-06-29 21:00:00,58.234764099121094
srv-004,2017-06-29 22:00:00,57.96434783935547
srv-004,2017-06-29 23:00:00,64.50826263427734
srv-004,2017-06-30 00:00:00,61.08869934082031
srv-004,2017-06-30 01:00:00,62.493072509765625
srv-004,2017-06-30 02:00:00,59.1574592590332
srv-004,2017-06-30 03:00:00,62.781005859375
srv-004,2017-06-30 04:00:00,64.85664367675781
srv-004,2017-06-30 05:00:00,60.919368743896484
srv-004,2017-06-30 06:00:00,60.749610900878906
srv-004,2017-06-30 07:00:00,55.873985290527344
srv-004,2017-06-30 08:00:00,56.971832275390625
srv-004,2017-06-30 09:00:00,59.89653015136719
srv-004,2017-06-30 10:00:00,61.20184326171875
srv-004,2017-06-30 11:00:00,57.375946044921875
srv-004,2017-06-30 12:00:00,52.79794692993164
srv-004,2017-06-30 13:00:00,55.65660858154297
srv-004,2017-06-30 14:00:00,66.7480697631836
srv-004,2017-06-30 15:00:00,67.02808380126953
srv-004,2017-06-30 16:00:00,58.64063262939453
srv-004,2017-06-30 17:00:00,59.69102478027344
srv-004,2017-06-30 18:00:00,58.4467658996582
srv-004,2017-06-30 19:00:00,59.8393669128418
srv-004,2017-06-30 20:00:00,54.40601348876953
srv-004,2017-06-30 21:00:00,58.69837188720703
srv-004,2017-06-30 22:00:00,59.16475296020508
srv-004,2017-06-30 23:00:00,58.02184295654297
srv-005,2017-06-01 23:00:00,44.69158935546875
srv-005,2017-06-02 00:00:00,47.08332061767578
srv-005,2017-06-02 01:00:00,46.44163513183594
srv-005,2017-06-02 02:00:00,45.57157516479492
srv-005,2017-06-02 03:00:00,43.94255828857422
srv-005,2017-06-02 04:00:00,45.11833190917969
srv-005,2017-06-02 05:00:00,45.329410552978516
srv-005,2017-06-02 06:00:00,43.077247619628906
srv-005,2017-06-02 07:00:00,43.63932800292969
srv-005,2017-06-02 08:00:00,42.25218963623047
srv-005,2017-06-02 09:00:00,43.60535430908203
srv-005,2017-06-02 10:00:00,44.77241897583008
srv-005,2017-06-02 11:00:00,41.34629821777344
srv-005,2017-06-02 12:00:00,41.40586471557617
srv-005,2017-06-02 13:00:00,42.112396240234375
srv-005,2017-06-02 14:00:00,42.12126159667969
srv-005,2017-06-02 15:00:00,42.64177703857422
srv-005,2017-06-02 16:00:00,45.33418273925781
srv-005,2017-06-02 17:00:00,43.12474060058594
srv-005,2017-06-02 18:00:00,41.419864654541016
srv-005,2017-06-02 19:00:00,41.0703125
srv-005,2017-06-02 20:00:00,40.23841094970703
srv-005,2017-06-02 21:00:00,40.781959533691406
srv-005,2017-06-02 22:00:00,41.088958740234375
srv-005,2017-06-02 23:00:00,40.44105529785156
srv-005,2017-06-03 00:00:00,43.923336029052734
srv-005,2017-06-03 01:00:00,42.82537078857422
srv-005,2017-06-03 02:00:00,41.241920471191406
srv-005,2017-06-03 03:00:00,42.317325592041016
srv-005,2017-06-03 04:00:00,42.66569519042969
srv-005,2017-06-03 05:00:00,42.321807861328125
srv-005,2017-06-03 06:00:00,42.880882263183594
srv-005,2017-06-03 07:00:00,43.92359161376953
srv-005,2017-06-03 08:00:00,42.56275177001953
srv-005,2017-06-03 09:00:00,44.75205612182617
srv-005,2017-06-03 10:00:00,45.027809143066406
srv-005,2017-06-03 11:00:00,44.731021881103516
srv-005,2017-06-03 12:00:00,45.343875885009766
srv-005,2017-06-03 13:00:00,45.24242401123047
srv-005,2017-06-03 14:00:00,45.22925567626953
srv-005,2017-06-03 15:00:00,44.99509048461914
srv-005,2017-06-03 16:00:00,43.28468704223633
srv-005,2017-06-03 17:00:00,43.06768798828125
srv-005,2017-06-03 18:00:00,48.67870330810547
srv-005,2017-06-03 19:00:00,44.59231948852539
srv-005,2017-06-03 20:00:00,43.91548538208008
srv-005,2017-06-03 21:00:00,42.00828170776367
srv-005,2017-06-03 22:00:00,41.978553771972656
srv-005,2017-06-03 23:00:00,42.56952667236328
srv-005,2017-06-04 00:00:00,43.84294128417969
srv-005,2017-06-04 01:00:00,43.482078552246094
srv-005,2017-06-04 02:00:00,43.752647399902344
srv-005,2017-06-04 03:00:00,45.0029296875
srv-005,2017-06-04 04:00:00,44.61162567138672
srv-005,2017-06-04 05:00:00,44.91993713378906
srv-005,2017-06-04 06:00:00,44.283172607421875
srv-005,2017-06-04 07:00:00,43.1085090637207
srv-005,2017-06-04 08:00:00,42.00449752807617
srv-005,2017-06-04 09:00:00,41.232486724853516
srv-005,2017-06-04 10:00:00,42.548519134521484
srv-005,2017-06-04 11:00:00,42.26558303833008
srv-005,2017-06-04 12:00:00,43.644962310791016
srv-005,2017-06-04 13:00:00,41.41970443725586
srv-005,2017-06-04 14:00:00,41.97451400756836
srv-005,2017-06-04 15:00:00,42.80656814575195
srv-005,2017-06-04 16:00:00,42.829917907714844
srv-005,2017-06-04 17:00:00,41.389930725097656
srv-005,2017-06-04 18:00:00,41.63520050048828
srv-005,2017-06-04 19:00:00,42.49275207519531
srv-005,2017-06-04 20:00:00,42.512290954589844
srv-005,2017-06-04 21:00:00,42.736473083496094
srv-005,2017-06-04 22:00:00,43.09730529785156
srv-005,2017-06-04 23:00:00,43.12919998168945
srv-005,2017-06-05 00:00:00,41.489418029785156
srv-005,2017-06-05 01:00:00,42.06670379638672
srv-005,2017-06-05 02:00:00,42.82292175292969
srv-005,2017-06-05 03:00:00,43.099159240722656
srv-005,2017-06-05 04:00:00,42.471717834472656
srv-005,2017-06-05 05:00:00,43.48101806640625
srv-005,2017-06-05 06:00:00,44.42510986328125
srv-005,2017-06-05 07:00:00,42.83927536010742
srv-005,2017-06-05 08:00:00,44.046974182128906
srv-005,2017-06-05 09:00:00,44.78941345214844
srv-005,2017-06-05 10:00:00,44.917213439941406
srv-005,2017-06-05 11:00:00,46.20439147949219
srv-005,2017-06-05 12:00:00,44.50629806518555
srv-005,2017-06-05 13:00:00,46.29013442993164
srv-005,2017-06-05 14:00:00,45.84349060058594
srv-005,2017-06-05 15:00:00,45.92924118041992
srv-005,2017-06-05 16:00:00,46.781890869140625
srv-005,2017-06-05 17:00:00,46.148719787597656
srv-005,2017-06-05 18:00:00,46.342308044433594
srv-005,2017-06-05 19:00:00,45.68305969238281
srv-005,2017-06-05 20:00:00,45.37420654296875
srv-005,2017-06-05 21:00:00,45.11501693725586
srv-005,2017-06-05 22:00:00,44.5611686706543
srv-005,2017-06-05 23:00:00,44.60163879394531
srv-005,2017-06-06 00:00:00,45.47478485107422
srv-005,2017-06-06 01:00:00,45.647239685058594
srv-005,2017-06-06 02:00:00,45.204654693603516
srv-005,2017-06-06 03:00:00,46.40669250488281
srv-005,2017-06-06 04:00:00,45.15155792236328
srv-005,2017-06-06 05:00:00,45.757179260253906
srv-005,2017-06-06 06:00:00,45.60954284667969
srv-005,2017-06-06 07:00:00,46.060768127441406
srv-005,2017-06-06 08:00:00,44.95180892944336
srv-005,2017-06-06 09:00:00,44.0485725402832
srv-005,2017-06-06 10:00:00,43.02084732055664
srv-005,2017-06-06 11:00:00,45.34489822387695
srv-005,2017-06-06 12:00:00,46.482337951660156
srv-005,2017-06-06 13:00:00,45.23053741455078
srv-005,2017-06-06 14:00:00,45.38288497924805
srv-005,2017-06-06 15:00:00,44.69560623168945
srv-005,2017-06-06 16:00:00,45.088623046875
srv-005,2017-06-06 17:00:00,44.655696868896484
srv-005,2017-06-06 18:00:00,45.412696838378906
srv-005,2017-06-06 19:00:00,44.436805725097656
srv-005,2017-06-06 20:00:00,44.853607177734375
srv-005,2017-06-06 21:00:00,45.87266540527344
srv-005,2017-06-06 22:00:00,44.98276138305664
srv-005,2017-06-06 23:00:00,45.26519775390625
srv-005,2017-06-07 00:00:00,45.8958740234375
srv-005,2017-06-07 01:00:00,44.462013244628906
srv-005,2017-06-07 02:00:00,45.43121337890625
srv-005,2017-06-07 03:00:00,44.4339599609375
srv-005,2017-06-07 04:00:00,44.759822845458984
srv-005,2017-06-07 05:00:00,44.71598815917969
srv-005,2017-06-07 06:00:00,45.32012939453125
srv-005,2017-06-07 07:00:00,44.55450439453125
srv-005,2017-06-07 08:00:00,44.973846435546875
srv-005,2017-06-07 09:00:00,44.787376403808594
srv-005,2017-06-07 10:00:00,45.78953552246094
srv-005,2017-06-07 11:00:00,45.82206726074219
srv-005,2017-06-07 12:00:00,44.39916229248047
srv-005,2017-06-07 13:00:00,45.35587692260742
srv-005,2017-06-07 14:00:00,46.568511962890625
srv-005,2017-06-07 15:00:00,45.57579803466797
srv-005,2017-06-07 16:00:00,45.3122444152832
srv-005,2017-06-07 17:00:00,45.477294921875
srv-005,2017-06-07 18:00:00,44.33898162841797
srv-005,2017-06-07 19:00:00,43.0387077331543
srv-005,2017-06-07 20:00:00,44.574256896972656
srv-005,2017-06-07 21:00:00,43.35492706298828
srv-005,2017-06-07 22:00:00,44.261959075927734
srv-005,2017-06-07 23:00:00,44.73845291137695
srv-005,2017-06-08 00:00:00,45.704994201660156
srv-005,2017-06-08 01:00:00,45.827728271484375
srv-005,2017-06-08 02:00:00,44.688377380371094
srv-005,2017-06-08 03:00:00,44.697235107421875
srv-005,2017-06-08 04:00:00,43.965293884277344
srv-005,2017-06-08 05:00:00,44.407135009765625
srv-005,2017-06-08 06:00:00,44.52192687988281
srv-005,2017-06-08 07:00:00,44.23927307128906
srv-005,2017-06-08 08:00:00,44.80748748779297
srv-005,2017-06-08 09:00:00,45.714717864990234
srv-005,2017-06-08 10:00:00,44.51710891723633
srv-005,2017-06-08 11:00:00,43.83185577392578
srv-005,2017-06-08 12:00:00,42.67367172241211
srv-005,2017-06-08 13:00:00,44.03753662109375
srv-005,2017-06-08 14:00:00,43.73736572265625
srv-005,2017-06-08 15:00:00,43.070098876953125
srv-005,2017-06-08 16:00:00,50.846580505371094
srv-005,2017-06-08 17:00:00,46.08778381347656
srv-005,2017-06-08 18:00:00,42.59138870239258
srv-005,2017-06-08 19:00:00,42.40106964111328
srv-005,2017-06-08 20:00:00,41.13959503173828
srv-005,2017-06-08 21:00:00,41.635498046875
srv-005,2017-06-08 22:00:00,42.717376708984375
srv-005,2017-06-08 23:00:00,42.48866271972656
srv-005,2017-06-09 00:00:00,42.195556640625
srv-005,2017-06-09 01:00:00,43.55375289916992
srv-005,2017-06-09 02:00:00,43.76844024658203
srv-005,2017-06-09 03:00:00,43.26683044433594
srv-005,2017-06-09 04:00:00,44.20863723754883
srv-005,2017-06-09 05:00:00,42.06587219238281
srv-005,2017-06-09 06:00:00,42.49177932739258
srv-005,2017-06-09 07:00:00,42.59156799316406
srv-005,2017-06-09 08:00:00,43.455772399902344
srv-005,2017-06-09 09:00:00,43.32469940185547
srv-005,2017-06-09 10:00:00,41.85305404663086
srv-005,2017-06-09 11:00:00,42.354408264160156
srv-005,2017-06-09 12:00:00,44.187644958496094
srv-005,2017-06-09 13:00:00,44.04542541503906
srv-005,2017-06-09 14:00:00,43.853797912597656
srv-005,2017-06-09 15:00:00,42.25149154663086
srv-005,2017-06-09 16:00:00,41.8125
srv-005,2017-06-09 17:00:00,43.278160095214844
srv-005,2017-06-09 18:00:00,43.2111930847168
srv-005,2017-06-09 19:00:00,43.23629379272461
srv-005,2017-06-09 20:00:00,44.25614929199219
srv-005,2017-06-09 21:00:00,43.64902877807617
srv-005,2017-06-09 22:00:00,41.68277359008789
srv-005,2017-06-09 23:00:00,40.60301971435547
srv-005,2017-06-10 00:00:00,42.63555908203125
srv-005,2017-06-10 01:00:00,44.13043975830078
srv-005,2017-06-10 02:00:00,43.640235900878906
srv-005,2017-06-10 03:00:00,42.337135314941406
srv-005,2017-06-10 04:00:00,41.98430633544922
srv-005,2017-06-10 05:00:00,42.07052993774414
srv-005,2017-06-10 06:00:00,42.69535827636719
srv-005,2017-06-10 07:00:00,43.63404846191406
srv-005,2017-06-10 08:00:00,41.47298049926758
srv-005,2017-06-10 09:00:00,41.83525466918945
srv-005,2017-06-10 10:00:00,43.13636779785156
srv-005,2017-06-10 11:00:00,44.38970184326172
srv-005,2017-06-10 12:00:00,44.9081916809082
srv-005,2017-06-10 13:00:00,44.80469512939453
srv-005,2017-06-10 14:00:00,45.82183074951172
srv-005,2017-06-10 15:00:00,44.763214111328125
srv-005,2017-06-10 16:00:00,44.88587188720703
srv-005,2017-06-10 17:00:00,44.51153564453125
srv-005,2017-06-10 18:00:00,44.21727752685547
srv-005,2017-06-10 19:00:00,44.043243408203125
srv-005,2017-06-10 20:00:00,43.78075408935547
srv-005,2017-06-10 21:00:00,44.16885757446289
srv-005,2017-06-10 22:00:00,45.036380767822266
srv-005,2017-06-10 23:00:00,42.82858657836914
srv-005,2017-06-11 00:00:00,44.37655258178711
srv-005,2017-06-11 01:00:00,43.57768249511719
srv-005,2017-06-11 02:00:00,44.02830123901367
srv-005,2017-06-11 03:00:00,42.19219970703125
srv-005,2017-06-11 04:00:00,42.990936279296875
srv-005,2017-06-11 05:00:00,42.53550720214844
srv-005,2017-06-11 06:00:00,42.42498016357422
srv-005,2017-06-11 07:00:00,43.303016662597656
srv-005,2017-06-11 08:00:00,43.68312072753906
srv-005,2017-06-11 09:00:00,44.39898681640625
srv-005,2017-06-11 10:00:00,44.03361892700195
srv-005,2017-06-11 11:00:00,44.55541229248047
srv-005,2017-06-11 12:00:00,46.147422790527344
srv-005,2017-06-11 13:00:00,44.78568649291992
srv-005,2017-06-11 14:00:00,43.90583419799805
srv-005,2017-06-11 15:00:00,42.41981506347656
srv-005,2017-06-11 16:00:00,41.47523498535156
srv-005,2017-06-11 17:00:00,42.46263122558594
srv-005,2017-06-11 18:00:00,41.53501510620117
srv-005,2017-06-11 19:00:00,43.624855041503906
srv-005,2017-06-11 20:00:00,42.874244689941406
srv-005,2017-06-11 21:00:00,42.94464111328125
srv-005,2017-06-11 22:00:00,43.40519714355469
srv-005,2017-06-11 23:00:00,42.10913848876953
srv-005,2017-06-12 00:00:00,42.025962829589844
srv-005,2017-06-12 01:00:00,42.38520812988281
srv-005,2017-06-12 02:00:00,43.88372039794922
srv-005,2017-06-12 03:00:00,43.09787368774414
srv-005,2017-06-12 04:00:00,44.44587326049805
srv-005,2017-06-12 05:00:00,45.29340362548828
srv-005,2017-06-12 06:00:00,44.412540435791016
srv-005,2017-06-12 07:00:00,44.613643646240234
srv-005,2017-06-12 08:00:00,44.10760498046875
srv-005,2017-06-12 09:00:00,42.570587158203125
srv-005,2017-06-12 10:00:00,44.16887664794922
srv-005,2017-06-12 11:00:00,44.95316696166992
srv-005,2017-06-12 12:00:00,45.667213439941406
srv-005,2017-06-12 13:00:00,46.91645050048828
srv-005,2017-06-12 14:00:00,45.861228942871094
srv-005,2017-06-12 15:00:00,46.83037567138672
srv-005,2017-06-12 16:00:00,46.05087661743164
srv-005,2017-06-12 17:00:00,45.56739807128906
srv-005,2017-06-12 18:00:00,46.568870544433594
srv-005,2017-06-12 19:00:00,45.70001220703125
srv-005,2017-06-12 20:00:00,45.44364929199219
srv-005,2017-06-12 21:00:00,44.90390396118164
srv-005,2017-06-12 22:00:00,45.027069091796875
srv-005,2017-06-12 23:00:00,45.81672668457031
srv-005,2017-06-13 00:00:00,46.79840087890625
srv-005,2017-06-13 01:00:00,45.38923645019531
srv-005,2017-06-13 02:00:00,44.91333770751953
srv-005,2017-06-13 03:00:00,45.350013732910156
srv-005,2017-06-13 04:00:00,45.40550994873047
srv-005,2017-06-13 05:00:00,45.45330047607422
srv-005,2017-06-13 06:00:00,45.508758544921875
srv-005,2017-06-13 07:00:00,46.02569580078125
srv-005,2017-06-13 08:00:00,45.412803649902344
srv-005,2017-06-13 09:00:00,44.88780212402344
srv-005,2017-06-13 10:00:00,44.63603973388672
srv-005,2017-06-13 11:00:00,45.51435852050781
srv-005,2017-06-13 12:00:00,45.755104064941406
srv-005,2017-06-13 13:00:00,44.487422943115234
srv-005,2017-06-13 14:00:00,45.56549835205078
srv-005,2017-06-13 15:00:00,45.913726806640625
srv-005,2017-06-13 16:00:00,46.12535858154297
srv-005,2017-06-13 17:00:00,46.624542236328125
srv-005,2017-06-13 18:00:00,44.55400085449219
srv-005,2017-06-13 19:00:00,45.512611389160156
srv-005,2017-06-13 20:00:00,45.00721740722656
srv-005,2017-06-13 21:00:00,43.1587028503418
srv-005,2017-06-13 22:00:00,45.08406066894531
srv-005,2017-06-13 23:00:00,44.99125671386719
srv-005,2017-06-14 00:00:00,45.488128662109375
srv-005,2017-06-14 01:00:00,44.050018310546875
srv-005,2017-06-14 02:00:00,44.56279754638672
srv-005,2017-06-14 03:00:00,42.51891326904297
srv-005,2017-06-14 04:00:00,43.35527801513672
srv-005,2017-06-14 05:00:00,44.618499755859375
srv-005,2017-06-14 06:00:00,44.54351806640625
srv-005,2017-06-14 07:00:00,45.14254379272461
srv-005,2017-06-14 08:00:00,44.84682846069336
srv-005,2017-06-14 09:00:00,44.64238739013672
srv-005,2017-06-14 10:00:00,43.61240768432617
srv-005,2017-06-14 11:00:00,42.982460021972656
srv-005,2017-06-14 12:00:00,43.538291931152344
srv-005,2017-06-14 13:00:00,43.98614501953125
srv-005,2017-06-14 14:00:00,42.66162872314453
srv-005,2017-06-14 15:00:00,44.475528717041016
srv-005,2017-06-14 16:00:00,44.31275177001953
srv-005,2017-06-14 17:00:00,44.04856872558594
srv-005,2017-06-14 18:00:00,45.198238372802734
srv-005,2017-06-14 19:00:00,44.7772216796875
srv-005,2017-06-14 20:00:00,44.818199157714844
srv-005,2017-06-14 21:00:00,44.44114303588867
srv-005,2017-06-14 22:00:00,42.61029052734375
srv-005,2017-06-14 23:00:00,42.69111633300781
srv-005,2017-06-15 00:00:00,43.350582122802734
srv-005,2017-06-15 01:00:00,43.944244384765625
srv-005,2017-06-15 02:00:00,42.99861526489258
srv-005,2017-06-15 03:00:00,43.67894744873047
srv-005,2017-06-15 04:00:00,43.27886962890625
srv-005,2017-06-15 05:00:00,46.39012145996094
srv-005,2017-06-15 06:00:00,45.22807312011719
srv-005,2017-06-15 07:00:00,44.1424560546875
srv-005,2017-06-15 08:00:00,45.127479553222656
srv-005,2017-06-15 09:00:00,45.020530700683594
srv-005,2017-06-15 10:00:00,44.625831604003906
srv-005,2017-06-15 11:00:00,43.21107482910156
srv-005,2017-06-15 12:00:00,42.44428253173828
srv-005,2017-06-15 13:00:00,42.765350341796875
srv-005,2017-06-15 14:00:00,43.513282775878906
srv-005,2017-06-15 15:00:00,45.34020233154297
srv-005,2017-06-15 16:00:00,45.36809539794922
srv-005,2017-06-15 17:00:00,45.63585662841797
srv-005,2017-06-15 18:00:00,45.15229797363281
srv-005,2017-06-15 19:00:00,44.60524368286133
srv-005,2017-06-15 20:00:00,44.52548599243164
srv-005,2017-06-15 21:00:00,44.25642395019531
srv-005,2017-06-15 22:00:00,43.6625862121582
srv-005,2017-06-15 23:00:00,45.29953384399414
srv-005,2017-06-16 00:00:00,43.55889892578125
srv-005,2017-06-16 01:00:00,42.74034118652344
srv-005,2017-06-16 02:00:00,42.78802490234375
srv-005,2017-06-16 03:00:00,41.805450439453125
srv-005,2017-06-16 04:00:00,42.993247985839844
srv-005,2017-06-16 05:00:00,43.325531005859375
srv-005,2017-06-16 06:00:00,44.459373474121094
srv-005,2017-06-16 07:00:00,44.683616638183594
srv-005,2017-06-16 08:00:00,43.85155487060547
srv-005,2017-06-16 09:00:00,43.43857955932617
srv-005,2017-06-16 10:00:00,44.19529342651367
srv-005,2017-06-16 11:00:00,43.41938018798828
srv-005,2017-06-16 12:00:00,41.99072265625
srv-005,2017-06-16 13:00:00,41.929901123046875
srv-005,2017-06-16 14:00:00,41.071434020996094
srv-005,2017-06-16 15:00:00,41.42650604248047
srv-005,2017-06-16 16:00:00,40.41814422607422
srv-005,2017-06-16 17:00:00,40.25618362426758
srv-005,2017-06-16 18:00:00,41.90155792236328
srv-005,2017-06-16 19:00:00,42.007137298583984
srv-005,2017-06-16 20:00:00,43.51368713378906
srv-005,2017-06-16 21:00:00,42.73274230957031
srv-005,2017-06-16 22:00:00,43.227867126464844
srv-005,2017-06-16 23:00:00,44.94658660888672
srv-005,2017-06-17 00:00:00,43.34080505371094
srv-005,2017-06-17 01:00:00,42.06630325317383
srv-005,2017-06-17 02:00:00,41.81145477294922
srv-005,2017-06-17 03:00:00,41.715721130371094
srv-005,2017-06-17 04:00:00,42.60903549194336
srv-005,2017-06-17 05:00:00,42.11445999145508
srv-005,2017-06-17 06:00:00,42.62750244140625
srv-005,2017-06-17 07:00:00,42.95996856689453
srv-005,2017-06-17 08:00:00,44.40837097167969
srv-005,2017-06-17 09:00:00,44.38784408569336
srv-005,2017-06-17 10:00:00,43.17398452758789
srv-005,2017-06-17 11:00:00,43.53770065307617
srv-005,2017-06-17 12:00:00,44.29796600341797
srv-005,2017-06-17 13:00:00,44.76227569580078
srv-005,2017-06-17 14:00:00,45.049896240234375
srv-005,2017-06-17 15:00:00,45.389503479003906
srv-005,2017-06-17 16:00:00,45.51826095581055
srv-005,2017-06-17 17:00:00,44.766807556152344
srv-005,2017-06-17 18:00:00,45.14552307128906
srv-005,2017-06-17 19:00:00,46.164649963378906
srv-005,2017-06-17 20:00:00,44.72338104248047
srv-005,2017-06-17 21:00:00,43.68927001953125
srv-005,2017-06-17 22:00:00,44.549747467041016
srv-005,2017-06-17 23:00:00,44.641456604003906
srv-005,2017-06-18 00:00:00,45.34418487548828
srv-005,2017-06-18 01:00:00,44.99708938598633
srv-005,2017-06-18 02:00:00,44.73111343383789
srv-005,2017-06-18 03:00:00,43.179386138916016
srv-005,2017-06-18 04:00:00,43.23696517944336
srv-005,2017-06-18 05:00:00,43.513877868652344
srv-005,2017-06-18 06:00:00,43.38897705078125
srv-005,2017-06-18 07:00:00,44.12311553955078
srv-005,2017-06-18 08:00:00,43.431549072265625
srv-005,2017-06-18 09:00:00,43.36759567260742
srv-005,2017-06-18 10:00:00,44.844505310058594
srv-005,2017-06-18 11:00:00,44.13847351074219
srv-005,2017-06-18 12:00:00,43.700355529785156
srv-005,2017-06-18 13:00:00,44.452152252197266
srv-005,2017-06-18 14:00:00,43.55738067626953
srv-005,2017-06-18 15:00:00,44.43031692504883
srv-005,2017-06-18 16:00:00,44.31593322753906
srv-005,2017-06-18 17:00:00,44.73642349243164
srv-005,2017-06-18 18:00:00,44.4173583984375
srv-005,2017-06-18 19:00:00,42.69407653808594
srv-005,2017-06-18 20:00:00,43.79557800292969
srv-005,2017-06-18 21:00:00,44.441314697265625
srv-005,2017-06-18 22:00:00,45.000587463378906
srv-005,2017-06-18 23:00:00,42.42473602294922
srv-005,2017-06-19 00:00:00,41.67619705200195
srv-005,2017-06-19 01:00:00,42.966819763183594
srv-005,2017-06-19 02:00:00,42.94624328613281
srv-005,2017-06-19 03:00:00,43.260955810546875
srv-005,2017-06-19 04:00:00,42.88636779785156
srv-005,2017-06-19 05:00:00,45.11660385131836
srv-005,2017-06-19 06:00:00,43.98998260498047
srv-005,2017-06-19 07:00:00,45.607086181640625
srv-005,2017-06-19 08:00:00,45.730796813964844
srv-005,2017-06-19 09:00:00,46.09137725830078
srv-005,2017-06-19 10:00:00,45.12425231933594
srv-005,2017-06-19 11:00:00,43.79441833496094
srv-005,2017-06-19 12:00:00,43.699562072753906
srv-005,2017-06-19 13:00:00,43.618988037109375
srv-005,2017-06-19 14:00:00,45.25569152832031
srv-005,2017-06-19 15:00:00,45.02655792236328
srv-005,2017-06-19 16:00:00,44.20073318481445
srv-005,2017-06-19 17:00:00,44.9234619140625
srv-005,2017-06-19 18:00:00,45.0306282043457
srv-005,2017-06-19 19:00:00,43.6939697265625
srv-005,2017-06-19 20:00:00,45.65754699707031
srv-005,2017-06-19 21:00:00,44.409400939941406
srv-005,2017-06-19 22:00:00,42.95121765136719
srv-005,2017-06-19 23:00:00,44.13833236694336
srv-005,2017-06-20 00:00:00,46.51811218261719
srv-005,2017-06-20 01:00:00,47.10858154296875
srv-005,2017-06-20 02:00:00,46.94468688964844
srv-005,2017-06-20 03:00:00,46.24238586425781
srv-005,2017-06-20 04:00:00,46.0741081237793
srv-005,2017-06-20 05:00:00,46.71272277832031
srv-005,2017-06-20 06:00:00,46.684749603271484
srv-005,2017-06-20 07:00:00,45.636173248291016
srv-005,2017-06-20 08:00:00,44.87112045288086
srv-005,2017-06-20 09:00:00,45.13409423828125
srv-005,2017-06-20 10:00:00,45.207359313964844
srv-005,2017-06-20 11:00:00,45.078880310058594
srv-005,2017-06-20 12:00:00,44.427642822265625
srv-005,2017-06-20 13:00:00,44.97371292114258
srv-005,2017-06-20 14:00:00,44.23249435424805
srv-005,2017-06-20 15:00:00,44.02747344970703
srv-005,2017-06-20 16:00:00,45.31791687011719
srv-005,2017-06-20 17:00:00,46.050621032714844
srv-005,2017-06-20 18:00:00,45.28996658325195
srv-005,2017-06-20 19:00:00,44.41779708862305
srv-005,2017-06-20 20:00:00,45.07453918457031
srv-005,2017-06-20 21:00:00,44.76133728027344
srv-005,2017-06-20 22:00:00,46.38298797607422
srv-005,2017-06-20 23:00:00,45.42462921142578
srv-005,2017-06-21 00:00:00,44.299339294433594
srv-005,2017-06-21 01:00:00,44.779052734375
srv-005,2017-06-21 02:00:00,45.22187042236328
srv-005,2017-06-21 03:00:00,44.04773712158203
srv-005,2017-06-21 04:00:00,44.337425231933594
srv-005,2017-06-21 05:00:00,43.910736083984375
srv-005,2017-06-21 06:00:00,43.008995056152344
srv-005,2017-06-21 07:00:00,44.28175735473633
srv-005,2017-06-21 08:00:00,45.90244674682617
srv-005,2017-06-21 09:00:00,45.3122444152832
srv-005,2017-06-21 10:00:00,45.88005447387695
srv-005,2017-06-21 11:00:00,45.518287658691406
srv-005,2017-06-21 12:00:00,46.00390625
srv-005,2017-06-21 13:00:00,45.69354248046875
srv-005,2017-06-21 14:00:00,45.7259407043457
srv-005,2017-06-21 15:00:00,45.34070587158203
srv-005,2017-06-21 16:00:00,43.326637268066406
srv-005,2017-06-21 17:00:00,43.472618103027344
srv-005,2017-06-21 18:00:00,44.19760513305664
srv-005,2017-06-21 19:00:00,42.100250244140625
srv-005,2017-06-21 20:00:00,41.134605407714844
srv-005,2017-06-21 21:00:00,43.097103118896484
srv-005,2017-06-21 22:00:00,41.748931884765625
srv-005,2017-06-21 23:00:00,42.68694305419922
srv-005,2017-06-22 00:00:00,42.11214065551758
srv-005,2017-06-22 01:00:00,41.05982971191406
srv-005,2017-06-22 02:00:00,43.48627471923828
srv-005,2017-06-22 03:00:00,42.472694396972656
srv-005,2017-06-22 04:00:00,44.190704345703125
srv-005,2017-06-22 05:00:00,43.73173141479492
srv-005,2017-06-22 06:00:00,43.686065673828125
srv-005,2017-06-22 07:00:00,44.331573486328125
srv-005,2017-06-22 08:00:00,41.96663284301758
srv-005,2017-06-22 09:00:00,42.471275329589844
srv-005,2017-06-22 10:00:00,42.54503631591797
srv-005,2017-06-22 11:00:00,42.769927978515625
srv-005,2017-06-22 12:00:00,42.051025390625
srv-005,2017-06-22 13:00:00,42.31251525878906
srv-005,2017-06-22 14:00:00,42.26898956298828
srv-005,2017-06-22 15:00:00,42.42963409423828
srv-005,2017-06-22 16:00:00,42.47905349731445
srv-005,2017-06-22 17:00:00,42.72565841674805
srv-005,2017-06-22 18:00:00,42.871849060058594
srv-005,2017-06-22 19:00:00,43.86747360229492
srv-005,2017-06-22 20:00:00,43.170066833496094
srv-005,2017-06-22 21:00:00,42.69678497314453
srv-005,2017-06-22 22:00:00,43.704368591308594
srv-005,2017-06-22 23:00:00,42.324058532714844
srv-005,2017-06-23 00:00:00,42.859832763671875
srv-005,2017-06-23 01:00:00,42.09821319580078
srv-005,2017-06-23 02:00:00,42.96086120605469
srv-005,2017-06-23 03:00:00,40.849849700927734
srv-005,2017-06-23 04:00:00,42.84014892578125
srv-005,2017-06-23 05:00:00,42.1715087890625
srv-005,2017-06-23 06:00:00,41.14784240722656
srv-005,2017-06-23 07:00:00,41.15046691894531
srv-005,2017-06-23 08:00:00,39.42973327636719
srv-005,2017-06-23 09:00:00,40.511627197265625
srv-005,2017-06-23 10:00:00,41.4553337097168
srv-005,2017-06-23 11:00:00,40.70879364013672
srv-005,2017-06-23 12:00:00,41.52983474731445
srv-005,2017-06-23 13:00:00,40.42896270751953
srv-005,2017-06-23 14:00:00,40.88356018066406
srv-005,2017-06-23 15:00:00,42.40684127807617
srv-005,2017-06-23 16:00:00,43.25503921508789
srv-005,2017-06-23 17:00:00,43.51540756225586
srv-005,2017-06-23 18:00:00,44.16659927368164
srv-005,2017-06-23 19:00:00,44.158302307128906
srv-005,2017-06-23 20:00:00,43.38568115234375
srv-005,2017-06-23 21:00:00,42.61780548095703
srv-005,2017-06-23 22:00:00,41.099849700927734
srv-005,2017-06-23 23:00:00,41.79126739501953
srv-005,2017-06-24 00:00:00,44.82998275756836
srv-005,2017-06-24 01:00:00,44.82917785644531
srv-005,2017-06-24 02:00:00,44.69218444824219
srv-005,2017-06-24 03:00:00,43.94169998168945
srv-005,2017-06-24 04:00:00,43.49863052368164
srv-005,2017-06-24 05:00:00,43.64960479736328
srv-005,2017-06-24 06:00:00,42.22863006591797
srv-005,2017-06-24 07:00:00,42.26692581176758
srv-005,2017-06-24 08:00:00,43.526573181152344
srv-005,2017-06-24 09:00:00,42.74261474609375
srv-005,2017-06-24 10:00:00,41.76490783691406
srv-005,2017-06-24 11:00:00,42.5988655090332
srv-005,2017-06-24 12:00:00,43.05370330810547
srv-005,2017-06-24 13:00:00,44.77581024169922
srv-005,2017-06-24 14:00:00,45.03258514404297
srv-005,2017-06-24 15:00:00,44.111671447753906
srv-005,2017-06-24 16:00:00,43.93873596191406
srv-005,2017-06-24 17:00:00,42.782371520996094
srv-005,2017-06-24 18:00:00,43.27333450317383
srv-005,2017-06-24 19:00:00,43.052215576171875
srv-005,2017-06-24 20:00:00,41.417755126953125
srv-005,2017-06-24 21:00:00,42.23422622680664
srv-005,2017-06-24 22:00:00,42.889869689941406
srv-005,2017-06-24 23:00:00,42.490821838378906
srv-005,2017-06-25 00:00:00,42.326507568359375
srv-005,2017-06-25 01:00:00,42.811988830566406
srv-005,2017-06-25 02:00:00,43.17158889770508
srv-005,2017-06-25 03:00:00,42.54426956176758
srv-005,2017-06-25 04:00:00,41.67937088012695
srv-005,2017-06-25 05:00:00,43.39387512207031
srv-005,2017-06-25 06:00:00,43.423362731933594
srv-005,2017-06-25 07:00:00,43.449642181396484
srv-005,2017-06-25 08:00:00,43.57377624511719
srv-005,2017-06-25 09:00:00,44.080406188964844
srv-005,2017-06-25 10:00:00,44.770877838134766
srv-005,2017-06-25 11:00:00,45.96349334716797
srv-005,2017-06-25 12:00:00,45.81102752685547
srv-005,2017-06-25 13:00:00,43.83045196533203
srv-005,2017-06-25 14:00:00,44.22803497314453
srv-005,2017-06-25 15:00:00,44.76341247558594
srv-005,2017-06-25 16:00:00,42.985389709472656
srv-005,2017-06-25 17:00:00,42.575992584228516
srv-005,2017-06-25 18:00:00,42.589481353759766
srv-005,2017-06-25 19:00:00,42.347503662109375
srv-005,2017-06-25 20:00:00,41.88987731933594
srv-005,2017-06-25 21:00:00,43.018096923828125
srv-005,2017-06-25 22:00:00,43.370849609375
srv-005,2017-06-25 23:00:00,43.28345489501953
srv-005,2017-06-26 00:00:00,42.89519500732422
srv-005,2017-06-26 01:00:00,43.12723922729492
srv-005,2017-06-26 02:00:00,42.887535095214844
srv-005,2017-06-26 03:00:00,43.83021545410156
srv-005,2017-06-26 04:00:00,44.36504364013672
srv-005,2017-06-26 05:00:00,43.13835906982422
srv-005,2017-06-26 06:00:00,41.70649337768555
srv-005,2017-06-26 07:00:00,42.678062438964844
srv-005,2017-06-26 08:00:00,41.546363830566406
srv-005,2017-06-26 09:00:00,42.67877960205078
srv-005,2017-06-26 10:00:00,43.28300476074219
srv-005,2017-06-26 11:00:00,43.53424072265625
srv-005,2017-06-26 12:00:00,43.524818420410156
srv-005,2017-06-26 13:00:00,44.708839416503906
srv-005,2017-06-26 14:00:00,46.08282470703125
srv-005,2017-06-26 15:00:00,45.36164093017578
srv-005,2017-06-26 16:00:00,45.48215103149414
srv-005,2017-06-26 17:00:00,46.73175811767578
srv-005,2017-06-26 18:00:00,45.97844314575195
srv-005,2017-06-26 19:00:00,45.7395133972168
srv-005,2017-06-26 20:00:00,45.9386100769043
srv-005,2017-06-26 21:00:00,45.2332878112793
srv-005,2017-06-26 22:00:00,47.1134033203125
srv-005,2017-06-26 23:00:00,47.15287780761719
srv-005,2017-06-27 00:00:00,44.88740539550781
srv-005,2017-06-27 01:00:00,44.51255798339844
srv-005,2017-06-27 02:00:00,43.524410247802734
srv-005,2017-06-27 03:00:00,45.425994873046875
srv-005,2017-06-27 04:00:00,44.28965377807617
srv-005,2017-06-27 05:00:00,44.446624755859375
srv-005,2017-06-27 06:00:00,43.47081756591797
srv-005,2017-06-27 07:00:00,44.13123321533203
srv-005,2017-06-27 08:00:00,43.35641098022461
srv-005,2017-06-27 09:00:00,44.9041633605957
srv-005,2017-06-27 10:00:00,44.50282669067383
srv-005,2017-06-27 11:00:00,46.454376220703125
srv-005,2017-06-27 12:00:00,46.19281005859375
srv-005,2017-06-27 13:00:00,46.60944366455078
srv-005,2017-06-27 14:00:00,45.34900665283203
srv-005,2017-06-27 15:00:00,45.326568603515625
srv-005,2017-06-27 16:00:00,43.330177307128906
srv-005,2017-06-27 17:00:00,43.196205139160156
srv-005,2017-06-27 18:00:00,44.03691101074219
srv-005,2017-06-27 19:00:00,45.26827621459961
srv-005,2017-06-27 20:00:00,45.03348159790039
srv-005,2017-06-27 21:00:00,45.45622253417969
srv-005,2017-06-27 22:00:00,43.929840087890625
srv-005,2017-06-27 23:00:00,42.394508361816406
srv-005,2017-06-28 00:00:00,42.16810989379883
srv-005,2017-06-28 01:00:00,43.86388397216797
srv-005,2017-06-28 02:00:00,43.05427932739258
srv-005,2017-06-28 03:00:00,41.80603790283203
srv-005,2017-06-28 04:00:00,43.74634552001953
srv-005,2017-06-28 05:00:00,44.349552154541016
srv-005,2017-06-28 06:00:00,45.59263610839844
srv-005,2017-06-28 07:00:00,44.35334396362305
srv-005,2017-06-28 08:00:00,43.68409729003906
srv-005,2017-06-28 09:00:00,43.563148498535156
srv-005,2017-06-28 10:00:00,43.65871810913086
srv-005,2017-06-28 11:00:00,42.18647003173828
srv-005,2017-06-28 12:00:00,42.237098693847656
srv-005,2017-06-28 13:00:00,42.19499206542969
srv-005,2017-06-28 14:00:00,41.34379196166992
srv-005,2017-06-28 15:00:00,42.03593826293945
srv-005,2017-06-28 16:00:00,41.743499755859375
srv-005,2017-06-28 17:00:00,42.102169036865234
srv-005,2017-06-28 18:00:00,43.161094665527344
srv-005,2017-06-28 19:00:00,43.26116180419922
srv-005,2017-06-28 20:00:00,42.18551254272461
srv-005,2017-06-28 21:00:00,43.455322265625
srv-005,2017-06-28 22:00:00,43.65972137451172
srv-005,2017-06-28 23:00:00,43.476959228515625
srv-005,2017-06-29 00:00:00,42.79655838012695
srv-005,2017-06-29 01:00:00,44.12103271484375
srv-005,2017-06-29 02:00:00,45.07244110107422
srv-005,2017-06-29 03:00:00,43.80422592163086
srv-005,2017-06-29 04:00:00,44.11446762084961
srv-005,2017-06-29 05:00:00,43.30572509765625
srv-005,2017-06-29 06:00:00,43.498016357421875
srv-005,2017-06-29 07:00:00,43.14385986328125
srv-005,2017-06-29 08:00:00,41.29664993286133
srv-005,2017-06-29 09:00:00,43.212432861328125
srv-005,2017-06-29 10:00:00,44.15594482421875
srv-005,2017-06-29 11:00:00,44.437705993652344
srv-005,2017-06-29 12:00:00,44.612571716308594
srv-005,2017-06-29 13:00:00,45.42730712890625
srv-005,2017-06-29 14:00:00,46.27097702026367
srv-005,2017-06-29 15:00:00,44.7631950378418
srv-005,2017-06-29 16:00:00,45.05900192260742
srv-005,2017-06-29 17:00:00,45.05541229248047
srv-005,2017-06-29 18:00:00,46.385841369628906
srv-005,2017-06-29 19:00:00,44.99982452392578
srv-005,2017-06-29 20:00:00,43.37112808227539
srv-005,2017-06-29 21:00:00,43.477317810058594
srv-005,2017-06-29 22:00:00,44.111480712890625
srv-005,2017-06-29 23:00:00,43.6942024230957
srv-005,2017-06-30 00:00:00,42.197654724121094
srv-005,2017-06-30 01:00:00,43.703006744384766
srv-005,2017-06-30 02:00:00,41.796546936035156
srv-005,2017-06-30 03:00:00,42.01933288574219
srv-005,2017-06-30 04:00:00,41.89532470703125
srv-005,2017-06-30 05:00:00,42.62266540527344
srv-005,2017-06-30 06:00:00,42.45679473876953
srv-005,2017-06-30 07:00:00,43.034080505371094
srv-005,2017-06-30 08:00:00,43.63267135620117
srv-005,2017-06-30 09:00:00,43.59400939941406
srv-005,2017-06-30 10:00:00,43.72634506225586
srv-005,2017-06-30 11:00:00,44.991912841796875
srv-005,2017-06-30 12:00:00,43.92351531982422
srv-005,2017-06-30 13:00:00,44.013404846191406
srv-005,2017-06-30 14:00:00,42.64021301269531
srv-005,2017-06-30 15:00:00,43.3282585144043
srv-005,2017-06-30 16:00:00,43.03438186645508
srv-005,2017-06-30 17:00:00,43.92675018310547
srv-005,2017-06-30 18:00:00,43.06642150878906
srv-005,2017-06-30 19:00:00,42.580162048339844
srv-005,2017-06-30 20:00:00,42.06380081176758
srv-005,2017-06-30 21:00:00,43.65241622924805
srv-005,2017-06-30 22:00:00,45.557586669921875
srv-005,2017-06-30 23:00:00,45.180335998535156
srv-006,2017-06-01 23:00:00,81.77544403076172
srv-006,2017-06-02 00:00:00,78.83541107177734
srv-006,2017-06-02 01:00:00,78.75902557373047
srv-006,2017-06-02 02:00:00,79.87305450439453
srv-006,2017-06-02 03:00:00,80.06537628173828
srv-006,2017-06-02 04:00:00,78.96283721923828
srv-006,2017-06-02 05:00:00,78.58135986328125
srv-006,2017-06-02 06:00:00,82.82262420654297
srv-006,2017-06-02 07:00:00,82.21575927734375
srv-006,2017-06-02 08:00:00,83.33272552490234
srv-006,2017-06-02 09:00:00,85.6970443725586
srv-006,2017-06-02 10:00:00,85.59564971923828
srv-006,2017-06-02 11:00:00,87.93064880371094
srv-006,2017-06-02 12:00:00,91.1576156616211
srv-006,2017-06-02 13:00:00,89.22595977783203
srv-006,2017-06-02 14:00:00,91.1075210571289
srv-006,2017-06-02 15:00:00,84.22439575195312
srv-006,2017-06-02 16:00:00,87.36746978759766
srv-006,2017-06-02 17:00:00,90.29468536376953
srv-006,2017-06-02 18:00:00,89.3096694946289
srv-006,2017-06-02 19:00:00,87.24974822998047
srv-006,2017-06-02 20:00:00,81.30709075927734
srv-006,2017-06-02 21:00:00,80.0747299194336
srv-006,2017-06-02 22:00:00,76.88557434082031
srv-006,2017-06-02 23:00:00,79.77921295166016
srv-006,2017-06-03 00:00:00,85.90473937988281
srv-006,2017-06-03 01:00:00,81.69227600097656
srv-006,2017-06-03 02:00:00,88.03809356689453
srv-006,2017-06-03 03:00:00,88.77075958251953
srv-006,2017-06-03 04:00:00,87.8419418334961
srv-006,2017-06-03 05:00:00,88.31669616699219
srv-006,2017-06-03 06:00:00,85.91204071044922
srv-006,2017-06-03 07:00:00,89.92484283447266
srv-006,2017-06-03 08:00:00,88.52820587158203
srv-006,2017-06-03 09:00:00,82.36682891845703
srv-006,2017-06-03 10:00:00,84.78174591064453
srv-006,2017-06-03 11:00:00,87.5333023071289
srv-006,2017-06-03 12:00:00,84.68408966064453
srv-006,2017-06-03 13:00:00,89.93175506591797
srv-006,2017-06-03 14:00:00,91.09681701660156
srv-006,2017-06-03 15:00:00,90.08147430419922
srv-006,2017-06-03 16:00:00,89.85987091064453
srv-006,2017-06-03 17:00:00,88.39405059814453
srv-006,2017-06-03 18:00:00,89.15444946289062
srv-006,2017-06-03 19:00:00,89.11017608642578
srv-006,2017-06-03 20:00:00,88.12773895263672
srv-006,2017-06-03 21:00:00,87.42987823486328
srv-006,2017-06-03 22:00:00,88.9131851196289
srv-006,2017-06-03 23:00:00,86.59148406982422
srv-006,2017-06-04 00:00:00,79.03044128417969
srv-006,2017-06-04 01:00:00,86.12189483642578
srv-006,2017-06-04 02:00:00,90.56996154785156
srv-006,2017-06-04 03:00:00,90.00035858154297
srv-006,2017-06-04 04:00:00,88.52606964111328
srv-006,2017-06-04 05:00:00,87.59937286376953
srv-006,2017-06-04 06:00:00,86.94440460205078
srv-006,2017-06-04 07:00:00,91.3421401977539
srv-006,2017-06-04 08:00:00,91.1744155883789
srv-006,2017-06-04 09:00:00,89.75255584716797
srv-006,2017-06-04 10:00:00,91.40738677978516
srv-006,2017-06-04 11:00:00,91.44409942626953
srv-006,2017-06-04 12:00:00,91.41415405273438
srv-006,2017-06-04 13:00:00,78.09156036376953
srv-006,2017-06-04 14:00:00,80.8652114868164
srv-006,2017-06-04 15:00:00,85.274658203125
srv-006,2017-06-04 16:00:00,85.48123931884766
srv-006,2017-06-04 17:00:00,86.54105377197266
srv-006,2017-06-04 18:00:00,88.55595397949219
srv-006,2017-06-04 19:00:00,87.64783477783203
srv-006,2017-06-04 20:00:00,88.62578582763672
srv-006,2017-06-04 21:00:00,85.69107055664062
srv-006,2017-06-04 22:00:00,81.87130737304688
srv-006,2017-06-04 23:00:00,84.10163116455078
srv-006,2017-06-05 00:00:00,82.97303009033203
srv-006,2017-06-05 01:00:00,80.30657196044922
srv-006,2017-06-05 02:00:00,79.68131256103516
srv-006,2017-06-05 03:00:00,80.24376678466797
srv-006,2017-06-05 04:00:00,76.1847152709961
srv-006,2017-06-05 05:00:00,72.86001586914062
srv-006,2017-06-05 06:00:00,77.38350677490234
srv-006,2017-06-05 07:00:00,86.80390930175781
srv-006,2017-06-05 08:00:00,78.6077651977539
srv-006,2017-06-05 09:00:00,82.10918426513672
srv-006,2017-06-05 10:00:00,86.77992248535156
srv-006,2017-06-05 11:00:00,83.96118927001953
srv-006,2017-06-05 12:00:00,88.48123168945312
srv-006,2017-06-05 13:00:00,92.92726135253906
srv-006,2017-06-05 14:00:00,93.36602020263672
srv-006,2017-06-05 15:00:00,91.3033218383789
srv-006,2017-06-05 16:00:00,85.97914123535156
srv-006,2017-06-05 17:00:00,90.79326629638672
srv-006,2017-06-05 18:00:00,93.34917449951172
srv-006,2017-06-05 19:00:00,92.32952880859375
srv-006,2017-06-05 20:00:00,90.87348937988281
srv-006,2017-06-05 21:00:00,88.90516662597656
srv-006,2017-06-05 22:00:00,90.2706527709961
srv-006,2017-06-05 23:00:00,91.57205963134766
srv-006,2017-06-06 00:00:00,90.74079132080078
srv-006,2017-06-06 01:00:00,91.71614837646484
srv-006,2017-06-06 02:00:00,91.94954681396484
srv-006,2017-06-06 03:00:00,91.37992095947266
srv-006,2017-06-06 04:00:00,90.15703582763672
srv-006,2017-06-06 05:00:00,92.4366226196289
srv-006,2017-06-06 06:00:00,92.50785064697266
srv-006,2017-06-06 07:00:00,93.07791137695312
srv-006,2017-06-06 08:00:00,92.52654266357422
srv-006,2017-06-06 09:00:00,93.59534454345703
srv-006,2017-06-06 10:00:00,93.69026184082031
srv-006,2017-06-06 11:00:00,93.55721282958984
srv-006,2017-06-06 12:00:00,93.6465835571289
srv-006,2017-06-06 13:00:00,93.63228607177734
srv-006,2017-06-06 14:00:00,93.7938461303711
srv-006,2017-06-06 15:00:00,93.7531967163086
srv-006,2017-06-06 16:00:00,93.68144989013672
srv-006,2017-06-06 17:00:00,93.63892364501953
srv-006,2017-06-06 18:00:00,93.5678482055664
srv-006,2017-06-06 19:00:00,93.30491638183594
srv-006,2017-06-06 20:00:00,92.61186981201172
srv-006,2017-06-06 21:00:00,92.87265014648438
srv-006,2017-06-06 22:00:00,92.78339385986328
srv-006,2017-06-06 23:00:00,92.90448760986328
srv-006,2017-06-07 00:00:00,92.41534423828125
srv-006,2017-06-07 01:00:00,93.23566436767578
srv-006,2017-06-07 02:00:00,93.48238372802734
srv-006,2017-06-07 03:00:00,92.74933624267578
srv-006,2017-06-07 04:00:00,89.87109375
srv-006,2017-06-07 05:00:00,91.12268829345703
srv-006,2017-06-07 06:00:00,93.12142181396484
srv-006,2017-06-07 07:00:00,93.73700714111328
srv-006,2017-06-07 08:00:00,93.7484359741211
srv-006,2017-06-07 09:00:00,93.8134536743164
srv-006,2017-06-07 10:00:00,93.8271713256836
srv-006,2017-06-07 11:00:00,93.79998016357422
srv-006,2017-06-07 12:00:00,93.7562255859375
srv-006,2017-06-07 13:00:00,93.6791000366211
srv-006,2017-06-07 14:00:00,93.65973663330078
srv-006,2017-06-07 15:00:00,93.51298522949219
srv-006,2017-06-07 16:00:00,93.53895568847656
srv-006,2017-06-07 17:00:00,93.5600814819336
srv-006,2017-06-07 18:00:00,93.19914245605469
srv-006,2017-06-07 19:00:00,93.17345428466797
srv-006,2017-06-07 20:00:00,93.02776336669922
srv-006,2017-06-07 21:00:00,92.84452056884766
srv-006,2017-06-07 22:00:00,92.81885528564453
srv-006,2017-06-07 23:00:00,92.76307678222656
srv-006,2017-06-08 00:00:00,92.4616470336914
srv-006,2017-06-08 01:00:00,92.74347686767578
srv-006,2017-06-08 02:00:00,91.73310089111328
srv-006,2017-06-08 03:00:00,91.5357437133789
srv-006,2017-06-08 04:00:00,93.16423797607422
srv-006,2017-06-08 05:00:00,93.11433410644531
srv-006,2017-06-08 06:00:00,92.82782745361328
srv-006,2017-06-08 07:00:00,93.59322357177734
srv-006,2017-06-08 08:00:00,93.61570739746094
srv-006,2017-06-08 09:00:00,93.69303894042969
srv-006,2017-06-08 10:00:00,93.78478240966797
srv-006,2017-06-08 11:00:00,93.6925048828125
srv-006,2017-06-08 12:00:00,93.68387603759766
srv-006,2017-06-08 13:00:00,93.76769256591797
srv-006,2017-06-08 14:00:00,93.59282684326172
srv-006,2017-06-08 15:00:00,93.5433578491211
srv-006,2017-06-08 16:00:00,93.37976837158203
srv-006,2017-06-08 17:00:00,93.07282257080078
srv-006,2017-06-08 18:00:00,93.14496612548828
srv-006,2017-06-08 19:00:00,92.95268249511719
srv-006,2017-06-08 20:00:00,92.0485610961914
srv-006,2017-06-08 21:00:00,91.12906646728516
srv-006,2017-06-08 22:00:00,92.26606750488281
srv-006,2017-06-08 23:00:00,92.59815216064453
srv-006,2017-06-09 00:00:00,93.16728973388672
srv-006,2017-06-09 01:00:00,92.8773422241211
srv-006,2017-06-09 02:00:00,92.99990844726562
srv-006,2017-06-09 03:00:00,92.97745513916016
srv-006,2017-06-09 04:00:00,93.19721221923828
srv-006,2017-06-09 05:00:00,92.1640853881836
srv-006,2017-06-09 06:00:00,89.00444793701172
srv-006,2017-06-09 07:00:00,92.36432647705078
srv-006,2017-06-09 08:00:00,89.50791931152344
srv-006,2017-06-09 09:00:00,83.12914276123047
srv-006,2017-06-09 10:00:00,81.23152923583984
srv-006,2017-06-09 11:00:00,85.9379653930664
srv-006,2017-06-09 12:00:00,92.08786010742188
srv-006,2017-06-09 13:00:00,91.9262466430664
srv-006,2017-06-09 14:00:00,90.89925384521484
srv-006,2017-06-09 15:00:00,90.7901611328125
srv-006,2017-06-09 16:00:00,90.34046936035156
srv-006,2017-06-09 17:00:00,84.61608123779297
srv-006,2017-06-09 18:00:00,85.88933563232422
srv-006,2017-06-09 19:00:00,83.97290802001953
srv-006,2017-06-09 20:00:00,82.1476058959961
srv-006,2017-06-09 21:00:00,78.34365844726562
srv-006,2017-06-09 22:00:00,74.59663391113281
srv-006,2017-06-09 23:00:00,71.29082489013672
srv-006,2017-06-10 00:00:00,81.35472106933594
srv-006,2017-06-10 01:00:00,81.67813873291016
srv-006,2017-06-10 02:00:00,82.71495819091797
srv-006,2017-06-10 03:00:00,80.67237091064453
srv-006,2017-06-10 04:00:00,83.40170288085938
srv-006,2017-06-10 05:00:00,85.27904510498047
srv-006,2017-06-10 06:00:00,81.47994232177734
srv-006,2017-06-10 07:00:00,90.84841918945312
srv-006,2017-06-10 08:00:00,84.24280548095703
srv-006,2017-06-10 09:00:00,88.63204193115234
srv-006,2017-06-10 10:00:00,91.52924346923828
srv-006,2017-06-10 11:00:00,90.79923248291016
srv-006,2017-06-10 12:00:00,91.826904296875
srv-006,2017-06-10 13:00:00,91.62166595458984
srv-006,2017-06-10 14:00:00,90.99494934082031
srv-006,2017-06-10 15:00:00,90.05841064453125
srv-006,2017-06-10 16:00:00,89.52816009521484
srv-006,2017-06-10 17:00:00,87.39568328857422
srv-006,2017-06-10 18:00:00,85.19415283203125
srv-006,2017-06-10 19:00:00,82.07398223876953
srv-006,2017-06-10 20:00:00,84.1590576171875
srv-006,2017-06-10 21:00:00,80.35839080810547
srv-006,2017-06-10 22:00:00,77.46644592285156
srv-006,2017-06-10 23:00:00,80.43972778320312
srv-006,2017-06-11 00:00:00,84.7155532836914
srv-006,2017-06-11 01:00:00,87.9087905883789
srv-006,2017-06-11 02:00:00,89.00286102294922
srv-006,2017-06-11 03:00:00,84.83377838134766
srv-006,2017-06-11 04:00:00,81.14466094970703
srv-006,2017-06-11 05:00:00,82.55477142333984
srv-006,2017-06-11 06:00:00,82.9548110961914
srv-006,2017-06-11 07:00:00,90.81971740722656
srv-006,2017-06-11 08:00:00,87.55748748779297
srv-006,2017-06-11 09:00:00,87.7270736694336
srv-006,2017-06-11 10:00:00,90.51441192626953
srv-006,2017-06-11 11:00:00,89.89653778076172
srv-006,2017-06-11 12:00:00,90.5206527709961
srv-006,2017-06-11 13:00:00,89.40155029296875
srv-006,2017-06-11 14:00:00,88.97760772705078
srv-006,2017-06-11 15:00:00,87.3384017944336
srv-006,2017-06-11 16:00:00,86.76372528076172
srv-006,2017-06-11 17:00:00,86.48075866699219
srv-006,2017-06-11 18:00:00,87.44824981689453
srv-006,2017-06-11 19:00:00,87.98450469970703
srv-006,2017-06-11 20:00:00,85.61840057373047
srv-006,2017-06-11 21:00:00,83.43328094482422
srv-006,2017-06-11 22:00:00,85.60225677490234
srv-006,2017-06-11 23:00:00,85.16743469238281
srv-006,2017-06-12 00:00:00,78.71627807617188
srv-006,2017-06-12 01:00:00,80.54645538330078
srv-006,2017-06-12 02:00:00,84.5368881225586
srv-006,2017-06-12 03:00:00,85.52880096435547
srv-006,2017-06-12 04:00:00,82.14129638671875
srv-006,2017-06-12 05:00:00,84.0308837890625
srv-006,2017-06-12 06:00:00,88.08704376220703
srv-006,2017-06-12 07:00:00,92.02522277832031
srv-006,2017-06-12 08:00:00,91.66422271728516
srv-006,2017-06-12 09:00:00,93.28308868408203
srv-006,2017-06-12 10:00:00,93.5791244506836
srv-006,2017-06-12 11:00:00,92.8753433227539
srv-006,2017-06-12 12:00:00,93.29051971435547
srv-006,2017-06-12 13:00:00,93.59960174560547
srv-006,2017-06-12 14:00:00,93.69220733642578
srv-006,2017-06-12 15:00:00,93.59629821777344
srv-006,2017-06-12 16:00:00,93.4244613647461
srv-006,2017-06-12 17:00:00,92.9542236328125
srv-006,2017-06-12 18:00:00,92.62471771240234
srv-006,2017-06-12 19:00:00,90.89705657958984
srv-006,2017-06-12 20:00:00,89.42327117919922
srv-006,2017-06-12 21:00:00,86.87020111083984
srv-006,2017-06-12 22:00:00,89.208740234375
srv-006,2017-06-12 23:00:00,87.33779907226562
srv-006,2017-06-13 00:00:00,90.70282745361328
srv-006,2017-06-13 01:00:00,88.01774597167969
srv-006,2017-06-13 02:00:00,86.59163665771484
srv-006,2017-06-13 03:00:00,89.35106658935547
srv-006,2017-06-13 04:00:00,92.16011810302734
srv-006,2017-06-13 05:00:00,87.40231323242188
srv-006,2017-06-13 06:00:00,91.80751037597656
srv-006,2017-06-13 07:00:00,93.75031280517578
srv-006,2017-06-13 08:00:00,93.35518646240234
srv-006,2017-06-13 09:00:00,93.25364685058594
srv-006,2017-06-13 10:00:00,93.91197967529297
srv-006,2017-06-13 11:00:00,93.90890502929688
srv-006,2017-06-13 12:00:00,93.92301177978516
srv-006,2017-06-13 13:00:00,93.7015609741211
srv-006,2017-06-13 14:00:00,93.5802993774414
srv-006,2017-06-13 15:00:00,93.47277069091797
srv-006,2017-06-13 16:00:00,93.2967758178711
srv-006,2017-06-13 17:00:00,93.41986846923828
srv-006,2017-06-13 18:00:00,93.19268035888672
srv-006,2017-06-13 19:00:00,93.2246322631836
srv-006,2017-06-13 20:00:00,93.02276611328125
srv-006,2017-06-13 21:00:00,91.07000732421875
srv-006,2017-06-13 22:00:00,92.18902587890625
srv-006,2017-06-13 23:00:00,92.94176483154297
srv-006,2017-06-14 00:00:00,92.70825958251953
srv-006,2017-06-14 01:00:00,92.8732681274414
srv-006,2017-06-14 02:00:00,93.51140594482422
srv-006,2017-06-14 03:00:00,93.59740447998047
srv-006,2017-06-14 04:00:00,93.67716217041016
srv-006,2017-06-14 05:00:00,93.73930358886719
srv-006,2017-06-14 06:00:00,93.7688980102539
srv-006,2017-06-14 07:00:00,93.7802734375
srv-006,2017-06-14 08:00:00,93.8102035522461
srv-006,2017-06-14 09:00:00,93.77776336669922
srv-006,2017-06-14 10:00:00,93.85779571533203
srv-006,2017-06-14 11:00:00,93.82596588134766
srv-006,2017-06-14 12:00:00,93.72742462158203
srv-006,2017-06-14 13:00:00,93.4742660522461
srv-006,2017-06-14 14:00:00,93.57257843017578
srv-006,2017-06-14 15:00:00,93.57367706298828
srv-006,2017-06-14 16:00:00,93.4753646850586
srv-006,2017-06-14 17:00:00,93.4411392211914
srv-006,2017-06-14 18:00:00,93.4687728881836
srv-006,2017-06-14 19:00:00,93.52413177490234
srv-006,2017-06-14 20:00:00,93.4200668334961
srv-006,2017-06-14 21:00:00,93.46227264404297
srv-006,2017-06-14 22:00:00,92.9432601928711
srv-006,2017-06-14 23:00:00,92.83238983154297
srv-006,2017-06-15 00:00:00,91.96834564208984
srv-006,2017-06-15 01:00:00,91.7302474975586
srv-006,2017-06-15 02:00:00,90.89232635498047
srv-006,2017-06-15 03:00:00,93.09210205078125
srv-006,2017-06-15 04:00:00,92.9045181274414
srv-006,2017-06-15 05:00:00,93.2906723022461
srv-006,2017-06-15 06:00:00,92.55806732177734
srv-006,2017-06-15 07:00:00,93.49539947509766
srv-006,2017-06-15 08:00:00,93.56279754638672
srv-006,2017-06-15 09:00:00,93.6141128540039
srv-006,2017-06-15 10:00:00,93.63531494140625
srv-006,2017-06-15 11:00:00,93.82755279541016
srv-006,2017-06-15 12:00:00,93.7215805053711
srv-006,2017-06-15 13:00:00,93.68069458007812
srv-006,2017-06-15 14:00:00,93.6014404296875
srv-006,2017-06-15 15:00:00,93.5321273803711
srv-006,2017-06-15 16:00:00,93.4490737915039
srv-006,2017-06-15 17:00:00,93.2142562866211
srv-006,2017-06-15 18:00:00,93.1375503540039
srv-006,2017-06-15 19:00:00,93.2802963256836
srv-006,2017-06-15 20:00:00,92.99633026123047
srv-006,2017-06-15 21:00:00,89.1061019897461
srv-006,2017-06-15 22:00:00,80.01587677001953
srv-006,2017-06-15 23:00:00,87.80342864990234
srv-006,2017-06-16 00:00:00,90.6361312866211
srv-006,2017-06-16 01:00:00,89.43120574951172
srv-006,2017-06-16 02:00:00,89.06707000732422
srv-006,2017-06-16 03:00:00,89.82042694091797
srv-006,2017-06-16 04:00:00,90.63892364501953
srv-006,2017-06-16 05:00:00,89.1635971069336
srv-006,2017-06-16 06:00:00,85.08112335205078
srv-006,2017-06-16 07:00:00,89.83253479003906
srv-006,2017-06-16 08:00:00,91.18235778808594
srv-006,2017-06-16 09:00:00,89.41915130615234
srv-006,2017-06-16 10:00:00,93.3045425415039
srv-006,2017-06-16 11:00:00,93.24642181396484
srv-006,2017-06-16 12:00:00,91.91950225830078
srv-006,2017-06-16 13:00:00,91.15538787841797
srv-006,2017-06-16 14:00:00,91.41954803466797
srv-006,2017-06-16 15:00:00,92.72978973388672
srv-006,2017-06-16 16:00:00,92.07556915283203
srv-006,2017-06-16 17:00:00,89.65731811523438
srv-006,2017-06-16 18:00:00,86.56634521484375
srv-006,2017-06-16 19:00:00,82.0894546508789
srv-006,2017-06-16 20:00:00,84.79752349853516
srv-006,2017-06-16 21:00:00,80.12812805175781
srv-006,2017-06-16 22:00:00,79.49559020996094
srv-006,2017-06-16 23:00:00,76.81632232666016
srv-006,2017-06-17 00:00:00,76.17584228515625
srv-006,2017-06-17 01:00:00,77.01956939697266
srv-006,2017-06-17 02:00:00,80.38455963134766
srv-006,2017-06-17 03:00:00,78.44198608398438
srv-006,2017-06-17 04:00:00,85.39229583740234
srv-006,2017-06-17 05:00:00,79.7686996459961
srv-006,2017-06-17 06:00:00,82.66939544677734
srv-006,2017-06-17 07:00:00,91.38043975830078
srv-006,2017-06-17 08:00:00,85.40381622314453
srv-006,2017-06-17 09:00:00,83.12493133544922
srv-006,2017-06-17 10:00:00,88.74971008300781
srv-006,2017-06-17 11:00:00,86.10145568847656
srv-006,2017-06-17 12:00:00,89.53905487060547
srv-006,2017-06-17 13:00:00,91.75897216796875
srv-006,2017-06-17 14:00:00,91.06526947021484
srv-006,2017-06-17 15:00:00,90.1372299194336
srv-006,2017-06-17 16:00:00,88.7657241821289
srv-006,2017-06-17 17:00:00,90.14305114746094
srv-006,2017-06-17 18:00:00,90.64679718017578
srv-006,2017-06-17 19:00:00,88.43869018554688
srv-006,2017-06-17 20:00:00,84.0256118774414
srv-006,2017-06-17 21:00:00,78.41951751708984
srv-006,2017-06-17 22:00:00,76.06844329833984
srv-006,2017-06-17 23:00:00,75.74857330322266
srv-006,2017-06-18 00:00:00,79.90716552734375
srv-006,2017-06-18 01:00:00,83.2977523803711
srv-006,2017-06-18 02:00:00,86.17510986328125
srv-006,2017-06-18 03:00:00,80.11599731445312
srv-006,2017-06-18 04:00:00,90.41242980957031
srv-006,2017-06-18 05:00:00,90.91023254394531
srv-006,2017-06-18 06:00:00,87.43326568603516
srv-006,2017-06-18 07:00:00,90.21361541748047
srv-006,2017-06-18 08:00:00,91.87079620361328
srv-006,2017-06-18 09:00:00,91.49398040771484
srv-006,2017-06-18 10:00:00,92.70458221435547
srv-006,2017-06-18 11:00:00,90.9350814819336
srv-006,2017-06-18 12:00:00,90.32157135009766
srv-006,2017-06-18 13:00:00,90.3375015258789
srv-006,2017-06-18 14:00:00,90.51518249511719
srv-006,2017-06-18 15:00:00,88.89228057861328
srv-006,2017-06-18 16:00:00,88.45005798339844
srv-006,2017-06-18 17:00:00,85.66024780273438
srv-006,2017-06-18 18:00:00,86.49404907226562
srv-006,2017-06-18 19:00:00,85.7641372680664
srv-006,2017-06-18 20:00:00,86.28440856933594
srv-006,2017-06-18 21:00:00,84.13912963867188
srv-006,2017-06-18 22:00:00,83.49249267578125
srv-006,2017-06-18 23:00:00,80.15824127197266
srv-006,2017-06-19 00:00:00,84.84154510498047
srv-006,2017-06-19 01:00:00,80.77603912353516
srv-006,2017-06-19 02:00:00,86.76245880126953
srv-006,2017-06-19 03:00:00,85.63727569580078
srv-006,2017-06-19 04:00:00,87.7762680053711
srv-006,2017-06-19 05:00:00,80.25653076171875
srv-006,2017-06-19 06:00:00,81.8780746459961
srv-006,2017-06-19 07:00:00,87.5711669921875
srv-006,2017-06-19 08:00:00,84.99175262451172
srv-006,2017-06-19 09:00:00,82.6503677368164
srv-006,2017-06-19 10:00:00,88.50533294677734
srv-006,2017-06-19 11:00:00,92.02729034423828
srv-006,2017-06-19 12:00:00,93.5268325805664
srv-006,2017-06-19 13:00:00,93.81140899658203
srv-006,2017-06-19 14:00:00,93.82259368896484
srv-006,2017-06-19 15:00:00,93.7584457397461
srv-006,2017-06-19 16:00:00,93.5160903930664
srv-006,2017-06-19 17:00:00,93.46857452392578
srv-006,2017-06-19 18:00:00,93.3118896484375
srv-006,2017-06-19 19:00:00,93.26583862304688
srv-006,2017-06-19 20:00:00,92.7410659790039
srv-006,2017-06-19 21:00:00,91.81488800048828
srv-006,2017-06-19 22:00:00,90.1053237915039
srv-006,2017-06-19 23:00:00,89.77094268798828
srv-006,2017-06-20 00:00:00,88.80809020996094
srv-006,2017-06-20 01:00:00,88.78837585449219
srv-006,2017-06-20 02:00:00,90.22527313232422
srv-006,2017-06-20 03:00:00,89.68048858642578
srv-006,2017-06-20 04:00:00,93.18004608154297
srv-006,2017-06-20 05:00:00,93.5461196899414
srv-006,2017-06-20 06:00:00,93.59716033935547
srv-006,2017-06-20 07:00:00,93.8290023803711
srv-006,2017-06-20 08:00:00,93.17499542236328
srv-006,2017-06-20 09:00:00,93.93109893798828
srv-006,2017-06-20 10:00:00,93.98633575439453
srv-006,2017-06-20 11:00:00,93.92132568359375
srv-006,2017-06-20 12:00:00,93.94611358642578
srv-006,2017-06-20 13:00:00,93.88052368164062
srv-006,2017-06-20 14:00:00,93.83817291259766
srv-006,2017-06-20 15:00:00,93.8916244506836
srv-006,2017-06-20 16:00:00,93.7541275024414
srv-006,2017-06-20 17:00:00,93.5493392944336
srv-006,2017-06-20 18:00:00,92.76165008544922
srv-006,2017-06-20 19:00:00,92.8093032836914
srv-006,2017-06-20 20:00:00,93.40433502197266
srv-006,2017-06-20 21:00:00,93.4380111694336
srv-006,2017-06-20 22:00:00,93.23841094970703
srv-006,2017-06-20 23:00:00,93.2794418334961
srv-006,2017-06-21 00:00:00,93.22228240966797
srv-006,2017-06-21 01:00:00,92.96659088134766
srv-006,2017-06-21 02:00:00,93.31964874267578
srv-006,2017-06-21 03:00:00,93.56173706054688
srv-006,2017-06-21 04:00:00,93.67985534667969
srv-006,2017-06-21 05:00:00,93.75511169433594
srv-006,2017-06-21 06:00:00,93.83131408691406
srv-006,2017-06-21 07:00:00,93.81773376464844
srv-006,2017-06-21 08:00:00,93.79534149169922
srv-006,2017-06-21 09:00:00,93.74676513671875
srv-006,2017-06-21 10:00:00,93.58097839355469
srv-006,2017-06-21 11:00:00,93.56251525878906
srv-006,2017-06-21 12:00:00,93.64643859863281
srv-006,2017-06-21 13:00:00,93.6690444946289
srv-006,2017-06-21 14:00:00,93.74110412597656
srv-006,2017-06-21 15:00:00,93.64936065673828
srv-006,2017-06-21 16:00:00,93.62655639648438
srv-006,2017-06-21 17:00:00,93.54106903076172
srv-006,2017-06-21 18:00:00,93.46876525878906
srv-006,2017-06-21 19:00:00,93.44469451904297
srv-006,2017-06-21 20:00:00,93.4629898071289
srv-006,2017-06-21 21:00:00,93.50609588623047
srv-006,2017-06-21 22:00:00,93.46488189697266
srv-006,2017-06-21 23:00:00,93.5023193359375
srv-006,2017-06-22 00:00:00,93.5177993774414
srv-006,2017-06-22 01:00:00,93.5097885131836
srv-006,2017-06-22 02:00:00,93.51852416992188
srv-006,2017-06-22 03:00:00,93.50874328613281
srv-006,2017-06-22 04:00:00,93.4988021850586
srv-006,2017-06-22 05:00:00,92.74949645996094
srv-006,2017-06-22 06:00:00,91.2562255859375
srv-006,2017-06-22 07:00:00,92.2204360961914
srv-006,2017-06-22 08:00:00,74.9074478149414
srv-006,2017-06-22 09:00:00,79.2888412475586
srv-006,2017-06-22 10:00:00,84.65027618408203
srv-006,2017-06-22 11:00:00,93.08651733398438
srv-006,2017-06-22 12:00:00,93.09356689453125
srv-006,2017-06-22 13:00:00,93.33953094482422
srv-006,2017-06-22 14:00:00,93.41802978515625
srv-006,2017-06-22 15:00:00,93.58235931396484
srv-006,2017-06-22 16:00:00,93.62419891357422
srv-006,2017-06-22 17:00:00,93.59392547607422
srv-006,2017-06-22 18:00:00,93.61610412597656
srv-006,2017-06-22 19:00:00,92.6015853881836
srv-006,2017-06-22 20:00:00,89.2932357788086
srv-006,2017-06-22 21:00:00,86.36734008789062
srv-006,2017-06-22 22:00:00,83.91773223876953
srv-006,2017-06-22 23:00:00,84.99907684326172
srv-006,2017-06-23 00:00:00,81.39427185058594
srv-006,2017-06-23 01:00:00,83.92327880859375
srv-006,2017-06-23 02:00:00,85.96167755126953
srv-006,2017-06-23 03:00:00,85.6832275390625
srv-006,2017-06-23 04:00:00,87.08650970458984
srv-006,2017-06-23 05:00:00,86.7177734375
srv-006,2017-06-23 06:00:00,81.85611724853516
srv-006,2017-06-23 07:00:00,87.09551239013672
srv-006,2017-06-23 08:00:00,82.78746795654297
srv-006,2017-06-23 09:00:00,83.10105895996094
srv-006,2017-06-23 10:00:00,86.35111236572266
srv-006,2017-06-23 11:00:00,85.07916259765625
srv-006,2017-06-23 12:00:00,89.36418151855469
srv-006,2017-06-23 13:00:00,92.13794708251953
srv-006,2017-06-23 14:00:00,93.08892059326172
srv-006,2017-06-23 15:00:00,92.69011688232422
srv-006,2017-06-23 16:00:00,92.4902572631836
srv-006,2017-06-23 17:00:00,91.9701919555664
srv-006,2017-06-23 18:00:00,86.82145690917969
srv-006,2017-06-23 19:00:00,80.28008270263672
srv-006,2017-06-23 20:00:00,79.8284683227539
srv-006,2017-06-23 21:00:00,77.40303802490234
srv-006,2017-06-23 22:00:00,79.81563568115234
srv-006,2017-06-23 23:00:00,77.33502197265625
srv-006,2017-06-24 00:00:00,84.37281036376953
srv-006,2017-06-24 01:00:00,84.47657775878906
srv-006,2017-06-24 02:00:00,90.26889038085938
srv-006,2017-06-24 03:00:00,87.8121109008789
srv-006,2017-06-24 04:00:00,79.97715759277344
srv-006,2017-06-24 05:00:00,79.6600341796875
srv-006,2017-06-24 06:00:00,82.84786987304688
srv-006,2017-06-24 07:00:00,85.41809844970703
srv-006,2017-06-24 08:00:00,87.36394500732422
srv-006,2017-06-24 09:00:00,89.19973754882812
srv-006,2017-06-24 10:00:00,89.45469665527344
srv-006,2017-06-24 11:00:00,90.845458984375
srv-006,2017-06-24 12:00:00,92.43109893798828
srv-006,2017-06-24 13:00:00,91.08415985107422
srv-006,2017-06-24 14:00:00,90.57833862304688
srv-006,2017-06-24 15:00:00,88.21742248535156
srv-006,2017-06-24 16:00:00,86.90013122558594
srv-006,2017-06-24 17:00:00,81.7004165649414
srv-006,2017-06-24 18:00:00,83.20812225341797
srv-006,2017-06-24 19:00:00,84.57185363769531
srv-006,2017-06-24 20:00:00,82.29576873779297
srv-006,2017-06-24 21:00:00,81.19302368164062
srv-006,2017-06-24 22:00:00,78.50091552734375
srv-006,2017-06-24 23:00:00,80.68668365478516
srv-006,2017-06-25 00:00:00,83.85753631591797
srv-006,2017-06-25 01:00:00,86.54851531982422
srv-006,2017-06-25 02:00:00,83.66014862060547
srv-006,2017-06-25 03:00:00,81.03948211669922
srv-006,2017-06-25 04:00:00,77.93101501464844
srv-006,2017-06-25 05:00:00,84.1358871459961
srv-006,2017-06-25 06:00:00,82.33499145507812
srv-006,2017-06-25 07:00:00,84.42390441894531
srv-006,2017-06-25 08:00:00,76.49918365478516
srv-006,2017-06-25 09:00:00,80.0502700805664
srv-006,2017-06-25 10:00:00,92.20206451416016
srv-006,2017-06-25 11:00:00,92.67514038085938
srv-006,2017-06-25 12:00:00,90.89728546142578
srv-006,2017-06-25 13:00:00,89.67390441894531
srv-006,2017-06-25 14:00:00,88.84215545654297
srv-006,2017-06-25 15:00:00,88.94032287597656
srv-006,2017-06-25 16:00:00,89.75324249267578
srv-006,2017-06-25 17:00:00,89.2190170288086
srv-006,2017-06-25 18:00:00,87.1351547241211
srv-006,2017-06-25 19:00:00,87.0783462524414
srv-006,2017-06-25 20:00:00,89.69791412353516
srv-006,2017-06-25 21:00:00,90.96215057373047
srv-006,2017-06-25 22:00:00,87.02056884765625
srv-006,2017-06-25 23:00:00,77.14132690429688
srv-006,2017-06-26 00:00:00,75.74471282958984
srv-006,2017-06-26 01:00:00,76.46172332763672
srv-006,2017-06-26 02:00:00,76.14348602294922
srv-006,2017-06-26 03:00:00,78.29157257080078
srv-006,2017-06-26 04:00:00,90.41468048095703
srv-006,2017-06-26 05:00:00,91.82567596435547
srv-006,2017-06-26 06:00:00,88.6617660522461
srv-006,2017-06-26 07:00:00,93.56317901611328
srv-006,2017-06-26 08:00:00,89.51041412353516
srv-006,2017-06-26 09:00:00,79.36560821533203
srv-006,2017-06-26 10:00:00,82.58858489990234
srv-006,2017-06-26 11:00:00,91.53327178955078
srv-006,2017-06-26 12:00:00,91.37689971923828
srv-006,2017-06-26 13:00:00,93.01708221435547
srv-006,2017-06-26 14:00:00,92.52616882324219
srv-006,2017-06-26 15:00:00,91.84782409667969
srv-006,2017-06-26 16:00:00,92.21935272216797
srv-006,2017-06-26 17:00:00,92.7549057006836
srv-006,2017-06-26 18:00:00,88.4652328491211
srv-006,2017-06-26 19:00:00,88.34575653076172
srv-006,2017-06-26 20:00:00,88.80146789550781
srv-006,2017-06-26 21:00:00,88.84217071533203
srv-006,2017-06-26 22:00:00,89.86956024169922
srv-006,2017-06-26 23:00:00,91.115966796875
srv-006,2017-06-27 00:00:00,91.19037628173828
srv-006,2017-06-27 01:00:00,90.67255401611328
srv-006,2017-06-27 02:00:00,90.11328125
srv-006,2017-06-27 03:00:00,91.1842269897461
srv-006,2017-06-27 04:00:00,90.47416687011719
srv-006,2017-06-27 05:00:00,92.62117767333984
srv-006,2017-06-27 06:00:00,92.7466812133789
srv-006,2017-06-27 07:00:00,92.84963989257812
srv-006,2017-06-27 08:00:00,92.59368896484375
srv-006,2017-06-27 09:00:00,92.08795928955078
srv-006,2017-06-27 10:00:00,93.55496978759766
srv-006,2017-06-27 11:00:00,93.73485565185547
srv-006,2017-06-27 12:00:00,93.88406372070312
srv-006,2017-06-27 13:00:00,93.8025894165039
srv-006,2017-06-27 14:00:00,93.87889099121094
srv-006,2017-06-27 15:00:00,93.91799926757812
srv-006,2017-06-27 16:00:00,93.88741302490234
srv-006,2017-06-27 17:00:00,93.7496109008789
srv-006,2017-06-27 18:00:00,93.64098358154297
srv-006,2017-06-27 19:00:00,93.40765380859375
srv-006,2017-06-27 20:00:00,93.42389678955078
srv-006,2017-06-27 21:00:00,93.42156219482422
srv-006,2017-06-27 22:00:00,93.55994415283203
srv-006,2017-06-27 23:00:00,93.49076080322266
srv-006,2017-06-28 00:00:00,93.08048248291016
srv-006,2017-06-28 01:00:00,93.09159088134766
srv-006,2017-06-28 02:00:00,93.3484878540039
srv-006,2017-06-28 03:00:00,93.3666000366211
srv-006,2017-06-28 04:00:00,93.45442199707031
srv-006,2017-06-28 05:00:00,93.58673095703125
srv-006,2017-06-28 06:00:00,93.75963592529297
srv-006,2017-06-28 07:00:00,93.7695541381836
srv-006,2017-06-28 08:00:00,93.73434448242188
srv-006,2017-06-28 09:00:00,93.78661346435547
srv-006,2017-06-28 10:00:00,93.81600189208984
srv-006,2017-06-28 11:00:00,93.70793151855469
srv-006,2017-06-28 12:00:00,93.74591064453125
srv-006,2017-06-28 13:00:00,93.7182388305664
srv-006,2017-06-28 14:00:00,93.69554901123047
srv-006,2017-06-28 15:00:00,93.70659637451172
srv-006,2017-06-28 16:00:00,93.5606460571289
srv-006,2017-06-28 17:00:00,93.50540161132812
srv-006,2017-06-28 18:00:00,93.53279876708984
srv-006,2017-06-28 19:00:00,93.49286651611328
srv-006,2017-06-28 20:00:00,93.48686218261719
srv-006,2017-06-28 21:00:00,93.56841278076172
srv-006,2017-06-28 22:00:00,93.58721923828125
srv-006,2017-06-28 23:00:00,93.55782318115234
srv-006,2017-06-29 00:00:00,93.4611587524414
srv-006,2017-06-29 01:00:00,93.47350311279297
srv-006,2017-06-29 02:00:00,93.55924224853516
srv-006,2017-06-29 03:00:00,93.59207916259766
srv-006,2017-06-29 04:00:00,93.41552734375
srv-006,2017-06-29 05:00:00,93.15080261230469
srv-006,2017-06-29 06:00:00,93.50387573242188
srv-006,2017-06-29 07:00:00,93.49691009521484
srv-006,2017-06-29 08:00:00,93.42289733886719
srv-006,2017-06-29 09:00:00,93.43669891357422
srv-006,2017-06-29 10:00:00,93.44585418701172
srv-006,2017-06-29 11:00:00,93.42495727539062
srv-006,2017-06-29 12:00:00,93.428466796875
srv-006,2017-06-29 13:00:00,93.55136108398438
srv-006,2017-06-29 14:00:00,93.52972412109375
srv-006,2017-06-29 15:00:00,93.4932632446289
srv-006,2017-06-29 16:00:00,93.4205322265625
srv-006,2017-06-29 17:00:00,93.5267105102539
srv-006,2017-06-29 18:00:00,93.55657196044922
srv-006,2017-06-29 19:00:00,93.4452133178711
srv-006,2017-06-29 20:00:00,93.39972686767578
srv-006,2017-06-29 21:00:00,92.20479583740234
srv-006,2017-06-29 22:00:00,90.39147186279297
srv-006,2017-06-29 23:00:00,89.27599334716797
srv-006,2017-06-30 00:00:00,86.91869354248047
srv-006,2017-06-30 01:00:00,86.52808380126953
srv-006,2017-06-30 02:00:00,83.81578826904297
srv-006,2017-06-30 03:00:00,79.58789825439453
srv-006,2017-06-30 04:00:00,79.13909912109375
srv-006,2017-06-30 05:00:00,79.7322769165039
srv-006,2017-06-30 06:00:00,81.37664031982422
srv-006,2017-06-30 07:00:00,88.2984390258789
srv-006,2017-06-30 08:00:00,87.89814758300781
srv-006,2017-06-30 09:00:00,91.67574310302734
srv-006,2017-06-30 10:00:00,92.2343521118164
srv-006,2017-06-30 11:00:00,91.26332092285156
srv-006,2017-06-30 12:00:00,93.14508819580078
srv-006,2017-06-30 13:00:00,93.1583023071289
srv-006,2017-06-30 14:00:00,92.9482650756836
srv-006,2017-06-30 15:00:00,93.3154525756836
srv-006,2017-06-30 16:00:00,92.33332061767578
srv-006,2017-06-30 17:00:00,89.27478790283203
srv-006,2017-06-30 18:00:00,87.19149780273438
srv-006,2017-06-30 19:00:00,89.3719253540039
srv-006,2017-06-30 20:00:00,78.63734436035156
srv-006,2017-06-30 21:00:00,77.83685302734375
srv-006,2017-06-30 22:00:00,75.11121368408203
srv-006,2017-06-30 23:00:00,88.44762420654297
srv-007,2017-06-01 23:00:00,44.42921447753906
srv-007,2017-06-02 00:00:00,44.769981384277344
srv-007,2017-06-02 01:00:00,46.98747253417969
srv-007,2017-06-02 02:00:00,47.03620147705078
srv-007,2017-06-02 03:00:00,45.51795959472656
srv-007,2017-06-02 04:00:00,51.32878875732422
srv-007,2017-06-02 05:00:00,49.53855895996094
srv-007,2017-06-02 06:00:00,52.82004165649414
srv-007,2017-06-02 07:00:00,55.92803192138672
srv-007,2017-06-02 08:00:00,51.39923095703125
srv-007,2017-06-02 09:00:00,44.66290283203125
srv-007,2017-06-02 10:00:00,49.16233825683594
srv-007,2017-06-02 11:00:00,41.99855041503906
srv-007,2017-06-02 12:00:00,39.903953552246094
srv-007,2017-06-02 13:00:00,45.52027893066406
srv-007,2017-06-02 14:00:00,39.423370361328125
srv-007,2017-06-02 15:00:00,37.91745376586914
srv-007,2017-06-02 16:00:00,41.30998229980469
srv-007,2017-06-02 17:00:00,39.22294235229492
srv-007,2017-06-02 18:00:00,37.1439094543457
srv-007,2017-06-02 19:00:00,33.2551155090332
srv-007,2017-06-02 20:00:00,34.084259033203125
srv-007,2017-06-02 21:00:00,32.99429702758789
srv-007,2017-06-02 22:00:00,32.49554443359375
srv-007,2017-06-02 23:00:00,33.68702697753906
srv-007,2017-06-03 00:00:00,38.3360595703125
srv-007,2017-06-03 01:00:00,39.938087463378906
srv-007,2017-06-03 02:00:00,36.54913330078125
srv-007,2017-06-03 03:00:00,37.84821319580078
srv-007,2017-06-03 04:00:00,42.46073913574219
srv-007,2017-06-03 05:00:00,44.45287322998047
srv-007,2017-06-03 06:00:00,43.41864776611328
srv-007,2017-06-03 07:00:00,40.519474029541016
srv-007,2017-06-03 08:00:00,38.697479248046875
srv-007,2017-06-03 09:00:00,39.64646911621094
srv-007,2017-06-03 10:00:00,42.819156646728516
srv-007,2017-06-03 11:00:00,49.88928985595703
srv-007,2017-06-03 12:00:00,46.106842041015625
srv-007,2017-06-03 13:00:00,45.272857666015625
srv-007,2017-06-03 14:00:00,40.832000732421875
srv-007,2017-06-03 15:00:00,39.542625427246094
srv-007,2017-06-03 16:00:00,42.030574798583984
srv-007,2017-06-03 17:00:00,38.68745422363281
srv-007,2017-06-03 18:00:00,33.62095642089844
srv-007,2017-06-03 19:00:00,39.42961502075195
srv-007,2017-06-03 20:00:00,39.2022705078125
srv-007,2017-06-03 21:00:00,36.36811447143555
srv-007,2017-06-03 22:00:00,34.41178512573242
srv-007,2017-06-03 23:00:00,35.11860656738281
srv-007,2017-06-04 00:00:00,35.77655029296875
srv-007,2017-06-04 01:00:00,39.28623962402344
srv-007,2017-06-04 02:00:00,35.14955139160156
srv-007,2017-06-04 03:00:00,34.388877868652344
srv-007,2017-06-04 04:00:00,32.37868881225586
srv-007,2017-06-04 05:00:00,34.29983901977539
srv-007,2017-06-04 06:00:00,37.73859405517578
srv-007,2017-06-04 07:00:00,42.885284423828125
srv-007,2017-06-04 08:00:00,41.820228576660156
srv-007,2017-06-04 09:00:00,41.26228713989258
srv-007,2017-06-04 10:00:00,43.22358322143555
srv-007,2017-06-04 11:00:00,43.99622344970703
srv-007,2017-06-04 12:00:00,47.41035079956055
srv-007,2017-06-04 13:00:00,45.747581481933594
srv-007,2017-06-04 14:00:00,48.5018310546875
srv-007,2017-06-04 15:00:00,50.7789306640625
srv-007,2017-06-04 16:00:00,48.96080017089844
srv-007,2017-06-04 17:00:00,41.3696403503418
srv-007,2017-06-04 18:00:00,38.32187271118164
srv-007,2017-06-04 19:00:00,37.64596939086914
srv-007,2017-06-04 20:00:00,39.04605484008789
srv-007,2017-06-04 21:00:00,37.00676727294922
srv-007,2017-06-04 22:00:00,35.369808197021484
srv-007,2017-06-04 23:00:00,35.849300384521484
srv-007,2017-06-05 00:00:00,31.22044563293457
srv-007,2017-06-05 01:00:00,30.363712310791016
srv-007,2017-06-05 02:00:00,33.480506896972656
srv-007,2017-06-05 03:00:00,34.85627746582031
srv-007,2017-06-05 04:00:00,38.30399703979492
srv-007,2017-06-05 05:00:00,32.965694427490234
srv-007,2017-06-05 06:00:00,32.56842803955078
srv-007,2017-06-05 07:00:00,33.38581848144531
srv-007,2017-06-05 08:00:00,31.128921508789062
srv-007,2017-06-05 09:00:00,32.87971115112305
srv-007,2017-06-05 10:00:00,33.68916702270508
srv-007,2017-06-05 11:00:00,34.397911071777344
srv-007,2017-06-05 12:00:00,41.129058837890625
srv-007,2017-06-05 13:00:00,42.868629455566406
srv-007,2017-06-05 14:00:00,41.81739044189453
srv-007,2017-06-05 15:00:00,49.28734588623047
srv-007,2017-06-05 16:00:00,47.66326904296875
srv-007,2017-06-05 17:00:00,46.09226989746094
srv-007,2017-06-05 18:00:00,44.37364196777344
srv-007,2017-06-05 19:00:00,41.65795135498047
srv-007,2017-06-05 20:00:00,40.589542388916016
srv-007,2017-06-05 21:00:00,39.417945861816406
srv-007,2017-06-05 22:00:00,35.765201568603516
srv-007,2017-06-05 23:00:00,34.6815185546875
srv-007,2017-06-06 00:00:00,44.80378723144531
srv-007,2017-06-06 01:00:00,45.72542190551758
srv-007,2017-06-06 02:00:00,47.25971221923828
srv-007,2017-06-06 03:00:00,52.221168518066406
srv-007,2017-06-06 04:00:00,47.3702507019043
srv-007,2017-06-06 05:00:00,44.43986892700195
srv-007,2017-06-06 06:00:00,44.126583099365234
srv-007,2017-06-06 07:00:00,49.84450149536133
srv-007,2017-06-06 08:00:00,48.73627471923828
srv-007,2017-06-06 09:00:00,52.63685607910156
srv-007,2017-06-06 10:00:00,54.130741119384766
srv-007,2017-06-06 11:00:00,55.76386642456055
srv-007,2017-06-06 12:00:00,54.93604278564453
srv-007,2017-06-06 13:00:00,55.34959411621094
srv-007,2017-06-06 14:00:00,56.172359466552734
srv-007,2017-06-06 15:00:00,54.122108459472656
srv-007,2017-06-06 16:00:00,54.21532440185547
srv-007,2017-06-06 17:00:00,47.75020217895508
srv-007,2017-06-06 18:00:00,48.11290740966797
srv-007,2017-06-06 19:00:00,48.249107360839844
srv-007,2017-06-06 20:00:00,51.313194274902344
srv-007,2017-06-06 21:00:00,48.54541015625
srv-007,2017-06-06 22:00:00,49.10262680053711
srv-007,2017-06-06 23:00:00,54.12751770019531
srv-007,2017-06-07 00:00:00,51.473670959472656
srv-007,2017-06-07 01:00:00,49.87986755371094
srv-007,2017-06-07 02:00:00,50.4112548828125
srv-007,2017-06-07 03:00:00,52.47853088378906
srv-007,2017-06-07 04:00:00,52.5254020690918
srv-007,2017-06-07 05:00:00,51.322174072265625
srv-007,2017-06-07 06:00:00,50.039669036865234
srv-007,2017-06-07 07:00:00,52.35401153564453
srv-007,2017-06-07 08:00:00,48.21603775024414
srv-007,2017-06-07 09:00:00,50.44165802001953
srv-007,2017-06-07 10:00:00,51.370819091796875
srv-007,2017-06-07 11:00:00,49.96083068847656
srv-007,2017-06-07 12:00:00,51.665870666503906
srv-007,2017-06-07 13:00:00,55.74131393432617
srv-007,2017-06-07 14:00:00,56.12477111816406
srv-007,2017-06-07 15:00:00,55.65163803100586
srv-007,2017-06-07 16:00:00,56.842002868652344
srv-007,2017-06-07 17:00:00,54.85407257080078
srv-007,2017-06-07 18:00:00,53.057151794433594
srv-007,2017-06-07 19:00:00,56.30388259887695
srv-007,2017-06-07 20:00:00,55.130767822265625
srv-007,2017-06-07 21:00:00,52.26853561401367
srv-007,2017-06-07 22:00:00,52.22019958496094
srv-007,2017-06-07 23:00:00,50.77381896972656
srv-007,2017-06-08 00:00:00,46.4411506652832
srv-007,2017-06-08 01:00:00,46.49174499511719
srv-007,2017-06-08 02:00:00,50.528717041015625
srv-007,2017-06-08 03:00:00,50.791778564453125
srv-007,2017-06-08 04:00:00,48.51595687866211
srv-007,2017-06-08 05:00:00,48.333702087402344
srv-007,2017-06-08 06:00:00,46.88834762573242
srv-007,2017-06-08 07:00:00,49.47976303100586
srv-007,2017-06-08 08:00:00,51.72761535644531
srv-007,2017-06-08 09:00:00,52.52593994140625
srv-007,2017-06-08 10:00:00,51.805328369140625
srv-007,2017-06-08 11:00:00,54.58600616455078
srv-007,2017-06-08 12:00:00,53.901763916015625
srv-007,2017-06-08 13:00:00,54.670928955078125
srv-007,2017-06-08 14:00:00,54.918060302734375
srv-007,2017-06-08 15:00:00,52.988521575927734
srv-007,2017-06-08 16:00:00,50.012413024902344
srv-007,2017-06-08 17:00:00,45.78971862792969
srv-007,2017-06-08 18:00:00,44.390045166015625
srv-007,2017-06-08 19:00:00,48.6920280456543
srv-007,2017-06-08 20:00:00,42.65338897705078
srv-007,2017-06-08 21:00:00,43.034603118896484
srv-007,2017-06-08 22:00:00,43.05763244628906
srv-007,2017-06-08 23:00:00,40.743247985839844
srv-007,2017-06-09 00:00:00,43.43415832519531
srv-007,2017-06-09 01:00:00,42.178627014160156
srv-007,2017-06-09 02:00:00,37.921810150146484
srv-007,2017-06-09 03:00:00,43.64802551269531
srv-007,2017-06-09 04:00:00,45.92176055908203
srv-007,2017-06-09 05:00:00,40.61619567871094
srv-007,2017-06-09 06:00:00,39.073486328125
srv-007,2017-06-09 07:00:00,39.90296173095703
srv-007,2017-06-09 08:00:00,36.148502349853516
srv-007,2017-06-09 09:00:00,41.25019836425781
srv-007,2017-06-09 10:00:00,36.11347198486328
srv-007,2017-06-09 11:00:00,36.35954284667969
srv-007,2017-06-09 12:00:00,33.88872528076172
srv-007,2017-06-09 13:00:00,34.85175323486328
srv-007,2017-06-09 14:00:00,38.93677520751953
srv-007,2017-06-09 15:00:00,35.245052337646484
srv-007,2017-06-09 16:00:00,36.93862533569336
srv-007,2017-06-09 17:00:00,33.487735748291016
srv-007,2017-06-09 18:00:00,37.053382873535156
srv-007,2017-06-09 19:00:00,35.72234344482422
srv-007,2017-06-09 20:00:00,34.52872085571289
srv-007,2017-06-09 21:00:00,35.797874450683594
srv-007,2017-06-09 22:00:00,35.56235885620117
srv-007,2017-06-09 23:00:00,34.19618225097656
srv-007,2017-06-10 00:00:00,41.11103439331055
srv-007,2017-06-10 01:00:00,42.48851776123047
srv-007,2017-06-10 02:00:00,40.79029083251953
srv-007,2017-06-10 03:00:00,42.444095611572266
srv-007,2017-06-10 04:00:00,35.124786376953125
srv-007,2017-06-10 05:00:00,33.68830490112305
srv-007,2017-06-10 06:00:00,31.86852264404297
srv-007,2017-06-10 07:00:00,35.412689208984375
srv-007,2017-06-10 08:00:00,35.8984489440918
srv-007,2017-06-10 09:00:00,38.38860321044922
srv-007,2017-06-10 10:00:00,41.296974182128906
srv-007,2017-06-10 11:00:00,35.204505920410156
srv-007,2017-06-10 12:00:00,39.936737060546875
srv-007,2017-06-10 13:00:00,41.83732604980469
srv-007,2017-06-10 14:00:00,44.64533996582031
srv-007,2017-06-10 15:00:00,42.00811004638672
srv-007,2017-06-10 16:00:00,43.192237854003906
srv-007,2017-06-10 17:00:00,42.527828216552734
srv-007,2017-06-10 18:00:00,38.04309844970703
srv-007,2017-06-10 19:00:00,31.353801727294922
srv-007,2017-06-10 20:00:00,31.617259979248047
srv-007,2017-06-10 21:00:00,32.94926071166992
srv-007,2017-06-10 22:00:00,34.079463958740234
srv-007,2017-06-10 23:00:00,32.63365173339844
srv-007,2017-06-11 00:00:00,37.56114959716797
srv-007,2017-06-11 01:00:00,40.40777587890625
srv-007,2017-06-11 02:00:00,36.88011169433594
srv-007,2017-06-11 03:00:00,41.283958435058594
srv-007,2017-06-11 04:00:00,38.28940200805664
srv-007,2017-06-11 05:00:00,33.24580764770508
srv-007,2017-06-11 06:00:00,35.308040618896484
srv-007,2017-06-11 07:00:00,33.63864517211914
srv-007,2017-06-11 08:00:00,33.004554748535156
srv-007,2017-06-11 09:00:00,34.39045715332031
srv-007,2017-06-11 10:00:00,36.563377380371094
srv-007,2017-06-11 11:00:00,41.48970031738281
srv-007,2017-06-11 12:00:00,46.78282928466797
srv-007,2017-06-11 13:00:00,45.5295295715332
srv-007,2017-06-11 14:00:00,35.62986755371094
srv-007,2017-06-11 15:00:00,39.003135681152344
srv-007,2017-06-11 16:00:00,36.41034698486328
srv-007,2017-06-11 17:00:00,39.6608772277832
srv-007,2017-06-11 18:00:00,38.817020416259766
srv-007,2017-06-11 19:00:00,37.504852294921875
srv-007,2017-06-11 20:00:00,35.601280212402344
srv-007,2017-06-11 21:00:00,35.464256286621094
srv-007,2017-06-11 22:00:00,39.78160858154297
srv-007,2017-06-11 23:00:00,43.623714447021484
srv-007,2017-06-12 00:00:00,36.12489700317383
srv-007,2017-06-12 01:00:00,35.54526138305664
srv-007,2017-06-12 02:00:00,33.68341064453125
srv-007,2017-06-12 03:00:00,33.722312927246094
srv-007,2017-06-12 04:00:00,34.184329986572266
srv-007,2017-06-12 05:00:00,34.71206283569336
srv-007,2017-06-12 06:00:00,32.76673126220703
srv-007,2017-06-12 07:00:00,32.39362335205078
srv-007,2017-06-12 08:00:00,32.24078369140625
srv-007,2017-06-12 09:00:00,34.589202880859375
srv-007,2017-06-12 10:00:00,43.20376205444336
srv-007,2017-06-12 11:00:00,41.447967529296875
srv-007,2017-06-12 12:00:00,44.321250915527344
srv-007,2017-06-12 13:00:00,38.56825637817383
srv-007,2017-06-12 14:00:00,34.664669036865234
srv-007,2017-06-12 15:00:00,32.97161102294922
srv-007,2017-06-12 16:00:00,41.63254928588867
srv-007,2017-06-12 17:00:00,42.690399169921875
srv-007,2017-06-12 18:00:00,39.247318267822266
srv-007,2017-06-12 19:00:00,38.305538177490234
srv-007,2017-06-12 20:00:00,38.32366180419922
srv-007,2017-06-12 21:00:00,44.11982727050781
srv-007,2017-06-12 22:00:00,43.95930099487305
srv-007,2017-06-12 23:00:00,43.846492767333984
srv-007,2017-06-13 00:00:00,48.23698425292969
srv-007,2017-06-13 01:00:00,48.62333297729492
srv-007,2017-06-13 02:00:00,50.13899230957031
srv-007,2017-06-13 03:00:00,40.38758087158203
srv-007,2017-06-13 04:00:00,37.8045654296875
srv-007,2017-06-13 05:00:00,46.487396240234375
srv-007,2017-06-13 06:00:00,44.319313049316406
srv-007,2017-06-13 07:00:00,48.62578201293945
srv-007,2017-06-13 08:00:00,46.67341613769531
srv-007,2017-06-13 09:00:00,49.5328254699707
srv-007,2017-06-13 10:00:00,54.27073669433594
srv-007,2017-06-13 11:00:00,54.28878402709961
srv-007,2017-06-13 12:00:00,56.94601058959961
srv-007,2017-06-13 13:00:00,57.04359436035156
srv-007,2017-06-13 14:00:00,54.63362121582031
srv-007,2017-06-13 15:00:00,50.364768981933594
srv-007,2017-06-13 16:00:00,44.346961975097656
srv-007,2017-06-13 17:00:00,45.566490173339844
srv-007,2017-06-13 18:00:00,46.17790985107422
srv-007,2017-06-13 19:00:00,47.25634002685547
srv-007,2017-06-13 20:00:00,48.19810485839844
srv-007,2017-06-13 21:00:00,52.53069305419922
srv-007,2017-06-13 22:00:00,46.549957275390625
srv-007,2017-06-13 23:00:00,50.08797073364258
srv-007,2017-06-14 00:00:00,51.05207824707031
srv-007,2017-06-14 01:00:00,53.007965087890625
srv-007,2017-06-14 02:00:00,52.97834014892578
srv-007,2017-06-14 03:00:00,55.43916320800781
srv-007,2017-06-14 04:00:00,51.762977600097656
srv-007,2017-06-14 05:00:00,53.258392333984375
srv-007,2017-06-14 06:00:00,53.64238357543945
srv-007,2017-06-14 07:00:00,53.741371154785156
srv-007,2017-06-14 08:00:00,52.55931854248047
srv-007,2017-06-14 09:00:00,53.9300537109375
srv-007,2017-06-14 10:00:00,55.970130920410156
srv-007,2017-06-14 11:00:00,55.31546401977539
srv-007,2017-06-14 12:00:00,56.053192138671875
srv-007,2017-06-14 13:00:00,52.824100494384766
srv-007,2017-06-14 14:00:00,57.37148666381836
srv-007,2017-06-14 15:00:00,56.169517517089844
srv-007,2017-06-14 16:00:00,52.907447814941406
srv-007,2017-06-14 17:00:00,53.25611877441406
srv-007,2017-06-14 18:00:00,51.58062744140625
srv-007,2017-06-14 19:00:00,50.45909881591797
srv-007,2017-06-14 20:00:00,51.596378326416016
srv-007,2017-06-14 21:00:00,46.90917205810547
srv-007,2017-06-14 22:00:00,46.45030975341797
srv-007,2017-06-14 23:00:00,47.546180725097656
srv-007,2017-06-15 00:00:00,53.06724548339844
srv-007,2017-06-15 01:00:00,46.1528434753418
srv-007,2017-06-15 02:00:00,46.07951354980469
srv-007,2017-06-15 03:00:00,48.51573181152344
srv-007,2017-06-15 04:00:00,51.786075592041016
srv-007,2017-06-15 05:00:00,52.120849609375
srv-007,2017-06-15 06:00:00,48.96864318847656
srv-007,2017-06-15 07:00:00,49.75555419921875
srv-007,2017-06-15 08:00:00,47.17116165161133
srv-007,2017-06-15 09:00:00,47.233985900878906
srv-007,2017-06-15 10:00:00,50.946041107177734
srv-007,2017-06-15 11:00:00,54.050926208496094
srv-007,2017-06-15 12:00:00,51.48698043823242
srv-007,2017-06-15 13:00:00,47.35677719116211
srv-007,2017-06-15 14:00:00,51.76740264892578
srv-007,2017-06-15 15:00:00,49.318580627441406
srv-007,2017-06-15 16:00:00,47.069557189941406
srv-007,2017-06-15 17:00:00,48.94874572753906
srv-007,2017-06-15 18:00:00,43.53919219970703
srv-007,2017-06-15 19:00:00,43.16545104980469
srv-007,2017-06-15 20:00:00,44.669105529785156
srv-007,2017-06-15 21:00:00,41.85093688964844
srv-007,2017-06-15 22:00:00,42.55891799926758
srv-007,2017-06-15 23:00:00,40.46437454223633
srv-007,2017-06-16 00:00:00,37.297794342041016
srv-007,2017-06-16 01:00:00,33.90313720703125
srv-007,2017-06-16 02:00:00,37.37742614746094
srv-007,2017-06-16 03:00:00,44.92198944091797
srv-007,2017-06-16 04:00:00,44.27808380126953
srv-007,2017-06-16 05:00:00,41.58850860595703
srv-007,2017-06-16 06:00:00,45.39282989501953
srv-007,2017-06-16 07:00:00,47.038238525390625
srv-007,2017-06-16 08:00:00,40.52375030517578
srv-007,2017-06-16 09:00:00,40.49464416503906
srv-007,2017-06-16 10:00:00,41.457271575927734
srv-007,2017-06-16 11:00:00,45.54415512084961
srv-007,2017-06-16 12:00:00,46.103248596191406
srv-007,2017-06-16 13:00:00,42.60194778442383
srv-007,2017-06-16 14:00:00,39.62593078613281
srv-007,2017-06-16 15:00:00,41.69822311401367
srv-007,2017-06-16 16:00:00,42.76011657714844
srv-007,2017-06-16 17:00:00,41.571571350097656
srv-007,2017-06-16 18:00:00,41.710227966308594
srv-007,2017-06-16 19:00:00,34.50196838378906
srv-007,2017-06-16 20:00:00,35.67841339111328
srv-007,2017-06-16 21:00:00,33.54397201538086
srv-007,2017-06-16 22:00:00,33.21814727783203
srv-007,2017-06-16 23:00:00,31.72913360595703
srv-007,2017-06-17 00:00:00,32.53305435180664
srv-007,2017-06-17 01:00:00,35.57807540893555
srv-007,2017-06-17 02:00:00,32.885379791259766
srv-007,2017-06-17 03:00:00,39.84569549560547
srv-007,2017-06-17 04:00:00,39.25132369995117
srv-007,2017-06-17 05:00:00,41.86982727050781
srv-007,2017-06-17 06:00:00,37.86039352416992
srv-007,2017-06-17 07:00:00,36.89019775390625
srv-007,2017-06-17 08:00:00,42.925376892089844
srv-007,2017-06-17 09:00:00,40.093666076660156
srv-007,2017-06-17 10:00:00,39.31248474121094
srv-007,2017-06-17 11:00:00,34.552093505859375
srv-007,2017-06-17 12:00:00,33.416900634765625
srv-007,2017-06-17 13:00:00,35.990753173828125
srv-007,2017-06-17 14:00:00,37.61237335205078
srv-007,2017-06-17 15:00:00,37.09869384765625
srv-007,2017-06-17 16:00:00,40.298152923583984
srv-007,2017-06-17 17:00:00,41.92921829223633
srv-007,2017-06-17 18:00:00,42.500797271728516
srv-007,2017-06-17 19:00:00,40.57080841064453
srv-007,2017-06-17 20:00:00,34.7857551574707
srv-007,2017-06-17 21:00:00,34.000579833984375
srv-007,2017-06-17 22:00:00,36.51532745361328
srv-007,2017-06-17 23:00:00,36.6304931640625
srv-007,2017-06-18 00:00:00,35.22014617919922
srv-007,2017-06-18 01:00:00,33.627838134765625
srv-007,2017-06-18 02:00:00,31.847393035888672
srv-007,2017-06-18 03:00:00,34.336280822753906
srv-007,2017-06-18 04:00:00,38.47944259643555
srv-007,2017-06-18 05:00:00,32.951934814453125
srv-007,2017-06-18 06:00:00,36.85474395751953
srv-007,2017-06-18 07:00:00,37.189208984375
srv-007,2017-06-18 08:00:00,42.77434539794922
srv-007,2017-06-18 09:00:00,40.86072540283203
srv-007,2017-06-18 10:00:00,44.31494903564453
srv-007,2017-06-18 11:00:00,53.230384826660156
srv-007,2017-06-18 12:00:00,52.04712677001953
srv-007,2017-06-18 13:00:00,47.86260223388672
srv-007,2017-06-18 14:00:00,43.717735290527344
srv-007,2017-06-18 15:00:00,44.032196044921875
srv-007,2017-06-18 16:00:00,45.66632843017578
srv-007,2017-06-18 17:00:00,45.819435119628906
srv-007,2017-06-18 18:00:00,44.12572479248047
srv-007,2017-06-18 19:00:00,39.89291000366211
srv-007,2017-06-18 20:00:00,34.19468688964844
srv-007,2017-06-18 21:00:00,32.066131591796875
srv-007,2017-06-18 22:00:00,33.19200134277344
srv-007,2017-06-18 23:00:00,32.68025207519531
srv-007,2017-06-19 00:00:00,35.23780822753906
srv-007,2017-06-19 01:00:00,37.91858673095703
srv-007,2017-06-19 02:00:00,31.371334075927734
srv-007,2017-06-19 03:00:00,32.605743408203125
srv-007,2017-06-19 04:00:00,33.93723678588867
srv-007,2017-06-19 05:00:00,38.371856689453125
srv-007,2017-06-19 06:00:00,35.335792541503906
srv-007,2017-06-19 07:00:00,43.05360794067383
srv-007,2017-06-19 08:00:00,41.79308319091797
srv-007,2017-06-19 09:00:00,43.46171569824219
srv-007,2017-06-19 10:00:00,45.16558074951172
srv-007,2017-06-19 11:00:00,44.765499114990234
srv-007,2017-06-19 12:00:00,49.26579284667969
srv-007,2017-06-19 13:00:00,52.997825622558594
srv-007,2017-06-19 14:00:00,47.5338134765625
srv-007,2017-06-19 15:00:00,44.53519058227539
srv-007,2017-06-19 16:00:00,44.657623291015625
srv-007,2017-06-19 17:00:00,49.6649169921875
srv-007,2017-06-19 18:00:00,46.89832305908203
srv-007,2017-06-19 19:00:00,51.98845672607422
srv-007,2017-06-19 20:00:00,45.79408264160156
srv-007,2017-06-19 21:00:00,44.717674255371094
srv-007,2017-06-19 22:00:00,43.50263214111328
srv-007,2017-06-19 23:00:00,45.36247253417969
srv-007,2017-06-20 00:00:00,43.9173583984375
srv-007,2017-06-20 01:00:00,38.538482666015625
srv-007,2017-06-20 02:00:00,44.873069763183594
srv-007,2017-06-20 03:00:00,47.46209716796875
srv-007,2017-06-20 04:00:00,47.4925537109375
srv-007,2017-06-20 05:00:00,53.79196548461914
srv-007,2017-06-20 06:00:00,52.240081787109375
srv-007,2017-06-20 07:00:00,53.6120491027832
srv-007,2017-06-20 08:00:00,53.56322479248047
srv-007,2017-06-20 09:00:00,52.11827087402344
srv-007,2017-06-20 10:00:00,52.0189208984375
srv-007,2017-06-20 11:00:00,55.65106964111328
srv-007,2017-06-20 12:00:00,54.13109588623047
srv-007,2017-06-20 13:00:00,54.866416931152344
srv-007,2017-06-20 14:00:00,56.04172897338867
srv-007,2017-06-20 15:00:00,54.47868347167969
srv-007,2017-06-20 16:00:00,53.96876907348633
srv-007,2017-06-20 17:00:00,53.118377685546875
srv-007,2017-06-20 18:00:00,53.04374694824219
srv-007,2017-06-20 19:00:00,48.578983306884766
srv-007,2017-06-20 20:00:00,51.062904357910156
srv-007,2017-06-20 21:00:00,51.39113235473633
srv-007,2017-06-20 22:00:00,48.53126907348633
srv-007,2017-06-20 23:00:00,49.66357421875
srv-007,2017-06-21 00:00:00,53.07279968261719
srv-007,2017-06-21 01:00:00,50.529815673828125
srv-007,2017-06-21 02:00:00,50.87892150878906
srv-007,2017-06-21 03:00:00,53.64316177368164
srv-007,2017-06-21 04:00:00,50.123321533203125
srv-007,2017-06-21 05:00:00,50.679534912109375
srv-007,2017-06-21 06:00:00,49.74448776245117
srv-007,2017-06-21 07:00:00,54.815162658691406
srv-007,2017-06-21 08:00:00,53.91346740722656
srv-007,2017-06-21 09:00:00,51.83070373535156
srv-007,2017-06-21 10:00:00,61.093505859375
srv-007,2017-06-21 11:00:00,59.33429718017578
srv-007,2017-06-21 12:00:00,53.28472900390625
srv-007,2017-06-21 13:00:00,54.545928955078125
srv-007,2017-06-21 14:00:00,55.74717712402344
srv-007,2017-06-21 15:00:00,58.300537109375
srv-007,2017-06-21 16:00:00,57.1077880859375
srv-007,2017-06-21 17:00:00,56.3278923034668
srv-007,2017-06-21 18:00:00,57.16825485229492
srv-007,2017-06-21 19:00:00,55.821685791015625
srv-007,2017-06-21 20:00:00,57.162933349609375
srv-007,2017-06-21 21:00:00,56.5897102355957
srv-007,2017-06-21 22:00:00,53.371498107910156
srv-007,2017-06-21 23:00:00,49.656227111816406
srv-007,2017-06-22 00:00:00,50.479408264160156
srv-007,2017-06-22 01:00:00,52.65373229980469
srv-007,2017-06-22 02:00:00,53.17278289794922
srv-007,2017-06-22 03:00:00,48.72884750366211
srv-007,2017-06-22 04:00:00,50.96363067626953
srv-007,2017-06-22 05:00:00,49.494224548339844
srv-007,2017-06-22 06:00:00,44.795440673828125
srv-007,2017-06-22 07:00:00,49.98680114746094
srv-007,2017-06-22 08:00:00,50.195220947265625
srv-007,2017-06-22 09:00:00,51.02143859863281
srv-007,2017-06-22 10:00:00,55.10277557373047
srv-007,2017-06-22 11:00:00,54.256492614746094
srv-007,2017-06-22 12:00:00,52.83537292480469
srv-007,2017-06-22 13:00:00,52.030670166015625
srv-007,2017-06-22 14:00:00,48.829994201660156
srv-007,2017-06-22 15:00:00,48.094417572021484
srv-007,2017-06-22 16:00:00,47.981407165527344
srv-007,2017-06-22 17:00:00,49.33929443359375
srv-007,2017-06-22 18:00:00,45.889747619628906
srv-007,2017-06-22 19:00:00,45.208091735839844
srv-007,2017-06-22 20:00:00,42.49456787109375
srv-007,2017-06-22 21:00:00,40.316383361816406
srv-007,2017-06-22 22:00:00,40.10999298095703
srv-007,2017-06-22 23:00:00,35.38484191894531
srv-007,2017-06-23 00:00:00,38.902069091796875
srv-007,2017-06-23 01:00:00,36.6748046875
srv-007,2017-06-23 02:00:00,40.13056945800781
srv-007,2017-06-23 03:00:00,35.20972442626953
srv-007,2017-06-23 04:00:00,35.842308044433594
srv-007,2017-06-23 05:00:00,37.332096099853516
srv-007,2017-06-23 06:00:00,35.2300910949707
srv-007,2017-06-23 07:00:00,37.7420654296875
srv-007,2017-06-23 08:00:00,40.35343933105469
srv-007,2017-06-23 09:00:00,38.50012969970703
srv-007,2017-06-23 10:00:00,41.0794792175293
srv-007,2017-06-23 11:00:00,43.08458709716797
srv-007,2017-06-23 12:00:00,39.228057861328125
srv-007,2017-06-23 13:00:00,41.43889617919922
srv-007,2017-06-23 14:00:00,42.127525329589844
srv-007,2017-06-23 15:00:00,44.340152740478516
srv-007,2017-06-23 16:00:00,46.237735748291016
srv-007,2017-06-23 17:00:00,43.952125549316406
srv-007,2017-06-23 18:00:00,38.43939971923828
srv-007,2017-06-23 19:00:00,40.376060485839844
srv-007,2017-06-23 20:00:00,38.26115417480469
srv-007,2017-06-23 21:00:00,36.52367401123047
srv-007,2017-06-23 22:00:00,34.25810623168945
srv-007,2017-06-23 23:00:00,34.891578674316406
srv-007,2017-06-24 00:00:00,41.655853271484375
srv-007,2017-06-24 01:00:00,39.779151916503906
srv-007,2017-06-24 02:00:00,42.887027740478516
srv-007,2017-06-24 03:00:00,43.9857177734375
srv-007,2017-06-24 04:00:00,45.395591735839844
srv-007,2017-06-24 05:00:00,44.84980773925781
srv-007,2017-06-24 06:00:00,30.62989044189453
srv-007,2017-06-24 07:00:00,30.887035369873047
srv-007,2017-06-24 08:00:00,33.82463836669922
srv-007,2017-06-24 09:00:00,32.82478332519531
srv-007,2017-06-24 10:00:00,36.65640640258789
srv-007,2017-06-24 11:00:00,41.66764831542969
srv-007,2017-06-24 12:00:00,45.1331787109375
srv-007,2017-06-24 13:00:00,43.82246398925781
srv-007,2017-06-24 14:00:00,42.49658966064453
srv-007,2017-06-24 15:00:00,47.22661590576172
srv-007,2017-06-24 16:00:00,45.72296142578125
srv-007,2017-06-24 17:00:00,43.89493942260742
srv-007,2017-06-24 18:00:00,45.9666748046875
srv-007,2017-06-24 19:00:00,45.36279296875
srv-007,2017-06-24 20:00:00,39.249393463134766
srv-007,2017-06-24 21:00:00,35.06498718261719
srv-007,2017-06-24 22:00:00,34.065818786621094
srv-007,2017-06-24 23:00:00,40.68952178955078
srv-007,2017-06-25 00:00:00,40.066162109375
srv-007,2017-06-25 01:00:00,40.39484405517578
srv-007,2017-06-25 02:00:00,38.10740661621094
srv-007,2017-06-25 03:00:00,36.751548767089844
srv-007,2017-06-25 04:00:00,41.531681060791016
srv-007,2017-06-25 05:00:00,37.360572814941406
srv-007,2017-06-25 06:00:00,34.71278381347656
srv-007,2017-06-25 07:00:00,38.82733917236328
srv-007,2017-06-25 08:00:00,34.90412139892578
srv-007,2017-06-25 09:00:00,35.7023811340332
srv-007,2017-06-25 10:00:00,37.62895202636719
srv-007,2017-06-25 11:00:00,40.16548538208008
srv-007,2017-06-25 12:00:00,45.593040466308594
srv-007,2017-06-25 13:00:00,43.92493438720703
srv-007,2017-06-25 14:00:00,48.5534553527832
srv-007,2017-06-25 15:00:00,50.536766052246094
srv-007,2017-06-25 16:00:00,51.206634521484375
srv-007,2017-06-25 17:00:00,50.8748779296875
srv-007,2017-06-25 18:00:00,41.2054557800293
srv-007,2017-06-25 19:00:00,37.41490936279297
srv-007,2017-06-25 20:00:00,39.465511322021484
srv-007,2017-06-25 21:00:00,38.826446533203125
srv-007,2017-06-25 22:00:00,37.30413055419922
srv-007,2017-06-25 23:00:00,37.4441032409668
srv-007,2017-06-26 00:00:00,31.96392059326172
srv-007,2017-06-26 01:00:00,33.52156066894531
srv-007,2017-06-26 02:00:00,40.24706268310547
srv-007,2017-06-26 03:00:00,41.30168151855469
srv-007,2017-06-26 04:00:00,44.59748840332031
srv-007,2017-06-26 05:00:00,42.952980041503906
srv-007,2017-06-26 06:00:00,36.61005783081055
srv-007,2017-06-26 07:00:00,35.403873443603516
srv-007,2017-06-26 08:00:00,31.42734146118164
srv-007,2017-06-26 09:00:00,39.155513763427734
srv-007,2017-06-26 10:00:00,39.89862823486328
srv-007,2017-06-26 11:00:00,44.91130828857422
srv-007,2017-06-26 12:00:00,45.67140579223633
srv-007,2017-06-26 13:00:00,48.028663635253906
srv-007,2017-06-26 14:00:00,48.889713287353516
srv-007,2017-06-26 15:00:00,49.673221588134766
srv-007,2017-06-26 16:00:00,45.67211151123047
srv-007,2017-06-26 17:00:00,39.09515380859375
srv-007,2017-06-26 18:00:00,41.78710174560547
srv-007,2017-06-26 19:00:00,41.78086853027344
srv-007,2017-06-26 20:00:00,40.11687088012695
srv-007,2017-06-26 21:00:00,35.91142272949219
srv-007,2017-06-26 22:00:00,36.14631271362305
srv-007,2017-06-26 23:00:00,43.06980895996094
srv-007,2017-06-27 00:00:00,41.264007568359375
srv-007,2017-06-27 01:00:00,47.714599609375
srv-007,2017-06-27 02:00:00,36.706748962402344
srv-007,2017-06-27 03:00:00,37.50269317626953
srv-007,2017-06-27 04:00:00,42.12704086303711
srv-007,2017-06-27 05:00:00,44.08464813232422
srv-007,2017-06-27 06:00:00,40.5509033203125
srv-007,2017-06-27 07:00:00,48.67252731323242
srv-007,2017-06-27 08:00:00,47.99690246582031
srv-007,2017-06-27 09:00:00,50.10677719116211
srv-007,2017-06-27 10:00:00,48.728309631347656
srv-007,2017-06-27 11:00:00,49.85378646850586
srv-007,2017-06-27 12:00:00,47.9913330078125
srv-007,2017-06-27 13:00:00,49.2208366394043
srv-007,2017-06-27 14:00:00,51.95208740234375
srv-007,2017-06-27 15:00:00,54.73072052001953
srv-007,2017-06-27 16:00:00,54.326080322265625
srv-007,2017-06-27 17:00:00,54.22746276855469
srv-007,2017-06-27 18:00:00,50.62068176269531
srv-007,2017-06-27 19:00:00,50.194580078125
srv-007,2017-06-27 20:00:00,52.931663513183594
srv-007,2017-06-27 21:00:00,48.56641387939453
srv-007,2017-06-27 22:00:00,47.85857009887695
srv-007,2017-06-27 23:00:00,52.70071792602539
srv-007,2017-06-28 00:00:00,48.06082534790039
srv-007,2017-06-28 01:00:00,49.760215759277344
srv-007,2017-06-28 02:00:00,49.872249603271484
srv-007,2017-06-28 03:00:00,49.247474670410156
srv-007,2017-06-28 04:00:00,50.64796447753906
srv-007,2017-06-28 05:00:00,50.964141845703125
srv-007,2017-06-28 06:00:00,50.690956115722656
srv-007,2017-06-28 07:00:00,54.942989349365234
srv-007,2017-06-28 08:00:00,52.778404235839844
srv-007,2017-06-28 09:00:00,50.911956787109375
srv-007,2017-06-28 10:00:00,53.47029113769531
srv-007,2017-06-28 11:00:00,55.01231002807617
srv-007,2017-06-28 12:00:00,54.86297607421875
srv-007,2017-06-28 13:00:00,56.03840255737305
srv-007,2017-06-28 14:00:00,57.029945373535156
srv-007,2017-06-28 15:00:00,56.47599411010742
srv-007,2017-06-28 16:00:00,57.200164794921875
srv-007,2017-06-28 17:00:00,53.5015754699707
srv-007,2017-06-28 18:00:00,57.384307861328125
srv-007,2017-06-28 19:00:00,33.910919189453125
srv-007,2017-06-28 20:00:00,39.84104537963867
srv-007,2017-06-28 21:00:00,41.48120880126953
srv-007,2017-06-28 22:00:00,49.115440368652344
srv-007,2017-06-28 23:00:00,46.576904296875
srv-007,2017-06-29 00:00:00,44.83377456665039
srv-007,2017-06-29 01:00:00,45.07147216796875
srv-007,2017-06-29 02:00:00,49.840843200683594
srv-007,2017-06-29 03:00:00,51.13636016845703
srv-007,2017-06-29 04:00:00,52.17758560180664
srv-007,2017-06-29 05:00:00,47.0477409362793
srv-007,2017-06-29 06:00:00,48.9556770324707
srv-007,2017-06-29 07:00:00,53.07096862792969
srv-007,2017-06-29 08:00:00,46.863868713378906
srv-007,2017-06-29 09:00:00,47.57574462890625
srv-007,2017-06-29 10:00:00,50.698612213134766
srv-007,2017-06-29 11:00:00,53.35134506225586
srv-007,2017-06-29 12:00:00,57.20204544067383
srv-007,2017-06-29 13:00:00,55.28118896484375
srv-007,2017-06-29 14:00:00,53.08991241455078
srv-007,2017-06-29 15:00:00,51.42182922363281
srv-007,2017-06-29 16:00:00,48.78717803955078
srv-007,2017-06-29 17:00:00,50.20123291015625
srv-007,2017-06-29 18:00:00,49.01712417602539
srv-007,2017-06-29 19:00:00,47.12693786621094
srv-007,2017-06-29 20:00:00,46.82767105102539
srv-007,2017-06-29 21:00:00,44.41327667236328
srv-007,2017-06-29 22:00:00,42.396453857421875
srv-007,2017-06-29 23:00:00,44.491859436035156
srv-007,2017-06-30 00:00:00,44.36275100708008
srv-007,2017-06-30 01:00:00,46.58556365966797
srv-007,2017-06-30 02:00:00,47.79967498779297
srv-007,2017-06-30 03:00:00,43.00943374633789
srv-007,2017-06-30 04:00:00,43.75852966308594
srv-007,2017-06-30 05:00:00,49.388885498046875
srv-007,2017-06-30 06:00:00,45.98835372924805
srv-007,2017-06-30 07:00:00,45.170188903808594
srv-007,2017-06-30 08:00:00,45.715667724609375
srv-007,2017-06-30 09:00:00,44.17546081542969
srv-007,2017-06-30 10:00:00,40.65451431274414
srv-007,2017-06-30 11:00:00,34.543190002441406
srv-007,2017-06-30 12:00:00,35.19258117675781
srv-007,2017-06-30 13:00:00,36.42122268676758
srv-007,2017-06-30 14:00:00,35.69400405883789
srv-007,2017-06-30 15:00:00,41.23793411254883
srv-007,2017-06-30 16:00:00,40.619110107421875
srv-007,2017-06-30 17:00:00,36.96045684814453
srv-007,2017-06-30 18:00:00,35.990318298339844
srv-007,2017-06-30 19:00:00,37.13978576660156
srv-007,2017-06-30 20:00:00,32.614715576171875
srv-007,2017-06-30 21:00:00,32.63056945800781
srv-007,2017-06-30 22:00:00,31.256898880004883
srv-007,2017-06-30 23:00:00,36.833648681640625
srv-008,2017-06-01 23:00:00,73.93132781982422
srv-008,2017-06-02 00:00:00,67.4342041015625
srv-008,2017-06-02 01:00:00,70.20919036865234
srv-008,2017-06-02 02:00:00,66.08056640625
srv-008,2017-06-02 03:00:00,66.53300476074219
srv-008,2017-06-02 04:00:00,68.1496353149414
srv-008,2017-06-02 05:00:00,63.86983871459961
srv-008,2017-06-02 06:00:00,64.55740356445312
srv-008,2017-06-02 07:00:00,61.96418762207031
srv-008,2017-06-02 08:00:00,65.0579833984375
srv-008,2017-06-02 09:00:00,68.45042419433594
srv-008,2017-06-02 10:00:00,71.87206268310547
srv-008,2017-06-02 11:00:00,67.3326416015625
srv-008,2017-06-02 12:00:00,76.09019470214844
srv-008,2017-06-02 13:00:00,78.2635726928711
srv-008,2017-06-02 14:00:00,70.67327117919922
srv-008,2017-06-02 15:00:00,70.92888641357422
srv-008,2017-06-02 16:00:00,65.30001068115234
srv-008,2017-06-02 17:00:00,65.11798858642578
srv-008,2017-06-02 18:00:00,70.80762481689453
srv-008,2017-06-02 19:00:00,67.4218978881836
srv-008,2017-06-02 20:00:00,68.95772552490234
srv-008,2017-06-02 21:00:00,68.37113952636719
srv-008,2017-06-02 22:00:00,78.01444244384766
srv-008,2017-06-02 23:00:00,82.46332550048828
srv-008,2017-06-03 00:00:00,77.5699234008789
srv-008,2017-06-03 01:00:00,67.76464080810547
srv-008,2017-06-03 02:00:00,68.36719512939453
srv-008,2017-06-03 03:00:00,69.81824493408203
srv-008,2017-06-03 04:00:00,75.51566314697266
srv-008,2017-06-03 05:00:00,76.07122802734375
srv-008,2017-06-03 06:00:00,68.986572265625
srv-008,2017-06-03 07:00:00,74.41596221923828
srv-008,2017-06-03 08:00:00,77.03436279296875
srv-008,2017-06-03 09:00:00,68.8039321899414
srv-008,2017-06-03 10:00:00,69.263671875
srv-008,2017-06-03 11:00:00,70.83821868896484
srv-008,2017-06-03 12:00:00,78.90282440185547
srv-008,2017-06-03 13:00:00,79.72606658935547
srv-008,2017-06-03 14:00:00,79.65602111816406
srv-008,2017-06-03 15:00:00,72.81511688232422
srv-008,2017-06-03 16:00:00,73.22877502441406
srv-008,2017-06-03 17:00:00,79.03643035888672
srv-008,2017-06-03 18:00:00,79.17884063720703
srv-008,2017-06-03 19:00:00,75.38191223144531
srv-008,2017-06-03 20:00:00,70.195556640625
srv-008,2017-06-03 21:00:00,67.2630386352539
srv-008,2017-06-03 22:00:00,65.63646697998047
srv-008,2017-06-03 23:00:00,69.58241271972656
srv-008,2017-06-04 00:00:00,73.28016662597656
srv-008,2017-06-04 01:00:00,69.17654418945312
srv-008,2017-06-04 02:00:00,69.82144927978516
srv-008,2017-06-04 03:00:00,68.58707427978516
srv-008,2017-06-04 04:00:00,67.28218841552734
srv-008,2017-06-04 05:00:00,71.00923919677734
srv-008,2017-06-04 06:00:00,71.05135345458984
srv-008,2017-06-04 07:00:00,70.630615234375
srv-008,2017-06-04 08:00:00,71.6598892211914
srv-008,2017-06-04 09:00:00,67.43160247802734
srv-008,2017-06-04 10:00:00,66.61642456054688
srv-008,2017-06-04 11:00:00,72.23274230957031
srv-008,2017-06-04 12:00:00,73.33592987060547
srv-008,2017-06-04 13:00:00,74.61550903320312
srv-008,2017-06-04 14:00:00,71.45272827148438
srv-008,2017-06-04 15:00:00,71.4538803100586
srv-008,2017-06-04 16:00:00,75.14397430419922
srv-008,2017-06-04 17:00:00,77.03516387939453
srv-008,2017-06-04 18:00:00,74.19518280029297
srv-008,2017-06-04 19:00:00,68.96076965332031
srv-008,2017-06-04 20:00:00,69.81267547607422
srv-008,2017-06-04 21:00:00,73.20515441894531
srv-008,2017-06-04 22:00:00,76.77057647705078
srv-008,2017-06-04 23:00:00,69.80345153808594
srv-008,2017-06-05 00:00:00,65.15240478515625
srv-008,2017-06-05 01:00:00,69.72847747802734
srv-008,2017-06-05 02:00:00,71.30135345458984
srv-008,2017-06-05 03:00:00,68.3368148803711
srv-008,2017-06-05 04:00:00,66.40449523925781
srv-008,2017-06-05 05:00:00,65.68276977539062
srv-008,2017-06-05 06:00:00,69.52820587158203
srv-008,2017-06-05 07:00:00,72.0802230834961
srv-008,2017-06-05 08:00:00,71.03352355957031
srv-008,2017-06-05 09:00:00,69.49675750732422
srv-008,2017-06-05 10:00:00,72.5858154296875
srv-008,2017-06-05 11:00:00,69.9861068725586
srv-008,2017-06-05 12:00:00,76.56903839111328
srv-008,2017-06-05 13:00:00,79.13957977294922
srv-008,2017-06-05 14:00:00,80.30852508544922
srv-008,2017-06-05 15:00:00,73.67149353027344
srv-008,2017-06-05 16:00:00,74.7483139038086
srv-008,2017-06-05 17:00:00,79.90145111083984
srv-008,2017-06-05 18:00:00,82.93461608886719
srv-008,2017-06-05 19:00:00,74.6639404296875
srv-008,2017-06-05 20:00:00,73.27750396728516
srv-008,2017-06-05 21:00:00,70.78264617919922
srv-008,2017-06-05 22:00:00,74.10457611083984
srv-008,2017-06-05 23:00:00,75.76581573486328
srv-008,2017-06-06 00:00:00,74.90414428710938
srv-008,2017-06-06 01:00:00,71.8525619506836
srv-008,2017-06-06 02:00:00,79.05034637451172
srv-008,2017-06-06 03:00:00,85.48108673095703
srv-008,2017-06-06 04:00:00,76.57581329345703
srv-008,2017-06-06 05:00:00,76.06165313720703
srv-008,2017-06-06 06:00:00,76.44973754882812
srv-008,2017-06-06 07:00:00,87.44800567626953
srv-008,2017-06-06 08:00:00,81.7568130493164
srv-008,2017-06-06 09:00:00,70.6982650756836
srv-008,2017-06-06 10:00:00,75.72529602050781
srv-008,2017-06-06 11:00:00,74.8965835571289
srv-008,2017-06-06 12:00:00,75.66356658935547
srv-008,2017-06-06 13:00:00,80.3089370727539
srv-008,2017-06-06 14:00:00,83.88353729248047
srv-008,2017-06-06 15:00:00,72.56102752685547
srv-008,2017-06-06 16:00:00,78.50070190429688
srv-008,2017-06-06 17:00:00,79.41387176513672
srv-008,2017-06-06 18:00:00,75.7305679321289
srv-008,2017-06-06 19:00:00,75.3885269165039
srv-008,2017-06-06 20:00:00,74.88076782226562
srv-008,2017-06-06 21:00:00,81.199462890625
srv-008,2017-06-06 22:00:00,83.4119873046875
srv-008,2017-06-06 23:00:00,85.11293029785156
srv-008,2017-06-07 00:00:00,77.02076721191406
srv-008,2017-06-07 01:00:00,72.17462921142578
srv-008,2017-06-07 02:00:00,78.07959747314453
srv-008,2017-06-07 03:00:00,72.28633880615234
srv-008,2017-06-07 04:00:00,74.54498291015625
srv-008,2017-06-07 05:00:00,76.45075988769531
srv-008,2017-06-07 06:00:00,77.1805191040039
srv-008,2017-06-07 07:00:00,78.0113754272461
srv-008,2017-06-07 08:00:00,74.53633880615234
srv-008,2017-06-07 09:00:00,80.05742645263672
srv-008,2017-06-07 10:00:00,79.8449478149414
srv-008,2017-06-07 11:00:00,80.5586929321289
srv-008,2017-06-07 12:00:00,86.03141021728516
srv-008,2017-06-07 13:00:00,83.7059097290039
srv-008,2017-06-07 14:00:00,81.15296173095703
srv-008,2017-06-07 15:00:00,74.50501251220703
srv-008,2017-06-07 16:00:00,82.3998031616211
srv-008,2017-06-07 17:00:00,84.64160919189453
srv-008,2017-06-07 18:00:00,80.33031463623047
srv-008,2017-06-07 19:00:00,82.24445343017578
srv-008,2017-06-07 20:00:00,83.06461334228516
srv-008,2017-06-07 21:00:00,85.63037872314453
srv-008,2017-06-07 22:00:00,77.07430267333984
srv-008,2017-06-07 23:00:00,70.18641662597656
srv-008,2017-06-08 00:00:00,74.04022216796875
srv-008,2017-06-08 01:00:00,80.6704330444336
srv-008,2017-06-08 02:00:00,81.1722183227539
srv-008,2017-06-08 03:00:00,78.12696838378906
srv-008,2017-06-08 04:00:00,77.01961517333984
srv-008,2017-06-08 05:00:00,78.85504913330078
srv-008,2017-06-08 06:00:00,85.5169448852539
srv-008,2017-06-08 07:00:00,82.45771789550781
srv-008,2017-06-08 08:00:00,85.52118682861328
srv-008,2017-06-08 09:00:00,85.35967254638672
srv-008,2017-06-08 10:00:00,82.11888885498047
srv-008,2017-06-08 11:00:00,84.07923889160156
srv-008,2017-06-08 12:00:00,80.71056365966797
srv-008,2017-06-08 13:00:00,76.46477508544922
srv-008,2017-06-08 14:00:00,79.84302520751953
srv-008,2017-06-08 15:00:00,80.51738739013672
srv-008,2017-06-08 16:00:00,77.8420639038086
srv-008,2017-06-08 17:00:00,75.1075210571289
srv-008,2017-06-08 18:00:00,68.87042999267578
srv-008,2017-06-08 19:00:00,71.26897430419922
srv-008,2017-06-08 20:00:00,71.54032897949219
srv-008,2017-06-08 21:00:00,72.30457305908203
srv-008,2017-06-08 22:00:00,75.38288116455078
srv-008,2017-06-08 23:00:00,73.83477783203125
srv-008,2017-06-09 00:00:00,79.08596801757812
srv-008,2017-06-09 01:00:00,75.14842987060547
srv-008,2017-06-09 02:00:00,70.8320541381836
srv-008,2017-06-09 03:00:00,74.1383285522461
srv-008,2017-06-09 04:00:00,67.14876556396484
srv-008,2017-06-09 05:00:00,68.99042510986328
srv-008,2017-06-09 06:00:00,73.56501770019531
srv-008,2017-06-09 07:00:00,69.56710052490234
srv-008,2017-06-09 08:00:00,72.52750396728516
srv-008,2017-06-09 09:00:00,72.45362091064453
srv-008,2017-06-09 10:00:00,75.03328704833984
srv-008,2017-06-09 11:00:00,77.46851348876953
srv-008,2017-06-09 12:00:00,78.16144561767578
srv-008,2017-06-09 13:00:00,79.51317596435547
srv-008,2017-06-09 14:00:00,78.08512115478516
srv-008,2017-06-09 15:00:00,76.47932434082031
srv-008,2017-06-09 16:00:00,75.20381927490234
srv-008,2017-06-09 17:00:00,74.86507415771484
srv-008,2017-06-09 18:00:00,70.2426986694336
srv-008,2017-06-09 19:00:00,70.18155670166016
srv-008,2017-06-09 20:00:00,67.61029815673828
srv-008,2017-06-09 21:00:00,69.01294708251953
srv-008,2017-06-09 22:00:00,64.16854095458984
srv-008,2017-06-09 23:00:00,63.15215301513672
srv-008,2017-06-10 00:00:00,68.35401916503906
srv-008,2017-06-10 01:00:00,63.596343994140625
srv-008,2017-06-10 02:00:00,65.735107421875
srv-008,2017-06-10 03:00:00,70.52205657958984
srv-008,2017-06-10 04:00:00,70.01498413085938
srv-008,2017-06-10 05:00:00,70.42658233642578
srv-008,2017-06-10 06:00:00,73.35114288330078
srv-008,2017-06-10 07:00:00,77.26326751708984
srv-008,2017-06-10 08:00:00,75.29911041259766
srv-008,2017-06-10 09:00:00,73.09239959716797
srv-008,2017-06-10 10:00:00,71.16039276123047
srv-008,2017-06-10 11:00:00,71.9545669555664
srv-008,2017-06-10 12:00:00,70.16712951660156
srv-008,2017-06-10 13:00:00,72.63157653808594
srv-008,2017-06-10 14:00:00,73.49291229248047
srv-008,2017-06-10 15:00:00,73.95745849609375
srv-008,2017-06-10 16:00:00,70.21920776367188
srv-008,2017-06-10 17:00:00,68.18073272705078
srv-008,2017-06-10 18:00:00,69.26564025878906
srv-008,2017-06-10 19:00:00,62.74276351928711
srv-008,2017-06-10 20:00:00,69.45719146728516
srv-008,2017-06-10 21:00:00,68.45140075683594
srv-008,2017-06-10 22:00:00,65.82852935791016
srv-008,2017-06-10 23:00:00,62.97028732299805
srv-008,2017-06-11 00:00:00,68.11282348632812
srv-008,2017-06-11 01:00:00,68.25972747802734
srv-008,2017-06-11 02:00:00,70.3801498413086
srv-008,2017-06-11 03:00:00,73.05765533447266
srv-008,2017-06-11 04:00:00,71.73287963867188
srv-008,2017-06-11 05:00:00,72.43518829345703
srv-008,2017-06-11 06:00:00,67.97367095947266
srv-008,2017-06-11 07:00:00,72.07976531982422
srv-008,2017-06-11 08:00:00,67.31800079345703
srv-008,2017-06-11 09:00:00,71.80333709716797
srv-008,2017-06-11 10:00:00,70.51663208007812
srv-008,2017-06-11 11:00:00,71.50703430175781
srv-008,2017-06-11 12:00:00,70.8860855102539
srv-008,2017-06-11 13:00:00,74.07789611816406
srv-008,2017-06-11 14:00:00,72.51129913330078
srv-008,2017-06-11 15:00:00,70.46314239501953
srv-008,2017-06-11 16:00:00,73.86272430419922
srv-008,2017-06-11 17:00:00,77.89525604248047
srv-008,2017-06-11 18:00:00,77.18994903564453
srv-008,2017-06-11 19:00:00,73.31929779052734
srv-008,2017-06-11 20:00:00,74.35628509521484
srv-008,2017-06-11 21:00:00,70.86193084716797
srv-008,2017-06-11 22:00:00,67.1584701538086
srv-008,2017-06-11 23:00:00,68.2332992553711
srv-008,2017-06-12 00:00:00,66.69613647460938
srv-008,2017-06-12 01:00:00,69.22731018066406
srv-008,2017-06-12 02:00:00,64.18922424316406
srv-008,2017-06-12 03:00:00,63.71836853027344
srv-008,2017-06-12 04:00:00,66.86795806884766
srv-008,2017-06-12 05:00:00,68.52582550048828
srv-008,2017-06-12 06:00:00,70.50296783447266
srv-008,2017-06-12 07:00:00,69.74307250976562
srv-008,2017-06-12 08:00:00,70.3641586303711
srv-008,2017-06-12 09:00:00,72.134765625
srv-008,2017-06-12 10:00:00,76.58245849609375
srv-008,2017-06-12 11:00:00,69.83456420898438
srv-008,2017-06-12 12:00:00,70.65650177001953
srv-008,2017-06-12 13:00:00,75.15235137939453
srv-008,2017-06-12 14:00:00,69.41887664794922
srv-008,2017-06-12 15:00:00,73.8602523803711
srv-008,2017-06-12 16:00:00,70.85246276855469
srv-008,2017-06-12 17:00:00,73.23180389404297
srv-008,2017-06-12 18:00:00,70.25884246826172
srv-008,2017-06-12 19:00:00,71.45841217041016
srv-008,2017-06-12 20:00:00,68.75068664550781
srv-008,2017-06-12 21:00:00,68.45680236816406
srv-008,2017-06-12 22:00:00,69.03534698486328
srv-008,2017-06-12 23:00:00,73.84967041015625
srv-008,2017-06-13 00:00:00,74.9559097290039
srv-008,2017-06-13 01:00:00,75.55802917480469
srv-008,2017-06-13 02:00:00,77.96185302734375
srv-008,2017-06-13 03:00:00,80.3600082397461
srv-008,2017-06-13 04:00:00,76.12310028076172
srv-008,2017-06-13 05:00:00,73.92626190185547
srv-008,2017-06-13 06:00:00,75.97783660888672
srv-008,2017-06-13 07:00:00,78.87113189697266
srv-008,2017-06-13 08:00:00,82.71390533447266
srv-008,2017-06-13 09:00:00,74.8176040649414
srv-008,2017-06-13 10:00:00,77.78689575195312
srv-008,2017-06-13 11:00:00,87.6756591796875
srv-008,2017-06-13 12:00:00,86.41088104248047
srv-008,2017-06-13 13:00:00,78.27290344238281
srv-008,2017-06-13 14:00:00,77.2983627319336
srv-008,2017-06-13 15:00:00,73.96475219726562
srv-008,2017-06-13 16:00:00,76.59845733642578
srv-008,2017-06-13 17:00:00,79.22563934326172
srv-008,2017-06-13 18:00:00,83.65593719482422
srv-008,2017-06-13 19:00:00,87.98973083496094
srv-008,2017-06-13 20:00:00,88.00383758544922
srv-008,2017-06-13 21:00:00,86.69062805175781
srv-008,2017-06-13 22:00:00,83.1767349243164
srv-008,2017-06-13 23:00:00,87.5999984741211
srv-008,2017-06-14 00:00:00,88.59198760986328
srv-008,2017-06-14 01:00:00,88.99971771240234
srv-008,2017-06-14 02:00:00,88.90179443359375
srv-008,2017-06-14 03:00:00,88.21326446533203
srv-008,2017-06-14 04:00:00,73.73094940185547
srv-008,2017-06-14 05:00:00,72.55329132080078
srv-008,2017-06-14 06:00:00,73.7557144165039
srv-008,2017-06-14 07:00:00,72.1674575805664
srv-008,2017-06-14 08:00:00,71.3091812133789
srv-008,2017-06-14 09:00:00,73.09939575195312
srv-008,2017-06-14 10:00:00,72.08174896240234
srv-008,2017-06-14 11:00:00,80.95447540283203
srv-008,2017-06-14 12:00:00,79.51861572265625
srv-008,2017-06-14 13:00:00,78.76740264892578
srv-008,2017-06-14 14:00:00,85.54476928710938
srv-008,2017-06-14 15:00:00,83.95254516601562
srv-008,2017-06-14 16:00:00,75.59416961669922
srv-008,2017-06-14 17:00:00,80.7629623413086
srv-008,2017-06-14 18:00:00,83.40158081054688
srv-008,2017-06-14 19:00:00,79.30907440185547
srv-008,2017-06-14 20:00:00,79.6194076538086
srv-008,2017-06-14 21:00:00,76.2254409790039
srv-008,2017-06-14 22:00:00,77.7073745727539
srv-008,2017-06-14 23:00:00,77.31632232666016
srv-008,2017-06-15 00:00:00,79.40984344482422
srv-008,2017-06-15 01:00:00,75.0246810913086
srv-008,2017-06-15 02:00:00,77.17371368408203
srv-008,2017-06-15 03:00:00,80.86947631835938
srv-008,2017-06-15 04:00:00,80.14771270751953
srv-008,2017-06-15 05:00:00,74.33837127685547
srv-008,2017-06-15 06:00:00,72.0886459350586
srv-008,2017-06-15 07:00:00,77.94729614257812
srv-008,2017-06-15 08:00:00,74.0776138305664
srv-008,2017-06-15 09:00:00,73.84720611572266
srv-008,2017-06-15 10:00:00,80.65668487548828
srv-008,2017-06-15 11:00:00,87.57623291015625
srv-008,2017-06-15 12:00:00,83.11550903320312
srv-008,2017-06-15 13:00:00,84.07836151123047
srv-008,2017-06-15 14:00:00,89.33858489990234
srv-008,2017-06-15 15:00:00,76.62938690185547
srv-008,2017-06-15 16:00:00,80.06937408447266
srv-008,2017-06-15 17:00:00,79.07811737060547
srv-008,2017-06-15 18:00:00,77.22933197021484
srv-008,2017-06-15 19:00:00,78.83677673339844
srv-008,2017-06-15 20:00:00,91.19116973876953
srv-008,2017-06-15 21:00:00,73.0217056274414
srv-008,2017-06-15 22:00:00,74.14397430419922
srv-008,2017-06-15 23:00:00,77.98416137695312
srv-008,2017-06-16 00:00:00,78.77298736572266
srv-008,2017-06-16 01:00:00,71.97846984863281
srv-008,2017-06-16 02:00:00,73.83787536621094
srv-008,2017-06-16 03:00:00,70.03919219970703
srv-008,2017-06-16 04:00:00,70.47930145263672
srv-008,2017-06-16 05:00:00,71.76331329345703
srv-008,2017-06-16 06:00:00,71.11231994628906
srv-008,2017-06-16 07:00:00,71.46849060058594
srv-008,2017-06-16 08:00:00,68.74095916748047
srv-008,2017-06-16 09:00:00,66.87953186035156
srv-008,2017-06-16 10:00:00,73.93168640136719
srv-008,2017-06-16 11:00:00,75.1079330444336
srv-008,2017-06-16 12:00:00,77.06505584716797
srv-008,2017-06-16 13:00:00,71.63185119628906
srv-008,2017-06-16 14:00:00,72.99150848388672
srv-008,2017-06-16 15:00:00,72.54381561279297
srv-008,2017-06-16 16:00:00,72.90978240966797
srv-008,2017-06-16 17:00:00,71.6061782836914
srv-008,2017-06-16 18:00:00,66.39286041259766
srv-008,2017-06-16 19:00:00,68.19709014892578
srv-008,2017-06-16 20:00:00,74.37993621826172
srv-008,2017-06-16 21:00:00,70.28335571289062
srv-008,2017-06-16 22:00:00,70.16294860839844
srv-008,2017-06-16 23:00:00,63.473716735839844
srv-008,2017-06-17 00:00:00,66.84539031982422
srv-008,2017-06-17 01:00:00,73.11988067626953
srv-008,2017-06-17 02:00:00,75.15584564208984
srv-008,2017-06-17 03:00:00,75.16356658935547
srv-008,2017-06-17 04:00:00,77.93602752685547
srv-008,2017-06-17 05:00:00,68.40426635742188
srv-008,2017-06-17 06:00:00,68.13507843017578
srv-008,2017-06-17 07:00:00,69.26909637451172
srv-008,2017-06-17 08:00:00,72.19744110107422
srv-008,2017-06-17 09:00:00,78.43773651123047
srv-008,2017-06-17 10:00:00,70.95531463623047
srv-008,2017-06-17 11:00:00,72.8052749633789
srv-008,2017-06-17 12:00:00,73.36466217041016
srv-008,2017-06-17 13:00:00,72.85244750976562
srv-008,2017-06-17 14:00:00,75.07506561279297
srv-008,2017-06-17 15:00:00,71.50629425048828
srv-008,2017-06-17 16:00:00,71.52579498291016
srv-008,2017-06-17 17:00:00,76.62224578857422
srv-008,2017-06-17 18:00:00,72.99944305419922
srv-008,2017-06-17 19:00:00,73.79737854003906
srv-008,2017-06-17 20:00:00,68.69737243652344
srv-008,2017-06-17 21:00:00,66.05097961425781
srv-008,2017-06-17 22:00:00,70.90575408935547
srv-008,2017-06-17 23:00:00,67.57135772705078
srv-008,2017-06-18 00:00:00,68.34600067138672
srv-008,2017-06-18 01:00:00,66.42030334472656
srv-008,2017-06-18 02:00:00,63.96966552734375
srv-008,2017-06-18 03:00:00,66.94354248046875
srv-008,2017-06-18 04:00:00,72.34732818603516
srv-008,2017-06-18 05:00:00,73.67691802978516
srv-008,2017-06-18 06:00:00,70.51297760009766
srv-008,2017-06-18 07:00:00,72.81367492675781
srv-008,2017-06-18 08:00:00,73.64512634277344
srv-008,2017-06-18 09:00:00,76.46208953857422
srv-008,2017-06-18 10:00:00,76.29502868652344
srv-008,2017-06-18 11:00:00,78.78717803955078
srv-008,2017-06-18 12:00:00,73.78626251220703
srv-008,2017-06-18 13:00:00,77.13097381591797
srv-008,2017-06-18 14:00:00,80.1156997680664
srv-008,2017-06-18 15:00:00,74.32366180419922
srv-008,2017-06-18 16:00:00,76.58728790283203
srv-008,2017-06-18 17:00:00,73.9969253540039
srv-008,2017-06-18 18:00:00,70.86503601074219
srv-008,2017-06-18 19:00:00,66.58768463134766
srv-008,2017-06-18 20:00:00,69.21226501464844
srv-008,2017-06-18 21:00:00,63.99127197265625
srv-008,2017-06-18 22:00:00,74.98939514160156
srv-008,2017-06-18 23:00:00,77.5539321899414
srv-008,2017-06-19 00:00:00,66.63130950927734
srv-008,2017-06-19 01:00:00,72.8995132446289
srv-008,2017-06-19 02:00:00,75.74951934814453
srv-008,2017-06-19 03:00:00,74.05357360839844
srv-008,2017-06-19 04:00:00,74.3849105834961
srv-008,2017-06-19 05:00:00,69.5337142944336
srv-008,2017-06-19 06:00:00,65.91197204589844
srv-008,2017-06-19 07:00:00,70.70451354980469
srv-008,2017-06-19 08:00:00,69.94163513183594
srv-008,2017-06-19 09:00:00,75.85070037841797
srv-008,2017-06-19 10:00:00,77.81912994384766
srv-008,2017-06-19 11:00:00,81.02075958251953
srv-008,2017-06-19 12:00:00,82.80427551269531
srv-008,2017-06-19 13:00:00,77.92398834228516
srv-008,2017-06-19 14:00:00,81.8763656616211
srv-008,2017-06-19 15:00:00,78.76309967041016
srv-008,2017-06-19 16:00:00,77.93245697021484
srv-008,2017-06-19 17:00:00,73.71601867675781
srv-008,2017-06-19 18:00:00,79.25141143798828
srv-008,2017-06-19 19:00:00,75.4173583984375
srv-008,2017-06-19 20:00:00,71.8910903930664
srv-008,2017-06-19 21:00:00,73.48118591308594
srv-008,2017-06-19 22:00:00,73.41304779052734
srv-008,2017-06-19 23:00:00,76.23954010009766
srv-008,2017-06-20 00:00:00,75.5005111694336
srv-008,2017-06-20 01:00:00,75.7495346069336
srv-008,2017-06-20 02:00:00,77.63712310791016
srv-008,2017-06-20 03:00:00,79.9712905883789
srv-008,2017-06-20 04:00:00,76.25206756591797
srv-008,2017-06-20 05:00:00,82.30814361572266
srv-008,2017-06-20 06:00:00,88.62745666503906
srv-008,2017-06-20 07:00:00,80.81843566894531
srv-008,2017-06-20 08:00:00,78.45496368408203
srv-008,2017-06-20 09:00:00,77.03726196289062
srv-008,2017-06-20 10:00:00,78.32209777832031
srv-008,2017-06-20 11:00:00,79.89306640625
srv-008,2017-06-20 12:00:00,80.6684799194336
srv-008,2017-06-20 13:00:00,84.79508209228516
srv-008,2017-06-20 14:00:00,78.58483123779297
srv-008,2017-06-20 15:00:00,75.26443481445312
srv-008,2017-06-20 16:00:00,77.90283203125
srv-008,2017-06-20 17:00:00,79.8893814086914
srv-008,2017-06-20 18:00:00,76.05308532714844
srv-008,2017-06-20 19:00:00,78.66156768798828
srv-008,2017-06-20 20:00:00,82.5035171508789
srv-008,2017-06-20 21:00:00,81.26217651367188
srv-008,2017-06-20 22:00:00,75.20221710205078
srv-008,2017-06-20 23:00:00,70.88446044921875
srv-008,2017-06-21 00:00:00,73.58197784423828
srv-008,2017-06-21 01:00:00,76.22478485107422
srv-008,2017-06-21 02:00:00,74.4437026977539
srv-008,2017-06-21 03:00:00,74.32411193847656
srv-008,2017-06-21 04:00:00,71.67359161376953
srv-008,2017-06-21 05:00:00,77.12520599365234
srv-008,2017-06-21 06:00:00,80.2724380493164
srv-008,2017-06-21 07:00:00,82.66825103759766
srv-008,2017-06-21 08:00:00,76.1889877319336
srv-008,2017-06-21 09:00:00,84.73137664794922
srv-008,2017-06-21 10:00:00,83.27581024169922
srv-008,2017-06-21 11:00:00,75.96300506591797
srv-008,2017-06-21 12:00:00,72.4448471069336
srv-008,2017-06-21 13:00:00,73.90574645996094
srv-008,2017-06-21 14:00:00,76.30530548095703
srv-008,2017-06-21 15:00:00,77.91740417480469
srv-008,2017-06-21 16:00:00,82.12106323242188
srv-008,2017-06-21 17:00:00,83.65547943115234
srv-008,2017-06-21 18:00:00,78.35415649414062
srv-008,2017-06-21 19:00:00,79.47327423095703
srv-008,2017-06-21 20:00:00,83.49800109863281
srv-008,2017-06-21 21:00:00,78.25687408447266
srv-008,2017-06-21 22:00:00,72.13916778564453
srv-008,2017-06-21 23:00:00,73.12430572509766
srv-008,2017-06-22 00:00:00,69.32457733154297
srv-008,2017-06-22 01:00:00,67.03801727294922
srv-008,2017-06-22 02:00:00,76.29501342773438
srv-008,2017-06-22 03:00:00,75.5177230834961
srv-008,2017-06-22 04:00:00,76.9273452758789
srv-008,2017-06-22 05:00:00,84.83422088623047
srv-008,2017-06-22 06:00:00,83.29035949707031
srv-008,2017-06-22 07:00:00,80.56454467773438
srv-008,2017-06-22 08:00:00,70.82349395751953
srv-008,2017-06-22 09:00:00,78.93053436279297
srv-008,2017-06-22 10:00:00,81.86779022216797
srv-008,2017-06-22 11:00:00,81.12327575683594
srv-008,2017-06-22 12:00:00,82.99771118164062
srv-008,2017-06-22 13:00:00,83.2172622680664
srv-008,2017-06-22 14:00:00,83.56133270263672
srv-008,2017-06-22 15:00:00,84.0814208984375
srv-008,2017-06-22 16:00:00,87.54314422607422
srv-008,2017-06-22 17:00:00,83.04569244384766
srv-008,2017-06-22 18:00:00,84.56372833251953
srv-008,2017-06-22 19:00:00,80.42781829833984
srv-008,2017-06-22 20:00:00,78.17597198486328
srv-008,2017-06-22 21:00:00,74.10015106201172
srv-008,2017-06-22 22:00:00,72.37200164794922
srv-008,2017-06-22 23:00:00,71.28677368164062
srv-008,2017-06-23 00:00:00,74.57833099365234
srv-008,2017-06-23 01:00:00,77.39085388183594
srv-008,2017-06-23 02:00:00,68.00227355957031
srv-008,2017-06-23 03:00:00,71.66956329345703
srv-008,2017-06-23 04:00:00,74.59757232666016
srv-008,2017-06-23 05:00:00,70.10376739501953
srv-008,2017-06-23 06:00:00,69.9396743774414
srv-008,2017-06-23 07:00:00,74.0899429321289
srv-008,2017-06-23 08:00:00,69.38043975830078
srv-008,2017-06-23 09:00:00,75.28793334960938
srv-008,2017-06-23 10:00:00,73.5588150024414
srv-008,2017-06-23 11:00:00,78.14749145507812
srv-008,2017-06-23 12:00:00,83.60688018798828
srv-008,2017-06-23 13:00:00,73.89038848876953
srv-008,2017-06-23 14:00:00,76.42298889160156
srv-008,2017-06-23 15:00:00,77.23849487304688
srv-008,2017-06-23 16:00:00,71.80498504638672
srv-008,2017-06-23 17:00:00,76.15752410888672
srv-008,2017-06-23 18:00:00,73.50324249267578
srv-008,2017-06-23 19:00:00,74.53003692626953
srv-008,2017-06-23 20:00:00,71.71685791015625
srv-008,2017-06-23 21:00:00,67.77516174316406
srv-008,2017-06-23 22:00:00,71.52800750732422
srv-008,2017-06-23 23:00:00,65.93547058105469
srv-008,2017-06-24 00:00:00,72.39796447753906
srv-008,2017-06-24 01:00:00,67.49700164794922
srv-008,2017-06-24 02:00:00,65.91668701171875
srv-008,2017-06-24 03:00:00,70.7853775024414
srv-008,2017-06-24 04:00:00,65.75987243652344
srv-008,2017-06-24 05:00:00,70.14287567138672
srv-008,2017-06-24 06:00:00,69.11283111572266
srv-008,2017-06-24 07:00:00,71.93675994873047
srv-008,2017-06-24 08:00:00,70.60114288330078
srv-008,2017-06-24 09:00:00,67.28336334228516
srv-008,2017-06-24 10:00:00,68.94119262695312
srv-008,2017-06-24 11:00:00,75.45476531982422
srv-008,2017-06-24 12:00:00,80.54367065429688
srv-008,2017-06-24 13:00:00,84.61571502685547
srv-008,2017-06-24 14:00:00,73.25660705566406
srv-008,2017-06-24 15:00:00,72.66219329833984
srv-008,2017-06-24 16:00:00,72.45396423339844
srv-008,2017-06-24 17:00:00,77.1135025024414
srv-008,2017-06-24 18:00:00,71.34780883789062
srv-008,2017-06-24 19:00:00,69.48820495605469
srv-008,2017-06-24 20:00:00,73.60041809082031
srv-008,2017-06-24 21:00:00,65.9625244140625
srv-008,2017-06-24 22:00:00,71.33920288085938
srv-008,2017-06-24 23:00:00,67.45360565185547
srv-008,2017-06-25 00:00:00,69.91497039794922
srv-008,2017-06-25 01:00:00,69.4566650390625
srv-008,2017-06-25 02:00:00,70.46234893798828
srv-008,2017-06-25 03:00:00,74.32090759277344
srv-008,2017-06-25 04:00:00,68.9603500366211
srv-008,2017-06-25 05:00:00,64.8138427734375
srv-008,2017-06-25 06:00:00,68.6602554321289
srv-008,2017-06-25 07:00:00,72.9603042602539
srv-008,2017-06-25 08:00:00,75.22883605957031
srv-008,2017-06-25 09:00:00,75.376953125
srv-008,2017-06-25 10:00:00,74.04621124267578
srv-008,2017-06-25 11:00:00,74.1825942993164
srv-008,2017-06-25 12:00:00,74.87802124023438
srv-008,2017-06-25 13:00:00,74.00398254394531
srv-008,2017-06-25 14:00:00,78.8334732055664
srv-008,2017-06-25 15:00:00,80.04679870605469
srv-008,2017-06-25 16:00:00,74.250244140625
srv-008,2017-06-25 17:00:00,76.806396484375
srv-008,2017-06-25 18:00:00,79.10364532470703
srv-008,2017-06-25 19:00:00,71.79517364501953
srv-008,2017-06-25 20:00:00,73.17964935302734
srv-008,2017-06-25 21:00:00,70.75493621826172
srv-008,2017-06-25 22:00:00,70.3569564819336
srv-008,2017-06-25 23:00:00,66.24949645996094
srv-008,2017-06-26 00:00:00,69.52879333496094
srv-008,2017-06-26 01:00:00,70.0033187866211
srv-008,2017-06-26 02:00:00,65.81826782226562
srv-008,2017-06-26 03:00:00,64.93115997314453
srv-008,2017-06-26 04:00:00,62.760196685791016
srv-008,2017-06-26 05:00:00,63.22343063354492
srv-008,2017-06-26 06:00:00,68.11346435546875
srv-008,2017-06-26 07:00:00,70.83582305908203
srv-008,2017-06-26 08:00:00,70.6879653930664
srv-008,2017-06-26 09:00:00,72.6954574584961
srv-008,2017-06-26 10:00:00,76.11797332763672
srv-008,2017-06-26 11:00:00,80.0520248413086
srv-008,2017-06-26 12:00:00,78.51773071289062
srv-008,2017-06-26 13:00:00,71.48433685302734
srv-008,2017-06-26 14:00:00,72.69083404541016
srv-008,2017-06-26 15:00:00,75.72712707519531
srv-008,2017-06-26 16:00:00,77.72315216064453
srv-008,2017-06-26 17:00:00,73.73802185058594
srv-008,2017-06-26 18:00:00,72.87593078613281
srv-008,2017-06-26 19:00:00,72.04242706298828
srv-008,2017-06-26 20:00:00,72.26940155029297
srv-008,2017-06-26 21:00:00,73.20084381103516
srv-008,2017-06-26 22:00:00,79.0920639038086
srv-008,2017-06-26 23:00:00,73.78498840332031
srv-008,2017-06-27 00:00:00,68.3834457397461
srv-008,2017-06-27 01:00:00,71.26432037353516
srv-008,2017-06-27 02:00:00,75.28655242919922
srv-008,2017-06-27 03:00:00,69.55548095703125
srv-008,2017-06-27 04:00:00,69.48471069335938
srv-008,2017-06-27 05:00:00,75.99678802490234
srv-008,2017-06-27 06:00:00,76.59700012207031
srv-008,2017-06-27 07:00:00,73.24270629882812
srv-008,2017-06-27 08:00:00,74.58793640136719
srv-008,2017-06-27 09:00:00,75.40548706054688
srv-008,2017-06-27 10:00:00,83.04523468017578
srv-008,2017-06-27 11:00:00,84.3353042602539
srv-008,2017-06-27 12:00:00,82.81912994384766
srv-008,2017-06-27 13:00:00,81.43563079833984
srv-008,2017-06-27 14:00:00,77.10506439208984
srv-008,2017-06-27 15:00:00,79.54065704345703
srv-008,2017-06-27 16:00:00,84.279541015625
srv-008,2017-06-27 17:00:00,79.34073638916016
srv-008,2017-06-27 18:00:00,78.84795379638672
srv-008,2017-06-27 19:00:00,83.35880279541016
srv-008,2017-06-27 20:00:00,74.27134704589844
srv-008,2017-06-27 21:00:00,74.54296112060547
srv-008,2017-06-27 22:00:00,83.71460723876953
srv-008,2017-06-27 23:00:00,71.23101043701172
srv-008,2017-06-28 00:00:00,66.61078643798828
srv-008,2017-06-28 01:00:00,71.16133880615234
srv-008,2017-06-28 02:00:00,76.07991027832031
srv-008,2017-06-28 03:00:00,75.3228988647461
srv-008,2017-06-28 04:00:00,73.92698669433594
srv-008,2017-06-28 05:00:00,75.04443359375
srv-008,2017-06-28 06:00:00,84.83235931396484
srv-008,2017-06-28 07:00:00,79.7157211303711
srv-008,2017-06-28 08:00:00,80.98011779785156
srv-008,2017-06-28 09:00:00,82.55196380615234
srv-008,2017-06-28 10:00:00,80.86730194091797
srv-008,2017-06-28 11:00:00,87.22199249267578
srv-008,2017-06-28 12:00:00,82.09760284423828
srv-008,2017-06-28 13:00:00,81.64385986328125
srv-008,2017-06-28 14:00:00,87.13529205322266
srv-008,2017-06-28 15:00:00,78.83116912841797
srv-008,2017-06-28 16:00:00,78.62442779541016
srv-008,2017-06-28 17:00:00,77.6889419555664
srv-008,2017-06-28 18:00:00,77.97574615478516
srv-008,2017-06-28 19:00:00,69.4332046508789
srv-008,2017-06-28 20:00:00,74.88009643554688
srv-008,2017-06-28 21:00:00,76.23896026611328
srv-008,2017-06-28 22:00:00,72.5074691772461
srv-008,2017-06-28 23:00:00,74.33971405029297
srv-008,2017-06-29 00:00:00,71.96668243408203
srv-008,2017-06-29 01:00:00,72.16638946533203
srv-008,2017-06-29 02:00:00,76.0208511352539
srv-008,2017-06-29 03:00:00,81.78365325927734
srv-008,2017-06-29 04:00:00,80.5625991821289
srv-008,2017-06-29 05:00:00,81.87579345703125
srv-008,2017-06-29 06:00:00,84.50269317626953
srv-008,2017-06-29 07:00:00,80.77528381347656
srv-008,2017-06-29 08:00:00,78.76349639892578
srv-008,2017-06-29 09:00:00,80.45158386230469
srv-008,2017-06-29 10:00:00,82.81747436523438
srv-008,2017-06-29 11:00:00,82.49224090576172
srv-008,2017-06-29 12:00:00,83.51700592041016
srv-008,2017-06-29 13:00:00,81.8359375
srv-008,2017-06-29 14:00:00,78.32498168945312
srv-008,2017-06-29 15:00:00,75.73999786376953
srv-008,2017-06-29 16:00:00,81.97391510009766
srv-008,2017-06-29 17:00:00,79.56916046142578
srv-008,2017-06-29 18:00:00,85.35615539550781
srv-008,2017-06-29 19:00:00,78.68814849853516
srv-008,2017-06-29 20:00:00,78.92414093017578
srv-008,2017-06-29 21:00:00,69.86412048339844
srv-008,2017-06-29 22:00:00,73.96025085449219
srv-008,2017-06-29 23:00:00,73.68858337402344
srv-008,2017-06-30 00:00:00,76.44458770751953
srv-008,2017-06-30 01:00:00,75.3274917602539
srv-008,2017-06-30 02:00:00,73.51876068115234
srv-008,2017-06-30 03:00:00,74.1832046508789
srv-008,2017-06-30 04:00:00,70.8019027709961
srv-008,2017-06-30 05:00:00,69.31446075439453
srv-008,2017-06-30 06:00:00,68.48711395263672
srv-008,2017-06-30 07:00:00,73.14891815185547
srv-008,2017-06-30 08:00:00,67.73800659179688
srv-008,2017-06-30 09:00:00,73.02796936035156
srv-008,2017-06-30 10:00:00,74.80113983154297
srv-008,2017-06-30 11:00:00,77.70764923095703
srv-008,2017-06-30 12:00:00,75.53236389160156
srv-008,2017-06-30 13:00:00,76.84162139892578
srv-008,2017-06-30 14:00:00,75.0290298461914
srv-008,2017-06-30 15:00:00,75.85489654541016
srv-008,2017-06-30 16:00:00,76.2613754272461
srv-008,2017-06-30 17:00:00,71.55729675292969
srv-008,2017-06-30 18:00:00,68.49346160888672
srv-008,2017-06-30 19:00:00,65.54228973388672
srv-008,2017-06-30 20:00:00,68.84576416015625
srv-008,2017-06-30 21:00:00,69.6106948852539
srv-008,2017-06-30 22:00:00,72.38883209228516
srv-008,2017-06-30 23:00:00,75.43939971923828
srv-009,2017-06-01 23:00:00,32.51095962524414
srv-009,2017-06-02 00:00:00,33.2404899597168
srv-009,2017-06-02 01:00:00,33.406002044677734
srv-009,2017-06-02 02:00:00,32.68709945678711
srv-009,2017-06-02 03:00:00,32.99656677246094
srv-009,2017-06-02 04:00:00,33.381202697753906
srv-009,2017-06-02 05:00:00,34.61038589477539
srv-009,2017-06-02 06:00:00,35.702392578125
srv-009,2017-06-02 07:00:00,35.62371826171875
srv-009,2017-06-02 08:00:00,35.585426330566406
srv-009,2017-06-02 09:00:00,33.405853271484375
srv-009,2017-06-02 10:00:00,33.58326721191406
srv-009,2017-06-02 11:00:00,31.502952575683594
srv-009,2017-06-02 12:00:00,31.33180809020996
srv-009,2017-06-02 13:00:00,31.482254028320312
srv-009,2017-06-02 14:00:00,31.425931930541992
srv-009,2017-06-02 15:00:00,38.59889221191406
srv-009,2017-06-02 16:00:00,30.895694732666016
srv-009,2017-06-02 17:00:00,31.058204650878906
srv-009,2017-06-02 18:00:00,31.684249877929688
srv-009,2017-06-02 19:00:00,31.407989501953125
srv-009,2017-06-02 20:00:00,31.234912872314453
srv-009,2017-06-02 21:00:00,31.18155288696289
srv-009,2017-06-02 22:00:00,31.09151268005371
srv-009,2017-06-02 23:00:00,31.08277130126953
srv-009,2017-06-03 00:00:00,31.051456451416016
srv-009,2017-06-03 01:00:00,30.361217498779297
srv-009,2017-06-03 02:00:00,30.418306350708008
srv-009,2017-06-03 03:00:00,30.829837799072266
srv-009,2017-06-03 04:00:00,30.205446243286133
srv-009,2017-06-03 05:00:00,30.38382911682129
srv-009,2017-06-03 06:00:00,30.738981246948242
srv-009,2017-06-03 07:00:00,30.72719955444336
srv-009,2017-06-03 08:00:00,30.494510650634766
srv-009,2017-06-03 09:00:00,30.680866241455078
srv-009,2017-06-03 10:00:00,30.21367645263672
srv-009,2017-06-03 11:00:00,30.73192596435547
srv-009,2017-06-03 12:00:00,30.763965606689453
srv-009,2017-06-03 13:00:00,31.019392013549805
srv-009,2017-06-03 14:00:00,31.530548095703125
srv-009,2017-06-03 15:00:00,31.922069549560547
srv-009,2017-06-03 16:00:00,31.615055084228516
srv-009,2017-06-03 17:00:00,32.40190505981445
srv-009,2017-06-03 18:00:00,32.0081787109375
srv-009,2017-06-03 19:00:00,31.841447830200195
srv-009,2017-06-03 20:00:00,32.44997787475586
srv-009,2017-06-03 21:00:00,31.448514938354492
srv-009,2017-06-03 22:00:00,30.91434097290039
srv-009,2017-06-03 23:00:00,29.48723602294922
srv-009,2017-06-04 00:00:00,29.578521728515625
srv-009,2017-06-04 01:00:00,29.78031349182129
srv-009,2017-06-04 02:00:00,39.426509857177734
srv-009,2017-06-04 03:00:00,30.235883712768555
srv-009,2017-06-04 04:00:00,30.499061584472656
srv-009,2017-06-04 05:00:00,30.364879608154297
srv-009,2017-06-04 06:00:00,30.490795135498047
srv-009,2017-06-04 07:00:00,30.555572509765625
srv-009,2017-06-04 08:00:00,31.246198654174805
srv-009,2017-06-04 09:00:00,30.78440284729004
srv-009,2017-06-04 10:00:00,30.90282440185547
srv-009,2017-06-04 11:00:00,31.320375442504883
srv-009,2017-06-04 12:00:00,31.540843963623047
srv-009,2017-06-04 13:00:00,31.351041793823242
srv-009,2017-06-04 14:00:00,30.905336380004883
srv-009,2017-06-04 15:00:00,30.403514862060547
srv-009,2017-06-04 16:00:00,30.208486557006836
srv-009,2017-06-04 17:00:00,30.886693954467773
srv-009,2017-06-04 18:00:00,31.70477867126465
srv-009,2017-06-04 19:00:00,29.474056243896484
srv-009,2017-06-04 20:00:00,29.820201873779297
srv-009,2017-06-04 21:00:00,30.513151168823242
srv-009,2017-06-04 22:00:00,30.454723358154297
srv-009,2017-06-04 23:00:00,30.432476043701172
srv-009,2017-06-05 00:00:00,29.94091033935547
srv-009,2017-06-05 01:00:00,30.017900466918945
srv-009,2017-06-05 02:00:00,30.161907196044922
srv-009,2017-06-05 03:00:00,30.58974838256836
srv-009,2017-06-05 04:00:00,30.671297073364258
srv-009,2017-06-05 05:00:00,31.798786163330078
srv-009,2017-06-05 06:00:00,31.577346801757812
srv-009,2017-06-05 07:00:00,31.122438430786133
srv-009,2017-06-05 08:00:00,30.769044876098633
srv-009,2017-06-05 09:00:00,31.009464263916016
srv-009,2017-06-05 10:00:00,30.91153335571289
srv-009,2017-06-05 11:00:00,31.845176696777344
srv-009,2017-06-05 12:00:00,32.95085144042969
srv-009,2017-06-05 13:00:00,32.981693267822266
srv-009,2017-06-05 14:00:00,33.66687774658203
srv-009,2017-06-05 15:00:00,32.911354064941406
srv-009,2017-06-05 16:00:00,32.14949035644531
srv-009,2017-06-05 17:00:00,31.99860191345215
srv-009,2017-06-05 18:00:00,32.1786994934082
srv-009,2017-06-05 19:00:00,32.02730178833008
srv-009,2017-06-05 20:00:00,32.359046936035156
srv-009,2017-06-05 21:00:00,32.28042221069336
srv-009,2017-06-05 22:00:00,32.335693359375
srv-009,2017-06-05 23:00:00,32.53664779663086
srv-009,2017-06-06 00:00:00,32.576026916503906
srv-009,2017-06-06 01:00:00,32.955726623535156
srv-009,2017-06-06 02:00:00,33.754920959472656
srv-009,2017-06-06 03:00:00,32.64601135253906
srv-009,2017-06-06 04:00:00,32.527217864990234
srv-009,2017-06-06 05:00:00,32.622398376464844
srv-009,2017-06-06 06:00:00,33.98340606689453
srv-009,2017-06-06 07:00:00,34.3576774597168
srv-009,2017-06-06 08:00:00,34.217681884765625
srv-009,2017-06-06 09:00:00,33.682647705078125
srv-009,2017-06-06 10:00:00,32.803279876708984
srv-009,2017-06-06 11:00:00,32.411949157714844
srv-009,2017-06-06 12:00:00,33.16129684448242
srv-009,2017-06-06 13:00:00,33.458839416503906
srv-009,2017-06-06 14:00:00,33.84546661376953
srv-009,2017-06-06 15:00:00,33.89080047607422
srv-009,2017-06-06 16:00:00,33.85862731933594
srv-009,2017-06-06 17:00:00,34.23478698730469
srv-009,2017-06-06 18:00:00,32.84259033203125
srv-009,2017-06-06 19:00:00,32.90406036376953
srv-009,2017-06-06 20:00:00,32.807891845703125
srv-009,2017-06-06 21:00:00,32.22098159790039
srv-009,2017-06-06 22:00:00,32.299766540527344
srv-009,2017-06-06 23:00:00,33.164398193359375
srv-009,2017-06-07 00:00:00,32.57535171508789
srv-009,2017-06-07 01:00:00,33.391319274902344
srv-009,2017-06-07 02:00:00,32.846012115478516
srv-009,2017-06-07 03:00:00,33.7394905090332
srv-009,2017-06-07 04:00:00,33.31494903564453
srv-009,2017-06-07 05:00:00,32.004215240478516
srv-009,2017-06-07 06:00:00,32.36246871948242
srv-009,2017-06-07 07:00:00,32.851104736328125
srv-009,2017-06-07 08:00:00,32.648963928222656
srv-009,2017-06-07 09:00:00,32.8575553894043
srv-009,2017-06-07 10:00:00,33.23847961425781
srv-009,2017-06-07 11:00:00,33.33646011352539
srv-009,2017-06-07 12:00:00,32.97893142700195
srv-009,2017-06-07 13:00:00,33.32190704345703
srv-009,2017-06-07 14:00:00,33.24645233154297
srv-009,2017-06-07 15:00:00,33.592750549316406
srv-009,2017-06-07 16:00:00,34.0458984375
srv-009,2017-06-07 17:00:00,34.66351318359375
srv-009,2017-06-07 18:00:00,33.37297821044922
srv-009,2017-06-07 19:00:00,33.462188720703125
srv-009,2017-06-07 20:00:00,33.10054016113281
srv-009,2017-06-07 21:00:00,33.20096206665039
srv-009,2017-06-07 22:00:00,33.0030517578125
srv-009,2017-06-07 23:00:00,33.18721008300781
srv-009,2017-06-08 00:00:00,33.308807373046875
srv-009,2017-06-08 01:00:00,32.7719612121582
srv-009,2017-06-08 02:00:00,32.86595153808594
srv-009,2017-06-08 03:00:00,32.38298797607422
srv-009,2017-06-08 04:00:00,33.69122314453125
srv-009,2017-06-08 05:00:00,32.4059944152832
srv-009,2017-06-08 06:00:00,31.914466857910156
srv-009,2017-06-08 07:00:00,31.695232391357422
srv-009,2017-06-08 08:00:00,31.775588989257812
srv-009,2017-06-08 09:00:00,32.64207077026367
srv-009,2017-06-08 10:00:00,33.42607498168945
srv-009,2017-06-08 11:00:00,32.42099380493164
srv-009,2017-06-08 12:00:00,32.06945037841797
srv-009,2017-06-08 13:00:00,32.071922302246094
srv-009,2017-06-08 14:00:00,32.95148468017578
srv-009,2017-06-08 15:00:00,32.41529083251953
srv-009,2017-06-08 16:00:00,32.59410095214844
srv-009,2017-06-08 17:00:00,31.655393600463867
srv-009,2017-06-08 18:00:00,32.14838790893555
srv-009,2017-06-08 19:00:00,31.57685089111328
srv-009,2017-06-08 20:00:00,31.58111572265625
srv-009,2017-06-08 21:00:00,31.675363540649414
srv-009,2017-06-08 22:00:00,31.618831634521484
srv-009,2017-06-08 23:00:00,31.488231658935547
srv-009,2017-06-09 00:00:00,31.731098175048828
srv-009,2017-06-09 01:00:00,32.67681121826172
srv-009,2017-06-09 02:00:00,34.574859619140625
srv-009,2017-06-09 03:00:00,32.89980697631836
srv-009,2017-06-09 04:00:00,31.967933654785156
srv-009,2017-06-09 05:00:00,31.302021026611328
srv-009,2017-06-09 06:00:00,31.53689193725586
srv-009,2017-06-09 07:00:00,32.17572784423828
srv-009,2017-06-09 08:00:00,31.950178146362305
srv-009,2017-06-09 09:00:00,31.787033081054688
srv-009,2017-06-09 10:00:00,31.627452850341797
srv-009,2017-06-09 11:00:00,31.724868774414062
srv-009,2017-06-09 12:00:00,32.11383056640625
srv-009,2017-06-09 13:00:00,31.551761627197266
srv-009,2017-06-09 14:00:00,31.21805191040039
srv-009,2017-06-09 15:00:00,31.22896957397461
srv-009,2017-06-09 16:00:00,31.317607879638672
srv-009,2017-06-09 17:00:00,32.474605560302734
srv-009,2017-06-09 18:00:00,31.255277633666992
srv-009,2017-06-09 19:00:00,31.104511260986328
srv-009,2017-06-09 20:00:00,31.113235473632812
srv-009,2017-06-09 21:00:00,30.834125518798828
srv-009,2017-06-09 22:00:00,30.43158721923828
srv-009,2017-06-09 23:00:00,29.29558563232422
srv-009,2017-06-10 00:00:00,30.140029907226562
srv-009,2017-06-10 01:00:00,30.998035430908203
srv-009,2017-06-10 02:00:00,32.01337432861328
srv-009,2017-06-10 03:00:00,31.54088592529297
srv-009,2017-06-10 04:00:00,31.34424591064453
srv-009,2017-06-10 05:00:00,31.384906768798828
srv-009,2017-06-10 06:00:00,30.9458065032959
srv-009,2017-06-10 07:00:00,31.374290466308594
srv-009,2017-06-10 08:00:00,32.27635192871094
srv-009,2017-06-10 09:00:00,32.365272521972656
srv-009,2017-06-10 10:00:00,33.36701583862305
srv-009,2017-06-10 11:00:00,32.81699752807617
srv-009,2017-06-10 12:00:00,31.698524475097656
srv-009,2017-06-10 13:00:00,30.757991790771484
srv-009,2017-06-10 14:00:00,31.1024227142334
srv-009,2017-06-10 15:00:00,31.569868087768555
srv-009,2017-06-10 16:00:00,31.69210433959961
srv-009,2017-06-10 17:00:00,33.47654724121094
srv-009,2017-06-10 18:00:00,33.21918869018555
srv-009,2017-06-10 19:00:00,32.805084228515625
srv-009,2017-06-10 20:00:00,31.736732482910156
srv-009,2017-06-10 21:00:00,30.72031021118164
srv-009,2017-06-10 22:00:00,30.57119369506836
srv-009,2017-06-10 23:00:00,30.443950653076172
srv-009,2017-06-11 00:00:00,29.56736183166504
srv-009,2017-06-11 01:00:00,30.883712768554688
srv-009,2017-06-11 02:00:00,31.275901794433594
srv-009,2017-06-11 03:00:00,30.502803802490234
srv-009,2017-06-11 04:00:00,30.22113800048828
srv-009,2017-06-11 05:00:00,30.403793334960938
srv-009,2017-06-11 06:00:00,30.496007919311523
srv-009,2017-06-11 07:00:00,30.15727996826172
srv-009,2017-06-11 08:00:00,30.292160034179688
srv-009,2017-06-11 09:00:00,30.313453674316406
srv-009,2017-06-11 10:00:00,30.39316177368164
srv-009,2017-06-11 11:00:00,30.725492477416992
srv-009,2017-06-11 12:00:00,31.406349182128906
srv-009,2017-06-11 13:00:00,30.70984649658203
srv-009,2017-06-11 14:00:00,31.65069580078125
srv-009,2017-06-11 15:00:00,32.0226936340332
srv-009,2017-06-11 16:00:00,31.967180252075195
srv-009,2017-06-11 17:00:00,32.48165512084961
srv-009,2017-06-11 18:00:00,31.628267288208008
srv-009,2017-06-11 19:00:00,31.360576629638672
srv-009,2017-06-11 20:00:00,30.352121353149414
srv-009,2017-06-11 21:00:00,30.286640167236328
srv-009,2017-06-11 22:00:00,30.000349044799805
srv-009,2017-06-11 23:00:00,30.014991760253906
srv-009,2017-06-12 00:00:00,29.668325424194336
srv-009,2017-06-12 01:00:00,30.127532958984375
srv-009,2017-06-12 02:00:00,30.82986068725586
srv-009,2017-06-12 03:00:00,31.162168502807617
srv-009,2017-06-12 04:00:00,30.996417999267578
srv-009,2017-06-12 05:00:00,30.948143005371094
srv-009,2017-06-12 06:00:00,31.14854621887207
srv-009,2017-06-12 07:00:00,31.468082427978516
srv-009,2017-06-12 08:00:00,30.985233306884766
srv-009,2017-06-12 09:00:00,31.569244384765625
srv-009,2017-06-12 10:00:00,32.6151123046875
srv-009,2017-06-12 11:00:00,32.93495178222656
srv-009,2017-06-12 12:00:00,32.62346649169922
srv-009,2017-06-12 13:00:00,32.99038314819336
srv-009,2017-06-12 14:00:00,33.07859420776367
srv-009,2017-06-12 15:00:00,32.70216369628906
srv-009,2017-06-12 16:00:00,33.12062072753906
srv-009,2017-06-12 17:00:00,33.80762481689453
srv-009,2017-06-12 18:00:00,33.89329528808594
srv-009,2017-06-12 19:00:00,32.8303108215332
srv-009,2017-06-12 20:00:00,32.36906433105469
srv-009,2017-06-12 21:00:00,32.398441314697266
srv-009,2017-06-12 22:00:00,33.17939376831055
srv-009,2017-06-12 23:00:00,33.166996002197266
srv-009,2017-06-13 00:00:00,33.37953186035156
srv-009,2017-06-13 01:00:00,33.73069763183594
srv-009,2017-06-13 02:00:00,32.779052734375
srv-009,2017-06-13 03:00:00,32.33222961425781
srv-009,2017-06-13 04:00:00,32.05860900878906
srv-009,2017-06-13 05:00:00,32.48701095581055
srv-009,2017-06-13 06:00:00,32.72896194458008
srv-009,2017-06-13 07:00:00,32.920310974121094
srv-009,2017-06-13 08:00:00,33.04016876220703
srv-009,2017-06-13 09:00:00,33.105960845947266
srv-009,2017-06-13 10:00:00,33.20729064941406
srv-009,2017-06-13 11:00:00,33.17048645019531
srv-009,2017-06-13 12:00:00,33.83949661254883
srv-009,2017-06-13 13:00:00,34.09632110595703
srv-009,2017-06-13 14:00:00,33.720848083496094
srv-009,2017-06-13 15:00:00,32.86182403564453
srv-009,2017-06-13 16:00:00,32.81700134277344
srv-009,2017-06-13 17:00:00,33.10108947753906
srv-009,2017-06-13 18:00:00,33.095645904541016
srv-009,2017-06-13 19:00:00,32.80052947998047
srv-009,2017-06-13 20:00:00,32.42759704589844
srv-009,2017-06-13 21:00:00,32.25225067138672
srv-009,2017-06-13 22:00:00,32.630924224853516
srv-009,2017-06-13 23:00:00,32.7735595703125
srv-009,2017-06-14 00:00:00,32.90436553955078
srv-009,2017-06-14 01:00:00,34.81296920776367
srv-009,2017-06-14 02:00:00,35.255104064941406
srv-009,2017-06-14 03:00:00,34.273773193359375
srv-009,2017-06-14 04:00:00,34.547298431396484
srv-009,2017-06-14 05:00:00,33.05442810058594
srv-009,2017-06-14 06:00:00,32.98478698730469
srv-009,2017-06-14 07:00:00,32.60773468017578
srv-009,2017-06-14 08:00:00,33.58911895751953
srv-009,2017-06-14 09:00:00,35.12358856201172
srv-009,2017-06-14 10:00:00,35.05082702636719
srv-009,2017-06-14 11:00:00,35.00070571899414
srv-009,2017-06-14 12:00:00,33.7107048034668
srv-009,2017-06-14 13:00:00,33.01718521118164
srv-009,2017-06-14 14:00:00,32.66596984863281
srv-009,2017-06-14 15:00:00,32.71805953979492
srv-009,2017-06-14 16:00:00,32.77484130859375
srv-009,2017-06-14 17:00:00,32.41455078125
srv-009,2017-06-14 18:00:00,32.316219329833984
srv-009,2017-06-14 19:00:00,36.60901641845703
srv-009,2017-06-14 20:00:00,36.144004821777344
srv-009,2017-06-14 21:00:00,34.33944320678711
srv-009,2017-06-14 22:00:00,33.261024475097656
srv-009,2017-06-14 23:00:00,33.204139709472656
srv-009,2017-06-15 00:00:00,33.671817779541016
srv-009,2017-06-15 01:00:00,32.445499420166016
srv-009,2017-06-15 02:00:00,32.5490837097168
srv-009,2017-06-15 03:00:00,32.87471389770508
srv-009,2017-06-15 04:00:00,32.37542724609375
srv-009,2017-06-15 05:00:00,32.24769592285156
srv-009,2017-06-15 06:00:00,32.22622299194336
srv-009,2017-06-15 07:00:00,32.62430191040039
srv-009,2017-06-15 08:00:00,32.348655700683594
srv-009,2017-06-15 09:00:00,32.34966278076172
srv-009,2017-06-15 10:00:00,32.43988037109375
srv-009,2017-06-15 11:00:00,32.9166259765625
srv-009,2017-06-15 12:00:00,32.97990036010742
srv-009,2017-06-15 13:00:00,33.450992584228516
srv-009,2017-06-15 14:00:00,32.32805252075195
srv-009,2017-06-15 15:00:00,32.33528518676758
srv-009,2017-06-15 16:00:00,32.51777648925781
srv-009,2017-06-15 17:00:00,32.04999542236328
srv-009,2017-06-15 18:00:00,32.658180236816406
srv-009,2017-06-15 19:00:00,32.78202438354492
srv-009,2017-06-15 20:00:00,32.88758850097656
srv-009,2017-06-15 21:00:00,31.87540626525879
srv-009,2017-06-15 22:00:00,31.5664119720459
srv-009,2017-06-15 23:00:00,31.48412322998047
srv-009,2017-06-16 00:00:00,31.872825622558594
srv-009,2017-06-16 01:00:00,32.03412628173828
srv-009,2017-06-16 02:00:00,31.342350006103516
srv-009,2017-06-16 03:00:00,32.35079574584961
srv-009,2017-06-16 04:00:00,32.31511688232422
srv-009,2017-06-16 05:00:00,32.0416374206543
srv-009,2017-06-16 06:00:00,31.206655502319336
srv-009,2017-06-16 07:00:00,31.004236221313477
srv-009,2017-06-16 08:00:00,31.63589096069336
srv-009,2017-06-16 09:00:00,32.07527160644531
srv-009,2017-06-16 10:00:00,32.65188980102539
srv-009,2017-06-16 11:00:00,31.71410369873047
srv-009,2017-06-16 12:00:00,31.713943481445312
srv-009,2017-06-16 13:00:00,31.261978149414062
srv-009,2017-06-16 14:00:00,31.227794647216797
srv-009,2017-06-16 15:00:00,31.764314651489258
srv-009,2017-06-16 16:00:00,31.598596572875977
srv-009,2017-06-16 17:00:00,31.093732833862305
srv-009,2017-06-16 18:00:00,31.00218963623047
srv-009,2017-06-16 19:00:00,31.539453506469727
srv-009,2017-06-16 20:00:00,31.035438537597656
srv-009,2017-06-16 21:00:00,31.099079132080078
srv-009,2017-06-16 22:00:00,30.681873321533203
srv-009,2017-06-16 23:00:00,31.239070892333984
srv-009,2017-06-17 00:00:00,31.655132293701172
srv-009,2017-06-17 01:00:00,30.899837493896484
srv-009,2017-06-17 02:00:00,30.784730911254883
srv-009,2017-06-17 03:00:00,30.490161895751953
srv-009,2017-06-17 04:00:00,30.443592071533203
srv-009,2017-06-17 05:00:00,30.568706512451172
srv-009,2017-06-17 06:00:00,30.498313903808594
srv-009,2017-06-17 07:00:00,30.658912658691406
srv-009,2017-06-17 08:00:00,30.980403900146484
srv-009,2017-06-17 09:00:00,30.779529571533203
srv-009,2017-06-17 10:00:00,31.022294998168945
srv-009,2017-06-17 11:00:00,32.017704010009766
srv-009,2017-06-17 12:00:00,30.679189682006836
srv-009,2017-06-17 13:00:00,31.779918670654297
srv-009,2017-06-17 14:00:00,31.086280822753906
srv-009,2017-06-17 15:00:00,33.0699462890625
srv-009,2017-06-17 16:00:00,34.1809196472168
srv-009,2017-06-17 17:00:00,31.56654167175293
srv-009,2017-06-17 18:00:00,31.358997344970703
srv-009,2017-06-17 19:00:00,31.303504943847656
srv-009,2017-06-17 20:00:00,31.07854652404785
srv-009,2017-06-17 21:00:00,30.819286346435547
srv-009,2017-06-17 22:00:00,30.636075973510742
srv-009,2017-06-17 23:00:00,30.8514404296875
srv-009,2017-06-18 00:00:00,30.996814727783203
srv-009,2017-06-18 01:00:00,31.10740852355957
srv-009,2017-06-18 02:00:00,31.53704071044922
srv-009,2017-06-18 03:00:00,30.098291397094727
srv-009,2017-06-18 04:00:00,30.180339813232422
srv-009,2017-06-18 05:00:00,30.4852294921875
srv-009,2017-06-18 06:00:00,30.446903228759766
srv-009,2017-06-18 07:00:00,30.84967803955078
srv-009,2017-06-18 08:00:00,31.19234848022461
srv-009,2017-06-18 09:00:00,31.08063316345215
srv-009,2017-06-18 10:00:00,31.80524444580078
srv-009,2017-06-18 11:00:00,32.003334045410156
srv-009,2017-06-18 12:00:00,32.77772521972656
srv-009,2017-06-18 13:00:00,31.684158325195312
srv-009,2017-06-18 14:00:00,33.06859588623047
srv-009,2017-06-18 15:00:00,31.155776977539062
srv-009,2017-06-18 16:00:00,30.721141815185547
srv-009,2017-06-18 17:00:00,30.775022506713867
srv-009,2017-06-18 18:00:00,31.23238754272461
srv-009,2017-06-18 19:00:00,30.468555450439453
srv-009,2017-06-18 20:00:00,30.544750213623047
srv-009,2017-06-18 21:00:00,30.62665557861328
srv-009,2017-06-18 22:00:00,30.870819091796875
srv-009,2017-06-18 23:00:00,30.04553985595703
srv-009,2017-06-19 00:00:00,30.47722625732422
srv-009,2017-06-19 01:00:00,31.865442276000977
srv-009,2017-06-19 02:00:00,31.22413444519043
srv-009,2017-06-19 03:00:00,30.25615882873535
srv-009,2017-06-19 04:00:00,30.759428024291992
srv-009,2017-06-19 05:00:00,30.75055694580078
srv-009,2017-06-19 06:00:00,30.360145568847656
srv-009,2017-06-19 07:00:00,30.891204833984375
srv-009,2017-06-19 08:00:00,30.9763240814209
srv-009,2017-06-19 09:00:00,30.947059631347656
srv-009,2017-06-19 10:00:00,31.637792587280273
srv-009,2017-06-19 11:00:00,31.962907791137695
srv-009,2017-06-19 12:00:00,32.91550064086914
srv-009,2017-06-19 13:00:00,33.52363967895508
srv-009,2017-06-19 14:00:00,33.02178192138672
srv-009,2017-06-19 15:00:00,33.07194900512695
srv-009,2017-06-19 16:00:00,33.37147521972656
srv-009,2017-06-19 17:00:00,33.08641815185547
srv-009,2017-06-19 18:00:00,32.70646286010742
srv-009,2017-06-19 19:00:00,32.651832580566406
srv-009,2017-06-19 20:00:00,32.66691589355469
srv-009,2017-06-19 21:00:00,32.49858856201172
srv-009,2017-06-19 22:00:00,32.44245910644531
srv-009,2017-06-19 23:00:00,32.353057861328125
srv-009,2017-06-20 00:00:00,32.657684326171875
srv-009,2017-06-20 01:00:00,32.80855178833008
srv-009,2017-06-20 02:00:00,32.393070220947266
srv-009,2017-06-20 03:00:00,33.058345794677734
srv-009,2017-06-20 04:00:00,32.96747589111328
srv-009,2017-06-20 05:00:00,32.23545837402344
srv-009,2017-06-20 06:00:00,32.260433197021484
srv-009,2017-06-20 07:00:00,32.33908462524414
srv-009,2017-06-20 08:00:00,32.46198272705078
srv-009,2017-06-20 09:00:00,32.60486602783203
srv-009,2017-06-20 10:00:00,33.07622146606445
srv-009,2017-06-20 11:00:00,33.740089416503906
srv-009,2017-06-20 12:00:00,33.366607666015625
srv-009,2017-06-20 13:00:00,33.193023681640625
srv-009,2017-06-20 14:00:00,33.02700424194336
srv-009,2017-06-20 15:00:00,32.82886505126953
srv-009,2017-06-20 16:00:00,32.627933502197266
srv-009,2017-06-20 17:00:00,34.12340545654297
srv-009,2017-06-20 18:00:00,33.182090759277344
srv-009,2017-06-20 19:00:00,33.71197509765625
srv-009,2017-06-20 20:00:00,32.51188278198242
srv-009,2017-06-20 21:00:00,32.254371643066406
srv-009,2017-06-20 22:00:00,32.76056671142578
srv-009,2017-06-20 23:00:00,33.209136962890625
srv-009,2017-06-21 00:00:00,32.458351135253906
srv-009,2017-06-21 01:00:00,32.24384689331055
srv-009,2017-06-21 02:00:00,32.549381256103516
srv-009,2017-06-21 03:00:00,32.7768669128418
srv-009,2017-06-21 04:00:00,32.583831787109375
srv-009,2017-06-21 05:00:00,33.3701171875
srv-009,2017-06-21 06:00:00,32.769981384277344
srv-009,2017-06-21 07:00:00,32.67382049560547
srv-009,2017-06-21 08:00:00,32.50202941894531
srv-009,2017-06-21 09:00:00,32.37885665893555
srv-009,2017-06-21 10:00:00,32.395957946777344
srv-009,2017-06-21 11:00:00,33.682960510253906
srv-009,2017-06-21 12:00:00,32.362525939941406
srv-009,2017-06-21 13:00:00,31.852476119995117
srv-009,2017-06-21 14:00:00,32.026737213134766
srv-009,2017-06-21 15:00:00,32.09010314941406
srv-009,2017-06-21 16:00:00,31.94729995727539
srv-009,2017-06-21 17:00:00,32.15669250488281
srv-009,2017-06-21 18:00:00,31.8011474609375
srv-009,2017-06-21 19:00:00,31.914871215820312
srv-009,2017-06-21 20:00:00,31.78983497619629
srv-009,2017-06-21 21:00:00,31.914024353027344
srv-009,2017-06-21 22:00:00,31.964210510253906
srv-009,2017-06-21 23:00:00,32.1149787902832
srv-009,2017-06-22 00:00:00,32.44368362426758
srv-009,2017-06-22 01:00:00,32.560604095458984
srv-009,2017-06-22 02:00:00,32.44778823852539
srv-009,2017-06-22 03:00:00,33.07964324951172
srv-009,2017-06-22 04:00:00,32.41228485107422
srv-009,2017-06-22 05:00:00,32.073970794677734
srv-009,2017-06-22 06:00:00,32.250179290771484
srv-009,2017-06-22 07:00:00,32.2611083984375
srv-009,2017-06-22 08:00:00,32.423458099365234
srv-009,2017-06-22 09:00:00,33.112518310546875
srv-009,2017-06-22 10:00:00,33.231689453125
srv-009,2017-06-22 11:00:00,32.95054626464844
srv-009,2017-06-22 12:00:00,33.01701354980469
srv-009,2017-06-22 13:00:00,33.301387786865234
srv-009,2017-06-22 14:00:00,32.37213897705078
srv-009,2017-06-22 15:00:00,33.14470672607422
srv-009,2017-06-22 16:00:00,32.8215217590332
srv-009,2017-06-22 17:00:00,33.0194091796875
srv-009,2017-06-22 18:00:00,32.63233184814453
srv-009,2017-06-22 19:00:00,32.8266487121582
srv-009,2017-06-22 20:00:00,33.13429641723633
srv-009,2017-06-22 21:00:00,33.622013092041016
srv-009,2017-06-22 22:00:00,34.10689926147461
srv-009,2017-06-22 23:00:00,32.85869598388672
srv-009,2017-06-23 00:00:00,31.923255920410156
srv-009,2017-06-23 01:00:00,31.536802291870117
srv-009,2017-06-23 02:00:00,31.923128128051758
srv-009,2017-06-23 03:00:00,31.9500732421875
srv-009,2017-06-23 04:00:00,32.158226013183594
srv-009,2017-06-23 05:00:00,31.933013916015625
srv-009,2017-06-23 06:00:00,31.824405670166016
srv-009,2017-06-23 07:00:00,31.470684051513672
srv-009,2017-06-23 08:00:00,31.326583862304688
srv-009,2017-06-23 09:00:00,31.301555633544922
srv-009,2017-06-23 10:00:00,31.033830642700195
srv-009,2017-06-23 11:00:00,31.64556884765625
srv-009,2017-06-23 12:00:00,32.68186569213867
srv-009,2017-06-23 13:00:00,31.69999885559082
srv-009,2017-06-23 14:00:00,31.520153045654297
srv-009,2017-06-23 15:00:00,30.995452880859375
srv-009,2017-06-23 16:00:00,31.547386169433594
srv-009,2017-06-23 17:00:00,31.071788787841797
srv-009,2017-06-23 18:00:00,30.988304138183594
srv-009,2017-06-23 19:00:00,31.256298065185547
srv-009,2017-06-23 20:00:00,33.2389030456543
srv-009,2017-06-23 21:00:00,32.104644775390625
srv-009,2017-06-23 22:00:00,31.208703994750977
srv-009,2017-06-23 23:00:00,31.021617889404297
srv-009,2017-06-24 00:00:00,31.663986206054688
srv-009,2017-06-24 01:00:00,31.41657257080078
srv-009,2017-06-24 02:00:00,30.389190673828125
srv-009,2017-06-24 03:00:00,30.792057037353516
srv-009,2017-06-24 04:00:00,30.979585647583008
srv-009,2017-06-24 05:00:00,30.710205078125
srv-009,2017-06-24 06:00:00,30.714181900024414
srv-009,2017-06-24 07:00:00,31.011695861816406
srv-009,2017-06-24 08:00:00,30.796371459960938
srv-009,2017-06-24 09:00:00,30.52977180480957
srv-009,2017-06-24 10:00:00,30.6375732421875
srv-009,2017-06-24 11:00:00,31.191810607910156
srv-009,2017-06-24 12:00:00,31.776823043823242
srv-009,2017-06-24 13:00:00,31.132600784301758
srv-009,2017-06-24 14:00:00,31.76757049560547
srv-009,2017-06-24 15:00:00,31.950885772705078
srv-009,2017-06-24 16:00:00,32.02431869506836
srv-009,2017-06-24 17:00:00,32.284339904785156
srv-009,2017-06-24 18:00:00,32.468406677246094
srv-009,2017-06-24 19:00:00,31.68503189086914
srv-009,2017-06-24 20:00:00,31.449634552001953
srv-009,2017-06-24 21:00:00,31.32010269165039
srv-009,2017-06-24 22:00:00,30.806774139404297
srv-009,2017-06-24 23:00:00,31.05474090576172
srv-009,2017-06-25 00:00:00,31.184165954589844
srv-009,2017-06-25 01:00:00,30.540508270263672
srv-009,2017-06-25 02:00:00,30.715600967407227
srv-009,2017-06-25 03:00:00,31.98880386352539
srv-009,2017-06-25 04:00:00,31.279863357543945
srv-009,2017-06-25 05:00:00,30.170150756835938
srv-009,2017-06-25 06:00:00,30.113025665283203
srv-009,2017-06-25 07:00:00,30.21771812438965
srv-009,2017-06-25 08:00:00,30.060617446899414
srv-009,2017-06-25 09:00:00,30.433231353759766
srv-009,2017-06-25 10:00:00,30.37076187133789
srv-009,2017-06-25 11:00:00,30.574026107788086
srv-009,2017-06-25 12:00:00,30.9952335357666
srv-009,2017-06-25 13:00:00,31.212039947509766
srv-009,2017-06-25 14:00:00,31.7584228515625
srv-009,2017-06-25 15:00:00,30.463176727294922
srv-009,2017-06-25 16:00:00,30.019533157348633
srv-009,2017-06-25 17:00:00,29.918235778808594
srv-009,2017-06-25 18:00:00,30.350576400756836
srv-009,2017-06-25 19:00:00,30.631580352783203
srv-009,2017-06-25 20:00:00,30.517135620117188
srv-009,2017-06-25 21:00:00,31.166629791259766
srv-009,2017-06-25 22:00:00,30.63226890563965
srv-009,2017-06-25 23:00:00,30.738130569458008
srv-009,2017-06-26 00:00:00,30.04734230041504
srv-009,2017-06-26 01:00:00,30.399816513061523
srv-009,2017-06-26 02:00:00,30.69550323486328
srv-009,2017-06-26 03:00:00,31.73493003845215
srv-009,2017-06-26 04:00:00,31.896411895751953
srv-009,2017-06-26 05:00:00,32.133277893066406
srv-009,2017-06-26 06:00:00,32.21302032470703
srv-009,2017-06-26 07:00:00,31.442405700683594
srv-009,2017-06-26 08:00:00,31.566173553466797
srv-009,2017-06-26 09:00:00,30.97766876220703
srv-009,2017-06-26 10:00:00,30.827899932861328
srv-009,2017-06-26 11:00:00,31.10015869140625
srv-009,2017-06-26 12:00:00,31.963483810424805
srv-009,2017-06-26 13:00:00,31.830345153808594
srv-009,2017-06-26 14:00:00,32.054256439208984
srv-009,2017-06-26 15:00:00,32.06643295288086
srv-009,2017-06-26 16:00:00,32.96681594848633
srv-009,2017-06-26 17:00:00,33.11131286621094
srv-009,2017-06-26 18:00:00,32.78491973876953
srv-009,2017-06-26 19:00:00,31.917207717895508
srv-009,2017-06-26 20:00:00,31.995851516723633
srv-009,2017-06-26 21:00:00,32.91012954711914
srv-009,2017-06-26 22:00:00,33.2135124206543
srv-009,2017-06-26 23:00:00,32.79242706298828
srv-009,2017-06-27 00:00:00,32.91377258300781
srv-009,2017-06-27 01:00:00,33.01590347290039
srv-009,2017-06-27 02:00:00,32.80173110961914
srv-009,2017-06-27 03:00:00,32.4670524597168
srv-009,2017-06-27 04:00:00,33.55233383178711
srv-009,2017-06-27 05:00:00,33.7574462890625
srv-009,2017-06-27 06:00:00,32.94459533691406
srv-009,2017-06-27 07:00:00,33.438507080078125
srv-009,2017-06-27 08:00:00,33.81813430786133
srv-009,2017-06-27 09:00:00,33.32748031616211
srv-009,2017-06-27 10:00:00,33.31013107299805
srv-009,2017-06-27 11:00:00,32.98033142089844
srv-009,2017-06-27 12:00:00,33.48827362060547
srv-009,2017-06-27 13:00:00,32.77545928955078
srv-009,2017-06-27 14:00:00,32.91563415527344
srv-009,2017-06-27 15:00:00,33.077110290527344
srv-009,2017-06-27 16:00:00,33.80503845214844
srv-009,2017-06-27 17:00:00,35.508087158203125
srv-009,2017-06-27 18:00:00,34.051025390625
srv-009,2017-06-27 19:00:00,33.63033676147461
srv-009,2017-06-27 20:00:00,33.21432113647461
srv-009,2017-06-27 21:00:00,32.96040725708008
srv-009,2017-06-27 22:00:00,33.429786682128906
srv-009,2017-06-27 23:00:00,32.423973083496094
srv-009,2017-06-28 00:00:00,31.926990509033203
srv-009,2017-06-28 01:00:00,31.90034294128418
srv-009,2017-06-28 02:00:00,32.641258239746094
srv-009,2017-06-28 03:00:00,32.76766586303711
srv-009,2017-06-28 04:00:00,33.59857177734375
srv-009,2017-06-28 05:00:00,33.571746826171875
srv-009,2017-06-28 06:00:00,33.2883415222168
srv-009,2017-06-28 07:00:00,33.32501220703125
srv-009,2017-06-28 08:00:00,32.862274169921875
srv-009,2017-06-28 09:00:00,33.078285217285156
srv-009,2017-06-28 10:00:00,34.97203826904297
srv-009,2017-06-28 11:00:00,34.93408203125
srv-009,2017-06-28 12:00:00,33.68987274169922
srv-009,2017-06-28 13:00:00,32.68683624267578
srv-009,2017-06-28 14:00:00,33.751773834228516
srv-009,2017-06-28 15:00:00,37.42929458618164
srv-009,2017-06-28 16:00:00,36.803733825683594
srv-009,2017-06-28 17:00:00,34.78166198730469
srv-009,2017-06-28 18:00:00,36.551513671875
srv-009,2017-06-28 19:00:00,36.61370849609375
srv-009,2017-06-28 20:00:00,35.24000549316406
srv-009,2017-06-28 21:00:00,34.09373092651367
srv-009,2017-06-28 22:00:00,34.55662155151367
srv-009,2017-06-28 23:00:00,32.74408721923828
srv-009,2017-06-29 00:00:00,31.783323287963867
srv-009,2017-06-29 01:00:00,31.991437911987305
srv-009,2017-06-29 02:00:00,32.494590759277344
srv-009,2017-06-29 03:00:00,31.99959373474121
srv-009,2017-06-29 04:00:00,31.636165618896484
srv-009,2017-06-29 05:00:00,32.06689453125
srv-009,2017-06-29 06:00:00,32.8922233581543
srv-009,2017-06-29 07:00:00,33.02336883544922
srv-009,2017-06-29 08:00:00,33.16073989868164
srv-009,2017-06-29 09:00:00,33.08924102783203
srv-009,2017-06-29 10:00:00,33.755126953125
srv-009,2017-06-29 11:00:00,32.66657638549805
srv-009,2017-06-29 12:00:00,32.36376953125
srv-009,2017-06-29 13:00:00,32.183189392089844
srv-009,2017-06-29 14:00:00,32.26407241821289
srv-009,2017-06-29 15:00:00,31.98597526550293
srv-009,2017-06-29 16:00:00,32.25755310058594
srv-009,2017-06-29 17:00:00,31.784191131591797
srv-009,2017-06-29 18:00:00,31.863162994384766
srv-009,2017-06-29 19:00:00,31.797725677490234
srv-009,2017-06-29 20:00:00,31.73721694946289
srv-009,2017-06-29 21:00:00,31.705242156982422
srv-009,2017-06-29 22:00:00,31.693084716796875
srv-009,2017-06-29 23:00:00,31.635597229003906
srv-009,2017-06-30 00:00:00,32.173343658447266
srv-009,2017-06-30 01:00:00,32.3779296875
srv-009,2017-06-30 02:00:00,32.35182571411133
srv-009,2017-06-30 03:00:00,31.809574127197266
srv-009,2017-06-30 04:00:00,32.596588134765625
srv-009,2017-06-30 05:00:00,31.61859703063965
srv-009,2017-06-30 06:00:00,31.613815307617188
srv-009,2017-06-30 07:00:00,31.537097930908203
srv-009,2017-06-30 08:00:00,32.373207092285156
srv-009,2017-06-30 09:00:00,32.658233642578125
srv-009,2017-06-30 10:00:00,32.60715866088867
srv-009,2017-06-30 11:00:00,33.19518280029297
srv-009,2017-06-30 12:00:00,31.891265869140625
srv-009,2017-06-30 13:00:00,31.484844207763672
srv-009,2017-06-30 14:00:00,31.539615631103516
srv-009,2017-06-30 15:00:00,31.566692352294922
srv-009,2017-06-30 16:00:00,30.9742431640625
srv-009,2017-06-30 17:00:00,30.78274917602539
srv-009,2017-06-30 18:00:00,31.498703002929688
srv-009,2017-06-30 19:00:00,31.103391647338867
srv-009,2017-06-30 20:00:00,31.49155616760254
srv-009,2017-06-30 21:00:00,31.0833740234375
srv-009,2017-06-30 22:00:00,31.354907989501953
srv-009,2017-06-30 23:00:00,31.001426696777344
srv-010,2017-06-01 23:00:00,77.53325653076172
srv-010,2017-06-02 00:00:00,72.10482025146484
srv-010,2017-06-02 01:00:00,72.13054656982422
srv-010,2017-06-02 02:00:00,74.39972686767578
srv-010,2017-06-02 03:00:00,75.93441009521484
srv-010,2017-06-02 04:00:00,75.2892837524414
srv-010,2017-06-02 05:00:00,73.70943450927734
srv-010,2017-06-02 06:00:00,72.90585327148438
srv-010,2017-06-02 07:00:00,75.5538101196289
srv-010,2017-06-02 08:00:00,76.0918960571289
srv-010,2017-06-02 09:00:00,76.83417510986328
srv-010,2017-06-02 10:00:00,81.2106704711914
srv-010,2017-06-02 11:00:00,82.30877685546875
srv-010,2017-06-02 12:00:00,87.29541015625
srv-010,2017-06-02 13:00:00,80.60447692871094
srv-010,2017-06-02 14:00:00,80.38761138916016
srv-010,2017-06-02 15:00:00,76.65081024169922
srv-010,2017-06-02 16:00:00,79.12667846679688
srv-010,2017-06-02 17:00:00,75.239501953125
srv-010,2017-06-02 18:00:00,72.40147399902344
srv-010,2017-06-02 19:00:00,67.10541534423828
srv-010,2017-06-02 20:00:00,67.98810577392578
srv-010,2017-06-02 21:00:00,65.82644653320312
srv-010,2017-06-02 22:00:00,65.66592407226562
srv-010,2017-06-02 23:00:00,63.6719856262207
srv-010,2017-06-03 00:00:00,69.64303588867188
srv-010,2017-06-03 01:00:00,68.6040267944336
srv-010,2017-06-03 02:00:00,67.4410629272461
srv-010,2017-06-03 03:00:00,68.08075714111328
srv-010,2017-06-03 04:00:00,72.8412857055664
srv-010,2017-06-03 05:00:00,75.04850006103516
srv-010,2017-06-03 06:00:00,74.76679992675781
srv-010,2017-06-03 07:00:00,80.36921691894531
srv-010,2017-06-03 08:00:00,73.69134521484375
srv-010,2017-06-03 09:00:00,75.08171844482422
srv-010,2017-06-03 10:00:00,78.505615234375
srv-010,2017-06-03 11:00:00,83.1810073852539
srv-010,2017-06-03 12:00:00,82.4273910522461
srv-010,2017-06-03 13:00:00,78.8843002319336
srv-010,2017-06-03 14:00:00,81.06842803955078
srv-010,2017-06-03 15:00:00,81.92375946044922
srv-010,2017-06-03 16:00:00,79.8450698852539
srv-010,2017-06-03 17:00:00,77.5410385131836
srv-010,2017-06-03 18:00:00,73.12316131591797
srv-010,2017-06-03 19:00:00,72.84432220458984
srv-010,2017-06-03 20:00:00,66.68864440917969
srv-010,2017-06-03 21:00:00,68.47994232177734
srv-010,2017-06-03 22:00:00,64.87171173095703
srv-010,2017-06-03 23:00:00,67.3199462890625
srv-010,2017-06-04 00:00:00,65.28988647460938
srv-010,2017-06-04 01:00:00,66.70244598388672
srv-010,2017-06-04 02:00:00,68.57563018798828
srv-010,2017-06-04 03:00:00,69.434326171875
srv-010,2017-06-04 04:00:00,72.40865325927734
srv-010,2017-06-04 05:00:00,73.83796691894531
srv-010,2017-06-04 06:00:00,73.35736846923828
srv-010,2017-06-04 07:00:00,76.77347564697266
srv-010,2017-06-04 08:00:00,74.53307342529297
srv-010,2017-06-04 09:00:00,71.94673919677734
srv-010,2017-06-04 10:00:00,73.607666015625
srv-010,2017-06-04 11:00:00,75.7122802734375
srv-010,2017-06-04 12:00:00,78.9314956665039
srv-010,2017-06-04 13:00:00,82.21064758300781
srv-010,2017-06-04 14:00:00,79.23368072509766
srv-010,2017-06-04 15:00:00,79.65155029296875
srv-010,2017-06-04 16:00:00,77.63395690917969
srv-010,2017-06-04 17:00:00,80.94351959228516
srv-010,2017-06-04 18:00:00,75.26395416259766
srv-010,2017-06-04 19:00:00,75.66983032226562
srv-010,2017-06-04 20:00:00,76.66177368164062
srv-010,2017-06-04 21:00:00,69.11365509033203
srv-010,2017-06-04 22:00:00,71.3249740600586
srv-010,2017-06-04 23:00:00,70.48950958251953
srv-010,2017-06-05 00:00:00,66.80107879638672
srv-010,2017-06-05 01:00:00,69.84898376464844
srv-010,2017-06-05 02:00:00,70.85456085205078
srv-010,2017-06-05 03:00:00,68.99111938476562
srv-010,2017-06-05 04:00:00,71.9991455078125
srv-010,2017-06-05 05:00:00,72.56749725341797
srv-010,2017-06-05 06:00:00,72.9781723022461
srv-010,2017-06-05 07:00:00,75.67095184326172
srv-010,2017-06-05 08:00:00,79.58222198486328
srv-010,2017-06-05 09:00:00,81.8471450805664
srv-010,2017-06-05 10:00:00,81.46790313720703
srv-010,2017-06-05 11:00:00,86.03448486328125
srv-010,2017-06-05 12:00:00,85.1375503540039
srv-010,2017-06-05 13:00:00,89.03519439697266
srv-010,2017-06-05 14:00:00,89.64286041259766
srv-010,2017-06-05 15:00:00,90.0545425415039
srv-010,2017-06-05 16:00:00,88.75016021728516
srv-010,2017-06-05 17:00:00,87.0548095703125
srv-010,2017-06-05 18:00:00,80.8555679321289
srv-010,2017-06-05 19:00:00,80.54485321044922
srv-010,2017-06-05 20:00:00,77.99589538574219
srv-010,2017-06-05 21:00:00,80.84764862060547
srv-010,2017-06-05 22:00:00,82.230224609375
srv-010,2017-06-05 23:00:00,78.905029296875
srv-010,2017-06-06 00:00:00,77.14864349365234
srv-010,2017-06-06 01:00:00,82.09131622314453
srv-010,2017-06-06 02:00:00,84.12747955322266
srv-010,2017-06-06 03:00:00,85.41619110107422
srv-010,2017-06-06 04:00:00,83.29637908935547
srv-010,2017-06-06 05:00:00,85.89225006103516
srv-010,2017-06-06 06:00:00,86.75330352783203
srv-010,2017-06-06 07:00:00,90.75330352783203
srv-010,2017-06-06 08:00:00,88.69173431396484
srv-010,2017-06-06 09:00:00,91.63166809082031
srv-010,2017-06-06 10:00:00,92.47066497802734
srv-010,2017-06-06 11:00:00,92.8060531616211
srv-010,2017-06-06 12:00:00,92.76834869384766
srv-010,2017-06-06 13:00:00,92.14716339111328
srv-010,2017-06-06 14:00:00,91.8227767944336
srv-010,2017-06-06 15:00:00,91.7983627319336
srv-010,2017-06-06 16:00:00,91.37381744384766
srv-010,2017-06-06 17:00:00,91.235107421875
srv-010,2017-06-06 18:00:00,90.7237777709961
srv-010,2017-06-06 19:00:00,89.78485870361328
srv-010,2017-06-06 20:00:00,89.70991516113281
srv-010,2017-06-06 21:00:00,89.61492156982422
srv-010,2017-06-06 22:00:00,89.85731506347656
srv-010,2017-06-06 23:00:00,90.37334442138672
srv-010,2017-06-07 00:00:00,90.49446868896484
srv-010,2017-06-07 01:00:00,91.20992279052734
srv-010,2017-06-07 02:00:00,91.60884094238281
srv-010,2017-06-07 03:00:00,91.22412109375
srv-010,2017-06-07 04:00:00,91.22223663330078
srv-010,2017-06-07 05:00:00,90.77483367919922
srv-010,2017-06-07 06:00:00,89.9454116821289
srv-010,2017-06-07 07:00:00,93.20697021484375
srv-010,2017-06-07 08:00:00,92.12472534179688
srv-010,2017-06-07 09:00:00,92.5631332397461
srv-010,2017-06-07 10:00:00,93.3246078491211
srv-010,2017-06-07 11:00:00,93.47818756103516
srv-010,2017-06-07 12:00:00,93.4356460571289
srv-010,2017-06-07 13:00:00,93.18852996826172
srv-010,2017-06-07 14:00:00,93.0660629272461
srv-010,2017-06-07 15:00:00,92.83617401123047
srv-010,2017-06-07 16:00:00,92.9482421875
srv-010,2017-06-07 17:00:00,92.36730194091797
srv-010,2017-06-07 18:00:00,91.50003814697266
srv-010,2017-06-07 19:00:00,88.81095123291016
srv-010,2017-06-07 20:00:00,89.31016540527344
srv-010,2017-06-07 21:00:00,89.35334014892578
srv-010,2017-06-07 22:00:00,88.64379119873047
srv-010,2017-06-07 23:00:00,90.80718994140625
srv-010,2017-06-08 00:00:00,89.99486541748047
srv-010,2017-06-08 01:00:00,90.87444305419922
srv-010,2017-06-08 02:00:00,90.55034637451172
srv-010,2017-06-08 03:00:00,91.81328582763672
srv-010,2017-06-08 04:00:00,90.68782806396484
srv-010,2017-06-08 05:00:00,88.54695129394531
srv-010,2017-06-08 06:00:00,87.70740509033203
srv-010,2017-06-08 07:00:00,92.06586456298828
srv-010,2017-06-08 08:00:00,91.71416473388672
srv-010,2017-06-08 09:00:00,91.2072982788086
srv-010,2017-06-08 10:00:00,92.90906524658203
srv-010,2017-06-08 11:00:00,92.41883087158203
srv-010,2017-06-08 12:00:00,92.69255828857422
srv-010,2017-06-08 13:00:00,92.10228729248047
srv-010,2017-06-08 14:00:00,91.51654815673828
srv-010,2017-06-08 15:00:00,91.11155700683594
srv-010,2017-06-08 16:00:00,89.92676544189453
srv-010,2017-06-08 17:00:00,88.2356185913086
srv-010,2017-06-08 18:00:00,83.75259399414062
srv-010,2017-06-08 19:00:00,84.3858871459961
srv-010,2017-06-08 20:00:00,80.35803985595703
srv-010,2017-06-08 21:00:00,76.5741958618164
srv-010,2017-06-08 22:00:00,77.5003890991211
srv-010,2017-06-08 23:00:00,80.03944396972656
srv-010,2017-06-09 00:00:00,80.16820526123047
srv-010,2017-06-09 01:00:00,81.73807525634766
srv-010,2017-06-09 02:00:00,81.86200714111328
srv-010,2017-06-09 03:00:00,83.93276977539062
srv-010,2017-06-09 04:00:00,83.05986785888672
srv-010,2017-06-09 05:00:00,79.39240264892578
srv-010,2017-06-09 06:00:00,80.01602935791016
srv-010,2017-06-09 07:00:00,85.49300384521484
srv-010,2017-06-09 08:00:00,80.39502716064453
srv-010,2017-06-09 09:00:00,84.00821685791016
srv-010,2017-06-09 10:00:00,87.66992950439453
srv-010,2017-06-09 11:00:00,84.0772476196289
srv-010,2017-06-09 12:00:00,88.75211334228516
srv-010,2017-06-09 13:00:00,80.98888397216797
srv-010,2017-06-09 14:00:00,78.39225769042969
srv-010,2017-06-09 15:00:00,76.59751892089844
srv-010,2017-06-09 16:00:00,72.88971710205078
srv-010,2017-06-09 17:00:00,72.47545623779297
srv-010,2017-06-09 18:00:00,70.6240005493164
srv-010,2017-06-09 19:00:00,69.8581771850586
srv-010,2017-06-09 20:00:00,71.70423126220703
srv-010,2017-06-09 21:00:00,67.37476348876953
srv-010,2017-06-09 22:00:00,67.92496490478516
srv-010,2017-06-09 23:00:00,70.75709533691406
srv-010,2017-06-10 00:00:00,72.73878479003906
srv-010,2017-06-10 01:00:00,73.81615447998047
srv-010,2017-06-10 02:00:00,72.96588897705078
srv-010,2017-06-10 03:00:00,74.1703872680664
srv-010,2017-06-10 04:00:00,78.9698257446289
srv-010,2017-06-10 05:00:00,78.3731460571289
srv-010,2017-06-10 06:00:00,74.14800262451172
srv-010,2017-06-10 07:00:00,76.57286071777344
srv-010,2017-06-10 08:00:00,78.40918731689453
srv-010,2017-06-10 09:00:00,81.93164825439453
srv-010,2017-06-10 10:00:00,79.25556182861328
srv-010,2017-06-10 11:00:00,70.80696105957031
srv-010,2017-06-10 12:00:00,73.68351745605469
srv-010,2017-06-10 13:00:00,78.20850372314453
srv-010,2017-06-10 14:00:00,77.2258071899414
srv-010,2017-06-10 15:00:00,79.89897918701172
srv-010,2017-06-10 16:00:00,77.32442474365234
srv-010,2017-06-10 17:00:00,73.37976837158203
srv-010,2017-06-10 18:00:00,75.20455169677734
srv-010,2017-06-10 19:00:00,72.55766296386719
srv-010,2017-06-10 20:00:00,70.9161605834961
srv-010,2017-06-10 21:00:00,72.18981170654297
srv-010,2017-06-10 22:00:00,72.72016906738281
srv-010,2017-06-10 23:00:00,72.4260482788086
srv-010,2017-06-11 00:00:00,70.45416259765625
srv-010,2017-06-11 01:00:00,71.22534942626953
srv-010,2017-06-11 02:00:00,71.37178802490234
srv-010,2017-06-11 03:00:00,73.11344146728516
srv-010,2017-06-11 04:00:00,71.34993743896484
srv-010,2017-06-11 05:00:00,75.28292846679688
srv-010,2017-06-11 06:00:00,74.41544342041016
srv-010,2017-06-11 07:00:00,76.96189880371094
srv-010,2017-06-11 08:00:00,79.92389678955078
srv-010,2017-06-11 09:00:00,77.9756088256836
srv-010,2017-06-11 10:00:00,75.39396667480469
srv-010,2017-06-11 11:00:00,77.2328109741211
srv-010,2017-06-11 12:00:00,75.5937271118164
srv-010,2017-06-11 13:00:00,82.06816864013672
srv-010,2017-06-11 14:00:00,83.55132293701172
srv-010,2017-06-11 15:00:00,79.4263687133789
srv-010,2017-06-11 16:00:00,75.09600067138672
srv-010,2017-06-11 17:00:00,77.70040130615234
srv-010,2017-06-11 18:00:00,72.5551986694336
srv-010,2017-06-11 19:00:00,71.50409698486328
srv-010,2017-06-11 20:00:00,71.42288970947266
srv-010,2017-06-11 21:00:00,73.55679321289062
srv-010,2017-06-11 22:00:00,74.71208190917969
srv-010,2017-06-11 23:00:00,71.03041076660156
srv-010,2017-06-12 00:00:00,66.08256530761719
srv-010,2017-06-12 01:00:00,70.7430648803711
srv-010,2017-06-12 02:00:00,73.40434265136719
srv-010,2017-06-12 03:00:00,73.67711639404297
srv-010,2017-06-12 04:00:00,72.31026458740234
srv-010,2017-06-12 05:00:00,67.5824203491211
srv-010,2017-06-12 06:00:00,73.1743392944336
srv-010,2017-06-12 07:00:00,76.04293823242188
srv-010,2017-06-12 08:00:00,76.2349624633789
srv-010,2017-06-12 09:00:00,83.25167083740234
srv-010,2017-06-12 10:00:00,85.38594818115234
srv-010,2017-06-12 11:00:00,85.9921875
srv-010,2017-06-12 12:00:00,87.57389068603516
srv-010,2017-06-12 13:00:00,85.37345123291016
srv-010,2017-06-12 14:00:00,80.43624877929688
srv-010,2017-06-12 15:00:00,85.94324493408203
srv-010,2017-06-12 16:00:00,85.05670928955078
srv-010,2017-06-12 17:00:00,84.20825958251953
srv-010,2017-06-12 18:00:00,85.9116439819336
srv-010,2017-06-12 19:00:00,81.82955932617188
srv-010,2017-06-12 20:00:00,79.51419830322266
srv-010,2017-06-12 21:00:00,81.40821838378906
srv-010,2017-06-12 22:00:00,83.26275634765625
srv-010,2017-06-12 23:00:00,85.22309112548828
srv-010,2017-06-13 00:00:00,83.84197235107422
srv-010,2017-06-13 01:00:00,83.04585266113281
srv-010,2017-06-13 02:00:00,78.40982818603516
srv-010,2017-06-13 03:00:00,79.1662368774414
srv-010,2017-06-13 04:00:00,77.44844818115234
srv-010,2017-06-13 05:00:00,82.55733489990234
srv-010,2017-06-13 06:00:00,83.21265411376953
srv-010,2017-06-13 07:00:00,87.67945098876953
srv-010,2017-06-13 08:00:00,89.43649291992188
srv-010,2017-06-13 09:00:00,88.13954162597656
srv-010,2017-06-13 10:00:00,89.3638687133789
srv-010,2017-06-13 11:00:00,92.76627349853516
srv-010,2017-06-13 12:00:00,92.34171295166016
srv-010,2017-06-13 13:00:00,91.58904266357422
srv-010,2017-06-13 14:00:00,92.00057220458984
srv-010,2017-06-13 15:00:00,91.68401336669922
srv-010,2017-06-13 16:00:00,91.29668426513672
srv-010,2017-06-13 17:00:00,91.85518646240234
srv-010,2017-06-13 18:00:00,91.09849548339844
srv-010,2017-06-13 19:00:00,90.63017272949219
srv-010,2017-06-13 20:00:00,90.65129089355469
srv-010,2017-06-13 21:00:00,89.66423797607422
srv-010,2017-06-13 22:00:00,89.11722564697266
srv-010,2017-06-13 23:00:00,88.52474212646484
srv-010,2017-06-14 00:00:00,88.53903198242188
srv-010,2017-06-14 01:00:00,88.72614288330078
srv-010,2017-06-14 02:00:00,90.0979995727539
srv-010,2017-06-14 03:00:00,92.1362075805664
srv-010,2017-06-14 04:00:00,91.82865142822266
srv-010,2017-06-14 05:00:00,91.28341674804688
srv-010,2017-06-14 06:00:00,93.07544708251953
srv-010,2017-06-14 07:00:00,93.33027648925781
srv-010,2017-06-14 08:00:00,92.51295471191406
srv-010,2017-06-14 09:00:00,92.0074691772461
srv-010,2017-06-14 10:00:00,93.2688980102539
srv-010,2017-06-14 11:00:00,93.53459167480469
srv-010,2017-06-14 12:00:00,93.52909088134766
srv-010,2017-06-14 13:00:00,93.21456146240234
srv-010,2017-06-14 14:00:00,92.86687469482422
srv-010,2017-06-14 15:00:00,92.80912017822266
srv-010,2017-06-14 16:00:00,92.80280303955078
srv-010,2017-06-14 17:00:00,92.77766418457031
srv-010,2017-06-14 18:00:00,92.58544158935547
srv-010,2017-06-14 19:00:00,92.33934020996094
srv-010,2017-06-14 20:00:00,92.02957153320312
srv-010,2017-06-14 21:00:00,91.77301788330078
srv-010,2017-06-14 22:00:00,90.20999908447266
srv-010,2017-06-14 23:00:00,86.60920715332031
srv-010,2017-06-15 00:00:00,84.66775512695312
srv-010,2017-06-15 01:00:00,88.77473449707031
srv-010,2017-06-15 02:00:00,84.42889404296875
srv-010,2017-06-15 03:00:00,83.0263671875
srv-010,2017-06-15 04:00:00,87.28836822509766
srv-010,2017-06-15 05:00:00,84.96979522705078
srv-010,2017-06-15 06:00:00,88.93077850341797
srv-010,2017-06-15 07:00:00,91.2089614868164
srv-010,2017-06-15 08:00:00,87.9987564086914
srv-010,2017-06-15 09:00:00,90.10865020751953
srv-010,2017-06-15 10:00:00,92.00343322753906
srv-010,2017-06-15 11:00:00,92.17589569091797
srv-010,2017-06-15 12:00:00,93.2565689086914
srv-010,2017-06-15 13:00:00,92.86302947998047
srv-010,2017-06-15 14:00:00,92.49520874023438
srv-010,2017-06-15 15:00:00,92.58257293701172
srv-010,2017-06-15 16:00:00,92.18859100341797
srv-010,2017-06-15 17:00:00,90.66046905517578
srv-010,2017-06-15 18:00:00,86.33782196044922
srv-010,2017-06-15 19:00:00,82.95702362060547
srv-010,2017-06-15 20:00:00,85.97785186767578
srv-010,2017-06-15 21:00:00,79.60308074951172
srv-010,2017-06-15 22:00:00,79.67951202392578
srv-010,2017-06-15 23:00:00,85.01883697509766
srv-010,2017-06-16 00:00:00,84.51589965820312
srv-010,2017-06-16 01:00:00,86.6426773071289
srv-010,2017-06-16 02:00:00,82.565185546875
srv-010,2017-06-16 03:00:00,80.49002838134766
srv-010,2017-06-16 04:00:00,77.17839813232422
srv-010,2017-06-16 05:00:00,80.26846313476562
srv-010,2017-06-16 06:00:00,73.94837188720703
srv-010,2017-06-16 07:00:00,79.60692596435547
srv-010,2017-06-16 08:00:00,78.60680389404297
srv-010,2017-06-16 09:00:00,79.4151382446289
srv-010,2017-06-16 10:00:00,82.8333511352539
srv-010,2017-06-16 11:00:00,84.13104248046875
srv-010,2017-06-16 12:00:00,78.28301239013672
srv-010,2017-06-16 13:00:00,77.68511199951172
srv-010,2017-06-16 14:00:00,83.32958221435547
srv-010,2017-06-16 15:00:00,80.39844512939453
srv-010,2017-06-16 16:00:00,78.46959686279297
srv-010,2017-06-16 17:00:00,78.90288543701172
srv-010,2017-06-16 18:00:00,76.03004455566406
srv-010,2017-06-16 19:00:00,73.72301483154297
srv-010,2017-06-16 20:00:00,69.4791030883789
srv-010,2017-06-16 21:00:00,64.80593872070312
srv-010,2017-06-16 22:00:00,63.196468353271484
srv-010,2017-06-16 23:00:00,69.4040756225586
srv-010,2017-06-17 00:00:00,71.22347259521484
srv-010,2017-06-17 01:00:00,72.20326232910156
srv-010,2017-06-17 02:00:00,73.4671401977539
srv-010,2017-06-17 03:00:00,72.19511413574219
srv-010,2017-06-17 04:00:00,76.81391143798828
srv-010,2017-06-17 05:00:00,70.74048614501953
srv-010,2017-06-17 06:00:00,73.65796661376953
srv-010,2017-06-17 07:00:00,74.69324493408203
srv-010,2017-06-17 08:00:00,76.06073760986328
srv-010,2017-06-17 09:00:00,79.6063003540039
srv-010,2017-06-17 10:00:00,84.81983184814453
srv-010,2017-06-17 11:00:00,82.54969024658203
srv-010,2017-06-17 12:00:00,82.17134857177734
srv-010,2017-06-17 13:00:00,88.09333801269531
srv-010,2017-06-17 14:00:00,82.10440063476562
srv-010,2017-06-17 15:00:00,78.7996597290039
srv-010,2017-06-17 16:00:00,78.44110870361328
srv-010,2017-06-17 17:00:00,76.62003326416016
srv-010,2017-06-17 18:00:00,73.85663604736328
srv-010,2017-06-17 19:00:00,70.44925689697266
srv-010,2017-06-17 20:00:00,69.8826675415039
srv-010,2017-06-17 21:00:00,65.11842346191406
srv-010,2017-06-17 22:00:00,65.94340515136719
srv-010,2017-06-17 23:00:00,69.70233917236328
srv-010,2017-06-18 00:00:00,70.31610870361328
srv-010,2017-06-18 01:00:00,73.96688079833984
srv-010,2017-06-18 02:00:00,73.85437774658203
srv-010,2017-06-18 03:00:00,70.59918975830078
srv-010,2017-06-18 04:00:00,71.54582214355469
srv-010,2017-06-18 05:00:00,68.64945220947266
srv-010,2017-06-18 06:00:00,66.86138153076172
srv-010,2017-06-18 07:00:00,71.94599151611328
srv-010,2017-06-18 08:00:00,72.37425994873047
srv-010,2017-06-18 09:00:00,77.41326141357422
srv-010,2017-06-18 10:00:00,78.7732162475586
srv-010,2017-06-18 11:00:00,78.87920379638672
srv-010,2017-06-18 12:00:00,82.55326843261719
srv-010,2017-06-18 13:00:00,84.44902038574219
srv-010,2017-06-18 14:00:00,84.03619384765625
srv-010,2017-06-18 15:00:00,79.11441802978516
srv-010,2017-06-18 16:00:00,77.30359649658203
srv-010,2017-06-18 17:00:00,82.80410766601562
srv-010,2017-06-18 18:00:00,77.15459442138672
srv-010,2017-06-18 19:00:00,69.29399108886719
srv-010,2017-06-18 20:00:00,69.9297866821289
srv-010,2017-06-18 21:00:00,69.2146987915039
srv-010,2017-06-18 22:00:00,67.04395294189453
srv-010,2017-06-18 23:00:00,66.93563079833984
srv-010,2017-06-19 00:00:00,64.20526885986328
srv-010,2017-06-19 01:00:00,67.01293182373047
srv-010,2017-06-19 02:00:00,70.10404968261719
srv-010,2017-06-19 03:00:00,71.62161254882812
srv-010,2017-06-19 04:00:00,74.74269104003906
srv-010,2017-06-19 05:00:00,72.80474090576172
srv-010,2017-06-19 06:00:00,72.62258911132812
srv-010,2017-06-19 07:00:00,79.30998992919922
srv-010,2017-06-19 08:00:00,83.0678939819336
srv-010,2017-06-19 09:00:00,85.58318328857422
srv-010,2017-06-19 10:00:00,84.64259338378906
srv-010,2017-06-19 11:00:00,80.62088775634766
srv-010,2017-06-19 12:00:00,86.02755737304688
srv-010,2017-06-19 13:00:00,85.5107421875
srv-010,2017-06-19 14:00:00,88.01123046875
srv-010,2017-06-19 15:00:00,87.91326141357422
srv-010,2017-06-19 16:00:00,84.05365753173828
srv-010,2017-06-19 17:00:00,84.77165222167969
srv-010,2017-06-19 18:00:00,80.09516143798828
srv-010,2017-06-19 19:00:00,76.62371063232422
srv-010,2017-06-19 20:00:00,77.93252563476562
srv-010,2017-06-19 21:00:00,76.6627426147461
srv-010,2017-06-19 22:00:00,78.74739074707031
srv-010,2017-06-19 23:00:00,80.88286590576172
srv-010,2017-06-20 00:00:00,79.7760238647461
srv-010,2017-06-20 01:00:00,82.89607238769531
srv-010,2017-06-20 02:00:00,85.32315826416016
srv-010,2017-06-20 03:00:00,88.00878143310547
srv-010,2017-06-20 04:00:00,85.896484375
srv-010,2017-06-20 05:00:00,84.73685455322266
srv-010,2017-06-20 06:00:00,83.48052978515625
srv-010,2017-06-20 07:00:00,86.9981918334961
srv-010,2017-06-20 08:00:00,88.13086700439453
srv-010,2017-06-20 09:00:00,89.17053985595703
srv-010,2017-06-20 10:00:00,91.70088958740234
srv-010,2017-06-20 11:00:00,93.06807708740234
srv-010,2017-06-20 12:00:00,92.69910430908203
srv-010,2017-06-20 13:00:00,91.65714263916016
srv-010,2017-06-20 14:00:00,91.36888885498047
srv-010,2017-06-20 15:00:00,90.85111236572266
srv-010,2017-06-20 16:00:00,90.78345489501953
srv-010,2017-06-20 17:00:00,90.39559173583984
srv-010,2017-06-20 18:00:00,90.82118225097656
srv-010,2017-06-20 19:00:00,90.40494537353516
srv-010,2017-06-20 20:00:00,90.364013671875
srv-010,2017-06-20 21:00:00,89.43682098388672
srv-010,2017-06-20 22:00:00,87.71868133544922
srv-010,2017-06-20 23:00:00,87.77056121826172
srv-010,2017-06-21 00:00:00,89.6071548461914
srv-010,2017-06-21 01:00:00,88.83387756347656
srv-010,2017-06-21 02:00:00,90.16756439208984
srv-010,2017-06-21 03:00:00,92.01598358154297
srv-010,2017-06-21 04:00:00,92.28076934814453
srv-010,2017-06-21 05:00:00,92.64754486083984
srv-010,2017-06-21 06:00:00,92.41486358642578
srv-010,2017-06-21 07:00:00,93.07711029052734
srv-010,2017-06-21 08:00:00,93.2719497680664
srv-010,2017-06-21 09:00:00,93.4469223022461
srv-010,2017-06-21 10:00:00,93.63520812988281
srv-010,2017-06-21 11:00:00,93.57811737060547
srv-010,2017-06-21 12:00:00,93.3298568725586
srv-010,2017-06-21 13:00:00,92.93517303466797
srv-010,2017-06-21 14:00:00,92.67142486572266
srv-010,2017-06-21 15:00:00,92.58555603027344
srv-010,2017-06-21 16:00:00,92.6441421508789
srv-010,2017-06-21 17:00:00,92.3651351928711
srv-010,2017-06-21 18:00:00,92.50237274169922
srv-010,2017-06-21 19:00:00,92.35253143310547
srv-010,2017-06-21 20:00:00,91.61405181884766
srv-010,2017-06-21 21:00:00,89.34473419189453
srv-010,2017-06-21 22:00:00,90.79303741455078
srv-010,2017-06-21 23:00:00,91.60594940185547
srv-010,2017-06-22 00:00:00,90.19501495361328
srv-010,2017-06-22 01:00:00,90.61217498779297
srv-010,2017-06-22 02:00:00,91.3493881225586
srv-010,2017-06-22 03:00:00,89.544189453125
srv-010,2017-06-22 04:00:00,89.58069610595703
srv-010,2017-06-22 05:00:00,88.4741439819336
srv-010,2017-06-22 06:00:00,87.5391616821289
srv-010,2017-06-22 07:00:00,92.73326873779297
srv-010,2017-06-22 08:00:00,93.18457794189453
srv-010,2017-06-22 09:00:00,92.96100616455078
srv-010,2017-06-22 10:00:00,93.27986145019531
srv-010,2017-06-22 11:00:00,93.15984344482422
srv-010,2017-06-22 12:00:00,93.08855438232422
srv-010,2017-06-22 13:00:00,92.85476684570312
srv-010,2017-06-22 14:00:00,92.68634796142578
srv-010,2017-06-22 15:00:00,92.6980972290039
srv-010,2017-06-22 16:00:00,92.47828674316406
srv-010,2017-06-22 17:00:00,91.65633392333984
srv-010,2017-06-22 18:00:00,91.08123016357422
srv-010,2017-06-22 19:00:00,85.7452163696289
srv-010,2017-06-22 20:00:00,83.71060180664062
srv-010,2017-06-22 21:00:00,81.70172119140625
srv-010,2017-06-22 22:00:00,80.08641815185547
srv-010,2017-06-22 23:00:00,79.71638488769531
srv-010,2017-06-23 00:00:00,83.62385559082031
srv-010,2017-06-23 01:00:00,77.30037689208984
srv-010,2017-06-23 02:00:00,79.15846252441406
srv-010,2017-06-23 03:00:00,81.99657440185547
srv-010,2017-06-23 04:00:00,78.2729721069336
srv-010,2017-06-23 05:00:00,78.42623138427734
srv-010,2017-06-23 06:00:00,81.8101577758789
srv-010,2017-06-23 07:00:00,86.03800201416016
srv-010,2017-06-23 08:00:00,81.41082000732422
srv-010,2017-06-23 09:00:00,84.4476547241211
srv-010,2017-06-23 10:00:00,85.02568054199219
srv-010,2017-06-23 11:00:00,82.35298919677734
srv-010,2017-06-23 12:00:00,87.55572509765625
srv-010,2017-06-23 13:00:00,87.61212921142578
srv-010,2017-06-23 14:00:00,82.70164489746094
srv-010,2017-06-23 15:00:00,77.70475006103516
srv-010,2017-06-23 16:00:00,78.29711151123047
srv-010,2017-06-23 17:00:00,79.2594223022461
srv-010,2017-06-23 18:00:00,68.85225677490234
srv-010,2017-06-23 19:00:00,69.77255249023438
srv-010,2017-06-23 20:00:00,68.1146011352539
srv-010,2017-06-23 21:00:00,70.45726776123047
srv-010,2017-06-23 22:00:00,68.16439056396484
srv-010,2017-06-23 23:00:00,68.18914031982422
srv-010,2017-06-24 00:00:00,71.35746765136719
srv-010,2017-06-24 01:00:00,73.9630355834961
srv-010,2017-06-24 02:00:00,75.5589828491211
srv-010,2017-06-24 03:00:00,74.94844818115234
srv-010,2017-06-24 04:00:00,73.93667602539062
srv-010,2017-06-24 05:00:00,77.56997680664062
srv-010,2017-06-24 06:00:00,72.78409576416016
srv-010,2017-06-24 07:00:00,78.23577117919922
srv-010,2017-06-24 08:00:00,74.24727630615234
srv-010,2017-06-24 09:00:00,76.3467788696289
srv-010,2017-06-24 10:00:00,78.91388702392578
srv-010,2017-06-24 11:00:00,79.9085464477539
srv-010,2017-06-24 12:00:00,83.39440155029297
srv-010,2017-06-24 13:00:00,79.84618377685547
srv-010,2017-06-24 14:00:00,82.81936645507812
srv-010,2017-06-24 15:00:00,83.49139404296875
srv-010,2017-06-24 16:00:00,82.1604232788086
srv-010,2017-06-24 17:00:00,79.8766098022461
srv-010,2017-06-24 18:00:00,77.73655700683594
srv-010,2017-06-24 19:00:00,73.89546966552734
srv-010,2017-06-24 20:00:00,67.24254608154297
srv-010,2017-06-24 21:00:00,67.35643768310547
srv-010,2017-06-24 22:00:00,69.46025848388672
srv-010,2017-06-24 23:00:00,69.65833282470703
srv-010,2017-06-25 00:00:00,69.29053497314453
srv-010,2017-06-25 01:00:00,70.36205291748047
srv-010,2017-06-25 02:00:00,72.5858383178711
srv-010,2017-06-25 03:00:00,70.65814971923828
srv-010,2017-06-25 04:00:00,72.10054016113281
srv-010,2017-06-25 05:00:00,65.8155288696289
srv-010,2017-06-25 06:00:00,67.3495101928711
srv-010,2017-06-25 07:00:00,72.3736343383789
srv-010,2017-06-25 08:00:00,70.7935791015625
srv-010,2017-06-25 09:00:00,75.23844909667969
srv-010,2017-06-25 10:00:00,80.6683578491211
srv-010,2017-06-25 11:00:00,75.75066375732422
srv-010,2017-06-25 12:00:00,76.19304656982422
srv-010,2017-06-25 13:00:00,83.5198974609375
srv-010,2017-06-25 14:00:00,83.73318481445312
srv-010,2017-06-25 15:00:00,81.64405822753906
srv-010,2017-06-25 16:00:00,79.08104705810547
srv-010,2017-06-25 17:00:00,77.66875457763672
srv-010,2017-06-25 18:00:00,71.62562561035156
srv-010,2017-06-25 19:00:00,67.04228210449219
srv-010,2017-06-25 20:00:00,67.59970092773438
srv-010,2017-06-25 21:00:00,66.45513916015625
srv-010,2017-06-25 22:00:00,66.27765655517578
srv-010,2017-06-25 23:00:00,68.47049713134766
srv-010,2017-06-26 00:00:00,65.86003875732422
srv-010,2017-06-26 01:00:00,70.13826751708984
srv-010,2017-06-26 02:00:00,67.9684829711914
srv-010,2017-06-26 03:00:00,73.27318572998047
srv-010,2017-06-26 04:00:00,76.05269622802734
srv-010,2017-06-26 05:00:00,71.94647979736328
srv-010,2017-06-26 06:00:00,76.61260223388672
srv-010,2017-06-26 07:00:00,82.90951538085938
srv-010,2017-06-26 08:00:00,81.18859100341797
srv-010,2017-06-26 09:00:00,81.53870391845703
srv-010,2017-06-26 10:00:00,84.9474105834961
srv-010,2017-06-26 11:00:00,83.30660247802734
srv-010,2017-06-26 12:00:00,82.35045623779297
srv-010,2017-06-26 13:00:00,84.73186492919922
srv-010,2017-06-26 14:00:00,87.4066162109375
srv-010,2017-06-26 15:00:00,87.66931915283203
srv-010,2017-06-26 16:00:00,84.10819244384766
srv-010,2017-06-26 17:00:00,81.29163360595703
srv-010,2017-06-26 18:00:00,81.4164047241211
srv-010,2017-06-26 19:00:00,80.16844940185547
srv-010,2017-06-26 20:00:00,77.02397918701172
srv-010,2017-06-26 21:00:00,76.8781509399414
srv-010,2017-06-26 22:00:00,70.89573669433594
srv-010,2017-06-26 23:00:00,77.8031005859375
srv-010,2017-06-27 00:00:00,80.60161590576172
srv-010,2017-06-27 01:00:00,81.34532928466797
srv-010,2017-06-27 02:00:00,83.51094818115234
srv-010,2017-06-27 03:00:00,84.44141387939453
srv-010,2017-06-27 04:00:00,83.60498809814453
srv-010,2017-06-27 05:00:00,85.73902130126953
srv-010,2017-06-27 06:00:00,88.91632843017578
srv-010,2017-06-27 07:00:00,89.48880767822266
srv-010,2017-06-27 08:00:00,90.7083969116211
srv-010,2017-06-27 09:00:00,91.66214752197266
srv-010,2017-06-27 10:00:00,90.61127471923828
srv-010,2017-06-27 11:00:00,92.34122467041016
srv-010,2017-06-27 12:00:00,92.31155395507812
srv-010,2017-06-27 13:00:00,90.75739288330078
srv-010,2017-06-27 14:00:00,89.63570404052734
srv-010,2017-06-27 15:00:00,90.09095764160156
srv-010,2017-06-27 16:00:00,90.29075622558594
srv-010,2017-06-27 17:00:00,90.57869720458984
srv-010,2017-06-27 18:00:00,90.3225326538086
srv-010,2017-06-27 19:00:00,90.44113159179688
srv-010,2017-06-27 20:00:00,89.92147064208984
srv-010,2017-06-27 21:00:00,89.75379180908203
srv-010,2017-06-27 22:00:00,90.57414245605469
srv-010,2017-06-27 23:00:00,89.80811309814453
srv-010,2017-06-28 00:00:00,90.24285125732422
srv-010,2017-06-28 01:00:00,91.13855743408203
srv-010,2017-06-28 02:00:00,91.25923156738281
srv-010,2017-06-28 03:00:00,91.85725402832031
srv-010,2017-06-28 04:00:00,91.87589263916016
srv-010,2017-06-28 05:00:00,90.34093475341797
srv-010,2017-06-28 06:00:00,89.82923889160156
srv-010,2017-06-28 07:00:00,91.49858856201172
srv-010,2017-06-28 08:00:00,90.4204330444336
srv-010,2017-06-28 09:00:00,92.3290023803711
srv-010,2017-06-28 10:00:00,93.00165557861328
srv-010,2017-06-28 11:00:00,93.52767944335938
srv-010,2017-06-28 12:00:00,93.42938232421875
srv-010,2017-06-28 13:00:00,93.09778594970703
srv-010,2017-06-28 14:00:00,93.00931549072266
srv-010,2017-06-28 15:00:00,93.09330749511719
srv-010,2017-06-28 16:00:00,92.9305648803711
srv-010,2017-06-28 17:00:00,92.75398254394531
srv-010,2017-06-28 18:00:00,92.04537963867188
srv-010,2017-06-28 19:00:00,90.9666976928711
srv-010,2017-06-28 20:00:00,90.90077209472656
srv-010,2017-06-28 21:00:00,90.63896942138672
srv-010,2017-06-28 22:00:00,91.7458267211914
srv-010,2017-06-28 23:00:00,91.29560089111328
srv-010,2017-06-29 00:00:00,89.77352142333984
srv-010,2017-06-29 01:00:00,90.2294692993164
srv-010,2017-06-29 02:00:00,90.0162353515625
srv-010,2017-06-29 03:00:00,89.75486755371094
srv-010,2017-06-29 04:00:00,90.4949951171875
srv-010,2017-06-29 05:00:00,89.49808502197266
srv-010,2017-06-29 06:00:00,84.39787292480469
srv-010,2017-06-29 07:00:00,92.01710510253906
srv-010,2017-06-29 08:00:00,91.5901870727539
srv-010,2017-06-29 09:00:00,92.4519271850586
srv-010,2017-06-29 10:00:00,91.3840103149414
srv-010,2017-06-29 11:00:00,91.40187072753906
srv-010,2017-06-29 12:00:00,91.70108795166016
srv-010,2017-06-29 13:00:00,90.37882232666016
srv-010,2017-06-29 14:00:00,91.05797576904297
srv-010,2017-06-29 15:00:00,91.94644927978516
srv-010,2017-06-29 16:00:00,90.37359619140625
srv-010,2017-06-29 17:00:00,89.78412628173828
srv-010,2017-06-29 18:00:00,90.47652435302734
srv-010,2017-06-29 19:00:00,87.20160675048828
srv-010,2017-06-29 20:00:00,83.5066146850586
srv-010,2017-06-29 21:00:00,81.50521087646484
srv-010,2017-06-29 22:00:00,84.4637222290039
srv-010,2017-06-29 23:00:00,79.94513702392578
srv-010,2017-06-30 00:00:00,78.08667755126953
srv-010,2017-06-30 01:00:00,81.40828704833984
srv-010,2017-06-30 02:00:00,82.1937026977539
srv-010,2017-06-30 03:00:00,81.29756164550781
srv-010,2017-06-30 04:00:00,83.5897216796875
srv-010,2017-06-30 05:00:00,74.19151306152344
srv-010,2017-06-30 06:00:00,74.35260772705078
srv-010,2017-06-30 07:00:00,82.4739761352539
srv-010,2017-06-30 08:00:00,76.54727935791016
srv-010,2017-06-30 09:00:00,77.9108657836914
srv-010,2017-06-30 10:00:00,86.57061004638672
srv-010,2017-06-30 11:00:00,85.6634750366211
srv-010,2017-06-30 12:00:00,76.17945098876953
srv-010,2017-06-30 13:00:00,72.8221664428711
srv-010,2017-06-30 14:00:00,75.72533416748047
srv-010,2017-06-30 15:00:00,77.89647674560547
srv-010,2017-06-30 16:00:00,81.31102752685547
srv-010,2017-06-30 17:00:00,82.9764175415039
srv-010,2017-06-30 18:00:00,75.16446685791016
srv-010,2017-06-30 19:00:00,74.27404022216797
srv-010,2017-06-30 20:00:00,72.69756317138672
srv-010,2017-06-30 21:00:00,71.64486694335938
srv-010,2017-06-30 22:00:00,65.50157928466797
srv-010,2017-06-30 23:00:00,65.09107971191406
