server_id,timestamp,predicted_cpu_utilization
srv-001,2017-06-01 23:00:00,0.0
srv-001,2017-06-02 00:00:00,0.0
srv-001,2017-06-02 01:00:00,0.0
srv-001,2017-06-02 02:00:00,0.0
srv-001,2017-06-02 03:00:00,0.0
srv-001,2017-06-02 04:00:00,0.0
srv-001,2017-06-02 05:00:00,0.0
srv-001,2017-06-02 06:00:00,0.0
srv-001,2017-06-02 07:00:00,0.0
srv-001,2017-06-02 08:00:00,0.0
srv-001,2017-06-02 09:00:00,0.0
srv-001,2017-06-02 10:00:00,0.0
srv-001,2017-06-02 11:00:00,0.0
srv-001,2017-06-02 12:00:00,45.5211181640625
srv-001,2017-06-02 13:00:00,44.81965255737305
srv-001,2017-06-02 14:00:00,44.599674224853516
srv-001,2017-06-02 15:00:00,45.45256042480469
srv-001,2017-06-02 16:00:00,43.25938034057617
srv-001,2017-06-02 17:00:00,43.27790832519531
srv-001,2017-06-02 18:00:00,43.3311882019043
srv-001,2017-06-02 19:00:00,42.01088333129883
srv-001,2017-06-02 20:00:00,41.46209716796875
srv-001,2017-06-02 21:00:00,41.89829635620117
srv-001,2017-06-02 22:00:00,40.82566452026367
srv-001,2017-06-02 23:00:00,39.54069519042969
srv-001,2017-06-03 00:00:00,40.48566436767578
srv-001,2017-06-03 01:00:00,40.839717864990234
srv-001,2017-06-03 02:00:00,40.9912223815918
srv-001,2017-06-03 03:00:00,40.797996520996094
srv-001,2017-06-03 04:00:00,40.8433723449707
srv-001,2017-06-03 05:00:00,43.029903411865234
srv-001,2017-06-03 06:00:00,39.863243103027344
srv-001,2017-06-03 07:00:00,39.77427673339844
srv-001,2017-06-03 08:00:00,40.83375930786133
srv-001,2017-06-03 09:00:00,40.2692756652832
srv-001,2017-06-03 10:00:00,45.933650970458984
srv-001,2017-06-03 11:00:00,46.907554626464844
srv-001,2017-06-03 12:00:00,42.57900619506836
srv-001,2017-06-03 13:00:00,49.66830825805664
srv-001,2017-06-03 14:00:00,51.17731857299805
srv-001,2017-06-03 15:00:00,49.14347457885742
srv-001,2017-06-03 16:00:00,45.65381622314453
srv-001,2017-06-03 17:00:00,45.28510665893555
srv-001,2017-06-03 18:00:00,46.336917877197266
srv-001,2017-06-03 19:00:00,44.55694580078125
srv-001,2017-06-03 20:00:00,42.84373092651367
srv-001,2017-06-03 21:00:00,45.38393783569336
srv-001,2017-06-03 22:00:00,41.358951568603516
srv-001,2017-06-03 23:00:00,40.38131332397461
srv-001,2017-06-04 00:00:00,40.15024948120117
srv-001,2017-06-04 01:00:00,40.00471115112305
srv-001,2017-06-04 02:00:00,41.01276779174805
srv-001,2017-06-04 03:00:00,43.45143508911133
srv-001,2017-06-04 04:00:00,44.243465423583984
srv-001,2017-06-04 05:00:00,41.976985931396484
srv-001,2017-06-04 06:00:00,40.56534194946289
srv-001,2017-06-04 07:00:00,39.349754333496094
srv-001,2017-06-04 08:00:00,41.146156311035156
srv-001,2017-06-04 09:00:00,42.100830078125
srv-001,2017-06-04 10:00:00,45.26594543457031
srv-001,2017-06-04 11:00:00,44.85956573486328
srv-001,2017-06-04 12:00:00,47.65083312988281
srv-001,2017-06-04 13:00:00,45.53687286376953
srv-001,2017-06-04 14:00:00,43.87197494506836
srv-001,2017-06-04 15:00:00,45.34542465209961
srv-001,2017-06-04 16:00:00,40.571537017822266
srv-001,2017-06-04 17:00:00,43.152278900146484
srv-001,2017-06-04 18:00:00,42.8714714050293
srv-001,2017-06-04 19:00:00,46.65092468261719
srv-001,2017-06-04 20:00:00,48.523258209228516
srv-001,2017-06-04 21:00:00,47.19711685180664
srv-001,2017-06-04 22:00:00,44.88344192504883
srv-001,2017-06-04 23:00:00,44.59292221069336
srv-001,2017-06-05 00:00:00,41.66932678222656
srv-001,2017-06-05 01:00:00,38.94085693359375
srv-001,2017-06-05 02:00:00,39.3555793762207
srv-001,2017-06-05 03:00:00,38.6652946472168
srv-001,2017-06-05 04:00:00,38.53801727294922
srv-001,2017-06-05 05:00:00,40.145328521728516
srv-001,2017-06-05 06:00:00,41.80925369262695
srv-001,2017-06-05 07:00:00,40.305824279785156
srv-001,2017-06-05 08:00:00,39.66691207885742
srv-001,2017-06-05 09:00:00,40.41422653198242
srv-001,2017-06-05 10:00:00,40.76750946044922
srv-001,2017-06-05 11:00:00,40.82511901855469
srv-001,2017-06-05 12:00:00,43.81735610961914
srv-001,2017-06-05 13:00:00,46.92680740356445
srv-001,2017-06-05 14:00:00,48.9914665222168
srv-001,2017-06-05 15:00:00,48.60945510864258
srv-001,2017-06-05 16:00:00,47.87022018432617
srv-001,2017-06-05 17:00:00,46.8345832824707
srv-001,2017-06-05 18:00:00,45.83354568481445
srv-001,2017-06-05 19:00:00,45.250648498535156
srv-001,2017-06-05 20:00:00,44.10804748535156
srv-001,2017-06-05 21:00:00,44.88438034057617
srv-001,2017-06-05 22:00:00,44.74486541748047
srv-001,2017-06-05 23:00:00,44.12974166870117
srv-001,2017-06-06 00:00:00,44.05093765258789
srv-001,2017-06-06 01:00:00,43.72468566894531
srv-001,2017-06-06 02:00:00,44.16849899291992
srv-001,2017-06-06 03:00:00,46.1946907043457
srv-001,2017-06-06 04:00:00,45.65614318847656
srv-001,2017-06-06 05:00:00,45.411441802978516
srv-001,2017-06-06 06:00:00,46.50386047363281
srv-001,2017-06-06 07:00:00,50.28517532348633
srv-001,2017-06-06 08:00:00,51.285884857177734
srv-001,2017-06-06 09:00:00,50.37163162231445
srv-001,2017-06-06 10:00:00,48.73384475708008
srv-001,2017-06-06 11:00:00,49.99468231201172
srv-001,2017-06-06 12:00:00,54.68062973022461
srv-001,2017-06-06 13:00:00,55.03135681152344
srv-001,2017-06-06 14:00:00,55.23878860473633
srv-001,2017-06-06 15:00:00,55.96230697631836
srv-001,2017-06-06 16:00:00,56.28581619262695
srv-001,2017-06-06 17:00:00,54.561180114746094
srv-001,2017-06-06 18:00:00,53.927188873291016
srv-001,2017-06-06 19:00:00,53.05283737182617
srv-001,2017-06-06 20:00:00,52.22587966918945
srv-001,2017-06-06 21:00:00,51.32299041748047
srv-001,2017-06-06 22:00:00,52.20963668823242
srv-001,2017-06-06 23:00:00,52.95230484008789
srv-001,2017-06-07 00:00:00,51.999027252197266
srv-001,2017-06-07 01:00:00,52.54072189331055
srv-001,2017-06-07 02:00:00,52.10493087768555
srv-001,2017-06-07 03:00:00,50.9929084777832
srv-001,2017-06-07 04:00:00,50.2355842590332
srv-001,2017-06-07 05:00:00,48.51780700683594
srv-001,2017-06-07 06:00:00,50.7161750793457
srv-001,2017-06-07 07:00:00,50.591678619384766
srv-001,2017-06-07 08:00:00,50.642948150634766
srv-001,2017-06-07 09:00:00,49.808616638183594
srv-001,2017-06-07 10:00:00,51.754032135009766
srv-001,2017-06-07 11:00:00,53.768367767333984
srv-001,2017-06-07 12:00:00,54.44334030151367
srv-001,2017-06-07 13:00:00,54.36491775512695
srv-001,2017-06-07 14:00:00,53.76565933227539
srv-001,2017-06-07 15:00:00,55.239105224609375
srv-001,2017-06-07 16:00:00,55.209415435791016
srv-001,2017-06-07 17:00:00,56.10083770751953
srv-001,2017-06-07 18:00:00,55.12981033325195
srv-001,2017-06-07 19:00:00,53.91243362426758
srv-001,2017-06-07 20:00:00,55.07753372192383
srv-001,2017-06-07 21:00:00,54.96443557739258
srv-001,2017-06-07 22:00:00,52.01128005981445
srv-001,2017-06-07 23:00:00,51.4632682800293
srv-001,2017-06-08 00:00:00,50.775081634521484
srv-001,2017-06-08 01:00:00,50.79386901855469
srv-001,2017-06-08 02:00:00,49.72604751586914
srv-001,2017-06-08 03:00:00,49.59831619262695
srv-001,2017-06-08 04:00:00,49.15166473388672
srv-001,2017-06-08 05:00:00,48.698123931884766
srv-001,2017-06-08 06:00:00,48.061790466308594
srv-001,2017-06-08 07:00:00,47.46468734741211
srv-001,2017-06-08 08:00:00,47.15645980834961
srv-001,2017-06-08 09:00:00,46.452518463134766
srv-001,2017-06-08 10:00:00,48.989830017089844
srv-001,2017-06-08 11:00:00,49.91010665893555
srv-001,2017-06-08 12:00:00,52.699554443359375
srv-001,2017-06-08 13:00:00,52.447147369384766
srv-001,2017-06-08 14:00:00,50.65306854248047
srv-001,2017-06-08 15:00:00,52.08644485473633
srv-001,2017-06-08 16:00:00,53.1854362487793
srv-001,2017-06-08 17:00:00,50.259864807128906
srv-001,2017-06-08 18:00:00,50.626731872558594
srv-001,2017-06-08 19:00:00,48.65480041503906
srv-001,2017-06-08 20:00:00,47.8426513671875
srv-001,2017-06-08 21:00:00,45.698543548583984
srv-001,2017-06-08 22:00:00,42.92170333862305
srv-001,2017-06-08 23:00:00,42.60072326660156
srv-001,2017-06-09 00:00:00,42.48163986206055
srv-001,2017-06-09 01:00:00,41.96797561645508
srv-001,2017-06-09 02:00:00,41.3287467956543
srv-001,2017-06-09 03:00:00,41.34226608276367
srv-001,2017-06-09 04:00:00,41.52049255371094
srv-001,2017-06-09 05:00:00,42.19807815551758
srv-001,2017-06-09 06:00:00,42.921302795410156
srv-001,2017-06-09 07:00:00,42.97849655151367
srv-001,2017-06-09 08:00:00,45.083438873291016
srv-001,2017-06-09 09:00:00,44.035579681396484
srv-001,2017-06-09 10:00:00,45.350772857666016
srv-001,2017-06-09 11:00:00,47.6608772277832
srv-001,2017-06-09 12:00:00,48.097782135009766
srv-001,2017-06-09 13:00:00,47.03511428833008
srv-001,2017-06-09 14:00:00,45.6913948059082
srv-001,2017-06-09 15:00:00,46.24319839477539
srv-001,2017-06-09 16:00:00,43.55564880371094
srv-001,2017-06-09 17:00:00,41.193668365478516
srv-001,2017-06-09 18:00:00,40.32979965209961
srv-001,2017-06-09 19:00:00,40.96100997924805
srv-001,2017-06-09 20:00:00,40.38479232788086
srv-001,2017-06-09 21:00:00,39.60483169555664
srv-001,2017-06-09 22:00:00,38.3760871887207
srv-001,2017-06-09 23:00:00,37.11066436767578
srv-001,2017-06-10 00:00:00,36.850921630859375
srv-001,2017-06-10 01:00:00,40.17361068725586
srv-001,2017-06-10 02:00:00,39.052425384521484
srv-001,2017-06-10 03:00:00,41.3562126159668
srv-001,2017-06-10 04:00:00,42.78472137451172
srv-001,2017-06-10 05:00:00,44.50197982788086
srv-001,2017-06-10 06:00:00,43.179534912109375
srv-001,2017-06-10 07:00:00,42.35620880126953
srv-001,2017-06-10 08:00:00,40.80091094970703
srv-001,2017-06-10 09:00:00,40.971927642822266
srv-001,2017-06-10 10:00:00,43.3630256652832
srv-001,2017-06-10 11:00:00,46.25851821899414
srv-001,2017-06-10 12:00:00,44.695640563964844
srv-001,2017-06-10 13:00:00,44.68522262573242
srv-001,2017-06-10 14:00:00,45.184879302978516
srv-001,2017-06-10 15:00:00,43.5905647277832
srv-001,2017-06-10 16:00:00,43.80271911621094
srv-001,2017-06-10 17:00:00,43.10377883911133
srv-001,2017-06-10 18:00:00,41.86351013183594
srv-001,2017-06-10 19:00:00,40.632938385009766
srv-001,2017-06-10 20:00:00,40.389102935791016
srv-001,2017-06-10 21:00:00,39.60297393798828
srv-001,2017-06-10 22:00:00,38.34333801269531
srv-001,2017-06-10 23:00:00,38.52505111694336
srv-001,2017-06-11 00:00:00,38.05094528198242
srv-001,2017-06-11 01:00:00,37.69383239746094
srv-001,2017-06-11 02:00:00,41.12156295776367
srv-001,2017-06-11 03:00:00,40.70438766479492
srv-001,2017-06-11 04:00:00,41.6251335144043
srv-001,2017-06-11 05:00:00,39.84341812133789
srv-001,2017-06-11 06:00:00,41.991512298583984
srv-001,2017-06-11 07:00:00,38.618927001953125
srv-001,2017-06-11 08:00:00,39.572662353515625
srv-001,2017-06-11 09:00:00,39.435577392578125
srv-001,2017-06-11 10:00:00,42.67647171020508
srv-001,2017-06-11 11:00:00,46.7369270324707
srv-001,2017-06-11 12:00:00,46.91743850708008
srv-001,2017-06-11 13:00:00,44.199588775634766
srv-001,2017-06-11 14:00:00,44.64278030395508
srv-001,2017-06-11 15:00:00,46.43596649169922
srv-001,2017-06-11 16:00:00,46.13765335083008
srv-001,2017-06-11 17:00:00,42.703609466552734
srv-001,2017-06-11 18:00:00,41.99589157104492
srv-001,2017-06-11 19:00:00,40.77054977416992
srv-001,2017-06-11 20:00:00,40.94624710083008
srv-001,2017-06-11 21:00:00,39.36384582519531
srv-001,2017-06-11 22:00:00,37.86457443237305
srv-001,2017-06-11 23:00:00,38.211097717285156
srv-001,2017-06-12 00:00:00,36.16200637817383
srv-001,2017-06-12 01:00:00,38.03984451293945
srv-001,2017-06-12 02:00:00,37.76436233520508
srv-001,2017-06-12 03:00:00,36.727874755859375
srv-001,2017-06-12 04:00:00,36.61576461791992
srv-001,2017-06-12 05:00:00,37.42324447631836
srv-001,2017-06-12 06:00:00,37.307830810546875
srv-001,2017-06-12 07:00:00,36.591678619384766
srv-001,2017-06-12 08:00:00,36.90566635131836
srv-001,2017-06-12 09:00:00,41.66994094848633
srv-001,2017-06-12 10:00:00,44.16001892089844
srv-001,2017-06-12 11:00:00,46.322792053222656
srv-001,2017-06-12 12:00:00,47.864295959472656
srv-001,2017-06-12 13:00:00,51.49638748168945
srv-001,2017-06-12 14:00:00,48.859397888183594
srv-001,2017-06-12 15:00:00,50.48958206176758
srv-001,2017-06-12 16:00:00,49.37204360961914
srv-001,2017-06-12 17:00:00,50.6932487487793
srv-001,2017-06-12 18:00:00,47.7635383605957
srv-001,2017-06-12 19:00:00,47.778812408447266
srv-001,2017-06-12 20:00:00,46.46577453613281
srv-001,2017-06-12 21:00:00,44.8288459777832
srv-001,2017-06-12 22:00:00,44.57601547241211
srv-001,2017-06-12 23:00:00,45.46401596069336
srv-001,2017-06-13 00:00:00,44.618839263916016
srv-001,2017-06-13 01:00:00,42.94173812866211
srv-001,2017-06-13 02:00:00,43.31729507446289
srv-001,2017-06-13 03:00:00,45.15161895751953
srv-001,2017-06-13 04:00:00,47.333473205566406
srv-001,2017-06-13 05:00:00,49.38044357299805
srv-001,2017-06-13 06:00:00,49.70128631591797
srv-001,2017-06-13 07:00:00,53.038570404052734
srv-001,2017-06-13 08:00:00,54.72747802734375
srv-001,2017-06-13 09:00:00,54.34688186645508
srv-001,2017-06-13 10:00:00,53.44308853149414
srv-001,2017-06-13 11:00:00,53.8978385925293
srv-001,2017-06-13 12:00:00,55.284542083740234
srv-001,2017-06-13 13:00:00,56.38181686401367
srv-001,2017-06-13 14:00:00,57.05670166015625
srv-001,2017-06-13 15:00:00,54.07605743408203
srv-001,2017-06-13 16:00:00,54.60714340209961
srv-001,2017-06-13 17:00:00,55.666709899902344
srv-001,2017-06-13 18:00:00,57.80022048950195
srv-001,2017-06-13 19:00:00,57.00987243652344
srv-001,2017-06-13 20:00:00,56.73505401611328
srv-001,2017-06-13 21:00:00,55.54507064819336
srv-001,2017-06-13 22:00:00,53.28096389770508
srv-001,2017-06-13 23:00:00,53.957420349121094
srv-001,2017-06-14 00:00:00,52.04520797729492
srv-001,2017-06-14 01:00:00,56.7138557434082
srv-001,2017-06-14 02:00:00,57.79366683959961
srv-001,2017-06-14 03:00:00,52.55976104736328
srv-001,2017-06-14 04:00:00,55.242557525634766
srv-001,2017-06-14 05:00:00,54.08420181274414
srv-001,2017-06-14 06:00:00,52.287437438964844
srv-001,2017-06-14 07:00:00,51.50320053100586
srv-001,2017-06-14 08:00:00,56.81178665161133
srv-001,2017-06-14 09:00:00,57.41843032836914
srv-001,2017-06-14 10:00:00,58.110599517822266
srv-001,2017-06-14 11:00:00,59.166160583496094
srv-001,2017-06-14 12:00:00,58.45269775390625
srv-001,2017-06-14 13:00:00,58.87856674194336
srv-001,2017-06-14 14:00:00,59.87863540649414
srv-001,2017-06-14 15:00:00,61.542667388916016
srv-001,2017-06-14 16:00:00,60.29634475708008
srv-001,2017-06-14 17:00:00,58.60573196411133
srv-001,2017-06-14 18:00:00,57.11439514160156
srv-001,2017-06-14 19:00:00,56.730926513671875
srv-001,2017-06-14 20:00:00,56.22041320800781
srv-001,2017-06-14 21:00:00,57.01297378540039
srv-001,2017-06-14 22:00:00,55.16712188720703
srv-001,2017-06-14 23:00:00,53.43959045410156
srv-001,2017-06-15 00:00:00,53.753143310546875
srv-001,2017-06-15 01:00:00,52.15120315551758
srv-001,2017-06-15 02:00:00,52.01040267944336
srv-001,2017-06-15 03:00:00,52.00587463378906
srv-001,2017-06-15 04:00:00,52.31869125366211
srv-001,2017-06-15 05:00:00,51.674747467041016
srv-001,2017-06-15 06:00:00,50.54331970214844
srv-001,2017-06-15 07:00:00,52.09682083129883
srv-001,2017-06-15 08:00:00,55.74224853515625
srv-001,2017-06-15 09:00:00,54.648475646972656
srv-001,2017-06-15 10:00:00,54.362518310546875
srv-001,2017-06-15 11:00:00,55.8690299987793
srv-001,2017-06-15 12:00:00,56.80918502807617
srv-001,2017-06-15 13:00:00,55.74296569824219
srv-001,2017-06-15 14:00:00,56.44397735595703
srv-001,2017-06-15 15:00:00,56.1649284362793
srv-001,2017-06-15 16:00:00,57.808467864990234
srv-001,2017-06-15 17:00:00,55.57746124267578
srv-001,2017-06-15 18:00:00,51.60808181762695
srv-001,2017-06-15 19:00:00,54.24366760253906
srv-001,2017-06-15 20:00:00,53.4439582824707
srv-001,2017-06-15 21:00:00,56.053775787353516
srv-001,2017-06-15 22:00:00,51.52678298950195
srv-001,2017-06-15 23:00:00,49.83724594116211
srv-001,2017-06-16 00:00:00,47.22972106933594
srv-001,2017-06-16 01:00:00,54.76115036010742
srv-001,2017-06-16 02:00:00,51.15752029418945
srv-001,2017-06-16 03:00:00,48.147315979003906
srv-001,2017-06-16 04:00:00,48.83857345581055
srv-001,2017-06-16 05:00:00,46.378108978271484
srv-001,2017-06-16 06:00:00,46.035579681396484
srv-001,2017-06-16 07:00:00,43.05636978149414
srv-001,2017-06-16 08:00:00,45.26814651489258
srv-001,2017-06-16 09:00:00,44.65024948120117
srv-001,2017-06-16 10:00:00,45.0088996887207
srv-001,2017-06-16 11:00:00,44.77055358886719
srv-001,2017-06-16 12:00:00,44.82399368286133
srv-001,2017-06-16 13:00:00,46.912349700927734
srv-001,2017-06-16 14:00:00,48.47282409667969
srv-001,2017-06-16 15:00:00,47.79499053955078
srv-001,2017-06-16 16:00:00,47.37773513793945
srv-001,2017-06-16 17:00:00,45.75123977661133
srv-001,2017-06-16 18:00:00,45.05337142944336
srv-001,2017-06-16 19:00:00,42.78030014038086
srv-001,2017-06-16 20:00:00,42.891502380371094
srv-001,2017-06-16 21:00:00,40.32438278198242
srv-001,2017-06-16 22:00:00,39.362144470214844
srv-001,2017-06-16 23:00:00,36.66315841674805
srv-001,2017-06-17 00:00:00,36.82844543457031
srv-001,2017-06-17 01:00:00,38.568397521972656
srv-001,2017-06-17 02:00:00,39.19607925415039
srv-001,2017-06-17 03:00:00,40.00858688354492
srv-001,2017-06-17 04:00:00,37.92226028442383
srv-001,2017-06-17 05:00:00,38.144290924072266
srv-001,2017-06-17 06:00:00,39.63664627075195
srv-001,2017-06-17 07:00:00,39.846309661865234
srv-001,2017-06-17 08:00:00,42.65529251098633
srv-001,2017-06-17 09:00:00,42.17410659790039
srv-001,2017-06-17 10:00:00,42.773075103759766
srv-001,2017-06-17 11:00:00,49.15170669555664
srv-001,2017-06-17 12:00:00,46.07596969604492
srv-001,2017-06-17 13:00:00,44.54830551147461
srv-001,2017-06-17 14:00:00,46.05897521972656
srv-001,2017-06-17 15:00:00,45.2746696472168
srv-001,2017-06-17 16:00:00,43.759883880615234
srv-001,2017-06-17 17:00:00,42.00798416137695
srv-001,2017-06-17 18:00:00,41.728939056396484
srv-001,2017-06-17 19:00:00,43.37359619140625
srv-001,2017-06-17 20:00:00,42.55460739135742
srv-001,2017-06-17 21:00:00,43.51150131225586
srv-001,2017-06-17 22:00:00,40.215309143066406
srv-001,2017-06-17 23:00:00,37.916194915771484
srv-001,2017-06-18 00:00:00,34.89832305908203
srv-001,2017-06-18 01:00:00,34.04273223876953
srv-001,2017-06-18 02:00:00,36.466819763183594
srv-001,2017-06-18 03:00:00,38.7590217590332
srv-001,2017-06-18 04:00:00,38.01665115356445
srv-001,2017-06-18 05:00:00,38.520565032958984
srv-001,2017-06-18 06:00:00,39.242774963378906
srv-001,2017-06-18 07:00:00,39.10771560668945
srv-001,2017-06-18 08:00:00,43.323326110839844
srv-001,2017-06-18 09:00:00,42.64122009277344
srv-001,2017-06-18 10:00:00,42.9224739074707
srv-001,2017-06-18 11:00:00,46.665496826171875
srv-001,2017-06-18 12:00:00,46.066837310791016
srv-001,2017-06-18 13:00:00,48.05789566040039
srv-001,2017-06-18 14:00:00,48.999916076660156
srv-001,2017-06-18 15:00:00,49.80323791503906
srv-001,2017-06-18 16:00:00,49.38546371459961
srv-001,2017-06-18 17:00:00,46.22951126098633
srv-001,2017-06-18 18:00:00,44.908206939697266
srv-001,2017-06-18 19:00:00,43.661746978759766
srv-001,2017-06-18 20:00:00,42.472415924072266
srv-001,2017-06-18 21:00:00,41.967342376708984
srv-001,2017-06-18 22:00:00,40.17015838623047
srv-001,2017-06-18 23:00:00,41.64668655395508
srv-001,2017-06-19 00:00:00,39.44039535522461
srv-001,2017-06-19 01:00:00,39.56745529174805
srv-001,2017-06-19 02:00:00,39.21451950073242
srv-001,2017-06-19 03:00:00,39.9497184753418
srv-001,2017-06-19 04:00:00,40.48122787475586
srv-001,2017-06-19 05:00:00,40.195003509521484
srv-001,2017-06-19 06:00:00,40.844024658203125
srv-001,2017-06-19 07:00:00,40.02659606933594
srv-001,2017-06-19 08:00:00,40.88924026489258
srv-001,2017-06-19 09:00:00,41.937156677246094
srv-001,2017-06-19 10:00:00,44.32881546020508
srv-001,2017-06-19 11:00:00,44.55955123901367
srv-001,2017-06-19 12:00:00,48.59229278564453
srv-001,2017-06-19 13:00:00,50.20929718017578
srv-001,2017-06-19 14:00:00,49.59494400024414
srv-001,2017-06-19 15:00:00,47.06059646606445
srv-001,2017-06-19 16:00:00,45.63991165161133
srv-001,2017-06-19 17:00:00,45.57156753540039
srv-001,2017-06-19 18:00:00,46.05373764038086
srv-001,2017-06-19 19:00:00,45.28786087036133
srv-001,2017-06-19 20:00:00,43.210933685302734
srv-001,2017-06-19 21:00:00,42.959861755371094
srv-001,2017-06-19 22:00:00,43.01255798339844
srv-001,2017-06-19 23:00:00,44.27736282348633
srv-001,2017-06-20 00:00:00,44.37871551513672
srv-001,2017-06-20 01:00:00,47.398250579833984
srv-001,2017-06-20 02:00:00,46.34650421142578
srv-001,2017-06-20 03:00:00,47.577247619628906
srv-001,2017-06-20 04:00:00,48.07243728637695
srv-001,2017-06-20 05:00:00,49.377864837646484
srv-001,2017-06-20 06:00:00,49.57678985595703
srv-001,2017-06-20 07:00:00,51.94856262207031
srv-001,2017-06-20 08:00:00,53.26419448852539
srv-001,2017-06-20 09:00:00,51.57152557373047
srv-001,2017-06-20 10:00:00,54.11997604370117
srv-001,2017-06-20 11:00:00,54.99674606323242
srv-001,2017-06-20 12:00:00,55.51133346557617
srv-001,2017-06-20 13:00:00,57.178165435791016
srv-001,2017-06-20 14:00:00,56.002254486083984
srv-001,2017-06-20 15:00:00,56.07158279418945
srv-001,2017-06-20 16:00:00,55.37887954711914
srv-001,2017-06-20 17:00:00,54.7524299621582
srv-001,2017-06-20 18:00:00,54.36117935180664
srv-001,2017-06-20 19:00:00,51.75562286376953
srv-001,2017-06-20 20:00:00,50.62644577026367
srv-001,2017-06-20 21:00:00,52.74539566040039
srv-001,2017-06-20 22:00:00,53.37360763549805
srv-001,2017-06-20 23:00:00,52.09711456298828
srv-001,2017-06-21 00:00:00,52.73923873901367
srv-001,2017-06-21 01:00:00,52.15719223022461
srv-001,2017-06-21 02:00:00,54.061710357666016
srv-001,2017-06-21 03:00:00,54.20140075683594
srv-001,2017-06-21 04:00:00,54.00038528442383
srv-001,2017-06-21 05:00:00,56.45406723022461
srv-001,2017-06-21 06:00:00,55.4900016784668
srv-001,2017-06-21 07:00:00,57.15727615356445
srv-001,2017-06-21 08:00:00,56.640682220458984
srv-001,2017-06-21 09:00:00,57.704654693603516
srv-001,2017-06-21 10:00:00,58.10013961791992
srv-001,2017-06-21 11:00:00,58.29561996459961
srv-001,2017-06-21 12:00:00,56.53361892700195
srv-001,2017-06-21 13:00:00,54.93177032470703
srv-001,2017-06-21 14:00:00,53.45096206665039
srv-001,2017-06-21 15:00:00,53.6932258605957
srv-001,2017-06-21 16:00:00,54.94271469116211
srv-001,2017-06-21 17:00:00,56.116085052490234
srv-001,2017-06-21 18:00:00,56.70380783081055
srv-001,2017-06-21 19:00:00,55.975830078125
srv-001,2017-06-21 20:00:00,53.50817108154297
srv-001,2017-06-21 21:00:00,52.781700134277344
srv-001,2017-06-21 22:00:00,53.274654388427734
srv-001,2017-06-21 23:00:00,52.642662048339844
srv-001,2017-06-22 00:00:00,54.24745559692383
srv-001,2017-06-22 01:00:00,53.16202163696289
srv-001,2017-06-22 02:00:00,52.6368293762207
srv-001,2017-06-22 03:00:00,52.90885543823242
srv-001,2017-06-22 04:00:00,54.93992614746094
srv-001,2017-06-22 05:00:00,54.10593795776367
srv-001,2017-06-22 06:00:00,53.12172317504883
srv-001,2017-06-22 07:00:00,51.99574661254883
srv-001,2017-06-22 08:00:00,53.01042556762695
srv-001,2017-06-22 09:00:00,54.65751266479492
srv-001,2017-06-22 10:00:00,54.76839065551758
srv-001,2017-06-22 11:00:00,55.825801849365234
srv-001,2017-06-22 12:00:00,58.27329635620117
srv-001,2017-06-22 13:00:00,57.00321578979492
srv-001,2017-06-22 14:00:00,56.94979476928711
srv-001,2017-06-22 15:00:00,53.22282409667969
srv-001,2017-06-22 16:00:00,49.1720085144043
srv-001,2017-06-22 17:00:00,50.44038772583008
srv-001,2017-06-22 18:00:00,49.19636154174805
srv-001,2017-06-22 19:00:00,48.87776565551758
srv-001,2017-06-22 20:00:00,47.907596588134766
srv-001,2017-06-22 21:00:00,46.58331298828125
srv-001,2017-06-22 22:00:00,46.59408187866211
srv-001,2017-06-22 23:00:00,46.31541061401367
srv-001,2017-06-23 00:00:00,45.24124526977539
srv-001,2017-06-23 01:00:00,45.80439376831055
srv-001,2017-06-23 02:00:00,45.74843978881836
srv-001,2017-06-23 03:00:00,45.993865966796875
srv-001,2017-06-23 04:00:00,46.05012893676758
srv-001,2017-06-23 05:00:00,45.50931167602539
srv-001,2017-06-23 06:00:00,45.103450775146484
srv-001,2017-06-23 07:00:00,44.89805221557617
srv-001,2017-06-23 08:00:00,45.58363723754883
srv-001,2017-06-23 09:00:00,45.184852600097656
srv-001,2017-06-23 10:00:00,43.42945861816406
srv-001,2017-06-23 11:00:00,42.23685836791992
srv-001,2017-06-23 12:00:00,43.771846771240234
srv-001,2017-06-23 13:00:00,44.09273147583008
srv-001,2017-06-23 14:00:00,43.429447174072266
srv-001,2017-06-23 15:00:00,44.52580642700195
srv-001,2017-06-23 16:00:00,43.63986587524414
srv-001,2017-06-23 17:00:00,42.02513885498047
srv-001,2017-06-23 18:00:00,41.7489128112793
srv-001,2017-06-23 19:00:00,40.50454330444336
srv-001,2017-06-23 20:00:00,39.459571838378906
srv-001,2017-06-23 21:00:00,38.83418273925781
srv-001,2017-06-23 22:00:00,38.36771774291992
srv-001,2017-06-23 23:00:00,37.808780670166016
srv-001,2017-06-24 00:00:00,39.0210075378418
srv-001,2017-06-24 01:00:00,43.744773864746094
srv-001,2017-06-24 02:00:00,43.49125289916992
srv-001,2017-06-24 03:00:00,43.1676139831543
srv-001,2017-06-24 04:00:00,41.87711715698242
srv-001,2017-06-24 05:00:00,40.538124084472656
srv-001,2017-06-24 06:00:00,40.71098327636719
srv-001,2017-06-24 07:00:00,40.03791427612305
srv-001,2017-06-24 08:00:00,41.65544891357422
srv-001,2017-06-24 09:00:00,46.157527923583984
srv-001,2017-06-24 10:00:00,45.24599075317383
srv-001,2017-06-24 11:00:00,44.39337921142578
srv-001,2017-06-24 12:00:00,43.54182052612305
srv-001,2017-06-24 13:00:00,44.547367095947266
srv-001,2017-06-24 14:00:00,45.862525939941406
srv-001,2017-06-24 15:00:00,47.39764404296875
srv-001,2017-06-24 16:00:00,43.69083786010742
srv-001,2017-06-24 17:00:00,41.11014175415039
srv-001,2017-06-24 18:00:00,39.89616775512695
srv-001,2017-06-24 19:00:00,41.48540496826172
srv-001,2017-06-24 20:00:00,40.59999465942383
srv-001,2017-06-24 21:00:00,37.68616485595703
srv-001,2017-06-24 22:00:00,36.62828063964844
srv-001,2017-06-24 23:00:00,36.955718994140625
srv-001,2017-06-25 00:00:00,36.0760383605957
srv-001,2017-06-25 01:00:00,35.198143005371094
srv-001,2017-06-25 02:00:00,34.918846130371094
srv-001,2017-06-25 03:00:00,36.9261589050293
srv-001,2017-06-25 04:00:00,38.326045989990234
srv-001,2017-06-25 05:00:00,51.60530090332031
srv-001,2017-06-25 06:00:00,44.80496597290039
srv-001,2017-06-25 07:00:00,41.22872543334961
srv-001,2017-06-25 08:00:00,39.478946685791016
srv-001,2017-06-25 09:00:00,39.34679412841797
srv-001,2017-06-25 10:00:00,41.54896926879883
srv-001,2017-06-25 11:00:00,43.85026168823242
srv-001,2017-06-25 12:00:00,40.18546676635742
srv-001,2017-06-25 13:00:00,42.00786209106445
srv-001,2017-06-25 14:00:00,45.1460075378418
srv-001,2017-06-25 15:00:00,47.69700241088867
srv-001,2017-06-25 16:00:00,45.45888137817383
srv-001,2017-06-25 17:00:00,44.35927963256836
srv-001,2017-06-25 18:00:00,43.31925582885742
srv-001,2017-06-25 19:00:00,40.0227165222168
srv-001,2017-06-25 20:00:00,40.0599250793457
srv-001,2017-06-25 21:00:00,39.66046142578125
srv-001,2017-06-25 22:00:00,40.63998031616211
srv-001,2017-06-25 23:00:00,38.03220748901367
srv-001,2017-06-26 00:00:00,37.55629348754883
srv-001,2017-06-26 01:00:00,38.30133056640625
srv-001,2017-06-26 02:00:00,38.86314010620117
srv-001,2017-06-26 03:00:00,39.23799514770508
srv-001,2017-06-26 04:00:00,39.55303192138672
srv-001,2017-06-26 05:00:00,38.10773849487305
srv-001,2017-06-26 06:00:00,40.1786994934082
srv-001,2017-06-26 07:00:00,40.610260009765625
srv-001,2017-06-26 08:00:00,41.74161148071289
srv-001,2017-06-26 09:00:00,40.595863342285156
srv-001,2017-06-26 10:00:00,41.32857131958008
srv-001,2017-06-26 11:00:00,43.5802001953125
srv-001,2017-06-26 12:00:00,46.31782150268555
srv-001,2017-06-26 13:00:00,49.272274017333984
srv-001,2017-06-26 14:00:00,48.78509521484375
srv-001,2017-06-26 15:00:00,53.47360610961914
srv-001,2017-06-26 16:00:00,47.022708892822266
srv-001,2017-06-26 17:00:00,46.047386169433594
srv-001,2017-06-26 18:00:00,47.88363265991211
srv-001,2017-06-26 19:00:00,48.028446197509766
srv-001,2017-06-26 20:00:00,45.60408020019531
srv-001,2017-06-26 21:00:00,43.84073257446289
srv-001,2017-06-26 22:00:00,48.08475875854492
srv-001,2017-06-26 23:00:00,48.61026382446289
srv-001,2017-06-27 00:00:00,48.924129486083984
srv-001,2017-06-27 01:00:00,50.04573059082031
srv-001,2017-06-27 02:00:00,50.02333450317383
srv-001,2017-06-27 03:00:00,49.820674896240234
srv-001,2017-06-27 04:00:00,48.186912536621094
srv-001,2017-06-27 05:00:00,49.238834381103516
srv-001,2017-06-27 06:00:00,50.521907806396484
srv-001,2017-06-27 07:00:00,49.44588088989258
srv-001,2017-06-27 08:00:00,52.83130645751953
srv-001,2017-06-27 09:00:00,53.24580383300781
srv-001,2017-06-27 10:00:00,53.552879333496094
srv-001,2017-06-27 11:00:00,55.117733001708984
srv-001,2017-06-27 12:00:00,54.912376403808594
srv-001,2017-06-27 13:00:00,55.879703521728516
srv-001,2017-06-27 14:00:00,55.85601043701172
srv-001,2017-06-27 15:00:00,55.68391418457031
srv-001,2017-06-27 16:00:00,57.269805908203125
srv-001,2017-06-27 17:00:00,54.71254348754883
srv-001,2017-06-27 18:00:00,53.47403335571289
srv-001,2017-06-27 19:00:00,51.40734100341797
srv-001,2017-06-27 20:00:00,52.15196990966797
srv-001,2017-06-27 21:00:00,52.634185791015625
srv-001,2017-06-27 22:00:00,51.04497146606445
srv-001,2017-06-27 23:00:00,49.15998458862305
srv-001,2017-06-28 00:00:00,48.7611083984375
srv-001,2017-06-28 01:00:00,47.6702995300293
srv-001,2017-06-28 02:00:00,48.062557220458984
srv-001,2017-06-28 03:00:00,49.13557815551758
srv-001,2017-06-28 04:00:00,48.73326873779297
srv-001,2017-06-28 05:00:00,49.617488861083984
srv-001,2017-06-28 06:00:00,51.85212326049805
srv-001,2017-06-28 07:00:00,56.6273078918457
srv-001,2017-06-28 08:00:00,55.8949089050293
srv-001,2017-06-28 09:00:00,57.72964096069336
srv-001,2017-06-28 10:00:00,59.04145050048828
srv-001,2017-06-28 11:00:00,58.982994079589844
srv-001,2017-06-28 12:00:00,59.1534538269043
srv-001,2017-06-28 13:00:00,57.495582580566406
srv-001,2017-06-28 14:00:00,57.32299041748047
srv-001,2017-06-28 15:00:00,58.8486213684082
srv-001,2017-06-28 16:00:00,59.93289566040039
srv-001,2017-06-28 17:00:00,57.72876739501953
srv-001,2017-06-28 18:00:00,55.690433502197266
srv-001,2017-06-28 19:00:00,53.76449966430664
srv-001,2017-06-28 20:00:00,53.4281120300293
srv-001,2017-06-28 21:00:00,55.22603225708008
srv-001,2017-06-28 22:00:00,52.96164321899414
srv-001,2017-06-28 23:00:00,51.50212478637695
srv-001,2017-06-29 00:00:00,50.15725326538086
srv-001,2017-06-29 01:00:00,48.701927185058594
srv-001,2017-06-29 02:00:00,48.89019012451172
srv-001,2017-06-29 03:00:00,48.127540588378906
srv-001,2017-06-29 04:00:00,47.56901931762695
srv-001,2017-06-29 05:00:00,47.77810287475586
srv-001,2017-06-29 06:00:00,49.167911529541016
srv-001,2017-06-29 07:00:00,49.18174743652344
srv-001,2017-06-29 08:00:00,49.24214553833008
srv-001,2017-06-29 09:00:00,49.544315338134766
srv-001,2017-06-29 10:00:00,52.11696243286133
srv-001,2017-06-29 11:00:00,53.89418411254883
srv-001,2017-06-29 12:00:00,53.83144760131836
srv-001,2017-06-29 13:00:00,53.14444351196289
srv-001,2017-06-29 14:00:00,50.73069381713867
srv-001,2017-06-29 15:00:00,51.34669876098633
srv-001,2017-06-29 16:00:00,52.09829330444336
srv-001,2017-06-29 17:00:00,49.28757095336914
srv-001,2017-06-29 18:00:00,49.65645980834961
srv-001,2017-06-29 19:00:00,47.74913787841797
srv-001,2017-06-29 20:00:00,47.68767547607422
srv-001,2017-06-29 21:00:00,47.36618423461914
srv-001,2017-06-29 22:00:00,45.1377067565918
srv-001,2017-06-29 23:00:00,44.98276901245117
srv-001,2017-06-30 00:00:00,44.8251838684082
srv-001,2017-06-30 01:00:00,45.89826202392578
srv-001,2017-06-30 02:00:00,44.18783950805664
srv-001,2017-06-30 03:00:00,43.463775634765625
srv-001,2017-06-30 04:00:00,44.044586181640625
srv-001,2017-06-30 05:00:00,43.98261260986328
srv-001,2017-06-30 06:00:00,44.76777267456055
srv-001,2017-06-30 07:00:00,46.43063735961914
srv-001,2017-06-30 08:00:00,47.333309173583984
srv-001,2017-06-30 09:00:00,47.2458381652832
srv-001,2017-06-30 10:00:00,46.2994270324707
srv-001,2017-06-30 11:00:00,47.521724700927734
srv-001,2017-06-30 12:00:00,47.52194595336914
srv-001,2017-06-30 13:00:00,47.21055221557617
srv-001,2017-06-30 14:00:00,45.89154815673828
srv-001,2017-06-30 15:00:00,44.0525016784668
srv-001,2017-06-30 16:00:00,43.950374603271484
srv-001,2017-06-30 17:00:00,41.32699966430664
srv-001,2017-06-30 18:00:00,40.91321563720703
srv-001,2017-06-30 19:00:00,41.01248550415039
srv-001,2017-06-30 20:00:00,40.88316345214844
srv-001,2017-06-30 21:00:00,41.870948791503906
srv-001,2017-06-30 22:00:00,41.3737678527832
srv-001,2017-06-30 23:00:00,41.01228713989258
srv-002,2017-06-01 23:00:00,61.755245208740234
srv-002,2017-06-02 00:00:00,68.76545715332031
srv-002,2017-06-02 01:00:00,72.05345153808594
srv-002,2017-06-02 02:00:00,71.75677490234375
srv-002,2017-06-02 03:00:00,72.039794921875
srv-002,2017-06-02 04:00:00,70.89909362792969
srv-002,2017-06-02 05:00:00,71.17289733886719
srv-002,2017-06-02 06:00:00,71.77732849121094
srv-002,2017-06-02 07:00:00,70.15095520019531
srv-002,2017-06-02 08:00:00,70.53068542480469
srv-002,2017-06-02 09:00:00,69.59007263183594
srv-002,2017-06-02 10:00:00,70.92227172851562
srv-002,2017-06-02 11:00:00,73.60984802246094
srv-002,2017-06-02 12:00:00,78.55474853515625
srv-002,2017-06-02 13:00:00,76.33221435546875
srv-002,2017-06-02 14:00:00,75.05326843261719
srv-002,2017-06-02 15:00:00,73.98358154296875
srv-002,2017-06-02 16:00:00,73.12651062011719
srv-002,2017-06-02 17:00:00,72.29008483886719
srv-002,2017-06-02 18:00:00,70.37217712402344
srv-002,2017-06-02 19:00:00,69.19596862792969
srv-002,2017-06-02 20:00:00,69.74211120605469
srv-002,2017-06-02 21:00:00,67.05851745605469
srv-002,2017-06-02 22:00:00,66.07582092285156
srv-002,2017-06-02 23:00:00,64.275390625
srv-002,2017-06-03 00:00:00,67.03981018066406
srv-002,2017-06-03 01:00:00,68.13716125488281
srv-002,2017-06-03 02:00:00,68.36494445800781
srv-002,2017-06-03 03:00:00,68.12803649902344
srv-002,2017-06-03 04:00:00,68.4053955078125
srv-002,2017-06-03 05:00:00,68.97299194335938
srv-002,2017-06-03 06:00:00,68.95933532714844
srv-002,2017-06-03 07:00:00,69.67109680175781
srv-002,2017-06-03 08:00:00,71.29693603515625
srv-002,2017-06-03 09:00:00,70.60466003417969
srv-002,2017-06-03 10:00:00,72.12335205078125
srv-002,2017-06-03 11:00:00,74.12246704101562
srv-002,2017-06-03 12:00:00,74.074951171875
srv-002,2017-06-03 13:00:00,76.01618957519531
srv-002,2017-06-03 14:00:00,76.3145751953125
srv-002,2017-06-03 15:00:00,75.93336486816406
srv-002,2017-06-03 16:00:00,74.11524963378906
srv-002,2017-06-03 17:00:00,73.27030944824219
srv-002,2017-06-03 18:00:00,71.76113891601562
srv-002,2017-06-03 19:00:00,69.53219604492188
srv-002,2017-06-03 20:00:00,66.19566345214844
srv-002,2017-06-03 21:00:00,65.84507751464844
srv-002,2017-06-03 22:00:00,64.2982177734375
srv-002,2017-06-03 23:00:00,64.53375244140625
srv-002,2017-06-04 00:00:00,63.99248123168945
srv-002,2017-06-04 01:00:00,63.34972381591797
srv-002,2017-06-04 02:00:00,63.82509994506836
srv-002,2017-06-04 03:00:00,65.42359924316406
srv-002,2017-06-04 04:00:00,66.18695068359375
srv-002,2017-06-04 05:00:00,67.69682312011719
srv-002,2017-06-04 06:00:00,68.77952575683594
srv-002,2017-06-04 07:00:00,70.05776977539062
srv-002,2017-06-04 08:00:00,71.9923095703125
srv-002,2017-06-04 09:00:00,73.75871276855469
srv-002,2017-06-04 10:00:00,74.9661865234375
srv-002,2017-06-04 11:00:00,73.25251770019531
srv-002,2017-06-04 12:00:00,72.84303283691406
srv-002,2017-06-04 13:00:00,74.53561401367188
srv-002,2017-06-04 14:00:00,74.61558532714844
srv-002,2017-06-04 15:00:00,72.10939025878906
srv-002,2017-06-04 16:00:00,73.74517822265625
srv-002,2017-06-04 17:00:00,71.45468139648438
srv-002,2017-06-04 18:00:00,70.99391174316406
srv-002,2017-06-04 19:00:00,69.86680603027344
srv-002,2017-06-04 20:00:00,68.57234191894531
srv-002,2017-06-04 21:00:00,66.33369445800781
srv-002,2017-06-04 22:00:00,64.67579650878906
srv-002,2017-06-04 23:00:00,64.11506652832031
srv-002,2017-06-05 00:00:00,63.510440826416016
srv-002,2017-06-05 01:00:00,69.84403991699219
srv-002,2017-06-05 02:00:00,64.73118591308594
srv-002,2017-06-05 03:00:00,65.10845947265625
srv-002,2017-06-05 04:00:00,64.60873413085938
srv-002,2017-06-05 05:00:00,64.68125915527344
srv-002,2017-06-05 06:00:00,65.02976989746094
srv-002,2017-06-05 07:00:00,66.12632751464844
srv-002,2017-06-05 08:00:00,71.45133972167969
srv-002,2017-06-05 09:00:00,72.37834167480469
srv-002,2017-06-05 10:00:00,74.05769348144531
srv-002,2017-06-05 11:00:00,74.40628051757812
srv-002,2017-06-05 12:00:00,74.3682861328125
srv-002,2017-06-05 13:00:00,76.34304809570312
srv-002,2017-06-05 14:00:00,78.03826904296875
srv-002,2017-06-05 15:00:00,77.47673034667969
srv-002,2017-06-05 16:00:00,78.81214904785156
srv-002,2017-06-05 17:00:00,77.2657470703125
srv-002,2017-06-05 18:00:00,77.07905578613281
srv-002,2017-06-05 19:00:00,78.48080444335938
srv-002,2017-06-05 20:00:00,78.484619140625
srv-002,2017-06-05 21:00:00,75.489990234375
srv-002,2017-06-05 22:00:00,73.29214477539062
srv-002,2017-06-05 23:00:00,73.66291809082031
srv-002,2017-06-06 00:00:00,72.97746276855469
srv-002,2017-06-06 01:00:00,73.08695983886719
srv-002,2017-06-06 02:00:00,72.84245300292969
srv-002,2017-06-06 03:00:00,73.827392578125
srv-002,2017-06-06 04:00:00,72.47538757324219
srv-002,2017-06-06 05:00:00,74.09622192382812
srv-002,2017-06-06 06:00:00,75.27125549316406
srv-002,2017-06-06 07:00:00,75.41172790527344
srv-002,2017-06-06 08:00:00,81.09684753417969
srv-002,2017-06-06 09:00:00,80.91159057617188
srv-002,2017-06-06 10:00:00,82.78598022460938
srv-002,2017-06-06 11:00:00,84.37265014648438
srv-002,2017-06-06 12:00:00,85.44833374023438
srv-002,2017-06-06 13:00:00,85.40771484375
srv-002,2017-06-06 14:00:00,87.86614990234375
srv-002,2017-06-06 15:00:00,87.71038818359375
srv-002,2017-06-06 16:00:00,86.99186706542969
srv-002,2017-06-06 17:00:00,82.96559143066406
srv-002,2017-06-06 18:00:00,86.49830627441406
srv-002,2017-06-06 19:00:00,87.68955993652344
srv-002,2017-06-06 20:00:00,81.27545166015625
srv-002,2017-06-06 21:00:00,81.40452575683594
srv-002,2017-06-06 22:00:00,79.30181884765625
srv-002,2017-06-06 23:00:00,79.736572265625
srv-002,2017-06-07 00:00:00,78.16801452636719
srv-002,2017-06-07 01:00:00,79.3466796875
srv-002,2017-06-07 02:00:00,79.01669311523438
srv-002,2017-06-07 03:00:00,80.3157958984375
srv-002,2017-06-07 04:00:00,81.08065795898438
srv-002,2017-06-07 05:00:00,83.29063415527344
srv-002,2017-06-07 06:00:00,85.42085266113281
srv-002,2017-06-07 07:00:00,87.20553588867188
srv-002,2017-06-07 08:00:00,89.15679931640625
srv-002,2017-06-07 09:00:00,89.82513427734375
srv-002,2017-06-07 10:00:00,90.1094970703125
srv-002,2017-06-07 11:00:00,90.1507568359375
srv-002,2017-06-07 12:00:00,91.38284301757812
srv-002,2017-06-07 13:00:00,93.75253295898438
srv-002,2017-06-07 14:00:00,94.60018920898438
srv-002,2017-06-07 15:00:00,94.33302307128906
srv-002,2017-06-07 16:00:00,91.58226013183594
srv-002,2017-06-07 17:00:00,90.04838562011719
srv-002,2017-06-07 18:00:00,88.52919006347656
srv-002,2017-06-07 19:00:00,84.7071533203125
srv-002,2017-06-07 20:00:00,82.0604248046875
srv-002,2017-06-07 21:00:00,83.71156311035156
srv-002,2017-06-07 22:00:00,83.21061706542969
srv-002,2017-06-07 23:00:00,82.58619689941406
srv-002,2017-06-08 00:00:00,81.44212341308594
srv-002,2017-06-08 01:00:00,80.22076416015625
srv-002,2017-06-08 02:00:00,80.29216003417969
srv-002,2017-06-08 03:00:00,81.35066223144531
srv-002,2017-06-08 04:00:00,82.19546508789062
srv-002,2017-06-08 05:00:00,82.9854736328125
srv-002,2017-06-08 06:00:00,83.44212341308594
srv-002,2017-06-08 07:00:00,83.13601684570312
srv-002,2017-06-08 08:00:00,84.53749084472656
srv-002,2017-06-08 09:00:00,84.97561645507812
srv-002,2017-06-08 10:00:00,85.7608642578125
srv-002,2017-06-08 11:00:00,86.52030944824219
srv-002,2017-06-08 12:00:00,86.60749816894531
srv-002,2017-06-08 13:00:00,86.47706604003906
srv-002,2017-06-08 14:00:00,86.52896118164062
srv-002,2017-06-08 15:00:00,87.13690185546875
srv-002,2017-06-08 16:00:00,86.50987243652344
srv-002,2017-06-08 17:00:00,83.80743408203125
srv-002,2017-06-08 18:00:00,83.89912414550781
srv-002,2017-06-08 19:00:00,84.30229187011719
srv-002,2017-06-08 20:00:00,80.34579467773438
srv-002,2017-06-08 21:00:00,79.24925231933594
srv-002,2017-06-08 22:00:00,78.57661437988281
srv-002,2017-06-08 23:00:00,77.63511657714844
srv-002,2017-06-09 00:00:00,74.69781494140625
srv-002,2017-06-09 01:00:00,75.34896850585938
srv-002,2017-06-09 02:00:00,74.86064147949219
srv-002,2017-06-09 03:00:00,74.9459228515625
srv-002,2017-06-09 04:00:00,73.69403076171875
srv-002,2017-06-09 05:00:00,74.140380859375
srv-002,2017-06-09 06:00:00,72.91848754882812
srv-002,2017-06-09 07:00:00,73.62397766113281
srv-002,2017-06-09 08:00:00,76.49815368652344
srv-002,2017-06-09 09:00:00,76.78033447265625
srv-002,2017-06-09 10:00:00,75.98085021972656
srv-002,2017-06-09 11:00:00,76.43595886230469
srv-002,2017-06-09 12:00:00,76.24893188476562
srv-002,2017-06-09 13:00:00,76.12547302246094
srv-002,2017-06-09 14:00:00,76.6883544921875
srv-002,2017-06-09 15:00:00,75.35311889648438
srv-002,2017-06-09 16:00:00,74.40495300292969
srv-002,2017-06-09 17:00:00,74.17930603027344
srv-002,2017-06-09 18:00:00,72.69129943847656
srv-002,2017-06-09 19:00:00,70.8970947265625
srv-002,2017-06-09 20:00:00,70.30343627929688
srv-002,2017-06-09 21:00:00,66.70338439941406
srv-002,2017-06-09 22:00:00,64.92729949951172
srv-002,2017-06-09 23:00:00,63.941837310791016
srv-002,2017-06-10 00:00:00,64.71693420410156
srv-002,2017-06-10 01:00:00,64.57941436767578
srv-002,2017-06-10 02:00:00,66.46675872802734
srv-002,2017-06-10 03:00:00,68.25758361816406
srv-002,2017-06-10 04:00:00,67.27767944335938
srv-002,2017-06-10 05:00:00,66.53749084472656
srv-002,2017-06-10 06:00:00,67.39962768554688
srv-002,2017-06-10 07:00:00,68.72627258300781
srv-002,2017-06-10 08:00:00,70.69845581054688
srv-002,2017-06-10 09:00:00,69.42874145507812
srv-002,2017-06-10 10:00:00,69.81997680664062
srv-002,2017-06-10 11:00:00,68.24246215820312
srv-002,2017-06-10 12:00:00,71.36228942871094
srv-002,2017-06-10 13:00:00,74.076904296875
srv-002,2017-06-10 14:00:00,75.17555236816406
srv-002,2017-06-10 15:00:00,73.81198120117188
srv-002,2017-06-10 16:00:00,74.35572814941406
srv-002,2017-06-10 17:00:00,73.0335693359375
srv-002,2017-06-10 18:00:00,71.97233581542969
srv-002,2017-06-10 19:00:00,70.73155212402344
srv-002,2017-06-10 20:00:00,69.77131652832031
srv-002,2017-06-10 21:00:00,67.23548889160156
srv-002,2017-06-10 22:00:00,65.81935119628906
srv-002,2017-06-10 23:00:00,64.52290344238281
srv-002,2017-06-11 00:00:00,63.56496810913086
srv-002,2017-06-11 01:00:00,63.5733528137207
srv-002,2017-06-11 02:00:00,62.615474700927734
srv-002,2017-06-11 03:00:00,62.88256072998047
srv-002,2017-06-11 04:00:00,63.45490264892578
srv-002,2017-06-11 05:00:00,64.87701416015625
srv-002,2017-06-11 06:00:00,65.03985595703125
srv-002,2017-06-11 07:00:00,65.92930603027344
srv-002,2017-06-11 08:00:00,69.65101623535156
srv-002,2017-06-11 09:00:00,70.55282592773438
srv-002,2017-06-11 10:00:00,72.0750732421875
srv-002,2017-06-11 11:00:00,73.22264099121094
srv-002,2017-06-11 12:00:00,74.236083984375
srv-002,2017-06-11 13:00:00,75.00563049316406
srv-002,2017-06-11 14:00:00,75.56703186035156
srv-002,2017-06-11 15:00:00,74.39356994628906
srv-002,2017-06-11 16:00:00,69.95698547363281
srv-002,2017-06-11 17:00:00,70.5772705078125
srv-002,2017-06-11 18:00:00,68.52452087402344
srv-002,2017-06-11 19:00:00,66.21953582763672
srv-002,2017-06-11 20:00:00,64.21652221679688
srv-002,2017-06-11 21:00:00,65.72602844238281
srv-002,2017-06-11 22:00:00,65.24668884277344
srv-002,2017-06-11 23:00:00,64.94243621826172
srv-002,2017-06-12 00:00:00,63.78878402709961
srv-002,2017-06-12 01:00:00,63.20688247680664
srv-002,2017-06-12 02:00:00,64.22958374023438
srv-002,2017-06-12 03:00:00,70.84716796875
srv-002,2017-06-12 04:00:00,70.64212036132812
srv-002,2017-06-12 05:00:00,68.32170104980469
srv-002,2017-06-12 06:00:00,68.85823059082031
srv-002,2017-06-12 07:00:00,69.36123657226562
srv-002,2017-06-12 08:00:00,71.07028198242188
srv-002,2017-06-12 09:00:00,71.28585815429688
srv-002,2017-06-12 10:00:00,74.18171691894531
srv-002,2017-06-12 11:00:00,75.58444213867188
srv-002,2017-06-12 12:00:00,77.94895935058594
srv-002,2017-06-12 13:00:00,77.44815063476562
srv-002,2017-06-12 14:00:00,77.0262451171875
srv-002,2017-06-12 15:00:00,77.41693115234375
srv-002,2017-06-12 16:00:00,77.81332397460938
srv-002,2017-06-12 17:00:00,78.27787780761719
srv-002,2017-06-12 18:00:00,78.652099609375
srv-002,2017-06-12 19:00:00,76.17001342773438
srv-002,2017-06-12 20:00:00,75.03085327148438
srv-002,2017-06-12 21:00:00,72.98194885253906
srv-002,2017-06-12 22:00:00,72.48057556152344
srv-002,2017-06-12 23:00:00,74.18978881835938
srv-002,2017-06-13 00:00:00,71.69598388671875
srv-002,2017-06-13 01:00:00,71.53042602539062
srv-002,2017-06-13 02:00:00,73.48446655273438
srv-002,2017-06-13 03:00:00,73.09437561035156
srv-002,2017-06-13 04:00:00,73.61715698242188
srv-002,2017-06-13 05:00:00,76.03587341308594
srv-002,2017-06-13 06:00:00,77.43359375
srv-002,2017-06-13 07:00:00,79.82757568359375
srv-002,2017-06-13 08:00:00,81.69352722167969
srv-002,2017-06-13 09:00:00,81.779052734375
srv-002,2017-06-13 10:00:00,81.95622253417969
srv-002,2017-06-13 11:00:00,81.72427368164062
srv-002,2017-06-13 12:00:00,83.29194641113281
srv-002,2017-06-13 13:00:00,84.00550842285156
srv-002,2017-06-13 14:00:00,84.62763977050781
srv-002,2017-06-13 15:00:00,85.30718994140625
srv-002,2017-06-13 16:00:00,84.92605590820312
srv-002,2017-06-13 17:00:00,82.53871154785156
srv-002,2017-06-13 18:00:00,85.07130432128906
srv-002,2017-06-13 19:00:00,80.06036376953125
srv-002,2017-06-13 20:00:00,79.88616943359375
srv-002,2017-06-13 21:00:00,83.54179382324219
srv-002,2017-06-13 22:00:00,81.82615661621094
srv-002,2017-06-13 23:00:00,80.62530517578125
srv-002,2017-06-14 00:00:00,79.5457763671875
srv-002,2017-06-14 01:00:00,79.20364379882812
srv-002,2017-06-14 02:00:00,80.24665832519531
srv-002,2017-06-14 03:00:00,81.40115356445312
srv-002,2017-06-14 04:00:00,82.11337280273438
srv-002,2017-06-14 05:00:00,84.59074401855469
srv-002,2017-06-14 06:00:00,86.64366149902344
srv-002,2017-06-14 07:00:00,87.38272094726562
srv-002,2017-06-14 08:00:00,87.99404907226562
srv-002,2017-06-14 09:00:00,88.43495178222656
srv-002,2017-06-14 10:00:00,89.37258911132812
srv-002,2017-06-14 11:00:00,89.75233459472656
srv-002,2017-06-14 12:00:00,90.80278015136719
srv-002,2017-06-14 13:00:00,91.92697143554688
srv-002,2017-06-14 14:00:00,90.38751220703125
srv-002,2017-06-14 15:00:00,91.60591125488281
srv-002,2017-06-14 16:00:00,91.39961242675781
srv-002,2017-06-14 17:00:00,90.68440246582031
srv-002,2017-06-14 18:00:00,88.88914489746094
srv-002,2017-06-14 19:00:00,88.645263671875
srv-002,2017-06-14 20:00:00,84.81130981445312
srv-002,2017-06-14 21:00:00,83.10824584960938
srv-002,2017-06-14 22:00:00,82.82579040527344
srv-002,2017-06-14 23:00:00,82.36943054199219
srv-002,2017-06-15 00:00:00,81.85174560546875
srv-002,2017-06-15 01:00:00,80.93782043457031
srv-002,2017-06-15 02:00:00,80.5181884765625
srv-002,2017-06-15 03:00:00,80.56227111816406
srv-002,2017-06-15 04:00:00,81.95689392089844
srv-002,2017-06-15 05:00:00,83.4000244140625
srv-002,2017-06-15 06:00:00,85.09300231933594
srv-002,2017-06-15 07:00:00,85.82041931152344
srv-002,2017-06-15 08:00:00,87.42138671875
srv-002,2017-06-15 09:00:00,87.49305725097656
srv-002,2017-06-15 10:00:00,87.89590454101562
srv-002,2017-06-15 11:00:00,87.55596923828125
srv-002,2017-06-15 12:00:00,88.00358581542969
srv-002,2017-06-15 13:00:00,88.664794921875
srv-002,2017-06-15 14:00:00,89.55696105957031
srv-002,2017-06-15 15:00:00,87.82212829589844
srv-002,2017-06-15 16:00:00,82.609619140625
srv-002,2017-06-15 17:00:00,82.79893493652344
srv-002,2017-06-15 18:00:00,81.54273986816406
srv-002,2017-06-15 19:00:00,79.65895080566406
srv-002,2017-06-15 20:00:00,78.23049926757812
srv-002,2017-06-15 21:00:00,77.83024597167969
srv-002,2017-06-15 22:00:00,78.11720275878906
srv-002,2017-06-15 23:00:00,77.90707397460938
srv-002,2017-06-16 00:00:00,76.06838989257812
srv-002,2017-06-16 01:00:00,75.14321899414062
srv-002,2017-06-16 02:00:00,75.0894775390625
srv-002,2017-06-16 03:00:00,75.19627380371094
srv-002,2017-06-16 04:00:00,74.8843994140625
srv-002,2017-06-16 05:00:00,75.01664733886719
srv-002,2017-06-16 06:00:00,73.08525085449219
srv-002,2017-06-16 07:00:00,74.54377746582031
srv-002,2017-06-16 08:00:00,77.02482604980469
srv-002,2017-06-16 09:00:00,76.67939758300781
srv-002,2017-06-16 10:00:00,75.83587646484375
srv-002,2017-06-16 11:00:00,74.78271484375
srv-002,2017-06-16 12:00:00,75.12164306640625
srv-002,2017-06-16 13:00:00,76.057861328125
srv-002,2017-06-16 14:00:00,75.24749755859375
srv-002,2017-06-16 15:00:00,73.05003356933594
srv-002,2017-06-16 16:00:00,71.32647705078125
srv-002,2017-06-16 17:00:00,73.16973876953125
srv-002,2017-06-16 18:00:00,73.46144104003906
srv-002,2017-06-16 19:00:00,71.6864013671875
srv-002,2017-06-16 20:00:00,68.54061889648438
srv-002,2017-06-16 21:00:00,66.67828369140625
srv-002,2017-06-16 22:00:00,65.57450103759766
srv-002,2017-06-16 23:00:00,65.31024932861328
srv-002,2017-06-17 00:00:00,65.79165649414062
srv-002,2017-06-17 01:00:00,64.37234497070312
srv-002,2017-06-17 02:00:00,65.39832305908203
srv-002,2017-06-17 03:00:00,66.29216003417969
srv-002,2017-06-17 04:00:00,66.10307312011719
srv-002,2017-06-17 05:00:00,65.95912170410156
srv-002,2017-06-17 06:00:00,65.84466552734375
srv-002,2017-06-17 07:00:00,68.74655151367188
srv-002,2017-06-17 08:00:00,70.55093383789062
srv-002,2017-06-17 09:00:00,69.29574584960938
srv-002,2017-06-17 10:00:00,67.98423767089844
srv-002,2017-06-17 11:00:00,67.71360778808594
srv-002,2017-06-17 12:00:00,71.76162719726562
srv-002,2017-06-17 13:00:00,72.94526672363281
srv-002,2017-06-17 14:00:00,72.41114807128906
srv-002,2017-06-17 15:00:00,70.4849853515625
srv-002,2017-06-17 16:00:00,69.51434326171875
srv-002,2017-06-17 17:00:00,69.72251892089844
srv-002,2017-06-17 18:00:00,71.28927612304688
srv-002,2017-06-17 19:00:00,68.27296447753906
srv-002,2017-06-17 20:00:00,73.44511413574219
srv-002,2017-06-17 21:00:00,73.14047241210938
srv-002,2017-06-17 22:00:00,66.96321105957031
srv-002,2017-06-17 23:00:00,66.57998657226562
srv-002,2017-06-18 00:00:00,67.11331176757812
srv-002,2017-06-18 01:00:00,67.32501220703125
srv-002,2017-06-18 02:00:00,67.15533447265625
srv-002,2017-06-18 03:00:00,66.51846313476562
srv-002,2017-06-18 04:00:00,65.80323028564453
srv-002,2017-06-18 05:00:00,64.99482727050781
srv-002,2017-06-18 06:00:00,65.91473388671875
srv-002,2017-06-18 07:00:00,66.53729248046875
srv-002,2017-06-18 08:00:00,67.02745056152344
srv-002,2017-06-18 09:00:00,65.30110168457031
srv-002,2017-06-18 10:00:00,66.07909393310547
srv-002,2017-06-18 11:00:00,66.22146606445312
srv-002,2017-06-18 12:00:00,68.21148681640625
srv-002,2017-06-18 13:00:00,69.18046569824219
srv-002,2017-06-18 14:00:00,72.38629150390625
srv-002,2017-06-18 15:00:00,74.16944885253906
srv-002,2017-06-18 16:00:00,73.59715270996094
srv-002,2017-06-18 17:00:00,71.81938171386719
srv-002,2017-06-18 18:00:00,70.73042297363281
srv-002,2017-06-18 19:00:00,69.17506408691406
srv-002,2017-06-18 20:00:00,67.38156127929688
srv-002,2017-06-18 21:00:00,66.0074462890625
srv-002,2017-06-18 22:00:00,62.489933013916016
srv-002,2017-06-18 23:00:00,63.99834060668945
srv-002,2017-06-19 00:00:00,62.91777420043945
srv-002,2017-06-19 01:00:00,63.33782196044922
srv-002,2017-06-19 02:00:00,62.8959846496582
srv-002,2017-06-19 03:00:00,64.57994079589844
srv-002,2017-06-19 04:00:00,66.66580200195312
srv-002,2017-06-19 05:00:00,67.05311584472656
srv-002,2017-06-19 06:00:00,67.81732177734375
srv-002,2017-06-19 07:00:00,68.49533081054688
srv-002,2017-06-19 08:00:00,71.61134338378906
srv-002,2017-06-19 09:00:00,73.84251403808594
srv-002,2017-06-19 10:00:00,75.783203125
srv-002,2017-06-19 11:00:00,75.03469848632812
srv-002,2017-06-19 12:00:00,75.33583068847656
srv-002,2017-06-19 13:00:00,74.79249572753906
srv-002,2017-06-19 14:00:00,77.00877380371094
srv-002,2017-06-19 15:00:00,75.3004150390625
srv-002,2017-06-19 16:00:00,74.10514831542969
srv-002,2017-06-19 17:00:00,75.29728698730469
srv-002,2017-06-19 18:00:00,75.23872375488281
srv-002,2017-06-19 19:00:00,75.82682800292969
srv-002,2017-06-19 20:00:00,75.08319091796875
srv-002,2017-06-19 21:00:00,74.9815673828125
srv-002,2017-06-19 22:00:00,74.98919677734375
srv-002,2017-06-19 23:00:00,73.11772155761719
srv-002,2017-06-20 00:00:00,71.5079345703125
srv-002,2017-06-20 01:00:00,74.92214965820312
srv-002,2017-06-20 02:00:00,74.60629272460938
srv-002,2017-06-20 03:00:00,76.71492004394531
srv-002,2017-06-20 04:00:00,76.51445007324219
srv-002,2017-06-20 05:00:00,76.609130859375
srv-002,2017-06-20 06:00:00,77.21607971191406
srv-002,2017-06-20 07:00:00,79.42384338378906
srv-002,2017-06-20 08:00:00,82.45864868164062
srv-002,2017-06-20 09:00:00,82.49226379394531
srv-002,2017-06-20 10:00:00,82.17437744140625
srv-002,2017-06-20 11:00:00,82.60147094726562
srv-002,2017-06-20 12:00:00,82.82429504394531
srv-002,2017-06-20 13:00:00,82.06895446777344
srv-002,2017-06-20 14:00:00,82.87855529785156
srv-002,2017-06-20 15:00:00,84.44662475585938
srv-002,2017-06-20 16:00:00,85.65693664550781
srv-002,2017-06-20 17:00:00,86.19488525390625
srv-002,2017-06-20 18:00:00,84.16465759277344
srv-002,2017-06-20 19:00:00,83.33436584472656
srv-002,2017-06-20 20:00:00,83.56846618652344
srv-002,2017-06-20 21:00:00,83.82115173339844
srv-002,2017-06-20 22:00:00,82.87834167480469
srv-002,2017-06-20 23:00:00,80.8675537109375
srv-002,2017-06-21 00:00:00,80.41741943359375
srv-002,2017-06-21 01:00:00,80.56758117675781
srv-002,2017-06-21 02:00:00,81.25665283203125
srv-002,2017-06-21 03:00:00,81.87872314453125
srv-002,2017-06-21 04:00:00,82.36276245117188
srv-002,2017-06-21 05:00:00,83.18702697753906
srv-002,2017-06-21 06:00:00,84.672607421875
srv-002,2017-06-21 07:00:00,86.92376708984375
srv-002,2017-06-21 08:00:00,87.79191589355469
srv-002,2017-06-21 09:00:00,88.20614624023438
srv-002,2017-06-21 10:00:00,89.05247497558594
srv-002,2017-06-21 11:00:00,91.08401489257812
srv-002,2017-06-21 12:00:00,92.08616638183594
srv-002,2017-06-21 13:00:00,92.97688293457031
srv-002,2017-06-21 14:00:00,93.67732238769531
srv-002,2017-06-21 15:00:00,93.48680114746094
srv-002,2017-06-21 16:00:00,93.01019287109375
srv-002,2017-06-21 17:00:00,91.36886596679688
srv-002,2017-06-21 18:00:00,90.64886474609375
srv-002,2017-06-21 19:00:00,88.76751708984375
srv-002,2017-06-21 20:00:00,88.12213134765625
srv-002,2017-06-21 21:00:00,87.37655639648438
srv-002,2017-06-21 22:00:00,83.83355712890625
srv-002,2017-06-21 23:00:00,84.69517517089844
srv-002,2017-06-22 00:00:00,84.88705444335938
srv-002,2017-06-22 01:00:00,83.93344116210938
srv-002,2017-06-22 02:00:00,83.76625061035156
srv-002,2017-06-22 03:00:00,83.89533996582031
srv-002,2017-06-22 04:00:00,84.48147583007812
srv-002,2017-06-22 05:00:00,84.330810546875
srv-002,2017-06-22 06:00:00,84.208740234375
srv-002,2017-06-22 07:00:00,83.49734497070312
srv-002,2017-06-22 08:00:00,84.69366455078125
srv-002,2017-06-22 09:00:00,84.30729675292969
srv-002,2017-06-22 10:00:00,84.71641540527344
srv-002,2017-06-22 11:00:00,86.34407043457031
srv-002,2017-06-22 12:00:00,88.15786743164062
srv-002,2017-06-22 13:00:00,87.6922607421875
srv-002,2017-06-22 14:00:00,86.61741638183594
srv-002,2017-06-22 15:00:00,86.43630981445312
srv-002,2017-06-22 16:00:00,84.085205078125
srv-002,2017-06-22 17:00:00,82.01260375976562
srv-002,2017-06-22 18:00:00,82.84738159179688
srv-002,2017-06-22 19:00:00,82.38026428222656
srv-002,2017-06-22 20:00:00,80.64599609375
srv-002,2017-06-22 21:00:00,79.49258422851562
srv-002,2017-06-22 22:00:00,78.68890380859375
srv-002,2017-06-22 23:00:00,76.37799072265625
srv-002,2017-06-23 00:00:00,74.49449157714844
srv-002,2017-06-23 01:00:00,74.45143127441406
srv-002,2017-06-23 02:00:00,74.57838439941406
srv-002,2017-06-23 03:00:00,75.26531982421875
srv-002,2017-06-23 04:00:00,73.99420166015625
srv-002,2017-06-23 05:00:00,75.82362365722656
srv-002,2017-06-23 06:00:00,76.17436218261719
srv-002,2017-06-23 07:00:00,76.21971130371094
srv-002,2017-06-23 08:00:00,75.52606201171875
srv-002,2017-06-23 09:00:00,75.10386657714844
srv-002,2017-06-23 10:00:00,75.79585266113281
srv-002,2017-06-23 11:00:00,76.82896423339844
srv-002,2017-06-23 12:00:00,79.12338256835938
srv-002,2017-06-23 13:00:00,78.36134338378906
srv-002,2017-06-23 14:00:00,78.87464904785156
srv-002,2017-06-23 15:00:00,78.87306213378906
srv-002,2017-06-23 16:00:00,77.43450927734375
srv-002,2017-06-23 17:00:00,76.62336730957031
srv-002,2017-06-23 18:00:00,75.42178344726562
srv-002,2017-06-23 19:00:00,73.81965637207031
srv-002,2017-06-23 20:00:00,73.47149658203125
srv-002,2017-06-23 21:00:00,70.02691650390625
srv-002,2017-06-23 22:00:00,65.81095886230469
srv-002,2017-06-23 23:00:00,64.50477600097656
srv-002,2017-06-24 00:00:00,67.18974304199219
srv-002,2017-06-24 01:00:00,67.513671875
srv-002,2017-06-24 02:00:00,67.17863464355469
srv-002,2017-06-24 03:00:00,67.46920776367188
srv-002,2017-06-24 04:00:00,67.33395385742188
srv-002,2017-06-24 05:00:00,68.00006103515625
srv-002,2017-06-24 06:00:00,69.75993347167969
srv-002,2017-06-24 07:00:00,70.95265197753906
srv-002,2017-06-24 08:00:00,71.19139099121094
srv-002,2017-06-24 09:00:00,70.9093017578125
srv-002,2017-06-24 10:00:00,70.478759765625
srv-002,2017-06-24 11:00:00,69.48428344726562
srv-002,2017-06-24 12:00:00,74.41799926757812
srv-002,2017-06-24 13:00:00,75.28150939941406
srv-002,2017-06-24 14:00:00,75.42645263671875
srv-002,2017-06-24 15:00:00,74.83184814453125
srv-002,2017-06-24 16:00:00,73.56913757324219
srv-002,2017-06-24 17:00:00,73.04978942871094
srv-002,2017-06-24 18:00:00,72.93510437011719
srv-002,2017-06-24 19:00:00,70.58407592773438
srv-002,2017-06-24 20:00:00,68.18083190917969
srv-002,2017-06-24 21:00:00,65.98274230957031
srv-002,2017-06-24 22:00:00,64.76544189453125
srv-002,2017-06-24 23:00:00,64.61235046386719
srv-002,2017-06-25 00:00:00,63.51279830932617
srv-002,2017-06-25 01:00:00,64.64352416992188
srv-002,2017-06-25 02:00:00,65.16331481933594
srv-002,2017-06-25 03:00:00,65.77485656738281
srv-002,2017-06-25 04:00:00,65.13116455078125
srv-002,2017-06-25 05:00:00,65.06990051269531
srv-002,2017-06-25 06:00:00,65.92938232421875
srv-002,2017-06-25 07:00:00,67.09330749511719
srv-002,2017-06-25 08:00:00,69.92955017089844
srv-002,2017-06-25 09:00:00,70.119140625
srv-002,2017-06-25 10:00:00,70.57754516601562
srv-002,2017-06-25 11:00:00,70.24765014648438
srv-002,2017-06-25 12:00:00,71.358642578125
srv-002,2017-06-25 13:00:00,71.45167541503906
srv-002,2017-06-25 14:00:00,71.99171447753906
srv-002,2017-06-25 15:00:00,71.87283325195312
srv-002,2017-06-25 16:00:00,70.37922668457031
srv-002,2017-06-25 17:00:00,71.45854187011719
srv-002,2017-06-25 18:00:00,71.51094055175781
srv-002,2017-06-25 19:00:00,68.99099731445312
srv-002,2017-06-25 20:00:00,69.3037109375
srv-002,2017-06-25 21:00:00,67.45330810546875
srv-002,2017-06-25 22:00:00,66.73826599121094
srv-002,2017-06-25 23:00:00,66.74186706542969
srv-002,2017-06-26 00:00:00,64.20964050292969
srv-002,2017-06-26 01:00:00,63.84480285644531
srv-002,2017-06-26 02:00:00,64.74592590332031
srv-002,2017-06-26 03:00:00,65.43135070800781
srv-002,2017-06-26 04:00:00,65.71353149414062
srv-002,2017-06-26 05:00:00,65.67738342285156
srv-002,2017-06-26 06:00:00,65.66217041015625
srv-002,2017-06-26 07:00:00,66.05008697509766
srv-002,2017-06-26 08:00:00,71.66799926757812
srv-002,2017-06-26 09:00:00,72.34654235839844
srv-002,2017-06-26 10:00:00,73.74937438964844
srv-002,2017-06-26 11:00:00,77.72453308105469
srv-002,2017-06-26 12:00:00,78.24247741699219
srv-002,2017-06-26 13:00:00,78.18728637695312
srv-002,2017-06-26 14:00:00,80.57652282714844
srv-002,2017-06-26 15:00:00,80.65675354003906
srv-002,2017-06-26 16:00:00,79.83561706542969
srv-002,2017-06-26 17:00:00,78.75064086914062
srv-002,2017-06-26 18:00:00,78.01942443847656
srv-002,2017-06-26 19:00:00,76.34037780761719
srv-002,2017-06-26 20:00:00,74.23551940917969
srv-002,2017-06-26 21:00:00,71.97505187988281
srv-002,2017-06-26 22:00:00,69.97529602050781
srv-002,2017-06-26 23:00:00,70.48231506347656
srv-002,2017-06-27 00:00:00,70.96546936035156
srv-002,2017-06-27 01:00:00,71.72140502929688
srv-002,2017-06-27 02:00:00,72.19464111328125
srv-002,2017-06-27 03:00:00,76.42739868164062
srv-002,2017-06-27 04:00:00,76.72291564941406
srv-002,2017-06-27 05:00:00,77.94754028320312
srv-002,2017-06-27 06:00:00,80.01289367675781
srv-002,2017-06-27 07:00:00,81.17289733886719
srv-002,2017-06-27 08:00:00,83.3231201171875
srv-002,2017-06-27 09:00:00,83.87852478027344
srv-002,2017-06-27 10:00:00,84.10498046875
srv-002,2017-06-27 11:00:00,84.2781982421875
srv-002,2017-06-27 12:00:00,85.04759216308594
srv-002,2017-06-27 13:00:00,85.8760986328125
srv-002,2017-06-27 14:00:00,87.22126770019531
srv-002,2017-06-27 15:00:00,86.60176086425781
srv-002,2017-06-27 16:00:00,85.77859497070312
srv-002,2017-06-27 17:00:00,83.072998046875
srv-002,2017-06-27 18:00:00,84.28799438476562
srv-002,2017-06-27 19:00:00,84.91604614257812
srv-002,2017-06-27 20:00:00,82.35887145996094
srv-002,2017-06-27 21:00:00,81.97080993652344
srv-002,2017-06-27 22:00:00,82.72474670410156
srv-002,2017-06-27 23:00:00,82.42643737792969
srv-002,2017-06-28 00:00:00,82.04205322265625
srv-002,2017-06-28 01:00:00,80.66596984863281
srv-002,2017-06-28 02:00:00,82.06381225585938
srv-002,2017-06-28 03:00:00,82.89495849609375
srv-002,2017-06-28 04:00:00,83.41133117675781
srv-002,2017-06-28 05:00:00,85.33587646484375
srv-002,2017-06-28 06:00:00,86.07844543457031
srv-002,2017-06-28 07:00:00,87.23475646972656
srv-002,2017-06-28 08:00:00,88.78616333007812
srv-002,2017-06-28 09:00:00,89.87776184082031
srv-002,2017-06-28 10:00:00,92.41728210449219
srv-002,2017-06-28 11:00:00,93.86044311523438
srv-002,2017-06-28 12:00:00,94.21676635742188
srv-002,2017-06-28 13:00:00,94.4732666015625
srv-002,2017-06-28 14:00:00,95.10694885253906
srv-002,2017-06-28 15:00:00,93.74188232421875
srv-002,2017-06-28 16:00:00,92.79890441894531
srv-002,2017-06-28 17:00:00,93.600341796875
srv-002,2017-06-28 18:00:00,91.6810302734375
srv-002,2017-06-28 19:00:00,92.01368713378906
srv-002,2017-06-28 20:00:00,89.54216003417969
srv-002,2017-06-28 21:00:00,88.23410034179688
srv-002,2017-06-28 22:00:00,83.80897521972656
srv-002,2017-06-28 23:00:00,83.62918090820312
srv-002,2017-06-29 00:00:00,82.382568359375
srv-002,2017-06-29 01:00:00,82.72845458984375
srv-002,2017-06-29 02:00:00,83.4825439453125
srv-002,2017-06-29 03:00:00,83.77188110351562
srv-002,2017-06-29 04:00:00,83.77371215820312
srv-002,2017-06-29 05:00:00,83.08233642578125
srv-002,2017-06-29 06:00:00,82.68522644042969
srv-002,2017-06-29 07:00:00,82.84869384765625
srv-002,2017-06-29 08:00:00,85.259765625
srv-002,2017-06-29 09:00:00,85.79261779785156
srv-002,2017-06-29 10:00:00,86.95832824707031
srv-002,2017-06-29 11:00:00,87.77592468261719
srv-002,2017-06-29 12:00:00,88.93943786621094
srv-002,2017-06-29 13:00:00,90.91033935546875
srv-002,2017-06-29 14:00:00,90.64070129394531
srv-002,2017-06-29 15:00:00,92.02078247070312
srv-002,2017-06-29 16:00:00,88.98703002929688
srv-002,2017-06-29 17:00:00,85.34519958496094
srv-002,2017-06-29 18:00:00,84.48796081542969
srv-002,2017-06-29 19:00:00,81.42864990234375
srv-002,2017-06-29 20:00:00,79.58570861816406
srv-002,2017-06-29 21:00:00,78.32112121582031
srv-002,2017-06-29 22:00:00,77.67608642578125
srv-002,2017-06-29 23:00:00,76.20317077636719
srv-002,2017-06-30 00:00:00,74.19923400878906
srv-002,2017-06-30 01:00:00,73.84378051757812
srv-002,2017-06-30 02:00:00,73.9674072265625
srv-002,2017-06-30 03:00:00,75.29812622070312
srv-002,2017-06-30 04:00:00,74.97425842285156
srv-002,2017-06-30 05:00:00,75.54722595214844
srv-002,2017-06-30 06:00:00,76.22239685058594
srv-002,2017-06-30 07:00:00,76.07429504394531
srv-002,2017-06-30 08:00:00,77.1055908203125
srv-002,2017-06-30 09:00:00,76.59175109863281
srv-002,2017-06-30 10:00:00,76.74888610839844
srv-002,2017-06-30 11:00:00,76.90553283691406
srv-002,2017-06-30 12:00:00,77.12014770507812
srv-002,2017-06-30 13:00:00,77.54501342773438
srv-002,2017-06-30 14:00:00,77.35745239257812
srv-002,2017-06-30 15:00:00,76.22242736816406
srv-002,2017-06-30 16:00:00,75.8016357421875
srv-002,2017-06-30 17:00:00,71.9415283203125
srv-002,2017-06-30 18:00:00,69.94276428222656
srv-002,2017-06-30 19:00:00,66.71186828613281
srv-002,2017-06-30 20:00:00,66.02166748046875
srv-002,2017-06-30 21:00:00,65.14254760742188
srv-002,2017-06-30 22:00:00,64.60812377929688
srv-002,2017-06-30 23:00:00,63.601985931396484
srv-003,2017-06-01 23:00:00,51.3936882019043
srv-003,2017-06-02 00:00:00,49.43575668334961
srv-003,2017-06-02 01:00:00,49.505680084228516
srv-003,2017-06-02 02:00:00,47.90780258178711
srv-003,2017-06-02 03:00:00,46.07539749145508
srv-003,2017-06-02 04:00:00,45.26940155029297
srv-003,2017-06-02 05:00:00,48.23073196411133
srv-003,2017-06-02 06:00:00,49.3947639465332
srv-003,2017-06-02 07:00:00,50.5270881652832
srv-003,2017-06-02 08:00:00,51.76552200317383
srv-003,2017-06-02 09:00:00,52.14995193481445
srv-003,2017-06-02 10:00:00,46.42898178100586
srv-003,2017-06-02 11:00:00,44.84323501586914
srv-003,2017-06-02 12:00:00,45.66634750366211
srv-003,2017-06-02 13:00:00,42.929691314697266
srv-003,2017-06-02 14:00:00,50.02263259887695
srv-003,2017-06-02 15:00:00,46.314971923828125
srv-003,2017-06-02 16:00:00,45.08315658569336
srv-003,2017-06-02 17:00:00,43.69467544555664
srv-003,2017-06-02 18:00:00,39.696678161621094
srv-003,2017-06-02 19:00:00,38.27557373046875
srv-003,2017-06-02 20:00:00,36.90349578857422
srv-003,2017-06-02 21:00:00,35.67232894897461
srv-003,2017-06-02 22:00:00,34.91828155517578
srv-003,2017-06-02 23:00:00,36.917633056640625
srv-003,2017-06-03 00:00:00,40.05411911010742
srv-003,2017-06-03 01:00:00,41.31555938720703
srv-003,2017-06-03 02:00:00,49.72013473510742
srv-003,2017-06-03 03:00:00,44.2072639465332
srv-003,2017-06-03 04:00:00,40.63699722290039
srv-003,2017-06-03 05:00:00,37.5336799621582
srv-003,2017-06-03 06:00:00,37.34647750854492
srv-003,2017-06-03 07:00:00,40.1956672668457
srv-003,2017-06-03 08:00:00,37.98668670654297
srv-003,2017-06-03 09:00:00,35.8430290222168
srv-003,2017-06-03 10:00:00,36.27164840698242
srv-003,2017-06-03 11:00:00,36.14149856567383
srv-003,2017-06-03 12:00:00,37.28208923339844
srv-003,2017-06-03 13:00:00,38.9055290222168
srv-003,2017-06-03 14:00:00,42.62344741821289
srv-003,2017-06-03 15:00:00,42.03845977783203
srv-003,2017-06-03 16:00:00,48.020076751708984
srv-003,2017-06-03 17:00:00,45.897403717041016
srv-003,2017-06-03 18:00:00,41.089656829833984
srv-003,2017-06-03 19:00:00,39.34030532836914
srv-003,2017-06-03 20:00:00,35.01593017578125
srv-003,2017-06-03 21:00:00,34.552024841308594
srv-003,2017-06-03 22:00:00,35.02224349975586
srv-003,2017-06-03 23:00:00,37.53969955444336
srv-003,2017-06-04 00:00:00,33.61962890625
srv-003,2017-06-04 01:00:00,34.76789474487305
srv-003,2017-06-04 02:00:00,41.55196762084961
srv-003,2017-06-04 03:00:00,49.463279724121094
srv-003,2017-06-04 04:00:00,48.229007720947266
srv-003,2017-06-04 05:00:00,40.051666259765625
srv-003,2017-06-04 06:00:00,36.88385772705078
srv-003,2017-06-04 07:00:00,37.86629867553711
srv-003,2017-06-04 08:00:00,38.741111755371094
srv-003,2017-06-04 09:00:00,36.22443389892578
srv-003,2017-06-04 10:00:00,33.06664276123047
srv-003,2017-06-04 11:00:00,32.42963409423828
srv-003,2017-06-04 12:00:00,34.80030059814453
srv-003,2017-06-04 13:00:00,36.11704635620117
srv-003,2017-06-04 14:00:00,42.66577911376953
srv-003,2017-06-04 15:00:00,49.616912841796875
srv-003,2017-06-04 16:00:00,41.741458892822266
srv-003,2017-06-04 17:00:00,45.866031646728516
srv-003,2017-06-04 18:00:00,41.951873779296875
srv-003,2017-06-04 19:00:00,40.13970184326172
srv-003,2017-06-04 20:00:00,35.58971405029297
srv-003,2017-06-04 21:00:00,39.74051284790039
srv-003,2017-06-04 22:00:00,37.069828033447266
srv-003,2017-06-04 23:00:00,37.848899841308594
srv-003,2017-06-05 00:00:00,35.70147705078125
srv-003,2017-06-05 01:00:00,40.24491882324219
srv-003,2017-06-05 02:00:00,41.344120025634766
srv-003,2017-06-05 03:00:00,45.72783279418945
srv-003,2017-06-05 04:00:00,41.781158447265625
srv-003,2017-06-05 05:00:00,43.70309829711914
srv-003,2017-06-05 06:00:00,42.7989387512207
srv-003,2017-06-05 07:00:00,38.84661102294922
srv-003,2017-06-05 08:00:00,40.653751373291016
srv-003,2017-06-05 09:00:00,43.006961822509766
srv-003,2017-06-05 10:00:00,42.07143783569336
srv-003,2017-06-05 11:00:00,39.35599899291992
srv-003,2017-06-05 12:00:00,39.36332321166992
srv-003,2017-06-05 13:00:00,38.98225402832031
srv-003,2017-06-05 14:00:00,40.563968658447266
srv-003,2017-06-05 15:00:00,40.918270111083984
srv-003,2017-06-05 16:00:00,49.13625717163086
srv-003,2017-06-05 17:00:00,46.14292907714844
srv-003,2017-06-05 18:00:00,46.453182220458984
srv-003,2017-06-05 19:00:00,42.93687438964844
srv-003,2017-06-05 20:00:00,43.67691421508789
srv-003,2017-06-05 21:00:00,42.13642120361328
srv-003,2017-06-05 22:00:00,41.51081085205078
srv-003,2017-06-05 23:00:00,39.943519592285156
srv-003,2017-06-06 00:00:00,42.118106842041016
srv-003,2017-06-06 01:00:00,43.650245666503906
srv-003,2017-06-06 02:00:00,41.04642868041992
srv-003,2017-06-06 03:00:00,41.810157775878906
srv-003,2017-06-06 04:00:00,40.82963180541992
srv-003,2017-06-06 05:00:00,44.43271255493164
srv-003,2017-06-06 06:00:00,41.821815490722656
srv-003,2017-06-06 07:00:00,40.27719497680664
srv-003,2017-06-06 08:00:00,40.38789367675781
srv-003,2017-06-06 09:00:00,40.054656982421875
srv-003,2017-06-06 10:00:00,39.65740966796875
srv-003,2017-06-06 11:00:00,41.87070083618164
srv-003,2017-06-06 12:00:00,44.35380172729492
srv-003,2017-06-06 13:00:00,38.171573638916016
srv-003,2017-06-06 14:00:00,39.63105392456055
srv-003,2017-06-06 15:00:00,40.92061996459961
srv-003,2017-06-06 16:00:00,44.96902847290039
srv-003,2017-06-06 17:00:00,47.47415542602539
srv-003,2017-06-06 18:00:00,44.90156173706055
srv-003,2017-06-06 19:00:00,43.1753044128418
srv-003,2017-06-06 20:00:00,44.08378982543945
srv-003,2017-06-06 21:00:00,44.01848220825195
srv-003,2017-06-06 22:00:00,40.55443572998047
srv-003,2017-06-06 23:00:00,40.23237991333008
srv-003,2017-06-07 00:00:00,39.62227249145508
srv-003,2017-06-07 01:00:00,38.48079299926758
srv-003,2017-06-07 02:00:00,38.4990234375
srv-003,2017-06-07 03:00:00,40.614166259765625
srv-003,2017-06-07 04:00:00,41.93074417114258
srv-003,2017-06-07 05:00:00,39.907440185546875
srv-003,2017-06-07 06:00:00,39.103878021240234
srv-003,2017-06-07 07:00:00,51.6926383972168
srv-003,2017-06-07 08:00:00,43.341495513916016
srv-003,2017-06-07 09:00:00,47.78792190551758
srv-003,2017-06-07 10:00:00,51.14065933227539
srv-003,2017-06-07 11:00:00,54.1776008605957
srv-003,2017-06-07 12:00:00,44.97975540161133
srv-003,2017-06-07 13:00:00,42.387447357177734
srv-003,2017-06-07 14:00:00,39.2652702331543
srv-003,2017-06-07 15:00:00,46.19063186645508
srv-003,2017-06-07 16:00:00,41.8057746887207
srv-003,2017-06-07 17:00:00,38.1672248840332
srv-003,2017-06-07 18:00:00,37.61860275268555
srv-003,2017-06-07 19:00:00,38.970157623291016
srv-003,2017-06-07 20:00:00,38.44451904296875
srv-003,2017-06-07 21:00:00,42.44929885864258
srv-003,2017-06-07 22:00:00,47.03071975708008
srv-003,2017-06-07 23:00:00,49.589237213134766
srv-003,2017-06-08 00:00:00,52.89627456665039
srv-003,2017-06-08 01:00:00,55.002323150634766
srv-003,2017-06-08 02:00:00,48.7628288269043
srv-003,2017-06-08 03:00:00,44.937744140625
srv-003,2017-06-08 04:00:00,48.72639846801758
srv-003,2017-06-08 05:00:00,45.51182556152344
srv-003,2017-06-08 06:00:00,44.4296989440918
srv-003,2017-06-08 07:00:00,42.11290740966797
srv-003,2017-06-08 08:00:00,49.205013275146484
srv-003,2017-06-08 09:00:00,47.155757904052734
srv-003,2017-06-08 10:00:00,46.497493743896484
srv-003,2017-06-08 11:00:00,47.73347854614258
srv-003,2017-06-08 12:00:00,39.5229377746582
srv-003,2017-06-08 13:00:00,39.8333625793457
srv-003,2017-06-08 14:00:00,38.615726470947266
srv-003,2017-06-08 15:00:00,41.32081985473633
srv-003,2017-06-08 16:00:00,41.971553802490234
srv-003,2017-06-08 17:00:00,46.42932891845703
srv-003,2017-06-08 18:00:00,45.9844856262207
srv-003,2017-06-08 19:00:00,43.311466217041016
srv-003,2017-06-08 20:00:00,40.38419723510742
srv-003,2017-06-08 21:00:00,39.50143051147461
srv-003,2017-06-08 22:00:00,43.70513916015625
srv-003,2017-06-08 23:00:00,39.38716506958008
srv-003,2017-06-09 00:00:00,38.49866485595703
srv-003,2017-06-09 01:00:00,40.4379997253418
srv-003,2017-06-09 02:00:00,40.272220611572266
srv-003,2017-06-09 03:00:00,40.32724380493164
srv-003,2017-06-09 04:00:00,38.7296028137207
srv-003,2017-06-09 05:00:00,41.01858901977539
srv-003,2017-06-09 06:00:00,42.852752685546875
srv-003,2017-06-09 07:00:00,45.03171157836914
srv-003,2017-06-09 08:00:00,47.03878402709961
srv-003,2017-06-09 09:00:00,47.747535705566406
srv-003,2017-06-09 10:00:00,46.759151458740234
srv-003,2017-06-09 11:00:00,47.91142654418945
srv-003,2017-06-09 12:00:00,52.23959732055664
srv-003,2017-06-09 13:00:00,43.52016830444336
srv-003,2017-06-09 14:00:00,43.32040023803711
srv-003,2017-06-09 15:00:00,45.22977828979492
srv-003,2017-06-09 16:00:00,39.608543395996094
srv-003,2017-06-09 17:00:00,45.903324127197266
srv-003,2017-06-09 18:00:00,44.77843475341797
srv-003,2017-06-09 19:00:00,42.97293472290039
srv-003,2017-06-09 20:00:00,39.65878677368164
srv-003,2017-06-09 21:00:00,41.35553741455078
srv-003,2017-06-09 22:00:00,37.3847770690918
srv-003,2017-06-09 23:00:00,41.1295280456543
srv-003,2017-06-10 00:00:00,46.86784744262695
srv-003,2017-06-10 01:00:00,45.63241958618164
srv-003,2017-06-10 02:00:00,49.57241439819336
srv-003,2017-06-10 03:00:00,41.734378814697266
srv-003,2017-06-10 04:00:00,38.65169906616211
srv-003,2017-06-10 05:00:00,36.4647331237793
srv-003,2017-06-10 06:00:00,37.81852722167969
srv-003,2017-06-10 07:00:00,40.5960578918457
srv-003,2017-06-10 08:00:00,41.555084228515625
srv-003,2017-06-10 09:00:00,46.812679290771484
srv-003,2017-06-10 10:00:00,41.36351776123047
srv-003,2017-06-10 11:00:00,38.39799118041992
srv-003,2017-06-10 12:00:00,36.7669792175293
srv-003,2017-06-10 13:00:00,35.510345458984375
srv-003,2017-06-10 14:00:00,35.313899993896484
srv-003,2017-06-10 15:00:00,35.814353942871094
srv-003,2017-06-10 16:00:00,38.66067886352539
srv-003,2017-06-10 17:00:00,41.09294509887695
srv-003,2017-06-10 18:00:00,40.83338165283203
srv-003,2017-06-10 19:00:00,38.57382583618164
srv-003,2017-06-10 20:00:00,38.972740173339844
srv-003,2017-06-10 21:00:00,36.005104064941406
srv-003,2017-06-10 22:00:00,39.51724624633789
srv-003,2017-06-10 23:00:00,40.79826736450195
srv-003,2017-06-11 00:00:00,49.04926681518555
srv-003,2017-06-11 01:00:00,42.78955078125
srv-003,2017-06-11 02:00:00,41.547767639160156
srv-003,2017-06-11 03:00:00,41.8950309753418
srv-003,2017-06-11 04:00:00,41.80101013183594
srv-003,2017-06-11 05:00:00,40.67924880981445
srv-003,2017-06-11 06:00:00,36.27846145629883
srv-003,2017-06-11 07:00:00,40.51285934448242
srv-003,2017-06-11 08:00:00,36.196964263916016
srv-003,2017-06-11 09:00:00,44.59661102294922
srv-003,2017-06-11 10:00:00,46.7470703125
srv-003,2017-06-11 11:00:00,46.40517807006836
srv-003,2017-06-11 12:00:00,47.261234283447266
srv-003,2017-06-11 13:00:00,41.99342727661133
srv-003,2017-06-11 14:00:00,43.64921188354492
srv-003,2017-06-11 15:00:00,39.82436752319336
srv-003,2017-06-11 16:00:00,34.091529846191406
srv-003,2017-06-11 17:00:00,35.7669563293457
srv-003,2017-06-11 18:00:00,34.63277816772461
srv-003,2017-06-11 19:00:00,36.62327194213867
srv-003,2017-06-11 20:00:00,37.10884094238281
srv-003,2017-06-11 21:00:00,33.299503326416016
srv-003,2017-06-11 22:00:00,39.59321975708008
srv-003,2017-06-11 23:00:00,38.113502502441406
srv-003,2017-06-12 00:00:00,37.35566711425781
srv-003,2017-06-12 01:00:00,36.48398208618164
srv-003,2017-06-12 02:00:00,38.02252197265625
srv-003,2017-06-12 03:00:00,36.78245162963867
srv-003,2017-06-12 04:00:00,36.49087905883789
srv-003,2017-06-12 05:00:00,37.33414077758789
srv-003,2017-06-12 06:00:00,36.22501754760742
srv-003,2017-06-12 07:00:00,35.686588287353516
srv-003,2017-06-12 08:00:00,36.267459869384766
srv-003,2017-06-12 09:00:00,40.459625244140625
srv-003,2017-06-12 10:00:00,37.65188980102539
srv-003,2017-06-12 11:00:00,38.8917121887207
srv-003,2017-06-12 12:00:00,40.24715805053711
srv-003,2017-06-12 13:00:00,38.84070587158203
srv-003,2017-06-12 14:00:00,42.05916213989258
srv-003,2017-06-12 15:00:00,41.75679397583008
srv-003,2017-06-12 16:00:00,41.013187408447266
srv-003,2017-06-12 17:00:00,42.8205451965332
srv-003,2017-06-12 18:00:00,40.617244720458984
srv-003,2017-06-12 19:00:00,40.086448669433594
srv-003,2017-06-12 20:00:00,46.275638580322266
srv-003,2017-06-12 21:00:00,44.21608352661133
srv-003,2017-06-12 22:00:00,39.820396423339844
srv-003,2017-06-12 23:00:00,42.52143859863281
srv-003,2017-06-13 00:00:00,40.74959945678711
srv-003,2017-06-13 01:00:00,42.59739303588867
srv-003,2017-06-13 02:00:00,43.51289749145508
srv-003,2017-06-13 03:00:00,47.62519836425781
srv-003,2017-06-13 04:00:00,46.61079788208008
srv-003,2017-06-13 05:00:00,45.020973205566406
srv-003,2017-06-13 06:00:00,43.680233001708984
srv-003,2017-06-13 07:00:00,41.10464096069336
srv-003,2017-06-13 08:00:00,40.51666259765625
srv-003,2017-06-13 09:00:00,41.779296875
srv-003,2017-06-13 10:00:00,41.666568756103516
srv-003,2017-06-13 11:00:00,42.304649353027344
srv-003,2017-06-13 12:00:00,41.293025970458984
srv-003,2017-06-13 13:00:00,45.88081741333008
srv-003,2017-06-13 14:00:00,42.82572937011719
srv-003,2017-06-13 15:00:00,44.7825927734375
srv-003,2017-06-13 16:00:00,41.972042083740234
srv-003,2017-06-13 17:00:00,38.82046127319336
srv-003,2017-06-13 18:00:00,38.859344482421875
srv-003,2017-06-13 19:00:00,37.41775894165039
srv-003,2017-06-13 20:00:00,40.563228607177734
srv-003,2017-06-13 21:00:00,44.240760803222656
srv-003,2017-06-13 22:00:00,44.542625427246094
srv-003,2017-06-13 23:00:00,41.33487319946289
srv-003,2017-06-14 00:00:00,39.451683044433594
srv-003,2017-06-14 01:00:00,42.06625747680664
srv-003,2017-06-14 02:00:00,44.16752243041992
srv-003,2017-06-14 03:00:00,42.215694427490234
srv-003,2017-06-14 04:00:00,40.64657211303711
srv-003,2017-06-14 05:00:00,40.32382583618164
srv-003,2017-06-14 06:00:00,42.87388229370117
srv-003,2017-06-14 07:00:00,41.614898681640625
srv-003,2017-06-14 08:00:00,41.710330963134766
srv-003,2017-06-14 09:00:00,46.31267166137695
srv-003,2017-06-14 10:00:00,43.90003204345703
srv-003,2017-06-14 11:00:00,42.21229934692383
srv-003,2017-06-14 12:00:00,40.92634201049805
srv-003,2017-06-14 13:00:00,37.707191467285156
srv-003,2017-06-14 14:00:00,38.21010208129883
srv-003,2017-06-14 15:00:00,40.240570068359375
srv-003,2017-06-14 16:00:00,39.515323638916016
srv-003,2017-06-14 17:00:00,46.59739303588867
srv-003,2017-06-14 18:00:00,40.97373580932617
srv-003,2017-06-14 19:00:00,42.091697692871094
srv-003,2017-06-14 20:00:00,40.49225997924805
srv-003,2017-06-14 21:00:00,39.95040512084961
srv-003,2017-06-14 22:00:00,38.525882720947266
srv-003,2017-06-14 23:00:00,36.857215881347656
srv-003,2017-06-15 00:00:00,36.586727142333984
srv-003,2017-06-15 01:00:00,40.89248275756836
srv-003,2017-06-15 02:00:00,46.68124771118164
srv-003,2017-06-15 03:00:00,43.11252975463867
srv-003,2017-06-15 04:00:00,40.20924377441406
srv-003,2017-06-15 05:00:00,37.75942611694336
srv-003,2017-06-15 06:00:00,36.85043716430664
srv-003,2017-06-15 07:00:00,36.73898696899414
srv-003,2017-06-15 08:00:00,36.54383087158203
srv-003,2017-06-15 09:00:00,36.31778335571289
srv-003,2017-06-15 10:00:00,41.58747100830078
srv-003,2017-06-15 11:00:00,43.984737396240234
srv-003,2017-06-15 12:00:00,45.41282272338867
srv-003,2017-06-15 13:00:00,42.18315505981445
srv-003,2017-06-15 14:00:00,45.40502166748047
srv-003,2017-06-15 15:00:00,47.3267936706543
srv-003,2017-06-15 16:00:00,40.3770751953125
srv-003,2017-06-15 17:00:00,41.27934646606445
srv-003,2017-06-15 18:00:00,39.00699996948242
srv-003,2017-06-15 19:00:00,41.64167785644531
srv-003,2017-06-15 20:00:00,42.64304733276367
srv-003,2017-06-15 21:00:00,47.93395233154297
srv-003,2017-06-15 22:00:00,38.17576217651367
srv-003,2017-06-15 23:00:00,38.35514450073242
srv-003,2017-06-16 00:00:00,36.35979080200195
srv-003,2017-06-16 01:00:00,42.64955520629883
srv-003,2017-06-16 02:00:00,35.310001373291016
srv-003,2017-06-16 03:00:00,37.48069381713867
srv-003,2017-06-16 04:00:00,39.48128128051758
srv-003,2017-06-16 05:00:00,38.03357696533203
srv-003,2017-06-16 06:00:00,37.227989196777344
srv-003,2017-06-16 07:00:00,35.45059585571289
srv-003,2017-06-16 08:00:00,34.90797805786133
srv-003,2017-06-16 09:00:00,34.67112350463867
srv-003,2017-06-16 10:00:00,34.69076919555664
srv-003,2017-06-16 11:00:00,35.85734176635742
srv-003,2017-06-16 12:00:00,36.11748123168945
srv-003,2017-06-16 13:00:00,37.674861907958984
srv-003,2017-06-16 14:00:00,36.55253982543945
srv-003,2017-06-16 15:00:00,38.7789192199707
srv-003,2017-06-16 16:00:00,36.28937911987305
srv-003,2017-06-16 17:00:00,35.991031646728516
srv-003,2017-06-16 18:00:00,35.502845764160156
srv-003,2017-06-16 19:00:00,36.362892150878906
srv-003,2017-06-16 20:00:00,36.73360061645508
srv-003,2017-06-16 21:00:00,35.796627044677734
srv-003,2017-06-16 22:00:00,35.29128646850586
srv-003,2017-06-16 23:00:00,39.5999755859375
srv-003,2017-06-17 00:00:00,35.50862121582031
srv-003,2017-06-17 01:00:00,35.16451644897461
srv-003,2017-06-17 02:00:00,35.36685562133789
srv-003,2017-06-17 03:00:00,34.56000900268555
srv-003,2017-06-17 04:00:00,41.18913650512695
srv-003,2017-06-17 05:00:00,50.3436393737793
srv-003,2017-06-17 06:00:00,46.18092346191406
srv-003,2017-06-17 07:00:00,38.804161071777344
srv-003,2017-06-17 08:00:00,36.43105697631836
srv-003,2017-06-17 09:00:00,33.498531341552734
srv-003,2017-06-17 10:00:00,34.32545471191406
srv-003,2017-06-17 11:00:00,32.1782341003418
srv-003,2017-06-17 12:00:00,34.26825714111328
srv-003,2017-06-17 13:00:00,34.105308532714844
srv-003,2017-06-17 14:00:00,40.519432067871094
srv-003,2017-06-17 15:00:00,41.23706817626953
srv-003,2017-06-17 16:00:00,39.32514953613281
srv-003,2017-06-17 17:00:00,51.38639831542969
srv-003,2017-06-17 18:00:00,50.100975036621094
srv-003,2017-06-17 19:00:00,39.5697021484375
srv-003,2017-06-17 20:00:00,38.56840515136719
srv-003,2017-06-17 21:00:00,35.52181625366211
srv-003,2017-06-17 22:00:00,41.31556701660156
srv-003,2017-06-17 23:00:00,39.35961151123047
srv-003,2017-06-18 00:00:00,39.11714553833008
srv-003,2017-06-18 01:00:00,38.11259841918945
srv-003,2017-06-18 02:00:00,38.24947738647461
srv-003,2017-06-18 03:00:00,37.74945831298828
srv-003,2017-06-18 04:00:00,34.84225082397461
srv-003,2017-06-18 05:00:00,33.51334762573242
srv-003,2017-06-18 06:00:00,35.603187561035156
srv-003,2017-06-18 07:00:00,35.47869873046875
srv-003,2017-06-18 08:00:00,35.174198150634766
srv-003,2017-06-18 09:00:00,34.918052673339844
srv-003,2017-06-18 10:00:00,34.1353759765625
srv-003,2017-06-18 11:00:00,41.24467468261719
srv-003,2017-06-18 12:00:00,42.5601806640625
srv-003,2017-06-18 13:00:00,37.12858581542969
srv-003,2017-06-18 14:00:00,36.57804870605469
srv-003,2017-06-18 15:00:00,42.1416130065918
srv-003,2017-06-18 16:00:00,39.40055847167969
srv-003,2017-06-18 17:00:00,39.515995025634766
srv-003,2017-06-18 18:00:00,37.0299072265625
srv-003,2017-06-18 19:00:00,36.680084228515625
srv-003,2017-06-18 20:00:00,38.14365005493164
srv-003,2017-06-18 21:00:00,40.12469482421875
srv-003,2017-06-18 22:00:00,38.92654800415039
srv-003,2017-06-18 23:00:00,42.22764587402344
srv-003,2017-06-19 00:00:00,40.23743438720703
srv-003,2017-06-19 01:00:00,38.80171585083008
srv-003,2017-06-19 02:00:00,39.43976974487305
srv-003,2017-06-19 03:00:00,44.47818374633789
srv-003,2017-06-19 04:00:00,45.180580139160156
srv-003,2017-06-19 05:00:00,48.20614242553711
srv-003,2017-06-19 06:00:00,41.7236328125
srv-003,2017-06-19 07:00:00,38.95710754394531
srv-003,2017-06-19 08:00:00,38.49684143066406
srv-003,2017-06-19 09:00:00,41.36703872680664
srv-003,2017-06-19 10:00:00,38.64903259277344
srv-003,2017-06-19 11:00:00,41.0039176940918
srv-003,2017-06-19 12:00:00,40.83327102661133
srv-003,2017-06-19 13:00:00,45.388309478759766
srv-003,2017-06-19 14:00:00,44.826927185058594
srv-003,2017-06-19 15:00:00,45.74596405029297
srv-003,2017-06-19 16:00:00,47.70336151123047
srv-003,2017-06-19 17:00:00,46.199737548828125
srv-003,2017-06-19 18:00:00,44.79417037963867
srv-003,2017-06-19 19:00:00,45.44622802734375
srv-003,2017-06-19 20:00:00,44.9474983215332
srv-003,2017-06-19 21:00:00,43.343875885009766
srv-003,2017-06-19 22:00:00,43.63789749145508
srv-003,2017-06-19 23:00:00,41.91231918334961
srv-003,2017-06-20 00:00:00,42.47887420654297
srv-003,2017-06-20 01:00:00,40.04692459106445
srv-003,2017-06-20 02:00:00,43.6102294921875
srv-003,2017-06-20 03:00:00,44.222747802734375
srv-003,2017-06-20 04:00:00,41.346046447753906
srv-003,2017-06-20 05:00:00,43.05341720581055
srv-003,2017-06-20 06:00:00,41.42995071411133
srv-003,2017-06-20 07:00:00,45.54976272583008
srv-003,2017-06-20 08:00:00,44.33156967163086
srv-003,2017-06-20 09:00:00,43.564781188964844
srv-003,2017-06-20 10:00:00,44.16721725463867
srv-003,2017-06-20 11:00:00,41.992454528808594
srv-003,2017-06-20 12:00:00,40.13435363769531
srv-003,2017-06-20 13:00:00,38.65188980102539
srv-003,2017-06-20 14:00:00,39.186363220214844
srv-003,2017-06-20 15:00:00,43.82111358642578
srv-003,2017-06-20 16:00:00,45.00691604614258
srv-003,2017-06-20 17:00:00,43.25413131713867
srv-003,2017-06-20 18:00:00,41.19639587402344
srv-003,2017-06-20 19:00:00,40.58183670043945
srv-003,2017-06-20 20:00:00,42.41374588012695
srv-003,2017-06-20 21:00:00,43.54776382446289
srv-003,2017-06-20 22:00:00,43.889434814453125
srv-003,2017-06-20 23:00:00,43.865657806396484
srv-003,2017-06-21 00:00:00,44.427608489990234
srv-003,2017-06-21 01:00:00,45.86175537109375
srv-003,2017-06-21 02:00:00,52.71647262573242
srv-003,2017-06-21 03:00:00,51.068477630615234
srv-003,2017-06-21 04:00:00,54.380470275878906
srv-003,2017-06-21 05:00:00,52.57378387451172
srv-003,2017-06-21 06:00:00,49.4011116027832
srv-003,2017-06-21 07:00:00,53.477699279785156
srv-003,2017-06-21 08:00:00,50.64701843261719
srv-003,2017-06-21 09:00:00,44.2552490234375
srv-003,2017-06-21 10:00:00,42.873809814453125
srv-003,2017-06-21 11:00:00,45.003536224365234
srv-003,2017-06-21 12:00:00,44.394657135009766
srv-003,2017-06-21 13:00:00,39.91912078857422
srv-003,2017-06-21 14:00:00,38.67109298706055
srv-003,2017-06-21 15:00:00,39.279781341552734
srv-003,2017-06-21 16:00:00,43.6489143371582
srv-003,2017-06-21 17:00:00,44.48904037475586
srv-003,2017-06-21 18:00:00,43.31027603149414
srv-003,2017-06-21 19:00:00,40.98917770385742
srv-003,2017-06-21 20:00:00,40.23417663574219
srv-003,2017-06-21 21:00:00,42.791290283203125
srv-003,2017-06-21 22:00:00,43.6995735168457
srv-003,2017-06-21 23:00:00,42.553958892822266
srv-003,2017-06-22 00:00:00,45.34929656982422
srv-003,2017-06-22 01:00:00,43.561336517333984
srv-003,2017-06-22 02:00:00,44.816123962402344
srv-003,2017-06-22 03:00:00,44.65500259399414
srv-003,2017-06-22 04:00:00,47.836952209472656
srv-003,2017-06-22 05:00:00,50.31039810180664
srv-003,2017-06-22 06:00:00,53.03786087036133
srv-003,2017-06-22 07:00:00,51.68868637084961
srv-003,2017-06-22 08:00:00,46.1423225402832
srv-003,2017-06-22 09:00:00,45.54722213745117
srv-003,2017-06-22 10:00:00,46.472599029541016
srv-003,2017-06-22 11:00:00,46.54341125488281
srv-003,2017-06-22 12:00:00,41.576507568359375
srv-003,2017-06-22 13:00:00,43.01206970214844
srv-003,2017-06-22 14:00:00,41.590179443359375
srv-003,2017-06-22 15:00:00,39.718475341796875
srv-003,2017-06-22 16:00:00,40.19184494018555
srv-003,2017-06-22 17:00:00,39.37759017944336
srv-003,2017-06-22 18:00:00,38.668033599853516
srv-003,2017-06-22 19:00:00,37.357017517089844
srv-003,2017-06-22 20:00:00,39.30177307128906
srv-003,2017-06-22 21:00:00,43.94649124145508
srv-003,2017-06-22 22:00:00,49.57538986206055
srv-003,2017-06-22 23:00:00,51.316001892089844
srv-003,2017-06-23 00:00:00,41.041561126708984
srv-003,2017-06-23 01:00:00,43.20549392700195
srv-003,2017-06-23 02:00:00,40.794315338134766
srv-003,2017-06-23 03:00:00,47.32773971557617
srv-003,2017-06-23 04:00:00,46.642574310302734
srv-003,2017-06-23 05:00:00,41.773433685302734
srv-003,2017-06-23 06:00:00,40.957679748535156
srv-003,2017-06-23 07:00:00,39.11312484741211
srv-003,2017-06-23 08:00:00,37.95087814331055
srv-003,2017-06-23 09:00:00,35.58408737182617
srv-003,2017-06-23 10:00:00,35.22944259643555
srv-003,2017-06-23 11:00:00,34.78553009033203
srv-003,2017-06-23 12:00:00,33.06794357299805
srv-003,2017-06-23 13:00:00,33.77423858642578
srv-003,2017-06-23 14:00:00,34.008827209472656
srv-003,2017-06-23 15:00:00,34.72959518432617
srv-003,2017-06-23 16:00:00,37.54975509643555
srv-003,2017-06-23 17:00:00,39.31172561645508
srv-003,2017-06-23 18:00:00,42.73251724243164
srv-003,2017-06-23 19:00:00,37.80942153930664
srv-003,2017-06-23 20:00:00,37.90592575073242
srv-003,2017-06-23 21:00:00,37.10889434814453
srv-003,2017-06-23 22:00:00,38.21609115600586
srv-003,2017-06-23 23:00:00,48.456298828125
srv-003,2017-06-24 00:00:00,45.35122299194336
srv-003,2017-06-24 01:00:00,37.54866027832031
srv-003,2017-06-24 02:00:00,35.55472946166992
srv-003,2017-06-24 03:00:00,34.15007019042969
srv-003,2017-06-24 04:00:00,38.3704719543457
srv-003,2017-06-24 05:00:00,36.444034576416016
srv-003,2017-06-24 06:00:00,32.44194793701172
srv-003,2017-06-24 07:00:00,32.67267608642578
srv-003,2017-06-24 08:00:00,32.963661193847656
srv-003,2017-06-24 09:00:00,32.7713623046875
srv-003,2017-06-24 10:00:00,32.35093688964844
srv-003,2017-06-24 11:00:00,34.17103958129883
srv-003,2017-06-24 12:00:00,39.3010139465332
srv-003,2017-06-24 13:00:00,35.937320709228516
srv-003,2017-06-24 14:00:00,39.76362228393555
srv-003,2017-06-24 15:00:00,36.0270881652832
srv-003,2017-06-24 16:00:00,40.72468948364258
srv-003,2017-06-24 17:00:00,44.29216384887695
srv-003,2017-06-24 18:00:00,41.378334045410156
srv-003,2017-06-24 19:00:00,42.41252517700195
srv-003,2017-06-24 20:00:00,38.53990173339844
srv-003,2017-06-24 21:00:00,43.77712631225586
srv-003,2017-06-24 22:00:00,41.015628814697266
srv-003,2017-06-24 23:00:00,41.666988372802734
srv-003,2017-06-25 00:00:00,36.87196731567383
srv-003,2017-06-25 01:00:00,38.66838455200195
srv-003,2017-06-25 02:00:00,36.123538970947266
srv-003,2017-06-25 03:00:00,40.49531173706055
srv-003,2017-06-25 04:00:00,41.75146484375
srv-003,2017-06-25 05:00:00,38.20632553100586
srv-003,2017-06-25 06:00:00,36.399574279785156
srv-003,2017-06-25 07:00:00,34.866477966308594
srv-003,2017-06-25 08:00:00,32.84422302246094
srv-003,2017-06-25 09:00:00,32.40079116821289
srv-003,2017-06-25 10:00:00,34.99122619628906
srv-003,2017-06-25 11:00:00,34.74949264526367
srv-003,2017-06-25 12:00:00,36.34007263183594
srv-003,2017-06-25 13:00:00,34.770179748535156
srv-003,2017-06-25 14:00:00,37.28300476074219
srv-003,2017-06-25 15:00:00,38.213157653808594
srv-003,2017-06-25 16:00:00,39.93624496459961
srv-003,2017-06-25 17:00:00,36.50874710083008
srv-003,2017-06-25 18:00:00,38.57672119140625
srv-003,2017-06-25 19:00:00,43.39427185058594
srv-003,2017-06-25 20:00:00,45.21152114868164
srv-003,2017-06-25 21:00:00,39.954994201660156
srv-003,2017-06-25 22:00:00,36.79599380493164
srv-003,2017-06-25 23:00:00,36.58735656738281
srv-003,2017-06-26 00:00:00,34.87171173095703
srv-003,2017-06-26 01:00:00,31.714197158813477
srv-003,2017-06-26 02:00:00,30.81876564025879
srv-003,2017-06-26 03:00:00,34.767940521240234
srv-003,2017-06-26 04:00:00,38.10334014892578
srv-003,2017-06-26 05:00:00,40.19271469116211
srv-003,2017-06-26 06:00:00,36.08563995361328
srv-003,2017-06-26 07:00:00,39.66577911376953
srv-003,2017-06-26 08:00:00,38.53459548950195
srv-003,2017-06-26 09:00:00,34.24674987792969
srv-003,2017-06-26 10:00:00,36.254947662353516
srv-003,2017-06-26 11:00:00,37.498165130615234
srv-003,2017-06-26 12:00:00,48.72901153564453
srv-003,2017-06-26 13:00:00,49.3033561706543
srv-003,2017-06-26 14:00:00,48.867671966552734
srv-003,2017-06-26 15:00:00,47.30509567260742
srv-003,2017-06-26 16:00:00,44.27439498901367
srv-003,2017-06-26 17:00:00,46.94756317138672
srv-003,2017-06-26 18:00:00,45.0264778137207
srv-003,2017-06-26 19:00:00,44.973087310791016
srv-003,2017-06-26 20:00:00,41.974124908447266
srv-003,2017-06-26 21:00:00,43.00796890258789
srv-003,2017-06-26 22:00:00,43.58124923706055
srv-003,2017-06-26 23:00:00,41.78921890258789
srv-003,2017-06-27 00:00:00,40.5694694519043
srv-003,2017-06-27 01:00:00,42.27180099487305
srv-003,2017-06-27 02:00:00,47.01448059082031
srv-003,2017-06-27 03:00:00,48.19475173950195
srv-003,2017-06-27 04:00:00,54.06601333618164
srv-003,2017-06-27 05:00:00,55.36002731323242
srv-003,2017-06-27 06:00:00,52.5573844909668
srv-003,2017-06-27 07:00:00,50.60293197631836
srv-003,2017-06-27 08:00:00,45.023624420166016
srv-003,2017-06-27 09:00:00,47.90361404418945
srv-003,2017-06-27 10:00:00,48.472251892089844
srv-003,2017-06-27 11:00:00,46.086669921875
srv-003,2017-06-27 12:00:00,46.19041442871094
srv-003,2017-06-27 13:00:00,45.482643127441406
srv-003,2017-06-27 14:00:00,45.107906341552734
srv-003,2017-06-27 15:00:00,46.623104095458984
srv-003,2017-06-27 16:00:00,41.90620803833008
srv-003,2017-06-27 17:00:00,42.77253723144531
srv-003,2017-06-27 18:00:00,47.81928634643555
srv-003,2017-06-27 19:00:00,44.675994873046875
srv-003,2017-06-27 20:00:00,43.541629791259766
srv-003,2017-06-27 21:00:00,44.23024368286133
srv-003,2017-06-27 22:00:00,44.6825065612793
srv-003,2017-06-27 23:00:00,43.819271087646484
srv-003,2017-06-28 00:00:00,42.38570022583008
srv-003,2017-06-28 01:00:00,41.312255859375
srv-003,2017-06-28 02:00:00,39.721923828125
srv-003,2017-06-28 03:00:00,39.84221649169922
srv-003,2017-06-28 04:00:00,47.82557678222656
srv-003,2017-06-28 05:00:00,44.200679779052734
srv-003,2017-06-28 06:00:00,43.654178619384766
srv-003,2017-06-28 07:00:00,44.906978607177734
srv-003,2017-06-28 08:00:00,44.27987289428711
srv-003,2017-06-28 09:00:00,45.55388641357422
srv-003,2017-06-28 10:00:00,43.06014633178711
srv-003,2017-06-28 11:00:00,42.50986099243164
srv-003,2017-06-28 12:00:00,51.747920989990234
srv-003,2017-06-28 13:00:00,42.62882995605469
srv-003,2017-06-28 14:00:00,45.703460693359375
srv-003,2017-06-28 15:00:00,44.7192268371582
srv-003,2017-06-28 16:00:00,51.579586029052734
srv-003,2017-06-28 17:00:00,52.87896728515625
srv-003,2017-06-28 18:00:00,42.375526428222656
srv-003,2017-06-28 19:00:00,44.27495193481445
srv-003,2017-06-28 20:00:00,40.728477478027344
srv-003,2017-06-28 21:00:00,44.31479263305664
srv-003,2017-06-28 22:00:00,48.050235748291016
srv-003,2017-06-28 23:00:00,41.24497985839844
srv-003,2017-06-29 00:00:00,41.634639739990234
srv-003,2017-06-29 01:00:00,48.59891891479492
srv-003,2017-06-29 02:00:00,50.2347526550293
srv-003,2017-06-29 03:00:00,47.013851165771484
srv-003,2017-06-29 04:00:00,52.98659133911133
srv-003,2017-06-29 05:00:00,51.94987487792969
srv-003,2017-06-29 06:00:00,43.44980239868164
srv-003,2017-06-29 07:00:00,46.354591369628906
srv-003,2017-06-29 08:00:00,49.56174087524414
srv-003,2017-06-29 09:00:00,49.79838180541992
srv-003,2017-06-29 10:00:00,48.352054595947266
srv-003,2017-06-29 11:00:00,43.35165786743164
srv-003,2017-06-29 12:00:00,41.07558822631836
srv-003,2017-06-29 13:00:00,39.88162612915039
srv-003,2017-06-29 14:00:00,39.04532241821289
srv-003,2017-06-29 15:00:00,38.01393508911133
srv-003,2017-06-29 16:00:00,39.623138427734375
srv-003,2017-06-29 17:00:00,40.23261260986328
srv-003,2017-06-29 18:00:00,38.459537506103516
srv-003,2017-06-29 19:00:00,39.50907516479492
srv-003,2017-06-29 20:00:00,37.28202438354492
srv-003,2017-06-29 21:00:00,36.74756622314453
srv-003,2017-06-29 22:00:00,37.27853775024414
srv-003,2017-06-29 23:00:00,37.37662887573242
srv-003,2017-06-30 00:00:00,38.3853645324707
srv-003,2017-06-30 01:00:00,40.49734115600586
srv-003,2017-06-30 02:00:00,39.860496520996094
srv-003,2017-06-30 03:00:00,41.6692008972168
srv-003,2017-06-30 04:00:00,40.46476745605469
srv-003,2017-06-30 05:00:00,38.683998107910156
srv-003,2017-06-30 06:00:00,39.42110824584961
srv-003,2017-06-30 07:00:00,38.40934753417969
srv-003,2017-06-30 08:00:00,36.09865188598633
srv-003,2017-06-30 09:00:00,37.434452056884766
srv-003,2017-06-30 10:00:00,38.36572265625
srv-003,2017-06-30 11:00:00,37.81300354003906
srv-003,2017-06-30 12:00:00,36.098018646240234
srv-003,2017-06-30 13:00:00,39.019264221191406
srv-003,2017-06-30 14:00:00,42.187191009521484
srv-003,2017-06-30 15:00:00,46.33138656616211
srv-003,2017-06-30 16:00:00,46.14460372924805
srv-003,2017-06-30 17:00:00,45.402523040771484
srv-003,2017-06-30 18:00:00,42.22526550292969
srv-003,2017-06-30 19:00:00,38.68098831176758
srv-003,2017-06-30 20:00:00,43.323143005371094
srv-003,2017-06-30 21:00:00,43.255714416503906
srv-003,2017-06-30 22:00:00,38.76271438598633
srv-003,2017-06-30 23:00:00,35.938297271728516
srv-004,2017-06-01 23:00:00,47.463497161865234
srv-004,2017-06-02 00:00:00,48.99851989746094
srv-004,2017-06-02 01:00:00,55.35068130493164
srv-004,2017-06-02 02:00:00,57.45991516113281
srv-004,2017-06-02 03:00:00,55.29962921142578
srv-004,2017-06-02 04:00:00,62.27637481689453
srv-004,2017-06-02 05:00:00,62.34440231323242
srv-004,2017-06-02 06:00:00,57.84103775024414
srv-004,2017-06-02 07:00:00,57.755340576171875
srv-004,2017-06-02 08:00:00,56.06095504760742
srv-004,2017-06-02 09:00:00,56.87808609008789
srv-004,2017-06-02 10:00:00,62.29506301879883
srv-004,2017-06-02 11:00:00,65.70706176757812
srv-004,2017-06-02 12:00:00,66.93711853027344
srv-004,2017-06-02 13:00:00,65.92462921142578
srv-004,2017-06-02 14:00:00,63.67228317260742
srv-004,2017-06-02 15:00:00,60.86861038208008
srv-004,2017-06-02 16:00:00,59.918338775634766
srv-004,2017-06-02 17:00:00,63.99591827392578
srv-004,2017-06-02 18:00:00,62.8646125793457
srv-004,2017-06-02 19:00:00,60.745906829833984
srv-004,2017-06-02 20:00:00,61.903995513916016
srv-004,2017-06-02 21:00:00,55.538204193115234
srv-004,2017-06-02 22:00:00,55.55429458618164
srv-004,2017-06-02 23:00:00,58.99959182739258
srv-004,2017-06-03 00:00:00,63.305118560791016
srv-004,2017-06-03 01:00:00,62.25509262084961
srv-004,2017-06-03 02:00:00,59.904205322265625
srv-004,2017-06-03 03:00:00,59.677650451660156
srv-004,2017-06-03 04:00:00,58.552490234375
srv-004,2017-06-03 05:00:00,61.04673767089844
srv-004,2017-06-03 06:00:00,63.10453414916992
srv-004,2017-06-03 07:00:00,65.10546112060547
srv-004,2017-06-03 08:00:00,66.38948059082031
srv-004,2017-06-03 09:00:00,64.48478698730469
srv-004,2017-06-03 10:00:00,63.645511627197266
srv-004,2017-06-03 11:00:00,63.994205474853516
srv-004,2017-06-03 12:00:00,66.22286987304688
srv-004,2017-06-03 13:00:00,66.65847778320312
srv-004,2017-06-03 14:00:00,65.24620056152344
srv-004,2017-06-03 15:00:00,66.34434509277344
srv-004,2017-06-03 16:00:00,64.9390869140625
srv-004,2017-06-03 17:00:00,62.73539352416992
srv-004,2017-06-03 18:00:00,60.97047805786133
srv-004,2017-06-03 19:00:00,61.78318405151367
srv-004,2017-06-03 20:00:00,62.569942474365234
srv-004,2017-06-03 21:00:00,61.90760803222656
srv-004,2017-06-03 22:00:00,61.689239501953125
srv-004,2017-06-03 23:00:00,61.25472640991211
srv-004,2017-06-04 00:00:00,65.84022521972656
srv-004,2017-06-04 01:00:00,64.33910369873047
srv-004,2017-06-04 02:00:00,65.97529602050781
srv-004,2017-06-04 03:00:00,67.53582763671875
srv-004,2017-06-04 04:00:00,65.28264617919922
srv-004,2017-06-04 05:00:00,64.23397827148438
srv-004,2017-06-04 06:00:00,64.21415710449219
srv-004,2017-06-04 07:00:00,63.674560546875
srv-004,2017-06-04 08:00:00,63.08748245239258
srv-004,2017-06-04 09:00:00,61.981773376464844
srv-004,2017-06-04 10:00:00,62.16830825805664
srv-004,2017-06-04 11:00:00,64.31259155273438
srv-004,2017-06-04 12:00:00,67.2613525390625
srv-004,2017-06-04 13:00:00,66.82832336425781
srv-004,2017-06-04 14:00:00,68.385986328125
srv-004,2017-06-04 15:00:00,66.88279724121094
srv-004,2017-06-04 16:00:00,64.8275146484375
srv-004,2017-06-04 17:00:00,61.72147750854492
srv-004,2017-06-04 18:00:00,63.154579162597656
srv-004,2017-06-04 19:00:00,63.780269622802734
srv-004,2017-06-04 20:00:00,60.60731887817383
srv-004,2017-06-04 21:00:00,60.33487319946289
srv-004,2017-06-04 22:00:00,59.875152587890625
srv-004,2017-06-04 23:00:00,60.05385208129883
srv-004,2017-06-05 00:00:00,59.721214294433594
srv-004,2017-06-05 01:00:00,62.47676467895508
srv-004,2017-06-05 02:00:00,62.55648422241211
srv-004,2017-06-05 03:00:00,59.84316635131836
srv-004,2017-06-05 04:00:00,60.46830368041992
srv-004,2017-06-05 05:00:00,62.868228912353516
srv-004,2017-06-05 06:00:00,60.695396423339844
srv-004,2017-06-05 07:00:00,60.2525520324707
srv-004,2017-06-05 08:00:00,64.68870544433594
srv-004,2017-06-05 09:00:00,62.60466003417969
srv-004,2017-06-05 10:00:00,62.453792572021484
srv-004,2017-06-05 11:00:00,63.065670013427734
srv-004,2017-06-05 12:00:00,66.82484436035156
srv-004,2017-06-05 13:00:00,62.13723373413086
srv-004,2017-06-05 14:00:00,62.70296096801758
srv-004,2017-06-05 15:00:00,60.73774337768555
srv-004,2017-06-05 16:00:00,65.15623474121094
srv-004,2017-06-05 17:00:00,62.59140396118164
srv-004,2017-06-05 18:00:00,63.61359786987305
srv-004,2017-06-05 19:00:00,62.16782760620117
srv-004,2017-06-05 20:00:00,61.69489669799805
srv-004,2017-06-05 21:00:00,63.16504669189453
srv-004,2017-06-05 22:00:00,64.4019775390625
srv-004,2017-06-05 23:00:00,62.777000427246094
srv-004,2017-06-06 00:00:00,60.637691497802734
srv-004,2017-06-06 01:00:00,57.094871520996094
srv-004,2017-06-06 02:00:00,56.683815002441406
srv-004,2017-06-06 03:00:00,64.24615478515625
srv-004,2017-06-06 04:00:00,63.77488708496094
srv-004,2017-06-06 05:00:00,70.64360046386719
srv-004,2017-06-06 06:00:00,66.58749389648438
srv-004,2017-06-06 07:00:00,72.40443420410156
srv-004,2017-06-06 08:00:00,69.24119567871094
srv-004,2017-06-06 09:00:00,65.55928039550781
srv-004,2017-06-06 10:00:00,64.15237426757812
srv-004,2017-06-06 11:00:00,63.506229400634766
srv-004,2017-06-06 12:00:00,61.39057540893555
srv-004,2017-06-06 13:00:00,62.766021728515625
srv-004,2017-06-06 14:00:00,62.04625701904297
srv-004,2017-06-06 15:00:00,65.43124389648438
srv-004,2017-06-06 16:00:00,69.54931640625
srv-004,2017-06-06 17:00:00,70.83694458007812
srv-004,2017-06-06 18:00:00,71.98849487304688
srv-004,2017-06-06 19:00:00,72.19439697265625
srv-004,2017-06-06 20:00:00,70.13548278808594
srv-004,2017-06-06 21:00:00,67.84986877441406
srv-004,2017-06-06 22:00:00,71.35385131835938
srv-004,2017-06-06 23:00:00,74.92303466796875
srv-004,2017-06-07 00:00:00,73.849853515625
srv-004,2017-06-07 01:00:00,75.55133056640625
srv-004,2017-06-07 02:00:00,77.19281005859375
srv-004,2017-06-07 03:00:00,76.69815063476562
srv-004,2017-06-07 04:00:00,68.90180969238281
srv-004,2017-06-07 05:00:00,69.87861633300781
srv-004,2017-06-07 06:00:00,72.11186218261719
srv-004,2017-06-07 07:00:00,73.52690124511719
srv-004,2017-06-07 08:00:00,66.45755767822266
srv-004,2017-06-07 09:00:00,65.75393676757812
srv-004,2017-06-07 10:00:00,67.20578002929688
srv-004,2017-06-07 11:00:00,65.44096374511719
srv-004,2017-06-07 12:00:00,66.54292297363281
srv-004,2017-06-07 13:00:00,70.79116821289062
srv-004,2017-06-07 14:00:00,70.2305908203125
srv-004,2017-06-07 15:00:00,71.67892456054688
srv-004,2017-06-07 16:00:00,71.67207336425781
srv-004,2017-06-07 17:00:00,68.92161560058594
srv-004,2017-06-07 18:00:00,66.85134887695312
srv-004,2017-06-07 19:00:00,67.91172790527344
srv-004,2017-06-07 20:00:00,70.5804443359375
srv-004,2017-06-07 21:00:00,69.159912109375
srv-004,2017-06-07 22:00:00,67.85464477539062
srv-004,2017-06-07 23:00:00,72.03062438964844
srv-004,2017-06-08 00:00:00,72.92805480957031
srv-004,2017-06-08 01:00:00,69.21182250976562
srv-004,2017-06-08 02:00:00,64.94397735595703
srv-004,2017-06-08 03:00:00,66.07612609863281
srv-004,2017-06-08 04:00:00,65.29847717285156
srv-004,2017-06-08 05:00:00,65.29600524902344
srv-004,2017-06-08 06:00:00,66.01133728027344
srv-004,2017-06-08 07:00:00,65.51029968261719
srv-004,2017-06-08 08:00:00,66.72950744628906
srv-004,2017-06-08 09:00:00,67.96804809570312
srv-004,2017-06-08 10:00:00,66.95767211914062
srv-004,2017-06-08 11:00:00,68.37741088867188
srv-004,2017-06-08 12:00:00,67.66616821289062
srv-004,2017-06-08 13:00:00,67.65461730957031
srv-004,2017-06-08 14:00:00,64.90038299560547
srv-004,2017-06-08 15:00:00,64.81611633300781
srv-004,2017-06-08 16:00:00,67.24458312988281
srv-004,2017-06-08 17:00:00,65.43721008300781
srv-004,2017-06-08 18:00:00,64.30381774902344
srv-004,2017-06-08 19:00:00,65.93617248535156
srv-004,2017-06-08 20:00:00,67.33004760742188
srv-004,2017-06-08 21:00:00,66.82443237304688
srv-004,2017-06-08 22:00:00,67.4542236328125
srv-004,2017-06-08 23:00:00,63.30971908569336
srv-004,2017-06-09 00:00:00,63.55207443237305
srv-004,2017-06-09 01:00:00,64.9625244140625
srv-004,2017-06-09 02:00:00,61.70444869995117
srv-004,2017-06-09 03:00:00,61.1178092956543
srv-004,2017-06-09 04:00:00,61.10333251953125
srv-004,2017-06-09 05:00:00,59.53801345825195
srv-004,2017-06-09 06:00:00,66.97749328613281
srv-004,2017-06-09 07:00:00,66.20378112792969
srv-004,2017-06-09 08:00:00,66.04768371582031
srv-004,2017-06-09 09:00:00,64.43815612792969
srv-004,2017-06-09 10:00:00,62.512481689453125
srv-004,2017-06-09 11:00:00,62.75249481201172
srv-004,2017-06-09 12:00:00,63.31471633911133
srv-004,2017-06-09 13:00:00,64.57780456542969
srv-004,2017-06-09 14:00:00,63.03832244873047
srv-004,2017-06-09 15:00:00,66.89335632324219
srv-004,2017-06-09 16:00:00,62.32304382324219
srv-004,2017-06-09 17:00:00,61.9269905090332
srv-004,2017-06-09 18:00:00,59.21232223510742
srv-004,2017-06-09 19:00:00,57.4703254699707
srv-004,2017-06-09 20:00:00,59.97898483276367
srv-004,2017-06-09 21:00:00,61.09090042114258
srv-004,2017-06-09 22:00:00,58.32340621948242
srv-004,2017-06-09 23:00:00,54.14039611816406
srv-004,2017-06-10 00:00:00,60.4243278503418
srv-004,2017-06-10 01:00:00,63.19390869140625
srv-004,2017-06-10 02:00:00,62.100120544433594
srv-004,2017-06-10 03:00:00,61.66278839111328
srv-004,2017-06-10 04:00:00,62.31602096557617
srv-004,2017-06-10 05:00:00,63.443851470947266
srv-004,2017-06-10 06:00:00,64.65182495117188
srv-004,2017-06-10 07:00:00,66.46969604492188
srv-004,2017-06-10 08:00:00,68.77110290527344
srv-004,2017-06-10 09:00:00,69.11370849609375
srv-004,2017-06-10 10:00:00,70.54612731933594
srv-004,2017-06-10 11:00:00,68.92616271972656
srv-004,2017-06-10 12:00:00,64.33686065673828
srv-004,2017-06-10 13:00:00,67.18185424804688
srv-004,2017-06-10 14:00:00,69.30052185058594
srv-004,2017-06-10 15:00:00,70.28889465332031
srv-004,2017-06-10 16:00:00,70.91912841796875
srv-004,2017-06-10 17:00:00,64.23297119140625
srv-004,2017-06-10 18:00:00,64.49526977539062
srv-004,2017-06-10 19:00:00,63.98468780517578
srv-004,2017-06-10 20:00:00,66.29817199707031
srv-004,2017-06-10 21:00:00,64.11637878417969
srv-004,2017-06-10 22:00:00,62.63522720336914
srv-004,2017-06-10 23:00:00,61.36846160888672
srv-004,2017-06-11 00:00:00,63.9821662902832
srv-004,2017-06-11 01:00:00,62.39022445678711
srv-004,2017-06-11 02:00:00,62.576446533203125
srv-004,2017-06-11 03:00:00,66.22273254394531
srv-004,2017-06-11 04:00:00,68.42378234863281
srv-004,2017-06-11 05:00:00,68.32931518554688
srv-004,2017-06-11 06:00:00,62.815670013427734
srv-004,2017-06-11 07:00:00,61.31455612182617
srv-004,2017-06-11 08:00:00,65.04440307617188
srv-004,2017-06-11 09:00:00,70.51234436035156
srv-004,2017-06-11 10:00:00,65.45398712158203
srv-004,2017-06-11 11:00:00,63.424434661865234
srv-004,2017-06-11 12:00:00,62.317928314208984
srv-004,2017-06-11 13:00:00,60.040470123291016
srv-004,2017-06-11 14:00:00,60.87984085083008
srv-004,2017-06-11 15:00:00,63.10449981689453
srv-004,2017-06-11 16:00:00,62.747108459472656
srv-004,2017-06-11 17:00:00,62.99687957763672
srv-004,2017-06-11 18:00:00,63.417545318603516
srv-004,2017-06-11 19:00:00,62.53410339355469
srv-004,2017-06-11 20:00:00,61.02608871459961
srv-004,2017-06-11 21:00:00,60.34313201904297
srv-004,2017-06-11 22:00:00,61.11709976196289
srv-004,2017-06-11 23:00:00,62.153541564941406
srv-004,2017-06-12 00:00:00,63.02787399291992
srv-004,2017-06-12 01:00:00,63.02939224243164
srv-004,2017-06-12 02:00:00,62.68183517456055
srv-004,2017-06-12 03:00:00,66.584228515625
srv-004,2017-06-12 04:00:00,64.51634216308594
srv-004,2017-06-12 05:00:00,63.74058151245117
srv-004,2017-06-12 06:00:00,62.773563385009766
srv-004,2017-06-12 07:00:00,61.656734466552734
srv-004,2017-06-12 08:00:00,64.60647583007812
srv-004,2017-06-12 09:00:00,65.68586730957031
srv-004,2017-06-12 10:00:00,66.16973876953125
srv-004,2017-06-12 11:00:00,62.62321090698242
srv-004,2017-06-12 12:00:00,64.99212646484375
srv-004,2017-06-12 13:00:00,66.1370849609375
srv-004,2017-06-12 14:00:00,69.02542114257812
srv-004,2017-06-12 15:00:00,70.2130126953125
srv-004,2017-06-12 16:00:00,70.75804138183594
srv-004,2017-06-12 17:00:00,71.69288635253906
srv-004,2017-06-12 18:00:00,73.10649108886719
srv-004,2017-06-12 19:00:00,71.25553894042969
srv-004,2017-06-12 20:00:00,67.88552856445312
srv-004,2017-06-12 21:00:00,66.54899597167969
srv-004,2017-06-12 22:00:00,66.89665222167969
srv-004,2017-06-12 23:00:00,64.01979064941406
srv-004,2017-06-13 00:00:00,64.04689025878906
srv-004,2017-06-13 01:00:00,62.118953704833984
srv-004,2017-06-13 02:00:00,65.12045288085938
srv-004,2017-06-13 03:00:00,67.29916381835938
srv-004,2017-06-13 04:00:00,66.27532958984375
srv-004,2017-06-13 05:00:00,69.12666320800781
srv-004,2017-06-13 06:00:00,70.04801940917969
srv-004,2017-06-13 07:00:00,67.00892639160156
srv-004,2017-06-13 08:00:00,66.55966186523438
srv-004,2017-06-13 09:00:00,69.33448791503906
srv-004,2017-06-13 10:00:00,66.87901306152344
srv-004,2017-06-13 11:00:00,64.03666687011719
srv-004,2017-06-13 12:00:00,63.07676696777344
srv-004,2017-06-13 13:00:00,65.75698852539062
srv-004,2017-06-13 14:00:00,68.51255798339844
srv-004,2017-06-13 15:00:00,69.17372131347656
srv-004,2017-06-13 16:00:00,67.19624328613281
srv-004,2017-06-13 17:00:00,67.96160888671875
srv-004,2017-06-13 18:00:00,66.21514892578125
srv-004,2017-06-13 19:00:00,66.35356140136719
srv-004,2017-06-13 20:00:00,65.71746826171875
srv-004,2017-06-13 21:00:00,65.53926086425781
srv-004,2017-06-13 22:00:00,62.74123764038086
srv-004,2017-06-13 23:00:00,61.19942092895508
srv-004,2017-06-14 00:00:00,60.11801528930664
srv-004,2017-06-14 01:00:00,61.02217483520508
srv-004,2017-06-14 02:00:00,57.78865432739258
srv-004,2017-06-14 03:00:00,58.19670867919922
srv-004,2017-06-14 04:00:00,58.332122802734375
srv-004,2017-06-14 05:00:00,63.29205322265625
srv-004,2017-06-14 06:00:00,61.94321060180664
srv-004,2017-06-14 07:00:00,67.01631164550781
srv-004,2017-06-14 08:00:00,71.75956726074219
srv-004,2017-06-14 09:00:00,70.2781982421875
srv-004,2017-06-14 10:00:00,70.57864379882812
srv-004,2017-06-14 11:00:00,70.3487548828125
srv-004,2017-06-14 12:00:00,69.86183166503906
srv-004,2017-06-14 13:00:00,67.694580078125
srv-004,2017-06-14 14:00:00,69.02798461914062
srv-004,2017-06-14 15:00:00,67.46888732910156
srv-004,2017-06-14 16:00:00,65.95993041992188
srv-004,2017-06-14 17:00:00,64.63600158691406
srv-004,2017-06-14 18:00:00,62.53141784667969
srv-004,2017-06-14 19:00:00,64.68195343017578
srv-004,2017-06-14 20:00:00,62.48514175415039
srv-004,2017-06-14 21:00:00,64.21388244628906
srv-004,2017-06-14 22:00:00,69.11474609375
srv-004,2017-06-14 23:00:00,69.39527893066406
srv-004,2017-06-15 00:00:00,69.72181701660156
srv-004,2017-06-15 01:00:00,65.72824096679688
srv-004,2017-06-15 02:00:00,63.69160079956055
srv-004,2017-06-15 03:00:00,65.162109375
srv-004,2017-06-15 04:00:00,63.70827102661133
srv-004,2017-06-15 05:00:00,61.76643371582031
srv-004,2017-06-15 06:00:00,62.09749984741211
srv-004,2017-06-15 07:00:00,59.07421112060547
srv-004,2017-06-15 08:00:00,64.44554138183594
srv-004,2017-06-15 09:00:00,65.72628784179688
srv-004,2017-06-15 10:00:00,68.81404113769531
srv-004,2017-06-15 11:00:00,67.98146057128906
srv-004,2017-06-15 12:00:00,67.36746215820312
srv-004,2017-06-15 13:00:00,69.8470458984375
srv-004,2017-06-15 14:00:00,70.4400634765625
srv-004,2017-06-15 15:00:00,67.84547424316406
srv-004,2017-06-15 16:00:00,65.33917999267578
srv-004,2017-06-15 17:00:00,67.07893371582031
srv-004,2017-06-15 18:00:00,64.71726989746094
srv-004,2017-06-15 19:00:00,61.874515533447266
srv-004,2017-06-15 20:00:00,63.63057327270508
srv-004,2017-06-15 21:00:00,60.352088928222656
srv-004,2017-06-15 22:00:00,59.002418518066406
srv-004,2017-06-15 23:00:00,61.8686408996582
srv-004,2017-06-16 00:00:00,63.248714447021484
srv-004,2017-06-16 01:00:00,60.055904388427734
srv-004,2017-06-16 02:00:00,60.87065887451172
srv-004,2017-06-16 03:00:00,61.077762603759766
srv-004,2017-06-16 04:00:00,60.71152877807617
srv-004,2017-06-16 05:00:00,60.3909797668457
srv-004,2017-06-16 06:00:00,57.012569427490234
srv-004,2017-06-16 07:00:00,51.98628616333008
srv-004,2017-06-16 08:00:00,54.96718215942383
srv-004,2017-06-16 09:00:00,57.96705627441406
srv-004,2017-06-16 10:00:00,58.99666976928711
srv-004,2017-06-16 11:00:00,55.98942184448242
srv-004,2017-06-16 12:00:00,57.65378189086914
srv-004,2017-06-16 13:00:00,60.67330551147461
srv-004,2017-06-16 14:00:00,63.05018997192383
srv-004,2017-06-16 15:00:00,68.5340576171875
srv-004,2017-06-16 16:00:00,64.46734619140625
srv-004,2017-06-16 17:00:00,66.19685363769531
srv-004,2017-06-16 18:00:00,64.16931915283203
srv-004,2017-06-16 19:00:00,58.3258171081543
srv-004,2017-06-16 20:00:00,57.35983657836914
srv-004,2017-06-16 21:00:00,53.66432571411133
srv-004,2017-06-16 22:00:00,54.15888214111328
srv-004,2017-06-16 23:00:00,47.89387130737305
srv-004,2017-06-17 00:00:00,52.80990219116211
srv-004,2017-06-17 01:00:00,55.81145095825195
srv-004,2017-06-17 02:00:00,55.40092086791992
srv-004,2017-06-17 03:00:00,57.73141860961914
srv-004,2017-06-17 04:00:00,61.2513427734375
srv-004,2017-06-17 05:00:00,60.43588638305664
srv-004,2017-06-17 06:00:00,60.14017105102539
srv-004,2017-06-17 07:00:00,57.789066314697266
srv-004,2017-06-17 08:00:00,55.01347732543945
srv-004,2017-06-17 09:00:00,55.30305099487305
srv-004,2017-06-17 10:00:00,57.066551208496094
srv-004,2017-06-17 11:00:00,53.9185676574707
srv-004,2017-06-17 12:00:00,55.59098434448242
srv-004,2017-06-17 13:00:00,53.509700775146484
srv-004,2017-06-17 14:00:00,55.9405632019043
srv-004,2017-06-17 15:00:00,57.762813568115234
srv-004,2017-06-17 16:00:00,61.86826705932617
srv-004,2017-06-17 17:00:00,62.62161636352539
srv-004,2017-06-17 18:00:00,59.11728286743164
srv-004,2017-06-17 19:00:00,58.847808837890625
srv-004,2017-06-17 20:00:00,54.67313003540039
srv-004,2017-06-17 21:00:00,56.24509048461914
srv-004,2017-06-17 22:00:00,55.59197235107422
srv-004,2017-06-17 23:00:00,55.168460845947266
srv-004,2017-06-18 00:00:00,59.86613845825195
srv-004,2017-06-18 01:00:00,59.604713439941406
srv-004,2017-06-18 02:00:00,58.78450393676758
srv-004,2017-06-18 03:00:00,62.72317123413086
srv-004,2017-06-18 04:00:00,60.93595504760742
srv-004,2017-06-18 05:00:00,63.071533203125
srv-004,2017-06-18 06:00:00,61.05403518676758
srv-004,2017-06-18 07:00:00,57.42740249633789
srv-004,2017-06-18 08:00:00,57.08219909667969
srv-004,2017-06-18 09:00:00,55.6422119140625
srv-004,2017-06-18 10:00:00,53.976253509521484
srv-004,2017-06-18 11:00:00,56.23634719848633
srv-004,2017-06-18 12:00:00,60.217525482177734
srv-004,2017-06-18 13:00:00,60.74947738647461
srv-004,2017-06-18 14:00:00,64.91444396972656
srv-004,2017-06-18 15:00:00,65.0092544555664
srv-004,2017-06-18 16:00:00,67.04530334472656
srv-004,2017-06-18 17:00:00,65.11686706542969
srv-004,2017-06-18 18:00:00,63.56037139892578
srv-004,2017-06-18 19:00:00,63.450618743896484
srv-004,2017-06-18 20:00:00,63.70572280883789
srv-004,2017-06-18 21:00:00,61.98477554321289
srv-004,2017-06-18 22:00:00,59.813232421875
srv-004,2017-06-18 23:00:00,56.872440338134766
srv-004,2017-06-19 00:00:00,55.8546257019043
srv-004,2017-06-19 01:00:00,57.6068000793457
srv-004,2017-06-19 02:00:00,63.268287658691406
srv-004,2017-06-19 03:00:00,64.63458251953125
srv-004,2017-06-19 04:00:00,64.20824432373047
srv-004,2017-06-19 05:00:00,63.22390365600586
srv-004,2017-06-19 06:00:00,62.14096450805664
srv-004,2017-06-19 07:00:00,61.53957748413086
srv-004,2017-06-19 08:00:00,65.47592163085938
srv-004,2017-06-19 09:00:00,68.09255981445312
srv-004,2017-06-19 10:00:00,67.55902099609375
srv-004,2017-06-19 11:00:00,64.74259948730469
srv-004,2017-06-19 12:00:00,67.74102783203125
srv-004,2017-06-19 13:00:00,67.77700805664062
srv-004,2017-06-19 14:00:00,69.05360412597656
srv-004,2017-06-19 15:00:00,71.24784851074219
srv-004,2017-06-19 16:00:00,72.94783020019531
srv-004,2017-06-19 17:00:00,73.89544677734375
srv-004,2017-06-19 18:00:00,73.07313537597656
srv-004,2017-06-19 19:00:00,76.49885559082031
srv-004,2017-06-19 20:00:00,77.34620666503906
srv-004,2017-06-19 21:00:00,72.61917114257812
srv-004,2017-06-19 22:00:00,71.19157409667969
srv-004,2017-06-19 23:00:00,72.58346557617188
srv-004,2017-06-20 00:00:00,68.88850402832031
srv-004,2017-06-20 01:00:00,69.06593322753906
srv-004,2017-06-20 02:00:00,72.24113464355469
srv-004,2017-06-20 03:00:00,70.89488220214844
srv-004,2017-06-20 04:00:00,71.5650634765625
srv-004,2017-06-20 05:00:00,68.70651245117188
srv-004,2017-06-20 06:00:00,67.09642028808594
srv-004,2017-06-20 07:00:00,68.43240356445312
srv-004,2017-06-20 08:00:00,68.1806640625
srv-004,2017-06-20 09:00:00,75.86967468261719
srv-004,2017-06-20 10:00:00,71.11396789550781
srv-004,2017-06-20 11:00:00,70.19609069824219
srv-004,2017-06-20 12:00:00,69.13140869140625
srv-004,2017-06-20 13:00:00,67.41461181640625
srv-004,2017-06-20 14:00:00,74.48291015625
srv-004,2017-06-20 15:00:00,71.53120422363281
srv-004,2017-06-20 16:00:00,68.82284545898438
srv-004,2017-06-20 17:00:00,71.73326110839844
srv-004,2017-06-20 18:00:00,68.20625305175781
srv-004,2017-06-20 19:00:00,66.64691162109375
srv-004,2017-06-20 20:00:00,64.75543212890625
srv-004,2017-06-20 21:00:00,64.5694580078125
srv-004,2017-06-20 22:00:00,63.65623092651367
srv-004,2017-06-20 23:00:00,60.69693374633789
srv-004,2017-06-21 00:00:00,60.189029693603516
srv-004,2017-06-21 01:00:00,58.78557586669922
srv-004,2017-06-21 02:00:00,63.841243743896484
srv-004,2017-06-21 03:00:00,66.5074462890625
srv-004,2017-06-21 04:00:00,67.51493835449219
srv-004,2017-06-21 05:00:00,70.72824096679688
srv-004,2017-06-21 06:00:00,65.76213073730469
srv-004,2017-06-21 07:00:00,57.43622589111328
srv-004,2017-06-21 08:00:00,57.516143798828125
srv-004,2017-06-21 09:00:00,62.22883224487305
srv-004,2017-06-21 10:00:00,63.05662536621094
srv-004,2017-06-21 11:00:00,67.42158508300781
srv-004,2017-06-21 12:00:00,68.80363464355469
srv-004,2017-06-21 13:00:00,68.79531860351562
srv-004,2017-06-21 14:00:00,69.93667602539062
srv-004,2017-06-21 15:00:00,67.32728576660156
srv-004,2017-06-21 16:00:00,69.82479858398438
srv-004,2017-06-21 17:00:00,71.17791748046875
srv-004,2017-06-21 18:00:00,75.05796813964844
srv-004,2017-06-21 19:00:00,72.35476684570312
srv-004,2017-06-21 20:00:00,66.73872375488281
srv-004,2017-06-21 21:00:00,70.83494567871094
srv-004,2017-06-21 22:00:00,69.04838562011719
srv-004,2017-06-21 23:00:00,68.37721252441406
srv-004,2017-06-22 00:00:00,65.14566040039062
srv-004,2017-06-22 01:00:00,65.81422424316406
srv-004,2017-06-22 02:00:00,63.78871536254883
srv-004,2017-06-22 03:00:00,63.932830810546875
srv-004,2017-06-22 04:00:00,71.28520202636719
srv-004,2017-06-22 05:00:00,72.66801452636719
srv-004,2017-06-22 06:00:00,70.95892333984375
srv-004,2017-06-22 07:00:00,73.79806518554688
srv-004,2017-06-22 08:00:00,72.22453308105469
srv-004,2017-06-22 09:00:00,66.687744140625
srv-004,2017-06-22 10:00:00,64.78109741210938
srv-004,2017-06-22 11:00:00,65.7916259765625
srv-004,2017-06-22 12:00:00,72.10946655273438
srv-004,2017-06-22 13:00:00,68.31819152832031
srv-004,2017-06-22 14:00:00,66.93145751953125
srv-004,2017-06-22 15:00:00,64.97279357910156
srv-004,2017-06-22 16:00:00,67.60319519042969
srv-004,2017-06-22 17:00:00,65.52755737304688
srv-004,2017-06-22 18:00:00,70.646728515625
srv-004,2017-06-22 19:00:00,67.334228515625
srv-004,2017-06-22 20:00:00,67.87539672851562
srv-004,2017-06-22 21:00:00,64.5165023803711
srv-004,2017-06-22 22:00:00,63.49979782104492
srv-004,2017-06-22 23:00:00,64.04461669921875
srv-004,2017-06-23 00:00:00,63.503684997558594
srv-004,2017-06-23 01:00:00,63.57932662963867
srv-004,2017-06-23 02:00:00,62.53060531616211
srv-004,2017-06-23 03:00:00,63.027957916259766
srv-004,2017-06-23 04:00:00,60.14693069458008
srv-004,2017-06-23 05:00:00,61.535213470458984
srv-004,2017-06-23 06:00:00,62.245243072509766
srv-004,2017-06-23 07:00:00,65.28715515136719
srv-004,2017-06-23 08:00:00,66.89601135253906
srv-004,2017-06-23 09:00:00,69.22164916992188
srv-004,2017-06-23 10:00:00,67.69410705566406
srv-004,2017-06-23 11:00:00,68.96467590332031
srv-004,2017-06-23 12:00:00,69.5465087890625
srv-004,2017-06-23 13:00:00,65.23420715332031
srv-004,2017-06-23 14:00:00,67.3013916015625
srv-004,2017-06-23 15:00:00,66.80189514160156
srv-004,2017-06-23 16:00:00,64.03933715820312
srv-004,2017-06-23 17:00:00,63.042232513427734
srv-004,2017-06-23 18:00:00,61.70895004272461
srv-004,2017-06-23 19:00:00,67.69544982910156
srv-004,2017-06-23 20:00:00,67.45149230957031
srv-004,2017-06-23 21:00:00,62.693416595458984
srv-004,2017-06-23 22:00:00,61.40302658081055
srv-004,2017-06-23 23:00:00,61.13153076171875
srv-004,2017-06-24 00:00:00,63.774105072021484
srv-004,2017-06-24 01:00:00,63.8339729309082
srv-004,2017-06-24 02:00:00,65.11201477050781
srv-004,2017-06-24 03:00:00,66.77510070800781
srv-004,2017-06-24 04:00:00,67.95382690429688
srv-004,2017-06-24 05:00:00,67.45944213867188
srv-004,2017-06-24 06:00:00,64.31558227539062
srv-004,2017-06-24 07:00:00,64.068359375
srv-004,2017-06-24 08:00:00,63.20163345336914
srv-004,2017-06-24 09:00:00,63.69070053100586
srv-004,2017-06-24 10:00:00,65.18041229248047
srv-004,2017-06-24 11:00:00,67.43711853027344
srv-004,2017-06-24 12:00:00,66.71498107910156
srv-004,2017-06-24 13:00:00,62.512229919433594
srv-004,2017-06-24 14:00:00,64.551025390625
srv-004,2017-06-24 15:00:00,62.68152618408203
srv-004,2017-06-24 16:00:00,62.595218658447266
srv-004,2017-06-24 17:00:00,65.30668640136719
srv-004,2017-06-24 18:00:00,65.58067321777344
srv-004,2017-06-24 19:00:00,65.04853820800781
srv-004,2017-06-24 20:00:00,61.16396713256836
srv-004,2017-06-24 21:00:00,62.65424728393555
srv-004,2017-06-24 22:00:00,61.46468734741211
srv-004,2017-06-24 23:00:00,60.81279373168945
srv-004,2017-06-25 00:00:00,59.39419937133789
srv-004,2017-06-25 01:00:00,59.04701614379883
srv-004,2017-06-25 02:00:00,59.74269485473633
srv-004,2017-06-25 03:00:00,59.885536193847656
srv-004,2017-06-25 04:00:00,59.72871398925781
srv-004,2017-06-25 05:00:00,57.73466491699219
srv-004,2017-06-25 06:00:00,57.40618133544922
srv-004,2017-06-25 07:00:00,55.10710144042969
srv-004,2017-06-25 08:00:00,54.70573043823242
srv-004,2017-06-25 09:00:00,56.86775588989258
srv-004,2017-06-25 10:00:00,58.140804290771484
srv-004,2017-06-25 11:00:00,61.72610855102539
srv-004,2017-06-25 12:00:00,62.4821662902832
srv-004,2017-06-25 13:00:00,62.60420227050781
srv-004,2017-06-25 14:00:00,61.25766372680664
srv-004,2017-06-25 15:00:00,61.31511306762695
srv-004,2017-06-25 16:00:00,60.924781799316406
srv-004,2017-06-25 17:00:00,60.90902328491211
srv-004,2017-06-25 18:00:00,64.83883666992188
srv-004,2017-06-25 19:00:00,64.57510375976562
srv-004,2017-06-25 20:00:00,65.93524932861328
srv-004,2017-06-25 21:00:00,63.46271514892578
srv-004,2017-06-25 22:00:00,66.12391662597656
srv-004,2017-06-25 23:00:00,63.4637565612793
srv-004,2017-06-26 00:00:00,63.554649353027344
srv-004,2017-06-26 01:00:00,60.23821258544922
srv-004,2017-06-26 02:00:00,59.65050506591797
srv-004,2017-06-26 03:00:00,68.18949890136719
srv-004,2017-06-26 04:00:00,69.57038879394531
srv-004,2017-06-26 05:00:00,63.09001922607422
srv-004,2017-06-26 06:00:00,62.853328704833984
srv-004,2017-06-26 07:00:00,66.93565368652344
srv-004,2017-06-26 08:00:00,69.58421325683594
srv-004,2017-06-26 09:00:00,68.53311157226562
srv-004,2017-06-26 10:00:00,67.42045593261719
srv-004,2017-06-26 11:00:00,71.4224853515625
srv-004,2017-06-26 12:00:00,69.52876281738281
srv-004,2017-06-26 13:00:00,69.52737426757812
srv-004,2017-06-26 14:00:00,64.99388122558594
srv-004,2017-06-26 15:00:00,62.23679733276367
srv-004,2017-06-26 16:00:00,64.26271057128906
srv-004,2017-06-26 17:00:00,64.44839477539062
srv-004,2017-06-26 18:00:00,65.17301940917969
srv-004,2017-06-26 19:00:00,66.3062744140625
srv-004,2017-06-26 20:00:00,71.26206970214844
srv-004,2017-06-26 21:00:00,72.45074462890625
srv-004,2017-06-26 22:00:00,72.38201904296875
srv-004,2017-06-26 23:00:00,70.23255920410156
srv-004,2017-06-27 00:00:00,67.97129821777344
srv-004,2017-06-27 01:00:00,66.97309875488281
srv-004,2017-06-27 02:00:00,68.1839599609375
srv-004,2017-06-27 03:00:00,69.41487121582031
srv-004,2017-06-27 04:00:00,72.16217041015625
srv-004,2017-06-27 05:00:00,73.987548828125
srv-004,2017-06-27 06:00:00,73.64874267578125
srv-004,2017-06-27 07:00:00,69.39715576171875
srv-004,2017-06-27 08:00:00,69.51597595214844
srv-004,2017-06-27 09:00:00,67.59617614746094
srv-004,2017-06-27 10:00:00,69.74142456054688
srv-004,2017-06-27 11:00:00,73.464111328125
srv-004,2017-06-27 12:00:00,74.43119812011719
srv-004,2017-06-27 13:00:00,73.99649047851562
srv-004,2017-06-27 14:00:00,74.13986206054688
srv-004,2017-06-27 15:00:00,72.43125915527344
srv-004,2017-06-27 16:00:00,70.46316528320312
srv-004,2017-06-27 17:00:00,69.54757690429688
srv-004,2017-06-27 18:00:00,74.01962280273438
srv-004,2017-06-27 19:00:00,70.36152648925781
srv-004,2017-06-27 20:00:00,68.58657836914062
srv-004,2017-06-27 21:00:00,77.68501281738281
srv-004,2017-06-27 22:00:00,72.34971618652344
srv-004,2017-06-27 23:00:00,72.24859619140625
srv-004,2017-06-28 00:00:00,67.94247436523438
srv-004,2017-06-28 01:00:00,69.45979309082031
srv-004,2017-06-28 02:00:00,68.77145385742188
srv-004,2017-06-28 03:00:00,67.02143859863281
srv-004,2017-06-28 04:00:00,67.26036071777344
srv-004,2017-06-28 05:00:00,70.36688232421875
srv-004,2017-06-28 06:00:00,70.49372863769531
srv-004,2017-06-28 07:00:00,71.69734191894531
srv-004,2017-06-28 08:00:00,69.37696838378906
srv-004,2017-06-28 09:00:00,67.34739685058594
srv-004,2017-06-28 10:00:00,64.80032348632812
srv-004,2017-06-28 11:00:00,64.74334716796875
srv-004,2017-06-28 12:00:00,67.34529113769531
srv-004,2017-06-28 13:00:00,66.81430053710938
srv-004,2017-06-28 14:00:00,68.60922241210938
srv-004,2017-06-28 15:00:00,67.72047424316406
srv-004,2017-06-28 16:00:00,66.14471435546875
srv-004,2017-06-28 17:00:00,64.30218505859375
srv-004,2017-06-28 18:00:00,66.8929443359375
srv-004,2017-06-28 19:00:00,65.6495590209961
srv-004,2017-06-28 20:00:00,65.32100677490234
srv-004,2017-06-28 21:00:00,64.05458068847656
srv-004,2017-06-28 22:00:00,64.39112854003906
srv-004,2017-06-28 23:00:00,64.32527160644531
srv-004,2017-06-29 00:00:00,64.48379516601562
srv-004,2017-06-29 01:00:00,63.49497604370117
srv-004,2017-06-29 02:00:00,63.342350006103516
srv-004,2017-06-29 03:00:00,61.930484771728516
srv-004,2017-06-29 04:00:00,64.52497863769531
srv-004,2017-06-29 05:00:00,61.289669036865234
srv-004,2017-06-29 06:00:00,59.080169677734375
srv-004,2017-06-29 07:00:00,61.21110153198242
srv-004,2017-06-29 08:00:00,60.549198150634766
srv-004,2017-06-29 09:00:00,61.95876693725586
srv-004,2017-06-29 10:00:00,59.10862731933594
srv-004,2017-06-29 11:00:00,57.304080963134766
srv-004,2017-06-29 12:00:00,58.23831558227539
srv-004,2017-06-29 13:00:00,59.560874938964844
srv-004,2017-06-29 14:00:00,63.756683349609375
srv-004,2017-06-29 15:00:00,63.08892059326172
srv-004,2017-06-29 16:00:00,57.377891540527344
srv-004,2017-06-29 17:00:00,63.20071792602539
srv-004,2017-06-29 18:00:00,60.689632415771484
srv-004,2017-06-29 19:00:00,66.22120666503906
srv-004,2017-06-29 20:00:00,62.92990493774414
srv-004,2017-06-29 21:00:00,51.255577087402344
srv-004,2017-06-29 22:00:00,54.68400573730469
srv-004,2017-06-29 23:00:00,59.755184173583984
srv-004,2017-06-30 00:00:00,65.84098052978516
srv-004,2017-06-30 01:00:00,60.66329574584961
srv-004,2017-06-30 02:00:00,60.3687629699707
srv-004,2017-06-30 03:00:00,60.96111297607422
srv-004,2017-06-30 04:00:00,60.98055648803711
srv-004,2017-06-30 05:00:00,62.30534744262695
srv-004,2017-06-30 06:00:00,62.350318908691406
srv-004,2017-06-30 07:00:00,61.24669647216797
srv-004,2017-06-30 08:00:00,59.88322830200195
srv-004,2017-06-30 09:00:00,57.90054702758789
srv-004,2017-06-30 10:00:00,56.30040740966797
srv-004,2017-06-30 11:00:00,57.36561584472656
srv-004,2017-06-30 12:00:00,55.33258056640625
srv-004,2017-06-30 13:00:00,52.16044998168945
srv-004,2017-06-30 14:00:00,54.39289474487305
srv-004,2017-06-30 15:00:00,57.46404266357422
srv-004,2017-06-30 16:00:00,58.97734069824219
srv-004,2017-06-30 17:00:00,59.793216705322266
srv-004,2017-06-30 18:00:00,59.58415222167969
srv-004,2017-06-30 19:00:00,60.82786178588867
srv-004,2017-06-30 20:00:00,59.28117752075195
srv-004,2017-06-30 21:00:00,58.38772201538086
srv-004,2017-06-30 22:00:00,56.59170150756836
srv-004,2017-06-30 23:00:00,54.210147857666016
srv-005,2017-06-01 23:00:00,39.792205810546875
srv-005,2017-06-02 00:00:00,42.55026626586914
srv-005,2017-06-02 01:00:00,45.07498550415039
srv-005,2017-06-02 02:00:00,44.315059661865234
srv-005,2017-06-02 03:00:00,44.1531867980957
srv-005,2017-06-02 04:00:00,44.169063568115234
srv-005,2017-06-02 05:00:00,45.93840026855469
srv-005,2017-06-02 06:00:00,44.91685104370117
srv-005,2017-06-02 07:00:00,43.01310348510742
srv-005,2017-06-02 08:00:00,42.78138732910156
srv-005,2017-06-02 09:00:00,43.23408889770508
srv-005,2017-06-02 10:00:00,43.019126892089844
srv-005,2017-06-02 11:00:00,42.6162109375
srv-005,2017-06-02 12:00:00,40.871192932128906
srv-005,2017-06-02 13:00:00,40.20806884765625
srv-005,2017-06-02 14:00:00,40.539894104003906
srv-005,2017-06-02 15:00:00,40.63371658325195
srv-005,2017-06-02 16:00:00,40.8758430480957
srv-005,2017-06-02 17:00:00,42.4499626159668
srv-005,2017-06-02 18:00:00,42.16019058227539
srv-005,2017-06-02 19:00:00,41.14377975463867
srv-005,2017-06-02 20:00:00,41.105133056640625
srv-005,2017-06-02 21:00:00,40.2213249206543
srv-005,2017-06-02 22:00:00,40.220211029052734
srv-005,2017-06-02 23:00:00,39.94992446899414
srv-005,2017-06-03 00:00:00,41.86508560180664
srv-005,2017-06-03 01:00:00,42.616817474365234
srv-005,2017-06-03 02:00:00,42.16351318359375
srv-005,2017-06-03 03:00:00,41.66713333129883
srv-005,2017-06-03 04:00:00,41.78995895385742
srv-005,2017-06-03 05:00:00,41.763221740722656
srv-005,2017-06-03 06:00:00,42.091739654541016
srv-005,2017-06-03 07:00:00,42.233665466308594
srv-005,2017-06-03 08:00:00,42.69467544555664
srv-005,2017-06-03 09:00:00,42.182926177978516
srv-005,2017-06-03 10:00:00,43.19404220581055
srv-005,2017-06-03 11:00:00,43.84717559814453
srv-005,2017-06-03 12:00:00,44.0153923034668
srv-005,2017-06-03 13:00:00,43.74126052856445
srv-005,2017-06-03 14:00:00,43.79693603515625
srv-005,2017-06-03 15:00:00,43.58389663696289
srv-005,2017-06-03 16:00:00,43.2572135925293
srv-005,2017-06-03 17:00:00,42.48178482055664
srv-005,2017-06-03 18:00:00,42.49311828613281
srv-005,2017-06-03 19:00:00,46.986534118652344
srv-005,2017-06-03 20:00:00,45.64591598510742
srv-005,2017-06-03 21:00:00,44.73906326293945
srv-005,2017-06-03 22:00:00,42.866336822509766
srv-005,2017-06-03 23:00:00,42.77674102783203
srv-005,2017-06-04 00:00:00,43.07944107055664
srv-005,2017-06-04 01:00:00,43.167015075683594
srv-005,2017-06-04 02:00:00,42.89107131958008
srv-005,2017-06-04 03:00:00,42.82184600830078
srv-005,2017-06-04 04:00:00,43.40486526489258
srv-005,2017-06-04 05:00:00,43.643795013427734
srv-005,2017-06-04 06:00:00,43.89095687866211
srv-005,2017-06-04 07:00:00,43.469486236572266
srv-005,2017-06-04 08:00:00,43.63886642456055
srv-005,2017-06-04 09:00:00,43.10917282104492
srv-005,2017-06-04 10:00:00,42.583473205566406
srv-005,2017-06-04 11:00:00,42.7171745300293
srv-005,2017-06-04 12:00:00,42.42772674560547
srv-005,2017-06-04 13:00:00,43.16440200805664
srv-005,2017-06-04 14:00:00,43.431514739990234
srv-005,2017-06-04 15:00:00,42.96846389770508
srv-005,2017-06-04 16:00:00,42.98857498168945
srv-005,2017-06-04 17:00:00,42.90312194824219
srv-005,2017-06-04 18:00:00,42.50526809692383
srv-005,2017-06-04 19:00:00,42.60098648071289
srv-005,2017-06-04 20:00:00,42.815185546875
srv-005,2017-06-04 21:00:00,42.64022445678711
srv-005,2017-06-04 22:00:00,42.95112228393555
srv-005,2017-06-04 23:00:00,43.08209228515625
srv-005,2017-06-05 00:00:00,39.90120315551758
srv-005,2017-06-05 01:00:00,40.71377944946289
srv-005,2017-06-05 02:00:00,41.360816955566406
srv-005,2017-06-05 03:00:00,41.71733856201172
srv-005,2017-06-05 04:00:00,42.03811264038086
srv-005,2017-06-05 05:00:00,42.197330474853516
srv-005,2017-06-05 06:00:00,42.737586975097656
srv-005,2017-06-05 07:00:00,43.24349594116211
srv-005,2017-06-05 08:00:00,43.29984664916992
srv-005,2017-06-05 09:00:00,43.3043098449707
srv-005,2017-06-05 10:00:00,43.59103775024414
srv-005,2017-06-05 11:00:00,44.271236419677734
srv-005,2017-06-05 12:00:00,45.33445358276367
srv-005,2017-06-05 13:00:00,44.41721725463867
srv-005,2017-06-05 14:00:00,45.002872467041016
srv-005,2017-06-05 15:00:00,44.80390167236328
srv-005,2017-06-05 16:00:00,44.9930419921875
srv-005,2017-06-05 17:00:00,45.102664947509766
srv-005,2017-06-05 18:00:00,44.818939208984375
srv-005,2017-06-05 19:00:00,44.95146560668945
srv-005,2017-06-05 20:00:00,44.925045013427734
srv-005,2017-06-05 21:00:00,44.850833892822266
srv-005,2017-06-05 22:00:00,44.80889892578125
srv-005,2017-06-05 23:00:00,44.72126007080078
srv-005,2017-06-06 00:00:00,44.784427642822266
srv-005,2017-06-06 01:00:00,45.0635986328125
srv-005,2017-06-06 02:00:00,45.213748931884766
srv-005,2017-06-06 03:00:00,45.11216354370117
srv-005,2017-06-06 04:00:00,45.5678825378418
srv-005,2017-06-06 05:00:00,45.324764251708984
srv-005,2017-06-06 06:00:00,45.569637298583984
srv-005,2017-06-06 07:00:00,45.68010330200195
srv-005,2017-06-06 08:00:00,45.45393753051758
srv-005,2017-06-06 09:00:00,45.300453186035156
srv-005,2017-06-06 10:00:00,44.951663970947266
srv-005,2017-06-06 11:00:00,44.51250076293945
srv-005,2017-06-06 12:00:00,44.48643112182617
srv-005,2017-06-06 13:00:00,44.91105270385742
srv-005,2017-06-06 14:00:00,44.87135314941406
srv-005,2017-06-06 15:00:00,44.77130889892578
srv-005,2017-06-06 16:00:00,44.469940185546875
srv-005,2017-06-06 17:00:00,44.69021987915039
srv-005,2017-06-06 18:00:00,44.45454788208008
srv-005,2017-06-06 19:00:00,44.39567947387695
srv-005,2017-06-06 20:00:00,44.37604904174805
srv-005,2017-06-06 21:00:00,44.26984786987305
srv-005,2017-06-06 22:00:00,44.5886344909668
srv-005,2017-06-06 23:00:00,44.73018264770508
srv-005,2017-06-07 00:00:00,44.855953216552734
srv-005,2017-06-07 01:00:00,45.32816696166992
srv-005,2017-06-07 02:00:00,44.993751525878906
srv-005,2017-06-07 03:00:00,45.09062194824219
srv-005,2017-06-07 04:00:00,44.79970932006836
srv-005,2017-06-07 05:00:00,44.44998550415039
srv-005,2017-06-07 06:00:00,44.201866149902344
srv-005,2017-06-07 07:00:00,44.69375228881836
srv-005,2017-06-07 08:00:00,44.561893463134766
srv-005,2017-06-07 09:00:00,44.19622802734375
srv-005,2017-06-07 10:00:00,44.2692985534668
srv-005,2017-06-07 11:00:00,44.87561798095703
srv-005,2017-06-07 12:00:00,44.7390022277832
srv-005,2017-06-07 13:00:00,43.744571685791016
srv-005,2017-06-07 14:00:00,43.89767837524414
srv-005,2017-06-07 15:00:00,44.4878044128418
srv-005,2017-06-07 16:00:00,44.49283218383789
srv-005,2017-06-07 17:00:00,44.35957717895508
srv-005,2017-06-07 18:00:00,44.039241790771484
srv-005,2017-06-07 19:00:00,43.3925895690918
srv-005,2017-06-07 20:00:00,43.16030502319336
srv-005,2017-06-07 21:00:00,43.0051383972168
srv-005,2017-06-07 22:00:00,42.851768493652344
srv-005,2017-06-07 23:00:00,42.80946350097656
srv-005,2017-06-08 00:00:00,43.21330642700195
srv-005,2017-06-08 01:00:00,44.06818771362305
srv-005,2017-06-08 02:00:00,44.43001937866211
srv-005,2017-06-08 03:00:00,43.65929412841797
srv-005,2017-06-08 04:00:00,43.807491302490234
srv-005,2017-06-08 05:00:00,43.42730712890625
srv-005,2017-06-08 06:00:00,43.73306655883789
srv-005,2017-06-08 07:00:00,43.84236145019531
srv-005,2017-06-08 08:00:00,43.84170913696289
srv-005,2017-06-08 09:00:00,44.04623031616211
srv-005,2017-06-08 10:00:00,44.26482009887695
srv-005,2017-06-08 11:00:00,43.989200592041016
srv-005,2017-06-08 12:00:00,43.08628463745117
srv-005,2017-06-08 13:00:00,41.95139694213867
srv-005,2017-06-08 14:00:00,41.92722702026367
srv-005,2017-06-08 15:00:00,41.886741638183594
srv-005,2017-06-08 16:00:00,41.99005889892578
srv-005,2017-06-08 17:00:00,46.66121292114258
srv-005,2017-06-08 18:00:00,45.65324401855469
srv-005,2017-06-08 19:00:00,43.38167953491211
srv-005,2017-06-08 20:00:00,43.005943298339844
srv-005,2017-06-08 21:00:00,41.6677360534668
srv-005,2017-06-08 22:00:00,41.544403076171875
srv-005,2017-06-08 23:00:00,41.570125579833984
srv-005,2017-06-09 00:00:00,41.7065544128418
srv-005,2017-06-09 01:00:00,41.257476806640625
srv-005,2017-06-09 02:00:00,41.60264205932617
srv-005,2017-06-09 03:00:00,41.78671646118164
srv-005,2017-06-09 04:00:00,41.854610443115234
srv-005,2017-06-09 05:00:00,41.909481048583984
srv-005,2017-06-09 06:00:00,41.947975158691406
srv-005,2017-06-09 07:00:00,41.94621276855469
srv-005,2017-06-09 08:00:00,41.99286651611328
srv-005,2017-06-09 09:00:00,41.97285079956055
srv-005,2017-06-09 10:00:00,41.76979446411133
srv-005,2017-06-09 11:00:00,41.66604995727539
srv-005,2017-06-09 12:00:00,42.172550201416016
srv-005,2017-06-09 13:00:00,41.87519454956055
srv-005,2017-06-09 14:00:00,41.679500579833984
srv-005,2017-06-09 15:00:00,41.71295928955078
srv-005,2017-06-09 16:00:00,40.69881057739258
srv-005,2017-06-09 17:00:00,40.603763580322266
srv-005,2017-06-09 18:00:00,41.2299919128418
srv-005,2017-06-09 19:00:00,40.94442367553711
srv-005,2017-06-09 20:00:00,41.036094665527344
srv-005,2017-06-09 21:00:00,41.560577392578125
srv-005,2017-06-09 22:00:00,41.508419036865234
srv-005,2017-06-09 23:00:00,41.028709411621094
srv-005,2017-06-10 00:00:00,42.43042755126953
srv-005,2017-06-10 01:00:00,41.80147171020508
srv-005,2017-06-10 02:00:00,43.034610748291016
srv-005,2017-06-10 03:00:00,43.066646575927734
srv-005,2017-06-10 04:00:00,42.280723571777344
srv-005,2017-06-10 05:00:00,42.09433364868164
srv-005,2017-06-10 06:00:00,41.34566879272461
srv-005,2017-06-10 07:00:00,41.756690979003906
srv-005,2017-06-10 08:00:00,42.90316390991211
srv-005,2017-06-10 09:00:00,42.22418212890625
srv-005,2017-06-10 10:00:00,42.180702209472656
srv-005,2017-06-10 11:00:00,42.48484420776367
srv-005,2017-06-10 12:00:00,42.71084976196289
srv-005,2017-06-10 13:00:00,43.54582595825195
srv-005,2017-06-10 14:00:00,43.292606353759766
srv-005,2017-06-10 15:00:00,44.22433853149414
srv-005,2017-06-10 16:00:00,44.064815521240234
srv-005,2017-06-10 17:00:00,44.024723052978516
srv-005,2017-06-10 18:00:00,43.61583709716797
srv-005,2017-06-10 19:00:00,43.071903228759766
srv-005,2017-06-10 20:00:00,43.0074348449707
srv-005,2017-06-10 21:00:00,43.314605712890625
srv-005,2017-06-10 22:00:00,42.97579574584961
srv-005,2017-06-10 23:00:00,42.89348602294922
srv-005,2017-06-11 00:00:00,42.48208999633789
srv-005,2017-06-11 01:00:00,42.98928451538086
srv-005,2017-06-11 02:00:00,43.110748291015625
srv-005,2017-06-11 03:00:00,43.20846176147461
srv-005,2017-06-11 04:00:00,42.38053512573242
srv-005,2017-06-11 05:00:00,42.679866790771484
srv-005,2017-06-11 06:00:00,42.529090881347656
srv-005,2017-06-11 07:00:00,42.54420852661133
srv-005,2017-06-11 08:00:00,42.960609436035156
srv-005,2017-06-11 09:00:00,42.862815856933594
srv-005,2017-06-11 10:00:00,43.219993591308594
srv-005,2017-06-11 11:00:00,42.983333587646484
srv-005,2017-06-11 12:00:00,43.163875579833984
srv-005,2017-06-11 13:00:00,44.35343933105469
srv-005,2017-06-11 14:00:00,44.30414962768555
srv-005,2017-06-11 15:00:00,43.834449768066406
srv-005,2017-06-11 16:00:00,42.95391845703125
srv-005,2017-06-11 17:00:00,42.844818115234375
srv-005,2017-06-11 18:00:00,42.85084533691406
srv-005,2017-06-11 19:00:00,42.11945724487305
srv-005,2017-06-11 20:00:00,42.984310150146484
srv-005,2017-06-11 21:00:00,42.8267707824707
srv-005,2017-06-11 22:00:00,42.795291900634766
srv-005,2017-06-11 23:00:00,42.81880187988281
srv-005,2017-06-12 00:00:00,39.339481353759766
srv-005,2017-06-12 01:00:00,40.145904541015625
srv-005,2017-06-12 02:00:00,41.0061149597168
srv-005,2017-06-12 03:00:00,42.02052688598633
srv-005,2017-06-12 04:00:00,42.39645004272461
srv-005,2017-06-12 05:00:00,43.29050064086914
srv-005,2017-06-12 06:00:00,43.76591873168945
srv-005,2017-06-12 07:00:00,43.8503532409668
srv-005,2017-06-12 08:00:00,44.17171096801758
srv-005,2017-06-12 09:00:00,43.96121597290039
srv-005,2017-06-12 10:00:00,43.4729118347168
srv-005,2017-06-12 11:00:00,43.6548957824707
srv-005,2017-06-12 12:00:00,44.623416900634766
srv-005,2017-06-12 13:00:00,44.36096954345703
srv-005,2017-06-12 14:00:00,44.4830436706543
srv-005,2017-06-12 15:00:00,44.33230972290039
srv-005,2017-06-12 16:00:00,45.13315963745117
srv-005,2017-06-12 17:00:00,45.17338180541992
srv-005,2017-06-12 18:00:00,45.24349594116211
srv-005,2017-06-12 19:00:00,45.34036636352539
srv-005,2017-06-12 20:00:00,44.937862396240234
srv-005,2017-06-12 21:00:00,45.08623123168945
srv-005,2017-06-12 22:00:00,44.93488693237305
srv-005,2017-06-12 23:00:00,44.98918914794922
srv-005,2017-06-13 00:00:00,45.60331344604492
srv-005,2017-06-13 01:00:00,45.56402587890625
srv-005,2017-06-13 02:00:00,45.28391647338867
srv-005,2017-06-13 03:00:00,45.22740173339844
srv-005,2017-06-13 04:00:00,45.184356689453125
srv-005,2017-06-13 05:00:00,45.129615783691406
srv-005,2017-06-13 06:00:00,45.108760833740234
srv-005,2017-06-13 07:00:00,44.91600036621094
srv-005,2017-06-13 08:00:00,45.03737258911133
srv-005,2017-06-13 09:00:00,45.2519416809082
srv-005,2017-06-13 10:00:00,44.9453239440918
srv-005,2017-06-13 11:00:00,44.841365814208984
srv-005,2017-06-13 12:00:00,44.74833297729492
srv-005,2017-06-13 13:00:00,44.44052505493164
srv-005,2017-06-13 14:00:00,44.36630630493164
srv-005,2017-06-13 15:00:00,44.44497299194336
srv-005,2017-06-13 16:00:00,44.58792495727539
srv-005,2017-06-13 17:00:00,44.66899490356445
srv-005,2017-06-13 18:00:00,44.739200592041016
srv-005,2017-06-13 19:00:00,44.46311569213867
srv-005,2017-06-13 20:00:00,44.670955657958984
srv-005,2017-06-13 21:00:00,44.409366607666016
srv-005,2017-06-13 22:00:00,44.11294937133789
srv-005,2017-06-13 23:00:00,44.67936706542969
srv-005,2017-06-14 00:00:00,44.96590042114258
srv-005,2017-06-14 01:00:00,45.15580749511719
srv-005,2017-06-14 02:00:00,44.71086120605469
srv-005,2017-06-14 03:00:00,44.9326171875
srv-005,2017-06-14 04:00:00,44.12492370605469
srv-005,2017-06-14 05:00:00,43.99452590942383
srv-005,2017-06-14 06:00:00,44.070587158203125
srv-005,2017-06-14 07:00:00,44.37202453613281
srv-005,2017-06-14 08:00:00,44.8679084777832
srv-005,2017-06-14 09:00:00,44.53611373901367
srv-005,2017-06-14 10:00:00,44.66824722290039
srv-005,2017-06-14 11:00:00,44.39939498901367
srv-005,2017-06-14 12:00:00,43.63667297363281
srv-005,2017-06-14 13:00:00,43.040714263916016
srv-005,2017-06-14 14:00:00,42.82467269897461
srv-005,2017-06-14 15:00:00,42.87685012817383
srv-005,2017-06-14 16:00:00,43.159481048583984
srv-005,2017-06-14 17:00:00,43.354400634765625
srv-005,2017-06-14 18:00:00,43.658084869384766
srv-005,2017-06-14 19:00:00,43.91085433959961
srv-005,2017-06-14 20:00:00,43.81233215332031
srv-005,2017-06-14 21:00:00,43.68671798706055
srv-005,2017-06-14 22:00:00,43.51919174194336
srv-005,2017-06-14 23:00:00,42.81520080566406
srv-005,2017-06-15 00:00:00,43.15324020385742
srv-005,2017-06-15 01:00:00,43.243648529052734
srv-005,2017-06-15 02:00:00,43.1551628112793
srv-005,2017-06-15 03:00:00,42.97073745727539
srv-005,2017-06-15 04:00:00,42.89181137084961
srv-005,2017-06-15 05:00:00,42.6956672668457
srv-005,2017-06-15 06:00:00,43.892757415771484
srv-005,2017-06-15 07:00:00,43.92140197753906
srv-005,2017-06-15 08:00:00,43.87894821166992
srv-005,2017-06-15 09:00:00,44.04551696777344
srv-005,2017-06-15 10:00:00,43.67788314819336
srv-005,2017-06-15 11:00:00,43.725032806396484
srv-005,2017-06-15 12:00:00,42.792659759521484
srv-005,2017-06-15 13:00:00,41.90677261352539
srv-005,2017-06-15 14:00:00,41.947975158691406
srv-005,2017-06-15 15:00:00,41.95856857299805
srv-005,2017-06-15 16:00:00,42.630828857421875
srv-005,2017-06-15 17:00:00,43.00524139404297
srv-005,2017-06-15 18:00:00,42.9880256652832
srv-005,2017-06-15 19:00:00,43.226016998291016
srv-005,2017-06-15 20:00:00,43.11435317993164
srv-005,2017-06-15 21:00:00,42.815059661865234
srv-005,2017-06-15 22:00:00,42.231040954589844
srv-005,2017-06-15 23:00:00,42.057586669921875
srv-005,2017-06-16 00:00:00,42.8549919128418
srv-005,2017-06-16 01:00:00,42.9561653137207
srv-005,2017-06-16 02:00:00,42.41817092895508
srv-005,2017-06-16 03:00:00,41.96651840209961
srv-005,2017-06-16 04:00:00,41.45351791381836
srv-005,2017-06-16 05:00:00,41.60872268676758
srv-005,2017-06-16 06:00:00,41.698875427246094
srv-005,2017-06-16 07:00:00,42.08094787597656
srv-005,2017-06-16 08:00:00,42.3991813659668
srv-005,2017-06-16 09:00:00,42.40230178833008
srv-005,2017-06-16 10:00:00,42.45474624633789
srv-005,2017-06-16 11:00:00,42.73305892944336
srv-005,2017-06-16 12:00:00,41.95109939575195
srv-005,2017-06-16 13:00:00,41.27140808105469
srv-005,2017-06-16 14:00:00,41.063690185546875
srv-005,2017-06-16 15:00:00,40.50235366821289
srv-005,2017-06-16 16:00:00,40.34278869628906
srv-005,2017-06-16 17:00:00,39.758338928222656
srv-005,2017-06-16 18:00:00,39.623619079589844
srv-005,2017-06-16 19:00:00,40.181392669677734
srv-005,2017-06-16 20:00:00,40.18147659301758
srv-005,2017-06-16 21:00:00,40.9704704284668
srv-005,2017-06-16 22:00:00,40.9741325378418
srv-005,2017-06-16 23:00:00,41.15665817260742
srv-005,2017-06-17 00:00:00,44.47065734863281
srv-005,2017-06-17 01:00:00,43.69367980957031
srv-005,2017-06-17 02:00:00,43.02959442138672
srv-005,2017-06-17 03:00:00,42.46955490112305
srv-005,2017-06-17 04:00:00,41.810123443603516
srv-005,2017-06-17 05:00:00,42.1579704284668
srv-005,2017-06-17 06:00:00,41.95171356201172
srv-005,2017-06-17 07:00:00,41.85761642456055
srv-005,2017-06-17 08:00:00,41.98567581176758
srv-005,2017-06-17 09:00:00,42.88692855834961
srv-005,2017-06-17 10:00:00,42.79216384887695
srv-005,2017-06-17 11:00:00,42.511661529541016
srv-005,2017-06-17 12:00:00,42.45773696899414
srv-005,2017-06-17 13:00:00,43.32465362548828
srv-005,2017-06-17 14:00:00,43.9764518737793
srv-005,2017-06-17 15:00:00,44.19475555419922
srv-005,2017-06-17 16:00:00,44.23371505737305
srv-005,2017-06-17 17:00:00,43.968238830566406
srv-005,2017-06-17 18:00:00,43.81301498413086
srv-005,2017-06-17 19:00:00,44.255672454833984
srv-005,2017-06-17 20:00:00,44.133914947509766
srv-005,2017-06-17 21:00:00,43.31367111206055
srv-005,2017-06-17 22:00:00,43.1106071472168
srv-005,2017-06-17 23:00:00,43.00448226928711
srv-005,2017-06-18 00:00:00,43.44852066040039
srv-005,2017-06-18 01:00:00,43.83169174194336
srv-005,2017-06-18 02:00:00,43.719085693359375
srv-005,2017-06-18 03:00:00,43.77922439575195
srv-005,2017-06-18 04:00:00,43.072566986083984
srv-005,2017-06-18 05:00:00,42.76554870605469
srv-005,2017-06-18 06:00:00,42.89634323120117
srv-005,2017-06-18 07:00:00,42.7263069152832
srv-005,2017-06-18 08:00:00,43.103755950927734
srv-005,2017-06-18 09:00:00,42.94668197631836
srv-005,2017-06-18 10:00:00,42.95431900024414
srv-005,2017-06-18 11:00:00,43.8657112121582
srv-005,2017-06-18 12:00:00,43.24279022216797
srv-005,2017-06-18 13:00:00,43.46363067626953
srv-005,2017-06-18 14:00:00,44.01513671875
srv-005,2017-06-18 15:00:00,43.72832107543945
srv-005,2017-06-18 16:00:00,43.71929931640625
srv-005,2017-06-18 17:00:00,44.178585052490234
srv-005,2017-06-18 18:00:00,44.63181686401367
srv-005,2017-06-18 19:00:00,44.467918395996094
srv-005,2017-06-18 20:00:00,43.85060501098633
srv-005,2017-06-18 21:00:00,44.20334243774414
srv-005,2017-06-18 22:00:00,44.27231216430664
srv-005,2017-06-18 23:00:00,44.23885726928711
srv-005,2017-06-19 00:00:00,40.304691314697266
srv-005,2017-06-19 01:00:00,41.0158576965332
srv-005,2017-06-19 02:00:00,41.709720611572266
srv-005,2017-06-19 03:00:00,42.19689178466797
srv-005,2017-06-19 04:00:00,42.517765045166016
srv-005,2017-06-19 05:00:00,42.682796478271484
srv-005,2017-06-19 06:00:00,43.722312927246094
srv-005,2017-06-19 07:00:00,43.827999114990234
srv-005,2017-06-19 08:00:00,44.33483123779297
srv-005,2017-06-19 09:00:00,44.79197311401367
srv-005,2017-06-19 10:00:00,44.784339904785156
srv-005,2017-06-19 11:00:00,44.99735641479492
srv-005,2017-06-19 12:00:00,45.40562057495117
srv-005,2017-06-19 13:00:00,45.27024841308594
srv-005,2017-06-19 14:00:00,45.02556610107422
srv-005,2017-06-19 15:00:00,44.55088424682617
srv-005,2017-06-19 16:00:00,44.70310592651367
srv-005,2017-06-19 17:00:00,44.61549758911133
srv-005,2017-06-19 18:00:00,44.585575103759766
srv-005,2017-06-19 19:00:00,44.501007080078125
srv-005,2017-06-19 20:00:00,44.261390686035156
srv-005,2017-06-19 21:00:00,44.663055419921875
srv-005,2017-06-19 22:00:00,44.52143096923828
srv-005,2017-06-19 23:00:00,44.083717346191406
srv-005,2017-06-20 00:00:00,44.82893371582031
srv-005,2017-06-20 01:00:00,45.99263381958008
srv-005,2017-06-20 02:00:00,46.41551208496094
srv-005,2017-06-20 03:00:00,46.62727737426758
srv-005,2017-06-20 04:00:00,46.335906982421875
srv-005,2017-06-20 05:00:00,46.105018615722656
srv-005,2017-06-20 06:00:00,45.556819915771484
srv-005,2017-06-20 07:00:00,45.328372955322266
srv-005,2017-06-20 08:00:00,44.98044967651367
srv-005,2017-06-20 09:00:00,44.69929504394531
srv-005,2017-06-20 10:00:00,44.70579147338867
srv-005,2017-06-20 11:00:00,44.61933135986328
srv-005,2017-06-20 12:00:00,44.42009735107422
srv-005,2017-06-20 13:00:00,44.01955032348633
srv-005,2017-06-20 14:00:00,44.30520248413086
srv-005,2017-06-20 15:00:00,44.04035186767578
srv-005,2017-06-20 16:00:00,44.07289505004883
srv-005,2017-06-20 17:00:00,44.46052551269531
srv-005,2017-06-20 18:00:00,44.893306732177734
srv-005,2017-06-20 19:00:00,45.061283111572266
srv-005,2017-06-20 20:00:00,44.99508285522461
srv-005,2017-06-20 21:00:00,45.057220458984375
srv-005,2017-06-20 22:00:00,45.00377655029297
srv-005,2017-06-20 23:00:00,45.04624557495117
srv-005,2017-06-21 00:00:00,45.30998611450195
srv-005,2017-06-21 01:00:00,44.9976921081543
srv-005,2017-06-21 02:00:00,44.91671371459961
srv-005,2017-06-21 03:00:00,44.62646484375
srv-005,2017-06-21 04:00:00,44.193687438964844
srv-005,2017-06-21 05:00:00,44.10745620727539
srv-005,2017-06-21 06:00:00,43.9259033203125
srv-005,2017-06-21 07:00:00,43.8689079284668
srv-005,2017-06-21 08:00:00,43.844905853271484
srv-005,2017-06-21 09:00:00,44.77180862426758
srv-005,2017-06-21 10:00:00,44.70817947387695
srv-005,2017-06-21 11:00:00,45.06644058227539
srv-005,2017-06-21 12:00:00,44.944190979003906
srv-005,2017-06-21 13:00:00,44.6091423034668
srv-005,2017-06-21 14:00:00,44.26498794555664
srv-005,2017-06-21 15:00:00,43.948543548583984
srv-005,2017-06-21 16:00:00,43.8686637878418
srv-005,2017-06-21 17:00:00,43.11511993408203
srv-005,2017-06-21 18:00:00,43.3016242980957
srv-005,2017-06-21 19:00:00,43.09335708618164
srv-005,2017-06-21 20:00:00,42.34014129638672
srv-005,2017-06-21 21:00:00,42.050819396972656
srv-005,2017-06-21 22:00:00,42.6098747253418
srv-005,2017-06-21 23:00:00,42.121158599853516
srv-005,2017-06-22 00:00:00,42.4464225769043
srv-005,2017-06-22 01:00:00,42.23407745361328
srv-005,2017-06-22 02:00:00,41.8116340637207
srv-005,2017-06-22 03:00:00,42.68549728393555
srv-005,2017-06-22 04:00:00,42.93429946899414
srv-005,2017-06-22 05:00:00,43.55226135253906
srv-005,2017-06-22 06:00:00,44.168704986572266
srv-005,2017-06-22 07:00:00,43.85124588012695
srv-005,2017-06-22 08:00:00,43.69503402709961
srv-005,2017-06-22 09:00:00,43.07515335083008
srv-005,2017-06-22 10:00:00,43.00440216064453
srv-005,2017-06-22 11:00:00,42.58848190307617
srv-005,2017-06-22 12:00:00,41.520687103271484
srv-005,2017-06-22 13:00:00,40.84518814086914
srv-005,2017-06-22 14:00:00,41.001277923583984
srv-005,2017-06-22 15:00:00,40.7883186340332
srv-005,2017-06-22 16:00:00,40.95548629760742
srv-005,2017-06-22 17:00:00,41.16613006591797
srv-005,2017-06-22 18:00:00,40.963951110839844
srv-005,2017-06-22 19:00:00,41.16463088989258
srv-005,2017-06-22 20:00:00,41.575477600097656
srv-005,2017-06-22 21:00:00,41.54473114013672
srv-005,2017-06-22 22:00:00,41.783939361572266
srv-005,2017-06-22 23:00:00,41.92027282714844
srv-005,2017-06-23 00:00:00,41.86281967163086
srv-005,2017-06-23 01:00:00,41.76057815551758
srv-005,2017-06-23 02:00:00,41.41389465332031
srv-005,2017-06-23 03:00:00,41.676666259765625
srv-005,2017-06-23 04:00:00,40.81654357910156
srv-005,2017-06-23 05:00:00,41.05742645263672
srv-005,2017-06-23 06:00:00,41.14657211303711
srv-005,2017-06-23 07:00:00,40.67007064819336
srv-005,2017-06-23 08:00:00,40.36174774169922
srv-005,2017-06-23 09:00:00,39.97220230102539
srv-005,2017-06-23 10:00:00,39.97494888305664
srv-005,2017-06-23 11:00:00,40.380977630615234
srv-005,2017-06-23 12:00:00,39.76144790649414
srv-005,2017-06-23 13:00:00,39.799617767333984
srv-005,2017-06-23 14:00:00,39.614437103271484
srv-005,2017-06-23 15:00:00,39.78842544555664
srv-005,2017-06-23 16:00:00,40.5409049987793
srv-005,2017-06-23 17:00:00,41.020538330078125
srv-005,2017-06-23 18:00:00,41.42346954345703
srv-005,2017-06-23 19:00:00,41.56354904174805
srv-005,2017-06-23 20:00:00,41.571617126464844
srv-005,2017-06-23 21:00:00,41.35014343261719
srv-005,2017-06-23 22:00:00,41.25484848022461
srv-005,2017-06-23 23:00:00,40.39131546020508
srv-005,2017-06-24 00:00:00,42.612056732177734
srv-005,2017-06-24 01:00:00,43.06050491333008
srv-005,2017-06-24 02:00:00,43.06422805786133
srv-005,2017-06-24 03:00:00,43.2427978515625
srv-005,2017-06-24 04:00:00,42.944766998291016
srv-005,2017-06-24 05:00:00,42.6808967590332
srv-005,2017-06-24 06:00:00,42.563880920410156
srv-005,2017-06-24 07:00:00,41.994197845458984
srv-005,2017-06-24 08:00:00,41.80925369262695
srv-005,2017-06-24 09:00:00,42.55570602416992
srv-005,2017-06-24 10:00:00,42.38850021362305
srv-005,2017-06-24 11:00:00,42.17904281616211
srv-005,2017-06-24 12:00:00,42.382328033447266
srv-005,2017-06-24 13:00:00,42.51668167114258
srv-005,2017-06-24 14:00:00,43.516300201416016
srv-005,2017-06-24 15:00:00,43.90447998046875
srv-005,2017-06-24 16:00:00,43.6663703918457
srv-005,2017-06-24 17:00:00,43.375938415527344
srv-005,2017-06-24 18:00:00,42.6046142578125
srv-005,2017-06-24 19:00:00,42.647586822509766
srv-005,2017-06-24 20:00:00,42.646732330322266
srv-005,2017-06-24 21:00:00,42.04048156738281
srv-005,2017-06-24 22:00:00,42.31693649291992
srv-005,2017-06-24 23:00:00,42.107425689697266
srv-005,2017-06-25 00:00:00,42.09735870361328
srv-005,2017-06-25 01:00:00,41.8427619934082
srv-005,2017-06-25 02:00:00,41.80338668823242
srv-005,2017-06-25 03:00:00,42.26414108276367
srv-005,2017-06-25 04:00:00,42.263790130615234
srv-005,2017-06-25 05:00:00,41.73755645751953
srv-005,2017-06-25 06:00:00,42.90983963012695
srv-005,2017-06-25 07:00:00,43.18204116821289
srv-005,2017-06-25 08:00:00,43.08595657348633
srv-005,2017-06-25 09:00:00,43.008758544921875
srv-005,2017-06-25 10:00:00,43.634037017822266
srv-005,2017-06-25 11:00:00,43.578041076660156
srv-005,2017-06-25 12:00:00,44.21293258666992
srv-005,2017-06-25 13:00:00,44.51858139038086
srv-005,2017-06-25 14:00:00,44.17110061645508
srv-005,2017-06-25 15:00:00,44.11326217651367
srv-005,2017-06-25 16:00:00,44.05526351928711
srv-005,2017-06-25 17:00:00,43.06769943237305
srv-005,2017-06-25 18:00:00,42.84465026855469
srv-005,2017-06-25 19:00:00,43.089271545410156
srv-005,2017-06-25 20:00:00,43.07296371459961
srv-005,2017-06-25 21:00:00,42.7567253112793
srv-005,2017-06-25 22:00:00,42.87029266357422
srv-005,2017-06-25 23:00:00,43.12621307373047
srv-005,2017-06-26 00:00:00,39.85746765136719
srv-005,2017-06-26 01:00:00,41.16945266723633
srv-005,2017-06-26 02:00:00,41.920772552490234
srv-005,2017-06-26 03:00:00,42.12614822387695
srv-005,2017-06-26 04:00:00,42.69453048706055
srv-005,2017-06-26 05:00:00,43.034629821777344
srv-005,2017-06-26 06:00:00,43.2613410949707
srv-005,2017-06-26 07:00:00,43.20126724243164
srv-005,2017-06-26 08:00:00,43.13187026977539
srv-005,2017-06-26 09:00:00,42.808284759521484
srv-005,2017-06-26 10:00:00,43.0820198059082
srv-005,2017-06-26 11:00:00,43.59009552001953
srv-005,2017-06-26 12:00:00,44.22993469238281
srv-005,2017-06-26 13:00:00,43.67884063720703
srv-005,2017-06-26 14:00:00,43.90717697143555
srv-005,2017-06-26 15:00:00,44.294960021972656
srv-005,2017-06-26 16:00:00,44.43327713012695
srv-005,2017-06-26 17:00:00,44.6553840637207
srv-005,2017-06-26 18:00:00,45.30206298828125
srv-005,2017-06-26 19:00:00,45.53367233276367
srv-005,2017-06-26 20:00:00,45.5032958984375
srv-005,2017-06-26 21:00:00,45.207298278808594
srv-005,2017-06-26 22:00:00,45.02293014526367
srv-005,2017-06-26 23:00:00,45.64146423339844
srv-005,2017-06-27 00:00:00,45.96631622314453
srv-005,2017-06-27 01:00:00,44.878292083740234
srv-005,2017-06-27 02:00:00,44.354183197021484
srv-005,2017-06-27 03:00:00,44.20790481567383
srv-005,2017-06-27 04:00:00,44.65701675415039
srv-005,2017-06-27 05:00:00,44.51839828491211
srv-005,2017-06-27 06:00:00,44.40584182739258
srv-005,2017-06-27 07:00:00,44.32685089111328
srv-005,2017-06-27 08:00:00,44.328731536865234
srv-005,2017-06-27 09:00:00,44.31307601928711
srv-005,2017-06-27 10:00:00,44.8134880065918
srv-005,2017-06-27 11:00:00,44.964054107666016
srv-005,2017-06-27 12:00:00,45.46406173706055
srv-005,2017-06-27 13:00:00,45.52060317993164
srv-005,2017-06-27 14:00:00,45.768619537353516
srv-005,2017-06-27 15:00:00,45.11496353149414
srv-005,2017-06-27 16:00:00,44.78213119506836
srv-005,2017-06-27 17:00:00,44.19297409057617
srv-005,2017-06-27 18:00:00,44.207576751708984
srv-005,2017-06-27 19:00:00,44.03972244262695
srv-005,2017-06-27 20:00:00,43.78532791137695
srv-005,2017-06-27 21:00:00,43.83582305908203
srv-005,2017-06-27 22:00:00,44.049861907958984
srv-005,2017-06-27 23:00:00,44.012977600097656
srv-005,2017-06-28 00:00:00,43.85446548461914
srv-005,2017-06-28 01:00:00,43.51057052612305
srv-005,2017-06-28 02:00:00,43.764930725097656
srv-005,2017-06-28 03:00:00,43.75130844116211
srv-005,2017-06-28 04:00:00,43.66293716430664
srv-005,2017-06-28 05:00:00,44.114768981933594
srv-005,2017-06-28 06:00:00,44.17924880981445
srv-005,2017-06-28 07:00:00,44.815792083740234
srv-005,2017-06-28 08:00:00,44.374996185302734
srv-005,2017-06-28 09:00:00,44.22529220581055
srv-005,2017-06-28 10:00:00,43.76119613647461
srv-005,2017-06-28 11:00:00,43.6402473449707
srv-005,2017-06-28 12:00:00,42.707645416259766
srv-005,2017-06-28 13:00:00,42.206756591796875
srv-005,2017-06-28 14:00:00,41.87925338745117
srv-005,2017-06-28 15:00:00,41.966793060302734
srv-005,2017-06-28 16:00:00,42.02998733520508
srv-005,2017-06-28 17:00:00,42.15713882446289
srv-005,2017-06-28 18:00:00,41.784767150878906
srv-005,2017-06-28 19:00:00,41.79520797729492
srv-005,2017-06-28 20:00:00,41.998634338378906
srv-005,2017-06-28 21:00:00,42.16014862060547
srv-005,2017-06-28 22:00:00,42.40327072143555
srv-005,2017-06-28 23:00:00,42.36162567138672
srv-005,2017-06-29 00:00:00,42.77127456665039
srv-005,2017-06-29 01:00:00,43.044002532958984
srv-005,2017-06-29 02:00:00,43.290409088134766
srv-005,2017-06-29 03:00:00,43.55292892456055
srv-005,2017-06-29 04:00:00,43.29524612426758
srv-005,2017-06-29 05:00:00,43.3129997253418
srv-005,2017-06-29 06:00:00,42.93281173706055
srv-005,2017-06-29 07:00:00,42.49798583984375
srv-005,2017-06-29 08:00:00,42.47340774536133
srv-005,2017-06-29 09:00:00,41.70127487182617
srv-005,2017-06-29 10:00:00,41.864078521728516
srv-005,2017-06-29 11:00:00,42.45806884765625
srv-005,2017-06-29 12:00:00,42.38357162475586
srv-005,2017-06-29 13:00:00,42.10908126831055
srv-005,2017-06-29 14:00:00,42.749454498291016
srv-005,2017-06-29 15:00:00,43.41878128051758
srv-005,2017-06-29 16:00:00,43.17970657348633
srv-005,2017-06-29 17:00:00,43.23484802246094
srv-005,2017-06-29 18:00:00,43.03432083129883
srv-005,2017-06-29 19:00:00,43.278648376464844
srv-005,2017-06-29 20:00:00,43.00019454956055
srv-005,2017-06-29 21:00:00,42.30376052856445
srv-005,2017-06-29 22:00:00,42.30402755737305
srv-005,2017-06-29 23:00:00,41.99033737182617
srv-005,2017-06-30 00:00:00,42.11857223510742
srv-005,2017-06-30 01:00:00,41.33415222167969
srv-005,2017-06-30 02:00:00,41.43785858154297
srv-005,2017-06-30 03:00:00,41.01393508911133
srv-005,2017-06-30 04:00:00,41.04042434692383
srv-005,2017-06-30 05:00:00,40.95068359375
srv-005,2017-06-30 06:00:00,41.22651672363281
srv-005,2017-06-30 07:00:00,41.20540237426758
srv-005,2017-06-30 08:00:00,41.80519485473633
srv-005,2017-06-30 09:00:00,42.432430267333984
srv-005,2017-06-30 10:00:00,42.79494857788086
srv-005,2017-06-30 11:00:00,42.55234146118164
srv-005,2017-06-30 12:00:00,42.479347229003906
srv-005,2017-06-30 13:00:00,42.102783203125
srv-005,2017-06-30 14:00:00,42.142269134521484
srv-005,2017-06-30 15:00:00,41.41276550292969
srv-005,2017-06-30 16:00:00,41.47409439086914
srv-005,2017-06-30 17:00:00,41.37080001831055
srv-005,2017-06-30 18:00:00,41.79153823852539
srv-005,2017-06-30 19:00:00,41.55270004272461
srv-005,2017-06-30 20:00:00,41.146846771240234
srv-005,2017-06-30 21:00:00,40.971187591552734
srv-005,2017-06-30 22:00:00,41.26779556274414
srv-005,2017-06-30 23:00:00,42.47562026977539
srv-006,2017-06-01 23:00:00,62.78981018066406
srv-006,2017-06-02 00:00:00,70.54454040527344
srv-006,2017-06-02 01:00:00,74.74205017089844
srv-006,2017-06-02 02:00:00,75.79202270507812
srv-006,2017-06-02 03:00:00,76.7083740234375
srv-006,2017-06-02 04:00:00,77.38700866699219
srv-006,2017-06-02 05:00:00,77.63702392578125
srv-006,2017-06-02 06:00:00,77.6448974609375
srv-006,2017-06-02 07:00:00,78.25086975097656
srv-006,2017-06-02 08:00:00,78.91416931152344
srv-006,2017-06-02 09:00:00,80.62248229980469
srv-006,2017-06-02 10:00:00,81.18215942382812
srv-006,2017-06-02 11:00:00,86.75482177734375
srv-006,2017-06-02 12:00:00,93.29649353027344
srv-006,2017-06-02 13:00:00,89.21232604980469
srv-006,2017-06-02 14:00:00,88.08740234375
srv-006,2017-06-02 15:00:00,87.53990173339844
srv-006,2017-06-02 16:00:00,83.23043823242188
srv-006,2017-06-02 17:00:00,83.85885620117188
srv-006,2017-06-02 18:00:00,84.10679626464844
srv-006,2017-06-02 19:00:00,84.45562744140625
srv-006,2017-06-02 20:00:00,83.46455383300781
srv-006,2017-06-02 21:00:00,80.93923950195312
srv-006,2017-06-02 22:00:00,79.64363098144531
srv-006,2017-06-02 23:00:00,78.82086181640625
srv-006,2017-06-03 00:00:00,79.55094909667969
srv-006,2017-06-03 01:00:00,81.2841796875
srv-006,2017-06-03 02:00:00,82.61639404296875
srv-006,2017-06-03 03:00:00,84.45947265625
srv-006,2017-06-03 04:00:00,85.20591735839844
srv-006,2017-06-03 05:00:00,87.92396545410156
srv-006,2017-06-03 06:00:00,88.27622985839844
srv-006,2017-06-03 07:00:00,87.13906860351562
srv-006,2017-06-03 08:00:00,87.63090515136719
srv-006,2017-06-03 09:00:00,87.29559326171875
srv-006,2017-06-03 10:00:00,84.65641784667969
srv-006,2017-06-03 11:00:00,84.044677734375
srv-006,2017-06-03 12:00:00,84.75030517578125
srv-006,2017-06-03 13:00:00,85.80128479003906
srv-006,2017-06-03 14:00:00,88.08139038085938
srv-006,2017-06-03 15:00:00,89.36305236816406
srv-006,2017-06-03 16:00:00,90.08438110351562
srv-006,2017-06-03 17:00:00,90.51481628417969
srv-006,2017-06-03 18:00:00,90.36625671386719
srv-006,2017-06-03 19:00:00,89.98982238769531
srv-006,2017-06-03 20:00:00,88.65182495117188
srv-006,2017-06-03 21:00:00,88.13282775878906
srv-006,2017-06-03 22:00:00,86.48831176757812
srv-006,2017-06-03 23:00:00,86.73382568359375
srv-006,2017-06-04 00:00:00,85.92167663574219
srv-006,2017-06-04 01:00:00,81.52781677246094
srv-006,2017-06-04 02:00:00,83.10330200195312
srv-006,2017-06-04 03:00:00,86.06326293945312
srv-006,2017-06-04 04:00:00,89.14437866210938
srv-006,2017-06-04 05:00:00,89.68601989746094
srv-006,2017-06-04 06:00:00,88.88873291015625
srv-006,2017-06-04 07:00:00,87.87615966796875
srv-006,2017-06-04 08:00:00,90.1246337890625
srv-006,2017-06-04 09:00:00,90.65988159179688
srv-006,2017-06-04 10:00:00,90.10545349121094
srv-006,2017-06-04 11:00:00,90.17527770996094
srv-006,2017-06-04 12:00:00,90.453369140625
srv-006,2017-06-04 13:00:00,90.96755981445312
srv-006,2017-06-04 14:00:00,81.78370666503906
srv-006,2017-06-04 15:00:00,83.07168579101562
srv-006,2017-06-04 16:00:00,83.87734985351562
srv-006,2017-06-04 17:00:00,86.58053588867188
srv-006,2017-06-04 18:00:00,87.7744140625
srv-006,2017-06-04 19:00:00,88.710693359375
srv-006,2017-06-04 20:00:00,88.89637756347656
srv-006,2017-06-04 21:00:00,90.80947875976562
srv-006,2017-06-04 22:00:00,88.35743713378906
srv-006,2017-06-04 23:00:00,83.75956726074219
srv-006,2017-06-05 00:00:00,81.29705810546875
srv-006,2017-06-05 01:00:00,81.79377746582031
srv-006,2017-06-05 02:00:00,81.99101257324219
srv-006,2017-06-05 03:00:00,81.10902404785156
srv-006,2017-06-05 04:00:00,80.64169311523438
srv-006,2017-06-05 05:00:00,80.52938842773438
srv-006,2017-06-05 06:00:00,80.24856567382812
srv-006,2017-06-05 07:00:00,80.48886108398438
srv-006,2017-06-05 08:00:00,83.97038269042969
srv-006,2017-06-05 09:00:00,84.42428588867188
srv-006,2017-06-05 10:00:00,86.30587768554688
srv-006,2017-06-05 11:00:00,86.77833557128906
srv-006,2017-06-05 12:00:00,87.38981628417969
srv-006,2017-06-05 13:00:00,88.42765808105469
srv-006,2017-06-05 14:00:00,91.07640075683594
srv-006,2017-06-05 15:00:00,93.57142639160156
srv-006,2017-06-05 16:00:00,92.09156799316406
srv-006,2017-06-05 17:00:00,87.28169250488281
srv-006,2017-06-05 18:00:00,89.10516357421875
srv-006,2017-06-05 19:00:00,92.52798461914062
srv-006,2017-06-05 20:00:00,93.67913818359375
srv-006,2017-06-05 21:00:00,92.81838989257812
srv-006,2017-06-05 22:00:00,91.43150329589844
srv-006,2017-06-05 23:00:00,91.83406066894531
srv-006,2017-06-06 00:00:00,92.59320068359375
srv-006,2017-06-06 01:00:00,91.78398132324219
srv-006,2017-06-06 02:00:00,93.357177734375
srv-006,2017-06-06 03:00:00,93.88032531738281
srv-006,2017-06-06 04:00:00,94.34884643554688
srv-006,2017-06-06 05:00:00,92.03565979003906
srv-006,2017-06-06 06:00:00,93.33294677734375
srv-006,2017-06-06 07:00:00,95.00389099121094
srv-006,2017-06-06 08:00:00,96.14093017578125
srv-006,2017-06-06 09:00:00,96.57127380371094
srv-006,2017-06-06 10:00:00,96.77325439453125
srv-006,2017-06-06 11:00:00,96.93074035644531
srv-006,2017-06-06 12:00:00,96.988525390625
srv-006,2017-06-06 13:00:00,97.05378723144531
srv-006,2017-06-06 14:00:00,97.07588195800781
srv-006,2017-06-06 15:00:00,97.07749938964844
srv-006,2017-06-06 16:00:00,97.05160522460938
srv-006,2017-06-06 17:00:00,96.98320007324219
srv-006,2017-06-06 18:00:00,97.04627990722656
srv-006,2017-06-06 19:00:00,97.02079772949219
srv-006,2017-06-06 20:00:00,97.02056884765625
srv-006,2017-06-06 21:00:00,96.42955017089844
srv-006,2017-06-06 22:00:00,96.35906982421875
srv-006,2017-06-06 23:00:00,95.98854064941406
srv-006,2017-06-07 00:00:00,95.82513427734375
srv-006,2017-06-07 01:00:00,95.30755615234375
srv-006,2017-06-07 02:00:00,95.90032958984375
srv-006,2017-06-07 03:00:00,96.1771240234375
srv-006,2017-06-07 04:00:00,95.44500732421875
srv-006,2017-06-07 05:00:00,91.51425170898438
srv-006,2017-06-07 06:00:00,92.07369995117188
srv-006,2017-06-07 07:00:00,94.16273498535156
srv-006,2017-06-07 08:00:00,96.01304626464844
srv-006,2017-06-07 09:00:00,96.58720397949219
srv-006,2017-06-07 10:00:00,96.87277221679688
srv-006,2017-06-07 11:00:00,96.96978759765625
srv-006,2017-06-07 12:00:00,97.01205444335938
srv-006,2017-06-07 13:00:00,96.86260986328125
srv-006,2017-06-07 14:00:00,96.84785461425781
srv-006,2017-06-07 15:00:00,96.67652893066406
srv-006,2017-06-07 16:00:00,96.6712646484375
srv-006,2017-06-07 17:00:00,96.81640625
srv-006,2017-06-07 18:00:00,96.90852355957031
srv-006,2017-06-07 19:00:00,96.68891906738281
srv-006,2017-06-07 20:00:00,96.53427124023438
srv-006,2017-06-07 21:00:00,96.46376037597656
srv-006,2017-06-07 22:00:00,96.1700439453125
srv-006,2017-06-07 23:00:00,95.84117126464844
srv-006,2017-06-08 00:00:00,96.07456970214844
srv-006,2017-06-08 01:00:00,95.38116455078125
srv-006,2017-06-08 02:00:00,95.30619812011719
srv-006,2017-06-08 03:00:00,93.04032897949219
srv-006,2017-06-08 04:00:00,92.79507446289062
srv-006,2017-06-08 05:00:00,94.01861572265625
srv-006,2017-06-08 06:00:00,94.62557983398438
srv-006,2017-06-08 07:00:00,94.95416259765625
srv-006,2017-06-08 08:00:00,95.62162780761719
srv-006,2017-06-08 09:00:00,96.05389404296875
srv-006,2017-06-08 10:00:00,96.31022644042969
srv-006,2017-06-08 11:00:00,96.38914489746094
srv-006,2017-06-08 12:00:00,95.97244262695312
srv-006,2017-06-08 13:00:00,95.33172607421875
srv-006,2017-06-08 14:00:00,95.66549682617188
srv-006,2017-06-08 15:00:00,95.28713989257812
srv-006,2017-06-08 16:00:00,95.71286010742188
srv-006,2017-06-08 17:00:00,94.99693298339844
srv-006,2017-06-08 18:00:00,94.60435485839844
srv-006,2017-06-08 19:00:00,94.12486267089844
srv-006,2017-06-08 20:00:00,92.983642578125
srv-006,2017-06-08 21:00:00,91.26142883300781
srv-006,2017-06-08 22:00:00,90.34117126464844
srv-006,2017-06-08 23:00:00,91.07652282714844
srv-006,2017-06-09 00:00:00,91.86958312988281
srv-006,2017-06-09 01:00:00,93.31362915039062
srv-006,2017-06-09 02:00:00,93.55131530761719
srv-006,2017-06-09 03:00:00,93.904052734375
srv-006,2017-06-09 04:00:00,93.64486694335938
srv-006,2017-06-09 05:00:00,94.05043029785156
srv-006,2017-06-09 06:00:00,92.27204895019531
srv-006,2017-06-09 07:00:00,88.102783203125
srv-006,2017-06-09 08:00:00,90.60191345214844
srv-006,2017-06-09 09:00:00,88.43702697753906
srv-006,2017-06-09 10:00:00,85.75093078613281
srv-006,2017-06-09 11:00:00,84.35893249511719
srv-006,2017-06-09 12:00:00,84.09030151367188
srv-006,2017-06-09 13:00:00,84.33534240722656
srv-006,2017-06-09 14:00:00,86.84751892089844
srv-006,2017-06-09 15:00:00,87.85844421386719
srv-006,2017-06-09 16:00:00,86.7957763671875
srv-006,2017-06-09 17:00:00,87.01455688476562
srv-006,2017-06-09 18:00:00,83.64796447753906
srv-006,2017-06-09 19:00:00,83.37968444824219
srv-006,2017-06-09 20:00:00,83.49577331542969
srv-006,2017-06-09 21:00:00,81.93089294433594
srv-006,2017-06-09 22:00:00,81.20330810546875
srv-006,2017-06-09 23:00:00,80.62991333007812
srv-006,2017-06-10 00:00:00,79.87274169921875
srv-006,2017-06-10 01:00:00,78.84010314941406
srv-006,2017-06-10 02:00:00,79.43305969238281
srv-006,2017-06-10 03:00:00,80.962158203125
srv-006,2017-06-10 04:00:00,79.6956787109375
srv-006,2017-06-10 05:00:00,80.36445617675781
srv-006,2017-06-10 06:00:00,81.37698364257812
srv-006,2017-06-10 07:00:00,83.91438293457031
srv-006,2017-06-10 08:00:00,87.71084594726562
srv-006,2017-06-10 09:00:00,85.63523864746094
srv-006,2017-06-10 10:00:00,87.51058959960938
srv-006,2017-06-10 11:00:00,89.26609802246094
srv-006,2017-06-10 12:00:00,90.83695983886719
srv-006,2017-06-10 13:00:00,91.32228088378906
srv-006,2017-06-10 14:00:00,92.38133239746094
srv-006,2017-06-10 15:00:00,92.71560668945312
srv-006,2017-06-10 16:00:00,92.61164855957031
srv-006,2017-06-10 17:00:00,90.669677734375
srv-006,2017-06-10 18:00:00,88.98403930664062
srv-006,2017-06-10 19:00:00,87.36874389648438
srv-006,2017-06-10 20:00:00,83.01521301269531
srv-006,2017-06-10 21:00:00,84.376220703125
srv-006,2017-06-10 22:00:00,82.04127502441406
srv-006,2017-06-10 23:00:00,81.0052490234375
srv-006,2017-06-11 00:00:00,80.14430236816406
srv-006,2017-06-11 01:00:00,80.64140319824219
srv-006,2017-06-11 02:00:00,83.05130004882812
srv-006,2017-06-11 03:00:00,86.23789978027344
srv-006,2017-06-11 04:00:00,84.76329040527344
srv-006,2017-06-11 05:00:00,84.22413635253906
srv-006,2017-06-11 06:00:00,82.99761962890625
srv-006,2017-06-11 07:00:00,82.59675598144531
srv-006,2017-06-11 08:00:00,85.25556945800781
srv-006,2017-06-11 09:00:00,87.18113708496094
srv-006,2017-06-11 10:00:00,89.46644592285156
srv-006,2017-06-11 11:00:00,90.0867919921875
srv-006,2017-06-11 12:00:00,89.78218078613281
srv-006,2017-06-11 13:00:00,90.47380065917969
srv-006,2017-06-11 14:00:00,90.72459411621094
srv-006,2017-06-11 15:00:00,90.82290649414062
srv-006,2017-06-11 16:00:00,89.361572265625
srv-006,2017-06-11 17:00:00,88.00927734375
srv-006,2017-06-11 18:00:00,87.25885009765625
srv-006,2017-06-11 19:00:00,89.05632019042969
srv-006,2017-06-11 20:00:00,89.27662658691406
srv-006,2017-06-11 21:00:00,86.72271728515625
srv-006,2017-06-11 22:00:00,84.53851318359375
srv-006,2017-06-11 23:00:00,83.98320007324219
srv-006,2017-06-12 00:00:00,80.99864196777344
srv-006,2017-06-12 01:00:00,80.61558532714844
srv-006,2017-06-12 02:00:00,82.26219177246094
srv-006,2017-06-12 03:00:00,83.40679931640625
srv-006,2017-06-12 04:00:00,84.12477111816406
srv-006,2017-06-12 05:00:00,83.6728515625
srv-006,2017-06-12 06:00:00,83.87030029296875
srv-006,2017-06-12 07:00:00,86.20751953125
srv-006,2017-06-12 08:00:00,89.91130065917969
srv-006,2017-06-12 09:00:00,92.38374328613281
srv-006,2017-06-12 10:00:00,95.15771484375
srv-006,2017-06-12 11:00:00,95.78102111816406
srv-006,2017-06-12 12:00:00,96.26524353027344
srv-006,2017-06-12 13:00:00,95.92817687988281
srv-006,2017-06-12 14:00:00,95.840576171875
srv-006,2017-06-12 15:00:00,96.23687744140625
srv-006,2017-06-12 16:00:00,96.47799682617188
srv-006,2017-06-12 17:00:00,96.61918640136719
srv-006,2017-06-12 18:00:00,95.33326721191406
srv-006,2017-06-12 19:00:00,94.35247802734375
srv-006,2017-06-12 20:00:00,91.12825012207031
srv-006,2017-06-12 21:00:00,91.01968383789062
srv-006,2017-06-12 22:00:00,88.38995361328125
srv-006,2017-06-12 23:00:00,90.26571655273438
srv-006,2017-06-13 00:00:00,90.13555908203125
srv-006,2017-06-13 01:00:00,92.16305541992188
srv-006,2017-06-13 02:00:00,90.88677978515625
srv-006,2017-06-13 03:00:00,89.75471496582031
srv-006,2017-06-13 04:00:00,90.28762817382812
srv-006,2017-06-13 05:00:00,92.11503601074219
srv-006,2017-06-13 06:00:00,91.0460205078125
srv-006,2017-06-13 07:00:00,92.18977355957031
srv-006,2017-06-13 08:00:00,94.35957336425781
srv-006,2017-06-13 09:00:00,94.90985107421875
srv-006,2017-06-13 10:00:00,95.82211303710938
srv-006,2017-06-13 11:00:00,96.40426635742188
srv-006,2017-06-13 12:00:00,96.70266723632812
srv-006,2017-06-13 13:00:00,96.95622253417969
srv-006,2017-06-13 14:00:00,97.03981018066406
srv-006,2017-06-13 15:00:00,97.00691223144531
srv-006,2017-06-13 16:00:00,96.96528625488281
srv-006,2017-06-13 17:00:00,96.90725708007812
srv-006,2017-06-13 18:00:00,96.95327758789062
srv-006,2017-06-13 19:00:00,96.69369506835938
srv-006,2017-06-13 20:00:00,96.53620910644531
srv-006,2017-06-13 21:00:00,96.26239013671875
srv-006,2017-06-13 22:00:00,94.83564758300781
srv-006,2017-06-13 23:00:00,95.29429626464844
srv-006,2017-06-14 00:00:00,96.15501403808594
srv-006,2017-06-14 01:00:00,96.664306640625
srv-006,2017-06-14 02:00:00,96.88818359375
srv-006,2017-06-14 03:00:00,97.000732421875
srv-006,2017-06-14 04:00:00,97.08062744140625
srv-006,2017-06-14 05:00:00,97.1644287109375
srv-006,2017-06-14 06:00:00,97.14689636230469
srv-006,2017-06-14 07:00:00,97.14146423339844
srv-006,2017-06-14 08:00:00,97.15419006347656
srv-006,2017-06-14 09:00:00,97.15092468261719
srv-006,2017-06-14 10:00:00,97.11015319824219
srv-006,2017-06-14 11:00:00,97.154541015625
srv-006,2017-06-14 12:00:00,97.08493041992188
srv-006,2017-06-14 13:00:00,96.83793640136719
srv-006,2017-06-14 14:00:00,96.62290954589844
srv-006,2017-06-14 15:00:00,96.61465454101562
srv-006,2017-06-14 16:00:00,96.49488830566406
srv-006,2017-06-14 17:00:00,96.54055786132812
srv-006,2017-06-14 18:00:00,96.35664367675781
srv-006,2017-06-14 19:00:00,96.40596008300781
srv-006,2017-06-14 20:00:00,96.32389831542969
srv-006,2017-06-14 21:00:00,96.29087829589844
srv-006,2017-06-14 22:00:00,96.27442932128906
srv-006,2017-06-14 23:00:00,95.58497619628906
srv-006,2017-06-15 00:00:00,95.16390991210938
srv-006,2017-06-15 01:00:00,93.76211547851562
srv-006,2017-06-15 02:00:00,93.29962158203125
srv-006,2017-06-15 03:00:00,92.52720642089844
srv-006,2017-06-15 04:00:00,93.98204040527344
srv-006,2017-06-15 05:00:00,94.41116333007812
srv-006,2017-06-15 06:00:00,95.19725036621094
srv-006,2017-06-15 07:00:00,94.35479736328125
srv-006,2017-06-15 08:00:00,95.22042846679688
srv-006,2017-06-15 09:00:00,95.6558837890625
srv-006,2017-06-15 10:00:00,96.0416259765625
srv-006,2017-06-15 11:00:00,96.05009460449219
srv-006,2017-06-15 12:00:00,96.33622741699219
srv-006,2017-06-15 13:00:00,95.70294189453125
srv-006,2017-06-15 14:00:00,95.85220336914062
srv-006,2017-06-15 15:00:00,95.82501220703125
srv-006,2017-06-15 16:00:00,95.29740905761719
srv-006,2017-06-15 17:00:00,95.39662170410156
srv-006,2017-06-15 18:00:00,94.70645141601562
srv-006,2017-06-15 19:00:00,94.26951599121094
srv-006,2017-06-15 20:00:00,94.12477111816406
srv-006,2017-06-15 21:00:00,94.30497741699219
srv-006,2017-06-15 22:00:00,87.99600219726562
srv-006,2017-06-15 23:00:00,83.87405395507812
srv-006,2017-06-16 00:00:00,86.32255554199219
srv-006,2017-06-16 01:00:00,88.37124633789062
srv-006,2017-06-16 02:00:00,91.48580932617188
srv-006,2017-06-16 03:00:00,88.22262573242188
srv-006,2017-06-16 04:00:00,88.71672058105469
srv-006,2017-06-16 05:00:00,89.16983032226562
srv-006,2017-06-16 06:00:00,89.80816650390625
srv-006,2017-06-16 07:00:00,86.18965148925781
srv-006,2017-06-16 08:00:00,87.01522827148438
srv-006,2017-06-16 09:00:00,87.64094543457031
srv-006,2017-06-16 10:00:00,89.03834533691406
srv-006,2017-06-16 11:00:00,92.05599975585938
srv-006,2017-06-16 12:00:00,92.63294982910156
srv-006,2017-06-16 13:00:00,92.42919921875
srv-006,2017-06-16 14:00:00,92.10000610351562
srv-006,2017-06-16 15:00:00,92.23361206054688
srv-006,2017-06-16 16:00:00,91.88548278808594
srv-006,2017-06-16 17:00:00,90.53102111816406
srv-006,2017-06-16 18:00:00,86.114501953125
srv-006,2017-06-16 19:00:00,84.08332824707031
srv-006,2017-06-16 20:00:00,82.09938049316406
srv-006,2017-06-16 21:00:00,82.22349548339844
srv-006,2017-06-16 22:00:00,81.25425720214844
srv-006,2017-06-16 23:00:00,79.26914978027344
srv-006,2017-06-17 00:00:00,78.79800415039062
srv-006,2017-06-17 01:00:00,78.22776794433594
srv-006,2017-06-17 02:00:00,78.26751708984375
srv-006,2017-06-17 03:00:00,78.85299682617188
srv-006,2017-06-17 04:00:00,78.95515441894531
srv-006,2017-06-17 05:00:00,80.19357299804688
srv-006,2017-06-17 06:00:00,80.33061218261719
srv-006,2017-06-17 07:00:00,81.36479187011719
srv-006,2017-06-17 08:00:00,83.93730163574219
srv-006,2017-06-17 09:00:00,86.01985168457031
srv-006,2017-06-17 10:00:00,87.16499328613281
srv-006,2017-06-17 11:00:00,87.77203369140625
srv-006,2017-06-17 12:00:00,87.64791870117188
srv-006,2017-06-17 13:00:00,88.90728759765625
srv-006,2017-06-17 14:00:00,89.45317077636719
srv-006,2017-06-17 15:00:00,90.3282470703125
srv-006,2017-06-17 16:00:00,90.119140625
srv-006,2017-06-17 17:00:00,88.28517150878906
srv-006,2017-06-17 18:00:00,89.4002685546875
srv-006,2017-06-17 19:00:00,89.69729614257812
srv-006,2017-06-17 20:00:00,88.48445129394531
srv-006,2017-06-17 21:00:00,84.77726745605469
srv-006,2017-06-17 22:00:00,81.51918029785156
srv-006,2017-06-17 23:00:00,80.33108520507812
srv-006,2017-06-18 00:00:00,80.14718627929688
srv-006,2017-06-18 01:00:00,80.77622985839844
srv-006,2017-06-18 02:00:00,82.40988159179688
srv-006,2017-06-18 03:00:00,85.36849975585938
srv-006,2017-06-18 04:00:00,83.49455261230469
srv-006,2017-06-18 05:00:00,88.56936645507812
srv-006,2017-06-18 06:00:00,88.5675048828125
srv-006,2017-06-18 07:00:00,89.81875610351562
srv-006,2017-06-18 08:00:00,90.92765808105469
srv-006,2017-06-18 09:00:00,92.00778198242188
srv-006,2017-06-18 10:00:00,91.67068481445312
srv-006,2017-06-18 11:00:00,92.38005065917969
srv-006,2017-06-18 12:00:00,91.04866027832031
srv-006,2017-06-18 13:00:00,90.1368408203125
srv-006,2017-06-18 14:00:00,90.15165710449219
srv-006,2017-06-18 15:00:00,91.16365051269531
srv-006,2017-06-18 16:00:00,90.03074645996094
srv-006,2017-06-18 17:00:00,89.06826782226562
srv-006,2017-06-18 18:00:00,86.47645568847656
srv-006,2017-06-18 19:00:00,86.94244384765625
srv-006,2017-06-18 20:00:00,86.19825744628906
srv-006,2017-06-18 21:00:00,86.84046936035156
srv-006,2017-06-18 22:00:00,84.46731567382812
srv-006,2017-06-18 23:00:00,83.58120727539062
srv-006,2017-06-19 00:00:00,80.71650695800781
srv-006,2017-06-19 01:00:00,82.029296875
srv-006,2017-06-19 02:00:00,82.38777160644531
srv-006,2017-06-19 03:00:00,84.05119323730469
srv-006,2017-06-19 04:00:00,84.46455383300781
srv-006,2017-06-19 05:00:00,85.70785522460938
srv-006,2017-06-19 06:00:00,84.093994140625
srv-006,2017-06-19 07:00:00,84.44012451171875
srv-006,2017-06-19 08:00:00,86.15737915039062
srv-006,2017-06-19 09:00:00,87.52679443359375
srv-006,2017-06-19 10:00:00,87.010498046875
srv-006,2017-06-19 11:00:00,87.52082824707031
srv-006,2017-06-19 12:00:00,90.12284851074219
srv-006,2017-06-19 13:00:00,93.94134521484375
srv-006,2017-06-19 14:00:00,95.701904296875
srv-006,2017-06-19 15:00:00,96.204345703125
srv-006,2017-06-19 16:00:00,96.38371276855469
srv-006,2017-06-19 17:00:00,96.24313354492188
srv-006,2017-06-19 18:00:00,96.31857299804688
srv-006,2017-06-19 19:00:00,96.05183410644531
srv-006,2017-06-19 20:00:00,96.1800537109375
srv-006,2017-06-19 21:00:00,96.1214599609375
srv-006,2017-06-19 22:00:00,93.33438110351562
srv-006,2017-06-19 23:00:00,90.60760498046875
srv-006,2017-06-20 00:00:00,89.63922119140625
srv-006,2017-06-20 01:00:00,89.51924133300781
srv-006,2017-06-20 02:00:00,90.9892578125
srv-006,2017-06-20 03:00:00,93.22348022460938
srv-006,2017-06-20 04:00:00,92.63230895996094
srv-006,2017-06-20 05:00:00,95.32635498046875
srv-006,2017-06-20 06:00:00,96.101318359375
srv-006,2017-06-20 07:00:00,96.82662963867188
srv-006,2017-06-20 08:00:00,96.89051818847656
srv-006,2017-06-20 09:00:00,96.10685729980469
srv-006,2017-06-20 10:00:00,96.58624267578125
srv-006,2017-06-20 11:00:00,96.81193542480469
srv-006,2017-06-20 12:00:00,97.010009765625
srv-006,2017-06-20 13:00:00,97.07464599609375
srv-006,2017-06-20 14:00:00,97.09001159667969
srv-006,2017-06-20 15:00:00,97.11228942871094
srv-006,2017-06-20 16:00:00,97.0732421875
srv-006,2017-06-20 17:00:00,96.80699157714844
srv-006,2017-06-20 18:00:00,96.83692932128906
srv-006,2017-06-20 19:00:00,96.89129638671875
srv-006,2017-06-20 20:00:00,96.90995788574219
srv-006,2017-06-20 21:00:00,97.03512573242188
srv-006,2017-06-20 22:00:00,97.081298828125
srv-006,2017-06-20 23:00:00,97.08232116699219
srv-006,2017-06-21 00:00:00,97.04949951171875
srv-006,2017-06-21 01:00:00,96.85134887695312
srv-006,2017-06-21 02:00:00,96.64334106445312
srv-006,2017-06-21 03:00:00,96.7310791015625
srv-006,2017-06-21 04:00:00,96.81744384765625
srv-006,2017-06-21 05:00:00,96.91970825195312
srv-006,2017-06-21 06:00:00,97.00605773925781
srv-006,2017-06-21 07:00:00,97.05641174316406
srv-006,2017-06-21 08:00:00,97.08280944824219
srv-006,2017-06-21 09:00:00,97.09053039550781
srv-006,2017-06-21 10:00:00,97.0546875
srv-006,2017-06-21 11:00:00,97.01966857910156
srv-006,2017-06-21 12:00:00,96.89520263671875
srv-006,2017-06-21 13:00:00,96.67408752441406
srv-006,2017-06-21 14:00:00,96.75572204589844
srv-006,2017-06-21 15:00:00,96.72996520996094
srv-006,2017-06-21 16:00:00,96.59933471679688
srv-006,2017-06-21 17:00:00,96.52859497070312
srv-006,2017-06-21 18:00:00,96.38703918457031
srv-006,2017-06-21 19:00:00,96.31327819824219
srv-006,2017-06-21 20:00:00,96.28237915039062
srv-006,2017-06-21 21:00:00,96.39048767089844
srv-006,2017-06-21 22:00:00,96.36326599121094
srv-006,2017-06-21 23:00:00,96.47166442871094
srv-006,2017-06-22 00:00:00,96.42549133300781
srv-006,2017-06-22 01:00:00,96.36126708984375
srv-006,2017-06-22 02:00:00,96.33470153808594
srv-006,2017-06-22 03:00:00,96.286376953125
srv-006,2017-06-22 04:00:00,96.38746643066406
srv-006,2017-06-22 05:00:00,96.40208435058594
srv-006,2017-06-22 06:00:00,95.48641967773438
srv-006,2017-06-22 07:00:00,93.31050109863281
srv-006,2017-06-22 08:00:00,93.55474853515625
srv-006,2017-06-22 09:00:00,84.27932739257812
srv-006,2017-06-22 10:00:00,85.08062744140625
srv-006,2017-06-22 11:00:00,87.8009033203125
srv-006,2017-06-22 12:00:00,90.4122314453125
srv-006,2017-06-22 13:00:00,93.51571655273438
srv-006,2017-06-22 14:00:00,94.9176025390625
srv-006,2017-06-22 15:00:00,94.88777160644531
srv-006,2017-06-22 16:00:00,94.99690246582031
srv-006,2017-06-22 17:00:00,94.94526672363281
srv-006,2017-06-22 18:00:00,94.90876770019531
srv-006,2017-06-22 19:00:00,95.68162536621094
srv-006,2017-06-22 20:00:00,93.7294921875
srv-006,2017-06-22 21:00:00,89.43106079101562
srv-006,2017-06-22 22:00:00,84.24313354492188
srv-006,2017-06-22 23:00:00,83.707763671875
srv-006,2017-06-23 00:00:00,83.38931274414062
srv-006,2017-06-23 01:00:00,81.88525390625
srv-006,2017-06-23 02:00:00,82.22157287597656
srv-006,2017-06-23 03:00:00,83.31794738769531
srv-006,2017-06-23 04:00:00,84.78530883789062
srv-006,2017-06-23 05:00:00,87.58210754394531
srv-006,2017-06-23 06:00:00,87.48912048339844
srv-006,2017-06-23 07:00:00,84.19950866699219
srv-006,2017-06-23 08:00:00,84.16172790527344
srv-006,2017-06-23 09:00:00,84.32858276367188
srv-006,2017-06-23 10:00:00,84.26225280761719
srv-006,2017-06-23 11:00:00,84.27276611328125
srv-006,2017-06-23 12:00:00,84.82119750976562
srv-006,2017-06-23 13:00:00,85.40547180175781
srv-006,2017-06-23 14:00:00,86.85986328125
srv-006,2017-06-23 15:00:00,88.00968933105469
srv-006,2017-06-23 16:00:00,88.83880615234375
srv-006,2017-06-23 17:00:00,90.12860107421875
srv-006,2017-06-23 18:00:00,88.53297424316406
srv-006,2017-06-23 19:00:00,83.70358276367188
srv-006,2017-06-23 20:00:00,81.72982788085938
srv-006,2017-06-23 21:00:00,81.70054626464844
srv-006,2017-06-23 22:00:00,80.92938232421875
srv-006,2017-06-23 23:00:00,80.55194091796875
srv-006,2017-06-24 00:00:00,79.9764404296875
srv-006,2017-06-24 01:00:00,79.528076171875
srv-006,2017-06-24 02:00:00,78.84747314453125
srv-006,2017-06-24 03:00:00,82.78578186035156
srv-006,2017-06-24 04:00:00,83.55693054199219
srv-006,2017-06-24 05:00:00,80.27139282226562
srv-006,2017-06-24 06:00:00,80.28105163574219
srv-006,2017-06-24 07:00:00,81.13412475585938
srv-006,2017-06-24 08:00:00,83.92607116699219
srv-006,2017-06-24 09:00:00,86.87164306640625
srv-006,2017-06-24 10:00:00,90.07101440429688
srv-006,2017-06-24 11:00:00,90.56068420410156
srv-006,2017-06-24 12:00:00,91.54315185546875
srv-006,2017-06-24 13:00:00,92.02091979980469
srv-006,2017-06-24 14:00:00,91.26606750488281
srv-006,2017-06-24 15:00:00,89.94552612304688
srv-006,2017-06-24 16:00:00,87.68292236328125
srv-006,2017-06-24 17:00:00,88.55255126953125
srv-006,2017-06-24 18:00:00,84.07778930664062
srv-006,2017-06-24 19:00:00,83.55491638183594
srv-006,2017-06-24 20:00:00,84.39132690429688
srv-006,2017-06-24 21:00:00,84.14248657226562
srv-006,2017-06-24 22:00:00,83.18150329589844
srv-006,2017-06-24 23:00:00,80.55851745605469
srv-006,2017-06-25 00:00:00,79.31599426269531
srv-006,2017-06-25 01:00:00,79.90852355957031
srv-006,2017-06-25 02:00:00,82.73828125
srv-006,2017-06-25 03:00:00,85.18333435058594
srv-006,2017-06-25 04:00:00,84.33503723144531
srv-006,2017-06-25 05:00:00,81.20445251464844
srv-006,2017-06-25 06:00:00,81.57496643066406
srv-006,2017-06-25 07:00:00,81.68449401855469
srv-006,2017-06-25 08:00:00,83.25689697265625
srv-006,2017-06-25 09:00:00,81.21514892578125
srv-006,2017-06-25 10:00:00,81.40853881835938
srv-006,2017-06-25 11:00:00,84.04017639160156
srv-006,2017-06-25 12:00:00,86.75521850585938
srv-006,2017-06-25 13:00:00,89.14515686035156
srv-006,2017-06-25 14:00:00,90.13008117675781
srv-006,2017-06-25 15:00:00,90.26554870605469
srv-006,2017-06-25 16:00:00,91.26922607421875
srv-006,2017-06-25 17:00:00,91.85821533203125
srv-006,2017-06-25 18:00:00,91.37429809570312
srv-006,2017-06-25 19:00:00,90.45297241210938
srv-006,2017-06-25 20:00:00,89.72340393066406
srv-006,2017-06-25 21:00:00,91.17951965332031
srv-006,2017-06-25 22:00:00,90.05093383789062
srv-006,2017-06-25 23:00:00,85.53297424316406
srv-006,2017-06-26 00:00:00,77.459228515625
srv-006,2017-06-26 01:00:00,78.23170471191406
srv-006,2017-06-26 02:00:00,78.8892822265625
srv-006,2017-06-26 03:00:00,79.44068908691406
srv-006,2017-06-26 04:00:00,80.46186828613281
srv-006,2017-06-26 05:00:00,86.38182067871094
srv-006,2017-06-26 06:00:00,90.63636779785156
srv-006,2017-06-26 07:00:00,90.11749267578125
srv-006,2017-06-26 08:00:00,94.11067199707031
srv-006,2017-06-26 09:00:00,89.06382751464844
srv-006,2017-06-26 10:00:00,87.68307495117188
srv-006,2017-06-26 11:00:00,87.62217712402344
srv-006,2017-06-26 12:00:00,89.43020629882812
srv-006,2017-06-26 13:00:00,89.39649963378906
srv-006,2017-06-26 14:00:00,92.33035278320312
srv-006,2017-06-26 15:00:00,92.34817504882812
srv-006,2017-06-26 16:00:00,90.84689331054688
srv-006,2017-06-26 17:00:00,90.43252563476562
srv-006,2017-06-26 18:00:00,87.49102783203125
srv-006,2017-06-26 19:00:00,87.306884765625
srv-006,2017-06-26 20:00:00,89.32615661621094
srv-006,2017-06-26 21:00:00,91.24067687988281
srv-006,2017-06-26 22:00:00,91.70594787597656
srv-006,2017-06-26 23:00:00,92.05250549316406
srv-006,2017-06-27 00:00:00,93.77993774414062
srv-006,2017-06-27 01:00:00,91.87937927246094
srv-006,2017-06-27 02:00:00,91.66716003417969
srv-006,2017-06-27 03:00:00,91.94798278808594
srv-006,2017-06-27 04:00:00,92.49644470214844
srv-006,2017-06-27 05:00:00,92.82252502441406
srv-006,2017-06-27 06:00:00,94.88734436035156
srv-006,2017-06-27 07:00:00,95.0528564453125
srv-006,2017-06-27 08:00:00,95.29541015625
srv-006,2017-06-27 09:00:00,94.60870361328125
srv-006,2017-06-27 10:00:00,93.29289245605469
srv-006,2017-06-27 11:00:00,94.96269226074219
srv-006,2017-06-27 12:00:00,96.1666259765625
srv-006,2017-06-27 13:00:00,96.73831176757812
srv-006,2017-06-27 14:00:00,96.93728637695312
srv-006,2017-06-27 15:00:00,97.06269836425781
srv-006,2017-06-27 16:00:00,97.110107421875
srv-006,2017-06-27 17:00:00,97.12303161621094
srv-006,2017-06-27 18:00:00,97.09638977050781
srv-006,2017-06-27 19:00:00,97.1251220703125
srv-006,2017-06-27 20:00:00,97.10470581054688
srv-006,2017-06-27 21:00:00,97.05441284179688
srv-006,2017-06-27 22:00:00,96.89839172363281
srv-006,2017-06-27 23:00:00,96.93453979492188
srv-006,2017-06-28 00:00:00,96.99940490722656
srv-006,2017-06-28 01:00:00,96.8887939453125
srv-006,2017-06-28 02:00:00,96.86912536621094
srv-006,2017-06-28 03:00:00,96.82778930664062
srv-006,2017-06-28 04:00:00,96.93923950195312
srv-006,2017-06-28 05:00:00,97.04464721679688
srv-006,2017-06-28 06:00:00,97.04341125488281
srv-006,2017-06-28 07:00:00,97.05580139160156
srv-006,2017-06-28 08:00:00,97.04998779296875
srv-006,2017-06-28 09:00:00,97.03875732421875
srv-006,2017-06-28 10:00:00,97.03378295898438
srv-006,2017-06-28 11:00:00,97.00140380859375
srv-006,2017-06-28 12:00:00,96.94140625
srv-006,2017-06-28 13:00:00,96.66378784179688
srv-006,2017-06-28 14:00:00,96.67437744140625
srv-006,2017-06-28 15:00:00,96.5963134765625
srv-006,2017-06-28 16:00:00,96.54820251464844
srv-006,2017-06-28 17:00:00,96.50187683105469
srv-006,2017-06-28 18:00:00,96.47764587402344
srv-006,2017-06-28 19:00:00,96.38394165039062
srv-006,2017-06-28 20:00:00,96.41517639160156
srv-006,2017-06-28 21:00:00,96.39494323730469
srv-006,2017-06-28 22:00:00,96.34982299804688
srv-006,2017-06-28 23:00:00,96.34103393554688
srv-006,2017-06-29 00:00:00,96.39393615722656
srv-006,2017-06-29 01:00:00,96.22784423828125
srv-006,2017-06-29 02:00:00,96.19921875
srv-006,2017-06-29 03:00:00,96.27079772949219
srv-006,2017-06-29 04:00:00,96.322998046875
srv-006,2017-06-29 05:00:00,96.3590087890625
srv-006,2017-06-29 06:00:00,96.16342163085938
srv-006,2017-06-29 07:00:00,96.27384948730469
srv-006,2017-06-29 08:00:00,96.30839538574219
srv-006,2017-06-29 09:00:00,96.35829162597656
srv-006,2017-06-29 10:00:00,96.30842590332031
srv-006,2017-06-29 11:00:00,96.14216613769531
srv-006,2017-06-29 12:00:00,95.49276733398438
srv-006,2017-06-29 13:00:00,95.07868957519531
srv-006,2017-06-29 14:00:00,95.15390014648438
srv-006,2017-06-29 15:00:00,95.0416259765625
srv-006,2017-06-29 16:00:00,95.01925659179688
srv-006,2017-06-29 17:00:00,95.04969787597656
srv-006,2017-06-29 18:00:00,95.04046630859375
srv-006,2017-06-29 19:00:00,94.93247985839844
srv-006,2017-06-29 20:00:00,94.88528442382812
srv-006,2017-06-29 21:00:00,95.01873779296875
srv-006,2017-06-29 22:00:00,92.53826904296875
srv-006,2017-06-29 23:00:00,89.81910705566406
srv-006,2017-06-30 00:00:00,88.29769897460938
srv-006,2017-06-30 01:00:00,86.76289367675781
srv-006,2017-06-30 02:00:00,86.67935180664062
srv-006,2017-06-30 03:00:00,85.50634765625
srv-006,2017-06-30 04:00:00,83.92315673828125
srv-006,2017-06-30 05:00:00,83.03350830078125
srv-006,2017-06-30 06:00:00,82.3358154296875
srv-006,2017-06-30 07:00:00,81.996826171875
srv-006,2017-06-30 08:00:00,82.99491882324219
srv-006,2017-06-30 09:00:00,83.74632263183594
srv-006,2017-06-30 10:00:00,86.07894897460938
srv-006,2017-06-30 11:00:00,87.98475646972656
srv-006,2017-06-30 12:00:00,90.44064331054688
srv-006,2017-06-30 13:00:00,89.9429931640625
srv-006,2017-06-30 14:00:00,91.69844055175781
srv-006,2017-06-30 15:00:00,93.2681884765625
srv-006,2017-06-30 16:00:00,93.63079833984375
srv-006,2017-06-30 17:00:00,90.99607849121094
srv-006,2017-06-30 18:00:00,87.38760375976562
srv-006,2017-06-30 19:00:00,84.47825622558594
srv-006,2017-06-30 20:00:00,84.23326110839844
srv-006,2017-06-30 21:00:00,80.65107727050781
srv-006,2017-06-30 22:00:00,78.847412109375
srv-006,2017-06-30 23:00:00,77.43023681640625
srv-007,2017-06-01 23:00:00,54.23509216308594
srv-007,2017-06-02 00:00:00,51.61741256713867
srv-007,2017-06-02 01:00:00,51.639678955078125
srv-007,2017-06-02 02:00:00,52.11699295043945
srv-007,2017-06-02 03:00:00,51.75395584106445
srv-007,2017-06-02 04:00:00,51.45566940307617
srv-007,2017-06-02 05:00:00,53.46706008911133
srv-007,2017-06-02 06:00:00,53.6002311706543
srv-007,2017-06-02 07:00:00,54.80915451049805
srv-007,2017-06-02 08:00:00,56.6262321472168
srv-007,2017-06-02 09:00:00,56.31485366821289
srv-007,2017-06-02 10:00:00,53.70528793334961
srv-007,2017-06-02 11:00:00,53.42066955566406
srv-007,2017-06-02 12:00:00,44.50474548339844
srv-007,2017-06-02 13:00:00,42.258026123046875
srv-007,2017-06-02 14:00:00,43.79541015625
srv-007,2017-06-02 15:00:00,41.963741302490234
srv-007,2017-06-02 16:00:00,40.72763442993164
srv-007,2017-06-02 17:00:00,40.8350944519043
srv-007,2017-06-02 18:00:00,40.3669319152832
srv-007,2017-06-02 19:00:00,40.02933883666992
srv-007,2017-06-02 20:00:00,38.45730972290039
srv-007,2017-06-02 21:00:00,38.171207427978516
srv-007,2017-06-02 22:00:00,36.87931823730469
srv-007,2017-06-02 23:00:00,36.51503372192383
srv-007,2017-06-03 00:00:00,37.962730407714844
srv-007,2017-06-03 01:00:00,39.10756301879883
srv-007,2017-06-03 02:00:00,40.98890686035156
srv-007,2017-06-03 03:00:00,40.165035247802734
srv-007,2017-06-03 04:00:00,39.2485466003418
srv-007,2017-06-03 05:00:00,41.7430305480957
srv-007,2017-06-03 06:00:00,44.18632888793945
srv-007,2017-06-03 07:00:00,43.48775100708008
srv-007,2017-06-03 08:00:00,42.3350944519043
srv-007,2017-06-03 09:00:00,41.82456588745117
srv-007,2017-06-03 10:00:00,41.142356872558594
srv-007,2017-06-03 11:00:00,42.211307525634766
srv-007,2017-06-03 12:00:00,48.720882415771484
srv-007,2017-06-03 13:00:00,46.347782135009766
srv-007,2017-06-03 14:00:00,45.38554000854492
srv-007,2017-06-03 15:00:00,41.497230529785156
srv-007,2017-06-03 16:00:00,40.728031158447266
srv-007,2017-06-03 17:00:00,40.994571685791016
srv-007,2017-06-03 18:00:00,39.4091682434082
srv-007,2017-06-03 19:00:00,38.361289978027344
srv-007,2017-06-03 20:00:00,39.82954025268555
srv-007,2017-06-03 21:00:00,39.597965240478516
srv-007,2017-06-03 22:00:00,38.13523483276367
srv-007,2017-06-03 23:00:00,36.73368453979492
srv-007,2017-06-04 00:00:00,36.61061477661133
srv-007,2017-06-04 01:00:00,37.60673522949219
srv-007,2017-06-04 02:00:00,39.569095611572266
srv-007,2017-06-04 03:00:00,37.92885208129883
srv-007,2017-06-04 04:00:00,36.99686813354492
srv-007,2017-06-04 05:00:00,36.064903259277344
srv-007,2017-06-04 06:00:00,36.963924407958984
srv-007,2017-06-04 07:00:00,40.50924301147461
srv-007,2017-06-04 08:00:00,43.83163833618164
srv-007,2017-06-04 09:00:00,43.23666000366211
srv-007,2017-06-04 10:00:00,42.251792907714844
srv-007,2017-06-04 11:00:00,42.530704498291016
srv-007,2017-06-04 12:00:00,43.372371673583984
srv-007,2017-06-04 13:00:00,45.338741302490234
srv-007,2017-06-04 14:00:00,44.85109329223633
srv-007,2017-06-04 15:00:00,47.23574447631836
srv-007,2017-06-04 16:00:00,49.17164993286133
srv-007,2017-06-04 17:00:00,47.4649772644043
srv-007,2017-06-04 18:00:00,43.06966781616211
srv-007,2017-06-04 19:00:00,40.939884185791016
srv-007,2017-06-04 20:00:00,38.359798431396484
srv-007,2017-06-04 21:00:00,39.798519134521484
srv-007,2017-06-04 22:00:00,38.19486618041992
srv-007,2017-06-04 23:00:00,35.93111801147461
srv-007,2017-06-05 00:00:00,32.916282653808594
srv-007,2017-06-05 01:00:00,33.48334503173828
srv-007,2017-06-05 02:00:00,32.95005416870117
srv-007,2017-06-05 03:00:00,35.01250076293945
srv-007,2017-06-05 04:00:00,35.57302474975586
srv-007,2017-06-05 05:00:00,39.47921371459961
srv-007,2017-06-05 06:00:00,37.054874420166016
srv-007,2017-06-05 07:00:00,36.616878509521484
srv-007,2017-06-05 08:00:00,36.437801361083984
srv-007,2017-06-05 09:00:00,35.61588668823242
srv-007,2017-06-05 10:00:00,36.81279373168945
srv-007,2017-06-05 11:00:00,37.44109344482422
srv-007,2017-06-05 12:00:00,40.26915740966797
srv-007,2017-06-05 13:00:00,40.284488677978516
srv-007,2017-06-05 14:00:00,41.52812957763672
srv-007,2017-06-05 15:00:00,42.42439270019531
srv-007,2017-06-05 16:00:00,45.52753829956055
srv-007,2017-06-05 17:00:00,45.141265869140625
srv-007,2017-06-05 18:00:00,44.61503219604492
srv-007,2017-06-05 19:00:00,43.84376907348633
srv-007,2017-06-05 20:00:00,42.537696838378906
srv-007,2017-06-05 21:00:00,41.172454833984375
srv-007,2017-06-05 22:00:00,42.387454986572266
srv-007,2017-06-05 23:00:00,41.60589599609375
srv-007,2017-06-06 00:00:00,40.94309997558594
srv-007,2017-06-06 01:00:00,42.90058517456055
srv-007,2017-06-06 02:00:00,44.757713317871094
srv-007,2017-06-06 03:00:00,46.5462760925293
srv-007,2017-06-06 04:00:00,48.986976623535156
srv-007,2017-06-06 05:00:00,47.30653762817383
srv-007,2017-06-06 06:00:00,45.89189910888672
srv-007,2017-06-06 07:00:00,45.12660598754883
srv-007,2017-06-06 08:00:00,48.1732292175293
srv-007,2017-06-06 09:00:00,48.75914764404297
srv-007,2017-06-06 10:00:00,51.02943801879883
srv-007,2017-06-06 11:00:00,54.23265075683594
srv-007,2017-06-06 12:00:00,55.13608932495117
srv-007,2017-06-06 13:00:00,52.820613861083984
srv-007,2017-06-06 14:00:00,53.26202392578125
srv-007,2017-06-06 15:00:00,54.84199905395508
srv-007,2017-06-06 16:00:00,51.89101028442383
srv-007,2017-06-06 17:00:00,52.055416107177734
srv-007,2017-06-06 18:00:00,47.560123443603516
srv-007,2017-06-06 19:00:00,47.87116241455078
srv-007,2017-06-06 20:00:00,47.83785629272461
srv-007,2017-06-06 21:00:00,48.869712829589844
srv-007,2017-06-06 22:00:00,48.25617599487305
srv-007,2017-06-06 23:00:00,47.697242736816406
srv-007,2017-06-07 00:00:00,50.9416389465332
srv-007,2017-06-07 01:00:00,49.89431381225586
srv-007,2017-06-07 02:00:00,49.301570892333984
srv-007,2017-06-07 03:00:00,50.02321243286133
srv-007,2017-06-07 04:00:00,51.2439079284668
srv-007,2017-06-07 05:00:00,52.54637908935547
srv-007,2017-06-07 06:00:00,51.3923454284668
srv-007,2017-06-07 07:00:00,50.94605255126953
srv-007,2017-06-07 08:00:00,51.06489944458008
srv-007,2017-06-07 09:00:00,49.319217681884766
srv-007,2017-06-07 10:00:00,50.35643768310547
srv-007,2017-06-07 11:00:00,50.82845687866211
srv-007,2017-06-07 12:00:00,49.884117126464844
srv-007,2017-06-07 13:00:00,48.3845100402832
srv-007,2017-06-07 14:00:00,52.6695671081543
srv-007,2017-06-07 15:00:00,54.38011169433594
srv-007,2017-06-07 16:00:00,54.29862594604492
srv-007,2017-06-07 17:00:00,55.466026306152344
srv-007,2017-06-07 18:00:00,53.8625602722168
srv-007,2017-06-07 19:00:00,52.67100143432617
srv-007,2017-06-07 20:00:00,54.0024528503418
srv-007,2017-06-07 21:00:00,53.64212417602539
srv-007,2017-06-07 22:00:00,51.676578521728516
srv-007,2017-06-07 23:00:00,50.975379943847656
srv-007,2017-06-08 00:00:00,49.2946891784668
srv-007,2017-06-08 01:00:00,46.80643081665039
srv-007,2017-06-08 02:00:00,46.3165168762207
srv-007,2017-06-08 03:00:00,48.8787956237793
srv-007,2017-06-08 04:00:00,48.7503662109375
srv-007,2017-06-08 05:00:00,47.49964904785156
srv-007,2017-06-08 06:00:00,47.68550491333008
srv-007,2017-06-08 07:00:00,47.07834243774414
srv-007,2017-06-08 08:00:00,48.218814849853516
srv-007,2017-06-08 09:00:00,49.71894454956055
srv-007,2017-06-08 10:00:00,51.19169998168945
srv-007,2017-06-08 11:00:00,51.74946975708008
srv-007,2017-06-08 12:00:00,53.22030258178711
srv-007,2017-06-08 13:00:00,51.46970748901367
srv-007,2017-06-08 14:00:00,52.28413009643555
srv-007,2017-06-08 15:00:00,52.73707962036133
srv-007,2017-06-08 16:00:00,50.994571685791016
srv-007,2017-06-08 17:00:00,48.76924133300781
srv-007,2017-06-08 18:00:00,45.9942741394043
srv-007,2017-06-08 19:00:00,43.70856857299805
srv-007,2017-06-08 20:00:00,45.25252914428711
srv-007,2017-06-08 21:00:00,43.24921798706055
srv-007,2017-06-08 22:00:00,43.24934387207031
srv-007,2017-06-08 23:00:00,42.7485466003418
srv-007,2017-06-09 00:00:00,41.41940689086914
srv-007,2017-06-09 01:00:00,42.417945861816406
srv-007,2017-06-09 02:00:00,41.95891189575195
srv-007,2017-06-09 03:00:00,40.60569381713867
srv-007,2017-06-09 04:00:00,42.84988784790039
srv-007,2017-06-09 05:00:00,45.61035919189453
srv-007,2017-06-09 06:00:00,44.56697463989258
srv-007,2017-06-09 07:00:00,43.81009292602539
srv-007,2017-06-09 08:00:00,43.12386703491211
srv-007,2017-06-09 09:00:00,41.73916244506836
srv-007,2017-06-09 10:00:00,42.95224380493164
srv-007,2017-06-09 11:00:00,42.12923812866211
srv-007,2017-06-09 12:00:00,40.096195220947266
srv-007,2017-06-09 13:00:00,37.667724609375
srv-007,2017-06-09 14:00:00,37.81154251098633
srv-007,2017-06-09 15:00:00,39.55315399169922
srv-007,2017-06-09 16:00:00,38.83609390258789
srv-007,2017-06-09 17:00:00,39.1320915222168
srv-007,2017-06-09 18:00:00,38.49209213256836
srv-007,2017-06-09 19:00:00,38.03556442260742
srv-007,2017-06-09 20:00:00,38.476688385009766
srv-007,2017-06-09 21:00:00,37.48334503173828
srv-007,2017-06-09 22:00:00,36.87399673461914
srv-007,2017-06-09 23:00:00,37.25497055053711
srv-007,2017-06-10 00:00:00,38.58085632324219
srv-007,2017-06-10 01:00:00,40.46632385253906
srv-007,2017-06-10 02:00:00,42.005619049072266
srv-007,2017-06-10 03:00:00,41.29246139526367
srv-007,2017-06-10 04:00:00,41.76521682739258
srv-007,2017-06-10 05:00:00,38.500877380371094
srv-007,2017-06-10 06:00:00,37.77068328857422
srv-007,2017-06-10 07:00:00,35.2039794921875
srv-007,2017-06-10 08:00:00,35.94746017456055
srv-007,2017-06-10 09:00:00,36.930335998535156
srv-007,2017-06-10 10:00:00,38.96052932739258
srv-007,2017-06-10 11:00:00,40.29069900512695
srv-007,2017-06-10 12:00:00,37.07169723510742
srv-007,2017-06-10 13:00:00,38.65992736816406
srv-007,2017-06-10 14:00:00,41.411075592041016
srv-007,2017-06-10 15:00:00,44.22874450683594
srv-007,2017-06-10 16:00:00,42.37602615356445
srv-007,2017-06-10 17:00:00,42.2402229309082
srv-007,2017-06-10 18:00:00,41.02812194824219
srv-007,2017-06-10 19:00:00,39.9001350402832
srv-007,2017-06-10 20:00:00,36.9084358215332
srv-007,2017-06-10 21:00:00,36.33547592163086
srv-007,2017-06-10 22:00:00,35.3420524597168
srv-007,2017-06-10 23:00:00,35.47055435180664
srv-007,2017-06-11 00:00:00,34.614070892333984
srv-007,2017-06-11 01:00:00,35.79576873779297
srv-007,2017-06-11 02:00:00,39.164886474609375
srv-007,2017-06-11 03:00:00,39.10164260864258
srv-007,2017-06-11 04:00:00,41.558467864990234
srv-007,2017-06-11 05:00:00,39.664730072021484
srv-007,2017-06-11 06:00:00,37.87315368652344
srv-007,2017-06-11 07:00:00,36.99216842651367
srv-007,2017-06-11 08:00:00,36.35972595214844
srv-007,2017-06-11 09:00:00,36.5517463684082
srv-007,2017-06-11 10:00:00,37.16563415527344
srv-007,2017-06-11 11:00:00,37.63051986694336
srv-007,2017-06-11 12:00:00,41.02370834350586
srv-007,2017-06-11 13:00:00,45.20354080200195
srv-007,2017-06-11 14:00:00,43.8221435546875
srv-007,2017-06-11 15:00:00,38.044071197509766
srv-007,2017-06-11 16:00:00,40.02819061279297
srv-007,2017-06-11 17:00:00,38.00282669067383
srv-007,2017-06-11 18:00:00,40.13898849487305
srv-007,2017-06-11 19:00:00,40.22250747680664
srv-007,2017-06-11 20:00:00,40.21163558959961
srv-007,2017-06-11 21:00:00,37.7935676574707
srv-007,2017-06-11 22:00:00,36.99007797241211
srv-007,2017-06-11 23:00:00,39.84384536743164
srv-007,2017-06-12 00:00:00,38.433780670166016
srv-007,2017-06-12 01:00:00,37.26746368408203
srv-007,2017-06-12 02:00:00,37.31905746459961
srv-007,2017-06-12 03:00:00,35.86393737792969
srv-007,2017-06-12 04:00:00,36.4915657043457
srv-007,2017-06-12 05:00:00,36.5768928527832
srv-007,2017-06-12 06:00:00,36.94436264038086
srv-007,2017-06-12 07:00:00,35.94062805175781
srv-007,2017-06-12 08:00:00,36.31281280517578
srv-007,2017-06-12 09:00:00,35.70093536376953
srv-007,2017-06-12 10:00:00,35.543212890625
srv-007,2017-06-12 11:00:00,40.5291862487793
srv-007,2017-06-12 12:00:00,41.86109161376953
srv-007,2017-06-12 13:00:00,44.336639404296875
srv-007,2017-06-12 14:00:00,42.02030563354492
srv-007,2017-06-12 15:00:00,40.57673645019531
srv-007,2017-06-12 16:00:00,38.159217834472656
srv-007,2017-06-12 17:00:00,40.97236633300781
srv-007,2017-06-12 18:00:00,41.96770095825195
srv-007,2017-06-12 19:00:00,42.572967529296875
srv-007,2017-06-12 20:00:00,39.97275924682617
srv-007,2017-06-12 21:00:00,39.2172966003418
srv-007,2017-06-12 22:00:00,40.9537467956543
srv-007,2017-06-12 23:00:00,42.01236343383789
srv-007,2017-06-13 00:00:00,44.63154602050781
srv-007,2017-06-13 01:00:00,46.66928482055664
srv-007,2017-06-13 02:00:00,47.02804946899414
srv-007,2017-06-13 03:00:00,48.21709060668945
srv-007,2017-06-13 04:00:00,44.43962478637695
srv-007,2017-06-13 05:00:00,43.54657745361328
srv-007,2017-06-13 06:00:00,47.54479217529297
srv-007,2017-06-13 07:00:00,46.49387741088867
srv-007,2017-06-13 08:00:00,48.021278381347656
srv-007,2017-06-13 09:00:00,46.028995513916016
srv-007,2017-06-13 10:00:00,46.92439651489258
srv-007,2017-06-13 11:00:00,52.34592819213867
srv-007,2017-06-13 12:00:00,53.39719772338867
srv-007,2017-06-13 13:00:00,55.25166702270508
srv-007,2017-06-13 14:00:00,55.59885025024414
srv-007,2017-06-13 15:00:00,52.5057258605957
srv-007,2017-06-13 16:00:00,48.33550262451172
srv-007,2017-06-13 17:00:00,46.090572357177734
srv-007,2017-06-13 18:00:00,46.69642639160156
srv-007,2017-06-13 19:00:00,46.615501403808594
srv-007,2017-06-13 20:00:00,47.661407470703125
srv-007,2017-06-13 21:00:00,47.39363479614258
srv-007,2017-06-13 22:00:00,48.611289978027344
srv-007,2017-06-13 23:00:00,45.95356750488281
srv-007,2017-06-14 00:00:00,47.469200134277344
srv-007,2017-06-14 01:00:00,49.11337661743164
srv-007,2017-06-14 02:00:00,50.73082733154297
srv-007,2017-06-14 03:00:00,52.189361572265625
srv-007,2017-06-14 04:00:00,54.6667594909668
srv-007,2017-06-14 05:00:00,53.21126174926758
srv-007,2017-06-14 06:00:00,52.313819885253906
srv-007,2017-06-14 07:00:00,52.592708587646484
srv-007,2017-06-14 08:00:00,52.985084533691406
srv-007,2017-06-14 09:00:00,52.46516799926758
srv-007,2017-06-14 10:00:00,52.20722579956055
srv-007,2017-06-14 11:00:00,53.56583786010742
srv-007,2017-06-14 12:00:00,53.22593688964844
srv-007,2017-06-14 13:00:00,53.35873794555664
srv-007,2017-06-14 14:00:00,51.31729507446289
srv-007,2017-06-14 15:00:00,54.373714447021484
srv-007,2017-06-14 16:00:00,54.78085708618164
srv-007,2017-06-14 17:00:00,52.89389419555664
srv-007,2017-06-14 18:00:00,51.64406204223633
srv-007,2017-06-14 19:00:00,50.13703536987305
srv-007,2017-06-14 20:00:00,49.21897506713867
srv-007,2017-06-14 21:00:00,49.61507034301758
srv-007,2017-06-14 22:00:00,47.42087936401367
srv-007,2017-06-14 23:00:00,46.82139587402344
srv-007,2017-06-15 00:00:00,46.901546478271484
srv-007,2017-06-15 01:00:00,49.96175003051758
srv-007,2017-06-15 02:00:00,47.460792541503906
srv-007,2017-06-15 03:00:00,47.242591857910156
srv-007,2017-06-15 04:00:00,48.17403030395508
srv-007,2017-06-15 05:00:00,50.39638900756836
srv-007,2017-06-15 06:00:00,51.98454666137695
srv-007,2017-06-15 07:00:00,50.01750564575195
srv-007,2017-06-15 08:00:00,50.32915496826172
srv-007,2017-06-15 09:00:00,48.5329704284668
srv-007,2017-06-15 10:00:00,49.0209846496582
srv-007,2017-06-15 11:00:00,49.93366622924805
srv-007,2017-06-15 12:00:00,51.93241500854492
srv-007,2017-06-15 13:00:00,50.076820373535156
srv-007,2017-06-15 14:00:00,46.76781463623047
srv-007,2017-06-15 15:00:00,48.89173889160156
srv-007,2017-06-15 16:00:00,48.019290924072266
srv-007,2017-06-15 17:00:00,45.77526092529297
srv-007,2017-06-15 18:00:00,46.18082046508789
srv-007,2017-06-15 19:00:00,43.931915283203125
srv-007,2017-06-15 20:00:00,43.988460540771484
srv-007,2017-06-15 21:00:00,43.44817352294922
srv-007,2017-06-15 22:00:00,42.72872543334961
srv-007,2017-06-15 23:00:00,42.78476333618164
srv-007,2017-06-16 00:00:00,42.17668533325195
srv-007,2017-06-16 01:00:00,40.905094146728516
srv-007,2017-06-16 02:00:00,39.721073150634766
srv-007,2017-06-16 03:00:00,40.242557525634766
srv-007,2017-06-16 04:00:00,42.255802154541016
srv-007,2017-06-16 05:00:00,43.23696517944336
srv-007,2017-06-16 06:00:00,43.73695755004883
srv-007,2017-06-16 07:00:00,45.88093185424805
srv-007,2017-06-16 08:00:00,46.252044677734375
srv-007,2017-06-16 09:00:00,43.54508972167969
srv-007,2017-06-16 10:00:00,43.27680587768555
srv-007,2017-06-16 11:00:00,42.84042739868164
srv-007,2017-06-16 12:00:00,44.0017204284668
srv-007,2017-06-16 13:00:00,44.245052337646484
srv-007,2017-06-16 14:00:00,42.81892013549805
srv-007,2017-06-16 15:00:00,41.66213607788086
srv-007,2017-06-16 16:00:00,41.1253776550293
srv-007,2017-06-16 17:00:00,41.59809494018555
srv-007,2017-06-16 18:00:00,41.44300079345703
srv-007,2017-06-16 19:00:00,40.97264862060547
srv-007,2017-06-16 20:00:00,38.50228500366211
srv-007,2017-06-16 21:00:00,37.80161666870117
srv-007,2017-06-16 22:00:00,36.55120086669922
srv-007,2017-06-16 23:00:00,36.881587982177734
srv-007,2017-06-17 00:00:00,34.96472930908203
srv-007,2017-06-17 01:00:00,35.076053619384766
srv-007,2017-06-17 02:00:00,36.506046295166016
srv-007,2017-06-17 03:00:00,35.529361724853516
srv-007,2017-06-17 04:00:00,38.87533950805664
srv-007,2017-06-17 05:00:00,39.8078727722168
srv-007,2017-06-17 06:00:00,42.400047302246094
srv-007,2017-06-17 07:00:00,39.68561935424805
srv-007,2017-06-17 08:00:00,39.57533645629883
srv-007,2017-06-17 09:00:00,42.7873649597168
srv-007,2017-06-17 10:00:00,41.8408088684082
srv-007,2017-06-17 11:00:00,40.6772346496582
srv-007,2017-06-17 12:00:00,38.74704360961914
srv-007,2017-06-17 13:00:00,39.59626007080078
srv-007,2017-06-17 14:00:00,39.120452880859375
srv-007,2017-06-17 15:00:00,38.831668853759766
srv-007,2017-06-17 16:00:00,37.532432556152344
srv-007,2017-06-17 17:00:00,40.18769454956055
srv-007,2017-06-17 18:00:00,41.92422866821289
srv-007,2017-06-17 19:00:00,41.772212982177734
srv-007,2017-06-17 20:00:00,40.31939697265625
srv-007,2017-06-17 21:00:00,38.91087341308594
srv-007,2017-06-17 22:00:00,37.34686279296875
srv-007,2017-06-17 23:00:00,37.83513259887695
srv-007,2017-06-18 00:00:00,37.98188400268555
srv-007,2017-06-18 01:00:00,37.19795227050781
srv-007,2017-06-18 02:00:00,35.61332321166992
srv-007,2017-06-18 03:00:00,34.31439971923828
srv-007,2017-06-18 04:00:00,36.1990966796875
srv-007,2017-06-18 05:00:00,38.1954231262207
srv-007,2017-06-18 06:00:00,36.819679260253906
srv-007,2017-06-18 07:00:00,37.78322219848633
srv-007,2017-06-18 08:00:00,37.34260559082031
srv-007,2017-06-18 09:00:00,42.03654098510742
srv-007,2017-06-18 10:00:00,42.28226089477539
srv-007,2017-06-18 11:00:00,44.01201629638672
srv-007,2017-06-18 12:00:00,54.84469223022461
srv-007,2017-06-18 13:00:00,53.90806198120117
srv-007,2017-06-18 14:00:00,48.11357498168945
srv-007,2017-06-18 15:00:00,45.22578430175781
srv-007,2017-06-18 16:00:00,44.00789260864258
srv-007,2017-06-18 17:00:00,45.099281311035156
srv-007,2017-06-18 18:00:00,44.75188064575195
srv-007,2017-06-18 19:00:00,42.94198989868164
srv-007,2017-06-18 20:00:00,39.50823974609375
srv-007,2017-06-18 21:00:00,36.31728744506836
srv-007,2017-06-18 22:00:00,34.816490173339844
srv-007,2017-06-18 23:00:00,34.22045135498047
srv-007,2017-06-19 00:00:00,32.65299606323242
srv-007,2017-06-19 01:00:00,37.25822067260742
srv-007,2017-06-19 02:00:00,37.631072998046875
srv-007,2017-06-19 03:00:00,35.12617111206055
srv-007,2017-06-19 04:00:00,35.71016311645508
srv-007,2017-06-19 05:00:00,35.3373908996582
srv-007,2017-06-19 06:00:00,38.89847183227539
srv-007,2017-06-19 07:00:00,39.43122863769531
srv-007,2017-06-19 08:00:00,42.72446823120117
srv-007,2017-06-19 09:00:00,42.2786750793457
srv-007,2017-06-19 10:00:00,42.94790267944336
srv-007,2017-06-19 11:00:00,44.553531646728516
srv-007,2017-06-19 12:00:00,46.30105972290039
srv-007,2017-06-19 13:00:00,47.072879791259766
srv-007,2017-06-19 14:00:00,48.47520065307617
srv-007,2017-06-19 15:00:00,46.93938064575195
srv-007,2017-06-19 16:00:00,44.54304885864258
srv-007,2017-06-19 17:00:00,43.49661636352539
srv-007,2017-06-19 18:00:00,46.85280990600586
srv-007,2017-06-19 19:00:00,46.82695388793945
srv-007,2017-06-19 20:00:00,49.285335540771484
srv-007,2017-06-19 21:00:00,46.63499450683594
srv-007,2017-06-19 22:00:00,45.089412689208984
srv-007,2017-06-19 23:00:00,43.8354377746582
srv-007,2017-06-20 00:00:00,44.787437438964844
srv-007,2017-06-20 01:00:00,44.858699798583984
srv-007,2017-06-20 02:00:00,43.345401763916016
srv-007,2017-06-20 03:00:00,45.45065689086914
srv-007,2017-06-20 04:00:00,46.65800094604492
srv-007,2017-06-20 05:00:00,47.6220588684082
srv-007,2017-06-20 06:00:00,51.99794387817383
srv-007,2017-06-20 07:00:00,51.916236877441406
srv-007,2017-06-20 08:00:00,53.557796478271484
srv-007,2017-06-20 09:00:00,53.44270706176758
srv-007,2017-06-20 10:00:00,51.9257698059082
srv-007,2017-06-20 11:00:00,51.27756118774414
srv-007,2017-06-20 12:00:00,53.948673248291016
srv-007,2017-06-20 13:00:00,53.18948745727539
srv-007,2017-06-20 14:00:00,53.8045539855957
srv-007,2017-06-20 15:00:00,55.37099838256836
srv-007,2017-06-20 16:00:00,52.60186004638672
srv-007,2017-06-20 17:00:00,51.98099899291992
srv-007,2017-06-20 18:00:00,50.24520492553711
srv-007,2017-06-20 19:00:00,50.76517868041992
srv-007,2017-06-20 20:00:00,48.1631965637207
srv-007,2017-06-20 21:00:00,48.72967529296875
srv-007,2017-06-20 22:00:00,49.818321228027344
srv-007,2017-06-20 23:00:00,47.97236633300781
srv-007,2017-06-21 00:00:00,48.62458038330078
srv-007,2017-06-21 01:00:00,51.577640533447266
srv-007,2017-06-21 02:00:00,51.57784652709961
srv-007,2017-06-21 03:00:00,50.613609313964844
srv-007,2017-06-21 04:00:00,51.9530029296875
srv-007,2017-06-21 05:00:00,50.887760162353516
srv-007,2017-06-21 06:00:00,51.030765533447266
srv-007,2017-06-21 07:00:00,51.422733306884766
srv-007,2017-06-21 08:00:00,53.781558990478516
srv-007,2017-06-21 09:00:00,54.74806594848633
srv-007,2017-06-21 10:00:00,52.52390670776367
srv-007,2017-06-21 11:00:00,56.87115478515625
srv-007,2017-06-21 12:00:00,58.47848892211914
srv-007,2017-06-21 13:00:00,52.14126968383789
srv-007,2017-06-21 14:00:00,54.216121673583984
srv-007,2017-06-21 15:00:00,54.693782806396484
srv-007,2017-06-21 16:00:00,57.265499114990234
srv-007,2017-06-21 17:00:00,58.11482238769531
srv-007,2017-06-21 18:00:00,54.735477447509766
srv-007,2017-06-21 19:00:00,53.849239349365234
srv-007,2017-06-21 20:00:00,53.29947280883789
srv-007,2017-06-21 21:00:00,54.74326705932617
srv-007,2017-06-21 22:00:00,54.878700256347656
srv-007,2017-06-21 23:00:00,52.49808883666992
srv-007,2017-06-22 00:00:00,50.400753021240234
srv-007,2017-06-22 01:00:00,50.144588470458984
srv-007,2017-06-22 02:00:00,51.0458869934082
srv-007,2017-06-22 03:00:00,51.40283966064453
srv-007,2017-06-22 04:00:00,48.60075759887695
srv-007,2017-06-22 05:00:00,48.86174011230469
srv-007,2017-06-22 06:00:00,50.214881896972656
srv-007,2017-06-22 07:00:00,47.42958068847656
srv-007,2017-06-22 08:00:00,48.27584457397461
srv-007,2017-06-22 09:00:00,49.38106918334961
srv-007,2017-06-22 10:00:00,50.54204177856445
srv-007,2017-06-22 11:00:00,53.992759704589844
srv-007,2017-06-22 12:00:00,53.976783752441406
srv-007,2017-06-22 13:00:00,51.80382537841797
srv-007,2017-06-22 14:00:00,50.638671875
srv-007,2017-06-22 15:00:00,48.684085845947266
srv-007,2017-06-22 16:00:00,47.86538314819336
srv-007,2017-06-22 17:00:00,47.83836364746094
srv-007,2017-06-22 18:00:00,47.44697952270508
srv-007,2017-06-22 19:00:00,45.430946350097656
srv-007,2017-06-22 20:00:00,45.80861282348633
srv-007,2017-06-22 21:00:00,43.97481918334961
srv-007,2017-06-22 22:00:00,42.639305114746094
srv-007,2017-06-22 23:00:00,41.1492919921875
srv-007,2017-06-23 00:00:00,40.8323860168457
srv-007,2017-06-23 01:00:00,40.29487991333008
srv-007,2017-06-23 02:00:00,39.60104751586914
srv-007,2017-06-23 03:00:00,41.023921966552734
srv-007,2017-06-23 04:00:00,40.360633850097656
srv-007,2017-06-23 05:00:00,41.174713134765625
srv-007,2017-06-23 06:00:00,41.00058364868164
srv-007,2017-06-23 07:00:00,40.35002517700195
srv-007,2017-06-23 08:00:00,40.706207275390625
srv-007,2017-06-23 09:00:00,41.601985931396484
srv-007,2017-06-23 10:00:00,42.0418815612793
srv-007,2017-06-23 11:00:00,42.50015640258789
srv-007,2017-06-23 12:00:00,42.99894332885742
srv-007,2017-06-23 13:00:00,42.04302215576172
srv-007,2017-06-23 14:00:00,41.68773651123047
srv-007,2017-06-23 15:00:00,41.68479919433594
srv-007,2017-06-23 16:00:00,42.2675895690918
srv-007,2017-06-23 17:00:00,43.20761489868164
srv-007,2017-06-23 18:00:00,42.75836181640625
srv-007,2017-06-23 19:00:00,39.96815490722656
srv-007,2017-06-23 20:00:00,40.13178634643555
srv-007,2017-06-23 21:00:00,38.8220100402832
srv-007,2017-06-23 22:00:00,38.5985107421875
srv-007,2017-06-23 23:00:00,36.62199401855469
srv-007,2017-06-24 00:00:00,37.27669143676758
srv-007,2017-06-24 01:00:00,41.31937026977539
srv-007,2017-06-24 02:00:00,40.71860885620117
srv-007,2017-06-24 03:00:00,42.35493469238281
srv-007,2017-06-24 04:00:00,42.81647872924805
srv-007,2017-06-24 05:00:00,44.3437614440918
srv-007,2017-06-24 06:00:00,44.387367248535156
srv-007,2017-06-24 07:00:00,37.56193542480469
srv-007,2017-06-24 08:00:00,37.09807205200195
srv-007,2017-06-24 09:00:00,35.55449295043945
srv-007,2017-06-24 10:00:00,35.031375885009766
srv-007,2017-06-24 11:00:00,37.55891036987305
srv-007,2017-06-24 12:00:00,40.8696174621582
srv-007,2017-06-24 13:00:00,45.92990493774414
srv-007,2017-06-24 14:00:00,44.47194290161133
srv-007,2017-06-24 15:00:00,42.40964889526367
srv-007,2017-06-24 16:00:00,45.492706298828125
srv-007,2017-06-24 17:00:00,45.2299690246582
srv-007,2017-06-24 18:00:00,43.979373931884766
srv-007,2017-06-24 19:00:00,44.53950119018555
srv-007,2017-06-24 20:00:00,44.85304260253906
srv-007,2017-06-24 21:00:00,42.117027282714844
srv-007,2017-06-24 22:00:00,40.40581130981445
srv-007,2017-06-24 23:00:00,37.86931228637695
srv-007,2017-06-25 00:00:00,41.70029830932617
srv-007,2017-06-25 01:00:00,41.57784652709961
srv-007,2017-06-25 02:00:00,40.68624496459961
srv-007,2017-06-25 03:00:00,38.176841735839844
srv-007,2017-06-25 04:00:00,37.71976089477539
srv-007,2017-06-25 05:00:00,41.35818862915039
srv-007,2017-06-25 06:00:00,40.97263717651367
srv-007,2017-06-25 07:00:00,39.36538314819336
srv-007,2017-06-25 08:00:00,40.36385726928711
srv-007,2017-06-25 09:00:00,37.954105377197266
srv-007,2017-06-25 10:00:00,38.60392379760742
srv-007,2017-06-25 11:00:00,39.93410873413086
srv-007,2017-06-25 12:00:00,38.57600021362305
srv-007,2017-06-25 13:00:00,43.91813278198242
srv-007,2017-06-25 14:00:00,44.51445388793945
srv-007,2017-06-25 15:00:00,47.377960205078125
srv-007,2017-06-25 16:00:00,48.993690490722656
srv-007,2017-06-25 17:00:00,48.92009353637695
srv-007,2017-06-25 18:00:00,49.45368576049805
srv-007,2017-06-25 19:00:00,44.93088150024414
srv-007,2017-06-25 20:00:00,42.50514221191406
srv-007,2017-06-25 21:00:00,42.083858489990234
srv-007,2017-06-25 22:00:00,40.29438781738281
srv-007,2017-06-25 23:00:00,39.10167694091797
srv-007,2017-06-26 00:00:00,36.538814544677734
srv-007,2017-06-26 01:00:00,34.39595031738281
srv-007,2017-06-26 02:00:00,35.9272346496582
srv-007,2017-06-26 03:00:00,38.758766174316406
srv-007,2017-06-26 04:00:00,40.77894592285156
srv-007,2017-06-26 05:00:00,43.054317474365234
srv-007,2017-06-26 06:00:00,42.66500473022461
srv-007,2017-06-26 07:00:00,40.486175537109375
srv-007,2017-06-26 08:00:00,40.36931228637695
srv-007,2017-06-26 09:00:00,38.78282928466797
srv-007,2017-06-26 10:00:00,40.48734664916992
srv-007,2017-06-26 11:00:00,40.97774124145508
srv-007,2017-06-26 12:00:00,47.27827835083008
srv-007,2017-06-26 13:00:00,47.255592346191406
srv-007,2017-06-26 14:00:00,46.68156814575195
srv-007,2017-06-26 15:00:00,46.27183151245117
srv-007,2017-06-26 16:00:00,47.007205963134766
srv-007,2017-06-26 17:00:00,45.81131362915039
srv-007,2017-06-26 18:00:00,43.9539680480957
srv-007,2017-06-26 19:00:00,43.97953414916992
srv-007,2017-06-26 20:00:00,44.11730194091797
srv-007,2017-06-26 21:00:00,43.5958366394043
srv-007,2017-06-26 22:00:00,43.48225402832031
srv-007,2017-06-26 23:00:00,43.155311584472656
srv-007,2017-06-27 00:00:00,44.70759963989258
srv-007,2017-06-27 01:00:00,44.01094436645508
srv-007,2017-06-27 02:00:00,46.49190139770508
srv-007,2017-06-27 03:00:00,42.74494171142578
srv-007,2017-06-27 04:00:00,42.14788818359375
srv-007,2017-06-27 05:00:00,44.10013198852539
srv-007,2017-06-27 06:00:00,45.43046951293945
srv-007,2017-06-27 07:00:00,45.84370422363281
srv-007,2017-06-27 08:00:00,46.946571350097656
srv-007,2017-06-27 09:00:00,48.361167907714844
srv-007,2017-06-27 10:00:00,49.73576736450195
srv-007,2017-06-27 11:00:00,48.71658706665039
srv-007,2017-06-27 12:00:00,48.16583251953125
srv-007,2017-06-27 13:00:00,46.29462814331055
srv-007,2017-06-27 14:00:00,46.67186737060547
srv-007,2017-06-27 15:00:00,48.46059036254883
srv-007,2017-06-27 16:00:00,53.53901290893555
srv-007,2017-06-27 17:00:00,52.80004119873047
srv-007,2017-06-27 18:00:00,52.19247055053711
srv-007,2017-06-27 19:00:00,49.53298568725586
srv-007,2017-06-27 20:00:00,48.8820686340332
srv-007,2017-06-27 21:00:00,51.03188705444336
srv-007,2017-06-27 22:00:00,47.68743896484375
srv-007,2017-06-27 23:00:00,47.224761962890625
srv-007,2017-06-28 00:00:00,50.45024871826172
srv-007,2017-06-28 01:00:00,48.379756927490234
srv-007,2017-06-28 02:00:00,48.77280807495117
srv-007,2017-06-28 03:00:00,49.338035583496094
srv-007,2017-06-28 04:00:00,48.57749938964844
srv-007,2017-06-28 05:00:00,48.022647857666016
srv-007,2017-06-28 06:00:00,49.05173873901367
srv-007,2017-06-28 07:00:00,49.451290130615234
srv-007,2017-06-28 08:00:00,53.827247619628906
srv-007,2017-06-28 09:00:00,52.66981887817383
srv-007,2017-06-28 10:00:00,51.55019760131836
srv-007,2017-06-28 11:00:00,53.85824966430664
srv-007,2017-06-28 12:00:00,54.72224807739258
srv-007,2017-06-28 13:00:00,53.19340133666992
srv-007,2017-06-28 14:00:00,54.17328643798828
srv-007,2017-06-28 15:00:00,55.64302444458008
srv-007,2017-06-28 16:00:00,55.86063766479492
srv-007,2017-06-28 17:00:00,55.81025314331055
srv-007,2017-06-28 18:00:00,52.16868209838867
srv-007,2017-06-28 19:00:00,55.1579704284668
srv-007,2017-06-28 20:00:00,44.19736862182617
srv-007,2017-06-28 21:00:00,44.35673904418945
srv-007,2017-06-28 22:00:00,44.22813415527344
srv-007,2017-06-28 23:00:00,51.227272033691406
srv-007,2017-06-29 00:00:00,49.12044906616211
srv-007,2017-06-29 01:00:00,47.0748291015625
srv-007,2017-06-29 02:00:00,46.43239974975586
srv-007,2017-06-29 03:00:00,48.39090347290039
srv-007,2017-06-29 04:00:00,48.94038772583008
srv-007,2017-06-29 05:00:00,49.26242446899414
srv-007,2017-06-29 06:00:00,48.26750183105469
srv-007,2017-06-29 07:00:00,49.38774490356445
srv-007,2017-06-29 08:00:00,51.555057525634766
srv-007,2017-06-29 09:00:00,48.44540023803711
srv-007,2017-06-29 10:00:00,47.51957702636719
srv-007,2017-06-29 11:00:00,48.4087028503418
srv-007,2017-06-29 12:00:00,50.64535140991211
srv-007,2017-06-29 13:00:00,54.124671936035156
srv-007,2017-06-29 14:00:00,53.04702377319336
srv-007,2017-06-29 15:00:00,48.81709671020508
srv-007,2017-06-29 16:00:00,48.73664093017578
srv-007,2017-06-29 17:00:00,47.25515365600586
srv-007,2017-06-29 18:00:00,48.21308898925781
srv-007,2017-06-29 19:00:00,46.12849044799805
srv-007,2017-06-29 20:00:00,44.683204650878906
srv-007,2017-06-29 21:00:00,44.638484954833984
srv-007,2017-06-29 22:00:00,42.9691047668457
srv-007,2017-06-29 23:00:00,42.70528793334961
srv-007,2017-06-30 00:00:00,43.0018424987793
srv-007,2017-06-30 01:00:00,43.75324630737305
srv-007,2017-06-30 02:00:00,44.12076950073242
srv-007,2017-06-30 03:00:00,45.205360412597656
srv-007,2017-06-30 04:00:00,43.58774185180664
srv-007,2017-06-30 05:00:00,44.16526794433594
srv-007,2017-06-30 06:00:00,47.50496292114258
srv-007,2017-06-30 07:00:00,46.940853118896484
srv-007,2017-06-30 08:00:00,46.7465934753418
srv-007,2017-06-30 09:00:00,46.46356201171875
srv-007,2017-06-30 10:00:00,45.328285217285156
srv-007,2017-06-30 11:00:00,43.6138916015625
srv-007,2017-06-30 12:00:00,40.517906188964844
srv-007,2017-06-30 13:00:00,39.49793243408203
srv-007,2017-06-30 14:00:00,37.55272674560547
srv-007,2017-06-30 15:00:00,36.6213493347168
srv-007,2017-06-30 16:00:00,39.03388977050781
srv-007,2017-06-30 17:00:00,39.70661544799805
srv-007,2017-06-30 18:00:00,39.35091018676758
srv-007,2017-06-30 19:00:00,39.392696380615234
srv-007,2017-06-30 20:00:00,38.94633865356445
srv-007,2017-06-30 21:00:00,37.5862922668457
srv-007,2017-06-30 22:00:00,36.779937744140625
srv-007,2017-06-30 23:00:00,35.42620086669922
srv-008,2017-06-01 23:00:00,61.22420120239258
srv-008,2017-06-02 00:00:00,71.20993041992188
srv-008,2017-06-02 01:00:00,71.58848571777344
srv-008,2017-06-02 02:00:00,70.1602783203125
srv-008,2017-06-02 03:00:00,67.84248352050781
srv-008,2017-06-02 04:00:00,66.55345153808594
srv-008,2017-06-02 05:00:00,68.13459777832031
srv-008,2017-06-02 06:00:00,65.99238586425781
srv-008,2017-06-02 07:00:00,65.10675048828125
srv-008,2017-06-02 08:00:00,64.09952545166016
srv-008,2017-06-02 09:00:00,64.85748291015625
srv-008,2017-06-02 10:00:00,67.05783081054688
srv-008,2017-06-02 11:00:00,71.75460815429688
srv-008,2017-06-02 12:00:00,73.14442443847656
srv-008,2017-06-02 13:00:00,75.60665893554688
srv-008,2017-06-02 14:00:00,75.736572265625
srv-008,2017-06-02 15:00:00,75.07923889160156
srv-008,2017-06-02 16:00:00,73.76828002929688
srv-008,2017-06-02 17:00:00,68.08982849121094
srv-008,2017-06-02 18:00:00,67.2056884765625
srv-008,2017-06-02 19:00:00,69.29609680175781
srv-008,2017-06-02 20:00:00,68.09928894042969
srv-008,2017-06-02 21:00:00,68.98599243164062
srv-008,2017-06-02 22:00:00,67.51951599121094
srv-008,2017-06-02 23:00:00,72.87586975097656
srv-008,2017-06-03 00:00:00,75.7183837890625
srv-008,2017-06-03 01:00:00,75.56619262695312
srv-008,2017-06-03 02:00:00,71.80941772460938
srv-008,2017-06-03 03:00:00,68.26515197753906
srv-008,2017-06-03 04:00:00,69.07760620117188
srv-008,2017-06-03 05:00:00,74.9603271484375
srv-008,2017-06-03 06:00:00,74.93544006347656
srv-008,2017-06-03 07:00:00,71.02847290039062
srv-008,2017-06-03 08:00:00,73.03733825683594
srv-008,2017-06-03 09:00:00,74.62637329101562
srv-008,2017-06-03 10:00:00,73.20709228515625
srv-008,2017-06-03 11:00:00,71.80735778808594
srv-008,2017-06-03 12:00:00,72.82975769042969
srv-008,2017-06-03 13:00:00,73.75457763671875
srv-008,2017-06-03 14:00:00,76.01708984375
srv-008,2017-06-03 15:00:00,76.63645935058594
srv-008,2017-06-03 16:00:00,74.34419250488281
srv-008,2017-06-03 17:00:00,73.21694946289062
srv-008,2017-06-03 18:00:00,76.80001831054688
srv-008,2017-06-03 19:00:00,76.45156860351562
srv-008,2017-06-03 20:00:00,75.92839050292969
srv-008,2017-06-03 21:00:00,72.58900451660156
srv-008,2017-06-03 22:00:00,69.20166015625
srv-008,2017-06-03 23:00:00,70.11544799804688
srv-008,2017-06-04 00:00:00,72.83944702148438
srv-008,2017-06-04 01:00:00,71.9591064453125
srv-008,2017-06-04 02:00:00,71.07112121582031
srv-008,2017-06-04 03:00:00,71.74110412597656
srv-008,2017-06-04 04:00:00,72.51300048828125
srv-008,2017-06-04 05:00:00,70.86959838867188
srv-008,2017-06-04 06:00:00,71.635498046875
srv-008,2017-06-04 07:00:00,74.031982421875
srv-008,2017-06-04 08:00:00,75.16500854492188
srv-008,2017-06-04 09:00:00,74.98974609375
srv-008,2017-06-04 10:00:00,73.30917358398438
srv-008,2017-06-04 11:00:00,69.262451171875
srv-008,2017-06-04 12:00:00,70.75247192382812
srv-008,2017-06-04 13:00:00,73.57090759277344
srv-008,2017-06-04 14:00:00,74.28671264648438
srv-008,2017-06-04 15:00:00,73.44050598144531
srv-008,2017-06-04 16:00:00,73.47869873046875
srv-008,2017-06-04 17:00:00,76.44956970214844
srv-008,2017-06-04 18:00:00,77.04679870605469
srv-008,2017-06-04 19:00:00,77.15269470214844
srv-008,2017-06-04 20:00:00,74.937744140625
srv-008,2017-06-04 21:00:00,72.47421264648438
srv-008,2017-06-04 22:00:00,74.14080810546875
srv-008,2017-06-04 23:00:00,75.25514221191406
srv-008,2017-06-05 00:00:00,71.07594299316406
srv-008,2017-06-05 01:00:00,66.5362548828125
srv-008,2017-06-05 02:00:00,68.20541381835938
srv-008,2017-06-05 03:00:00,70.19844055175781
srv-008,2017-06-05 04:00:00,68.87413024902344
srv-008,2017-06-05 05:00:00,67.80813598632812
srv-008,2017-06-05 06:00:00,68.21836853027344
srv-008,2017-06-05 07:00:00,71.65916442871094
srv-008,2017-06-05 08:00:00,75.18038940429688
srv-008,2017-06-05 09:00:00,74.58035278320312
srv-008,2017-06-05 10:00:00,73.66377258300781
srv-008,2017-06-05 11:00:00,76.49307250976562
srv-008,2017-06-05 12:00:00,77.52308654785156
srv-008,2017-06-05 13:00:00,79.26025390625
srv-008,2017-06-05 14:00:00,77.74444580078125
srv-008,2017-06-05 15:00:00,78.96633911132812
srv-008,2017-06-05 16:00:00,76.70706176757812
srv-008,2017-06-05 17:00:00,78.14585876464844
srv-008,2017-06-05 18:00:00,80.33012390136719
srv-008,2017-06-05 19:00:00,80.37608337402344
srv-008,2017-06-05 20:00:00,76.296630859375
srv-008,2017-06-05 21:00:00,77.15861511230469
srv-008,2017-06-05 22:00:00,76.45368957519531
srv-008,2017-06-05 23:00:00,75.98057556152344
srv-008,2017-06-06 00:00:00,76.66700744628906
srv-008,2017-06-06 01:00:00,75.42655944824219
srv-008,2017-06-06 02:00:00,76.29888916015625
srv-008,2017-06-06 03:00:00,78.91738891601562
srv-008,2017-06-06 04:00:00,80.75973510742188
srv-008,2017-06-06 05:00:00,80.05470275878906
srv-008,2017-06-06 06:00:00,80.34674072265625
srv-008,2017-06-06 07:00:00,79.10227966308594
srv-008,2017-06-06 08:00:00,84.16770935058594
srv-008,2017-06-06 09:00:00,84.63008117675781
srv-008,2017-06-06 10:00:00,81.074462890625
srv-008,2017-06-06 11:00:00,79.76628112792969
srv-008,2017-06-06 12:00:00,79.87896728515625
srv-008,2017-06-06 13:00:00,80.360595703125
srv-008,2017-06-06 14:00:00,82.38548278808594
srv-008,2017-06-06 15:00:00,82.11717224121094
srv-008,2017-06-06 16:00:00,79.43960571289062
srv-008,2017-06-06 17:00:00,79.99334716796875
srv-008,2017-06-06 18:00:00,80.48045349121094
srv-008,2017-06-06 19:00:00,80.08914184570312
srv-008,2017-06-06 20:00:00,79.36897277832031
srv-008,2017-06-06 21:00:00,77.13188171386719
srv-008,2017-06-06 22:00:00,79.90425109863281
srv-008,2017-06-06 23:00:00,80.17424011230469
srv-008,2017-06-07 00:00:00,81.31500244140625
srv-008,2017-06-07 01:00:00,80.8134765625
srv-008,2017-06-07 02:00:00,79.07601928710938
srv-008,2017-06-07 03:00:00,80.55061340332031
srv-008,2017-06-07 04:00:00,78.76158142089844
srv-008,2017-06-07 05:00:00,77.82514953613281
srv-008,2017-06-07 06:00:00,79.29452514648438
srv-008,2017-06-07 07:00:00,80.92811584472656
srv-008,2017-06-07 08:00:00,81.77978515625
srv-008,2017-06-07 09:00:00,81.59725952148438
srv-008,2017-06-07 10:00:00,80.77978515625
srv-008,2017-06-07 11:00:00,79.51469421386719
srv-008,2017-06-07 12:00:00,80.41043090820312
srv-008,2017-06-07 13:00:00,80.08343505859375
srv-008,2017-06-07 14:00:00,80.87417602539062
srv-008,2017-06-07 15:00:00,81.01222229003906
srv-008,2017-06-07 16:00:00,79.80793762207031
srv-008,2017-06-07 17:00:00,82.80329895019531
srv-008,2017-06-07 18:00:00,83.56936645507812
srv-008,2017-06-07 19:00:00,83.61346435546875
srv-008,2017-06-07 20:00:00,81.73765563964844
srv-008,2017-06-07 21:00:00,82.10600280761719
srv-008,2017-06-07 22:00:00,84.13987731933594
srv-008,2017-06-07 23:00:00,81.30923461914062
srv-008,2017-06-08 00:00:00,78.70082092285156
srv-008,2017-06-08 01:00:00,78.08848571777344
srv-008,2017-06-08 02:00:00,81.4071044921875
srv-008,2017-06-08 03:00:00,81.08903503417969
srv-008,2017-06-08 04:00:00,79.23677062988281
srv-008,2017-06-08 05:00:00,80.1246337890625
srv-008,2017-06-08 06:00:00,79.714111328125
srv-008,2017-06-08 07:00:00,82.38636779785156
srv-008,2017-06-08 08:00:00,84.13168334960938
srv-008,2017-06-08 09:00:00,84.92967224121094
srv-008,2017-06-08 10:00:00,83.321044921875
srv-008,2017-06-08 11:00:00,82.99142456054688
srv-008,2017-06-08 12:00:00,84.79643249511719
srv-008,2017-06-08 13:00:00,81.22880554199219
srv-008,2017-06-08 14:00:00,79.50953674316406
srv-008,2017-06-08 15:00:00,78.91529846191406
srv-008,2017-06-08 16:00:00,80.15316772460938
srv-008,2017-06-08 17:00:00,80.16876220703125
srv-008,2017-06-08 18:00:00,78.20147705078125
srv-008,2017-06-08 19:00:00,74.20582580566406
srv-008,2017-06-08 20:00:00,73.85287475585938
srv-008,2017-06-08 21:00:00,75.01429748535156
srv-008,2017-06-08 22:00:00,75.05294799804688
srv-008,2017-06-08 23:00:00,75.30192565917969
srv-008,2017-06-09 00:00:00,74.86741638183594
srv-008,2017-06-09 01:00:00,76.65444946289062
srv-008,2017-06-09 02:00:00,77.45100402832031
srv-008,2017-06-09 03:00:00,75.939453125
srv-008,2017-06-09 04:00:00,76.27934265136719
srv-008,2017-06-09 05:00:00,71.46745300292969
srv-008,2017-06-09 06:00:00,71.72148132324219
srv-008,2017-06-09 07:00:00,76.43374633789062
srv-008,2017-06-09 08:00:00,74.98869323730469
srv-008,2017-06-09 09:00:00,74.98934936523438
srv-008,2017-06-09 10:00:00,75.26731872558594
srv-008,2017-06-09 11:00:00,76.33592224121094
srv-008,2017-06-09 12:00:00,77.45893859863281
srv-008,2017-06-09 13:00:00,75.93893432617188
srv-008,2017-06-09 14:00:00,76.16532897949219
srv-008,2017-06-09 15:00:00,76.97518920898438
srv-008,2017-06-09 16:00:00,77.13922119140625
srv-008,2017-06-09 17:00:00,75.64617919921875
srv-008,2017-06-09 18:00:00,74.70742797851562
srv-008,2017-06-09 19:00:00,71.88177490234375
srv-008,2017-06-09 20:00:00,72.18751525878906
srv-008,2017-06-09 21:00:00,69.15238952636719
srv-008,2017-06-09 22:00:00,68.77320861816406
srv-008,2017-06-09 23:00:00,66.77532958984375
srv-008,2017-06-10 00:00:00,67.17483520507812
srv-008,2017-06-10 01:00:00,69.14790344238281
srv-008,2017-06-10 02:00:00,68.4307861328125
srv-008,2017-06-10 03:00:00,68.3983154296875
srv-008,2017-06-10 04:00:00,70.42312622070312
srv-008,2017-06-10 05:00:00,70.61943054199219
srv-008,2017-06-10 06:00:00,71.97572326660156
srv-008,2017-06-10 07:00:00,73.58488464355469
srv-008,2017-06-10 08:00:00,74.66181945800781
srv-008,2017-06-10 09:00:00,77.24334716796875
srv-008,2017-06-10 10:00:00,76.65542602539062
srv-008,2017-06-10 11:00:00,75.91050720214844
srv-008,2017-06-10 12:00:00,75.69921875
srv-008,2017-06-10 13:00:00,75.19593811035156
srv-008,2017-06-10 14:00:00,74.63868713378906
srv-008,2017-06-10 15:00:00,73.94425964355469
srv-008,2017-06-10 16:00:00,72.65176391601562
srv-008,2017-06-10 17:00:00,72.27906799316406
srv-008,2017-06-10 18:00:00,69.67695617675781
srv-008,2017-06-10 19:00:00,69.05014038085938
srv-008,2017-06-10 20:00:00,66.91177368164062
srv-008,2017-06-10 21:00:00,67.97267150878906
srv-008,2017-06-10 22:00:00,68.43901062011719
srv-008,2017-06-10 23:00:00,68.71481323242188
srv-008,2017-06-11 00:00:00,66.45669555664062
srv-008,2017-06-11 01:00:00,69.05966186523438
srv-008,2017-06-11 02:00:00,69.52301025390625
srv-008,2017-06-11 03:00:00,72.86123657226562
srv-008,2017-06-11 04:00:00,73.31826782226562
srv-008,2017-06-11 05:00:00,74.03460693359375
srv-008,2017-06-11 06:00:00,75.18061828613281
srv-008,2017-06-11 07:00:00,74.55455017089844
srv-008,2017-06-11 08:00:00,75.0301513671875
srv-008,2017-06-11 09:00:00,72.94583129882812
srv-008,2017-06-11 10:00:00,74.21548461914062
srv-008,2017-06-11 11:00:00,72.77774047851562
srv-008,2017-06-11 12:00:00,72.27308654785156
srv-008,2017-06-11 13:00:00,70.37774658203125
srv-008,2017-06-11 14:00:00,72.068603515625
srv-008,2017-06-11 15:00:00,70.30204772949219
srv-008,2017-06-11 16:00:00,71.78662109375
srv-008,2017-06-11 17:00:00,72.3602294921875
srv-008,2017-06-11 18:00:00,73.58294677734375
srv-008,2017-06-11 19:00:00,74.86770629882812
srv-008,2017-06-11 20:00:00,75.11294555664062
srv-008,2017-06-11 21:00:00,75.19819641113281
srv-008,2017-06-11 22:00:00,73.66429138183594
srv-008,2017-06-11 23:00:00,71.85975646972656
srv-008,2017-06-12 00:00:00,67.902099609375
srv-008,2017-06-12 01:00:00,67.84774780273438
srv-008,2017-06-12 02:00:00,69.33668518066406
srv-008,2017-06-12 03:00:00,67.63870239257812
srv-008,2017-06-12 04:00:00,66.68333435058594
srv-008,2017-06-12 05:00:00,67.83949279785156
srv-008,2017-06-12 06:00:00,68.73283386230469
srv-008,2017-06-12 07:00:00,69.96290588378906
srv-008,2017-06-12 08:00:00,71.40469360351562
srv-008,2017-06-12 09:00:00,73.80610656738281
srv-008,2017-06-12 10:00:00,75.9539794921875
srv-008,2017-06-12 11:00:00,80.13302612304688
srv-008,2017-06-12 12:00:00,76.47178649902344
srv-008,2017-06-12 13:00:00,76.65704345703125
srv-008,2017-06-12 14:00:00,76.62120056152344
srv-008,2017-06-12 15:00:00,75.17158508300781
srv-008,2017-06-12 16:00:00,75.12413024902344
srv-008,2017-06-12 17:00:00,73.92573547363281
srv-008,2017-06-12 18:00:00,73.76950073242188
srv-008,2017-06-12 19:00:00,72.99957275390625
srv-008,2017-06-12 20:00:00,72.32260131835938
srv-008,2017-06-12 21:00:00,71.55940246582031
srv-008,2017-06-12 22:00:00,71.18212890625
srv-008,2017-06-12 23:00:00,70.97320556640625
srv-008,2017-06-13 00:00:00,75.09400939941406
srv-008,2017-06-13 01:00:00,75.28507995605469
srv-008,2017-06-13 02:00:00,76.93693542480469
srv-008,2017-06-13 03:00:00,77.48574829101562
srv-008,2017-06-13 04:00:00,78.7740478515625
srv-008,2017-06-13 05:00:00,79.65219116210938
srv-008,2017-06-13 06:00:00,79.39390563964844
srv-008,2017-06-13 07:00:00,78.06703186035156
srv-008,2017-06-13 08:00:00,79.55421447753906
srv-008,2017-06-13 09:00:00,81.85194396972656
srv-008,2017-06-13 10:00:00,78.89756774902344
srv-008,2017-06-13 11:00:00,80.990966796875
srv-008,2017-06-13 12:00:00,82.22975158691406
srv-008,2017-06-13 13:00:00,82.64617919921875
srv-008,2017-06-13 14:00:00,80.83222961425781
srv-008,2017-06-13 15:00:00,79.93476867675781
srv-008,2017-06-13 16:00:00,77.77264404296875
srv-008,2017-06-13 17:00:00,77.89907836914062
srv-008,2017-06-13 18:00:00,79.36058044433594
srv-008,2017-06-13 19:00:00,82.74531555175781
srv-008,2017-06-13 20:00:00,84.89576721191406
srv-008,2017-06-13 21:00:00,84.02444458007812
srv-008,2017-06-13 22:00:00,84.806884765625
srv-008,2017-06-13 23:00:00,83.72660827636719
srv-008,2017-06-14 00:00:00,84.05857849121094
srv-008,2017-06-14 01:00:00,83.36769104003906
srv-008,2017-06-14 02:00:00,87.0899658203125
srv-008,2017-06-14 03:00:00,89.71311950683594
srv-008,2017-06-14 04:00:00,88.47523498535156
srv-008,2017-06-14 05:00:00,81.99179077148438
srv-008,2017-06-14 06:00:00,81.21395874023438
srv-008,2017-06-14 07:00:00,80.9273681640625
srv-008,2017-06-14 08:00:00,80.66171264648438
srv-008,2017-06-14 09:00:00,77.63960266113281
srv-008,2017-06-14 10:00:00,79.27572631835938
srv-008,2017-06-14 11:00:00,78.33647155761719
srv-008,2017-06-14 12:00:00,80.97599792480469
srv-008,2017-06-14 13:00:00,79.93692016601562
srv-008,2017-06-14 14:00:00,80.78196716308594
srv-008,2017-06-14 15:00:00,81.83392333984375
srv-008,2017-06-14 16:00:00,81.69790649414062
srv-008,2017-06-14 17:00:00,79.72099304199219
srv-008,2017-06-14 18:00:00,77.78849792480469
srv-008,2017-06-14 19:00:00,80.28829956054688
srv-008,2017-06-14 20:00:00,83.16769409179688
srv-008,2017-06-14 21:00:00,83.69142150878906
srv-008,2017-06-14 22:00:00,82.68490600585938
srv-008,2017-06-14 23:00:00,81.62887573242188
srv-008,2017-06-15 00:00:00,75.10116577148438
srv-008,2017-06-15 01:00:00,77.55599975585938
srv-008,2017-06-15 02:00:00,77.980712890625
srv-008,2017-06-15 03:00:00,78.10887145996094
srv-008,2017-06-15 04:00:00,77.56259155273438
srv-008,2017-06-15 05:00:00,79.03019714355469
srv-008,2017-06-15 06:00:00,79.47215270996094
srv-008,2017-06-15 07:00:00,79.39216613769531
srv-008,2017-06-15 08:00:00,78.26811218261719
srv-008,2017-06-15 09:00:00,78.15211486816406
srv-008,2017-06-15 10:00:00,78.20913696289062
srv-008,2017-06-15 11:00:00,79.74264526367188
srv-008,2017-06-15 12:00:00,81.209716796875
srv-008,2017-06-15 13:00:00,81.35539245605469
srv-008,2017-06-15 14:00:00,82.62583923339844
srv-008,2017-06-15 15:00:00,83.2286376953125
srv-008,2017-06-15 16:00:00,80.69947814941406
srv-008,2017-06-15 17:00:00,79.35173034667969
srv-008,2017-06-15 18:00:00,79.76307678222656
srv-008,2017-06-15 19:00:00,80.76953125
srv-008,2017-06-15 20:00:00,81.40003967285156
srv-008,2017-06-15 21:00:00,83.60969543457031
srv-008,2017-06-15 22:00:00,80.09883117675781
srv-008,2017-06-15 23:00:00,78.37220764160156
srv-008,2017-06-16 00:00:00,78.67193603515625
srv-008,2017-06-16 01:00:00,78.72520446777344
srv-008,2017-06-16 02:00:00,75.56900024414062
srv-008,2017-06-16 03:00:00,76.34414672851562
srv-008,2017-06-16 04:00:00,73.8450927734375
srv-008,2017-06-16 05:00:00,72.15234375
srv-008,2017-06-16 06:00:00,76.60153198242188
srv-008,2017-06-16 07:00:00,76.43670654296875
srv-008,2017-06-16 08:00:00,74.90792846679688
srv-008,2017-06-16 09:00:00,72.38996887207031
srv-008,2017-06-16 10:00:00,68.29554748535156
srv-008,2017-06-16 11:00:00,68.83071899414062
srv-008,2017-06-16 12:00:00,72.01420593261719
srv-008,2017-06-16 13:00:00,74.29437255859375
srv-008,2017-06-16 14:00:00,72.19796752929688
srv-008,2017-06-16 15:00:00,72.90853881835938
srv-008,2017-06-16 16:00:00,74.98939514160156
srv-008,2017-06-16 17:00:00,74.06282043457031
srv-008,2017-06-16 18:00:00,73.91777038574219
srv-008,2017-06-16 19:00:00,73.46525573730469
srv-008,2017-06-16 20:00:00,72.735107421875
srv-008,2017-06-16 21:00:00,73.98088073730469
srv-008,2017-06-16 22:00:00,72.49964904785156
srv-008,2017-06-16 23:00:00,67.62568664550781
srv-008,2017-06-17 00:00:00,69.33480834960938
srv-008,2017-06-17 01:00:00,68.50111389160156
srv-008,2017-06-17 02:00:00,72.90110778808594
srv-008,2017-06-17 03:00:00,73.90361022949219
srv-008,2017-06-17 04:00:00,74.36618041992188
srv-008,2017-06-17 05:00:00,75.17131042480469
srv-008,2017-06-17 06:00:00,75.35710144042969
srv-008,2017-06-17 07:00:00,74.4019775390625
srv-008,2017-06-17 08:00:00,73.7523193359375
srv-008,2017-06-17 09:00:00,72.85043334960938
srv-008,2017-06-17 10:00:00,75.02082824707031
srv-008,2017-06-17 11:00:00,73.5975341796875
srv-008,2017-06-17 12:00:00,74.36543273925781
srv-008,2017-06-17 13:00:00,75.67918395996094
srv-008,2017-06-17 14:00:00,73.79545593261719
srv-008,2017-06-17 15:00:00,75.72622680664062
srv-008,2017-06-17 16:00:00,74.1051025390625
srv-008,2017-06-17 17:00:00,73.67294311523438
srv-008,2017-06-17 18:00:00,74.83238220214844
srv-008,2017-06-17 19:00:00,74.09248352050781
srv-008,2017-06-17 20:00:00,74.62026977539062
srv-008,2017-06-17 21:00:00,74.13514709472656
srv-008,2017-06-17 22:00:00,70.2587890625
srv-008,2017-06-17 23:00:00,71.55747985839844
srv-008,2017-06-18 00:00:00,69.59947204589844
srv-008,2017-06-18 01:00:00,68.96559143066406
srv-008,2017-06-18 02:00:00,68.57295227050781
srv-008,2017-06-18 03:00:00,67.72900390625
srv-008,2017-06-18 04:00:00,70.70549011230469
srv-008,2017-06-18 05:00:00,74.41949462890625
srv-008,2017-06-18 06:00:00,73.55886840820312
srv-008,2017-06-18 07:00:00,74.73158264160156
srv-008,2017-06-18 08:00:00,74.5709228515625
srv-008,2017-06-18 09:00:00,75.58364868164062
srv-008,2017-06-18 10:00:00,76.99502563476562
srv-008,2017-06-18 11:00:00,76.72517395019531
srv-008,2017-06-18 12:00:00,78.39930725097656
srv-008,2017-06-18 13:00:00,77.4136962890625
srv-008,2017-06-18 14:00:00,77.70547485351562
srv-008,2017-06-18 15:00:00,77.48394775390625
srv-008,2017-06-18 16:00:00,75.37767028808594
srv-008,2017-06-18 17:00:00,73.95399475097656
srv-008,2017-06-18 18:00:00,73.92324829101562
srv-008,2017-06-18 19:00:00,72.58290100097656
srv-008,2017-06-18 20:00:00,70.79969787597656
srv-008,2017-06-18 21:00:00,70.305419921875
srv-008,2017-06-18 22:00:00,67.31095886230469
srv-008,2017-06-18 23:00:00,75.39511108398438
srv-008,2017-06-19 00:00:00,74.44261169433594
srv-008,2017-06-19 01:00:00,70.49284362792969
srv-008,2017-06-19 02:00:00,71.86198425292969
srv-008,2017-06-19 03:00:00,74.8358154296875
srv-008,2017-06-19 04:00:00,76.05110168457031
srv-008,2017-06-19 05:00:00,75.87460327148438
srv-008,2017-06-19 06:00:00,73.977294921875
srv-008,2017-06-19 07:00:00,70.45989990234375
srv-008,2017-06-19 08:00:00,72.77566528320312
srv-008,2017-06-19 09:00:00,73.48316955566406
srv-008,2017-06-19 10:00:00,78.04829406738281
srv-008,2017-06-19 11:00:00,75.77040100097656
srv-008,2017-06-19 12:00:00,77.32199096679688
srv-008,2017-06-19 13:00:00,78.87379455566406
srv-008,2017-06-19 14:00:00,79.82658386230469
srv-008,2017-06-19 15:00:00,80.40133666992188
srv-008,2017-06-19 16:00:00,80.45700073242188
srv-008,2017-06-19 17:00:00,80.28199768066406
srv-008,2017-06-19 18:00:00,82.33540344238281
srv-008,2017-06-19 19:00:00,80.74571228027344
srv-008,2017-06-19 20:00:00,77.60768127441406
srv-008,2017-06-19 21:00:00,77.17152404785156
srv-008,2017-06-19 22:00:00,76.95199584960938
srv-008,2017-06-19 23:00:00,76.68057250976562
srv-008,2017-06-20 00:00:00,76.40501403808594
srv-008,2017-06-20 01:00:00,76.62193298339844
srv-008,2017-06-20 02:00:00,76.85807800292969
srv-008,2017-06-20 03:00:00,78.79190063476562
srv-008,2017-06-20 04:00:00,81.11647033691406
srv-008,2017-06-20 05:00:00,82.03082275390625
srv-008,2017-06-20 06:00:00,83.12457275390625
srv-008,2017-06-20 07:00:00,84.58038330078125
srv-008,2017-06-20 08:00:00,84.95509338378906
srv-008,2017-06-20 09:00:00,84.23612976074219
srv-008,2017-06-20 10:00:00,83.35952758789062
srv-008,2017-06-20 11:00:00,82.93959045410156
srv-008,2017-06-20 12:00:00,82.63822937011719
srv-008,2017-06-20 13:00:00,81.26454162597656
srv-008,2017-06-20 14:00:00,82.51573181152344
srv-008,2017-06-20 15:00:00,81.44660949707031
srv-008,2017-06-20 16:00:00,79.35740661621094
srv-008,2017-06-20 17:00:00,81.82823181152344
srv-008,2017-06-20 18:00:00,81.30168151855469
srv-008,2017-06-20 19:00:00,79.68769836425781
srv-008,2017-06-20 20:00:00,80.06149291992188
srv-008,2017-06-20 21:00:00,81.54852294921875
srv-008,2017-06-20 22:00:00,82.40278625488281
srv-008,2017-06-20 23:00:00,81.83639526367188
srv-008,2017-06-21 00:00:00,78.99736022949219
srv-008,2017-06-21 01:00:00,78.95672607421875
srv-008,2017-06-21 02:00:00,80.45222473144531
srv-008,2017-06-21 03:00:00,79.69358825683594
srv-008,2017-06-21 04:00:00,79.89080810546875
srv-008,2017-06-21 05:00:00,79.62010192871094
srv-008,2017-06-21 06:00:00,81.04299926757812
srv-008,2017-06-21 07:00:00,81.95091247558594
srv-008,2017-06-21 08:00:00,82.82530212402344
srv-008,2017-06-21 09:00:00,82.5223388671875
srv-008,2017-06-21 10:00:00,83.02410888671875
srv-008,2017-06-21 11:00:00,82.53384399414062
srv-008,2017-06-21 12:00:00,81.93162536621094
srv-008,2017-06-21 13:00:00,78.59320068359375
srv-008,2017-06-21 14:00:00,77.18278503417969
srv-008,2017-06-21 15:00:00,78.28422546386719
srv-008,2017-06-21 16:00:00,79.93185424804688
srv-008,2017-06-21 17:00:00,81.50047302246094
srv-008,2017-06-21 18:00:00,81.08526611328125
srv-008,2017-06-21 19:00:00,79.14649963378906
srv-008,2017-06-21 20:00:00,79.79237365722656
srv-008,2017-06-21 21:00:00,81.27926635742188
srv-008,2017-06-21 22:00:00,80.71975708007812
srv-008,2017-06-21 23:00:00,77.86601257324219
srv-008,2017-06-22 00:00:00,77.1259765625
srv-008,2017-06-22 01:00:00,78.45606994628906
srv-008,2017-06-22 02:00:00,74.04037475585938
srv-008,2017-06-22 03:00:00,80.57696533203125
srv-008,2017-06-22 04:00:00,77.34101867675781
srv-008,2017-06-22 05:00:00,80.03334045410156
srv-008,2017-06-22 06:00:00,81.59718322753906
srv-008,2017-06-22 07:00:00,81.48713684082031
srv-008,2017-06-22 08:00:00,82.1253662109375
srv-008,2017-06-22 09:00:00,79.68569946289062
srv-008,2017-06-22 10:00:00,80.2059326171875
srv-008,2017-06-22 11:00:00,81.30097961425781
srv-008,2017-06-22 12:00:00,82.43650817871094
srv-008,2017-06-22 13:00:00,80.923828125
srv-008,2017-06-22 14:00:00,80.34762573242188
srv-008,2017-06-22 15:00:00,79.548583984375
srv-008,2017-06-22 16:00:00,79.37091064453125
srv-008,2017-06-22 17:00:00,80.17437744140625
srv-008,2017-06-22 18:00:00,80.43923950195312
srv-008,2017-06-22 19:00:00,80.87193298339844
srv-008,2017-06-22 20:00:00,79.69677734375
srv-008,2017-06-22 21:00:00,77.98678588867188
srv-008,2017-06-22 22:00:00,78.18276977539062
srv-008,2017-06-22 23:00:00,76.47178649902344
srv-008,2017-06-23 00:00:00,76.18096923828125
srv-008,2017-06-23 01:00:00,77.65719604492188
srv-008,2017-06-23 02:00:00,77.48666381835938
srv-008,2017-06-23 03:00:00,74.81109619140625
srv-008,2017-06-23 04:00:00,73.35113525390625
srv-008,2017-06-23 05:00:00,74.9625244140625
srv-008,2017-06-23 06:00:00,73.09223937988281
srv-008,2017-06-23 07:00:00,70.88896179199219
srv-008,2017-06-23 08:00:00,74.37176513671875
srv-008,2017-06-23 09:00:00,73.59544372558594
srv-008,2017-06-23 10:00:00,76.25819396972656
srv-008,2017-06-23 11:00:00,76.71730041503906
srv-008,2017-06-23 12:00:00,78.22776794433594
srv-008,2017-06-23 13:00:00,77.78781127929688
srv-008,2017-06-23 14:00:00,77.28958129882812
srv-008,2017-06-23 15:00:00,77.45381164550781
srv-008,2017-06-23 16:00:00,77.13418579101562
srv-008,2017-06-23 17:00:00,74.18342590332031
srv-008,2017-06-23 18:00:00,74.65274047851562
srv-008,2017-06-23 19:00:00,72.98922729492188
srv-008,2017-06-23 20:00:00,74.11512756347656
srv-008,2017-06-23 21:00:00,74.38284301757812
srv-008,2017-06-23 22:00:00,69.59054565429688
srv-008,2017-06-23 23:00:00,71.19947814941406
srv-008,2017-06-24 00:00:00,72.43086242675781
srv-008,2017-06-24 01:00:00,72.22341918945312
srv-008,2017-06-24 02:00:00,70.93486022949219
srv-008,2017-06-24 03:00:00,68.39158630371094
srv-008,2017-06-24 04:00:00,70.46337890625
srv-008,2017-06-24 05:00:00,70.14302062988281
srv-008,2017-06-24 06:00:00,70.90559387207031
srv-008,2017-06-24 07:00:00,72.62699890136719
srv-008,2017-06-24 08:00:00,72.65626525878906
srv-008,2017-06-24 09:00:00,72.3499755859375
srv-008,2017-06-24 10:00:00,72.72714233398438
srv-008,2017-06-24 11:00:00,72.25704956054688
srv-008,2017-06-24 12:00:00,76.33393859863281
srv-008,2017-06-24 13:00:00,79.10076904296875
srv-008,2017-06-24 14:00:00,80.0618896484375
srv-008,2017-06-24 15:00:00,78.37655639648438
srv-008,2017-06-24 16:00:00,74.89964294433594
srv-008,2017-06-24 17:00:00,74.70597839355469
srv-008,2017-06-24 18:00:00,76.40090942382812
srv-008,2017-06-24 19:00:00,75.35951232910156
srv-008,2017-06-24 20:00:00,74.13125610351562
srv-008,2017-06-24 21:00:00,72.41377258300781
srv-008,2017-06-24 22:00:00,70.90858459472656
srv-008,2017-06-24 23:00:00,72.68899536132812
srv-008,2017-06-25 00:00:00,68.43803405761719
srv-008,2017-06-25 01:00:00,69.115966796875
srv-008,2017-06-25 02:00:00,68.68099975585938
srv-008,2017-06-25 03:00:00,69.95956420898438
srv-008,2017-06-25 04:00:00,71.59451293945312
srv-008,2017-06-25 05:00:00,69.49726867675781
srv-008,2017-06-25 06:00:00,69.58970642089844
srv-008,2017-06-25 07:00:00,73.34465026855469
srv-008,2017-06-25 08:00:00,74.16835021972656
srv-008,2017-06-25 09:00:00,76.52375793457031
srv-008,2017-06-25 10:00:00,75.91883850097656
srv-008,2017-06-25 11:00:00,75.62855529785156
srv-008,2017-06-25 12:00:00,76.8907470703125
srv-008,2017-06-25 13:00:00,77.49729919433594
srv-008,2017-06-25 14:00:00,76.78617858886719
srv-008,2017-06-25 15:00:00,76.38031005859375
srv-008,2017-06-25 16:00:00,76.32305908203125
srv-008,2017-06-25 17:00:00,76.38699340820312
srv-008,2017-06-25 18:00:00,76.67387390136719
srv-008,2017-06-25 19:00:00,75.83297729492188
srv-008,2017-06-25 20:00:00,74.21937561035156
srv-008,2017-06-25 21:00:00,72.66712951660156
srv-008,2017-06-25 22:00:00,71.83415222167969
srv-008,2017-06-25 23:00:00,72.01748657226562
srv-008,2017-06-26 00:00:00,66.55613708496094
srv-008,2017-06-26 01:00:00,68.27580261230469
srv-008,2017-06-26 02:00:00,71.33982849121094
srv-008,2017-06-26 03:00:00,68.80709838867188
srv-008,2017-06-26 04:00:00,68.33283996582031
srv-008,2017-06-26 05:00:00,67.0948486328125
srv-008,2017-06-26 06:00:00,67.69578552246094
srv-008,2017-06-26 07:00:00,71.42350769042969
srv-008,2017-06-26 08:00:00,74.633544921875
srv-008,2017-06-26 09:00:00,75.80783081054688
srv-008,2017-06-26 10:00:00,77.28399658203125
srv-008,2017-06-26 11:00:00,79.21116638183594
srv-008,2017-06-26 12:00:00,83.34664916992188
srv-008,2017-06-26 13:00:00,82.57359313964844
srv-008,2017-06-26 14:00:00,80.21171569824219
srv-008,2017-06-26 15:00:00,77.91574096679688
srv-008,2017-06-26 16:00:00,77.49598693847656
srv-008,2017-06-26 17:00:00,77.97003173828125
srv-008,2017-06-26 18:00:00,75.93968200683594
srv-008,2017-06-26 19:00:00,74.45936584472656
srv-008,2017-06-26 20:00:00,74.53811645507812
srv-008,2017-06-26 21:00:00,75.02389526367188
srv-008,2017-06-26 22:00:00,75.2974853515625
srv-008,2017-06-26 23:00:00,77.69424438476562
srv-008,2017-06-27 00:00:00,75.66348266601562
srv-008,2017-06-27 01:00:00,73.53823852539062
srv-008,2017-06-27 02:00:00,74.20053100585938
srv-008,2017-06-27 03:00:00,77.16337585449219
srv-008,2017-06-27 04:00:00,74.93539428710938
srv-008,2017-06-27 05:00:00,73.73689270019531
srv-008,2017-06-27 06:00:00,78.94438171386719
srv-008,2017-06-27 07:00:00,80.10240173339844
srv-008,2017-06-27 08:00:00,78.89663696289062
srv-008,2017-06-27 09:00:00,78.94674682617188
srv-008,2017-06-27 10:00:00,78.87966918945312
srv-008,2017-06-27 11:00:00,82.66233825683594
srv-008,2017-06-27 12:00:00,83.59518432617188
srv-008,2017-06-27 13:00:00,83.04307556152344
srv-008,2017-06-27 14:00:00,82.37501525878906
srv-008,2017-06-27 15:00:00,80.91825866699219
srv-008,2017-06-27 16:00:00,79.96615600585938
srv-008,2017-06-27 17:00:00,80.72714233398438
srv-008,2017-06-27 18:00:00,81.1676025390625
srv-008,2017-06-27 19:00:00,79.99891662597656
srv-008,2017-06-27 20:00:00,80.45559692382812
srv-008,2017-06-27 21:00:00,79.21395874023438
srv-008,2017-06-27 22:00:00,79.26025390625
srv-008,2017-06-27 23:00:00,79.80685424804688
srv-008,2017-06-28 00:00:00,76.76483154296875
srv-008,2017-06-28 01:00:00,75.32023620605469
srv-008,2017-06-28 02:00:00,76.50886535644531
srv-008,2017-06-28 03:00:00,78.09111022949219
srv-008,2017-06-28 04:00:00,78.96572875976562
srv-008,2017-06-28 05:00:00,80.03076171875
srv-008,2017-06-28 06:00:00,80.8277587890625
srv-008,2017-06-28 07:00:00,83.32948303222656
srv-008,2017-06-28 08:00:00,82.96067810058594
srv-008,2017-06-28 09:00:00,83.02915954589844
srv-008,2017-06-28 10:00:00,82.94456481933594
srv-008,2017-06-28 11:00:00,83.06143188476562
srv-008,2017-06-28 12:00:00,83.32691955566406
srv-008,2017-06-28 13:00:00,81.78768920898438
srv-008,2017-06-28 14:00:00,81.09544372558594
srv-008,2017-06-28 15:00:00,82.71321105957031
srv-008,2017-06-28 16:00:00,80.30888366699219
srv-008,2017-06-28 17:00:00,81.63092041015625
srv-008,2017-06-28 18:00:00,81.64361572265625
srv-008,2017-06-28 19:00:00,78.29214477539062
srv-008,2017-06-28 20:00:00,75.01763916015625
srv-008,2017-06-28 21:00:00,77.30146789550781
srv-008,2017-06-28 22:00:00,78.12860107421875
srv-008,2017-06-28 23:00:00,76.91996765136719
srv-008,2017-06-29 00:00:00,76.81251525878906
srv-008,2017-06-29 01:00:00,76.16748046875
srv-008,2017-06-29 02:00:00,76.22468566894531
srv-008,2017-06-29 03:00:00,76.10610961914062
srv-008,2017-06-29 04:00:00,78.89912414550781
srv-008,2017-06-29 05:00:00,81.09391784667969
srv-008,2017-06-29 06:00:00,82.67721557617188
srv-008,2017-06-29 07:00:00,83.90969848632812
srv-008,2017-06-29 08:00:00,83.49263000488281
srv-008,2017-06-29 09:00:00,83.48670959472656
srv-008,2017-06-29 10:00:00,83.47108459472656
srv-008,2017-06-29 11:00:00,83.19253540039062
srv-008,2017-06-29 12:00:00,82.77037048339844
srv-008,2017-06-29 13:00:00,81.41116333007812
srv-008,2017-06-29 14:00:00,81.4515380859375
srv-008,2017-06-29 15:00:00,78.26277160644531
srv-008,2017-06-29 16:00:00,77.61878967285156
srv-008,2017-06-29 17:00:00,78.71160888671875
srv-008,2017-06-29 18:00:00,77.88645935058594
srv-008,2017-06-29 19:00:00,78.77265930175781
srv-008,2017-06-29 20:00:00,78.5447998046875
srv-008,2017-06-29 21:00:00,79.04103088378906
srv-008,2017-06-29 22:00:00,76.53932189941406
srv-008,2017-06-29 23:00:00,77.04841613769531
srv-008,2017-06-30 00:00:00,75.5147705078125
srv-008,2017-06-30 01:00:00,78.22129821777344
srv-008,2017-06-30 02:00:00,77.23004150390625
srv-008,2017-06-30 03:00:00,76.38279724121094
srv-008,2017-06-30 04:00:00,75.36909484863281
srv-008,2017-06-30 05:00:00,74.37844848632812
srv-008,2017-06-30 06:00:00,73.01315307617188
srv-008,2017-06-30 07:00:00,71.10914611816406
srv-008,2017-06-30 08:00:00,74.33245849609375
srv-008,2017-06-30 09:00:00,72.82157897949219
srv-008,2017-06-30 10:00:00,73.21342468261719
srv-008,2017-06-30 11:00:00,73.12643432617188
srv-008,2017-06-30 12:00:00,76.89820861816406
srv-008,2017-06-30 13:00:00,75.09367370605469
srv-008,2017-06-30 14:00:00,77.38777160644531
srv-008,2017-06-30 15:00:00,75.34867858886719
srv-008,2017-06-30 16:00:00,77.08572387695312
srv-008,2017-06-30 17:00:00,75.45350646972656
srv-008,2017-06-30 18:00:00,74.73985290527344
srv-008,2017-06-30 19:00:00,71.27207946777344
srv-008,2017-06-30 20:00:00,68.81748962402344
srv-008,2017-06-30 21:00:00,68.4017333984375
srv-008,2017-06-30 22:00:00,69.76644897460938
srv-008,2017-06-30 23:00:00,71.72261047363281
srv-009,2017-06-01 23:00:00,40.97991180419922
srv-009,2017-06-02 00:00:00,38.382816314697266
srv-009,2017-06-02 01:00:00,39.19439697265625
srv-009,2017-06-02 02:00:00,38.98420715332031
srv-009,2017-06-02 03:00:00,38.75543975830078
srv-009,2017-06-02 04:00:00,39.35745620727539
srv-009,2017-06-02 05:00:00,39.78040313720703
srv-009,2017-06-02 06:00:00,40.59122848510742
srv-009,2017-06-02 07:00:00,40.123905181884766
srv-009,2017-06-02 08:00:00,39.733543395996094
srv-009,2017-06-02 09:00:00,37.30678939819336
srv-009,2017-06-02 10:00:00,35.46879196166992
srv-009,2017-06-02 11:00:00,34.46884536743164
srv-009,2017-06-02 12:00:00,30.610946655273438
srv-009,2017-06-02 13:00:00,30.830608367919922
srv-009,2017-06-02 14:00:00,30.975008010864258
srv-009,2017-06-02 15:00:00,31.01675033569336
srv-009,2017-06-02 16:00:00,36.005340576171875
srv-009,2017-06-02 17:00:00,30.926259994506836
srv-009,2017-06-02 18:00:00,31.259456634521484
srv-009,2017-06-02 19:00:00,31.849599838256836
srv-009,2017-06-02 20:00:00,31.762161254882812
srv-009,2017-06-02 21:00:00,31.362201690673828
srv-009,2017-06-02 22:00:00,31.386093139648438
srv-009,2017-06-02 23:00:00,30.968765258789062
srv-009,2017-06-03 00:00:00,30.630615234375
srv-009,2017-06-03 01:00:00,30.773426055908203
srv-009,2017-06-03 02:00:00,30.458829879760742
srv-009,2017-06-03 03:00:00,30.5609188079834
srv-009,2017-06-03 04:00:00,30.1595516204834
srv-009,2017-06-03 05:00:00,31.546743392944336
srv-009,2017-06-03 06:00:00,31.448863983154297
srv-009,2017-06-03 07:00:00,31.347877502441406
srv-009,2017-06-03 08:00:00,30.484817504882812
srv-009,2017-06-03 09:00:00,30.428422927856445
srv-009,2017-06-03 10:00:00,30.500125885009766
srv-009,2017-06-03 11:00:00,31.009323120117188
srv-009,2017-06-03 12:00:00,30.007131576538086
srv-009,2017-06-03 13:00:00,30.480873107910156
srv-009,2017-06-03 14:00:00,31.122821807861328
srv-009,2017-06-03 15:00:00,31.419649124145508
srv-009,2017-06-03 16:00:00,31.492687225341797
srv-009,2017-06-03 17:00:00,31.714277267456055
srv-009,2017-06-03 18:00:00,31.91179847717285
srv-009,2017-06-03 19:00:00,31.59435272216797
srv-009,2017-06-03 20:00:00,31.80923843383789
srv-009,2017-06-03 21:00:00,31.761337280273438
srv-009,2017-06-03 22:00:00,31.46272087097168
srv-009,2017-06-03 23:00:00,31.243419647216797
srv-009,2017-06-04 00:00:00,30.616174697875977
srv-009,2017-06-04 01:00:00,30.172502517700195
srv-009,2017-06-04 02:00:00,30.286178588867188
srv-009,2017-06-04 03:00:00,36.83010482788086
srv-009,2017-06-04 04:00:00,31.947410583496094
srv-009,2017-06-04 05:00:00,32.14845275878906
srv-009,2017-06-04 06:00:00,31.466182708740234
srv-009,2017-06-04 07:00:00,31.71701431274414
srv-009,2017-06-04 08:00:00,31.763952255249023
srv-009,2017-06-04 09:00:00,31.996417999267578
srv-009,2017-06-04 10:00:00,31.79037857055664
srv-009,2017-06-04 11:00:00,31.452587127685547
srv-009,2017-06-04 12:00:00,31.656814575195312
srv-009,2017-06-04 13:00:00,32.304405212402344
srv-009,2017-06-04 14:00:00,32.057945251464844
srv-009,2017-06-04 15:00:00,31.680639266967773
srv-009,2017-06-04 16:00:00,33.12696075439453
srv-009,2017-06-04 17:00:00,32.61748123168945
srv-009,2017-06-04 18:00:00,32.303871154785156
srv-009,2017-06-04 19:00:00,32.16828155517578
srv-009,2017-06-04 20:00:00,31.161392211914062
srv-009,2017-06-04 21:00:00,31.169818878173828
srv-009,2017-06-04 22:00:00,33.03181838989258
srv-009,2017-06-04 23:00:00,31.511802673339844
srv-009,2017-06-05 00:00:00,27.547290802001953
srv-009,2017-06-05 01:00:00,28.29674530029297
srv-009,2017-06-05 02:00:00,27.921138763427734
srv-009,2017-06-05 03:00:00,28.399188995361328
srv-009,2017-06-05 04:00:00,29.14789581298828
srv-009,2017-06-05 05:00:00,28.884109497070312
srv-009,2017-06-05 06:00:00,30.150310516357422
srv-009,2017-06-05 07:00:00,30.404863357543945
srv-009,2017-06-05 08:00:00,30.991985321044922
srv-009,2017-06-05 09:00:00,29.983659744262695
srv-009,2017-06-05 10:00:00,30.482345581054688
srv-009,2017-06-05 11:00:00,30.447551727294922
srv-009,2017-06-05 12:00:00,31.83222007751465
srv-009,2017-06-05 13:00:00,32.344268798828125
srv-009,2017-06-05 14:00:00,32.89579772949219
srv-009,2017-06-05 15:00:00,33.028099060058594
srv-009,2017-06-05 16:00:00,32.307037353515625
srv-009,2017-06-05 17:00:00,31.684764862060547
srv-009,2017-06-05 18:00:00,31.17502212524414
srv-009,2017-06-05 19:00:00,31.88249397277832
srv-009,2017-06-05 20:00:00,31.55799102783203
srv-009,2017-06-05 21:00:00,31.830482482910156
srv-009,2017-06-05 22:00:00,31.282405853271484
srv-009,2017-06-05 23:00:00,31.386260986328125
srv-009,2017-06-06 00:00:00,32.281005859375
srv-009,2017-06-06 01:00:00,32.25929260253906
srv-009,2017-06-06 02:00:00,33.06903076171875
srv-009,2017-06-06 03:00:00,33.43482971191406
srv-009,2017-06-06 04:00:00,32.92625427246094
srv-009,2017-06-06 05:00:00,32.761192321777344
srv-009,2017-06-06 06:00:00,32.6351318359375
srv-009,2017-06-06 07:00:00,33.95372009277344
srv-009,2017-06-06 08:00:00,34.42400360107422
srv-009,2017-06-06 09:00:00,34.6653938293457
srv-009,2017-06-06 10:00:00,34.12905502319336
srv-009,2017-06-06 11:00:00,32.924869537353516
srv-009,2017-06-06 12:00:00,31.729217529296875
srv-009,2017-06-06 13:00:00,32.61381149291992
srv-009,2017-06-06 14:00:00,32.891029357910156
srv-009,2017-06-06 15:00:00,33.4450798034668
srv-009,2017-06-06 16:00:00,33.71852111816406
srv-009,2017-06-06 17:00:00,33.3951416015625
srv-009,2017-06-06 18:00:00,33.63052749633789
srv-009,2017-06-06 19:00:00,32.60835647583008
srv-009,2017-06-06 20:00:00,33.17057418823242
srv-009,2017-06-06 21:00:00,33.15934371948242
srv-009,2017-06-06 22:00:00,32.54291534423828
srv-009,2017-06-06 23:00:00,32.43459701538086
srv-009,2017-06-07 00:00:00,33.728050231933594
srv-009,2017-06-07 01:00:00,33.0606803894043
srv-009,2017-06-07 02:00:00,33.90431213378906
srv-009,2017-06-07 03:00:00,33.57701110839844
srv-009,2017-06-07 04:00:00,34.07352066040039
srv-009,2017-06-07 05:00:00,33.61259078979492
srv-009,2017-06-07 06:00:00,32.44078063964844
srv-009,2017-06-07 07:00:00,32.66585922241211
srv-009,2017-06-07 08:00:00,33.40385818481445
srv-009,2017-06-07 09:00:00,33.6240119934082
srv-009,2017-06-07 10:00:00,33.40809631347656
srv-009,2017-06-07 11:00:00,33.4784049987793
srv-009,2017-06-07 12:00:00,33.18290328979492
srv-009,2017-06-07 13:00:00,32.91930389404297
srv-009,2017-06-07 14:00:00,32.83149337768555
srv-009,2017-06-07 15:00:00,33.22242736816406
srv-009,2017-06-07 16:00:00,33.46928405761719
srv-009,2017-06-07 17:00:00,33.717437744140625
srv-009,2017-06-07 18:00:00,34.12870407104492
srv-009,2017-06-07 19:00:00,33.96057891845703
srv-009,2017-06-07 20:00:00,33.502037048339844
srv-009,2017-06-07 21:00:00,33.574100494384766
srv-009,2017-06-07 22:00:00,32.95295715332031
srv-009,2017-06-07 23:00:00,32.95255661010742
srv-009,2017-06-08 00:00:00,33.2919921875
srv-009,2017-06-08 01:00:00,33.05499267578125
srv-009,2017-06-08 02:00:00,32.858177185058594
srv-009,2017-06-08 03:00:00,32.950462341308594
srv-009,2017-06-08 04:00:00,32.38017654418945
srv-009,2017-06-08 05:00:00,33.14763641357422
srv-009,2017-06-08 06:00:00,32.703773498535156
srv-009,2017-06-08 07:00:00,32.284568786621094
srv-009,2017-06-08 08:00:00,32.17641830444336
srv-009,2017-06-08 09:00:00,32.37895584106445
srv-009,2017-06-08 10:00:00,32.69517517089844
srv-009,2017-06-08 11:00:00,33.920806884765625
srv-009,2017-06-08 12:00:00,32.946311950683594
srv-009,2017-06-08 13:00:00,32.12554168701172
srv-009,2017-06-08 14:00:00,31.93504524230957
srv-009,2017-06-08 15:00:00,32.63379669189453
srv-009,2017-06-08 16:00:00,32.405029296875
srv-009,2017-06-08 17:00:00,32.308616638183594
srv-009,2017-06-08 18:00:00,31.970115661621094
srv-009,2017-06-08 19:00:00,32.22732162475586
srv-009,2017-06-08 20:00:00,32.07730484008789
srv-009,2017-06-08 21:00:00,31.43783187866211
srv-009,2017-06-08 22:00:00,31.08936882019043
srv-009,2017-06-08 23:00:00,31.1605167388916
srv-009,2017-06-09 00:00:00,31.787952423095703
srv-009,2017-06-09 01:00:00,31.45503807067871
srv-009,2017-06-09 02:00:00,31.949493408203125
srv-009,2017-06-09 03:00:00,33.742218017578125
srv-009,2017-06-09 04:00:00,33.43110656738281
srv-009,2017-06-09 05:00:00,32.84278106689453
srv-009,2017-06-09 06:00:00,32.411930084228516
srv-009,2017-06-09 07:00:00,31.89196014404297
srv-009,2017-06-09 08:00:00,32.315834045410156
srv-009,2017-06-09 09:00:00,32.46083450317383
srv-009,2017-06-09 10:00:00,32.414764404296875
srv-009,2017-06-09 11:00:00,31.766597747802734
srv-009,2017-06-09 12:00:00,31.370595932006836
srv-009,2017-06-09 13:00:00,30.84008026123047
srv-009,2017-06-09 14:00:00,30.856433868408203
srv-009,2017-06-09 15:00:00,30.799304962158203
srv-009,2017-06-09 16:00:00,31.149307250976562
srv-009,2017-06-09 17:00:00,30.963232040405273
srv-009,2017-06-09 18:00:00,31.832809448242188
srv-009,2017-06-09 19:00:00,31.400588989257812
srv-009,2017-06-09 20:00:00,31.01308822631836
srv-009,2017-06-09 21:00:00,31.24941635131836
srv-009,2017-06-09 22:00:00,30.995197296142578
srv-009,2017-06-09 23:00:00,30.355083465576172
srv-009,2017-06-10 00:00:00,29.942964553833008
srv-009,2017-06-10 01:00:00,29.425662994384766
srv-009,2017-06-10 02:00:00,30.272377014160156
srv-009,2017-06-10 03:00:00,31.89586639404297
srv-009,2017-06-10 04:00:00,31.825607299804688
srv-009,2017-06-10 05:00:00,31.329532623291016
srv-009,2017-06-10 06:00:00,31.046497344970703
srv-009,2017-06-10 07:00:00,31.182403564453125
srv-009,2017-06-10 08:00:00,31.523468017578125
srv-009,2017-06-10 09:00:00,32.24580383300781
srv-009,2017-06-10 10:00:00,32.16756057739258
srv-009,2017-06-10 11:00:00,33.252159118652344
srv-009,2017-06-10 12:00:00,32.93065643310547
srv-009,2017-06-10 13:00:00,32.61228942871094
srv-009,2017-06-10 14:00:00,31.238338470458984
srv-009,2017-06-10 15:00:00,32.0163459777832
srv-009,2017-06-10 16:00:00,32.456031799316406
srv-009,2017-06-10 17:00:00,32.20325469970703
srv-009,2017-06-10 18:00:00,33.10310363769531
srv-009,2017-06-10 19:00:00,33.0710334777832
srv-009,2017-06-10 20:00:00,32.793155670166016
srv-009,2017-06-10 21:00:00,32.362457275390625
srv-009,2017-06-10 22:00:00,32.058204650878906
srv-009,2017-06-10 23:00:00,31.316787719726562
srv-009,2017-06-11 00:00:00,31.32985496520996
srv-009,2017-06-11 01:00:00,30.820030212402344
srv-009,2017-06-11 02:00:00,31.620586395263672
srv-009,2017-06-11 03:00:00,31.983089447021484
srv-009,2017-06-11 04:00:00,31.980640411376953
srv-009,2017-06-11 05:00:00,31.83698272705078
srv-009,2017-06-11 06:00:00,31.074966430664062
srv-009,2017-06-11 07:00:00,31.273977279663086
srv-009,2017-06-11 08:00:00,31.10320281982422
srv-009,2017-06-11 09:00:00,30.893238067626953
srv-009,2017-06-11 10:00:00,31.11155891418457
srv-009,2017-06-11 11:00:00,31.622541427612305
srv-009,2017-06-11 12:00:00,31.365365982055664
srv-009,2017-06-11 13:00:00,31.922367095947266
srv-009,2017-06-11 14:00:00,32.23629379272461
srv-009,2017-06-11 15:00:00,33.08597183227539
srv-009,2017-06-11 16:00:00,33.271575927734375
srv-009,2017-06-11 17:00:00,32.90391540527344
srv-009,2017-06-11 18:00:00,33.22909927368164
srv-009,2017-06-11 19:00:00,32.55195617675781
srv-009,2017-06-11 20:00:00,32.36274337768555
srv-009,2017-06-11 21:00:00,31.845844268798828
srv-009,2017-06-11 22:00:00,31.631118774414062
srv-009,2017-06-11 23:00:00,30.831623077392578
srv-009,2017-06-12 00:00:00,26.970584869384766
srv-009,2017-06-12 01:00:00,27.44790267944336
srv-009,2017-06-12 02:00:00,28.333850860595703
srv-009,2017-06-12 03:00:00,28.685890197753906
srv-009,2017-06-12 04:00:00,30.233776092529297
srv-009,2017-06-12 05:00:00,29.917688369750977
srv-009,2017-06-12 06:00:00,29.65673828125
srv-009,2017-06-12 07:00:00,30.176855087280273
srv-009,2017-06-12 08:00:00,30.511747360229492
srv-009,2017-06-12 09:00:00,30.109220504760742
srv-009,2017-06-12 10:00:00,30.91518783569336
srv-009,2017-06-12 11:00:00,32.341556549072266
srv-009,2017-06-12 12:00:00,33.435604095458984
srv-009,2017-06-12 13:00:00,32.713809967041016
srv-009,2017-06-12 14:00:00,32.560813903808594
srv-009,2017-06-12 15:00:00,32.382747650146484
srv-009,2017-06-12 16:00:00,32.51713180541992
srv-009,2017-06-12 17:00:00,32.48320770263672
srv-009,2017-06-12 18:00:00,32.908538818359375
srv-009,2017-06-12 19:00:00,33.39769744873047
srv-009,2017-06-12 20:00:00,32.537384033203125
srv-009,2017-06-12 21:00:00,32.0551643371582
srv-009,2017-06-12 22:00:00,32.108699798583984
srv-009,2017-06-12 23:00:00,32.95934295654297
srv-009,2017-06-13 00:00:00,34.25423049926758
srv-009,2017-06-13 01:00:00,33.964134216308594
srv-009,2017-06-13 02:00:00,33.91374969482422
srv-009,2017-06-13 03:00:00,33.394893646240234
srv-009,2017-06-13 04:00:00,32.678192138671875
srv-009,2017-06-13 05:00:00,32.302940368652344
srv-009,2017-06-13 06:00:00,32.61698913574219
srv-009,2017-06-13 07:00:00,33.24825668334961
srv-009,2017-06-13 08:00:00,33.520599365234375
srv-009,2017-06-13 09:00:00,33.51022720336914
srv-009,2017-06-13 10:00:00,33.683650970458984
srv-009,2017-06-13 11:00:00,33.161094665527344
srv-009,2017-06-13 12:00:00,33.41075134277344
srv-009,2017-06-13 13:00:00,33.67636489868164
srv-009,2017-06-13 14:00:00,33.916282653808594
srv-009,2017-06-13 15:00:00,33.76210021972656
srv-009,2017-06-13 16:00:00,32.926326751708984
srv-009,2017-06-13 17:00:00,32.87074279785156
srv-009,2017-06-13 18:00:00,32.85708999633789
srv-009,2017-06-13 19:00:00,33.053794860839844
srv-009,2017-06-13 20:00:00,32.979373931884766
srv-009,2017-06-13 21:00:00,32.124176025390625
srv-009,2017-06-13 22:00:00,31.582321166992188
srv-009,2017-06-13 23:00:00,31.7959041595459
srv-009,2017-06-14 00:00:00,32.92359924316406
srv-009,2017-06-14 01:00:00,32.88328552246094
srv-009,2017-06-14 02:00:00,34.82516098022461
srv-009,2017-06-14 03:00:00,35.354793548583984
srv-009,2017-06-14 04:00:00,34.857601165771484
srv-009,2017-06-14 05:00:00,35.11075973510742
srv-009,2017-06-14 06:00:00,34.163795471191406
srv-009,2017-06-14 07:00:00,33.86109161376953
srv-009,2017-06-14 08:00:00,33.71038818359375
srv-009,2017-06-14 09:00:00,34.297630310058594
srv-009,2017-06-14 10:00:00,35.127899169921875
srv-009,2017-06-14 11:00:00,35.00815200805664
srv-009,2017-06-14 12:00:00,34.7906608581543
srv-009,2017-06-14 13:00:00,33.73634719848633
srv-009,2017-06-14 14:00:00,33.01275634765625
srv-009,2017-06-14 15:00:00,32.93635559082031
srv-009,2017-06-14 16:00:00,32.875205993652344
srv-009,2017-06-14 17:00:00,32.51089096069336
srv-009,2017-06-14 18:00:00,32.586570739746094
srv-009,2017-06-14 19:00:00,32.38100051879883
srv-009,2017-06-14 20:00:00,35.903018951416016
srv-009,2017-06-14 21:00:00,35.4999885559082
srv-009,2017-06-14 22:00:00,35.397857666015625
srv-009,2017-06-14 23:00:00,34.417869567871094
srv-009,2017-06-15 00:00:00,34.41320037841797
srv-009,2017-06-15 01:00:00,34.157840728759766
srv-009,2017-06-15 02:00:00,33.61482238769531
srv-009,2017-06-15 03:00:00,33.53715515136719
srv-009,2017-06-15 04:00:00,33.534141540527344
srv-009,2017-06-15 05:00:00,33.336246490478516
srv-009,2017-06-15 06:00:00,33.12968063354492
srv-009,2017-06-15 07:00:00,32.93898391723633
srv-009,2017-06-15 08:00:00,32.29814910888672
srv-009,2017-06-15 09:00:00,32.77863311767578
srv-009,2017-06-15 10:00:00,32.82145690917969
srv-009,2017-06-15 11:00:00,32.41411590576172
srv-009,2017-06-15 12:00:00,32.70640563964844
srv-009,2017-06-15 13:00:00,32.30971145629883
srv-009,2017-06-15 14:00:00,32.77621841430664
srv-009,2017-06-15 15:00:00,33.08263397216797
srv-009,2017-06-15 16:00:00,32.66413879394531
srv-009,2017-06-15 17:00:00,32.5275993347168
srv-009,2017-06-15 18:00:00,32.180057525634766
srv-009,2017-06-15 19:00:00,32.490325927734375
srv-009,2017-06-15 20:00:00,32.40160369873047
srv-009,2017-06-15 21:00:00,32.59937286376953
srv-009,2017-06-15 22:00:00,31.878002166748047
srv-009,2017-06-15 23:00:00,31.420310974121094
srv-009,2017-06-16 00:00:00,31.197772979736328
srv-009,2017-06-16 01:00:00,31.576902389526367
srv-009,2017-06-16 02:00:00,31.68716812133789
srv-009,2017-06-16 03:00:00,31.585731506347656
srv-009,2017-06-16 04:00:00,32.26799392700195
srv-009,2017-06-16 05:00:00,32.23549270629883
srv-009,2017-06-16 06:00:00,31.99222755432129
srv-009,2017-06-16 07:00:00,31.642501831054688
srv-009,2017-06-16 08:00:00,31.283889770507812
srv-009,2017-06-16 09:00:00,31.49871063232422
srv-009,2017-06-16 10:00:00,31.499977111816406
srv-009,2017-06-16 11:00:00,32.548213958740234
srv-009,2017-06-16 12:00:00,31.790433883666992
srv-009,2017-06-16 13:00:00,31.156320571899414
srv-009,2017-06-16 14:00:00,31.269575119018555
srv-009,2017-06-16 15:00:00,31.119728088378906
srv-009,2017-06-16 16:00:00,31.16373062133789
srv-009,2017-06-16 17:00:00,31.093379974365234
srv-009,2017-06-16 18:00:00,30.860061645507812
srv-009,2017-06-16 19:00:00,30.66741943359375
srv-009,2017-06-16 20:00:00,30.899211883544922
srv-009,2017-06-16 21:00:00,30.67148208618164
srv-009,2017-06-16 22:00:00,30.480484008789062
srv-009,2017-06-16 23:00:00,30.540111541748047
srv-009,2017-06-17 00:00:00,31.325223922729492
srv-009,2017-06-17 01:00:00,31.4966983795166
srv-009,2017-06-17 02:00:00,31.103370666503906
srv-009,2017-06-17 03:00:00,30.640703201293945
srv-009,2017-06-17 04:00:00,30.55066680908203
srv-009,2017-06-17 05:00:00,30.74120330810547
srv-009,2017-06-17 06:00:00,30.94915771484375
srv-009,2017-06-17 07:00:00,30.366756439208984
srv-009,2017-06-17 08:00:00,30.179393768310547
srv-009,2017-06-17 09:00:00,30.549280166625977
srv-009,2017-06-17 10:00:00,30.759166717529297
srv-009,2017-06-17 11:00:00,31.080303192138672
srv-009,2017-06-17 12:00:00,31.514991760253906
srv-009,2017-06-17 13:00:00,31.0535888671875
srv-009,2017-06-17 14:00:00,31.936603546142578
srv-009,2017-06-17 15:00:00,31.49606704711914
srv-009,2017-06-17 16:00:00,32.8381462097168
srv-009,2017-06-17 17:00:00,33.355777740478516
srv-009,2017-06-17 18:00:00,31.96727752685547
srv-009,2017-06-17 19:00:00,31.966556549072266
srv-009,2017-06-17 20:00:00,31.58710479736328
srv-009,2017-06-17 21:00:00,30.7744083404541
srv-009,2017-06-17 22:00:00,30.83307456970215
srv-009,2017-06-17 23:00:00,30.450397491455078
srv-009,2017-06-18 00:00:00,30.55546760559082
srv-009,2017-06-18 01:00:00,31.363487243652344
srv-009,2017-06-18 02:00:00,31.603408813476562
srv-009,2017-06-18 03:00:00,32.33738708496094
srv-009,2017-06-18 04:00:00,31.468502044677734
srv-009,2017-06-18 05:00:00,31.46533203125
srv-009,2017-06-18 06:00:00,31.78974723815918
srv-009,2017-06-18 07:00:00,31.889202117919922
srv-009,2017-06-18 08:00:00,31.796552658081055
srv-009,2017-06-18 09:00:00,31.709224700927734
srv-009,2017-06-18 10:00:00,31.692432403564453
srv-009,2017-06-18 11:00:00,32.4726676940918
srv-009,2017-06-18 12:00:00,32.4587287902832
srv-009,2017-06-18 13:00:00,32.933746337890625
srv-009,2017-06-18 14:00:00,32.709716796875
srv-009,2017-06-18 15:00:00,33.26708984375
srv-009,2017-06-18 16:00:00,32.571659088134766
srv-009,2017-06-18 17:00:00,32.474090576171875
srv-009,2017-06-18 18:00:00,32.527584075927734
srv-009,2017-06-18 19:00:00,32.4704704284668
srv-009,2017-06-18 20:00:00,31.84532928466797
srv-009,2017-06-18 21:00:00,31.822402954101562
srv-009,2017-06-18 22:00:00,31.745223999023438
srv-009,2017-06-18 23:00:00,31.407060623168945
srv-009,2017-06-19 00:00:00,27.190860748291016
srv-009,2017-06-19 01:00:00,29.177913665771484
srv-009,2017-06-19 02:00:00,30.492448806762695
srv-009,2017-06-19 03:00:00,30.445404052734375
srv-009,2017-06-19 04:00:00,29.484161376953125
srv-009,2017-06-19 05:00:00,29.776531219482422
srv-009,2017-06-19 06:00:00,29.74953842163086
srv-009,2017-06-19 07:00:00,29.576417922973633
srv-009,2017-06-19 08:00:00,30.185379028320312
srv-009,2017-06-19 09:00:00,29.63441276550293
srv-009,2017-06-19 10:00:00,30.318195343017578
srv-009,2017-06-19 11:00:00,31.113765716552734
srv-009,2017-06-19 12:00:00,31.811946868896484
srv-009,2017-06-19 13:00:00,32.98802185058594
srv-009,2017-06-19 14:00:00,33.359893798828125
srv-009,2017-06-19 15:00:00,33.47218704223633
srv-009,2017-06-19 16:00:00,33.152584075927734
srv-009,2017-06-19 17:00:00,33.55635070800781
srv-009,2017-06-19 18:00:00,33.08875274658203
srv-009,2017-06-19 19:00:00,32.309024810791016
srv-009,2017-06-19 20:00:00,32.544036865234375
srv-009,2017-06-19 21:00:00,32.46101760864258
srv-009,2017-06-19 22:00:00,31.791587829589844
srv-009,2017-06-19 23:00:00,31.269901275634766
srv-009,2017-06-20 00:00:00,32.331787109375
srv-009,2017-06-20 01:00:00,31.92405891418457
srv-009,2017-06-20 02:00:00,32.57066345214844
srv-009,2017-06-20 03:00:00,32.4263916015625
srv-009,2017-06-20 04:00:00,32.71615982055664
srv-009,2017-06-20 05:00:00,32.62110900878906
srv-009,2017-06-20 06:00:00,32.43818664550781
srv-009,2017-06-20 07:00:00,32.277095794677734
srv-009,2017-06-20 08:00:00,32.39338302612305
srv-009,2017-06-20 09:00:00,32.46873092651367
srv-009,2017-06-20 10:00:00,32.27922439575195
srv-009,2017-06-20 11:00:00,32.41644287109375
srv-009,2017-06-20 12:00:00,33.442138671875
srv-009,2017-06-20 13:00:00,32.92997741699219
srv-009,2017-06-20 14:00:00,32.656517028808594
srv-009,2017-06-20 15:00:00,32.574607849121094
srv-009,2017-06-20 16:00:00,32.18241500854492
srv-009,2017-06-20 17:00:00,32.246543884277344
srv-009,2017-06-20 18:00:00,33.650718688964844
srv-009,2017-06-20 19:00:00,33.281585693359375
srv-009,2017-06-20 20:00:00,33.81266784667969
srv-009,2017-06-20 21:00:00,32.61854934692383
srv-009,2017-06-20 22:00:00,31.995668411254883
srv-009,2017-06-20 23:00:00,32.43144607543945
srv-009,2017-06-21 00:00:00,33.446529388427734
srv-009,2017-06-21 01:00:00,32.98841094970703
srv-009,2017-06-21 02:00:00,32.54829406738281
srv-009,2017-06-21 03:00:00,32.34893798828125
srv-009,2017-06-21 04:00:00,32.45866394042969
srv-009,2017-06-21 05:00:00,32.77727127075195
srv-009,2017-06-21 06:00:00,33.14911651611328
srv-009,2017-06-21 07:00:00,33.47057342529297
srv-009,2017-06-21 08:00:00,33.1910285949707
srv-009,2017-06-21 09:00:00,33.00790023803711
srv-009,2017-06-21 10:00:00,32.879005432128906
srv-009,2017-06-21 11:00:00,32.736968994140625
srv-009,2017-06-21 12:00:00,33.139060974121094
srv-009,2017-06-21 13:00:00,32.58815383911133
srv-009,2017-06-21 14:00:00,31.678829193115234
srv-009,2017-06-21 15:00:00,31.697490692138672
srv-009,2017-06-21 16:00:00,31.03282928466797
srv-009,2017-06-21 17:00:00,31.1923828125
srv-009,2017-06-21 18:00:00,31.38837432861328
srv-009,2017-06-21 19:00:00,31.118532180786133
srv-009,2017-06-21 20:00:00,31.01586151123047
srv-009,2017-06-21 21:00:00,30.704349517822266
srv-009,2017-06-21 22:00:00,30.649612426757812
srv-009,2017-06-21 23:00:00,30.746931076049805
srv-009,2017-06-22 00:00:00,31.472579956054688
srv-009,2017-06-22 01:00:00,32.43709182739258
srv-009,2017-06-22 02:00:00,32.454139709472656
srv-009,2017-06-22 03:00:00,32.354209899902344
srv-009,2017-06-22 04:00:00,32.600929260253906
srv-009,2017-06-22 05:00:00,32.2545166015625
srv-009,2017-06-22 06:00:00,31.92791748046875
srv-009,2017-06-22 07:00:00,32.29857635498047
srv-009,2017-06-22 08:00:00,31.78630828857422
srv-009,2017-06-22 09:00:00,31.697965621948242
srv-009,2017-06-22 10:00:00,32.18537139892578
srv-009,2017-06-22 11:00:00,32.38416290283203
srv-009,2017-06-22 12:00:00,32.12289047241211
srv-009,2017-06-22 13:00:00,32.1236457824707
srv-009,2017-06-22 14:00:00,32.58423614501953
srv-009,2017-06-22 15:00:00,31.858482360839844
srv-009,2017-06-22 16:00:00,32.24736022949219
srv-009,2017-06-22 17:00:00,32.40993118286133
srv-009,2017-06-22 18:00:00,32.64116668701172
srv-009,2017-06-22 19:00:00,32.47779083251953
srv-009,2017-06-22 20:00:00,32.38874816894531
srv-009,2017-06-22 21:00:00,32.61561965942383
srv-009,2017-06-22 22:00:00,32.92020797729492
srv-009,2017-06-22 23:00:00,33.810298919677734
srv-009,2017-06-23 00:00:00,33.2473258972168
srv-009,2017-06-23 01:00:00,32.15650939941406
srv-009,2017-06-23 02:00:00,31.911529541015625
srv-009,2017-06-23 03:00:00,31.957157135009766
srv-009,2017-06-23 04:00:00,31.94430923461914
srv-009,2017-06-23 05:00:00,32.429534912109375
srv-009,2017-06-23 06:00:00,32.18645477294922
srv-009,2017-06-23 07:00:00,31.686433792114258
srv-009,2017-06-23 08:00:00,31.5079345703125
srv-009,2017-06-23 09:00:00,31.296615600585938
srv-009,2017-06-23 10:00:00,30.953693389892578
srv-009,2017-06-23 11:00:00,31.158206939697266
srv-009,2017-06-23 12:00:00,31.187551498413086
srv-009,2017-06-23 13:00:00,31.956560134887695
srv-009,2017-06-23 14:00:00,31.908184051513672
srv-009,2017-06-23 15:00:00,31.410804748535156
srv-009,2017-06-23 16:00:00,30.93829345703125
srv-009,2017-06-23 17:00:00,31.274110794067383
srv-009,2017-06-23 18:00:00,31.126054763793945
srv-009,2017-06-23 19:00:00,30.687973022460938
srv-009,2017-06-23 20:00:00,30.362964630126953
srv-009,2017-06-23 21:00:00,31.600006103515625
srv-009,2017-06-23 22:00:00,31.440128326416016
srv-009,2017-06-23 23:00:00,30.80746078491211
srv-009,2017-06-24 00:00:00,31.095905303955078
srv-009,2017-06-24 01:00:00,31.6787109375
srv-009,2017-06-24 02:00:00,32.135276794433594
srv-009,2017-06-24 03:00:00,31.167583465576172
srv-009,2017-06-24 04:00:00,31.07036590576172
srv-009,2017-06-24 05:00:00,30.57396125793457
srv-009,2017-06-24 06:00:00,30.690818786621094
srv-009,2017-06-24 07:00:00,30.873619079589844
srv-009,2017-06-24 08:00:00,31.034696578979492
srv-009,2017-06-24 09:00:00,30.119606018066406
srv-009,2017-06-24 10:00:00,30.848695755004883
srv-009,2017-06-24 11:00:00,30.458608627319336
srv-009,2017-06-24 12:00:00,31.072566986083984
srv-009,2017-06-24 13:00:00,31.311573028564453
srv-009,2017-06-24 14:00:00,31.375585556030273
srv-009,2017-06-24 15:00:00,31.67816162109375
srv-009,2017-06-24 16:00:00,32.26749801635742
srv-009,2017-06-24 17:00:00,31.69005584716797
srv-009,2017-06-24 18:00:00,31.462745666503906
srv-009,2017-06-24 19:00:00,31.659542083740234
srv-009,2017-06-24 20:00:00,31.7113094329834
srv-009,2017-06-24 21:00:00,31.52704429626465
srv-009,2017-06-24 22:00:00,30.899322509765625
srv-009,2017-06-24 23:00:00,30.540599822998047
srv-009,2017-06-25 00:00:00,30.592899322509766
srv-009,2017-06-25 01:00:00,31.26251220703125
srv-009,2017-06-25 02:00:00,31.255558013916016
srv-009,2017-06-25 03:00:00,31.06607437133789
srv-009,2017-06-25 04:00:00,32.07164001464844
srv-009,2017-06-25 05:00:00,32.065696716308594
srv-009,2017-06-25 06:00:00,31.30093002319336
srv-009,2017-06-25 07:00:00,31.352046966552734
srv-009,2017-06-25 08:00:00,31.38544464111328
srv-009,2017-06-25 09:00:00,30.919511795043945
srv-009,2017-06-25 10:00:00,31.035308837890625
srv-009,2017-06-25 11:00:00,30.612178802490234
srv-009,2017-06-25 12:00:00,30.570640563964844
srv-009,2017-06-25 13:00:00,31.311420440673828
srv-009,2017-06-25 14:00:00,32.20032501220703
srv-009,2017-06-25 15:00:00,32.69744110107422
srv-009,2017-06-25 16:00:00,31.87811279296875
srv-009,2017-06-25 17:00:00,31.972076416015625
srv-009,2017-06-25 18:00:00,31.489013671875
srv-009,2017-06-25 19:00:00,31.817960739135742
srv-009,2017-06-25 20:00:00,31.96994972229004
srv-009,2017-06-25 21:00:00,31.389728546142578
srv-009,2017-06-25 22:00:00,31.966022491455078
srv-009,2017-06-25 23:00:00,32.10055923461914
srv-009,2017-06-26 00:00:00,27.79922103881836
srv-009,2017-06-26 01:00:00,27.882648468017578
srv-009,2017-06-26 02:00:00,28.689828872680664
srv-009,2017-06-26 03:00:00,29.06009864807129
srv-009,2017-06-26 04:00:00,30.743682861328125
srv-009,2017-06-26 05:00:00,30.649152755737305
srv-009,2017-06-26 06:00:00,31.151527404785156
srv-009,2017-06-26 07:00:00,30.740009307861328
srv-009,2017-06-26 08:00:00,30.560691833496094
srv-009,2017-06-26 09:00:00,30.8756160736084
srv-009,2017-06-26 10:00:00,30.272186279296875
srv-009,2017-06-26 11:00:00,30.51051139831543
srv-009,2017-06-26 12:00:00,31.302684783935547
srv-009,2017-06-26 13:00:00,31.457557678222656
srv-009,2017-06-26 14:00:00,31.316303253173828
srv-009,2017-06-26 15:00:00,31.527503967285156
srv-009,2017-06-26 16:00:00,30.896621704101562
srv-009,2017-06-26 17:00:00,33.12781524658203
srv-009,2017-06-26 18:00:00,33.196563720703125
srv-009,2017-06-26 19:00:00,32.88935089111328
srv-009,2017-06-26 20:00:00,31.40646743774414
srv-009,2017-06-26 21:00:00,31.730690002441406
srv-009,2017-06-26 22:00:00,32.438636779785156
srv-009,2017-06-26 23:00:00,33.099273681640625
srv-009,2017-06-27 00:00:00,33.82343292236328
srv-009,2017-06-27 01:00:00,32.9449577331543
srv-009,2017-06-27 02:00:00,32.88557434082031
srv-009,2017-06-27 03:00:00,32.622039794921875
srv-009,2017-06-27 04:00:00,32.24462127685547
srv-009,2017-06-27 05:00:00,32.651611328125
srv-009,2017-06-27 06:00:00,33.84937286376953
srv-009,2017-06-27 07:00:00,33.88699722290039
srv-009,2017-06-27 08:00:00,33.43877410888672
srv-009,2017-06-27 09:00:00,33.9485969543457
srv-009,2017-06-27 10:00:00,33.573768615722656
srv-009,2017-06-27 11:00:00,33.737125396728516
srv-009,2017-06-27 12:00:00,33.27156066894531
srv-009,2017-06-27 13:00:00,32.83544158935547
srv-009,2017-06-27 14:00:00,32.26441192626953
srv-009,2017-06-27 15:00:00,32.12299346923828
srv-009,2017-06-27 16:00:00,32.60869216918945
srv-009,2017-06-27 17:00:00,33.80095672607422
srv-009,2017-06-27 18:00:00,35.526763916015625
srv-009,2017-06-27 19:00:00,35.008052825927734
srv-009,2017-06-27 20:00:00,34.09729766845703
srv-009,2017-06-27 21:00:00,33.660064697265625
srv-009,2017-06-27 22:00:00,33.55438232421875
srv-009,2017-06-27 23:00:00,33.67738342285156
srv-009,2017-06-28 00:00:00,34.111446380615234
srv-009,2017-06-28 01:00:00,32.821311950683594
srv-009,2017-06-28 02:00:00,32.4390983581543
srv-009,2017-06-28 03:00:00,33.1910400390625
srv-009,2017-06-28 04:00:00,33.270965576171875
srv-009,2017-06-28 05:00:00,34.11041259765625
srv-009,2017-06-28 06:00:00,34.03971862792969
srv-009,2017-06-28 07:00:00,34.208744049072266
srv-009,2017-06-28 08:00:00,33.83721923828125
srv-009,2017-06-28 09:00:00,33.35780715942383
srv-009,2017-06-28 10:00:00,33.43000030517578
srv-009,2017-06-28 11:00:00,34.72018814086914
srv-009,2017-06-28 12:00:00,35.00803756713867
srv-009,2017-06-28 13:00:00,34.64243698120117
srv-009,2017-06-28 14:00:00,33.67884826660156
srv-009,2017-06-28 15:00:00,33.52195358276367
srv-009,2017-06-28 16:00:00,36.01739501953125
srv-009,2017-06-28 17:00:00,35.992496490478516
srv-009,2017-06-28 18:00:00,35.35063934326172
srv-009,2017-06-28 19:00:00,35.429656982421875
srv-009,2017-06-28 20:00:00,35.217918395996094
srv-009,2017-06-28 21:00:00,34.95880889892578
srv-009,2017-06-28 22:00:00,34.65795135498047
srv-009,2017-06-28 23:00:00,34.498050689697266
srv-009,2017-06-29 00:00:00,34.555545806884766
srv-009,2017-06-29 01:00:00,33.63945770263672
srv-009,2017-06-29 02:00:00,33.101600646972656
srv-009,2017-06-29 03:00:00,33.199180603027344
srv-009,2017-06-29 04:00:00,32.604373931884766
srv-009,2017-06-29 05:00:00,32.933712005615234
srv-009,2017-06-29 06:00:00,32.80146026611328
srv-009,2017-06-29 07:00:00,33.20209503173828
srv-009,2017-06-29 08:00:00,33.24855422973633
srv-009,2017-06-29 09:00:00,33.66462707519531
srv-009,2017-06-29 10:00:00,33.97713088989258
srv-009,2017-06-29 11:00:00,34.76612854003906
srv-009,2017-06-29 12:00:00,33.583587646484375
srv-009,2017-06-29 13:00:00,32.902957916259766
srv-009,2017-06-29 14:00:00,32.95014572143555
srv-009,2017-06-29 15:00:00,32.34546661376953
srv-009,2017-06-29 16:00:00,32.130558013916016
srv-009,2017-06-29 17:00:00,32.10729217529297
srv-009,2017-06-29 18:00:00,31.460697174072266
srv-009,2017-06-29 19:00:00,30.669456481933594
srv-009,2017-06-29 20:00:00,30.70403289794922
srv-009,2017-06-29 21:00:00,30.879779815673828
srv-009,2017-06-29 22:00:00,31.017663955688477
srv-009,2017-06-29 23:00:00,30.912992477416992
srv-009,2017-06-30 00:00:00,31.246780395507812
srv-009,2017-06-30 01:00:00,31.641630172729492
srv-009,2017-06-30 02:00:00,31.935997009277344
srv-009,2017-06-30 03:00:00,31.936214447021484
srv-009,2017-06-30 04:00:00,31.77800941467285
srv-009,2017-06-30 05:00:00,32.136993408203125
srv-009,2017-06-30 06:00:00,31.76350975036621
srv-009,2017-06-30 07:00:00,31.40715217590332
srv-009,2017-06-30 08:00:00,31.123167037963867
srv-009,2017-06-30 09:00:00,31.551727294921875
srv-009,2017-06-30 10:00:00,32.02370834350586
srv-009,2017-06-30 11:00:00,31.91073989868164
srv-009,2017-06-30 12:00:00,32.02415466308594
srv-009,2017-06-30 13:00:00,31.153160095214844
srv-009,2017-06-30 14:00:00,31.01614761352539
srv-009,2017-06-30 15:00:00,31.116167068481445
srv-009,2017-06-30 16:00:00,31.093412399291992
srv-009,2017-06-30 17:00:00,30.820276260375977
srv-009,2017-06-30 18:00:00,30.760780334472656
srv-009,2017-06-30 19:00:00,30.976238250732422
srv-009,2017-06-30 20:00:00,31.051076889038086
srv-009,2017-06-30 21:00:00,30.879610061645508
srv-009,2017-06-30 22:00:00,31.059307098388672
srv-009,2017-06-30 23:00:00,31.214832305908203
srv-010,2017-06-01 23:00:00,52.820072174072266
srv-010,2017-06-02 00:00:00,64.37638854980469
srv-010,2017-06-02 01:00:00,71.562255859375
srv-010,2017-06-02 02:00:00,73.13656616210938
srv-010,2017-06-02 03:00:00,73.28715515136719
srv-010,2017-06-02 04:00:00,73.59945678710938
srv-010,2017-06-02 05:00:00,74.17166137695312
srv-010,2017-06-02 06:00:00,73.95655822753906
srv-010,2017-06-02 07:00:00,72.96638488769531
srv-010,2017-06-02 08:00:00,73.33151245117188
srv-010,2017-06-02 09:00:00,73.59834289550781
srv-010,2017-06-02 10:00:00,74.24154663085938
srv-010,2017-06-02 11:00:00,77.53103637695312
srv-010,2017-06-02 12:00:00,83.97665405273438
srv-010,2017-06-02 13:00:00,83.40000915527344
srv-010,2017-06-02 14:00:00,82.67079162597656
srv-010,2017-06-02 15:00:00,81.99359130859375
srv-010,2017-06-02 16:00:00,80.46168518066406
srv-010,2017-06-02 17:00:00,79.55693054199219
srv-010,2017-06-02 18:00:00,77.71954345703125
srv-010,2017-06-02 19:00:00,76.42439270019531
srv-010,2017-06-02 20:00:00,74.44749450683594
srv-010,2017-06-02 21:00:00,73.72764587402344
srv-010,2017-06-02 22:00:00,71.69537353515625
srv-010,2017-06-02 23:00:00,70.29948425292969
srv-010,2017-06-03 00:00:00,71.62428283691406
srv-010,2017-06-03 01:00:00,72.42527770996094
srv-010,2017-06-03 02:00:00,72.48063659667969
srv-010,2017-06-03 03:00:00,72.72801208496094
srv-010,2017-06-03 04:00:00,72.66160583496094
srv-010,2017-06-03 05:00:00,74.17593383789062
srv-010,2017-06-03 06:00:00,75.82742309570312
srv-010,2017-06-03 07:00:00,77.17568969726562
srv-010,2017-06-03 08:00:00,78.78291320800781
srv-010,2017-06-03 09:00:00,78.4852294921875
srv-010,2017-06-03 10:00:00,79.34765625
srv-010,2017-06-03 11:00:00,79.86529541015625
srv-010,2017-06-03 12:00:00,81.00019836425781
srv-010,2017-06-03 13:00:00,80.72062683105469
srv-010,2017-06-03 14:00:00,81.373046875
srv-010,2017-06-03 15:00:00,80.57479858398438
srv-010,2017-06-03 16:00:00,79.57612609863281
srv-010,2017-06-03 17:00:00,76.9307861328125
srv-010,2017-06-03 18:00:00,76.65980529785156
srv-010,2017-06-03 19:00:00,74.95719909667969
srv-010,2017-06-03 20:00:00,75.08442687988281
srv-010,2017-06-03 21:00:00,73.43684387207031
srv-010,2017-06-03 22:00:00,72.45254516601562
srv-010,2017-06-03 23:00:00,70.42721557617188
srv-010,2017-06-04 00:00:00,70.736328125
srv-010,2017-06-04 01:00:00,69.29127502441406
srv-010,2017-06-04 02:00:00,70.330810546875
srv-010,2017-06-04 03:00:00,71.88148498535156
srv-010,2017-06-04 04:00:00,72.27752685546875
srv-010,2017-06-04 05:00:00,74.53340148925781
srv-010,2017-06-04 06:00:00,76.33358764648438
srv-010,2017-06-04 07:00:00,77.13241577148438
srv-010,2017-06-04 08:00:00,77.96730041503906
srv-010,2017-06-04 09:00:00,78.08609008789062
srv-010,2017-06-04 10:00:00,77.29075622558594
srv-010,2017-06-04 11:00:00,77.03445434570312
srv-010,2017-06-04 12:00:00,76.48583984375
srv-010,2017-06-04 13:00:00,76.42568969726562
srv-010,2017-06-04 14:00:00,77.12825012207031
srv-010,2017-06-04 15:00:00,77.37223815917969
srv-010,2017-06-04 16:00:00,75.99964904785156
srv-010,2017-06-04 17:00:00,75.54460144042969
srv-010,2017-06-04 18:00:00,76.10612487792969
srv-010,2017-06-04 19:00:00,75.85945129394531
srv-010,2017-06-04 20:00:00,75.18281555175781
srv-010,2017-06-04 21:00:00,75.00341796875
srv-010,2017-06-04 22:00:00,74.28594970703125
srv-010,2017-06-04 23:00:00,74.15538024902344
srv-010,2017-06-05 00:00:00,72.64653015136719
srv-010,2017-06-05 01:00:00,69.63137817382812
srv-010,2017-06-05 02:00:00,70.36965942382812
srv-010,2017-06-05 03:00:00,71.4437255859375
srv-010,2017-06-05 04:00:00,70.55534362792969
srv-010,2017-06-05 05:00:00,72.24496459960938
srv-010,2017-06-05 06:00:00,74.38236999511719
srv-010,2017-06-05 07:00:00,76.13719177246094
srv-010,2017-06-05 08:00:00,78.32630920410156
srv-010,2017-06-05 09:00:00,80.94447326660156
srv-010,2017-06-05 10:00:00,82.85655212402344
srv-010,2017-06-05 11:00:00,83.7255859375
srv-010,2017-06-05 12:00:00,85.09677124023438
srv-010,2017-06-05 13:00:00,85.52668762207031
srv-010,2017-06-05 14:00:00,85.61601257324219
srv-010,2017-06-05 15:00:00,86.553466796875
srv-010,2017-06-05 16:00:00,88.34280395507812
srv-010,2017-06-05 17:00:00,85.14445495605469
srv-010,2017-06-05 18:00:00,85.50273132324219
srv-010,2017-06-05 19:00:00,81.15274047851562
srv-010,2017-06-05 20:00:00,79.41838073730469
srv-010,2017-06-05 21:00:00,79.9127197265625
srv-010,2017-06-05 22:00:00,81.04757690429688
srv-010,2017-06-05 23:00:00,81.43544006347656
srv-010,2017-06-06 00:00:00,81.86859130859375
srv-010,2017-06-06 01:00:00,81.58708190917969
srv-010,2017-06-06 02:00:00,81.62216186523438
srv-010,2017-06-06 03:00:00,82.35671997070312
srv-010,2017-06-06 04:00:00,84.12455749511719
srv-010,2017-06-06 05:00:00,85.67172241210938
srv-010,2017-06-06 06:00:00,87.43363952636719
srv-010,2017-06-06 07:00:00,88.29228210449219
srv-010,2017-06-06 08:00:00,90.50192260742188
srv-010,2017-06-06 09:00:00,90.43698120117188
srv-010,2017-06-06 10:00:00,92.74053955078125
srv-010,2017-06-06 11:00:00,93.61445617675781
srv-010,2017-06-06 12:00:00,95.50028991699219
srv-010,2017-06-06 13:00:00,95.70606994628906
srv-010,2017-06-06 14:00:00,94.64566040039062
srv-010,2017-06-06 15:00:00,94.84228515625
srv-010,2017-06-06 16:00:00,94.48138427734375
srv-010,2017-06-06 17:00:00,95.29336547851562
srv-010,2017-06-06 18:00:00,92.57777404785156
srv-010,2017-06-06 19:00:00,90.61549377441406
srv-010,2017-06-06 20:00:00,89.71943664550781
srv-010,2017-06-06 21:00:00,90.06454467773438
srv-010,2017-06-06 22:00:00,90.38670349121094
srv-010,2017-06-06 23:00:00,90.56282043457031
srv-010,2017-06-07 00:00:00,91.30584716796875
srv-010,2017-06-07 01:00:00,91.66984558105469
srv-010,2017-06-07 02:00:00,93.33033752441406
srv-010,2017-06-07 03:00:00,94.02244567871094
srv-010,2017-06-07 04:00:00,94.1661376953125
srv-010,2017-06-07 05:00:00,93.51469421386719
srv-010,2017-06-07 06:00:00,92.38754272460938
srv-010,2017-06-07 07:00:00,91.04093933105469
srv-010,2017-06-07 08:00:00,94.27333068847656
srv-010,2017-06-07 09:00:00,93.23251342773438
srv-010,2017-06-07 10:00:00,94.80183410644531
srv-010,2017-06-07 11:00:00,95.53056335449219
srv-010,2017-06-07 12:00:00,96.00595092773438
srv-010,2017-06-07 13:00:00,95.33993530273438
srv-010,2017-06-07 14:00:00,95.43263244628906
srv-010,2017-06-07 15:00:00,95.53634643554688
srv-010,2017-06-07 16:00:00,95.95245361328125
srv-010,2017-06-07 17:00:00,96.02290344238281
srv-010,2017-06-07 18:00:00,95.13055419921875
srv-010,2017-06-07 19:00:00,92.67251586914062
srv-010,2017-06-07 20:00:00,87.91845703125
srv-010,2017-06-07 21:00:00,90.09588623046875
srv-010,2017-06-07 22:00:00,90.13856506347656
srv-010,2017-06-07 23:00:00,90.3128662109375
srv-010,2017-06-08 00:00:00,91.1827392578125
srv-010,2017-06-08 01:00:00,91.09970092773438
srv-010,2017-06-08 02:00:00,92.45095825195312
srv-010,2017-06-08 03:00:00,91.42825317382812
srv-010,2017-06-08 04:00:00,92.35153198242188
srv-010,2017-06-08 05:00:00,91.49862670898438
srv-010,2017-06-08 06:00:00,89.48643493652344
srv-010,2017-06-08 07:00:00,88.2454833984375
srv-010,2017-06-08 08:00:00,90.28367614746094
srv-010,2017-06-08 09:00:00,91.24855041503906
srv-010,2017-06-08 10:00:00,93.3206787109375
srv-010,2017-06-08 11:00:00,94.27346801757812
srv-010,2017-06-08 12:00:00,93.64431762695312
srv-010,2017-06-08 13:00:00,92.83827209472656
srv-010,2017-06-08 14:00:00,92.01603698730469
srv-010,2017-06-08 15:00:00,91.09454345703125
srv-010,2017-06-08 16:00:00,89.63937377929688
srv-010,2017-06-08 17:00:00,88.40751647949219
srv-010,2017-06-08 18:00:00,86.49787902832031
srv-010,2017-06-08 19:00:00,84.37033081054688
srv-010,2017-06-08 20:00:00,83.7220458984375
srv-010,2017-06-08 21:00:00,82.68305969238281
srv-010,2017-06-08 22:00:00,81.66372680664062
srv-010,2017-06-08 23:00:00,80.30662536621094
srv-010,2017-06-09 00:00:00,79.75791931152344
srv-010,2017-06-09 01:00:00,79.85533142089844
srv-010,2017-06-09 02:00:00,80.82801818847656
srv-010,2017-06-09 03:00:00,80.85287475585938
srv-010,2017-06-09 04:00:00,81.55715942382812
srv-010,2017-06-09 05:00:00,82.385986328125
srv-010,2017-06-09 06:00:00,82.39907836914062
srv-010,2017-06-09 07:00:00,82.49169921875
srv-010,2017-06-09 08:00:00,83.52459716796875
srv-010,2017-06-09 09:00:00,83.29447937011719
srv-010,2017-06-09 10:00:00,83.86138916015625
srv-010,2017-06-09 11:00:00,84.60163879394531
srv-010,2017-06-09 12:00:00,84.69340515136719
srv-010,2017-06-09 13:00:00,82.64129638671875
srv-010,2017-06-09 14:00:00,81.27337646484375
srv-010,2017-06-09 15:00:00,80.0787353515625
srv-010,2017-06-09 16:00:00,78.13815307617188
srv-010,2017-06-09 17:00:00,76.70611572265625
srv-010,2017-06-09 18:00:00,76.50494384765625
srv-010,2017-06-09 19:00:00,75.65029907226562
srv-010,2017-06-09 20:00:00,74.90548706054688
srv-010,2017-06-09 21:00:00,74.52818298339844
srv-010,2017-06-09 22:00:00,73.05522155761719
srv-010,2017-06-09 23:00:00,71.88531494140625
srv-010,2017-06-10 00:00:00,73.60975646972656
srv-010,2017-06-10 01:00:00,73.36993408203125
srv-010,2017-06-10 02:00:00,73.97564697265625
srv-010,2017-06-10 03:00:00,74.68434143066406
srv-010,2017-06-10 04:00:00,75.32656860351562
srv-010,2017-06-10 05:00:00,77.61068725585938
srv-010,2017-06-10 06:00:00,79.022216796875
srv-010,2017-06-10 07:00:00,79.72096252441406
srv-010,2017-06-10 08:00:00,79.95761108398438
srv-010,2017-06-10 09:00:00,79.27914428710938
srv-010,2017-06-10 10:00:00,79.50848388671875
srv-010,2017-06-10 11:00:00,80.12510681152344
srv-010,2017-06-10 12:00:00,78.09855651855469
srv-010,2017-06-10 13:00:00,77.02308654785156
srv-010,2017-06-10 14:00:00,76.93852233886719
srv-010,2017-06-10 15:00:00,76.60566711425781
srv-010,2017-06-10 16:00:00,76.86228942871094
srv-010,2017-06-10 17:00:00,75.80906677246094
srv-010,2017-06-10 18:00:00,76.34701538085938
srv-010,2017-06-10 19:00:00,77.69195556640625
srv-010,2017-06-10 20:00:00,77.12409973144531
srv-010,2017-06-10 21:00:00,76.08807373046875
srv-010,2017-06-10 22:00:00,75.13032531738281
srv-010,2017-06-10 23:00:00,75.46546936035156
srv-010,2017-06-11 00:00:00,75.52375793457031
srv-010,2017-06-11 01:00:00,75.13946533203125
srv-010,2017-06-11 02:00:00,74.640380859375
srv-010,2017-06-11 03:00:00,74.5633544921875
srv-010,2017-06-11 04:00:00,75.457763671875
srv-010,2017-06-11 05:00:00,76.02619934082031
srv-010,2017-06-11 06:00:00,76.6341552734375
srv-010,2017-06-11 07:00:00,76.9403076171875
srv-010,2017-06-11 08:00:00,78.14320373535156
srv-010,2017-06-11 09:00:00,79.34991455078125
srv-010,2017-06-11 10:00:00,80.09471130371094
srv-010,2017-06-11 11:00:00,79.69723510742188
srv-010,2017-06-11 12:00:00,78.90234375
srv-010,2017-06-11 13:00:00,77.65937805175781
srv-010,2017-06-11 14:00:00,78.85841369628906
srv-010,2017-06-11 15:00:00,79.34614562988281
srv-010,2017-06-11 16:00:00,80.1722412109375
srv-010,2017-06-11 17:00:00,77.8939208984375
srv-010,2017-06-11 18:00:00,77.30647277832031
srv-010,2017-06-11 19:00:00,75.95613098144531
srv-010,2017-06-11 20:00:00,74.57862854003906
srv-010,2017-06-11 21:00:00,73.57200622558594
srv-010,2017-06-11 22:00:00,74.12704467773438
srv-010,2017-06-11 23:00:00,75.26615905761719
srv-010,2017-06-12 00:00:00,74.50723266601562
srv-010,2017-06-12 01:00:00,71.86383056640625
srv-010,2017-06-12 02:00:00,72.15240478515625
srv-010,2017-06-12 03:00:00,74.19091796875
srv-010,2017-06-12 04:00:00,75.21499633789062
srv-010,2017-06-12 05:00:00,75.05278015136719
srv-010,2017-06-12 06:00:00,72.68949890136719
srv-010,2017-06-12 07:00:00,76.76239013671875
srv-010,2017-06-12 08:00:00,79.20806884765625
srv-010,2017-06-12 09:00:00,80.73565673828125
srv-010,2017-06-12 10:00:00,83.17379760742188
srv-010,2017-06-12 11:00:00,84.876708984375
srv-010,2017-06-12 12:00:00,86.30860900878906
srv-010,2017-06-12 13:00:00,87.22506713867188
srv-010,2017-06-12 14:00:00,84.67076110839844
srv-010,2017-06-12 15:00:00,83.40278625488281
srv-010,2017-06-12 16:00:00,83.83274841308594
srv-010,2017-06-12 17:00:00,85.19432067871094
srv-010,2017-06-12 18:00:00,85.32377624511719
srv-010,2017-06-12 19:00:00,83.59950256347656
srv-010,2017-06-12 20:00:00,81.12872314453125
srv-010,2017-06-12 21:00:00,81.37919616699219
srv-010,2017-06-12 22:00:00,82.10174560546875
srv-010,2017-06-12 23:00:00,81.57305908203125
srv-010,2017-06-13 00:00:00,82.06645202636719
srv-010,2017-06-13 01:00:00,82.65184020996094
srv-010,2017-06-13 02:00:00,85.51727294921875
srv-010,2017-06-13 03:00:00,85.21839904785156
srv-010,2017-06-13 04:00:00,84.9947509765625
srv-010,2017-06-13 05:00:00,84.32362365722656
srv-010,2017-06-13 06:00:00,85.0965576171875
srv-010,2017-06-13 07:00:00,85.13288879394531
srv-010,2017-06-13 08:00:00,86.6253662109375
srv-010,2017-06-13 09:00:00,87.88584899902344
srv-010,2017-06-13 10:00:00,89.45558166503906
srv-010,2017-06-13 11:00:00,90.66398620605469
srv-010,2017-06-13 12:00:00,93.32847595214844
srv-010,2017-06-13 13:00:00,93.29115295410156
srv-010,2017-06-13 14:00:00,94.95310974121094
srv-010,2017-06-13 15:00:00,94.79376220703125
srv-010,2017-06-13 16:00:00,95.4833984375
srv-010,2017-06-13 17:00:00,95.92831420898438
srv-010,2017-06-13 18:00:00,95.91889953613281
srv-010,2017-06-13 19:00:00,94.643798828125
srv-010,2017-06-13 20:00:00,94.24505615234375
srv-010,2017-06-13 21:00:00,93.50070190429688
srv-010,2017-06-13 22:00:00,92.257080078125
srv-010,2017-06-13 23:00:00,91.83438110351562
srv-010,2017-06-14 00:00:00,85.20301818847656
srv-010,2017-06-14 01:00:00,88.23530578613281
srv-010,2017-06-14 02:00:00,91.43522644042969
srv-010,2017-06-14 03:00:00,93.37655639648438
srv-010,2017-06-14 04:00:00,95.10395812988281
srv-010,2017-06-14 05:00:00,95.02693176269531
srv-010,2017-06-14 06:00:00,94.77496337890625
srv-010,2017-06-14 07:00:00,96.08905029296875
srv-010,2017-06-14 08:00:00,96.25010681152344
srv-010,2017-06-14 09:00:00,95.18440246582031
srv-010,2017-06-14 10:00:00,94.70899963378906
srv-010,2017-06-14 11:00:00,95.75146484375
srv-010,2017-06-14 12:00:00,96.27688598632812
srv-010,2017-06-14 13:00:00,96.48886108398438
srv-010,2017-06-14 14:00:00,96.29261779785156
srv-010,2017-06-14 15:00:00,96.11753845214844
srv-010,2017-06-14 16:00:00,96.02911376953125
srv-010,2017-06-14 17:00:00,96.07223510742188
srv-010,2017-06-14 18:00:00,96.19499206542969
srv-010,2017-06-14 19:00:00,95.9232177734375
srv-010,2017-06-14 20:00:00,95.99430847167969
srv-010,2017-06-14 21:00:00,95.93693542480469
srv-010,2017-06-14 22:00:00,95.36454772949219
srv-010,2017-06-14 23:00:00,90.74113464355469
srv-010,2017-06-15 00:00:00,87.42198181152344
srv-010,2017-06-15 01:00:00,87.41651916503906
srv-010,2017-06-15 02:00:00,89.13479614257812
srv-010,2017-06-15 03:00:00,87.52967834472656
srv-010,2017-06-15 04:00:00,86.75947570800781
srv-010,2017-06-15 05:00:00,87.25453186035156
srv-010,2017-06-15 06:00:00,86.68647766113281
srv-010,2017-06-15 07:00:00,88.06309509277344
srv-010,2017-06-15 08:00:00,88.94775390625
srv-010,2017-06-15 09:00:00,89.15345764160156
srv-010,2017-06-15 10:00:00,90.08842468261719
srv-010,2017-06-15 11:00:00,91.42576599121094
srv-010,2017-06-15 12:00:00,92.3321533203125
srv-010,2017-06-15 13:00:00,94.16465759277344
srv-010,2017-06-15 14:00:00,94.77801513671875
srv-010,2017-06-15 15:00:00,94.95713806152344
srv-010,2017-06-15 16:00:00,94.81501770019531
srv-010,2017-06-15 17:00:00,94.12089538574219
srv-010,2017-06-15 18:00:00,88.71965026855469
srv-010,2017-06-15 19:00:00,84.31486511230469
srv-010,2017-06-15 20:00:00,83.77212524414062
srv-010,2017-06-15 21:00:00,84.95533752441406
srv-010,2017-06-15 22:00:00,82.5140380859375
srv-010,2017-06-15 23:00:00,80.99278259277344
srv-010,2017-06-16 00:00:00,81.16444396972656
srv-010,2017-06-16 01:00:00,81.15071105957031
srv-010,2017-06-16 02:00:00,81.72328186035156
srv-010,2017-06-16 03:00:00,81.76829528808594
srv-010,2017-06-16 04:00:00,81.94987487792969
srv-010,2017-06-16 05:00:00,81.96678161621094
srv-010,2017-06-16 06:00:00,81.94157409667969
srv-010,2017-06-16 07:00:00,81.61810302734375
srv-010,2017-06-16 08:00:00,82.13978576660156
srv-010,2017-06-16 09:00:00,81.701416015625
srv-010,2017-06-16 10:00:00,81.29118347167969
srv-010,2017-06-16 11:00:00,81.62318420410156
srv-010,2017-06-16 12:00:00,82.02430725097656
srv-010,2017-06-16 13:00:00,79.68000793457031
srv-010,2017-06-16 14:00:00,79.04991149902344
srv-010,2017-06-16 15:00:00,78.98908996582031
srv-010,2017-06-16 16:00:00,79.16267395019531
srv-010,2017-06-16 17:00:00,78.43629455566406
srv-010,2017-06-16 18:00:00,78.56179809570312
srv-010,2017-06-16 19:00:00,78.47917175292969
srv-010,2017-06-16 20:00:00,78.291748046875
srv-010,2017-06-16 21:00:00,76.45213317871094
srv-010,2017-06-16 22:00:00,71.9674072265625
srv-010,2017-06-16 23:00:00,68.59674072265625
srv-010,2017-06-17 00:00:00,74.28964233398438
srv-010,2017-06-17 01:00:00,74.4898681640625
srv-010,2017-06-17 02:00:00,74.46781921386719
srv-010,2017-06-17 03:00:00,74.63722229003906
srv-010,2017-06-17 04:00:00,74.28530883789062
srv-010,2017-06-17 05:00:00,76.25164794921875
srv-010,2017-06-17 06:00:00,76.30104064941406
srv-010,2017-06-17 07:00:00,76.70988464355469
srv-010,2017-06-17 08:00:00,76.48612976074219
srv-010,2017-06-17 09:00:00,77.31211853027344
srv-010,2017-06-17 10:00:00,78.64404296875
srv-010,2017-06-17 11:00:00,79.30429077148438
srv-010,2017-06-17 12:00:00,80.78701782226562
srv-010,2017-06-17 13:00:00,82.42768859863281
srv-010,2017-06-17 14:00:00,83.42820739746094
srv-010,2017-06-17 15:00:00,82.70106506347656
srv-010,2017-06-17 16:00:00,80.25920104980469
srv-010,2017-06-17 17:00:00,78.45710754394531
srv-010,2017-06-17 18:00:00,78.755859375
srv-010,2017-06-17 19:00:00,78.58619689941406
srv-010,2017-06-17 20:00:00,77.31266784667969
srv-010,2017-06-17 21:00:00,75.53680419921875
srv-010,2017-06-17 22:00:00,73.42097473144531
srv-010,2017-06-17 23:00:00,71.40133666992188
srv-010,2017-06-18 00:00:00,71.95664978027344
srv-010,2017-06-18 01:00:00,70.90168762207031
srv-010,2017-06-18 02:00:00,73.80082702636719
srv-010,2017-06-18 03:00:00,74.70846557617188
srv-010,2017-06-18 04:00:00,75.57249450683594
srv-010,2017-06-18 05:00:00,76.88749694824219
srv-010,2017-06-18 06:00:00,76.611328125
srv-010,2017-06-18 07:00:00,75.05068969726562
srv-010,2017-06-18 08:00:00,76.40626525878906
srv-010,2017-06-18 09:00:00,76.54931640625
srv-010,2017-06-18 10:00:00,77.455810546875
srv-010,2017-06-18 11:00:00,77.91194152832031
srv-010,2017-06-18 12:00:00,78.86428833007812
srv-010,2017-06-18 13:00:00,78.98858642578125
srv-010,2017-06-18 14:00:00,79.19422912597656
srv-010,2017-06-18 15:00:00,79.26461791992188
srv-010,2017-06-18 16:00:00,78.18232727050781
srv-010,2017-06-18 17:00:00,77.1478271484375
srv-010,2017-06-18 18:00:00,79.68218994140625
srv-010,2017-06-18 19:00:00,78.46054077148438
srv-010,2017-06-18 20:00:00,75.44963073730469
srv-010,2017-06-18 21:00:00,74.04353332519531
srv-010,2017-06-18 22:00:00,71.74205017089844
srv-010,2017-06-18 23:00:00,69.51992797851562
srv-010,2017-06-19 00:00:00,67.118896484375
srv-010,2017-06-19 01:00:00,66.65408325195312
srv-010,2017-06-19 02:00:00,68.05320739746094
srv-010,2017-06-19 03:00:00,70.75433349609375
srv-010,2017-06-19 04:00:00,72.58731079101562
srv-010,2017-06-19 05:00:00,75.48587036132812
srv-010,2017-06-19 06:00:00,75.404541015625
srv-010,2017-06-19 07:00:00,77.66639709472656
srv-010,2017-06-19 08:00:00,81.13055419921875
srv-010,2017-06-19 09:00:00,82.68446350097656
srv-010,2017-06-19 10:00:00,84.61831665039062
srv-010,2017-06-19 11:00:00,85.41949462890625
srv-010,2017-06-19 12:00:00,85.16607666015625
srv-010,2017-06-19 13:00:00,85.32052612304688
srv-010,2017-06-19 14:00:00,84.04556274414062
srv-010,2017-06-19 15:00:00,83.06077575683594
srv-010,2017-06-19 16:00:00,82.03834533691406
srv-010,2017-06-19 17:00:00,81.01739501953125
srv-010,2017-06-19 18:00:00,82.41230773925781
srv-010,2017-06-19 19:00:00,80.78428649902344
srv-010,2017-06-19 20:00:00,78.28782653808594
srv-010,2017-06-19 21:00:00,79.29522705078125
srv-010,2017-06-19 22:00:00,79.02615356445312
srv-010,2017-06-19 23:00:00,79.69244384765625
srv-010,2017-06-20 00:00:00,80.32795715332031
srv-010,2017-06-20 01:00:00,80.31871032714844
srv-010,2017-06-20 02:00:00,82.44169616699219
srv-010,2017-06-20 03:00:00,84.9873046875
srv-010,2017-06-20 04:00:00,87.67640686035156
srv-010,2017-06-20 05:00:00,88.58099365234375
srv-010,2017-06-20 06:00:00,88.52201843261719
srv-010,2017-06-20 07:00:00,87.53263854980469
srv-010,2017-06-20 08:00:00,87.78779602050781
srv-010,2017-06-20 09:00:00,88.27424621582031
srv-010,2017-06-20 10:00:00,89.8824462890625
srv-010,2017-06-20 11:00:00,91.75477600097656
srv-010,2017-06-20 12:00:00,94.57943725585938
srv-010,2017-06-20 13:00:00,95.23202514648438
srv-010,2017-06-20 14:00:00,94.66230773925781
srv-010,2017-06-20 15:00:00,94.12382507324219
srv-010,2017-06-20 16:00:00,94.03054809570312
srv-010,2017-06-20 17:00:00,93.96125793457031
srv-010,2017-06-20 18:00:00,94.45970153808594
srv-010,2017-06-20 19:00:00,94.72697448730469
srv-010,2017-06-20 20:00:00,93.70867919921875
srv-010,2017-06-20 21:00:00,91.88063049316406
srv-010,2017-06-20 22:00:00,89.77059936523438
srv-010,2017-06-20 23:00:00,87.68794250488281
srv-010,2017-06-21 00:00:00,87.10295104980469
srv-010,2017-06-21 01:00:00,88.30400085449219
srv-010,2017-06-21 02:00:00,91.12220764160156
srv-010,2017-06-21 03:00:00,93.96441650390625
srv-010,2017-06-21 04:00:00,95.3638916015625
srv-010,2017-06-21 05:00:00,95.93075561523438
srv-010,2017-06-21 06:00:00,96.1558837890625
srv-010,2017-06-21 07:00:00,94.98377990722656
srv-010,2017-06-21 08:00:00,95.31922912597656
srv-010,2017-06-21 09:00:00,95.35813903808594
srv-010,2017-06-21 10:00:00,95.88351440429688
srv-010,2017-06-21 11:00:00,96.40484619140625
srv-010,2017-06-21 12:00:00,96.65003967285156
srv-010,2017-06-21 13:00:00,96.55462646484375
srv-010,2017-06-21 14:00:00,96.60041809082031
srv-010,2017-06-21 15:00:00,96.23870849609375
srv-010,2017-06-21 16:00:00,95.35173034667969
srv-010,2017-06-21 17:00:00,95.67872619628906
srv-010,2017-06-21 18:00:00,95.82534790039062
srv-010,2017-06-21 19:00:00,96.00282287597656
srv-010,2017-06-21 20:00:00,95.45555114746094
srv-010,2017-06-21 21:00:00,93.18655395507812
srv-010,2017-06-21 22:00:00,89.02363586425781
srv-010,2017-06-21 23:00:00,89.59854125976562
srv-010,2017-06-22 00:00:00,91.23370361328125
srv-010,2017-06-22 01:00:00,91.85211181640625
srv-010,2017-06-22 02:00:00,92.44285583496094
srv-010,2017-06-22 03:00:00,92.59965515136719
srv-010,2017-06-22 04:00:00,90.26301574707031
srv-010,2017-06-22 05:00:00,90.28099060058594
srv-010,2017-06-22 06:00:00,88.70375061035156
srv-010,2017-06-22 07:00:00,88.54806518554688
srv-010,2017-06-22 08:00:00,90.9150390625
srv-010,2017-06-22 09:00:00,92.73512268066406
srv-010,2017-06-22 10:00:00,94.75556945800781
srv-010,2017-06-22 11:00:00,95.05464172363281
srv-010,2017-06-22 12:00:00,95.44114685058594
srv-010,2017-06-22 13:00:00,95.24081420898438
srv-010,2017-06-22 14:00:00,95.03605651855469
srv-010,2017-06-22 15:00:00,93.83622741699219
srv-010,2017-06-22 16:00:00,93.17037963867188
srv-010,2017-06-22 17:00:00,93.53157043457031
srv-010,2017-06-22 18:00:00,93.35321044921875
srv-010,2017-06-22 19:00:00,90.90464782714844
srv-010,2017-06-22 20:00:00,83.36378479003906
srv-010,2017-06-22 21:00:00,84.67546081542969
srv-010,2017-06-22 22:00:00,84.00154113769531
srv-010,2017-06-22 23:00:00,82.35789489746094
srv-010,2017-06-23 00:00:00,81.74978637695312
srv-010,2017-06-23 01:00:00,82.33128356933594
srv-010,2017-06-23 02:00:00,82.11077880859375
srv-010,2017-06-23 03:00:00,81.59033203125
srv-010,2017-06-23 04:00:00,80.88552856445312
srv-010,2017-06-23 05:00:00,80.59716796875
srv-010,2017-06-23 06:00:00,80.83747863769531
srv-010,2017-06-23 07:00:00,80.9462890625
srv-010,2017-06-23 08:00:00,82.41557312011719
srv-010,2017-06-23 09:00:00,83.46868896484375
srv-010,2017-06-23 10:00:00,84.30130004882812
srv-010,2017-06-23 11:00:00,84.85954284667969
srv-010,2017-06-23 12:00:00,85.16792297363281
srv-010,2017-06-23 13:00:00,83.88980102539062
srv-010,2017-06-23 14:00:00,83.14945983886719
srv-010,2017-06-23 15:00:00,82.24836730957031
srv-010,2017-06-23 16:00:00,80.73675537109375
srv-010,2017-06-23 17:00:00,79.75796508789062
srv-010,2017-06-23 18:00:00,78.98503112792969
srv-010,2017-06-23 19:00:00,76.71778869628906
srv-010,2017-06-23 20:00:00,75.33631896972656
srv-010,2017-06-23 21:00:00,73.29074096679688
srv-010,2017-06-23 22:00:00,73.56864929199219
srv-010,2017-06-23 23:00:00,72.80123901367188
srv-010,2017-06-24 00:00:00,73.71609497070312
srv-010,2017-06-24 01:00:00,73.56642150878906
srv-010,2017-06-24 02:00:00,74.29081726074219
srv-010,2017-06-24 03:00:00,75.19297790527344
srv-010,2017-06-24 04:00:00,75.58567810058594
srv-010,2017-06-24 05:00:00,76.29185485839844
srv-010,2017-06-24 06:00:00,77.05038452148438
srv-010,2017-06-24 07:00:00,77.87734985351562
srv-010,2017-06-24 08:00:00,79.15205383300781
srv-010,2017-06-24 09:00:00,79.07185363769531
srv-010,2017-06-24 10:00:00,79.29881286621094
srv-010,2017-06-24 11:00:00,79.29261779785156
srv-010,2017-06-24 12:00:00,79.63728332519531
srv-010,2017-06-24 13:00:00,79.89303588867188
srv-010,2017-06-24 14:00:00,78.92643737792969
srv-010,2017-06-24 15:00:00,79.84550476074219
srv-010,2017-06-24 16:00:00,80.7001953125
srv-010,2017-06-24 17:00:00,83.42875671386719
srv-010,2017-06-24 18:00:00,81.61683654785156
srv-010,2017-06-24 19:00:00,80.21928405761719
srv-010,2017-06-24 20:00:00,77.84454345703125
srv-010,2017-06-24 21:00:00,76.52505493164062
srv-010,2017-06-24 22:00:00,74.99420166015625
srv-010,2017-06-24 23:00:00,74.24058532714844
srv-010,2017-06-25 00:00:00,72.92475891113281
srv-010,2017-06-25 01:00:00,72.97039794921875
srv-010,2017-06-25 02:00:00,72.81785583496094
srv-010,2017-06-25 03:00:00,73.88519287109375
srv-010,2017-06-25 04:00:00,73.82577514648438
srv-010,2017-06-25 05:00:00,75.17424011230469
srv-010,2017-06-25 06:00:00,74.89967346191406
srv-010,2017-06-25 07:00:00,75.03546142578125
srv-010,2017-06-25 08:00:00,75.91775512695312
srv-010,2017-06-25 09:00:00,75.76043701171875
srv-010,2017-06-25 10:00:00,77.01370239257812
srv-010,2017-06-25 11:00:00,78.02847290039062
srv-010,2017-06-25 12:00:00,78.23033142089844
srv-010,2017-06-25 13:00:00,77.61750793457031
srv-010,2017-06-25 14:00:00,78.75836181640625
srv-010,2017-06-25 15:00:00,78.67646789550781
srv-010,2017-06-25 16:00:00,80.6072998046875
srv-010,2017-06-25 17:00:00,77.76658630371094
srv-010,2017-06-25 18:00:00,79.24943542480469
srv-010,2017-06-25 19:00:00,76.70060729980469
srv-010,2017-06-25 20:00:00,74.11004638671875
srv-010,2017-06-25 21:00:00,72.16220092773438
srv-010,2017-06-25 22:00:00,70.15499877929688
srv-010,2017-06-25 23:00:00,68.80570983886719
srv-010,2017-06-26 00:00:00,67.90852355957031
srv-010,2017-06-26 01:00:00,67.13313293457031
srv-010,2017-06-26 02:00:00,68.85093688964844
srv-010,2017-06-26 03:00:00,69.04718017578125
srv-010,2017-06-26 04:00:00,72.32623291015625
srv-010,2017-06-26 05:00:00,74.89311218261719
srv-010,2017-06-26 06:00:00,75.11752319335938
srv-010,2017-06-26 07:00:00,78.66357421875
srv-010,2017-06-26 08:00:00,82.68914794921875
srv-010,2017-06-26 09:00:00,83.23899841308594
srv-010,2017-06-26 10:00:00,84.3026123046875
srv-010,2017-06-26 11:00:00,84.78875732421875
srv-010,2017-06-26 12:00:00,85.53692626953125
srv-010,2017-06-26 13:00:00,85.06475830078125
srv-010,2017-06-26 14:00:00,83.818603515625
srv-010,2017-06-26 15:00:00,82.33245849609375
srv-010,2017-06-26 16:00:00,80.81307983398438
srv-010,2017-06-26 17:00:00,81.91065979003906
srv-010,2017-06-26 18:00:00,81.54469299316406
srv-010,2017-06-26 19:00:00,81.61109924316406
srv-010,2017-06-26 20:00:00,80.19139099121094
srv-010,2017-06-26 21:00:00,80.13650512695312
srv-010,2017-06-26 22:00:00,79.88104248046875
srv-010,2017-06-26 23:00:00,80.99606323242188
srv-010,2017-06-27 00:00:00,80.53343200683594
srv-010,2017-06-27 01:00:00,81.25552368164062
srv-010,2017-06-27 02:00:00,83.82119750976562
srv-010,2017-06-27 03:00:00,84.4521484375
srv-010,2017-06-27 04:00:00,85.19180297851562
srv-010,2017-06-27 05:00:00,86.3499755859375
srv-010,2017-06-27 06:00:00,87.46099853515625
srv-010,2017-06-27 07:00:00,88.43081665039062
srv-010,2017-06-27 08:00:00,90.26602172851562
srv-010,2017-06-27 09:00:00,91.41864013671875
srv-010,2017-06-27 10:00:00,93.11334228515625
srv-010,2017-06-27 11:00:00,92.19647216796875
srv-010,2017-06-27 12:00:00,92.64794921875
srv-010,2017-06-27 13:00:00,93.39616394042969
srv-010,2017-06-27 14:00:00,93.86772155761719
srv-010,2017-06-27 15:00:00,94.30841064453125
srv-010,2017-06-27 16:00:00,92.75051879882812
srv-010,2017-06-27 17:00:00,92.75799560546875
srv-010,2017-06-27 18:00:00,92.27108764648438
srv-010,2017-06-27 19:00:00,90.79010009765625
srv-010,2017-06-27 20:00:00,90.72386169433594
srv-010,2017-06-27 21:00:00,90.58627319335938
srv-010,2017-06-27 22:00:00,92.03559875488281
srv-010,2017-06-27 23:00:00,91.95487976074219
srv-010,2017-06-28 00:00:00,88.26719665527344
srv-010,2017-06-28 01:00:00,90.15669250488281
srv-010,2017-06-28 02:00:00,92.41883850097656
srv-010,2017-06-28 03:00:00,94.07034301757812
srv-010,2017-06-28 04:00:00,94.90145874023438
srv-010,2017-06-28 05:00:00,93.43789672851562
srv-010,2017-06-28 06:00:00,92.52120971679688
srv-010,2017-06-28 07:00:00,91.17329406738281
srv-010,2017-06-28 08:00:00,92.21195983886719
srv-010,2017-06-28 09:00:00,91.89698791503906
srv-010,2017-06-28 10:00:00,93.75315856933594
srv-010,2017-06-28 11:00:00,94.55279541015625
srv-010,2017-06-28 12:00:00,95.85517883300781
srv-010,2017-06-28 13:00:00,96.04942321777344
srv-010,2017-06-28 14:00:00,96.00933837890625
srv-010,2017-06-28 15:00:00,95.91795349121094
srv-010,2017-06-28 16:00:00,95.58927917480469
srv-010,2017-06-28 17:00:00,94.74482727050781
srv-010,2017-06-28 18:00:00,95.43562316894531
srv-010,2017-06-28 19:00:00,94.77093505859375
srv-010,2017-06-28 20:00:00,92.90176391601562
srv-010,2017-06-28 21:00:00,92.58061218261719
srv-010,2017-06-28 22:00:00,91.250244140625
srv-010,2017-06-28 23:00:00,92.21272277832031
srv-010,2017-06-29 00:00:00,90.91612243652344
srv-010,2017-06-29 01:00:00,90.2161865234375
srv-010,2017-06-29 02:00:00,91.41244506835938
srv-010,2017-06-29 03:00:00,90.5838623046875
srv-010,2017-06-29 04:00:00,91.033203125
srv-010,2017-06-29 05:00:00,91.54232788085938
srv-010,2017-06-29 06:00:00,90.51716613769531
srv-010,2017-06-29 07:00:00,87.34550476074219
srv-010,2017-06-29 08:00:00,89.94818115234375
srv-010,2017-06-29 09:00:00,90.18827819824219
srv-010,2017-06-29 10:00:00,93.63021850585938
srv-010,2017-06-29 11:00:00,91.44131469726562
srv-010,2017-06-29 12:00:00,92.24411010742188
srv-010,2017-06-29 13:00:00,91.30654907226562
srv-010,2017-06-29 14:00:00,90.3333740234375
srv-010,2017-06-29 15:00:00,90.29620361328125
srv-010,2017-06-29 16:00:00,91.05509948730469
srv-010,2017-06-29 17:00:00,89.94816589355469
srv-010,2017-06-29 18:00:00,88.77998352050781
srv-010,2017-06-29 19:00:00,88.30328369140625
srv-010,2017-06-29 20:00:00,85.56777954101562
srv-010,2017-06-29 21:00:00,85.06390380859375
srv-010,2017-06-29 22:00:00,83.51924133300781
srv-010,2017-06-29 23:00:00,82.97055053710938
srv-010,2017-06-30 00:00:00,82.34403991699219
srv-010,2017-06-30 01:00:00,81.4134521484375
srv-010,2017-06-30 02:00:00,81.300537109375
srv-010,2017-06-30 03:00:00,81.30809020996094
srv-010,2017-06-30 04:00:00,80.94393920898438
srv-010,2017-06-30 05:00:00,82.04496765136719
srv-010,2017-06-30 06:00:00,81.00663757324219
srv-010,2017-06-30 07:00:00,80.50376892089844
srv-010,2017-06-30 08:00:00,80.65176391601562
srv-010,2017-06-30 09:00:00,81.13667297363281
srv-010,2017-06-30 10:00:00,81.30674743652344
srv-010,2017-06-30 11:00:00,82.44375610351562
srv-010,2017-06-30 12:00:00,82.38786315917969
srv-010,2017-06-30 13:00:00,80.58406066894531
srv-010,2017-06-30 14:00:00,78.9150390625
srv-010,2017-06-30 15:00:00,77.35005187988281
srv-010,2017-06-30 16:00:00,77.59274291992188
srv-010,2017-06-30 17:00:00,78.31805419921875
srv-010,2017-06-30 18:00:00,78.50605773925781
srv-010,2017-06-30 19:00:00,77.79251098632812
srv-010,2017-06-30 20:00:00,77.01396179199219
srv-010,2017-06-30 21:00:00,75.99147033691406
srv-010,2017-06-30 22:00:00,75.15965270996094
srv-010,2017-06-30 23:00:00,71.636962890625
