server_id,timestamp,predicted_cpu_utilization
srv-001,2017-06-01 23:00:00,0.0
srv-001,2017-06-02 00:00:00,0.0
srv-001,2017-06-02 01:00:00,0.0
srv-001,2017-06-02 02:00:00,0.0
srv-001,2017-06-02 03:00:00,0.0
srv-001,2017-06-02 04:00:00,0.0
srv-001,2017-06-02 05:00:00,0.0
srv-001,2017-06-02 06:00:00,0.0
srv-001,2017-06-02 07:00:00,0.0
srv-001,2017-06-02 08:00:00,0.0
srv-001,2017-06-02 09:00:00,0.0
srv-001,2017-06-02 10:00:00,0.0
srv-001,2017-06-02 11:00:00,0.0
srv-001,2017-06-02 12:00:00,48.125083923339844
srv-001,2017-06-02 13:00:00,47.14884948730469
srv-001,2017-06-02 14:00:00,48.02379608154297
srv-001,2017-06-02 15:00:00,50.01436233520508
srv-001,2017-06-02 16:00:00,45.24653625488281
srv-001,2017-06-02 17:00:00,46.01959228515625
srv-001,2017-06-02 18:00:00,45.957130432128906
srv-001,2017-06-02 19:00:00,43.11024475097656
srv-001,2017-06-02 20:00:00,42.72749328613281
srv-001,2017-06-02 21:00:00,43.60124206542969
srv-001,2017-06-02 22:00:00,42.686485290527344
srv-001,2017-06-02 23:00:00,38.76540756225586
srv-001,2017-06-03 00:00:00,40.341217041015625
srv-001,2017-06-03 01:00:00,42.20348358154297
srv-001,2017-06-03 02:00:00,42.151092529296875
srv-001,2017-06-03 03:00:00,42.2196159362793
srv-001,2017-06-03 04:00:00,42.34981155395508
srv-001,2017-06-03 05:00:00,45.13861083984375
srv-001,2017-06-03 06:00:00,38.16590118408203
srv-001,2017-06-03 07:00:00,42.029449462890625
srv-001,2017-06-03 08:00:00,43.99969482421875
srv-001,2017-06-03 09:00:00,45.781715393066406
srv-001,2017-06-03 10:00:00,46.98100280761719
srv-001,2017-06-03 11:00:00,48.82765197753906
srv-001,2017-06-03 12:00:00,51.089111328125
srv-001,2017-06-03 13:00:00,50.76946258544922
srv-001,2017-06-03 14:00:00,52.605072021484375
srv-001,2017-06-03 15:00:00,48.11590576171875
srv-001,2017-06-03 16:00:00,45.6027717590332
srv-001,2017-06-03 17:00:00,43.32667541503906
srv-001,2017-06-03 18:00:00,45.51567459106445
srv-001,2017-06-03 19:00:00,47.658077239990234
srv-001,2017-06-03 20:00:00,45.08980178833008
srv-001,2017-06-03 21:00:00,47.16591262817383
srv-001,2017-06-03 22:00:00,40.16095733642578
srv-001,2017-06-03 23:00:00,40.10913848876953
srv-001,2017-06-04 00:00:00,40.122859954833984
srv-001,2017-06-04 01:00:00,41.198646545410156
srv-001,2017-06-04 02:00:00,41.43408203125
srv-001,2017-06-04 03:00:00,44.377784729003906
srv-001,2017-06-04 04:00:00,44.25665283203125
srv-001,2017-06-04 05:00:00,42.275306701660156
srv-001,2017-06-04 06:00:00,40.614356994628906
srv-001,2017-06-04 07:00:00,40.70730209350586
srv-001,2017-06-04 08:00:00,44.545249938964844
srv-001,2017-06-04 09:00:00,44.78675079345703
srv-001,2017-06-04 10:00:00,48.645408630371094
srv-001,2017-06-04 11:00:00,51.71099090576172
srv-001,2017-06-04 12:00:00,51.008079528808594
srv-001,2017-06-04 13:00:00,48.932212829589844
srv-001,2017-06-04 14:00:00,48.05332565307617
srv-001,2017-06-04 15:00:00,44.75811004638672
srv-001,2017-06-04 16:00:00,43.0681037902832
srv-001,2017-06-04 17:00:00,43.837547302246094
srv-001,2017-06-04 18:00:00,44.9051513671875
srv-001,2017-06-04 19:00:00,48.562538146972656
srv-001,2017-06-04 20:00:00,49.38304138183594
srv-001,2017-06-04 21:00:00,48.5299072265625
srv-001,2017-06-04 22:00:00,44.98820495605469
srv-001,2017-06-04 23:00:00,44.36887741088867
srv-001,2017-06-05 00:00:00,43.496788024902344
srv-001,2017-06-05 01:00:00,38.687294006347656
srv-001,2017-06-05 02:00:00,39.50114440917969
srv-001,2017-06-05 03:00:00,39.513145446777344
srv-001,2017-06-05 04:00:00,42.636478424072266
srv-001,2017-06-05 05:00:00,43.989463806152344
srv-001,2017-06-05 06:00:00,44.36166763305664
srv-001,2017-06-05 07:00:00,41.96019744873047
srv-001,2017-06-05 08:00:00,40.14548873901367
srv-001,2017-06-05 09:00:00,41.496341705322266
srv-001,2017-06-05 10:00:00,42.39392852783203
srv-001,2017-06-05 11:00:00,42.15538024902344
srv-001,2017-06-05 12:00:00,45.84516906738281
srv-001,2017-06-05 13:00:00,51.38261413574219
srv-001,2017-06-05 14:00:00,50.222930908203125
srv-001,2017-06-05 15:00:00,49.29997253417969
srv-001,2017-06-05 16:00:00,49.04662322998047
srv-001,2017-06-05 17:00:00,48.9710693359375
srv-001,2017-06-05 18:00:00,47.054931640625
srv-001,2017-06-05 19:00:00,44.390018463134766
srv-001,2017-06-05 20:00:00,44.506675720214844
srv-001,2017-06-05 21:00:00,46.3546257019043
srv-001,2017-06-05 22:00:00,46.286468505859375
srv-001,2017-06-05 23:00:00,43.24870681762695
srv-001,2017-06-06 00:00:00,44.41967010498047
srv-001,2017-06-06 01:00:00,42.0732536315918
srv-001,2017-06-06 02:00:00,44.837467193603516
srv-001,2017-06-06 03:00:00,48.43645477294922
srv-001,2017-06-06 04:00:00,46.47114944458008
srv-001,2017-06-06 05:00:00,45.79521179199219
srv-001,2017-06-06 06:00:00,49.0863151550293
srv-001,2017-06-06 07:00:00,52.95884323120117
srv-001,2017-06-06 08:00:00,53.729679107666016
srv-001,2017-06-06 09:00:00,52.055381774902344
srv-001,2017-06-06 10:00:00,48.75562286376953
srv-001,2017-06-06 11:00:00,51.87784194946289
srv-001,2017-06-06 12:00:00,54.78313446044922
srv-001,2017-06-06 13:00:00,55.769195556640625
srv-001,2017-06-06 14:00:00,55.81049728393555
srv-001,2017-06-06 15:00:00,56.77778625488281
srv-001,2017-06-06 16:00:00,56.458282470703125
srv-001,2017-06-06 17:00:00,53.76506042480469
srv-001,2017-06-06 18:00:00,53.607940673828125
srv-001,2017-06-06 19:00:00,52.88459014892578
srv-001,2017-06-06 20:00:00,51.7763786315918
srv-001,2017-06-06 21:00:00,50.772193908691406
srv-001,2017-06-06 22:00:00,52.63690948486328
srv-001,2017-06-06 23:00:00,53.89545440673828
srv-001,2017-06-07 00:00:00,52.575626373291016
srv-001,2017-06-07 01:00:00,53.495765686035156
srv-001,2017-06-07 02:00:00,52.23115921020508
srv-001,2017-06-07 03:00:00,51.29216003417969
srv-001,2017-06-07 04:00:00,51.117042541503906
srv-001,2017-06-07 05:00:00,49.54527282714844
srv-001,2017-06-07 06:00:00,53.589874267578125
srv-001,2017-06-07 07:00:00,51.42490005493164
srv-001,2017-06-07 08:00:00,52.30299377441406
srv-001,2017-06-07 09:00:00,51.213836669921875
srv-001,2017-06-07 10:00:00,54.668182373046875
srv-001,2017-06-07 11:00:00,56.229393005371094
srv-001,2017-06-07 12:00:00,56.22740936279297
srv-001,2017-06-07 13:00:00,55.897789001464844
srv-001,2017-06-07 14:00:00,55.04534149169922
srv-001,2017-06-07 15:00:00,57.37324905395508
srv-001,2017-06-07 16:00:00,56.352603912353516
srv-001,2017-06-07 17:00:00,56.081993103027344
srv-001,2017-06-07 18:00:00,53.71554946899414
srv-001,2017-06-07 19:00:00,53.98157501220703
srv-001,2017-06-07 20:00:00,55.5631103515625
srv-001,2017-06-07 21:00:00,55.1016960144043
srv-001,2017-06-07 22:00:00,51.70414733886719
srv-001,2017-06-07 23:00:00,51.58987808227539
srv-001,2017-06-08 00:00:00,51.00105285644531
srv-001,2017-06-08 01:00:00,51.1013069152832
srv-001,2017-06-08 02:00:00,50.40898895263672
srv-001,2017-06-08 03:00:00,50.345802307128906
srv-001,2017-06-08 04:00:00,50.81547546386719
srv-001,2017-06-08 05:00:00,49.76245880126953
srv-001,2017-06-08 06:00:00,49.11363220214844
srv-001,2017-06-08 07:00:00,48.49460220336914
srv-001,2017-06-08 08:00:00,48.72607421875
srv-001,2017-06-08 09:00:00,48.56093215942383
srv-001,2017-06-08 10:00:00,51.964447021484375
srv-001,2017-06-08 11:00:00,52.48369216918945
srv-001,2017-06-08 12:00:00,55.48249053955078
srv-001,2017-06-08 13:00:00,55.10169982910156
srv-001,2017-06-08 14:00:00,52.526771545410156
srv-001,2017-06-08 15:00:00,54.31820297241211
srv-001,2017-06-08 16:00:00,54.65744400024414
srv-001,2017-06-08 17:00:00,51.519859313964844
srv-001,2017-06-08 18:00:00,51.82952117919922
srv-001,2017-06-08 19:00:00,49.78551483154297
srv-001,2017-06-08 20:00:00,49.735347747802734
srv-001,2017-06-08 21:00:00,47.036563873291016
srv-001,2017-06-08 22:00:00,42.797996520996094
srv-001,2017-06-08 23:00:00,44.04947280883789
srv-001,2017-06-09 00:00:00,43.91213607788086
srv-001,2017-06-09 01:00:00,43.257568359375
srv-001,2017-06-09 02:00:00,41.607879638671875
srv-001,2017-06-09 03:00:00,42.472572326660156
srv-001,2017-06-09 04:00:00,44.66227722167969
srv-001,2017-06-09 05:00:00,45.0775260925293
srv-001,2017-06-09 06:00:00,45.1512451171875
srv-001,2017-06-09 07:00:00,44.320587158203125
srv-001,2017-06-09 08:00:00,48.37950897216797
srv-001,2017-06-09 09:00:00,46.645416259765625
srv-001,2017-06-09 10:00:00,48.988990783691406
srv-001,2017-06-09 11:00:00,50.556236267089844
srv-001,2017-06-09 12:00:00,51.58382034301758
srv-001,2017-06-09 13:00:00,50.11814880371094
srv-001,2017-06-09 14:00:00,48.088050842285156
srv-001,2017-06-09 15:00:00,48.11262512207031
srv-001,2017-06-09 16:00:00,44.70112609863281
srv-001,2017-06-09 17:00:00,42.146629333496094
srv-001,2017-06-09 18:00:00,41.23981475830078
srv-001,2017-06-09 19:00:00,43.19715118408203
srv-001,2017-06-09 20:00:00,42.336517333984375
srv-001,2017-06-09 21:00:00,39.844825744628906
srv-001,2017-06-09 22:00:00,38.356529235839844
srv-001,2017-06-09 23:00:00,38.094783782958984
srv-001,2017-06-10 00:00:00,37.74330139160156
srv-001,2017-06-10 01:00:00,40.591835021972656
srv-001,2017-06-10 02:00:00,40.04642868041992
srv-001,2017-06-10 03:00:00,43.03489685058594
srv-001,2017-06-10 04:00:00,44.21099853515625
srv-001,2017-06-10 05:00:00,46.148773193359375
srv-001,2017-06-10 06:00:00,45.72038650512695
srv-001,2017-06-10 07:00:00,44.52683639526367
srv-001,2017-06-10 08:00:00,43.306373596191406
srv-001,2017-06-10 09:00:00,43.454002380371094
srv-001,2017-06-10 10:00:00,45.30055618286133
srv-001,2017-06-10 11:00:00,48.174537658691406
srv-001,2017-06-10 12:00:00,47.91914367675781
srv-001,2017-06-10 13:00:00,47.85371398925781
srv-001,2017-06-10 14:00:00,47.724159240722656
srv-001,2017-06-10 15:00:00,43.92855453491211
srv-001,2017-06-10 16:00:00,44.043724060058594
srv-001,2017-06-10 17:00:00,42.52976989746094
srv-001,2017-06-10 18:00:00,42.20237731933594
srv-001,2017-06-10 19:00:00,41.793540954589844
srv-001,2017-06-10 20:00:00,40.900428771972656
srv-001,2017-06-10 21:00:00,42.662052154541016
srv-001,2017-06-10 22:00:00,40.983253479003906
srv-001,2017-06-10 23:00:00,40.85071563720703
srv-001,2017-06-11 00:00:00,39.28031539916992
srv-001,2017-06-11 01:00:00,41.25336456298828
srv-001,2017-06-11 02:00:00,43.950870513916016
srv-001,2017-06-11 03:00:00,44.152931213378906
srv-001,2017-06-11 04:00:00,46.43665313720703
srv-001,2017-06-11 05:00:00,45.33124923706055
srv-001,2017-06-11 06:00:00,45.43659210205078
srv-001,2017-06-11 07:00:00,43.910221099853516
srv-001,2017-06-11 08:00:00,43.81206512451172
srv-001,2017-06-11 09:00:00,43.307273864746094
srv-001,2017-06-11 10:00:00,46.77436447143555
srv-001,2017-06-11 11:00:00,49.12883758544922
srv-001,2017-06-11 12:00:00,48.78015899658203
srv-001,2017-06-11 13:00:00,46.67764663696289
srv-001,2017-06-11 14:00:00,45.78846740722656
srv-001,2017-06-11 15:00:00,46.207435607910156
srv-001,2017-06-11 16:00:00,46.26171875
srv-001,2017-06-11 17:00:00,41.80271911621094
srv-001,2017-06-11 18:00:00,41.67045593261719
srv-001,2017-06-11 19:00:00,42.92974853515625
srv-001,2017-06-11 20:00:00,44.532447814941406
srv-001,2017-06-11 21:00:00,40.89879608154297
srv-001,2017-06-11 22:00:00,40.23253631591797
srv-001,2017-06-11 23:00:00,40.09648132324219
srv-001,2017-06-12 00:00:00,39.91661834716797
srv-001,2017-06-12 01:00:00,39.58879852294922
srv-001,2017-06-12 02:00:00,40.08354949951172
srv-001,2017-06-12 03:00:00,39.36901092529297
srv-001,2017-06-12 04:00:00,38.47602844238281
srv-001,2017-06-12 05:00:00,40.384239196777344
srv-001,2017-06-12 06:00:00,38.9207763671875
srv-001,2017-06-12 07:00:00,38.647003173828125
srv-001,2017-06-12 08:00:00,42.504913330078125
srv-001,2017-06-12 09:00:00,45.83421325683594
srv-001,2017-06-12 10:00:00,50.57518005371094
srv-001,2017-06-12 11:00:00,49.236419677734375
srv-001,2017-06-12 12:00:00,49.36143493652344
srv-001,2017-06-12 13:00:00,51.27586364746094
srv-001,2017-06-12 14:00:00,49.634681701660156
srv-001,2017-06-12 15:00:00,52.07357406616211
srv-001,2017-06-12 16:00:00,50.038726806640625
srv-001,2017-06-12 17:00:00,51.02626419067383
srv-001,2017-06-12 18:00:00,49.023704528808594
srv-001,2017-06-12 19:00:00,49.087646484375
srv-001,2017-06-12 20:00:00,44.74737548828125
srv-001,2017-06-12 21:00:00,43.866329193115234
srv-001,2017-06-12 22:00:00,44.22622299194336
srv-001,2017-06-12 23:00:00,45.517608642578125
srv-001,2017-06-13 00:00:00,44.5947151184082
srv-001,2017-06-13 01:00:00,42.509056091308594
srv-001,2017-06-13 02:00:00,45.153358459472656
srv-001,2017-06-13 03:00:00,47.50543975830078
srv-001,2017-06-13 04:00:00,50.62529373168945
srv-001,2017-06-13 05:00:00,51.958404541015625
srv-001,2017-06-13 06:00:00,51.764808654785156
srv-001,2017-06-13 07:00:00,55.061378479003906
srv-001,2017-06-13 08:00:00,56.734596252441406
srv-001,2017-06-13 09:00:00,57.0430793762207
srv-001,2017-06-13 10:00:00,54.65608215332031
srv-001,2017-06-13 11:00:00,56.639923095703125
srv-001,2017-06-13 12:00:00,56.08269119262695
srv-001,2017-06-13 13:00:00,56.89031219482422
srv-001,2017-06-13 14:00:00,55.77812194824219
srv-001,2017-06-13 15:00:00,54.224830627441406
srv-001,2017-06-13 16:00:00,54.878334045410156
srv-001,2017-06-13 17:00:00,56.40882110595703
srv-001,2017-06-13 18:00:00,56.99709701538086
srv-001,2017-06-13 19:00:00,56.33476257324219
srv-001,2017-06-13 20:00:00,54.394752502441406
srv-001,2017-06-13 21:00:00,54.04273986816406
srv-001,2017-06-13 22:00:00,52.16008758544922
srv-001,2017-06-13 23:00:00,54.90236282348633
srv-001,2017-06-14 00:00:00,51.67243576049805
srv-001,2017-06-14 01:00:00,59.84590148925781
srv-001,2017-06-14 02:00:00,55.54309844970703
srv-001,2017-06-14 03:00:00,52.34455108642578
srv-001,2017-06-14 04:00:00,53.86050033569336
srv-001,2017-06-14 05:00:00,54.7011604309082
srv-001,2017-06-14 06:00:00,53.366458892822266
srv-001,2017-06-14 07:00:00,55.306129455566406
srv-001,2017-06-14 08:00:00,58.07560729980469
srv-001,2017-06-14 09:00:00,60.070045471191406
srv-001,2017-06-14 10:00:00,60.07090759277344
srv-001,2017-06-14 11:00:00,60.513206481933594
srv-001,2017-06-14 12:00:00,59.76067352294922
srv-001,2017-06-14 13:00:00,61.607269287109375
srv-001,2017-06-14 14:00:00,61.06243133544922
srv-001,2017-06-14 15:00:00,64.165771484375
srv-001,2017-06-14 16:00:00,63.17362594604492
srv-001,2017-06-14 17:00:00,58.485130310058594
srv-001,2017-06-14 18:00:00,55.42333984375
srv-001,2017-06-14 19:00:00,54.82815933227539
srv-001,2017-06-14 20:00:00,54.580284118652344
srv-001,2017-06-14 21:00:00,56.21814727783203
srv-001,2017-06-14 22:00:00,53.37165451049805
srv-001,2017-06-14 23:00:00,51.76170349121094
srv-001,2017-06-15 00:00:00,53.643577575683594
srv-001,2017-06-15 01:00:00,53.92510986328125
srv-001,2017-06-15 02:00:00,58.128578186035156
srv-001,2017-06-15 03:00:00,56.221458435058594
srv-001,2017-06-15 04:00:00,56.24198913574219
srv-001,2017-06-15 05:00:00,56.19532775878906
srv-001,2017-06-15 06:00:00,52.50294876098633
srv-001,2017-06-15 07:00:00,55.277259826660156
srv-001,2017-06-15 08:00:00,58.35673522949219
srv-001,2017-06-15 09:00:00,57.63233184814453
srv-001,2017-06-15 10:00:00,57.15790557861328
srv-001,2017-06-15 11:00:00,59.72779083251953
srv-001,2017-06-15 12:00:00,59.94950866699219
srv-001,2017-06-15 13:00:00,56.702999114990234
srv-001,2017-06-15 14:00:00,56.01757049560547
srv-001,2017-06-15 15:00:00,56.24880599975586
srv-001,2017-06-15 16:00:00,58.281578063964844
srv-001,2017-06-15 17:00:00,56.973670959472656
srv-001,2017-06-15 18:00:00,51.441322326660156
srv-001,2017-06-15 19:00:00,54.54216384887695
srv-001,2017-06-15 20:00:00,52.78413391113281
srv-001,2017-06-15 21:00:00,54.245811462402344
srv-001,2017-06-15 22:00:00,49.2241325378418
srv-001,2017-06-15 23:00:00,49.14820861816406
srv-001,2017-06-16 00:00:00,45.111690521240234
srv-001,2017-06-16 01:00:00,53.24703598022461
srv-001,2017-06-16 02:00:00,49.29096221923828
srv-001,2017-06-16 03:00:00,49.67584228515625
srv-001,2017-06-16 04:00:00,47.459415435791016
srv-001,2017-06-16 05:00:00,46.7143440246582
srv-001,2017-06-16 06:00:00,47.463069915771484
srv-001,2017-06-16 07:00:00,45.29075622558594
srv-001,2017-06-16 08:00:00,46.52992630004883
srv-001,2017-06-16 09:00:00,45.5130500793457
srv-001,2017-06-16 10:00:00,48.08464431762695
srv-001,2017-06-16 11:00:00,45.54128646850586
srv-001,2017-06-16 12:00:00,46.94733810424805
srv-001,2017-06-16 13:00:00,48.674407958984375
srv-001,2017-06-16 14:00:00,50.2987060546875
srv-001,2017-06-16 15:00:00,48.01844024658203
srv-001,2017-06-16 16:00:00,47.8813591003418
srv-001,2017-06-16 17:00:00,46.1242561340332
srv-001,2017-06-16 18:00:00,45.72084426879883
srv-001,2017-06-16 19:00:00,40.25933837890625
srv-001,2017-06-16 20:00:00,42.358734130859375
srv-001,2017-06-16 21:00:00,38.708595275878906
srv-001,2017-06-16 22:00:00,38.731075286865234
srv-001,2017-06-16 23:00:00,36.946834564208984
srv-001,2017-06-17 00:00:00,38.6446533203125
srv-001,2017-06-17 01:00:00,40.277366638183594
srv-001,2017-06-17 02:00:00,38.69446563720703
srv-001,2017-06-17 03:00:00,40.52369689941406
srv-001,2017-06-17 04:00:00,40.307613372802734
srv-001,2017-06-17 05:00:00,41.68075942993164
srv-001,2017-06-17 06:00:00,38.34806823730469
srv-001,2017-06-17 07:00:00,40.48039627075195
srv-001,2017-06-17 08:00:00,44.842529296875
srv-001,2017-06-17 09:00:00,44.58979415893555
srv-001,2017-06-17 10:00:00,45.989105224609375
srv-001,2017-06-17 11:00:00,49.695465087890625
srv-001,2017-06-17 12:00:00,49.660125732421875
srv-001,2017-06-17 13:00:00,46.7198600769043
srv-001,2017-06-17 14:00:00,48.644287109375
srv-001,2017-06-17 15:00:00,45.56081008911133
srv-001,2017-06-17 16:00:00,44.849571228027344
srv-001,2017-06-17 17:00:00,43.56549072265625
srv-001,2017-06-17 18:00:00,45.69276428222656
srv-001,2017-06-17 19:00:00,45.580413818359375
srv-001,2017-06-17 20:00:00,43.736297607421875
srv-001,2017-06-17 21:00:00,44.52772521972656
srv-001,2017-06-17 22:00:00,38.22870635986328
srv-001,2017-06-17 23:00:00,39.14155197143555
srv-001,2017-06-18 00:00:00,37.16389465332031
srv-001,2017-06-18 01:00:00,38.33058166503906
srv-001,2017-06-18 02:00:00,41.30499267578125
srv-001,2017-06-18 03:00:00,42.40559768676758
srv-001,2017-06-18 04:00:00,43.11907196044922
srv-001,2017-06-18 05:00:00,44.99745178222656
srv-001,2017-06-18 06:00:00,44.7061767578125
srv-001,2017-06-18 07:00:00,45.202064514160156
srv-001,2017-06-18 08:00:00,46.9345703125
srv-001,2017-06-18 09:00:00,43.53113555908203
srv-001,2017-06-18 10:00:00,46.147666931152344
srv-001,2017-06-18 11:00:00,49.10337829589844
srv-001,2017-06-18 12:00:00,48.91440963745117
srv-001,2017-06-18 13:00:00,49.11555480957031
srv-001,2017-06-18 14:00:00,49.16815948486328
srv-001,2017-06-18 15:00:00,49.438331604003906
srv-001,2017-06-18 16:00:00,49.02171325683594
srv-001,2017-06-18 17:00:00,45.13809585571289
srv-001,2017-06-18 18:00:00,44.29744338989258
srv-001,2017-06-18 19:00:00,44.003684997558594
srv-001,2017-06-18 20:00:00,42.71752166748047
srv-001,2017-06-18 21:00:00,41.70475769042969
srv-001,2017-06-18 22:00:00,41.00110626220703
srv-001,2017-06-18 23:00:00,42.83759689331055
srv-001,2017-06-19 00:00:00,40.66917419433594
srv-001,2017-06-19 01:00:00,40.537750244140625
srv-001,2017-06-19 02:00:00,39.52489471435547
srv-001,2017-06-19 03:00:00,41.25672149658203
srv-001,2017-06-19 04:00:00,41.93776321411133
srv-001,2017-06-19 05:00:00,40.600746154785156
srv-001,2017-06-19 06:00:00,42.586524963378906
srv-001,2017-06-19 07:00:00,41.362762451171875
srv-001,2017-06-19 08:00:00,43.97106170654297
srv-001,2017-06-19 09:00:00,46.37651062011719
srv-001,2017-06-19 10:00:00,48.982994079589844
srv-001,2017-06-19 11:00:00,48.1308479309082
srv-001,2017-06-19 12:00:00,50.05439758300781
srv-001,2017-06-19 13:00:00,51.762516021728516
srv-001,2017-06-19 14:00:00,51.07319259643555
srv-001,2017-06-19 15:00:00,47.07814025878906
srv-001,2017-06-19 16:00:00,47.71962356567383
srv-001,2017-06-19 17:00:00,47.50590133666992
srv-001,2017-06-19 18:00:00,47.779930114746094
srv-001,2017-06-19 19:00:00,45.481040954589844
srv-001,2017-06-19 20:00:00,39.942413330078125
srv-001,2017-06-19 21:00:00,43.14257049560547
srv-001,2017-06-19 22:00:00,43.18401336669922
srv-001,2017-06-19 23:00:00,45.117923736572266
srv-001,2017-06-20 00:00:00,45.252986907958984
srv-001,2017-06-20 01:00:00,49.2890625
srv-001,2017-06-20 02:00:00,46.34388732910156
srv-001,2017-06-20 03:00:00,49.410423278808594
srv-001,2017-06-20 04:00:00,49.90971374511719
srv-001,2017-06-20 05:00:00,51.997032165527344
srv-001,2017-06-20 06:00:00,51.98822021484375
srv-001,2017-06-20 07:00:00,54.763084411621094
srv-001,2017-06-20 08:00:00,55.67845153808594
srv-001,2017-06-20 09:00:00,52.09808349609375
srv-001,2017-06-20 10:00:00,55.80253219604492
srv-001,2017-06-20 11:00:00,55.445613861083984
srv-001,2017-06-20 12:00:00,56.59408187866211
srv-001,2017-06-20 13:00:00,57.21684265136719
srv-001,2017-06-20 14:00:00,55.68054962158203
srv-001,2017-06-20 15:00:00,56.40790939331055
srv-001,2017-06-20 16:00:00,54.97551727294922
srv-001,2017-06-20 17:00:00,53.67282485961914
srv-001,2017-06-20 18:00:00,53.53227233886719
srv-001,2017-06-20 19:00:00,50.35918426513672
srv-001,2017-06-20 20:00:00,50.22590637207031
srv-001,2017-06-20 21:00:00,52.9159049987793
srv-001,2017-06-20 22:00:00,53.98369598388672
srv-001,2017-06-20 23:00:00,52.69397735595703
srv-001,2017-06-21 00:00:00,53.26996612548828
srv-001,2017-06-21 01:00:00,53.70243835449219
srv-001,2017-06-21 02:00:00,55.90802764892578
srv-001,2017-06-21 03:00:00,54.66216278076172
srv-001,2017-06-21 04:00:00,54.86199951171875
srv-001,2017-06-21 05:00:00,57.404197692871094
srv-001,2017-06-21 06:00:00,54.72690200805664
srv-001,2017-06-21 07:00:00,57.974735260009766
srv-001,2017-06-21 08:00:00,55.94749450683594
srv-001,2017-06-21 09:00:00,59.02827453613281
srv-001,2017-06-21 10:00:00,58.16584777832031
srv-001,2017-06-21 11:00:00,58.259117126464844
srv-001,2017-06-21 12:00:00,55.12556838989258
srv-001,2017-06-21 13:00:00,54.825721740722656
srv-001,2017-06-21 14:00:00,55.21505355834961
srv-001,2017-06-21 15:00:00,54.364925384521484
srv-001,2017-06-21 16:00:00,55.403236389160156
srv-001,2017-06-21 17:00:00,56.687049865722656
srv-001,2017-06-21 18:00:00,56.06718444824219
srv-001,2017-06-21 19:00:00,55.90721893310547
srv-001,2017-06-21 20:00:00,52.02982711791992
srv-001,2017-06-21 21:00:00,52.07631301879883
srv-001,2017-06-21 22:00:00,53.916748046875
srv-001,2017-06-21 23:00:00,52.3495979309082
srv-001,2017-06-22 00:00:00,54.84965515136719
srv-001,2017-06-22 01:00:00,54.50676345825195
srv-001,2017-06-22 02:00:00,53.74845886230469
srv-001,2017-06-22 03:00:00,55.388946533203125
srv-001,2017-06-22 04:00:00,56.73942947387695
srv-001,2017-06-22 05:00:00,55.3797607421875
srv-001,2017-06-22 06:00:00,53.92134094238281
srv-001,2017-06-22 07:00:00,53.102848052978516
srv-001,2017-06-22 08:00:00,55.16395568847656
srv-001,2017-06-22 09:00:00,56.380531311035156
srv-001,2017-06-22 10:00:00,56.050132751464844
srv-001,2017-06-22 11:00:00,57.36992645263672
srv-001,2017-06-22 12:00:00,59.38706588745117
srv-001,2017-06-22 13:00:00,57.51854705810547
srv-001,2017-06-22 14:00:00,56.089149475097656
srv-001,2017-06-22 15:00:00,51.800506591796875
srv-001,2017-06-22 16:00:00,49.14873123168945
srv-001,2017-06-22 17:00:00,50.499427795410156
srv-001,2017-06-22 18:00:00,50.49182891845703
srv-001,2017-06-22 19:00:00,50.04148864746094
srv-001,2017-06-22 20:00:00,49.746734619140625
srv-001,2017-06-22 21:00:00,48.914703369140625
srv-001,2017-06-22 22:00:00,49.18612289428711
srv-001,2017-06-22 23:00:00,48.318092346191406
srv-001,2017-06-23 00:00:00,46.529876708984375
srv-001,2017-06-23 01:00:00,48.85318374633789
srv-001,2017-06-23 02:00:00,48.10942077636719
srv-001,2017-06-23 03:00:00,48.62053298950195
srv-001,2017-06-23 04:00:00,47.348487854003906
srv-001,2017-06-23 05:00:00,45.90269470214844
srv-001,2017-06-23 06:00:00,47.073402404785156
srv-001,2017-06-23 07:00:00,46.75635528564453
srv-001,2017-06-23 08:00:00,49.364784240722656
srv-001,2017-06-23 09:00:00,48.033416748046875
srv-001,2017-06-23 10:00:00,43.52992248535156
srv-001,2017-06-23 11:00:00,45.60969543457031
srv-001,2017-06-23 12:00:00,48.997802734375
srv-001,2017-06-23 13:00:00,47.544952392578125
srv-001,2017-06-23 14:00:00,47.46257400512695
srv-001,2017-06-23 15:00:00,48.462730407714844
srv-001,2017-06-23 16:00:00,46.45387649536133
srv-001,2017-06-23 17:00:00,42.25838851928711
srv-001,2017-06-23 18:00:00,42.54277801513672
srv-001,2017-06-23 19:00:00,40.83504104614258
srv-001,2017-06-23 20:00:00,39.748443603515625
srv-001,2017-06-23 21:00:00,40.632869720458984
srv-001,2017-06-23 22:00:00,40.333824157714844
srv-001,2017-06-23 23:00:00,40.74388885498047
srv-001,2017-06-24 00:00:00,40.75505447387695
srv-001,2017-06-24 01:00:00,43.975833892822266
srv-001,2017-06-24 02:00:00,44.01274490356445
srv-001,2017-06-24 03:00:00,43.866146087646484
srv-001,2017-06-24 04:00:00,42.28272247314453
srv-001,2017-06-24 05:00:00,41.93574523925781
srv-001,2017-06-24 06:00:00,42.088890075683594
srv-001,2017-06-24 07:00:00,41.892791748046875
srv-001,2017-06-24 08:00:00,44.712066650390625
srv-001,2017-06-24 09:00:00,47.403602600097656
srv-001,2017-06-24 10:00:00,46.00492477416992
srv-001,2017-06-24 11:00:00,46.32622146606445
srv-001,2017-06-24 12:00:00,45.38650894165039
srv-001,2017-06-24 13:00:00,46.087860107421875
srv-001,2017-06-24 14:00:00,47.40225601196289
srv-001,2017-06-24 15:00:00,49.252601623535156
srv-001,2017-06-24 16:00:00,42.60494613647461
srv-001,2017-06-24 17:00:00,41.069862365722656
srv-001,2017-06-24 18:00:00,42.536563873291016
srv-001,2017-06-24 19:00:00,45.18046951293945
srv-001,2017-06-24 20:00:00,41.08677673339844
srv-001,2017-06-24 21:00:00,39.04987335205078
srv-001,2017-06-24 22:00:00,38.75328063964844
srv-001,2017-06-24 23:00:00,40.76350784301758
srv-001,2017-06-25 00:00:00,39.712730407714844
srv-001,2017-06-25 01:00:00,39.91305160522461
srv-001,2017-06-25 02:00:00,39.691627502441406
srv-001,2017-06-25 03:00:00,42.85350036621094
srv-001,2017-06-25 04:00:00,41.15151596069336
srv-001,2017-06-25 05:00:00,48.455413818359375
srv-001,2017-06-25 06:00:00,45.373809814453125
srv-001,2017-06-25 07:00:00,42.87947082519531
srv-001,2017-06-25 08:00:00,43.29003143310547
srv-001,2017-06-25 09:00:00,45.55496597290039
srv-001,2017-06-25 10:00:00,46.511558532714844
srv-001,2017-06-25 11:00:00,43.8253173828125
srv-001,2017-06-25 12:00:00,43.785892486572266
srv-001,2017-06-25 13:00:00,46.348960876464844
srv-001,2017-06-25 14:00:00,45.388221740722656
srv-001,2017-06-25 15:00:00,45.506378173828125
srv-001,2017-06-25 16:00:00,44.111328125
srv-001,2017-06-25 17:00:00,43.98552703857422
srv-001,2017-06-25 18:00:00,41.30381774902344
srv-001,2017-06-25 19:00:00,39.10613250732422
srv-001,2017-06-25 20:00:00,40.75848388671875
srv-001,2017-06-25 21:00:00,41.811885833740234
srv-001,2017-06-25 22:00:00,43.11324691772461
srv-001,2017-06-25 23:00:00,40.622406005859375
srv-001,2017-06-26 00:00:00,39.88432312011719
srv-001,2017-06-26 01:00:00,41.85577392578125
srv-001,2017-06-26 02:00:00,41.6639404296875
srv-001,2017-06-26 03:00:00,41.0967903137207
srv-001,2017-06-26 04:00:00,40.6955680847168
srv-001,2017-06-26 05:00:00,38.59928894042969
srv-001,2017-06-26 06:00:00,42.385894775390625
srv-001,2017-06-26 07:00:00,42.42376708984375
srv-001,2017-06-26 08:00:00,44.9852180480957
srv-001,2017-06-26 09:00:00,43.121620178222656
srv-001,2017-06-26 10:00:00,41.71765899658203
srv-001,2017-06-26 11:00:00,46.415077209472656
srv-001,2017-06-26 12:00:00,47.195587158203125
srv-001,2017-06-26 13:00:00,50.5601806640625
srv-001,2017-06-26 14:00:00,49.30883026123047
srv-001,2017-06-26 15:00:00,54.02985382080078
srv-001,2017-06-26 16:00:00,46.54526138305664
srv-001,2017-06-26 17:00:00,46.4654541015625
srv-001,2017-06-26 18:00:00,47.16524887084961
srv-001,2017-06-26 19:00:00,47.60003662109375
srv-001,2017-06-26 20:00:00,44.80107116699219
srv-001,2017-06-26 21:00:00,45.46269226074219
srv-001,2017-06-26 22:00:00,48.83401107788086
srv-001,2017-06-26 23:00:00,49.45350646972656
srv-001,2017-06-27 00:00:00,49.65760803222656
srv-001,2017-06-27 01:00:00,50.527137756347656
srv-001,2017-06-27 02:00:00,50.67986297607422
srv-001,2017-06-27 03:00:00,50.450843811035156
srv-001,2017-06-27 04:00:00,49.16106414794922
srv-001,2017-06-27 05:00:00,49.827117919921875
srv-001,2017-06-27 06:00:00,52.18137741088867
srv-001,2017-06-27 07:00:00,49.16321563720703
srv-001,2017-06-27 08:00:00,52.57363510131836
srv-001,2017-06-27 09:00:00,53.28917694091797
srv-001,2017-06-27 10:00:00,53.39887237548828
srv-001,2017-06-27 11:00:00,56.282920837402344
srv-001,2017-06-27 12:00:00,55.61488342285156
srv-001,2017-06-27 13:00:00,56.84722137451172
srv-001,2017-06-27 14:00:00,55.97683334350586
srv-001,2017-06-27 15:00:00,56.58103942871094
srv-001,2017-06-27 16:00:00,55.7766227722168
srv-001,2017-06-27 17:00:00,56.68244552612305
srv-001,2017-06-27 18:00:00,50.96189498901367
srv-001,2017-06-27 19:00:00,50.33351516723633
srv-001,2017-06-27 20:00:00,51.371437072753906
srv-001,2017-06-27 21:00:00,52.64068603515625
srv-001,2017-06-27 22:00:00,50.808616638183594
srv-001,2017-06-27 23:00:00,49.972198486328125
srv-001,2017-06-28 00:00:00,49.95387268066406
srv-001,2017-06-28 01:00:00,48.432708740234375
srv-001,2017-06-28 02:00:00,50.97801971435547
srv-001,2017-06-28 03:00:00,50.94478225708008
srv-001,2017-06-28 04:00:00,50.7690315246582
srv-001,2017-06-28 05:00:00,52.71912384033203
srv-001,2017-06-28 06:00:00,54.502464294433594
srv-001,2017-06-28 07:00:00,58.978614807128906
srv-001,2017-06-28 08:00:00,57.38592529296875
srv-001,2017-06-28 09:00:00,59.984031677246094
srv-001,2017-06-28 10:00:00,60.547637939453125
srv-001,2017-06-28 11:00:00,59.75746154785156
srv-001,2017-06-28 12:00:00,59.00289535522461
srv-001,2017-06-28 13:00:00,56.98571014404297
srv-001,2017-06-28 14:00:00,57.74047088623047
srv-001,2017-06-28 15:00:00,59.595985412597656
srv-001,2017-06-28 16:00:00,58.482093811035156
srv-001,2017-06-28 17:00:00,57.634864807128906
srv-001,2017-06-28 18:00:00,54.84205627441406
srv-001,2017-06-28 19:00:00,51.141510009765625
srv-001,2017-06-28 20:00:00,50.6512451171875
srv-001,2017-06-28 21:00:00,53.06639099121094
srv-001,2017-06-28 22:00:00,50.10332489013672
srv-001,2017-06-28 23:00:00,50.04039001464844
srv-001,2017-06-29 00:00:00,50.597373962402344
srv-001,2017-06-29 01:00:00,50.265625
srv-001,2017-06-29 02:00:00,50.50852966308594
srv-001,2017-06-29 03:00:00,51.075965881347656
srv-001,2017-06-29 04:00:00,51.72936248779297
srv-001,2017-06-29 05:00:00,52.145751953125
srv-001,2017-06-29 06:00:00,54.56684112548828
srv-001,2017-06-29 07:00:00,53.26062774658203
srv-001,2017-06-29 08:00:00,53.1917724609375
srv-001,2017-06-29 09:00:00,53.480308532714844
srv-001,2017-06-29 10:00:00,56.08070755004883
srv-001,2017-06-29 11:00:00,56.688331604003906
srv-001,2017-06-29 12:00:00,55.135986328125
srv-001,2017-06-29 13:00:00,55.191551208496094
srv-001,2017-06-29 14:00:00,52.17071533203125
srv-001,2017-06-29 15:00:00,53.82233428955078
srv-001,2017-06-29 16:00:00,53.51830291748047
srv-001,2017-06-29 17:00:00,51.69975662231445
srv-001,2017-06-29 18:00:00,52.787933349609375
srv-001,2017-06-29 19:00:00,48.971622467041016
srv-001,2017-06-29 20:00:00,50.003658294677734
srv-001,2017-06-29 21:00:00,49.41945266723633
srv-001,2017-06-29 22:00:00,46.74219512939453
srv-001,2017-06-29 23:00:00,46.318824768066406
srv-001,2017-06-30 00:00:00,45.298606872558594
srv-001,2017-06-30 01:00:00,48.033721923828125
srv-001,2017-06-30 02:00:00,44.70146560668945
srv-001,2017-06-30 03:00:00,43.5572624206543
srv-001,2017-06-30 04:00:00,47.34480285644531
srv-001,2017-06-30 05:00:00,45.525447845458984
srv-001,2017-06-30 06:00:00,46.76499938964844
srv-001,2017-06-30 07:00:00,49.76105499267578
srv-001,2017-06-30 08:00:00,49.39606475830078
srv-001,2017-06-30 09:00:00,49.95349884033203
srv-001,2017-06-30 10:00:00,48.699920654296875
srv-001,2017-06-30 11:00:00,51.24494552612305
srv-001,2017-06-30 12:00:00,51.79200744628906
srv-001,2017-06-30 13:00:00,50.489280700683594
srv-001,2017-06-30 14:00:00,48.75027084350586
srv-001,2017-06-30 15:00:00,45.371551513671875
srv-001,2017-06-30 16:00:00,46.53929138183594
srv-001,2017-06-30 17:00:00,42.109840393066406
srv-001,2017-06-30 18:00:00,42.123958587646484
srv-001,2017-06-30 19:00:00,43.7851676940918
srv-001,2017-06-30 20:00:00,42.435401916503906
srv-001,2017-06-30 21:00:00,45.184776306152344
srv-001,2017-06-30 22:00:00,44.205108642578125
srv-001,2017-06-30 23:00:00,41.85026550292969
srv-002,2017-06-01 23:00:00,62.65934753417969
srv-002,2017-06-02 00:00:00,68.8599624633789
srv-002,2017-06-02 01:00:00,70.04488372802734
srv-002,2017-06-02 02:00:00,70.9090347290039
srv-002,2017-06-02 03:00:00,72.4756851196289
srv-002,2017-06-02 04:00:00,69.21334075927734
srv-002,2017-06-02 05:00:00,73.4870834350586
srv-002,2017-06-02 06:00:00,72.61388397216797
srv-002,2017-06-02 07:00:00,68.40033721923828
srv-002,2017-06-02 08:00:00,70.51294708251953
srv-002,2017-06-02 09:00:00,70.3031997680664
srv-002,2017-06-02 10:00:00,77.04265594482422
srv-002,2017-06-02 11:00:00,78.1461410522461
srv-002,2017-06-02 12:00:00,76.7336654663086
srv-002,2017-06-02 13:00:00,76.70252990722656
srv-002,2017-06-02 14:00:00,73.05790710449219
srv-002,2017-06-02 15:00:00,73.2065200805664
srv-002,2017-06-02 16:00:00,72.69542694091797
srv-002,2017-06-02 17:00:00,69.75988006591797
srv-002,2017-06-02 18:00:00,69.0942153930664
srv-002,2017-06-02 19:00:00,67.21973419189453
srv-002,2017-06-02 20:00:00,68.5356216430664
srv-002,2017-06-02 21:00:00,65.33885955810547
srv-002,2017-06-02 22:00:00,65.2677230834961
srv-002,2017-06-02 23:00:00,63.415740966796875
srv-002,2017-06-03 00:00:00,68.47220611572266
srv-002,2017-06-03 01:00:00,68.6272964477539
srv-002,2017-06-03 02:00:00,68.78876495361328
srv-002,2017-06-03 03:00:00,67.19403839111328
srv-002,2017-06-03 04:00:00,68.74317169189453
srv-002,2017-06-03 05:00:00,68.2682876586914
srv-002,2017-06-03 06:00:00,67.43565368652344
srv-002,2017-06-03 07:00:00,69.93965911865234
srv-002,2017-06-03 08:00:00,73.44983673095703
srv-002,2017-06-03 09:00:00,73.04788970947266
srv-002,2017-06-03 10:00:00,73.59711456298828
srv-002,2017-06-03 11:00:00,75.63472747802734
srv-002,2017-06-03 12:00:00,76.23365783691406
srv-002,2017-06-03 13:00:00,78.6904296875
srv-002,2017-06-03 14:00:00,79.36561584472656
srv-002,2017-06-03 15:00:00,77.90894317626953
srv-002,2017-06-03 16:00:00,75.32722473144531
srv-002,2017-06-03 17:00:00,75.93856048583984
srv-002,2017-06-03 18:00:00,72.11206817626953
srv-002,2017-06-03 19:00:00,69.37763214111328
srv-002,2017-06-03 20:00:00,66.81653594970703
srv-002,2017-06-03 21:00:00,67.58944702148438
srv-002,2017-06-03 22:00:00,63.69171142578125
srv-002,2017-06-03 23:00:00,66.06908416748047
srv-002,2017-06-04 00:00:00,63.559104919433594
srv-002,2017-06-04 01:00:00,65.04138946533203
srv-002,2017-06-04 02:00:00,65.18415832519531
srv-002,2017-06-04 03:00:00,69.19256591796875
srv-002,2017-06-04 04:00:00,68.99236297607422
srv-002,2017-06-04 05:00:00,71.04669189453125
srv-002,2017-06-04 06:00:00,69.39867401123047
srv-002,2017-06-04 07:00:00,71.61199951171875
srv-002,2017-06-04 08:00:00,75.41242218017578
srv-002,2017-06-04 09:00:00,75.36924743652344
srv-002,2017-06-04 10:00:00,77.03986358642578
srv-002,2017-06-04 11:00:00,74.15802764892578
srv-002,2017-06-04 12:00:00,73.4883804321289
srv-002,2017-06-04 13:00:00,77.2915267944336
srv-002,2017-06-04 14:00:00,77.02438354492188
srv-002,2017-06-04 15:00:00,74.92711639404297
srv-002,2017-06-04 16:00:00,75.90142059326172
srv-002,2017-06-04 17:00:00,71.34711456298828
srv-002,2017-06-04 18:00:00,71.06218719482422
srv-002,2017-06-04 19:00:00,68.68700408935547
srv-002,2017-06-04 20:00:00,68.15083312988281
srv-002,2017-06-04 21:00:00,66.52873992919922
srv-002,2017-06-04 22:00:00,64.73750305175781
srv-002,2017-06-04 23:00:00,63.78053283691406
srv-002,2017-06-05 00:00:00,64.7322006225586
srv-002,2017-06-05 01:00:00,69.82672119140625
srv-002,2017-06-05 02:00:00,63.82429504394531
srv-002,2017-06-05 03:00:00,65.39163208007812
srv-002,2017-06-05 04:00:00,65.96700286865234
srv-002,2017-06-05 05:00:00,65.47826385498047
srv-002,2017-06-05 06:00:00,65.09690856933594
srv-002,2017-06-05 07:00:00,67.7104263305664
srv-002,2017-06-05 08:00:00,72.02757263183594
srv-002,2017-06-05 09:00:00,70.13672637939453
srv-002,2017-06-05 10:00:00,75.43388366699219
srv-002,2017-06-05 11:00:00,74.66692352294922
srv-002,2017-06-05 12:00:00,75.60691833496094
srv-002,2017-06-05 13:00:00,76.2111587524414
srv-002,2017-06-05 14:00:00,76.02667236328125
srv-002,2017-06-05 15:00:00,78.1857681274414
srv-002,2017-06-05 16:00:00,78.21937561035156
srv-002,2017-06-05 17:00:00,76.43656158447266
srv-002,2017-06-05 18:00:00,75.75999450683594
srv-002,2017-06-05 19:00:00,76.5270767211914
srv-002,2017-06-05 20:00:00,75.19648742675781
srv-002,2017-06-05 21:00:00,74.84747314453125
srv-002,2017-06-05 22:00:00,71.92948150634766
srv-002,2017-06-05 23:00:00,74.48661041259766
srv-002,2017-06-06 00:00:00,72.92061614990234
srv-002,2017-06-06 01:00:00,74.32134246826172
srv-002,2017-06-06 02:00:00,74.48625183105469
srv-002,2017-06-06 03:00:00,76.44954681396484
srv-002,2017-06-06 04:00:00,74.8853530883789
srv-002,2017-06-06 05:00:00,76.27971649169922
srv-002,2017-06-06 06:00:00,75.71964263916016
srv-002,2017-06-06 07:00:00,75.3460464477539
srv-002,2017-06-06 08:00:00,82.02891540527344
srv-002,2017-06-06 09:00:00,79.82971954345703
srv-002,2017-06-06 10:00:00,86.2415542602539
srv-002,2017-06-06 11:00:00,87.60343933105469
srv-002,2017-06-06 12:00:00,89.41465759277344
srv-002,2017-06-06 13:00:00,90.54907989501953
srv-002,2017-06-06 14:00:00,92.03870391845703
srv-002,2017-06-06 15:00:00,91.9269790649414
srv-002,2017-06-06 16:00:00,90.98853302001953
srv-002,2017-06-06 17:00:00,89.0553207397461
srv-002,2017-06-06 18:00:00,89.65328216552734
srv-002,2017-06-06 19:00:00,87.46647644042969
srv-002,2017-06-06 20:00:00,82.59693145751953
srv-002,2017-06-06 21:00:00,83.02152252197266
srv-002,2017-06-06 22:00:00,79.1423110961914
srv-002,2017-06-06 23:00:00,81.74781799316406
srv-002,2017-06-07 00:00:00,79.85923767089844
srv-002,2017-06-07 01:00:00,82.35523223876953
srv-002,2017-06-07 02:00:00,81.68624114990234
srv-002,2017-06-07 03:00:00,83.64745330810547
srv-002,2017-06-07 04:00:00,83.86444854736328
srv-002,2017-06-07 05:00:00,84.556640625
srv-002,2017-06-07 06:00:00,84.042724609375
srv-002,2017-06-07 07:00:00,85.32740020751953
srv-002,2017-06-07 08:00:00,90.09732818603516
srv-002,2017-06-07 09:00:00,90.65799713134766
srv-002,2017-06-07 10:00:00,89.36264038085938
srv-002,2017-06-07 11:00:00,91.2667007446289
srv-002,2017-06-07 12:00:00,92.83300018310547
srv-002,2017-06-07 13:00:00,94.05491638183594
srv-002,2017-06-07 14:00:00,94.4816665649414
srv-002,2017-06-07 15:00:00,94.14537811279297
srv-002,2017-06-07 16:00:00,92.5374984741211
srv-002,2017-06-07 17:00:00,90.67765808105469
srv-002,2017-06-07 18:00:00,88.43072509765625
srv-002,2017-06-07 19:00:00,85.0008773803711
srv-002,2017-06-07 20:00:00,83.6437759399414
srv-002,2017-06-07 21:00:00,85.12527465820312
srv-002,2017-06-07 22:00:00,83.37537384033203
srv-002,2017-06-07 23:00:00,82.89929962158203
srv-002,2017-06-08 00:00:00,82.57219696044922
srv-002,2017-06-08 01:00:00,82.17572784423828
srv-002,2017-06-08 02:00:00,82.32164001464844
srv-002,2017-06-08 03:00:00,83.39672088623047
srv-002,2017-06-08 04:00:00,82.97577667236328
srv-002,2017-06-08 05:00:00,80.51811981201172
srv-002,2017-06-08 06:00:00,82.03873443603516
srv-002,2017-06-08 07:00:00,80.6130599975586
srv-002,2017-06-08 08:00:00,86.60621643066406
srv-002,2017-06-08 09:00:00,86.50737762451172
srv-002,2017-06-08 10:00:00,87.30474090576172
srv-002,2017-06-08 11:00:00,89.0858383178711
srv-002,2017-06-08 12:00:00,86.9981689453125
srv-002,2017-06-08 13:00:00,89.24897003173828
srv-002,2017-06-08 14:00:00,90.20972442626953
srv-002,2017-06-08 15:00:00,91.0771255493164
srv-002,2017-06-08 16:00:00,90.34368133544922
srv-002,2017-06-08 17:00:00,84.02222442626953
srv-002,2017-06-08 18:00:00,84.73353576660156
srv-002,2017-06-08 19:00:00,84.39268493652344
srv-002,2017-06-08 20:00:00,78.03241729736328
srv-002,2017-06-08 21:00:00,78.89374542236328
srv-002,2017-06-08 22:00:00,75.24864959716797
srv-002,2017-06-08 23:00:00,76.09228515625
srv-002,2017-06-09 00:00:00,71.2712631225586
srv-002,2017-06-09 01:00:00,74.7037353515625
srv-002,2017-06-09 02:00:00,72.75895690917969
srv-002,2017-06-09 03:00:00,75.12735748291016
srv-002,2017-06-09 04:00:00,73.06263732910156
srv-002,2017-06-09 05:00:00,74.42947387695312
srv-002,2017-06-09 06:00:00,69.93476104736328
srv-002,2017-06-09 07:00:00,71.95670318603516
srv-002,2017-06-09 08:00:00,77.24018096923828
srv-002,2017-06-09 09:00:00,74.2892837524414
srv-002,2017-06-09 10:00:00,74.59308624267578
srv-002,2017-06-09 11:00:00,76.87364959716797
srv-002,2017-06-09 12:00:00,77.43160247802734
srv-002,2017-06-09 13:00:00,76.34925079345703
srv-002,2017-06-09 14:00:00,74.88146209716797
srv-002,2017-06-09 15:00:00,76.35669708251953
srv-002,2017-06-09 16:00:00,75.1333999633789
srv-002,2017-06-09 17:00:00,75.35342407226562
srv-002,2017-06-09 18:00:00,70.55614471435547
srv-002,2017-06-09 19:00:00,69.9678955078125
srv-002,2017-06-09 20:00:00,68.85518646240234
srv-002,2017-06-09 21:00:00,65.57789611816406
srv-002,2017-06-09 22:00:00,63.33020782470703
srv-002,2017-06-09 23:00:00,62.24275588989258
srv-002,2017-06-10 00:00:00,64.5813217163086
srv-002,2017-06-10 01:00:00,66.17060852050781
srv-002,2017-06-10 02:00:00,67.8716812133789
srv-002,2017-06-10 03:00:00,68.4045639038086
srv-002,2017-06-10 04:00:00,65.72634887695312
srv-002,2017-06-10 05:00:00,66.03087615966797
srv-002,2017-06-10 06:00:00,68.65153503417969
srv-002,2017-06-10 07:00:00,67.32157897949219
srv-002,2017-06-10 08:00:00,71.58838653564453
srv-002,2017-06-10 09:00:00,68.25149536132812
srv-002,2017-06-10 10:00:00,72.36865997314453
srv-002,2017-06-10 11:00:00,72.1667709350586
srv-002,2017-06-10 12:00:00,73.60538482666016
srv-002,2017-06-10 13:00:00,76.34667205810547
srv-002,2017-06-10 14:00:00,78.33138275146484
srv-002,2017-06-10 15:00:00,77.96495056152344
srv-002,2017-06-10 16:00:00,76.8010482788086
srv-002,2017-06-10 17:00:00,76.27912139892578
srv-002,2017-06-10 18:00:00,74.67322540283203
srv-002,2017-06-10 19:00:00,71.12744140625
srv-002,2017-06-10 20:00:00,69.2445297241211
srv-002,2017-06-10 21:00:00,66.93633270263672
srv-002,2017-06-10 22:00:00,65.2207260131836
srv-002,2017-06-10 23:00:00,65.0408706665039
srv-002,2017-06-11 00:00:00,62.88914489746094
srv-002,2017-06-11 01:00:00,62.736534118652344
srv-002,2017-06-11 02:00:00,62.96446228027344
srv-002,2017-06-11 03:00:00,65.64698028564453
srv-002,2017-06-11 04:00:00,66.45486450195312
srv-002,2017-06-11 05:00:00,66.8465805053711
srv-002,2017-06-11 06:00:00,66.46742248535156
srv-002,2017-06-11 07:00:00,66.05656433105469
srv-002,2017-06-11 08:00:00,72.97917175292969
srv-002,2017-06-11 09:00:00,72.10388946533203
srv-002,2017-06-11 10:00:00,75.58800506591797
srv-002,2017-06-11 11:00:00,76.42511749267578
srv-002,2017-06-11 12:00:00,77.15933227539062
srv-002,2017-06-11 13:00:00,75.48362731933594
srv-002,2017-06-11 14:00:00,76.1625747680664
srv-002,2017-06-11 15:00:00,76.93376159667969
srv-002,2017-06-11 16:00:00,71.63996124267578
srv-002,2017-06-11 17:00:00,71.1702651977539
srv-002,2017-06-11 18:00:00,67.99115753173828
srv-002,2017-06-11 19:00:00,65.85263061523438
srv-002,2017-06-11 20:00:00,64.16747283935547
srv-002,2017-06-11 21:00:00,67.45043182373047
srv-002,2017-06-11 22:00:00,65.2077407836914
srv-002,2017-06-11 23:00:00,64.8770980834961
srv-002,2017-06-12 00:00:00,64.88153839111328
srv-002,2017-06-12 01:00:00,62.40564727783203
srv-002,2017-06-12 02:00:00,66.0132827758789
srv-002,2017-06-12 03:00:00,73.16342163085938
srv-002,2017-06-12 04:00:00,71.65263366699219
srv-002,2017-06-12 05:00:00,69.87885284423828
srv-002,2017-06-12 06:00:00,71.81717681884766
srv-002,2017-06-12 07:00:00,70.5267562866211
srv-002,2017-06-12 08:00:00,72.90133666992188
srv-002,2017-06-12 09:00:00,70.1898422241211
srv-002,2017-06-12 10:00:00,73.89259338378906
srv-002,2017-06-12 11:00:00,74.42135620117188
srv-002,2017-06-12 12:00:00,80.03011322021484
srv-002,2017-06-12 13:00:00,77.70429229736328
srv-002,2017-06-12 14:00:00,79.76856231689453
srv-002,2017-06-12 15:00:00,79.8168716430664
srv-002,2017-06-12 16:00:00,76.7822494506836
srv-002,2017-06-12 17:00:00,77.44354248046875
srv-002,2017-06-12 18:00:00,78.4816665649414
srv-002,2017-06-12 19:00:00,73.20382690429688
srv-002,2017-06-12 20:00:00,74.65494537353516
srv-002,2017-06-12 21:00:00,71.97928619384766
srv-002,2017-06-12 22:00:00,70.96226501464844
srv-002,2017-06-12 23:00:00,74.50519561767578
srv-002,2017-06-13 00:00:00,71.14794158935547
srv-002,2017-06-13 01:00:00,72.93647003173828
srv-002,2017-06-13 02:00:00,74.7777328491211
srv-002,2017-06-13 03:00:00,74.8495101928711
srv-002,2017-06-13 04:00:00,76.68242645263672
srv-002,2017-06-13 05:00:00,76.11035919189453
srv-002,2017-06-13 06:00:00,79.61368560791016
srv-002,2017-06-13 07:00:00,78.68352508544922
srv-002,2017-06-13 08:00:00,82.1393814086914
srv-002,2017-06-13 09:00:00,81.51322174072266
srv-002,2017-06-13 10:00:00,84.59021759033203
srv-002,2017-06-13 11:00:00,85.06268310546875
srv-002,2017-06-13 12:00:00,88.37354278564453
srv-002,2017-06-13 13:00:00,88.9356918334961
srv-002,2017-06-13 14:00:00,89.48894500732422
srv-002,2017-06-13 15:00:00,89.92378997802734
srv-002,2017-06-13 16:00:00,89.31964874267578
srv-002,2017-06-13 17:00:00,85.78890228271484
srv-002,2017-06-13 18:00:00,85.5057144165039
srv-002,2017-06-13 19:00:00,80.47628021240234
srv-002,2017-06-13 20:00:00,81.07986450195312
srv-002,2017-06-13 21:00:00,84.19660186767578
srv-002,2017-06-13 22:00:00,81.25566864013672
srv-002,2017-06-13 23:00:00,82.2903823852539
srv-002,2017-06-14 00:00:00,82.03801727294922
srv-002,2017-06-14 01:00:00,81.70394897460938
srv-002,2017-06-14 02:00:00,83.9950180053711
srv-002,2017-06-14 03:00:00,83.45703125
srv-002,2017-06-14 04:00:00,84.0227279663086
srv-002,2017-06-14 05:00:00,85.28533172607422
srv-002,2017-06-14 06:00:00,84.86002349853516
srv-002,2017-06-14 07:00:00,86.19791412353516
srv-002,2017-06-14 08:00:00,89.05294799804688
srv-002,2017-06-14 09:00:00,89.2254409790039
srv-002,2017-06-14 10:00:00,88.5057144165039
srv-002,2017-06-14 11:00:00,90.70468139648438
srv-002,2017-06-14 12:00:00,92.32778930664062
srv-002,2017-06-14 13:00:00,93.16072082519531
srv-002,2017-06-14 14:00:00,92.05462646484375
srv-002,2017-06-14 15:00:00,92.68574523925781
srv-002,2017-06-14 16:00:00,92.79302978515625
srv-002,2017-06-14 17:00:00,91.53703308105469
srv-002,2017-06-14 18:00:00,89.24014282226562
srv-002,2017-06-14 19:00:00,89.19347381591797
srv-002,2017-06-14 20:00:00,85.73177337646484
srv-002,2017-06-14 21:00:00,84.13214874267578
srv-002,2017-06-14 22:00:00,83.32317352294922
srv-002,2017-06-14 23:00:00,83.54979705810547
srv-002,2017-06-15 00:00:00,81.3542251586914
srv-002,2017-06-15 01:00:00,81.8369369506836
srv-002,2017-06-15 02:00:00,80.6357650756836
srv-002,2017-06-15 03:00:00,82.30306243896484
srv-002,2017-06-15 04:00:00,84.28697967529297
srv-002,2017-06-15 05:00:00,83.8689956665039
srv-002,2017-06-15 06:00:00,84.66203308105469
srv-002,2017-06-15 07:00:00,85.10364532470703
srv-002,2017-06-15 08:00:00,89.3237075805664
srv-002,2017-06-15 09:00:00,87.07647705078125
srv-002,2017-06-15 10:00:00,87.37784576416016
srv-002,2017-06-15 11:00:00,87.98755645751953
srv-002,2017-06-15 12:00:00,88.33731842041016
srv-002,2017-06-15 13:00:00,90.94161224365234
srv-002,2017-06-15 14:00:00,90.52285766601562
srv-002,2017-06-15 15:00:00,88.72673034667969
srv-002,2017-06-15 16:00:00,83.12316131591797
srv-002,2017-06-15 17:00:00,84.76193237304688
srv-002,2017-06-15 18:00:00,81.2416000366211
srv-002,2017-06-15 19:00:00,81.13391876220703
srv-002,2017-06-15 20:00:00,77.44452667236328
srv-002,2017-06-15 21:00:00,76.5433578491211
srv-002,2017-06-15 22:00:00,75.58158111572266
srv-002,2017-06-15 23:00:00,75.26274108886719
srv-002,2017-06-16 00:00:00,74.29846954345703
srv-002,2017-06-16 01:00:00,75.33080291748047
srv-002,2017-06-16 02:00:00,75.62513732910156
srv-002,2017-06-16 03:00:00,73.71868896484375
srv-002,2017-06-16 04:00:00,74.76309204101562
srv-002,2017-06-16 05:00:00,72.61478424072266
srv-002,2017-06-16 06:00:00,71.10911560058594
srv-002,2017-06-16 07:00:00,73.75654602050781
srv-002,2017-06-16 08:00:00,77.09703826904297
srv-002,2017-06-16 09:00:00,73.51435089111328
srv-002,2017-06-16 10:00:00,73.24347686767578
srv-002,2017-06-16 11:00:00,72.06204223632812
srv-002,2017-06-16 12:00:00,75.15196990966797
srv-002,2017-06-16 13:00:00,76.86861419677734
srv-002,2017-06-16 14:00:00,76.37574005126953
srv-002,2017-06-16 15:00:00,72.90733337402344
srv-002,2017-06-16 16:00:00,70.88826751708984
srv-002,2017-06-16 17:00:00,72.94889068603516
srv-002,2017-06-16 18:00:00,71.61675262451172
srv-002,2017-06-16 19:00:00,68.54244232177734
srv-002,2017-06-16 20:00:00,67.52938842773438
srv-002,2017-06-16 21:00:00,66.39424133300781
srv-002,2017-06-16 22:00:00,63.3753547668457
srv-002,2017-06-16 23:00:00,64.93961334228516
srv-002,2017-06-17 00:00:00,65.33489227294922
srv-002,2017-06-17 01:00:00,64.35041809082031
srv-002,2017-06-17 02:00:00,66.20008087158203
srv-002,2017-06-17 03:00:00,65.98111724853516
srv-002,2017-06-17 04:00:00,66.49956512451172
srv-002,2017-06-17 05:00:00,66.00729370117188
srv-002,2017-06-17 06:00:00,66.60234832763672
srv-002,2017-06-17 07:00:00,69.19486236572266
srv-002,2017-06-17 08:00:00,72.48986053466797
srv-002,2017-06-17 09:00:00,70.09326934814453
srv-002,2017-06-17 10:00:00,69.65641021728516
srv-002,2017-06-17 11:00:00,71.01253509521484
srv-002,2017-06-17 12:00:00,74.45100402832031
srv-002,2017-06-17 13:00:00,73.80945587158203
srv-002,2017-06-17 14:00:00,75.12105560302734
srv-002,2017-06-17 15:00:00,73.7320327758789
srv-002,2017-06-17 16:00:00,73.6738510131836
srv-002,2017-06-17 17:00:00,72.79618072509766
srv-002,2017-06-17 18:00:00,71.03075408935547
srv-002,2017-06-17 19:00:00,68.65155029296875
srv-002,2017-06-17 20:00:00,71.74105834960938
srv-002,2017-06-17 21:00:00,71.27391052246094
srv-002,2017-06-17 22:00:00,68.52046966552734
srv-002,2017-06-17 23:00:00,68.20653533935547
srv-002,2017-06-18 00:00:00,69.31147003173828
srv-002,2017-06-18 01:00:00,69.21984100341797
srv-002,2017-06-18 02:00:00,68.79747009277344
srv-002,2017-06-18 03:00:00,66.49024200439453
srv-002,2017-06-18 04:00:00,67.53838348388672
srv-002,2017-06-18 05:00:00,65.9350814819336
srv-002,2017-06-18 06:00:00,67.9806900024414
srv-002,2017-06-18 07:00:00,65.72731018066406
srv-002,2017-06-18 08:00:00,70.08049011230469
srv-002,2017-06-18 09:00:00,68.90799713134766
srv-002,2017-06-18 10:00:00,69.98981475830078
srv-002,2017-06-18 11:00:00,70.37273406982422
srv-002,2017-06-18 12:00:00,73.32234954833984
srv-002,2017-06-18 13:00:00,72.80451965332031
srv-002,2017-06-18 14:00:00,75.49285888671875
srv-002,2017-06-18 15:00:00,75.60545349121094
srv-002,2017-06-18 16:00:00,74.76853942871094
srv-002,2017-06-18 17:00:00,73.44152069091797
srv-002,2017-06-18 18:00:00,70.66768646240234
srv-002,2017-06-18 19:00:00,69.95238494873047
srv-002,2017-06-18 20:00:00,68.56327819824219
srv-002,2017-06-18 21:00:00,67.74746704101562
srv-002,2017-06-18 22:00:00,62.70429992675781
srv-002,2017-06-18 23:00:00,66.25877380371094
srv-002,2017-06-19 00:00:00,63.230873107910156
srv-002,2017-06-19 01:00:00,60.907569885253906
srv-002,2017-06-19 02:00:00,62.06817626953125
srv-002,2017-06-19 03:00:00,67.0035629272461
srv-002,2017-06-19 04:00:00,69.005126953125
srv-002,2017-06-19 05:00:00,66.45106506347656
srv-002,2017-06-19 06:00:00,69.81565856933594
srv-002,2017-06-19 07:00:00,68.66165924072266
srv-002,2017-06-19 08:00:00,75.88983154296875
srv-002,2017-06-19 09:00:00,72.91466522216797
srv-002,2017-06-19 10:00:00,76.85350799560547
srv-002,2017-06-19 11:00:00,72.64505004882812
srv-002,2017-06-19 12:00:00,75.7505874633789
srv-002,2017-06-19 13:00:00,75.06887817382812
srv-002,2017-06-19 14:00:00,77.38434600830078
srv-002,2017-06-19 15:00:00,75.51721954345703
srv-002,2017-06-19 16:00:00,75.12740325927734
srv-002,2017-06-19 17:00:00,76.3934555053711
srv-002,2017-06-19 18:00:00,73.5370864868164
srv-002,2017-06-19 19:00:00,74.02747344970703
srv-002,2017-06-19 20:00:00,74.51495361328125
srv-002,2017-06-19 21:00:00,75.6686782836914
srv-002,2017-06-19 22:00:00,73.8909683227539
srv-002,2017-06-19 23:00:00,72.61128234863281
srv-002,2017-06-20 00:00:00,72.09125518798828
srv-002,2017-06-20 01:00:00,76.85124969482422
srv-002,2017-06-20 02:00:00,75.29723358154297
srv-002,2017-06-20 03:00:00,79.583740234375
srv-002,2017-06-20 04:00:00,76.48783111572266
srv-002,2017-06-20 05:00:00,78.2739028930664
srv-002,2017-06-20 06:00:00,79.68891143798828
srv-002,2017-06-20 07:00:00,79.6224594116211
srv-002,2017-06-20 08:00:00,83.8771743774414
srv-002,2017-06-20 09:00:00,80.90557098388672
srv-002,2017-06-20 10:00:00,82.13892364501953
srv-002,2017-06-20 11:00:00,82.953369140625
srv-002,2017-06-20 12:00:00,84.7955093383789
srv-002,2017-06-20 13:00:00,84.87055206298828
srv-002,2017-06-20 14:00:00,87.2704086303711
srv-002,2017-06-20 15:00:00,89.18009185791016
srv-002,2017-06-20 16:00:00,89.61658477783203
srv-002,2017-06-20 17:00:00,89.42578125
srv-002,2017-06-20 18:00:00,85.61283111572266
srv-002,2017-06-20 19:00:00,84.8139419555664
srv-002,2017-06-20 20:00:00,84.66936492919922
srv-002,2017-06-20 21:00:00,85.12704467773438
srv-002,2017-06-20 22:00:00,81.61225891113281
srv-002,2017-06-20 23:00:00,80.48639678955078
srv-002,2017-06-21 00:00:00,81.19245147705078
srv-002,2017-06-21 01:00:00,82.6793441772461
srv-002,2017-06-21 02:00:00,83.1527328491211
srv-002,2017-06-21 03:00:00,84.12267303466797
srv-002,2017-06-21 04:00:00,85.70849609375
srv-002,2017-06-21 05:00:00,85.16102600097656
srv-002,2017-06-21 06:00:00,84.29370880126953
srv-002,2017-06-21 07:00:00,85.41214752197266
srv-002,2017-06-21 08:00:00,86.36675262451172
srv-002,2017-06-21 09:00:00,87.42276763916016
srv-002,2017-06-21 10:00:00,89.46607208251953
srv-002,2017-06-21 11:00:00,93.53987884521484
srv-002,2017-06-21 12:00:00,93.79912567138672
srv-002,2017-06-21 13:00:00,93.51374816894531
srv-002,2017-06-21 14:00:00,94.02045440673828
srv-002,2017-06-21 15:00:00,93.83130645751953
srv-002,2017-06-21 16:00:00,93.67423248291016
srv-002,2017-06-21 17:00:00,92.74549102783203
srv-002,2017-06-21 18:00:00,91.72647857666016
srv-002,2017-06-21 19:00:00,88.03955078125
srv-002,2017-06-21 20:00:00,89.40384674072266
srv-002,2017-06-21 21:00:00,87.35924530029297
srv-002,2017-06-21 22:00:00,84.74732971191406
srv-002,2017-06-21 23:00:00,86.4726791381836
srv-002,2017-06-22 00:00:00,86.49344635009766
srv-002,2017-06-22 01:00:00,84.75855255126953
srv-002,2017-06-22 02:00:00,84.5680160522461
srv-002,2017-06-22 03:00:00,84.69519805908203
srv-002,2017-06-22 04:00:00,84.03038024902344
srv-002,2017-06-22 05:00:00,82.48882293701172
srv-002,2017-06-22 06:00:00,82.97684478759766
srv-002,2017-06-22 07:00:00,80.91260528564453
srv-002,2017-06-22 08:00:00,86.07074737548828
srv-002,2017-06-22 09:00:00,83.71063995361328
srv-002,2017-06-22 10:00:00,85.5634536743164
srv-002,2017-06-22 11:00:00,89.9494400024414
srv-002,2017-06-22 12:00:00,92.54712677001953
srv-002,2017-06-22 13:00:00,90.21591186523438
srv-002,2017-06-22 14:00:00,87.34322357177734
srv-002,2017-06-22 15:00:00,87.71903228759766
srv-002,2017-06-22 16:00:00,84.26445770263672
srv-002,2017-06-22 17:00:00,81.69147491455078
srv-002,2017-06-22 18:00:00,83.01526641845703
srv-002,2017-06-22 19:00:00,82.23431396484375
srv-002,2017-06-22 20:00:00,81.26590728759766
srv-002,2017-06-22 21:00:00,78.2055892944336
srv-002,2017-06-22 22:00:00,75.10386657714844
srv-002,2017-06-22 23:00:00,76.49971771240234
srv-002,2017-06-23 00:00:00,74.41101837158203
srv-002,2017-06-23 01:00:00,76.16376495361328
srv-002,2017-06-23 02:00:00,73.93021392822266
srv-002,2017-06-23 03:00:00,73.33871459960938
srv-002,2017-06-23 04:00:00,70.61603546142578
srv-002,2017-06-23 05:00:00,74.62419891357422
srv-002,2017-06-23 06:00:00,72.65705108642578
srv-002,2017-06-23 07:00:00,74.17283630371094
srv-002,2017-06-23 08:00:00,73.56645965576172
srv-002,2017-06-23 09:00:00,72.58271026611328
srv-002,2017-06-23 10:00:00,75.71743774414062
srv-002,2017-06-23 11:00:00,77.1507797241211
srv-002,2017-06-23 12:00:00,81.62840270996094
srv-002,2017-06-23 13:00:00,79.24945831298828
srv-002,2017-06-23 14:00:00,81.32747650146484
srv-002,2017-06-23 15:00:00,79.3541259765625
srv-002,2017-06-23 16:00:00,74.38106536865234
srv-002,2017-06-23 17:00:00,73.99275207519531
srv-002,2017-06-23 18:00:00,71.84284210205078
srv-002,2017-06-23 19:00:00,71.28739166259766
srv-002,2017-06-23 20:00:00,71.18704986572266
srv-002,2017-06-23 21:00:00,67.65502166748047
srv-002,2017-06-23 22:00:00,64.08305358886719
srv-002,2017-06-23 23:00:00,64.35081481933594
srv-002,2017-06-24 00:00:00,68.78047180175781
srv-002,2017-06-24 01:00:00,67.3882827758789
srv-002,2017-06-24 02:00:00,67.36046600341797
srv-002,2017-06-24 03:00:00,68.88573455810547
srv-002,2017-06-24 04:00:00,68.21904754638672
srv-002,2017-06-24 05:00:00,67.69486236572266
srv-002,2017-06-24 06:00:00,69.34284210205078
srv-002,2017-06-24 07:00:00,70.1968002319336
srv-002,2017-06-24 08:00:00,73.99625396728516
srv-002,2017-06-24 09:00:00,72.29595184326172
srv-002,2017-06-24 10:00:00,73.25897979736328
srv-002,2017-06-24 11:00:00,73.4066162109375
srv-002,2017-06-24 12:00:00,76.3606185913086
srv-002,2017-06-24 13:00:00,78.37679290771484
srv-002,2017-06-24 14:00:00,76.89275360107422
srv-002,2017-06-24 15:00:00,77.1233139038086
srv-002,2017-06-24 16:00:00,75.76569366455078
srv-002,2017-06-24 17:00:00,74.38783264160156
srv-002,2017-06-24 18:00:00,73.11265563964844
srv-002,2017-06-24 19:00:00,69.32331848144531
srv-002,2017-06-24 20:00:00,68.6828842163086
srv-002,2017-06-24 21:00:00,67.47977447509766
srv-002,2017-06-24 22:00:00,66.36695098876953
srv-002,2017-06-24 23:00:00,66.00868225097656
srv-002,2017-06-25 00:00:00,62.38795471191406
srv-002,2017-06-25 01:00:00,67.78028106689453
srv-002,2017-06-25 02:00:00,67.44219207763672
srv-002,2017-06-25 03:00:00,67.41571044921875
srv-002,2017-06-25 04:00:00,65.14746856689453
srv-002,2017-06-25 05:00:00,64.93893432617188
srv-002,2017-06-25 06:00:00,66.49425506591797
srv-002,2017-06-25 07:00:00,67.98030090332031
srv-002,2017-06-25 08:00:00,73.13516235351562
srv-002,2017-06-25 09:00:00,71.34105682373047
srv-002,2017-06-25 10:00:00,72.3290786743164
srv-002,2017-06-25 11:00:00,70.33075714111328
srv-002,2017-06-25 12:00:00,73.9804458618164
srv-002,2017-06-25 13:00:00,73.11124420166016
srv-002,2017-06-25 14:00:00,73.84870147705078
srv-002,2017-06-25 15:00:00,75.01567840576172
srv-002,2017-06-25 16:00:00,72.26836395263672
srv-002,2017-06-25 17:00:00,74.25206756591797
srv-002,2017-06-25 18:00:00,70.66139221191406
srv-002,2017-06-25 19:00:00,69.46883392333984
srv-002,2017-06-25 20:00:00,69.6312255859375
srv-002,2017-06-25 21:00:00,66.5441665649414
srv-002,2017-06-25 22:00:00,66.55316925048828
srv-002,2017-06-25 23:00:00,68.11563873291016
srv-002,2017-06-26 00:00:00,64.57707977294922
srv-002,2017-06-26 01:00:00,63.759029388427734
srv-002,2017-06-26 02:00:00,66.2985610961914
srv-002,2017-06-26 03:00:00,66.22802734375
srv-002,2017-06-26 04:00:00,67.9400863647461
srv-002,2017-06-26 05:00:00,65.99962615966797
srv-002,2017-06-26 06:00:00,64.48210906982422
srv-002,2017-06-26 07:00:00,64.4979476928711
srv-002,2017-06-26 08:00:00,72.75849151611328
srv-002,2017-06-26 09:00:00,72.68599700927734
srv-002,2017-06-26 10:00:00,76.96321868896484
srv-002,2017-06-26 11:00:00,79.59455108642578
srv-002,2017-06-26 12:00:00,80.09011840820312
srv-002,2017-06-26 13:00:00,81.23380279541016
srv-002,2017-06-26 14:00:00,81.58683013916016
srv-002,2017-06-26 15:00:00,83.3719253540039
srv-002,2017-06-26 16:00:00,81.3305435180664
srv-002,2017-06-26 17:00:00,77.59737396240234
srv-002,2017-06-26 18:00:00,76.35741424560547
srv-002,2017-06-26 19:00:00,74.35198211669922
srv-002,2017-06-26 20:00:00,72.86228942871094
srv-002,2017-06-26 21:00:00,72.17829895019531
srv-002,2017-06-26 22:00:00,69.3980941772461
srv-002,2017-06-26 23:00:00,70.9165267944336
srv-002,2017-06-27 00:00:00,71.12859344482422
srv-002,2017-06-27 01:00:00,72.65460968017578
srv-002,2017-06-27 02:00:00,74.06444549560547
srv-002,2017-06-27 03:00:00,78.52368927001953
srv-002,2017-06-27 04:00:00,77.83341979980469
srv-002,2017-06-27 05:00:00,78.03285217285156
srv-002,2017-06-27 06:00:00,78.74844360351562
srv-002,2017-06-27 07:00:00,80.7811050415039
srv-002,2017-06-27 08:00:00,84.12361907958984
srv-002,2017-06-27 09:00:00,84.09615325927734
srv-002,2017-06-27 10:00:00,87.20884704589844
srv-002,2017-06-27 11:00:00,87.52578735351562
srv-002,2017-06-27 12:00:00,89.2985610961914
srv-002,2017-06-27 13:00:00,90.26508331298828
srv-002,2017-06-27 14:00:00,90.65845489501953
srv-002,2017-06-27 15:00:00,89.70821380615234
srv-002,2017-06-27 16:00:00,89.20880889892578
srv-002,2017-06-27 17:00:00,85.29020690917969
srv-002,2017-06-27 18:00:00,85.90880584716797
srv-002,2017-06-27 19:00:00,86.9552230834961
srv-002,2017-06-27 20:00:00,83.1698989868164
srv-002,2017-06-27 21:00:00,83.4167251586914
srv-002,2017-06-27 22:00:00,83.49675750732422
srv-002,2017-06-27 23:00:00,84.55541229248047
srv-002,2017-06-28 00:00:00,85.46035766601562
srv-002,2017-06-28 01:00:00,82.41512298583984
srv-002,2017-06-28 02:00:00,83.85912322998047
srv-002,2017-06-28 03:00:00,82.92324829101562
srv-002,2017-06-28 04:00:00,82.20313262939453
srv-002,2017-06-28 05:00:00,84.70903778076172
srv-002,2017-06-28 06:00:00,85.4970932006836
srv-002,2017-06-28 07:00:00,87.5061264038086
srv-002,2017-06-28 08:00:00,89.43795776367188
srv-002,2017-06-28 09:00:00,92.21089935302734
srv-002,2017-06-28 10:00:00,94.18426513671875
srv-002,2017-06-28 11:00:00,94.76454162597656
srv-002,2017-06-28 12:00:00,94.3811264038086
srv-002,2017-06-28 13:00:00,94.10340118408203
srv-002,2017-06-28 14:00:00,94.7640151977539
srv-002,2017-06-28 15:00:00,93.6305160522461
srv-002,2017-06-28 16:00:00,93.23384857177734
srv-002,2017-06-28 17:00:00,93.42440032958984
srv-002,2017-06-28 18:00:00,91.46636199951172
srv-002,2017-06-28 19:00:00,92.42217254638672
srv-002,2017-06-28 20:00:00,90.75115203857422
srv-002,2017-06-28 21:00:00,88.51709747314453
srv-002,2017-06-28 22:00:00,86.3056411743164
srv-002,2017-06-28 23:00:00,85.74610900878906
srv-002,2017-06-29 00:00:00,83.02542114257812
srv-002,2017-06-29 01:00:00,83.81571197509766
srv-002,2017-06-29 02:00:00,84.11387634277344
srv-002,2017-06-29 03:00:00,82.71358489990234
srv-002,2017-06-29 04:00:00,82.08051300048828
srv-002,2017-06-29 05:00:00,79.57193756103516
srv-002,2017-06-29 06:00:00,81.07965850830078
srv-002,2017-06-29 07:00:00,83.38337707519531
srv-002,2017-06-29 08:00:00,87.54755401611328
srv-002,2017-06-29 09:00:00,86.35395050048828
srv-002,2017-06-29 10:00:00,88.10363006591797
srv-002,2017-06-29 11:00:00,91.7458724975586
srv-002,2017-06-29 12:00:00,91.34416961669922
srv-002,2017-06-29 13:00:00,92.27388763427734
srv-002,2017-06-29 14:00:00,91.60748291015625
srv-002,2017-06-29 15:00:00,93.67855072021484
srv-002,2017-06-29 16:00:00,89.06111907958984
srv-002,2017-06-29 17:00:00,85.4625473022461
srv-002,2017-06-29 18:00:00,84.6936264038086
srv-002,2017-06-29 19:00:00,81.14157104492188
srv-002,2017-06-29 20:00:00,79.77960968017578
srv-002,2017-06-29 21:00:00,80.68241119384766
srv-002,2017-06-29 22:00:00,74.03461456298828
srv-002,2017-06-29 23:00:00,73.87789154052734
srv-002,2017-06-30 00:00:00,72.27422332763672
srv-002,2017-06-30 01:00:00,71.69701385498047
srv-002,2017-06-30 02:00:00,72.21770477294922
srv-002,2017-06-30 03:00:00,74.77606964111328
srv-002,2017-06-30 04:00:00,73.7396011352539
srv-002,2017-06-30 05:00:00,74.53947448730469
srv-002,2017-06-30 06:00:00,74.20519256591797
srv-002,2017-06-30 07:00:00,73.08744049072266
srv-002,2017-06-30 08:00:00,76.72417449951172
srv-002,2017-06-30 09:00:00,72.48541259765625
srv-002,2017-06-30 10:00:00,75.90535736083984
srv-002,2017-06-30 11:00:00,76.84728240966797
srv-002,2017-06-30 12:00:00,76.24492645263672
srv-002,2017-06-30 13:00:00,78.50231170654297
srv-002,2017-06-30 14:00:00,78.7892837524414
srv-002,2017-06-30 15:00:00,77.65225982666016
srv-002,2017-06-30 16:00:00,76.8575668334961
srv-002,2017-06-30 17:00:00,68.6910171508789
srv-002,2017-06-30 18:00:00,67.89299011230469
srv-002,2017-06-30 19:00:00,65.28829956054688
srv-002,2017-06-30 20:00:00,65.29199981689453
srv-002,2017-06-30 21:00:00,64.55140686035156
srv-002,2017-06-30 22:00:00,61.91982650756836
srv-002,2017-06-30 23:00:00,61.09351348876953
srv-003,2017-06-01 23:00:00,59.92185974121094
srv-003,2017-06-02 00:00:00,55.28337860107422
srv-003,2017-06-02 01:00:00,51.232421875
srv-003,2017-06-02 02:00:00,49.20444869995117
srv-003,2017-06-02 03:00:00,49.476715087890625
srv-003,2017-06-02 04:00:00,47.20622253417969
srv-003,2017-06-02 05:00:00,50.42561340332031
srv-003,2017-06-02 06:00:00,52.136680603027344
srv-003,2017-06-02 07:00:00,54.19200897216797
srv-003,2017-06-02 08:00:00,54.26723861694336
srv-003,2017-06-02 09:00:00,54.88081359863281
srv-003,2017-06-02 10:00:00,46.221923828125
srv-003,2017-06-02 11:00:00,46.698204040527344
srv-003,2017-06-02 12:00:00,46.22093200683594
srv-003,2017-06-02 13:00:00,44.3692512512207
srv-003,2017-06-02 14:00:00,49.930660247802734
srv-003,2017-06-02 15:00:00,47.151885986328125
srv-003,2017-06-02 16:00:00,47.09911346435547
srv-003,2017-06-02 17:00:00,45.862762451171875
srv-003,2017-06-02 18:00:00,38.13591384887695
srv-003,2017-06-02 19:00:00,38.790489196777344
srv-003,2017-06-02 20:00:00,39.29020690917969
srv-003,2017-06-02 21:00:00,38.545326232910156
srv-003,2017-06-02 22:00:00,36.408935546875
srv-003,2017-06-02 23:00:00,41.29570388793945
srv-003,2017-06-03 00:00:00,42.50053787231445
srv-003,2017-06-03 01:00:00,41.036460876464844
srv-003,2017-06-03 02:00:00,46.15672302246094
srv-003,2017-06-03 03:00:00,42.36408996582031
srv-003,2017-06-03 04:00:00,40.76744842529297
srv-003,2017-06-03 05:00:00,39.297607421875
srv-003,2017-06-03 06:00:00,41.09553146362305
srv-003,2017-06-03 07:00:00,44.610595703125
srv-003,2017-06-03 08:00:00,40.441429138183594
srv-003,2017-06-03 09:00:00,37.31407165527344
srv-003,2017-06-03 10:00:00,41.7587776184082
srv-003,2017-06-03 11:00:00,39.43545913696289
srv-003,2017-06-03 12:00:00,40.90856170654297
srv-003,2017-06-03 13:00:00,40.16741943359375
srv-003,2017-06-03 14:00:00,43.771636962890625
srv-003,2017-06-03 15:00:00,42.662559509277344
srv-003,2017-06-03 16:00:00,46.58306121826172
srv-003,2017-06-03 17:00:00,45.426605224609375
srv-003,2017-06-03 18:00:00,40.44835662841797
srv-003,2017-06-03 19:00:00,38.20552444458008
srv-003,2017-06-03 20:00:00,36.606380462646484
srv-003,2017-06-03 21:00:00,37.37251281738281
srv-003,2017-06-03 22:00:00,38.67356872558594
srv-003,2017-06-03 23:00:00,42.36970138549805
srv-003,2017-06-04 00:00:00,32.95002365112305
srv-003,2017-06-04 01:00:00,39.01947784423828
srv-003,2017-06-04 02:00:00,45.40337371826172
srv-003,2017-06-04 03:00:00,46.81444549560547
srv-003,2017-06-04 04:00:00,47.15234375
srv-003,2017-06-04 05:00:00,41.485496520996094
srv-003,2017-06-04 06:00:00,41.640037536621094
srv-003,2017-06-04 07:00:00,42.34358215332031
srv-003,2017-06-04 08:00:00,46.082923889160156
srv-003,2017-06-04 09:00:00,42.18769836425781
srv-003,2017-06-04 10:00:00,36.93074417114258
srv-003,2017-06-04 11:00:00,34.4888916015625
srv-003,2017-06-04 12:00:00,39.53337097167969
srv-003,2017-06-04 13:00:00,40.61589431762695
srv-003,2017-06-04 14:00:00,43.69273376464844
srv-003,2017-06-04 15:00:00,46.374786376953125
srv-003,2017-06-04 16:00:00,44.1395378112793
srv-003,2017-06-04 17:00:00,45.42473220825195
srv-003,2017-06-04 18:00:00,43.33137512207031
srv-003,2017-06-04 19:00:00,41.242156982421875
srv-003,2017-06-04 20:00:00,39.1440544128418
srv-003,2017-06-04 21:00:00,41.162933349609375
srv-003,2017-06-04 22:00:00,40.066162109375
srv-003,2017-06-04 23:00:00,43.94041442871094
srv-003,2017-06-05 00:00:00,39.839576721191406
srv-003,2017-06-05 01:00:00,42.175750732421875
srv-003,2017-06-05 02:00:00,43.19663619995117
srv-003,2017-06-05 03:00:00,45.21166229248047
srv-003,2017-06-05 04:00:00,39.94342803955078
srv-003,2017-06-05 05:00:00,41.68663024902344
srv-003,2017-06-05 06:00:00,42.38478088378906
srv-003,2017-06-05 07:00:00,38.20945739746094
srv-003,2017-06-05 08:00:00,42.14649963378906
srv-003,2017-06-05 09:00:00,45.29014587402344
srv-003,2017-06-05 10:00:00,43.761009216308594
srv-003,2017-06-05 11:00:00,38.85218811035156
srv-003,2017-06-05 12:00:00,40.22895050048828
srv-003,2017-06-05 13:00:00,39.722808837890625
srv-003,2017-06-05 14:00:00,42.56468963623047
srv-003,2017-06-05 15:00:00,43.57389831542969
srv-003,2017-06-05 16:00:00,49.224517822265625
srv-003,2017-06-05 17:00:00,47.82521057128906
srv-003,2017-06-05 18:00:00,47.40913391113281
srv-003,2017-06-05 19:00:00,42.75249099731445
srv-003,2017-06-05 20:00:00,42.062564849853516
srv-003,2017-06-05 21:00:00,41.528743743896484
srv-003,2017-06-05 22:00:00,39.808067321777344
srv-003,2017-06-05 23:00:00,43.0042724609375
srv-003,2017-06-06 00:00:00,42.50897216796875
srv-003,2017-06-06 01:00:00,47.22531509399414
srv-003,2017-06-06 02:00:00,42.31902313232422
srv-003,2017-06-06 03:00:00,45.18181228637695
srv-003,2017-06-06 04:00:00,41.15299987792969
srv-003,2017-06-06 05:00:00,45.0213508605957
srv-003,2017-06-06 06:00:00,41.26305389404297
srv-003,2017-06-06 07:00:00,39.51240539550781
srv-003,2017-06-06 08:00:00,38.54236602783203
srv-003,2017-06-06 09:00:00,37.258304595947266
srv-003,2017-06-06 10:00:00,42.970069885253906
srv-003,2017-06-06 11:00:00,43.89691925048828
srv-003,2017-06-06 12:00:00,46.902530670166016
srv-003,2017-06-06 13:00:00,38.357872009277344
srv-003,2017-06-06 14:00:00,40.93589782714844
srv-003,2017-06-06 15:00:00,45.50029754638672
srv-003,2017-06-06 16:00:00,47.1941032409668
srv-003,2017-06-06 17:00:00,48.16503143310547
srv-003,2017-06-06 18:00:00,45.481502532958984
srv-003,2017-06-06 19:00:00,43.44139099121094
srv-003,2017-06-06 20:00:00,44.018245697021484
srv-003,2017-06-06 21:00:00,45.6656608581543
srv-003,2017-06-06 22:00:00,40.44892883300781
srv-003,2017-06-06 23:00:00,40.87483215332031
srv-003,2017-06-07 00:00:00,40.6689338684082
srv-003,2017-06-07 01:00:00,40.931114196777344
srv-003,2017-06-07 02:00:00,40.80987548828125
srv-003,2017-06-07 03:00:00,43.906944274902344
srv-003,2017-06-07 04:00:00,45.46244812011719
srv-003,2017-06-07 05:00:00,41.79077911376953
srv-003,2017-06-07 06:00:00,39.665042877197266
srv-003,2017-06-07 07:00:00,49.417972564697266
srv-003,2017-06-07 08:00:00,45.14888000488281
srv-003,2017-06-07 09:00:00,45.698211669921875
srv-003,2017-06-07 10:00:00,48.53337478637695
srv-003,2017-06-07 11:00:00,51.917869567871094
srv-003,2017-06-07 12:00:00,46.355308532714844
srv-003,2017-06-07 13:00:00,42.151947021484375
srv-003,2017-06-07 14:00:00,42.819602966308594
srv-003,2017-06-07 15:00:00,47.08385467529297
srv-003,2017-06-07 16:00:00,42.15435791015625
srv-003,2017-06-07 17:00:00,39.7664909362793
srv-003,2017-06-07 18:00:00,38.475364685058594
srv-003,2017-06-07 19:00:00,42.58415222167969
srv-003,2017-06-07 20:00:00,45.47239303588867
srv-003,2017-06-07 21:00:00,46.24106216430664
srv-003,2017-06-07 22:00:00,48.33818435668945
srv-003,2017-06-07 23:00:00,48.63953399658203
srv-003,2017-06-08 00:00:00,50.075477600097656
srv-003,2017-06-08 01:00:00,51.364044189453125
srv-003,2017-06-08 02:00:00,47.454063415527344
srv-003,2017-06-08 03:00:00,44.242576599121094
srv-003,2017-06-08 04:00:00,49.08129119873047
srv-003,2017-06-08 05:00:00,42.790138244628906
srv-003,2017-06-08 06:00:00,43.438568115234375
srv-003,2017-06-08 07:00:00,45.37572479248047
srv-003,2017-06-08 08:00:00,48.936546325683594
srv-003,2017-06-08 09:00:00,48.36116027832031
srv-003,2017-06-08 10:00:00,47.55113983154297
srv-003,2017-06-08 11:00:00,47.18977737426758
srv-003,2017-06-08 12:00:00,37.256263732910156
srv-003,2017-06-08 13:00:00,38.68824005126953
srv-003,2017-06-08 14:00:00,38.93231201171875
srv-003,2017-06-08 15:00:00,42.073612213134766
srv-003,2017-06-08 16:00:00,41.86787414550781
srv-003,2017-06-08 17:00:00,46.891319274902344
srv-003,2017-06-08 18:00:00,48.13152313232422
srv-003,2017-06-08 19:00:00,45.79938888549805
srv-003,2017-06-08 20:00:00,40.953765869140625
srv-003,2017-06-08 21:00:00,40.11893081665039
srv-003,2017-06-08 22:00:00,45.255615234375
srv-003,2017-06-08 23:00:00,41.093910217285156
srv-003,2017-06-09 00:00:00,40.250030517578125
srv-003,2017-06-09 01:00:00,42.96479415893555
srv-003,2017-06-09 02:00:00,35.893096923828125
srv-003,2017-06-09 03:00:00,42.1049690246582
srv-003,2017-06-09 04:00:00,40.7982063293457
srv-003,2017-06-09 05:00:00,44.85272979736328
srv-003,2017-06-09 06:00:00,44.393375396728516
srv-003,2017-06-09 07:00:00,46.016841888427734
srv-003,2017-06-09 08:00:00,48.46802520751953
srv-003,2017-06-09 09:00:00,48.24678421020508
srv-003,2017-06-09 10:00:00,47.955604553222656
srv-003,2017-06-09 11:00:00,50.297637939453125
srv-003,2017-06-09 12:00:00,52.15278625488281
srv-003,2017-06-09 13:00:00,46.099632263183594
srv-003,2017-06-09 14:00:00,45.427085876464844
srv-003,2017-06-09 15:00:00,45.33130645751953
srv-003,2017-06-09 16:00:00,38.83843231201172
srv-003,2017-06-09 17:00:00,43.11914825439453
srv-003,2017-06-09 18:00:00,42.431339263916016
srv-003,2017-06-09 19:00:00,44.92210388183594
srv-003,2017-06-09 20:00:00,39.719322204589844
srv-003,2017-06-09 21:00:00,41.46165084838867
srv-003,2017-06-09 22:00:00,37.99186706542969
srv-003,2017-06-09 23:00:00,41.24121856689453
srv-003,2017-06-10 00:00:00,44.30733108520508
srv-003,2017-06-10 01:00:00,45.1065673828125
srv-003,2017-06-10 02:00:00,47.341854095458984
srv-003,2017-06-10 03:00:00,41.21190643310547
srv-003,2017-06-10 04:00:00,41.57457733154297
srv-003,2017-06-10 05:00:00,40.48229217529297
srv-003,2017-06-10 06:00:00,42.18806457519531
srv-003,2017-06-10 07:00:00,43.9155387878418
srv-003,2017-06-10 08:00:00,43.68223571777344
srv-003,2017-06-10 09:00:00,48.350860595703125
srv-003,2017-06-10 10:00:00,42.18125534057617
srv-003,2017-06-10 11:00:00,38.56169128417969
srv-003,2017-06-10 12:00:00,38.45077133178711
srv-003,2017-06-10 13:00:00,37.101783752441406
srv-003,2017-06-10 14:00:00,39.931556701660156
srv-003,2017-06-10 15:00:00,39.52013397216797
srv-003,2017-06-10 16:00:00,42.67707061767578
srv-003,2017-06-10 17:00:00,44.467796325683594
srv-003,2017-06-10 18:00:00,47.27885437011719
srv-003,2017-06-10 19:00:00,39.17658233642578
srv-003,2017-06-10 20:00:00,40.40351486206055
srv-003,2017-06-10 21:00:00,37.87965393066406
srv-003,2017-06-10 22:00:00,41.14502716064453
srv-003,2017-06-10 23:00:00,42.99398422241211
srv-003,2017-06-11 00:00:00,49.47726058959961
srv-003,2017-06-11 01:00:00,47.71324157714844
srv-003,2017-06-11 02:00:00,43.89860153198242
srv-003,2017-06-11 03:00:00,47.124141693115234
srv-003,2017-06-11 04:00:00,41.168914794921875
srv-003,2017-06-11 05:00:00,41.350257873535156
srv-003,2017-06-11 06:00:00,38.32429122924805
srv-003,2017-06-11 07:00:00,42.03959655761719
srv-003,2017-06-11 08:00:00,40.301185607910156
srv-003,2017-06-11 09:00:00,46.71426010131836
srv-003,2017-06-11 10:00:00,47.65587615966797
srv-003,2017-06-11 11:00:00,47.987060546875
srv-003,2017-06-11 12:00:00,47.03302001953125
srv-003,2017-06-11 13:00:00,41.87593078613281
srv-003,2017-06-11 14:00:00,44.708065032958984
srv-003,2017-06-11 15:00:00,42.47795104980469
srv-003,2017-06-11 16:00:00,38.31938171386719
srv-003,2017-06-11 17:00:00,41.70909118652344
srv-003,2017-06-11 18:00:00,41.33087921142578
srv-003,2017-06-11 19:00:00,43.45595169067383
srv-003,2017-06-11 20:00:00,40.61998748779297
srv-003,2017-06-11 21:00:00,35.0113525390625
srv-003,2017-06-11 22:00:00,42.59449005126953
srv-003,2017-06-11 23:00:00,39.63390350341797
srv-003,2017-06-12 00:00:00,42.20098876953125
srv-003,2017-06-12 01:00:00,38.39240264892578
srv-003,2017-06-12 02:00:00,39.898582458496094
srv-003,2017-06-12 03:00:00,40.71160125732422
srv-003,2017-06-12 04:00:00,35.794681549072266
srv-003,2017-06-12 05:00:00,36.85020446777344
srv-003,2017-06-12 06:00:00,38.205467224121094
srv-003,2017-06-12 07:00:00,39.77422332763672
srv-003,2017-06-12 08:00:00,40.88149642944336
srv-003,2017-06-12 09:00:00,44.41352844238281
srv-003,2017-06-12 10:00:00,41.61085510253906
srv-003,2017-06-12 11:00:00,42.388389587402344
srv-003,2017-06-12 12:00:00,36.967342376708984
srv-003,2017-06-12 13:00:00,40.96620178222656
srv-003,2017-06-12 14:00:00,44.45667266845703
srv-003,2017-06-12 15:00:00,42.67728805541992
srv-003,2017-06-12 16:00:00,43.859928131103516
srv-003,2017-06-12 17:00:00,40.30793380737305
srv-003,2017-06-12 18:00:00,38.839599609375
srv-003,2017-06-12 19:00:00,42.77983856201172
srv-003,2017-06-12 20:00:00,46.39917755126953
srv-003,2017-06-12 21:00:00,46.657989501953125
srv-003,2017-06-12 22:00:00,40.460079193115234
srv-003,2017-06-12 23:00:00,44.02153778076172
srv-003,2017-06-13 00:00:00,43.738441467285156
srv-003,2017-06-13 01:00:00,43.62907409667969
srv-003,2017-06-13 02:00:00,45.646018981933594
srv-003,2017-06-13 03:00:00,47.466861724853516
srv-003,2017-06-13 04:00:00,47.22297286987305
srv-003,2017-06-13 05:00:00,46.830726623535156
srv-003,2017-06-13 06:00:00,44.320106506347656
srv-003,2017-06-13 07:00:00,38.448143005371094
srv-003,2017-06-13 08:00:00,40.47999572753906
srv-003,2017-06-13 09:00:00,42.49492645263672
srv-003,2017-06-13 10:00:00,40.608619689941406
srv-003,2017-06-13 11:00:00,43.13591766357422
srv-003,2017-06-13 12:00:00,44.0731201171875
srv-003,2017-06-13 13:00:00,48.57844924926758
srv-003,2017-06-13 14:00:00,45.16889190673828
srv-003,2017-06-13 15:00:00,45.56126403808594
srv-003,2017-06-13 16:00:00,42.18574523925781
srv-003,2017-06-13 17:00:00,39.541080474853516
srv-003,2017-06-13 18:00:00,40.579620361328125
srv-003,2017-06-13 19:00:00,39.05514907836914
srv-003,2017-06-13 20:00:00,42.459007263183594
srv-003,2017-06-13 21:00:00,46.15235900878906
srv-003,2017-06-13 22:00:00,46.826698303222656
srv-003,2017-06-13 23:00:00,45.33359909057617
srv-003,2017-06-14 00:00:00,40.528114318847656
srv-003,2017-06-14 01:00:00,44.4954719543457
srv-003,2017-06-14 02:00:00,45.24367904663086
srv-003,2017-06-14 03:00:00,43.24420166015625
srv-003,2017-06-14 04:00:00,39.887264251708984
srv-003,2017-06-14 05:00:00,39.588741302490234
srv-003,2017-06-14 06:00:00,45.22703170776367
srv-003,2017-06-14 07:00:00,39.94503402709961
srv-003,2017-06-14 08:00:00,42.52695083618164
srv-003,2017-06-14 09:00:00,47.317386627197266
srv-003,2017-06-14 10:00:00,45.44132995605469
srv-003,2017-06-14 11:00:00,43.99577331542969
srv-003,2017-06-14 12:00:00,44.6976318359375
srv-003,2017-06-14 13:00:00,38.98815155029297
srv-003,2017-06-14 14:00:00,40.07262420654297
srv-003,2017-06-14 15:00:00,41.79784393310547
srv-003,2017-06-14 16:00:00,40.32551574707031
srv-003,2017-06-14 17:00:00,46.48542022705078
srv-003,2017-06-14 18:00:00,43.50407409667969
srv-003,2017-06-14 19:00:00,43.99964904785156
srv-003,2017-06-14 20:00:00,42.01455307006836
srv-003,2017-06-14 21:00:00,42.410865783691406
srv-003,2017-06-14 22:00:00,40.97367858886719
srv-003,2017-06-14 23:00:00,37.02632141113281
srv-003,2017-06-15 00:00:00,37.71906280517578
srv-003,2017-06-15 01:00:00,43.46532440185547
srv-003,2017-06-15 02:00:00,47.736000061035156
srv-003,2017-06-15 03:00:00,45.79084014892578
srv-003,2017-06-15 04:00:00,40.80742645263672
srv-003,2017-06-15 05:00:00,37.89788818359375
srv-003,2017-06-15 06:00:00,36.451316833496094
srv-003,2017-06-15 07:00:00,36.33982849121094
srv-003,2017-06-15 08:00:00,38.87218475341797
srv-003,2017-06-15 09:00:00,40.206199645996094
srv-003,2017-06-15 10:00:00,45.80982971191406
srv-003,2017-06-15 11:00:00,46.60783767700195
srv-003,2017-06-15 12:00:00,47.158607482910156
srv-003,2017-06-15 13:00:00,44.83050537109375
srv-003,2017-06-15 14:00:00,44.655235290527344
srv-003,2017-06-15 15:00:00,46.3870735168457
srv-003,2017-06-15 16:00:00,39.32122039794922
srv-003,2017-06-15 17:00:00,41.94630813598633
srv-003,2017-06-15 18:00:00,42.066932678222656
srv-003,2017-06-15 19:00:00,44.83624267578125
srv-003,2017-06-15 20:00:00,45.05765914916992
srv-003,2017-06-15 21:00:00,48.17732238769531
srv-003,2017-06-15 22:00:00,38.50719451904297
srv-003,2017-06-15 23:00:00,38.74068832397461
srv-003,2017-06-16 00:00:00,38.82856750488281
srv-003,2017-06-16 01:00:00,43.686668395996094
srv-003,2017-06-16 02:00:00,37.71350860595703
srv-003,2017-06-16 03:00:00,39.67701721191406
srv-003,2017-06-16 04:00:00,44.223472595214844
srv-003,2017-06-16 05:00:00,35.66730499267578
srv-003,2017-06-16 06:00:00,39.09196090698242
srv-003,2017-06-16 07:00:00,33.113651275634766
srv-003,2017-06-16 08:00:00,34.33980178833008
srv-003,2017-06-16 09:00:00,33.546775817871094
srv-003,2017-06-16 10:00:00,34.97265625
srv-003,2017-06-16 11:00:00,38.87527847290039
srv-003,2017-06-16 12:00:00,38.56981658935547
srv-003,2017-06-16 13:00:00,40.025733947753906
srv-003,2017-06-16 14:00:00,37.21862030029297
srv-003,2017-06-16 15:00:00,41.84959411621094
srv-003,2017-06-16 16:00:00,32.651790618896484
srv-003,2017-06-16 17:00:00,35.65678405761719
srv-003,2017-06-16 18:00:00,38.047882080078125
srv-003,2017-06-16 19:00:00,38.79486083984375
srv-003,2017-06-16 20:00:00,41.00225830078125
srv-003,2017-06-16 21:00:00,39.445831298828125
srv-003,2017-06-16 22:00:00,38.61684036254883
srv-003,2017-06-16 23:00:00,39.83440399169922
srv-003,2017-06-17 00:00:00,36.941162109375
srv-003,2017-06-17 01:00:00,36.66326904296875
srv-003,2017-06-17 02:00:00,37.22181701660156
srv-003,2017-06-17 03:00:00,38.59731674194336
srv-003,2017-06-17 04:00:00,42.248905181884766
srv-003,2017-06-17 05:00:00,47.22868347167969
srv-003,2017-06-17 06:00:00,45.704498291015625
srv-003,2017-06-17 07:00:00,41.44184875488281
srv-003,2017-06-17 08:00:00,39.73005294799805
srv-003,2017-06-17 09:00:00,34.12349319458008
srv-003,2017-06-17 10:00:00,37.73588180541992
srv-003,2017-06-17 11:00:00,35.85905075073242
srv-003,2017-06-17 12:00:00,39.537254333496094
srv-003,2017-06-17 13:00:00,41.451805114746094
srv-003,2017-06-17 14:00:00,46.08090591430664
srv-003,2017-06-17 15:00:00,45.86537170410156
srv-003,2017-06-17 16:00:00,43.517730712890625
srv-003,2017-06-17 17:00:00,45.1773796081543
srv-003,2017-06-17 18:00:00,42.92629623413086
srv-003,2017-06-17 19:00:00,38.99363327026367
srv-003,2017-06-17 20:00:00,37.92225646972656
srv-003,2017-06-17 21:00:00,37.503150939941406
srv-003,2017-06-17 22:00:00,43.69065856933594
srv-003,2017-06-17 23:00:00,42.002769470214844
srv-003,2017-06-18 00:00:00,43.61323928833008
srv-003,2017-06-18 01:00:00,43.910701751708984
srv-003,2017-06-18 02:00:00,43.05496597290039
srv-003,2017-06-18 03:00:00,41.894840240478516
srv-003,2017-06-18 04:00:00,36.473655700683594
srv-003,2017-06-18 05:00:00,38.430328369140625
srv-003,2017-06-18 06:00:00,37.413482666015625
srv-003,2017-06-18 07:00:00,35.36590576171875
srv-003,2017-06-18 08:00:00,36.27821350097656
srv-003,2017-06-18 09:00:00,38.307899475097656
srv-003,2017-06-18 10:00:00,36.603084564208984
srv-003,2017-06-18 11:00:00,42.96205139160156
srv-003,2017-06-18 12:00:00,45.23817443847656
srv-003,2017-06-18 13:00:00,42.732933044433594
srv-003,2017-06-18 14:00:00,41.604270935058594
srv-003,2017-06-18 15:00:00,45.63484191894531
srv-003,2017-06-18 16:00:00,45.07366180419922
srv-003,2017-06-18 17:00:00,42.74315643310547
srv-003,2017-06-18 18:00:00,39.24534606933594
srv-003,2017-06-18 19:00:00,40.54817199707031
srv-003,2017-06-18 20:00:00,42.60945129394531
srv-003,2017-06-18 21:00:00,43.54497146606445
srv-003,2017-06-18 22:00:00,37.116085052490234
srv-003,2017-06-18 23:00:00,43.06956481933594
srv-003,2017-06-19 00:00:00,43.212284088134766
srv-003,2017-06-19 01:00:00,39.6759033203125
srv-003,2017-06-19 02:00:00,42.00075912475586
srv-003,2017-06-19 03:00:00,44.16510009765625
srv-003,2017-06-19 04:00:00,44.831756591796875
srv-003,2017-06-19 05:00:00,48.504981994628906
srv-003,2017-06-19 06:00:00,41.1644287109375
srv-003,2017-06-19 07:00:00,38.92401885986328
srv-003,2017-06-19 08:00:00,40.325233459472656
srv-003,2017-06-19 09:00:00,42.51354217529297
srv-003,2017-06-19 10:00:00,40.492156982421875
srv-003,2017-06-19 11:00:00,42.47397232055664
srv-003,2017-06-19 12:00:00,42.76737594604492
srv-003,2017-06-19 13:00:00,47.177833557128906
srv-003,2017-06-19 14:00:00,46.23096466064453
srv-003,2017-06-19 15:00:00,47.7847900390625
srv-003,2017-06-19 16:00:00,48.49008560180664
srv-003,2017-06-19 17:00:00,46.29290771484375
srv-003,2017-06-19 18:00:00,43.45399856567383
srv-003,2017-06-19 19:00:00,44.76411056518555
srv-003,2017-06-19 20:00:00,42.23887634277344
srv-003,2017-06-19 21:00:00,40.93950653076172
srv-003,2017-06-19 22:00:00,42.35765838623047
srv-003,2017-06-19 23:00:00,41.20552062988281
srv-003,2017-06-20 00:00:00,42.17725372314453
srv-003,2017-06-20 01:00:00,40.23469161987305
srv-003,2017-06-20 02:00:00,45.802433013916016
srv-003,2017-06-20 03:00:00,47.502960205078125
srv-003,2017-06-20 04:00:00,39.919281005859375
srv-003,2017-06-20 05:00:00,45.04267883300781
srv-003,2017-06-20 06:00:00,41.1998291015625
srv-003,2017-06-20 07:00:00,47.24376678466797
srv-003,2017-06-20 08:00:00,46.63909149169922
srv-003,2017-06-20 09:00:00,45.91887664794922
srv-003,2017-06-20 10:00:00,44.00905990600586
srv-003,2017-06-20 11:00:00,40.335533142089844
srv-003,2017-06-20 12:00:00,42.12978744506836
srv-003,2017-06-20 13:00:00,39.50596618652344
srv-003,2017-06-20 14:00:00,42.28059387207031
srv-003,2017-06-20 15:00:00,45.939918518066406
srv-003,2017-06-20 16:00:00,46.17547607421875
srv-003,2017-06-20 17:00:00,43.09741973876953
srv-003,2017-06-20 18:00:00,40.485450744628906
srv-003,2017-06-20 19:00:00,42.1806640625
srv-003,2017-06-20 20:00:00,43.59499740600586
srv-003,2017-06-20 21:00:00,43.276737213134766
srv-003,2017-06-20 22:00:00,45.001808166503906
srv-003,2017-06-20 23:00:00,46.234100341796875
srv-003,2017-06-21 00:00:00,45.63728332519531
srv-003,2017-06-21 01:00:00,47.94377899169922
srv-003,2017-06-21 02:00:00,52.697532653808594
srv-003,2017-06-21 03:00:00,51.32799530029297
srv-003,2017-06-21 04:00:00,56.26896667480469
srv-003,2017-06-21 05:00:00,53.12560272216797
srv-003,2017-06-21 06:00:00,50.89569854736328
srv-003,2017-06-21 07:00:00,54.4899787902832
srv-003,2017-06-21 08:00:00,51.22900390625
srv-003,2017-06-21 09:00:00,44.22649383544922
srv-003,2017-06-21 10:00:00,42.881317138671875
srv-003,2017-06-21 11:00:00,44.03153991699219
srv-003,2017-06-21 12:00:00,43.46022033691406
srv-003,2017-06-21 13:00:00,41.17332458496094
srv-003,2017-06-21 14:00:00,39.46321105957031
srv-003,2017-06-21 15:00:00,40.63954544067383
srv-003,2017-06-21 16:00:00,47.32109069824219
srv-003,2017-06-21 17:00:00,45.567909240722656
srv-003,2017-06-21 18:00:00,44.43705368041992
srv-003,2017-06-21 19:00:00,41.09928894042969
srv-003,2017-06-21 20:00:00,42.1844482421875
srv-003,2017-06-21 21:00:00,45.01350784301758
srv-003,2017-06-21 22:00:00,43.75945281982422
srv-003,2017-06-21 23:00:00,43.714263916015625
srv-003,2017-06-22 00:00:00,46.59148406982422
srv-003,2017-06-22 01:00:00,43.88718032836914
srv-003,2017-06-22 02:00:00,45.785865783691406
srv-003,2017-06-22 03:00:00,44.03718566894531
srv-003,2017-06-22 04:00:00,47.870216369628906
srv-003,2017-06-22 05:00:00,49.746788024902344
srv-003,2017-06-22 06:00:00,53.14390563964844
srv-003,2017-06-22 07:00:00,51.00667190551758
srv-003,2017-06-22 08:00:00,45.54481506347656
srv-003,2017-06-22 09:00:00,46.39505386352539
srv-003,2017-06-22 10:00:00,48.442508697509766
srv-003,2017-06-22 11:00:00,47.237091064453125
srv-003,2017-06-22 12:00:00,40.672035217285156
srv-003,2017-06-22 13:00:00,43.43605041503906
srv-003,2017-06-22 14:00:00,42.663230895996094
srv-003,2017-06-22 15:00:00,40.84295654296875
srv-003,2017-06-22 16:00:00,41.735877990722656
srv-003,2017-06-22 17:00:00,39.91259002685547
srv-003,2017-06-22 18:00:00,39.22795486450195
srv-003,2017-06-22 19:00:00,38.80929183959961
srv-003,2017-06-22 20:00:00,42.301517486572266
srv-003,2017-06-22 21:00:00,46.0057487487793
srv-003,2017-06-22 22:00:00,50.004920959472656
srv-003,2017-06-22 23:00:00,51.2899169921875
srv-003,2017-06-23 00:00:00,44.85607147216797
srv-003,2017-06-23 01:00:00,46.22217559814453
srv-003,2017-06-23 02:00:00,43.37842559814453
srv-003,2017-06-23 03:00:00,47.499855041503906
srv-003,2017-06-23 04:00:00,46.81264877319336
srv-003,2017-06-23 05:00:00,43.26259994506836
srv-003,2017-06-23 06:00:00,42.60260009765625
srv-003,2017-06-23 07:00:00,37.845550537109375
srv-003,2017-06-23 08:00:00,39.52915573120117
srv-003,2017-06-23 09:00:00,34.28062438964844
srv-003,2017-06-23 10:00:00,34.22724533081055
srv-003,2017-06-23 11:00:00,31.13871955871582
srv-003,2017-06-23 12:00:00,30.026264190673828
srv-003,2017-06-23 13:00:00,35.66295623779297
srv-003,2017-06-23 14:00:00,36.19248962402344
srv-003,2017-06-23 15:00:00,38.31646728515625
srv-003,2017-06-23 16:00:00,40.18994140625
srv-003,2017-06-23 17:00:00,42.872467041015625
srv-003,2017-06-23 18:00:00,45.0831184387207
srv-003,2017-06-23 19:00:00,39.335838317871094
srv-003,2017-06-23 20:00:00,40.82699203491211
srv-003,2017-06-23 21:00:00,41.31062316894531
srv-003,2017-06-23 22:00:00,43.260498046875
srv-003,2017-06-23 23:00:00,47.60138702392578
srv-003,2017-06-24 00:00:00,42.962188720703125
srv-003,2017-06-24 01:00:00,37.4930534362793
srv-003,2017-06-24 02:00:00,38.89994812011719
srv-003,2017-06-24 03:00:00,37.538124084472656
srv-003,2017-06-24 04:00:00,40.743629455566406
srv-003,2017-06-24 05:00:00,40.96610641479492
srv-003,2017-06-24 06:00:00,35.65302276611328
srv-003,2017-06-24 07:00:00,32.860557556152344
srv-003,2017-06-24 08:00:00,30.528226852416992
srv-003,2017-06-24 09:00:00,32.2928581237793
srv-003,2017-06-24 10:00:00,34.11049270629883
srv-003,2017-06-24 11:00:00,37.076942443847656
srv-003,2017-06-24 12:00:00,40.50794219970703
srv-003,2017-06-24 13:00:00,39.38107681274414
srv-003,2017-06-24 14:00:00,42.17005920410156
srv-003,2017-06-24 15:00:00,39.45328140258789
srv-003,2017-06-24 16:00:00,42.16346740722656
srv-003,2017-06-24 17:00:00,44.503013610839844
srv-003,2017-06-24 18:00:00,43.893714904785156
srv-003,2017-06-24 19:00:00,46.2920036315918
srv-003,2017-06-24 20:00:00,41.03447723388672
srv-003,2017-06-24 21:00:00,45.87455749511719
srv-003,2017-06-24 22:00:00,40.83393096923828
srv-003,2017-06-24 23:00:00,41.67865753173828
srv-003,2017-06-25 00:00:00,38.14612579345703
srv-003,2017-06-25 01:00:00,39.00048828125
srv-003,2017-06-25 02:00:00,40.94384765625
srv-003,2017-06-25 03:00:00,41.757530212402344
srv-003,2017-06-25 04:00:00,41.198463439941406
srv-003,2017-06-25 05:00:00,40.27051544189453
srv-003,2017-06-25 06:00:00,36.56947708129883
srv-003,2017-06-25 07:00:00,34.4441032409668
srv-003,2017-06-25 08:00:00,29.76624298095703
srv-003,2017-06-25 09:00:00,32.34501266479492
srv-003,2017-06-25 10:00:00,36.02214050292969
srv-003,2017-06-25 11:00:00,38.54729461669922
srv-003,2017-06-25 12:00:00,40.735130310058594
srv-003,2017-06-25 13:00:00,38.6174430847168
srv-003,2017-06-25 14:00:00,41.291725158691406
srv-003,2017-06-25 15:00:00,40.90357971191406
srv-003,2017-06-25 16:00:00,42.978538513183594
srv-003,2017-06-25 17:00:00,38.456268310546875
srv-003,2017-06-25 18:00:00,43.33681106567383
srv-003,2017-06-25 19:00:00,45.63260269165039
srv-003,2017-06-25 20:00:00,46.849578857421875
srv-003,2017-06-25 21:00:00,40.242591857910156
srv-003,2017-06-25 22:00:00,35.0611457824707
srv-003,2017-06-25 23:00:00,36.70423889160156
srv-003,2017-06-26 00:00:00,37.93926239013672
srv-003,2017-06-26 01:00:00,33.90502166748047
srv-003,2017-06-26 02:00:00,34.64022445678711
srv-003,2017-06-26 03:00:00,39.160797119140625
srv-003,2017-06-26 04:00:00,43.45566177368164
srv-003,2017-06-26 05:00:00,44.107234954833984
srv-003,2017-06-26 06:00:00,35.891212463378906
srv-003,2017-06-26 07:00:00,41.60057067871094
srv-003,2017-06-26 08:00:00,39.98634338378906
srv-003,2017-06-26 09:00:00,34.59219741821289
srv-003,2017-06-26 10:00:00,37.441986083984375
srv-003,2017-06-26 11:00:00,39.590396881103516
srv-003,2017-06-26 12:00:00,47.072059631347656
srv-003,2017-06-26 13:00:00,46.2324104309082
srv-003,2017-06-26 14:00:00,47.718143463134766
srv-003,2017-06-26 15:00:00,48.209007263183594
srv-003,2017-06-26 16:00:00,43.461978912353516
srv-003,2017-06-26 17:00:00,46.281776428222656
srv-003,2017-06-26 18:00:00,45.506866455078125
srv-003,2017-06-26 19:00:00,44.58430480957031
srv-003,2017-06-26 20:00:00,39.785362243652344
srv-003,2017-06-26 21:00:00,42.06922149658203
srv-003,2017-06-26 22:00:00,38.744773864746094
srv-003,2017-06-26 23:00:00,41.435401916503906
srv-003,2017-06-27 00:00:00,41.85211944580078
srv-003,2017-06-27 01:00:00,42.44529724121094
srv-003,2017-06-27 02:00:00,47.735958099365234
srv-003,2017-06-27 03:00:00,49.513126373291016
srv-003,2017-06-27 04:00:00,51.94029235839844
srv-003,2017-06-27 05:00:00,53.187931060791016
srv-003,2017-06-27 06:00:00,54.637359619140625
srv-003,2017-06-27 07:00:00,50.38542938232422
srv-003,2017-06-27 08:00:00,45.06141662597656
srv-003,2017-06-27 09:00:00,46.628257751464844
srv-003,2017-06-27 10:00:00,46.63920593261719
srv-003,2017-06-27 11:00:00,46.478878021240234
srv-003,2017-06-27 12:00:00,46.65325164794922
srv-003,2017-06-27 13:00:00,45.80584716796875
srv-003,2017-06-27 14:00:00,47.07521057128906
srv-003,2017-06-27 15:00:00,49.744483947753906
srv-003,2017-06-27 16:00:00,40.685787200927734
srv-003,2017-06-27 17:00:00,44.126617431640625
srv-003,2017-06-27 18:00:00,48.5296630859375
srv-003,2017-06-27 19:00:00,44.387664794921875
srv-003,2017-06-27 20:00:00,40.921852111816406
srv-003,2017-06-27 21:00:00,42.3998908996582
srv-003,2017-06-27 22:00:00,45.05725860595703
srv-003,2017-06-27 23:00:00,42.517024993896484
srv-003,2017-06-28 00:00:00,40.907958984375
srv-003,2017-06-28 01:00:00,38.52220916748047
srv-003,2017-06-28 02:00:00,43.96043395996094
srv-003,2017-06-28 03:00:00,44.57757568359375
srv-003,2017-06-28 04:00:00,49.540496826171875
srv-003,2017-06-28 05:00:00,40.45800018310547
srv-003,2017-06-28 06:00:00,43.202720642089844
srv-003,2017-06-28 07:00:00,47.462249755859375
srv-003,2017-06-28 08:00:00,42.91553497314453
srv-003,2017-06-28 09:00:00,45.58861541748047
srv-003,2017-06-28 10:00:00,40.58832550048828
srv-003,2017-06-28 11:00:00,41.21455383300781
srv-003,2017-06-28 12:00:00,50.552188873291016
srv-003,2017-06-28 13:00:00,43.11194610595703
srv-003,2017-06-28 14:00:00,42.980377197265625
srv-003,2017-06-28 15:00:00,44.68333435058594
srv-003,2017-06-28 16:00:00,48.11813735961914
srv-003,2017-06-28 17:00:00,47.840492248535156
srv-003,2017-06-28 18:00:00,42.95330810546875
srv-003,2017-06-28 19:00:00,45.002197265625
srv-003,2017-06-28 20:00:00,40.18836975097656
srv-003,2017-06-28 21:00:00,43.924659729003906
srv-003,2017-06-28 22:00:00,46.80979919433594
srv-003,2017-06-28 23:00:00,40.24794006347656
srv-003,2017-06-29 00:00:00,43.167213439941406
srv-003,2017-06-29 01:00:00,50.665924072265625
srv-003,2017-06-29 02:00:00,50.81355285644531
srv-003,2017-06-29 03:00:00,49.10228729248047
srv-003,2017-06-29 04:00:00,51.86051559448242
srv-003,2017-06-29 05:00:00,49.081504821777344
srv-003,2017-06-29 06:00:00,42.935829162597656
srv-003,2017-06-29 07:00:00,44.77797317504883
srv-003,2017-06-29 08:00:00,48.90533447265625
srv-003,2017-06-29 09:00:00,50.45696258544922
srv-003,2017-06-29 10:00:00,50.50510025024414
srv-003,2017-06-29 11:00:00,42.7412109375
srv-003,2017-06-29 12:00:00,41.17145919799805
srv-003,2017-06-29 13:00:00,40.3352165222168
srv-003,2017-06-29 14:00:00,37.47380828857422
srv-003,2017-06-29 15:00:00,41.33573913574219
srv-003,2017-06-29 16:00:00,43.43767547607422
srv-003,2017-06-29 17:00:00,40.223201751708984
srv-003,2017-06-29 18:00:00,40.94285583496094
srv-003,2017-06-29 19:00:00,37.504642486572266
srv-003,2017-06-29 20:00:00,39.63945007324219
srv-003,2017-06-29 21:00:00,37.737571716308594
srv-003,2017-06-29 22:00:00,39.884864807128906
srv-003,2017-06-29 23:00:00,37.02914047241211
srv-003,2017-06-30 00:00:00,41.7169189453125
srv-003,2017-06-30 01:00:00,45.55271911621094
srv-003,2017-06-30 02:00:00,42.54773712158203
srv-003,2017-06-30 03:00:00,44.971927642822266
srv-003,2017-06-30 04:00:00,44.3226318359375
srv-003,2017-06-30 05:00:00,41.708396911621094
srv-003,2017-06-30 06:00:00,41.870216369628906
srv-003,2017-06-30 07:00:00,38.69580841064453
srv-003,2017-06-30 08:00:00,38.67867660522461
srv-003,2017-06-30 09:00:00,41.43669128417969
srv-003,2017-06-30 10:00:00,36.39472961425781
srv-003,2017-06-30 11:00:00,39.71051025390625
srv-003,2017-06-30 12:00:00,34.56631851196289
srv-003,2017-06-30 13:00:00,40.65707015991211
srv-003,2017-06-30 14:00:00,42.60417938232422
srv-003,2017-06-30 15:00:00,45.219566345214844
srv-003,2017-06-30 16:00:00,46.45733642578125
srv-003,2017-06-30 17:00:00,46.744319915771484
srv-003,2017-06-30 18:00:00,46.30396270751953
srv-003,2017-06-30 19:00:00,40.960784912109375
srv-003,2017-06-30 20:00:00,44.03350830078125
srv-003,2017-06-30 21:00:00,43.92884826660156
srv-003,2017-06-30 22:00:00,39.66279220581055
srv-003,2017-06-30 23:00:00,37.37295150756836
srv-004,2017-06-01 23:00:00,52.35081481933594
srv-004,2017-06-02 00:00:00,49.68354797363281
srv-004,2017-06-02 01:00:00,53.10519027709961
srv-004,2017-06-02 02:00:00,57.702735900878906
srv-004,2017-06-02 03:00:00,55.14717483520508
srv-004,2017-06-02 04:00:00,61.32696533203125
srv-004,2017-06-02 05:00:00,59.433677673339844
srv-004,2017-06-02 06:00:00,56.65625
srv-004,2017-06-02 07:00:00,56.92236328125
srv-004,2017-06-02 08:00:00,55.61211395263672
srv-004,2017-06-02 09:00:00,59.28840637207031
srv-004,2017-06-02 10:00:00,62.1148567199707
srv-004,2017-06-02 11:00:00,65.13143920898438
srv-004,2017-06-02 12:00:00,68.35870361328125
srv-004,2017-06-02 13:00:00,65.56381225585938
srv-004,2017-06-02 14:00:00,64.64839172363281
srv-004,2017-06-02 15:00:00,58.97297668457031
srv-004,2017-06-02 16:00:00,57.43202590942383
srv-004,2017-06-02 17:00:00,61.19947814941406
srv-004,2017-06-02 18:00:00,60.81844711303711
srv-004,2017-06-02 19:00:00,61.25727081298828
srv-004,2017-06-02 20:00:00,62.24346923828125
srv-004,2017-06-02 21:00:00,54.82929992675781
srv-004,2017-06-02 22:00:00,55.93460464477539
srv-004,2017-06-02 23:00:00,56.41716003417969
srv-004,2017-06-03 00:00:00,61.01544189453125
srv-004,2017-06-03 01:00:00,60.71857452392578
srv-004,2017-06-03 02:00:00,57.0982666015625
srv-004,2017-06-03 03:00:00,58.13297653198242
srv-004,2017-06-03 04:00:00,56.68744659423828
srv-004,2017-06-03 05:00:00,62.7921142578125
srv-004,2017-06-03 06:00:00,62.75531005859375
srv-004,2017-06-03 07:00:00,65.40949249267578
srv-004,2017-06-03 08:00:00,66.73954010009766
srv-004,2017-06-03 09:00:00,62.0426025390625
srv-004,2017-06-03 10:00:00,63.54155349731445
srv-004,2017-06-03 11:00:00,67.89605712890625
srv-004,2017-06-03 12:00:00,70.40674591064453
srv-004,2017-06-03 13:00:00,70.19245147705078
srv-004,2017-06-03 14:00:00,64.02892303466797
srv-004,2017-06-03 15:00:00,66.82384490966797
srv-004,2017-06-03 16:00:00,65.75309753417969
srv-004,2017-06-03 17:00:00,60.551692962646484
srv-004,2017-06-03 18:00:00,58.54718780517578
srv-004,2017-06-03 19:00:00,62.493038177490234
srv-004,2017-06-03 20:00:00,61.617008209228516
srv-004,2017-06-03 21:00:00,61.52937698364258
srv-004,2017-06-03 22:00:00,57.711830139160156
srv-004,2017-06-03 23:00:00,62.33780288696289
srv-004,2017-06-04 00:00:00,66.12078094482422
srv-004,2017-06-04 01:00:00,63.08815002441406
srv-004,2017-06-04 02:00:00,66.36793518066406
srv-004,2017-06-04 03:00:00,68.9438705444336
srv-004,2017-06-04 04:00:00,64.49422454833984
srv-004,2017-06-04 05:00:00,63.24460983276367
srv-004,2017-06-04 06:00:00,66.20771026611328
srv-004,2017-06-04 07:00:00,61.4001579284668
srv-004,2017-06-04 08:00:00,59.79645538330078
srv-004,2017-06-04 09:00:00,62.281097412109375
srv-004,2017-06-04 10:00:00,62.41672897338867
srv-004,2017-06-04 11:00:00,65.21023559570312
srv-004,2017-06-04 12:00:00,65.7007064819336
srv-004,2017-06-04 13:00:00,63.87372589111328
srv-004,2017-06-04 14:00:00,66.7704086303711
srv-004,2017-06-04 15:00:00,63.872718811035156
srv-004,2017-06-04 16:00:00,62.19630432128906
srv-004,2017-06-04 17:00:00,59.846824645996094
srv-004,2017-06-04 18:00:00,63.4093132019043
srv-004,2017-06-04 19:00:00,62.92548370361328
srv-004,2017-06-04 20:00:00,58.40843963623047
srv-004,2017-06-04 21:00:00,61.94903564453125
srv-004,2017-06-04 22:00:00,58.7975959777832
srv-004,2017-06-04 23:00:00,59.76707077026367
srv-004,2017-06-05 00:00:00,60.69624328613281
srv-004,2017-06-05 01:00:00,62.41996383666992
srv-004,2017-06-05 02:00:00,60.20766830444336
srv-004,2017-06-05 03:00:00,56.45612335205078
srv-004,2017-06-05 04:00:00,59.80251693725586
srv-004,2017-06-05 05:00:00,64.03333282470703
srv-004,2017-06-05 06:00:00,59.02778244018555
srv-004,2017-06-05 07:00:00,58.10271453857422
srv-004,2017-06-05 08:00:00,64.44479370117188
srv-004,2017-06-05 09:00:00,62.22425079345703
srv-004,2017-06-05 10:00:00,61.356178283691406
srv-004,2017-06-05 11:00:00,62.32933807373047
srv-004,2017-06-05 12:00:00,68.77930450439453
srv-004,2017-06-05 13:00:00,65.8242416381836
srv-004,2017-06-05 14:00:00,62.27777099609375
srv-004,2017-06-05 15:00:00,59.58351516723633
srv-004,2017-06-05 16:00:00,67.72046661376953
srv-004,2017-06-05 17:00:00,64.00165557861328
srv-004,2017-06-05 18:00:00,61.430030822753906
srv-004,2017-06-05 19:00:00,60.81068801879883
srv-004,2017-06-05 20:00:00,61.80691909790039
srv-004,2017-06-05 21:00:00,64.2449951171875
srv-004,2017-06-05 22:00:00,66.43209075927734
srv-004,2017-06-05 23:00:00,62.10361862182617
srv-004,2017-06-06 00:00:00,59.48674011230469
srv-004,2017-06-06 01:00:00,57.25664520263672
srv-004,2017-06-06 02:00:00,56.764244079589844
srv-004,2017-06-06 03:00:00,64.26641082763672
srv-004,2017-06-06 04:00:00,66.38727569580078
srv-004,2017-06-06 05:00:00,64.69109344482422
srv-004,2017-06-06 06:00:00,62.200775146484375
srv-004,2017-06-06 07:00:00,64.1424331665039
srv-004,2017-06-06 08:00:00,65.9544677734375
srv-004,2017-06-06 09:00:00,63.181480407714844
srv-004,2017-06-06 10:00:00,61.16972351074219
srv-004,2017-06-06 11:00:00,60.89311981201172
srv-004,2017-06-06 12:00:00,61.0096435546875
srv-004,2017-06-06 13:00:00,62.752933502197266
srv-004,2017-06-06 14:00:00,63.63390350341797
srv-004,2017-06-06 15:00:00,69.03922271728516
srv-004,2017-06-06 16:00:00,69.68817138671875
srv-004,2017-06-06 17:00:00,73.8070297241211
srv-004,2017-06-06 18:00:00,74.77513122558594
srv-004,2017-06-06 19:00:00,75.60306549072266
srv-004,2017-06-06 20:00:00,69.30876922607422
srv-004,2017-06-06 21:00:00,67.68914794921875
srv-004,2017-06-06 22:00:00,69.84862518310547
srv-004,2017-06-06 23:00:00,73.49071502685547
srv-004,2017-06-07 00:00:00,72.07197570800781
srv-004,2017-06-07 01:00:00,77.1176528930664
srv-004,2017-06-07 02:00:00,79.5588150024414
srv-004,2017-06-07 03:00:00,79.41519927978516
srv-004,2017-06-07 04:00:00,72.32332611083984
srv-004,2017-06-07 05:00:00,67.85454559326172
srv-004,2017-06-07 06:00:00,68.49181365966797
srv-004,2017-06-07 07:00:00,73.02556610107422
srv-004,2017-06-07 08:00:00,66.73068237304688
srv-004,2017-06-07 09:00:00,63.48771286010742
srv-004,2017-06-07 10:00:00,60.77952575683594
srv-004,2017-06-07 11:00:00,58.79310607910156
srv-004,2017-06-07 12:00:00,61.40837478637695
srv-004,2017-06-07 13:00:00,64.41018676757812
srv-004,2017-06-07 14:00:00,65.40458679199219
srv-004,2017-06-07 15:00:00,71.53985595703125
srv-004,2017-06-07 16:00:00,68.58460235595703
srv-004,2017-06-07 17:00:00,67.2366943359375
srv-004,2017-06-07 18:00:00,63.91773223876953
srv-004,2017-06-07 19:00:00,66.13198852539062
srv-004,2017-06-07 20:00:00,67.57683563232422
srv-004,2017-06-07 21:00:00,67.2657699584961
srv-004,2017-06-07 22:00:00,66.37481689453125
srv-004,2017-06-07 23:00:00,70.77420043945312
srv-004,2017-06-08 00:00:00,72.6571044921875
srv-004,2017-06-08 01:00:00,66.02474212646484
srv-004,2017-06-08 02:00:00,62.256500244140625
srv-004,2017-06-08 03:00:00,63.779930114746094
srv-004,2017-06-08 04:00:00,61.20966720581055
srv-004,2017-06-08 05:00:00,62.62486267089844
srv-004,2017-06-08 06:00:00,65.21649169921875
srv-004,2017-06-08 07:00:00,63.45292663574219
srv-004,2017-06-08 08:00:00,64.63224792480469
srv-004,2017-06-08 09:00:00,67.3613052368164
srv-004,2017-06-08 10:00:00,65.90150451660156
srv-004,2017-06-08 11:00:00,68.5047378540039
srv-004,2017-06-08 12:00:00,66.57977294921875
srv-004,2017-06-08 13:00:00,71.40113830566406
srv-004,2017-06-08 14:00:00,64.16195678710938
srv-004,2017-06-08 15:00:00,64.7979965209961
srv-004,2017-06-08 16:00:00,69.31517028808594
srv-004,2017-06-08 17:00:00,65.3756332397461
srv-004,2017-06-08 18:00:00,62.067535400390625
srv-004,2017-06-08 19:00:00,66.77215576171875
srv-004,2017-06-08 20:00:00,69.62262725830078
srv-004,2017-06-08 21:00:00,68.03352355957031
srv-004,2017-06-08 22:00:00,68.43770599365234
srv-004,2017-06-08 23:00:00,61.81289291381836
srv-004,2017-06-09 00:00:00,63.1556396484375
srv-004,2017-06-09 01:00:00,61.235618591308594
srv-004,2017-06-09 02:00:00,60.20624923706055
srv-004,2017-06-09 03:00:00,57.34861755371094
srv-004,2017-06-09 04:00:00,59.33308792114258
srv-004,2017-06-09 05:00:00,56.972267150878906
srv-004,2017-06-09 06:00:00,64.153564453125
srv-004,2017-06-09 07:00:00,65.56307983398438
srv-004,2017-06-09 08:00:00,62.514076232910156
srv-004,2017-06-09 09:00:00,62.99461364746094
srv-004,2017-06-09 10:00:00,59.63482666015625
srv-004,2017-06-09 11:00:00,60.03284454345703
srv-004,2017-06-09 12:00:00,61.99995422363281
srv-004,2017-06-09 13:00:00,63.579227447509766
srv-004,2017-06-09 14:00:00,63.10327911376953
srv-004,2017-06-09 15:00:00,66.19108581542969
srv-004,2017-06-09 16:00:00,65.44306182861328
srv-004,2017-06-09 17:00:00,62.149993896484375
srv-004,2017-06-09 18:00:00,58.52537536621094
srv-004,2017-06-09 19:00:00,55.89537048339844
srv-004,2017-06-09 20:00:00,58.33198547363281
srv-004,2017-06-09 21:00:00,56.98711013793945
srv-004,2017-06-09 22:00:00,57.392791748046875
srv-004,2017-06-09 23:00:00,56.87225341796875
srv-004,2017-06-10 00:00:00,61.283294677734375
srv-004,2017-06-10 01:00:00,64.0489501953125
srv-004,2017-06-10 02:00:00,59.652557373046875
srv-004,2017-06-10 03:00:00,59.88248825073242
srv-004,2017-06-10 04:00:00,61.965675354003906
srv-004,2017-06-10 05:00:00,64.66201782226562
srv-004,2017-06-10 06:00:00,65.40911102294922
srv-004,2017-06-10 07:00:00,69.29813385009766
srv-004,2017-06-10 08:00:00,71.46772003173828
srv-004,2017-06-10 09:00:00,71.560791015625
srv-004,2017-06-10 10:00:00,72.41434478759766
srv-004,2017-06-10 11:00:00,65.53854370117188
srv-004,2017-06-10 12:00:00,62.915802001953125
srv-004,2017-06-10 13:00:00,68.09611511230469
srv-004,2017-06-10 14:00:00,68.97100067138672
srv-004,2017-06-10 15:00:00,73.4521255493164
srv-004,2017-06-10 16:00:00,72.45159912109375
srv-004,2017-06-10 17:00:00,63.15575408935547
srv-004,2017-06-10 18:00:00,62.89237594604492
srv-004,2017-06-10 19:00:00,62.143733978271484
srv-004,2017-06-10 20:00:00,65.60945892333984
srv-004,2017-06-10 21:00:00,63.20769119262695
srv-004,2017-06-10 22:00:00,58.143192291259766
srv-004,2017-06-10 23:00:00,59.85725402832031
srv-004,2017-06-11 00:00:00,60.47089767456055
srv-004,2017-06-11 01:00:00,59.38782501220703
srv-004,2017-06-11 02:00:00,60.794010162353516
srv-004,2017-06-11 03:00:00,63.554283142089844
srv-004,2017-06-11 04:00:00,67.41634368896484
srv-004,2017-06-11 05:00:00,67.47575378417969
srv-004,2017-06-11 06:00:00,63.93543243408203
srv-004,2017-06-11 07:00:00,62.850101470947266
srv-004,2017-06-11 08:00:00,65.08618927001953
srv-004,2017-06-11 09:00:00,68.97093200683594
srv-004,2017-06-11 10:00:00,63.8460578918457
srv-004,2017-06-11 11:00:00,63.35469055175781
srv-004,2017-06-11 12:00:00,62.498146057128906
srv-004,2017-06-11 13:00:00,58.88300704956055
srv-004,2017-06-11 14:00:00,62.409969329833984
srv-004,2017-06-11 15:00:00,63.99552917480469
srv-004,2017-06-11 16:00:00,61.330509185791016
srv-004,2017-06-11 17:00:00,62.63209533691406
srv-004,2017-06-11 18:00:00,63.1123046875
srv-004,2017-06-11 19:00:00,62.83268356323242
srv-004,2017-06-11 20:00:00,60.52259063720703
srv-004,2017-06-11 21:00:00,59.016883850097656
srv-004,2017-06-11 22:00:00,62.821136474609375
srv-004,2017-06-11 23:00:00,62.62239074707031
srv-004,2017-06-12 00:00:00,64.60279083251953
srv-004,2017-06-12 01:00:00,62.76994323730469
srv-004,2017-06-12 02:00:00,65.84095001220703
srv-004,2017-06-12 03:00:00,72.80082702636719
srv-004,2017-06-12 04:00:00,63.751731872558594
srv-004,2017-06-12 05:00:00,64.0242691040039
srv-004,2017-06-12 06:00:00,65.60008239746094
srv-004,2017-06-12 07:00:00,61.692710876464844
srv-004,2017-06-12 08:00:00,65.83869934082031
srv-004,2017-06-12 09:00:00,64.02738189697266
srv-004,2017-06-12 10:00:00,65.29166412353516
srv-004,2017-06-12 11:00:00,59.72334671020508
srv-004,2017-06-12 12:00:00,64.69266510009766
srv-004,2017-06-12 13:00:00,65.41607666015625
srv-004,2017-06-12 14:00:00,67.65536499023438
srv-004,2017-06-12 15:00:00,70.37098693847656
srv-004,2017-06-12 16:00:00,69.76461029052734
srv-004,2017-06-12 17:00:00,71.46379089355469
srv-004,2017-06-12 18:00:00,75.49486541748047
srv-004,2017-06-12 19:00:00,70.08058166503906
srv-004,2017-06-12 20:00:00,65.23453521728516
srv-004,2017-06-12 21:00:00,63.446434020996094
srv-004,2017-06-12 22:00:00,64.36124420166016
srv-004,2017-06-12 23:00:00,62.27235412597656
srv-004,2017-06-13 00:00:00,61.26321029663086
srv-004,2017-06-13 01:00:00,59.473365783691406
srv-004,2017-06-13 02:00:00,64.52436828613281
srv-004,2017-06-13 03:00:00,64.90919494628906
srv-004,2017-06-13 04:00:00,61.72642517089844
srv-004,2017-06-13 05:00:00,64.79891967773438
srv-004,2017-06-13 06:00:00,67.63174438476562
srv-004,2017-06-13 07:00:00,62.17344284057617
srv-004,2017-06-13 08:00:00,62.468414306640625
srv-004,2017-06-13 09:00:00,68.5285873413086
srv-004,2017-06-13 10:00:00,63.32124328613281
srv-004,2017-06-13 11:00:00,60.68467712402344
srv-004,2017-06-13 12:00:00,61.87656784057617
srv-004,2017-06-13 13:00:00,67.06145477294922
srv-004,2017-06-13 14:00:00,72.15528106689453
srv-004,2017-06-13 15:00:00,70.6340103149414
srv-004,2017-06-13 16:00:00,67.40451049804688
srv-004,2017-06-13 17:00:00,67.36003112792969
srv-004,2017-06-13 18:00:00,64.03739166259766
srv-004,2017-06-13 19:00:00,65.7445068359375
srv-004,2017-06-13 20:00:00,62.07038497924805
srv-004,2017-06-13 21:00:00,62.67986297607422
srv-004,2017-06-13 22:00:00,62.40364074707031
srv-004,2017-06-13 23:00:00,59.6603889465332
srv-004,2017-06-14 00:00:00,57.518165588378906
srv-004,2017-06-14 01:00:00,61.79875183105469
srv-004,2017-06-14 02:00:00,59.413421630859375
srv-004,2017-06-14 03:00:00,58.65753936767578
srv-004,2017-06-14 04:00:00,57.251502990722656
srv-004,2017-06-14 05:00:00,62.33564758300781
srv-004,2017-06-14 06:00:00,64.21414184570312
srv-004,2017-06-14 07:00:00,67.05673217773438
srv-004,2017-06-14 08:00:00,70.00069427490234
srv-004,2017-06-14 09:00:00,70.64008331298828
srv-004,2017-06-14 10:00:00,70.68749237060547
srv-004,2017-06-14 11:00:00,72.25462341308594
srv-004,2017-06-14 12:00:00,72.97838592529297
srv-004,2017-06-14 13:00:00,70.2286605834961
srv-004,2017-06-14 14:00:00,69.49384307861328
srv-004,2017-06-14 15:00:00,68.9399185180664
srv-004,2017-06-14 16:00:00,65.86795043945312
srv-004,2017-06-14 17:00:00,64.8168716430664
srv-004,2017-06-14 18:00:00,63.22173309326172
srv-004,2017-06-14 19:00:00,66.14604187011719
srv-004,2017-06-14 20:00:00,60.22754669189453
srv-004,2017-06-14 21:00:00,64.2000503540039
srv-004,2017-06-14 22:00:00,69.75389099121094
srv-004,2017-06-14 23:00:00,69.33904266357422
srv-004,2017-06-15 00:00:00,66.7967300415039
srv-004,2017-06-15 01:00:00,64.26405334472656
srv-004,2017-06-15 02:00:00,62.693214416503906
srv-004,2017-06-15 03:00:00,63.11137771606445
srv-004,2017-06-15 04:00:00,63.36272048950195
srv-004,2017-06-15 05:00:00,60.36898422241211
srv-004,2017-06-15 06:00:00,60.08244705200195
srv-004,2017-06-15 07:00:00,58.82133483886719
srv-004,2017-06-15 08:00:00,63.70242691040039
srv-004,2017-06-15 09:00:00,67.01607513427734
srv-004,2017-06-15 10:00:00,65.4885025024414
srv-004,2017-06-15 11:00:00,65.26590728759766
srv-004,2017-06-15 12:00:00,65.3919448852539
srv-004,2017-06-15 13:00:00,68.74742889404297
srv-004,2017-06-15 14:00:00,69.15099334716797
srv-004,2017-06-15 15:00:00,68.53588104248047
srv-004,2017-06-15 16:00:00,63.72450637817383
srv-004,2017-06-15 17:00:00,66.93619537353516
srv-004,2017-06-15 18:00:00,63.670631408691406
srv-004,2017-06-15 19:00:00,57.77552032470703
srv-004,2017-06-15 20:00:00,61.920265197753906
srv-004,2017-06-15 21:00:00,58.95716094970703
srv-004,2017-06-15 22:00:00,58.44176483154297
srv-004,2017-06-15 23:00:00,60.31524658203125
srv-004,2017-06-16 00:00:00,61.37081527709961
srv-004,2017-06-16 01:00:00,62.91339111328125
srv-004,2017-06-16 02:00:00,58.916587829589844
srv-004,2017-06-16 03:00:00,56.877113342285156
srv-004,2017-06-16 04:00:00,59.00154113769531
srv-004,2017-06-16 05:00:00,58.129241943359375
srv-004,2017-06-16 06:00:00,54.91943359375
srv-004,2017-06-16 07:00:00,53.74413299560547
srv-004,2017-06-16 08:00:00,56.93372344970703
srv-004,2017-06-16 09:00:00,60.0631103515625
srv-004,2017-06-16 10:00:00,64.07991027832031
srv-004,2017-06-16 11:00:00,62.77213668823242
srv-004,2017-06-16 12:00:00,63.340415954589844
srv-004,2017-06-16 13:00:00,62.947593688964844
srv-004,2017-06-16 14:00:00,64.87360382080078
srv-004,2017-06-16 15:00:00,69.70149993896484
srv-004,2017-06-16 16:00:00,65.2979965209961
srv-004,2017-06-16 17:00:00,69.31570434570312
srv-004,2017-06-16 18:00:00,65.09149169921875
srv-004,2017-06-16 19:00:00,59.90986251831055
srv-004,2017-06-16 20:00:00,57.96279525756836
srv-004,2017-06-16 21:00:00,53.40631103515625
srv-004,2017-06-16 22:00:00,53.686119079589844
srv-004,2017-06-16 23:00:00,49.826053619384766
srv-004,2017-06-17 00:00:00,51.96562576293945
srv-004,2017-06-17 01:00:00,57.32014846801758
srv-004,2017-06-17 02:00:00,57.4766731262207
srv-004,2017-06-17 03:00:00,61.093746185302734
srv-004,2017-06-17 04:00:00,60.302974700927734
srv-004,2017-06-17 05:00:00,57.80055236816406
srv-004,2017-06-17 06:00:00,58.44623565673828
srv-004,2017-06-17 07:00:00,56.325374603271484
srv-004,2017-06-17 08:00:00,56.295204162597656
srv-004,2017-06-17 09:00:00,57.52577590942383
srv-004,2017-06-17 10:00:00,60.62474060058594
srv-004,2017-06-17 11:00:00,58.790992736816406
srv-004,2017-06-17 12:00:00,61.82848358154297
srv-004,2017-06-17 13:00:00,59.619571685791016
srv-004,2017-06-17 14:00:00,60.82164764404297
srv-004,2017-06-17 15:00:00,59.57607650756836
srv-004,2017-06-17 16:00:00,62.213233947753906
srv-004,2017-06-17 17:00:00,61.70405578613281
srv-004,2017-06-17 18:00:00,57.48754119873047
srv-004,2017-06-17 19:00:00,56.29072189331055
srv-004,2017-06-17 20:00:00,54.59700393676758
srv-004,2017-06-17 21:00:00,57.285430908203125
srv-004,2017-06-17 22:00:00,55.08348083496094
srv-004,2017-06-17 23:00:00,54.000431060791016
srv-004,2017-06-18 00:00:00,58.95192337036133
srv-004,2017-06-18 01:00:00,59.379302978515625
srv-004,2017-06-18 02:00:00,62.09001922607422
srv-004,2017-06-18 03:00:00,63.78926467895508
srv-004,2017-06-18 04:00:00,58.58080291748047
srv-004,2017-06-18 05:00:00,61.09393310546875
srv-004,2017-06-18 06:00:00,58.90978240966797
srv-004,2017-06-18 07:00:00,59.18449401855469
srv-004,2017-06-18 08:00:00,59.955665588378906
srv-004,2017-06-18 09:00:00,55.35828399658203
srv-004,2017-06-18 10:00:00,52.80007553100586
srv-004,2017-06-18 11:00:00,56.459556579589844
srv-004,2017-06-18 12:00:00,59.280189514160156
srv-004,2017-06-18 13:00:00,59.082786560058594
srv-004,2017-06-18 14:00:00,62.47575759887695
srv-004,2017-06-18 15:00:00,65.2681884765625
srv-004,2017-06-18 16:00:00,64.40508270263672
srv-004,2017-06-18 17:00:00,61.876834869384766
srv-004,2017-06-18 18:00:00,60.66783905029297
srv-004,2017-06-18 19:00:00,61.77171325683594
srv-004,2017-06-18 20:00:00,62.30788803100586
srv-004,2017-06-18 21:00:00,58.08515167236328
srv-004,2017-06-18 22:00:00,56.668113708496094
srv-004,2017-06-18 23:00:00,56.33668518066406
srv-004,2017-06-19 00:00:00,59.02262878417969
srv-004,2017-06-19 01:00:00,57.92348861694336
srv-004,2017-06-19 02:00:00,61.282894134521484
srv-004,2017-06-19 03:00:00,62.369285583496094
srv-004,2017-06-19 04:00:00,62.02913284301758
srv-004,2017-06-19 05:00:00,61.623695373535156
srv-004,2017-06-19 06:00:00,60.0093994140625
srv-004,2017-06-19 07:00:00,59.75304412841797
srv-004,2017-06-19 08:00:00,65.30548858642578
srv-004,2017-06-19 09:00:00,68.8843002319336
srv-004,2017-06-19 10:00:00,68.49897003173828
srv-004,2017-06-19 11:00:00,66.1363296508789
srv-004,2017-06-19 12:00:00,71.58393859863281
srv-004,2017-06-19 13:00:00,69.80381774902344
srv-004,2017-06-19 14:00:00,72.7503890991211
srv-004,2017-06-19 15:00:00,74.63402557373047
srv-004,2017-06-19 16:00:00,75.70403289794922
srv-004,2017-06-19 17:00:00,74.58834838867188
srv-004,2017-06-19 18:00:00,70.5374526977539
srv-004,2017-06-19 19:00:00,74.2998275756836
srv-004,2017-06-19 20:00:00,73.78101348876953
srv-004,2017-06-19 21:00:00,70.37403869628906
srv-004,2017-06-19 22:00:00,71.37154388427734
srv-004,2017-06-19 23:00:00,72.69731140136719
srv-004,2017-06-20 00:00:00,67.52197265625
srv-004,2017-06-20 01:00:00,68.94234466552734
srv-004,2017-06-20 02:00:00,72.62779998779297
srv-004,2017-06-20 03:00:00,69.82447052001953
srv-004,2017-06-20 04:00:00,72.08350372314453
srv-004,2017-06-20 05:00:00,65.78388977050781
srv-004,2017-06-20 06:00:00,63.231544494628906
srv-004,2017-06-20 07:00:00,65.97245788574219
srv-004,2017-06-20 08:00:00,66.67814636230469
srv-004,2017-06-20 09:00:00,72.21839141845703
srv-004,2017-06-20 10:00:00,68.4286117553711
srv-004,2017-06-20 11:00:00,68.25282287597656
srv-004,2017-06-20 12:00:00,67.73766326904297
srv-004,2017-06-20 13:00:00,66.98706817626953
srv-004,2017-06-20 14:00:00,71.47179412841797
srv-004,2017-06-20 15:00:00,68.2538833618164
srv-004,2017-06-20 16:00:00,66.26264953613281
srv-004,2017-06-20 17:00:00,70.03130340576172
srv-004,2017-06-20 18:00:00,63.96055221557617
srv-004,2017-06-20 19:00:00,63.56380081176758
srv-004,2017-06-20 20:00:00,60.59007263183594
srv-004,2017-06-20 21:00:00,58.465110778808594
srv-004,2017-06-20 22:00:00,58.67241287231445
srv-004,2017-06-20 23:00:00,56.25870132446289
srv-004,2017-06-21 00:00:00,55.57902145385742
srv-004,2017-06-21 01:00:00,55.320068359375
srv-004,2017-06-21 02:00:00,60.26192092895508
srv-004,2017-06-21 03:00:00,62.034603118896484
srv-004,2017-06-21 04:00:00,63.21440887451172
srv-004,2017-06-21 05:00:00,66.7793960571289
srv-004,2017-06-21 06:00:00,59.526100158691406
srv-004,2017-06-21 07:00:00,58.26796340942383
srv-004,2017-06-21 08:00:00,55.921287536621094
srv-004,2017-06-21 09:00:00,58.54539489746094
srv-004,2017-06-21 10:00:00,62.34066390991211
srv-004,2017-06-21 11:00:00,64.248779296875
srv-004,2017-06-21 12:00:00,66.76484680175781
srv-004,2017-06-21 13:00:00,67.99858856201172
srv-004,2017-06-21 14:00:00,70.7327880859375
srv-004,2017-06-21 15:00:00,65.7997055053711
srv-004,2017-06-21 16:00:00,68.28353881835938
srv-004,2017-06-21 17:00:00,71.4864273071289
srv-004,2017-06-21 18:00:00,75.65730285644531
srv-004,2017-06-21 19:00:00,73.37212371826172
srv-004,2017-06-21 20:00:00,68.06476593017578
srv-004,2017-06-21 21:00:00,71.8006820678711
srv-004,2017-06-21 22:00:00,69.12525177001953
srv-004,2017-06-21 23:00:00,70.14591217041016
srv-004,2017-06-22 00:00:00,63.92829895019531
srv-004,2017-06-22 01:00:00,66.21735382080078
srv-004,2017-06-22 02:00:00,62.29894256591797
srv-004,2017-06-22 03:00:00,64.44448852539062
srv-004,2017-06-22 04:00:00,70.07681274414062
srv-004,2017-06-22 05:00:00,71.24735260009766
srv-004,2017-06-22 06:00:00,68.36865234375
srv-004,2017-06-22 07:00:00,73.69013214111328
srv-004,2017-06-22 08:00:00,69.73178100585938
srv-004,2017-06-22 09:00:00,66.821044921875
srv-004,2017-06-22 10:00:00,64.64202880859375
srv-004,2017-06-22 11:00:00,64.33404541015625
srv-004,2017-06-22 12:00:00,67.23664855957031
srv-004,2017-06-22 13:00:00,67.68948364257812
srv-004,2017-06-22 14:00:00,64.4072036743164
srv-004,2017-06-22 15:00:00,62.08883285522461
srv-004,2017-06-22 16:00:00,66.57391357421875
srv-004,2017-06-22 17:00:00,64.95289611816406
srv-004,2017-06-22 18:00:00,69.1395263671875
srv-004,2017-06-22 19:00:00,65.46697235107422
srv-004,2017-06-22 20:00:00,65.7894287109375
srv-004,2017-06-22 21:00:00,62.882354736328125
srv-004,2017-06-22 22:00:00,61.934791564941406
srv-004,2017-06-22 23:00:00,59.09282684326172
srv-004,2017-06-23 00:00:00,59.15756607055664
srv-004,2017-06-23 01:00:00,62.37086486816406
srv-004,2017-06-23 02:00:00,58.819740295410156
srv-004,2017-06-23 03:00:00,61.5521240234375
srv-004,2017-06-23 04:00:00,56.904273986816406
srv-004,2017-06-23 05:00:00,60.94396209716797
srv-004,2017-06-23 06:00:00,62.17414855957031
srv-004,2017-06-23 07:00:00,64.9480209350586
srv-004,2017-06-23 08:00:00,68.22319793701172
srv-004,2017-06-23 09:00:00,67.92952728271484
srv-004,2017-06-23 10:00:00,68.09990692138672
srv-004,2017-06-23 11:00:00,71.28025817871094
srv-004,2017-06-23 12:00:00,70.77591705322266
srv-004,2017-06-23 13:00:00,64.15711975097656
srv-004,2017-06-23 14:00:00,67.47447967529297
srv-004,2017-06-23 15:00:00,68.56604766845703
srv-004,2017-06-23 16:00:00,64.11407470703125
srv-004,2017-06-23 17:00:00,63.93748474121094
srv-004,2017-06-23 18:00:00,59.847843170166016
srv-004,2017-06-23 19:00:00,68.92620086669922
srv-004,2017-06-23 20:00:00,65.00318908691406
srv-004,2017-06-23 21:00:00,59.60960388183594
srv-004,2017-06-23 22:00:00,57.666046142578125
srv-004,2017-06-23 23:00:00,59.39366912841797
srv-004,2017-06-24 00:00:00,61.774436950683594
srv-004,2017-06-24 01:00:00,64.50426483154297
srv-004,2017-06-24 02:00:00,65.07676696777344
srv-004,2017-06-24 03:00:00,66.7880630493164
srv-004,2017-06-24 04:00:00,69.60541534423828
srv-004,2017-06-24 05:00:00,66.8520736694336
srv-004,2017-06-24 06:00:00,61.909263610839844
srv-004,2017-06-24 07:00:00,61.19744873046875
srv-004,2017-06-24 08:00:00,63.470550537109375
srv-004,2017-06-24 09:00:00,62.706809997558594
srv-004,2017-06-24 10:00:00,64.95297241210938
srv-004,2017-06-24 11:00:00,68.62413024902344
srv-004,2017-06-24 12:00:00,67.30023956298828
srv-004,2017-06-24 13:00:00,63.187374114990234
srv-004,2017-06-24 14:00:00,62.13666534423828
srv-004,2017-06-24 15:00:00,60.55348205566406
srv-004,2017-06-24 16:00:00,61.5434455871582
srv-004,2017-06-24 17:00:00,64.6004867553711
srv-004,2017-06-24 18:00:00,66.21416473388672
srv-004,2017-06-24 19:00:00,66.9837417602539
srv-004,2017-06-24 20:00:00,61.405677795410156
srv-004,2017-06-24 21:00:00,62.738826751708984
srv-004,2017-06-24 22:00:00,61.245399475097656
srv-004,2017-06-24 23:00:00,56.50791931152344
srv-004,2017-06-25 00:00:00,53.783164978027344
srv-004,2017-06-25 01:00:00,52.554054260253906
srv-004,2017-06-25 02:00:00,56.66008758544922
srv-004,2017-06-25 03:00:00,59.233055114746094
srv-004,2017-06-25 04:00:00,59.550601959228516
srv-004,2017-06-25 05:00:00,56.10208511352539
srv-004,2017-06-25 06:00:00,54.43537902832031
srv-004,2017-06-25 07:00:00,53.366180419921875
srv-004,2017-06-25 08:00:00,53.463504791259766
srv-004,2017-06-25 09:00:00,57.79802703857422
srv-004,2017-06-25 10:00:00,58.92230987548828
srv-004,2017-06-25 11:00:00,63.91687774658203
srv-004,2017-06-25 12:00:00,65.8590316772461
srv-004,2017-06-25 13:00:00,66.38525390625
srv-004,2017-06-25 14:00:00,64.09003448486328
srv-004,2017-06-25 15:00:00,63.27350616455078
srv-004,2017-06-25 16:00:00,62.37689208984375
srv-004,2017-06-25 17:00:00,61.151206970214844
srv-004,2017-06-25 18:00:00,67.78113555908203
srv-004,2017-06-25 19:00:00,65.7141342163086
srv-004,2017-06-25 20:00:00,69.7819595336914
srv-004,2017-06-25 21:00:00,64.63179016113281
srv-004,2017-06-25 22:00:00,65.81277465820312
srv-004,2017-06-25 23:00:00,60.78863525390625
srv-004,2017-06-26 00:00:00,61.60549545288086
srv-004,2017-06-26 01:00:00,56.71172332763672
srv-004,2017-06-26 02:00:00,56.741600036621094
srv-004,2017-06-26 03:00:00,65.57814025878906
srv-004,2017-06-26 04:00:00,64.65580749511719
srv-004,2017-06-26 05:00:00,61.244571685791016
srv-004,2017-06-26 06:00:00,61.23152160644531
srv-004,2017-06-26 07:00:00,63.195030212402344
srv-004,2017-06-26 08:00:00,65.91522979736328
srv-004,2017-06-26 09:00:00,68.69312286376953
srv-004,2017-06-26 10:00:00,65.8565444946289
srv-004,2017-06-26 11:00:00,72.20406341552734
srv-004,2017-06-26 12:00:00,69.8533706665039
srv-004,2017-06-26 13:00:00,66.96976470947266
srv-004,2017-06-26 14:00:00,62.68850326538086
srv-004,2017-06-26 15:00:00,59.09741973876953
srv-004,2017-06-26 16:00:00,66.120361328125
srv-004,2017-06-26 17:00:00,65.67005157470703
srv-004,2017-06-26 18:00:00,66.88433074951172
srv-004,2017-06-26 19:00:00,68.67903137207031
srv-004,2017-06-26 20:00:00,72.13530731201172
srv-004,2017-06-26 21:00:00,74.2977294921875
srv-004,2017-06-26 22:00:00,69.28559875488281
srv-004,2017-06-26 23:00:00,66.70922088623047
srv-004,2017-06-27 00:00:00,65.20368194580078
srv-004,2017-06-27 01:00:00,64.92888641357422
srv-004,2017-06-27 02:00:00,66.41145324707031
srv-004,2017-06-27 03:00:00,67.62562561035156
srv-004,2017-06-27 04:00:00,75.60157012939453
srv-004,2017-06-27 05:00:00,75.1178970336914
srv-004,2017-06-27 06:00:00,73.6774673461914
srv-004,2017-06-27 07:00:00,67.3702163696289
srv-004,2017-06-27 08:00:00,68.0217056274414
srv-004,2017-06-27 09:00:00,66.13744354248047
srv-004,2017-06-27 10:00:00,70.25328826904297
srv-004,2017-06-27 11:00:00,71.67310333251953
srv-004,2017-06-27 12:00:00,74.75384521484375
srv-004,2017-06-27 13:00:00,73.52472686767578
srv-004,2017-06-27 14:00:00,74.24909210205078
srv-004,2017-06-27 15:00:00,71.83406066894531
srv-004,2017-06-27 16:00:00,67.81192016601562
srv-004,2017-06-27 17:00:00,70.83574676513672
srv-004,2017-06-27 18:00:00,74.62188720703125
srv-004,2017-06-27 19:00:00,71.2370376586914
srv-004,2017-06-27 20:00:00,69.23468780517578
srv-004,2017-06-27 21:00:00,77.87377166748047
srv-004,2017-06-27 22:00:00,70.44345092773438
srv-004,2017-06-27 23:00:00,68.98833465576172
srv-004,2017-06-28 00:00:00,67.95496368408203
srv-004,2017-06-28 01:00:00,69.50786590576172
srv-004,2017-06-28 02:00:00,68.58155822753906
srv-004,2017-06-28 03:00:00,65.8895263671875
srv-004,2017-06-28 04:00:00,67.4630126953125
srv-004,2017-06-28 05:00:00,72.31147003173828
srv-004,2017-06-28 06:00:00,70.24005126953125
srv-004,2017-06-28 07:00:00,72.549072265625
srv-004,2017-06-28 08:00:00,65.98676300048828
srv-004,2017-06-28 09:00:00,62.64409637451172
srv-004,2017-06-28 10:00:00,66.41313934326172
srv-004,2017-06-28 11:00:00,64.29608154296875
srv-004,2017-06-28 12:00:00,67.60919189453125
srv-004,2017-06-28 13:00:00,65.57130432128906
srv-004,2017-06-28 14:00:00,69.91693115234375
srv-004,2017-06-28 15:00:00,68.08503723144531
srv-004,2017-06-28 16:00:00,61.38811111450195
srv-004,2017-06-28 17:00:00,61.36567687988281
srv-004,2017-06-28 18:00:00,66.21437072753906
srv-004,2017-06-28 19:00:00,65.01612091064453
srv-004,2017-06-28 20:00:00,64.14112854003906
srv-004,2017-06-28 21:00:00,61.174293518066406
srv-004,2017-06-28 22:00:00,65.73757934570312
srv-004,2017-06-28 23:00:00,62.56736755371094
srv-004,2017-06-29 00:00:00,63.04779815673828
srv-004,2017-06-29 01:00:00,63.553321838378906
srv-004,2017-06-29 02:00:00,58.16353225708008
srv-004,2017-06-29 03:00:00,58.33855438232422
srv-004,2017-06-29 04:00:00,63.450408935546875
srv-004,2017-06-29 05:00:00,66.40015411376953
srv-004,2017-06-29 06:00:00,59.376102447509766
srv-004,2017-06-29 07:00:00,60.36003112792969
srv-004,2017-06-29 08:00:00,63.31434631347656
srv-004,2017-06-29 09:00:00,61.413795471191406
srv-004,2017-06-29 10:00:00,59.11106872558594
srv-004,2017-06-29 11:00:00,59.12642288208008
srv-004,2017-06-29 12:00:00,61.98002624511719
srv-004,2017-06-29 13:00:00,61.09601593017578
srv-004,2017-06-29 14:00:00,65.86827087402344
srv-004,2017-06-29 15:00:00,65.35135650634766
srv-004,2017-06-29 16:00:00,59.07366943359375
srv-004,2017-06-29 17:00:00,63.657073974609375
srv-004,2017-06-29 18:00:00,61.888607025146484
srv-004,2017-06-29 19:00:00,70.2266616821289
srv-004,2017-06-29 20:00:00,61.21419906616211
srv-004,2017-06-29 21:00:00,57.396236419677734
srv-004,2017-06-29 22:00:00,57.91648864746094
srv-004,2017-06-29 23:00:00,60.7014045715332
srv-004,2017-06-30 00:00:00,63.00973892211914
srv-004,2017-06-30 01:00:00,60.47393798828125
srv-004,2017-06-30 02:00:00,64.19619750976562
srv-004,2017-06-30 03:00:00,62.944801330566406
srv-004,2017-06-30 04:00:00,64.58367919921875
srv-004,2017-06-30 05:00:00,65.87096405029297
srv-004,2017-06-30 06:00:00,60.26616668701172
srv-004,2017-06-30 07:00:00,60.213165283203125
srv-004,2017-06-30 08:00:00,59.71316146850586
srv-004,2017-06-30 09:00:00,57.31257629394531
srv-004,2017-06-30 10:00:00,59.443397521972656
srv-004,2017-06-30 11:00:00,61.891056060791016
srv-004,2017-06-30 12:00:00,59.38763427734375
srv-004,2017-06-30 13:00:00,55.209869384765625
srv-004,2017-06-30 14:00:00,56.942909240722656
srv-004,2017-06-30 15:00:00,63.41692352294922
srv-004,2017-06-30 16:00:00,63.51120376586914
srv-004,2017-06-30 17:00:00,58.636497497558594
srv-004,2017-06-30 18:00:00,59.76401901245117
srv-004,2017-06-30 19:00:00,60.57373809814453
srv-004,2017-06-30 20:00:00,62.24432373046875
srv-004,2017-06-30 21:00:00,57.56245422363281
srv-004,2017-06-30 22:00:00,56.200401306152344
srv-004,2017-06-30 23:00:00,56.35505676269531
srv-005,2017-06-01 23:00:00,49.151546478271484
srv-005,2017-06-02 00:00:00,48.035953521728516
srv-005,2017-06-02 01:00:00,51.78649139404297
srv-005,2017-06-02 02:00:00,49.71308135986328
srv-005,2017-06-02 03:00:00,47.172340393066406
srv-005,2017-06-02 04:00:00,47.37183380126953
srv-005,2017-06-02 05:00:00,48.83436584472656
srv-005,2017-06-02 06:00:00,47.729881286621094
srv-005,2017-06-02 07:00:00,44.93864059448242
srv-005,2017-06-02 08:00:00,45.332740783691406
srv-005,2017-06-02 09:00:00,45.003211975097656
srv-005,2017-06-02 10:00:00,45.729793548583984
srv-005,2017-06-02 11:00:00,45.82195281982422
srv-005,2017-06-02 12:00:00,43.1246337890625
srv-005,2017-06-02 13:00:00,43.134918212890625
srv-005,2017-06-02 14:00:00,44.23839569091797
srv-005,2017-06-02 15:00:00,44.046974182128906
srv-005,2017-06-02 16:00:00,44.461517333984375
srv-005,2017-06-02 17:00:00,45.82012176513672
srv-005,2017-06-02 18:00:00,44.96265411376953
srv-005,2017-06-02 19:00:00,43.20831298828125
srv-005,2017-06-02 20:00:00,43.48704528808594
srv-005,2017-06-02 21:00:00,42.48661804199219
srv-005,2017-06-02 22:00:00,42.792205810546875
srv-005,2017-06-02 23:00:00,42.93035888671875
srv-005,2017-06-03 00:00:00,42.88520812988281
srv-005,2017-06-03 01:00:00,44.15686798095703
srv-005,2017-06-03 02:00:00,43.81006622314453
srv-005,2017-06-03 03:00:00,42.90635681152344
srv-005,2017-06-03 04:00:00,43.65274429321289
srv-005,2017-06-03 05:00:00,43.83395004272461
srv-005,2017-06-03 06:00:00,43.753231048583984
srv-005,2017-06-03 07:00:00,44.06427764892578
srv-005,2017-06-03 08:00:00,44.60539245605469
srv-005,2017-06-03 09:00:00,43.843467712402344
srv-005,2017-06-03 10:00:00,45.20111846923828
srv-005,2017-06-03 11:00:00,46.73347473144531
srv-005,2017-06-03 12:00:00,46.11487579345703
srv-005,2017-06-03 13:00:00,46.02660369873047
srv-005,2017-06-03 14:00:00,46.52457809448242
srv-005,2017-06-03 15:00:00,46.047706604003906
srv-005,2017-06-03 16:00:00,46.021263122558594
srv-005,2017-06-03 17:00:00,44.74932098388672
srv-005,2017-06-03 18:00:00,45.096343994140625
srv-005,2017-06-03 19:00:00,48.809104919433594
srv-005,2017-06-03 20:00:00,47.065895080566406
srv-005,2017-06-03 21:00:00,45.92002868652344
srv-005,2017-06-03 22:00:00,43.48051452636719
srv-005,2017-06-03 23:00:00,44.371009826660156
srv-005,2017-06-04 00:00:00,44.87828063964844
srv-005,2017-06-04 01:00:00,45.107940673828125
srv-005,2017-06-04 02:00:00,45.43770980834961
srv-005,2017-06-04 03:00:00,45.60662841796875
srv-005,2017-06-04 04:00:00,46.791831970214844
srv-005,2017-06-04 05:00:00,47.47362518310547
srv-005,2017-06-04 06:00:00,46.53355407714844
srv-005,2017-06-04 07:00:00,46.529300689697266
srv-005,2017-06-04 08:00:00,45.49177551269531
srv-005,2017-06-04 09:00:00,44.010528564453125
srv-005,2017-06-04 10:00:00,45.18110656738281
srv-005,2017-06-04 11:00:00,46.522056579589844
srv-005,2017-06-04 12:00:00,45.84364318847656
srv-005,2017-06-04 13:00:00,47.63262939453125
srv-005,2017-06-04 14:00:00,46.60285949707031
srv-005,2017-06-04 15:00:00,45.674896240234375
srv-005,2017-06-04 16:00:00,45.73296356201172
srv-005,2017-06-04 17:00:00,45.72496032714844
srv-005,2017-06-04 18:00:00,44.82505798339844
srv-005,2017-06-04 19:00:00,45.53731155395508
srv-005,2017-06-04 20:00:00,45.48952865600586
srv-005,2017-06-04 21:00:00,46.58619689941406
srv-005,2017-06-04 22:00:00,46.84727478027344
srv-005,2017-06-04 23:00:00,46.74212646484375
srv-005,2017-06-05 00:00:00,45.05009460449219
srv-005,2017-06-05 01:00:00,44.093997955322266
srv-005,2017-06-05 02:00:00,44.515960693359375
srv-005,2017-06-05 03:00:00,44.72320556640625
srv-005,2017-06-05 04:00:00,44.86375427246094
srv-005,2017-06-05 05:00:00,44.270912170410156
srv-005,2017-06-05 06:00:00,45.47692108154297
srv-005,2017-06-05 07:00:00,46.313720703125
srv-005,2017-06-05 08:00:00,44.90306091308594
srv-005,2017-06-05 09:00:00,45.35755157470703
srv-005,2017-06-05 10:00:00,46.27558898925781
srv-005,2017-06-05 11:00:00,45.511573791503906
srv-005,2017-06-05 12:00:00,45.73416519165039
srv-005,2017-06-05 13:00:00,44.96003341674805
srv-005,2017-06-05 14:00:00,46.492332458496094
srv-005,2017-06-05 15:00:00,46.605506896972656
srv-005,2017-06-05 16:00:00,46.202388763427734
srv-005,2017-06-05 17:00:00,46.38134002685547
srv-005,2017-06-05 18:00:00,45.75820541381836
srv-005,2017-06-05 19:00:00,46.44013977050781
srv-005,2017-06-05 20:00:00,46.23966598510742
srv-005,2017-06-05 21:00:00,45.79343032836914
srv-005,2017-06-05 22:00:00,46.10169219970703
srv-005,2017-06-05 23:00:00,45.690704345703125
srv-005,2017-06-06 00:00:00,45.265464782714844
srv-005,2017-06-06 01:00:00,46.786407470703125
srv-005,2017-06-06 02:00:00,46.657325744628906
srv-005,2017-06-06 03:00:00,46.40753173828125
srv-005,2017-06-06 04:00:00,47.376914978027344
srv-005,2017-06-06 05:00:00,46.462005615234375
srv-005,2017-06-06 06:00:00,47.17767333984375
srv-005,2017-06-06 07:00:00,46.890079498291016
srv-005,2017-06-06 08:00:00,46.88871765136719
srv-005,2017-06-06 09:00:00,46.167999267578125
srv-005,2017-06-06 10:00:00,45.563568115234375
srv-005,2017-06-06 11:00:00,44.692909240722656
srv-005,2017-06-06 12:00:00,46.32177734375
srv-005,2017-06-06 13:00:00,47.288421630859375
srv-005,2017-06-06 14:00:00,46.18263244628906
srv-005,2017-06-06 15:00:00,45.581993103027344
srv-005,2017-06-06 16:00:00,46.133460998535156
srv-005,2017-06-06 17:00:00,46.46565246582031
srv-005,2017-06-06 18:00:00,45.99529266357422
srv-005,2017-06-06 19:00:00,46.16816711425781
srv-005,2017-06-06 20:00:00,45.74213409423828
srv-005,2017-06-06 21:00:00,45.79962158203125
srv-005,2017-06-06 22:00:00,46.66724395751953
srv-005,2017-06-06 23:00:00,46.04564666748047
srv-005,2017-06-07 00:00:00,45.959144592285156
srv-005,2017-06-07 01:00:00,47.896141052246094
srv-005,2017-06-07 02:00:00,46.40058517456055
srv-005,2017-06-07 03:00:00,46.44974899291992
srv-005,2017-06-07 04:00:00,46.563934326171875
srv-005,2017-06-07 05:00:00,45.90076446533203
srv-005,2017-06-07 06:00:00,45.90586471557617
srv-005,2017-06-07 07:00:00,46.526092529296875
srv-005,2017-06-07 08:00:00,45.563865661621094
srv-005,2017-06-07 09:00:00,45.727474212646484
srv-005,2017-06-07 10:00:00,46.320091247558594
srv-005,2017-06-07 11:00:00,47.00285339355469
srv-005,2017-06-07 12:00:00,46.654544830322266
srv-005,2017-06-07 13:00:00,45.33290100097656
srv-005,2017-06-07 14:00:00,46.57524871826172
srv-005,2017-06-07 15:00:00,47.75324249267578
srv-005,2017-06-07 16:00:00,46.89356231689453
srv-005,2017-06-07 17:00:00,46.267337799072266
srv-005,2017-06-07 18:00:00,46.26870346069336
srv-005,2017-06-07 19:00:00,44.71831130981445
srv-005,2017-06-07 20:00:00,44.47947692871094
srv-005,2017-06-07 21:00:00,45.4355583190918
srv-005,2017-06-07 22:00:00,44.356319427490234
srv-005,2017-06-07 23:00:00,45.26066970825195
srv-005,2017-06-08 00:00:00,45.898319244384766
srv-005,2017-06-08 01:00:00,47.16130828857422
srv-005,2017-06-08 02:00:00,46.705875396728516
srv-005,2017-06-08 03:00:00,46.032615661621094
srv-005,2017-06-08 04:00:00,46.6022834777832
srv-005,2017-06-08 05:00:00,45.73463439941406
srv-005,2017-06-08 06:00:00,45.97129440307617
srv-005,2017-06-08 07:00:00,46.65327453613281
srv-005,2017-06-08 08:00:00,46.19853973388672
srv-005,2017-06-08 09:00:00,46.28522872924805
srv-005,2017-06-08 10:00:00,47.03792953491211
srv-005,2017-06-08 11:00:00,45.86681365966797
srv-005,2017-06-08 12:00:00,45.3505744934082
srv-005,2017-06-08 13:00:00,44.505287170410156
srv-005,2017-06-08 14:00:00,45.448307037353516
srv-005,2017-06-08 15:00:00,44.94432067871094
srv-005,2017-06-08 16:00:00,44.563636779785156
srv-005,2017-06-08 17:00:00,48.77550506591797
srv-005,2017-06-08 18:00:00,47.62497329711914
srv-005,2017-06-08 19:00:00,45.16579818725586
srv-005,2017-06-08 20:00:00,44.27790069580078
srv-005,2017-06-08 21:00:00,42.666542053222656
srv-005,2017-06-08 22:00:00,43.58790588378906
srv-005,2017-06-08 23:00:00,43.74848937988281
srv-005,2017-06-09 00:00:00,44.326316833496094
srv-005,2017-06-09 01:00:00,44.363616943359375
srv-005,2017-06-09 02:00:00,44.72148132324219
srv-005,2017-06-09 03:00:00,45.29499053955078
srv-005,2017-06-09 04:00:00,44.702354431152344
srv-005,2017-06-09 05:00:00,45.25596618652344
srv-005,2017-06-09 06:00:00,44.34209060668945
srv-005,2017-06-09 07:00:00,43.21821212768555
srv-005,2017-06-09 08:00:00,44.437923431396484
srv-005,2017-06-09 09:00:00,45.47044372558594
srv-005,2017-06-09 10:00:00,44.93487548828125
srv-005,2017-06-09 11:00:00,45.29077911376953
srv-005,2017-06-09 12:00:00,44.965248107910156
srv-005,2017-06-09 13:00:00,44.87190628051758
srv-005,2017-06-09 14:00:00,44.75645446777344
srv-005,2017-06-09 15:00:00,44.48394012451172
srv-005,2017-06-09 16:00:00,43.09352111816406
srv-005,2017-06-09 17:00:00,43.94264221191406
srv-005,2017-06-09 18:00:00,45.00394821166992
srv-005,2017-06-09 19:00:00,44.22673034667969
srv-005,2017-06-09 20:00:00,44.12500762939453
srv-005,2017-06-09 21:00:00,44.800113677978516
srv-005,2017-06-09 22:00:00,43.89356231689453
srv-005,2017-06-09 23:00:00,43.00292205810547
srv-005,2017-06-10 00:00:00,42.91815948486328
srv-005,2017-06-10 01:00:00,43.29029846191406
srv-005,2017-06-10 02:00:00,44.8069953918457
srv-005,2017-06-10 03:00:00,44.758949279785156
srv-005,2017-06-10 04:00:00,43.104530334472656
srv-005,2017-06-10 05:00:00,43.396484375
srv-005,2017-06-10 06:00:00,43.27616882324219
srv-005,2017-06-10 07:00:00,43.850807189941406
srv-005,2017-06-10 08:00:00,44.81305694580078
srv-005,2017-06-10 09:00:00,43.76747131347656
srv-005,2017-06-10 10:00:00,43.744842529296875
srv-005,2017-06-10 11:00:00,45.275413513183594
srv-005,2017-06-10 12:00:00,45.744300842285156
srv-005,2017-06-10 13:00:00,46.92963409423828
srv-005,2017-06-10 14:00:00,46.17097091674805
srv-005,2017-06-10 15:00:00,47.38152313232422
srv-005,2017-06-10 16:00:00,47.31635665893555
srv-005,2017-06-10 17:00:00,47.33320999145508
srv-005,2017-06-10 18:00:00,46.54541015625
srv-005,2017-06-10 19:00:00,45.669342041015625
srv-005,2017-06-10 20:00:00,46.41583251953125
srv-005,2017-06-10 21:00:00,46.36520004272461
srv-005,2017-06-10 22:00:00,45.34185791015625
srv-005,2017-06-10 23:00:00,45.47516632080078
srv-005,2017-06-11 00:00:00,44.05210876464844
srv-005,2017-06-11 01:00:00,45.4575080871582
srv-005,2017-06-11 02:00:00,45.824974060058594
srv-005,2017-06-11 03:00:00,45.20914840698242
srv-005,2017-06-11 04:00:00,44.29438781738281
srv-005,2017-06-11 05:00:00,45.712425231933594
srv-005,2017-06-11 06:00:00,45.373077392578125
srv-005,2017-06-11 07:00:00,45.43690872192383
srv-005,2017-06-11 08:00:00,46.31843566894531
srv-005,2017-06-11 09:00:00,46.337867736816406
srv-005,2017-06-11 10:00:00,46.567054748535156
srv-005,2017-06-11 11:00:00,45.869171142578125
srv-005,2017-06-11 12:00:00,45.933128356933594
srv-005,2017-06-11 13:00:00,47.515892028808594
srv-005,2017-06-11 14:00:00,47.76971435546875
srv-005,2017-06-11 15:00:00,46.2137451171875
srv-005,2017-06-11 16:00:00,45.38026428222656
srv-005,2017-06-11 17:00:00,45.853126525878906
srv-005,2017-06-11 18:00:00,45.79780578613281
srv-005,2017-06-11 19:00:00,45.01538848876953
srv-005,2017-06-11 20:00:00,46.203243255615234
srv-005,2017-06-11 21:00:00,45.879364013671875
srv-005,2017-06-11 22:00:00,45.29775619506836
srv-005,2017-06-11 23:00:00,45.655738830566406
srv-005,2017-06-12 00:00:00,43.044654846191406
srv-005,2017-06-12 01:00:00,43.649391174316406
srv-005,2017-06-12 02:00:00,43.863128662109375
srv-005,2017-06-12 03:00:00,45.274879455566406
srv-005,2017-06-12 04:00:00,45.4327392578125
srv-005,2017-06-12 05:00:00,46.8435173034668
srv-005,2017-06-12 06:00:00,47.277137756347656
srv-005,2017-06-12 07:00:00,47.02174377441406
srv-005,2017-06-12 08:00:00,47.018310546875
srv-005,2017-06-12 09:00:00,46.17327117919922
srv-005,2017-06-12 10:00:00,44.12260437011719
srv-005,2017-06-12 11:00:00,44.99951934814453
srv-005,2017-06-12 12:00:00,45.51203155517578
srv-005,2017-06-12 13:00:00,45.17539596557617
srv-005,2017-06-12 14:00:00,46.19916534423828
srv-005,2017-06-12 15:00:00,46.148399353027344
srv-005,2017-06-12 16:00:00,46.94828414916992
srv-005,2017-06-12 17:00:00,46.83142852783203
srv-005,2017-06-12 18:00:00,46.254634857177734
srv-005,2017-06-12 19:00:00,46.69609832763672
srv-005,2017-06-12 20:00:00,45.89697265625
srv-005,2017-06-12 21:00:00,46.159278869628906
srv-005,2017-06-12 22:00:00,46.364662170410156
srv-005,2017-06-12 23:00:00,46.16053009033203
srv-005,2017-06-13 00:00:00,47.03871536254883
srv-005,2017-06-13 01:00:00,47.009986877441406
srv-005,2017-06-13 02:00:00,46.19355010986328
srv-005,2017-06-13 03:00:00,46.0904426574707
srv-005,2017-06-13 04:00:00,46.5850944519043
srv-005,2017-06-13 05:00:00,46.85075378417969
srv-005,2017-06-13 06:00:00,45.99000930786133
srv-005,2017-06-13 07:00:00,46.047996520996094
srv-005,2017-06-13 08:00:00,47.091331481933594
srv-005,2017-06-13 09:00:00,46.48836898803711
srv-005,2017-06-13 10:00:00,46.00193405151367
srv-005,2017-06-13 11:00:00,45.70353698730469
srv-005,2017-06-13 12:00:00,46.36479568481445
srv-005,2017-06-13 13:00:00,46.264976501464844
srv-005,2017-06-13 14:00:00,45.21332550048828
srv-005,2017-06-13 15:00:00,46.327247619628906
srv-005,2017-06-13 16:00:00,46.546791076660156
srv-005,2017-06-13 17:00:00,46.28557586669922
srv-005,2017-06-13 18:00:00,46.75792694091797
srv-005,2017-06-13 19:00:00,45.256126403808594
srv-005,2017-06-13 20:00:00,46.3006477355957
srv-005,2017-06-13 21:00:00,46.20235061645508
srv-005,2017-06-13 22:00:00,44.53150939941406
srv-005,2017-06-13 23:00:00,46.606590270996094
srv-005,2017-06-14 00:00:00,46.40385437011719
srv-005,2017-06-14 01:00:00,46.70771789550781
srv-005,2017-06-14 02:00:00,45.89813995361328
srv-005,2017-06-14 03:00:00,46.370994567871094
srv-005,2017-06-14 04:00:00,44.82312774658203
srv-005,2017-06-14 05:00:00,45.28654479980469
srv-005,2017-06-14 06:00:00,46.13981246948242
srv-005,2017-06-14 07:00:00,46.081329345703125
srv-005,2017-06-14 08:00:00,46.447715759277344
srv-005,2017-06-14 09:00:00,46.225624084472656
srv-005,2017-06-14 10:00:00,46.219635009765625
srv-005,2017-06-14 11:00:00,45.452476501464844
srv-005,2017-06-14 12:00:00,45.283058166503906
srv-005,2017-06-14 13:00:00,45.09028625488281
srv-005,2017-06-14 14:00:00,45.644718170166016
srv-005,2017-06-14 15:00:00,44.61201858520508
srv-005,2017-06-14 16:00:00,45.980106353759766
srv-005,2017-06-14 17:00:00,46.134071350097656
srv-005,2017-06-14 18:00:00,45.77885437011719
srv-005,2017-06-14 19:00:00,46.77556610107422
srv-005,2017-06-14 20:00:00,46.182373046875
srv-005,2017-06-14 21:00:00,45.87535858154297
srv-005,2017-06-14 22:00:00,45.869239807128906
srv-005,2017-06-14 23:00:00,44.47172546386719
srv-005,2017-06-15 00:00:00,44.7252197265625
srv-005,2017-06-15 01:00:00,45.685001373291016
srv-005,2017-06-15 02:00:00,45.45406723022461
srv-005,2017-06-15 03:00:00,44.87894821166992
srv-005,2017-06-15 04:00:00,44.96047592163086
srv-005,2017-06-15 05:00:00,45.206974029541016
srv-005,2017-06-15 06:00:00,46.93567657470703
srv-005,2017-06-15 07:00:00,46.78251266479492
srv-005,2017-06-15 08:00:00,46.12502670288086
srv-005,2017-06-15 09:00:00,46.40327453613281
srv-005,2017-06-15 10:00:00,46.45167922973633
srv-005,2017-06-15 11:00:00,45.723236083984375
srv-005,2017-06-15 12:00:00,44.421791076660156
srv-005,2017-06-15 13:00:00,44.39278793334961
srv-005,2017-06-15 14:00:00,44.68621826171875
srv-005,2017-06-15 15:00:00,44.68227767944336
srv-005,2017-06-15 16:00:00,45.827247619628906
srv-005,2017-06-15 17:00:00,45.88343811035156
srv-005,2017-06-15 18:00:00,46.06137466430664
srv-005,2017-06-15 19:00:00,46.378990173339844
srv-005,2017-06-15 20:00:00,45.93597412109375
srv-005,2017-06-15 21:00:00,45.70860290527344
srv-005,2017-06-15 22:00:00,45.22614288330078
srv-005,2017-06-15 23:00:00,44.81462860107422
srv-005,2017-06-16 00:00:00,45.941856384277344
srv-005,2017-06-16 01:00:00,45.27324295043945
srv-005,2017-06-16 02:00:00,44.41673278808594
srv-005,2017-06-16 03:00:00,44.70664596557617
srv-005,2017-06-16 04:00:00,44.06837463378906
srv-005,2017-06-16 05:00:00,44.870635986328125
srv-005,2017-06-16 06:00:00,45.10233688354492
srv-005,2017-06-16 07:00:00,45.70566177368164
srv-005,2017-06-16 08:00:00,45.97865676879883
srv-005,2017-06-16 09:00:00,45.66669464111328
srv-005,2017-06-16 10:00:00,45.52355194091797
srv-005,2017-06-16 11:00:00,45.77790451049805
srv-005,2017-06-16 12:00:00,44.655269622802734
srv-005,2017-06-16 13:00:00,43.5838737487793
srv-005,2017-06-16 14:00:00,43.752784729003906
srv-005,2017-06-16 15:00:00,42.97553253173828
srv-005,2017-06-16 16:00:00,43.42241287231445
srv-005,2017-06-16 17:00:00,42.82139587402344
srv-005,2017-06-16 18:00:00,43.062782287597656
srv-005,2017-06-16 19:00:00,43.89165496826172
srv-005,2017-06-16 20:00:00,43.68221664428711
srv-005,2017-06-16 21:00:00,44.47028350830078
srv-005,2017-06-16 22:00:00,44.14483642578125
srv-005,2017-06-16 23:00:00,44.28314208984375
srv-005,2017-06-17 00:00:00,45.712581634521484
srv-005,2017-06-17 01:00:00,44.94487380981445
srv-005,2017-06-17 02:00:00,43.25140380859375
srv-005,2017-06-17 03:00:00,43.59147644042969
srv-005,2017-06-17 04:00:00,43.007667541503906
srv-005,2017-06-17 05:00:00,43.67079544067383
srv-005,2017-06-17 06:00:00,43.31986999511719
srv-005,2017-06-17 07:00:00,43.846920013427734
srv-005,2017-06-17 08:00:00,44.20103454589844
srv-005,2017-06-17 09:00:00,45.065242767333984
srv-005,2017-06-17 10:00:00,44.84808349609375
srv-005,2017-06-17 11:00:00,44.58916091918945
srv-005,2017-06-17 12:00:00,44.605323791503906
srv-005,2017-06-17 13:00:00,46.51604461669922
srv-005,2017-06-17 14:00:00,47.64512634277344
srv-005,2017-06-17 15:00:00,47.755615234375
srv-005,2017-06-17 16:00:00,47.84965896606445
srv-005,2017-06-17 17:00:00,47.38358688354492
srv-005,2017-06-17 18:00:00,47.874794006347656
srv-005,2017-06-17 19:00:00,46.98666000366211
srv-005,2017-06-17 20:00:00,46.395545959472656
srv-005,2017-06-17 21:00:00,45.53206253051758
srv-005,2017-06-17 22:00:00,44.9918098449707
srv-005,2017-06-17 23:00:00,45.98856735229492
srv-005,2017-06-18 00:00:00,45.68511962890625
srv-005,2017-06-18 01:00:00,46.41017150878906
srv-005,2017-06-18 02:00:00,46.50012969970703
srv-005,2017-06-18 03:00:00,46.28630065917969
srv-005,2017-06-18 04:00:00,44.71569061279297
srv-005,2017-06-18 05:00:00,45.11207962036133
srv-005,2017-06-18 06:00:00,45.798912048339844
srv-005,2017-06-18 07:00:00,45.49357604980469
srv-005,2017-06-18 08:00:00,46.2945556640625
srv-005,2017-06-18 09:00:00,45.9820556640625
srv-005,2017-06-18 10:00:00,46.22816848754883
srv-005,2017-06-18 11:00:00,47.200904846191406
srv-005,2017-06-18 12:00:00,46.07799530029297
srv-005,2017-06-18 13:00:00,46.288673400878906
srv-005,2017-06-18 14:00:00,47.5226936340332
srv-005,2017-06-18 15:00:00,46.360191345214844
srv-005,2017-06-18 16:00:00,47.299110412597656
srv-005,2017-06-18 17:00:00,48.370330810546875
srv-005,2017-06-18 18:00:00,48.301658630371094
srv-005,2017-06-18 19:00:00,48.07122802734375
srv-005,2017-06-18 20:00:00,46.25486755371094
srv-005,2017-06-18 21:00:00,47.44597244262695
srv-005,2017-06-18 22:00:00,47.28862380981445
srv-005,2017-06-18 23:00:00,47.204261779785156
srv-005,2017-06-19 00:00:00,43.55821228027344
srv-005,2017-06-19 01:00:00,44.099788665771484
srv-005,2017-06-19 02:00:00,45.22975540161133
srv-005,2017-06-19 03:00:00,44.81892395019531
srv-005,2017-06-19 04:00:00,44.854454040527344
srv-005,2017-06-19 05:00:00,45.04353713989258
srv-005,2017-06-19 06:00:00,46.60643768310547
srv-005,2017-06-19 07:00:00,45.751121520996094
srv-005,2017-06-19 08:00:00,47.090457916259766
srv-005,2017-06-19 09:00:00,47.11940002441406
srv-005,2017-06-19 10:00:00,47.230613708496094
srv-005,2017-06-19 11:00:00,46.22270202636719
srv-005,2017-06-19 12:00:00,45.5444450378418
srv-005,2017-06-19 13:00:00,45.91124725341797
srv-005,2017-06-19 14:00:00,45.603172302246094
srv-005,2017-06-19 15:00:00,46.27590560913086
srv-005,2017-06-19 16:00:00,46.00263977050781
srv-005,2017-06-19 17:00:00,45.410797119140625
srv-005,2017-06-19 18:00:00,45.81256866455078
srv-005,2017-06-19 19:00:00,46.32255935668945
srv-005,2017-06-19 20:00:00,45.171714782714844
srv-005,2017-06-19 21:00:00,46.696510314941406
srv-005,2017-06-19 22:00:00,45.41217041015625
srv-005,2017-06-19 23:00:00,44.05862808227539
srv-005,2017-06-20 00:00:00,46.438995361328125
srv-005,2017-06-20 01:00:00,48.665374755859375
srv-005,2017-06-20 02:00:00,48.312835693359375
srv-005,2017-06-20 03:00:00,47.58784103393555
srv-005,2017-06-20 04:00:00,47.208221435546875
srv-005,2017-06-20 05:00:00,46.848323822021484
srv-005,2017-06-20 06:00:00,47.08080291748047
srv-005,2017-06-20 07:00:00,46.727684020996094
srv-005,2017-06-20 08:00:00,45.944847106933594
srv-005,2017-06-20 09:00:00,45.35777282714844
srv-005,2017-06-20 10:00:00,46.328433990478516
srv-005,2017-06-20 11:00:00,45.592071533203125
srv-005,2017-06-20 12:00:00,45.75640869140625
srv-005,2017-06-20 13:00:00,45.94048309326172
srv-005,2017-06-20 14:00:00,46.31991958618164
srv-005,2017-06-20 15:00:00,45.308433532714844
srv-005,2017-06-20 16:00:00,45.60163116455078
srv-005,2017-06-20 17:00:00,46.93964385986328
srv-005,2017-06-20 18:00:00,47.23869323730469
srv-005,2017-06-20 19:00:00,46.508453369140625
srv-005,2017-06-20 20:00:00,45.83038330078125
srv-005,2017-06-20 21:00:00,46.58536911010742
srv-005,2017-06-20 22:00:00,45.953102111816406
srv-005,2017-06-20 23:00:00,47.130859375
srv-005,2017-06-21 00:00:00,46.46870422363281
srv-005,2017-06-21 01:00:00,45.48814392089844
srv-005,2017-06-21 02:00:00,45.997276306152344
srv-005,2017-06-21 03:00:00,46.50865936279297
srv-005,2017-06-21 04:00:00,45.31242370605469
srv-005,2017-06-21 05:00:00,45.85468673706055
srv-005,2017-06-21 06:00:00,45.73353576660156
srv-005,2017-06-21 07:00:00,44.79808044433594
srv-005,2017-06-21 08:00:00,45.923606872558594
srv-005,2017-06-21 09:00:00,47.323280334472656
srv-005,2017-06-21 10:00:00,46.624549865722656
srv-005,2017-06-21 11:00:00,46.75572204589844
srv-005,2017-06-21 12:00:00,47.13075637817383
srv-005,2017-06-21 13:00:00,46.807342529296875
srv-005,2017-06-21 14:00:00,46.46221160888672
srv-005,2017-06-21 15:00:00,46.50829315185547
srv-005,2017-06-21 16:00:00,46.312744140625
srv-005,2017-06-21 17:00:00,43.90280532836914
srv-005,2017-06-21 18:00:00,45.10636520385742
srv-005,2017-06-21 19:00:00,45.27286911010742
srv-005,2017-06-21 20:00:00,43.14682388305664
srv-005,2017-06-21 21:00:00,43.945457458496094
srv-005,2017-06-21 22:00:00,45.611572265625
srv-005,2017-06-21 23:00:00,43.887733459472656
srv-005,2017-06-22 00:00:00,44.75407028198242
srv-005,2017-06-22 01:00:00,45.26872253417969
srv-005,2017-06-22 02:00:00,44.02996063232422
srv-005,2017-06-22 03:00:00,45.74075698852539
srv-005,2017-06-22 04:00:00,45.39250946044922
srv-005,2017-06-22 05:00:00,46.41718673706055
srv-005,2017-06-22 06:00:00,46.36476135253906
srv-005,2017-06-22 07:00:00,45.81736755371094
srv-005,2017-06-22 08:00:00,45.99439239501953
srv-005,2017-06-22 09:00:00,44.46722412109375
srv-005,2017-06-22 10:00:00,44.81632995605469
srv-005,2017-06-22 11:00:00,44.72782897949219
srv-005,2017-06-22 12:00:00,43.96171569824219
srv-005,2017-06-22 13:00:00,43.62715148925781
srv-005,2017-06-22 14:00:00,43.87805938720703
srv-005,2017-06-22 15:00:00,43.91562271118164
srv-005,2017-06-22 16:00:00,44.2432861328125
srv-005,2017-06-22 17:00:00,44.00872039794922
srv-005,2017-06-22 18:00:00,44.124977111816406
srv-005,2017-06-22 19:00:00,44.125083923339844
srv-005,2017-06-22 20:00:00,44.886375427246094
srv-005,2017-06-22 21:00:00,44.76831817626953
srv-005,2017-06-22 22:00:00,43.996734619140625
srv-005,2017-06-22 23:00:00,45.01045227050781
srv-005,2017-06-23 00:00:00,44.153404235839844
srv-005,2017-06-23 01:00:00,44.453895568847656
srv-005,2017-06-23 02:00:00,44.21530532836914
srv-005,2017-06-23 03:00:00,44.397178649902344
srv-005,2017-06-23 04:00:00,43.18550109863281
srv-005,2017-06-23 05:00:00,44.33515930175781
srv-005,2017-06-23 06:00:00,44.219608306884766
srv-005,2017-06-23 07:00:00,43.53715133666992
srv-005,2017-06-23 08:00:00,43.42308044433594
srv-005,2017-06-23 09:00:00,42.60246276855469
srv-005,2017-06-23 10:00:00,43.02086639404297
srv-005,2017-06-23 11:00:00,43.64973449707031
srv-005,2017-06-23 12:00:00,43.06072998046875
srv-005,2017-06-23 13:00:00,42.99911880493164
srv-005,2017-06-23 14:00:00,43.21292495727539
srv-005,2017-06-23 15:00:00,43.21058654785156
srv-005,2017-06-23 16:00:00,44.076316833496094
srv-005,2017-06-23 17:00:00,44.23263168334961
srv-005,2017-06-23 18:00:00,44.42782211303711
srv-005,2017-06-23 19:00:00,44.542850494384766
srv-005,2017-06-23 20:00:00,44.34893035888672
srv-005,2017-06-23 21:00:00,44.11980438232422
srv-005,2017-06-23 22:00:00,43.98474884033203
srv-005,2017-06-23 23:00:00,42.83574295043945
srv-005,2017-06-24 00:00:00,43.339847564697266
srv-005,2017-06-24 01:00:00,44.40381622314453
srv-005,2017-06-24 02:00:00,44.34026336669922
srv-005,2017-06-24 03:00:00,44.80030059814453
srv-005,2017-06-24 04:00:00,44.41755294799805
srv-005,2017-06-24 05:00:00,44.17030334472656
srv-005,2017-06-24 06:00:00,44.186927795410156
srv-005,2017-06-24 07:00:00,43.658226013183594
srv-005,2017-06-24 08:00:00,43.465728759765625
srv-005,2017-06-24 09:00:00,44.786834716796875
srv-005,2017-06-24 10:00:00,44.358978271484375
srv-005,2017-06-24 11:00:00,44.18898391723633
srv-005,2017-06-24 12:00:00,44.96703338623047
srv-005,2017-06-24 13:00:00,45.77647399902344
srv-005,2017-06-24 14:00:00,46.68507385253906
srv-005,2017-06-24 15:00:00,46.689552307128906
srv-005,2017-06-24 16:00:00,46.25952911376953
srv-005,2017-06-24 17:00:00,45.766845703125
srv-005,2017-06-24 18:00:00,45.31420135498047
srv-005,2017-06-24 19:00:00,46.28802490234375
srv-005,2017-06-24 20:00:00,46.21235275268555
srv-005,2017-06-24 21:00:00,44.39833068847656
srv-005,2017-06-24 22:00:00,45.26362228393555
srv-005,2017-06-24 23:00:00,44.946197509765625
srv-005,2017-06-25 00:00:00,44.37306213378906
srv-005,2017-06-25 01:00:00,44.29460144042969
srv-005,2017-06-25 02:00:00,44.31612014770508
srv-005,2017-06-25 03:00:00,45.17237091064453
srv-005,2017-06-25 04:00:00,44.738006591796875
srv-005,2017-06-25 05:00:00,44.105552673339844
srv-005,2017-06-25 06:00:00,46.33111572265625
srv-005,2017-06-25 07:00:00,46.33338165283203
srv-005,2017-06-25 08:00:00,46.3175048828125
srv-005,2017-06-25 09:00:00,46.82793426513672
srv-005,2017-06-25 10:00:00,46.97013854980469
srv-005,2017-06-25 11:00:00,46.48139190673828
srv-005,2017-06-25 12:00:00,46.67823028564453
srv-005,2017-06-25 13:00:00,47.26219177246094
srv-005,2017-06-25 14:00:00,46.51295471191406
srv-005,2017-06-25 15:00:00,46.45335388183594
srv-005,2017-06-25 16:00:00,47.12333297729492
srv-005,2017-06-25 17:00:00,44.781394958496094
srv-005,2017-06-25 18:00:00,44.98821258544922
srv-005,2017-06-25 19:00:00,45.880714416503906
srv-005,2017-06-25 20:00:00,45.22557067871094
srv-005,2017-06-25 21:00:00,45.16790771484375
srv-005,2017-06-25 22:00:00,45.46990203857422
srv-005,2017-06-25 23:00:00,45.77943420410156
srv-005,2017-06-26 00:00:00,44.92510223388672
srv-005,2017-06-26 01:00:00,44.49937057495117
srv-005,2017-06-26 02:00:00,44.618492126464844
srv-005,2017-06-26 03:00:00,44.409427642822266
srv-005,2017-06-26 04:00:00,45.56256866455078
srv-005,2017-06-26 05:00:00,45.99029541015625
srv-005,2017-06-26 06:00:00,45.58418655395508
srv-005,2017-06-26 07:00:00,45.04196548461914
srv-005,2017-06-26 08:00:00,45.76237106323242
srv-005,2017-06-26 09:00:00,44.50879669189453
srv-005,2017-06-26 10:00:00,45.77592468261719
srv-005,2017-06-26 11:00:00,45.2866325378418
srv-005,2017-06-26 12:00:00,44.55775451660156
srv-005,2017-06-26 13:00:00,44.72754669189453
srv-005,2017-06-26 14:00:00,45.75794982910156
srv-005,2017-06-26 15:00:00,46.43852996826172
srv-005,2017-06-26 16:00:00,46.09424591064453
srv-005,2017-06-26 17:00:00,45.979888916015625
srv-005,2017-06-26 18:00:00,47.363399505615234
srv-005,2017-06-26 19:00:00,47.06462478637695
srv-005,2017-06-26 20:00:00,46.451873779296875
srv-005,2017-06-26 21:00:00,46.829742431640625
srv-005,2017-06-26 22:00:00,46.29340744018555
srv-005,2017-06-26 23:00:00,47.599578857421875
srv-005,2017-06-27 00:00:00,46.92066955566406
srv-005,2017-06-27 01:00:00,44.6289176940918
srv-005,2017-06-27 02:00:00,45.02845764160156
srv-005,2017-06-27 03:00:00,45.07415771484375
srv-005,2017-06-27 04:00:00,46.06828308105469
srv-005,2017-06-27 05:00:00,45.26479721069336
srv-005,2017-06-27 06:00:00,45.29802703857422
srv-005,2017-06-27 07:00:00,45.278194427490234
srv-005,2017-06-27 08:00:00,45.52674102783203
srv-005,2017-06-27 09:00:00,45.24014663696289
srv-005,2017-06-27 10:00:00,46.67900085449219
srv-005,2017-06-27 11:00:00,46.34837341308594
srv-005,2017-06-27 12:00:00,47.59579849243164
srv-005,2017-06-27 13:00:00,47.1937255859375
srv-005,2017-06-27 14:00:00,47.313377380371094
srv-005,2017-06-27 15:00:00,46.02817916870117
srv-005,2017-06-27 16:00:00,46.21614074707031
srv-005,2017-06-27 17:00:00,44.960906982421875
srv-005,2017-06-27 18:00:00,44.65367889404297
srv-005,2017-06-27 19:00:00,45.35893630981445
srv-005,2017-06-27 20:00:00,45.69331741333008
srv-005,2017-06-27 21:00:00,45.60829162597656
srv-005,2017-06-27 22:00:00,45.916107177734375
srv-005,2017-06-27 23:00:00,44.988182067871094
srv-005,2017-06-28 00:00:00,44.468692779541016
srv-005,2017-06-28 01:00:00,44.98890686035156
srv-005,2017-06-28 02:00:00,46.04738998413086
srv-005,2017-06-28 03:00:00,45.368309020996094
srv-005,2017-06-28 04:00:00,44.1957893371582
srv-005,2017-06-28 05:00:00,45.99302673339844
srv-005,2017-06-28 06:00:00,46.341590881347656
srv-005,2017-06-28 07:00:00,46.559383392333984
srv-005,2017-06-28 08:00:00,46.1768684387207
srv-005,2017-06-28 09:00:00,45.02100372314453
srv-005,2017-06-28 10:00:00,45.37382507324219
srv-005,2017-06-28 11:00:00,45.38867950439453
srv-005,2017-06-28 12:00:00,43.339778900146484
srv-005,2017-06-28 13:00:00,44.36710739135742
srv-005,2017-06-28 14:00:00,44.44331359863281
srv-005,2017-06-28 15:00:00,43.52770233154297
srv-005,2017-06-28 16:00:00,44.28063201904297
srv-005,2017-06-28 17:00:00,43.82297134399414
srv-005,2017-06-28 18:00:00,44.23130798339844
srv-005,2017-06-28 19:00:00,44.53151321411133
srv-005,2017-06-28 20:00:00,44.852176666259766
srv-005,2017-06-28 21:00:00,44.31565475463867
srv-005,2017-06-28 22:00:00,45.23943328857422
srv-005,2017-06-28 23:00:00,45.335540771484375
srv-005,2017-06-29 00:00:00,44.93291473388672
srv-005,2017-06-29 01:00:00,44.93683624267578
srv-005,2017-06-29 02:00:00,45.607521057128906
srv-005,2017-06-29 03:00:00,45.90255355834961
srv-005,2017-06-29 04:00:00,45.22906494140625
srv-005,2017-06-29 05:00:00,45.29982376098633
srv-005,2017-06-29 06:00:00,44.623191833496094
srv-005,2017-06-29 07:00:00,44.998779296875
srv-005,2017-06-29 08:00:00,44.88554763793945
srv-005,2017-06-29 09:00:00,43.30927276611328
srv-005,2017-06-29 10:00:00,44.793251037597656
srv-005,2017-06-29 11:00:00,45.58037185668945
srv-005,2017-06-29 12:00:00,45.221221923828125
srv-005,2017-06-29 13:00:00,44.8092041015625
srv-005,2017-06-29 14:00:00,45.61923599243164
srv-005,2017-06-29 15:00:00,46.46333312988281
srv-005,2017-06-29 16:00:00,45.976375579833984
srv-005,2017-06-29 17:00:00,45.78944396972656
srv-005,2017-06-29 18:00:00,45.889991760253906
srv-005,2017-06-29 19:00:00,46.25102233886719
srv-005,2017-06-29 20:00:00,45.724700927734375
srv-005,2017-06-29 21:00:00,44.04984664916992
srv-005,2017-06-29 22:00:00,44.620948791503906
srv-005,2017-06-29 23:00:00,44.92088317871094
srv-005,2017-06-30 00:00:00,44.40394592285156
srv-005,2017-06-30 01:00:00,43.72837829589844
srv-005,2017-06-30 02:00:00,44.922630310058594
srv-005,2017-06-30 03:00:00,44.092376708984375
srv-005,2017-06-30 04:00:00,44.33642578125
srv-005,2017-06-30 05:00:00,44.379512786865234
srv-005,2017-06-30 06:00:00,44.7876091003418
srv-005,2017-06-30 07:00:00,44.73958206176758
srv-005,2017-06-30 08:00:00,45.39347457885742
srv-005,2017-06-30 09:00:00,45.7020263671875
srv-005,2017-06-30 10:00:00,45.44398880004883
srv-005,2017-06-30 11:00:00,45.36112976074219
srv-005,2017-06-30 12:00:00,45.86145782470703
srv-005,2017-06-30 13:00:00,45.05360794067383
srv-005,2017-06-30 14:00:00,44.95623779296875
srv-005,2017-06-30 15:00:00,44.17279815673828
srv-005,2017-06-30 16:00:00,44.582244873046875
srv-005,2017-06-30 17:00:00,44.47408676147461
srv-005,2017-06-30 18:00:00,45.01044464111328
srv-005,2017-06-30 19:00:00,44.456268310546875
srv-005,2017-06-30 20:00:00,43.70828628540039
srv-005,2017-06-30 21:00:00,43.82951354980469
srv-005,2017-06-30 22:00:00,44.736656188964844
srv-005,2017-06-30 23:00:00,45.807193756103516
srv-006,2017-06-01 23:00:00,68.09732818603516
srv-006,2017-06-02 00:00:00,75.94972229003906
srv-006,2017-06-02 01:00:00,74.72823333740234
srv-006,2017-06-02 02:00:00,75.3537826538086
srv-006,2017-06-02 03:00:00,77.17215728759766
srv-006,2017-06-02 04:00:00,78.43599700927734
srv-006,2017-06-02 05:00:00,78.61739349365234
srv-006,2017-06-02 06:00:00,78.36284637451172
srv-006,2017-06-02 07:00:00,80.73625946044922
srv-006,2017-06-02 08:00:00,81.07727813720703
srv-006,2017-06-02 09:00:00,84.24175262451172
srv-006,2017-06-02 10:00:00,88.80294799804688
srv-006,2017-06-02 11:00:00,94.91919708251953
srv-006,2017-06-02 12:00:00,93.9507827758789
srv-006,2017-06-02 13:00:00,89.12512969970703
srv-006,2017-06-02 14:00:00,90.01228332519531
srv-006,2017-06-02 15:00:00,90.39749145507812
srv-006,2017-06-02 16:00:00,84.14434814453125
srv-006,2017-06-02 17:00:00,85.75511169433594
srv-006,2017-06-02 18:00:00,87.62555694580078
srv-006,2017-06-02 19:00:00,87.65440368652344
srv-006,2017-06-02 20:00:00,84.90506744384766
srv-006,2017-06-02 21:00:00,81.26983642578125
srv-006,2017-06-02 22:00:00,80.63715362548828
srv-006,2017-06-02 23:00:00,78.45767211914062
srv-006,2017-06-03 00:00:00,82.34082794189453
srv-006,2017-06-03 01:00:00,83.79666900634766
srv-006,2017-06-03 02:00:00,84.04174041748047
srv-006,2017-06-03 03:00:00,85.4385757446289
srv-006,2017-06-03 04:00:00,86.21961212158203
srv-006,2017-06-03 05:00:00,87.37129211425781
srv-006,2017-06-03 06:00:00,86.05477142333984
srv-006,2017-06-03 07:00:00,84.76631927490234
srv-006,2017-06-03 08:00:00,86.04363250732422
srv-006,2017-06-03 09:00:00,86.46113586425781
srv-006,2017-06-03 10:00:00,85.47797393798828
srv-006,2017-06-03 11:00:00,85.8596420288086
srv-006,2017-06-03 12:00:00,86.8968505859375
srv-006,2017-06-03 13:00:00,88.24211883544922
srv-006,2017-06-03 14:00:00,89.07148742675781
srv-006,2017-06-03 15:00:00,91.33092498779297
srv-006,2017-06-03 16:00:00,89.70769500732422
srv-006,2017-06-03 17:00:00,89.10433197021484
srv-006,2017-06-03 18:00:00,87.60707092285156
srv-006,2017-06-03 19:00:00,88.52725982666016
srv-006,2017-06-03 20:00:00,87.4847183227539
srv-006,2017-06-03 21:00:00,86.76985168457031
srv-006,2017-06-03 22:00:00,86.35579681396484
srv-006,2017-06-03 23:00:00,87.13465881347656
srv-006,2017-06-04 00:00:00,85.88712310791016
srv-006,2017-06-04 01:00:00,83.84093475341797
srv-006,2017-06-04 02:00:00,85.80870056152344
srv-006,2017-06-04 03:00:00,87.86743927001953
srv-006,2017-06-04 04:00:00,88.54862976074219
srv-006,2017-06-04 05:00:00,86.5053482055664
srv-006,2017-06-04 06:00:00,86.61786651611328
srv-006,2017-06-04 07:00:00,87.52010345458984
srv-006,2017-06-04 08:00:00,89.92515563964844
srv-006,2017-06-04 09:00:00,89.99939727783203
srv-006,2017-06-04 10:00:00,89.01444244384766
srv-006,2017-06-04 11:00:00,90.27852630615234
srv-006,2017-06-04 12:00:00,89.50495147705078
srv-006,2017-06-04 13:00:00,90.40583801269531
srv-006,2017-06-04 14:00:00,83.75775909423828
srv-006,2017-06-04 15:00:00,84.9063949584961
srv-006,2017-06-04 16:00:00,84.9109115600586
srv-006,2017-06-04 17:00:00,85.61563873291016
srv-006,2017-06-04 18:00:00,86.94781494140625
srv-006,2017-06-04 19:00:00,87.7175064086914
srv-006,2017-06-04 20:00:00,87.78723907470703
srv-006,2017-06-04 21:00:00,87.53488159179688
srv-006,2017-06-04 22:00:00,85.58173370361328
srv-006,2017-06-04 23:00:00,85.00855255126953
srv-006,2017-06-05 00:00:00,83.76444244384766
srv-006,2017-06-05 01:00:00,83.40070343017578
srv-006,2017-06-05 02:00:00,84.12332916259766
srv-006,2017-06-05 03:00:00,82.4090347290039
srv-006,2017-06-05 04:00:00,83.69829559326172
srv-006,2017-06-05 05:00:00,81.70746612548828
srv-006,2017-06-05 06:00:00,81.49520111083984
srv-006,2017-06-05 07:00:00,81.79280853271484
srv-006,2017-06-05 08:00:00,85.5398941040039
srv-006,2017-06-05 09:00:00,83.9690933227539
srv-006,2017-06-05 10:00:00,86.54798126220703
srv-006,2017-06-05 11:00:00,87.21809387207031
srv-006,2017-06-05 12:00:00,88.13091278076172
srv-006,2017-06-05 13:00:00,89.54792022705078
srv-006,2017-06-05 14:00:00,94.0003662109375
srv-006,2017-06-05 15:00:00,95.50809478759766
srv-006,2017-06-05 16:00:00,93.97750854492188
srv-006,2017-06-05 17:00:00,88.80635833740234
srv-006,2017-06-05 18:00:00,93.13924407958984
srv-006,2017-06-05 19:00:00,94.9766616821289
srv-006,2017-06-05 20:00:00,94.05682373046875
srv-006,2017-06-05 21:00:00,92.28411865234375
srv-006,2017-06-05 22:00:00,92.58149719238281
srv-006,2017-06-05 23:00:00,92.07532501220703
srv-006,2017-06-06 00:00:00,91.57343292236328
srv-006,2017-06-06 01:00:00,90.43685150146484
srv-006,2017-06-06 02:00:00,92.4203109741211
srv-006,2017-06-06 03:00:00,91.67015838623047
srv-006,2017-06-06 04:00:00,91.51239776611328
srv-006,2017-06-06 05:00:00,89.1708984375
srv-006,2017-06-06 06:00:00,94.56946563720703
srv-006,2017-06-06 07:00:00,93.85928344726562
srv-006,2017-06-06 08:00:00,94.32904052734375
srv-006,2017-06-06 09:00:00,95.39586639404297
srv-006,2017-06-06 10:00:00,96.06400299072266
srv-006,2017-06-06 11:00:00,95.8113021850586
srv-006,2017-06-06 12:00:00,95.37519073486328
srv-006,2017-06-06 13:00:00,95.65888977050781
srv-006,2017-06-06 14:00:00,96.01873779296875
srv-006,2017-06-06 15:00:00,95.96221160888672
srv-006,2017-06-06 16:00:00,95.7995376586914
srv-006,2017-06-06 17:00:00,95.55036163330078
srv-006,2017-06-06 18:00:00,95.77193450927734
srv-006,2017-06-06 19:00:00,95.21670532226562
srv-006,2017-06-06 20:00:00,95.04893493652344
srv-006,2017-06-06 21:00:00,93.99370574951172
srv-006,2017-06-06 22:00:00,94.63262939453125
srv-006,2017-06-06 23:00:00,92.90989685058594
srv-006,2017-06-07 00:00:00,92.72261047363281
srv-006,2017-06-07 01:00:00,93.20413970947266
srv-006,2017-06-07 02:00:00,95.26040649414062
srv-006,2017-06-07 03:00:00,95.44874572753906
srv-006,2017-06-07 04:00:00,92.9453353881836
srv-006,2017-06-07 05:00:00,89.59100341796875
srv-006,2017-06-07 06:00:00,92.3720703125
srv-006,2017-06-07 07:00:00,94.3291244506836
srv-006,2017-06-07 08:00:00,96.26152801513672
srv-006,2017-06-07 09:00:00,96.33064270019531
srv-006,2017-06-07 10:00:00,96.40462493896484
srv-006,2017-06-07 11:00:00,96.37759399414062
srv-006,2017-06-07 12:00:00,96.3019790649414
srv-006,2017-06-07 13:00:00,95.91114807128906
srv-006,2017-06-07 14:00:00,95.6812515258789
srv-006,2017-06-07 15:00:00,95.3615493774414
srv-006,2017-06-07 16:00:00,94.88352966308594
srv-006,2017-06-07 17:00:00,95.46732330322266
srv-006,2017-06-07 18:00:00,95.64692687988281
srv-006,2017-06-07 19:00:00,95.31319427490234
srv-006,2017-06-07 20:00:00,94.71520233154297
srv-006,2017-06-07 21:00:00,94.46217346191406
srv-006,2017-06-07 22:00:00,93.9112319946289
srv-006,2017-06-07 23:00:00,93.2962875366211
srv-006,2017-06-08 00:00:00,92.5953140258789
srv-006,2017-06-08 01:00:00,91.5514907836914
srv-006,2017-06-08 02:00:00,94.3144760131836
srv-006,2017-06-08 03:00:00,90.31559753417969
srv-006,2017-06-08 04:00:00,92.9663314819336
srv-006,2017-06-08 05:00:00,94.2607650756836
srv-006,2017-06-08 06:00:00,94.32093048095703
srv-006,2017-06-08 07:00:00,93.96034240722656
srv-006,2017-06-08 08:00:00,95.62277221679688
srv-006,2017-06-08 09:00:00,96.00513458251953
srv-006,2017-06-08 10:00:00,95.9797592163086
srv-006,2017-06-08 11:00:00,96.0184097290039
srv-006,2017-06-08 12:00:00,95.87740325927734
srv-006,2017-06-08 13:00:00,95.2541732788086
srv-006,2017-06-08 14:00:00,95.1646728515625
srv-006,2017-06-08 15:00:00,94.93758392333984
srv-006,2017-06-08 16:00:00,95.15128326416016
srv-006,2017-06-08 17:00:00,94.62767028808594
srv-006,2017-06-08 18:00:00,93.82825469970703
srv-006,2017-06-08 19:00:00,94.08951568603516
srv-006,2017-06-08 20:00:00,93.39469146728516
srv-006,2017-06-08 21:00:00,89.35968780517578
srv-006,2017-06-08 22:00:00,89.83181762695312
srv-006,2017-06-08 23:00:00,91.73393249511719
srv-006,2017-06-09 00:00:00,91.39685821533203
srv-006,2017-06-09 01:00:00,93.84188079833984
srv-006,2017-06-09 02:00:00,92.5739974975586
srv-006,2017-06-09 03:00:00,94.2760009765625
srv-006,2017-06-09 04:00:00,93.51007843017578
srv-006,2017-06-09 05:00:00,93.92230987548828
srv-006,2017-06-09 06:00:00,90.75579071044922
srv-006,2017-06-09 07:00:00,89.02320098876953
srv-006,2017-06-09 08:00:00,93.60884094238281
srv-006,2017-06-09 09:00:00,88.72151184082031
srv-006,2017-06-09 10:00:00,86.96968841552734
srv-006,2017-06-09 11:00:00,85.6034164428711
srv-006,2017-06-09 12:00:00,86.85027313232422
srv-006,2017-06-09 13:00:00,88.9696273803711
srv-006,2017-06-09 14:00:00,90.50546264648438
srv-006,2017-06-09 15:00:00,90.87167358398438
srv-006,2017-06-09 16:00:00,88.29620361328125
srv-006,2017-06-09 17:00:00,88.81522369384766
srv-006,2017-06-09 18:00:00,84.72810363769531
srv-006,2017-06-09 19:00:00,85.56814575195312
srv-006,2017-06-09 20:00:00,84.6329345703125
srv-006,2017-06-09 21:00:00,84.29471588134766
srv-006,2017-06-09 22:00:00,79.71979522705078
srv-006,2017-06-09 23:00:00,78.5357437133789
srv-006,2017-06-10 00:00:00,81.77001190185547
srv-006,2017-06-10 01:00:00,84.20702362060547
srv-006,2017-06-10 02:00:00,84.17008209228516
srv-006,2017-06-10 03:00:00,84.87012481689453
srv-006,2017-06-10 04:00:00,82.7325668334961
srv-006,2017-06-10 05:00:00,83.78943634033203
srv-006,2017-06-10 06:00:00,84.61992645263672
srv-006,2017-06-10 07:00:00,84.04857635498047
srv-006,2017-06-10 08:00:00,86.69139099121094
srv-006,2017-06-10 09:00:00,86.7015151977539
srv-006,2017-06-10 10:00:00,87.40291595458984
srv-006,2017-06-10 11:00:00,88.79827117919922
srv-006,2017-06-10 12:00:00,89.78534698486328
srv-006,2017-06-10 13:00:00,92.39828491210938
srv-006,2017-06-10 14:00:00,92.92253112792969
srv-006,2017-06-10 15:00:00,93.06150817871094
srv-006,2017-06-10 16:00:00,93.05866241455078
srv-006,2017-06-10 17:00:00,88.88186645507812
srv-006,2017-06-10 18:00:00,86.90453338623047
srv-006,2017-06-10 19:00:00,85.71839904785156
srv-006,2017-06-10 20:00:00,85.63509368896484
srv-006,2017-06-10 21:00:00,84.9720458984375
srv-006,2017-06-10 22:00:00,84.0481948852539
srv-006,2017-06-10 23:00:00,82.3704605102539
srv-006,2017-06-11 00:00:00,81.17010498046875
srv-006,2017-06-11 01:00:00,81.8853759765625
srv-006,2017-06-11 02:00:00,83.12853240966797
srv-006,2017-06-11 03:00:00,85.48365783691406
srv-006,2017-06-11 04:00:00,82.92098236083984
srv-006,2017-06-11 05:00:00,83.51213836669922
srv-006,2017-06-11 06:00:00,84.48580169677734
srv-006,2017-06-11 07:00:00,85.86837005615234
srv-006,2017-06-11 08:00:00,88.64957427978516
srv-006,2017-06-11 09:00:00,89.29560089111328
srv-006,2017-06-11 10:00:00,89.5252685546875
srv-006,2017-06-11 11:00:00,90.26016235351562
srv-006,2017-06-11 12:00:00,90.26849365234375
srv-006,2017-06-11 13:00:00,90.61524200439453
srv-006,2017-06-11 14:00:00,90.16332244873047
srv-006,2017-06-11 15:00:00,91.0344467163086
srv-006,2017-06-11 16:00:00,87.43020629882812
srv-006,2017-06-11 17:00:00,88.63225555419922
srv-006,2017-06-11 18:00:00,87.8866958618164
srv-006,2017-06-11 19:00:00,89.04196166992188
srv-006,2017-06-11 20:00:00,88.9150161743164
srv-006,2017-06-11 21:00:00,84.9699935913086
srv-006,2017-06-11 22:00:00,84.43746185302734
srv-006,2017-06-11 23:00:00,83.77826690673828
srv-006,2017-06-12 00:00:00,84.20606231689453
srv-006,2017-06-12 01:00:00,80.63947296142578
srv-006,2017-06-12 02:00:00,82.81159210205078
srv-006,2017-06-12 03:00:00,84.92435455322266
srv-006,2017-06-12 04:00:00,85.40706634521484
srv-006,2017-06-12 05:00:00,84.087890625
srv-006,2017-06-12 06:00:00,84.97814178466797
srv-006,2017-06-12 07:00:00,87.13884735107422
srv-006,2017-06-12 08:00:00,91.43856048583984
srv-006,2017-06-12 09:00:00,92.74638366699219
srv-006,2017-06-12 10:00:00,95.40532684326172
srv-006,2017-06-12 11:00:00,95.61052703857422
srv-006,2017-06-12 12:00:00,95.60759735107422
srv-006,2017-06-12 13:00:00,95.87738037109375
srv-006,2017-06-12 14:00:00,95.7015151977539
srv-006,2017-06-12 15:00:00,96.04595184326172
srv-006,2017-06-12 16:00:00,95.9135513305664
srv-006,2017-06-12 17:00:00,95.74620819091797
srv-006,2017-06-12 18:00:00,95.26226043701172
srv-006,2017-06-12 19:00:00,94.70655822753906
srv-006,2017-06-12 20:00:00,89.5509262084961
srv-006,2017-06-12 21:00:00,91.38329315185547
srv-006,2017-06-12 22:00:00,87.94068145751953
srv-006,2017-06-12 23:00:00,88.109619140625
srv-006,2017-06-13 00:00:00,86.74414825439453
srv-006,2017-06-13 01:00:00,89.32813262939453
srv-006,2017-06-13 02:00:00,88.81714630126953
srv-006,2017-06-13 03:00:00,87.75931549072266
srv-006,2017-06-13 04:00:00,88.52902221679688
srv-006,2017-06-13 05:00:00,91.6204605102539
srv-006,2017-06-13 06:00:00,89.73426818847656
srv-006,2017-06-13 07:00:00,91.70516204833984
srv-006,2017-06-13 08:00:00,95.75625610351562
srv-006,2017-06-13 09:00:00,95.6932601928711
srv-006,2017-06-13 10:00:00,95.90128326416016
srv-006,2017-06-13 11:00:00,96.2606430053711
srv-006,2017-06-13 12:00:00,96.38858795166016
srv-006,2017-06-13 13:00:00,96.25659942626953
srv-006,2017-06-13 14:00:00,96.15825653076172
srv-006,2017-06-13 15:00:00,95.99718475341797
srv-006,2017-06-13 16:00:00,96.03884887695312
srv-006,2017-06-13 17:00:00,95.30683135986328
srv-006,2017-06-13 18:00:00,95.48114776611328
srv-006,2017-06-13 19:00:00,95.19864654541016
srv-006,2017-06-13 20:00:00,95.06798553466797
srv-006,2017-06-13 21:00:00,94.2334213256836
srv-006,2017-06-13 22:00:00,91.76484680175781
srv-006,2017-06-13 23:00:00,94.12715911865234
srv-006,2017-06-14 00:00:00,93.95899200439453
srv-006,2017-06-14 01:00:00,94.4052963256836
srv-006,2017-06-14 02:00:00,94.98681640625
srv-006,2017-06-14 03:00:00,95.75540924072266
srv-006,2017-06-14 04:00:00,95.67610931396484
srv-006,2017-06-14 05:00:00,95.93287658691406
srv-006,2017-06-14 06:00:00,96.16780853271484
srv-006,2017-06-14 07:00:00,96.22283172607422
srv-006,2017-06-14 08:00:00,96.25218963623047
srv-006,2017-06-14 09:00:00,96.24813079833984
srv-006,2017-06-14 10:00:00,96.15740966796875
srv-006,2017-06-14 11:00:00,96.21903228759766
srv-006,2017-06-14 12:00:00,96.06543731689453
srv-006,2017-06-14 13:00:00,95.3100357055664
srv-006,2017-06-14 14:00:00,95.10780334472656
srv-006,2017-06-14 15:00:00,95.1947250366211
srv-006,2017-06-14 16:00:00,94.80371856689453
srv-006,2017-06-14 17:00:00,94.46258544921875
srv-006,2017-06-14 18:00:00,94.74433135986328
srv-006,2017-06-14 19:00:00,94.94647216796875
srv-006,2017-06-14 20:00:00,94.73168182373047
srv-006,2017-06-14 21:00:00,94.46216583251953
srv-006,2017-06-14 22:00:00,94.71868133544922
srv-006,2017-06-14 23:00:00,93.43245697021484
srv-006,2017-06-15 00:00:00,93.69671630859375
srv-006,2017-06-15 01:00:00,91.00475311279297
srv-006,2017-06-15 02:00:00,92.51924133300781
srv-006,2017-06-15 03:00:00,90.99771881103516
srv-006,2017-06-15 04:00:00,94.05915832519531
srv-006,2017-06-15 05:00:00,93.69976806640625
srv-006,2017-06-15 06:00:00,95.2694320678711
srv-006,2017-06-15 07:00:00,92.58940887451172
srv-006,2017-06-15 08:00:00,95.56957244873047
srv-006,2017-06-15 09:00:00,95.68497467041016
srv-006,2017-06-15 10:00:00,95.85675811767578
srv-006,2017-06-15 11:00:00,95.7484359741211
srv-006,2017-06-15 12:00:00,96.03125762939453
srv-006,2017-06-15 13:00:00,95.55408477783203
srv-006,2017-06-15 14:00:00,95.3774642944336
srv-006,2017-06-15 15:00:00,95.3403549194336
srv-006,2017-06-15 16:00:00,95.11023712158203
srv-006,2017-06-15 17:00:00,94.9096908569336
srv-006,2017-06-15 18:00:00,94.2728500366211
srv-006,2017-06-15 19:00:00,94.0418701171875
srv-006,2017-06-15 20:00:00,93.90866088867188
srv-006,2017-06-15 21:00:00,93.35137939453125
srv-006,2017-06-15 22:00:00,87.6038589477539
srv-006,2017-06-15 23:00:00,86.71076202392578
srv-006,2017-06-16 00:00:00,87.99111938476562
srv-006,2017-06-16 01:00:00,88.55911254882812
srv-006,2017-06-16 02:00:00,89.49480438232422
srv-006,2017-06-16 03:00:00,87.64278411865234
srv-006,2017-06-16 04:00:00,89.64453887939453
srv-006,2017-06-16 05:00:00,89.60553741455078
srv-006,2017-06-16 06:00:00,87.74694061279297
srv-006,2017-06-16 07:00:00,86.33204650878906
srv-006,2017-06-16 08:00:00,88.23308563232422
srv-006,2017-06-16 09:00:00,89.05377960205078
srv-006,2017-06-16 10:00:00,89.20269012451172
srv-006,2017-06-16 11:00:00,93.49678802490234
srv-006,2017-06-16 12:00:00,94.36148834228516
srv-006,2017-06-16 13:00:00,93.84274291992188
srv-006,2017-06-16 14:00:00,92.7768325805664
srv-006,2017-06-16 15:00:00,93.92630767822266
srv-006,2017-06-16 16:00:00,93.68885040283203
srv-006,2017-06-16 17:00:00,91.9089126586914
srv-006,2017-06-16 18:00:00,86.48941802978516
srv-006,2017-06-16 19:00:00,86.77799224853516
srv-006,2017-06-16 20:00:00,84.12994384765625
srv-006,2017-06-16 21:00:00,85.56047821044922
srv-006,2017-06-16 22:00:00,81.94416809082031
srv-006,2017-06-16 23:00:00,80.3012924194336
srv-006,2017-06-17 00:00:00,82.27703094482422
srv-006,2017-06-17 01:00:00,80.62332916259766
srv-006,2017-06-17 02:00:00,80.67723846435547
srv-006,2017-06-17 03:00:00,82.74369812011719
srv-006,2017-06-17 04:00:00,81.46329498291016
srv-006,2017-06-17 05:00:00,82.96704864501953
srv-006,2017-06-17 06:00:00,82.93441772460938
srv-006,2017-06-17 07:00:00,84.12666320800781
srv-006,2017-06-17 08:00:00,86.52971649169922
srv-006,2017-06-17 09:00:00,86.95177459716797
srv-006,2017-06-17 10:00:00,86.38633728027344
srv-006,2017-06-17 11:00:00,87.61621856689453
srv-006,2017-06-17 12:00:00,88.37274169921875
srv-006,2017-06-17 13:00:00,90.19351959228516
srv-006,2017-06-17 14:00:00,90.65650177001953
srv-006,2017-06-17 15:00:00,92.11658477783203
srv-006,2017-06-17 16:00:00,89.90753173828125
srv-006,2017-06-17 17:00:00,87.5346908569336
srv-006,2017-06-17 18:00:00,90.0892105102539
srv-006,2017-06-17 19:00:00,89.98640441894531
srv-006,2017-06-17 20:00:00,86.43427276611328
srv-006,2017-06-17 21:00:00,84.58367156982422
srv-006,2017-06-17 22:00:00,84.37096405029297
srv-006,2017-06-17 23:00:00,82.69172668457031
srv-006,2017-06-18 00:00:00,81.8749771118164
srv-006,2017-06-18 01:00:00,82.20781707763672
srv-006,2017-06-18 02:00:00,82.98966217041016
srv-006,2017-06-18 03:00:00,84.24559783935547
srv-006,2017-06-18 04:00:00,81.69804382324219
srv-006,2017-06-18 05:00:00,88.17203521728516
srv-006,2017-06-18 06:00:00,87.74348449707031
srv-006,2017-06-18 07:00:00,84.42523956298828
srv-006,2017-06-18 08:00:00,87.50550079345703
srv-006,2017-06-18 09:00:00,91.28341674804688
srv-006,2017-06-18 10:00:00,91.03791046142578
srv-006,2017-06-18 11:00:00,91.94828796386719
srv-006,2017-06-18 12:00:00,89.96550750732422
srv-006,2017-06-18 13:00:00,90.33183288574219
srv-006,2017-06-18 14:00:00,90.01366424560547
srv-006,2017-06-18 15:00:00,91.05854034423828
srv-006,2017-06-18 16:00:00,88.24738311767578
srv-006,2017-06-18 17:00:00,90.31675720214844
srv-006,2017-06-18 18:00:00,83.29319763183594
srv-006,2017-06-18 19:00:00,85.15098571777344
srv-006,2017-06-18 20:00:00,86.48694610595703
srv-006,2017-06-18 21:00:00,86.66011810302734
srv-006,2017-06-18 22:00:00,83.74373626708984
srv-006,2017-06-18 23:00:00,83.07019805908203
srv-006,2017-06-19 00:00:00,82.13336181640625
srv-006,2017-06-19 01:00:00,82.80797576904297
srv-006,2017-06-19 02:00:00,82.67517852783203
srv-006,2017-06-19 03:00:00,85.48365783691406
srv-006,2017-06-19 04:00:00,85.3184814453125
srv-006,2017-06-19 05:00:00,86.8460464477539
srv-006,2017-06-19 06:00:00,84.03656768798828
srv-006,2017-06-19 07:00:00,85.13453674316406
srv-006,2017-06-19 08:00:00,87.49788665771484
srv-006,2017-06-19 09:00:00,87.79767608642578
srv-006,2017-06-19 10:00:00,85.06995391845703
srv-006,2017-06-19 11:00:00,88.24845886230469
srv-006,2017-06-19 12:00:00,94.33611297607422
srv-006,2017-06-19 13:00:00,95.76924896240234
srv-006,2017-06-19 14:00:00,96.15648651123047
srv-006,2017-06-19 15:00:00,96.18061828613281
srv-006,2017-06-19 16:00:00,96.1675796508789
srv-006,2017-06-19 17:00:00,95.6275405883789
srv-006,2017-06-19 18:00:00,95.64057159423828
srv-006,2017-06-19 19:00:00,95.05036926269531
srv-006,2017-06-19 20:00:00,95.59400177001953
srv-006,2017-06-19 21:00:00,95.26873016357422
srv-006,2017-06-19 22:00:00,92.52828979492188
srv-006,2017-06-19 23:00:00,93.41236114501953
srv-006,2017-06-20 00:00:00,89.35979461669922
srv-006,2017-06-20 01:00:00,88.67943572998047
srv-006,2017-06-20 02:00:00,87.97748565673828
srv-006,2017-06-20 03:00:00,89.73461151123047
srv-006,2017-06-20 04:00:00,87.31389617919922
srv-006,2017-06-20 05:00:00,93.54605865478516
srv-006,2017-06-20 06:00:00,95.01145935058594
srv-006,2017-06-20 07:00:00,95.85619354248047
srv-006,2017-06-20 08:00:00,96.08235931396484
srv-006,2017-06-20 09:00:00,95.4897689819336
srv-006,2017-06-20 10:00:00,96.19630432128906
srv-006,2017-06-20 11:00:00,96.32035064697266
srv-006,2017-06-20 12:00:00,96.25794219970703
srv-006,2017-06-20 13:00:00,96.28018188476562
srv-006,2017-06-20 14:00:00,96.3086166381836
srv-006,2017-06-20 15:00:00,96.4168930053711
srv-006,2017-06-20 16:00:00,96.13237762451172
srv-006,2017-06-20 17:00:00,95.29027557373047
srv-006,2017-06-20 18:00:00,95.00366973876953
srv-006,2017-06-20 19:00:00,94.73038482666016
srv-006,2017-06-20 20:00:00,94.58414459228516
srv-006,2017-06-20 21:00:00,94.96379852294922
srv-006,2017-06-20 22:00:00,95.34326934814453
srv-006,2017-06-20 23:00:00,94.96146392822266
srv-006,2017-06-21 00:00:00,95.12993621826172
srv-006,2017-06-21 01:00:00,94.7620849609375
srv-006,2017-06-21 02:00:00,94.35726165771484
srv-006,2017-06-21 03:00:00,94.86214447021484
srv-006,2017-06-21 04:00:00,95.03009033203125
srv-006,2017-06-21 05:00:00,95.91593170166016
srv-006,2017-06-21 06:00:00,96.23011016845703
srv-006,2017-06-21 07:00:00,96.36642456054688
srv-006,2017-06-21 08:00:00,96.38848876953125
srv-006,2017-06-21 09:00:00,96.33783721923828
srv-006,2017-06-21 10:00:00,96.15018463134766
srv-006,2017-06-21 11:00:00,96.06018829345703
srv-006,2017-06-21 12:00:00,96.05573272705078
srv-006,2017-06-21 13:00:00,95.5350112915039
srv-006,2017-06-21 14:00:00,95.76815032958984
srv-006,2017-06-21 15:00:00,95.58511352539062
srv-006,2017-06-21 16:00:00,95.26273345947266
srv-006,2017-06-21 17:00:00,95.09040069580078
srv-006,2017-06-21 18:00:00,94.81615447998047
srv-006,2017-06-21 19:00:00,94.63622283935547
srv-006,2017-06-21 20:00:00,94.491455078125
srv-006,2017-06-21 21:00:00,94.4789810180664
srv-006,2017-06-21 22:00:00,94.66850280761719
srv-006,2017-06-21 23:00:00,95.17341613769531
srv-006,2017-06-22 00:00:00,95.23204803466797
srv-006,2017-06-22 01:00:00,95.1161117553711
srv-006,2017-06-22 02:00:00,95.0491943359375
srv-006,2017-06-22 03:00:00,94.91551971435547
srv-006,2017-06-22 04:00:00,95.21976470947266
srv-006,2017-06-22 05:00:00,95.26445770263672
srv-006,2017-06-22 06:00:00,94.04434967041016
srv-006,2017-06-22 07:00:00,91.76765441894531
srv-006,2017-06-22 08:00:00,94.0164794921875
srv-006,2017-06-22 09:00:00,84.3463134765625
srv-006,2017-06-22 10:00:00,85.38041687011719
srv-006,2017-06-22 11:00:00,88.64016723632812
srv-006,2017-06-22 12:00:00,93.99825286865234
srv-006,2017-06-22 13:00:00,94.21499633789062
srv-006,2017-06-22 14:00:00,94.78238677978516
srv-006,2017-06-22 15:00:00,94.65312957763672
srv-006,2017-06-22 16:00:00,94.46804809570312
srv-006,2017-06-22 17:00:00,94.2326889038086
srv-006,2017-06-22 18:00:00,94.08051300048828
srv-006,2017-06-22 19:00:00,94.74735260009766
srv-006,2017-06-22 20:00:00,92.28502655029297
srv-006,2017-06-22 21:00:00,89.6576919555664
srv-006,2017-06-22 22:00:00,86.41986083984375
srv-006,2017-06-22 23:00:00,86.89464569091797
srv-006,2017-06-23 00:00:00,86.5794448852539
srv-006,2017-06-23 01:00:00,85.12086486816406
srv-006,2017-06-23 02:00:00,85.68841552734375
srv-006,2017-06-23 03:00:00,86.18998718261719
srv-006,2017-06-23 04:00:00,85.24446868896484
srv-006,2017-06-23 05:00:00,85.08904266357422
srv-006,2017-06-23 06:00:00,85.18257904052734
srv-006,2017-06-23 07:00:00,84.17581176757812
srv-006,2017-06-23 08:00:00,86.37908172607422
srv-006,2017-06-23 09:00:00,84.11229705810547
srv-006,2017-06-23 10:00:00,84.32672882080078
srv-006,2017-06-23 11:00:00,85.79448699951172
srv-006,2017-06-23 12:00:00,85.5834732055664
srv-006,2017-06-23 13:00:00,88.95706939697266
srv-006,2017-06-23 14:00:00,93.48849487304688
srv-006,2017-06-23 15:00:00,93.29373168945312
srv-006,2017-06-23 16:00:00,92.42020416259766
srv-006,2017-06-23 17:00:00,91.98133087158203
srv-006,2017-06-23 18:00:00,90.2776107788086
srv-006,2017-06-23 19:00:00,84.73373413085938
srv-006,2017-06-23 20:00:00,83.20152282714844
srv-006,2017-06-23 21:00:00,83.60269927978516
srv-006,2017-06-23 22:00:00,79.73501586914062
srv-006,2017-06-23 23:00:00,81.8106460571289
srv-006,2017-06-24 00:00:00,82.52080535888672
srv-006,2017-06-24 01:00:00,82.91316986083984
srv-006,2017-06-24 02:00:00,83.12976837158203
srv-006,2017-06-24 03:00:00,86.7658462524414
srv-006,2017-06-24 04:00:00,84.2562026977539
srv-006,2017-06-24 05:00:00,83.2369155883789
srv-006,2017-06-24 06:00:00,83.76526641845703
srv-006,2017-06-24 07:00:00,83.87532806396484
srv-006,2017-06-24 08:00:00,85.09117889404297
srv-006,2017-06-24 09:00:00,86.07605743408203
srv-006,2017-06-24 10:00:00,87.80982971191406
srv-006,2017-06-24 11:00:00,89.00627136230469
srv-006,2017-06-24 12:00:00,89.83491516113281
srv-006,2017-06-24 13:00:00,92.19571685791016
srv-006,2017-06-24 14:00:00,90.5938949584961
srv-006,2017-06-24 15:00:00,90.49158477783203
srv-006,2017-06-24 16:00:00,86.25458526611328
srv-006,2017-06-24 17:00:00,88.64179229736328
srv-006,2017-06-24 18:00:00,86.93228912353516
srv-006,2017-06-24 19:00:00,87.00414276123047
srv-006,2017-06-24 20:00:00,87.35042572021484
srv-006,2017-06-24 21:00:00,86.2768783569336
srv-006,2017-06-24 22:00:00,85.00260162353516
srv-006,2017-06-24 23:00:00,82.15052032470703
srv-006,2017-06-25 00:00:00,81.0273666381836
srv-006,2017-06-25 01:00:00,82.10284423828125
srv-006,2017-06-25 02:00:00,82.9848861694336
srv-006,2017-06-25 03:00:00,84.3910140991211
srv-006,2017-06-25 04:00:00,84.8926773071289
srv-006,2017-06-25 05:00:00,84.14706420898438
srv-006,2017-06-25 06:00:00,85.81302642822266
srv-006,2017-06-25 07:00:00,85.03339385986328
srv-006,2017-06-25 08:00:00,85.8540267944336
srv-006,2017-06-25 09:00:00,83.31010437011719
srv-006,2017-06-25 10:00:00,85.32897186279297
srv-006,2017-06-25 11:00:00,89.24837493896484
srv-006,2017-06-25 12:00:00,90.54457092285156
srv-006,2017-06-25 13:00:00,91.30762481689453
srv-006,2017-06-25 14:00:00,91.4566421508789
srv-006,2017-06-25 15:00:00,90.76775360107422
srv-006,2017-06-25 16:00:00,90.87529754638672
srv-006,2017-06-25 17:00:00,90.72064208984375
srv-006,2017-06-25 18:00:00,89.86717224121094
srv-006,2017-06-25 19:00:00,86.50457000732422
srv-006,2017-06-25 20:00:00,87.21427917480469
srv-006,2017-06-25 21:00:00,91.19730377197266
srv-006,2017-06-25 22:00:00,88.71602630615234
srv-006,2017-06-25 23:00:00,85.14017486572266
srv-006,2017-06-26 00:00:00,79.19510650634766
srv-006,2017-06-26 01:00:00,79.80855560302734
srv-006,2017-06-26 02:00:00,81.45244598388672
srv-006,2017-06-26 03:00:00,82.43038940429688
srv-006,2017-06-26 04:00:00,82.72972869873047
srv-006,2017-06-26 05:00:00,89.64470672607422
srv-006,2017-06-26 06:00:00,91.6683578491211
srv-006,2017-06-26 07:00:00,89.75183868408203
srv-006,2017-06-26 08:00:00,92.63062286376953
srv-006,2017-06-26 09:00:00,91.09259796142578
srv-006,2017-06-26 10:00:00,85.43426513671875
srv-006,2017-06-26 11:00:00,85.7081527709961
srv-006,2017-06-26 12:00:00,89.6663818359375
srv-006,2017-06-26 13:00:00,92.31265258789062
srv-006,2017-06-26 14:00:00,93.32520294189453
srv-006,2017-06-26 15:00:00,93.70096588134766
srv-006,2017-06-26 16:00:00,93.05948638916016
srv-006,2017-06-26 17:00:00,92.46044158935547
srv-006,2017-06-26 18:00:00,92.17139434814453
srv-006,2017-06-26 19:00:00,91.17436981201172
srv-006,2017-06-26 20:00:00,91.8859634399414
srv-006,2017-06-26 21:00:00,90.77991485595703
srv-006,2017-06-26 22:00:00,92.70806884765625
srv-006,2017-06-26 23:00:00,93.98690795898438
srv-006,2017-06-27 00:00:00,94.72176361083984
srv-006,2017-06-27 01:00:00,89.98883819580078
srv-006,2017-06-27 02:00:00,90.17792510986328
srv-006,2017-06-27 03:00:00,89.86444091796875
srv-006,2017-06-27 04:00:00,89.3756103515625
srv-006,2017-06-27 05:00:00,90.69690704345703
srv-006,2017-06-27 06:00:00,95.04890441894531
srv-006,2017-06-27 07:00:00,94.4080810546875
srv-006,2017-06-27 08:00:00,94.9466552734375
srv-006,2017-06-27 09:00:00,93.41620635986328
srv-006,2017-06-27 10:00:00,90.26152801513672
srv-006,2017-06-27 11:00:00,95.62223052978516
srv-006,2017-06-27 12:00:00,95.8978042602539
srv-006,2017-06-27 13:00:00,95.97705841064453
srv-006,2017-06-27 14:00:00,96.42887878417969
srv-006,2017-06-27 15:00:00,96.5131607055664
srv-006,2017-06-27 16:00:00,96.3613052368164
srv-006,2017-06-27 17:00:00,95.9618911743164
srv-006,2017-06-27 18:00:00,95.67694091796875
srv-006,2017-06-27 19:00:00,95.52625274658203
srv-006,2017-06-27 20:00:00,95.41246032714844
srv-006,2017-06-27 21:00:00,95.59699249267578
srv-006,2017-06-27 22:00:00,95.49589538574219
srv-006,2017-06-27 23:00:00,95.6722183227539
srv-006,2017-06-28 00:00:00,95.4556655883789
srv-006,2017-06-28 01:00:00,95.11397552490234
srv-006,2017-06-28 02:00:00,95.01188659667969
srv-006,2017-06-28 03:00:00,94.48303985595703
srv-006,2017-06-28 04:00:00,94.48382568359375
srv-006,2017-06-28 05:00:00,95.06230926513672
srv-006,2017-06-28 06:00:00,96.03362274169922
srv-006,2017-06-28 07:00:00,96.1861801147461
srv-006,2017-06-28 08:00:00,96.13426971435547
srv-006,2017-06-28 09:00:00,96.0291976928711
srv-006,2017-06-28 10:00:00,96.0169677734375
srv-006,2017-06-28 11:00:00,95.94612884521484
srv-006,2017-06-28 12:00:00,95.97317504882812
srv-006,2017-06-28 13:00:00,95.4049072265625
srv-006,2017-06-28 14:00:00,95.58671569824219
srv-006,2017-06-28 15:00:00,95.44583129882812
srv-006,2017-06-28 16:00:00,95.05937194824219
srv-006,2017-06-28 17:00:00,94.99876403808594
srv-006,2017-06-28 18:00:00,95.13602447509766
srv-006,2017-06-28 19:00:00,94.8638916015625
srv-006,2017-06-28 20:00:00,94.71195220947266
srv-006,2017-06-28 21:00:00,94.85218048095703
srv-006,2017-06-28 22:00:00,94.80641174316406
srv-006,2017-06-28 23:00:00,94.83757781982422
srv-006,2017-06-29 00:00:00,95.07279968261719
srv-006,2017-06-29 01:00:00,94.73308563232422
srv-006,2017-06-29 02:00:00,94.85173797607422
srv-006,2017-06-29 03:00:00,95.0540542602539
srv-006,2017-06-29 04:00:00,95.10902404785156
srv-006,2017-06-29 05:00:00,95.25419616699219
srv-006,2017-06-29 06:00:00,95.06204986572266
srv-006,2017-06-29 07:00:00,95.59683227539062
srv-006,2017-06-29 08:00:00,95.6254653930664
srv-006,2017-06-29 09:00:00,95.69962310791016
srv-006,2017-06-29 10:00:00,95.6870346069336
srv-006,2017-06-29 11:00:00,95.66423797607422
srv-006,2017-06-29 12:00:00,95.5041275024414
srv-006,2017-06-29 13:00:00,94.37735748291016
srv-006,2017-06-29 14:00:00,94.70616912841797
srv-006,2017-06-29 15:00:00,94.5062255859375
srv-006,2017-06-29 16:00:00,94.33769226074219
srv-006,2017-06-29 17:00:00,94.37574005126953
srv-006,2017-06-29 18:00:00,94.54611206054688
srv-006,2017-06-29 19:00:00,94.5332260131836
srv-006,2017-06-29 20:00:00,94.1372299194336
srv-006,2017-06-29 21:00:00,94.23442840576172
srv-006,2017-06-29 22:00:00,90.73160552978516
srv-006,2017-06-29 23:00:00,90.24695587158203
srv-006,2017-06-30 00:00:00,88.7164535522461
srv-006,2017-06-30 01:00:00,87.4689712524414
srv-006,2017-06-30 02:00:00,87.46898651123047
srv-006,2017-06-30 03:00:00,86.31450653076172
srv-006,2017-06-30 04:00:00,83.32122802734375
srv-006,2017-06-30 05:00:00,83.24079132080078
srv-006,2017-06-30 06:00:00,83.2787094116211
srv-006,2017-06-30 07:00:00,83.6657943725586
srv-006,2017-06-30 08:00:00,86.69456481933594
srv-006,2017-06-30 09:00:00,87.18528747558594
srv-006,2017-06-30 10:00:00,91.56229400634766
srv-006,2017-06-30 11:00:00,92.1322250366211
srv-006,2017-06-30 12:00:00,92.18521881103516
srv-006,2017-06-30 13:00:00,93.80531311035156
srv-006,2017-06-30 14:00:00,93.94458770751953
srv-006,2017-06-30 15:00:00,94.52428436279297
srv-006,2017-06-30 16:00:00,94.78917694091797
srv-006,2017-06-30 17:00:00,92.61737823486328
srv-006,2017-06-30 18:00:00,89.47706604003906
srv-006,2017-06-30 19:00:00,87.65974426269531
srv-006,2017-06-30 20:00:00,88.44867706298828
srv-006,2017-06-30 21:00:00,81.74839782714844
srv-006,2017-06-30 22:00:00,80.71772003173828
srv-006,2017-06-30 23:00:00,77.8856430053711
srv-007,2017-06-01 23:00:00,56.295074462890625
srv-007,2017-06-02 00:00:00,55.65297317504883
srv-007,2017-06-02 01:00:00,54.251548767089844
srv-007,2017-06-02 02:00:00,54.675777435302734
srv-007,2017-06-02 03:00:00,53.91075897216797
srv-007,2017-06-02 04:00:00,52.204036712646484
srv-007,2017-06-02 05:00:00,55.33439636230469
srv-007,2017-06-02 06:00:00,53.73564910888672
srv-007,2017-06-02 07:00:00,55.687477111816406
srv-007,2017-06-02 08:00:00,57.10252380371094
srv-007,2017-06-02 09:00:00,51.71916198730469
srv-007,2017-06-02 10:00:00,46.20000076293945
srv-007,2017-06-02 11:00:00,49.127906799316406
srv-007,2017-06-02 12:00:00,45.516136169433594
srv-007,2017-06-02 13:00:00,43.550323486328125
srv-007,2017-06-02 14:00:00,46.893280029296875
srv-007,2017-06-02 15:00:00,42.789363861083984
srv-007,2017-06-02 16:00:00,41.74842834472656
srv-007,2017-06-02 17:00:00,43.83123016357422
srv-007,2017-06-02 18:00:00,42.342994689941406
srv-007,2017-06-02 19:00:00,39.73516082763672
srv-007,2017-06-02 20:00:00,37.86804962158203
srv-007,2017-06-02 21:00:00,37.971961975097656
srv-007,2017-06-02 22:00:00,37.971561431884766
srv-007,2017-06-02 23:00:00,38.09501647949219
srv-007,2017-06-03 00:00:00,39.579654693603516
srv-007,2017-06-03 01:00:00,41.345176696777344
srv-007,2017-06-03 02:00:00,43.70355224609375
srv-007,2017-06-03 03:00:00,40.949974060058594
srv-007,2017-06-03 04:00:00,42.308746337890625
srv-007,2017-06-03 05:00:00,44.57483673095703
srv-007,2017-06-03 06:00:00,45.377681732177734
srv-007,2017-06-03 07:00:00,44.80414962768555
srv-007,2017-06-03 08:00:00,43.895172119140625
srv-007,2017-06-03 09:00:00,43.27992248535156
srv-007,2017-06-03 10:00:00,42.730224609375
srv-007,2017-06-03 11:00:00,46.19314193725586
srv-007,2017-06-03 12:00:00,47.48021697998047
srv-007,2017-06-03 13:00:00,44.973506927490234
srv-007,2017-06-03 14:00:00,44.735107421875
srv-007,2017-06-03 15:00:00,41.71604919433594
srv-007,2017-06-03 16:00:00,40.529991149902344
srv-007,2017-06-03 17:00:00,42.43434524536133
srv-007,2017-06-03 18:00:00,40.44269943237305
srv-007,2017-06-03 19:00:00,38.68695068359375
srv-007,2017-06-03 20:00:00,41.765567779541016
srv-007,2017-06-03 21:00:00,42.81919479370117
srv-007,2017-06-03 22:00:00,40.45716857910156
srv-007,2017-06-03 23:00:00,39.75568389892578
srv-007,2017-06-04 00:00:00,40.458473205566406
srv-007,2017-06-04 01:00:00,41.21723175048828
srv-007,2017-06-04 02:00:00,41.71436309814453
srv-007,2017-06-04 03:00:00,40.655479431152344
srv-007,2017-06-04 04:00:00,41.01934814453125
srv-007,2017-06-04 05:00:00,40.8543701171875
srv-007,2017-06-04 06:00:00,42.94166564941406
srv-007,2017-06-04 07:00:00,45.25336837768555
srv-007,2017-06-04 08:00:00,47.754486083984375
srv-007,2017-06-04 09:00:00,45.62532043457031
srv-007,2017-06-04 10:00:00,44.86362075805664
srv-007,2017-06-04 11:00:00,46.78578567504883
srv-007,2017-06-04 12:00:00,45.609806060791016
srv-007,2017-06-04 13:00:00,45.585418701171875
srv-007,2017-06-04 14:00:00,46.117042541503906
srv-007,2017-06-04 15:00:00,47.06069564819336
srv-007,2017-06-04 16:00:00,47.92958068847656
srv-007,2017-06-04 17:00:00,48.01605224609375
srv-007,2017-06-04 18:00:00,41.14036178588867
srv-007,2017-06-04 19:00:00,39.80560302734375
srv-007,2017-06-04 20:00:00,40.39967346191406
srv-007,2017-06-04 21:00:00,40.68391799926758
srv-007,2017-06-04 22:00:00,39.4322509765625
srv-007,2017-06-04 23:00:00,39.19354248046875
srv-007,2017-06-05 00:00:00,38.043365478515625
srv-007,2017-06-05 01:00:00,36.47135925292969
srv-007,2017-06-05 02:00:00,36.724609375
srv-007,2017-06-05 03:00:00,39.323143005371094
srv-007,2017-06-05 04:00:00,39.81001281738281
srv-007,2017-06-05 05:00:00,41.68013000488281
srv-007,2017-06-05 06:00:00,38.78279495239258
srv-007,2017-06-05 07:00:00,40.01922607421875
srv-007,2017-06-05 08:00:00,42.12502670288086
srv-007,2017-06-05 09:00:00,38.175445556640625
srv-007,2017-06-05 10:00:00,43.64858627319336
srv-007,2017-06-05 11:00:00,42.11157989501953
srv-007,2017-06-05 12:00:00,42.10808563232422
srv-007,2017-06-05 13:00:00,44.9886474609375
srv-007,2017-06-05 14:00:00,45.741973876953125
srv-007,2017-06-05 15:00:00,45.88079833984375
srv-007,2017-06-05 16:00:00,46.44978713989258
srv-007,2017-06-05 17:00:00,46.27796173095703
srv-007,2017-06-05 18:00:00,45.52747344970703
srv-007,2017-06-05 19:00:00,44.38819122314453
srv-007,2017-06-05 20:00:00,41.783203125
srv-007,2017-06-05 21:00:00,42.83024215698242
srv-007,2017-06-05 22:00:00,41.4597282409668
srv-007,2017-06-05 23:00:00,41.55580139160156
srv-007,2017-06-06 00:00:00,39.29799270629883
srv-007,2017-06-06 01:00:00,45.09119415283203
srv-007,2017-06-06 02:00:00,46.43827819824219
srv-007,2017-06-06 03:00:00,48.03240203857422
srv-007,2017-06-06 04:00:00,50.104679107666016
srv-007,2017-06-06 05:00:00,47.90673828125
srv-007,2017-06-06 06:00:00,46.419742584228516
srv-007,2017-06-06 07:00:00,47.384552001953125
srv-007,2017-06-06 08:00:00,50.833702087402344
srv-007,2017-06-06 09:00:00,50.83599090576172
srv-007,2017-06-06 10:00:00,54.41145706176758
srv-007,2017-06-06 11:00:00,55.804710388183594
srv-007,2017-06-06 12:00:00,55.78096008300781
srv-007,2017-06-06 13:00:00,53.49131774902344
srv-007,2017-06-06 14:00:00,54.80833435058594
srv-007,2017-06-06 15:00:00,54.95530700683594
srv-007,2017-06-06 16:00:00,51.854156494140625
srv-007,2017-06-06 17:00:00,51.68120193481445
srv-007,2017-06-06 18:00:00,46.716941833496094
srv-007,2017-06-06 19:00:00,47.57502746582031
srv-007,2017-06-06 20:00:00,49.05363082885742
srv-007,2017-06-06 21:00:00,50.285152435302734
srv-007,2017-06-06 22:00:00,48.954368591308594
srv-007,2017-06-06 23:00:00,48.787986755371094
srv-007,2017-06-07 00:00:00,52.52259063720703
srv-007,2017-06-07 01:00:00,51.342525482177734
srv-007,2017-06-07 02:00:00,51.02606964111328
srv-007,2017-06-07 03:00:00,52.00577163696289
srv-007,2017-06-07 04:00:00,54.13805389404297
srv-007,2017-06-07 05:00:00,54.67366027832031
srv-007,2017-06-07 06:00:00,51.36649703979492
srv-007,2017-06-07 07:00:00,51.6046142578125
srv-007,2017-06-07 08:00:00,53.245506286621094
srv-007,2017-06-07 09:00:00,50.52350616455078
srv-007,2017-06-07 10:00:00,52.663719177246094
srv-007,2017-06-07 11:00:00,53.03459548950195
srv-007,2017-06-07 12:00:00,50.90676498413086
srv-007,2017-06-07 13:00:00,50.87708282470703
srv-007,2017-06-07 14:00:00,54.45599365234375
srv-007,2017-06-07 15:00:00,56.497352600097656
srv-007,2017-06-07 16:00:00,55.92864227294922
srv-007,2017-06-07 17:00:00,56.532623291015625
srv-007,2017-06-07 18:00:00,54.99025344848633
srv-007,2017-06-07 19:00:00,52.15571975708008
srv-007,2017-06-07 20:00:00,53.937564849853516
srv-007,2017-06-07 21:00:00,53.896507263183594
srv-007,2017-06-07 22:00:00,51.473087310791016
srv-007,2017-06-07 23:00:00,51.52857971191406
srv-007,2017-06-08 00:00:00,50.20745086669922
srv-007,2017-06-08 01:00:00,47.239707946777344
srv-007,2017-06-08 02:00:00,48.355079650878906
srv-007,2017-06-08 03:00:00,50.34519958496094
srv-007,2017-06-08 04:00:00,50.215965270996094
srv-007,2017-06-08 05:00:00,47.753971099853516
srv-007,2017-06-08 06:00:00,49.1085205078125
srv-007,2017-06-08 07:00:00,48.28345489501953
srv-007,2017-06-08 08:00:00,51.017948150634766
srv-007,2017-06-08 09:00:00,52.6016845703125
srv-007,2017-06-08 10:00:00,52.94666290283203
srv-007,2017-06-08 11:00:00,53.52836608886719
srv-007,2017-06-08 12:00:00,54.758941650390625
srv-007,2017-06-08 13:00:00,53.248634338378906
srv-007,2017-06-08 14:00:00,54.6187858581543
srv-007,2017-06-08 15:00:00,54.31045150756836
srv-007,2017-06-08 16:00:00,51.64257049560547
srv-007,2017-06-08 17:00:00,50.02723693847656
srv-007,2017-06-08 18:00:00,47.04161071777344
srv-007,2017-06-08 19:00:00,45.13212585449219
srv-007,2017-06-08 20:00:00,48.15608596801758
srv-007,2017-06-08 21:00:00,45.216712951660156
srv-007,2017-06-08 22:00:00,45.7366943359375
srv-007,2017-06-08 23:00:00,44.248504638671875
srv-007,2017-06-09 00:00:00,41.53987121582031
srv-007,2017-06-09 01:00:00,44.69322967529297
srv-007,2017-06-09 02:00:00,43.693092346191406
srv-007,2017-06-09 03:00:00,40.11537551879883
srv-007,2017-06-09 04:00:00,45.31258773803711
srv-007,2017-06-09 05:00:00,48.56196975708008
srv-007,2017-06-09 06:00:00,45.258644104003906
srv-007,2017-06-09 07:00:00,44.03466033935547
srv-007,2017-06-09 08:00:00,44.94374084472656
srv-007,2017-06-09 09:00:00,42.833106994628906
srv-007,2017-06-09 10:00:00,45.77663803100586
srv-007,2017-06-09 11:00:00,42.419532775878906
srv-007,2017-06-09 12:00:00,41.91520690917969
srv-007,2017-06-09 13:00:00,39.723026275634766
srv-007,2017-06-09 14:00:00,41.285980224609375
srv-007,2017-06-09 15:00:00,43.00896453857422
srv-007,2017-06-09 16:00:00,40.436187744140625
srv-007,2017-06-09 17:00:00,41.0647087097168
srv-007,2017-06-09 18:00:00,37.82521057128906
srv-007,2017-06-09 19:00:00,40.805843353271484
srv-007,2017-06-09 20:00:00,40.043601989746094
srv-007,2017-06-09 21:00:00,39.608245849609375
srv-007,2017-06-09 22:00:00,40.55719757080078
srv-007,2017-06-09 23:00:00,41.34364318847656
srv-007,2017-06-10 00:00:00,40.10956573486328
srv-007,2017-06-10 01:00:00,41.67578887939453
srv-007,2017-06-10 02:00:00,43.31715393066406
srv-007,2017-06-10 03:00:00,42.31140899658203
srv-007,2017-06-10 04:00:00,43.03953552246094
srv-007,2017-06-10 05:00:00,39.67216491699219
srv-007,2017-06-10 06:00:00,39.11310577392578
srv-007,2017-06-10 07:00:00,36.29988098144531
srv-007,2017-06-10 08:00:00,40.109745025634766
srv-007,2017-06-10 09:00:00,39.16204833984375
srv-007,2017-06-10 10:00:00,40.688499450683594
srv-007,2017-06-10 11:00:00,43.523441314697266
srv-007,2017-06-10 12:00:00,40.02769088745117
srv-007,2017-06-10 13:00:00,42.62279510498047
srv-007,2017-06-10 14:00:00,43.476539611816406
srv-007,2017-06-10 15:00:00,44.57160186767578
srv-007,2017-06-10 16:00:00,43.90510177612305
srv-007,2017-06-10 17:00:00,44.323768615722656
srv-007,2017-06-10 18:00:00,45.110984802246094
srv-007,2017-06-10 19:00:00,43.48563766479492
srv-007,2017-06-10 20:00:00,38.40925598144531
srv-007,2017-06-10 21:00:00,39.96076583862305
srv-007,2017-06-10 22:00:00,38.87227249145508
srv-007,2017-06-10 23:00:00,39.91789627075195
srv-007,2017-06-11 00:00:00,37.70042037963867
srv-007,2017-06-11 01:00:00,41.519935607910156
srv-007,2017-06-11 02:00:00,43.915626525878906
srv-007,2017-06-11 03:00:00,41.737552642822266
srv-007,2017-06-11 04:00:00,44.3598747253418
srv-007,2017-06-11 05:00:00,42.865028381347656
srv-007,2017-06-11 06:00:00,39.138790130615234
srv-007,2017-06-11 07:00:00,39.97773361206055
srv-007,2017-06-11 08:00:00,40.27813720703125
srv-007,2017-06-11 09:00:00,40.95647430419922
srv-007,2017-06-11 10:00:00,42.424530029296875
srv-007,2017-06-11 11:00:00,43.0790901184082
srv-007,2017-06-11 12:00:00,45.203033447265625
srv-007,2017-06-11 13:00:00,45.86768341064453
srv-007,2017-06-11 14:00:00,45.248390197753906
srv-007,2017-06-11 15:00:00,39.91304016113281
srv-007,2017-06-11 16:00:00,41.7575798034668
srv-007,2017-06-11 17:00:00,40.978485107421875
srv-007,2017-06-11 18:00:00,42.43157196044922
srv-007,2017-06-11 19:00:00,42.772674560546875
srv-007,2017-06-11 20:00:00,42.509918212890625
srv-007,2017-06-11 21:00:00,41.580841064453125
srv-007,2017-06-11 22:00:00,40.89215087890625
srv-007,2017-06-11 23:00:00,42.37233352661133
srv-007,2017-06-12 00:00:00,41.41790771484375
srv-007,2017-06-12 01:00:00,39.40861511230469
srv-007,2017-06-12 02:00:00,38.733367919921875
srv-007,2017-06-12 03:00:00,37.978607177734375
srv-007,2017-06-12 04:00:00,39.25508499145508
srv-007,2017-06-12 05:00:00,40.14331817626953
srv-007,2017-06-12 06:00:00,39.96073913574219
srv-007,2017-06-12 07:00:00,39.607181549072266
srv-007,2017-06-12 08:00:00,40.317264556884766
srv-007,2017-06-12 09:00:00,38.71266555786133
srv-007,2017-06-12 10:00:00,41.41083526611328
srv-007,2017-06-12 11:00:00,43.90105056762695
srv-007,2017-06-12 12:00:00,44.859588623046875
srv-007,2017-06-12 13:00:00,47.077842712402344
srv-007,2017-06-12 14:00:00,43.75732421875
srv-007,2017-06-12 15:00:00,41.69683074951172
srv-007,2017-06-12 16:00:00,39.709938049316406
srv-007,2017-06-12 17:00:00,44.582969665527344
srv-007,2017-06-12 18:00:00,45.215057373046875
srv-007,2017-06-12 19:00:00,41.46831130981445
srv-007,2017-06-12 20:00:00,41.92339324951172
srv-007,2017-06-12 21:00:00,41.21025085449219
srv-007,2017-06-12 22:00:00,44.30363845825195
srv-007,2017-06-12 23:00:00,45.1840934753418
srv-007,2017-06-13 00:00:00,46.17063522338867
srv-007,2017-06-13 01:00:00,47.633399963378906
srv-007,2017-06-13 02:00:00,48.686553955078125
srv-007,2017-06-13 03:00:00,49.35454177856445
srv-007,2017-06-13 04:00:00,42.485389709472656
srv-007,2017-06-13 05:00:00,43.1976318359375
srv-007,2017-06-13 06:00:00,48.18217468261719
srv-007,2017-06-13 07:00:00,46.359439849853516
srv-007,2017-06-13 08:00:00,49.374656677246094
srv-007,2017-06-13 09:00:00,46.36383819580078
srv-007,2017-06-13 10:00:00,48.640724182128906
srv-007,2017-06-13 11:00:00,53.16427230834961
srv-007,2017-06-13 12:00:00,53.51689910888672
srv-007,2017-06-13 13:00:00,56.78661346435547
srv-007,2017-06-13 14:00:00,56.95622634887695
srv-007,2017-06-13 15:00:00,53.52048873901367
srv-007,2017-06-13 16:00:00,49.75354766845703
srv-007,2017-06-13 17:00:00,45.71980285644531
srv-007,2017-06-13 18:00:00,45.90000915527344
srv-007,2017-06-13 19:00:00,46.87242889404297
srv-007,2017-06-13 20:00:00,47.50102996826172
srv-007,2017-06-13 21:00:00,49.10313034057617
srv-007,2017-06-13 22:00:00,50.464698791503906
srv-007,2017-06-13 23:00:00,47.13218688964844
srv-007,2017-06-14 00:00:00,49.654701232910156
srv-007,2017-06-14 01:00:00,51.2877197265625
srv-007,2017-06-14 02:00:00,52.88111877441406
srv-007,2017-06-14 03:00:00,52.95948028564453
srv-007,2017-06-14 04:00:00,55.210289001464844
srv-007,2017-06-14 05:00:00,53.34307098388672
srv-007,2017-06-14 06:00:00,52.20005798339844
srv-007,2017-06-14 07:00:00,53.11280059814453
srv-007,2017-06-14 08:00:00,52.51108169555664
srv-007,2017-06-14 09:00:00,52.812583923339844
srv-007,2017-06-14 10:00:00,52.813392639160156
srv-007,2017-06-14 11:00:00,54.39493179321289
srv-007,2017-06-14 12:00:00,54.69811248779297
srv-007,2017-06-14 13:00:00,55.029693603515625
srv-007,2017-06-14 14:00:00,52.16693878173828
srv-007,2017-06-14 15:00:00,55.534603118896484
srv-007,2017-06-14 16:00:00,54.407230377197266
srv-007,2017-06-14 17:00:00,50.60319519042969
srv-007,2017-06-14 18:00:00,50.20583724975586
srv-007,2017-06-14 19:00:00,49.924346923828125
srv-007,2017-06-14 20:00:00,50.168182373046875
srv-007,2017-06-14 21:00:00,51.1379280090332
srv-007,2017-06-14 22:00:00,48.63462829589844
srv-007,2017-06-14 23:00:00,48.21518325805664
srv-007,2017-06-15 00:00:00,48.952606201171875
srv-007,2017-06-15 01:00:00,52.41181564331055
srv-007,2017-06-15 02:00:00,48.28412628173828
srv-007,2017-06-15 03:00:00,48.592857360839844
srv-007,2017-06-15 04:00:00,51.631954193115234
srv-007,2017-06-15 05:00:00,53.77978515625
srv-007,2017-06-15 06:00:00,54.16839599609375
srv-007,2017-06-15 07:00:00,50.505035400390625
srv-007,2017-06-15 08:00:00,52.26998519897461
srv-007,2017-06-15 09:00:00,49.968929290771484
srv-007,2017-06-15 10:00:00,50.90404510498047
srv-007,2017-06-15 11:00:00,52.48249053955078
srv-007,2017-06-15 12:00:00,54.11573791503906
srv-007,2017-06-15 13:00:00,52.462432861328125
srv-007,2017-06-15 14:00:00,47.59312438964844
srv-007,2017-06-15 15:00:00,51.380916595458984
srv-007,2017-06-15 16:00:00,50.305702209472656
srv-007,2017-06-15 17:00:00,47.818397521972656
srv-007,2017-06-15 18:00:00,47.92576599121094
srv-007,2017-06-15 19:00:00,44.76368713378906
srv-007,2017-06-15 20:00:00,44.53782653808594
srv-007,2017-06-15 21:00:00,46.41332244873047
srv-007,2017-06-15 22:00:00,43.79228210449219
srv-007,2017-06-15 23:00:00,44.43586730957031
srv-007,2017-06-16 00:00:00,43.124942779541016
srv-007,2017-06-16 01:00:00,40.60092544555664
srv-007,2017-06-16 02:00:00,39.78300476074219
srv-007,2017-06-16 03:00:00,42.002716064453125
srv-007,2017-06-16 04:00:00,44.99999237060547
srv-007,2017-06-16 05:00:00,46.554691314697266
srv-007,2017-06-16 06:00:00,45.75434494018555
srv-007,2017-06-16 07:00:00,48.870025634765625
srv-007,2017-06-16 08:00:00,49.18962478637695
srv-007,2017-06-16 09:00:00,45.02091979980469
srv-007,2017-06-16 10:00:00,45.70598602294922
srv-007,2017-06-16 11:00:00,44.47521209716797
srv-007,2017-06-16 12:00:00,47.138572692871094
srv-007,2017-06-16 13:00:00,46.92155075073242
srv-007,2017-06-16 14:00:00,44.17180252075195
srv-007,2017-06-16 15:00:00,42.53614044189453
srv-007,2017-06-16 16:00:00,43.102806091308594
srv-007,2017-06-16 17:00:00,43.13771057128906
srv-007,2017-06-16 18:00:00,42.33356475830078
srv-007,2017-06-16 19:00:00,42.68458557128906
srv-007,2017-06-16 20:00:00,37.373878479003906
srv-007,2017-06-16 21:00:00,39.11422348022461
srv-007,2017-06-16 22:00:00,38.11214828491211
srv-007,2017-06-16 23:00:00,38.93986892700195
srv-007,2017-06-17 00:00:00,36.83754348754883
srv-007,2017-06-17 01:00:00,38.10173797607422
srv-007,2017-06-17 02:00:00,39.37371826171875
srv-007,2017-06-17 03:00:00,38.18459701538086
srv-007,2017-06-17 04:00:00,42.6876220703125
srv-007,2017-06-17 05:00:00,43.40951919555664
srv-007,2017-06-17 06:00:00,45.885894775390625
srv-007,2017-06-17 07:00:00,43.62213897705078
srv-007,2017-06-17 08:00:00,42.371360778808594
srv-007,2017-06-17 09:00:00,45.194400787353516
srv-007,2017-06-17 10:00:00,42.74317932128906
srv-007,2017-06-17 11:00:00,44.01460647583008
srv-007,2017-06-17 12:00:00,41.42695617675781
srv-007,2017-06-17 13:00:00,41.75041961669922
srv-007,2017-06-17 14:00:00,41.414024353027344
srv-007,2017-06-17 15:00:00,40.25394058227539
srv-007,2017-06-17 16:00:00,39.71746063232422
srv-007,2017-06-17 17:00:00,41.25849914550781
srv-007,2017-06-17 18:00:00,42.451881408691406
srv-007,2017-06-17 19:00:00,43.38144302368164
srv-007,2017-06-17 20:00:00,41.946746826171875
srv-007,2017-06-17 21:00:00,39.23454284667969
srv-007,2017-06-17 22:00:00,39.170326232910156
srv-007,2017-06-17 23:00:00,40.32133483886719
srv-007,2017-06-18 00:00:00,41.587398529052734
srv-007,2017-06-18 01:00:00,42.07429504394531
srv-007,2017-06-18 02:00:00,40.361045837402344
srv-007,2017-06-18 03:00:00,39.45753479003906
srv-007,2017-06-18 04:00:00,41.821617126464844
srv-007,2017-06-18 05:00:00,42.716041564941406
srv-007,2017-06-18 06:00:00,39.23050308227539
srv-007,2017-06-18 07:00:00,41.35987091064453
srv-007,2017-06-18 08:00:00,41.748046875
srv-007,2017-06-18 09:00:00,45.48145294189453
srv-007,2017-06-18 10:00:00,45.341949462890625
srv-007,2017-06-18 11:00:00,46.832984924316406
srv-007,2017-06-18 12:00:00,49.725120544433594
srv-007,2017-06-18 13:00:00,49.902000427246094
srv-007,2017-06-18 14:00:00,46.86186218261719
srv-007,2017-06-18 15:00:00,43.29158401489258
srv-007,2017-06-18 16:00:00,43.679298400878906
srv-007,2017-06-18 17:00:00,44.903411865234375
srv-007,2017-06-18 18:00:00,43.71075439453125
srv-007,2017-06-18 19:00:00,43.22657775878906
srv-007,2017-06-18 20:00:00,40.89519119262695
srv-007,2017-06-18 21:00:00,38.910057067871094
srv-007,2017-06-18 22:00:00,38.17241668701172
srv-007,2017-06-18 23:00:00,38.24169921875
srv-007,2017-06-19 00:00:00,36.24151611328125
srv-007,2017-06-19 01:00:00,39.331642150878906
srv-007,2017-06-19 02:00:00,39.607093811035156
srv-007,2017-06-19 03:00:00,36.93040466308594
srv-007,2017-06-19 04:00:00,39.53260803222656
srv-007,2017-06-19 05:00:00,40.029869079589844
srv-007,2017-06-19 06:00:00,43.34788513183594
srv-007,2017-06-19 07:00:00,42.75642776489258
srv-007,2017-06-19 08:00:00,47.041751861572266
srv-007,2017-06-19 09:00:00,47.66693878173828
srv-007,2017-06-19 10:00:00,48.090431213378906
srv-007,2017-06-19 11:00:00,49.67089080810547
srv-007,2017-06-19 12:00:00,46.3441162109375
srv-007,2017-06-19 13:00:00,47.4935302734375
srv-007,2017-06-19 14:00:00,50.059410095214844
srv-007,2017-06-19 15:00:00,47.63970184326172
srv-007,2017-06-19 16:00:00,43.47859191894531
srv-007,2017-06-19 17:00:00,43.78907775878906
srv-007,2017-06-19 18:00:00,47.569549560546875
srv-007,2017-06-19 19:00:00,47.409568786621094
srv-007,2017-06-19 20:00:00,50.49909210205078
srv-007,2017-06-19 21:00:00,45.82823944091797
srv-007,2017-06-19 22:00:00,44.58790588378906
srv-007,2017-06-19 23:00:00,43.76911926269531
srv-007,2017-06-20 00:00:00,45.3126220703125
srv-007,2017-06-20 01:00:00,45.254234313964844
srv-007,2017-06-20 02:00:00,43.42683410644531
srv-007,2017-06-20 03:00:00,47.55433654785156
srv-007,2017-06-20 04:00:00,49.34330749511719
srv-007,2017-06-20 05:00:00,49.93901824951172
srv-007,2017-06-20 06:00:00,54.84646987915039
srv-007,2017-06-20 07:00:00,53.82224655151367
srv-007,2017-06-20 08:00:00,55.78270721435547
srv-007,2017-06-20 09:00:00,54.973636627197266
srv-007,2017-06-20 10:00:00,52.35220718383789
srv-007,2017-06-20 11:00:00,52.82773208618164
srv-007,2017-06-20 12:00:00,56.62590408325195
srv-007,2017-06-20 13:00:00,54.27591323852539
srv-007,2017-06-20 14:00:00,55.95447540283203
srv-007,2017-06-20 15:00:00,54.355953216552734
srv-007,2017-06-20 16:00:00,52.80332565307617
srv-007,2017-06-20 17:00:00,51.97980499267578
srv-007,2017-06-20 18:00:00,51.11903762817383
srv-007,2017-06-20 19:00:00,51.03373718261719
srv-007,2017-06-20 20:00:00,47.8240966796875
srv-007,2017-06-20 21:00:00,49.9432373046875
srv-007,2017-06-20 22:00:00,51.52080154418945
srv-007,2017-06-20 23:00:00,48.19325637817383
srv-007,2017-06-21 00:00:00,51.2127799987793
srv-007,2017-06-21 01:00:00,53.124473571777344
srv-007,2017-06-21 02:00:00,53.235755920410156
srv-007,2017-06-21 03:00:00,51.20526123046875
srv-007,2017-06-21 04:00:00,54.11214828491211
srv-007,2017-06-21 05:00:00,52.076820373535156
srv-007,2017-06-21 06:00:00,52.7896614074707
srv-007,2017-06-21 07:00:00,52.008323669433594
srv-007,2017-06-21 08:00:00,56.03401184082031
srv-007,2017-06-21 09:00:00,56.799293518066406
srv-007,2017-06-21 10:00:00,52.39544677734375
srv-007,2017-06-21 11:00:00,58.924232482910156
srv-007,2017-06-21 12:00:00,57.93370056152344
srv-007,2017-06-21 13:00:00,52.571353912353516
srv-007,2017-06-21 14:00:00,52.40998840332031
srv-007,2017-06-21 15:00:00,55.534423828125
srv-007,2017-06-21 16:00:00,58.56855392456055
srv-007,2017-06-21 17:00:00,54.593544006347656
srv-007,2017-06-21 18:00:00,53.96128845214844
srv-007,2017-06-21 19:00:00,56.54099655151367
srv-007,2017-06-21 20:00:00,54.21019744873047
srv-007,2017-06-21 21:00:00,54.9840202331543
srv-007,2017-06-21 22:00:00,54.04580307006836
srv-007,2017-06-21 23:00:00,51.77543640136719
srv-007,2017-06-22 00:00:00,51.055198669433594
srv-007,2017-06-22 01:00:00,51.57237243652344
srv-007,2017-06-22 02:00:00,53.51461410522461
srv-007,2017-06-22 03:00:00,52.8771858215332
srv-007,2017-06-22 04:00:00,49.11199188232422
srv-007,2017-06-22 05:00:00,51.94831085205078
srv-007,2017-06-22 06:00:00,52.73185729980469
srv-007,2017-06-22 07:00:00,48.19646453857422
srv-007,2017-06-22 08:00:00,51.301109313964844
srv-007,2017-06-22 09:00:00,52.333412170410156
srv-007,2017-06-22 10:00:00,54.100704193115234
srv-007,2017-06-22 11:00:00,56.623130798339844
srv-007,2017-06-22 12:00:00,56.74491882324219
srv-007,2017-06-22 13:00:00,53.80621337890625
srv-007,2017-06-22 14:00:00,52.08543395996094
srv-007,2017-06-22 15:00:00,50.36309051513672
srv-007,2017-06-22 16:00:00,48.4146842956543
srv-007,2017-06-22 17:00:00,49.63695526123047
srv-007,2017-06-22 18:00:00,50.477134704589844
srv-007,2017-06-22 19:00:00,47.549049377441406
srv-007,2017-06-22 20:00:00,47.443599700927734
srv-007,2017-06-22 21:00:00,44.75730895996094
srv-007,2017-06-22 22:00:00,42.329917907714844
srv-007,2017-06-22 23:00:00,42.7911262512207
srv-007,2017-06-23 00:00:00,39.44586181640625
srv-007,2017-06-23 01:00:00,41.04474639892578
srv-007,2017-06-23 02:00:00,39.95140075683594
srv-007,2017-06-23 03:00:00,43.65715789794922
srv-007,2017-06-23 04:00:00,41.33612823486328
srv-007,2017-06-23 05:00:00,43.87453079223633
srv-007,2017-06-23 06:00:00,44.14352798461914
srv-007,2017-06-23 07:00:00,41.471778869628906
srv-007,2017-06-23 08:00:00,43.52672576904297
srv-007,2017-06-23 09:00:00,45.58325958251953
srv-007,2017-06-23 10:00:00,45.003028869628906
srv-007,2017-06-23 11:00:00,46.27510070800781
srv-007,2017-06-23 12:00:00,47.456756591796875
srv-007,2017-06-23 13:00:00,43.794189453125
srv-007,2017-06-23 14:00:00,44.26088333129883
srv-007,2017-06-23 15:00:00,43.16188049316406
srv-007,2017-06-23 16:00:00,44.21503448486328
srv-007,2017-06-23 17:00:00,44.914222717285156
srv-007,2017-06-23 18:00:00,44.241268157958984
srv-007,2017-06-23 19:00:00,39.915382385253906
srv-007,2017-06-23 20:00:00,41.61623764038086
srv-007,2017-06-23 21:00:00,40.69913864135742
srv-007,2017-06-23 22:00:00,39.03630828857422
srv-007,2017-06-23 23:00:00,37.37807083129883
srv-007,2017-06-24 00:00:00,38.46221923828125
srv-007,2017-06-24 01:00:00,41.819061279296875
srv-007,2017-06-24 02:00:00,41.742584228515625
srv-007,2017-06-24 03:00:00,43.58896255493164
srv-007,2017-06-24 04:00:00,44.027915954589844
srv-007,2017-06-24 05:00:00,45.4769287109375
srv-007,2017-06-24 06:00:00,44.951393127441406
srv-007,2017-06-24 07:00:00,37.86888885498047
srv-007,2017-06-24 08:00:00,39.13092803955078
srv-007,2017-06-24 09:00:00,39.32051086425781
srv-007,2017-06-24 10:00:00,39.9263916015625
srv-007,2017-06-24 11:00:00,43.12445068359375
srv-007,2017-06-24 12:00:00,46.46717071533203
srv-007,2017-06-24 13:00:00,48.031097412109375
srv-007,2017-06-24 14:00:00,46.415992736816406
srv-007,2017-06-24 15:00:00,44.56317901611328
srv-007,2017-06-24 16:00:00,46.09218215942383
srv-007,2017-06-24 17:00:00,45.086795806884766
srv-007,2017-06-24 18:00:00,44.8527717590332
srv-007,2017-06-24 19:00:00,45.89251708984375
srv-007,2017-06-24 20:00:00,45.221839904785156
srv-007,2017-06-24 21:00:00,42.68777847290039
srv-007,2017-06-24 22:00:00,40.074432373046875
srv-007,2017-06-24 23:00:00,39.09566116333008
srv-007,2017-06-25 00:00:00,43.01585006713867
srv-007,2017-06-25 01:00:00,41.80617141723633
srv-007,2017-06-25 02:00:00,42.20246124267578
srv-007,2017-06-25 03:00:00,41.09174346923828
srv-007,2017-06-25 04:00:00,41.66368103027344
srv-007,2017-06-25 05:00:00,44.156490325927734
srv-007,2017-06-25 06:00:00,41.27434539794922
srv-007,2017-06-25 07:00:00,41.16405487060547
srv-007,2017-06-25 08:00:00,41.821563720703125
srv-007,2017-06-25 09:00:00,40.35023498535156
srv-007,2017-06-25 10:00:00,41.90215301513672
srv-007,2017-06-25 11:00:00,43.4771728515625
srv-007,2017-06-25 12:00:00,45.21013641357422
srv-007,2017-06-25 13:00:00,46.420814514160156
srv-007,2017-06-25 14:00:00,45.57870864868164
srv-007,2017-06-25 15:00:00,47.5516471862793
srv-007,2017-06-25 16:00:00,47.922325134277344
srv-007,2017-06-25 17:00:00,48.22516632080078
srv-007,2017-06-25 18:00:00,50.44624328613281
srv-007,2017-06-25 19:00:00,44.874778747558594
srv-007,2017-06-25 20:00:00,43.3039436340332
srv-007,2017-06-25 21:00:00,43.065093994140625
srv-007,2017-06-25 22:00:00,42.444095611572266
srv-007,2017-06-25 23:00:00,41.51887512207031
srv-007,2017-06-26 00:00:00,38.19267272949219
srv-007,2017-06-26 01:00:00,35.99066925048828
srv-007,2017-06-26 02:00:00,38.42347717285156
srv-007,2017-06-26 03:00:00,41.406578063964844
srv-007,2017-06-26 04:00:00,42.05189895629883
srv-007,2017-06-26 05:00:00,43.60971450805664
srv-007,2017-06-26 06:00:00,42.7811393737793
srv-007,2017-06-26 07:00:00,39.569026947021484
srv-007,2017-06-26 08:00:00,40.366851806640625
srv-007,2017-06-26 09:00:00,37.861717224121094
srv-007,2017-06-26 10:00:00,43.27846145629883
srv-007,2017-06-26 11:00:00,44.86079406738281
srv-007,2017-06-26 12:00:00,48.527061462402344
srv-007,2017-06-26 13:00:00,47.51976776123047
srv-007,2017-06-26 14:00:00,47.929954528808594
srv-007,2017-06-26 15:00:00,49.180747985839844
srv-007,2017-06-26 16:00:00,48.61186981201172
srv-007,2017-06-26 17:00:00,45.688934326171875
srv-007,2017-06-26 18:00:00,42.27473831176758
srv-007,2017-06-26 19:00:00,44.02507781982422
srv-007,2017-06-26 20:00:00,43.769187927246094
srv-007,2017-06-26 21:00:00,43.88865661621094
srv-007,2017-06-26 22:00:00,40.87580108642578
srv-007,2017-06-26 23:00:00,42.29323196411133
srv-007,2017-06-27 00:00:00,46.045867919921875
srv-007,2017-06-27 01:00:00,45.15007781982422
srv-007,2017-06-27 02:00:00,48.06867218017578
srv-007,2017-06-27 03:00:00,42.06309509277344
srv-007,2017-06-27 04:00:00,42.62555694580078
srv-007,2017-06-27 05:00:00,46.177452087402344
srv-007,2017-06-27 06:00:00,48.683021545410156
srv-007,2017-06-27 07:00:00,46.10192108154297
srv-007,2017-06-27 08:00:00,49.56766128540039
srv-007,2017-06-27 09:00:00,51.171051025390625
srv-007,2017-06-27 10:00:00,52.302207946777344
srv-007,2017-06-27 11:00:00,48.422584533691406
srv-007,2017-06-27 12:00:00,48.76594161987305
srv-007,2017-06-27 13:00:00,48.07298278808594
srv-007,2017-06-27 14:00:00,49.585693359375
srv-007,2017-06-27 15:00:00,50.81965637207031
srv-007,2017-06-27 16:00:00,53.48863983154297
srv-007,2017-06-27 17:00:00,53.14857482910156
srv-007,2017-06-27 18:00:00,53.6229133605957
srv-007,2017-06-27 19:00:00,49.213836669921875
srv-007,2017-06-27 20:00:00,50.547088623046875
srv-007,2017-06-27 21:00:00,51.93211364746094
srv-007,2017-06-27 22:00:00,47.61310577392578
srv-007,2017-06-27 23:00:00,48.164817810058594
srv-007,2017-06-28 00:00:00,51.945281982421875
srv-007,2017-06-28 01:00:00,49.359832763671875
srv-007,2017-06-28 02:00:00,50.79119873046875
srv-007,2017-06-28 03:00:00,50.92552947998047
srv-007,2017-06-28 04:00:00,50.20735168457031
srv-007,2017-06-28 05:00:00,49.87677001953125
srv-007,2017-06-28 06:00:00,50.972511291503906
srv-007,2017-06-28 07:00:00,50.759376525878906
srv-007,2017-06-28 08:00:00,55.171043395996094
srv-007,2017-06-28 09:00:00,54.19363021850586
srv-007,2017-06-28 10:00:00,52.779693603515625
srv-007,2017-06-28 11:00:00,55.87335968017578
srv-007,2017-06-28 12:00:00,56.278221130371094
srv-007,2017-06-28 13:00:00,54.110599517822266
srv-007,2017-06-28 14:00:00,55.01512908935547
srv-007,2017-06-28 15:00:00,56.919036865234375
srv-007,2017-06-28 16:00:00,56.953712463378906
srv-007,2017-06-28 17:00:00,56.59662628173828
srv-007,2017-06-28 18:00:00,52.313011169433594
srv-007,2017-06-28 19:00:00,55.53236389160156
srv-007,2017-06-28 20:00:00,43.4440803527832
srv-007,2017-06-28 21:00:00,44.026634216308594
srv-007,2017-06-28 22:00:00,45.700374603271484
srv-007,2017-06-28 23:00:00,47.86240768432617
srv-007,2017-06-29 00:00:00,47.82820510864258
srv-007,2017-06-29 01:00:00,46.93547821044922
srv-007,2017-06-29 02:00:00,48.686893463134766
srv-007,2017-06-29 03:00:00,50.12898254394531
srv-007,2017-06-29 04:00:00,51.41301345825195
srv-007,2017-06-29 05:00:00,51.178138732910156
srv-007,2017-06-29 06:00:00,48.848854064941406
srv-007,2017-06-29 07:00:00,51.07963562011719
srv-007,2017-06-29 08:00:00,53.650245666503906
srv-007,2017-06-29 09:00:00,46.7979850769043
srv-007,2017-06-29 10:00:00,48.577720642089844
srv-007,2017-06-29 11:00:00,49.289634704589844
srv-007,2017-06-29 12:00:00,51.07008743286133
srv-007,2017-06-29 13:00:00,53.41989517211914
srv-007,2017-06-29 14:00:00,52.66499328613281
srv-007,2017-06-29 15:00:00,50.41969299316406
srv-007,2017-06-29 16:00:00,50.27653884887695
srv-007,2017-06-29 17:00:00,48.50154113769531
srv-007,2017-06-29 18:00:00,49.81230163574219
srv-007,2017-06-29 19:00:00,47.97559356689453
srv-007,2017-06-29 20:00:00,46.524986267089844
srv-007,2017-06-29 21:00:00,45.991363525390625
srv-007,2017-06-29 22:00:00,42.70393371582031
srv-007,2017-06-29 23:00:00,43.461204528808594
srv-007,2017-06-30 00:00:00,45.60601043701172
srv-007,2017-06-30 01:00:00,46.522377014160156
srv-007,2017-06-30 02:00:00,47.074546813964844
srv-007,2017-06-30 03:00:00,46.84806823730469
srv-007,2017-06-30 04:00:00,42.838077545166016
srv-007,2017-06-30 05:00:00,45.88616943359375
srv-007,2017-06-30 06:00:00,51.00927734375
srv-007,2017-06-30 07:00:00,48.909889221191406
srv-007,2017-06-30 08:00:00,48.866275787353516
srv-007,2017-06-30 09:00:00,49.00023651123047
srv-007,2017-06-30 10:00:00,47.43759536743164
srv-007,2017-06-30 11:00:00,44.837554931640625
srv-007,2017-06-30 12:00:00,40.64291763305664
srv-007,2017-06-30 13:00:00,40.757469177246094
srv-007,2017-06-30 14:00:00,41.73418045043945
srv-007,2017-06-30 15:00:00,41.089393615722656
srv-007,2017-06-30 16:00:00,43.383872985839844
srv-007,2017-06-30 17:00:00,43.05236053466797
srv-007,2017-06-30 18:00:00,40.587013244628906
srv-007,2017-06-30 19:00:00,39.820343017578125
srv-007,2017-06-30 20:00:00,40.65111541748047
srv-007,2017-06-30 21:00:00,38.423736572265625
srv-007,2017-06-30 22:00:00,38.611167907714844
srv-007,2017-06-30 23:00:00,35.910282135009766
srv-008,2017-06-01 23:00:00,62.617889404296875
srv-008,2017-06-02 00:00:00,71.21370697021484
srv-008,2017-06-02 01:00:00,70.7734603881836
srv-008,2017-06-02 02:00:00,70.71620178222656
srv-008,2017-06-02 03:00:00,67.25959014892578
srv-008,2017-06-02 04:00:00,67.45879364013672
srv-008,2017-06-02 05:00:00,69.09854125976562
srv-008,2017-06-02 06:00:00,65.34436798095703
srv-008,2017-06-02 07:00:00,65.32502746582031
srv-008,2017-06-02 08:00:00,63.898597717285156
srv-008,2017-06-02 09:00:00,66.91593933105469
srv-008,2017-06-02 10:00:00,71.77287292480469
srv-008,2017-06-02 11:00:00,79.27301788330078
srv-008,2017-06-02 12:00:00,73.23612213134766
srv-008,2017-06-02 13:00:00,76.9601821899414
srv-008,2017-06-02 14:00:00,78.59339904785156
srv-008,2017-06-02 15:00:00,74.0865249633789
srv-008,2017-06-02 16:00:00,71.97441101074219
srv-008,2017-06-02 17:00:00,68.39901733398438
srv-008,2017-06-02 18:00:00,68.72869110107422
srv-008,2017-06-02 19:00:00,71.30602264404297
srv-008,2017-06-02 20:00:00,69.5582046508789
srv-008,2017-06-02 21:00:00,69.76055145263672
srv-008,2017-06-02 22:00:00,67.25621032714844
srv-008,2017-06-02 23:00:00,71.17240142822266
srv-008,2017-06-03 00:00:00,69.3183822631836
srv-008,2017-06-03 01:00:00,71.31928253173828
srv-008,2017-06-03 02:00:00,69.90425872802734
srv-008,2017-06-03 03:00:00,69.39884185791016
srv-008,2017-06-03 04:00:00,71.69775390625
srv-008,2017-06-03 05:00:00,75.79119110107422
srv-008,2017-06-03 06:00:00,75.34905242919922
srv-008,2017-06-03 07:00:00,71.93787384033203
srv-008,2017-06-03 08:00:00,75.51068115234375
srv-008,2017-06-03 09:00:00,75.38097381591797
srv-008,2017-06-03 10:00:00,71.25904846191406
srv-008,2017-06-03 11:00:00,71.22344970703125
srv-008,2017-06-03 12:00:00,75.13200378417969
srv-008,2017-06-03 13:00:00,78.66537475585938
srv-008,2017-06-03 14:00:00,80.91185760498047
srv-008,2017-06-03 15:00:00,82.10503387451172
srv-008,2017-06-03 16:00:00,75.33147430419922
srv-008,2017-06-03 17:00:00,77.07473754882812
srv-008,2017-06-03 18:00:00,80.56805419921875
srv-008,2017-06-03 19:00:00,78.568115234375
srv-008,2017-06-03 20:00:00,78.03478240966797
srv-008,2017-06-03 21:00:00,74.04232025146484
srv-008,2017-06-03 22:00:00,73.04960632324219
srv-008,2017-06-03 23:00:00,71.50466918945312
srv-008,2017-06-04 00:00:00,76.14527130126953
srv-008,2017-06-04 01:00:00,77.08451080322266
srv-008,2017-06-04 02:00:00,73.72321319580078
srv-008,2017-06-04 03:00:00,73.03579711914062
srv-008,2017-06-04 04:00:00,71.20427703857422
srv-008,2017-06-04 05:00:00,70.60736083984375
srv-008,2017-06-04 06:00:00,74.44696044921875
srv-008,2017-06-04 07:00:00,76.45125579833984
srv-008,2017-06-04 08:00:00,75.48091888427734
srv-008,2017-06-04 09:00:00,76.26449584960938
srv-008,2017-06-04 10:00:00,71.0337142944336
srv-008,2017-06-04 11:00:00,70.10149383544922
srv-008,2017-06-04 12:00:00,74.36898040771484
srv-008,2017-06-04 13:00:00,75.73654174804688
srv-008,2017-06-04 14:00:00,77.73747253417969
srv-008,2017-06-04 15:00:00,73.55628967285156
srv-008,2017-06-04 16:00:00,75.67668151855469
srv-008,2017-06-04 17:00:00,78.91142272949219
srv-008,2017-06-04 18:00:00,77.94132232666016
srv-008,2017-06-04 19:00:00,77.43572235107422
srv-008,2017-06-04 20:00:00,72.7181625366211
srv-008,2017-06-04 21:00:00,72.52376556396484
srv-008,2017-06-04 22:00:00,75.3506088256836
srv-008,2017-06-04 23:00:00,76.4471664428711
srv-008,2017-06-05 00:00:00,68.48406219482422
srv-008,2017-06-05 01:00:00,67.32190704345703
srv-008,2017-06-05 02:00:00,71.9381103515625
srv-008,2017-06-05 03:00:00,72.44921112060547
srv-008,2017-06-05 04:00:00,70.06073760986328
srv-008,2017-06-05 05:00:00,69.0930404663086
srv-008,2017-06-05 06:00:00,68.95384216308594
srv-008,2017-06-05 07:00:00,73.41568756103516
srv-008,2017-06-05 08:00:00,75.78083801269531
srv-008,2017-06-05 09:00:00,74.34687805175781
srv-008,2017-06-05 10:00:00,73.20820617675781
srv-008,2017-06-05 11:00:00,77.52649688720703
srv-008,2017-06-05 12:00:00,74.66754913330078
srv-008,2017-06-05 13:00:00,80.5530776977539
srv-008,2017-06-05 14:00:00,79.39881134033203
srv-008,2017-06-05 15:00:00,83.70711517333984
srv-008,2017-06-05 16:00:00,77.5941390991211
srv-008,2017-06-05 17:00:00,78.27342224121094
srv-008,2017-06-05 18:00:00,81.32506561279297
srv-008,2017-06-05 19:00:00,82.06130981445312
srv-008,2017-06-05 20:00:00,76.76972961425781
srv-008,2017-06-05 21:00:00,77.83502197265625
srv-008,2017-06-05 22:00:00,73.72367858886719
srv-008,2017-06-05 23:00:00,76.43489837646484
srv-008,2017-06-06 00:00:00,76.99678802490234
srv-008,2017-06-06 01:00:00,76.51883697509766
srv-008,2017-06-06 02:00:00,75.47942352294922
srv-008,2017-06-06 03:00:00,80.1286392211914
srv-008,2017-06-06 04:00:00,81.85596466064453
srv-008,2017-06-06 05:00:00,80.24340057373047
srv-008,2017-06-06 06:00:00,80.4134750366211
srv-008,2017-06-06 07:00:00,79.10742950439453
srv-008,2017-06-06 08:00:00,84.16451263427734
srv-008,2017-06-06 09:00:00,82.92217254638672
srv-008,2017-06-06 10:00:00,78.22144317626953
srv-008,2017-06-06 11:00:00,79.51287078857422
srv-008,2017-06-06 12:00:00,78.98042297363281
srv-008,2017-06-06 13:00:00,79.90682220458984
srv-008,2017-06-06 14:00:00,81.6197280883789
srv-008,2017-06-06 15:00:00,82.72474670410156
srv-008,2017-06-06 16:00:00,78.69477081298828
srv-008,2017-06-06 17:00:00,81.5625
srv-008,2017-06-06 18:00:00,79.66960906982422
srv-008,2017-06-06 19:00:00,80.0100326538086
srv-008,2017-06-06 20:00:00,78.30596160888672
srv-008,2017-06-06 21:00:00,80.05162048339844
srv-008,2017-06-06 22:00:00,83.0968017578125
srv-008,2017-06-06 23:00:00,82.9250717163086
srv-008,2017-06-07 00:00:00,86.46822357177734
srv-008,2017-06-07 01:00:00,80.0922622680664
srv-008,2017-06-07 02:00:00,78.2503433227539
srv-008,2017-06-07 03:00:00,82.25030517578125
srv-008,2017-06-07 04:00:00,78.25919342041016
srv-008,2017-06-07 05:00:00,78.13379669189453
srv-008,2017-06-07 06:00:00,81.17780303955078
srv-008,2017-06-07 07:00:00,81.09879302978516
srv-008,2017-06-07 08:00:00,80.7900161743164
srv-008,2017-06-07 09:00:00,77.2693862915039
srv-008,2017-06-07 10:00:00,82.00949096679688
srv-008,2017-06-07 11:00:00,80.82251739501953
srv-008,2017-06-07 12:00:00,82.93531036376953
srv-008,2017-06-07 13:00:00,83.59542846679688
srv-008,2017-06-07 14:00:00,84.59322357177734
srv-008,2017-06-07 15:00:00,84.93021392822266
srv-008,2017-06-07 16:00:00,78.59742736816406
srv-008,2017-06-07 17:00:00,84.0329360961914
srv-008,2017-06-07 18:00:00,84.5296401977539
srv-008,2017-06-07 19:00:00,83.53260040283203
srv-008,2017-06-07 20:00:00,82.48467254638672
srv-008,2017-06-07 21:00:00,83.36687469482422
srv-008,2017-06-07 22:00:00,85.6272201538086
srv-008,2017-06-07 23:00:00,79.39505767822266
srv-008,2017-06-08 00:00:00,75.15755462646484
srv-008,2017-06-08 01:00:00,77.8786849975586
srv-008,2017-06-08 02:00:00,81.47884368896484
srv-008,2017-06-08 03:00:00,81.74187469482422
srv-008,2017-06-08 04:00:00,79.7061996459961
srv-008,2017-06-08 05:00:00,78.45486450195312
srv-008,2017-06-08 06:00:00,82.31739044189453
srv-008,2017-06-08 07:00:00,84.92981719970703
srv-008,2017-06-08 08:00:00,83.5780258178711
srv-008,2017-06-08 09:00:00,85.97090148925781
srv-008,2017-06-08 10:00:00,84.5562973022461
srv-008,2017-06-08 11:00:00,83.4574203491211
srv-008,2017-06-08 12:00:00,84.24081420898438
srv-008,2017-06-08 13:00:00,80.56532287597656
srv-008,2017-06-08 14:00:00,79.50700378417969
srv-008,2017-06-08 15:00:00,81.77637481689453
srv-008,2017-06-08 16:00:00,81.35260009765625
srv-008,2017-06-08 17:00:00,79.60616302490234
srv-008,2017-06-08 18:00:00,76.30660247802734
srv-008,2017-06-08 19:00:00,73.35379028320312
srv-008,2017-06-08 20:00:00,75.72115325927734
srv-008,2017-06-08 21:00:00,75.08295440673828
srv-008,2017-06-08 22:00:00,75.83476257324219
srv-008,2017-06-08 23:00:00,76.73768615722656
srv-008,2017-06-09 00:00:00,74.36174011230469
srv-008,2017-06-09 01:00:00,79.78252410888672
srv-008,2017-06-09 02:00:00,76.3552017211914
srv-008,2017-06-09 03:00:00,73.64249420166016
srv-008,2017-06-09 04:00:00,77.156494140625
srv-008,2017-06-09 05:00:00,71.1092758178711
srv-008,2017-06-09 06:00:00,72.79450225830078
srv-008,2017-06-09 07:00:00,76.43179321289062
srv-008,2017-06-09 08:00:00,73.0240249633789
srv-008,2017-06-09 09:00:00,75.19550323486328
srv-008,2017-06-09 10:00:00,75.33983612060547
srv-008,2017-06-09 11:00:00,77.90589141845703
srv-008,2017-06-09 12:00:00,76.87206268310547
srv-008,2017-06-09 13:00:00,75.74503326416016
srv-008,2017-06-09 14:00:00,78.32514190673828
srv-008,2017-06-09 15:00:00,77.03963470458984
srv-008,2017-06-09 16:00:00,76.67909240722656
srv-008,2017-06-09 17:00:00,74.2337646484375
srv-008,2017-06-09 18:00:00,73.7629623413086
srv-008,2017-06-09 19:00:00,71.02013397216797
srv-008,2017-06-09 20:00:00,70.37089538574219
srv-008,2017-06-09 21:00:00,67.61005401611328
srv-008,2017-06-09 22:00:00,68.59837341308594
srv-008,2017-06-09 23:00:00,65.88618469238281
srv-008,2017-06-10 00:00:00,69.58171081542969
srv-008,2017-06-10 01:00:00,70.3158950805664
srv-008,2017-06-10 02:00:00,67.95764923095703
srv-008,2017-06-10 03:00:00,69.70694732666016
srv-008,2017-06-10 04:00:00,72.3462142944336
srv-008,2017-06-10 05:00:00,72.47001647949219
srv-008,2017-06-10 06:00:00,72.65201568603516
srv-008,2017-06-10 07:00:00,76.35636138916016
srv-008,2017-06-10 08:00:00,78.52819061279297
srv-008,2017-06-10 09:00:00,79.03339385986328
srv-008,2017-06-10 10:00:00,76.41089630126953
srv-008,2017-06-10 11:00:00,75.53516387939453
srv-008,2017-06-10 12:00:00,74.57291412353516
srv-008,2017-06-10 13:00:00,75.95356750488281
srv-008,2017-06-10 14:00:00,77.76400756835938
srv-008,2017-06-10 15:00:00,75.74897003173828
srv-008,2017-06-10 16:00:00,76.7232437133789
srv-008,2017-06-10 17:00:00,72.72408294677734
srv-008,2017-06-10 18:00:00,70.5489273071289
srv-008,2017-06-10 19:00:00,70.32292938232422
srv-008,2017-06-10 20:00:00,67.7654800415039
srv-008,2017-06-10 21:00:00,72.40630340576172
srv-008,2017-06-10 22:00:00,70.63368225097656
srv-008,2017-06-10 23:00:00,69.80180358886719
srv-008,2017-06-11 00:00:00,66.73082733154297
srv-008,2017-06-11 01:00:00,72.1353530883789
srv-008,2017-06-11 02:00:00,71.8383560180664
srv-008,2017-06-11 03:00:00,75.21839141845703
srv-008,2017-06-11 04:00:00,76.29572296142578
srv-008,2017-06-11 05:00:00,76.17668914794922
srv-008,2017-06-11 06:00:00,75.97692108154297
srv-008,2017-06-11 07:00:00,72.65460205078125
srv-008,2017-06-11 08:00:00,76.5173110961914
srv-008,2017-06-11 09:00:00,70.35234832763672
srv-008,2017-06-11 10:00:00,76.44904327392578
srv-008,2017-06-11 11:00:00,72.34439849853516
srv-008,2017-06-11 12:00:00,73.20829772949219
srv-008,2017-06-11 13:00:00,71.35346221923828
srv-008,2017-06-11 14:00:00,75.54605865478516
srv-008,2017-06-11 15:00:00,72.35228729248047
srv-008,2017-06-11 16:00:00,72.09329986572266
srv-008,2017-06-11 17:00:00,74.88957977294922
srv-008,2017-06-11 18:00:00,76.59880828857422
srv-008,2017-06-11 19:00:00,77.35175323486328
srv-008,2017-06-11 20:00:00,74.40985870361328
srv-008,2017-06-11 21:00:00,76.20223236083984
srv-008,2017-06-11 22:00:00,72.14295959472656
srv-008,2017-06-11 23:00:00,71.73384857177734
srv-008,2017-06-12 00:00:00,68.85173797607422
srv-008,2017-06-12 01:00:00,70.34387969970703
srv-008,2017-06-12 02:00:00,69.83631134033203
srv-008,2017-06-12 03:00:00,67.44674682617188
srv-008,2017-06-12 04:00:00,66.51675415039062
srv-008,2017-06-12 05:00:00,70.50920867919922
srv-008,2017-06-12 06:00:00,71.04926300048828
srv-008,2017-06-12 07:00:00,74.27356719970703
srv-008,2017-06-12 08:00:00,72.59297943115234
srv-008,2017-06-12 09:00:00,74.66527557373047
srv-008,2017-06-12 10:00:00,76.62899780273438
srv-008,2017-06-12 11:00:00,80.01787567138672
srv-008,2017-06-12 12:00:00,74.85113525390625
srv-008,2017-06-12 13:00:00,74.9085922241211
srv-008,2017-06-12 14:00:00,78.75514221191406
srv-008,2017-06-12 15:00:00,73.16165924072266
srv-008,2017-06-12 16:00:00,76.1933822631836
srv-008,2017-06-12 17:00:00,73.44064331054688
srv-008,2017-06-12 18:00:00,75.8276596069336
srv-008,2017-06-12 19:00:00,72.23017120361328
srv-008,2017-06-12 20:00:00,73.25511169433594
srv-008,2017-06-12 21:00:00,71.337646484375
srv-008,2017-06-12 22:00:00,70.40403747558594
srv-008,2017-06-12 23:00:00,70.96622467041016
srv-008,2017-06-13 00:00:00,76.34305572509766
srv-008,2017-06-13 01:00:00,77.22987365722656
srv-008,2017-06-13 02:00:00,79.3667221069336
srv-008,2017-06-13 03:00:00,80.07083892822266
srv-008,2017-06-13 04:00:00,81.53083038330078
srv-008,2017-06-13 05:00:00,80.37065887451172
srv-008,2017-06-13 06:00:00,76.47525787353516
srv-008,2017-06-13 07:00:00,78.35749053955078
srv-008,2017-06-13 08:00:00,81.00807189941406
srv-008,2017-06-13 09:00:00,84.21060180664062
srv-008,2017-06-13 10:00:00,77.3232650756836
srv-008,2017-06-13 11:00:00,81.42283630371094
srv-008,2017-06-13 12:00:00,83.94061279296875
srv-008,2017-06-13 13:00:00,85.29473114013672
srv-008,2017-06-13 14:00:00,80.24877166748047
srv-008,2017-06-13 15:00:00,79.73809051513672
srv-008,2017-06-13 16:00:00,77.08782958984375
srv-008,2017-06-13 17:00:00,80.7179946899414
srv-008,2017-06-13 18:00:00,80.673828125
srv-008,2017-06-13 19:00:00,84.19905853271484
srv-008,2017-06-13 20:00:00,88.20894622802734
srv-008,2017-06-13 21:00:00,87.84004974365234
srv-008,2017-06-13 22:00:00,87.80803680419922
srv-008,2017-06-13 23:00:00,82.60456085205078
srv-008,2017-06-14 00:00:00,86.8651351928711
srv-008,2017-06-14 01:00:00,87.9744873046875
srv-008,2017-06-14 02:00:00,90.81261444091797
srv-008,2017-06-14 03:00:00,91.6563720703125
srv-008,2017-06-14 04:00:00,90.73917388916016
srv-008,2017-06-14 05:00:00,79.90474700927734
srv-008,2017-06-14 06:00:00,80.43972778320312
srv-008,2017-06-14 07:00:00,79.35924530029297
srv-008,2017-06-14 08:00:00,80.34580993652344
srv-008,2017-06-14 09:00:00,77.0307388305664
srv-008,2017-06-14 10:00:00,79.09017944335938
srv-008,2017-06-14 11:00:00,75.16869354248047
srv-008,2017-06-14 12:00:00,81.37760925292969
srv-008,2017-06-14 13:00:00,80.32221221923828
srv-008,2017-06-14 14:00:00,82.13224029541016
srv-008,2017-06-14 15:00:00,84.2796401977539
srv-008,2017-06-14 16:00:00,83.82241821289062
srv-008,2017-06-14 17:00:00,78.2762222290039
srv-008,2017-06-14 18:00:00,81.35655975341797
srv-008,2017-06-14 19:00:00,84.51022338867188
srv-008,2017-06-14 20:00:00,82.67646026611328
srv-008,2017-06-14 21:00:00,82.3566665649414
srv-008,2017-06-14 22:00:00,78.35962677001953
srv-008,2017-06-14 23:00:00,81.44266510009766
srv-008,2017-06-15 00:00:00,74.72544860839844
srv-008,2017-06-15 01:00:00,81.21532440185547
srv-008,2017-06-15 02:00:00,76.82427215576172
srv-008,2017-06-15 03:00:00,79.89978790283203
srv-008,2017-06-15 04:00:00,80.55701446533203
srv-008,2017-06-15 05:00:00,80.60518646240234
srv-008,2017-06-15 06:00:00,75.50447082519531
srv-008,2017-06-15 07:00:00,77.21562957763672
srv-008,2017-06-15 08:00:00,78.8349380493164
srv-008,2017-06-15 09:00:00,77.20329284667969
srv-008,2017-06-15 10:00:00,77.59489440917969
srv-008,2017-06-15 11:00:00,81.1050033569336
srv-008,2017-06-15 12:00:00,83.61944580078125
srv-008,2017-06-15 13:00:00,84.41144561767578
srv-008,2017-06-15 14:00:00,84.95638275146484
srv-008,2017-06-15 15:00:00,86.5981674194336
srv-008,2017-06-15 16:00:00,78.85993194580078
srv-008,2017-06-15 17:00:00,80.9254150390625
srv-008,2017-06-15 18:00:00,79.50374603271484
srv-008,2017-06-15 19:00:00,79.26786041259766
srv-008,2017-06-15 20:00:00,80.55860900878906
srv-008,2017-06-15 21:00:00,84.88640594482422
srv-008,2017-06-15 22:00:00,77.57323455810547
srv-008,2017-06-15 23:00:00,75.54204559326172
srv-008,2017-06-16 00:00:00,78.42081451416016
srv-008,2017-06-16 01:00:00,79.22427368164062
srv-008,2017-06-16 02:00:00,75.27510070800781
srv-008,2017-06-16 03:00:00,78.39392852783203
srv-008,2017-06-16 04:00:00,73.8993148803711
srv-008,2017-06-16 05:00:00,72.8263931274414
srv-008,2017-06-16 06:00:00,75.31100463867188
srv-008,2017-06-16 07:00:00,73.86752319335938
srv-008,2017-06-16 08:00:00,72.55477142333984
srv-008,2017-06-16 09:00:00,70.6051254272461
srv-008,2017-06-16 10:00:00,71.87921905517578
srv-008,2017-06-16 11:00:00,73.6341781616211
srv-008,2017-06-16 12:00:00,77.13823699951172
srv-008,2017-06-16 13:00:00,79.59114837646484
srv-008,2017-06-16 14:00:00,74.77688598632812
srv-008,2017-06-16 15:00:00,75.76295471191406
srv-008,2017-06-16 16:00:00,76.12612915039062
srv-008,2017-06-16 17:00:00,71.87084197998047
srv-008,2017-06-16 18:00:00,73.26798248291016
srv-008,2017-06-16 19:00:00,70.2772445678711
srv-008,2017-06-16 20:00:00,70.48682403564453
srv-008,2017-06-16 21:00:00,74.48065185546875
srv-008,2017-06-16 22:00:00,72.52652740478516
srv-008,2017-06-16 23:00:00,67.35137176513672
srv-008,2017-06-17 00:00:00,70.20030975341797
srv-008,2017-06-17 01:00:00,68.74012756347656
srv-008,2017-06-17 02:00:00,73.29979705810547
srv-008,2017-06-17 03:00:00,74.96611785888672
srv-008,2017-06-17 04:00:00,77.51901245117188
srv-008,2017-06-17 05:00:00,77.52284240722656
srv-008,2017-06-17 06:00:00,73.1656265258789
srv-008,2017-06-17 07:00:00,73.44391632080078
srv-008,2017-06-17 08:00:00,71.4224624633789
srv-008,2017-06-17 09:00:00,74.00708770751953
srv-008,2017-06-17 10:00:00,76.24388885498047
srv-008,2017-06-17 11:00:00,73.3186264038086
srv-008,2017-06-17 12:00:00,74.7472915649414
srv-008,2017-06-17 13:00:00,76.57242584228516
srv-008,2017-06-17 14:00:00,76.52315521240234
srv-008,2017-06-17 15:00:00,78.51134490966797
srv-008,2017-06-17 16:00:00,73.79689025878906
srv-008,2017-06-17 17:00:00,74.43962860107422
srv-008,2017-06-17 18:00:00,78.15422821044922
srv-008,2017-06-17 19:00:00,76.20897674560547
srv-008,2017-06-17 20:00:00,76.96939849853516
srv-008,2017-06-17 21:00:00,71.89920043945312
srv-008,2017-06-17 22:00:00,72.32962799072266
srv-008,2017-06-17 23:00:00,76.1670150756836
srv-008,2017-06-18 00:00:00,70.82361602783203
srv-008,2017-06-18 01:00:00,72.5022201538086
srv-008,2017-06-18 02:00:00,68.76175689697266
srv-008,2017-06-18 03:00:00,69.34182739257812
srv-008,2017-06-18 04:00:00,72.91683197021484
srv-008,2017-06-18 05:00:00,77.84589385986328
srv-008,2017-06-18 06:00:00,76.91106414794922
srv-008,2017-06-18 07:00:00,74.92676544189453
srv-008,2017-06-18 08:00:00,75.44835662841797
srv-008,2017-06-18 09:00:00,77.53142547607422
srv-008,2017-06-18 10:00:00,79.61783599853516
srv-008,2017-06-18 11:00:00,78.69811248779297
srv-008,2017-06-18 12:00:00,81.0986099243164
srv-008,2017-06-18 13:00:00,76.14127349853516
srv-008,2017-06-18 14:00:00,79.63999938964844
srv-008,2017-06-18 15:00:00,78.5645980834961
srv-008,2017-06-18 16:00:00,76.61156463623047
srv-008,2017-06-18 17:00:00,76.29058837890625
srv-008,2017-06-18 18:00:00,75.76639556884766
srv-008,2017-06-18 19:00:00,72.41091918945312
srv-008,2017-06-18 20:00:00,69.83211517333984
srv-008,2017-06-18 21:00:00,73.081298828125
srv-008,2017-06-18 22:00:00,68.13109588623047
srv-008,2017-06-18 23:00:00,71.42589569091797
srv-008,2017-06-19 00:00:00,72.58271026611328
srv-008,2017-06-19 01:00:00,72.12227630615234
srv-008,2017-06-19 02:00:00,74.64134216308594
srv-008,2017-06-19 03:00:00,78.0206527709961
srv-008,2017-06-19 04:00:00,78.02091217041016
srv-008,2017-06-19 05:00:00,77.5228500366211
srv-008,2017-06-19 06:00:00,74.47391510009766
srv-008,2017-06-19 07:00:00,71.74964141845703
srv-008,2017-06-19 08:00:00,76.04061126708984
srv-008,2017-06-19 09:00:00,73.45487213134766
srv-008,2017-06-19 10:00:00,79.35267639160156
srv-008,2017-06-19 11:00:00,77.68106842041016
srv-008,2017-06-19 12:00:00,81.6064682006836
srv-008,2017-06-19 13:00:00,81.84909057617188
srv-008,2017-06-19 14:00:00,80.77412414550781
srv-008,2017-06-19 15:00:00,82.7650375366211
srv-008,2017-06-19 16:00:00,81.19743347167969
srv-008,2017-06-19 17:00:00,80.1490249633789
srv-008,2017-06-19 18:00:00,78.72958374023438
srv-008,2017-06-19 19:00:00,80.85028839111328
srv-008,2017-06-19 20:00:00,76.77071380615234
srv-008,2017-06-19 21:00:00,77.55683135986328
srv-008,2017-06-19 22:00:00,75.7152328491211
srv-008,2017-06-19 23:00:00,78.35413360595703
srv-008,2017-06-20 00:00:00,78.27533721923828
srv-008,2017-06-20 01:00:00,80.00100708007812
srv-008,2017-06-20 02:00:00,78.95653533935547
srv-008,2017-06-20 03:00:00,81.69712829589844
srv-008,2017-06-20 04:00:00,81.49454498291016
srv-008,2017-06-20 05:00:00,79.58061981201172
srv-008,2017-06-20 06:00:00,85.11454010009766
srv-008,2017-06-20 07:00:00,87.1910171508789
srv-008,2017-06-20 08:00:00,85.38533782958984
srv-008,2017-06-20 09:00:00,81.5516586303711
srv-008,2017-06-20 10:00:00,81.67945098876953
srv-008,2017-06-20 11:00:00,83.07906341552734
srv-008,2017-06-20 12:00:00,83.47806549072266
srv-008,2017-06-20 13:00:00,82.0085220336914
srv-008,2017-06-20 14:00:00,84.63521575927734
srv-008,2017-06-20 15:00:00,80.48863983154297
srv-008,2017-06-20 16:00:00,78.46366882324219
srv-008,2017-06-20 17:00:00,80.25020599365234
srv-008,2017-06-20 18:00:00,80.67045593261719
srv-008,2017-06-20 19:00:00,80.01436614990234
srv-008,2017-06-20 20:00:00,81.86998748779297
srv-008,2017-06-20 21:00:00,82.67288208007812
srv-008,2017-06-20 22:00:00,83.72636413574219
srv-008,2017-06-20 23:00:00,79.50529479980469
srv-008,2017-06-21 00:00:00,75.50659942626953
srv-008,2017-06-21 01:00:00,78.7280044555664
srv-008,2017-06-21 02:00:00,80.78325653076172
srv-008,2017-06-21 03:00:00,79.46478271484375
srv-008,2017-06-21 04:00:00,77.9220962524414
srv-008,2017-06-21 05:00:00,75.92058563232422
srv-008,2017-06-21 06:00:00,82.18268585205078
srv-008,2017-06-21 07:00:00,82.1023178100586
srv-008,2017-06-21 08:00:00,84.81453704833984
srv-008,2017-06-21 09:00:00,80.52835845947266
srv-008,2017-06-21 10:00:00,84.22529602050781
srv-008,2017-06-21 11:00:00,82.1966323852539
srv-008,2017-06-21 12:00:00,79.17487335205078
srv-008,2017-06-21 13:00:00,75.66531372070312
srv-008,2017-06-21 14:00:00,78.05426788330078
srv-008,2017-06-21 15:00:00,79.90827178955078
srv-008,2017-06-21 16:00:00,80.2030258178711
srv-008,2017-06-21 17:00:00,82.7942886352539
srv-008,2017-06-21 18:00:00,82.29071044921875
srv-008,2017-06-21 19:00:00,80.17144012451172
srv-008,2017-06-21 20:00:00,80.54776763916016
srv-008,2017-06-21 21:00:00,83.03702545166016
srv-008,2017-06-21 22:00:00,79.04326629638672
srv-008,2017-06-21 23:00:00,77.73880767822266
srv-008,2017-06-22 00:00:00,76.32028198242188
srv-008,2017-06-22 01:00:00,74.25334930419922
srv-008,2017-06-22 02:00:00,71.42594146728516
srv-008,2017-06-22 03:00:00,76.4753189086914
srv-008,2017-06-22 04:00:00,75.68415832519531
srv-008,2017-06-22 05:00:00,81.85803985595703
srv-008,2017-06-22 06:00:00,82.45962524414062
srv-008,2017-06-22 07:00:00,82.74610137939453
srv-008,2017-06-22 08:00:00,83.00968933105469
srv-008,2017-06-22 09:00:00,75.87748718261719
srv-008,2017-06-22 10:00:00,80.6834487915039
srv-008,2017-06-22 11:00:00,79.94623565673828
srv-008,2017-06-22 12:00:00,82.65734100341797
srv-008,2017-06-22 13:00:00,81.49449920654297
srv-008,2017-06-22 14:00:00,82.18402862548828
srv-008,2017-06-22 15:00:00,81.43252563476562
srv-008,2017-06-22 16:00:00,82.7938461303711
srv-008,2017-06-22 17:00:00,83.56829071044922
srv-008,2017-06-22 18:00:00,83.17574310302734
srv-008,2017-06-22 19:00:00,84.1943588256836
srv-008,2017-06-22 20:00:00,81.2966537475586
srv-008,2017-06-22 21:00:00,80.03536987304688
srv-008,2017-06-22 22:00:00,76.17113494873047
srv-008,2017-06-22 23:00:00,77.3718032836914
srv-008,2017-06-23 00:00:00,73.69743347167969
srv-008,2017-06-23 01:00:00,78.25507354736328
srv-008,2017-06-23 02:00:00,77.2724838256836
srv-008,2017-06-23 03:00:00,72.70137786865234
srv-008,2017-06-23 04:00:00,74.1214828491211
srv-008,2017-06-23 05:00:00,76.8021469116211
srv-008,2017-06-23 06:00:00,73.28348541259766
srv-008,2017-06-23 07:00:00,72.48835754394531
srv-008,2017-06-23 08:00:00,75.67642974853516
srv-008,2017-06-23 09:00:00,71.94547271728516
srv-008,2017-06-23 10:00:00,76.88471221923828
srv-008,2017-06-23 11:00:00,74.68018341064453
srv-008,2017-06-23 12:00:00,80.10514068603516
srv-008,2017-06-23 13:00:00,80.36994171142578
srv-008,2017-06-23 14:00:00,78.77555084228516
srv-008,2017-06-23 15:00:00,77.96007537841797
srv-008,2017-06-23 16:00:00,76.58104705810547
srv-008,2017-06-23 17:00:00,73.06317138671875
srv-008,2017-06-23 18:00:00,76.60134887695312
srv-008,2017-06-23 19:00:00,73.43360137939453
srv-008,2017-06-23 20:00:00,75.36488342285156
srv-008,2017-06-23 21:00:00,72.26414489746094
srv-008,2017-06-23 22:00:00,67.734619140625
srv-008,2017-06-23 23:00:00,70.64273834228516
srv-008,2017-06-24 00:00:00,71.75399017333984
srv-008,2017-06-24 01:00:00,74.29327392578125
srv-008,2017-06-24 02:00:00,72.11820220947266
srv-008,2017-06-24 03:00:00,69.56015014648438
srv-008,2017-06-24 04:00:00,73.85916900634766
srv-008,2017-06-24 05:00:00,70.29373931884766
srv-008,2017-06-24 06:00:00,72.10786437988281
srv-008,2017-06-24 07:00:00,72.69771575927734
srv-008,2017-06-24 08:00:00,74.68104553222656
srv-008,2017-06-24 09:00:00,73.62833404541016
srv-008,2017-06-24 10:00:00,70.44593811035156
srv-008,2017-06-24 11:00:00,72.41822814941406
srv-008,2017-06-24 12:00:00,76.62803649902344
srv-008,2017-06-24 13:00:00,82.11619567871094
srv-008,2017-06-24 14:00:00,84.8469009399414
srv-008,2017-06-24 15:00:00,78.3004150390625
srv-008,2017-06-24 16:00:00,77.17848205566406
srv-008,2017-06-24 17:00:00,76.60480499267578
srv-008,2017-06-24 18:00:00,79.26383209228516
srv-008,2017-06-24 19:00:00,75.92750549316406
srv-008,2017-06-24 20:00:00,74.9089126586914
srv-008,2017-06-24 21:00:00,75.62608337402344
srv-008,2017-06-24 22:00:00,69.78234100341797
srv-008,2017-06-24 23:00:00,73.92591857910156
srv-008,2017-06-25 00:00:00,68.77935028076172
srv-008,2017-06-25 01:00:00,72.76939392089844
srv-008,2017-06-25 02:00:00,71.11711883544922
srv-008,2017-06-25 03:00:00,73.6834945678711
srv-008,2017-06-25 04:00:00,75.72148895263672
srv-008,2017-06-25 05:00:00,72.52362823486328
srv-008,2017-06-25 06:00:00,69.6935043334961
srv-008,2017-06-25 07:00:00,75.88668060302734
srv-008,2017-06-25 08:00:00,76.2935562133789
srv-008,2017-06-25 09:00:00,79.87818145751953
srv-008,2017-06-25 10:00:00,77.66510772705078
srv-008,2017-06-25 11:00:00,76.27735900878906
srv-008,2017-06-25 12:00:00,78.57234954833984
srv-008,2017-06-25 13:00:00,76.82585906982422
srv-008,2017-06-25 14:00:00,77.03642272949219
srv-008,2017-06-25 15:00:00,79.14995574951172
srv-008,2017-06-25 16:00:00,78.6486587524414
srv-008,2017-06-25 17:00:00,78.00508880615234
srv-008,2017-06-25 18:00:00,76.8009262084961
srv-008,2017-06-25 19:00:00,78.38265228271484
srv-008,2017-06-25 20:00:00,74.1993637084961
srv-008,2017-06-25 21:00:00,74.6115951538086
srv-008,2017-06-25 22:00:00,72.16140747070312
srv-008,2017-06-25 23:00:00,72.83843231201172
srv-008,2017-06-26 00:00:00,67.53783416748047
srv-008,2017-06-26 01:00:00,72.09136962890625
srv-008,2017-06-26 02:00:00,70.54428100585938
srv-008,2017-06-26 03:00:00,69.10088348388672
srv-008,2017-06-26 04:00:00,69.62749481201172
srv-008,2017-06-26 05:00:00,67.26404571533203
srv-008,2017-06-26 06:00:00,68.81778717041016
srv-008,2017-06-26 07:00:00,74.45796966552734
srv-008,2017-06-26 08:00:00,74.7793960571289
srv-008,2017-06-26 09:00:00,74.39779663085938
srv-008,2017-06-26 10:00:00,79.4450912475586
srv-008,2017-06-26 11:00:00,81.4554672241211
srv-008,2017-06-26 12:00:00,84.22920989990234
srv-008,2017-06-26 13:00:00,81.16690826416016
srv-008,2017-06-26 14:00:00,75.88443756103516
srv-008,2017-06-26 15:00:00,76.94283294677734
srv-008,2017-06-26 16:00:00,77.86591339111328
srv-008,2017-06-26 17:00:00,78.78258514404297
srv-008,2017-06-26 18:00:00,74.98580932617188
srv-008,2017-06-26 19:00:00,74.35359191894531
srv-008,2017-06-26 20:00:00,74.50243377685547
srv-008,2017-06-26 21:00:00,74.871337890625
srv-008,2017-06-26 22:00:00,74.91863250732422
srv-008,2017-06-26 23:00:00,78.83412170410156
srv-008,2017-06-27 00:00:00,75.38113403320312
srv-008,2017-06-27 01:00:00,75.19163513183594
srv-008,2017-06-27 02:00:00,74.33814239501953
srv-008,2017-06-27 03:00:00,78.7693099975586
srv-008,2017-06-27 04:00:00,73.9328842163086
srv-008,2017-06-27 05:00:00,74.54560852050781
srv-008,2017-06-27 06:00:00,79.1689224243164
srv-008,2017-06-27 07:00:00,78.4879150390625
srv-008,2017-06-27 08:00:00,77.88397216796875
srv-008,2017-06-27 09:00:00,77.47543334960938
srv-008,2017-06-27 10:00:00,79.9441146850586
srv-008,2017-06-27 11:00:00,83.3888168334961
srv-008,2017-06-27 12:00:00,82.87938690185547
srv-008,2017-06-27 13:00:00,84.52941131591797
srv-008,2017-06-27 14:00:00,83.17818450927734
srv-008,2017-06-27 15:00:00,80.10819244384766
srv-008,2017-06-27 16:00:00,80.8616714477539
srv-008,2017-06-27 17:00:00,82.04834747314453
srv-008,2017-06-27 18:00:00,81.81006622314453
srv-008,2017-06-27 19:00:00,82.04686737060547
srv-008,2017-06-27 20:00:00,83.97736358642578
srv-008,2017-06-27 21:00:00,77.25495147705078
srv-008,2017-06-27 22:00:00,79.10334014892578
srv-008,2017-06-27 23:00:00,82.56453704833984
srv-008,2017-06-28 00:00:00,77.07533264160156
srv-008,2017-06-28 01:00:00,75.09062194824219
srv-008,2017-06-28 02:00:00,77.52440643310547
srv-008,2017-06-28 03:00:00,78.47946166992188
srv-008,2017-06-28 04:00:00,77.96897888183594
srv-008,2017-06-28 05:00:00,78.54398345947266
srv-008,2017-06-28 06:00:00,79.132568359375
srv-008,2017-06-28 07:00:00,83.4524917602539
srv-008,2017-06-28 08:00:00,80.83145904541016
srv-008,2017-06-28 09:00:00,83.38970184326172
srv-008,2017-06-28 10:00:00,82.43517303466797
srv-008,2017-06-28 11:00:00,83.4385757446289
srv-008,2017-06-28 12:00:00,85.65123748779297
srv-008,2017-06-28 13:00:00,83.20051574707031
srv-008,2017-06-28 14:00:00,83.96527862548828
srv-008,2017-06-28 15:00:00,86.48995208740234
srv-008,2017-06-28 16:00:00,80.8400650024414
srv-008,2017-06-28 17:00:00,80.66927337646484
srv-008,2017-06-28 18:00:00,79.38875579833984
srv-008,2017-06-28 19:00:00,79.4294204711914
srv-008,2017-06-28 20:00:00,75.3093490600586
srv-008,2017-06-28 21:00:00,78.29226684570312
srv-008,2017-06-28 22:00:00,78.09703826904297
srv-008,2017-06-28 23:00:00,75.8835678100586
srv-008,2017-06-29 00:00:00,76.5437240600586
srv-008,2017-06-29 01:00:00,74.9378662109375
srv-008,2017-06-29 02:00:00,75.28528594970703
srv-008,2017-06-29 03:00:00,78.38031768798828
srv-008,2017-06-29 04:00:00,81.39952850341797
srv-008,2017-06-29 05:00:00,82.02398681640625
srv-008,2017-06-29 06:00:00,85.70980072021484
srv-008,2017-06-29 07:00:00,84.86309051513672
srv-008,2017-06-29 08:00:00,82.85199737548828
srv-008,2017-06-29 09:00:00,81.20026397705078
srv-008,2017-06-29 10:00:00,82.74781799316406
srv-008,2017-06-29 11:00:00,83.44518280029297
srv-008,2017-06-29 12:00:00,82.24663543701172
srv-008,2017-06-29 13:00:00,83.85893249511719
srv-008,2017-06-29 14:00:00,81.3234634399414
srv-008,2017-06-29 15:00:00,77.62992858886719
srv-008,2017-06-29 16:00:00,76.6938247680664
srv-008,2017-06-29 17:00:00,80.96219635009766
srv-008,2017-06-29 18:00:00,78.94800567626953
srv-008,2017-06-29 19:00:00,83.73780822753906
srv-008,2017-06-29 20:00:00,79.17557525634766
srv-008,2017-06-29 21:00:00,80.23369598388672
srv-008,2017-06-29 22:00:00,74.34613037109375
srv-008,2017-06-29 23:00:00,77.13683319091797
srv-008,2017-06-30 00:00:00,74.61678314208984
srv-008,2017-06-30 01:00:00,79.2239761352539
srv-008,2017-06-30 02:00:00,75.73399353027344
srv-008,2017-06-30 03:00:00,74.90704345703125
srv-008,2017-06-30 04:00:00,74.8965072631836
srv-008,2017-06-30 05:00:00,72.29517364501953
srv-008,2017-06-30 06:00:00,72.53668212890625
srv-008,2017-06-30 07:00:00,71.20868682861328
srv-008,2017-06-30 08:00:00,76.32022857666016
srv-008,2017-06-30 09:00:00,70.4627914428711
srv-008,2017-06-30 10:00:00,74.58528900146484
srv-008,2017-06-30 11:00:00,75.64471435546875
srv-008,2017-06-30 12:00:00,80.17398834228516
srv-008,2017-06-30 13:00:00,77.12434387207031
srv-008,2017-06-30 14:00:00,79.1874771118164
srv-008,2017-06-30 15:00:00,75.6323013305664
srv-008,2017-06-30 16:00:00,77.54149627685547
srv-008,2017-06-30 17:00:00,74.77811431884766
srv-008,2017-06-30 18:00:00,72.97595977783203
srv-008,2017-06-30 19:00:00,70.75084686279297
srv-008,2017-06-30 20:00:00,69.18074798583984
srv-008,2017-06-30 21:00:00,70.1959457397461
srv-008,2017-06-30 22:00:00,69.58832550048828
srv-008,2017-06-30 23:00:00,70.94833374023438
srv-009,2017-06-01 23:00:00,44.71564865112305
srv-009,2017-06-02 00:00:00,43.08147048950195
srv-009,2017-06-02 01:00:00,43.1924934387207
srv-009,2017-06-02 02:00:00,43.520721435546875
srv-009,2017-06-02 03:00:00,42.77814865112305
srv-009,2017-06-02 04:00:00,43.427730560302734
srv-009,2017-06-02 05:00:00,42.70374298095703
srv-009,2017-06-02 06:00:00,44.52313995361328
srv-009,2017-06-02 07:00:00,43.843257904052734
srv-009,2017-06-02 08:00:00,43.51499938964844
srv-009,2017-06-02 09:00:00,41.510345458984375
srv-009,2017-06-02 10:00:00,40.394954681396484
srv-009,2017-06-02 11:00:00,35.296844482421875
srv-009,2017-06-02 12:00:00,32.64155960083008
srv-009,2017-06-02 13:00:00,33.97236251831055
srv-009,2017-06-02 14:00:00,34.05704116821289
srv-009,2017-06-02 15:00:00,34.02937698364258
srv-009,2017-06-02 16:00:00,37.438011169433594
srv-009,2017-06-02 17:00:00,33.1126708984375
srv-009,2017-06-02 18:00:00,32.60057067871094
srv-009,2017-06-02 19:00:00,34.950584411621094
srv-009,2017-06-02 20:00:00,33.6810188293457
srv-009,2017-06-02 21:00:00,33.42953872680664
srv-009,2017-06-02 22:00:00,32.36460494995117
srv-009,2017-06-02 23:00:00,33.101497650146484
srv-009,2017-06-03 00:00:00,32.75140380859375
srv-009,2017-06-03 01:00:00,33.21599197387695
srv-009,2017-06-03 02:00:00,31.391130447387695
srv-009,2017-06-03 03:00:00,32.74876022338867
srv-009,2017-06-03 04:00:00,33.70887756347656
srv-009,2017-06-03 05:00:00,33.01583480834961
srv-009,2017-06-03 06:00:00,32.96742248535156
srv-009,2017-06-03 07:00:00,32.60420608520508
srv-009,2017-06-03 08:00:00,32.852439880371094
srv-009,2017-06-03 09:00:00,32.528133392333984
srv-009,2017-06-03 10:00:00,33.83295822143555
srv-009,2017-06-03 11:00:00,33.182918548583984
srv-009,2017-06-03 12:00:00,33.6618537902832
srv-009,2017-06-03 13:00:00,34.686065673828125
srv-009,2017-06-03 14:00:00,35.264488220214844
srv-009,2017-06-03 15:00:00,35.37945556640625
srv-009,2017-06-03 16:00:00,34.97828674316406
srv-009,2017-06-03 17:00:00,34.618080139160156
srv-009,2017-06-03 18:00:00,35.89078903198242
srv-009,2017-06-03 19:00:00,35.00283432006836
srv-009,2017-06-03 20:00:00,35.42035675048828
srv-009,2017-06-03 21:00:00,36.239356994628906
srv-009,2017-06-03 22:00:00,34.54453659057617
srv-009,2017-06-03 23:00:00,33.10585021972656
srv-009,2017-06-04 00:00:00,30.283775329589844
srv-009,2017-06-04 01:00:00,31.154781341552734
srv-009,2017-06-04 02:00:00,31.473033905029297
srv-009,2017-06-04 03:00:00,38.30098342895508
srv-009,2017-06-04 04:00:00,34.689476013183594
srv-009,2017-06-04 05:00:00,34.6928825378418
srv-009,2017-06-04 06:00:00,34.83174133300781
srv-009,2017-06-04 07:00:00,34.621883392333984
srv-009,2017-06-04 08:00:00,34.805335998535156
srv-009,2017-06-04 09:00:00,34.24767303466797
srv-009,2017-06-04 10:00:00,34.917137145996094
srv-009,2017-06-04 11:00:00,33.618751525878906
srv-009,2017-06-04 12:00:00,35.218441009521484
srv-009,2017-06-04 13:00:00,34.70928955078125
srv-009,2017-06-04 14:00:00,34.37504959106445
srv-009,2017-06-04 15:00:00,34.016273498535156
srv-009,2017-06-04 16:00:00,34.407928466796875
srv-009,2017-06-04 17:00:00,33.36549377441406
srv-009,2017-06-04 18:00:00,35.162593841552734
srv-009,2017-06-04 19:00:00,36.13727569580078
srv-009,2017-06-04 20:00:00,32.3232536315918
srv-009,2017-06-04 21:00:00,35.14715576171875
srv-009,2017-06-04 22:00:00,35.11724090576172
srv-009,2017-06-04 23:00:00,33.181671142578125
srv-009,2017-06-05 00:00:00,31.48543357849121
srv-009,2017-06-05 01:00:00,30.984886169433594
srv-009,2017-06-05 02:00:00,32.653770446777344
srv-009,2017-06-05 03:00:00,31.987709045410156
srv-009,2017-06-05 04:00:00,32.30398178100586
srv-009,2017-06-05 05:00:00,31.78425407409668
srv-009,2017-06-05 06:00:00,33.64835739135742
srv-009,2017-06-05 07:00:00,33.31047821044922
srv-009,2017-06-05 08:00:00,31.86067008972168
srv-009,2017-06-05 09:00:00,32.827186584472656
srv-009,2017-06-05 10:00:00,32.429866790771484
srv-009,2017-06-05 11:00:00,31.279541015625
srv-009,2017-06-05 12:00:00,33.976436614990234
srv-009,2017-06-05 13:00:00,35.18083572387695
srv-009,2017-06-05 14:00:00,33.96959686279297
srv-009,2017-06-05 15:00:00,35.152870178222656
srv-009,2017-06-05 16:00:00,33.62201690673828
srv-009,2017-06-05 17:00:00,32.449363708496094
srv-009,2017-06-05 18:00:00,32.48064041137695
srv-009,2017-06-05 19:00:00,32.68720245361328
srv-009,2017-06-05 20:00:00,31.951326370239258
srv-009,2017-06-05 21:00:00,33.16672134399414
srv-009,2017-06-05 22:00:00,32.779083251953125
srv-009,2017-06-05 23:00:00,33.21787643432617
srv-009,2017-06-06 00:00:00,33.97549057006836
srv-009,2017-06-06 01:00:00,34.613128662109375
srv-009,2017-06-06 02:00:00,34.93061447143555
srv-009,2017-06-06 03:00:00,35.7420768737793
srv-009,2017-06-06 04:00:00,34.46836853027344
srv-009,2017-06-06 05:00:00,34.629844665527344
srv-009,2017-06-06 06:00:00,34.53401184082031
srv-009,2017-06-06 07:00:00,36.64985656738281
srv-009,2017-06-06 08:00:00,36.389671325683594
srv-009,2017-06-06 09:00:00,36.19072723388672
srv-009,2017-06-06 10:00:00,35.00498962402344
srv-009,2017-06-06 11:00:00,33.26789474487305
srv-009,2017-06-06 12:00:00,32.87321472167969
srv-009,2017-06-06 13:00:00,34.51028060913086
srv-009,2017-06-06 14:00:00,34.81074523925781
srv-009,2017-06-06 15:00:00,35.46449279785156
srv-009,2017-06-06 16:00:00,35.55506896972656
srv-009,2017-06-06 17:00:00,35.33989334106445
srv-009,2017-06-06 18:00:00,35.57522964477539
srv-009,2017-06-06 19:00:00,34.150386810302734
srv-009,2017-06-06 20:00:00,35.738861083984375
srv-009,2017-06-06 21:00:00,36.13938903808594
srv-009,2017-06-06 22:00:00,34.090614318847656
srv-009,2017-06-06 23:00:00,34.895233154296875
srv-009,2017-06-07 00:00:00,36.0133056640625
srv-009,2017-06-07 01:00:00,35.06559371948242
srv-009,2017-06-07 02:00:00,36.23213195800781
srv-009,2017-06-07 03:00:00,35.07191467285156
srv-009,2017-06-07 04:00:00,36.439918518066406
srv-009,2017-06-07 05:00:00,35.65224075317383
srv-009,2017-06-07 06:00:00,33.078556060791016
srv-009,2017-06-07 07:00:00,35.13522720336914
srv-009,2017-06-07 08:00:00,34.82185363769531
srv-009,2017-06-07 09:00:00,35.05059051513672
srv-009,2017-06-07 10:00:00,34.85034942626953
srv-009,2017-06-07 11:00:00,35.58622741699219
srv-009,2017-06-07 12:00:00,35.31944274902344
srv-009,2017-06-07 13:00:00,34.64231872558594
srv-009,2017-06-07 14:00:00,35.562744140625
srv-009,2017-06-07 15:00:00,35.681121826171875
srv-009,2017-06-07 16:00:00,36.15604782104492
srv-009,2017-06-07 17:00:00,36.465763092041016
srv-009,2017-06-07 18:00:00,37.273990631103516
srv-009,2017-06-07 19:00:00,35.80220413208008
srv-009,2017-06-07 20:00:00,36.1357536315918
srv-009,2017-06-07 21:00:00,36.05245590209961
srv-009,2017-06-07 22:00:00,35.34120178222656
srv-009,2017-06-07 23:00:00,35.24531936645508
srv-009,2017-06-08 00:00:00,35.61687469482422
srv-009,2017-06-08 01:00:00,35.3890380859375
srv-009,2017-06-08 02:00:00,34.67692184448242
srv-009,2017-06-08 03:00:00,35.131492614746094
srv-009,2017-06-08 04:00:00,34.223968505859375
srv-009,2017-06-08 05:00:00,36.197174072265625
srv-009,2017-06-08 06:00:00,34.6180534362793
srv-009,2017-06-08 07:00:00,33.5322380065918
srv-009,2017-06-08 08:00:00,33.6226921081543
srv-009,2017-06-08 09:00:00,33.8165397644043
srv-009,2017-06-08 10:00:00,35.3186149597168
srv-009,2017-06-08 11:00:00,35.959007263183594
srv-009,2017-06-08 12:00:00,34.4412841796875
srv-009,2017-06-08 13:00:00,34.44767379760742
srv-009,2017-06-08 14:00:00,34.85047149658203
srv-009,2017-06-08 15:00:00,35.373538970947266
srv-009,2017-06-08 16:00:00,34.4532585144043
srv-009,2017-06-08 17:00:00,34.83959197998047
srv-009,2017-06-08 18:00:00,33.90428161621094
srv-009,2017-06-08 19:00:00,35.00920867919922
srv-009,2017-06-08 20:00:00,33.42549133300781
srv-009,2017-06-08 21:00:00,33.13229751586914
srv-009,2017-06-08 22:00:00,33.63847351074219
srv-009,2017-06-08 23:00:00,33.54889678955078
srv-009,2017-06-09 00:00:00,33.77391052246094
srv-009,2017-06-09 01:00:00,33.68264389038086
srv-009,2017-06-09 02:00:00,35.43475341796875
srv-009,2017-06-09 03:00:00,36.508914947509766
srv-009,2017-06-09 04:00:00,35.87141036987305
srv-009,2017-06-09 05:00:00,34.75245666503906
srv-009,2017-06-09 06:00:00,33.059837341308594
srv-009,2017-06-09 07:00:00,34.038909912109375
srv-009,2017-06-09 08:00:00,34.80841827392578
srv-009,2017-06-09 09:00:00,34.202388763427734
srv-009,2017-06-09 10:00:00,33.72655487060547
srv-009,2017-06-09 11:00:00,33.51579666137695
srv-009,2017-06-09 12:00:00,33.895240783691406
srv-009,2017-06-09 13:00:00,33.48234939575195
srv-009,2017-06-09 14:00:00,33.468414306640625
srv-009,2017-06-09 15:00:00,33.2456169128418
srv-009,2017-06-09 16:00:00,33.62398910522461
srv-009,2017-06-09 17:00:00,33.79147720336914
srv-009,2017-06-09 18:00:00,35.240989685058594
srv-009,2017-06-09 19:00:00,33.395870208740234
srv-009,2017-06-09 20:00:00,33.68159103393555
srv-009,2017-06-09 21:00:00,33.59596633911133
srv-009,2017-06-09 22:00:00,32.51253128051758
srv-009,2017-06-09 23:00:00,31.094518661499023
srv-009,2017-06-10 00:00:00,30.17180061340332
srv-009,2017-06-10 01:00:00,31.959476470947266
srv-009,2017-06-10 02:00:00,34.08960723876953
srv-009,2017-06-10 03:00:00,35.23405075073242
srv-009,2017-06-10 04:00:00,34.68279266357422
srv-009,2017-06-10 05:00:00,34.24613952636719
srv-009,2017-06-10 06:00:00,34.517356872558594
srv-009,2017-06-10 07:00:00,33.38640213012695
srv-009,2017-06-10 08:00:00,34.518218994140625
srv-009,2017-06-10 09:00:00,35.481483459472656
srv-009,2017-06-10 10:00:00,35.62371826171875
srv-009,2017-06-10 11:00:00,37.83906936645508
srv-009,2017-06-10 12:00:00,36.966270446777344
srv-009,2017-06-10 13:00:00,33.592220306396484
srv-009,2017-06-10 14:00:00,32.42973709106445
srv-009,2017-06-10 15:00:00,35.169166564941406
srv-009,2017-06-10 16:00:00,35.16984939575195
srv-009,2017-06-10 17:00:00,35.682456970214844
srv-009,2017-06-10 18:00:00,37.57817077636719
srv-009,2017-06-10 19:00:00,37.14641189575195
srv-009,2017-06-10 20:00:00,36.51451110839844
srv-009,2017-06-10 21:00:00,34.57316970825195
srv-009,2017-06-10 22:00:00,32.48664093017578
srv-009,2017-06-10 23:00:00,33.65071487426758
srv-009,2017-06-11 00:00:00,33.408851623535156
srv-009,2017-06-11 01:00:00,31.064435958862305
srv-009,2017-06-11 02:00:00,35.692115783691406
srv-009,2017-06-11 03:00:00,34.97423553466797
srv-009,2017-06-11 04:00:00,34.072425842285156
srv-009,2017-06-11 05:00:00,33.11316680908203
srv-009,2017-06-11 06:00:00,33.33051681518555
srv-009,2017-06-11 07:00:00,33.79884338378906
srv-009,2017-06-11 08:00:00,32.83326721191406
srv-009,2017-06-11 09:00:00,33.66221618652344
srv-009,2017-06-11 10:00:00,33.58915328979492
srv-009,2017-06-11 11:00:00,34.00545883178711
srv-009,2017-06-11 12:00:00,33.84941101074219
srv-009,2017-06-11 13:00:00,35.41405487060547
srv-009,2017-06-11 14:00:00,33.75227355957031
srv-009,2017-06-11 15:00:00,36.148494720458984
srv-009,2017-06-11 16:00:00,36.12141418457031
srv-009,2017-06-11 17:00:00,36.184417724609375
srv-009,2017-06-11 18:00:00,36.068031311035156
srv-009,2017-06-11 19:00:00,35.62731170654297
srv-009,2017-06-11 20:00:00,36.08036804199219
srv-009,2017-06-11 21:00:00,32.6473388671875
srv-009,2017-06-11 22:00:00,33.25104904174805
srv-009,2017-06-11 23:00:00,31.774127960205078
srv-009,2017-06-12 00:00:00,30.296159744262695
srv-009,2017-06-12 01:00:00,29.76142120361328
srv-009,2017-06-12 02:00:00,31.536542892456055
srv-009,2017-06-12 03:00:00,33.07181167602539
srv-009,2017-06-12 04:00:00,33.12285614013672
srv-009,2017-06-12 05:00:00,32.76801681518555
srv-009,2017-06-12 06:00:00,33.355525970458984
srv-009,2017-06-12 07:00:00,33.19899368286133
srv-009,2017-06-12 08:00:00,33.832950592041016
srv-009,2017-06-12 09:00:00,32.71371841430664
srv-009,2017-06-12 10:00:00,34.43130874633789
srv-009,2017-06-12 11:00:00,34.943660736083984
srv-009,2017-06-12 12:00:00,35.12602996826172
srv-009,2017-06-12 13:00:00,33.78237533569336
srv-009,2017-06-12 14:00:00,34.209014892578125
srv-009,2017-06-12 15:00:00,34.568992614746094
srv-009,2017-06-12 16:00:00,33.53363037109375
srv-009,2017-06-12 17:00:00,34.3305778503418
srv-009,2017-06-12 18:00:00,35.09878921508789
srv-009,2017-06-12 19:00:00,35.24409484863281
srv-009,2017-06-12 20:00:00,32.984535217285156
srv-009,2017-06-12 21:00:00,32.888240814208984
srv-009,2017-06-12 22:00:00,33.36916732788086
srv-009,2017-06-12 23:00:00,34.91423034667969
srv-009,2017-06-13 00:00:00,34.935882568359375
srv-009,2017-06-13 01:00:00,35.479942321777344
srv-009,2017-06-13 02:00:00,35.90528106689453
srv-009,2017-06-13 03:00:00,34.080265045166016
srv-009,2017-06-13 04:00:00,33.64469528198242
srv-009,2017-06-13 05:00:00,32.762969970703125
srv-009,2017-06-13 06:00:00,34.63417053222656
srv-009,2017-06-13 07:00:00,34.609031677246094
srv-009,2017-06-13 08:00:00,35.06898880004883
srv-009,2017-06-13 09:00:00,35.525569915771484
srv-009,2017-06-13 10:00:00,35.281150817871094
srv-009,2017-06-13 11:00:00,35.305389404296875
srv-009,2017-06-13 12:00:00,34.96283721923828
srv-009,2017-06-13 13:00:00,35.770606994628906
srv-009,2017-06-13 14:00:00,35.94800567626953
srv-009,2017-06-13 15:00:00,35.58497619628906
srv-009,2017-06-13 16:00:00,34.42625427246094
srv-009,2017-06-13 17:00:00,35.112674713134766
srv-009,2017-06-13 18:00:00,35.00554275512695
srv-009,2017-06-13 19:00:00,34.82331466674805
srv-009,2017-06-13 20:00:00,34.205997467041016
srv-009,2017-06-13 21:00:00,33.55181121826172
srv-009,2017-06-13 22:00:00,33.42644119262695
srv-009,2017-06-13 23:00:00,34.347782135009766
srv-009,2017-06-14 00:00:00,34.54789733886719
srv-009,2017-06-14 01:00:00,34.89615249633789
srv-009,2017-06-14 02:00:00,36.919551849365234
srv-009,2017-06-14 03:00:00,36.981773376464844
srv-009,2017-06-14 04:00:00,36.50929641723633
srv-009,2017-06-14 05:00:00,36.8892936706543
srv-009,2017-06-14 06:00:00,34.82962417602539
srv-009,2017-06-14 07:00:00,35.43660354614258
srv-009,2017-06-14 08:00:00,34.50395965576172
srv-009,2017-06-14 09:00:00,35.88693618774414
srv-009,2017-06-14 10:00:00,36.4517822265625
srv-009,2017-06-14 11:00:00,36.081459045410156
srv-009,2017-06-14 12:00:00,36.28474426269531
srv-009,2017-06-14 13:00:00,35.18687438964844
srv-009,2017-06-14 14:00:00,35.968082427978516
srv-009,2017-06-14 15:00:00,35.79557418823242
srv-009,2017-06-14 16:00:00,35.91716003417969
srv-009,2017-06-14 17:00:00,35.77745819091797
srv-009,2017-06-14 18:00:00,35.05339050292969
srv-009,2017-06-14 19:00:00,34.676544189453125
srv-009,2017-06-14 20:00:00,38.07341766357422
srv-009,2017-06-14 21:00:00,37.63606643676758
srv-009,2017-06-14 22:00:00,38.07549285888672
srv-009,2017-06-14 23:00:00,37.29020690917969
srv-009,2017-06-15 00:00:00,37.87981414794922
srv-009,2017-06-15 01:00:00,37.451820373535156
srv-009,2017-06-15 02:00:00,34.55292510986328
srv-009,2017-06-15 03:00:00,35.98217010498047
srv-009,2017-06-15 04:00:00,35.939090728759766
srv-009,2017-06-15 05:00:00,34.34501647949219
srv-009,2017-06-15 06:00:00,34.529762268066406
srv-009,2017-06-15 07:00:00,33.50758361816406
srv-009,2017-06-15 08:00:00,35.34599685668945
srv-009,2017-06-15 09:00:00,34.95043182373047
srv-009,2017-06-15 10:00:00,35.47496795654297
srv-009,2017-06-15 11:00:00,35.7930908203125
srv-009,2017-06-15 12:00:00,35.92781066894531
srv-009,2017-06-15 13:00:00,35.45802307128906
srv-009,2017-06-15 14:00:00,36.282196044921875
srv-009,2017-06-15 15:00:00,34.60691833496094
srv-009,2017-06-15 16:00:00,34.9084358215332
srv-009,2017-06-15 17:00:00,35.132774353027344
srv-009,2017-06-15 18:00:00,34.146507263183594
srv-009,2017-06-15 19:00:00,35.11983108520508
srv-009,2017-06-15 20:00:00,34.76509094238281
srv-009,2017-06-15 21:00:00,35.1424674987793
srv-009,2017-06-15 22:00:00,33.7763786315918
srv-009,2017-06-15 23:00:00,33.149993896484375
srv-009,2017-06-16 00:00:00,33.75852966308594
srv-009,2017-06-16 01:00:00,33.66721725463867
srv-009,2017-06-16 02:00:00,34.450843811035156
srv-009,2017-06-16 03:00:00,33.296295166015625
srv-009,2017-06-16 04:00:00,35.279151916503906
srv-009,2017-06-16 05:00:00,34.43495178222656
srv-009,2017-06-16 06:00:00,33.99220657348633
srv-009,2017-06-16 07:00:00,33.07040786743164
srv-009,2017-06-16 08:00:00,32.301326751708984
srv-009,2017-06-16 09:00:00,34.05094909667969
srv-009,2017-06-16 10:00:00,34.526302337646484
srv-009,2017-06-16 11:00:00,35.26256561279297
srv-009,2017-06-16 12:00:00,33.55062484741211
srv-009,2017-06-16 13:00:00,34.07049560546875
srv-009,2017-06-16 14:00:00,33.5650520324707
srv-009,2017-06-16 15:00:00,33.026710510253906
srv-009,2017-06-16 16:00:00,34.02388000488281
srv-009,2017-06-16 17:00:00,33.4112548828125
srv-009,2017-06-16 18:00:00,33.26734924316406
srv-009,2017-06-16 19:00:00,32.99421310424805
srv-009,2017-06-16 20:00:00,33.73476028442383
srv-009,2017-06-16 21:00:00,32.31232452392578
srv-009,2017-06-16 22:00:00,33.27437210083008
srv-009,2017-06-16 23:00:00,32.016563415527344
srv-009,2017-06-17 00:00:00,34.092933654785156
srv-009,2017-06-17 01:00:00,34.63450622558594
srv-009,2017-06-17 02:00:00,32.69841003417969
srv-009,2017-06-17 03:00:00,33.82343673706055
srv-009,2017-06-17 04:00:00,32.416263580322266
srv-009,2017-06-17 05:00:00,33.036922454833984
srv-009,2017-06-17 06:00:00,32.70499038696289
srv-009,2017-06-17 07:00:00,32.354976654052734
srv-009,2017-06-17 08:00:00,33.07423782348633
srv-009,2017-06-17 09:00:00,33.66329574584961
srv-009,2017-06-17 10:00:00,33.470943450927734
srv-009,2017-06-17 11:00:00,34.23760986328125
srv-009,2017-06-17 12:00:00,34.911277770996094
srv-009,2017-06-17 13:00:00,32.94624710083008
srv-009,2017-06-17 14:00:00,35.79985427856445
srv-009,2017-06-17 15:00:00,34.15133285522461
srv-009,2017-06-17 16:00:00,37.63205337524414
srv-009,2017-06-17 17:00:00,38.228363037109375
srv-009,2017-06-17 18:00:00,35.11027145385742
srv-009,2017-06-17 19:00:00,35.61268997192383
srv-009,2017-06-17 20:00:00,33.61833190917969
srv-009,2017-06-17 21:00:00,33.01951599121094
srv-009,2017-06-17 22:00:00,32.14678192138672
srv-009,2017-06-17 23:00:00,32.15919876098633
srv-009,2017-06-18 00:00:00,33.95698928833008
srv-009,2017-06-18 01:00:00,33.844207763671875
srv-009,2017-06-18 02:00:00,34.33503341674805
srv-009,2017-06-18 03:00:00,34.95813751220703
srv-009,2017-06-18 04:00:00,32.09381103515625
srv-009,2017-06-18 05:00:00,33.706024169921875
srv-009,2017-06-18 06:00:00,34.82463455200195
srv-009,2017-06-18 07:00:00,33.9423942565918
srv-009,2017-06-18 08:00:00,34.74496078491211
srv-009,2017-06-18 09:00:00,35.355709075927734
srv-009,2017-06-18 10:00:00,35.72772979736328
srv-009,2017-06-18 11:00:00,36.12718963623047
srv-009,2017-06-18 12:00:00,34.89317321777344
srv-009,2017-06-18 13:00:00,35.781211853027344
srv-009,2017-06-18 14:00:00,34.9282112121582
srv-009,2017-06-18 15:00:00,36.584068298339844
srv-009,2017-06-18 16:00:00,35.09709167480469
srv-009,2017-06-18 17:00:00,34.23835372924805
srv-009,2017-06-18 18:00:00,34.32155990600586
srv-009,2017-06-18 19:00:00,34.535003662109375
srv-009,2017-06-18 20:00:00,33.75051498413086
srv-009,2017-06-18 21:00:00,33.93088912963867
srv-009,2017-06-18 22:00:00,34.4033088684082
srv-009,2017-06-18 23:00:00,34.32594680786133
srv-009,2017-06-19 00:00:00,30.575942993164062
srv-009,2017-06-19 01:00:00,32.48332214355469
srv-009,2017-06-19 02:00:00,34.27769088745117
srv-009,2017-06-19 03:00:00,33.09752655029297
srv-009,2017-06-19 04:00:00,31.339088439941406
srv-009,2017-06-19 05:00:00,32.982357025146484
srv-009,2017-06-19 06:00:00,32.71637725830078
srv-009,2017-06-19 07:00:00,31.473745346069336
srv-009,2017-06-19 08:00:00,32.88743209838867
srv-009,2017-06-19 09:00:00,33.35050582885742
srv-009,2017-06-19 10:00:00,32.27810287475586
srv-009,2017-06-19 11:00:00,33.27669143676758
srv-009,2017-06-19 12:00:00,34.03318405151367
srv-009,2017-06-19 13:00:00,35.376220703125
srv-009,2017-06-19 14:00:00,35.20512008666992
srv-009,2017-06-19 15:00:00,34.8126220703125
srv-009,2017-06-19 16:00:00,35.0928955078125
srv-009,2017-06-19 17:00:00,35.49385070800781
srv-009,2017-06-19 18:00:00,34.199371337890625
srv-009,2017-06-19 19:00:00,33.773868560791016
srv-009,2017-06-19 20:00:00,33.97847366333008
srv-009,2017-06-19 21:00:00,33.62432098388672
srv-009,2017-06-19 22:00:00,32.35371398925781
srv-009,2017-06-19 23:00:00,32.81246566772461
srv-009,2017-06-20 00:00:00,33.03374481201172
srv-009,2017-06-20 01:00:00,34.50342559814453
srv-009,2017-06-20 02:00:00,34.28976821899414
srv-009,2017-06-20 03:00:00,33.42502212524414
srv-009,2017-06-20 04:00:00,35.242584228515625
srv-009,2017-06-20 05:00:00,34.53565216064453
srv-009,2017-06-20 06:00:00,32.85487365722656
srv-009,2017-06-20 07:00:00,33.39848709106445
srv-009,2017-06-20 08:00:00,33.85106658935547
srv-009,2017-06-20 09:00:00,33.844642639160156
srv-009,2017-06-20 10:00:00,33.68125534057617
srv-009,2017-06-20 11:00:00,34.87261962890625
srv-009,2017-06-20 12:00:00,35.420753479003906
srv-009,2017-06-20 13:00:00,34.20771026611328
srv-009,2017-06-20 14:00:00,34.56511688232422
srv-009,2017-06-20 15:00:00,34.28208923339844
srv-009,2017-06-20 16:00:00,33.97368240356445
srv-009,2017-06-20 17:00:00,33.979984283447266
srv-009,2017-06-20 18:00:00,35.874576568603516
srv-009,2017-06-20 19:00:00,34.81494140625
srv-009,2017-06-20 20:00:00,35.55731964111328
srv-009,2017-06-20 21:00:00,33.28255081176758
srv-009,2017-06-20 22:00:00,33.37168502807617
srv-009,2017-06-20 23:00:00,34.69483184814453
srv-009,2017-06-21 00:00:00,35.077938079833984
srv-009,2017-06-21 01:00:00,34.44281005859375
srv-009,2017-06-21 02:00:00,33.84834289550781
srv-009,2017-06-21 03:00:00,34.829925537109375
srv-009,2017-06-21 04:00:00,34.538116455078125
srv-009,2017-06-21 05:00:00,34.021575927734375
srv-009,2017-06-21 06:00:00,35.724998474121094
srv-009,2017-06-21 07:00:00,34.83941650390625
srv-009,2017-06-21 08:00:00,35.054054260253906
srv-009,2017-06-21 09:00:00,34.509193420410156
srv-009,2017-06-21 10:00:00,34.694122314453125
srv-009,2017-06-21 11:00:00,34.70811462402344
srv-009,2017-06-21 12:00:00,35.90272521972656
srv-009,2017-06-21 13:00:00,34.19685363769531
srv-009,2017-06-21 14:00:00,33.41660690307617
srv-009,2017-06-21 15:00:00,33.73344039916992
srv-009,2017-06-21 16:00:00,33.36335754394531
srv-009,2017-06-21 17:00:00,33.116458892822266
srv-009,2017-06-21 18:00:00,33.87771224975586
srv-009,2017-06-21 19:00:00,32.83976364135742
srv-009,2017-06-21 20:00:00,33.68854904174805
srv-009,2017-06-21 21:00:00,32.32988739013672
srv-009,2017-06-21 22:00:00,33.17521667480469
srv-009,2017-06-21 23:00:00,32.57052993774414
srv-009,2017-06-22 00:00:00,34.27816390991211
srv-009,2017-06-22 01:00:00,34.876338958740234
srv-009,2017-06-22 02:00:00,34.949222564697266
srv-009,2017-06-22 03:00:00,34.33614730834961
srv-009,2017-06-22 04:00:00,35.28705596923828
srv-009,2017-06-22 05:00:00,34.13301467895508
srv-009,2017-06-22 06:00:00,33.77497863769531
srv-009,2017-06-22 07:00:00,33.764198303222656
srv-009,2017-06-22 08:00:00,33.47495651245117
srv-009,2017-06-22 09:00:00,33.60409927368164
srv-009,2017-06-22 10:00:00,34.5999755859375
srv-009,2017-06-22 11:00:00,34.40142822265625
srv-009,2017-06-22 12:00:00,34.4259147644043
srv-009,2017-06-22 13:00:00,34.712059020996094
srv-009,2017-06-22 14:00:00,35.44984817504883
srv-009,2017-06-22 15:00:00,34.3372802734375
srv-009,2017-06-22 16:00:00,35.44224548339844
srv-009,2017-06-22 17:00:00,35.05320739746094
srv-009,2017-06-22 18:00:00,35.4264030456543
srv-009,2017-06-22 19:00:00,34.680877685546875
srv-009,2017-06-22 20:00:00,34.86790466308594
srv-009,2017-06-22 21:00:00,35.212337493896484
srv-009,2017-06-22 22:00:00,35.60681915283203
srv-009,2017-06-22 23:00:00,36.282623291015625
srv-009,2017-06-23 00:00:00,35.389869689941406
srv-009,2017-06-23 01:00:00,34.38495635986328
srv-009,2017-06-23 02:00:00,34.44584655761719
srv-009,2017-06-23 03:00:00,34.42110061645508
srv-009,2017-06-23 04:00:00,34.25115203857422
srv-009,2017-06-23 05:00:00,34.73409652709961
srv-009,2017-06-23 06:00:00,34.23048782348633
srv-009,2017-06-23 07:00:00,34.097469329833984
srv-009,2017-06-23 08:00:00,33.68110275268555
srv-009,2017-06-23 09:00:00,33.16619873046875
srv-009,2017-06-23 10:00:00,33.28076934814453
srv-009,2017-06-23 11:00:00,33.18217086791992
srv-009,2017-06-23 12:00:00,34.63970184326172
srv-009,2017-06-23 13:00:00,35.3193359375
srv-009,2017-06-23 14:00:00,34.476104736328125
srv-009,2017-06-23 15:00:00,33.853389739990234
srv-009,2017-06-23 16:00:00,33.244808197021484
srv-009,2017-06-23 17:00:00,34.5345458984375
srv-009,2017-06-23 18:00:00,32.61228561401367
srv-009,2017-06-23 19:00:00,32.21854019165039
srv-009,2017-06-23 20:00:00,33.290931701660156
srv-009,2017-06-23 21:00:00,35.259151458740234
srv-009,2017-06-23 22:00:00,34.104774475097656
srv-009,2017-06-23 23:00:00,32.3734130859375
srv-009,2017-06-24 00:00:00,33.5087890625
srv-009,2017-06-24 01:00:00,34.9637565612793
srv-009,2017-06-24 02:00:00,34.840049743652344
srv-009,2017-06-24 03:00:00,31.874563217163086
srv-009,2017-06-24 04:00:00,34.341270446777344
srv-009,2017-06-24 05:00:00,32.80785369873047
srv-009,2017-06-24 06:00:00,33.16402053833008
srv-009,2017-06-24 07:00:00,32.42852020263672
srv-009,2017-06-24 08:00:00,32.75322341918945
srv-009,2017-06-24 09:00:00,32.766204833984375
srv-009,2017-06-24 10:00:00,32.869712829589844
srv-009,2017-06-24 11:00:00,33.1414909362793
srv-009,2017-06-24 12:00:00,34.51383972167969
srv-009,2017-06-24 13:00:00,34.895748138427734
srv-009,2017-06-24 14:00:00,34.55778503417969
srv-009,2017-06-24 15:00:00,36.740447998046875
srv-009,2017-06-24 16:00:00,35.25621032714844
srv-009,2017-06-24 17:00:00,34.63972091674805
srv-009,2017-06-24 18:00:00,36.002342224121094
srv-009,2017-06-24 19:00:00,36.69701385498047
srv-009,2017-06-24 20:00:00,35.12659454345703
srv-009,2017-06-24 21:00:00,34.85703659057617
srv-009,2017-06-24 22:00:00,33.5736083984375
srv-009,2017-06-24 23:00:00,32.53771209716797
srv-009,2017-06-25 00:00:00,33.23819351196289
srv-009,2017-06-25 01:00:00,33.95003890991211
srv-009,2017-06-25 02:00:00,32.688236236572266
srv-009,2017-06-25 03:00:00,33.90962600708008
srv-009,2017-06-25 04:00:00,35.780364990234375
srv-009,2017-06-25 05:00:00,35.1823616027832
srv-009,2017-06-25 06:00:00,33.13389205932617
srv-009,2017-06-25 07:00:00,33.294063568115234
srv-009,2017-06-25 08:00:00,33.73542404174805
srv-009,2017-06-25 09:00:00,32.70775604248047
srv-009,2017-06-25 10:00:00,33.07957077026367
srv-009,2017-06-25 11:00:00,32.614524841308594
srv-009,2017-06-25 12:00:00,33.417320251464844
srv-009,2017-06-25 13:00:00,34.95301055908203
srv-009,2017-06-25 14:00:00,35.40278244018555
srv-009,2017-06-25 15:00:00,35.426666259765625
srv-009,2017-06-25 16:00:00,33.50893020629883
srv-009,2017-06-25 17:00:00,34.03642654418945
srv-009,2017-06-25 18:00:00,33.84232711791992
srv-009,2017-06-25 19:00:00,34.23410415649414
srv-009,2017-06-25 20:00:00,34.17683410644531
srv-009,2017-06-25 21:00:00,34.24944305419922
srv-009,2017-06-25 22:00:00,35.7222900390625
srv-009,2017-06-25 23:00:00,34.0324821472168
srv-009,2017-06-26 00:00:00,31.793916702270508
srv-009,2017-06-26 01:00:00,30.719423294067383
srv-009,2017-06-26 02:00:00,31.736520767211914
srv-009,2017-06-26 03:00:00,32.3505859375
srv-009,2017-06-26 04:00:00,34.01993942260742
srv-009,2017-06-26 05:00:00,34.07345962524414
srv-009,2017-06-26 06:00:00,33.96506881713867
srv-009,2017-06-26 07:00:00,34.192604064941406
srv-009,2017-06-26 08:00:00,33.07453536987305
srv-009,2017-06-26 09:00:00,33.46726989746094
srv-009,2017-06-26 10:00:00,31.583593368530273
srv-009,2017-06-26 11:00:00,31.514318466186523
srv-009,2017-06-26 12:00:00,32.18609619140625
srv-009,2017-06-26 13:00:00,33.13666534423828
srv-009,2017-06-26 14:00:00,32.17728805541992
srv-009,2017-06-26 15:00:00,32.74591827392578
srv-009,2017-06-26 16:00:00,33.11886215209961
srv-009,2017-06-26 17:00:00,35.89573669433594
srv-009,2017-06-26 18:00:00,34.96318054199219
srv-009,2017-06-26 19:00:00,34.177940368652344
srv-009,2017-06-26 20:00:00,31.836185455322266
srv-009,2017-06-26 21:00:00,33.2966194152832
srv-009,2017-06-26 22:00:00,35.35151672363281
srv-009,2017-06-26 23:00:00,34.76446533203125
srv-009,2017-06-27 00:00:00,34.6377067565918
srv-009,2017-06-27 01:00:00,34.6343994140625
srv-009,2017-06-27 02:00:00,34.915000915527344
srv-009,2017-06-27 03:00:00,33.57049560546875
srv-009,2017-06-27 04:00:00,32.67485427856445
srv-009,2017-06-27 05:00:00,35.526893615722656
srv-009,2017-06-27 06:00:00,35.97048568725586
srv-009,2017-06-27 07:00:00,34.52540588378906
srv-009,2017-06-27 08:00:00,35.671722412109375
srv-009,2017-06-27 09:00:00,35.97500991821289
srv-009,2017-06-27 10:00:00,35.20574188232422
srv-009,2017-06-27 11:00:00,35.282997131347656
srv-009,2017-06-27 12:00:00,34.70545196533203
srv-009,2017-06-27 13:00:00,35.11448669433594
srv-009,2017-06-27 14:00:00,33.20752716064453
srv-009,2017-06-27 15:00:00,34.58517074584961
srv-009,2017-06-27 16:00:00,34.93989562988281
srv-009,2017-06-27 17:00:00,35.90382766723633
srv-009,2017-06-27 18:00:00,37.21607971191406
srv-009,2017-06-27 19:00:00,36.74557113647461
srv-009,2017-06-27 20:00:00,36.38134765625
srv-009,2017-06-27 21:00:00,35.73651885986328
srv-009,2017-06-27 22:00:00,35.49580764770508
srv-009,2017-06-27 23:00:00,35.94791030883789
srv-009,2017-06-28 00:00:00,34.034812927246094
srv-009,2017-06-28 01:00:00,33.24403762817383
srv-009,2017-06-28 02:00:00,33.271270751953125
srv-009,2017-06-28 03:00:00,35.18363571166992
srv-009,2017-06-28 04:00:00,34.719242095947266
srv-009,2017-06-28 05:00:00,36.198509216308594
srv-009,2017-06-28 06:00:00,36.30223083496094
srv-009,2017-06-28 07:00:00,36.56050109863281
srv-009,2017-06-28 08:00:00,36.394798278808594
srv-009,2017-06-28 09:00:00,34.895790100097656
srv-009,2017-06-28 10:00:00,35.25303268432617
srv-009,2017-06-28 11:00:00,36.89723205566406
srv-009,2017-06-28 12:00:00,37.117042541503906
srv-009,2017-06-28 13:00:00,36.589664459228516
srv-009,2017-06-28 14:00:00,35.053550720214844
srv-009,2017-06-28 15:00:00,36.543949127197266
srv-009,2017-06-28 16:00:00,37.736976623535156
srv-009,2017-06-28 17:00:00,38.384498596191406
srv-009,2017-06-28 18:00:00,38.50311279296875
srv-009,2017-06-28 19:00:00,39.94434356689453
srv-009,2017-06-28 20:00:00,39.194496154785156
srv-009,2017-06-28 21:00:00,38.32822036743164
srv-009,2017-06-28 22:00:00,37.101829528808594
srv-009,2017-06-28 23:00:00,38.618080139160156
srv-009,2017-06-29 00:00:00,35.78480529785156
srv-009,2017-06-29 01:00:00,33.89977264404297
srv-009,2017-06-29 02:00:00,35.070030212402344
srv-009,2017-06-29 03:00:00,35.23429489135742
srv-009,2017-06-29 04:00:00,34.64106750488281
srv-009,2017-06-29 05:00:00,34.8577880859375
srv-009,2017-06-29 06:00:00,36.19805145263672
srv-009,2017-06-29 07:00:00,36.282196044921875
srv-009,2017-06-29 08:00:00,36.08177185058594
srv-009,2017-06-29 09:00:00,36.93054962158203
srv-009,2017-06-29 10:00:00,36.71478271484375
srv-009,2017-06-29 11:00:00,36.840415954589844
srv-009,2017-06-29 12:00:00,34.922340393066406
srv-009,2017-06-29 13:00:00,35.24700927734375
srv-009,2017-06-29 14:00:00,34.8994255065918
srv-009,2017-06-29 15:00:00,34.50606918334961
srv-009,2017-06-29 16:00:00,34.05023956298828
srv-009,2017-06-29 17:00:00,34.51691436767578
srv-009,2017-06-29 18:00:00,32.97180938720703
srv-009,2017-06-29 19:00:00,33.90853500366211
srv-009,2017-06-29 20:00:00,33.4630126953125
srv-009,2017-06-29 21:00:00,33.75171661376953
srv-009,2017-06-29 22:00:00,33.673004150390625
srv-009,2017-06-29 23:00:00,33.736507415771484
srv-009,2017-06-30 00:00:00,33.386268615722656
srv-009,2017-06-30 01:00:00,34.14142990112305
srv-009,2017-06-30 02:00:00,34.29007339477539
srv-009,2017-06-30 03:00:00,34.32572937011719
srv-009,2017-06-30 04:00:00,33.33185577392578
srv-009,2017-06-30 05:00:00,34.9149284362793
srv-009,2017-06-30 06:00:00,33.15476989746094
srv-009,2017-06-30 07:00:00,33.07917022705078
srv-009,2017-06-30 08:00:00,32.69396209716797
srv-009,2017-06-30 09:00:00,34.790977478027344
srv-009,2017-06-30 10:00:00,34.57249450683594
srv-009,2017-06-30 11:00:00,34.00387954711914
srv-009,2017-06-30 12:00:00,35.03199768066406
srv-009,2017-06-30 13:00:00,33.44046401977539
srv-009,2017-06-30 14:00:00,33.51218032836914
srv-009,2017-06-30 15:00:00,33.475624084472656
srv-009,2017-06-30 16:00:00,33.709228515625
srv-009,2017-06-30 17:00:00,32.729854583740234
srv-009,2017-06-30 18:00:00,32.839595794677734
srv-009,2017-06-30 19:00:00,34.438411712646484
srv-009,2017-06-30 20:00:00,33.35369873046875
srv-009,2017-06-30 21:00:00,34.01009750366211
srv-009,2017-06-30 22:00:00,33.353416442871094
srv-009,2017-06-30 23:00:00,34.47400665283203
srv-010,2017-06-01 23:00:00,59.404258728027344
srv-010,2017-06-02 00:00:00,71.89925384521484
srv-010,2017-06-02 01:00:00,72.56815338134766
srv-010,2017-06-02 02:00:00,73.56472778320312
srv-010,2017-06-02 03:00:00,74.26105499267578
srv-010,2017-06-02 04:00:00,75.04662322998047
srv-010,2017-06-02 05:00:00,75.59476470947266
srv-010,2017-06-02 06:00:00,73.72846984863281
srv-010,2017-06-02 07:00:00,72.73872375488281
srv-010,2017-06-02 08:00:00,75.53386688232422
srv-010,2017-06-02 09:00:00,76.40506744384766
srv-010,2017-06-02 10:00:00,80.99109649658203
srv-010,2017-06-02 11:00:00,87.7669906616211
srv-010,2017-06-02 12:00:00,86.47850799560547
srv-010,2017-06-02 13:00:00,88.31778717041016
srv-010,2017-06-02 14:00:00,82.07545471191406
srv-010,2017-06-02 15:00:00,83.4969253540039
srv-010,2017-06-02 16:00:00,79.3792495727539
srv-010,2017-06-02 17:00:00,81.82909393310547
srv-010,2017-06-02 18:00:00,75.3560562133789
srv-010,2017-06-02 19:00:00,73.35253143310547
srv-010,2017-06-02 20:00:00,70.09317779541016
srv-010,2017-06-02 21:00:00,70.80821990966797
srv-010,2017-06-02 22:00:00,68.2600326538086
srv-010,2017-06-02 23:00:00,68.971435546875
srv-010,2017-06-03 00:00:00,72.70092010498047
srv-010,2017-06-03 01:00:00,73.51678466796875
srv-010,2017-06-03 02:00:00,72.8731689453125
srv-010,2017-06-03 03:00:00,71.14202117919922
srv-010,2017-06-03 04:00:00,73.20623016357422
srv-010,2017-06-03 05:00:00,76.63420867919922
srv-010,2017-06-03 06:00:00,79.30706024169922
srv-010,2017-06-03 07:00:00,78.18709564208984
srv-010,2017-06-03 08:00:00,82.0873794555664
srv-010,2017-06-03 09:00:00,78.20198822021484
srv-010,2017-06-03 10:00:00,80.59373474121094
srv-010,2017-06-03 11:00:00,80.70368194580078
srv-010,2017-06-03 12:00:00,84.70238494873047
srv-010,2017-06-03 13:00:00,83.71087646484375
srv-010,2017-06-03 14:00:00,83.27400970458984
srv-010,2017-06-03 15:00:00,80.84774017333984
srv-010,2017-06-03 16:00:00,80.79143524169922
srv-010,2017-06-03 17:00:00,78.87557983398438
srv-010,2017-06-03 18:00:00,78.5931625366211
srv-010,2017-06-03 19:00:00,75.65888214111328
srv-010,2017-06-03 20:00:00,76.03166198730469
srv-010,2017-06-03 21:00:00,72.61872863769531
srv-010,2017-06-03 22:00:00,72.9510726928711
srv-010,2017-06-03 23:00:00,69.87449645996094
srv-010,2017-06-04 00:00:00,72.63540649414062
srv-010,2017-06-04 01:00:00,70.70781707763672
srv-010,2017-06-04 02:00:00,72.49457550048828
srv-010,2017-06-04 03:00:00,73.20842742919922
srv-010,2017-06-04 04:00:00,74.35057830810547
srv-010,2017-06-04 05:00:00,78.37791442871094
srv-010,2017-06-04 06:00:00,77.8506088256836
srv-010,2017-06-04 07:00:00,79.15470886230469
srv-010,2017-06-04 08:00:00,80.44660186767578
srv-010,2017-06-04 09:00:00,78.97245025634766
srv-010,2017-06-04 10:00:00,75.60725402832031
srv-010,2017-06-04 11:00:00,79.14659881591797
srv-010,2017-06-04 12:00:00,77.45311737060547
srv-010,2017-06-04 13:00:00,80.92375946044922
srv-010,2017-06-04 14:00:00,80.96221160888672
srv-010,2017-06-04 15:00:00,81.29138946533203
srv-010,2017-06-04 16:00:00,79.15795135498047
srv-010,2017-06-04 17:00:00,76.05941009521484
srv-010,2017-06-04 18:00:00,79.21887969970703
srv-010,2017-06-04 19:00:00,75.8419418334961
srv-010,2017-06-04 20:00:00,77.04901885986328
srv-010,2017-06-04 21:00:00,76.20355224609375
srv-010,2017-06-04 22:00:00,72.5044174194336
srv-010,2017-06-04 23:00:00,75.39990997314453
srv-010,2017-06-05 00:00:00,70.64852142333984
srv-010,2017-06-05 01:00:00,70.64495086669922
srv-010,2017-06-05 02:00:00,74.151611328125
srv-010,2017-06-05 03:00:00,73.65191650390625
srv-010,2017-06-05 04:00:00,72.215087890625
srv-010,2017-06-05 05:00:00,74.57276153564453
srv-010,2017-06-05 06:00:00,76.09523010253906
srv-010,2017-06-05 07:00:00,77.67813873291016
srv-010,2017-06-05 08:00:00,79.7876968383789
srv-010,2017-06-05 09:00:00,83.2891616821289
srv-010,2017-06-05 10:00:00,84.3514633178711
srv-010,2017-06-05 11:00:00,85.10579681396484
srv-010,2017-06-05 12:00:00,87.08135223388672
srv-010,2017-06-05 13:00:00,87.21180725097656
srv-010,2017-06-05 14:00:00,89.86914825439453
srv-010,2017-06-05 15:00:00,90.91797637939453
srv-010,2017-06-05 16:00:00,92.42039489746094
srv-010,2017-06-05 17:00:00,89.29175567626953
srv-010,2017-06-05 18:00:00,86.64744567871094
srv-010,2017-06-05 19:00:00,81.33846282958984
srv-010,2017-06-05 20:00:00,81.14257049560547
srv-010,2017-06-05 21:00:00,80.36872100830078
srv-010,2017-06-05 22:00:00,83.1025619506836
srv-010,2017-06-05 23:00:00,83.08238983154297
srv-010,2017-06-06 00:00:00,82.05393981933594
srv-010,2017-06-06 01:00:00,80.77484893798828
srv-010,2017-06-06 02:00:00,83.15413665771484
srv-010,2017-06-06 03:00:00,84.62611389160156
srv-010,2017-06-06 04:00:00,85.97015380859375
srv-010,2017-06-06 05:00:00,84.7177963256836
srv-010,2017-06-06 06:00:00,86.25557708740234
srv-010,2017-06-06 07:00:00,87.39126586914062
srv-010,2017-06-06 08:00:00,91.89830780029297
srv-010,2017-06-06 09:00:00,91.15360260009766
srv-010,2017-06-06 10:00:00,93.79772186279297
srv-010,2017-06-06 11:00:00,94.78787994384766
srv-010,2017-06-06 12:00:00,95.30409240722656
srv-010,2017-06-06 13:00:00,95.0327377319336
srv-010,2017-06-06 14:00:00,94.19107818603516
srv-010,2017-06-06 15:00:00,94.2939453125
srv-010,2017-06-06 16:00:00,93.43885040283203
srv-010,2017-06-06 17:00:00,93.68122100830078
srv-010,2017-06-06 18:00:00,91.23362731933594
srv-010,2017-06-06 19:00:00,90.5984878540039
srv-010,2017-06-06 20:00:00,89.8534164428711
srv-010,2017-06-06 21:00:00,88.4222640991211
srv-010,2017-06-06 22:00:00,90.82069396972656
srv-010,2017-06-06 23:00:00,89.30239868164062
srv-010,2017-06-07 00:00:00,90.95503997802734
srv-010,2017-06-07 01:00:00,89.38585662841797
srv-010,2017-06-07 02:00:00,92.07987213134766
srv-010,2017-06-07 03:00:00,91.45296478271484
srv-010,2017-06-07 04:00:00,90.54896545410156
srv-010,2017-06-07 05:00:00,90.8170394897461
srv-010,2017-06-07 06:00:00,90.38697052001953
srv-010,2017-06-07 07:00:00,90.15583038330078
srv-010,2017-06-07 08:00:00,95.30850219726562
srv-010,2017-06-07 09:00:00,92.595458984375
srv-010,2017-06-07 10:00:00,95.57103729248047
srv-010,2017-06-07 11:00:00,95.86221313476562
srv-010,2017-06-07 12:00:00,96.00877380371094
srv-010,2017-06-07 13:00:00,94.57636260986328
srv-010,2017-06-07 14:00:00,94.47386932373047
srv-010,2017-06-07 15:00:00,94.31285858154297
srv-010,2017-06-07 16:00:00,94.55379486083984
srv-010,2017-06-07 17:00:00,94.65076446533203
srv-010,2017-06-07 18:00:00,93.65364837646484
srv-010,2017-06-07 19:00:00,91.78455352783203
srv-010,2017-06-07 20:00:00,88.6995849609375
srv-010,2017-06-07 21:00:00,89.24159240722656
srv-010,2017-06-07 22:00:00,89.24303436279297
srv-010,2017-06-07 23:00:00,88.88117980957031
srv-010,2017-06-08 00:00:00,89.83102416992188
srv-010,2017-06-08 01:00:00,88.34746551513672
srv-010,2017-06-08 02:00:00,89.64125061035156
srv-010,2017-06-08 03:00:00,88.10501861572266
srv-010,2017-06-08 04:00:00,90.57262420654297
srv-010,2017-06-08 05:00:00,88.85555267333984
srv-010,2017-06-08 06:00:00,88.18518829345703
srv-010,2017-06-08 07:00:00,88.01777648925781
srv-010,2017-06-08 08:00:00,91.93180084228516
srv-010,2017-06-08 09:00:00,93.03357696533203
srv-010,2017-06-08 10:00:00,92.8024673461914
srv-010,2017-06-08 11:00:00,95.10112762451172
srv-010,2017-06-08 12:00:00,94.2735366821289
srv-010,2017-06-08 13:00:00,93.4135513305664
srv-010,2017-06-08 14:00:00,92.10070037841797
srv-010,2017-06-08 15:00:00,89.9907455444336
srv-010,2017-06-08 16:00:00,89.15455627441406
srv-010,2017-06-08 17:00:00,87.74639129638672
srv-010,2017-06-08 18:00:00,87.09468078613281
srv-010,2017-06-08 19:00:00,85.70661163330078
srv-010,2017-06-08 20:00:00,85.64189910888672
srv-010,2017-06-08 21:00:00,83.0633773803711
srv-010,2017-06-08 22:00:00,80.70133209228516
srv-010,2017-06-08 23:00:00,81.66907501220703
srv-010,2017-06-09 00:00:00,81.26217651367188
srv-010,2017-06-09 01:00:00,81.08834838867188
srv-010,2017-06-09 02:00:00,82.29077911376953
srv-010,2017-06-09 03:00:00,81.59146881103516
srv-010,2017-06-09 04:00:00,83.48985290527344
srv-010,2017-06-09 05:00:00,83.16787719726562
srv-010,2017-06-09 06:00:00,81.72772216796875
srv-010,2017-06-09 07:00:00,82.50652313232422
srv-010,2017-06-09 08:00:00,85.23116302490234
srv-010,2017-06-09 09:00:00,82.60266876220703
srv-010,2017-06-09 10:00:00,85.59103393554688
srv-010,2017-06-09 11:00:00,87.1169204711914
srv-010,2017-06-09 12:00:00,86.8783950805664
srv-010,2017-06-09 13:00:00,87.77092742919922
srv-010,2017-06-09 14:00:00,81.17583465576172
srv-010,2017-06-09 15:00:00,79.22095489501953
srv-010,2017-06-09 16:00:00,75.8889389038086
srv-010,2017-06-09 17:00:00,74.51831817626953
srv-010,2017-06-09 18:00:00,73.89421844482422
srv-010,2017-06-09 19:00:00,72.27672576904297
srv-010,2017-06-09 20:00:00,71.5656509399414
srv-010,2017-06-09 21:00:00,72.93511199951172
srv-010,2017-06-09 22:00:00,68.8644027709961
srv-010,2017-06-09 23:00:00,69.97159576416016
srv-010,2017-06-10 00:00:00,76.633544921875
srv-010,2017-06-10 01:00:00,75.04617309570312
srv-010,2017-06-10 02:00:00,77.82929229736328
srv-010,2017-06-10 03:00:00,76.08097076416016
srv-010,2017-06-10 04:00:00,77.9507827758789
srv-010,2017-06-10 05:00:00,81.66133880615234
srv-010,2017-06-10 06:00:00,81.13378143310547
srv-010,2017-06-10 07:00:00,79.89262390136719
srv-010,2017-06-10 08:00:00,80.4344253540039
srv-010,2017-06-10 09:00:00,80.90833282470703
srv-010,2017-06-10 10:00:00,82.93492126464844
srv-010,2017-06-10 11:00:00,80.4483413696289
srv-010,2017-06-10 12:00:00,75.50475311279297
srv-010,2017-06-10 13:00:00,79.21659088134766
srv-010,2017-06-10 14:00:00,80.30956268310547
srv-010,2017-06-10 15:00:00,78.20305633544922
srv-010,2017-06-10 16:00:00,80.65038299560547
srv-010,2017-06-10 17:00:00,77.62705993652344
srv-010,2017-06-10 18:00:00,78.00835418701172
srv-010,2017-06-10 19:00:00,78.35437774658203
srv-010,2017-06-10 20:00:00,76.1638412475586
srv-010,2017-06-10 21:00:00,76.06717681884766
srv-010,2017-06-10 22:00:00,76.35713958740234
srv-010,2017-06-10 23:00:00,77.46472930908203
srv-010,2017-06-11 00:00:00,76.19957733154297
srv-010,2017-06-11 01:00:00,74.9460220336914
srv-010,2017-06-11 02:00:00,75.44707489013672
srv-010,2017-06-11 03:00:00,76.4217758178711
srv-010,2017-06-11 04:00:00,77.55870056152344
srv-010,2017-06-11 05:00:00,77.03206634521484
srv-010,2017-06-11 06:00:00,79.78658294677734
srv-010,2017-06-11 07:00:00,78.60836029052734
srv-010,2017-06-11 08:00:00,82.03612518310547
srv-010,2017-06-11 09:00:00,82.4092025756836
srv-010,2017-06-11 10:00:00,82.02476501464844
srv-010,2017-06-11 11:00:00,80.41826629638672
srv-010,2017-06-11 12:00:00,79.84778594970703
srv-010,2017-06-11 13:00:00,77.21248626708984
srv-010,2017-06-11 14:00:00,82.10089111328125
srv-010,2017-06-11 15:00:00,81.4350357055664
srv-010,2017-06-11 16:00:00,81.12432098388672
srv-010,2017-06-11 17:00:00,76.6729965209961
srv-010,2017-06-11 18:00:00,78.46746063232422
srv-010,2017-06-11 19:00:00,75.41582489013672
srv-010,2017-06-11 20:00:00,76.02730560302734
srv-010,2017-06-11 21:00:00,74.84551239013672
srv-010,2017-06-11 22:00:00,77.67121124267578
srv-010,2017-06-11 23:00:00,77.0431900024414
srv-010,2017-06-12 00:00:00,71.51614379882812
srv-010,2017-06-12 01:00:00,71.33209991455078
srv-010,2017-06-12 02:00:00,74.8454818725586
srv-010,2017-06-12 03:00:00,76.96293640136719
srv-010,2017-06-12 04:00:00,77.18843841552734
srv-010,2017-06-12 05:00:00,75.53960418701172
srv-010,2017-06-12 06:00:00,71.82954406738281
srv-010,2017-06-12 07:00:00,79.02537536621094
srv-010,2017-06-12 08:00:00,78.8263168334961
srv-010,2017-06-12 09:00:00,81.50037384033203
srv-010,2017-06-12 10:00:00,85.6214599609375
srv-010,2017-06-12 11:00:00,86.79039764404297
srv-010,2017-06-12 12:00:00,89.20826721191406
srv-010,2017-06-12 13:00:00,89.2509536743164
srv-010,2017-06-12 14:00:00,86.16696166992188
srv-010,2017-06-12 15:00:00,84.18828582763672
srv-010,2017-06-12 16:00:00,86.74243927001953
srv-010,2017-06-12 17:00:00,85.97760772705078
srv-010,2017-06-12 18:00:00,85.4916763305664
srv-010,2017-06-12 19:00:00,84.48636627197266
srv-010,2017-06-12 20:00:00,82.81749725341797
srv-010,2017-06-12 21:00:00,81.8888168334961
srv-010,2017-06-12 22:00:00,83.67142486572266
srv-010,2017-06-12 23:00:00,83.85022735595703
srv-010,2017-06-13 00:00:00,85.85315704345703
srv-010,2017-06-13 01:00:00,85.29228973388672
srv-010,2017-06-13 02:00:00,84.85311889648438
srv-010,2017-06-13 03:00:00,81.48106384277344
srv-010,2017-06-13 04:00:00,83.62975311279297
srv-010,2017-06-13 05:00:00,82.5933609008789
srv-010,2017-06-13 06:00:00,85.4652328491211
srv-010,2017-06-13 07:00:00,84.78953552246094
srv-010,2017-06-13 08:00:00,88.13792419433594
srv-010,2017-06-13 09:00:00,90.3070297241211
srv-010,2017-06-13 10:00:00,90.98021697998047
srv-010,2017-06-13 11:00:00,91.98328399658203
srv-010,2017-06-13 12:00:00,93.93091583251953
srv-010,2017-06-13 13:00:00,93.45653533935547
srv-010,2017-06-13 14:00:00,93.94462585449219
srv-010,2017-06-13 15:00:00,93.84275817871094
srv-010,2017-06-13 16:00:00,94.79010772705078
srv-010,2017-06-13 17:00:00,95.02246856689453
srv-010,2017-06-13 18:00:00,94.72330474853516
srv-010,2017-06-13 19:00:00,94.0456771850586
srv-010,2017-06-13 20:00:00,93.90573120117188
srv-010,2017-06-13 21:00:00,93.14397430419922
srv-010,2017-06-13 22:00:00,92.121826171875
srv-010,2017-06-13 23:00:00,92.1297836303711
srv-010,2017-06-14 00:00:00,87.11406707763672
srv-010,2017-06-14 01:00:00,89.14427947998047
srv-010,2017-06-14 02:00:00,91.40084075927734
srv-010,2017-06-14 03:00:00,92.19140625
srv-010,2017-06-14 04:00:00,93.84153747558594
srv-010,2017-06-14 05:00:00,91.41806030273438
srv-010,2017-06-14 06:00:00,92.02570343017578
srv-010,2017-06-14 07:00:00,94.8107681274414
srv-010,2017-06-14 08:00:00,95.0976791381836
srv-010,2017-06-14 09:00:00,94.0358657836914
srv-010,2017-06-14 10:00:00,94.19600677490234
srv-010,2017-06-14 11:00:00,95.63766479492188
srv-010,2017-06-14 12:00:00,95.68185424804688
srv-010,2017-06-14 13:00:00,95.54695892333984
srv-010,2017-06-14 14:00:00,95.25440216064453
srv-010,2017-06-14 15:00:00,94.9272232055664
srv-010,2017-06-14 16:00:00,94.70182037353516
srv-010,2017-06-14 17:00:00,93.57555389404297
srv-010,2017-06-14 18:00:00,94.83844757080078
srv-010,2017-06-14 19:00:00,94.6398696899414
srv-010,2017-06-14 20:00:00,93.84601593017578
srv-010,2017-06-14 21:00:00,93.4809799194336
srv-010,2017-06-14 22:00:00,93.80058288574219
srv-010,2017-06-14 23:00:00,89.04251861572266
srv-010,2017-06-15 00:00:00,87.9330062866211
srv-010,2017-06-15 01:00:00,86.97235107421875
srv-010,2017-06-15 02:00:00,88.25128936767578
srv-010,2017-06-15 03:00:00,86.6284408569336
srv-010,2017-06-15 04:00:00,85.51703643798828
srv-010,2017-06-15 05:00:00,86.30541229248047
srv-010,2017-06-15 06:00:00,86.39981842041016
srv-010,2017-06-15 07:00:00,88.08805847167969
srv-010,2017-06-15 08:00:00,89.42477416992188
srv-010,2017-06-15 09:00:00,88.41535186767578
srv-010,2017-06-15 10:00:00,90.19232940673828
srv-010,2017-06-15 11:00:00,92.61821746826172
srv-010,2017-06-15 12:00:00,92.56803131103516
srv-010,2017-06-15 13:00:00,94.94117736816406
srv-010,2017-06-15 14:00:00,95.3759765625
srv-010,2017-06-15 15:00:00,95.18920135498047
srv-010,2017-06-15 16:00:00,95.03787994384766
srv-010,2017-06-15 17:00:00,94.23741912841797
srv-010,2017-06-15 18:00:00,88.93333435058594
srv-010,2017-06-15 19:00:00,86.26049041748047
srv-010,2017-06-15 20:00:00,85.1800537109375
srv-010,2017-06-15 21:00:00,86.24137878417969
srv-010,2017-06-15 22:00:00,82.24140167236328
srv-010,2017-06-15 23:00:00,82.1982421875
srv-010,2017-06-16 00:00:00,83.44869232177734
srv-010,2017-06-16 01:00:00,83.613037109375
srv-010,2017-06-16 02:00:00,84.94644927978516
srv-010,2017-06-16 03:00:00,82.40801239013672
srv-010,2017-06-16 04:00:00,81.77887725830078
srv-010,2017-06-16 05:00:00,79.9098129272461
srv-010,2017-06-16 06:00:00,82.60530090332031
srv-010,2017-06-16 07:00:00,77.80963134765625
srv-010,2017-06-16 08:00:00,83.06964111328125
srv-010,2017-06-16 09:00:00,80.5739974975586
srv-010,2017-06-16 10:00:00,82.779541015625
srv-010,2017-06-16 11:00:00,82.59464263916016
srv-010,2017-06-16 12:00:00,84.98210906982422
srv-010,2017-06-16 13:00:00,80.91827392578125
srv-010,2017-06-16 14:00:00,80.09601593017578
srv-010,2017-06-16 15:00:00,81.90470123291016
srv-010,2017-06-16 16:00:00,80.61644744873047
srv-010,2017-06-16 17:00:00,80.2883071899414
srv-010,2017-06-16 18:00:00,79.09087371826172
srv-010,2017-06-16 19:00:00,78.70211791992188
srv-010,2017-06-16 20:00:00,76.21754455566406
srv-010,2017-06-16 21:00:00,74.2495346069336
srv-010,2017-06-16 22:00:00,69.60829162597656
srv-010,2017-06-16 23:00:00,68.69165802001953
srv-010,2017-06-17 00:00:00,76.61834716796875
srv-010,2017-06-17 01:00:00,76.23493194580078
srv-010,2017-06-17 02:00:00,75.60839080810547
srv-010,2017-06-17 03:00:00,75.87362670898438
srv-010,2017-06-17 04:00:00,75.09294891357422
srv-010,2017-06-17 05:00:00,78.12108612060547
srv-010,2017-06-17 06:00:00,74.3595199584961
srv-010,2017-06-17 07:00:00,77.30469512939453
srv-010,2017-06-17 08:00:00,77.07898712158203
srv-010,2017-06-17 09:00:00,79.52898406982422
srv-010,2017-06-17 10:00:00,81.64594268798828
srv-010,2017-06-17 11:00:00,83.8462905883789
srv-010,2017-06-17 12:00:00,84.23526763916016
srv-010,2017-06-17 13:00:00,85.35277557373047
srv-010,2017-06-17 14:00:00,85.99349212646484
srv-010,2017-06-17 15:00:00,83.01355743408203
srv-010,2017-06-17 16:00:00,81.00402069091797
srv-010,2017-06-17 17:00:00,79.49037170410156
srv-010,2017-06-17 18:00:00,80.14541625976562
srv-010,2017-06-17 19:00:00,78.88638305664062
srv-010,2017-06-17 20:00:00,77.45597076416016
srv-010,2017-06-17 21:00:00,74.74243927001953
srv-010,2017-06-17 22:00:00,71.24803161621094
srv-010,2017-06-17 23:00:00,72.839111328125
srv-010,2017-06-18 00:00:00,74.62772369384766
srv-010,2017-06-18 01:00:00,73.09087371826172
srv-010,2017-06-18 02:00:00,78.36284637451172
srv-010,2017-06-18 03:00:00,77.7358627319336
srv-010,2017-06-18 04:00:00,75.10941314697266
srv-010,2017-06-18 05:00:00,76.76336669921875
srv-010,2017-06-18 06:00:00,74.84927368164062
srv-010,2017-06-18 07:00:00,73.7680435180664
srv-010,2017-06-18 08:00:00,79.65135955810547
srv-010,2017-06-18 09:00:00,77.65579986572266
srv-010,2017-06-18 10:00:00,82.60379028320312
srv-010,2017-06-18 11:00:00,80.03173065185547
srv-010,2017-06-18 12:00:00,82.39079284667969
srv-010,2017-06-18 13:00:00,82.2316665649414
srv-010,2017-06-18 14:00:00,82.69169616699219
srv-010,2017-06-18 15:00:00,82.44869232177734
srv-010,2017-06-18 16:00:00,79.21993255615234
srv-010,2017-06-18 17:00:00,77.82799530029297
srv-010,2017-06-18 18:00:00,81.52430725097656
srv-010,2017-06-18 19:00:00,78.1704330444336
srv-010,2017-06-18 20:00:00,74.10053253173828
srv-010,2017-06-18 21:00:00,75.01494598388672
srv-010,2017-06-18 22:00:00,70.61518096923828
srv-010,2017-06-18 23:00:00,71.1781234741211
srv-010,2017-06-19 00:00:00,69.09220886230469
srv-010,2017-06-19 01:00:00,67.51544952392578
srv-010,2017-06-19 02:00:00,70.8900375366211
srv-010,2017-06-19 03:00:00,73.96652221679688
srv-010,2017-06-19 04:00:00,75.24065399169922
srv-010,2017-06-19 05:00:00,78.39737701416016
srv-010,2017-06-19 06:00:00,76.71224212646484
srv-010,2017-06-19 07:00:00,77.99073028564453
srv-010,2017-06-19 08:00:00,81.87213134765625
srv-010,2017-06-19 09:00:00,83.99169921875
srv-010,2017-06-19 10:00:00,88.13786315917969
srv-010,2017-06-19 11:00:00,87.6812515258789
srv-010,2017-06-19 12:00:00,85.90348815917969
srv-010,2017-06-19 13:00:00,87.25812530517578
srv-010,2017-06-19 14:00:00,84.96869659423828
srv-010,2017-06-19 15:00:00,86.95881652832031
srv-010,2017-06-19 16:00:00,86.70880889892578
srv-010,2017-06-19 17:00:00,83.01521301269531
srv-010,2017-06-19 18:00:00,84.20977020263672
srv-010,2017-06-19 19:00:00,79.61114501953125
srv-010,2017-06-19 20:00:00,79.15105438232422
srv-010,2017-06-19 21:00:00,81.71642303466797
srv-010,2017-06-19 22:00:00,80.56951904296875
srv-010,2017-06-19 23:00:00,81.6202163696289
srv-010,2017-06-20 00:00:00,81.93791961669922
srv-010,2017-06-20 01:00:00,82.50791931152344
srv-010,2017-06-20 02:00:00,84.67504119873047
srv-010,2017-06-20 03:00:00,86.01604461669922
srv-010,2017-06-20 04:00:00,88.94052124023438
srv-010,2017-06-20 05:00:00,87.50601959228516
srv-010,2017-06-20 06:00:00,86.92439270019531
srv-010,2017-06-20 07:00:00,85.56671905517578
srv-010,2017-06-20 08:00:00,88.0478744506836
srv-010,2017-06-20 09:00:00,89.92658996582031
srv-010,2017-06-20 10:00:00,90.95047760009766
srv-010,2017-06-20 11:00:00,93.84040069580078
srv-010,2017-06-20 12:00:00,95.13968658447266
srv-010,2017-06-20 13:00:00,94.78536224365234
srv-010,2017-06-20 14:00:00,93.7029800415039
srv-010,2017-06-20 15:00:00,93.53223419189453
srv-010,2017-06-20 16:00:00,93.78266143798828
srv-010,2017-06-20 17:00:00,93.70408630371094
srv-010,2017-06-20 18:00:00,93.4183120727539
srv-010,2017-06-20 19:00:00,93.92932891845703
srv-010,2017-06-20 20:00:00,93.11392974853516
srv-010,2017-06-20 21:00:00,91.1361312866211
srv-010,2017-06-20 22:00:00,89.96627044677734
srv-010,2017-06-20 23:00:00,87.80288696289062
srv-010,2017-06-21 00:00:00,88.14069366455078
srv-010,2017-06-21 01:00:00,89.29134368896484
srv-010,2017-06-21 02:00:00,89.91749572753906
srv-010,2017-06-21 03:00:00,92.09840393066406
srv-010,2017-06-21 04:00:00,92.95795440673828
srv-010,2017-06-21 05:00:00,93.45528411865234
srv-010,2017-06-21 06:00:00,93.9848403930664
srv-010,2017-06-21 07:00:00,92.33516693115234
srv-010,2017-06-21 08:00:00,94.6022720336914
srv-010,2017-06-21 09:00:00,94.60770416259766
srv-010,2017-06-21 10:00:00,95.73163604736328
srv-010,2017-06-21 11:00:00,96.18817901611328
srv-010,2017-06-21 12:00:00,96.2251968383789
srv-010,2017-06-21 13:00:00,95.55199432373047
srv-010,2017-06-21 14:00:00,95.48421478271484
srv-010,2017-06-21 15:00:00,95.11676025390625
srv-010,2017-06-21 16:00:00,94.4142837524414
srv-010,2017-06-21 17:00:00,93.9730224609375
srv-010,2017-06-21 18:00:00,93.74471282958984
srv-010,2017-06-21 19:00:00,93.91700744628906
srv-010,2017-06-21 20:00:00,93.97025299072266
srv-010,2017-06-21 21:00:00,90.78303527832031
srv-010,2017-06-21 22:00:00,88.93278503417969
srv-010,2017-06-21 23:00:00,90.26275634765625
srv-010,2017-06-22 00:00:00,89.5053482055664
srv-010,2017-06-22 01:00:00,89.02568817138672
srv-010,2017-06-22 02:00:00,89.35440063476562
srv-010,2017-06-22 03:00:00,89.96177673339844
srv-010,2017-06-22 04:00:00,88.00072479248047
srv-010,2017-06-22 05:00:00,88.80620574951172
srv-010,2017-06-22 06:00:00,88.00041961669922
srv-010,2017-06-22 07:00:00,88.2298355102539
srv-010,2017-06-22 08:00:00,92.2161636352539
srv-010,2017-06-22 09:00:00,94.04627227783203
srv-010,2017-06-22 10:00:00,95.45452117919922
srv-010,2017-06-22 11:00:00,95.57239532470703
srv-010,2017-06-22 12:00:00,95.65787506103516
srv-010,2017-06-22 13:00:00,95.24846649169922
srv-010,2017-06-22 14:00:00,94.87361145019531
srv-010,2017-06-22 15:00:00,93.92293548583984
srv-010,2017-06-22 16:00:00,93.5457534790039
srv-010,2017-06-22 17:00:00,93.8162612915039
srv-010,2017-06-22 18:00:00,93.51773071289062
srv-010,2017-06-22 19:00:00,91.3258056640625
srv-010,2017-06-22 20:00:00,86.5884017944336
srv-010,2017-06-22 21:00:00,86.87776947021484
srv-010,2017-06-22 22:00:00,84.96234893798828
srv-010,2017-06-22 23:00:00,83.97089385986328
srv-010,2017-06-23 00:00:00,81.9520492553711
srv-010,2017-06-23 01:00:00,83.71593475341797
srv-010,2017-06-23 02:00:00,79.44806671142578
srv-010,2017-06-23 03:00:00,81.95525360107422
srv-010,2017-06-23 04:00:00,81.88775634765625
srv-010,2017-06-23 05:00:00,81.01323699951172
srv-010,2017-06-23 06:00:00,81.66423797607422
srv-010,2017-06-23 07:00:00,82.37317657470703
srv-010,2017-06-23 08:00:00,84.57136535644531
srv-010,2017-06-23 09:00:00,83.36134338378906
srv-010,2017-06-23 10:00:00,86.65593719482422
srv-010,2017-06-23 11:00:00,85.40508270263672
srv-010,2017-06-23 12:00:00,85.62952423095703
srv-010,2017-06-23 13:00:00,86.78889465332031
srv-010,2017-06-23 14:00:00,87.0556869506836
srv-010,2017-06-23 15:00:00,83.07518768310547
srv-010,2017-06-23 16:00:00,79.7364501953125
srv-010,2017-06-23 17:00:00,79.90155792236328
srv-010,2017-06-23 18:00:00,79.52567291259766
srv-010,2017-06-23 19:00:00,73.78516387939453
srv-010,2017-06-23 20:00:00,73.50755310058594
srv-010,2017-06-23 21:00:00,70.41244506835938
srv-010,2017-06-23 22:00:00,72.4340591430664
srv-010,2017-06-23 23:00:00,70.78783416748047
srv-010,2017-06-24 00:00:00,75.7258529663086
srv-010,2017-06-24 01:00:00,74.11299896240234
srv-010,2017-06-24 02:00:00,77.4817123413086
srv-010,2017-06-24 03:00:00,78.45101165771484
srv-010,2017-06-24 04:00:00,77.24993896484375
srv-010,2017-06-24 05:00:00,76.9437484741211
srv-010,2017-06-24 06:00:00,80.2547607421875
srv-010,2017-06-24 07:00:00,77.94357299804688
srv-010,2017-06-24 08:00:00,80.97364807128906
srv-010,2017-06-24 09:00:00,78.73468780517578
srv-010,2017-06-24 10:00:00,80.8722915649414
srv-010,2017-06-24 11:00:00,81.46045684814453
srv-010,2017-06-24 12:00:00,81.7917251586914
srv-010,2017-06-24 13:00:00,84.45636749267578
srv-010,2017-06-24 14:00:00,81.1707992553711
srv-010,2017-06-24 15:00:00,83.15515899658203
srv-010,2017-06-24 16:00:00,82.40251922607422
srv-010,2017-06-24 17:00:00,83.23558807373047
srv-010,2017-06-24 18:00:00,80.6797103881836
srv-010,2017-06-24 19:00:00,80.20780181884766
srv-010,2017-06-24 20:00:00,76.81100463867188
srv-010,2017-06-24 21:00:00,75.73294830322266
srv-010,2017-06-24 22:00:00,72.84004974365234
srv-010,2017-06-24 23:00:00,75.44429779052734
srv-010,2017-06-25 00:00:00,73.23778533935547
srv-010,2017-06-25 01:00:00,74.94088745117188
srv-010,2017-06-25 02:00:00,75.02464294433594
srv-010,2017-06-25 03:00:00,76.37397003173828
srv-010,2017-06-25 04:00:00,75.93616485595703
srv-010,2017-06-25 05:00:00,76.70684051513672
srv-010,2017-06-25 06:00:00,71.8846664428711
srv-010,2017-06-25 07:00:00,74.79084777832031
srv-010,2017-06-25 08:00:00,79.2919692993164
srv-010,2017-06-25 09:00:00,76.6657943725586
srv-010,2017-06-25 10:00:00,81.86004638671875
srv-010,2017-06-25 11:00:00,81.39110565185547
srv-010,2017-06-25 12:00:00,80.32305145263672
srv-010,2017-06-25 13:00:00,78.18284606933594
srv-010,2017-06-25 14:00:00,82.54862213134766
srv-010,2017-06-25 15:00:00,81.53369903564453
srv-010,2017-06-25 16:00:00,82.7315444946289
srv-010,2017-06-25 17:00:00,76.88028717041016
srv-010,2017-06-25 18:00:00,78.53478240966797
srv-010,2017-06-25 19:00:00,74.82655334472656
srv-010,2017-06-25 20:00:00,72.41297912597656
srv-010,2017-06-25 21:00:00,71.90109252929688
srv-010,2017-06-25 22:00:00,68.89411163330078
srv-010,2017-06-25 23:00:00,69.7972640991211
srv-010,2017-06-26 00:00:00,69.19701385498047
srv-010,2017-06-26 01:00:00,66.0699462890625
srv-010,2017-06-26 02:00:00,71.64740753173828
srv-010,2017-06-26 03:00:00,71.27075958251953
srv-010,2017-06-26 04:00:00,76.48951721191406
srv-010,2017-06-26 05:00:00,77.98701477050781
srv-010,2017-06-26 06:00:00,76.89405059814453
srv-010,2017-06-26 07:00:00,80.33293151855469
srv-010,2017-06-26 08:00:00,83.15462493896484
srv-010,2017-06-26 09:00:00,84.41854858398438
srv-010,2017-06-26 10:00:00,85.91016387939453
srv-010,2017-06-26 11:00:00,86.46161651611328
srv-010,2017-06-26 12:00:00,87.8222885131836
srv-010,2017-06-26 13:00:00,84.72267150878906
srv-010,2017-06-26 14:00:00,84.57134246826172
srv-010,2017-06-26 15:00:00,85.1861343383789
srv-010,2017-06-26 16:00:00,84.48430633544922
srv-010,2017-06-26 17:00:00,85.12240600585938
srv-010,2017-06-26 18:00:00,82.27995300292969
srv-010,2017-06-26 19:00:00,82.38496398925781
srv-010,2017-06-26 20:00:00,81.8224868774414
srv-010,2017-06-26 21:00:00,81.58077239990234
srv-010,2017-06-26 22:00:00,81.35321044921875
srv-010,2017-06-26 23:00:00,77.3643569946289
srv-010,2017-06-27 00:00:00,81.60396575927734
srv-010,2017-06-27 01:00:00,82.05315399169922
srv-010,2017-06-27 02:00:00,84.27948760986328
srv-010,2017-06-27 03:00:00,84.84394073486328
srv-010,2017-06-27 04:00:00,85.30584716796875
srv-010,2017-06-27 05:00:00,85.75971221923828
srv-010,2017-06-27 06:00:00,86.89273071289062
srv-010,2017-06-27 07:00:00,89.37213897705078
srv-010,2017-06-27 08:00:00,92.38728332519531
srv-010,2017-06-27 09:00:00,92.6796875
srv-010,2017-06-27 10:00:00,94.01453399658203
srv-010,2017-06-27 11:00:00,92.99591064453125
srv-010,2017-06-27 12:00:00,93.511962890625
srv-010,2017-06-27 13:00:00,93.87972259521484
srv-010,2017-06-27 14:00:00,94.0181655883789
srv-010,2017-06-27 15:00:00,93.86243438720703
srv-010,2017-06-27 16:00:00,93.1970443725586
srv-010,2017-06-27 17:00:00,93.2590560913086
srv-010,2017-06-27 18:00:00,92.4588623046875
srv-010,2017-06-27 19:00:00,90.53279876708984
srv-010,2017-06-27 20:00:00,90.65840911865234
srv-010,2017-06-27 21:00:00,89.93730926513672
srv-010,2017-06-27 22:00:00,91.6622543334961
srv-010,2017-06-27 23:00:00,90.49846649169922
srv-010,2017-06-28 00:00:00,87.76900482177734
srv-010,2017-06-28 01:00:00,90.27440643310547
srv-010,2017-06-28 02:00:00,90.5604019165039
srv-010,2017-06-28 03:00:00,92.10070037841797
srv-010,2017-06-28 04:00:00,92.72858428955078
srv-010,2017-06-28 05:00:00,89.8467025756836
srv-010,2017-06-28 06:00:00,90.16645812988281
srv-010,2017-06-28 07:00:00,88.71302795410156
srv-010,2017-06-28 08:00:00,92.54199981689453
srv-010,2017-06-28 09:00:00,91.35657501220703
srv-010,2017-06-28 10:00:00,94.31539154052734
srv-010,2017-06-28 11:00:00,94.9815673828125
srv-010,2017-06-28 12:00:00,95.8705825805664
srv-010,2017-06-28 13:00:00,95.6480941772461
srv-010,2017-06-28 14:00:00,95.15274810791016
srv-010,2017-06-28 15:00:00,94.8532485961914
srv-010,2017-06-28 16:00:00,94.40375518798828
srv-010,2017-06-28 17:00:00,93.2835922241211
srv-010,2017-06-28 18:00:00,94.2306137084961
srv-010,2017-06-28 19:00:00,93.35445404052734
srv-010,2017-06-28 20:00:00,91.64300537109375
srv-010,2017-06-28 21:00:00,92.45525360107422
srv-010,2017-06-28 22:00:00,89.8074722290039
srv-010,2017-06-28 23:00:00,92.75360870361328
srv-010,2017-06-29 00:00:00,90.01972961425781
srv-010,2017-06-29 01:00:00,88.06477355957031
srv-010,2017-06-29 02:00:00,89.28422546386719
srv-010,2017-06-29 03:00:00,87.73772430419922
srv-010,2017-06-29 04:00:00,88.20240020751953
srv-010,2017-06-29 05:00:00,89.40367126464844
srv-010,2017-06-29 06:00:00,88.68401336669922
srv-010,2017-06-29 07:00:00,87.38068389892578
srv-010,2017-06-29 08:00:00,91.17264556884766
srv-010,2017-06-29 09:00:00,91.27751159667969
srv-010,2017-06-29 10:00:00,94.83267974853516
srv-010,2017-06-29 11:00:00,91.18280792236328
srv-010,2017-06-29 12:00:00,92.68878936767578
srv-010,2017-06-29 13:00:00,92.05774688720703
srv-010,2017-06-29 14:00:00,88.97730255126953
srv-010,2017-06-29 15:00:00,90.19261169433594
srv-010,2017-06-29 16:00:00,92.48167419433594
srv-010,2017-06-29 17:00:00,89.1639175415039
srv-010,2017-06-29 18:00:00,88.92928314208984
srv-010,2017-06-29 19:00:00,89.40985870361328
srv-010,2017-06-29 20:00:00,86.30857849121094
srv-010,2017-06-29 21:00:00,86.15245819091797
srv-010,2017-06-29 22:00:00,84.1529541015625
srv-010,2017-06-29 23:00:00,84.7906265258789
srv-010,2017-06-30 00:00:00,81.49744415283203
srv-010,2017-06-30 01:00:00,81.83971405029297
srv-010,2017-06-30 02:00:00,82.16905975341797
srv-010,2017-06-30 03:00:00,82.12427520751953
srv-010,2017-06-30 04:00:00,82.4384765625
srv-010,2017-06-30 05:00:00,83.52373504638672
srv-010,2017-06-30 06:00:00,77.0743408203125
srv-010,2017-06-30 07:00:00,79.83965301513672
srv-010,2017-06-30 08:00:00,83.43413543701172
srv-010,2017-06-30 09:00:00,79.70426940917969
srv-010,2017-06-30 10:00:00,82.02275848388672
srv-010,2017-06-30 11:00:00,85.27437591552734
srv-010,2017-06-30 12:00:00,86.64261627197266
srv-010,2017-06-30 13:00:00,79.37272644042969
srv-010,2017-06-30 14:00:00,77.12568664550781
srv-010,2017-06-30 15:00:00,78.27147674560547
srv-010,2017-06-30 16:00:00,79.0710220336914
srv-010,2017-06-30 17:00:00,80.22441864013672
srv-010,2017-06-30 18:00:00,80.86747741699219
srv-010,2017-06-30 19:00:00,76.68946075439453
srv-010,2017-06-30 20:00:00,75.9953384399414
srv-010,2017-06-30 21:00:00,74.31656646728516
srv-010,2017-06-30 22:00:00,73.23957061767578
srv-010,2017-06-30 23:00:00,69.53602600097656
