server_id,timestamp,predicted_cpu_utilization
srv-001,2017-06-01 23:00:00,45.093662
srv-001,2017-06-02 00:00:00,45.96912
srv-001,2017-06-02 01:00:00,46.62942
srv-001,2017-06-02 02:00:00,46.680866
srv-001,2017-06-02 03:00:00,45.085304
srv-001,2017-06-02 04:00:00,43.416958
srv-001,2017-06-02 05:00:00,43.9745
srv-001,2017-06-02 06:00:00,43.289986
srv-001,2017-06-02 07:00:00,39.6616
srv-001,2017-06-02 08:00:00,41.86464
srv-001,2017-06-02 09:00:00,49.420025
srv-001,2017-06-02 10:00:00,47.349064
srv-001,2017-06-02 11:00:00,45.6215
srv-001,2017-06-02 12:00:00,47.082077
srv-001,2017-06-02 13:00:00,47.734116
srv-001,2017-06-02 14:00:00,49.892155
srv-001,2017-06-02 15:00:00,44.71165
srv-001,2017-06-02 16:00:00,45.9747
srv-001,2017-06-02 17:00:00,45.609547
srv-001,2017-06-02 18:00:00,42.82259
srv-001,2017-06-02 19:00:00,41.549065
srv-001,2017-06-02 20:00:00,43.41363
srv-001,2017-06-02 21:00:00,41.839848
srv-001,2017-06-02 22:00:00,36.786793
srv-001,2017-06-02 23:00:00,38.74201
srv-001,2017-06-03 00:00:00,41.351
srv-001,2017-06-03 01:00:00,41.150856
srv-001,2017-06-03 02:00:00,40.73453
srv-001,2017-06-03 03:00:00,39.95747
srv-001,2017-06-03 04:00:00,42.966106
srv-001,2017-06-03 05:00:00,4.60382
srv-001,2017-06-03 06:00:00,37.835915
srv-001,2017-06-03 07:00:00,39.65883
srv-001,2017-06-03 08:00:00,40.795002
srv-001,2017-06-03 09:00:00,45.604214
srv-001,2017-06-03 10:00:00,47.050636
srv-001,2017-06-03 11:00:00,44.50332
srv-001,2017-06-03 12:00:00,51.40176
srv-001,2017-06-03 13:00:00,78.435265
srv-001,2017-06-03 14:00:00,51.349426
srv-001,2017-06-03 15:00:00,48.135757
srv-001,2017-06-03 16:00:00,47.77695
srv-001,2017-06-03 17:00:00,47.32199
srv-001,2017-06-03 18:00:00,47.775124
srv-001,2017-06-03 19:00:00,46.99804
srv-001,2017-06-03 20:00:00,46.6418
srv-001,2017-06-03 21:00:00,41.556976
srv-001,2017-06-03 22:00:00,39.15266
srv-001,2017-06-03 23:00:00,39.97169
srv-001,2017-06-04 00:00:00,41.816322
srv-001,2017-06-04 01:00:00,39.943886
srv-001,2017-06-04 02:00:00,42.22659
srv-001,2017-06-04 03:00:00,44.71241
srv-001,2017-06-04 04:00:00,39.954144
srv-001,2017-06-04 05:00:00,37.596085
srv-001,2017-06-04 06:00:00,37.94287
srv-001,2017-06-04 07:00:00,41.149536
srv-001,2017-06-04 08:00:00,39.962643
srv-001,2017-06-04 09:00:00,45.095966
srv-001,2017-06-04 10:00:00,46.28406
srv-001,2017-06-04 11:00:00,46.23831
srv-001,2017-06-04 12:00:00,42.51584
srv-001,2017-06-04 13:00:00,40.7397
srv-001,2017-06-04 14:00:00,43.38953
srv-001,2017-06-04 15:00:00,38.736664
srv-001,2017-06-04 16:00:00,43.412285
srv-001,2017-06-04 17:00:00,42.83907
srv-001,2017-06-04 18:00:00,50.42112
srv-001,2017-06-04 19:00:00,51.800694
srv-001,2017-06-04 20:00:00,47.716644
srv-001,2017-06-04 21:00:00,43.33712
srv-001,2017-06-04 22:00:00,44.72569
srv-001,2017-06-04 23:00:00,47.027485
srv-001,2017-06-05 00:00:00,36.804672
srv-001,2017-06-05 01:00:00,32.565063
srv-001,2017-06-05 02:00:00,33.1745
srv-001,2017-06-05 03:00:00,36.6243
srv-001,2017-06-05 04:00:00,38.463753
srv-001,2017-06-05 05:00:00,41.30608
srv-001,2017-06-05 06:00:00,37.40595
srv-001,2017-06-05 07:00:00,34.47635
srv-001,2017-06-05 08:00:00,39.636547
srv-001,2017-06-05 09:00:00,39.967697
srv-001,2017-06-05 10:00:00,37.40431
srv-001,2017-06-05 11:00:00,41.814827
srv-001,2017-06-05 12:00:00,46.24631
srv-001,2017-06-05 13:00:00,47.013344
srv-001,2017-06-05 14:00:00,46.301693
srv-001,2017-06-05 15:00:00,46.6533
srv-001,2017-06-05 16:00:00,45.626293
srv-001,2017-06-05 17:00:00,42.53319
srv-001,2017-06-05 18:00:00,41.84143
srv-001,2017-06-05 19:00:00,43.973557
srv-001,2017-06-05 20:00:00,45.972775
srv-001,2017-06-05 21:00:00,44.48854
srv-001,2017-06-05 22:00:00,42.22098
srv-001,2017-06-05 23:00:00,42.9319
srv-001,2017-06-06 00:00:00,38.774372
srv-001,2017-06-06 01:00:00,42.021652
srv-001,2017-06-06 02:00:00,47.378597
srv-001,2017-06-06 03:00:00,43.408924
srv-001,2017-06-06 04:00:00,43.39693
srv-001,2017-06-06 05:00:00,45.99691
srv-001,2017-06-06 06:00:00,49.887802
srv-001,2017-06-06 07:00:00,49.87649
srv-001,2017-06-06 08:00:00,48.601913
srv-001,2017-06-06 09:00:00,45.93698
srv-001,2017-06-06 10:00:00,49.888718
srv-001,2017-06-06 11:00:00,57.597603
srv-001,2017-06-06 12:00:00,57.653324
srv-001,2017-06-06 13:00:00,57.133144
srv-001,2017-06-06 14:00:00,57.567028
srv-001,2017-06-06 15:00:00,57.180122
srv-001,2017-06-06 16:00:00,54.437763
srv-001,2017-06-06 17:00:00,56.070614
srv-001,2017-06-06 18:00:00,55.49783
srv-001,2017-06-06 19:00:00,53.83007
srv-001,2017-06-06 20:00:00,51.369484
srv-001,2017-06-06 21:00:00,53.30226
srv-001,2017-06-06 22:00:00,54.40876
srv-001,2017-06-06 23:00:00,52.277306
srv-001,2017-06-07 00:00:00,54.414078
srv-001,2017-06-07 01:00:00,52.340668
srv-001,2017-06-07 02:00:00,50.45283
srv-001,2017-06-07 03:00:00,49.373547
srv-001,2017-06-07 04:00:00,46.291325
srv-001,2017-06-07 05:00:00,49.863003
srv-001,2017-06-07 06:00:00,46.623463
srv-001,2017-06-07 07:00:00,48.17532
srv-001,2017-06-07 08:00:00,45.658897
srv-001,2017-06-07 09:00:00,50.42517
srv-001,2017-06-07 10:00:00,53.824387
srv-001,2017-06-07 11:00:00,55.511467
srv-001,2017-06-07 12:00:00,54.445366
srv-001,2017-06-07 13:00:00,53.883083
srv-001,2017-06-07 14:00:00,57.184586
srv-001,2017-06-07 15:00:00,56.58031
srv-001,2017-06-07 16:00:00,57.64278
srv-001,2017-06-07 17:00:00,54.444843
srv-001,2017-06-07 18:00:00,54.986324
srv-001,2017-06-07 19:00:00,57.161427
srv-001,2017-06-07 20:00:00,57.59927
srv-001,2017-06-07 21:00:00,52.848312
srv-001,2017-06-07 22:00:00,53.369286
srv-001,2017-06-07 23:00:00,51.863842
srv-001,2017-06-08 00:00:00,51.83682
srv-001,2017-06-08 01:00:00,50.977783
srv-001,2017-06-08 02:00:00,50.427612
srv-001,2017-06-08 03:00:00,51.324245
srv-001,2017-06-08 04:00:00,48.55773
srv-001,2017-06-08 05:00:00,47.015495
srv-001,2017-06-08 06:00:00,44.87631
srv-001,2017-06-08 07:00:00,45.068035
srv-001,2017-06-08 08:00:00,45.08427
srv-001,2017-06-08 09:00:00,49.377186
srv-001,2017-06-08 10:00:00,49.91496
srv-001,2017-06-08 11:00:00,53.831833
srv-001,2017-06-08 12:00:00,54.96449
srv-001,2017-06-08 13:00:00,50.504494
srv-001,2017-06-08 14:00:00,53.868305
srv-001,2017-06-08 15:00:00,56.06234
srv-001,2017-06-08 16:00:00,51.857586
srv-001,2017-06-08 17:00:00,52.33356
srv-001,2017-06-08 18:00:00,48.58693
srv-001,2017-06-08 19:00:00,48.230762
srv-001,2017-06-08 20:00:00,45.09382
srv-001,2017-06-08 21:00:00,39.364765
srv-001,2017-06-08 22:00:00,40.75167
srv-001,2017-06-08 23:00:00,42.000263
srv-001,2017-06-09 00:00:00,42.01416
srv-001,2017-06-09 01:00:00,39.966015
srv-001,2017-06-09 02:00:00,40.504326
srv-001,2017-06-09 03:00:00,42.21506
srv-001,2017-06-09 04:00:00,42.420105
srv-001,2017-06-09 05:00:00,42.949677
srv-001,2017-06-09 06:00:00,41.152508
srv-001,2017-06-09 07:00:00,46.631817
srv-001,2017-06-09 08:00:00,42.539425
srv-001,2017-06-09 09:00:00,45.56923
srv-001,2017-06-09 10:00:00,49.436546
srv-001,2017-06-09 11:00:00,50.40731
srv-001,2017-06-09 12:00:00,49.03057
srv-001,2017-06-09 13:00:00,47.013123
srv-001,2017-06-09 14:00:00,49.371143
srv-001,2017-06-09 15:00:00,44.331734
srv-001,2017-06-09 16:00:00,41.584484
srv-001,2017-06-09 17:00:00,40.73809
srv-001,2017-06-09 18:00:00,43.424515
srv-001,2017-06-09 19:00:00,42.22296
srv-001,2017-06-09 20:00:00,38.729496
srv-001,2017-06-09 21:00:00,35.698906
srv-001,2017-06-09 22:00:00,34.532772
srv-001,2017-06-09 23:00:00,33.428787
srv-001,2017-06-10 00:00:00,40.77092
srv-001,2017-06-10 01:00:00,37.04246
srv-001,2017-06-10 02:00:00,42.02516
srv-001,2017-06-10 03:00:00,43.301624
srv-001,2017-06-10 04:00:00,44.47547
srv-001,2017-06-10 05:00:00,41.319893
srv-001,2017-06-10 06:00:00,40.18599
srv-001,2017-06-10 07:00:00,38.740906
srv-001,2017-06-10 08:00:00,38.744465
srv-001,2017-06-10 09:00:00,42.837975
srv-001,2017-06-10 10:00:00,47.74784
srv-001,2017-06-10 11:00:00,44.883297
srv-001,2017-06-10 12:00:00,45.062702
srv-001,2017-06-10 13:00:00,45.61962
srv-001,2017-06-10 14:00:00,42.535007
srv-001,2017-06-10 15:00:00,45.30473
srv-001,2017-06-10 16:00:00,43.09177
srv-001,2017-06-10 17:00:00,42.39648
srv-001,2017-06-10 18:00:00,40.527115
srv-001,2017-06-10 19:00:00,37.969704
srv-001,2017-06-10 20:00:00,39.38198
srv-001,2017-06-10 21:00:00,36.78545
srv-001,2017-06-10 22:00:00,36.62831
srv-001,2017-06-10 23:00:00,35.574787
srv-001,2017-06-11 00:00:00,37.593407
srv-001,2017-06-11 01:00:00,42.214474
srv-001,2017-06-11 02:00:00,41.148346
srv-001,2017-06-11 03:00:00,42.520107
srv-001,2017-06-11 04:00:00,37.58608
srv-001,2017-06-11 05:00:00,38.448578
srv-001,2017-06-11 06:00:00,35.76033
srv-001,2017-06-11 07:00:00,36.016113
srv-001,2017-06-11 08:00:00,36.532066
srv-001,2017-06-11 09:00:00,43.08692
srv-001,2017-06-11 10:00:00,47.041954
srv-001,2017-06-11 11:00:00,48.174126
srv-001,2017-06-11 12:00:00,44.348164
srv-001,2017-06-11 13:00:00,45.320072
srv-001,2017-06-11 14:00:00,47.012615
srv-001,2017-06-11 15:00:00,47.384922
srv-001,2017-06-11 16:00:00,41.86535
srv-001,2017-06-11 17:00:00,40.1848
srv-001,2017-06-11 18:00:00,40.725914
srv-001,2017-06-11 19:00:00,41.84683
srv-001,2017-06-11 20:00:00,36.630703
srv-001,2017-06-11 21:00:00,35.758118
srv-001,2017-06-11 22:00:00,37.932007
srv-001,2017-06-11 23:00:00,40.746826
srv-001,2017-06-12 00:00:00,38.46973
srv-001,2017-06-12 01:00:00,39.361027
srv-001,2017-06-12 02:00:00,36.635475
srv-001,2017-06-12 03:00:00,32.2997
srv-001,2017-06-12 04:00:00,33.50596
srv-001,2017-06-12 05:00:00,28.51014
srv-001,2017-06-12 06:00:00,24.134
srv-001,2017-06-12 07:00:00,36.516613
srv-001,2017-06-12 08:00:00,45.33298
srv-001,2017-06-12 09:00:00,47.068398
srv-001,2017-06-12 10:00:00,46.240307
srv-001,2017-06-12 11:00:00,47.38399
srv-001,2017-06-12 12:00:00,52.784397
srv-001,2017-06-12 13:00:00,49.384777
srv-001,2017-06-12 14:00:00,53.834713
srv-001,2017-06-12 15:00:00,51.366383
srv-001,2017-06-12 16:00:00,53.377262
srv-001,2017-06-12 17:00:00,47.413315
srv-001,2017-06-12 18:00:00,48.165863
srv-001,2017-06-12 19:00:00,44.483913
srv-001,2017-06-12 20:00:00,42.010136
srv-001,2017-06-12 21:00:00,41.579666
srv-001,2017-06-12 22:00:00,45.358875
srv-001,2017-06-12 23:00:00,42.95713
srv-001,2017-06-13 00:00:00,40.210663
srv-001,2017-06-13 01:00:00,42.005085
srv-001,2017-06-13 02:00:00,43.413345
srv-001,2017-06-13 03:00:00,45.969418
srv-001,2017-06-13 04:00:00,48.578423
srv-001,2017-06-13 05:00:00,47.765755
srv-001,2017-06-13 06:00:00,52.275467
srv-001,2017-06-13 07:00:00,53.84176
srv-001,2017-06-13 08:00:00,51.840126
srv-001,2017-06-13 09:00:00,49.36351
srv-001,2017-06-13 10:00:00,51.821854
srv-001,2017-06-13 11:00:00,53.83473
srv-001,2017-06-13 12:00:00,58.00669
srv-001,2017-06-13 13:00:00,59.625206
srv-001,2017-06-13 14:00:00,56.59803
srv-001,2017-06-13 15:00:00,57.637127
srv-001,2017-06-13 16:00:00,58.516956
srv-001,2017-06-13 17:00:00,60.99161
srv-001,2017-06-13 18:00:00,60.045403
srv-001,2017-06-13 19:00:00,58.550587
srv-001,2017-06-13 20:00:00,57.186115
srv-001,2017-06-13 21:00:00,53.904976
srv-001,2017-06-13 22:00:00,56.082516
srv-001,2017-06-13 23:00:00,50.98355
srv-001,2017-06-14 00:00:00,74.16024
srv-001,2017-06-14 01:00:00,60.964977
srv-001,2017-06-14 02:00:00,50.933144
srv-001,2017-06-14 03:00:00,54.38993
srv-001,2017-06-14 04:00:00,52.271786
srv-001,2017-06-14 05:00:00,46.28133
srv-001,2017-06-14 06:00:00,47.76368
srv-001,2017-06-14 07:00:00,54.953804
srv-001,2017-06-14 08:00:00,56.59685
srv-001,2017-06-14 09:00:00,58.94044
srv-001,2017-06-14 10:00:00,59.330666
srv-001,2017-06-14 11:00:00,57.20783
srv-001,2017-06-14 12:00:00,60.66798
srv-001,2017-06-14 13:00:00,59.28336
srv-001,2017-06-14 14:00:00,65.816795
srv-001,2017-06-14 15:00:00,64.87451
srv-001,2017-06-14 16:00:00,60.96582
srv-001,2017-06-14 17:00:00,57.606636
srv-001,2017-06-14 18:00:00,56.0768
srv-001,2017-06-14 19:00:00,53.89215
srv-001,2017-06-14 20:00:00,57.190845
srv-001,2017-06-14 21:00:00,53.87665
srv-001,2017-06-14 22:00:00,50.96699
srv-001,2017-06-14 23:00:00,56.10139
srv-001,2017-06-15 00:00:00,53.896214
srv-001,2017-06-15 01:00:00,55.018257
srv-001,2017-06-15 02:00:00,51.85048
srv-001,2017-06-15 03:00:00,52.323513
srv-001,2017-06-15 04:00:00,52.312084
srv-001,2017-06-15 05:00:00,46.6163
srv-001,2017-06-15 06:00:00,52.776047
srv-001,2017-06-15 07:00:00,58.08812
srv-001,2017-06-15 08:00:00,55.02233
srv-001,2017-06-15 09:00:00,52.813015
srv-001,2017-06-15 10:00:00,55.593845
srv-001,2017-06-15 11:00:00,57.198124
srv-001,2017-06-15 12:00:00,58.51872
srv-001,2017-06-15 13:00:00,58.966377
srv-001,2017-06-15 14:00:00,59.290604
srv-001,2017-06-15 15:00:00,61.27448
srv-001,2017-06-15 16:00:00,59.611523
srv-001,2017-06-15 17:00:00,53.377007
srv-001,2017-06-15 18:00:00,54.919987
srv-001,2017-06-15 19:00:00,55.52192
srv-001,2017-06-15 20:00:00,60.973232
srv-001,2017-06-15 21:00:00,49.86188
srv-001,2017-06-15 22:00:00,48.56734
srv-001,2017-06-15 23:00:00,41.59048
srv-001,2017-06-16 00:00:00,69.72367
srv-001,2017-06-16 01:00:00,55.507427
srv-001,2017-06-16 02:00:00,47.774433
srv-001,2017-06-16 03:00:00,43.84395
srv-001,2017-06-16 04:00:00,39.210613
srv-001,2017-06-16 05:00:00,39.181683
srv-001,2017-06-16 06:00:00,35.43106
srv-001,2017-06-16 07:00:00,42.83806
srv-001,2017-06-16 08:00:00,38.192554
srv-001,2017-06-16 09:00:00,42.39475
srv-001,2017-06-16 10:00:00,39.970375
srv-001,2017-06-16 11:00:00,43.086437
srv-001,2017-06-16 12:00:00,49.903152
srv-001,2017-06-16 13:00:00,50.47575
srv-001,2017-06-16 14:00:00,47.360603
srv-001,2017-06-16 15:00:00,47.02693
srv-001,2017-06-16 16:00:00,46.291336
srv-001,2017-06-16 17:00:00,45.56948
srv-001,2017-06-16 18:00:00,39.96745
srv-001,2017-06-16 19:00:00,40.51703
srv-001,2017-06-16 20:00:00,33.706142
srv-001,2017-06-16 21:00:00,31.415552
srv-001,2017-06-16 22:00:00,32.2982
srv-001,2017-06-16 23:00:00,35.424355
srv-001,2017-06-17 00:00:00,39.373604
srv-001,2017-06-17 01:00:00,36.01635
srv-001,2017-06-17 02:00:00,36.639473
srv-001,2017-06-17 03:00:00,37.389675
srv-001,2017-06-17 04:00:00,37.96886
srv-001,2017-06-17 05:00:00,37.16827
srv-001,2017-06-17 06:00:00,36.78236
srv-001,2017-06-17 07:00:00,42.393944
srv-001,2017-06-17 08:00:00,41.182
srv-001,2017-06-17 09:00:00,43.082355
srv-001,2017-06-17 10:00:00,50.452316
srv-001,2017-06-17 11:00:00,45.977417
srv-001,2017-06-17 12:00:00,42.377872
srv-001,2017-06-17 13:00:00,47.01625
srv-001,2017-06-17 14:00:00,45.634026
srv-001,2017-06-17 15:00:00,45.101288
srv-001,2017-06-17 16:00:00,42.947166
srv-001,2017-06-17 17:00:00,42.402336
srv-001,2017-06-17 18:00:00,45.60765
srv-001,2017-06-17 19:00:00,45.07939
srv-001,2017-06-17 20:00:00,45.999496
srv-001,2017-06-17 21:00:00,37.603607
srv-001,2017-06-17 22:00:00,35.125755
srv-001,2017-06-17 23:00:00,29.323256
srv-001,2017-06-18 00:00:00,31.066496
srv-001,2017-06-18 01:00:00,36.49122
srv-001,2017-06-18 02:00:00,38.755978
srv-001,2017-06-18 03:00:00,38.16951
srv-001,2017-06-18 04:00:00,38.171307
srv-001,2017-06-18 05:00:00,36.796925
srv-001,2017-06-18 06:00:00,38.1957
srv-001,2017-06-18 07:00:00,43.069263
srv-001,2017-06-18 08:00:00,38.765858
srv-001,2017-06-18 09:00:00,42.385773
srv-001,2017-06-18 10:00:00,46.616817
srv-001,2017-06-18 11:00:00,46.25678
srv-001,2017-06-18 12:00:00,49.020725
srv-001,2017-06-18 13:00:00,50.95507
srv-001,2017-06-18 14:00:00,52.247627
srv-001,2017-06-18 15:00:00,50.953735
srv-001,2017-06-18 16:00:00,47.000156
srv-001,2017-06-18 17:00:00,46.28661
srv-001,2017-06-18 18:00:00,45.620613
srv-001,2017-06-18 19:00:00,43.837376
srv-001,2017-06-18 20:00:00,41.146107
srv-001,2017-06-18 21:00:00,39.378597
srv-001,2017-06-18 22:00:00,43.285538
srv-001,2017-06-18 23:00:00,43.315136
srv-001,2017-06-19 00:00:00,40.758636
srv-001,2017-06-19 01:00:00,38.768326
srv-001,2017-06-19 02:00:00,40.20138
srv-001,2017-06-19 03:00:00,39.96062
srv-001,2017-06-19 04:00:00,36.76473
srv-001,2017-06-19 05:00:00,38.176987
srv-001,2017-06-19 06:00:00,36.029266
srv-001,2017-06-19 07:00:00,38.445717
srv-001,2017-06-19 08:00:00,40.506268
srv-001,2017-06-19 09:00:00,43.8352
srv-001,2017-06-19 10:00:00,42.835068
srv-001,2017-06-19 11:00:00,48.17618
srv-001,2017-06-19 12:00:00,50.396736
srv-001,2017-06-19 13:00:00,48.586746
srv-001,2017-06-19 14:00:00,45.334564
srv-001,2017-06-19 15:00:00,46.64331
srv-001,2017-06-19 16:00:00,45.955833
srv-001,2017-06-19 17:00:00,46.63946
srv-001,2017-06-19 18:00:00,45.372375
srv-001,2017-06-19 19:00:00,39.638287
srv-001,2017-06-19 20:00:00,41.55332
srv-001,2017-06-19 21:00:00,40.499092
srv-001,2017-06-19 22:00:00,43.841858
srv-001,2017-06-19 23:00:00,42.545094
srv-001,2017-06-20 00:00:00,48.195724
srv-001,2017-06-20 01:00:00,42.396164
srv-001,2017-06-20 02:00:00,47.372883
srv-001,2017-06-20 03:00:00,46.623634
srv-001,2017-06-20 04:00:00,49.04075
srv-001,2017-06-20 05:00:00,48.56469
srv-001,2017-06-20 06:00:00,50.916912
srv-001,2017-06-20 07:00:00,51.297863
srv-001,2017-06-20 08:00:00,48.58176
srv-001,2017-06-20 09:00:00,54.986935
srv-001,2017-06-20 10:00:00,55.527973
srv-001,2017-06-20 11:00:00,56.622063
srv-001,2017-06-20 12:00:00,60.33459
srv-001,2017-06-20 13:00:00,57.162945
srv-001,2017-06-20 14:00:00,58.91318
srv-001,2017-06-20 15:00:00,56.625797
srv-001,2017-06-20 16:00:00,56.080627
srv-001,2017-06-20 17:00:00,55.61285
srv-001,2017-06-20 18:00:00,50.95721
srv-001,2017-06-20 19:00:00,49.06773
srv-001,2017-06-20 20:00:00,54.410973
srv-001,2017-06-20 21:00:00,53.910492
srv-001,2017-06-20 22:00:00,52.83001
srv-001,2017-06-20 23:00:00,53.357677
srv-001,2017-06-21 00:00:00,52.348232
srv-001,2017-06-21 01:00:00,55.53181
srv-001,2017-06-21 02:00:00,53.893326
srv-001,2017-06-21 03:00:00,53.89334
srv-001,2017-06-21 04:00:00,56.100574
srv-001,2017-06-21 05:00:00,52.841824
srv-001,2017-06-21 06:00:00,56.665264
srv-001,2017-06-21 07:00:00,53.850693
srv-001,2017-06-21 08:00:00,58.51944
srv-001,2017-06-21 09:00:00,58.03403
srv-001,2017-06-21 10:00:00,58.104336
srv-001,2017-06-21 11:00:00,54.58204
srv-001,2017-06-21 12:00:00,56.087833
srv-001,2017-06-21 13:00:00,55.545994
srv-001,2017-06-21 14:00:00,55.592903
srv-001,2017-06-21 15:00:00,56.564793
srv-001,2017-06-21 16:00:00,59.637573
srv-001,2017-06-21 17:00:00,58.942005
srv-001,2017-06-21 18:00:00,57.61918
srv-001,2017-06-21 19:00:00,53.37325
srv-001,2017-06-21 20:00:00,51.871746
srv-001,2017-06-21 21:00:00,55.002407
srv-001,2017-06-21 22:00:00,51.86082
srv-001,2017-06-21 23:00:00,56.101734
srv-001,2017-06-22 00:00:00,53.874344
srv-001,2017-06-22 01:00:00,52.826996
srv-001,2017-06-22 02:00:00,55.015488
srv-001,2017-06-22 03:00:00,56.619564
srv-001,2017-06-22 04:00:00,54.409584
srv-001,2017-06-22 05:00:00,51.86366
srv-001,2017-06-22 06:00:00,51.343548
srv-001,2017-06-22 07:00:00,53.905807
srv-001,2017-06-22 08:00:00,55.543224
srv-001,2017-06-22 09:00:00,55.53484
srv-001,2017-06-22 10:00:00,57.61918
srv-001,2017-06-22 11:00:00,61.283592
srv-001,2017-06-22 12:00:00,60.34544
srv-001,2017-06-22 13:00:00,59.295727
srv-001,2017-06-22 14:00:00,53.887123
srv-001,2017-06-22 15:00:00,47.350574
srv-001,2017-06-22 16:00:00,50.469597
srv-001,2017-06-22 17:00:00,50.4279
srv-001,2017-06-22 18:00:00,48.18592
srv-001,2017-06-22 19:00:00,48.567837
srv-001,2017-06-22 20:00:00,48.555115
srv-001,2017-06-22 21:00:00,49.00939
srv-001,2017-06-22 22:00:00,47.7745
srv-001,2017-06-22 23:00:00,44.86967
srv-001,2017-06-23 00:00:00,47.32717
srv-001,2017-06-23 01:00:00,45.615383
srv-001,2017-06-23 02:00:00,46.28401
srv-001,2017-06-23 03:00:00,44.098583
srv-001,2017-06-23 04:00:00,42.2168
srv-001,2017-06-23 05:00:00,42.8365
srv-001,2017-06-23 06:00:00,42.834766
srv-001,2017-06-23 07:00:00,45.94741
srv-001,2017-06-23 08:00:00,44.70317
srv-001,2017-06-23 09:00:00,41.157818
srv-001,2017-06-23 10:00:00,42.53881
srv-001,2017-06-23 11:00:00,46.65012
srv-001,2017-06-23 12:00:00,46.279552
srv-001,2017-06-23 13:00:00,45.96751
srv-001,2017-06-23 14:00:00,48.575428
srv-001,2017-06-23 15:00:00,45.33307
srv-001,2017-06-23 16:00:00,40.76507
srv-001,2017-06-23 17:00:00,40.739513
srv-001,2017-06-23 18:00:00,39.379864
srv-001,2017-06-23 19:00:00,36.539635
srv-001,2017-06-23 20:00:00,37.410957
srv-001,2017-06-23 21:00:00,37.426117
srv-001,2017-06-23 22:00:00,37.408405
srv-001,2017-06-23 23:00:00,37.929157
srv-001,2017-06-24 00:00:00,45.624275
srv-001,2017-06-24 01:00:00,42.873573
srv-001,2017-06-24 02:00:00,42.566856
srv-001,2017-06-24 03:00:00,40.512714
srv-001,2017-06-24 04:00:00,38.2015
srv-001,2017-06-24 05:00:00,37.390575
srv-001,2017-06-24 06:00:00,37.43498
srv-001,2017-06-24 07:00:00,41.319504
srv-001,2017-06-24 08:00:00,47.713455
srv-001,2017-06-24 09:00:00,44.843945
srv-001,2017-06-24 10:00:00,44.122257
srv-001,2017-06-24 11:00:00,44.882652
srv-001,2017-06-24 12:00:00,46.67152
srv-001,2017-06-24 13:00:00,47.037174
srv-001,2017-06-24 14:00:00,49.876472
srv-001,2017-06-24 15:00:00,41.82408
srv-001,2017-06-24 16:00:00,36.61074
srv-001,2017-06-24 17:00:00,37.59026
srv-001,2017-06-24 18:00:00,41.823227
srv-001,2017-06-24 19:00:00,37.013992
srv-001,2017-06-24 20:00:00,31.344036
srv-001,2017-06-24 21:00:00,34.66804
srv-001,2017-06-24 22:00:00,37.16623
srv-001,2017-06-24 23:00:00,35.4263
srv-001,2017-06-25 00:00:00,34.47059
srv-001,2017-06-25 01:00:00,33.969124
srv-001,2017-06-25 02:00:00,36.516666
srv-001,2017-06-25 03:00:00,36.020264
srv-001,2017-06-25 04:00:00,57.037605
srv-001,2017-06-25 05:00:00,41.18452
srv-001,2017-06-25 06:00:00,32.738056
srv-001,2017-06-25 07:00:00,34.708054
srv-001,2017-06-25 08:00:00,37.01292
srv-001,2017-06-25 09:00:00,38.744247
srv-001,2017-06-25 10:00:00,43.525352
srv-001,2017-06-25 11:00:00,39.964302
srv-001,2017-06-25 12:00:00,42.833736
srv-001,2017-06-25 13:00:00,45.600807
srv-001,2017-06-25 14:00:00,50.47351
srv-001,2017-06-25 15:00:00,47.330505
srv-001,2017-06-25 16:00:00,47.058296
srv-001,2017-06-25 17:00:00,41.161808
srv-001,2017-06-25 18:00:00,35.4286
srv-001,2017-06-25 19:00:00,39.678993
srv-001,2017-06-25 20:00:00,40.748653
srv-001,2017-06-25 21:00:00,42.516384
srv-001,2017-06-25 22:00:00,38.48228
srv-001,2017-06-25 23:00:00,40.71665
srv-001,2017-06-26 00:00:00,41.8197
srv-001,2017-06-26 01:00:00,41.305233
srv-001,2017-06-26 02:00:00,40.72128
srv-001,2017-06-26 03:00:00,39.927246
srv-001,2017-06-26 04:00:00,35.583668
srv-001,2017-06-26 05:00:00,40.480473
srv-001,2017-06-26 06:00:00,38.467762
srv-001,2017-06-26 07:00:00,42.373432
srv-001,2017-06-26 08:00:00,38.452232
srv-001,2017-06-26 09:00:00,38.467213
srv-001,2017-06-26 10:00:00,45.601
srv-001,2017-06-26 11:00:00,45.579506
srv-001,2017-06-26 12:00:00,50.41571
srv-001,2017-06-26 13:00:00,49.37488
srv-001,2017-06-26 14:00:00,74.08635
srv-001,2017-06-26 15:00:00,48.191704
srv-001,2017-06-26 16:00:00,46.680443
srv-001,2017-06-26 17:00:00,48.166855
srv-001,2017-06-26 18:00:00,47.329777
srv-001,2017-06-26 19:00:00,42.234318
srv-001,2017-06-26 20:00:00,44.69561
srv-001,2017-06-26 21:00:00,49.00118
srv-001,2017-06-26 22:00:00,48.566494
srv-001,2017-06-26 23:00:00,47.384754
srv-001,2017-06-27 00:00:00,49.84671
srv-001,2017-06-27 01:00:00,49.047142
srv-001,2017-06-27 02:00:00,48.572
srv-001,2017-06-27 03:00:00,45.34871
srv-001,2017-06-27 04:00:00,47.73232
srv-001,2017-06-27 05:00:00,49.844128
srv-001,2017-06-27 06:00:00,47.014854
srv-001,2017-06-27 07:00:00,53.27125
srv-001,2017-06-27 08:00:00,52.27924
srv-001,2017-06-27 09:00:00,50.952854
srv-001,2017-06-27 10:00:00,55.465416
srv-001,2017-06-27 11:00:00,54.965057
srv-001,2017-06-27 12:00:00,57.620743
srv-001,2017-06-27 13:00:00,56.577435
srv-001,2017-06-27 14:00:00,56.62289
srv-001,2017-06-27 15:00:00,57.612057
srv-001,2017-06-27 16:00:00,57.606422
srv-001,2017-06-27 17:00:00,51.332222
srv-001,2017-06-27 18:00:00,49.389946
srv-001,2017-06-27 19:00:00,52.808502
srv-001,2017-06-27 20:00:00,52.75533
srv-001,2017-06-27 21:00:00,49.92489
srv-001,2017-06-27 22:00:00,47.710503
srv-001,2017-06-27 23:00:00,47.027596
srv-001,2017-06-28 00:00:00,44.149364
srv-001,2017-06-28 01:00:00,47.400654
srv-001,2017-06-28 02:00:00,48.14199
srv-001,2017-06-28 03:00:00,47.75003
srv-001,2017-06-28 04:00:00,49.92827
srv-001,2017-06-28 05:00:00,51.884544
srv-001,2017-06-28 06:00:00,57.62746
srv-001,2017-06-28 07:00:00,54.490723
srv-001,2017-06-28 08:00:00,57.66326
srv-001,2017-06-28 09:00:00,60.668255
srv-001,2017-06-28 10:00:00,58.564342
srv-001,2017-06-28 11:00:00,59.60902
srv-001,2017-06-28 12:00:00,59.020687
srv-001,2017-06-28 13:00:00,60.066776
srv-001,2017-06-28 14:00:00,63.809998
srv-001,2017-06-28 15:00:00,63.534313
srv-001,2017-06-28 16:00:00,62.33437
srv-001,2017-06-28 17:00:00,58.923897
srv-001,2017-06-28 18:00:00,53.37776
srv-001,2017-06-28 19:00:00,52.80951
srv-001,2017-06-28 20:00:00,56.61635
srv-001,2017-06-28 21:00:00,49.90833
srv-001,2017-06-28 22:00:00,48.2016
srv-001,2017-06-28 23:00:00,49.904877
srv-001,2017-06-29 00:00:00,48.596897
srv-001,2017-06-29 01:00:00,47.749634
srv-001,2017-06-29 02:00:00,48.156124
srv-001,2017-06-29 03:00:00,46.27154
srv-001,2017-06-29 04:00:00,45.6434
srv-001,2017-06-29 05:00:00,49.941605
srv-001,2017-06-29 06:00:00,46.66138
srv-001,2017-06-29 07:00:00,46.735542
srv-001,2017-06-29 08:00:00,47.40167
srv-001,2017-06-29 09:00:00,52.840675
srv-001,2017-06-29 10:00:00,53.818066
srv-001,2017-06-29 11:00:00,53.865803
srv-001,2017-06-29 12:00:00,54.988796
srv-001,2017-06-29 13:00:00,51.357998
srv-001,2017-06-29 14:00:00,54.44535
srv-001,2017-06-29 15:00:00,54.982872
srv-001,2017-06-29 16:00:00,53.346508
srv-001,2017-06-29 17:00:00,54.42241
srv-001,2017-06-29 18:00:00,49.402462
srv-001,2017-06-29 19:00:00,51.374928
srv-001,2017-06-29 20:00:00,50.951126
srv-001,2017-06-29 21:00:00,46.630226
srv-001,2017-06-29 22:00:00,46.281384
srv-001,2017-06-29 23:00:00,45.60606
srv-001,2017-06-30 00:00:00,48.207333
srv-001,2017-06-30 01:00:00,44.10518
srv-001,2017-06-30 02:00:00,42.22062
srv-001,2017-06-30 03:00:00,45.580437
srv-001,2017-06-30 04:00:00,43.109215
srv-001,2017-06-30 05:00:00,45.324646
srv-001,2017-06-30 06:00:00,48.633827
srv-001,2017-06-30 07:00:00,47.368282
srv-001,2017-06-30 08:00:00,48.221554
srv-001,2017-06-30 09:00:00,44.85335
srv-001,2017-06-30 10:00:00,48.170467
srv-001,2017-06-30 11:00:00,49.00648
srv-001,2017-06-30 12:00:00,49.913876
srv-001,2017-06-30 13:00:00,47.729378
srv-001,2017-06-30 14:00:00,43.332718
srv-001,2017-06-30 15:00:00,45.6003
srv-001,2017-06-30 16:00:00,39.966602
srv-001,2017-06-30 17:00:00,39.964417
srv-001,2017-06-30 18:00:00,42.398003
srv-001,2017-06-30 19:00:00,41.332916
srv-001,2017-06-30 20:00:00,45.951176
srv-001,2017-06-30 21:00:00,43.39884
srv-001,2017-06-30 22:00:00,40.761387
srv-001,2017-06-30 23:00:00,38.1918
srv-002,2017-06-01 23:00:00,71.024216
srv-002,2017-06-02 00:00:00,74.80765
srv-002,2017-06-02 01:00:00,74.65982
srv-002,2017-06-02 02:00:00,74.25349
srv-002,2017-06-02 03:00:00,70.83641
srv-002,2017-06-02 04:00:00,73.83535
srv-002,2017-06-02 05:00:00,74.50156
srv-002,2017-06-02 06:00:00,70.43976
srv-002,2017-06-02 07:00:00,73.6622
srv-002,2017-06-02 08:00:00,73.47536
srv-002,2017-06-02 09:00:00,77.87727
srv-002,2017-06-02 10:00:00,74.95087
srv-002,2017-06-02 11:00:00,74.27643
srv-002,2017-06-02 12:00:00,75.61192
srv-002,2017-06-02 13:00:00,72.1965
srv-002,2017-06-02 14:00:00,74.276306
srv-002,2017-06-02 15:00:00,76.950485
srv-002,2017-06-02 16:00:00,72.47013
srv-002,2017-06-02 17:00:00,71.716156
srv-002,2017-06-02 18:00:00,68.73186
srv-002,2017-06-02 19:00:00,70.0214
srv-002,2017-06-02 20:00:00,65.07725
srv-002,2017-06-02 21:00:00,64.69897
srv-002,2017-06-02 22:00:00,61.989983
srv-002,2017-06-02 23:00:00,62.668682
srv-002,2017-06-03 00:00:00,67.1871
srv-002,2017-06-03 01:00:00,66.2025
srv-002,2017-06-03 02:00:00,64.044136
srv-002,2017-06-03 03:00:00,65.13451
srv-002,2017-06-03 04:00:00,64.03692
srv-002,2017-06-03 05:00:00,62.96905
srv-002,2017-06-03 06:00:00,66.44246
srv-002,2017-06-03 07:00:00,72.22386
srv-002,2017-06-03 08:00:00,70.05434
srv-002,2017-06-03 09:00:00,70.45893
srv-002,2017-06-03 10:00:00,72.00626
srv-002,2017-06-03 11:00:00,73.4984
srv-002,2017-06-03 12:00:00,75.91251
srv-002,2017-06-03 13:00:00,77.88967
srv-002,2017-06-03 14:00:00,77.564766
srv-002,2017-06-03 15:00:00,75.18511
srv-002,2017-06-03 16:00:00,76.09781
srv-002,2017-06-03 17:00:00,74.309135
srv-002,2017-06-03 18:00:00,69.13943
srv-002,2017-06-03 19:00:00,63.53067
srv-002,2017-06-03 20:00:00,63.541073
srv-002,2017-06-03 21:00:00,60.029003
srv-002,2017-06-03 22:00:00,62.336723
srv-002,2017-06-03 23:00:00,61.26127
srv-002,2017-06-04 00:00:00,62.340366
srv-002,2017-06-04 01:00:00,62.00492
srv-002,2017-06-04 02:00:00,65.979744
srv-002,2017-06-04 03:00:00,66.872055
srv-002,2017-06-04 04:00:00,68.16946
srv-002,2017-06-04 05:00:00,66.4378
srv-002,2017-06-04 06:00:00,66.85965
srv-002,2017-06-04 07:00:00,71.46966
srv-002,2017-06-04 08:00:00,71.629196
srv-002,2017-06-04 09:00:00,71.62778
srv-002,2017-06-04 10:00:00,70.43697
srv-002,2017-06-04 11:00:00,69.31493
srv-002,2017-06-04 12:00:00,76.34562
srv-002,2017-06-04 13:00:00,78.13088
srv-002,2017-06-04 14:00:00,79.39216
srv-002,2017-06-04 15:00:00,81.329506
srv-002,2017-06-04 16:00:00,75.44983
srv-002,2017-06-04 17:00:00,73.65158
srv-002,2017-06-04 18:00:00,71.62565
srv-002,2017-06-04 19:00:00,71.303665
srv-002,2017-06-04 20:00:00,67.03473
srv-002,2017-06-04 21:00:00,61.976933
srv-002,2017-06-04 22:00:00,60.924
srv-002,2017-06-04 23:00:00,64.87825
srv-002,2017-06-05 00:00:00,77.57224
srv-002,2017-06-05 01:00:00,58.515717
srv-002,2017-06-05 02:00:00,60.942825
srv-002,2017-06-05 03:00:00,60.0668
srv-002,2017-06-05 04:00:00,57.606556
srv-002,2017-06-05 05:00:00,56.593735
srv-002,2017-06-05 06:00:00,59.290775
srv-002,2017-06-05 07:00:00,68.129814
srv-002,2017-06-05 08:00:00,65.81381
srv-002,2017-06-05 09:00:00,70.31758
srv-002,2017-06-05 10:00:00,69.919014
srv-002,2017-06-05 11:00:00,70.84349
srv-002,2017-06-05 12:00:00,79.69439
srv-002,2017-06-05 13:00:00,83.27194
srv-002,2017-06-05 14:00:00,84.08358
srv-002,2017-06-05 15:00:00,81.693954
srv-002,2017-06-05 16:00:00,80.36751
srv-002,2017-06-05 17:00:00,78.96971
srv-002,2017-06-05 18:00:00,79.993515
srv-002,2017-06-05 19:00:00,77.903366
srv-002,2017-06-05 20:00:00,75.64417
srv-002,2017-06-05 21:00:00,71.47337
srv-002,2017-06-05 22:00:00,73.02706
srv-002,2017-06-05 23:00:00,73.4755
srv-002,2017-06-06 00:00:00,73.177734
srv-002,2017-06-06 01:00:00,71.63197
srv-002,2017-06-06 02:00:00,72.193474
srv-002,2017-06-06 03:00:00,70.845406
srv-002,2017-06-06 04:00:00,72.21821
srv-002,2017-06-06 05:00:00,73.65711
srv-002,2017-06-06 06:00:00,69.48504
srv-002,2017-06-06 07:00:00,77.94989
srv-002,2017-06-06 08:00:00,74.50482
srv-002,2017-06-06 09:00:00,80.32613
srv-002,2017-06-06 10:00:00,85.34455
srv-002,2017-06-06 11:00:00,86.98159
srv-002,2017-06-06 12:00:00,90.52771
srv-002,2017-06-06 13:00:00,92.2886
srv-002,2017-06-06 14:00:00,92.368256
srv-002,2017-06-06 15:00:00,94.784645
srv-002,2017-06-06 16:00:00,92.34402
srv-002,2017-06-06 17:00:00,93.806076
srv-002,2017-06-06 18:00:00,89.70026
srv-002,2017-06-06 19:00:00,85.443596
srv-002,2017-06-06 20:00:00,82.28736
srv-002,2017-06-06 21:00:00,77.58353
srv-002,2017-06-06 22:00:00,80.57208
srv-002,2017-06-06 23:00:00,77.899414
srv-002,2017-06-07 00:00:00,82.00709
srv-002,2017-06-07 01:00:00,80.32211
srv-002,2017-06-07 02:00:00,82.66986
srv-002,2017-06-07 03:00:00,82.37756
srv-002,2017-06-07 04:00:00,83.187874
srv-002,2017-06-07 05:00:00,81.654205
srv-002,2017-06-07 06:00:00,82.74054
srv-002,2017-06-07 07:00:00,88.864235
srv-002,2017-06-07 08:00:00,86.92654
srv-002,2017-06-07 09:00:00,84.99186
srv-002,2017-06-07 10:00:00,88.23539
srv-002,2017-06-07 11:00:00,89.775986
srv-002,2017-06-07 12:00:00,95.173996
srv-002,2017-06-07 13:00:00,98.04414
srv-002,2017-06-07 14:00:00,95.28835
srv-002,2017-06-07 15:00:00,95.081505
srv-002,2017-06-07 16:00:00,92.60949
srv-002,2017-06-07 17:00:00,91.29314
srv-002,2017-06-07 18:00:00,88.072495
srv-002,2017-06-07 19:00:00,84.85398
srv-002,2017-06-07 20:00:00,84.84941
srv-002,2017-06-07 21:00:00,81.983734
srv-002,2017-06-07 22:00:00,81.215164
srv-002,2017-06-07 23:00:00,81.261536
srv-002,2017-06-08 00:00:00,81.23964
srv-002,2017-06-08 01:00:00,80.57338
srv-002,2017-06-08 02:00:00,81.64529
srv-002,2017-06-08 03:00:00,82.075615
srv-002,2017-06-08 04:00:00,77.91729
srv-002,2017-06-08 05:00:00,78.45663
srv-002,2017-06-08 06:00:00,75.6123
srv-002,2017-06-08 07:00:00,84.40362
srv-002,2017-06-08 08:00:00,83.231155
srv-002,2017-06-08 09:00:00,84.021385
srv-002,2017-06-08 10:00:00,85.83596
srv-002,2017-06-08 11:00:00,84.0748
srv-002,2017-06-08 12:00:00,88.88368
srv-002,2017-06-08 13:00:00,91.35429
srv-002,2017-06-08 14:00:00,93.77896
srv-002,2017-06-08 15:00:00,94.8761
srv-002,2017-06-08 16:00:00,88.780045
srv-002,2017-06-08 17:00:00,87.96023
srv-002,2017-06-08 18:00:00,87.34108
srv-002,2017-06-08 19:00:00,79.72987
srv-002,2017-06-08 20:00:00,76.0168
srv-002,2017-06-08 21:00:00,72.48288
srv-002,2017-06-08 22:00:00,74.05734
srv-002,2017-06-08 23:00:00,68.31159
srv-002,2017-06-09 00:00:00,72.99164
srv-002,2017-06-09 01:00:00,71.808174
srv-002,2017-06-09 02:00:00,73.0089
srv-002,2017-06-09 03:00:00,71.58957
srv-002,2017-06-09 04:00:00,71.626305
srv-002,2017-06-09 05:00:00,65.80305
srv-002,2017-06-09 06:00:00,66.00592
srv-002,2017-06-09 07:00:00,74.311775
srv-002,2017-06-09 08:00:00,71.64195
srv-002,2017-06-09 09:00:00,70.0447
srv-002,2017-06-09 10:00:00,73.49607
srv-002,2017-06-09 11:00:00,74.10338
srv-002,2017-06-09 12:00:00,74.2741
srv-002,2017-06-09 13:00:00,73.16874
srv-002,2017-06-09 14:00:00,76.312645
srv-002,2017-06-09 15:00:00,78.43831
srv-002,2017-06-09 16:00:00,80.48464
srv-002,2017-06-09 17:00:00,73.66817
srv-002,2017-06-09 18:00:00,72.58951
srv-002,2017-06-09 19:00:00,70.81645
srv-002,2017-06-09 20:00:00,65.45655
srv-002,2017-06-09 21:00:00,59.99591
srv-002,2017-06-09 22:00:00,58.025513
srv-002,2017-06-09 23:00:00,57.58637
srv-002,2017-06-10 00:00:00,64.214134
srv-002,2017-06-10 01:00:00,67.17823
srv-002,2017-06-10 02:00:00,68.57322
srv-002,2017-06-10 03:00:00,63.792183
srv-002,2017-06-10 04:00:00,62.65568
srv-002,2017-06-10 05:00:00,65.98088
srv-002,2017-06-10 06:00:00,63.811287
srv-002,2017-06-10 07:00:00,69.726456
srv-002,2017-06-10 08:00:00,63.792095
srv-002,2017-06-10 09:00:00,69.890854
srv-002,2017-06-10 10:00:00,68.3204
srv-002,2017-06-10 11:00:00,68.56514
srv-002,2017-06-10 12:00:00,74.279686
srv-002,2017-06-10 13:00:00,79.64404
srv-002,2017-06-10 14:00:00,77.892426
srv-002,2017-06-10 15:00:00,76.735176
srv-002,2017-06-10 16:00:00,77.360306
srv-002,2017-06-10 17:00:00,75.43578
srv-002,2017-06-10 18:00:00,71.86164
srv-002,2017-06-10 19:00:00,68.31076
srv-002,2017-06-10 20:00:00,62.94883
srv-002,2017-06-10 21:00:00,61.980194
srv-002,2017-06-10 22:00:00,62.32431
srv-002,2017-06-10 23:00:00,61.95774
srv-002,2017-06-11 00:00:00,60.6277
srv-002,2017-06-11 01:00:00,60.057518
srv-002,2017-06-11 02:00:00,62.690197
srv-002,2017-06-11 03:00:00,64.88556
srv-002,2017-06-11 04:00:00,63.801624
srv-002,2017-06-11 05:00:00,62.968037
srv-002,2017-06-11 06:00:00,61.599476
srv-002,2017-06-11 07:00:00,69.72694
srv-002,2017-06-11 08:00:00,67.19986
srv-002,2017-06-11 09:00:00,70.04279
srv-002,2017-06-11 10:00:00,72.826294
srv-002,2017-06-11 11:00:00,73.645775
srv-002,2017-06-11 12:00:00,72.82328
srv-002,2017-06-11 13:00:00,72.840965
srv-002,2017-06-11 14:00:00,76.742744
srv-002,2017-06-11 15:00:00,74.96279
srv-002,2017-06-11 16:00:00,73.871376
srv-002,2017-06-11 17:00:00,70.860634
srv-002,2017-06-11 18:00:00,68.03332
srv-002,2017-06-11 19:00:00,66.20152
srv-002,2017-06-11 20:00:00,68.83519
srv-002,2017-06-11 21:00:00,67.1858
srv-002,2017-06-11 22:00:00,65.49156
srv-002,2017-06-11 23:00:00,67.711655
srv-002,2017-06-12 00:00:00,61.61858
srv-002,2017-06-12 01:00:00,64.24076
srv-002,2017-06-12 02:00:00,80.32122
srv-002,2017-06-12 03:00:00,73.84526
srv-002,2017-06-12 04:00:00,65.97096
srv-002,2017-06-12 05:00:00,66.4333
srv-002,2017-06-12 06:00:00,65.49682
srv-002,2017-06-12 07:00:00,66.43124
srv-002,2017-06-12 08:00:00,64.21876
srv-002,2017-06-12 09:00:00,66.18181
srv-002,2017-06-12 10:00:00,68.74045
srv-002,2017-06-12 11:00:00,76.092804
srv-002,2017-06-12 12:00:00,79.67614
srv-002,2017-06-12 13:00:00,80.61218
srv-002,2017-06-12 14:00:00,82.06103
srv-002,2017-06-12 15:00:00,77.09972
srv-002,2017-06-12 16:00:00,78.96566
srv-002,2017-06-12 17:00:00,79.96419
srv-002,2017-06-12 18:00:00,73.1798
srv-002,2017-06-12 19:00:00,74.48861
srv-002,2017-06-12 20:00:00,70.03434
srv-002,2017-06-12 21:00:00,65.12914
srv-002,2017-06-12 22:00:00,70.62133
srv-002,2017-06-12 23:00:00,69.476204
srv-002,2017-06-13 00:00:00,69.72229
srv-002,2017-06-13 01:00:00,73.19972
srv-002,2017-06-13 02:00:00,73.05612
srv-002,2017-06-13 03:00:00,73.49783
srv-002,2017-06-13 04:00:00,73.89863
srv-002,2017-06-13 05:00:00,75.15993
srv-002,2017-06-13 06:00:00,75.16375
srv-002,2017-06-13 07:00:00,80.98693
srv-002,2017-06-13 08:00:00,78.117676
srv-002,2017-06-13 09:00:00,81.709465
srv-002,2017-06-13 10:00:00,84.99008
srv-002,2017-06-13 11:00:00,90.543045
srv-002,2017-06-13 12:00:00,89.78441
srv-002,2017-06-13 13:00:00,89.75359
srv-002,2017-06-13 14:00:00,90.50169
srv-002,2017-06-13 15:00:00,92.55246
srv-002,2017-06-13 16:00:00,88.84975
srv-002,2017-06-13 17:00:00,88.23509
srv-002,2017-06-13 18:00:00,82.06795
srv-002,2017-06-13 19:00:00,81.669846
srv-002,2017-06-13 20:00:00,83.6346
srv-002,2017-06-13 21:00:00,79.96877
srv-002,2017-06-13 22:00:00,81.32535
srv-002,2017-06-13 23:00:00,80.57844
srv-002,2017-06-14 00:00:00,79.62745
srv-002,2017-06-14 01:00:00,82.671074
srv-002,2017-06-14 02:00:00,80.97279
srv-002,2017-06-14 03:00:00,82.361465
srv-002,2017-06-14 04:00:00,83.19576
srv-002,2017-06-14 05:00:00,81.707695
srv-002,2017-06-14 06:00:00,82.66073
srv-002,2017-06-14 07:00:00,85.86491
srv-002,2017-06-14 08:00:00,85.35827
srv-002,2017-06-14 09:00:00,85.38649
srv-002,2017-06-14 10:00:00,87.42835
srv-002,2017-06-14 11:00:00,89.68607
srv-002,2017-06-14 12:00:00,93.87331
srv-002,2017-06-14 13:00:00,95.01948
srv-002,2017-06-14 14:00:00,97.46409
srv-002,2017-06-14 15:00:00,97.19204
srv-002,2017-06-14 16:00:00,94.89237
srv-002,2017-06-14 17:00:00,92.53896
srv-002,2017-06-14 18:00:00,92.350395
srv-002,2017-06-14 19:00:00,88.122856
srv-002,2017-06-14 20:00:00,82.2653
srv-002,2017-06-14 21:00:00,80.56858
srv-002,2017-06-14 22:00:00,82.287636
srv-002,2017-06-14 23:00:00,78.814964
srv-002,2017-06-15 00:00:00,78.42844
srv-002,2017-06-15 01:00:00,77.3194
srv-002,2017-06-15 02:00:00,80.572914
srv-002,2017-06-15 03:00:00,84.02643
srv-002,2017-06-15 04:00:00,82.3832
srv-002,2017-06-15 05:00:00,82.75128
srv-002,2017-06-15 06:00:00,82.72379
srv-002,2017-06-15 07:00:00,88.770035
srv-002,2017-06-15 08:00:00,83.62856
srv-002,2017-06-15 09:00:00,84.04734
srv-002,2017-06-15 10:00:00,84.95665
srv-002,2017-06-15 11:00:00,86.308174
srv-002,2017-06-15 12:00:00,92.35648
srv-002,2017-06-15 13:00:00,90.57183
srv-002,2017-06-15 14:00:00,87.54602
srv-002,2017-06-15 15:00:00,84.42397
srv-002,2017-06-15 16:00:00,86.843315
srv-002,2017-06-15 17:00:00,82.59772
srv-002,2017-06-15 18:00:00,82.5681
srv-002,2017-06-15 19:00:00,78.61537
srv-002,2017-06-15 20:00:00,74.08632
srv-002,2017-06-15 21:00:00,73.78098
srv-002,2017-06-15 22:00:00,72.11424
srv-002,2017-06-15 23:00:00,73.15588
srv-002,2017-06-16 00:00:00,73.878494
srv-002,2017-06-16 01:00:00,74.10366
srv-002,2017-06-16 02:00:00,72.4612
srv-002,2017-06-16 03:00:00,73.005394
srv-002,2017-06-16 04:00:00,70.01146
srv-002,2017-06-16 05:00:00,64.894455
srv-002,2017-06-16 06:00:00,68.04331
srv-002,2017-06-16 07:00:00,72.80929
srv-002,2017-06-16 08:00:00,69.29729
srv-002,2017-06-16 09:00:00,68.33875
srv-002,2017-06-16 10:00:00,67.03131
srv-002,2017-06-16 11:00:00,70.86041
srv-002,2017-06-16 12:00:00,76.35061
srv-002,2017-06-16 13:00:00,75.74432
srv-002,2017-06-16 14:00:00,74.809944
srv-002,2017-06-16 15:00:00,74.10782
srv-002,2017-06-16 16:00:00,77.37194
srv-002,2017-06-16 17:00:00,75.51866
srv-002,2017-06-16 18:00:00,70.15066
srv-002,2017-06-16 19:00:00,67.6621
srv-002,2017-06-16 20:00:00,65.95318
srv-002,2017-06-16 21:00:00,60.93202
srv-002,2017-06-16 22:00:00,62.65748
srv-002,2017-06-16 23:00:00,60.32043
srv-002,2017-06-17 00:00:00,62.66693
srv-002,2017-06-17 01:00:00,64.04386
srv-002,2017-06-17 02:00:00,64.72009
srv-002,2017-06-17 03:00:00,65.135826
srv-002,2017-06-17 04:00:00,63.795757
srv-002,2017-06-17 05:00:00,63.22538
srv-002,2017-06-17 06:00:00,66.20576
srv-002,2017-06-17 07:00:00,70.874695
srv-002,2017-06-17 08:00:00,66.425766
srv-002,2017-06-17 09:00:00,64.420975
srv-002,2017-06-17 10:00:00,66.20607
srv-002,2017-06-17 11:00:00,69.745155
srv-002,2017-06-17 12:00:00,70.45823
srv-002,2017-06-17 13:00:00,70.87087
srv-002,2017-06-17 14:00:00,71.02554
srv-002,2017-06-17 15:00:00,71.86689
srv-002,2017-06-17 16:00:00,73.49125
srv-002,2017-06-17 17:00:00,72.05861
srv-002,2017-06-17 18:00:00,70.43296
srv-002,2017-06-17 19:00:00,89.824936
srv-002,2017-06-17 20:00:00,76.32986
srv-002,2017-06-17 21:00:00,65.37371
srv-002,2017-06-17 22:00:00,66.436295
srv-002,2017-06-17 23:00:00,69.7184
srv-002,2017-06-18 00:00:00,68.74863
srv-002,2017-06-18 01:00:00,66.00045
srv-002,2017-06-18 02:00:00,63.528442
srv-002,2017-06-18 03:00:00,65.81051
srv-002,2017-06-18 04:00:00,63.552094
srv-002,2017-06-18 05:00:00,65.51034
srv-002,2017-06-18 06:00:00,63.55615
srv-002,2017-06-18 07:00:00,68.75403
srv-002,2017-06-18 08:00:00,64.896095
srv-002,2017-06-18 09:00:00,68.82675
srv-002,2017-06-18 10:00:00,68.17096
srv-002,2017-06-18 11:00:00,71.33534
srv-002,2017-06-18 12:00:00,72.49846
srv-002,2017-06-18 13:00:00,73.854225
srv-002,2017-06-18 14:00:00,73.495544
srv-002,2017-06-18 15:00:00,73.04969
srv-002,2017-06-18 16:00:00,73.19657
srv-002,2017-06-18 17:00:00,70.44558
srv-002,2017-06-18 18:00:00,68.04193
srv-002,2017-06-18 19:00:00,67.03303
srv-002,2017-06-18 20:00:00,65.49725
srv-002,2017-06-18 21:00:00,62.329807
srv-002,2017-06-18 22:00:00,65.82103
srv-002,2017-06-18 23:00:00,65.37553
srv-002,2017-06-19 00:00:00,60.34311
srv-002,2017-06-19 01:00:00,58.451584
srv-002,2017-06-19 02:00:00,64.21275
srv-002,2017-06-19 03:00:00,68.603775
srv-002,2017-06-19 04:00:00,64.910126
srv-002,2017-06-19 05:00:00,67.01648
srv-002,2017-06-19 06:00:00,65.8017
srv-002,2017-06-19 07:00:00,73.04443
srv-002,2017-06-19 08:00:00,70.44117
srv-002,2017-06-19 09:00:00,71.47284
srv-002,2017-06-19 10:00:00,68.044464
srv-002,2017-06-19 11:00:00,69.73752
srv-002,2017-06-19 12:00:00,73.06032
srv-002,2017-06-19 13:00:00,75.62986
srv-002,2017-06-19 14:00:00,74.50398
srv-002,2017-06-19 15:00:00,74.498985
srv-002,2017-06-19 16:00:00,76.71261
srv-002,2017-06-19 17:00:00,73.654816
srv-002,2017-06-19 18:00:00,74.29417
srv-002,2017-06-19 19:00:00,76.07991
srv-002,2017-06-19 20:00:00,74.95217
srv-002,2017-06-19 21:00:00,73.03316
srv-002,2017-06-19 22:00:00,68.82465
srv-002,2017-06-19 23:00:00,68.82354
srv-002,2017-06-20 00:00:00,74.95309
srv-002,2017-06-20 01:00:00,73.47813
srv-002,2017-06-20 02:00:00,76.32193
srv-002,2017-06-20 03:00:00,74.81202
srv-002,2017-06-20 04:00:00,74.50292
srv-002,2017-06-20 05:00:00,76.0836
srv-002,2017-06-20 06:00:00,76.58438
srv-002,2017-06-20 07:00:00,81.980034
srv-002,2017-06-20 08:00:00,78.12369
srv-002,2017-06-20 09:00:00,78.73801
srv-002,2017-06-20 10:00:00,80.31326
srv-002,2017-06-20 11:00:00,82.71456
srv-002,2017-06-20 12:00:00,85.27358
srv-002,2017-06-20 13:00:00,89.69458
srv-002,2017-06-20 14:00:00,89.7621
srv-002,2017-06-20 15:00:00,91.37502
srv-002,2017-06-20 16:00:00,90.42913
srv-002,2017-06-20 17:00:00,86.92151
srv-002,2017-06-20 18:00:00,86.32427
srv-002,2017-06-20 19:00:00,85.36727
srv-002,2017-06-20 20:00:00,84.94293
srv-002,2017-06-20 21:00:00,80.3633
srv-002,2017-06-20 22:00:00,76.684235
srv-002,2017-06-20 23:00:00,79.38511
srv-002,2017-06-21 00:00:00,81.30312
srv-002,2017-06-21 01:00:00,81.65948
srv-002,2017-06-21 02:00:00,82.369385
srv-002,2017-06-21 03:00:00,84.40001
srv-002,2017-06-21 04:00:00,83.21929
srv-002,2017-06-21 05:00:00,82.39109
srv-002,2017-06-21 06:00:00,83.20209
srv-002,2017-06-21 07:00:00,83.62692
srv-002,2017-06-21 08:00:00,84.031555
srv-002,2017-06-21 09:00:00,86.98495
srv-002,2017-06-21 10:00:00,92.34646
srv-002,2017-06-21 11:00:00,92.54918
srv-002,2017-06-21 12:00:00,93.610214
srv-002,2017-06-21 13:00:00,97.550156
srv-002,2017-06-21 14:00:00,93.82107
srv-002,2017-06-21 15:00:00,97.59576
srv-002,2017-06-21 16:00:00,97.43156
srv-002,2017-06-21 17:00:00,94.868904
srv-002,2017-06-21 18:00:00,90.48703
srv-002,2017-06-21 19:00:00,90.93564
srv-002,2017-06-21 20:00:00,89.70078
srv-002,2017-06-21 21:00:00,85.156845
srv-002,2017-06-21 22:00:00,86.93597
srv-002,2017-06-21 23:00:00,87.233116
srv-002,2017-06-22 00:00:00,84.37842
srv-002,2017-06-22 01:00:00,84.00658
srv-002,2017-06-22 02:00:00,84.0424
srv-002,2017-06-22 03:00:00,82.77512
srv-002,2017-06-22 04:00:00,78.95687
srv-002,2017-06-22 05:00:00,77.86538
srv-002,2017-06-22 06:00:00,75.86805
srv-002,2017-06-22 07:00:00,83.181915
srv-002,2017-06-22 08:00:00,78.94913
srv-002,2017-06-22 09:00:00,82.378845
srv-002,2017-06-22 10:00:00,88.83374
srv-002,2017-06-22 11:00:00,91.62252
srv-002,2017-06-22 12:00:00,87.47614
srv-002,2017-06-22 13:00:00,85.85257
srv-002,2017-06-22 14:00:00,85.34541
srv-002,2017-06-22 15:00:00,83.54301
srv-002,2017-06-22 16:00:00,80.8974
srv-002,2017-06-22 17:00:00,81.199196
srv-002,2017-06-22 18:00:00,81.84786
srv-002,2017-06-22 19:00:00,81.45558
srv-002,2017-06-22 20:00:00,77.172104
srv-002,2017-06-22 21:00:00,73.44844
srv-002,2017-06-22 22:00:00,73.72781
srv-002,2017-06-22 23:00:00,72.89235
srv-002,2017-06-23 00:00:00,74.00127
srv-002,2017-06-23 01:00:00,73.87121
srv-002,2017-06-23 02:00:00,71.87058
srv-002,2017-06-23 03:00:00,67.40257
srv-002,2017-06-23 04:00:00,71.32752
srv-002,2017-06-23 05:00:00,69.106445
srv-002,2017-06-23 06:00:00,69.48946
srv-002,2017-06-23 07:00:00,70.42622
srv-002,2017-06-23 08:00:00,68.81993
srv-002,2017-06-23 09:00:00,71.64843
srv-002,2017-06-23 10:00:00,74.27262
srv-002,2017-06-23 11:00:00,81.710526
srv-002,2017-06-23 12:00:00,79.386024
srv-002,2017-06-23 13:00:00,80.61526
srv-002,2017-06-23 14:00:00,80.355774
srv-002,2017-06-23 15:00:00,77.120056
srv-002,2017-06-23 16:00:00,76.94617
srv-002,2017-06-23 17:00:00,74.069046
srv-002,2017-06-23 18:00:00,73.02278
srv-002,2017-06-23 19:00:00,73.47302
srv-002,2017-06-23 20:00:00,68.742485
srv-002,2017-06-23 21:00:00,63.18987
srv-002,2017-06-23 22:00:00,64.41743
srv-002,2017-06-23 23:00:00,65.49154
srv-002,2017-06-24 00:00:00,66.61572
srv-002,2017-06-24 01:00:00,65.376045
srv-002,2017-06-24 02:00:00,66.441666
srv-002,2017-06-24 03:00:00,65.822784
srv-002,2017-06-24 04:00:00,63.541084
srv-002,2017-06-24 05:00:00,65.13388
srv-002,2017-06-24 06:00:00,66.199036
srv-002,2017-06-24 07:00:00,70.470985
srv-002,2017-06-24 08:00:00,67.72298
srv-002,2017-06-24 09:00:00,68.7671
srv-002,2017-06-24 10:00:00,69.31044
srv-002,2017-06-24 11:00:00,71.47868
srv-002,2017-06-24 12:00:00,74.10607
srv-002,2017-06-24 13:00:00,72.63318
srv-002,2017-06-24 14:00:00,73.65251
srv-002,2017-06-24 15:00:00,74.84802
srv-002,2017-06-24 16:00:00,76.7177
srv-002,2017-06-24 17:00:00,74.11159
srv-002,2017-06-24 18:00:00,69.31077
srv-002,2017-06-24 19:00:00,67.41812
srv-002,2017-06-24 20:00:00,64.428314
srv-002,2017-06-24 21:00:00,63.197113
srv-002,2017-06-24 22:00:00,62.675217
srv-002,2017-06-24 23:00:00,57.591827
srv-002,2017-06-25 00:00:00,67.41667
srv-002,2017-06-25 01:00:00,65.98515
srv-002,2017-06-25 02:00:00,65.13696
srv-002,2017-06-25 03:00:00,61.627018
srv-002,2017-06-25 04:00:00,59.286953
srv-002,2017-06-25 05:00:00,60.95528
srv-002,2017-06-25 06:00:00,62.679794
srv-002,2017-06-25 07:00:00,70.3044
srv-002,2017-06-25 08:00:00,67.707535
srv-002,2017-06-25 09:00:00,67.58919
srv-002,2017-06-25 10:00:00,65.818954
srv-002,2017-06-25 11:00:00,70.473
srv-002,2017-06-25 12:00:00,72.64616
srv-002,2017-06-25 13:00:00,72.64336
srv-002,2017-06-25 14:00:00,76.58273
srv-002,2017-06-25 15:00:00,73.65267
srv-002,2017-06-25 16:00:00,75.444214
srv-002,2017-06-25 17:00:00,71.63387
srv-002,2017-06-25 18:00:00,71.33499
srv-002,2017-06-25 19:00:00,71.47047
srv-002,2017-06-25 20:00:00,68.0265
srv-002,2017-06-25 21:00:00,68.32985
srv-002,2017-06-25 22:00:00,71.03671
srv-002,2017-06-25 23:00:00,69.29974
srv-002,2017-06-26 00:00:00,63.780476
srv-002,2017-06-26 01:00:00,64.89361
srv-002,2017-06-26 02:00:00,64.72436
srv-002,2017-06-26 03:00:00,64.41433
srv-002,2017-06-26 04:00:00,62.672768
srv-002,2017-06-26 05:00:00,59.621933
srv-002,2017-06-26 06:00:00,58.504032
srv-002,2017-06-26 07:00:00,71.467445
srv-002,2017-06-26 08:00:00,68.83674
srv-002,2017-06-26 09:00:00,70.86002
srv-002,2017-06-26 10:00:00,76.09214
srv-002,2017-06-26 11:00:00,76.07441
srv-002,2017-06-26 12:00:00,79.36627
srv-002,2017-06-26 13:00:00,80.60025
srv-002,2017-06-26 14:00:00,82.367424
srv-002,2017-06-26 15:00:00,80.99861
srv-002,2017-06-26 16:00:00,78.44154
srv-002,2017-06-26 17:00:00,76.548454
srv-002,2017-06-26 18:00:00,74.2778
srv-002,2017-06-26 19:00:00,73.631676
srv-002,2017-06-26 20:00:00,69.13575
srv-002,2017-06-26 21:00:00,65.35402
srv-002,2017-06-26 22:00:00,68.15301
srv-002,2017-06-26 23:00:00,69.72011
srv-002,2017-06-27 00:00:00,71.32254
srv-002,2017-06-27 01:00:00,72.022896
srv-002,2017-06-27 02:00:00,77.92165
srv-002,2017-06-27 03:00:00,76.57231
srv-002,2017-06-27 04:00:00,75.15569
srv-002,2017-06-27 05:00:00,75.450134
srv-002,2017-06-27 06:00:00,77.55669
srv-002,2017-06-27 07:00:00,83.23389
srv-002,2017-06-27 08:00:00,81.344185
srv-002,2017-06-27 09:00:00,84.45605
srv-002,2017-06-27 10:00:00,85.91498
srv-002,2017-06-27 11:00:00,88.83921
srv-002,2017-06-27 12:00:00,93.80211
srv-002,2017-06-27 13:00:00,93.91362
srv-002,2017-06-27 14:00:00,92.30103
srv-002,2017-06-27 15:00:00,91.332596
srv-002,2017-06-27 16:00:00,86.89461
srv-002,2017-06-27 17:00:00,88.09553
srv-002,2017-06-27 18:00:00,89.704834
srv-002,2017-06-27 19:00:00,84.38484
srv-002,2017-06-27 20:00:00,82.68544
srv-002,2017-06-27 21:00:00,82.36434
srv-002,2017-06-27 22:00:00,84.03362
srv-002,2017-06-27 23:00:00,85.87219
srv-002,2017-06-28 00:00:00,80.32061
srv-002,2017-06-28 01:00:00,82.015305
srv-002,2017-06-28 02:00:00,78.97538
srv-002,2017-06-28 03:00:00,78.414314
srv-002,2017-06-28 04:00:00,81.640305
srv-002,2017-06-28 05:00:00,82.34862
srv-002,2017-06-28 06:00:00,84.02581
srv-002,2017-06-28 07:00:00,87.49736
srv-002,2017-06-28 08:00:00,88.25971
srv-002,2017-06-28 09:00:00,91.50078
srv-002,2017-06-28 10:00:00,94.947075
srv-002,2017-06-28 11:00:00,93.90063
srv-002,2017-06-28 12:00:00,97.96234
srv-002,2017-06-28 13:00:00,97.80365
srv-002,2017-06-28 14:00:00,97.550804
srv-002,2017-06-28 15:00:00,97.59837
srv-002,2017-06-28 16:00:00,97.05106
srv-002,2017-06-28 17:00:00,92.27499
srv-002,2017-06-28 18:00:00,94.88528
srv-002,2017-06-28 19:00:00,94.71542
srv-002,2017-06-28 20:00:00,90.23984
srv-002,2017-06-28 21:00:00,85.74548
srv-002,2017-06-28 22:00:00,84.85654
srv-002,2017-06-28 23:00:00,80.22211
srv-002,2017-06-29 00:00:00,80.8901
srv-002,2017-06-29 01:00:00,81.31344
srv-002,2017-06-29 02:00:00,79.60249
srv-002,2017-06-29 03:00:00,79.36194
srv-002,2017-06-29 04:00:00,74.90646
srv-002,2017-06-29 05:00:00,74.765335
srv-002,2017-06-29 06:00:00,78.42268
srv-002,2017-06-29 07:00:00,88.06364
srv-002,2017-06-29 08:00:00,82.31714
srv-002,2017-06-29 09:00:00,84.95073
srv-002,2017-06-29 10:00:00,88.73886
srv-002,2017-06-29 11:00:00,88.776794
srv-002,2017-06-29 12:00:00,91.43629
srv-002,2017-06-29 13:00:00,91.40086
srv-002,2017-06-29 14:00:00,93.64833
srv-002,2017-06-29 15:00:00,88.73576
srv-002,2017-06-29 16:00:00,85.70288
srv-002,2017-06-29 17:00:00,85.1106
srv-002,2017-06-29 18:00:00,83.167366
srv-002,2017-06-29 19:00:00,80.28455
srv-002,2017-06-29 20:00:00,78.42117
srv-002,2017-06-29 21:00:00,72.228966
srv-002,2017-06-29 22:00:00,69.7228
srv-002,2017-06-29 23:00:00,69.46537
srv-002,2017-06-30 00:00:00,69.50163
srv-002,2017-06-30 01:00:00,69.49652
srv-002,2017-06-30 02:00:00,72.380264
srv-002,2017-06-30 03:00:00,72.7966
srv-002,2017-06-30 04:00:00,72.51393
srv-002,2017-06-30 05:00:00,71.464775
srv-002,2017-06-30 06:00:00,69.33191
srv-002,2017-06-30 07:00:00,72.8242
srv-002,2017-06-30 08:00:00,68.06766
srv-002,2017-06-30 09:00:00,69.903915
srv-002,2017-06-30 10:00:00,73.03246
srv-002,2017-06-30 11:00:00,73.19029
srv-002,2017-06-30 12:00:00,76.09528
srv-002,2017-06-30 13:00:00,76.99604
srv-002,2017-06-30 14:00:00,76.577446
srv-002,2017-06-30 15:00:00,78.75412
srv-002,2017-06-30 16:00:00,71.822
srv-002,2017-06-30 17:00:00,70.581
srv-002,2017-06-30 18:00:00,64.67389
srv-002,2017-06-30 19:00:00,64.81191
srv-002,2017-06-30 20:00:00,64.67128
srv-002,2017-06-30 21:00:00,58.46256
srv-002,2017-06-30 22:00:00,57.156166
srv-002,2017-06-30 23:00:00,54.989193
srv-003,2017-06-01 23:00:00,41.852463
srv-003,2017-06-02 00:00:00,39.181206
srv-003,2017-06-02 01:00:00,35.47569
srv-003,2017-06-02 02:00:00,36.2233
srv-003,2017-06-02 03:00:00,33.504696
srv-003,2017-06-02 04:00:00,38.19077
srv-003,2017-06-02 05:00:00,41.313633
srv-003,2017-06-02 06:00:00,41.55078
srv-003,2017-06-02 07:00:00,43.541737
srv-003,2017-06-02 08:00:00,46.323868
srv-003,2017-06-02 09:00:00,37.582664
srv-003,2017-06-02 10:00:00,40.199364
srv-003,2017-06-02 11:00:00,49.923088
srv-003,2017-06-02 12:00:00,42.834286
srv-003,2017-06-02 13:00:00,56.60326
srv-003,2017-06-02 14:00:00,48.16492
srv-003,2017-06-02 15:00:00,46.2739
srv-003,2017-06-02 16:00:00,45.055782
srv-003,2017-06-02 17:00:00,33.87822
srv-003,2017-06-02 18:00:00,30.676243
srv-003,2017-06-02 19:00:00,37.1602
srv-003,2017-06-02 20:00:00,35.955086
srv-003,2017-06-02 21:00:00,30.677877
srv-003,2017-06-02 22:00:00,40.496296
srv-003,2017-06-02 23:00:00,40.734917
srv-003,2017-06-03 00:00:00,39.407154
srv-003,2017-06-03 01:00:00,52.292515
srv-003,2017-06-03 02:00:00,40.507782
srv-003,2017-06-03 03:00:00,33.21254
srv-003,2017-06-03 04:00:00,32.591064
srv-003,2017-06-03 05:00:00,36.24822
srv-003,2017-06-03 06:00:00,39.650085
srv-003,2017-06-03 07:00:00,35.1226
srv-003,2017-06-03 08:00:00,28.017756
srv-003,2017-06-03 09:00:00,36.02493
srv-003,2017-06-03 10:00:00,34.956192
srv-003,2017-06-03 11:00:00,37.012947
srv-003,2017-06-03 12:00:00,38.769978
srv-003,2017-06-03 13:00:00,45.100464
srv-003,2017-06-03 14:00:00,39.95111
srv-003,2017-06-03 15:00:00,49.371925
srv-003,2017-06-03 16:00:00,44.344784
srv-003,2017-06-03 17:00:00,33.944866
srv-003,2017-06-03 18:00:00,29.555573
srv-003,2017-06-03 19:00:00,26.647203
srv-003,2017-06-03 20:00:00,26.569803
srv-003,2017-06-03 21:00:00,31.999538
srv-003,2017-06-03 22:00:00,40.193012
srv-003,2017-06-03 23:00:00,25.926847
srv-003,2017-06-04 00:00:00,35.678513
srv-003,2017-06-04 01:00:00,44.837425
srv-003,2017-06-04 02:00:00,54.33338
srv-003,2017-06-04 03:00:00,49.899708
srv-003,2017-06-04 04:00:00,34.2731
srv-003,2017-06-04 05:00:00,27.75223
srv-003,2017-06-04 06:00:00,36.768
srv-003,2017-06-04 07:00:00,38.44847
srv-003,2017-06-04 08:00:00,34.46192
srv-003,2017-06-04 09:00:00,27.63149
srv-003,2017-06-04 10:00:00,25.904411
srv-003,2017-06-04 11:00:00,34.69195
srv-003,2017-06-04 12:00:00,39.952892
srv-003,2017-06-04 13:00:00,45.5799
srv-003,2017-06-04 14:00:00,51.388023
srv-003,2017-06-04 15:00:00,41.546066
srv-003,2017-06-04 16:00:00,46.262943
srv-003,2017-06-04 17:00:00,38.786762
srv-003,2017-06-04 18:00:00,37.938038
srv-003,2017-06-04 19:00:00,33.50182
srv-003,2017-06-04 20:00:00,39.95386
srv-003,2017-06-04 21:00:00,35.115833
srv-003,2017-06-04 22:00:00,39.963833
srv-003,2017-06-04 23:00:00,41.989464
srv-003,2017-06-05 00:00:00,45.9883
srv-003,2017-06-05 01:00:00,45.993954
srv-003,2017-06-05 02:00:00,53.37465
srv-003,2017-06-05 03:00:00,43.0816
srv-003,2017-06-05 04:00:00,45.63884
srv-003,2017-06-05 05:00:00,44.68199
srv-003,2017-06-05 06:00:00,37.168465
srv-003,2017-06-05 07:00:00,43.990746
srv-003,2017-06-05 08:00:00,46.654507
srv-003,2017-06-05 09:00:00,39.958496
srv-003,2017-06-05 10:00:00,30.23596
srv-003,2017-06-05 11:00:00,33.711624
srv-003,2017-06-05 12:00:00,32.56609
srv-003,2017-06-05 13:00:00,36.783493
srv-003,2017-06-05 14:00:00,38.445526
srv-003,2017-06-05 15:00:00,49.898544
srv-003,2017-06-05 16:00:00,41.810112
srv-003,2017-06-05 17:00:00,44.684303
srv-003,2017-06-05 18:00:00,34.463795
srv-003,2017-06-05 19:00:00,30.314
srv-003,2017-06-05 20:00:00,31.305475
srv-003,2017-06-05 21:00:00,28.840187
srv-003,2017-06-05 22:00:00,35.575462
srv-003,2017-06-05 23:00:00,36.771374
srv-003,2017-06-06 00:00:00,42.82858
srv-003,2017-06-06 01:00:00,35.431896
srv-003,2017-06-06 02:00:00,38.19925
srv-003,2017-06-06 03:00:00,34.258373
srv-003,2017-06-06 04:00:00,43.99509
srv-003,2017-06-06 05:00:00,36.195427
srv-003,2017-06-06 06:00:00,27.143307
srv-003,2017-06-06 07:00:00,29.766808
srv-003,2017-06-06 08:00:00,27.688635
srv-003,2017-06-06 09:00:00,34.251022
srv-003,2017-06-06 10:00:00,41.151775
srv-003,2017-06-06 11:00:00,46.289276
srv-003,2017-06-06 12:00:00,32.439682
srv-003,2017-06-06 13:00:00,41.320435
srv-003,2017-06-06 14:00:00,43.5082
srv-003,2017-06-06 15:00:00,47.72782
srv-003,2017-06-06 16:00:00,50.98562
srv-003,2017-06-06 17:00:00,43.81013
srv-003,2017-06-06 18:00:00,37.586697
srv-003,2017-06-06 19:00:00,41.136703
srv-003,2017-06-06 20:00:00,47.024307
srv-003,2017-06-06 21:00:00,36.635418
srv-003,2017-06-06 22:00:00,38.74299
srv-003,2017-06-06 23:00:00,36.6488
srv-003,2017-06-07 00:00:00,35.437904
srv-003,2017-06-07 01:00:00,35.433987
srv-003,2017-06-07 02:00:00,41.52602
srv-003,2017-06-07 03:00:00,45.09652
srv-003,2017-06-07 04:00:00,38.162243
srv-003,2017-06-07 05:00:00,31.318419
srv-003,2017-06-07 06:00:00,69.724884
srv-003,2017-06-07 07:00:00,47.691868
srv-003,2017-06-07 08:00:00,52.777103
srv-003,2017-06-07 09:00:00,52.32729
srv-003,2017-06-07 10:00:00,57.137794
srv-003,2017-06-07 11:00:00,38.153854
srv-003,2017-06-07 12:00:00,39.97135
srv-003,2017-06-07 13:00:00,37.602245
srv-003,2017-06-07 14:00:00,52.314487
srv-003,2017-06-07 15:00:00,41.822407
srv-003,2017-06-07 16:00:00,34.466503
srv-003,2017-06-07 17:00:00,13.856656
srv-003,2017-06-07 18:00:00,34.318497
srv-003,2017-06-07 19:00:00,34.99414
srv-003,2017-06-07 20:00:00,43.0432
srv-003,2017-06-07 21:00:00,50.53392
srv-003,2017-06-07 22:00:00,52.86294
srv-003,2017-06-07 23:00:00,63.04764
srv-003,2017-06-08 00:00:00,62.111176
srv-003,2017-06-08 01:00:00,49.91084
srv-003,2017-06-08 02:00:00,45.653984
srv-003,2017-06-08 03:00:00,48.549812
srv-003,2017-06-08 04:00:00,38.447212
srv-003,2017-06-08 05:00:00,37.39338
srv-003,2017-06-08 06:00:00,42.53197
srv-003,2017-06-08 07:00:00,54.31068
srv-003,2017-06-08 08:00:00,49.396397
srv-003,2017-06-08 09:00:00,47.767994
srv-003,2017-06-08 10:00:00,49.04691
srv-003,2017-06-08 11:00:00,36.50471
srv-003,2017-06-08 12:00:00,37.152073
srv-003,2017-06-08 13:00:00,34.490475
srv-003,2017-06-08 14:00:00,42.532677
srv-003,2017-06-08 15:00:00,39.95899
srv-003,2017-06-08 16:00:00,48.15015
srv-003,2017-06-08 17:00:00,48.173767
srv-003,2017-06-08 18:00:00,43.992992
srv-003,2017-06-08 19:00:00,38.723
srv-003,2017-06-08 20:00:00,35.0428
srv-003,2017-06-08 21:00:00,45.970203
srv-003,2017-06-08 22:00:00,30.811062
srv-003,2017-06-08 23:00:00,33.660137
srv-003,2017-06-09 00:00:00,36.267685
srv-003,2017-06-09 01:00:00,24.073406
srv-003,2017-06-09 02:00:00,37.576485
srv-003,2017-06-09 03:00:00,39.144516
srv-003,2017-06-09 04:00:00,43.3283
srv-003,2017-06-09 05:00:00,45.59892
srv-003,2017-06-09 06:00:00,48.180504
srv-003,2017-06-09 07:00:00,50.400883
srv-003,2017-06-09 08:00:00,50.49124
srv-003,2017-06-09 09:00:00,48.593887
srv-003,2017-06-09 10:00:00,51.344006
srv-003,2017-06-09 11:00:00,63.50843
srv-003,2017-06-09 12:00:00,49.393375
srv-003,2017-06-09 13:00:00,49.00662
srv-003,2017-06-09 14:00:00,50.443398
srv-003,2017-06-09 15:00:00,37.16102
srv-003,2017-06-09 16:00:00,49.443275
srv-003,2017-06-09 17:00:00,49.019886
srv-003,2017-06-09 18:00:00,46.61359
srv-003,2017-06-09 19:00:00,40.4816
srv-003,2017-06-09 20:00:00,44.3412
srv-003,2017-06-09 21:00:00,33.948734
srv-003,2017-06-09 22:00:00,45.616825
srv-003,2017-06-09 23:00:00,48.2078
srv-003,2017-06-10 00:00:00,43.83314
srv-003,2017-06-10 01:00:00,49.88885
srv-003,2017-06-10 02:00:00,34.52755
srv-003,2017-06-10 03:00:00,29.789999
srv-003,2017-06-10 04:00:00,33.202686
srv-003,2017-06-10 05:00:00,35.47979
srv-003,2017-06-10 06:00:00,39.13903
srv-003,2017-06-10 07:00:00,40.703533
srv-003,2017-06-10 08:00:00,46.978107
srv-003,2017-06-10 09:00:00,35.47731
srv-003,2017-06-10 10:00:00,25.990967
srv-003,2017-06-10 11:00:00,23.140797
srv-003,2017-06-10 12:00:00,22.810993
srv-003,2017-06-10 13:00:00,30.22676
srv-003,2017-06-10 14:00:00,33.423256
srv-003,2017-06-10 15:00:00,38.209892
srv-003,2017-06-10 16:00:00,40.740463
srv-003,2017-06-10 17:00:00,41.841133
srv-003,2017-06-10 18:00:00,31.301634
srv-003,2017-06-10 19:00:00,32.614597
srv-003,2017-06-10 20:00:00,31.794516
srv-003,2017-06-10 21:00:00,40.7189
srv-003,2017-06-10 22:00:00,41.555595
srv-003,2017-06-10 23:00:00,51.39364
srv-003,2017-06-11 00:00:00,39.944954
srv-003,2017-06-11 01:00:00,37.154324
srv-003,2017-06-11 02:00:00,42.942112
srv-003,2017-06-11 03:00:00,37.94117
srv-003,2017-06-11 04:00:00,39.965153
srv-003,2017-06-11 05:00:00,35.498783
srv-003,2017-06-11 06:00:00,43.41797
srv-003,2017-06-11 07:00:00,33.884716
srv-003,2017-06-11 08:00:00,46.989025
srv-003,2017-06-11 09:00:00,49.01616
srv-003,2017-06-11 10:00:00,48.55421
srv-003,2017-06-11 11:00:00,48.1461
srv-003,2017-06-11 12:00:00,41.159294
srv-003,2017-06-11 13:00:00,45.61406
srv-003,2017-06-11 14:00:00,40.550217
srv-003,2017-06-11 15:00:00,28.086641
srv-003,2017-06-11 16:00:00,33.38376
srv-003,2017-06-11 17:00:00,31.379568
srv-003,2017-06-11 18:00:00,35.38722
srv-003,2017-06-11 19:00:00,36.496895
srv-003,2017-06-11 20:00:00,28.826353
srv-003,2017-06-11 21:00:00,41.537663
srv-003,2017-06-11 22:00:00,36.249847
srv-003,2017-06-11 23:00:00,43.37676
srv-003,2017-06-12 00:00:00,36.02096
srv-003,2017-06-12 01:00:00,36.638157
srv-003,2017-06-12 02:00:00,38.41541
srv-003,2017-06-12 03:00:00,25.862427
srv-003,2017-06-12 04:00:00,27.154205
srv-003,2017-06-12 05:00:00,32.704605
srv-003,2017-06-12 06:00:00,35.11982
srv-003,2017-06-12 07:00:00,37.620853
srv-003,2017-06-12 08:00:00,43.420006
srv-003,2017-06-12 09:00:00,37.415653
srv-003,2017-06-12 10:00:00,39.104504
srv-003,2017-06-12 11:00:00,31.883457
srv-003,2017-06-12 12:00:00,32.706837
srv-003,2017-06-12 13:00:00,43.70349
srv-003,2017-06-12 14:00:00,42.97399
srv-003,2017-06-12 15:00:00,39.401516
srv-003,2017-06-12 16:00:00,35.15067
srv-003,2017-06-12 17:00:00,29.08133
srv-003,2017-06-12 18:00:00,39.175068
srv-003,2017-06-12 19:00:00,51.868046
srv-003,2017-06-12 20:00:00,44.346977
srv-003,2017-06-12 21:00:00,30.852814
srv-003,2017-06-12 22:00:00,43.394375
srv-003,2017-06-12 23:00:00,36.51807
srv-003,2017-06-13 00:00:00,39.92598
srv-003,2017-06-13 01:00:00,42.924393
srv-003,2017-06-13 02:00:00,48.169037
srv-003,2017-06-13 03:00:00,43.41616
srv-003,2017-06-13 04:00:00,44.65823
srv-003,2017-06-13 05:00:00,40.752213
srv-003,2017-06-13 06:00:00,28.382196
srv-003,2017-06-13 07:00:00,31.734308
srv-003,2017-06-13 08:00:00,37.393208
srv-003,2017-06-13 09:00:00,33.39121
srv-003,2017-06-13 10:00:00,37.943424
srv-003,2017-06-13 11:00:00,41.53315
srv-003,2017-06-13 12:00:00,50.400116
srv-003,2017-06-13 13:00:00,42.200623
srv-003,2017-06-13 14:00:00,44.106407
srv-003,2017-06-13 15:00:00,37.160107
srv-003,2017-06-13 16:00:00,26.493269
srv-003,2017-06-13 17:00:00,29.907328
srv-003,2017-06-13 18:00:00,31.413475
srv-003,2017-06-13 19:00:00,37.40141
srv-003,2017-06-13 20:00:00,45.9572
srv-003,2017-06-13 21:00:00,44.110886
srv-003,2017-06-13 22:00:00,39.15
srv-003,2017-06-13 23:00:00,35.04769
srv-003,2017-06-14 00:00:00,44.48255
srv-003,2017-06-14 01:00:00,47.341026
srv-003,2017-06-14 02:00:00,39.667767
srv-003,2017-06-14 03:00:00,32.079395
srv-003,2017-06-14 04:00:00,30.5095
srv-003,2017-06-14 05:00:00,40.714317
srv-003,2017-06-14 06:00:00,35.419483
srv-003,2017-06-14 07:00:00,41.56434
srv-003,2017-06-14 08:00:00,51.937496
srv-003,2017-06-14 09:00:00,43.838295
srv-003,2017-06-14 10:00:00,41.548443
srv-003,2017-06-14 11:00:00,42.517002
srv-003,2017-06-14 12:00:00,33.71685
srv-003,2017-06-14 13:00:00,33.69884
srv-003,2017-06-14 14:00:00,39.15465
srv-003,2017-06-14 15:00:00,35.127113
srv-003,2017-06-14 16:00:00,51.340252
srv-003,2017-06-14 17:00:00,44.88636
srv-003,2017-06-14 18:00:00,42.85206
srv-003,2017-06-14 19:00:00,38.736435
srv-003,2017-06-14 20:00:00,38.468685
srv-003,2017-06-14 21:00:00,34.96735
srv-003,2017-06-14 22:00:00,25.021887
srv-003,2017-06-14 23:00:00,29.262178
srv-003,2017-06-15 00:00:00,44.845844
srv-003,2017-06-15 01:00:00,53.299225
srv-003,2017-06-15 02:00:00,42.01916
srv-003,2017-06-15 03:00:00,31.975632
srv-003,2017-06-15 04:00:00,23.137753
srv-003,2017-06-15 05:00:00,24.394474
srv-003,2017-06-15 06:00:00,27.610039
srv-003,2017-06-15 07:00:00,36.309692
srv-003,2017-06-15 08:00:00,35.686543
srv-003,2017-06-15 09:00:00,43.698727
srv-003,2017-06-15 10:00:00,46.965687
srv-003,2017-06-15 11:00:00,47.378532
srv-003,2017-06-15 12:00:00,44.854813
srv-003,2017-06-15 13:00:00,49.877647
srv-003,2017-06-15 14:00:00,51.009563
srv-003,2017-06-15 15:00:00,38.783073
srv-003,2017-06-15 16:00:00,43.05996
srv-003,2017-06-15 17:00:00,38.77263
srv-003,2017-06-15 18:00:00,45.062466
srv-003,2017-06-15 19:00:00,47.003685
srv-003,2017-06-15 20:00:00,54.385464
srv-003,2017-06-15 21:00:00,35.97443
srv-003,2017-06-15 22:00:00,39.152683
srv-003,2017-06-15 23:00:00,35.12434
srv-003,2017-06-16 00:00:00,49.39824
srv-003,2017-06-16 01:00:00,27.111639
srv-003,2017-06-16 02:00:00,34.45782
srv-003,2017-06-16 03:00:00,39.357502
srv-003,2017-06-16 04:00:00,26.478603
srv-003,2017-06-16 05:00:00,34.333885
srv-003,2017-06-16 06:00:00,24.132406
srv-003,2017-06-16 07:00:00,26.000082
srv-003,2017-06-16 08:00:00,28.117256
srv-003,2017-06-16 09:00:00,30.378057
srv-003,2017-06-16 10:00:00,34.647156
srv-003,2017-06-16 11:00:00,36.981297
srv-003,2017-06-16 12:00:00,41.565266
srv-003,2017-06-16 13:00:00,34.52013
srv-003,2017-06-16 14:00:00,42.20484
srv-003,2017-06-16 15:00:00,24.285164
srv-003,2017-06-16 16:00:00,39.14156
srv-003,2017-06-16 17:00:00,37.42282
srv-003,2017-06-16 18:00:00,36.632587
srv-003,2017-06-16 19:00:00,38.763504
srv-003,2017-06-16 20:00:00,39.404755
srv-003,2017-06-16 21:00:00,37.9521
srv-003,2017-06-16 22:00:00,44.882664
srv-003,2017-06-16 23:00:00,32.431904
srv-003,2017-06-17 00:00:00,29.566734
srv-003,2017-06-17 01:00:00,35.42208
srv-003,2017-06-17 02:00:00,34.187153
srv-003,2017-06-17 03:00:00,43.270214
srv-003,2017-06-17 04:00:00,54.44968
srv-003,2017-06-17 05:00:00,47.66324
srv-003,2017-06-17 06:00:00,33.409836
srv-003,2017-06-17 07:00:00,30.680645
srv-003,2017-06-17 08:00:00,21.448687
srv-003,2017-06-17 09:00:00,32.31542
srv-003,2017-06-17 10:00:00,29.576464
srv-003,2017-06-17 11:00:00,32.723827
srv-003,2017-06-17 12:00:00,33.83795
srv-003,2017-06-17 13:00:00,43.10238
srv-003,2017-06-17 14:00:00,42.02884
srv-003,2017-06-17 15:00:00,39.36938
srv-003,2017-06-17 16:00:00,59.194202
srv-003,2017-06-17 17:00:00,51.855072
srv-003,2017-06-17 18:00:00,32.44697
srv-003,2017-06-17 19:00:00,26.758358
srv-003,2017-06-17 20:00:00,27.707031
srv-003,2017-06-17 21:00:00,43.702274
srv-003,2017-06-17 22:00:00,40.54418
srv-003,2017-06-17 23:00:00,39.109043
srv-003,2017-06-18 00:00:00,40.20179
srv-003,2017-06-18 01:00:00,40.48772
srv-003,2017-06-18 02:00:00,37.96251
srv-003,2017-06-18 03:00:00,32.005688
srv-003,2017-06-18 04:00:00,31.384241
srv-003,2017-06-18 05:00:00,32.711315
srv-003,2017-06-18 06:00:00,25.968267
srv-003,2017-06-18 07:00:00,30.19917
srv-003,2017-06-18 08:00:00,34.468628
srv-003,2017-06-18 09:00:00,33.20283
srv-003,2017-06-18 10:00:00,43.056366
srv-003,2017-06-18 11:00:00,43.44257
srv-003,2017-06-18 12:00:00,37.394493
srv-003,2017-06-18 13:00:00,36.0317
srv-003,2017-06-18 14:00:00,44.824345
srv-003,2017-06-18 15:00:00,39.15687
srv-003,2017-06-18 16:00:00,34.34487
srv-003,2017-06-18 17:00:00,31.05173
srv-003,2017-06-18 18:00:00,34.468628
srv-003,2017-06-18 19:00:00,37.158184
srv-003,2017-06-18 20:00:00,41.533005
srv-003,2017-06-18 21:00:00,35.42383
srv-003,2017-06-18 22:00:00,45.598293
srv-003,2017-06-18 23:00:00,45.56917
srv-003,2017-06-19 00:00:00,38.761
srv-003,2017-06-19 01:00:00,43.097145
srv-003,2017-06-19 02:00:00,51.872375
srv-003,2017-06-19 03:00:00,49.022923
srv-003,2017-06-19 04:00:00,54.972095
srv-003,2017-06-19 05:00:00,41.838013
srv-003,2017-06-19 06:00:00,28.426159
srv-003,2017-06-19 07:00:00,36.200665
srv-003,2017-06-19 08:00:00,43.718967
srv-003,2017-06-19 09:00:00,33.953083
srv-003,2017-06-19 10:00:00,43.8328
srv-003,2017-06-19 11:00:00,39.653
srv-003,2017-06-19 12:00:00,43.711487
srv-003,2017-06-19 13:00:00,43.973526
srv-003,2017-06-19 14:00:00,45.308456
srv-003,2017-06-19 15:00:00,46.587227
srv-003,2017-06-19 16:00:00,43.087616
srv-003,2017-06-19 17:00:00,39.382496
srv-003,2017-06-19 18:00:00,41.526463
srv-003,2017-06-19 19:00:00,38.742275
srv-003,2017-06-19 20:00:00,34.949425
srv-003,2017-06-19 21:00:00,38.195568
srv-003,2017-06-19 22:00:00,35.04509
srv-003,2017-06-19 23:00:00,35.58329
srv-003,2017-06-20 00:00:00,33.968414
srv-003,2017-06-20 01:00:00,45.598263
srv-003,2017-06-20 02:00:00,43.858284
srv-003,2017-06-20 03:00:00,32.71733
srv-003,2017-06-20 04:00:00,43.08875
srv-003,2017-06-20 05:00:00,30.824448
srv-003,2017-06-20 06:00:00,47.350536
srv-003,2017-06-20 07:00:00,45.62384
srv-003,2017-06-20 08:00:00,39.97113
srv-003,2017-06-20 09:00:00,38.49734
srv-003,2017-06-20 10:00:00,30.4936
srv-003,2017-06-20 11:00:00,34.683125
srv-003,2017-06-20 12:00:00,35.43162
srv-003,2017-06-20 13:00:00,37.941055
srv-003,2017-06-20 14:00:00,45.347725
srv-003,2017-06-20 15:00:00,46.27031
srv-003,2017-06-20 16:00:00,37.586155
srv-003,2017-06-20 17:00:00,33.486034
srv-003,2017-06-20 18:00:00,38.183697
srv-003,2017-06-20 19:00:00,42.413128
srv-003,2017-06-20 20:00:00,41.53118
srv-003,2017-06-20 21:00:00,44.47322
srv-003,2017-06-20 22:00:00,44.123688
srv-003,2017-06-20 23:00:00,43.98939
srv-003,2017-06-21 00:00:00,48.20931
srv-003,2017-06-21 01:00:00,57.136116
srv-003,2017-06-21 02:00:00,52.822376
srv-003,2017-06-21 03:00:00,66.61299
srv-003,2017-06-21 04:00:00,57.55681
srv-003,2017-06-21 05:00:00,51.816788
srv-003,2017-06-21 06:00:00,59.574997
srv-003,2017-06-21 07:00:00,52.34725
srv-003,2017-06-21 08:00:00,37.157692
srv-003,2017-06-21 09:00:00,33.190514
srv-003,2017-06-21 10:00:00,42.845505
srv-003,2017-06-21 11:00:00,45.958405
srv-003,2017-06-21 12:00:00,39.682518
srv-003,2017-06-21 13:00:00,29.575521
srv-003,2017-06-21 14:00:00,32.94093
srv-003,2017-06-21 15:00:00,44.342567
srv-003,2017-06-21 16:00:00,43.065613
srv-003,2017-06-21 17:00:00,40.74514
srv-003,2017-06-21 18:00:00,34.689823
srv-003,2017-06-21 19:00:00,35.588425
srv-003,2017-06-21 20:00:00,41.32922
srv-003,2017-06-21 21:00:00,39.952145
srv-003,2017-06-21 22:00:00,39.381138
srv-003,2017-06-21 23:00:00,46.987602
srv-003,2017-06-22 00:00:00,39.962708
srv-003,2017-06-22 01:00:00,43.304848
srv-003,2017-06-22 02:00:00,41.534985
srv-003,2017-06-22 03:00:00,50.95939
srv-003,2017-06-22 04:00:00,52.32492
srv-003,2017-06-22 05:00:00,55.535213
srv-003,2017-06-22 06:00:00,53.38346
srv-003,2017-06-22 07:00:00,46.29518
srv-003,2017-06-22 08:00:00,48.568893
srv-003,2017-06-22 09:00:00,50.40837
srv-003,2017-06-22 10:00:00,48.575455
srv-003,2017-06-22 11:00:00,41.550083
srv-003,2017-06-22 12:00:00,46.62752
srv-003,2017-06-22 13:00:00,42.398323
srv-003,2017-06-22 14:00:00,39.157227
srv-003,2017-06-22 15:00:00,42.006973
srv-003,2017-06-22 16:00:00,38.188354
srv-003,2017-06-22 17:00:00,34.6896
srv-003,2017-06-22 18:00:00,31.365904
srv-003,2017-06-22 19:00:00,41.172226
srv-003,2017-06-22 20:00:00,49.00847
srv-003,2017-06-22 21:00:00,56.58713
srv-003,2017-06-22 22:00:00,55.003414
srv-003,2017-06-22 23:00:00,34.9603
srv-003,2017-06-23 00:00:00,38.44545
srv-003,2017-06-23 01:00:00,37.1689
srv-003,2017-06-23 02:00:00,52.313095
srv-003,2017-06-23 03:00:00,49.381443
srv-003,2017-06-23 04:00:00,39.97013
srv-003,2017-06-23 05:00:00,35.064564
srv-003,2017-06-23 06:00:00,25.840298
srv-003,2017-06-23 07:00:00,31.234432
srv-003,2017-06-23 08:00:00,25.006601
srv-003,2017-06-23 09:00:00,16.521389
srv-003,2017-06-23 10:00:00,21.675415
srv-003,2017-06-23 11:00:00,23.061996
srv-003,2017-06-23 12:00:00,30.284607
srv-003,2017-06-23 13:00:00,36.624004
srv-003,2017-06-23 14:00:00,37.952744
srv-003,2017-06-23 15:00:00,37.944817
srv-003,2017-06-23 16:00:00,40.68062
srv-003,2017-06-23 17:00:00,46.64615
srv-003,2017-06-23 18:00:00,37.153698
srv-003,2017-06-23 19:00:00,39.149002
srv-003,2017-06-23 20:00:00,38.468266
srv-003,2017-06-23 21:00:00,39.964424
srv-003,2017-06-23 22:00:00,65.50214
srv-003,2017-06-23 23:00:00,45.96301
srv-003,2017-06-24 00:00:00,33.91104
srv-003,2017-06-24 01:00:00,31.183043
srv-003,2017-06-24 02:00:00,27.725618
srv-003,2017-06-24 03:00:00,38.751526
srv-003,2017-06-24 04:00:00,39.366104
srv-003,2017-06-24 05:00:00,26.520939
srv-003,2017-06-24 06:00:00,7.1206765
srv-003,2017-06-24 07:00:00,21.47928
srv-003,2017-06-24 08:00:00,24.368889
srv-003,2017-06-24 09:00:00,30.542362
srv-003,2017-06-24 10:00:00,35.717396
srv-003,2017-06-24 11:00:00,37.44633
srv-003,2017-06-24 12:00:00,33.67401
srv-003,2017-06-24 13:00:00,41.99154
srv-003,2017-06-24 14:00:00,34.22014
srv-003,2017-06-24 15:00:00,43.707397
srv-003,2017-06-24 16:00:00,45.29376
srv-003,2017-06-24 17:00:00,38.754547
srv-003,2017-06-24 18:00:00,41.137085
srv-003,2017-06-24 19:00:00,37.55594
srv-003,2017-06-24 20:00:00,45.956173
srv-003,2017-06-24 21:00:00,38.149883
srv-003,2017-06-24 22:00:00,42.55783
srv-003,2017-06-24 23:00:00,32.92821
srv-003,2017-06-25 00:00:00,36.792515
srv-003,2017-06-25 01:00:00,38.754047
srv-003,2017-06-25 02:00:00,42.014923
srv-003,2017-06-25 03:00:00,43.090973
srv-003,2017-06-25 04:00:00,39.142582
srv-003,2017-06-25 05:00:00,26.578743
srv-003,2017-06-25 06:00:00,23.127577
srv-003,2017-06-25 07:00:00,18.302275
srv-003,2017-06-25 08:00:00,24.508022
srv-003,2017-06-25 09:00:00,36.741943
srv-003,2017-06-25 10:00:00,33.53998
srv-003,2017-06-25 11:00:00,33.78165
srv-003,2017-06-25 12:00:00,32.84306
srv-003,2017-06-25 13:00:00,37.358803
srv-003,2017-06-25 14:00:00,39.32568
srv-003,2017-06-25 15:00:00,37.1679
srv-003,2017-06-25 16:00:00,32.33532
srv-003,2017-06-25 17:00:00,38.73539
srv-003,2017-06-25 18:00:00,45.05399
srv-003,2017-06-25 19:00:00,47.028534
srv-003,2017-06-25 20:00:00,36.60567
srv-003,2017-06-25 21:00:00,23.011494
srv-003,2017-06-25 22:00:00,27.725977
srv-003,2017-06-25 23:00:00,39.964005
srv-003,2017-06-26 00:00:00,25.878515
srv-003,2017-06-26 01:00:00,27.601849
srv-003,2017-06-26 02:00:00,41.167446
srv-003,2017-06-26 03:00:00,45.33362
srv-003,2017-06-26 04:00:00,43.43406
srv-003,2017-06-26 05:00:00,33.89048
srv-003,2017-06-26 06:00:00,44.09924
srv-003,2017-06-26 07:00:00,41.335598
srv-003,2017-06-26 08:00:00,26.469845
srv-003,2017-06-26 09:00:00,40.515625
srv-003,2017-06-26 10:00:00,34.25002
srv-003,2017-06-26 11:00:00,56.08323
srv-003,2017-06-26 12:00:00,48.50665
srv-003,2017-06-26 13:00:00,48.113106
srv-003,2017-06-26 14:00:00,45.940166
srv-003,2017-06-26 15:00:00,42.222027
srv-003,2017-06-26 16:00:00,46.24596
srv-003,2017-06-26 17:00:00,45.05567
srv-003,2017-06-26 18:00:00,43.068344
srv-003,2017-06-26 19:00:00,35.431362
srv-003,2017-06-26 20:00:00,36.026283
srv-003,2017-06-26 21:00:00,29.763203
srv-003,2017-06-26 22:00:00,35.942833
srv-003,2017-06-26 23:00:00,39.152203
srv-003,2017-06-27 00:00:00,40.22009
srv-003,2017-06-27 01:00:00,47.391296
srv-003,2017-06-27 02:00:00,48.981133
srv-003,2017-06-27 03:00:00,57.508095
srv-003,2017-06-27 04:00:00,56.513252
srv-003,2017-06-27 05:00:00,51.02153
srv-003,2017-06-27 06:00:00,44.676952
srv-003,2017-06-27 07:00:00,35.43786
srv-003,2017-06-27 08:00:00,45.618233
srv-003,2017-06-27 09:00:00,47.767513
srv-003,2017-06-27 10:00:00,43.087284
srv-003,2017-06-27 11:00:00,45.059425
srv-003,2017-06-27 12:00:00,45.346855
srv-003,2017-06-27 13:00:00,44.123688
srv-003,2017-06-27 14:00:00,49.444595
srv-003,2017-06-27 15:00:00,37.596134
srv-003,2017-06-27 16:00:00,44.838192
srv-003,2017-06-27 17:00:00,51.829834
srv-003,2017-06-27 18:00:00,41.159046
srv-003,2017-06-27 19:00:00,29.315464
srv-003,2017-06-27 20:00:00,37.017143
srv-003,2017-06-27 21:00:00,43.984825
srv-003,2017-06-27 22:00:00,37.606228
srv-003,2017-06-27 23:00:00,30.65439
srv-003,2017-06-28 00:00:00,23.184006
srv-003,2017-06-28 01:00:00,37.159447
srv-003,2017-06-28 02:00:00,38.153793
srv-003,2017-06-28 03:00:00,47.346317
srv-003,2017-06-28 04:00:00,28.14335
srv-003,2017-06-28 05:00:00,33.96935
srv-003,2017-06-28 06:00:00,43.733486
srv-003,2017-06-28 07:00:00,38.22888
srv-003,2017-06-28 08:00:00,44.13723
srv-003,2017-06-28 09:00:00,37.60414
srv-003,2017-06-28 10:00:00,34.518063
srv-003,2017-06-28 11:00:00,78.97022
srv-003,2017-06-28 12:00:00,37.610626
srv-003,2017-06-28 13:00:00,48.501957
srv-003,2017-06-28 14:00:00,47.03108
srv-003,2017-06-28 15:00:00,54.41892
srv-003,2017-06-28 16:00:00,53.904366
srv-003,2017-06-28 17:00:00,44.1354
srv-003,2017-06-28 18:00:00,44.704865
srv-003,2017-06-28 19:00:00,38.42249
srv-003,2017-06-28 20:00:00,46.627247
srv-003,2017-06-28 21:00:00,52.789314
srv-003,2017-06-28 22:00:00,37.576885
srv-003,2017-06-28 23:00:00,42.403343
srv-003,2017-06-29 00:00:00,49.014786
srv-003,2017-06-29 01:00:00,51.355427
srv-003,2017-06-29 02:00:00,46.616997
srv-003,2017-06-29 03:00:00,60.679287
srv-003,2017-06-29 04:00:00,54.386444
srv-003,2017-06-29 05:00:00,39.959553
srv-003,2017-06-29 06:00:00,44.292088
srv-003,2017-06-29 07:00:00,50.436855
srv-003,2017-06-29 08:00:00,50.491825
srv-003,2017-06-29 09:00:00,48.61109
srv-003,2017-06-29 10:00:00,38.20658
srv-003,2017-06-29 11:00:00,30.369057
srv-003,2017-06-29 12:00:00,25.115797
srv-003,2017-06-29 13:00:00,21.808105
srv-003,2017-06-29 14:00:00,38.724995
srv-003,2017-06-29 15:00:00,40.718952
srv-003,2017-06-29 16:00:00,39.38783
srv-003,2017-06-29 17:00:00,31.395487
srv-003,2017-06-29 18:00:00,27.716848
srv-003,2017-06-29 19:00:00,32.48529
srv-003,2017-06-29 20:00:00,33.67761
srv-003,2017-06-29 21:00:00,36.195793
srv-003,2017-06-29 22:00:00,29.30709
srv-003,2017-06-29 23:00:00,35.580173
srv-003,2017-06-30 00:00:00,44.453644
srv-003,2017-06-30 01:00:00,40.51392
srv-003,2017-06-30 02:00:00,44.442616
srv-003,2017-06-30 03:00:00,41.142296
srv-003,2017-06-30 04:00:00,37.575382
srv-003,2017-06-30 05:00:00,40.50202
srv-003,2017-06-30 06:00:00,36.78803
srv-003,2017-06-30 07:00:00,34.68327
srv-003,2017-06-30 08:00:00,42.838036
srv-003,2017-06-30 09:00:00,30.839928
srv-003,2017-06-30 10:00:00,35.42827
srv-003,2017-06-30 11:00:00,31.23572
srv-003,2017-06-30 12:00:00,45.972046
srv-003,2017-06-30 13:00:00,49.38592
srv-003,2017-06-30 14:00:00,53.334427
srv-003,2017-06-30 15:00:00,49.42737
srv-003,2017-06-30 16:00:00,48.969105
srv-003,2017-06-30 17:00:00,46.23128
srv-003,2017-06-30 18:00:00,39.60841
srv-003,2017-06-30 19:00:00,49.34784
srv-003,2017-06-30 20:00:00,48.59196
srv-003,2017-06-30 21:00:00,38.455
srv-003,2017-06-30 22:00:00,28.333012
srv-003,2017-06-30 23:00:00,25.105736
srv-004,2017-06-01 23:00:00,55.06143
srv-004,2017-06-02 00:00:00,60.05142
srv-004,2017-06-02 01:00:00,69.717865
srv-004,2017-06-02 02:00:00,61.99839
srv-004,2017-06-02 03:00:00,77.60524
srv-004,2017-06-02 04:00:00,66.86213
srv-004,2017-06-02 05:00:00,57.1669
srv-004,2017-06-02 06:00:00,56.084347
srv-004,2017-06-02 07:00:00,53.90508
srv-004,2017-06-02 08:00:00,58.014305
srv-004,2017-06-02 09:00:00,65.37311
srv-004,2017-06-02 10:00:00,69.89164
srv-004,2017-06-02 11:00:00,73.07253
srv-004,2017-06-02 12:00:00,66.84479
srv-004,2017-06-02 13:00:00,66.429375
srv-004,2017-06-02 14:00:00,54.44646
srv-004,2017-06-02 15:00:00,50.966656
srv-004,2017-06-02 16:00:00,62.664154
srv-004,2017-06-02 17:00:00,60.937035
srv-004,2017-06-02 18:00:00,60.970078
srv-004,2017-06-02 19:00:00,63.221497
srv-004,2017-06-02 20:00:00,47.03326
srv-004,2017-06-02 21:00:00,53.324444
srv-004,2017-06-02 22:00:00,52.847862
srv-004,2017-06-02 23:00:00,60.930542
srv-004,2017-06-03 00:00:00,60.94698
srv-004,2017-06-03 01:00:00,53.832993
srv-004,2017-06-03 02:00:00,55.03085
srv-004,2017-06-03 03:00:00,48.562614
srv-004,2017-06-03 04:00:00,62.674343
srv-004,2017-06-03 05:00:00,64.43159
srv-004,2017-06-03 06:00:00,70.43704
srv-004,2017-06-03 07:00:00,74.28586
srv-004,2017-06-03 08:00:00,63.52374
srv-004,2017-06-03 09:00:00,63.82198
srv-004,2017-06-03 10:00:00,65.983215
srv-004,2017-06-03 11:00:00,69.73328
srv-004,2017-06-03 12:00:00,72.20965
srv-004,2017-06-03 13:00:00,65.50992
srv-004,2017-06-03 14:00:00,69.136925
srv-004,2017-06-03 15:00:00,69.313225
srv-004,2017-06-03 16:00:00,60.668415
srv-004,2017-06-03 17:00:00,57.16428
srv-004,2017-06-03 18:00:00,63.204502
srv-004,2017-06-03 19:00:00,61.602898
srv-004,2017-06-03 20:00:00,60.70694
srv-004,2017-06-03 21:00:00,55.01786
srv-004,2017-06-03 22:00:00,64.43609
srv-004,2017-06-03 23:00:00,72.068825
srv-004,2017-06-04 00:00:00,62.968708
srv-004,2017-06-04 01:00:00,67.58919
srv-004,2017-06-04 02:00:00,69.15288
srv-004,2017-06-04 03:00:00,61.989037
srv-004,2017-06-04 04:00:00,57.61172
srv-004,2017-06-04 05:00:00,63.557495
srv-004,2017-06-04 06:00:00,49.903152
srv-004,2017-06-04 07:00:00,41.195168
srv-004,2017-06-04 08:00:00,57.647038
srv-004,2017-06-04 09:00:00,59.354637
srv-004,2017-06-04 10:00:00,63.833115
srv-004,2017-06-04 11:00:00,80.99886
srv-004,2017-06-04 12:00:00,75.64563
srv-004,2017-06-04 13:00:00,73.88094
srv-004,2017-06-04 14:00:00,68.363205
srv-004,2017-06-04 15:00:00,63.540066
srv-004,2017-06-04 16:00:00,55.010193
srv-004,2017-06-04 17:00:00,62.33904
srv-004,2017-06-04 18:00:00,63.174503
srv-004,2017-06-04 19:00:00,56.027393
srv-004,2017-06-04 20:00:00,64.68784
srv-004,2017-06-04 21:00:00,58.973022
srv-004,2017-06-04 22:00:00,60.356495
srv-004,2017-06-04 23:00:00,64.74179
srv-004,2017-06-05 00:00:00,63.229477
srv-004,2017-06-05 01:00:00,60.679466
srv-004,2017-06-05 02:00:00,50.976807
srv-004,2017-06-05 03:00:00,56.05167
srv-004,2017-06-05 04:00:00,64.88943
srv-004,2017-06-05 05:00:00,54.964428
srv-004,2017-06-05 06:00:00,47.73272
srv-004,2017-06-05 07:00:00,65.17445
srv-004,2017-06-05 08:00:00,56.658882
srv-004,2017-06-05 09:00:00,54.4392
srv-004,2017-06-05 10:00:00,56.08125
srv-004,2017-06-05 11:00:00,65.14883
srv-004,2017-06-05 12:00:00,54.987526
srv-004,2017-06-05 13:00:00,57.180485
srv-004,2017-06-05 14:00:00,51.880035
srv-004,2017-06-05 15:00:00,71.62673
srv-004,2017-06-05 16:00:00,64.72127
srv-004,2017-06-05 17:00:00,57.574528
srv-004,2017-06-05 18:00:00,54.984764
srv-004,2017-06-05 19:00:00,57.140083
srv-004,2017-06-05 20:00:00,60.317257
srv-004,2017-06-05 21:00:00,65.3561
srv-004,2017-06-05 22:00:00,58.98262
srv-004,2017-06-05 23:00:00,55.024857
srv-004,2017-06-06 00:00:00,43.744736
srv-004,2017-06-06 01:00:00,43.836338
srv-004,2017-06-06 02:00:00,75.9331
srv-004,2017-06-06 03:00:00,83.627335
srv-004,2017-06-06 04:00:00,74.098076
srv-004,2017-06-06 05:00:00,61.61031
srv-004,2017-06-06 06:00:00,73.19771
srv-004,2017-06-06 07:00:00,69.500175
srv-004,2017-06-06 08:00:00,61.658512
srv-004,2017-06-06 09:00:00,57.181522
srv-004,2017-06-06 10:00:00,53.338593
srv-004,2017-06-06 11:00:00,53.316093
srv-004,2017-06-06 12:00:00,59.6408
srv-004,2017-06-06 13:00:00,61.59486
srv-004,2017-06-06 14:00:00,71.61855
srv-004,2017-06-06 15:00:00,72.62801
srv-004,2017-06-06 16:00:00,77.86753
srv-004,2017-06-06 17:00:00,83.254524
srv-004,2017-06-06 18:00:00,82.07196
srv-004,2017-06-06 19:00:00,69.744156
srv-004,2017-06-06 20:00:00,66.65759
srv-004,2017-06-06 21:00:00,73.179794
srv-004,2017-06-06 22:00:00,80.3083
srv-004,2017-06-06 23:00:00,75.88768
srv-004,2017-06-07 00:00:00,85.85053
srv-004,2017-06-07 01:00:00,94.988235
srv-004,2017-06-07 02:00:00,88.24007
srv-004,2017-06-07 03:00:00,67.745224
srv-004,2017-06-07 04:00:00,64.05367
srv-004,2017-06-07 05:00:00,69.895134
srv-004,2017-06-07 06:00:00,77.561195
srv-004,2017-06-07 07:00:00,55.525524
srv-004,2017-06-07 08:00:00,49.763847
srv-004,2017-06-07 09:00:00,53.350582
srv-004,2017-06-07 10:00:00,43.344376
srv-004,2017-06-07 11:00:00,54.983288
srv-004,2017-06-07 12:00:00,73.02383
srv-004,2017-06-07 13:00:00,69.4717
srv-004,2017-06-07 14:00:00,75.484856
srv-004,2017-06-07 15:00:00,73.06212
srv-004,2017-06-07 16:00:00,65.51894
srv-004,2017-06-07 17:00:00,58.53197
srv-004,2017-06-07 18:00:00,66.86967
srv-004,2017-06-07 19:00:00,71.4709
srv-004,2017-06-07 20:00:00,69.49169
srv-004,2017-06-07 21:00:00,68.550125
srv-004,2017-06-07 22:00:00,80.303154
srv-004,2017-06-07 23:00:00,84.88201
srv-004,2017-06-08 00:00:00,68.22269
srv-004,2017-06-08 01:00:00,56.054188
srv-004,2017-06-08 02:00:00,64.41757
srv-004,2017-06-08 03:00:00,53.843674
srv-004,2017-06-08 04:00:00,60.959206
srv-004,2017-06-08 05:00:00,69.73034
srv-004,2017-06-08 06:00:00,62.664524
srv-004,2017-06-08 07:00:00,65.08391
srv-004,2017-06-08 08:00:00,69.303825
srv-004,2017-06-08 09:00:00,64.437256
srv-004,2017-06-08 10:00:00,72.050865
srv-004,2017-06-08 11:00:00,68.58228
srv-004,2017-06-08 12:00:00,71.46773
srv-004,2017-06-08 13:00:00,59.320744
srv-004,2017-06-08 14:00:00,63.22084
srv-004,2017-06-08 15:00:00,68.57809
srv-004,2017-06-08 16:00:00,63.21357
srv-004,2017-06-08 17:00:00,59.323524
srv-004,2017-06-08 18:00:00,68.761795
srv-004,2017-06-08 19:00:00,71.89277
srv-004,2017-06-08 20:00:00,69.315
srv-004,2017-06-08 21:00:00,69.90628
srv-004,2017-06-08 22:00:00,55.547592
srv-004,2017-06-08 23:00:00,58.518456
srv-004,2017-06-09 00:00:00,53.84678
srv-004,2017-06-09 01:00:00,57.185734
srv-004,2017-06-09 02:00:00,48.551655
srv-004,2017-06-09 03:00:00,57.64384
srv-004,2017-06-09 04:00:00,51.851837
srv-004,2017-06-09 05:00:00,73.849815
srv-004,2017-06-09 06:00:00,68.32933
srv-004,2017-06-09 07:00:00,64.03933
srv-004,2017-06-09 08:00:00,61.64666
srv-004,2017-06-09 09:00:00,49.841667
srv-004,2017-06-09 10:00:00,54.42073
srv-004,2017-06-09 11:00:00,64.90027
srv-004,2017-06-09 12:00:00,68.01686
srv-004,2017-06-09 13:00:00,62.961758
srv-004,2017-06-09 14:00:00,73.48487
srv-004,2017-06-09 15:00:00,65.36769
srv-004,2017-06-09 16:00:00,61.649837
srv-004,2017-06-09 17:00:00,56.087082
srv-004,2017-06-09 18:00:00,48.56925
srv-004,2017-06-09 19:00:00,60.331455
srv-004,2017-06-09 20:00:00,55.035114
srv-004,2017-06-09 21:00:00,57.137623
srv-004,2017-06-09 22:00:00,53.884132
srv-004,2017-06-09 23:00:00,64.02279
srv-004,2017-06-10 00:00:00,70.028854
srv-004,2017-06-10 01:00:00,56.05503
srv-004,2017-06-10 02:00:00,59.626995
srv-004,2017-06-10 03:00:00,60.067177
srv-004,2017-06-10 04:00:00,66.599724
srv-004,2017-06-10 05:00:00,65.81086
srv-004,2017-06-10 06:00:00,70.8573
srv-004,2017-06-10 07:00:00,74.30346
srv-004,2017-06-10 08:00:00,72.09512
srv-004,2017-06-10 09:00:00,74.081604
srv-004,2017-06-10 10:00:00,66.852104
srv-004,2017-06-10 11:00:00,63.542664
srv-004,2017-06-10 12:00:00,74.15105
srv-004,2017-06-10 13:00:00,77.90196
srv-004,2017-06-10 14:00:00,78.143745
srv-004,2017-06-10 15:00:00,75.95903
srv-004,2017-06-10 16:00:00,58.931984
srv-004,2017-06-10 17:00:00,63.532852
srv-004,2017-06-10 18:00:00,61.624607
srv-004,2017-06-10 19:00:00,69.13093
srv-004,2017-06-10 20:00:00,63.176342
srv-004,2017-06-10 21:00:00,41.122513
srv-004,2017-06-10 22:00:00,52.29831
srv-004,2017-06-10 23:00:00,53.321148
srv-004,2017-06-11 00:00:00,54.48172
srv-004,2017-06-11 01:00:00,56.6145
srv-004,2017-06-11 02:00:00,67.17805
srv-004,2017-06-11 03:00:00,79.706665
srv-004,2017-06-11 04:00:00,72.06816
srv-004,2017-06-11 05:00:00,60.944683
srv-004,2017-06-11 06:00:00,43.73465
srv-004,2017-06-11 07:00:00,65.54257
srv-004,2017-06-11 08:00:00,78.79134
srv-004,2017-06-11 09:00:00,62.354706
srv-004,2017-06-11 10:00:00,64.4199
srv-004,2017-06-11 11:00:00,64.882355
srv-004,2017-06-11 12:00:00,52.818947
srv-004,2017-06-11 13:00:00,60.025517
srv-004,2017-06-11 14:00:00,66.45224
srv-004,2017-06-11 15:00:00,63.543316
srv-004,2017-06-11 16:00:00,64.90861
srv-004,2017-06-11 17:00:00,67.70281
srv-004,2017-06-11 18:00:00,65.356316
srv-004,2017-06-11 19:00:00,61.59523
srv-004,2017-06-11 20:00:00,58.951466
srv-004,2017-06-11 21:00:00,62.94821
srv-004,2017-06-11 22:00:00,65.51299
srv-004,2017-06-11 23:00:00,70.29034
srv-004,2017-06-12 00:00:00,66.86479
srv-004,2017-06-12 01:00:00,69.31659
srv-004,2017-06-12 02:00:00,75.61716
srv-004,2017-06-12 03:00:00,59.609974
srv-004,2017-06-12 04:00:00,62.00917
srv-004,2017-06-12 05:00:00,63.569363
srv-004,2017-06-12 06:00:00,56.052547
srv-004,2017-06-12 07:00:00,65.35453
srv-004,2017-06-12 08:00:00,62.336803
srv-004,2017-06-12 09:00:00,60.635418
srv-004,2017-06-12 10:00:00,49.889156
srv-004,2017-06-12 11:00:00,56.114468
srv-004,2017-06-12 12:00:00,60.687565
srv-004,2017-06-12 13:00:00,69.90374
srv-004,2017-06-12 14:00:00,75.96068
srv-004,2017-06-12 15:00:00,70.85248
srv-004,2017-06-12 16:00:00,72.82743
srv-004,2017-06-12 17:00:00,76.59704
srv-004,2017-06-12 18:00:00,67.71815
srv-004,2017-06-12 19:00:00,60.630856
srv-004,2017-06-12 20:00:00,56.109215
srv-004,2017-06-12 21:00:00,58.939526
srv-004,2017-06-12 22:00:00,56.605057
srv-004,2017-06-12 23:00:00,54.973824
srv-004,2017-06-13 00:00:00,49.83686
srv-004,2017-06-13 01:00:00,64.0396
srv-004,2017-06-13 02:00:00,64.24252
srv-004,2017-06-13 03:00:00,57.594475
srv-004,2017-06-13 04:00:00,69.14546
srv-004,2017-06-13 05:00:00,71.86382
srv-004,2017-06-13 06:00:00,56.074635
srv-004,2017-06-13 07:00:00,61.623177
srv-004,2017-06-13 08:00:00,69.15384
srv-004,2017-06-13 09:00:00,58.04691
srv-004,2017-06-13 10:00:00,53.93538
srv-004,2017-06-13 11:00:00,57.561928
srv-004,2017-06-13 12:00:00,67.60121
srv-004,2017-06-13 13:00:00,76.59908
srv-004,2017-06-13 14:00:00,72.834785
srv-004,2017-06-13 15:00:00,64.891365
srv-004,2017-06-13 16:00:00,65.82286
srv-004,2017-06-13 17:00:00,58.49687
srv-004,2017-06-13 18:00:00,64.24434
srv-004,2017-06-13 19:00:00,60.072483
srv-004,2017-06-13 20:00:00,59.583725
srv-004,2017-06-13 21:00:00,59.29497
srv-004,2017-06-13 22:00:00,56.099766
srv-004,2017-06-13 23:00:00,50.424683
srv-004,2017-06-14 00:00:00,58.525867
srv-004,2017-06-14 01:00:00,51.360283
srv-004,2017-06-14 02:00:00,48.174725
srv-004,2017-06-14 03:00:00,47.752323
srv-004,2017-06-14 04:00:00,62.976234
srv-004,2017-06-14 05:00:00,61.67005
srv-004,2017-06-14 06:00:00,66.19959
srv-004,2017-06-14 07:00:00,74.979004
srv-004,2017-06-14 08:00:00,69.31553
srv-004,2017-06-14 09:00:00,68.57219
srv-004,2017-06-14 10:00:00,72.819435
srv-004,2017-06-14 11:00:00,72.22415
srv-004,2017-06-14 12:00:00,69.9072
srv-004,2017-06-14 13:00:00,71.46832
srv-004,2017-06-14 14:00:00,68.0197
srv-004,2017-06-14 15:00:00,64.23526
srv-004,2017-06-14 16:00:00,63.535465
srv-004,2017-06-14 17:00:00,61.969048
srv-004,2017-06-14 18:00:00,69.90491
srv-004,2017-06-14 19:00:00,56.599857
srv-004,2017-06-14 20:00:00,65.14525
srv-004,2017-06-14 21:00:00,80.03906
srv-004,2017-06-14 22:00:00,75.16488
srv-004,2017-06-14 23:00:00,70.62888
srv-004,2017-06-15 00:00:00,62.669186
srv-004,2017-06-15 01:00:00,52.297367
srv-004,2017-06-15 02:00:00,54.986046
srv-004,2017-06-15 03:00:00,58.513367
srv-004,2017-06-15 04:00:00,47.724518
srv-004,2017-06-15 05:00:00,48.5531
srv-004,2017-06-15 06:00:00,47.731262
srv-004,2017-06-15 07:00:00,63.80814
srv-004,2017-06-15 08:00:00,67.07244
srv-004,2017-06-15 09:00:00,64.478004
srv-004,2017-06-15 10:00:00,67.598526
srv-004,2017-06-15 11:00:00,66.203384
srv-004,2017-06-15 12:00:00,77.92788
srv-004,2017-06-15 13:00:00,75.687454
srv-004,2017-06-15 14:00:00,71.490166
srv-004,2017-06-15 15:00:00,64.24545
srv-004,2017-06-15 16:00:00,71.45205
srv-004,2017-06-15 17:00:00,63.52558
srv-004,2017-06-15 18:00:00,46.254234
srv-004,2017-06-15 19:00:00,64.242905
srv-004,2017-06-15 20:00:00,48.980274
srv-004,2017-06-15 21:00:00,47.37611
srv-004,2017-06-15 22:00:00,57.179993
srv-004,2017-06-15 23:00:00,61.282032
srv-004,2017-06-16 00:00:00,58.960632
srv-004,2017-06-16 01:00:00,55.532593
srv-004,2017-06-16 02:00:00,50.954674
srv-004,2017-06-16 03:00:00,57.162254
srv-004,2017-06-16 04:00:00,54.43112
srv-004,2017-06-16 05:00:00,40.21703
srv-004,2017-06-16 06:00:00,39.65473
srv-004,2017-06-16 07:00:00,54.407627
srv-004,2017-06-16 08:00:00,59.673824
srv-004,2017-06-16 09:00:00,64.90128
srv-004,2017-06-16 10:00:00,59.69164
srv-004,2017-06-16 11:00:00,63.58176
srv-004,2017-06-16 12:00:00,62.405384
srv-004,2017-06-16 13:00:00,68.04565
srv-004,2017-06-16 14:00:00,79.00094
srv-004,2017-06-16 15:00:00,68.34659
srv-004,2017-06-16 16:00:00,82.69412
srv-004,2017-06-16 17:00:00,67.58624
srv-004,2017-06-16 18:00:00,51.830753
srv-004,2017-06-16 19:00:00,53.848858
srv-004,2017-06-16 20:00:00,43.088524
srv-004,2017-06-16 21:00:00,44.443447
srv-004,2017-06-16 22:00:00,40.506374
srv-004,2017-06-16 23:00:00,45.93755
srv-004,2017-06-17 00:00:00,53.874493
srv-004,2017-06-17 01:00:00,53.84348
srv-004,2017-06-17 02:00:00,57.628147
srv-004,2017-06-17 03:00:00,57.181015
srv-004,2017-06-17 04:00:00,49.368176
srv-004,2017-06-17 05:00:00,48.580864
srv-004,2017-06-17 06:00:00,45.60795
srv-004,2017-06-17 07:00:00,51.787548
srv-004,2017-06-17 08:00:00,53.29536
srv-004,2017-06-17 09:00:00,58.055756
srv-004,2017-06-17 10:00:00,51.34731
srv-004,2017-06-17 11:00:00,56.621037
srv-004,2017-06-17 12:00:00,53.851936
srv-004,2017-06-17 13:00:00,58.974392
srv-004,2017-06-17 14:00:00,59.645237
srv-004,2017-06-17 15:00:00,67.423
srv-004,2017-06-17 16:00:00,64.433136
srv-004,2017-06-17 17:00:00,44.465084
srv-004,2017-06-17 18:00:00,53.310078
srv-004,2017-06-17 19:00:00,46.001236
srv-004,2017-06-17 20:00:00,56.059757
srv-004,2017-06-17 21:00:00,53.30251
srv-004,2017-06-17 22:00:00,55.04592
srv-004,2017-06-17 23:00:00,66.199684
srv-004,2017-06-18 00:00:00,65.17023
srv-004,2017-06-18 01:00:00,62.97136
srv-004,2017-06-18 02:00:00,64.20674
srv-004,2017-06-18 03:00:00,53.87874
srv-004,2017-06-18 04:00:00,64.725845
srv-004,2017-06-18 05:00:00,59.317802
srv-004,2017-06-18 06:00:00,59.298557
srv-004,2017-06-18 07:00:00,60.066395
srv-004,2017-06-18 08:00:00,49.892708
srv-004,2017-06-18 09:00:00,40.49319
srv-004,2017-06-18 10:00:00,48.134365
srv-004,2017-06-18 11:00:00,60.96779
srv-004,2017-06-18 12:00:00,65.995255
srv-004,2017-06-18 13:00:00,73.918335
srv-004,2017-06-18 14:00:00,83.6569
srv-004,2017-06-18 15:00:00,74.95716
srv-004,2017-06-18 16:00:00,66.88933
srv-004,2017-06-18 17:00:00,62.689293
srv-004,2017-06-18 18:00:00,61.602127
srv-004,2017-06-18 19:00:00,64.43026
srv-004,2017-06-18 20:00:00,55.521297
srv-004,2017-06-18 21:00:00,49.806652
srv-004,2017-06-18 22:00:00,52.782246
srv-004,2017-06-18 23:00:00,62.025246
srv-004,2017-06-19 00:00:00,58.97413
srv-004,2017-06-19 01:00:00,65.83183
srv-004,2017-06-19 02:00:00,64.87731
srv-004,2017-06-19 03:00:00,61.625687
srv-004,2017-06-19 04:00:00,62.670086
srv-004,2017-06-19 05:00:00,61.27105
srv-004,2017-06-19 06:00:00,59.306343
srv-004,2017-06-19 07:00:00,69.905106
srv-004,2017-06-19 08:00:00,73.204475
srv-004,2017-06-19 09:00:00,67.59084
srv-004,2017-06-19 10:00:00,64.24411
srv-004,2017-06-19 11:00:00,72.65387
srv-004,2017-06-19 12:00:00,68.1734
srv-004,2017-06-19 13:00:00,71.86983
srv-004,2017-06-19 14:00:00,74.80622
srv-004,2017-06-19 15:00:00,78.38951
srv-004,2017-06-19 16:00:00,81.00639
srv-004,2017-06-19 17:00:00,73.66968
srv-004,2017-06-19 18:00:00,78.44344
srv-004,2017-06-19 19:00:00,77.94729
srv-004,2017-06-19 20:00:00,68.34347
srv-004,2017-06-19 21:00:00,69.13515
srv-004,2017-06-19 22:00:00,73.46552
srv-004,2017-06-19 23:00:00,63.2113
srv-004,2017-06-20 00:00:00,65.37732
srv-004,2017-06-20 01:00:00,72.610115
srv-004,2017-06-20 02:00:00,64.22023
srv-004,2017-06-20 03:00:00,68.8238
srv-004,2017-06-20 04:00:00,58.50369
srv-004,2017-06-20 05:00:00,50.45952
srv-004,2017-06-20 06:00:00,57.60829
srv-004,2017-06-20 07:00:00,58.94036
srv-004,2017-06-20 08:00:00,73.17713
srv-004,2017-06-20 09:00:00,60.95537
srv-004,2017-06-20 10:00:00,62.356674
srv-004,2017-06-20 11:00:00,61.61337
srv-004,2017-06-20 12:00:00,62.36179
srv-004,2017-06-20 13:00:00,79.68276
srv-004,2017-06-20 14:00:00,69.923996
srv-004,2017-06-20 15:00:00,64.02783
srv-004,2017-06-20 16:00:00,72.81157
srv-004,2017-06-20 17:00:00,56.607475
srv-004,2017-06-20 18:00:00,61.291416
srv-004,2017-06-20 19:00:00,51.36736
srv-004,2017-06-20 20:00:00,43.404213
srv-004,2017-06-20 21:00:00,49.883877
srv-004,2017-06-20 22:00:00,41.90872
srv-004,2017-06-20 23:00:00,43.30368
srv-004,2017-06-21 00:00:00,46.68196
srv-004,2017-06-21 01:00:00,61.651794
srv-004,2017-06-21 02:00:00,64.88502
srv-004,2017-06-21 03:00:00,63.577892
srv-004,2017-06-21 04:00:00,71.63343
srv-004,2017-06-21 05:00:00,47.045937
srv-004,2017-06-21 06:00:00,42.23534
srv-004,2017-06-21 07:00:00,42.582325
srv-004,2017-06-21 08:00:00,59.278843
srv-004,2017-06-21 09:00:00,67.5945
srv-004,2017-06-21 10:00:00,68.76043
srv-004,2017-06-21 11:00:00,78.96903
srv-004,2017-06-21 12:00:00,82.05748
srv-004,2017-06-21 13:00:00,82.06399
srv-004,2017-06-21 14:00:00,69.93063
srv-004,2017-06-21 15:00:00,73.647736
srv-004,2017-06-21 16:00:00,78.13381
srv-004,2017-06-21 17:00:00,83.223076
srv-004,2017-06-21 18:00:00,78.77839
srv-004,2017-06-21 19:00:00,68.56846
srv-004,2017-06-21 20:00:00,76.344604
srv-004,2017-06-21 21:00:00,71.87404
srv-004,2017-06-21 22:00:00,71.32891
srv-004,2017-06-21 23:00:00,61.985176
srv-004,2017-06-22 00:00:00,64.86923
srv-004,2017-06-22 01:00:00,53.87217
srv-004,2017-06-22 02:00:00,59.317425
srv-004,2017-06-22 03:00:00,75.905304
srv-004,2017-06-22 04:00:00,77.040695
srv-004,2017-06-22 05:00:00,69.14758
srv-004,2017-06-22 06:00:00,87.937874
srv-004,2017-06-22 07:00:00,73.49204
srv-004,2017-06-22 08:00:00,61.27845
srv-004,2017-06-22 09:00:00,56.59827
srv-004,2017-06-22 10:00:00,55.51658
srv-004,2017-06-22 11:00:00,69.52046
srv-004,2017-06-22 12:00:00,67.729004
srv-004,2017-06-22 13:00:00,60.34981
srv-004,2017-06-22 14:00:00,56.614178
srv-004,2017-06-22 15:00:00,68.37561
srv-004,2017-06-22 16:00:00,64.920906
srv-004,2017-06-22 17:00:00,79.42144
srv-004,2017-06-22 18:00:00,68.34217
srv-004,2017-06-22 19:00:00,65.9898
srv-004,2017-06-22 20:00:00,55.532974
srv-004,2017-06-22 21:00:00,56.596806
srv-004,2017-06-22 22:00:00,56.056465
srv-004,2017-06-22 23:00:00,57.157986
srv-004,2017-06-23 00:00:00,62.94912
srv-004,2017-06-23 01:00:00,55.004307
srv-004,2017-06-23 02:00:00,61.962883
srv-004,2017-06-23 03:00:00,49.893963
srv-004,2017-06-23 04:00:00,61.307144
srv-004,2017-06-23 05:00:00,59.63719
srv-004,2017-06-23 06:00:00,66.016754
srv-004,2017-06-23 07:00:00,69.13067
srv-004,2017-06-23 08:00:00,76.58984
srv-004,2017-06-23 09:00:00,71.365585
srv-004,2017-06-23 10:00:00,77.896194
srv-004,2017-06-23 11:00:00,76.74372
srv-004,2017-06-23 12:00:00,63.54948
srv-004,2017-06-23 13:00:00,71.04953
srv-004,2017-06-23 14:00:00,69.75421
srv-004,2017-06-23 15:00:00,65.118576
srv-004,2017-06-23 16:00:00,65.363335
srv-004,2017-06-23 17:00:00,58.913948
srv-004,2017-06-23 18:00:00,79.41579
srv-004,2017-06-23 19:00:00,70.43725
srv-004,2017-06-23 20:00:00,59.644886
srv-004,2017-06-23 21:00:00,44.69336
srv-004,2017-06-23 22:00:00,56.645992
srv-004,2017-06-23 23:00:00,60.045914
srv-004,2017-06-24 00:00:00,61.299854
srv-004,2017-06-24 01:00:00,65.34763
srv-004,2017-06-24 02:00:00,68.32373
srv-004,2017-06-24 03:00:00,71.05994
srv-004,2017-06-24 04:00:00,65.14249
srv-004,2017-06-24 05:00:00,51.837936
srv-004,2017-06-24 06:00:00,49.87065
srv-004,2017-06-24 07:00:00,58.525146
srv-004,2017-06-24 08:00:00,57.631866
srv-004,2017-06-24 09:00:00,65.378426
srv-004,2017-06-24 10:00:00,71.85554
srv-004,2017-06-24 11:00:00,67.42213
srv-004,2017-06-24 12:00:00,60.345028
srv-004,2017-06-24 13:00:00,58.54095
srv-004,2017-06-24 14:00:00,60.662437
srv-004,2017-06-24 15:00:00,63.535988
srv-004,2017-06-24 16:00:00,73.032104
srv-004,2017-06-24 17:00:00,70.87442
srv-004,2017-06-24 18:00:00,68.20182
srv-004,2017-06-24 19:00:00,53.349205
srv-004,2017-06-24 20:00:00,62.005814
srv-004,2017-06-24 21:00:00,59.60501
srv-004,2017-06-24 22:00:00,47.73299
srv-004,2017-06-24 23:00:00,37.564777
srv-004,2017-06-25 00:00:00,43.754585
srv-004,2017-06-25 01:00:00,54.995235
srv-004,2017-06-25 02:00:00,48.204033
srv-004,2017-06-25 03:00:00,52.804157
srv-004,2017-06-25 04:00:00,44.324795
srv-004,2017-06-25 05:00:00,46.263287
srv-004,2017-06-25 06:00:00,45.61556
srv-004,2017-06-25 07:00:00,47.39006
srv-004,2017-06-25 08:00:00,58.063236
srv-004,2017-06-25 09:00:00,57.17984
srv-004,2017-06-25 10:00:00,63.80545
srv-004,2017-06-25 11:00:00,65.81696
srv-004,2017-06-25 12:00:00,67.712494
srv-004,2017-06-25 13:00:00,63.53465
srv-004,2017-06-25 14:00:00,65.81337
srv-004,2017-06-25 15:00:00,64.413216
srv-004,2017-06-25 16:00:00,61.60149
srv-004,2017-06-25 17:00:00,79.73512
srv-004,2017-06-25 18:00:00,71.336914
srv-004,2017-06-25 19:00:00,72.04589
srv-004,2017-06-25 20:00:00,66.18855
srv-004,2017-06-25 21:00:00,74.83621
srv-004,2017-06-25 22:00:00,62.67055
srv-004,2017-06-25 23:00:00,68.58423
srv-004,2017-06-26 00:00:00,51.848763
srv-004,2017-06-26 01:00:00,47.385944
srv-004,2017-06-26 02:00:00,84.07238
srv-004,2017-06-26 03:00:00,75.636986
srv-004,2017-06-26 04:00:00,54.42979
srv-004,2017-06-26 05:00:00,53.820858
srv-004,2017-06-26 06:00:00,63.551727
srv-004,2017-06-26 07:00:00,73.67442
srv-004,2017-06-26 08:00:00,71.081985
srv-004,2017-06-26 09:00:00,65.5125
srv-004,2017-06-26 10:00:00,72.2155
srv-004,2017-06-26 11:00:00,65.37296
srv-004,2017-06-26 12:00:00,61.96926
srv-004,2017-06-26 13:00:00,58.53128
srv-004,2017-06-26 14:00:00,50.93568
srv-004,2017-06-26 15:00:00,60.68414
srv-004,2017-06-26 16:00:00,62.671085
srv-004,2017-06-26 17:00:00,67.19522
srv-004,2017-06-26 18:00:00,68.75076
srv-004,2017-06-26 19:00:00,77.954414
srv-004,2017-06-26 20:00:00,79.999954
srv-004,2017-06-26 21:00:00,69.739876
srv-004,2017-06-26 22:00:00,66.43922
srv-004,2017-06-26 23:00:00,62.346313
srv-004,2017-06-27 00:00:00,61.61469
srv-004,2017-06-27 01:00:00,65.136055
srv-004,2017-06-27 02:00:00,68.81648
srv-004,2017-06-27 03:00:00,76.07946
srv-004,2017-06-27 04:00:00,80.328896
srv-004,2017-06-27 05:00:00,73.489655
srv-004,2017-06-27 06:00:00,64.464134
srv-004,2017-06-27 07:00:00,67.74709
srv-004,2017-06-27 08:00:00,62.67768
srv-004,2017-06-27 09:00:00,68.75713
srv-004,2017-06-27 10:00:00,76.73474
srv-004,2017-06-27 11:00:00,77.1346
srv-004,2017-06-27 12:00:00,74.94498
srv-004,2017-06-27 13:00:00,76.08111
srv-004,2017-06-27 14:00:00,71.45501
srv-004,2017-06-27 15:00:00,64.72327
srv-004,2017-06-27 16:00:00,68.760414
srv-004,2017-06-27 17:00:00,77.32773
srv-004,2017-06-27 18:00:00,69.72138
srv-004,2017-06-27 19:00:00,65.80908
srv-004,2017-06-27 20:00:00,97.258896
srv-004,2017-06-27 21:00:00,67.685974
srv-004,2017-06-27 22:00:00,66.19597
srv-004,2017-06-27 23:00:00,61.26566
srv-004,2017-06-28 00:00:00,66.423805
srv-004,2017-06-28 01:00:00,64.89143
srv-004,2017-06-28 02:00:00,55.00966
srv-004,2017-06-28 03:00:00,63.14744
srv-004,2017-06-28 04:00:00,69.31889
srv-004,2017-06-28 05:00:00,66.02331
srv-004,2017-06-28 06:00:00,72.2137
srv-004,2017-06-28 07:00:00,62.974323
srv-004,2017-06-28 08:00:00,57.59731
srv-004,2017-06-28 09:00:00,58.069313
srv-004,2017-06-28 10:00:00,62.959076
srv-004,2017-06-28 11:00:00,67.567924
srv-004,2017-06-28 12:00:00,64.9117
srv-004,2017-06-28 13:00:00,71.32466
srv-004,2017-06-28 14:00:00,66.88198
srv-004,2017-06-28 15:00:00,50.983036
srv-004,2017-06-28 16:00:00,48.59906
srv-004,2017-06-28 17:00:00,67.69007
srv-004,2017-06-28 18:00:00,62.3471
srv-004,2017-06-28 19:00:00,59.631683
srv-004,2017-06-28 20:00:00,51.825676
srv-004,2017-06-28 21:00:00,60.32839
srv-004,2017-06-28 22:00:00,59.27227
srv-004,2017-06-28 23:00:00,60.94211
srv-004,2017-06-29 00:00:00,61.625153
srv-004,2017-06-29 01:00:00,50.98611
srv-004,2017-06-29 02:00:00,52.777008
srv-004,2017-06-29 03:00:00,66.02019
srv-004,2017-06-29 04:00:00,66.46561
srv-004,2017-06-29 05:00:00,52.35044
srv-004,2017-06-29 06:00:00,56.121014
srv-004,2017-06-29 07:00:00,58.55471
srv-004,2017-06-29 08:00:00,58.07405
srv-004,2017-06-29 09:00:00,56.63034
srv-004,2017-06-29 10:00:00,56.60312
srv-004,2017-06-29 11:00:00,59.6241
srv-004,2017-06-29 12:00:00,58.51133
srv-004,2017-06-29 13:00:00,68.16963
srv-004,2017-06-29 14:00:00,62.973454
srv-004,2017-06-29 15:00:00,56.1107
srv-004,2017-06-29 16:00:00,68.33883
srv-004,2017-06-29 17:00:00,63.80427
srv-004,2017-06-29 18:00:00,85.395935
srv-004,2017-06-29 19:00:00,61.984406
srv-004,2017-06-29 20:00:00,41.53566
srv-004,2017-06-29 21:00:00,49.03539
srv-004,2017-06-29 22:00:00,58.10326
srv-004,2017-06-29 23:00:00,68.60524
srv-004,2017-06-30 00:00:00,64.88295
srv-004,2017-06-30 01:00:00,64.22729
srv-004,2017-06-30 02:00:00,59.28194
srv-004,2017-06-30 03:00:00,64.87767
srv-004,2017-06-30 04:00:00,65.363884
srv-004,2017-06-30 05:00:00,58.93454
srv-004,2017-06-30 06:00:00,56.614155
srv-004,2017-06-30 07:00:00,50.96391
srv-004,2017-06-30 08:00:00,50.9547
srv-004,2017-06-30 09:00:00,57.173397
srv-004,2017-06-30 10:00:00,62.361027
srv-004,2017-06-30 11:00:00,57.17659
srv-004,2017-06-30 12:00:00,49.89335
srv-004,2017-06-30 13:00:00,53.86034
srv-004,2017-06-30 14:00:00,74.53175
srv-004,2017-06-30 15:00:00,72.502625
srv-004,2017-06-30 16:00:00,60.376827
srv-004,2017-06-30 17:00:00,58.958023
srv-004,2017-06-30 18:00:00,53.877354
srv-004,2017-06-30 19:00:00,58.943825
srv-004,2017-06-30 20:00:00,49.84738
srv-004,2017-06-30 21:00:00,58.4781
srv-004,2017-06-30 22:00:00,58.512783
srv-004,2017-06-30 23:00:00,58.50822
srv-005,2017-06-01 23:00:00,43.305347
srv-005,2017-06-02 00:00:00,44.85075
srv-005,2017-06-02 01:00:00,44.455223
srv-005,2017-06-02 02:00:00,44.32218
srv-005,2017-06-02 03:00:00,42.94581
srv-005,2017-06-02 04:00:00,43.987663
srv-005,2017-06-02 05:00:00,43.496872
srv-005,2017-06-02 06:00:00,41.825146
srv-005,2017-06-02 07:00:00,42.51588
srv-005,2017-06-02 08:00:00,41.54535
srv-005,2017-06-02 09:00:00,42.39197
srv-005,2017-06-02 10:00:00,43.390545
srv-005,2017-06-02 11:00:00,41.561047
srv-005,2017-06-02 12:00:00,41.840923
srv-005,2017-06-02 13:00:00,42.946827
srv-005,2017-06-02 14:00:00,42.94439
srv-005,2017-06-02 15:00:00,43.304092
srv-005,2017-06-02 16:00:00,45.589046
srv-005,2017-06-02 17:00:00,44.123
srv-005,2017-06-02 18:00:00,42.019306
srv-005,2017-06-02 19:00:00,42.02305
srv-005,2017-06-02 20:00:00,41.156067
srv-005,2017-06-02 21:00:00,41.844093
srv-005,2017-06-02 22:00:00,41.846054
srv-005,2017-06-02 23:00:00,41.554176
srv-005,2017-06-03 00:00:00,43.506424
srv-005,2017-06-03 01:00:00,42.835495
srv-005,2017-06-03 02:00:00,41.323883
srv-005,2017-06-03 03:00:00,42.538742
srv-005,2017-06-03 04:00:00,42.840652
srv-005,2017-06-03 05:00:00,42.40252
srv-005,2017-06-03 06:00:00,42.92704
srv-005,2017-06-03 07:00:00,43.738888
srv-005,2017-06-03 08:00:00,42.227974
srv-005,2017-06-03 09:00:00,44.44299
srv-005,2017-06-03 10:00:00,45.07911
srv-005,2017-06-03 11:00:00,45.085094
srv-005,2017-06-03 12:00:00,45.084435
srv-005,2017-06-03 13:00:00,45.307945
srv-005,2017-06-03 14:00:00,44.46219
srv-005,2017-06-03 15:00:00,43.993176
srv-005,2017-06-03 16:00:00,42.9547
srv-005,2017-06-03 17:00:00,42.956013
srv-005,2017-06-03 18:00:00,49.909237
srv-005,2017-06-03 19:00:00,46.2706
srv-005,2017-06-03 20:00:00,45.0562
srv-005,2017-06-03 21:00:00,42.543167
srv-005,2017-06-03 22:00:00,42.40469
srv-005,2017-06-03 23:00:00,42.944946
srv-005,2017-06-04 00:00:00,43.738007
srv-005,2017-06-04 01:00:00,43.518658
srv-005,2017-06-04 02:00:00,43.414673
srv-005,2017-06-04 03:00:00,44.319828
srv-005,2017-06-04 04:00:00,44.11585
srv-005,2017-06-04 05:00:00,44.32725
srv-005,2017-06-04 06:00:00,44.11489
srv-005,2017-06-04 07:00:00,43.314304
srv-005,2017-06-04 08:00:00,41.839825
srv-005,2017-06-04 09:00:00,41.32432
srv-005,2017-06-04 10:00:00,42.40062
srv-005,2017-06-04 11:00:00,42.403896
srv-005,2017-06-04 12:00:00,43.525314
srv-005,2017-06-04 13:00:00,42.02456
srv-005,2017-06-04 14:00:00,42.397522
srv-005,2017-06-04 15:00:00,43.49941
srv-005,2017-06-04 16:00:00,43.717598
srv-005,2017-06-04 17:00:00,42.402855
srv-005,2017-06-04 18:00:00,42.817844
srv-005,2017-06-04 19:00:00,43.08621
srv-005,2017-06-04 20:00:00,42.946827
srv-005,2017-06-04 21:00:00,42.94793
srv-005,2017-06-04 22:00:00,43.08767
srv-005,2017-06-04 23:00:00,43.08767
srv-005,2017-06-05 00:00:00,42.41992
srv-005,2017-06-05 01:00:00,42.55324
srv-005,2017-06-05 02:00:00,43.09605
srv-005,2017-06-05 03:00:00,43.424118
srv-005,2017-06-05 04:00:00,42.414402
srv-005,2017-06-05 05:00:00,43.52221
srv-005,2017-06-05 06:00:00,44.324635
srv-005,2017-06-05 07:00:00,42.84526
srv-005,2017-06-05 08:00:00,43.841225
srv-005,2017-06-05 09:00:00,44.326073
srv-005,2017-06-05 10:00:00,44.32931
srv-005,2017-06-05 11:00:00,44.683945
srv-005,2017-06-05 12:00:00,43.305702
srv-005,2017-06-05 13:00:00,45.324078
srv-005,2017-06-05 14:00:00,44.466507
srv-005,2017-06-05 15:00:00,44.86296
srv-005,2017-06-05 16:00:00,45.07996
srv-005,2017-06-05 17:00:00,44.119896
srv-005,2017-06-05 18:00:00,44.469536
srv-005,2017-06-05 19:00:00,43.988857
srv-005,2017-06-05 20:00:00,44.1168
srv-005,2017-06-05 21:00:00,43.99221
srv-005,2017-06-05 22:00:00,43.52243
srv-005,2017-06-05 23:00:00,43.284
srv-005,2017-06-06 00:00:00,44.308002
srv-005,2017-06-06 01:00:00,44.12643
srv-005,2017-06-06 02:00:00,43.836655
srv-005,2017-06-06 03:00:00,45.325397
srv-005,2017-06-06 04:00:00,43.983162
srv-005,2017-06-06 05:00:00,45.057972
srv-005,2017-06-06 06:00:00,44.447548
srv-005,2017-06-06 07:00:00,44.856106
srv-005,2017-06-06 08:00:00,44.1248
srv-005,2017-06-06 09:00:00,43.308537
srv-005,2017-06-06 10:00:00,42.404366
srv-005,2017-06-06 11:00:00,44.454163
srv-005,2017-06-06 12:00:00,45.969418
srv-005,2017-06-06 13:00:00,44.46618
srv-005,2017-06-06 14:00:00,44.324635
srv-005,2017-06-06 15:00:00,44.302685
srv-005,2017-06-06 16:00:00,44.473755
srv-005,2017-06-06 17:00:00,43.821415
srv-005,2017-06-06 18:00:00,44.320877
srv-005,2017-06-06 19:00:00,43.817917
srv-005,2017-06-06 20:00:00,43.99643
srv-005,2017-06-06 21:00:00,44.71111
srv-005,2017-06-06 22:00:00,43.82933
srv-005,2017-06-06 23:00:00,43.86663
srv-005,2017-06-07 00:00:00,45.05073
srv-005,2017-06-07 01:00:00,43.517853
srv-005,2017-06-07 02:00:00,44.701004
srv-005,2017-06-07 03:00:00,44.1142
srv-005,2017-06-07 04:00:00,43.98626
srv-005,2017-06-07 05:00:00,43.839867
srv-005,2017-06-07 06:00:00,44.447575
srv-005,2017-06-07 07:00:00,43.52221
srv-005,2017-06-07 08:00:00,44.119896
srv-005,2017-06-07 09:00:00,44.44883
srv-005,2017-06-07 10:00:00,45.58655
srv-005,2017-06-07 11:00:00,45.649544
srv-005,2017-06-07 12:00:00,43.84915
srv-005,2017-06-07 13:00:00,44.704536
srv-005,2017-06-07 14:00:00,46.303265
srv-005,2017-06-07 15:00:00,45.104576
srv-005,2017-06-07 16:00:00,44.87809
srv-005,2017-06-07 17:00:00,45.07824
srv-005,2017-06-07 18:00:00,43.305256
srv-005,2017-06-07 19:00:00,42.402454
srv-005,2017-06-07 20:00:00,43.74106
srv-005,2017-06-07 21:00:00,42.545967
srv-005,2017-06-07 22:00:00,43.421253
srv-005,2017-06-07 23:00:00,43.844936
srv-005,2017-06-08 00:00:00,45.61644
srv-005,2017-06-08 01:00:00,44.8724
srv-005,2017-06-08 02:00:00,43.74547
srv-005,2017-06-08 03:00:00,44.120556
srv-005,2017-06-08 04:00:00,43.090237
srv-005,2017-06-08 05:00:00,43.99017
srv-005,2017-06-08 06:00:00,44.433235
srv-005,2017-06-08 07:00:00,44.12654
srv-005,2017-06-08 08:00:00,44.33234
srv-005,2017-06-08 09:00:00,44.86006
srv-005,2017-06-08 10:00:00,44.32689
srv-005,2017-06-08 11:00:00,43.82513
srv-005,2017-06-08 12:00:00,42.949158
srv-005,2017-06-08 13:00:00,44.12213
srv-005,2017-06-08 14:00:00,43.414326
srv-005,2017-06-08 15:00:00,43.303684
srv-005,2017-06-08 16:00:00,52.259815
srv-005,2017-06-08 17:00:00,47.7204
srv-005,2017-06-08 18:00:00,43.416313
srv-005,2017-06-08 19:00:00,43.303474
srv-005,2017-06-08 20:00:00,41.340984
srv-005,2017-06-08 21:00:00,42.02059
srv-005,2017-06-08 22:00:00,42.838364
srv-005,2017-06-08 23:00:00,43.087696
srv-005,2017-06-09 00:00:00,42.3923
srv-005,2017-06-09 01:00:00,43.088066
srv-005,2017-06-09 02:00:00,43.739586
srv-005,2017-06-09 03:00:00,43.090588
srv-005,2017-06-09 04:00:00,43.987568
srv-005,2017-06-09 05:00:00,42.5324
srv-005,2017-06-09 06:00:00,42.20325
srv-005,2017-06-09 07:00:00,42.832264
srv-005,2017-06-09 08:00:00,43.085575
srv-005,2017-06-09 09:00:00,43.089634
srv-005,2017-06-09 10:00:00,42.399544
srv-005,2017-06-09 11:00:00,42.950783
srv-005,2017-06-09 12:00:00,44.459072
srv-005,2017-06-09 13:00:00,44.697895
srv-005,2017-06-09 14:00:00,44.314075
srv-005,2017-06-09 15:00:00,42.39506
srv-005,2017-06-09 16:00:00,42.5412
srv-005,2017-06-09 17:00:00,43.522926
srv-005,2017-06-09 18:00:00,43.412796
srv-005,2017-06-09 19:00:00,43.41861
srv-005,2017-06-09 20:00:00,44.699055
srv-005,2017-06-09 21:00:00,43.84738
srv-005,2017-06-09 22:00:00,42.545895
srv-005,2017-06-09 23:00:00,41.872437
srv-005,2017-06-10 00:00:00,42.406075
srv-005,2017-06-10 01:00:00,44.451275
srv-005,2017-06-10 02:00:00,43.73779
srv-005,2017-06-10 03:00:00,42.025276
srv-005,2017-06-10 04:00:00,41.842915
srv-005,2017-06-10 05:00:00,41.33892
srv-005,2017-06-10 06:00:00,42.225735
srv-005,2017-06-10 07:00:00,43.837112
srv-005,2017-06-10 08:00:00,42.225834
srv-005,2017-06-10 09:00:00,42.226032
srv-005,2017-06-10 10:00:00,43.302353
srv-005,2017-06-10 11:00:00,43.839016
srv-005,2017-06-10 12:00:00,44.450634
srv-005,2017-06-10 13:00:00,44.32708
srv-005,2017-06-10 14:00:00,45.62114
srv-005,2017-06-10 15:00:00,44.705822
srv-005,2017-06-10 16:00:00,44.71858
srv-005,2017-06-10 17:00:00,44.323322
srv-005,2017-06-10 18:00:00,43.9969
srv-005,2017-06-10 19:00:00,44.115986
srv-005,2017-06-10 20:00:00,43.83544
srv-005,2017-06-10 21:00:00,43.51309
srv-005,2017-06-10 22:00:00,44.31955
srv-005,2017-06-10 23:00:00,42.837475
srv-005,2017-06-11 00:00:00,44.324562
srv-005,2017-06-11 01:00:00,44.12196
srv-005,2017-06-11 02:00:00,43.988007
srv-005,2017-06-11 03:00:00,42.392673
srv-005,2017-06-11 04:00:00,43.415333
srv-005,2017-06-11 05:00:00,42.539783
srv-005,2017-06-11 06:00:00,42.38884
srv-005,2017-06-11 07:00:00,43.304653
srv-005,2017-06-11 08:00:00,43.30653
srv-005,2017-06-11 09:00:00,43.838356
srv-005,2017-06-11 10:00:00,43.411415
srv-005,2017-06-11 11:00:00,43.98409
srv-005,2017-06-11 12:00:00,45.28794
srv-005,2017-06-11 13:00:00,45.07585
srv-005,2017-06-11 14:00:00,43.73629
srv-005,2017-06-11 15:00:00,42.21517
srv-005,2017-06-11 16:00:00,42.211674
srv-005,2017-06-11 17:00:00,42.839493
srv-005,2017-06-11 18:00:00,41.547787
srv-005,2017-06-11 19:00:00,43.285038
srv-005,2017-06-11 20:00:00,43.311146
srv-005,2017-06-11 21:00:00,43.412075
srv-005,2017-06-11 22:00:00,43.74446
srv-005,2017-06-11 23:00:00,42.010048
srv-005,2017-06-12 00:00:00,42.012787
srv-005,2017-06-12 01:00:00,42.01349
srv-005,2017-06-12 02:00:00,43.83196
srv-005,2017-06-12 03:00:00,43.083584
srv-005,2017-06-12 04:00:00,44.44933
srv-005,2017-06-12 05:00:00,45.08134
srv-005,2017-06-12 06:00:00,44.12451
srv-005,2017-06-12 07:00:00,44.329506
srv-005,2017-06-12 08:00:00,43.526165
srv-005,2017-06-12 09:00:00,42.230324
srv-005,2017-06-12 10:00:00,43.528454
srv-005,2017-06-12 11:00:00,43.520176
srv-005,2017-06-12 12:00:00,43.39935
srv-005,2017-06-12 13:00:00,44.448425
srv-005,2017-06-12 14:00:00,44.12451
srv-005,2017-06-12 15:00:00,45.08437
srv-005,2017-06-12 16:00:00,44.467155
srv-005,2017-06-12 17:00:00,44.324833
srv-005,2017-06-12 18:00:00,44.86293
srv-005,2017-06-12 19:00:00,43.844276
srv-005,2017-06-12 20:00:00,44.12436
srv-005,2017-06-12 21:00:00,43.822838
srv-005,2017-06-12 22:00:00,43.714096
srv-005,2017-06-12 23:00:00,44.453106
srv-005,2017-06-13 00:00:00,44.86046
srv-005,2017-06-13 01:00:00,44.321537
srv-005,2017-06-13 02:00:00,43.84138
srv-005,2017-06-13 03:00:00,44.446888
srv-005,2017-06-13 04:00:00,44.679356
srv-005,2017-06-13 05:00:00,43.839867
srv-005,2017-06-13 06:00:00,43.839867
srv-005,2017-06-13 07:00:00,44.862034
srv-005,2017-06-13 08:00:00,44.463406
srv-005,2017-06-13 09:00:00,43.839264
srv-005,2017-06-13 10:00:00,43.7373
srv-005,2017-06-13 11:00:00,44.69936
srv-005,2017-06-13 12:00:00,44.328384
srv-005,2017-06-13 13:00:00,43.42561
srv-005,2017-06-13 14:00:00,44.698708
srv-005,2017-06-13 15:00:00,44.85671
srv-005,2017-06-13 16:00:00,44.70603
srv-005,2017-06-13 17:00:00,45.07748
srv-005,2017-06-13 18:00:00,43.408794
srv-005,2017-06-13 19:00:00,44.69545
srv-005,2017-06-13 20:00:00,43.98626
srv-005,2017-06-13 21:00:00,42.946255
srv-005,2017-06-13 22:00:00,45.098045
srv-005,2017-06-13 23:00:00,44.7245
srv-005,2017-06-14 00:00:00,45.341503
srv-005,2017-06-14 01:00:00,43.737637
srv-005,2017-06-14 02:00:00,44.48321
srv-005,2017-06-14 03:00:00,42.408943
srv-005,2017-06-14 04:00:00,42.95275
srv-005,2017-06-14 05:00:00,44.346016
srv-005,2017-06-14 06:00:00,44.101864
srv-005,2017-06-14 07:00:00,44.700283
srv-005,2017-06-14 08:00:00,43.988857
srv-005,2017-06-14 09:00:00,44.12281
srv-005,2017-06-14 10:00:00,42.948338
srv-005,2017-06-14 11:00:00,42.544907
srv-005,2017-06-14 12:00:00,43.08714
srv-005,2017-06-14 13:00:00,43.735584
srv-005,2017-06-14 14:00:00,42.41188
srv-005,2017-06-14 15:00:00,44.119415
srv-005,2017-06-14 16:00:00,44.12347
srv-005,2017-06-14 17:00:00,43.841385
srv-005,2017-06-14 18:00:00,44.858566
srv-005,2017-06-14 19:00:00,44.464745
srv-005,2017-06-14 20:00:00,44.698364
srv-005,2017-06-14 21:00:00,44.11918
srv-005,2017-06-14 22:00:00,42.945595
srv-005,2017-06-14 23:00:00,42.530766
srv-005,2017-06-15 00:00:00,43.415184
srv-005,2017-06-15 01:00:00,43.84348
srv-005,2017-06-15 02:00:00,42.949196
srv-005,2017-06-15 03:00:00,43.083782
srv-005,2017-06-15 04:00:00,43.30874
srv-005,2017-06-15 05:00:00,45.96283
srv-005,2017-06-15 06:00:00,45.328228
srv-005,2017-06-15 07:00:00,44.680016
srv-005,2017-06-15 08:00:00,45.07958
srv-005,2017-06-15 09:00:00,44.698048
srv-005,2017-06-15 10:00:00,44.115543
srv-005,2017-06-15 11:00:00,42.949078
srv-005,2017-06-15 12:00:00,42.93426
srv-005,2017-06-15 13:00:00,43.303062
srv-005,2017-06-15 14:00:00,43.416386
srv-005,2017-06-15 15:00:00,45.080414
srv-005,2017-06-15 16:00:00,45.322937
srv-005,2017-06-15 17:00:00,45.60224
srv-005,2017-06-15 18:00:00,45.30524
srv-005,2017-06-15 19:00:00,44.67421
srv-005,2017-06-15 20:00:00,44.458073
srv-005,2017-06-15 21:00:00,43.838177
srv-005,2017-06-15 22:00:00,43.52221
srv-005,2017-06-15 23:00:00,44.86046
srv-005,2017-06-16 00:00:00,43.820324
srv-005,2017-06-16 01:00:00,42.93601
srv-005,2017-06-16 02:00:00,43.097588
srv-005,2017-06-16 03:00:00,42.386265
srv-005,2017-06-16 04:00:00,43.088562
srv-005,2017-06-16 05:00:00,43.411575
srv-005,2017-06-16 06:00:00,44.447163
srv-005,2017-06-16 07:00:00,44.70452
srv-005,2017-06-16 08:00:00,44.100353
srv-005,2017-06-16 09:00:00,43.98099
srv-005,2017-06-16 10:00:00,44.323776
srv-005,2017-06-16 11:00:00,43.73745
srv-005,2017-06-16 12:00:00,42.40951
srv-005,2017-06-16 13:00:00,42.539444
srv-005,2017-06-16 14:00:00,41.845455
srv-005,2017-06-16 15:00:00,42.017765
srv-005,2017-06-16 16:00:00,41.15832
srv-005,2017-06-16 17:00:00,41.31631
srv-005,2017-06-16 18:00:00,42.544254
srv-005,2017-06-16 19:00:00,42.394375
srv-005,2017-06-16 20:00:00,43.733757
srv-005,2017-06-16 21:00:00,43.415333
srv-005,2017-06-16 22:00:00,43.739548
srv-005,2017-06-16 23:00:00,45.317234
srv-005,2017-06-17 00:00:00,43.519337
srv-005,2017-06-17 01:00:00,42.224514
srv-005,2017-06-17 02:00:00,42.006546
srv-005,2017-06-17 03:00:00,41.55504
srv-005,2017-06-17 04:00:00,42.539658
srv-005,2017-06-17 05:00:00,42.022217
srv-005,2017-06-17 06:00:00,42.53613
srv-005,2017-06-17 07:00:00,42.94497
srv-005,2017-06-17 08:00:00,44.329334
srv-005,2017-06-17 09:00:00,43.52928
srv-005,2017-06-17 10:00:00,42.9489
srv-005,2017-06-17 11:00:00,43.83592
srv-005,2017-06-17 12:00:00,44.698112
srv-005,2017-06-17 13:00:00,45.616505
srv-005,2017-06-17 14:00:00,45.337658
srv-005,2017-06-17 15:00:00,45.321907
srv-005,2017-06-17 16:00:00,44.85855
srv-005,2017-06-17 17:00:00,44.459263
srv-005,2017-06-17 18:00:00,45.068146
srv-005,2017-06-17 19:00:00,45.618225
srv-005,2017-06-17 20:00:00,44.473503
srv-005,2017-06-17 21:00:00,43.740246
srv-005,2017-06-17 22:00:00,44.115788
srv-005,2017-06-17 23:00:00,44.118385
srv-005,2017-06-18 00:00:00,45.07865
srv-005,2017-06-18 01:00:00,44.697197
srv-005,2017-06-18 02:00:00,44.45966
srv-005,2017-06-18 03:00:00,42.839134
srv-005,2017-06-18 04:00:00,42.548424
srv-005,2017-06-18 05:00:00,43.52577
srv-005,2017-06-18 06:00:00,42.951653
srv-005,2017-06-18 07:00:00,43.73635
srv-005,2017-06-18 08:00:00,42.833183
srv-005,2017-06-18 09:00:00,42.950085
srv-005,2017-06-18 10:00:00,44.696537
srv-005,2017-06-18 11:00:00,43.739548
srv-005,2017-06-18 12:00:00,43.52136
srv-005,2017-06-18 13:00:00,44.701607
srv-005,2017-06-18 14:00:00,43.4193
srv-005,2017-06-18 15:00:00,44.327534
srv-005,2017-06-18 16:00:00,44.836506
srv-005,2017-06-18 17:00:00,45.580463
srv-005,2017-06-18 18:00:00,45.059757
srv-005,2017-06-18 19:00:00,43.40852
srv-005,2017-06-18 20:00:00,45.060417
srv-005,2017-06-18 21:00:00,45.320187
srv-005,2017-06-18 22:00:00,45.60207
srv-005,2017-06-18 23:00:00,42.840466
srv-005,2017-06-19 00:00:00,42.22447
srv-005,2017-06-19 01:00:00,43.74386
srv-005,2017-06-19 02:00:00,43.088478
srv-005,2017-06-19 03:00:00,43.29981
srv-005,2017-06-19 04:00:00,43.08322
srv-005,2017-06-19 05:00:00,45.31511
srv-005,2017-06-19 06:00:00,44.120556
srv-005,2017-06-19 07:00:00,45.32453
srv-005,2017-06-19 08:00:00,45.076664
srv-005,2017-06-19 09:00:00,44.85671
srv-005,2017-06-19 10:00:00,43.835514
srv-005,2017-06-19 11:00:00,42.545967
srv-005,2017-06-19 12:00:00,42.217228
srv-005,2017-06-19 13:00:00,42.223072
srv-005,2017-06-19 14:00:00,42.961315
srv-005,2017-06-19 15:00:00,43.305523
srv-005,2017-06-19 16:00:00,42.944546
srv-005,2017-06-19 17:00:00,43.512085
srv-005,2017-06-19 18:00:00,43.753113
srv-005,2017-06-19 19:00:00,42.834644
srv-005,2017-06-19 20:00:00,44.121265
srv-005,2017-06-19 21:00:00,42.965584
srv-005,2017-06-19 22:00:00,42.016903
srv-005,2017-06-19 23:00:00,43.515514
srv-005,2017-06-20 00:00:00,45.981056
srv-005,2017-06-20 01:00:00,45.954838
srv-005,2017-06-20 02:00:00,45.95207
srv-005,2017-06-20 03:00:00,45.59397
srv-005,2017-06-20 04:00:00,45.082874
srv-005,2017-06-20 05:00:00,45.076004
srv-005,2017-06-20 06:00:00,45.319065
srv-005,2017-06-20 07:00:00,44.70102
srv-005,2017-06-20 08:00:00,43.535404
srv-005,2017-06-20 09:00:00,43.997883
srv-005,2017-06-20 10:00:00,43.74481
srv-005,2017-06-20 11:00:00,43.985203
srv-005,2017-06-20 12:00:00,43.4074
srv-005,2017-06-20 13:00:00,43.967472
srv-005,2017-06-20 14:00:00,42.949398
srv-005,2017-06-20 15:00:00,43.308537
srv-005,2017-06-20 16:00:00,44.691692
srv-005,2017-06-20 17:00:00,45.57476
srv-005,2017-06-20 18:00:00,44.73622
srv-005,2017-06-20 19:00:00,43.740894
srv-005,2017-06-20 20:00:00,44.11746
srv-005,2017-06-20 21:00:00,43.40983
srv-005,2017-06-20 22:00:00,45.062706
srv-005,2017-06-20 23:00:00,44.676758
srv-005,2017-06-21 00:00:00,43.52287
srv-005,2017-06-21 01:00:00,43.983883
srv-005,2017-06-21 02:00:00,44.70002
srv-005,2017-06-21 03:00:00,43.413746
srv-005,2017-06-21 04:00:00,43.508133
srv-005,2017-06-21 05:00:00,43.312656
srv-005,2017-06-21 06:00:00,42.54359
srv-005,2017-06-21 07:00:00,43.500824
srv-005,2017-06-21 08:00:00,45.594368
srv-005,2017-06-21 09:00:00,45.109768
srv-005,2017-06-21 10:00:00,45.60242
srv-005,2017-06-21 11:00:00,45.356976
srv-005,2017-06-21 12:00:00,45.30542
srv-005,2017-06-21 13:00:00,44.877155
srv-005,2017-06-21 14:00:00,44.703728
srv-005,2017-06-21 15:00:00,44.86604
srv-005,2017-06-21 16:00:00,42.386707
srv-005,2017-06-21 17:00:00,42.952255
srv-005,2017-06-21 18:00:00,43.52728
srv-005,2017-06-21 19:00:00,41.568226
srv-005,2017-06-21 20:00:00,41.165123
srv-005,2017-06-21 21:00:00,43.0854
srv-005,2017-06-21 22:00:00,41.84291
srv-005,2017-06-21 23:00:00,42.54097
srv-005,2017-06-22 00:00:00,42.527275
srv-005,2017-06-22 01:00:00,41.558304
srv-005,2017-06-22 02:00:00,43.52113
srv-005,2017-06-22 03:00:00,42.83629
srv-005,2017-06-22 04:00:00,44.700283
srv-005,2017-06-22 05:00:00,44.098606
srv-005,2017-06-22 06:00:00,43.508133
srv-005,2017-06-22 07:00:00,43.99397
srv-005,2017-06-22 08:00:00,41.84822
srv-005,2017-06-22 09:00:00,42.216988
srv-005,2017-06-22 10:00:00,42.545086
srv-005,2017-06-22 11:00:00,42.53802
srv-005,2017-06-22 12:00:00,42.021057
srv-005,2017-06-22 13:00:00,42.55208
srv-005,2017-06-22 14:00:00,42.957047
srv-005,2017-06-22 15:00:00,42.838245
srv-005,2017-06-22 16:00:00,42.82903
srv-005,2017-06-22 17:00:00,42.957615
srv-005,2017-06-22 18:00:00,42.849033
srv-005,2017-06-22 19:00:00,43.849857
srv-005,2017-06-22 20:00:00,43.71911
srv-005,2017-06-22 21:00:00,42.948498
srv-005,2017-06-22 22:00:00,43.741257
srv-005,2017-06-22 23:00:00,42.838245
srv-005,2017-06-23 00:00:00,43.30739
srv-005,2017-06-23 01:00:00,42.525803
srv-005,2017-06-23 02:00:00,43.419125
srv-005,2017-06-23 03:00:00,41.558834
srv-005,2017-06-23 04:00:00,43.087845
srv-005,2017-06-23 05:00:00,42.93601
srv-005,2017-06-23 06:00:00,42.022877
srv-005,2017-06-23 07:00:00,41.554836
srv-005,2017-06-23 08:00:00,40.511253
srv-005,2017-06-23 09:00:00,41.159214
srv-005,2017-06-23 10:00:00,42.22244
srv-005,2017-06-23 11:00:00,41.54599
srv-005,2017-06-23 12:00:00,42.018864
srv-005,2017-06-23 13:00:00,41.830276
srv-005,2017-06-23 14:00:00,42.023796
srv-005,2017-06-23 15:00:00,43.082832
srv-005,2017-06-23 16:00:00,43.742462
srv-005,2017-06-23 17:00:00,43.988228
srv-005,2017-06-23 18:00:00,44.12675
srv-005,2017-06-23 19:00:00,44.1224
srv-005,2017-06-23 20:00:00,43.5203
srv-005,2017-06-23 21:00:00,43.412273
srv-005,2017-06-23 22:00:00,42.199776
srv-005,2017-06-23 23:00:00,42.39056
srv-005,2017-06-24 00:00:00,44.119743
srv-005,2017-06-24 01:00:00,44.455032
srv-005,2017-06-24 02:00:00,44.697895
srv-005,2017-06-24 03:00:00,44.115986
srv-005,2017-06-24 04:00:00,43.41749
srv-005,2017-06-24 05:00:00,42.951443
srv-005,2017-06-24 06:00:00,42.37814
srv-005,2017-06-24 07:00:00,42.22026
srv-005,2017-06-24 08:00:00,43.83026
srv-005,2017-06-24 09:00:00,43.082726
srv-005,2017-06-24 10:00:00,42.402855
srv-005,2017-06-24 11:00:00,43.30443
srv-005,2017-06-24 12:00:00,43.082428
srv-005,2017-06-24 13:00:00,44.69881
srv-005,2017-06-24 14:00:00,45.053204
srv-005,2017-06-24 15:00:00,44.71532
srv-005,2017-06-24 16:00:00,43.82765
srv-005,2017-06-24 17:00:00,42.54136
srv-005,2017-06-24 18:00:00,43.086967
srv-005,2017-06-24 19:00:00,42.840652
srv-005,2017-06-24 20:00:00,41.333847
srv-005,2017-06-24 21:00:00,42.399902
srv-005,2017-06-24 22:00:00,42.405617
srv-005,2017-06-24 23:00:00,42.230526
srv-005,2017-06-25 00:00:00,42.22448
srv-005,2017-06-25 01:00:00,42.54167
srv-005,2017-06-25 02:00:00,43.089878
srv-005,2017-06-25 03:00:00,42.226173
srv-005,2017-06-25 04:00:00,41.536976
srv-005,2017-06-25 05:00:00,43.967575
srv-005,2017-06-25 06:00:00,43.739548
srv-005,2017-06-25 07:00:00,43.41929
srv-005,2017-06-25 08:00:00,43.092224
srv-005,2017-06-25 09:00:00,43.991505
srv-005,2017-06-25 10:00:00,44.12234
srv-005,2017-06-25 11:00:00,45.599216
srv-005,2017-06-25 12:00:00,45.599155
srv-005,2017-06-25 13:00:00,44.841183
srv-005,2017-06-25 14:00:00,44.86007
srv-005,2017-06-25 15:00:00,45.320766
srv-005,2017-06-25 16:00:00,42.83548
srv-005,2017-06-25 17:00:00,42.545155
srv-005,2017-06-25 18:00:00,43.73715
srv-005,2017-06-25 19:00:00,43.408978
srv-005,2017-06-25 20:00:00,42.94447
srv-005,2017-06-25 21:00:00,43.51818
srv-005,2017-06-25 22:00:00,44.320065
srv-005,2017-06-25 23:00:00,43.98239
srv-005,2017-06-26 00:00:00,43.305523
srv-005,2017-06-26 01:00:00,43.305443
srv-005,2017-06-26 02:00:00,42.83483
srv-005,2017-06-26 03:00:00,43.84118
srv-005,2017-06-26 04:00:00,43.993927
srv-005,2017-06-26 05:00:00,42.54421
srv-005,2017-06-26 06:00:00,41.337498
srv-005,2017-06-26 07:00:00,42.016747
srv-005,2017-06-26 08:00:00,41.158295
srv-005,2017-06-26 09:00:00,42.212524
srv-005,2017-06-26 10:00:00,42.83445
srv-005,2017-06-26 11:00:00,42.94519
srv-005,2017-06-26 12:00:00,42.54029
srv-005,2017-06-26 13:00:00,43.41014
srv-005,2017-06-26 14:00:00,44.452625
srv-005,2017-06-26 15:00:00,44.121254
srv-005,2017-06-26 16:00:00,44.12451
srv-005,2017-06-26 17:00:00,45.599167
srv-005,2017-06-26 18:00:00,45.086704
srv-005,2017-06-26 19:00:00,44.70098
srv-005,2017-06-26 20:00:00,45.05801
srv-005,2017-06-26 21:00:00,44.486233
srv-005,2017-06-26 22:00:00,45.972713
srv-005,2017-06-26 23:00:00,45.620396
srv-005,2017-06-27 00:00:00,43.526825
srv-005,2017-06-27 01:00:00,43.094193
srv-005,2017-06-27 02:00:00,42.840244
srv-005,2017-06-27 03:00:00,44.119896
srv-005,2017-06-27 04:00:00,43.08698
srv-005,2017-06-27 05:00:00,42.952255
srv-005,2017-06-27 06:00:00,42.232754
srv-005,2017-06-27 07:00:00,42.838905
srv-005,2017-06-27 08:00:00,42.407764
srv-005,2017-06-27 09:00:00,44.321198
srv-005,2017-06-27 10:00:00,44.12105
srv-005,2017-06-27 11:00:00,45.326107
srv-005,2017-06-27 12:00:00,44.698708
srv-005,2017-06-27 13:00:00,45.076664
srv-005,2017-06-27 14:00:00,43.312008
srv-005,2017-06-27 15:00:00,43.526825
srv-005,2017-06-27 16:00:00,42.218628
srv-005,2017-06-27 17:00:00,42.01791
srv-005,2017-06-27 18:00:00,43.097008
srv-005,2017-06-27 19:00:00,44.32793
srv-005,2017-06-27 20:00:00,44.12451
srv-005,2017-06-27 21:00:00,44.453285
srv-005,2017-06-27 22:00:00,42.84025
srv-005,2017-06-27 23:00:00,42.019238
srv-005,2017-06-28 00:00:00,42.00827
srv-005,2017-06-28 01:00:00,43.732304
srv-005,2017-06-28 02:00:00,43.06605
srv-005,2017-06-28 03:00:00,41.845623
srv-005,2017-06-28 04:00:00,43.41906
srv-005,2017-06-28 05:00:00,43.74106
srv-005,2017-06-28 06:00:00,44.31379
srv-005,2017-06-28 07:00:00,43.518612
srv-005,2017-06-28 08:00:00,42.945644
srv-005,2017-06-28 09:00:00,43.31143
srv-005,2017-06-28 10:00:00,42.948338
srv-005,2017-06-28 11:00:00,41.32565
srv-005,2017-06-28 12:00:00,41.83827
srv-005,2017-06-28 13:00:00,42.01173
srv-005,2017-06-28 14:00:00,41.14553
srv-005,2017-06-28 15:00:00,42.009186
srv-005,2017-06-28 16:00:00,41.845604
srv-005,2017-06-28 17:00:00,42.225327
srv-005,2017-06-28 18:00:00,42.54377
srv-005,2017-06-28 19:00:00,42.838886
srv-005,2017-06-28 20:00:00,42.228622
srv-005,2017-06-28 21:00:00,43.303204
srv-005,2017-06-28 22:00:00,43.401447
srv-005,2017-06-28 23:00:00,43.09359
srv-005,2017-06-29 00:00:00,42.92925
srv-005,2017-06-29 01:00:00,43.83833
srv-005,2017-06-29 02:00:00,44.860004
srv-005,2017-06-29 03:00:00,43.841225
srv-005,2017-06-29 04:00:00,44.121254
srv-005,2017-06-29 05:00:00,43.321224
srv-005,2017-06-29 06:00:00,43.741257
srv-005,2017-06-29 07:00:00,43.30698
srv-005,2017-06-29 08:00:00,41.550358
srv-005,2017-06-29 09:00:00,43.30766
srv-005,2017-06-29 10:00:00,44.121254
srv-005,2017-06-29 11:00:00,44.456543
srv-005,2017-06-29 12:00:00,44.452587
srv-005,2017-06-29 13:00:00,45.318462
srv-005,2017-06-29 14:00:00,46.27116
srv-005,2017-06-29 15:00:00,44.88462
srv-005,2017-06-29 16:00:00,45.08265
srv-005,2017-06-29 17:00:00,45.057972
srv-005,2017-06-29 18:00:00,45.591698
srv-005,2017-06-29 19:00:00,44.706512
srv-005,2017-06-29 20:00:00,42.949078
srv-005,2017-06-29 21:00:00,43.305443
srv-005,2017-06-29 22:00:00,43.520195
srv-005,2017-06-29 23:00:00,43.297897
srv-005,2017-06-30 00:00:00,42.206234
srv-005,2017-06-30 01:00:00,43.40914
srv-005,2017-06-30 02:00:00,42.22777
srv-005,2017-06-30 03:00:00,42.22104
srv-005,2017-06-30 04:00:00,42.195286
srv-005,2017-06-30 05:00:00,42.822575
srv-005,2017-06-30 06:00:00,42.83088
srv-005,2017-06-30 07:00:00,43.716938
srv-005,2017-06-30 08:00:00,44.301517
srv-005,2017-06-30 09:00:00,43.98435
srv-005,2017-06-30 10:00:00,43.98962
srv-005,2017-06-30 11:00:00,45.077732
srv-005,2017-06-30 12:00:00,44.119045
srv-005,2017-06-30 13:00:00,44.12338
srv-005,2017-06-30 14:00:00,43.08295
srv-005,2017-06-30 15:00:00,43.98491
srv-005,2017-06-30 16:00:00,43.740406
srv-005,2017-06-30 17:00:00,44.83706
srv-005,2017-06-30 18:00:00,43.985607
srv-005,2017-06-30 19:00:00,43.307888
srv-005,2017-06-30 20:00:00,42.951443
srv-005,2017-06-30 21:00:00,44.322464
srv-005,2017-06-30 22:00:00,46.280373
srv-005,2017-06-30 23:00:00,45.61635
srv-006,2017-06-01 23:00:00,86.95407
srv-006,2017-06-02 00:00:00,87.08518
srv-006,2017-06-02 01:00:00,84.43316
srv-006,2017-06-02 02:00:00,86.34015
srv-006,2017-06-02 03:00:00,85.87294
srv-006,2017-06-02 04:00:00,84.01786
srv-006,2017-06-02 05:00:00,83.31343
srv-006,2017-06-02 06:00:00,89.81217
srv-006,2017-06-02 07:00:00,90.554886
srv-006,2017-06-02 08:00:00,91.38451
srv-006,2017-06-02 09:00:00,93.68025
srv-006,2017-06-02 10:00:00,93.83368
srv-006,2017-06-02 11:00:00,93.775925
srv-006,2017-06-02 12:00:00,90.35084
srv-006,2017-06-02 13:00:00,88.698006
srv-006,2017-06-02 14:00:00,91.36166
srv-006,2017-06-02 15:00:00,84.84114
srv-006,2017-06-02 16:00:00,88.27418
srv-006,2017-06-02 17:00:00,90.56623
srv-006,2017-06-02 18:00:00,91.46762
srv-006,2017-06-02 19:00:00,88.04174
srv-006,2017-06-02 20:00:00,82.40681
srv-006,2017-06-02 21:00:00,81.33155
srv-006,2017-06-02 22:00:00,77.36149
srv-006,2017-06-02 23:00:00,80.33379
srv-006,2017-06-03 00:00:00,84.42838
srv-006,2017-06-03 01:00:00,81.6566
srv-006,2017-06-03 02:00:00,85.8234
srv-006,2017-06-03 03:00:00,86.3345
srv-006,2017-06-03 04:00:00,86.39412
srv-006,2017-06-03 05:00:00,85.832634
srv-006,2017-06-03 06:00:00,84.02529
srv-006,2017-06-03 07:00:00,88.191574
srv-006,2017-06-03 08:00:00,86.472824
srv-006,2017-06-03 09:00:00,81.3695
srv-006,2017-06-03 10:00:00,83.29644
srv-006,2017-06-03 11:00:00,85.3251
srv-006,2017-06-03 12:00:00,85.23924
srv-006,2017-06-03 13:00:00,89.63314
srv-006,2017-06-03 14:00:00,93.8558
srv-006,2017-06-03 15:00:00,91.437164
srv-006,2017-06-03 16:00:00,91.406555
srv-006,2017-06-03 17:00:00,89.60053
srv-006,2017-06-03 18:00:00,88.674644
srv-006,2017-06-03 19:00:00,87.443535
srv-006,2017-06-03 20:00:00,86.8985
srv-006,2017-06-03 21:00:00,85.242
srv-006,2017-06-03 22:00:00,88.139
srv-006,2017-06-03 23:00:00,86.331924
srv-006,2017-06-04 00:00:00,80.659164
srv-006,2017-06-04 01:00:00,86.35371
srv-006,2017-06-04 02:00:00,92.03945
srv-006,2017-06-04 03:00:00,91.9584
srv-006,2017-06-04 04:00:00,88.01226
srv-006,2017-06-04 05:00:00,86.17974
srv-006,2017-06-04 06:00:00,85.76975
srv-006,2017-06-04 07:00:00,92.21807
srv-006,2017-06-04 08:00:00,91.439415
srv-006,2017-06-04 09:00:00,87.99349
srv-006,2017-06-04 10:00:00,91.35644
srv-006,2017-06-04 11:00:00,92.13697
srv-006,2017-06-04 12:00:00,92.510666
srv-006,2017-06-04 13:00:00,77.57752
srv-006,2017-06-04 14:00:00,83.18861
srv-006,2017-06-04 15:00:00,86.414635
srv-006,2017-06-04 16:00:00,88.77129
srv-006,2017-06-04 17:00:00,88.21151
srv-006,2017-06-04 18:00:00,90.56224
srv-006,2017-06-04 19:00:00,90.36113
srv-006,2017-06-04 20:00:00,90.659325
srv-006,2017-06-04 21:00:00,84.857254
srv-006,2017-06-04 22:00:00,82.70897
srv-006,2017-06-04 23:00:00,83.67072
srv-006,2017-06-05 00:00:00,81.00323
srv-006,2017-06-05 01:00:00,79.92397
srv-006,2017-06-05 02:00:00,78.724754
srv-006,2017-06-05 03:00:00,79.92965
srv-006,2017-06-05 04:00:00,76.04548
srv-006,2017-06-05 05:00:00,73.44425
srv-006,2017-06-05 06:00:00,76.296165
srv-006,2017-06-05 07:00:00,85.23501
srv-006,2017-06-05 08:00:00,80.35846
srv-006,2017-06-05 09:00:00,82.35799
srv-006,2017-06-05 10:00:00,82.55068
srv-006,2017-06-05 11:00:00,83.50564
srv-006,2017-06-05 12:00:00,86.35898
srv-006,2017-06-05 13:00:00,92.63799
srv-006,2017-06-05 14:00:00,97.58737
srv-006,2017-06-05 15:00:00,89.00314
srv-006,2017-06-05 16:00:00,84.42779
srv-006,2017-06-05 17:00:00,89.61787
srv-006,2017-06-05 18:00:00,96.26471
srv-006,2017-06-05 19:00:00,92.77736
srv-006,2017-06-05 20:00:00,89.83877
srv-006,2017-06-05 21:00:00,89.72765
srv-006,2017-06-05 22:00:00,89.64992
srv-006,2017-06-05 23:00:00,92.33448
srv-006,2017-06-06 00:00:00,91.25296
srv-006,2017-06-06 01:00:00,92.391426
srv-006,2017-06-06 02:00:00,91.143295
srv-006,2017-06-06 03:00:00,91.40139
srv-006,2017-06-06 04:00:00,88.23917
srv-006,2017-06-06 05:00:00,93.89178
srv-006,2017-06-06 06:00:00,95.118095
srv-006,2017-06-06 07:00:00,97.473274
srv-006,2017-06-06 08:00:00,95.37188
srv-006,2017-06-06 09:00:00,95.083176
srv-006,2017-06-06 10:00:00,98.16423
srv-006,2017-06-06 11:00:00,95.216095
srv-006,2017-06-06 12:00:00,98.06453
srv-006,2017-06-06 13:00:00,96.799545
srv-006,2017-06-06 14:00:00,98.00767
srv-006,2017-06-06 15:00:00,97.87467
srv-006,2017-06-06 16:00:00,97.95747
srv-006,2017-06-06 17:00:00,97.894485
srv-006,2017-06-06 18:00:00,97.9793
srv-006,2017-06-06 19:00:00,97.386
srv-006,2017-06-06 20:00:00,92.55887
srv-006,2017-06-06 21:00:00,93.48437
srv-006,2017-06-06 22:00:00,92.47422
srv-006,2017-06-06 23:00:00,93.80093
srv-006,2017-06-07 00:00:00,92.28044
srv-006,2017-06-07 01:00:00,94.96012
srv-006,2017-06-07 02:00:00,96.205826
srv-006,2017-06-07 03:00:00,91.44143
srv-006,2017-06-07 04:00:00,86.33527
srv-006,2017-06-07 05:00:00,89.70432
srv-006,2017-06-07 06:00:00,93.58307
srv-006,2017-06-07 07:00:00,97.75813
srv-006,2017-06-07 08:00:00,97.81135
srv-006,2017-06-07 09:00:00,97.80322
srv-006,2017-06-07 10:00:00,97.93704
srv-006,2017-06-07 11:00:00,97.75772
srv-006,2017-06-07 12:00:00,97.67495
srv-006,2017-06-07 13:00:00,97.543755
srv-006,2017-06-07 14:00:00,97.48686
srv-006,2017-06-07 15:00:00,97.49871
srv-006,2017-06-07 16:00:00,97.68594
srv-006,2017-06-07 17:00:00,97.57069
srv-006,2017-06-07 18:00:00,97.60104
srv-006,2017-06-07 19:00:00,97.28524
srv-006,2017-06-07 20:00:00,97.53185
srv-006,2017-06-07 21:00:00,96.23934
srv-006,2017-06-07 22:00:00,96.735985
srv-006,2017-06-07 23:00:00,94.961845
srv-006,2017-06-08 00:00:00,92.57631
srv-006,2017-06-08 01:00:00,93.66236
srv-006,2017-06-08 02:00:00,89.682045
srv-006,2017-06-08 03:00:00,90.774315
srv-006,2017-06-08 04:00:00,95.28118
srv-006,2017-06-08 05:00:00,94.59873
srv-006,2017-06-08 06:00:00,92.63639
srv-006,2017-06-08 07:00:00,97.57963
srv-006,2017-06-08 08:00:00,97.48069
srv-006,2017-06-08 09:00:00,97.6171
srv-006,2017-06-08 10:00:00,97.44633
srv-006,2017-06-08 11:00:00,97.88
srv-006,2017-06-08 12:00:00,97.99023
srv-006,2017-06-08 13:00:00,97.9544
srv-006,2017-06-08 14:00:00,97.39726
srv-006,2017-06-08 15:00:00,97.094
srv-006,2017-06-08 16:00:00,97.0455
srv-006,2017-06-08 17:00:00,94.85979
srv-006,2017-06-08 18:00:00,96.61399
srv-006,2017-06-08 19:00:00,94.89534
srv-006,2017-06-08 20:00:00,90.40007
srv-006,2017-06-08 21:00:00,90.43566
srv-006,2017-06-08 22:00:00,95.080414
srv-006,2017-06-08 23:00:00,93.601364
srv-006,2017-06-09 00:00:00,97.74942
srv-006,2017-06-09 01:00:00,94.80864
srv-006,2017-06-09 02:00:00,96.29103
srv-006,2017-06-09 03:00:00,94.880486
srv-006,2017-06-09 04:00:00,96.13744
srv-006,2017-06-09 05:00:00,90.36659
srv-006,2017-06-09 06:00:00,86.777466
srv-006,2017-06-09 07:00:00,93.52045
srv-006,2017-06-09 08:00:00,86.984024
srv-006,2017-06-09 09:00:00,82.72186
srv-006,2017-06-09 10:00:00,80.94773
srv-006,2017-06-09 11:00:00,85.17573
srv-006,2017-06-09 12:00:00,92.59213
srv-006,2017-06-09 13:00:00,95.03501
srv-006,2017-06-09 14:00:00,91.27084
srv-006,2017-06-09 15:00:00,90.42858
srv-006,2017-06-09 16:00:00,89.69634
srv-006,2017-06-09 17:00:00,83.54965
srv-006,2017-06-09 18:00:00,85.27684
srv-006,2017-06-09 19:00:00,83.70746
srv-006,2017-06-09 20:00:00,83.29785
srv-006,2017-06-09 21:00:00,77.9173
srv-006,2017-06-09 22:00:00,74.80054
srv-006,2017-06-09 23:00:00,71.799164
srv-006,2017-06-10 00:00:00,81.23175
srv-006,2017-06-10 01:00:00,81.603294
srv-006,2017-06-10 02:00:00,83.66285
srv-006,2017-06-10 03:00:00,79.6668
srv-006,2017-06-10 04:00:00,83.25235
srv-006,2017-06-10 05:00:00,83.97958
srv-006,2017-06-10 06:00:00,81.39223
srv-006,2017-06-10 07:00:00,91.52534
srv-006,2017-06-10 08:00:00,84.47732
srv-006,2017-06-10 09:00:00,87.3507
srv-006,2017-06-10 10:00:00,90.445816
srv-006,2017-06-10 11:00:00,90.479965
srv-006,2017-06-10 12:00:00,93.58989
srv-006,2017-06-10 13:00:00,96.52711
srv-006,2017-06-10 14:00:00,96.794914
srv-006,2017-06-10 15:00:00,97.706184
srv-006,2017-06-10 16:00:00,89.62824
srv-006,2017-06-10 17:00:00,88.84195
srv-006,2017-06-10 18:00:00,87.37415
srv-006,2017-06-10 19:00:00,83.289795
srv-006,2017-06-10 20:00:00,84.35305
srv-006,2017-06-10 21:00:00,80.59086
srv-006,2017-06-10 22:00:00,78.89701
srv-006,2017-06-10 23:00:00,79.91445
srv-006,2017-06-11 00:00:00,84.393486
srv-006,2017-06-11 01:00:00,88.75529
srv-006,2017-06-11 02:00:00,89.70522
srv-006,2017-06-11 03:00:00,83.6732
srv-006,2017-06-11 04:00:00,79.938
srv-006,2017-06-11 05:00:00,79.96441
srv-006,2017-06-11 06:00:00,81.2966
srv-006,2017-06-11 07:00:00,89.65583
srv-006,2017-06-11 08:00:00,86.96723
srv-006,2017-06-11 09:00:00,86.97008
srv-006,2017-06-11 10:00:00,88.30759
srv-006,2017-06-11 11:00:00,89.823616
srv-006,2017-06-11 12:00:00,93.88576
srv-006,2017-06-11 13:00:00,93.783394
srv-006,2017-06-11 14:00:00,96.134285
srv-006,2017-06-11 15:00:00,89.67641
srv-006,2017-06-11 16:00:00,89.756775
srv-006,2017-06-11 17:00:00,90.44771
srv-006,2017-06-11 18:00:00,93.26538
srv-006,2017-06-11 19:00:00,93.073654
srv-006,2017-06-11 20:00:00,87.43713
srv-006,2017-06-11 21:00:00,85.89301
srv-006,2017-06-11 22:00:00,86.92673
srv-006,2017-06-11 23:00:00,86.93974
srv-006,2017-06-12 00:00:00,78.95636
srv-006,2017-06-12 01:00:00,80.985794
srv-006,2017-06-12 02:00:00,83.20965
srv-006,2017-06-12 03:00:00,83.61472
srv-006,2017-06-12 04:00:00,80.29686
srv-006,2017-06-12 05:00:00,82.339035
srv-006,2017-06-12 06:00:00,85.231255
srv-006,2017-06-12 07:00:00,91.37064
srv-006,2017-06-12 08:00:00,90.585175
srv-006,2017-06-12 09:00:00,93.893295
srv-006,2017-06-12 10:00:00,96.64432
srv-006,2017-06-12 11:00:00,93.811386
srv-006,2017-06-12 12:00:00,95.39683
srv-006,2017-06-12 13:00:00,94.83319
srv-006,2017-06-12 14:00:00,96.80271
srv-006,2017-06-12 15:00:00,98.00536
srv-006,2017-06-12 16:00:00,97.94446
srv-006,2017-06-12 17:00:00,92.60885
srv-006,2017-06-12 18:00:00,92.02956
srv-006,2017-06-12 19:00:00,88.588486
srv-006,2017-06-12 20:00:00,87.51198
srv-006,2017-06-12 21:00:00,84.95854
srv-006,2017-06-12 22:00:00,88.19894
srv-006,2017-06-12 23:00:00,85.42104
srv-006,2017-06-13 00:00:00,89.72689
srv-006,2017-06-13 01:00:00,85.89167
srv-006,2017-06-13 02:00:00,84.08465
srv-006,2017-06-13 03:00:00,85.8935
srv-006,2017-06-13 04:00:00,89.534325
srv-006,2017-06-13 05:00:00,84.95194
srv-006,2017-06-13 06:00:00,88.17136
srv-006,2017-06-13 07:00:00,97.41662
srv-006,2017-06-13 08:00:00,92.938774
srv-006,2017-06-13 09:00:00,92.86887
srv-006,2017-06-13 10:00:00,98.04064
srv-006,2017-06-13 11:00:00,97.9285
srv-006,2017-06-13 12:00:00,98.100464
srv-006,2017-06-13 13:00:00,97.96894
srv-006,2017-06-13 14:00:00,97.94534
srv-006,2017-06-13 15:00:00,97.92051
srv-006,2017-06-13 16:00:00,97.61366
srv-006,2017-06-13 17:00:00,97.849236
srv-006,2017-06-13 18:00:00,97.996605
srv-006,2017-06-13 19:00:00,97.88283
srv-006,2017-06-13 20:00:00,97.8787
srv-006,2017-06-13 21:00:00,92.60353
srv-006,2017-06-13 22:00:00,96.75069
srv-006,2017-06-13 23:00:00,97.77282
srv-006,2017-06-14 00:00:00,97.52155
srv-006,2017-06-14 01:00:00,96.09308
srv-006,2017-06-14 02:00:00,97.42308
srv-006,2017-06-14 03:00:00,97.987495
srv-006,2017-06-14 04:00:00,97.762085
srv-006,2017-06-14 05:00:00,97.986534
srv-006,2017-06-14 06:00:00,97.66705
srv-006,2017-06-14 07:00:00,97.86718
srv-006,2017-06-14 08:00:00,97.49634
srv-006,2017-06-14 09:00:00,98.13968
srv-006,2017-06-14 10:00:00,98.02799
srv-006,2017-06-14 11:00:00,97.428024
srv-006,2017-06-14 12:00:00,97.69094
srv-006,2017-06-14 13:00:00,97.409096
srv-006,2017-06-14 14:00:00,97.419785
srv-006,2017-06-14 15:00:00,97.44203
srv-006,2017-06-14 16:00:00,97.57455
srv-006,2017-06-14 17:00:00,97.67659
srv-006,2017-06-14 18:00:00,98.01538
srv-006,2017-06-14 19:00:00,97.96269
srv-006,2017-06-14 20:00:00,97.19828
srv-006,2017-06-14 21:00:00,97.40455
srv-006,2017-06-14 22:00:00,92.36112
srv-006,2017-06-14 23:00:00,93.43301
srv-006,2017-06-15 00:00:00,90.352684
srv-006,2017-06-15 01:00:00,90.55987
srv-006,2017-06-15 02:00:00,89.815895
srv-006,2017-06-15 03:00:00,94.619026
srv-006,2017-06-15 04:00:00,93.7609
srv-006,2017-06-15 05:00:00,94.88263
srv-006,2017-06-15 06:00:00,91.47153
srv-006,2017-06-15 07:00:00,97.2474
srv-006,2017-06-15 08:00:00,97.807434
srv-006,2017-06-15 09:00:00,97.808716
srv-006,2017-06-15 10:00:00,97.462166
srv-006,2017-06-15 11:00:00,97.796684
srv-006,2017-06-15 12:00:00,97.87542
srv-006,2017-06-15 13:00:00,97.81117
srv-006,2017-06-15 14:00:00,97.99188
srv-006,2017-06-15 15:00:00,97.91211
srv-006,2017-06-15 16:00:00,97.96083
srv-006,2017-06-15 17:00:00,97.8783
srv-006,2017-06-15 18:00:00,97.95037
srv-006,2017-06-15 19:00:00,97.89534
srv-006,2017-06-15 20:00:00,97.41818
srv-006,2017-06-15 21:00:00,86.004974
srv-006,2017-06-15 22:00:00,81.01024
srv-006,2017-06-15 23:00:00,88.87987
srv-006,2017-06-16 00:00:00,91.33903
srv-006,2017-06-16 01:00:00,90.57435
srv-006,2017-06-16 02:00:00,87.37939
srv-006,2017-06-16 03:00:00,88.708855
srv-006,2017-06-16 04:00:00,88.71359
srv-006,2017-06-16 05:00:00,87.471504
srv-006,2017-06-16 06:00:00,84.01912
srv-006,2017-06-16 07:00:00,88.82706
srv-006,2017-06-16 08:00:00,89.68016
srv-006,2017-06-16 09:00:00,88.81195
srv-006,2017-06-16 10:00:00,94.93305
srv-006,2017-06-16 11:00:00,97.30732
srv-006,2017-06-16 12:00:00,94.98541
srv-006,2017-06-16 13:00:00,93.92032
srv-006,2017-06-16 14:00:00,96.528786
srv-006,2017-06-16 15:00:00,96.14489
srv-006,2017-06-16 16:00:00,96.28115
srv-006,2017-06-16 17:00:00,89.88379
srv-006,2017-06-16 18:00:00,87.498566
srv-006,2017-06-16 19:00:00,83.2549
srv-006,2017-06-16 20:00:00,86.37125
srv-006,2017-06-16 21:00:00,81.71634
srv-006,2017-06-16 22:00:00,79.7039
srv-006,2017-06-16 23:00:00,77.37895
srv-006,2017-06-17 00:00:00,75.617226
srv-006,2017-06-17 01:00:00,77.33752
srv-006,2017-06-17 02:00:00,79.380005
srv-006,2017-06-17 03:00:00,77.83864
srv-006,2017-06-17 04:00:00,82.08143
srv-006,2017-06-17 05:00:00,78.72754
srv-006,2017-06-17 06:00:00,80.60667
srv-006,2017-06-17 07:00:00,88.85931
srv-006,2017-06-17 08:00:00,85.27987
srv-006,2017-06-17 09:00:00,82.36478
srv-006,2017-06-17 10:00:00,85.36108
srv-006,2017-06-17 11:00:00,84.94583
srv-006,2017-06-17 12:00:00,88.03007
srv-006,2017-06-17 13:00:00,91.39679
srv-006,2017-06-17 14:00:00,91.46788
srv-006,2017-06-17 15:00:00,89.62806
srv-006,2017-06-17 16:00:00,88.00749
srv-006,2017-06-17 17:00:00,93.62323
srv-006,2017-06-17 18:00:00,94.86607
srv-006,2017-06-17 19:00:00,89.62659
srv-006,2017-06-17 20:00:00,84.86451
srv-006,2017-06-17 21:00:00,81.03976
srv-006,2017-06-17 22:00:00,77.36075
srv-006,2017-06-17 23:00:00,76.64027
srv-006,2017-06-18 00:00:00,81.29432
srv-006,2017-06-18 01:00:00,84.343544
srv-006,2017-06-18 02:00:00,86.97962
srv-006,2017-06-18 03:00:00,80.319115
srv-006,2017-06-18 04:00:00,97.973335
srv-006,2017-06-18 05:00:00,93.72782
srv-006,2017-06-18 06:00:00,86.22481
srv-006,2017-06-18 07:00:00,89.757484
srv-006,2017-06-18 08:00:00,93.35357
srv-006,2017-06-18 09:00:00,89.76557
srv-006,2017-06-18 10:00:00,94.86975
srv-006,2017-06-18 11:00:00,89.87431
srv-006,2017-06-18 12:00:00,90.59973
srv-006,2017-06-18 13:00:00,92.391624
srv-006,2017-06-18 14:00:00,97.31404
srv-006,2017-06-18 15:00:00,90.89943
srv-006,2017-06-18 16:00:00,96.17415
srv-006,2017-06-18 17:00:00,88.76422
srv-006,2017-06-18 18:00:00,91.23186
srv-006,2017-06-18 19:00:00,89.63457
srv-006,2017-06-18 20:00:00,90.50578
srv-006,2017-06-18 21:00:00,86.00743
srv-006,2017-06-18 22:00:00,85.30293
srv-006,2017-06-18 23:00:00,82.141396
srv-006,2017-06-19 00:00:00,82.37588
srv-006,2017-06-19 01:00:00,80.60121
srv-006,2017-06-19 02:00:00,85.31093
srv-006,2017-06-19 03:00:00,83.21026
srv-006,2017-06-19 04:00:00,85.0153
srv-006,2017-06-19 05:00:00,79.43098
srv-006,2017-06-19 06:00:00,79.37312
srv-006,2017-06-19 07:00:00,84.38877
srv-006,2017-06-19 08:00:00,83.58863
srv-006,2017-06-19 09:00:00,80.310844
srv-006,2017-06-19 10:00:00,85.19843
srv-006,2017-06-19 11:00:00,91.45224
srv-006,2017-06-19 12:00:00,96.83158
srv-006,2017-06-19 13:00:00,97.67287
srv-006,2017-06-19 14:00:00,97.54735
srv-006,2017-06-19 15:00:00,97.56493
srv-006,2017-06-19 16:00:00,94.85408
srv-006,2017-06-19 17:00:00,97.54345
srv-006,2017-06-19 18:00:00,94.55667
srv-006,2017-06-19 19:00:00,97.57087
srv-006,2017-06-19 20:00:00,94.64919
srv-006,2017-06-19 21:00:00,90.29608
srv-006,2017-06-19 22:00:00,88.65676
srv-006,2017-06-19 23:00:00,87.289566
srv-006,2017-06-20 00:00:00,87.4906
srv-006,2017-06-20 01:00:00,88.18012
srv-006,2017-06-20 02:00:00,89.64693
srv-006,2017-06-20 03:00:00,86.92508
srv-006,2017-06-20 04:00:00,97.08066
srv-006,2017-06-20 05:00:00,97.839035
srv-006,2017-06-20 06:00:00,95.50613
srv-006,2017-06-20 07:00:00,95.17172
srv-006,2017-06-20 08:00:00,90.54835
srv-006,2017-06-20 09:00:00,97.14373
srv-006,2017-06-20 10:00:00,98.03176
srv-006,2017-06-20 11:00:00,96.560524
srv-006,2017-06-20 12:00:00,98.12262
srv-006,2017-06-20 13:00:00,97.61024
srv-006,2017-06-20 14:00:00,98.0583
srv-006,2017-06-20 15:00:00,97.87889
srv-006,2017-06-20 16:00:00,97.80135
srv-006,2017-06-20 17:00:00,97.919426
srv-006,2017-06-20 18:00:00,97.89334
srv-006,2017-06-20 19:00:00,97.90018
srv-006,2017-06-20 20:00:00,98.00348
srv-006,2017-06-20 21:00:00,97.83957
srv-006,2017-06-20 22:00:00,97.53003
srv-006,2017-06-20 23:00:00,96.94255
srv-006,2017-06-21 00:00:00,95.16826
srv-006,2017-06-21 01:00:00,93.67351
srv-006,2017-06-21 02:00:00,96.2822
srv-006,2017-06-21 03:00:00,96.5208
srv-006,2017-06-21 04:00:00,97.593376
srv-006,2017-06-21 05:00:00,97.73798
srv-006,2017-06-21 06:00:00,97.6648
srv-006,2017-06-21 07:00:00,97.85584
srv-006,2017-06-21 08:00:00,97.74416
srv-006,2017-06-21 09:00:00,97.65915
srv-006,2017-06-21 10:00:00,97.18122
srv-006,2017-06-21 11:00:00,97.87967
srv-006,2017-06-21 12:00:00,97.938774
srv-006,2017-06-21 13:00:00,97.92014
srv-006,2017-06-21 14:00:00,98.0254
srv-006,2017-06-21 15:00:00,97.93497
srv-006,2017-06-21 16:00:00,97.98815
srv-006,2017-06-21 17:00:00,97.96833
srv-006,2017-06-21 18:00:00,97.94359
srv-006,2017-06-21 19:00:00,97.978584
srv-006,2017-06-21 20:00:00,97.978584
srv-006,2017-06-21 21:00:00,97.90994
srv-006,2017-06-21 22:00:00,97.80028
srv-006,2017-06-21 23:00:00,97.90994
srv-006,2017-06-22 00:00:00,97.80028
srv-006,2017-06-22 01:00:00,97.80028
srv-006,2017-06-22 02:00:00,97.81103
srv-006,2017-06-22 03:00:00,97.755615
srv-006,2017-06-22 04:00:00,97.50088
srv-006,2017-06-22 05:00:00,92.49412
srv-006,2017-06-22 06:00:00,89.56174
srv-006,2017-06-22 07:00:00,92.52559
srv-006,2017-06-22 08:00:00,72.86851
srv-006,2017-06-22 09:00:00,76.736595
srv-006,2017-06-22 10:00:00,86.36878
srv-006,2017-06-22 11:00:00,97.78778
srv-006,2017-06-22 12:00:00,98.06485
srv-006,2017-06-22 13:00:00,97.73656
srv-006,2017-06-22 14:00:00,97.48008
srv-006,2017-06-22 15:00:00,97.8313
srv-006,2017-06-22 16:00:00,98.04214
srv-006,2017-06-22 17:00:00,97.85355
srv-006,2017-06-22 18:00:00,97.63929
srv-006,2017-06-22 19:00:00,91.66015
srv-006,2017-06-22 20:00:00,88.05469
srv-006,2017-06-22 21:00:00,85.393974
srv-006,2017-06-22 22:00:00,85.2623
srv-006,2017-06-22 23:00:00,85.73261
srv-006,2017-06-23 00:00:00,84.00888
srv-006,2017-06-23 01:00:00,88.21211
srv-006,2017-06-23 02:00:00,88.7844
srv-006,2017-06-23 03:00:00,87.50084
srv-006,2017-06-23 04:00:00,87.51836
srv-006,2017-06-23 05:00:00,85.875786
srv-006,2017-06-23 06:00:00,81.727356
srv-006,2017-06-23 07:00:00,86.396706
srv-006,2017-06-23 08:00:00,82.07695
srv-006,2017-06-23 09:00:00,82.71597
srv-006,2017-06-23 10:00:00,85.85232
srv-006,2017-06-23 11:00:00,85.338196
srv-006,2017-06-23 12:00:00,88.77601
srv-006,2017-06-23 13:00:00,92.606995
srv-006,2017-06-23 14:00:00,97.779915
srv-006,2017-06-23 15:00:00,97.49671
srv-006,2017-06-23 16:00:00,97.370735
srv-006,2017-06-23 17:00:00,92.21223
srv-006,2017-06-23 18:00:00,86.309685
srv-006,2017-06-23 19:00:00,81.7615
srv-006,2017-06-23 20:00:00,80.47372
srv-006,2017-06-23 21:00:00,78.44027
srv-006,2017-06-23 22:00:00,81.47912
srv-006,2017-06-23 23:00:00,79.2281
srv-006,2017-06-24 00:00:00,83.92538
srv-006,2017-06-24 01:00:00,84.002266
srv-006,2017-06-24 02:00:00,97.134224
srv-006,2017-06-24 03:00:00,91.56728
srv-006,2017-06-24 04:00:00,80.31076
srv-006,2017-06-24 05:00:00,79.26435
srv-006,2017-06-24 06:00:00,80.95753
srv-006,2017-06-24 07:00:00,83.97667
srv-006,2017-06-24 08:00:00,86.94393
srv-006,2017-06-24 09:00:00,88.75926
srv-006,2017-06-24 10:00:00,88.17789
srv-006,2017-06-24 11:00:00,89.86082
srv-006,2017-06-24 12:00:00,96.27418
srv-006,2017-06-24 13:00:00,91.4575
srv-006,2017-06-24 14:00:00,91.60727
srv-006,2017-06-24 15:00:00,87.35326
srv-006,2017-06-24 16:00:00,88.96245
srv-006,2017-06-24 17:00:00,82.273056
srv-006,2017-06-24 18:00:00,84.370056
srv-006,2017-06-24 19:00:00,86.86989
srv-006,2017-06-24 20:00:00,83.99548
srv-006,2017-06-24 21:00:00,82.05445
srv-006,2017-06-24 22:00:00,78.946495
srv-006,2017-06-24 23:00:00,81.01122
srv-006,2017-06-25 00:00:00,83.9822
srv-006,2017-06-25 01:00:00,86.86455
srv-006,2017-06-25 02:00:00,84.031624
srv-006,2017-06-25 03:00:00,80.298134
srv-006,2017-06-25 04:00:00,76.694435
srv-006,2017-06-25 05:00:00,82.68102
srv-006,2017-06-25 06:00:00,80.94696
srv-006,2017-06-25 07:00:00,84.39527
srv-006,2017-06-25 08:00:00,77.11324
srv-006,2017-06-25 09:00:00,79.65309
srv-006,2017-06-25 10:00:00,91.95504
srv-006,2017-06-25 11:00:00,97.12144
srv-006,2017-06-25 12:00:00,94.725555
srv-006,2017-06-25 13:00:00,97.66921
srv-006,2017-06-25 14:00:00,93.574005
srv-006,2017-06-25 15:00:00,96.88975
srv-006,2017-06-25 16:00:00,94.51542
srv-006,2017-06-25 17:00:00,94.47538
srv-006,2017-06-25 18:00:00,90.5194
srv-006,2017-06-25 19:00:00,90.47478
srv-006,2017-06-25 20:00:00,96.584526
srv-006,2017-06-25 21:00:00,93.62163
srv-006,2017-06-25 22:00:00,87.96518
srv-006,2017-06-25 23:00:00,79.82662
srv-006,2017-06-26 00:00:00,75.16487
srv-006,2017-06-26 01:00:00,77.540955
srv-006,2017-06-26 02:00:00,77.28317
srv-006,2017-06-26 03:00:00,79.36569
srv-006,2017-06-26 04:00:00,97.87909
srv-006,2017-06-26 05:00:00,98.098236
srv-006,2017-06-26 06:00:00,85.437775
srv-006,2017-06-26 07:00:00,97.75653
srv-006,2017-06-26 08:00:00,85.403206
srv-006,2017-06-26 09:00:00,78.437515
srv-006,2017-06-26 10:00:00,80.634926
srv-006,2017-06-26 11:00:00,88.97971
srv-006,2017-06-26 12:00:00,91.700645
srv-006,2017-06-26 13:00:00,93.90697
srv-006,2017-06-26 14:00:00,92.588005
srv-006,2017-06-26 15:00:00,89.90427
srv-006,2017-06-26 16:00:00,92.275475
srv-006,2017-06-26 17:00:00,96.58144
srv-006,2017-06-26 18:00:00,93.57132
srv-006,2017-06-26 19:00:00,92.304375
srv-006,2017-06-26 20:00:00,92.38535
srv-006,2017-06-26 21:00:00,92.406784
srv-006,2017-06-26 22:00:00,93.48269
srv-006,2017-06-26 23:00:00,94.79635
srv-006,2017-06-27 00:00:00,88.6962
srv-006,2017-06-27 01:00:00,90.256874
srv-006,2017-06-27 02:00:00,90.42468
srv-006,2017-06-27 03:00:00,88.82156
srv-006,2017-06-27 04:00:00,88.73138
srv-006,2017-06-27 05:00:00,93.90107
srv-006,2017-06-27 06:00:00,90.57139
srv-006,2017-06-27 07:00:00,90.501625
srv-006,2017-06-27 08:00:00,89.82878
srv-006,2017-06-27 09:00:00,88.80227
srv-006,2017-06-27 10:00:00,97.146545
srv-006,2017-06-27 11:00:00,97.909676
srv-006,2017-06-27 12:00:00,98.03151
srv-006,2017-06-27 13:00:00,97.857285
srv-006,2017-06-27 14:00:00,98.126724
srv-006,2017-06-27 15:00:00,97.98536
srv-006,2017-06-27 16:00:00,97.8596
srv-006,2017-06-27 17:00:00,97.955414
srv-006,2017-06-27 18:00:00,97.93731
srv-006,2017-06-27 19:00:00,97.65402
srv-006,2017-06-27 20:00:00,96.48342
srv-006,2017-06-27 21:00:00,96.08056
srv-006,2017-06-27 22:00:00,97.53449
srv-006,2017-06-27 23:00:00,97.33336
srv-006,2017-06-28 00:00:00,94.89405
srv-006,2017-06-28 01:00:00,97.01493
srv-006,2017-06-28 02:00:00,97.80707
srv-006,2017-06-28 03:00:00,97.72535
srv-006,2017-06-28 04:00:00,97.827736
srv-006,2017-06-28 05:00:00,97.87648
srv-006,2017-06-28 06:00:00,97.86678
srv-006,2017-06-28 07:00:00,97.86944
srv-006,2017-06-28 08:00:00,97.77649
srv-006,2017-06-28 09:00:00,97.936134
srv-006,2017-06-28 10:00:00,97.76658
srv-006,2017-06-28 11:00:00,97.79772
srv-006,2017-06-28 12:00:00,97.93187
srv-006,2017-06-28 13:00:00,98.02799
srv-006,2017-06-28 14:00:00,97.98315
srv-006,2017-06-28 15:00:00,97.91597
srv-006,2017-06-28 16:00:00,97.79259
srv-006,2017-06-28 17:00:00,97.82381
srv-006,2017-06-28 18:00:00,97.840935
srv-006,2017-06-28 19:00:00,98.048355
srv-006,2017-06-28 20:00:00,97.90994
srv-006,2017-06-28 21:00:00,97.855736
srv-006,2017-06-28 22:00:00,97.87697
srv-006,2017-06-28 23:00:00,97.79259
srv-006,2017-06-29 00:00:00,96.36164
srv-006,2017-06-29 01:00:00,97.3023
srv-006,2017-06-29 02:00:00,97.8304
srv-006,2017-06-29 03:00:00,97.903206
srv-006,2017-06-29 04:00:00,96.50644
srv-006,2017-06-29 05:00:00,95.046104
srv-006,2017-06-29 06:00:00,97.70428
srv-006,2017-06-29 07:00:00,97.60894
srv-006,2017-06-29 08:00:00,97.71939
srv-006,2017-06-29 09:00:00,97.787834
srv-006,2017-06-29 10:00:00,97.563835
srv-006,2017-06-29 11:00:00,97.37124
srv-006,2017-06-29 12:00:00,97.7543
srv-006,2017-06-29 13:00:00,97.91813
srv-006,2017-06-29 14:00:00,97.972
srv-006,2017-06-29 15:00:00,97.87967
srv-006,2017-06-29 16:00:00,97.87967
srv-006,2017-06-29 17:00:00,97.90223
srv-006,2017-06-29 18:00:00,97.87584
srv-006,2017-06-29 19:00:00,97.87447
srv-006,2017-06-29 20:00:00,97.86509
srv-006,2017-06-29 21:00:00,90.96688
srv-006,2017-06-29 22:00:00,88.59045
srv-006,2017-06-29 23:00:00,88.249
srv-006,2017-06-30 00:00:00,85.78121
srv-006,2017-06-30 01:00:00,85.82064
srv-006,2017-06-30 02:00:00,83.68455
srv-006,2017-06-30 03:00:00,79.68772
srv-006,2017-06-30 04:00:00,78.44628
srv-006,2017-06-30 05:00:00,79.402954
srv-006,2017-06-30 06:00:00,80.597916
srv-006,2017-06-30 07:00:00,86.95162
srv-006,2017-06-30 08:00:00,87.4897
srv-006,2017-06-30 09:00:00,92.616516
srv-006,2017-06-30 10:00:00,91.27712
srv-006,2017-06-30 11:00:00,91.286224
srv-006,2017-06-30 12:00:00,97.181885
srv-006,2017-06-30 13:00:00,96.114044
srv-006,2017-06-30 14:00:00,95.010376
srv-006,2017-06-30 15:00:00,97.489006
srv-006,2017-06-30 16:00:00,92.68945
srv-006,2017-06-30 17:00:00,89.49325
srv-006,2017-06-30 18:00:00,87.95386
srv-006,2017-06-30 19:00:00,91.34253
srv-006,2017-06-30 20:00:00,80.837234
srv-006,2017-06-30 21:00:00,78.75122
srv-006,2017-06-30 22:00:00,76.575264
srv-006,2017-06-30 23:00:00,97.73506
srv-007,2017-06-01 23:00:00,44.467255
srv-007,2017-06-02 00:00:00,42.391056
srv-007,2017-06-02 01:00:00,43.83362
srv-007,2017-06-02 02:00:00,43.859158
srv-007,2017-06-02 03:00:00,41.855606
srv-007,2017-06-02 04:00:00,47.39297
srv-007,2017-06-02 05:00:00,45.613865
srv-007,2017-06-02 06:00:00,49.02181
srv-007,2017-06-02 07:00:00,51.36133
srv-007,2017-06-02 08:00:00,47.000633
srv-007,2017-06-02 09:00:00,40.771824
srv-007,2017-06-02 10:00:00,45.951748
srv-007,2017-06-02 11:00:00,42.018208
srv-007,2017-06-02 12:00:00,40.232555
srv-007,2017-06-02 13:00:00,46.630924
srv-007,2017-06-02 14:00:00,40.232376
srv-007,2017-06-02 15:00:00,38.727936
srv-007,2017-06-02 16:00:00,43.304405
srv-007,2017-06-02 17:00:00,40.508224
srv-007,2017-06-02 18:00:00,37.594296
srv-007,2017-06-02 19:00:00,33.273403
srv-007,2017-06-02 20:00:00,34.18875
srv-007,2017-06-02 21:00:00,33.2789
srv-007,2017-06-02 22:00:00,32.56436
srv-007,2017-06-02 23:00:00,35.124638
srv-007,2017-06-03 00:00:00,38.213867
srv-007,2017-06-03 01:00:00,40.50171
srv-007,2017-06-03 02:00:00,37.395443
srv-007,2017-06-03 03:00:00,37.398598
srv-007,2017-06-03 04:00:00,42.015465
srv-007,2017-06-03 05:00:00,44.334843
srv-007,2017-06-03 06:00:00,42.54954
srv-007,2017-06-03 07:00:00,39.977615
srv-007,2017-06-03 08:00:00,39.156624
srv-007,2017-06-03 09:00:00,40.2145
srv-007,2017-06-03 10:00:00,43.335247
srv-007,2017-06-03 11:00:00,51.34663
srv-007,2017-06-03 12:00:00,47.80474
srv-007,2017-06-03 13:00:00,47.01648
srv-007,2017-06-03 14:00:00,40.513855
srv-007,2017-06-03 15:00:00,39.181774
srv-007,2017-06-03 16:00:00,42.543148
srv-007,2017-06-03 17:00:00,38.73475
srv-007,2017-06-03 18:00:00,33.704624
srv-007,2017-06-03 19:00:00,41.154816
srv-007,2017-06-03 20:00:00,39.972496
srv-007,2017-06-03 21:00:00,37.400745
srv-007,2017-06-03 22:00:00,35.47793
srv-007,2017-06-03 23:00:00,35.981262
srv-007,2017-06-04 00:00:00,36.99688
srv-007,2017-06-04 01:00:00,39.153828
srv-007,2017-06-04 02:00:00,36.6299
srv-007,2017-06-04 03:00:00,34.685616
srv-007,2017-06-04 04:00:00,33.19084
srv-007,2017-06-04 05:00:00,35.424786
srv-007,2017-06-04 06:00:00,38.469753
srv-007,2017-06-04 07:00:00,43.424892
srv-007,2017-06-04 08:00:00,42.21375
srv-007,2017-06-04 09:00:00,41.549038
srv-007,2017-06-04 10:00:00,43.083748
srv-007,2017-06-04 11:00:00,43.835777
srv-007,2017-06-04 12:00:00,46.639526
srv-007,2017-06-04 13:00:00,46.2564
srv-007,2017-06-04 14:00:00,49.369984
srv-007,2017-06-04 15:00:00,52.273933
srv-007,2017-06-04 16:00:00,49.859825
srv-007,2017-06-04 17:00:00,42.217796
srv-007,2017-06-04 18:00:00,39.988197
srv-007,2017-06-04 19:00:00,38.464096
srv-007,2017-06-04 20:00:00,39.3638
srv-007,2017-06-04 21:00:00,37.03071
srv-007,2017-06-04 22:00:00,35.5544
srv-007,2017-06-04 23:00:00,36.532368
srv-007,2017-06-05 00:00:00,31.982038
srv-007,2017-06-05 01:00:00,28.39773
srv-007,2017-06-05 02:00:00,34.68714
srv-007,2017-06-05 03:00:00,36.207214
srv-007,2017-06-05 04:00:00,39.171345
srv-007,2017-06-05 05:00:00,33.706345
srv-007,2017-06-05 06:00:00,32.327503
srv-007,2017-06-05 07:00:00,34.33559
srv-007,2017-06-05 08:00:00,26.549871
srv-007,2017-06-05 09:00:00,34.528805
srv-007,2017-06-05 10:00:00,34.948368
srv-007,2017-06-05 11:00:00,36.027203
srv-007,2017-06-05 12:00:00,41.848526
srv-007,2017-06-05 13:00:00,42.84722
srv-007,2017-06-05 14:00:00,42.215485
srv-007,2017-06-05 15:00:00,47.318233
srv-007,2017-06-05 16:00:00,46.250813
srv-007,2017-06-05 17:00:00,44.69859
srv-007,2017-06-05 18:00:00,43.51963
srv-007,2017-06-05 19:00:00,41.55331
srv-007,2017-06-05 20:00:00,40.747715
srv-007,2017-06-05 21:00:00,39.66949
srv-007,2017-06-05 22:00:00,37.417664
srv-007,2017-06-05 23:00:00,34.949074
srv-007,2017-06-06 00:00:00,45.58031
srv-007,2017-06-06 01:00:00,46.653214
srv-007,2017-06-06 02:00:00,47.384697
srv-007,2017-06-06 03:00:00,50.93235
srv-007,2017-06-06 04:00:00,45.335815
srv-007,2017-06-06 05:00:00,42.83084
srv-007,2017-06-06 06:00:00,42.228832
srv-007,2017-06-06 07:00:00,47.752583
srv-007,2017-06-06 08:00:00,47.76727
srv-007,2017-06-06 09:00:00,51.768913
srv-007,2017-06-06 10:00:00,54.40187
srv-007,2017-06-06 11:00:00,55.545162
srv-007,2017-06-06 12:00:00,52.82915
srv-007,2017-06-06 13:00:00,54.946995
srv-007,2017-06-06 14:00:00,56.577023
srv-007,2017-06-06 15:00:00,52.251263
srv-007,2017-06-06 16:00:00,53.34093
srv-007,2017-06-06 17:00:00,44.706512
srv-007,2017-06-06 18:00:00,46.26692
srv-007,2017-06-06 19:00:00,46.636143
srv-007,2017-06-06 20:00:00,48.975418
srv-007,2017-06-06 21:00:00,47.035946
srv-007,2017-06-06 22:00:00,47.012016
srv-007,2017-06-06 23:00:00,53.820343
srv-007,2017-06-07 00:00:00,50.45408
srv-007,2017-06-07 01:00:00,48.568398
srv-007,2017-06-07 02:00:00,49.364925
srv-007,2017-06-07 03:00:00,50.96089
srv-007,2017-06-07 04:00:00,50.45184
srv-007,2017-06-07 05:00:00,48.576725
srv-007,2017-06-07 06:00:00,48.57736
srv-007,2017-06-07 07:00:00,50.946655
srv-007,2017-06-07 08:00:00,46.003227
srv-007,2017-06-07 09:00:00,49.38512
srv-007,2017-06-07 10:00:00,49.915386
srv-007,2017-06-07 11:00:00,47.786278
srv-007,2017-06-07 12:00:00,49.912617
srv-007,2017-06-07 13:00:00,56.633232
srv-007,2017-06-07 14:00:00,58.088844
srv-007,2017-06-07 15:00:00,57.177322
srv-007,2017-06-07 16:00:00,59.60212
srv-007,2017-06-07 17:00:00,55.57103
srv-007,2017-06-07 18:00:00,52.313087
srv-007,2017-06-07 19:00:00,57.65496
srv-007,2017-06-07 20:00:00,56.087833
srv-007,2017-06-07 21:00:00,51.859974
srv-007,2017-06-07 22:00:00,51.36755
srv-007,2017-06-07 23:00:00,48.553436
srv-007,2017-06-08 00:00:00,43.992195
srv-007,2017-06-08 01:00:00,45.078514
srv-007,2017-06-08 02:00:00,49.895435
srv-007,2017-06-08 03:00:00,49.890244
srv-007,2017-06-08 04:00:00,47.00878
srv-007,2017-06-08 05:00:00,47.78077
srv-007,2017-06-08 06:00:00,45.9995
srv-007,2017-06-08 07:00:00,48.198
srv-007,2017-06-08 08:00:00,50.968872
srv-007,2017-06-08 09:00:00,52.236526
srv-007,2017-06-08 10:00:00,50.956337
srv-007,2017-06-08 11:00:00,54.51293
srv-007,2017-06-08 12:00:00,53.360497
srv-007,2017-06-08 13:00:00,54.959938
srv-007,2017-06-08 14:00:00,54.424026
srv-007,2017-06-08 15:00:00,51.85664
srv-007,2017-06-08 16:00:00,49.024506
srv-007,2017-06-08 17:00:00,44.157787
srv-007,2017-06-08 18:00:00,42.85222
srv-007,2017-06-08 19:00:00,49.025295
srv-007,2017-06-08 20:00:00,42.221123
srv-007,2017-06-08 21:00:00,43.09055
srv-007,2017-06-08 22:00:00,43.095547
srv-007,2017-06-08 23:00:00,39.382355
srv-007,2017-06-09 00:00:00,44.122616
srv-007,2017-06-09 01:00:00,42.22967
srv-007,2017-06-09 02:00:00,37.162735
srv-007,2017-06-09 03:00:00,45.095234
srv-007,2017-06-09 04:00:00,47.771084
srv-007,2017-06-09 05:00:00,41.367393
srv-007,2017-06-09 06:00:00,39.172703
srv-007,2017-06-09 07:00:00,40.739414
srv-007,2017-06-09 08:00:00,37.147953
srv-007,2017-06-09 09:00:00,41.329395
srv-007,2017-06-09 10:00:00,37.402637
srv-007,2017-06-09 11:00:00,37.40947
srv-007,2017-06-09 12:00:00,34.93138
srv-007,2017-06-09 13:00:00,36.648865
srv-007,2017-06-09 14:00:00,39.95392
srv-007,2017-06-09 15:00:00,37.15959
srv-007,2017-06-09 16:00:00,38.735703
srv-007,2017-06-09 17:00:00,34.915943
srv-007,2017-06-09 18:00:00,38.471645
srv-007,2017-06-09 19:00:00,37.977688
srv-007,2017-06-09 20:00:00,36.786793
srv-007,2017-06-09 21:00:00,37.57866
srv-007,2017-06-09 22:00:00,38.213737
srv-007,2017-06-09 23:00:00,36.183907
srv-007,2017-06-10 00:00:00,40.73971
srv-007,2017-06-10 01:00:00,43.325115
srv-007,2017-06-10 02:00:00,41.32775
srv-007,2017-06-10 03:00:00,42.40064
srv-007,2017-06-10 04:00:00,36.037586
srv-007,2017-06-10 05:00:00,34.184563
srv-007,2017-06-10 06:00:00,30.351875
srv-007,2017-06-10 07:00:00,36.204735
srv-007,2017-06-10 08:00:00,36.62565
srv-007,2017-06-10 09:00:00,39.17211
srv-007,2017-06-10 10:00:00,42.03864
srv-007,2017-06-10 11:00:00,36.62913
srv-007,2017-06-10 12:00:00,40.495735
srv-007,2017-06-10 13:00:00,42.402714
srv-007,2017-06-10 14:00:00,44.859238
srv-007,2017-06-10 15:00:00,43.313114
srv-007,2017-06-10 16:00:00,43.29083
srv-007,2017-06-10 17:00:00,42.22869
srv-007,2017-06-10 18:00:00,38.46638
srv-007,2017-06-10 19:00:00,28.44161
srv-007,2017-06-10 20:00:00,30.87499
srv-007,2017-06-10 21:00:00,32.934937
srv-007,2017-06-10 22:00:00,35.116634
srv-007,2017-06-10 23:00:00,33.406292
srv-007,2017-06-11 00:00:00,37.589436
srv-007,2017-06-11 01:00:00,41.158134
srv-007,2017-06-11 02:00:00,37.946938
srv-007,2017-06-11 03:00:00,42.0122
srv-007,2017-06-11 04:00:00,39.380127
srv-007,2017-06-11 05:00:00,34.178658
srv-007,2017-06-11 06:00:00,35.771763
srv-007,2017-06-11 07:00:00,34.703175
srv-007,2017-06-11 08:00:00,33.702316
srv-007,2017-06-11 09:00:00,36.19585
srv-007,2017-06-11 10:00:00,38.186775
srv-007,2017-06-11 11:00:00,41.835987
srv-007,2017-06-11 12:00:00,45.969563
srv-007,2017-06-11 13:00:00,45.3075
srv-007,2017-06-11 14:00:00,36.206818
srv-007,2017-06-11 15:00:00,39.964787
srv-007,2017-06-11 16:00:00,37.585518
srv-007,2017-06-11 17:00:00,40.20384
srv-007,2017-06-11 18:00:00,39.64705
srv-007,2017-06-11 19:00:00,39.173553
srv-007,2017-06-11 20:00:00,37.012844
srv-007,2017-06-11 21:00:00,37.03333
srv-007,2017-06-11 22:00:00,40.741646
srv-007,2017-06-11 23:00:00,44.864773
srv-007,2017-06-12 00:00:00,37.962093
srv-007,2017-06-12 01:00:00,36.648094
srv-007,2017-06-12 02:00:00,34.446033
srv-007,2017-06-12 03:00:00,34.674297
srv-007,2017-06-12 04:00:00,35.773865
srv-007,2017-06-12 05:00:00,36.190678
srv-007,2017-06-12 06:00:00,34.24956
srv-007,2017-06-12 07:00:00,33.428684
srv-007,2017-06-12 08:00:00,32.94453
srv-007,2017-06-12 09:00:00,36.49978
srv-007,2017-06-12 10:00:00,43.310787
srv-007,2017-06-12 11:00:00,42.031445
srv-007,2017-06-12 12:00:00,43.42019
srv-007,2017-06-12 13:00:00,38.46841
srv-007,2017-06-12 14:00:00,34.92255
srv-007,2017-06-12 15:00:00,31.777748
srv-007,2017-06-12 16:00:00,42.409077
srv-007,2017-06-12 17:00:00,43.73973
srv-007,2017-06-12 18:00:00,40.240826
srv-007,2017-06-12 19:00:00,39.36549
srv-007,2017-06-12 20:00:00,39.16705
srv-007,2017-06-12 21:00:00,43.524742
srv-007,2017-06-12 22:00:00,43.506027
srv-007,2017-06-12 23:00:00,43.8395
srv-007,2017-06-13 00:00:00,47.3358
srv-007,2017-06-13 01:00:00,47.749466
srv-007,2017-06-13 02:00:00,48.581745
srv-007,2017-06-13 03:00:00,39.658596
srv-007,2017-06-13 04:00:00,38.191772
srv-007,2017-06-13 05:00:00,47.814877
srv-007,2017-06-13 06:00:00,44.122543
srv-007,2017-06-13 07:00:00,48.186863
srv-007,2017-06-13 08:00:00,45.080185
srv-007,2017-06-13 09:00:00,48.17729
srv-007,2017-06-13 10:00:00,55.577618
srv-007,2017-06-13 11:00:00,54.919186
srv-007,2017-06-13 12:00:00,61.972366
srv-007,2017-06-13 13:00:00,61.23675
srv-007,2017-06-13 14:00:00,53.789726
srv-007,2017-06-13 15:00:00,47.770245
srv-007,2017-06-13 16:00:00,41.875355
srv-007,2017-06-13 17:00:00,44.34476
srv-007,2017-06-13 18:00:00,44.879295
srv-007,2017-06-13 19:00:00,45.969803
srv-007,2017-06-13 20:00:00,45.928455
srv-007,2017-06-13 21:00:00,49.906933
srv-007,2017-06-13 22:00:00,44.699043
srv-007,2017-06-13 23:00:00,48.59683
srv-007,2017-06-14 00:00:00,49.39923
srv-007,2017-06-14 01:00:00,52.77896
srv-007,2017-06-14 02:00:00,52.77592
srv-007,2017-06-14 03:00:00,56.03496
srv-007,2017-06-14 04:00:00,50.47554
srv-007,2017-06-14 05:00:00,51.869755
srv-007,2017-06-14 06:00:00,52.832478
srv-007,2017-06-14 07:00:00,52.273827
srv-007,2017-06-14 08:00:00,51.00229
srv-007,2017-06-14 09:00:00,51.836918
srv-007,2017-06-14 10:00:00,55.500267
srv-007,2017-06-14 11:00:00,55.559376
srv-007,2017-06-14 12:00:00,56.614086
srv-007,2017-06-14 13:00:00,51.42627
srv-007,2017-06-14 14:00:00,59.983986
srv-007,2017-06-14 15:00:00,57.639095
srv-007,2017-06-14 16:00:00,52.799435
srv-007,2017-06-14 17:00:00,52.780216
srv-007,2017-06-14 18:00:00,50.96877
srv-007,2017-06-14 19:00:00,49.025978
srv-007,2017-06-14 20:00:00,50.45806
srv-007,2017-06-14 21:00:00,44.49045
srv-007,2017-06-14 22:00:00,43.99625
srv-007,2017-06-14 23:00:00,46.615097
srv-007,2017-06-15 00:00:00,51.826576
srv-007,2017-06-15 01:00:00,44.707005
srv-007,2017-06-15 02:00:00,45.083622
srv-007,2017-06-15 03:00:00,48.56732
srv-007,2017-06-15 04:00:00,50.976894
srv-007,2017-06-15 05:00:00,51.34324
srv-007,2017-06-15 06:00:00,47.746117
srv-007,2017-06-15 07:00:00,49.027317
srv-007,2017-06-15 08:00:00,46.27725
srv-007,2017-06-15 09:00:00,47.009315
srv-007,2017-06-15 10:00:00,49.9316
srv-007,2017-06-15 11:00:00,54.411922
srv-007,2017-06-15 12:00:00,52.307655
srv-007,2017-06-15 13:00:00,46.275673
srv-007,2017-06-15 14:00:00,52.26334
srv-007,2017-06-15 15:00:00,49.03199
srv-007,2017-06-15 16:00:00,47.351624
srv-007,2017-06-15 17:00:00,49.409836
srv-007,2017-06-15 18:00:00,42.959114
srv-007,2017-06-15 19:00:00,42.547237
srv-007,2017-06-15 20:00:00,45.603596
srv-007,2017-06-15 21:00:00,41.533836
srv-007,2017-06-15 22:00:00,42.22264
srv-007,2017-06-15 23:00:00,40.218094
srv-007,2017-06-16 00:00:00,37.16109
srv-007,2017-06-16 01:00:00,32.89847
srv-007,2017-06-16 02:00:00,36.78181
srv-007,2017-06-16 03:00:00,44.423836
srv-007,2017-06-16 04:00:00,44.738155
srv-007,2017-06-16 05:00:00,42.01343
srv-007,2017-06-16 06:00:00,45.951176
srv-007,2017-06-16 07:00:00,46.259995
srv-007,2017-06-16 08:00:00,40.511997
srv-007,2017-06-16 09:00:00,41.17447
srv-007,2017-06-16 10:00:00,42.00868
srv-007,2017-06-16 11:00:00,46.265236
srv-007,2017-06-16 12:00:00,47.0301
srv-007,2017-06-16 13:00:00,43.549473
srv-007,2017-06-16 14:00:00,40.74351
srv-007,2017-06-16 15:00:00,42.5343
srv-007,2017-06-16 16:00:00,43.83912
srv-007,2017-06-16 17:00:00,42.94653
srv-007,2017-06-16 18:00:00,43.506847
srv-007,2017-06-16 19:00:00,36.21531
srv-007,2017-06-16 20:00:00,36.633137
srv-007,2017-06-16 21:00:00,34.519245
srv-007,2017-06-16 22:00:00,34.277485
srv-007,2017-06-16 23:00:00,29.291454
srv-007,2017-06-17 00:00:00,32.43824
srv-007,2017-06-17 01:00:00,35.953236
srv-007,2017-06-17 02:00:00,33.181293
srv-007,2017-06-17 03:00:00,39.970436
srv-007,2017-06-17 04:00:00,40.185066
srv-007,2017-06-17 05:00:00,42.525852
srv-007,2017-06-17 06:00:00,38.189724
srv-007,2017-06-17 07:00:00,37.162453
srv-007,2017-06-17 08:00:00,42.400333
srv-007,2017-06-17 09:00:00,40.20123
srv-007,2017-06-17 10:00:00,39.967945
srv-007,2017-06-17 11:00:00,35.684864
srv-007,2017-06-17 12:00:00,33.497288
srv-007,2017-06-17 13:00:00,37.398186
srv-007,2017-06-17 14:00:00,38.72632
srv-007,2017-06-17 15:00:00,38.187973
srv-007,2017-06-17 16:00:00,40.74423
srv-007,2017-06-17 17:00:00,42.91957
srv-007,2017-06-17 18:00:00,43.519035
srv-007,2017-06-17 19:00:00,40.76506
srv-007,2017-06-17 20:00:00,36.024258
srv-007,2017-06-17 21:00:00,34.68433
srv-007,2017-06-17 22:00:00,36.764633
srv-007,2017-06-17 23:00:00,37.41004
srv-007,2017-06-18 00:00:00,36.203735
srv-007,2017-06-18 01:00:00,34.678772
srv-007,2017-06-18 02:00:00,32.703556
srv-007,2017-06-18 03:00:00,36.02141
srv-007,2017-06-18 04:00:00,39.63647
srv-007,2017-06-18 05:00:00,34.941418
srv-007,2017-06-18 06:00:00,37.94466
srv-007,2017-06-18 07:00:00,38.475105
srv-007,2017-06-18 08:00:00,42.830517
srv-007,2017-06-18 09:00:00,41.339035
srv-007,2017-06-18 10:00:00,44.454945
srv-007,2017-06-18 11:00:00,62.895744
srv-007,2017-06-18 12:00:00,58.52159
srv-007,2017-06-18 13:00:00,49.442543
srv-007,2017-06-18 14:00:00,44.026947
srv-007,2017-06-18 15:00:00,44.328815
srv-007,2017-06-18 16:00:00,45.933006
srv-007,2017-06-18 17:00:00,45.596027
srv-007,2017-06-18 18:00:00,43.878963
srv-007,2017-06-18 19:00:00,39.628498
srv-007,2017-06-18 20:00:00,35.123386
srv-007,2017-06-18 21:00:00,32.323593
srv-007,2017-06-18 22:00:00,33.18843
srv-007,2017-06-18 23:00:00,33.27213
srv-007,2017-06-19 00:00:00,36.020863
srv-007,2017-06-19 01:00:00,37.414658
srv-007,2017-06-19 02:00:00,29.83725
srv-007,2017-06-19 03:00:00,33.222202
srv-007,2017-06-19 04:00:00,35.05231
srv-007,2017-06-19 05:00:00,39.155907
srv-007,2017-06-19 06:00:00,36.79018
srv-007,2017-06-19 07:00:00,43.066605
srv-007,2017-06-19 08:00:00,42.00854
srv-007,2017-06-19 09:00:00,42.93418
srv-007,2017-06-19 10:00:00,44.30906
srv-007,2017-06-19 11:00:00,43.724068
srv-007,2017-06-19 12:00:00,46.653904
srv-007,2017-06-19 13:00:00,51.79152
srv-007,2017-06-19 14:00:00,47.35837
srv-007,2017-06-19 15:00:00,43.519653
srv-007,2017-06-19 16:00:00,44.88619
srv-007,2017-06-19 17:00:00,51.341297
srv-007,2017-06-19 18:00:00,48.164
srv-007,2017-06-19 19:00:00,52.80459
srv-007,2017-06-19 20:00:00,44.684048
srv-007,2017-06-19 21:00:00,43.995914
srv-007,2017-06-19 22:00:00,42.412212
srv-007,2017-06-19 23:00:00,44.001354
srv-007,2017-06-20 00:00:00,42.54185
srv-007,2017-06-20 01:00:00,37.96194
srv-007,2017-06-20 02:00:00,43.987377
srv-007,2017-06-20 03:00:00,45.33464
srv-007,2017-06-20 04:00:00,45.345432
srv-007,2017-06-20 05:00:00,51.282215
srv-007,2017-06-20 06:00:00,49.89215
srv-007,2017-06-20 07:00:00,51.757465
srv-007,2017-06-20 08:00:00,49.85598
srv-007,2017-06-20 09:00:00,48.578625
srv-007,2017-06-20 10:00:00,49.006996
srv-007,2017-06-20 11:00:00,54.980656
srv-007,2017-06-20 12:00:00,52.782112
srv-007,2017-06-20 13:00:00,54.386307
srv-007,2017-06-20 14:00:00,56.045624
srv-007,2017-06-20 15:00:00,52.815487
srv-007,2017-06-20 16:00:00,52.790005
srv-007,2017-06-20 17:00:00,51.340202
srv-007,2017-06-20 18:00:00,51.825657
srv-007,2017-06-20 19:00:00,46.283688
srv-007,2017-06-20 20:00:00,49.900127
srv-007,2017-06-20 21:00:00,50.412125
srv-007,2017-06-20 22:00:00,46.256428
srv-007,2017-06-20 23:00:00,48.16654
srv-007,2017-06-21 00:00:00,53.33281
srv-007,2017-06-21 01:00:00,50.44645
srv-007,2017-06-21 02:00:00,48.993374
srv-007,2017-06-21 03:00:00,53.302883
srv-007,2017-06-21 04:00:00,48.595207
srv-007,2017-06-21 05:00:00,49.39506
srv-007,2017-06-21 06:00:00,48.157963
srv-007,2017-06-21 07:00:00,53.81852
srv-007,2017-06-21 08:00:00,53.855167
srv-007,2017-06-21 09:00:00,49.89773
srv-007,2017-06-21 10:00:00,68.81578
srv-007,2017-06-21 11:00:00,64.470856
srv-007,2017-06-21 12:00:00,53.86616
srv-007,2017-06-21 13:00:00,55.642612
srv-007,2017-06-21 14:00:00,57.22869
srv-007,2017-06-21 15:00:00,62.026814
srv-007,2017-06-21 16:00:00,58.96511
srv-007,2017-06-21 17:00:00,56.636696
srv-007,2017-06-21 18:00:00,58.513092
srv-007,2017-06-21 19:00:00,56.112053
srv-007,2017-06-21 20:00:00,58.933384
srv-007,2017-06-21 21:00:00,57.19207
srv-007,2017-06-21 22:00:00,51.880863
srv-007,2017-06-21 23:00:00,48.60347
srv-007,2017-06-22 00:00:00,49.389275
srv-007,2017-06-22 01:00:00,51.318165
srv-007,2017-06-22 02:00:00,51.84556
srv-007,2017-06-22 03:00:00,46.66339
srv-007,2017-06-22 04:00:00,50.42041
srv-007,2017-06-22 05:00:00,48.202812
srv-007,2017-06-22 06:00:00,42.229927
srv-007,2017-06-22 07:00:00,49.03598
srv-007,2017-06-22 08:00:00,49.416683
srv-007,2017-06-22 09:00:00,50.447124
srv-007,2017-06-22 10:00:00,54.419365
srv-007,2017-06-22 11:00:00,53.878956
srv-007,2017-06-22 12:00:00,50.495167
srv-007,2017-06-22 13:00:00,50.453316
srv-007,2017-06-22 14:00:00,48.592022
srv-007,2017-06-22 15:00:00,47.014164
srv-007,2017-06-22 16:00:00,48.55603
srv-007,2017-06-22 17:00:00,49.90426
srv-007,2017-06-22 18:00:00,45.610332
srv-007,2017-06-22 19:00:00,45.082058
srv-007,2017-06-22 20:00:00,42.237843
srv-007,2017-06-22 21:00:00,38.773888
srv-007,2017-06-22 22:00:00,38.73158
srv-007,2017-06-22 23:00:00,33.886665
srv-007,2017-06-23 00:00:00,37.92449
srv-007,2017-06-23 01:00:00,36.241634
srv-007,2017-06-23 02:00:00,40.20348
srv-007,2017-06-23 03:00:00,35.574837
srv-007,2017-06-23 04:00:00,36.202763
srv-007,2017-06-23 05:00:00,37.965664
srv-007,2017-06-23 06:00:00,35.72639
srv-007,2017-06-23 07:00:00,38.189972
srv-007,2017-06-23 08:00:00,41.331215
srv-007,2017-06-23 09:00:00,39.647644
srv-007,2017-06-23 10:00:00,41.852562
srv-007,2017-06-23 11:00:00,43.87033
srv-007,2017-06-23 12:00:00,41.167084
srv-007,2017-06-23 13:00:00,42.572273
srv-007,2017-06-23 14:00:00,43.29198
srv-007,2017-06-23 15:00:00,45.622005
srv-007,2017-06-23 16:00:00,47.3534
srv-007,2017-06-23 17:00:00,45.60158
srv-007,2017-06-23 18:00:00,39.986015
srv-007,2017-06-23 19:00:00,42.02234
srv-007,2017-06-23 20:00:00,40.230816
srv-007,2017-06-23 21:00:00,38.22082
srv-007,2017-06-23 22:00:00,35.436897
srv-007,2017-06-23 23:00:00,36.514275
srv-007,2017-06-24 00:00:00,43.085144
srv-007,2017-06-24 01:00:00,41.15176
srv-007,2017-06-24 02:00:00,43.988094
srv-007,2017-06-24 03:00:00,43.742302
srv-007,2017-06-24 04:00:00,45.550194
srv-007,2017-06-24 05:00:00,43.83119
srv-007,2017-06-24 06:00:00,27.758318
srv-007,2017-06-24 07:00:00,28.074814
srv-007,2017-06-24 08:00:00,33.183594
srv-007,2017-06-24 09:00:00,32.711266
srv-007,2017-06-24 10:00:00,37.006676
srv-007,2017-06-24 11:00:00,42.01372
srv-007,2017-06-24 12:00:00,46.280693
srv-007,2017-06-24 13:00:00,43.41301
srv-007,2017-06-24 14:00:00,41.558594
srv-007,2017-06-24 15:00:00,46.62375
srv-007,2017-06-24 16:00:00,45.607452
srv-007,2017-06-24 17:00:00,44.889774
srv-007,2017-06-24 18:00:00,46.281948
srv-007,2017-06-24 19:00:00,44.702232
srv-007,2017-06-24 20:00:00,39.963467
srv-007,2017-06-24 21:00:00,36.202896
srv-007,2017-06-24 22:00:00,34.273724
srv-007,2017-06-24 23:00:00,42.408062
srv-007,2017-06-25 00:00:00,41.829494
srv-007,2017-06-25 01:00:00,42.405865
srv-007,2017-06-25 02:00:00,39.15648
srv-007,2017-06-25 03:00:00,37.584877
srv-007,2017-06-25 04:00:00,42.019894
srv-007,2017-06-25 05:00:00,37.574215
srv-007,2017-06-25 06:00:00,35.472286
srv-007,2017-06-25 07:00:00,39.15005
srv-007,2017-06-25 08:00:00,35.950825
srv-007,2017-06-25 09:00:00,36.530857
srv-007,2017-06-25 10:00:00,38.471874
srv-007,2017-06-25 11:00:00,40.2142
srv-007,2017-06-25 12:00:00,44.123074
srv-007,2017-06-25 13:00:00,42.399727
srv-007,2017-06-25 14:00:00,48.1682
srv-007,2017-06-25 15:00:00,49.85307
srv-007,2017-06-25 16:00:00,51.789787
srv-007,2017-06-25 17:00:00,51.82347
srv-007,2017-06-25 18:00:00,41.843372
srv-007,2017-06-25 19:00:00,37.608658
srv-007,2017-06-25 20:00:00,41.325615
srv-007,2017-06-25 21:00:00,39.638947
srv-007,2017-06-25 22:00:00,38.189877
srv-007,2017-06-25 23:00:00,38.479317
srv-007,2017-06-26 00:00:00,32.55569
srv-007,2017-06-26 01:00:00,34.675293
srv-007,2017-06-26 02:00:00,41.31627
srv-007,2017-06-26 03:00:00,42.407215
srv-007,2017-06-26 04:00:00,45.334053
srv-007,2017-06-26 05:00:00,43.4133
srv-007,2017-06-26 06:00:00,36.63661
srv-007,2017-06-26 07:00:00,35.123104
srv-007,2017-06-26 08:00:00,29.30057
srv-007,2017-06-26 09:00:00,40.50627
srv-007,2017-06-26 10:00:00,41.20158
srv-007,2017-06-26 11:00:00,46.001686
srv-007,2017-06-26 12:00:00,44.326893
srv-007,2017-06-26 13:00:00,45.950714
srv-007,2017-06-26 14:00:00,46.2957
srv-007,2017-06-26 15:00:00,45.935146
srv-007,2017-06-26 16:00:00,43.421947
srv-007,2017-06-26 17:00:00,38.72869
srv-007,2017-06-26 18:00:00,41.32582
srv-007,2017-06-26 19:00:00,41.332493
srv-007,2017-06-26 20:00:00,40.231644
srv-007,2017-06-26 21:00:00,36.514214
srv-007,2017-06-26 22:00:00,37.176838
srv-007,2017-06-26 23:00:00,43.433716
srv-007,2017-06-27 00:00:00,41.56172
srv-007,2017-06-27 01:00:00,47.73965
srv-007,2017-06-27 02:00:00,37.93305
srv-007,2017-06-27 03:00:00,37.16433
srv-007,2017-06-27 04:00:00,42.834538
srv-007,2017-06-27 05:00:00,43.40085
srv-007,2017-06-27 06:00:00,40.515377
srv-007,2017-06-27 07:00:00,47.007034
srv-007,2017-06-27 08:00:00,47.77364
srv-007,2017-06-27 09:00:00,48.994865
srv-007,2017-06-27 10:00:00,46.26599
srv-007,2017-06-27 11:00:00,47.787815
srv-007,2017-06-27 12:00:00,45.628216
srv-007,2017-06-27 13:00:00,46.661728
srv-007,2017-06-27 14:00:00,49.886555
srv-007,2017-06-27 15:00:00,56.629433
srv-007,2017-06-27 16:00:00,54.912006
srv-007,2017-06-27 17:00:00,54.38785
srv-007,2017-06-27 18:00:00,48.596127
srv-007,2017-06-27 19:00:00,49.423347
srv-007,2017-06-27 20:00:00,52.77713
srv-007,2017-06-27 21:00:00,47.375347
srv-007,2017-06-27 22:00:00,47.009563
srv-007,2017-06-27 23:00:00,52.288914
srv-007,2017-06-28 00:00:00,47.013214
srv-007,2017-06-28 01:00:00,49.01574
srv-007,2017-06-28 02:00:00,49.004696
srv-007,2017-06-28 03:00:00,46.98777
srv-007,2017-06-28 04:00:00,48.1815
srv-007,2017-06-28 05:00:00,49.901604
srv-007,2017-06-28 06:00:00,49.367573
srv-007,2017-06-28 07:00:00,56.128517
srv-007,2017-06-28 08:00:00,50.960213
srv-007,2017-06-28 09:00:00,49.008434
srv-007,2017-06-28 10:00:00,52.834866
srv-007,2017-06-28 11:00:00,54.992752
srv-007,2017-06-28 12:00:00,54.399612
srv-007,2017-06-28 13:00:00,57.191135
srv-007,2017-06-28 14:00:00,59.666946
srv-007,2017-06-28 15:00:00,58.12938
srv-007,2017-06-28 16:00:00,58.53296
srv-007,2017-06-28 17:00:00,52.361706
srv-007,2017-06-28 18:00:00,59.59391
srv-007,2017-06-28 19:00:00,25.146982
srv-007,2017-06-28 20:00:00,34.977493
srv-007,2017-06-28 21:00:00,39.409378
srv-007,2017-06-28 22:00:00,50.475796
srv-007,2017-06-28 23:00:00,46.67616
srv-007,2017-06-29 00:00:00,44.53862
srv-007,2017-06-29 01:00:00,44.025505
srv-007,2017-06-29 02:00:00,47.76501
srv-007,2017-06-29 03:00:00,49.02024
srv-007,2017-06-29 04:00:00,50.4314
srv-007,2017-06-29 05:00:00,46.6463
srv-007,2017-06-29 06:00:00,48.605244
srv-007,2017-06-29 07:00:00,53.310898
srv-007,2017-06-29 08:00:00,45.148956
srv-007,2017-06-29 09:00:00,47.00973
srv-007,2017-06-29 10:00:00,50.992203
srv-007,2017-06-29 11:00:00,54.369774
srv-007,2017-06-29 12:00:00,62.32282
srv-007,2017-06-29 13:00:00,58.988434
srv-007,2017-06-29 14:00:00,53.868393
srv-007,2017-06-29 15:00:00,51.870358
srv-007,2017-06-29 16:00:00,48.176285
srv-007,2017-06-29 17:00:00,49.9138
srv-007,2017-06-29 18:00:00,48.19995
srv-007,2017-06-29 19:00:00,45.623764
srv-007,2017-06-29 20:00:00,46.66525
srv-007,2017-06-29 21:00:00,43.529728
srv-007,2017-06-29 22:00:00,42.408768
srv-007,2017-06-29 23:00:00,44.129124
srv-007,2017-06-30 00:00:00,44.864346
srv-007,2017-06-30 01:00:00,44.08314
srv-007,2017-06-30 02:00:00,46.266975
srv-007,2017-06-30 03:00:00,42.00201
srv-007,2017-06-30 04:00:00,44.01256
srv-007,2017-06-30 05:00:00,49.89037
srv-007,2017-06-30 06:00:00,45.977844
srv-007,2017-06-30 07:00:00,44.855003
srv-007,2017-06-30 08:00:00,45.62315
srv-007,2017-06-30 09:00:00,43.844524
srv-007,2017-06-30 10:00:00,40.749634
srv-007,2017-06-30 11:00:00,34.452637
srv-007,2017-06-30 12:00:00,34.55026
srv-007,2017-06-30 13:00:00,36.784523
srv-007,2017-06-30 14:00:00,36.629364
srv-007,2017-06-30 15:00:00,42.020836
srv-007,2017-06-30 16:00:00,41.840725
srv-007,2017-06-30 17:00:00,38.754086
srv-007,2017-06-30 18:00:00,37.16353
srv-007,2017-06-30 19:00:00,38.188972
srv-007,2017-06-30 20:00:00,33.43223
srv-007,2017-06-30 21:00:00,32.870827
srv-007,2017-06-30 22:00:00,29.583607
srv-007,2017-06-30 23:00:00,38.745144
srv-008,2017-06-01 23:00:00,74.243034
srv-008,2017-06-02 00:00:00,71.42091
srv-008,2017-06-02 01:00:00,73.434235
srv-008,2017-06-02 02:00:00,68.804474
srv-008,2017-06-02 03:00:00,68.72517
srv-008,2017-06-02 04:00:00,70.83042
srv-008,2017-06-02 05:00:00,66.416626
srv-008,2017-06-02 06:00:00,65.95975
srv-008,2017-06-02 07:00:00,62.962242
srv-008,2017-06-02 08:00:00,65.82367
srv-008,2017-06-02 09:00:00,70.62985
srv-008,2017-06-02 10:00:00,78.112595
srv-008,2017-06-02 11:00:00,70.8626
srv-008,2017-06-02 12:00:00,81.322205
srv-008,2017-06-02 13:00:00,82.546455
srv-008,2017-06-02 14:00:00,74.99002
srv-008,2017-06-02 15:00:00,71.864235
srv-008,2017-06-02 16:00:00,66.984955
srv-008,2017-06-02 17:00:00,66.811874
srv-008,2017-06-02 18:00:00,72.49369
srv-008,2017-06-02 19:00:00,70.62526
srv-008,2017-06-02 20:00:00,71.45126
srv-008,2017-06-02 21:00:00,70.84046
srv-008,2017-06-02 22:00:00,90.619865
srv-008,2017-06-02 23:00:00,88.84485
srv-008,2017-06-03 00:00:00,80.59684
srv-008,2017-06-03 01:00:00,70.883484
srv-008,2017-06-03 02:00:00,67.42645
srv-008,2017-06-03 03:00:00,70.44568
srv-008,2017-06-03 04:00:00,80.00775
srv-008,2017-06-03 05:00:00,77.87937
srv-008,2017-06-03 06:00:00,71.30056
srv-008,2017-06-03 07:00:00,76.55042
srv-008,2017-06-03 08:00:00,77.536995
srv-008,2017-06-03 09:00:00,70.4436
srv-008,2017-06-03 10:00:00,69.731255
srv-008,2017-06-03 11:00:00,73.61247
srv-008,2017-06-03 12:00:00,80.575226
srv-008,2017-06-03 13:00:00,80.62083
srv-008,2017-06-03 14:00:00,80.577
srv-008,2017-06-03 15:00:00,74.775955
srv-008,2017-06-03 16:00:00,73.64523
srv-008,2017-06-03 17:00:00,81.37097
srv-008,2017-06-03 18:00:00,78.10262
srv-008,2017-06-03 19:00:00,76.55764
srv-008,2017-06-03 20:00:00,71.03085
srv-008,2017-06-03 21:00:00,67.72696
srv-008,2017-06-03 22:00:00,65.50594
srv-008,2017-06-03 23:00:00,70.27798
srv-008,2017-06-04 00:00:00,75.12633
srv-008,2017-06-04 01:00:00,71.61727
srv-008,2017-06-04 02:00:00,70.62683
srv-008,2017-06-04 03:00:00,69.75746
srv-008,2017-06-04 04:00:00,68.77931
srv-008,2017-06-04 05:00:00,72.46535
srv-008,2017-06-04 06:00:00,73.18446
srv-008,2017-06-04 07:00:00,71.45819
srv-008,2017-06-04 08:00:00,71.63713
srv-008,2017-06-04 09:00:00,66.43878
srv-008,2017-06-04 10:00:00,65.10751
srv-008,2017-06-04 11:00:00,73.08786
srv-008,2017-06-04 12:00:00,76.08228
srv-008,2017-06-04 13:00:00,77.13636
srv-008,2017-06-04 14:00:00,72.50108
srv-008,2017-06-04 15:00:00,73.49159
srv-008,2017-06-04 16:00:00,79.97969
srv-008,2017-06-04 17:00:00,79.98365
srv-008,2017-06-04 18:00:00,77.88667
srv-008,2017-06-04 19:00:00,72.47922
srv-008,2017-06-04 20:00:00,72.20222
srv-008,2017-06-04 21:00:00,77.10114
srv-008,2017-06-04 22:00:00,79.974724
srv-008,2017-06-04 23:00:00,72.48083
srv-008,2017-06-05 00:00:00,64.87722
srv-008,2017-06-05 01:00:00,69.46881
srv-008,2017-06-05 02:00:00,72.07369
srv-008,2017-06-05 03:00:00,68.343895
srv-008,2017-06-05 04:00:00,65.97383
srv-008,2017-06-05 05:00:00,65.3746
srv-008,2017-06-05 06:00:00,68.823425
srv-008,2017-06-05 07:00:00,72.50235
srv-008,2017-06-05 08:00:00,70.84371
srv-008,2017-06-05 09:00:00,68.58191
srv-008,2017-06-05 10:00:00,72.80792
srv-008,2017-06-05 11:00:00,69.89416
srv-008,2017-06-05 12:00:00,76.72025
srv-008,2017-06-05 13:00:00,77.36304
srv-008,2017-06-05 14:00:00,80.59687
srv-008,2017-06-05 15:00:00,74.47725
srv-008,2017-06-05 16:00:00,74.48779
srv-008,2017-06-05 17:00:00,78.744125
srv-008,2017-06-05 18:00:00,82.40269
srv-008,2017-06-05 19:00:00,76.30922
srv-008,2017-06-05 20:00:00,75.12708
srv-008,2017-06-05 21:00:00,70.84903
srv-008,2017-06-05 22:00:00,74.29148
srv-008,2017-06-05 23:00:00,77.328384
srv-008,2017-06-06 00:00:00,76.5472
srv-008,2017-06-06 01:00:00,73.46035
srv-008,2017-06-06 02:00:00,81.3097
srv-008,2017-06-06 03:00:00,85.853325
srv-008,2017-06-06 04:00:00,79.42668
srv-008,2017-06-06 05:00:00,77.530014
srv-008,2017-06-06 06:00:00,75.912575
srv-008,2017-06-06 07:00:00,87.54336
srv-008,2017-06-06 08:00:00,82.04164
srv-008,2017-06-06 09:00:00,71.03903
srv-008,2017-06-06 10:00:00,74.15601
srv-008,2017-06-06 11:00:00,74.79366
srv-008,2017-06-06 12:00:00,75.89209
srv-008,2017-06-06 13:00:00,79.982574
srv-008,2017-06-06 14:00:00,82.69006
srv-008,2017-06-06 15:00:00,76.07162
srv-008,2017-06-06 16:00:00,81.34264
srv-008,2017-06-06 17:00:00,78.7501
srv-008,2017-06-06 18:00:00,77.55208
srv-008,2017-06-06 19:00:00,76.54329
srv-008,2017-06-06 20:00:00,75.41619
srv-008,2017-06-06 21:00:00,82.607056
srv-008,2017-06-06 22:00:00,83.26266
srv-008,2017-06-06 23:00:00,86.309265
srv-008,2017-06-07 00:00:00,79.386696
srv-008,2017-06-07 01:00:00,74.27315
srv-008,2017-06-07 02:00:00,78.45388
srv-008,2017-06-07 03:00:00,74.08088
srv-008,2017-06-07 04:00:00,74.945206
srv-008,2017-06-07 05:00:00,78.1116
srv-008,2017-06-07 06:00:00,79.644966
srv-008,2017-06-07 07:00:00,78.452965
srv-008,2017-06-07 08:00:00,74.482086
srv-008,2017-06-07 09:00:00,79.37678
srv-008,2017-06-07 10:00:00,79.64646
srv-008,2017-06-07 11:00:00,81.31875
srv-008,2017-06-07 12:00:00,85.294754
srv-008,2017-06-07 13:00:00,85.177055
srv-008,2017-06-07 14:00:00,83.28141
srv-008,2017-06-07 15:00:00,77.093925
srv-008,2017-06-07 16:00:00,84.013565
srv-008,2017-06-07 17:00:00,84.43106
srv-008,2017-06-07 18:00:00,82.37457
srv-008,2017-06-07 19:00:00,82.69801
srv-008,2017-06-07 20:00:00,83.63432
srv-008,2017-06-07 21:00:00,85.82733
srv-008,2017-06-07 22:00:00,78.95407
srv-008,2017-06-07 23:00:00,72.03303
srv-008,2017-06-08 00:00:00,75.44793
srv-008,2017-06-08 01:00:00,81.9945
srv-008,2017-06-08 02:00:00,83.13963
srv-008,2017-06-08 03:00:00,79.64871
srv-008,2017-06-08 04:00:00,78.93496
srv-008,2017-06-08 05:00:00,80.87893
srv-008,2017-06-08 06:00:00,86.99922
srv-008,2017-06-08 07:00:00,83.262726
srv-008,2017-06-08 08:00:00,85.85587
srv-008,2017-06-08 09:00:00,84.00495
srv-008,2017-06-08 10:00:00,83.202354
srv-008,2017-06-08 11:00:00,83.6167
srv-008,2017-06-08 12:00:00,81.35153
srv-008,2017-06-08 13:00:00,78.73602
srv-008,2017-06-08 14:00:00,82.347244
srv-008,2017-06-08 15:00:00,82.360794
srv-008,2017-06-08 16:00:00,80.348724
srv-008,2017-06-08 17:00:00,76.6931
srv-008,2017-06-08 18:00:00,71.603424
srv-008,2017-06-08 19:00:00,72.796555
srv-008,2017-06-08 20:00:00,73.14955
srv-008,2017-06-08 21:00:00,73.458336
srv-008,2017-06-08 22:00:00,77.06073
srv-008,2017-06-08 23:00:00,75.10766
srv-008,2017-06-09 00:00:00,81.616615
srv-008,2017-06-09 01:00:00,75.92576
srv-008,2017-06-09 02:00:00,71.62075
srv-008,2017-06-09 03:00:00,74.69204
srv-008,2017-06-09 04:00:00,65.82159
srv-008,2017-06-09 05:00:00,67.41269
srv-008,2017-06-09 06:00:00,74.475624
srv-008,2017-06-09 07:00:00,70.61573
srv-008,2017-06-09 08:00:00,73.16018
srv-008,2017-06-09 09:00:00,74.483086
srv-008,2017-06-09 10:00:00,77.88688
srv-008,2017-06-09 11:00:00,80.30812
srv-008,2017-06-09 12:00:00,80.865715
srv-008,2017-06-09 13:00:00,83.63407
srv-008,2017-06-09 14:00:00,81.35344
srv-008,2017-06-09 15:00:00,79.94841
srv-008,2017-06-09 16:00:00,77.56016
srv-008,2017-06-09 17:00:00,76.708176
srv-008,2017-06-09 18:00:00,73.4581
srv-008,2017-06-09 19:00:00,72.0635
srv-008,2017-06-09 20:00:00,69.12207
srv-008,2017-06-09 21:00:00,71.04778
srv-008,2017-06-09 22:00:00,65.952484
srv-008,2017-06-09 23:00:00,63.776188
srv-008,2017-06-10 00:00:00,69.29736
srv-008,2017-06-10 01:00:00,63.798992
srv-008,2017-06-10 02:00:00,65.37662
srv-008,2017-06-10 03:00:00,71.35575
srv-008,2017-06-10 04:00:00,71.33327
srv-008,2017-06-10 05:00:00,70.63962
srv-008,2017-06-10 06:00:00,74.780716
srv-008,2017-06-10 07:00:00,78.42174
srv-008,2017-06-10 08:00:00,76.34428
srv-008,2017-06-10 09:00:00,73.48618
srv-008,2017-06-10 10:00:00,71.3403
srv-008,2017-06-10 11:00:00,71.85595
srv-008,2017-06-10 12:00:00,71.05941
srv-008,2017-06-10 13:00:00,73.164474
srv-008,2017-06-10 14:00:00,74.07983
srv-008,2017-06-10 15:00:00,75.12799
srv-008,2017-06-10 16:00:00,71.46493
srv-008,2017-06-10 17:00:00,68.56476
srv-008,2017-06-10 18:00:00,70.41723
srv-008,2017-06-10 19:00:00,64.23188
srv-008,2017-06-10 20:00:00,71.061646
srv-008,2017-06-10 21:00:00,69.87613
srv-008,2017-06-10 22:00:00,67.0026
srv-008,2017-06-10 23:00:00,61.59893
srv-008,2017-06-11 00:00:00,69.50534
srv-008,2017-06-11 01:00:00,70.04117
srv-008,2017-06-11 02:00:00,72.2302
srv-008,2017-06-11 03:00:00,74.94235
srv-008,2017-06-11 04:00:00,73.47334
srv-008,2017-06-11 05:00:00,73.482285
srv-008,2017-06-11 06:00:00,68.32384
srv-008,2017-06-11 07:00:00,71.8473
srv-008,2017-06-11 08:00:00,66.63451
srv-008,2017-06-11 09:00:00,72.65447
srv-008,2017-06-11 10:00:00,70.84264
srv-008,2017-06-11 11:00:00,71.86653
srv-008,2017-06-11 12:00:00,72.05361
srv-008,2017-06-11 13:00:00,77.30479
srv-008,2017-06-11 14:00:00,74.48507
srv-008,2017-06-11 15:00:00,72.05277
srv-008,2017-06-11 16:00:00,77.36121
srv-008,2017-06-11 17:00:00,81.318886
srv-008,2017-06-11 18:00:00,80.617294
srv-008,2017-06-11 19:00:00,76.76927
srv-008,2017-06-11 20:00:00,76.31929
srv-008,2017-06-11 21:00:00,73.020065
srv-008,2017-06-11 22:00:00,68.57922
srv-008,2017-06-11 23:00:00,68.32741
srv-008,2017-06-12 00:00:00,67.18254
srv-008,2017-06-12 01:00:00,69.4738
srv-008,2017-06-12 02:00:00,63.52031
srv-008,2017-06-12 03:00:00,61.60341
srv-008,2017-06-12 04:00:00,66.447655
srv-008,2017-06-12 05:00:00,68.35626
srv-008,2017-06-12 06:00:00,70.62851
srv-008,2017-06-12 07:00:00,69.723076
srv-008,2017-06-12 08:00:00,70.63143
srv-008,2017-06-12 09:00:00,72.20552
srv-008,2017-06-12 10:00:00,78.12339
srv-008,2017-06-12 11:00:00,69.90686
srv-008,2017-06-12 12:00:00,69.13826
srv-008,2017-06-12 13:00:00,74.280235
srv-008,2017-06-12 14:00:00,68.15401
srv-008,2017-06-12 15:00:00,72.62635
srv-008,2017-06-12 16:00:00,71.04416
srv-008,2017-06-12 17:00:00,73.480835
srv-008,2017-06-12 18:00:00,70.44802
srv-008,2017-06-12 19:00:00,71.036606
srv-008,2017-06-12 20:00:00,69.139206
srv-008,2017-06-12 21:00:00,68.03737
srv-008,2017-06-12 22:00:00,69.14986
srv-008,2017-06-12 23:00:00,75.44632
srv-008,2017-06-13 00:00:00,77.14299
srv-008,2017-06-13 01:00:00,77.144936
srv-008,2017-06-13 02:00:00,78.43868
srv-008,2017-06-13 03:00:00,80.316185
srv-008,2017-06-13 04:00:00,77.9482
srv-008,2017-06-13 05:00:00,74.10975
srv-008,2017-06-13 06:00:00,74.94451
srv-008,2017-06-13 07:00:00,78.72768
srv-008,2017-06-13 08:00:00,82.01688
srv-008,2017-06-13 09:00:00,75.90116
srv-008,2017-06-13 10:00:00,78.72152
srv-008,2017-06-13 11:00:00,85.29081
srv-008,2017-06-13 12:00:00,88.073685
srv-008,2017-06-13 13:00:00,80.3411
srv-008,2017-06-13 14:00:00,78.467415
srv-008,2017-06-13 15:00:00,75.129265
srv-008,2017-06-13 16:00:00,78.728806
srv-008,2017-06-13 17:00:00,79.94428
srv-008,2017-06-13 18:00:00,83.99962
srv-008,2017-06-13 19:00:00,88.80379
srv-008,2017-06-13 20:00:00,89.68872
srv-008,2017-06-13 21:00:00,86.94364
srv-008,2017-06-13 22:00:00,82.68758
srv-008,2017-06-13 23:00:00,88.72943
srv-008,2017-06-14 00:00:00,90.57825
srv-008,2017-06-14 01:00:00,94.98434
srv-008,2017-06-14 02:00:00,92.66955
srv-008,2017-06-14 03:00:00,87.50942
srv-008,2017-06-14 04:00:00,72.78865
srv-008,2017-06-14 05:00:00,74.10294
srv-008,2017-06-14 06:00:00,73.651985
srv-008,2017-06-14 07:00:00,74.078636
srv-008,2017-06-14 08:00:00,71.26051
srv-008,2017-06-14 09:00:00,74.911224
srv-008,2017-06-14 10:00:00,72.76762
srv-008,2017-06-14 11:00:00,81.64849
srv-008,2017-06-14 12:00:00,79.6529
srv-008,2017-06-14 13:00:00,79.66076
srv-008,2017-06-14 14:00:00,83.1683
srv-008,2017-06-14 15:00:00,82.71199
srv-008,2017-06-14 16:00:00,76.29747
srv-008,2017-06-14 17:00:00,81.35243
srv-008,2017-06-14 18:00:00,82.61047
srv-008,2017-06-14 19:00:00,80.97398
srv-008,2017-06-14 20:00:00,79.9383
srv-008,2017-06-14 21:00:00,76.05509
srv-008,2017-06-14 22:00:00,77.93933
srv-008,2017-06-14 23:00:00,77.36123
srv-008,2017-06-15 00:00:00,82.384056
srv-008,2017-06-15 01:00:00,77.083176
srv-008,2017-06-15 02:00:00,79.77816
srv-008,2017-06-15 03:00:00,81.59847
srv-008,2017-06-15 04:00:00,81.71272
srv-008,2017-06-15 05:00:00,76.16627
srv-008,2017-06-15 06:00:00,74.22744
srv-008,2017-06-15 07:00:00,78.2858
srv-008,2017-06-15 08:00:00,76.41014
srv-008,2017-06-15 09:00:00,74.40188
srv-008,2017-06-15 10:00:00,80.57332
srv-008,2017-06-15 11:00:00,86.935455
srv-008,2017-06-15 12:00:00,86.36924
srv-008,2017-06-15 13:00:00,85.28223
srv-008,2017-06-15 14:00:00,88.77799
srv-008,2017-06-15 15:00:00,78.9467
srv-008,2017-06-15 16:00:00,81.631355
srv-008,2017-06-15 17:00:00,79.39177
srv-008,2017-06-15 18:00:00,78.94084
srv-008,2017-06-15 19:00:00,80.3054
srv-008,2017-06-15 20:00:00,97.98792
srv-008,2017-06-15 21:00:00,75.62507
srv-008,2017-06-15 22:00:00,76.56105
srv-008,2017-06-15 23:00:00,81.684135
srv-008,2017-06-16 00:00:00,84.42349
srv-008,2017-06-16 01:00:00,74.92534
srv-008,2017-06-16 02:00:00,76.65544
srv-008,2017-06-16 03:00:00,72.1518
srv-008,2017-06-16 04:00:00,71.41726
srv-008,2017-06-16 05:00:00,73.4629
srv-008,2017-06-16 06:00:00,72.79558
srv-008,2017-06-16 07:00:00,71.588165
srv-008,2017-06-16 08:00:00,68.71831
srv-008,2017-06-16 09:00:00,65.79217
srv-008,2017-06-16 10:00:00,75.15742
srv-008,2017-06-16 11:00:00,78.99351
srv-008,2017-06-16 12:00:00,81.03029
srv-008,2017-06-16 13:00:00,73.86868
srv-008,2017-06-16 14:00:00,75.14416
srv-008,2017-06-16 15:00:00,74.27489
srv-008,2017-06-16 16:00:00,72.823746
srv-008,2017-06-16 17:00:00,74.2649
srv-008,2017-06-16 18:00:00,68.57627
srv-008,2017-06-16 19:00:00,69.134186
srv-008,2017-06-16 20:00:00,77.93464
srv-008,2017-06-16 21:00:00,72.61157
srv-008,2017-06-16 22:00:00,71.435326
srv-008,2017-06-16 23:00:00,65.80653
srv-008,2017-06-17 00:00:00,66.6003
srv-008,2017-06-17 01:00:00,76.358604
srv-008,2017-06-17 02:00:00,80.16427
srv-008,2017-06-17 03:00:00,79.665504
srv-008,2017-06-17 04:00:00,79.954834
srv-008,2017-06-17 05:00:00,71.81791
srv-008,2017-06-17 06:00:00,68.83051
srv-008,2017-06-17 07:00:00,68.770065
srv-008,2017-06-17 08:00:00,73.459915
srv-008,2017-06-17 09:00:00,83.175835
srv-008,2017-06-17 10:00:00,73.046776
srv-008,2017-06-17 11:00:00,74.28596
srv-008,2017-06-17 12:00:00,74.946
srv-008,2017-06-17 13:00:00,74.317696
srv-008,2017-06-17 14:00:00,77.38659
srv-008,2017-06-17 15:00:00,71.86705
srv-008,2017-06-17 16:00:00,72.61087
srv-008,2017-06-17 17:00:00,79.63923
srv-008,2017-06-17 18:00:00,75.59619
srv-008,2017-06-17 19:00:00,75.60047
srv-008,2017-06-17 20:00:00,69.728165
srv-008,2017-06-17 21:00:00,65.97203
srv-008,2017-06-17 22:00:00,72.048676
srv-008,2017-06-17 23:00:00,68.03112
srv-008,2017-06-18 00:00:00,68.73926
srv-008,2017-06-18 01:00:00,66.85178
srv-008,2017-06-18 02:00:00,65.342285
srv-008,2017-06-18 03:00:00,68.32266
srv-008,2017-06-18 04:00:00,75.62213
srv-008,2017-06-18 05:00:00,75.617874
srv-008,2017-06-18 06:00:00,72.49562
srv-008,2017-06-18 07:00:00,74.28237
srv-008,2017-06-18 08:00:00,75.62309
srv-008,2017-06-18 09:00:00,78.45262
srv-008,2017-06-18 10:00:00,77.079414
srv-008,2017-06-18 11:00:00,79.97003
srv-008,2017-06-18 12:00:00,75.61103
srv-008,2017-06-18 13:00:00,78.73374
srv-008,2017-06-18 14:00:00,80.60917
srv-008,2017-06-18 15:00:00,77.330284
srv-008,2017-06-18 16:00:00,79.94082
srv-008,2017-06-18 17:00:00,77.0673
srv-008,2017-06-18 18:00:00,73.16993
srv-008,2017-06-18 19:00:00,68.184875
srv-008,2017-06-18 20:00:00,71.83952
srv-008,2017-06-18 21:00:00,65.807365
srv-008,2017-06-18 22:00:00,86.34111
srv-008,2017-06-18 23:00:00,82.037186
srv-008,2017-06-19 00:00:00,71.03807
srv-008,2017-06-19 01:00:00,75.99882
srv-008,2017-06-19 02:00:00,77.86116
srv-008,2017-06-19 03:00:00,75.4388
srv-008,2017-06-19 04:00:00,74.11851
srv-008,2017-06-19 05:00:00,69.709015
srv-008,2017-06-19 06:00:00,64.44916
srv-008,2017-06-19 07:00:00,69.71786
srv-008,2017-06-19 08:00:00,69.7221
srv-008,2017-06-19 09:00:00,76.71195
srv-008,2017-06-19 10:00:00,77.38059
srv-008,2017-06-19 11:00:00,84.05904
srv-008,2017-06-19 12:00:00,82.03419
srv-008,2017-06-19 13:00:00,79.9836
srv-008,2017-06-19 14:00:00,82.37107
srv-008,2017-06-19 15:00:00,79.6963
srv-008,2017-06-19 16:00:00,78.44334
srv-008,2017-06-19 17:00:00,74.2576
srv-008,2017-06-19 18:00:00,78.09159
srv-008,2017-06-19 19:00:00,75.88621
srv-008,2017-06-19 20:00:00,73.465065
srv-008,2017-06-19 21:00:00,73.16625
srv-008,2017-06-19 22:00:00,73.851364
srv-008,2017-06-19 23:00:00,76.300446
srv-008,2017-06-20 00:00:00,76.31573
srv-008,2017-06-20 01:00:00,76.7139
srv-008,2017-06-20 02:00:00,78.09012
srv-008,2017-06-20 03:00:00,79.656136
srv-008,2017-06-20 04:00:00,75.967514
srv-008,2017-06-20 05:00:00,80.986084
srv-008,2017-06-20 06:00:00,84.92156
srv-008,2017-06-20 07:00:00,81.64966
srv-008,2017-06-20 08:00:00,78.096176
srv-008,2017-06-20 09:00:00,76.04221
srv-008,2017-06-20 10:00:00,77.31518
srv-008,2017-06-20 11:00:00,78.42639
srv-008,2017-06-20 12:00:00,79.38907
srv-008,2017-06-20 13:00:00,83.63275
srv-008,2017-06-20 14:00:00,79.970406
srv-008,2017-06-20 15:00:00,76.57974
srv-008,2017-06-20 16:00:00,77.92735
srv-008,2017-06-20 17:00:00,79.41937
srv-008,2017-06-20 18:00:00,77.073654
srv-008,2017-06-20 19:00:00,79.39865
srv-008,2017-06-20 20:00:00,80.94115
srv-008,2017-06-20 21:00:00,81.68066
srv-008,2017-06-20 22:00:00,76.71424
srv-008,2017-06-20 23:00:00,70.61249
srv-008,2017-06-21 00:00:00,73.03834
srv-008,2017-06-21 01:00:00,76.678825
srv-008,2017-06-21 02:00:00,74.780174
srv-008,2017-06-21 03:00:00,73.848946
srv-008,2017-06-21 04:00:00,71.63728
srv-008,2017-06-21 05:00:00,78.09587
srv-008,2017-06-21 06:00:00,79.65045
srv-008,2017-06-21 07:00:00,81.63526
srv-008,2017-06-21 08:00:00,77.343544
srv-008,2017-06-21 09:00:00,84.022835
srv-008,2017-06-21 10:00:00,82.04075
srv-008,2017-06-21 11:00:00,77.56752
srv-008,2017-06-21 12:00:00,72.81164
srv-008,2017-06-21 13:00:00,74.48381
srv-008,2017-06-21 14:00:00,78.69976
srv-008,2017-06-21 15:00:00,79.35438
srv-008,2017-06-21 16:00:00,83.215614
srv-008,2017-06-21 17:00:00,84.06275
srv-008,2017-06-21 18:00:00,81.35983
srv-008,2017-06-21 19:00:00,81.73142
srv-008,2017-06-21 20:00:00,84.05575
srv-008,2017-06-21 21:00:00,79.635796
srv-008,2017-06-21 22:00:00,74.797615
srv-008,2017-06-21 23:00:00,74.07891
srv-008,2017-06-22 00:00:00,70.849884
srv-008,2017-06-22 01:00:00,64.86951
srv-008,2017-06-22 02:00:00,80.00091
srv-008,2017-06-22 03:00:00,77.581665
srv-008,2017-06-22 04:00:00,81.32657
srv-008,2017-06-22 05:00:00,85.32563
srv-008,2017-06-22 06:00:00,84.09253
srv-008,2017-06-22 07:00:00,83.22352
srv-008,2017-06-22 08:00:00,73.03848
srv-008,2017-06-22 09:00:00,79.94421
srv-008,2017-06-22 10:00:00,81.30479
srv-008,2017-06-22 11:00:00,82.37656
srv-008,2017-06-22 12:00:00,83.612595
srv-008,2017-06-22 13:00:00,84.398056
srv-008,2017-06-22 14:00:00,85.286255
srv-008,2017-06-22 15:00:00,86.354645
srv-008,2017-06-22 16:00:00,87.435074
srv-008,2017-06-22 17:00:00,85.78072
srv-008,2017-06-22 18:00:00,87.4726
srv-008,2017-06-22 19:00:00,82.69145
srv-008,2017-06-22 20:00:00,80.644806
srv-008,2017-06-22 21:00:00,76.34274
srv-008,2017-06-22 22:00:00,75.61763
srv-008,2017-06-22 23:00:00,73.03667
srv-008,2017-06-23 00:00:00,78.4089
srv-008,2017-06-23 01:00:00,79.41152
srv-008,2017-06-23 02:00:00,70.80952
srv-008,2017-06-23 03:00:00,72.61873
srv-008,2017-06-23 04:00:00,76.038055
srv-008,2017-06-23 05:00:00,70.59338
srv-008,2017-06-23 06:00:00,68.03715
srv-008,2017-06-23 07:00:00,73.601295
srv-008,2017-06-23 08:00:00,69.4314
srv-008,2017-06-23 09:00:00,76.072914
srv-008,2017-06-23 10:00:00,74.8226
srv-008,2017-06-23 11:00:00,80.286995
srv-008,2017-06-23 12:00:00,84.37853
srv-008,2017-06-23 13:00:00,77.90584
srv-008,2017-06-23 14:00:00,78.96435
srv-008,2017-06-23 15:00:00,77.91408
srv-008,2017-06-23 16:00:00,74.477005
srv-008,2017-06-23 17:00:00,80.31478
srv-008,2017-06-23 18:00:00,76.537636
srv-008,2017-06-23 19:00:00,78.41354
srv-008,2017-06-23 20:00:00,74.93682
srv-008,2017-06-23 21:00:00,70.281166
srv-008,2017-06-23 22:00:00,74.82772
srv-008,2017-06-23 23:00:00,68.32509
srv-008,2017-06-24 00:00:00,75.42793
srv-008,2017-06-24 01:00:00,69.27961
srv-008,2017-06-24 02:00:00,65.4733
srv-008,2017-06-24 03:00:00,72.61134
srv-008,2017-06-24 04:00:00,66.63155
srv-008,2017-06-24 05:00:00,69.87213
srv-008,2017-06-24 06:00:00,69.884514
srv-008,2017-06-24 07:00:00,72.467316
srv-008,2017-06-24 08:00:00,70.841705
srv-008,2017-06-24 09:00:00,65.7978
srv-008,2017-06-24 10:00:00,68.565445
srv-008,2017-06-24 11:00:00,78.119446
srv-008,2017-06-24 12:00:00,82.72062
srv-008,2017-06-24 13:00:00,84.446045
srv-008,2017-06-24 14:00:00,76.08687
srv-008,2017-06-24 15:00:00,73.052315
srv-008,2017-06-24 16:00:00,72.50723
srv-008,2017-06-24 17:00:00,79.41998
srv-008,2017-06-24 18:00:00,73.06098
srv-008,2017-06-24 19:00:00,71.29879
srv-008,2017-06-24 20:00:00,75.41283
srv-008,2017-06-24 21:00:00,68.72339
srv-008,2017-06-24 22:00:00,72.61724
srv-008,2017-06-24 23:00:00,68.5626
srv-008,2017-06-25 00:00:00,72.01872
srv-008,2017-06-25 01:00:00,70.622116
srv-008,2017-06-25 02:00:00,71.32412
srv-008,2017-06-25 03:00:00,78.41337
srv-008,2017-06-25 04:00:00,70.842545
srv-008,2017-06-25 05:00:00,64.23048
srv-008,2017-06-25 06:00:00,69.91214
srv-008,2017-06-25 07:00:00,73.492386
srv-008,2017-06-25 08:00:00,76.71688
srv-008,2017-06-25 09:00:00,75.61122
srv-008,2017-06-25 10:00:00,75.12551
srv-008,2017-06-25 11:00:00,75.92071
srv-008,2017-06-25 12:00:00,75.60981
srv-008,2017-06-25 13:00:00,74.4792
srv-008,2017-06-25 14:00:00,80.310005
srv-008,2017-06-25 15:00:00,81.635826
srv-008,2017-06-25 16:00:00,79.378716
srv-008,2017-06-25 17:00:00,78.979645
srv-008,2017-06-25 18:00:00,80.348656
srv-008,2017-06-25 19:00:00,75.453674
srv-008,2017-06-25 20:00:00,74.93614
srv-008,2017-06-25 21:00:00,71.82969
srv-008,2017-06-25 22:00:00,72.01962
srv-008,2017-06-25 23:00:00,68.01181
srv-008,2017-06-26 00:00:00,69.703964
srv-008,2017-06-26 01:00:00,71.29882
srv-008,2017-06-26 02:00:00,65.96442
srv-008,2017-06-26 03:00:00,63.792038
srv-008,2017-06-26 04:00:00,59.290855
srv-008,2017-06-26 05:00:00,60.062584
srv-008,2017-06-26 06:00:00,68.1766
srv-008,2017-06-26 07:00:00,71.04712
srv-008,2017-06-26 08:00:00,70.87806
srv-008,2017-06-26 09:00:00,73.180916
srv-008,2017-06-26 10:00:00,76.32647
srv-008,2017-06-26 11:00:00,80.30332
srv-008,2017-06-26 12:00:00,77.88578
srv-008,2017-06-26 13:00:00,71.03806
srv-008,2017-06-26 14:00:00,71.02179
srv-008,2017-06-26 15:00:00,75.13875
srv-008,2017-06-26 16:00:00,78.114265
srv-008,2017-06-26 17:00:00,74.26519
srv-008,2017-06-26 18:00:00,73.63136
srv-008,2017-06-26 19:00:00,73.01938
srv-008,2017-06-26 20:00:00,73.482704
srv-008,2017-06-26 21:00:00,74.09336
srv-008,2017-06-26 22:00:00,81.67129
srv-008,2017-06-26 23:00:00,75.133255
srv-008,2017-06-27 00:00:00,70.84012
srv-008,2017-06-27 01:00:00,70.62343
srv-008,2017-06-27 02:00:00,75.62995
srv-008,2017-06-27 03:00:00,69.30045
srv-008,2017-06-27 04:00:00,68.03009
srv-008,2017-06-27 05:00:00,77.11637
srv-008,2017-06-27 06:00:00,76.56313
srv-008,2017-06-27 07:00:00,73.04132
srv-008,2017-06-27 08:00:00,73.06115
srv-008,2017-06-27 09:00:00,74.79212
srv-008,2017-06-27 10:00:00,82.35782
srv-008,2017-06-27 11:00:00,81.62556
srv-008,2017-06-27 12:00:00,82.69883
srv-008,2017-06-27 13:00:00,81.387375
srv-008,2017-06-27 14:00:00,78.733826
srv-008,2017-06-27 15:00:00,79.67053
srv-008,2017-06-27 16:00:00,82.68503
srv-008,2017-06-27 17:00:00,80.992256
srv-008,2017-06-27 18:00:00,80.59707
srv-008,2017-06-27 19:00:00,84.02427
srv-008,2017-06-27 20:00:00,76.54473
srv-008,2017-06-27 21:00:00,76.58493
srv-008,2017-06-27 22:00:00,84.01226
srv-008,2017-06-27 23:00:00,74.28719
srv-008,2017-06-28 00:00:00,67.58171
srv-008,2017-06-28 01:00:00,72.04324
srv-008,2017-06-28 02:00:00,77.33252
srv-008,2017-06-28 03:00:00,75.939766
srv-008,2017-06-28 04:00:00,74.78762
srv-008,2017-06-28 05:00:00,74.969666
srv-008,2017-06-28 06:00:00,82.68342
srv-008,2017-06-28 07:00:00,79.41185
srv-008,2017-06-28 08:00:00,81.381226
srv-008,2017-06-28 09:00:00,79.9164
srv-008,2017-06-28 10:00:00,81.30363
srv-008,2017-06-28 11:00:00,86.961174
srv-008,2017-06-28 12:00:00,82.3785
srv-008,2017-06-28 13:00:00,82.68802
srv-008,2017-06-28 14:00:00,87.37117
srv-008,2017-06-28 15:00:00,81.33971
srv-008,2017-06-28 16:00:00,79.94305
srv-008,2017-06-28 17:00:00,78.75659
srv-008,2017-06-28 18:00:00,79.66925
srv-008,2017-06-28 19:00:00,73.03574
srv-008,2017-06-28 20:00:00,76.68142
srv-008,2017-06-28 21:00:00,78.10362
srv-008,2017-06-28 22:00:00,74.79017
srv-008,2017-06-28 23:00:00,75.14723
srv-008,2017-06-29 00:00:00,72.817
srv-008,2017-06-29 01:00:00,72.59381
srv-008,2017-06-29 02:00:00,76.31407
srv-008,2017-06-29 03:00:00,82.72005
srv-008,2017-06-29 04:00:00,81.26693
srv-008,2017-06-29 05:00:00,83.26485
srv-008,2017-06-29 06:00:00,83.25382
srv-008,2017-06-29 07:00:00,80.97661
srv-008,2017-06-29 08:00:00,79.68478
srv-008,2017-06-29 09:00:00,79.662926
srv-008,2017-06-29 10:00:00,82.01082
srv-008,2017-06-29 11:00:00,82.70738
srv-008,2017-06-29 12:00:00,85.00328
srv-008,2017-06-29 13:00:00,83.29843
srv-008,2017-06-29 14:00:00,80.60809
srv-008,2017-06-29 15:00:00,78.41875
srv-008,2017-06-29 16:00:00,84.40501
srv-008,2017-06-29 17:00:00,82.29336
srv-008,2017-06-29 18:00:00,90.47664
srv-008,2017-06-29 19:00:00,82.43245
srv-008,2017-06-29 20:00:00,81.927666
srv-008,2017-06-29 21:00:00,72.637054
srv-008,2017-06-29 22:00:00,75.61878
srv-008,2017-06-29 23:00:00,74.48218
srv-008,2017-06-30 00:00:00,79.385765
srv-008,2017-06-30 01:00:00,76.27651
srv-008,2017-06-30 02:00:00,74.23382
srv-008,2017-06-30 03:00:00,74.48683
srv-008,2017-06-30 04:00:00,71.0466
srv-008,2017-06-30 05:00:00,68.56657
srv-008,2017-06-30 06:00:00,67.38981
srv-008,2017-06-30 07:00:00,73.853134
srv-008,2017-06-30 08:00:00,67.56439
srv-008,2017-06-30 09:00:00,73.61773
srv-008,2017-06-30 10:00:00,76.68393
srv-008,2017-06-30 11:00:00,82.30196
srv-008,2017-06-30 12:00:00,77.57615
srv-008,2017-06-30 13:00:00,80.31851
srv-008,2017-06-30 14:00:00,76.560356
srv-008,2017-06-30 15:00:00,79.66381
srv-008,2017-06-30 16:00:00,78.088036
srv-008,2017-06-30 17:00:00,75.127945
srv-008,2017-06-30 18:00:00,70.994606
srv-008,2017-06-30 19:00:00,66.62401
srv-008,2017-06-30 20:00:00,70.62517
srv-008,2017-06-30 21:00:00,71.84561
srv-008,2017-06-30 22:00:00,76.322815
srv-008,2017-06-30 23:00:00,82.00102
srv-009,2017-06-01 23:00:00,31.322035
srv-009,2017-06-02 00:00:00,32.415382
srv-009,2017-06-02 01:00:00,33.26824
srv-009,2017-06-02 02:00:00,32.431927
srv-009,2017-06-02 03:00:00,32.311386
srv-009,2017-06-02 04:00:00,30.349628
srv-009,2017-06-02 05:00:00,32.698254
srv-009,2017-06-02 06:00:00,32.549053
srv-009,2017-06-02 07:00:00,32.699203
srv-009,2017-06-02 08:00:00,30.348234
srv-009,2017-06-02 09:00:00,29.08042
srv-009,2017-06-02 10:00:00,28.830276
srv-009,2017-06-02 11:00:00,28.824682
srv-009,2017-06-02 12:00:00,31.404514
srv-009,2017-06-02 13:00:00,32.932575
srv-009,2017-06-02 14:00:00,32.318714
srv-009,2017-06-02 15:00:00,42.408432
srv-009,2017-06-02 16:00:00,28.861517
srv-009,2017-06-02 17:00:00,30.215178
srv-009,2017-06-02 18:00:00,33.44521
srv-009,2017-06-02 19:00:00,31.875357
srv-009,2017-06-02 20:00:00,30.875406
srv-009,2017-06-02 21:00:00,30.369387
srv-009,2017-06-02 22:00:00,30.83087
srv-009,2017-06-02 23:00:00,29.07331
srv-009,2017-06-03 00:00:00,30.353987
srv-009,2017-06-03 01:00:00,27.130238
srv-009,2017-06-03 02:00:00,28.113525
srv-009,2017-06-03 03:00:00,30.354628
srv-009,2017-06-03 04:00:00,29.28637
srv-009,2017-06-03 05:00:00,28.398026
srv-009,2017-06-03 06:00:00,28.166607
srv-009,2017-06-03 07:00:00,28.151943
srv-009,2017-06-03 08:00:00,27.804628
srv-009,2017-06-03 09:00:00,29.076012
srv-009,2017-06-03 10:00:00,29.0808
srv-009,2017-06-03 11:00:00,29.5619
srv-009,2017-06-03 12:00:00,30.678503
srv-009,2017-06-03 13:00:00,31.332584
srv-009,2017-06-03 14:00:00,32.104225
srv-009,2017-06-03 15:00:00,32.415657
srv-009,2017-06-03 16:00:00,31.74932
srv-009,2017-06-03 17:00:00,33.703106
srv-009,2017-06-03 18:00:00,32.70348
srv-009,2017-06-03 19:00:00,33.50735
srv-009,2017-06-03 20:00:00,34.458477
srv-009,2017-06-03 21:00:00,32.704197
srv-009,2017-06-03 22:00:00,30.490858
srv-009,2017-06-03 23:00:00,25.90585
srv-009,2017-06-04 00:00:00,26.552172
srv-009,2017-06-04 01:00:00,27.616331
srv-009,2017-06-04 02:00:00,42.961136
srv-009,2017-06-04 03:00:00,31.193836
srv-009,2017-06-04 04:00:00,30.887905
srv-009,2017-06-04 05:00:00,30.188768
srv-009,2017-06-04 06:00:00,29.563065
srv-009,2017-06-04 07:00:00,29.924376
srv-009,2017-06-04 08:00:00,32.114727
srv-009,2017-06-04 09:00:00,31.198826
srv-009,2017-06-04 10:00:00,30.359226
srv-009,2017-06-04 11:00:00,31.304056
srv-009,2017-06-04 12:00:00,30.853432
srv-009,2017-06-04 13:00:00,31.045286
srv-009,2017-06-04 14:00:00,31.074696
srv-009,2017-06-04 15:00:00,31.207317
srv-009,2017-06-04 16:00:00,29.58398
srv-009,2017-06-04 17:00:00,31.982489
srv-009,2017-06-04 18:00:00,34.241856
srv-009,2017-06-04 19:00:00,27.691402
srv-009,2017-06-04 20:00:00,29.28104
srv-009,2017-06-04 21:00:00,31.994158
srv-009,2017-06-04 22:00:00,30.257637
srv-009,2017-06-04 23:00:00,30.67611
srv-009,2017-06-05 00:00:00,28.806087
srv-009,2017-06-05 01:00:00,29.311607
srv-009,2017-06-05 02:00:00,29.555346
srv-009,2017-06-05 03:00:00,30.190313
srv-009,2017-06-05 04:00:00,29.75278
srv-009,2017-06-05 05:00:00,32.84423
srv-009,2017-06-05 06:00:00,32.42724
srv-009,2017-06-05 07:00:00,30.671915
srv-009,2017-06-05 08:00:00,29.31219
srv-009,2017-06-05 09:00:00,29.949152
srv-009,2017-06-05 10:00:00,27.178656
srv-009,2017-06-05 11:00:00,30.48227
srv-009,2017-06-05 12:00:00,32.89753
srv-009,2017-06-05 13:00:00,32.556858
srv-009,2017-06-05 14:00:00,34.457954
srv-009,2017-06-05 15:00:00,31.898506
srv-009,2017-06-05 16:00:00,28.790026
srv-009,2017-06-05 17:00:00,28.84264
srv-009,2017-06-05 18:00:00,29.560642
srv-009,2017-06-05 19:00:00,28.44643
srv-009,2017-06-05 20:00:00,30.185198
srv-009,2017-06-05 21:00:00,29.744137
srv-009,2017-06-05 22:00:00,29.907412
srv-009,2017-06-05 23:00:00,30.713913
srv-009,2017-06-06 00:00:00,30.790642
srv-009,2017-06-06 01:00:00,31.773573
srv-009,2017-06-06 02:00:00,33.871906
srv-009,2017-06-06 03:00:00,31.32083
srv-009,2017-06-06 04:00:00,30.827105
srv-009,2017-06-06 05:00:00,31.075819
srv-009,2017-06-06 06:00:00,35.151005
srv-009,2017-06-06 07:00:00,35.93464
srv-009,2017-06-06 08:00:00,35.394672
srv-009,2017-06-06 09:00:00,33.873795
srv-009,2017-06-06 10:00:00,31.596191
srv-009,2017-06-06 11:00:00,30.68735
srv-009,2017-06-06 12:00:00,33.953175
srv-009,2017-06-06 13:00:00,34.673645
srv-009,2017-06-06 14:00:00,35.168827
srv-009,2017-06-06 15:00:00,34.69761
srv-009,2017-06-06 16:00:00,34.331253
srv-009,2017-06-06 17:00:00,35.33959
srv-009,2017-06-06 18:00:00,32.42754
srv-009,2017-06-06 19:00:00,33.430664
srv-009,2017-06-06 20:00:00,33.511974
srv-009,2017-06-06 21:00:00,31.196833
srv-009,2017-06-06 22:00:00,31.40233
srv-009,2017-06-06 23:00:00,33.511913
srv-009,2017-06-07 00:00:00,31.746996
srv-009,2017-06-07 01:00:00,33.871593
srv-009,2017-06-07 02:00:00,32.313885
srv-009,2017-06-07 03:00:00,34.943867
srv-009,2017-06-07 04:00:00,33.959515
srv-009,2017-06-07 05:00:00,29.56962
srv-009,2017-06-07 06:00:00,32.31121
srv-009,2017-06-07 07:00:00,32.87928
srv-009,2017-06-07 08:00:00,32.437515
srv-009,2017-06-07 09:00:00,32.704674
srv-009,2017-06-07 10:00:00,33.86659
srv-009,2017-06-07 11:00:00,34.242992
srv-009,2017-06-07 12:00:00,33.422424
srv-009,2017-06-07 13:00:00,34.882126
srv-009,2017-06-07 14:00:00,35.03478
srv-009,2017-06-07 15:00:00,35.575996
srv-009,2017-06-07 16:00:00,35.957382
srv-009,2017-06-07 17:00:00,36.26274
srv-009,2017-06-07 18:00:00,34.52982
srv-009,2017-06-07 19:00:00,34.9537
srv-009,2017-06-07 20:00:00,34.913174
srv-009,2017-06-07 21:00:00,34.249584
srv-009,2017-06-07 22:00:00,33.95989
srv-009,2017-06-07 23:00:00,34.175117
srv-009,2017-06-08 00:00:00,34.460693
srv-009,2017-06-08 01:00:00,33.272045
srv-009,2017-06-08 02:00:00,33.27022
srv-009,2017-06-08 03:00:00,31.887619
srv-009,2017-06-08 04:00:00,35.121155
srv-009,2017-06-08 05:00:00,32.303032
srv-009,2017-06-08 06:00:00,30.367502
srv-009,2017-06-08 07:00:00,29.932022
srv-009,2017-06-08 08:00:00,31.088875
srv-009,2017-06-08 09:00:00,33.51238
srv-009,2017-06-08 10:00:00,35.575947
srv-009,2017-06-08 11:00:00,32.555244
srv-009,2017-06-08 12:00:00,32.1131
srv-009,2017-06-08 13:00:00,33.276703
srv-009,2017-06-08 14:00:00,34.679367
srv-009,2017-06-08 15:00:00,33.17384
srv-009,2017-06-08 16:00:00,33.871742
srv-009,2017-06-08 17:00:00,31.749094
srv-009,2017-06-08 18:00:00,33.505653
srv-009,2017-06-08 19:00:00,31.096836
srv-009,2017-06-08 20:00:00,30.350725
srv-009,2017-06-08 21:00:00,31.887815
srv-009,2017-06-08 22:00:00,31.393827
srv-009,2017-06-08 23:00:00,30.82884
srv-009,2017-06-09 00:00:00,31.300493
srv-009,2017-06-09 01:00:00,34.334225
srv-009,2017-06-09 02:00:00,37.949078
srv-009,2017-06-09 03:00:00,35.145252
srv-009,2017-06-09 04:00:00,32.909645
srv-009,2017-06-09 05:00:00,29.731106
srv-009,2017-06-09 06:00:00,31.19877
srv-009,2017-06-09 07:00:00,33.69917
srv-009,2017-06-09 08:00:00,32.704243
srv-009,2017-06-09 09:00:00,31.983246
srv-009,2017-06-09 10:00:00,31.296305
srv-009,2017-06-09 11:00:00,31.988052
srv-009,2017-06-09 12:00:00,31.751839
srv-009,2017-06-09 13:00:00,31.750816
srv-009,2017-06-09 14:00:00,31.195835
srv-009,2017-06-09 15:00:00,31.746761
srv-009,2017-06-09 16:00:00,31.881756
srv-009,2017-06-09 17:00:00,34.333668
srv-009,2017-06-09 18:00:00,31.094204
srv-009,2017-06-09 19:00:00,30.68072
srv-009,2017-06-09 20:00:00,31.308558
srv-009,2017-06-09 21:00:00,28.82298
srv-009,2017-06-09 22:00:00,25.904242
srv-009,2017-06-09 23:00:00,23.98691
srv-009,2017-06-10 00:00:00,27.194374
srv-009,2017-06-10 01:00:00,30.505508
srv-009,2017-06-10 02:00:00,33.42406
srv-009,2017-06-10 03:00:00,31.874418
srv-009,2017-06-10 04:00:00,30.488688
srv-009,2017-06-10 05:00:00,30.67991
srv-009,2017-06-10 06:00:00,29.732143
srv-009,2017-06-10 07:00:00,31.396326
srv-009,2017-06-10 08:00:00,33.49855
srv-009,2017-06-10 09:00:00,33.26617
srv-009,2017-06-10 10:00:00,35.032066
srv-009,2017-06-10 11:00:00,33.503307
srv-009,2017-06-10 12:00:00,29.942884
srv-009,2017-06-10 13:00:00,28.830082
srv-009,2017-06-10 14:00:00,32.894028
srv-009,2017-06-10 15:00:00,33.422318
srv-009,2017-06-10 16:00:00,33.161507
srv-009,2017-06-10 17:00:00,35.962082
srv-009,2017-06-10 18:00:00,35.357216
srv-009,2017-06-10 19:00:00,34.529522
srv-009,2017-06-10 20:00:00,32.55392
srv-009,2017-06-10 21:00:00,29.59066
srv-009,2017-06-10 22:00:00,29.947056
srv-009,2017-06-10 23:00:00,29.567839
srv-009,2017-06-11 00:00:00,26.038897
srv-009,2017-06-11 01:00:00,31.752382
srv-009,2017-06-11 02:00:00,32.426468
srv-009,2017-06-11 03:00:00,29.738678
srv-009,2017-06-11 04:00:00,28.07809
srv-009,2017-06-11 05:00:00,29.228098
srv-009,2017-06-11 06:00:00,29.546566
srv-009,2017-06-11 07:00:00,28.820587
srv-009,2017-06-11 08:00:00,29.265188
srv-009,2017-06-11 09:00:00,28.866945
srv-009,2017-06-11 10:00:00,28.795414
srv-009,2017-06-11 11:00:00,29.313805
srv-009,2017-06-11 12:00:00,31.995153
srv-009,2017-06-11 13:00:00,30.671703
srv-009,2017-06-11 14:00:00,34.327534
srv-009,2017-06-11 15:00:00,34.33583
srv-009,2017-06-11 16:00:00,34.258385
srv-009,2017-06-11 17:00:00,34.67424
srv-009,2017-06-11 18:00:00,33.19625
srv-009,2017-06-11 19:00:00,32.70348
srv-009,2017-06-11 20:00:00,29.562265
srv-009,2017-06-11 21:00:00,30.191853
srv-009,2017-06-11 22:00:00,29.082207
srv-009,2017-06-11 23:00:00,29.096228
srv-009,2017-06-12 00:00:00,27.686111
srv-009,2017-06-12 01:00:00,29.565817
srv-009,2017-06-12 02:00:00,31.602531
srv-009,2017-06-12 03:00:00,32.129536
srv-009,2017-06-12 04:00:00,30.85163
srv-009,2017-06-12 05:00:00,31.120901
srv-009,2017-06-12 06:00:00,31.380417
srv-009,2017-06-12 07:00:00,32.43781
srv-009,2017-06-12 08:00:00,29.939812
srv-009,2017-06-12 09:00:00,31.612755
srv-009,2017-06-12 10:00:00,33.508198
srv-009,2017-06-12 11:00:00,32.956936
srv-009,2017-06-12 12:00:00,30.684978
srv-009,2017-06-12 13:00:00,31.861637
srv-009,2017-06-12 14:00:00,32.705925
srv-009,2017-06-12 15:00:00,31.063604
srv-009,2017-06-12 16:00:00,32.7048
srv-009,2017-06-12 17:00:00,34.529255
srv-009,2017-06-12 18:00:00,34.889023
srv-009,2017-06-12 19:00:00,31.59033
srv-009,2017-06-12 20:00:00,30.198713
srv-009,2017-06-12 21:00:00,30.817852
srv-009,2017-06-12 22:00:00,33.516296
srv-009,2017-06-12 23:00:00,33.505764
srv-009,2017-06-13 00:00:00,33.956173
srv-009,2017-06-13 01:00:00,34.457523
srv-009,2017-06-13 02:00:00,31.324862
srv-009,2017-06-13 03:00:00,29.94167
srv-009,2017-06-13 04:00:00,29.07213
srv-009,2017-06-13 05:00:00,31.093515
srv-009,2017-06-13 06:00:00,32.122196
srv-009,2017-06-13 07:00:00,32.897957
srv-009,2017-06-13 08:00:00,33.269035
srv-009,2017-06-13 09:00:00,32.87672
srv-009,2017-06-13 10:00:00,32.91014
srv-009,2017-06-13 11:00:00,32.920494
srv-009,2017-06-13 12:00:00,34.68517
srv-009,2017-06-13 13:00:00,35.425667
srv-009,2017-06-13 14:00:00,34.33307
srv-009,2017-06-13 15:00:00,32.128677
srv-009,2017-06-13 16:00:00,32.309265
srv-009,2017-06-13 17:00:00,32.929768
srv-009,2017-06-13 18:00:00,33.229065
srv-009,2017-06-13 19:00:00,32.31248
srv-009,2017-06-13 20:00:00,31.073515
srv-009,2017-06-13 21:00:00,30.831505
srv-009,2017-06-13 22:00:00,32.558487
srv-009,2017-06-13 23:00:00,33.273853
srv-009,2017-06-14 00:00:00,33.428116
srv-009,2017-06-14 01:00:00,36.639904
srv-009,2017-06-14 02:00:00,36.77944
srv-009,2017-06-14 03:00:00,35.42067
srv-009,2017-06-14 04:00:00,36.021004
srv-009,2017-06-14 05:00:00,32.92532
srv-009,2017-06-14 06:00:00,33.423058
srv-009,2017-06-14 07:00:00,32.55844
srv-009,2017-06-14 08:00:00,35.03877
srv-009,2017-06-14 09:00:00,37.158806
srv-009,2017-06-14 10:00:00,36.78249
srv-009,2017-06-14 11:00:00,36.782246
srv-009,2017-06-14 12:00:00,34.37168
srv-009,2017-06-14 13:00:00,34.1646
srv-009,2017-06-14 14:00:00,33.418507
srv-009,2017-06-14 15:00:00,33.41421
srv-009,2017-06-14 16:00:00,33.428047
srv-009,2017-06-14 17:00:00,32.869644
srv-009,2017-06-14 18:00:00,32.123226
srv-009,2017-06-14 19:00:00,39.3677
srv-009,2017-06-14 20:00:00,38.213104
srv-009,2017-06-14 21:00:00,36.230133
srv-009,2017-06-14 22:00:00,34.47187
srv-009,2017-06-14 23:00:00,34.472786
srv-009,2017-06-15 00:00:00,35.144936
srv-009,2017-06-15 01:00:00,31.994646
srv-009,2017-06-15 02:00:00,33.244247
srv-009,2017-06-15 03:00:00,34.16575
srv-009,2017-06-15 04:00:00,31.760397
srv-009,2017-06-15 05:00:00,31.994106
srv-009,2017-06-15 06:00:00,31.74871
srv-009,2017-06-15 07:00:00,33.2268
srv-009,2017-06-15 08:00:00,31.99236
srv-009,2017-06-15 09:00:00,32.111534
srv-009,2017-06-15 10:00:00,32.935047
srv-009,2017-06-15 11:00:00,34.242985
srv-009,2017-06-15 12:00:00,34.159016
srv-009,2017-06-15 13:00:00,35.126392
srv-009,2017-06-15 14:00:00,32.565903
srv-009,2017-06-15 15:00:00,32.91027
srv-009,2017-06-15 16:00:00,33.96045
srv-009,2017-06-15 17:00:00,32.429913
srv-009,2017-06-15 18:00:00,34.33031
srv-009,2017-06-15 19:00:00,34.333347
srv-009,2017-06-15 20:00:00,34.333347
srv-009,2017-06-15 21:00:00,31.986713
srv-009,2017-06-15 22:00:00,30.478085
srv-009,2017-06-15 23:00:00,31.086288
srv-009,2017-06-16 00:00:00,31.994417
srv-009,2017-06-16 01:00:00,32.944775
srv-009,2017-06-16 02:00:00,31.180645
srv-009,2017-06-16 03:00:00,34.244423
srv-009,2017-06-16 04:00:00,33.1971
srv-009,2017-06-16 05:00:00,31.884724
srv-009,2017-06-16 06:00:00,29.72336
srv-009,2017-06-16 07:00:00,28.10976
srv-009,2017-06-16 08:00:00,31.389904
srv-009,2017-06-16 09:00:00,33.22891
srv-009,2017-06-16 10:00:00,34.66298
srv-009,2017-06-16 11:00:00,31.067692
srv-009,2017-06-16 12:00:00,31.595018
srv-009,2017-06-16 13:00:00,31.39594
srv-009,2017-06-16 14:00:00,30.185736
srv-009,2017-06-16 15:00:00,32.55319
srv-009,2017-06-16 16:00:00,31.874743
srv-009,2017-06-16 17:00:00,31.081383
srv-009,2017-06-16 18:00:00,30.480999
srv-009,2017-06-16 19:00:00,31.597502
srv-009,2017-06-16 20:00:00,28.460789
srv-009,2017-06-16 21:00:00,30.35357
srv-009,2017-06-16 22:00:00,28.459635
srv-009,2017-06-16 23:00:00,31.591228
srv-009,2017-06-17 00:00:00,32.304382
srv-009,2017-06-17 01:00:00,29.51859
srv-009,2017-06-17 02:00:00,29.745285
srv-009,2017-06-17 03:00:00,28.8283
srv-009,2017-06-17 04:00:00,28.44423
srv-009,2017-06-17 05:00:00,29.07109
srv-009,2017-06-17 06:00:00,28.4129
srv-009,2017-06-17 07:00:00,29.318802
srv-009,2017-06-17 08:00:00,30.67873
srv-009,2017-06-17 09:00:00,30.219387
srv-009,2017-06-17 10:00:00,30.353006
srv-009,2017-06-17 11:00:00,32.936497
srv-009,2017-06-17 12:00:00,29.081259
srv-009,2017-06-17 13:00:00,33.425835
srv-009,2017-06-17 14:00:00,31.29758
srv-009,2017-06-17 15:00:00,35.981407
srv-009,2017-06-17 16:00:00,36.472908
srv-009,2017-06-17 17:00:00,31.742926
srv-009,2017-06-17 18:00:00,31.741385
srv-009,2017-06-17 19:00:00,31.190668
srv-009,2017-06-17 20:00:00,29.901793
srv-009,2017-06-17 21:00:00,29.299646
srv-009,2017-06-17 22:00:00,29.088495
srv-009,2017-06-17 23:00:00,31.20898
srv-009,2017-06-18 00:00:00,31.601753
srv-009,2017-06-18 01:00:00,32.11345
srv-009,2017-06-18 02:00:00,33.170837
srv-009,2017-06-18 03:00:00,27.784668
srv-009,2017-06-18 04:00:00,29.550304
srv-009,2017-06-18 05:00:00,31.310366
srv-009,2017-06-18 06:00:00,30.176783
srv-009,2017-06-18 07:00:00,30.838253
srv-009,2017-06-18 08:00:00,31.413788
srv-009,2017-06-18 09:00:00,31.124346
srv-009,2017-06-18 10:00:00,32.301666
srv-009,2017-06-18 11:00:00,32.911137
srv-009,2017-06-18 12:00:00,34.666367
srv-009,2017-06-18 13:00:00,33.229633
srv-009,2017-06-18 14:00:00,35.471794
srv-009,2017-06-18 15:00:00,32.26499
srv-009,2017-06-18 16:00:00,30.82064
srv-009,2017-06-18 17:00:00,31.74234
srv-009,2017-06-18 18:00:00,32.434006
srv-009,2017-06-18 19:00:00,30.680822
srv-009,2017-06-18 20:00:00,31.758383
srv-009,2017-06-18 21:00:00,32.14006
srv-009,2017-06-18 22:00:00,32.435658
srv-009,2017-06-18 23:00:00,29.293587
srv-009,2017-06-19 00:00:00,31.087868
srv-009,2017-06-19 01:00:00,34.529255
srv-009,2017-06-19 02:00:00,32.114326
srv-009,2017-06-19 03:00:00,28.408375
srv-009,2017-06-19 04:00:00,30.495138
srv-009,2017-06-19 05:00:00,29.519566
srv-009,2017-06-19 06:00:00,27.753643
srv-009,2017-06-19 07:00:00,30.19143
srv-009,2017-06-19 08:00:00,29.744797
srv-009,2017-06-19 09:00:00,29.056374
srv-009,2017-06-19 10:00:00,31.296507
srv-009,2017-06-19 11:00:00,31.405132
srv-009,2017-06-19 12:00:00,33.274345
srv-009,2017-06-19 13:00:00,33.87148
srv-009,2017-06-19 14:00:00,32.427273
srv-009,2017-06-19 15:00:00,32.557423
srv-009,2017-06-19 16:00:00,33.703827
srv-009,2017-06-19 17:00:00,32.324734
srv-009,2017-06-19 18:00:00,31.078358
srv-009,2017-06-19 19:00:00,31.29675
srv-009,2017-06-19 20:00:00,31.298359
srv-009,2017-06-19 21:00:00,29.549122
srv-009,2017-06-19 22:00:00,30.3611
srv-009,2017-06-19 23:00:00,30.36036
srv-009,2017-06-20 00:00:00,31.59479
srv-009,2017-06-20 01:00:00,31.977346
srv-009,2017-06-20 02:00:00,30.352886
srv-009,2017-06-20 03:00:00,33.229195
srv-009,2017-06-20 04:00:00,32.306435
srv-009,2017-06-20 05:00:00,29.302986
srv-009,2017-06-20 06:00:00,29.891176
srv-009,2017-06-20 07:00:00,30.458544
srv-009,2017-06-20 08:00:00,30.485748
srv-009,2017-06-20 09:00:00,30.81029
srv-009,2017-06-20 10:00:00,32.425243
srv-009,2017-06-20 11:00:00,34.531017
srv-009,2017-06-20 12:00:00,32.94758
srv-009,2017-06-20 13:00:00,33.20007
srv-009,2017-06-20 14:00:00,32.91022
srv-009,2017-06-20 15:00:00,31.983004
srv-009,2017-06-20 16:00:00,31.884521
srv-009,2017-06-20 17:00:00,35.96799
srv-009,2017-06-20 18:00:00,33.805737
srv-009,2017-06-20 19:00:00,35.36759
srv-009,2017-06-20 20:00:00,31.402267
srv-009,2017-06-20 21:00:00,30.69845
srv-009,2017-06-20 22:00:00,33.279972
srv-009,2017-06-20 23:00:00,33.51625
srv-009,2017-06-21 00:00:00,31.877098
srv-009,2017-06-21 01:00:00,30.870817
srv-009,2017-06-21 02:00:00,32.563824
srv-009,2017-06-21 03:00:00,32.566223
srv-009,2017-06-21 04:00:00,31.876715
srv-009,2017-06-21 05:00:00,34.24256
srv-009,2017-06-21 06:00:00,32.42681
srv-009,2017-06-21 07:00:00,31.980839
srv-009,2017-06-21 08:00:00,31.983868
srv-009,2017-06-21 09:00:00,31.408743
srv-009,2017-06-21 10:00:00,31.40379
srv-009,2017-06-21 11:00:00,34.668995
srv-009,2017-06-21 12:00:00,31.393204
srv-009,2017-06-21 13:00:00,29.530159
srv-009,2017-06-21 14:00:00,30.83424
srv-009,2017-06-21 15:00:00,30.485016
srv-009,2017-06-21 16:00:00,30.354465
srv-009,2017-06-21 17:00:00,31.601374
srv-009,2017-06-21 18:00:00,29.924355
srv-009,2017-06-21 19:00:00,30.196037
srv-009,2017-06-21 20:00:00,28.813007
srv-009,2017-06-21 21:00:00,29.734829
srv-009,2017-06-21 22:00:00,29.902431
srv-009,2017-06-21 23:00:00,31.299038
srv-009,2017-06-22 00:00:00,32.95496
srv-009,2017-06-22 01:00:00,32.87051
srv-009,2017-06-22 02:00:00,31.406477
srv-009,2017-06-22 03:00:00,34.174744
srv-009,2017-06-22 04:00:00,32.287273
srv-009,2017-06-22 05:00:00,30.877302
srv-009,2017-06-22 06:00:00,31.75039
srv-009,2017-06-22 07:00:00,31.593515
srv-009,2017-06-22 08:00:00,31.592031
srv-009,2017-06-22 09:00:00,33.872513
srv-009,2017-06-22 10:00:00,34.45877
srv-009,2017-06-22 11:00:00,34.16227
srv-009,2017-06-22 12:00:00,34.45549
srv-009,2017-06-22 13:00:00,35.56807
srv-009,2017-06-22 14:00:00,32.945324
srv-009,2017-06-22 15:00:00,35.684757
srv-009,2017-06-22 16:00:00,34.881855
srv-009,2017-06-22 17:00:00,34.885124
srv-009,2017-06-22 18:00:00,33.87053
srv-009,2017-06-22 19:00:00,34.46171
srv-009,2017-06-22 20:00:00,35.185474
srv-009,2017-06-22 21:00:00,36.200367
srv-009,2017-06-22 22:00:00,37.000805
srv-009,2017-06-22 23:00:00,34.340954
srv-009,2017-06-23 00:00:00,31.991526
srv-009,2017-06-23 01:00:00,31.886929
srv-009,2017-06-23 02:00:00,32.27687
srv-009,2017-06-23 03:00:00,31.882437
srv-009,2017-06-23 04:00:00,33.2291
srv-009,2017-06-23 05:00:00,32.55434
srv-009,2017-06-23 06:00:00,31.881641
srv-009,2017-06-23 07:00:00,30.854696
srv-009,2017-06-23 08:00:00,30.208324
srv-009,2017-06-23 09:00:00,29.730844
srv-009,2017-06-23 10:00:00,29.745502
srv-009,2017-06-23 11:00:00,32.437496
srv-009,2017-06-23 12:00:00,34.49664
srv-009,2017-06-23 13:00:00,32.42332
srv-009,2017-06-23 14:00:00,31.071995
srv-009,2017-06-23 15:00:00,30.191439
srv-009,2017-06-23 16:00:00,32.557724
srv-009,2017-06-23 17:00:00,29.734875
srv-009,2017-06-23 18:00:00,28.828255
srv-009,2017-06-23 19:00:00,30.858648
srv-009,2017-06-23 20:00:00,35.363052
srv-009,2017-06-23 21:00:00,32.876137
srv-009,2017-06-23 22:00:00,29.275993
srv-009,2017-06-23 23:00:00,30.173271
srv-009,2017-06-24 00:00:00,32.101418
srv-009,2017-06-24 01:00:00,32.103397
srv-009,2017-06-24 02:00:00,28.401072
srv-009,2017-06-24 03:00:00,29.943796
srv-009,2017-06-24 04:00:00,29.560537
srv-009,2017-06-24 05:00:00,29.073393
srv-009,2017-06-24 06:00:00,28.395023
srv-009,2017-06-24 07:00:00,28.82055
srv-009,2017-06-24 08:00:00,28.829512
srv-009,2017-06-24 09:00:00,28.819569
srv-009,2017-06-24 10:00:00,28.827065
srv-009,2017-06-24 11:00:00,31.114445
srv-009,2017-06-24 12:00:00,32.30855
srv-009,2017-06-24 13:00:00,30.81641
srv-009,2017-06-24 14:00:00,32.003807
srv-009,2017-06-24 15:00:00,31.599285
srv-009,2017-06-24 16:00:00,31.17892
srv-009,2017-06-24 17:00:00,32.95556
srv-009,2017-06-24 18:00:00,33.710785
srv-009,2017-06-24 19:00:00,31.859581
srv-009,2017-06-24 20:00:00,31.87715
srv-009,2017-06-24 21:00:00,31.404827
srv-009,2017-06-24 22:00:00,29.906366
srv-009,2017-06-24 23:00:00,30.815384
srv-009,2017-06-25 00:00:00,31.884264
srv-009,2017-06-25 01:00:00,29.774029
srv-009,2017-06-25 02:00:00,31.309856
srv-009,2017-06-25 03:00:00,34.25686
srv-009,2017-06-25 04:00:00,32.886345
srv-009,2017-06-25 05:00:00,29.92873
srv-009,2017-06-25 06:00:00,29.534576
srv-009,2017-06-25 07:00:00,29.583952
srv-009,2017-06-25 08:00:00,28.183762
srv-009,2017-06-25 09:00:00,28.840069
srv-009,2017-06-25 10:00:00,28.456926
srv-009,2017-06-25 11:00:00,29.100092
srv-009,2017-06-25 12:00:00,31.416805
srv-009,2017-06-25 13:00:00,33.18335
srv-009,2017-06-25 14:00:00,34.2489
srv-009,2017-06-25 15:00:00,30.373806
srv-009,2017-06-25 16:00:00,29.95606
srv-009,2017-06-25 17:00:00,29.943403
srv-009,2017-06-25 18:00:00,30.487474
srv-009,2017-06-25 19:00:00,31.323982
srv-009,2017-06-25 20:00:00,31.117252
srv-009,2017-06-25 21:00:00,32.87767
srv-009,2017-06-25 22:00:00,31.604548
srv-009,2017-06-25 23:00:00,31.593647
srv-009,2017-06-26 00:00:00,28.805048
srv-009,2017-06-26 01:00:00,30.191336
srv-009,2017-06-26 02:00:00,30.819647
srv-009,2017-06-26 03:00:00,33.69592
srv-009,2017-06-26 04:00:00,33.708965
srv-009,2017-06-26 05:00:00,33.69827
srv-009,2017-06-26 06:00:00,33.499428
srv-009,2017-06-26 07:00:00,31.586668
srv-009,2017-06-26 08:00:00,32.558907
srv-009,2017-06-26 09:00:00,29.72578
srv-009,2017-06-26 10:00:00,28.440296
srv-009,2017-06-26 11:00:00,28.079086
srv-009,2017-06-26 12:00:00,29.548716
srv-009,2017-06-26 13:00:00,28.140276
srv-009,2017-06-26 14:00:00,28.811808
srv-009,2017-06-26 15:00:00,29.57971
srv-009,2017-06-26 16:00:00,33.423103
srv-009,2017-06-26 17:00:00,33.42508
srv-009,2017-06-26 18:00:00,32.273666
srv-009,2017-06-26 19:00:00,28.087582
srv-009,2017-06-26 20:00:00,29.06917
srv-009,2017-06-26 21:00:00,32.56482
srv-009,2017-06-26 22:00:00,32.115406
srv-009,2017-06-26 23:00:00,31.182852
srv-009,2017-06-27 00:00:00,31.992002
srv-009,2017-06-27 01:00:00,32.41267
srv-009,2017-06-27 02:00:00,31.114992
srv-009,2017-06-27 03:00:00,29.542566
srv-009,2017-06-27 04:00:00,34.336502
srv-009,2017-06-27 05:00:00,34.681496
srv-009,2017-06-27 06:00:00,32.301434
srv-009,2017-06-27 07:00:00,33.957672
srv-009,2017-06-27 08:00:00,34.685024
srv-009,2017-06-27 09:00:00,32.901283
srv-009,2017-06-27 10:00:00,32.92424
srv-009,2017-06-27 11:00:00,32.88035
srv-009,2017-06-27 12:00:00,33.88238
srv-009,2017-06-27 13:00:00,31.263765
srv-009,2017-06-27 14:00:00,33.165234
srv-009,2017-06-27 15:00:00,33.87136
srv-009,2017-06-27 16:00:00,35.117844
srv-009,2017-06-27 17:00:00,37.411537
srv-009,2017-06-27 18:00:00,35.428795
srv-009,2017-06-27 19:00:00,34.921505
srv-009,2017-06-27 20:00:00,33.96191
srv-009,2017-06-27 21:00:00,33.70236
srv-009,2017-06-27 22:00:00,34.688763
srv-009,2017-06-27 23:00:00,32.108368
srv-009,2017-06-28 00:00:00,29.550362
srv-009,2017-06-28 01:00:00,29.537415
srv-009,2017-06-28 02:00:00,32.873432
srv-009,2017-06-28 03:00:00,32.895424
srv-009,2017-06-28 04:00:00,35.16439
srv-009,2017-06-28 05:00:00,34.700268
srv-009,2017-06-28 06:00:00,33.955708
srv-009,2017-06-28 07:00:00,33.869995
srv-009,2017-06-28 08:00:00,32.114716
srv-009,2017-06-28 09:00:00,33.182106
srv-009,2017-06-28 10:00:00,36.772797
srv-009,2017-06-28 11:00:00,36.63347
srv-009,2017-06-28 12:00:00,34.890896
srv-009,2017-06-28 13:00:00,32.704636
srv-009,2017-06-28 14:00:00,35.75515
srv-009,2017-06-28 15:00:00,39.653927
srv-009,2017-06-28 16:00:00,38.713646
srv-009,2017-06-28 17:00:00,36.778664
srv-009,2017-06-28 18:00:00,38.17336
srv-009,2017-06-28 19:00:00,38.17941
srv-009,2017-06-28 20:00:00,37.026638
srv-009,2017-06-28 21:00:00,35.76011
srv-009,2017-06-28 22:00:00,36.533447
srv-009,2017-06-28 23:00:00,32.869396
srv-009,2017-06-29 00:00:00,29.9294
srv-009,2017-06-29 01:00:00,31.604805
srv-009,2017-06-29 02:00:00,32.957485
srv-009,2017-06-29 03:00:00,31.757912
srv-009,2017-06-29 04:00:00,31.18693
srv-009,2017-06-29 05:00:00,32.87589
srv-009,2017-06-29 06:00:00,33.704315
srv-009,2017-06-29 07:00:00,33.961792
srv-009,2017-06-29 08:00:00,35.118504
srv-009,2017-06-29 09:00:00,34.329247
srv-009,2017-06-29 10:00:00,35.162464
srv-009,2017-06-29 11:00:00,32.700058
srv-009,2017-06-29 12:00:00,31.987675
srv-009,2017-06-29 13:00:00,32.15236
srv-009,2017-06-29 14:00:00,32.308643
srv-009,2017-06-29 15:00:00,31.88149
srv-009,2017-06-29 16:00:00,32.70704
srv-009,2017-06-29 17:00:00,30.359938
srv-009,2017-06-29 18:00:00,31.042242
srv-009,2017-06-29 19:00:00,31.403969
srv-009,2017-06-29 20:00:00,31.879526
srv-009,2017-06-29 21:00:00,31.886696
srv-009,2017-06-29 22:00:00,31.761385
srv-009,2017-06-29 23:00:00,30.827091
srv-009,2017-06-30 00:00:00,32.135292
srv-009,2017-06-30 01:00:00,32.70424
srv-009,2017-06-30 02:00:00,32.94489
srv-009,2017-06-30 03:00:00,31.183977
srv-009,2017-06-30 04:00:00,33.812862
srv-009,2017-06-30 05:00:00,29.950155
srv-009,2017-06-30 06:00:00,29.08718
srv-009,2017-06-30 07:00:00,29.930962
srv-009,2017-06-30 08:00:00,33.268723
srv-009,2017-06-30 09:00:00,33.941723
srv-009,2017-06-30 10:00:00,32.93303
srv-009,2017-06-30 11:00:00,35.079945
srv-009,2017-06-30 12:00:00,31.404736
srv-009,2017-06-30 13:00:00,31.106916
srv-009,2017-06-30 14:00:00,32.116905
srv-009,2017-06-30 15:00:00,32.415863
srv-009,2017-06-30 16:00:00,29.955074
srv-009,2017-06-30 17:00:00,29.760345
srv-009,2017-06-30 18:00:00,32.922737
srv-009,2017-06-30 19:00:00,31.10556
srv-009,2017-06-30 20:00:00,32.306694
srv-009,2017-06-30 21:00:00,31.32248
srv-009,2017-06-30 22:00:00,32.702934
srv-009,2017-06-30 23:00:00,31.599577
srv-010,2017-06-01 23:00:00,78.35148
srv-010,2017-06-02 00:00:00,76.97997
srv-010,2017-06-02 01:00:00,77.78798
srv-010,2017-06-02 02:00:00,79.30215
srv-010,2017-06-02 03:00:00,80.537796
srv-010,2017-06-02 04:00:00,79.29626
srv-010,2017-06-02 05:00:00,77.25954
srv-010,2017-06-02 06:00:00,75.954796
srv-010,2017-06-02 07:00:00,80.24418
srv-010,2017-06-02 08:00:00,79.87173
srv-010,2017-06-02 09:00:00,81.605255
srv-010,2017-06-02 10:00:00,85.25872
srv-010,2017-06-02 11:00:00,85.25587
srv-010,2017-06-02 12:00:00,88.23655
srv-010,2017-06-02 13:00:00,81.91234
srv-010,2017-06-02 14:00:00,82.24979
srv-010,2017-06-02 15:00:00,78.269394
srv-010,2017-06-02 16:00:00,81.893234
srv-010,2017-06-02 17:00:00,77.74086
srv-010,2017-06-02 18:00:00,74.999
srv-010,2017-06-02 19:00:00,70.26559
srv-010,2017-06-02 20:00:00,70.263084
srv-010,2017-06-02 21:00:00,67.53605
srv-010,2017-06-02 22:00:00,66.981094
srv-010,2017-06-02 23:00:00,64.65501
srv-010,2017-06-03 00:00:00,71.32627
srv-010,2017-06-03 01:00:00,70.00375
srv-010,2017-06-03 02:00:00,67.589096
srv-010,2017-06-03 03:00:00,68.332726
srv-010,2017-06-03 04:00:00,73.488655
srv-010,2017-06-03 05:00:00,75.94059
srv-010,2017-06-03 06:00:00,74.09901
srv-010,2017-06-03 07:00:00,78.94581
srv-010,2017-06-03 08:00:00,74.79016
srv-010,2017-06-03 09:00:00,75.44134
srv-010,2017-06-03 10:00:00,77.36408
srv-010,2017-06-03 11:00:00,81.98195
srv-010,2017-06-03 12:00:00,82.76312
srv-010,2017-06-03 13:00:00,81.70894
srv-010,2017-06-03 14:00:00,80.596756
srv-010,2017-06-03 15:00:00,81.31996
srv-010,2017-06-03 16:00:00,81.661865
srv-010,2017-06-03 17:00:00,80.60084
srv-010,2017-06-03 18:00:00,75.9518
srv-010,2017-06-03 19:00:00,75.61377
srv-010,2017-06-03 20:00:00,69.89497
srv-010,2017-06-03 21:00:00,69.89809
srv-010,2017-06-03 22:00:00,65.80377
srv-010,2017-06-03 23:00:00,68.15718
srv-010,2017-06-04 00:00:00,65.96418
srv-010,2017-06-04 01:00:00,67.41251
srv-010,2017-06-04 02:00:00,69.47086
srv-010,2017-06-04 03:00:00,70.861786
srv-010,2017-06-04 04:00:00,74.96141
srv-010,2017-06-04 05:00:00,74.800285
srv-010,2017-06-04 06:00:00,73.65342
srv-010,2017-06-04 07:00:00,75.14023
srv-010,2017-06-04 08:00:00,73.19791
srv-010,2017-06-04 09:00:00,70.64407
srv-010,2017-06-04 10:00:00,73.6706
srv-010,2017-06-04 11:00:00,75.13382
srv-010,2017-06-04 12:00:00,78.70835
srv-010,2017-06-04 13:00:00,81.58811
srv-010,2017-06-04 14:00:00,81.62486
srv-010,2017-06-04 15:00:00,82.37379
srv-010,2017-06-04 16:00:00,79.673996
srv-010,2017-06-04 17:00:00,84.08391
srv-010,2017-06-04 18:00:00,78.45841
srv-010,2017-06-04 19:00:00,79.68283
srv-010,2017-06-04 20:00:00,78.75473
srv-010,2017-06-04 21:00:00,73.63694
srv-010,2017-06-04 22:00:00,75.430855
srv-010,2017-06-04 23:00:00,72.19144
srv-010,2017-06-05 00:00:00,67.70305
srv-010,2017-06-05 01:00:00,70.42242
srv-010,2017-06-05 02:00:00,71.448944
srv-010,2017-06-05 03:00:00,68.74241
srv-010,2017-06-05 04:00:00,70.631256
srv-010,2017-06-05 05:00:00,73.03204
srv-010,2017-06-05 06:00:00,72.8256
srv-010,2017-06-05 07:00:00,75.1593
srv-010,2017-06-05 08:00:00,78.99075
srv-010,2017-06-05 09:00:00,80.61325
srv-010,2017-06-05 10:00:00,81.34873
srv-010,2017-06-05 11:00:00,84.14767
srv-010,2017-06-05 12:00:00,83.706245
srv-010,2017-06-05 13:00:00,87.58736
srv-010,2017-06-05 14:00:00,89.93081
srv-010,2017-06-05 15:00:00,92.46551
srv-010,2017-06-05 16:00:00,88.42435
srv-010,2017-06-05 17:00:00,86.373886
srv-010,2017-06-05 18:00:00,81.002205
srv-010,2017-06-05 19:00:00,82.01926
srv-010,2017-06-05 20:00:00,78.94243
srv-010,2017-06-05 21:00:00,81.32228
srv-010,2017-06-05 22:00:00,82.34875
srv-010,2017-06-05 23:00:00,80.6269
srv-010,2017-06-06 00:00:00,78.754974
srv-010,2017-06-06 01:00:00,81.69763
srv-010,2017-06-06 02:00:00,82.76208
srv-010,2017-06-06 03:00:00,84.98636
srv-010,2017-06-06 04:00:00,81.722946
srv-010,2017-06-06 05:00:00,83.638855
srv-010,2017-06-06 06:00:00,84.07498
srv-010,2017-06-06 07:00:00,88.786194
srv-010,2017-06-06 08:00:00,86.24978
srv-010,2017-06-06 09:00:00,90.56126
srv-010,2017-06-06 10:00:00,92.43017
srv-010,2017-06-06 11:00:00,94.98083
srv-010,2017-06-06 12:00:00,95.32812
srv-010,2017-06-06 13:00:00,92.419014
srv-010,2017-06-06 14:00:00,94.73306
srv-010,2017-06-06 15:00:00,94.75831
srv-010,2017-06-06 16:00:00,94.89278
srv-010,2017-06-06 17:00:00,91.57504
srv-010,2017-06-06 18:00:00,91.45197
srv-010,2017-06-06 19:00:00,90.69567
srv-010,2017-06-06 20:00:00,89.54841
srv-010,2017-06-06 21:00:00,90.48574
srv-010,2017-06-06 22:00:00,90.3659
srv-010,2017-06-06 23:00:00,91.34283
srv-010,2017-06-07 00:00:00,90.47631
srv-010,2017-06-07 01:00:00,92.19303
srv-010,2017-06-07 02:00:00,91.500565
srv-010,2017-06-07 03:00:00,89.88252
srv-010,2017-06-07 04:00:00,88.84555
srv-010,2017-06-07 05:00:00,87.674995
srv-010,2017-06-07 06:00:00,86.94775
srv-010,2017-06-07 07:00:00,97.13357
srv-010,2017-06-07 08:00:00,90.64357
srv-010,2017-06-07 09:00:00,91.508934
srv-010,2017-06-07 10:00:00,94.94491
srv-010,2017-06-07 11:00:00,97.73603
srv-010,2017-06-07 12:00:00,98.03697
srv-010,2017-06-07 13:00:00,97.41274
srv-010,2017-06-07 14:00:00,97.134
srv-010,2017-06-07 15:00:00,97.60325
srv-010,2017-06-07 16:00:00,97.36351
srv-010,2017-06-07 17:00:00,93.715706
srv-010,2017-06-07 18:00:00,90.29564
srv-010,2017-06-07 19:00:00,87.45786
srv-010,2017-06-07 20:00:00,88.90249
srv-010,2017-06-07 21:00:00,88.929
srv-010,2017-06-07 22:00:00,88.80975
srv-010,2017-06-07 23:00:00,91.367645
srv-010,2017-06-08 00:00:00,89.64282
srv-010,2017-06-08 01:00:00,90.51
srv-010,2017-06-08 02:00:00,88.23966
srv-010,2017-06-08 03:00:00,91.35954
srv-010,2017-06-08 04:00:00,88.29809
srv-010,2017-06-08 05:00:00,85.86691
srv-010,2017-06-08 06:00:00,85.033005
srv-010,2017-06-08 07:00:00,91.3166
srv-010,2017-06-08 08:00:00,91.427986
srv-010,2017-06-08 09:00:00,90.5572
srv-010,2017-06-08 10:00:00,94.61698
srv-010,2017-06-08 11:00:00,92.61358
srv-010,2017-06-08 12:00:00,94.522766
srv-010,2017-06-08 13:00:00,93.64475
srv-010,2017-06-08 14:00:00,91.40471
srv-010,2017-06-08 15:00:00,90.46708
srv-010,2017-06-08 16:00:00,88.80144
srv-010,2017-06-08 17:00:00,87.37424
srv-010,2017-06-08 18:00:00,83.907425
srv-010,2017-06-08 19:00:00,84.42925
srv-010,2017-06-08 20:00:00,80.86084
srv-010,2017-06-08 21:00:00,77.84636
srv-010,2017-06-08 22:00:00,78.35406
srv-010,2017-06-08 23:00:00,79.569885
srv-010,2017-06-09 00:00:00,80.89965
srv-010,2017-06-09 01:00:00,81.52052
srv-010,2017-06-09 02:00:00,80.90423
srv-010,2017-06-09 03:00:00,82.26143
srv-010,2017-06-09 04:00:00,81.989044
srv-010,2017-06-09 05:00:00,79.30189
srv-010,2017-06-09 06:00:00,79.82408
srv-010,2017-06-09 07:00:00,83.091606
srv-010,2017-06-09 08:00:00,80.86279
srv-010,2017-06-09 09:00:00,83.52456
srv-010,2017-06-09 10:00:00,85.69994
srv-010,2017-06-09 11:00:00,85.91401
srv-010,2017-06-09 12:00:00,89.74158
srv-010,2017-06-09 13:00:00,83.538704
srv-010,2017-06-09 14:00:00,80.50142
srv-010,2017-06-09 15:00:00,78.33069
srv-010,2017-06-09 16:00:00,75.878456
srv-010,2017-06-09 17:00:00,74.797844
srv-010,2017-06-09 18:00:00,72.585884
srv-010,2017-06-09 19:00:00,72.000946
srv-010,2017-06-09 20:00:00,74.04221
srv-010,2017-06-09 21:00:00,69.08699
srv-010,2017-06-09 22:00:00,68.7665
srv-010,2017-06-09 23:00:00,72.99604
srv-010,2017-06-10 00:00:00,73.836876
srv-010,2017-06-10 01:00:00,74.80973
srv-010,2017-06-10 02:00:00,72.49554
srv-010,2017-06-10 03:00:00,73.866646
srv-010,2017-06-10 04:00:00,78.46092
srv-010,2017-06-10 05:00:00,77.91816
srv-010,2017-06-10 06:00:00,75.63146
srv-010,2017-06-10 07:00:00,76.08099
srv-010,2017-06-10 08:00:00,77.36101
srv-010,2017-06-10 09:00:00,81.3578
srv-010,2017-06-10 10:00:00,79.398575
srv-010,2017-06-10 11:00:00,73.639725
srv-010,2017-06-10 12:00:00,75.613556
srv-010,2017-06-10 13:00:00,78.97026
srv-010,2017-06-10 14:00:00,78.72692
srv-010,2017-06-10 15:00:00,82.36489
srv-010,2017-06-10 16:00:00,79.412025
srv-010,2017-06-10 17:00:00,77.8739
srv-010,2017-06-10 18:00:00,77.451965
srv-010,2017-06-10 19:00:00,74.80085
srv-010,2017-06-10 20:00:00,73.182396
srv-010,2017-06-10 21:00:00,73.18885
srv-010,2017-06-10 22:00:00,74.48758
srv-010,2017-06-10 23:00:00,73.87462
srv-010,2017-06-11 00:00:00,71.83123
srv-010,2017-06-11 01:00:00,71.3254
srv-010,2017-06-11 02:00:00,72.47998
srv-010,2017-06-11 03:00:00,73.85922
srv-010,2017-06-11 04:00:00,72.81735
srv-010,2017-06-11 05:00:00,76.29289
srv-010,2017-06-11 06:00:00,75.594284
srv-010,2017-06-11 07:00:00,78.706604
srv-010,2017-06-11 08:00:00,80.300644
srv-010,2017-06-11 09:00:00,79.69379
srv-010,2017-06-11 10:00:00,77.888756
srv-010,2017-06-11 11:00:00,78.1271
srv-010,2017-06-11 12:00:00,76.739334
srv-010,2017-06-11 13:00:00,84.05891
srv-010,2017-06-11 14:00:00,84.92893
srv-010,2017-06-11 15:00:00,83.68751
srv-010,2017-06-11 16:00:00,78.47153
srv-010,2017-06-11 17:00:00,79.9536
srv-010,2017-06-11 18:00:00,76.0652
srv-010,2017-06-11 19:00:00,75.14241
srv-010,2017-06-11 20:00:00,74.4919
srv-010,2017-06-11 21:00:00,77.589806
srv-010,2017-06-11 22:00:00,77.896034
srv-010,2017-06-11 23:00:00,73.85727
srv-010,2017-06-12 00:00:00,67.421425
srv-010,2017-06-12 01:00:00,71.86575
srv-010,2017-06-12 02:00:00,74.27084
srv-010,2017-06-12 03:00:00,73.82381
srv-010,2017-06-12 04:00:00,71.5886
srv-010,2017-06-12 05:00:00,67.18521
srv-010,2017-06-12 06:00:00,74.27062
srv-010,2017-06-12 07:00:00,76.71434
srv-010,2017-06-12 08:00:00,77.100716
srv-010,2017-06-12 09:00:00,81.62886
srv-010,2017-06-12 10:00:00,83.68947
srv-010,2017-06-12 11:00:00,86.35073
srv-010,2017-06-12 12:00:00,86.9808
srv-010,2017-06-12 13:00:00,84.05803
srv-010,2017-06-12 14:00:00,81.74459
srv-010,2017-06-12 15:00:00,85.31686
srv-010,2017-06-12 16:00:00,84.10401
srv-010,2017-06-12 17:00:00,84.010826
srv-010,2017-06-12 18:00:00,84.942825
srv-010,2017-06-12 19:00:00,83.24347
srv-010,2017-06-12 20:00:00,80.33058
srv-010,2017-06-12 21:00:00,81.73617
srv-010,2017-06-12 22:00:00,82.35822
srv-010,2017-06-12 23:00:00,84.935326
srv-010,2017-06-13 00:00:00,84.50025
srv-010,2017-06-13 01:00:00,83.25061
srv-010,2017-06-13 02:00:00,78.73763
srv-010,2017-06-13 03:00:00,78.952614
srv-010,2017-06-13 04:00:00,76.3149
srv-010,2017-06-13 05:00:00,80.3105
srv-010,2017-06-13 06:00:00,79.91952
srv-010,2017-06-13 07:00:00,84.95217
srv-010,2017-06-13 08:00:00,86.4079
srv-010,2017-06-13 09:00:00,86.36883
srv-010,2017-06-13 10:00:00,86.95404
srv-010,2017-06-13 11:00:00,94.76391
srv-010,2017-06-13 12:00:00,94.0811
srv-010,2017-06-13 13:00:00,94.09052
srv-010,2017-06-13 14:00:00,95.04487
srv-010,2017-06-13 15:00:00,97.78196
srv-010,2017-06-13 16:00:00,97.96133
srv-010,2017-06-13 17:00:00,97.48144
srv-010,2017-06-13 18:00:00,93.44892
srv-010,2017-06-13 19:00:00,93.94308
srv-010,2017-06-13 20:00:00,93.94308
srv-010,2017-06-13 21:00:00,92.577415
srv-010,2017-06-13 22:00:00,92.6529
srv-010,2017-06-13 23:00:00,88.28552
srv-010,2017-06-14 00:00:00,89.80129
srv-010,2017-06-14 01:00:00,92.64513
srv-010,2017-06-14 02:00:00,93.755394
srv-010,2017-06-14 03:00:00,97.33522
srv-010,2017-06-14 04:00:00,91.59541
srv-010,2017-06-14 05:00:00,90.67623
srv-010,2017-06-14 06:00:00,97.61638
srv-010,2017-06-14 07:00:00,94.92478
srv-010,2017-06-14 08:00:00,89.86747
srv-010,2017-06-14 09:00:00,89.81333
srv-010,2017-06-14 10:00:00,94.65145
srv-010,2017-06-14 11:00:00,96.59813
srv-010,2017-06-14 12:00:00,96.739685
srv-010,2017-06-14 13:00:00,97.84307
srv-010,2017-06-14 14:00:00,97.170845
srv-010,2017-06-14 15:00:00,94.860535
srv-010,2017-06-14 16:00:00,94.572845
srv-010,2017-06-14 17:00:00,97.500084
srv-010,2017-06-14 18:00:00,97.555695
srv-010,2017-06-14 19:00:00,94.425095
srv-010,2017-06-14 20:00:00,94.65312
srv-010,2017-06-14 21:00:00,93.36203
srv-010,2017-06-14 22:00:00,88.304146
srv-010,2017-06-14 23:00:00,85.31983
srv-010,2017-06-15 00:00:00,84.36994
srv-010,2017-06-15 01:00:00,88.31532
srv-010,2017-06-15 02:00:00,84.04434
srv-010,2017-06-15 03:00:00,82.58668
srv-010,2017-06-15 04:00:00,84.38419
srv-010,2017-06-15 05:00:00,83.12916
srv-010,2017-06-15 06:00:00,86.84263
srv-010,2017-06-15 07:00:00,88.92084
srv-010,2017-06-15 08:00:00,86.281265
srv-010,2017-06-15 09:00:00,88.09153
srv-010,2017-06-15 10:00:00,91.34478
srv-010,2017-06-15 11:00:00,91.299576
srv-010,2017-06-15 12:00:00,97.70573
srv-010,2017-06-15 13:00:00,97.71409
srv-010,2017-06-15 14:00:00,94.76788
srv-010,2017-06-15 15:00:00,94.935936
srv-010,2017-06-15 16:00:00,93.71222
srv-010,2017-06-15 17:00:00,89.486786
srv-010,2017-06-15 18:00:00,86.38958
srv-010,2017-06-15 19:00:00,84.38682
srv-010,2017-06-15 20:00:00,85.873985
srv-010,2017-06-15 21:00:00,80.93333
srv-010,2017-06-15 22:00:00,80.91977
srv-010,2017-06-15 23:00:00,85.816795
srv-010,2017-06-16 00:00:00,85.83319
srv-010,2017-06-16 01:00:00,86.87436
srv-010,2017-06-16 02:00:00,82.64036
srv-010,2017-06-16 03:00:00,81.22906
srv-010,2017-06-16 04:00:00,77.46875
srv-010,2017-06-16 05:00:00,79.638405
srv-010,2017-06-16 06:00:00,73.82685
srv-010,2017-06-16 07:00:00,79.271355
srv-010,2017-06-16 08:00:00,77.58053
srv-010,2017-06-16 09:00:00,79.37386
srv-010,2017-06-16 10:00:00,80.59519
srv-010,2017-06-16 11:00:00,83.22746
srv-010,2017-06-16 12:00:00,79.85555
srv-010,2017-06-16 13:00:00,78.86671
srv-010,2017-06-16 14:00:00,82.66649
srv-010,2017-06-16 15:00:00,81.943695
srv-010,2017-06-16 16:00:00,81.20641
srv-010,2017-06-16 17:00:00,80.82469
srv-010,2017-06-16 18:00:00,78.7891
srv-010,2017-06-16 19:00:00,76.635475
srv-010,2017-06-16 20:00:00,72.99068
srv-010,2017-06-16 21:00:00,65.93269
srv-010,2017-06-16 22:00:00,63.993126
srv-010,2017-06-16 23:00:00,73.505516
srv-010,2017-06-17 00:00:00,74.18306
srv-010,2017-06-17 01:00:00,74.27908
srv-010,2017-06-17 02:00:00,74.81634
srv-010,2017-06-17 03:00:00,73.47842
srv-010,2017-06-17 04:00:00,78.444595
srv-010,2017-06-17 05:00:00,71.861916
srv-010,2017-06-17 06:00:00,73.84549
srv-010,2017-06-17 07:00:00,74.43315
srv-010,2017-06-17 08:00:00,76.52516
srv-010,2017-06-17 09:00:00,78.720634
srv-010,2017-06-17 10:00:00,83.29052
srv-010,2017-06-17 11:00:00,83.24295
srv-010,2017-06-17 12:00:00,84.519424
srv-010,2017-06-17 13:00:00,87.59074
srv-010,2017-06-17 14:00:00,82.76758
srv-010,2017-06-17 15:00:00,81.01402
srv-010,2017-06-17 16:00:00,79.923035
srv-010,2017-06-17 17:00:00,78.727936
srv-010,2017-06-17 18:00:00,76.316864
srv-010,2017-06-17 19:00:00,72.824005
srv-010,2017-06-17 20:00:00,71.61671
srv-010,2017-06-17 21:00:00,66.60348
srv-010,2017-06-17 22:00:00,67.022
srv-010,2017-06-17 23:00:00,72.18315
srv-010,2017-06-18 00:00:00,71.85024
srv-010,2017-06-18 01:00:00,77.368614
srv-010,2017-06-18 02:00:00,76.33954
srv-010,2017-06-18 03:00:00,71.4643
srv-010,2017-06-18 04:00:00,71.47141
srv-010,2017-06-18 05:00:00,68.57336
srv-010,2017-06-18 06:00:00,65.81686
srv-010,2017-06-18 07:00:00,74.29313
srv-010,2017-06-18 08:00:00,73.47846
srv-010,2017-06-18 09:00:00,78.43723
srv-010,2017-06-18 10:00:00,78.12049
srv-010,2017-06-18 11:00:00,79.992775
srv-010,2017-06-18 12:00:00,82.792915
srv-010,2017-06-18 13:00:00,85.3914
srv-010,2017-06-18 14:00:00,86.41301
srv-010,2017-06-18 15:00:00,82.069084
srv-010,2017-06-18 16:00:00,79.98278
srv-010,2017-06-18 17:00:00,84.887215
srv-010,2017-06-18 18:00:00,80.347984
srv-010,2017-06-18 19:00:00,73.85735
srv-010,2017-06-18 20:00:00,72.60721
srv-010,2017-06-18 21:00:00,70.61443
srv-010,2017-06-18 22:00:00,68.56279
srv-010,2017-06-18 23:00:00,68.739456
srv-010,2017-06-19 00:00:00,64.02702
srv-010,2017-06-19 01:00:00,66.853714
srv-010,2017-06-19 02:00:00,70.30319
srv-010,2017-06-19 03:00:00,71.46977
srv-010,2017-06-19 04:00:00,74.955315
srv-010,2017-06-19 05:00:00,72.64652
srv-010,2017-06-19 06:00:00,71.86289
srv-010,2017-06-19 07:00:00,78.712906
srv-010,2017-06-19 08:00:00,81.007614
srv-010,2017-06-19 09:00:00,84.89059
srv-010,2017-06-19 10:00:00,83.68214
srv-010,2017-06-19 11:00:00,80.97789
srv-010,2017-06-19 12:00:00,84.465
srv-010,2017-06-19 13:00:00,83.25402
srv-010,2017-06-19 14:00:00,87.477745
srv-010,2017-06-19 15:00:00,88.82988
srv-010,2017-06-19 16:00:00,84.90224
srv-010,2017-06-19 17:00:00,85.31285
srv-010,2017-06-19 18:00:00,80.32961
srv-010,2017-06-19 19:00:00,78.75525
srv-010,2017-06-19 20:00:00,79.5268
srv-010,2017-06-19 21:00:00,77.33038
srv-010,2017-06-19 22:00:00,79.38737
srv-010,2017-06-19 23:00:00,80.30276
srv-010,2017-06-20 00:00:00,80.97275
srv-010,2017-06-20 01:00:00,82.70808
srv-010,2017-06-20 02:00:00,83.646
srv-010,2017-06-20 03:00:00,87.01156
srv-010,2017-06-20 04:00:00,83.68132
srv-010,2017-06-20 05:00:00,82.34471
srv-010,2017-06-20 06:00:00,80.58678
srv-010,2017-06-20 07:00:00,83.61538
srv-010,2017-06-20 08:00:00,85.26894
srv-010,2017-06-20 09:00:00,87.53955
srv-010,2017-06-20 10:00:00,90.44845
srv-010,2017-06-20 11:00:00,97.00542
srv-010,2017-06-20 12:00:00,97.49948
srv-010,2017-06-20 13:00:00,97.79728
srv-010,2017-06-20 14:00:00,97.881294
srv-010,2017-06-20 15:00:00,97.762024
srv-010,2017-06-20 16:00:00,97.73745
srv-010,2017-06-20 17:00:00,94.877914
srv-010,2017-06-20 18:00:00,97.20864
srv-010,2017-06-20 19:00:00,94.00073
srv-010,2017-06-20 20:00:00,90.41327
srv-010,2017-06-20 21:00:00,88.79164
srv-010,2017-06-20 22:00:00,85.88974
srv-010,2017-06-20 23:00:00,87.49738
srv-010,2017-06-21 00:00:00,91.43481
srv-010,2017-06-21 01:00:00,91.70242
srv-010,2017-06-21 02:00:00,92.44214
srv-010,2017-06-21 03:00:00,93.84051
srv-010,2017-06-21 04:00:00,92.58098
srv-010,2017-06-21 05:00:00,92.54234
srv-010,2017-06-21 06:00:00,89.87217
srv-010,2017-06-21 07:00:00,92.47089
srv-010,2017-06-21 08:00:00,93.75463
srv-010,2017-06-21 09:00:00,94.66865
srv-010,2017-06-21 10:00:00,97.72743
srv-010,2017-06-21 11:00:00,97.8641
srv-010,2017-06-21 12:00:00,97.74871
srv-010,2017-06-21 13:00:00,97.765976
srv-010,2017-06-21 14:00:00,98.01428
srv-010,2017-06-21 15:00:00,97.727036
srv-010,2017-06-21 16:00:00,97.37735
srv-010,2017-06-21 17:00:00,97.70396
srv-010,2017-06-21 18:00:00,97.68485
srv-010,2017-06-21 19:00:00,94.31138
srv-010,2017-06-21 20:00:00,90.34783
srv-010,2017-06-21 21:00:00,86.842354
srv-010,2017-06-21 22:00:00,89.8332
srv-010,2017-06-21 23:00:00,91.48593
srv-010,2017-06-22 00:00:00,89.77864
srv-010,2017-06-22 01:00:00,90.549355
srv-010,2017-06-22 02:00:00,89.75952
srv-010,2017-06-22 03:00:00,86.20504
srv-010,2017-06-22 04:00:00,86.90358
srv-010,2017-06-22 05:00:00,85.26164
srv-010,2017-06-22 06:00:00,85.262985
srv-010,2017-06-22 07:00:00,92.569305
srv-010,2017-06-22 08:00:00,94.79082
srv-010,2017-06-22 09:00:00,93.518684
srv-010,2017-06-22 10:00:00,94.561554
srv-010,2017-06-22 11:00:00,96.93873
srv-010,2017-06-22 12:00:00,97.08357
srv-010,2017-06-22 13:00:00,96.65384
srv-010,2017-06-22 14:00:00,95.03745
srv-010,2017-06-22 15:00:00,97.063995
srv-010,2017-06-22 16:00:00,97.4197
srv-010,2017-06-22 17:00:00,94.49626
srv-010,2017-06-22 18:00:00,91.59409
srv-010,2017-06-22 19:00:00,84.80426
srv-010,2017-06-22 20:00:00,84.341415
srv-010,2017-06-22 21:00:00,81.96025
srv-010,2017-06-22 22:00:00,81.51307
srv-010,2017-06-22 23:00:00,80.87065
srv-010,2017-06-23 00:00:00,84.318886
srv-010,2017-06-23 01:00:00,78.343666
srv-010,2017-06-23 02:00:00,78.87418
srv-010,2017-06-23 03:00:00,79.550705
srv-010,2017-06-23 04:00:00,77.978035
srv-010,2017-06-23 05:00:00,78.029366
srv-010,2017-06-23 06:00:00,79.35249
srv-010,2017-06-23 07:00:00,83.07004
srv-010,2017-06-23 08:00:00,81.226006
srv-010,2017-06-23 09:00:00,84.36
srv-010,2017-06-23 10:00:00,83.060455
srv-010,2017-06-23 11:00:00,82.73123
srv-010,2017-06-23 12:00:00,85.9058
srv-010,2017-06-23 13:00:00,87.39028
srv-010,2017-06-23 14:00:00,84.36206
srv-010,2017-06-23 15:00:00,80.49485
srv-010,2017-06-23 16:00:00,80.47525
srv-010,2017-06-23 17:00:00,81.19145
srv-010,2017-06-23 18:00:00,73.17201
srv-010,2017-06-23 19:00:00,71.4228
srv-010,2017-06-23 20:00:00,70.24986
srv-010,2017-06-23 21:00:00,74.433586
srv-010,2017-06-23 22:00:00,71.28174
srv-010,2017-06-23 23:00:00,69.897484
srv-010,2017-06-24 00:00:00,73.81328
srv-010,2017-06-24 01:00:00,75.44517
srv-010,2017-06-24 02:00:00,76.56921
srv-010,2017-06-24 03:00:00,74.933914
srv-010,2017-06-24 04:00:00,73.61732
srv-010,2017-06-24 05:00:00,76.734314
srv-010,2017-06-24 06:00:00,72.62482
srv-010,2017-06-24 07:00:00,77.35944
srv-010,2017-06-24 08:00:00,73.85663
srv-010,2017-06-24 09:00:00,76.08768
srv-010,2017-06-24 10:00:00,77.90061
srv-010,2017-06-24 11:00:00,79.39595
srv-010,2017-06-24 12:00:00,82.71713
srv-010,2017-06-24 13:00:00,80.64519
srv-010,2017-06-24 14:00:00,84.44413
srv-010,2017-06-24 15:00:00,84.44413
srv-010,2017-06-24 16:00:00,84.44413
srv-010,2017-06-24 17:00:00,82.10355
srv-010,2017-06-24 18:00:00,79.95823
srv-010,2017-06-24 19:00:00,76.452225
srv-010,2017-06-24 20:00:00,70.84678
srv-010,2017-06-24 21:00:00,67.39337
srv-010,2017-06-24 22:00:00,70.42885
srv-010,2017-06-24 23:00:00,71.01224
srv-010,2017-06-25 00:00:00,71.02501
srv-010,2017-06-25 01:00:00,72.04487
srv-010,2017-06-25 02:00:00,74.093155
srv-010,2017-06-25 03:00:00,72.50168
srv-010,2017-06-25 04:00:00,73.051575
srv-010,2017-06-25 05:00:00,66.63564
srv-010,2017-06-25 06:00:00,66.861565
srv-010,2017-06-25 07:00:00,73.66477
srv-010,2017-06-25 08:00:00,71.038574
srv-010,2017-06-25 09:00:00,76.55999
srv-010,2017-06-25 10:00:00,79.67129
srv-010,2017-06-25 11:00:00,76.56278
srv-010,2017-06-25 12:00:00,76.56477
srv-010,2017-06-25 13:00:00,84.50211
srv-010,2017-06-25 14:00:00,85.3591
srv-010,2017-06-25 15:00:00,86.422585
srv-010,2017-06-25 16:00:00,81.02543
srv-010,2017-06-25 17:00:00,81.70557
srv-010,2017-06-25 18:00:00,75.61356
srv-010,2017-06-25 19:00:00,69.475655
srv-010,2017-06-25 20:00:00,68.32411
srv-010,2017-06-25 21:00:00,67.3986
srv-010,2017-06-25 22:00:00,68.13623
srv-010,2017-06-25 23:00:00,70.28559
srv-010,2017-06-26 00:00:00,66.1837
srv-010,2017-06-26 01:00:00,70.84096
srv-010,2017-06-26 02:00:00,68.34431
srv-010,2017-06-26 03:00:00,74.79353
srv-010,2017-06-26 04:00:00,76.58106
srv-010,2017-06-26 05:00:00,73.04634
srv-010,2017-06-26 06:00:00,77.11337
srv-010,2017-06-26 07:00:00,82.717186
srv-010,2017-06-26 08:00:00,79.99533
srv-010,2017-06-26 09:00:00,82.031105
srv-010,2017-06-26 10:00:00,81.32393
srv-010,2017-06-26 11:00:00,83.15719
srv-010,2017-06-26 12:00:00,82.04333
srv-010,2017-06-26 13:00:00,82.69287
srv-010,2017-06-26 14:00:00,86.92449
srv-010,2017-06-26 15:00:00,88.80561
srv-010,2017-06-26 16:00:00,85.912926
srv-010,2017-06-26 17:00:00,82.05146
srv-010,2017-06-26 18:00:00,82.37059
srv-010,2017-06-26 19:00:00,81.36219
srv-010,2017-06-26 20:00:00,78.73045
srv-010,2017-06-26 21:00:00,78.336
srv-010,2017-06-26 22:00:00,72.821045
srv-010,2017-06-26 23:00:00,78.73828
srv-010,2017-06-27 00:00:00,79.38617
srv-010,2017-06-27 01:00:00,80.97009
srv-010,2017-06-27 02:00:00,81.31844
srv-010,2017-06-27 03:00:00,81.98472
srv-010,2017-06-27 04:00:00,82.06195
srv-010,2017-06-27 05:00:00,83.20807
srv-010,2017-06-27 06:00:00,85.27404
srv-010,2017-06-27 07:00:00,88.79534
srv-010,2017-06-27 08:00:00,88.80545
srv-010,2017-06-27 09:00:00,90.563354
srv-010,2017-06-27 10:00:00,88.73102
srv-010,2017-06-27 11:00:00,91.36436
srv-010,2017-06-27 12:00:00,97.32219
srv-010,2017-06-27 13:00:00,97.931816
srv-010,2017-06-27 14:00:00,97.83967
srv-010,2017-06-27 15:00:00,93.74862
srv-010,2017-06-27 16:00:00,95.12493
srv-010,2017-06-27 17:00:00,97.1182
srv-010,2017-06-27 18:00:00,91.44767
srv-010,2017-06-27 19:00:00,91.617195
srv-010,2017-06-27 20:00:00,90.62602
srv-010,2017-06-27 21:00:00,92.33565
srv-010,2017-06-27 22:00:00,90.70869
srv-010,2017-06-27 23:00:00,87.640976
srv-010,2017-06-28 00:00:00,90.69931
srv-010,2017-06-28 01:00:00,91.45423
srv-010,2017-06-28 02:00:00,91.40707
srv-010,2017-06-28 03:00:00,92.36803
srv-010,2017-06-28 04:00:00,89.00592
srv-010,2017-06-28 05:00:00,87.588066
srv-010,2017-06-28 06:00:00,86.3778
srv-010,2017-06-28 07:00:00,89.99002
srv-010,2017-06-28 08:00:00,88.26796
srv-010,2017-06-28 09:00:00,91.50247
srv-010,2017-06-28 10:00:00,93.54896
srv-010,2017-06-28 11:00:00,97.33835
srv-010,2017-06-28 12:00:00,98.07185
srv-010,2017-06-28 13:00:00,97.70387
srv-010,2017-06-28 14:00:00,97.777626
srv-010,2017-06-28 15:00:00,97.50353
srv-010,2017-06-28 16:00:00,93.777275
srv-010,2017-06-28 17:00:00,97.34914
srv-010,2017-06-28 18:00:00,93.74598
srv-010,2017-06-28 19:00:00,91.50486
srv-010,2017-06-28 20:00:00,91.502686
srv-010,2017-06-28 21:00:00,89.811745
srv-010,2017-06-28 22:00:00,93.36248
srv-010,2017-06-28 23:00:00,91.136925
srv-010,2017-06-29 00:00:00,88.80147
srv-010,2017-06-29 01:00:00,90.49711
srv-010,2017-06-29 02:00:00,88.25437
srv-010,2017-06-29 03:00:00,88.24989
srv-010,2017-06-29 04:00:00,88.675
srv-010,2017-06-29 05:00:00,86.875916
srv-010,2017-06-29 06:00:00,83.15205
srv-010,2017-06-29 07:00:00,91.31929
srv-010,2017-06-29 08:00:00,89.86355
srv-010,2017-06-29 09:00:00,92.65109
srv-010,2017-06-29 10:00:00,88.99214
srv-010,2017-06-29 11:00:00,90.53708
srv-010,2017-06-29 12:00:00,90.56878
srv-010,2017-06-29 13:00:00,88.72829
srv-010,2017-06-29 14:00:00,90.596016
srv-010,2017-06-29 15:00:00,93.45873
srv-010,2017-06-29 16:00:00,89.757996
srv-010,2017-06-29 17:00:00,88.83577
srv-010,2017-06-29 18:00:00,89.65733
srv-010,2017-06-29 19:00:00,86.131355
srv-010,2017-06-29 20:00:00,85.203636
srv-010,2017-06-29 21:00:00,82.37291
srv-010,2017-06-29 22:00:00,85.17601
srv-010,2017-06-29 23:00:00,80.904495
srv-010,2017-06-30 00:00:00,79.88583
srv-010,2017-06-30 01:00:00,82.30538
srv-010,2017-06-30 02:00:00,81.2465
srv-010,2017-06-30 03:00:00,81.54997
srv-010,2017-06-30 04:00:00,82.248245
srv-010,2017-06-30 05:00:00,74.86203
srv-010,2017-06-30 06:00:00,75.06712
srv-010,2017-06-30 07:00:00,81.62211
srv-010,2017-06-30 08:00:00,77.477325
srv-010,2017-06-30 09:00:00,78.29837
srv-010,2017-06-30 10:00:00,83.88245
srv-010,2017-06-30 11:00:00,85.738075
srv-010,2017-06-30 12:00:00,78.73129
srv-010,2017-06-30 13:00:00,74.06174
srv-010,2017-06-30 14:00:00,76.66606
srv-010,2017-06-30 15:00:00,79.51579
srv-010,2017-06-30 16:00:00,81.843056
srv-010,2017-06-30 17:00:00,83.01193
srv-010,2017-06-30 18:00:00,78.56557
srv-010,2017-06-30 19:00:00,76.90302
srv-010,2017-06-30 20:00:00,74.917946
srv-010,2017-06-30 21:00:00,74.1352
srv-010,2017-06-30 22:00:00,67.380806
srv-010,2017-06-30 23:00:00,65.939445
