server_id,timestamp,predicted_cpu_utilization
srv-001,2017-06-01 23:00:00,48.416473
srv-001,2017-06-02 00:00:00,44.483547
srv-001,2017-06-02 01:00:00,45.83865
srv-001,2017-06-02 02:00:00,45.862026
srv-001,2017-06-02 03:00:00,46.133854
srv-001,2017-06-02 04:00:00,45.53199
srv-001,2017-06-02 05:00:00,43.550564
srv-001,2017-06-02 06:00:00,43.632233
srv-001,2017-06-02 07:00:00,43.60539
srv-001,2017-06-02 08:00:00,39.98085
srv-001,2017-06-02 09:00:00,41.959602
srv-001,2017-06-02 10:00:00,45.983788
srv-001,2017-06-02 11:00:00,46.50088
srv-001,2017-06-02 12:00:00,45.31356
srv-001,2017-06-02 13:00:00,45.96367
srv-001,2017-06-02 14:00:00,47.93629
srv-001,2017-06-02 15:00:00,49.720394
srv-001,2017-06-02 16:00:00,44.423313
srv-001,2017-06-02 17:00:00,44.668926
srv-001,2017-06-02 18:00:00,45.800797
srv-001,2017-06-02 19:00:00,42.521282
srv-001,2017-06-02 20:00:00,42.02309
srv-001,2017-06-02 21:00:00,43.051113
srv-001,2017-06-02 22:00:00,42.001957
srv-001,2017-06-02 23:00:00,38.81296
srv-001,2017-06-03 00:00:00,39.57187
srv-001,2017-06-03 01:00:00,41.911392
srv-001,2017-06-03 02:00:00,42.119106
srv-001,2017-06-03 03:00:00,42.069653
srv-001,2017-06-03 04:00:00,41.969505
srv-001,2017-06-03 05:00:00,42.636974
srv-001,2017-06-03 06:00:00,31.082197
srv-001,2017-06-03 07:00:00,42.52132
srv-001,2017-06-03 08:00:00,43.516464
srv-001,2017-06-03 09:00:00,40.68914
srv-001,2017-06-03 10:00:00,42.138535
srv-001,2017-06-03 11:00:00,42.46529
srv-001,2017-06-03 12:00:00,46.49476
srv-001,2017-06-03 13:00:00,48.526566
srv-001,2017-06-03 14:00:00,58.36546
srv-001,2017-06-03 15:00:00,44.709476
srv-001,2017-06-03 16:00:00,45.513153
srv-001,2017-06-03 17:00:00,47.746414
srv-001,2017-06-03 18:00:00,46.989807
srv-001,2017-06-03 19:00:00,55.977066
srv-001,2017-06-03 20:00:00,47.55527
srv-001,2017-06-03 21:00:00,46.74172
srv-001,2017-06-03 22:00:00,42.383186
srv-001,2017-06-03 23:00:00,40.195858
srv-001,2017-06-04 00:00:00,40.915386
srv-001,2017-06-04 01:00:00,42.150723
srv-001,2017-06-04 02:00:00,41.864536
srv-001,2017-06-04 03:00:00,46.3757
srv-001,2017-06-04 04:00:00,44.222313
srv-001,2017-06-04 05:00:00,40.446312
srv-001,2017-06-04 06:00:00,38.70395
srv-001,2017-06-04 07:00:00,39.30456
srv-001,2017-06-04 08:00:00,40.545994
srv-001,2017-06-04 09:00:00,40.65737
srv-001,2017-06-04 10:00:00,44.86116
srv-001,2017-06-04 11:00:00,65.62522
srv-001,2017-06-04 12:00:00,45.639076
srv-001,2017-06-04 13:00:00,43.16215
srv-001,2017-06-04 14:00:00,41.01837
srv-001,2017-06-04 15:00:00,43.794594
srv-001,2017-06-04 16:00:00,39.685287
srv-001,2017-06-04 17:00:00,43.541656
srv-001,2017-06-04 18:00:00,41.897045
srv-001,2017-06-04 19:00:00,44.03781
srv-001,2017-06-04 20:00:00,47.104694
srv-001,2017-06-04 21:00:00,46.090775
srv-001,2017-06-04 22:00:00,43.756927
srv-001,2017-06-04 23:00:00,44.004623
srv-001,2017-06-05 00:00:00,46.468315
srv-001,2017-06-05 01:00:00,39.586506
srv-001,2017-06-05 02:00:00,35.575855
srv-001,2017-06-05 03:00:00,35.23867
srv-001,2017-06-05 04:00:00,37.935005
srv-001,2017-06-05 05:00:00,38.306072
srv-001,2017-06-05 06:00:00,44.182068
srv-001,2017-06-05 07:00:00,38.781616
srv-001,2017-06-05 08:00:00,35.1298
srv-001,2017-06-05 09:00:00,40.215252
srv-001,2017-06-05 10:00:00,39.114136
srv-001,2017-06-05 11:00:00,39.26921
srv-001,2017-06-05 12:00:00,41.649647
srv-001,2017-06-05 13:00:00,45.949356
srv-001,2017-06-05 14:00:00,46.406128
srv-001,2017-06-05 15:00:00,47.244446
srv-001,2017-06-05 16:00:00,47.692406
srv-001,2017-06-05 17:00:00,47.1858
srv-001,2017-06-05 18:00:00,42.277905
srv-001,2017-06-05 19:00:00,42.21232
srv-001,2017-06-05 20:00:00,43.6176
srv-001,2017-06-05 21:00:00,44.35982
srv-001,2017-06-05 22:00:00,44.25132
srv-001,2017-06-05 23:00:00,42.086243
srv-001,2017-06-06 00:00:00,42.657948
srv-001,2017-06-06 01:00:00,38.99943
srv-001,2017-06-06 02:00:00,42.672485
srv-001,2017-06-06 03:00:00,48.642456
srv-001,2017-06-06 04:00:00,44.637188
srv-001,2017-06-06 05:00:00,44.317654
srv-001,2017-06-06 06:00:00,46.197685
srv-001,2017-06-06 07:00:00,48.79714
srv-001,2017-06-06 08:00:00,50.49711
srv-001,2017-06-06 09:00:00,49.646915
srv-001,2017-06-06 10:00:00,46.712616
srv-001,2017-06-06 11:00:00,50.241966
srv-001,2017-06-06 12:00:00,56.377937
srv-001,2017-06-06 13:00:00,55.64704
srv-001,2017-06-06 14:00:00,54.235966
srv-001,2017-06-06 15:00:00,55.776836
srv-001,2017-06-06 16:00:00,57.366524
srv-001,2017-06-06 17:00:00,54.292442
srv-001,2017-06-06 18:00:00,55.077133
srv-001,2017-06-06 19:00:00,54.145256
srv-001,2017-06-06 20:00:00,53.722397
srv-001,2017-06-06 21:00:00,51.68022
srv-001,2017-06-06 22:00:00,52.66233
srv-001,2017-06-06 23:00:00,53.21601
srv-001,2017-06-07 00:00:00,51.84954
srv-001,2017-06-07 01:00:00,54.21775
srv-001,2017-06-07 02:00:00,53.184143
srv-001,2017-06-07 03:00:00,50.738102
srv-001,2017-06-07 04:00:00,49.742527
srv-001,2017-06-07 05:00:00,47.269993
srv-001,2017-06-07 06:00:00,50.808556
srv-001,2017-06-07 07:00:00,46.8686
srv-001,2017-06-07 08:00:00,49.200073
srv-001,2017-06-07 09:00:00,46.463684
srv-001,2017-06-07 10:00:00,50.86385
srv-001,2017-06-07 11:00:00,52.69939
srv-001,2017-06-07 12:00:00,54.157303
srv-001,2017-06-07 13:00:00,54.4014
srv-001,2017-06-07 14:00:00,53.225407
srv-001,2017-06-07 15:00:00,58.63467
srv-001,2017-06-07 16:00:00,55.395176
srv-001,2017-06-07 17:00:00,56.72455
srv-001,2017-06-07 18:00:00,53.00012
srv-001,2017-06-07 19:00:00,53.264782
srv-001,2017-06-07 20:00:00,56.652756
srv-001,2017-06-07 21:00:00,56.368458
srv-001,2017-06-07 22:00:00,53.542572
srv-001,2017-06-07 23:00:00,51.954655
srv-001,2017-06-08 00:00:00,51.873173
srv-001,2017-06-08 01:00:00,53.073933
srv-001,2017-06-08 02:00:00,50.682735
srv-001,2017-06-08 03:00:00,50.10246
srv-001,2017-06-08 04:00:00,50.735004
srv-001,2017-06-08 05:00:00,49.38664
srv-001,2017-06-08 06:00:00,48.03636
srv-001,2017-06-08 07:00:00,45.908154
srv-001,2017-06-08 08:00:00,46.21213
srv-001,2017-06-08 09:00:00,46.667145
srv-001,2017-06-08 10:00:00,49.42617
srv-001,2017-06-08 11:00:00,49.756462
srv-001,2017-06-08 12:00:00,52.769493
srv-001,2017-06-08 13:00:00,53.706074
srv-001,2017-06-08 14:00:00,49.835014
srv-001,2017-06-08 15:00:00,52.769493
srv-001,2017-06-08 16:00:00,54.075005
srv-001,2017-06-08 17:00:00,51.740353
srv-001,2017-06-08 18:00:00,52.19787
srv-001,2017-06-08 19:00:00,48.54781
srv-001,2017-06-08 20:00:00,48.40528
srv-001,2017-06-08 21:00:00,45.157845
srv-001,2017-06-08 22:00:00,39.998554
srv-001,2017-06-08 23:00:00,41.22488
srv-001,2017-06-09 00:00:00,41.943047
srv-001,2017-06-09 01:00:00,41.96038
srv-001,2017-06-09 02:00:00,40.946053
srv-001,2017-06-09 03:00:00,41.634155
srv-001,2017-06-09 04:00:00,42.418232
srv-001,2017-06-09 05:00:00,43.677315
srv-001,2017-06-09 06:00:00,43.20858
srv-001,2017-06-09 07:00:00,41.410324
srv-001,2017-06-09 08:00:00,45.733986
srv-001,2017-06-09 09:00:00,43.630455
srv-001,2017-06-09 10:00:00,44.357883
srv-001,2017-06-09 11:00:00,45.88767
srv-001,2017-06-09 12:00:00,49.692875
srv-001,2017-06-09 13:00:00,48.85975
srv-001,2017-06-09 14:00:00,45.76894
srv-001,2017-06-09 15:00:00,47.34179
srv-001,2017-06-09 16:00:00,43.85738
srv-001,2017-06-09 17:00:00,41.306854
srv-001,2017-06-09 18:00:00,40.219242
srv-001,2017-06-09 19:00:00,43.74911
srv-001,2017-06-09 20:00:00,41.499214
srv-001,2017-06-09 21:00:00,40.14303
srv-001,2017-06-09 22:00:00,36.86884
srv-001,2017-06-09 23:00:00,35.64982
srv-001,2017-06-10 00:00:00,35.12152
srv-001,2017-06-10 01:00:00,42.00566
srv-001,2017-06-10 02:00:00,39.125664
srv-001,2017-06-10 03:00:00,41.670856
srv-001,2017-06-10 04:00:00,42.289627
srv-001,2017-06-10 05:00:00,43.757572
srv-001,2017-06-10 06:00:00,42.23068
srv-001,2017-06-10 07:00:00,40.493973
srv-001,2017-06-10 08:00:00,39.985775
srv-001,2017-06-10 09:00:00,40.469154
srv-001,2017-06-10 10:00:00,42.212032
srv-001,2017-06-10 11:00:00,46.052067
srv-001,2017-06-10 12:00:00,44.10481
srv-001,2017-06-10 13:00:00,43.949585
srv-001,2017-06-10 14:00:00,45.479958
srv-001,2017-06-10 15:00:00,42.539375
srv-001,2017-06-10 16:00:00,44.445667
srv-001,2017-06-10 17:00:00,42.93229
srv-001,2017-06-10 18:00:00,42.820496
srv-001,2017-06-10 19:00:00,41.03823
srv-001,2017-06-10 20:00:00,38.138412
srv-001,2017-06-10 21:00:00,39.738293
srv-001,2017-06-10 22:00:00,37.34913
srv-001,2017-06-10 23:00:00,37.89131
srv-001,2017-06-11 00:00:00,37.491737
srv-001,2017-06-11 01:00:00,38.305107
srv-001,2017-06-11 02:00:00,43.437584
srv-001,2017-06-11 03:00:00,41.299587
srv-001,2017-06-11 04:00:00,43.226418
srv-001,2017-06-11 05:00:00,39.48955
srv-001,2017-06-11 06:00:00,39.200523
srv-001,2017-06-11 07:00:00,36.487507
srv-001,2017-06-11 08:00:00,36.061203
srv-001,2017-06-11 09:00:00,37.002636
srv-001,2017-06-11 10:00:00,42.800182
srv-001,2017-06-11 11:00:00,46.7183
srv-001,2017-06-11 12:00:00,47.135567
srv-001,2017-06-11 13:00:00,43.20216
srv-001,2017-06-11 14:00:00,44.844524
srv-001,2017-06-11 15:00:00,46.39216
srv-001,2017-06-11 16:00:00,45.17275
srv-001,2017-06-11 17:00:00,43.05947
srv-001,2017-06-11 18:00:00,40.61542
srv-001,2017-06-11 19:00:00,40.4616
srv-001,2017-06-11 20:00:00,41.80573
srv-001,2017-06-11 21:00:00,37.008507
srv-001,2017-06-11 22:00:00,36.200092
srv-001,2017-06-11 23:00:00,38.153954
srv-001,2017-06-12 00:00:00,40.000416
srv-001,2017-06-12 01:00:00,38.24022
srv-001,2017-06-12 02:00:00,40.027584
srv-001,2017-06-12 03:00:00,37.76311
srv-001,2017-06-12 04:00:00,33.368866
srv-001,2017-06-12 05:00:00,35.815735
srv-001,2017-06-12 06:00:00,36.527122
srv-001,2017-06-12 07:00:00,32.203457
srv-001,2017-06-12 08:00:00,36.080643
srv-001,2017-06-12 09:00:00,41.1605
srv-001,2017-06-12 10:00:00,45.6244
srv-001,2017-06-12 11:00:00,48.107666
srv-001,2017-06-12 12:00:00,49.740402
srv-001,2017-06-12 13:00:00,50.329014
srv-001,2017-06-12 14:00:00,49.164146
srv-001,2017-06-12 15:00:00,52.52825
srv-001,2017-06-12 16:00:00,48.649914
srv-001,2017-06-12 17:00:00,50.37701
srv-001,2017-06-12 18:00:00,47.017212
srv-001,2017-06-12 19:00:00,46.316975
srv-001,2017-06-12 20:00:00,44.710884
srv-001,2017-06-12 21:00:00,41.25794
srv-001,2017-06-12 22:00:00,41.61567
srv-001,2017-06-12 23:00:00,44.217
srv-001,2017-06-13 00:00:00,44.10338
srv-001,2017-06-13 01:00:00,42.119007
srv-001,2017-06-13 02:00:00,43.137203
srv-001,2017-06-13 03:00:00,44.095028
srv-001,2017-06-13 04:00:00,45.66334
srv-001,2017-06-13 05:00:00,48.691376
srv-001,2017-06-13 06:00:00,47.99821
srv-001,2017-06-13 07:00:00,52.232418
srv-001,2017-06-13 08:00:00,53.245155
srv-001,2017-06-13 09:00:00,52.497005
srv-001,2017-06-13 10:00:00,50.61167
srv-001,2017-06-13 11:00:00,52.07101
srv-001,2017-06-13 12:00:00,51.672787
srv-001,2017-06-13 13:00:00,56.466396
srv-001,2017-06-13 14:00:00,56.32218
srv-001,2017-06-13 15:00:00,55.695255
srv-001,2017-06-13 16:00:00,55.9872
srv-001,2017-06-13 17:00:00,57.301823
srv-001,2017-06-13 18:00:00,60.61928
srv-001,2017-06-13 19:00:00,58.606174
srv-001,2017-06-13 20:00:00,59.483814
srv-001,2017-06-13 21:00:00,57.7737
srv-001,2017-06-13 22:00:00,53.13566
srv-001,2017-06-13 23:00:00,54.859974
srv-001,2017-06-14 00:00:00,52.558865
srv-001,2017-06-14 01:00:00,69.8037
srv-001,2017-06-14 02:00:00,60.62631
srv-001,2017-06-14 03:00:00,49.916454
srv-001,2017-06-14 04:00:00,54.50084
srv-001,2017-06-14 05:00:00,54.755035
srv-001,2017-06-14 06:00:00,49.22483
srv-001,2017-06-14 07:00:00,53.24573
srv-001,2017-06-14 08:00:00,56.22292
srv-001,2017-06-14 09:00:00,56.098312
srv-001,2017-06-14 10:00:00,59.596058
srv-001,2017-06-14 11:00:00,59.281548
srv-001,2017-06-14 12:00:00,59.183098
srv-001,2017-06-14 13:00:00,62.43501
srv-001,2017-06-14 14:00:00,60.252052
srv-001,2017-06-14 15:00:00,68.00912
srv-001,2017-06-14 16:00:00,66.19019
srv-001,2017-06-14 17:00:00,63.903862
srv-001,2017-06-14 18:00:00,58.510605
srv-001,2017-06-14 19:00:00,57.325317
srv-001,2017-06-14 20:00:00,54.985935
srv-001,2017-06-14 21:00:00,59.608456
srv-001,2017-06-14 22:00:00,55.333164
srv-001,2017-06-14 23:00:00,54.33396
srv-001,2017-06-15 00:00:00,58.36384
srv-001,2017-06-15 01:00:00,53.345367
srv-001,2017-06-15 02:00:00,55.66425
srv-001,2017-06-15 03:00:00,52.76435
srv-001,2017-06-15 04:00:00,53.053635
srv-001,2017-06-15 05:00:00,54.50769
srv-001,2017-06-15 06:00:00,48.418865
srv-001,2017-06-15 07:00:00,53.739265
srv-001,2017-06-15 08:00:00,57.285732
srv-001,2017-06-15 09:00:00,54.21779
srv-001,2017-06-15 10:00:00,53.90251
srv-001,2017-06-15 11:00:00,57.496494
srv-001,2017-06-15 12:00:00,55.964043
srv-001,2017-06-15 13:00:00,58.93003
srv-001,2017-06-15 14:00:00,58.87659
srv-001,2017-06-15 15:00:00,60.69098
srv-001,2017-06-15 16:00:00,62.744915
srv-001,2017-06-15 17:00:00,60.82416
srv-001,2017-06-15 18:00:00,56.40983
srv-001,2017-06-15 19:00:00,54.13698
srv-001,2017-06-15 20:00:00,57.715004
srv-001,2017-06-15 21:00:00,62.914455
srv-001,2017-06-15 22:00:00,53.414043
srv-001,2017-06-15 23:00:00,50.243797
srv-001,2017-06-16 00:00:00,44.50419
srv-001,2017-06-16 01:00:00,65.71635
srv-001,2017-06-16 02:00:00,52.170193
srv-001,2017-06-16 03:00:00,46.73311
srv-001,2017-06-16 04:00:00,48.313885
srv-001,2017-06-16 05:00:00,47.706352
srv-001,2017-06-16 06:00:00,41.49588
srv-001,2017-06-16 07:00:00,37.76958
srv-001,2017-06-16 08:00:00,43.782753
srv-001,2017-06-16 09:00:00,40.05473
srv-001,2017-06-16 10:00:00,44.596653
srv-001,2017-06-16 11:00:00,39.8363
srv-001,2017-06-16 12:00:00,42.321815
srv-001,2017-06-16 13:00:00,47.53741
srv-001,2017-06-16 14:00:00,50.4617
srv-001,2017-06-16 15:00:00,46.636715
srv-001,2017-06-16 16:00:00,46.043037
srv-001,2017-06-16 17:00:00,44.595005
srv-001,2017-06-16 18:00:00,42.923645
srv-001,2017-06-16 19:00:00,40.0819
srv-001,2017-06-16 20:00:00,36.76062
srv-001,2017-06-16 21:00:00,35.93749
srv-001,2017-06-16 22:00:00,33.411858
srv-001,2017-06-16 23:00:00,33.462486
srv-001,2017-06-17 00:00:00,36.6126
srv-001,2017-06-17 01:00:00,40.86218
srv-001,2017-06-17 02:00:00,38.839996
srv-001,2017-06-17 03:00:00,39.414673
srv-001,2017-06-17 04:00:00,38.77542
srv-001,2017-06-17 05:00:00,38.37857
srv-001,2017-06-17 06:00:00,36.833675
srv-001,2017-06-17 07:00:00,37.782894
srv-001,2017-06-17 08:00:00,42.173985
srv-001,2017-06-17 09:00:00,41.197285
srv-001,2017-06-17 10:00:00,43.405365
srv-001,2017-06-17 11:00:00,48.079
srv-001,2017-06-17 12:00:00,45.06889
srv-001,2017-06-17 13:00:00,42.15495
srv-001,2017-06-17 14:00:00,45.91609
srv-001,2017-06-17 15:00:00,44.08258
srv-001,2017-06-17 16:00:00,44.461792
srv-001,2017-06-17 17:00:00,42.646805
srv-001,2017-06-17 18:00:00,41.960762
srv-001,2017-06-17 19:00:00,43.768414
srv-001,2017-06-17 20:00:00,43.807503
srv-001,2017-06-17 21:00:00,45.060852
srv-001,2017-06-17 22:00:00,38.956963
srv-001,2017-06-17 23:00:00,36.833164
srv-001,2017-06-18 00:00:00,32.50828
srv-001,2017-06-18 01:00:00,35.82201
srv-001,2017-06-18 02:00:00,38.10332
srv-001,2017-06-18 03:00:00,38.0651
srv-001,2017-06-18 04:00:00,38.415833
srv-001,2017-06-18 05:00:00,39.18436
srv-001,2017-06-18 06:00:00,39.114693
srv-001,2017-06-18 07:00:00,38.32483
srv-001,2017-06-18 08:00:00,43.647373
srv-001,2017-06-18 09:00:00,39.104477
srv-001,2017-06-18 10:00:00,42.404346
srv-001,2017-06-18 11:00:00,47.07217
srv-001,2017-06-18 12:00:00,45.158905
srv-001,2017-06-18 13:00:00,43.958218
srv-001,2017-06-18 14:00:00,47.80012
srv-001,2017-06-18 15:00:00,51.838688
srv-001,2017-06-18 16:00:00,49.17036
srv-001,2017-06-18 17:00:00,45.764107
srv-001,2017-06-18 18:00:00,45.970413
srv-001,2017-06-18 19:00:00,45.172832
srv-001,2017-06-18 20:00:00,44.10823
srv-001,2017-06-18 21:00:00,41.08054
srv-001,2017-06-18 22:00:00,39.721252
srv-001,2017-06-18 23:00:00,43.484665
srv-001,2017-06-19 00:00:00,43.269146
srv-001,2017-06-19 01:00:00,41.35333
srv-001,2017-06-19 02:00:00,39.35001
srv-001,2017-06-19 03:00:00,40.999046
srv-001,2017-06-19 04:00:00,40.473553
srv-001,2017-06-19 05:00:00,39.682163
srv-001,2017-06-19 06:00:00,40.15862
srv-001,2017-06-19 07:00:00,36.236824
srv-001,2017-06-19 08:00:00,37.97479
srv-001,2017-06-19 09:00:00,40.773746
srv-001,2017-06-19 10:00:00,43.069626
srv-001,2017-06-19 11:00:00,43.464367
srv-001,2017-06-19 12:00:00,50.670116
srv-001,2017-06-19 13:00:00,50.252987
srv-001,2017-06-19 14:00:00,49.069183
srv-001,2017-06-19 15:00:00,44.648273
srv-001,2017-06-19 16:00:00,44.4813
srv-001,2017-06-19 17:00:00,43.991795
srv-001,2017-06-19 18:00:00,45.00539
srv-001,2017-06-19 19:00:00,44.5132
srv-001,2017-06-19 20:00:00,39.992264
srv-001,2017-06-19 21:00:00,41.586056
srv-001,2017-06-19 22:00:00,40.274586
srv-001,2017-06-19 23:00:00,43.943928
srv-001,2017-06-20 00:00:00,43.51327
srv-001,2017-06-20 01:00:00,48.10733
srv-001,2017-06-20 02:00:00,42.757507
srv-001,2017-06-20 03:00:00,46.8975
srv-001,2017-06-20 04:00:00,45.323612
srv-001,2017-06-20 05:00:00,49.558624
srv-001,2017-06-20 06:00:00,49.621365
srv-001,2017-06-20 07:00:00,51.463352
srv-001,2017-06-20 08:00:00,52.540634
srv-001,2017-06-20 09:00:00,49.20192
srv-001,2017-06-20 10:00:00,53.731834
srv-001,2017-06-20 11:00:00,54.059258
srv-001,2017-06-20 12:00:00,56.469166
srv-001,2017-06-20 13:00:00,57.594574
srv-001,2017-06-20 14:00:00,56.866756
srv-001,2017-06-20 15:00:00,57.871254
srv-001,2017-06-20 16:00:00,55.539165
srv-001,2017-06-20 17:00:00,54.672596
srv-001,2017-06-20 18:00:00,53.715008
srv-001,2017-06-20 19:00:00,52.18787
srv-001,2017-06-20 20:00:00,50.35354
srv-001,2017-06-20 21:00:00,53.120296
srv-001,2017-06-20 22:00:00,52.081005
srv-001,2017-06-20 23:00:00,52.94069
srv-001,2017-06-21 00:00:00,53.96922
srv-001,2017-06-21 01:00:00,51.9955
srv-001,2017-06-21 02:00:00,54.578552
srv-001,2017-06-21 03:00:00,52.009624
srv-001,2017-06-21 04:00:00,52.851307
srv-001,2017-06-21 05:00:00,57.03052
srv-001,2017-06-21 06:00:00,52.711456
srv-001,2017-06-21 07:00:00,57.861637
srv-001,2017-06-21 08:00:00,52.266514
srv-001,2017-06-21 09:00:00,56.30473
srv-001,2017-06-21 10:00:00,58.226364
srv-001,2017-06-21 11:00:00,57.482548
srv-001,2017-06-21 12:00:00,53.86958
srv-001,2017-06-21 13:00:00,56.32917
srv-001,2017-06-21 14:00:00,54.210533
srv-001,2017-06-21 15:00:00,58.539356
srv-001,2017-06-21 16:00:00,57.79186
srv-001,2017-06-21 17:00:00,59.344437
srv-001,2017-06-21 18:00:00,59.194923
srv-001,2017-06-21 19:00:00,57.336666
srv-001,2017-06-21 20:00:00,56.12059
srv-001,2017-06-21 21:00:00,52.97744
srv-001,2017-06-21 22:00:00,55.2948
srv-001,2017-06-21 23:00:00,52.630493
srv-001,2017-06-22 00:00:00,57.728462
srv-001,2017-06-22 01:00:00,52.5408
srv-001,2017-06-22 02:00:00,52.41399
srv-001,2017-06-22 03:00:00,55.38551
srv-001,2017-06-22 04:00:00,57.659336
srv-001,2017-06-22 05:00:00,54.296997
srv-001,2017-06-22 06:00:00,52.10275
srv-001,2017-06-22 07:00:00,50.560093
srv-001,2017-06-22 08:00:00,52.737198
srv-001,2017-06-22 09:00:00,56.72861
srv-001,2017-06-22 10:00:00,56.43147
srv-001,2017-06-22 11:00:00,57.880848
srv-001,2017-06-22 12:00:00,61.11348
srv-001,2017-06-22 13:00:00,61.595757
srv-001,2017-06-22 14:00:00,60.316074
srv-001,2017-06-22 15:00:00,53.386517
srv-001,2017-06-22 16:00:00,49.857956
srv-001,2017-06-22 17:00:00,51.5953
srv-001,2017-06-22 18:00:00,50.220287
srv-001,2017-06-22 19:00:00,47.895203
srv-001,2017-06-22 20:00:00,49.099075
srv-001,2017-06-22 21:00:00,48.499615
srv-001,2017-06-22 22:00:00,48.39353
srv-001,2017-06-22 23:00:00,47.713295
srv-001,2017-06-23 00:00:00,48.221066
srv-001,2017-06-23 01:00:00,49.24851
srv-001,2017-06-23 02:00:00,46.63981
srv-001,2017-06-23 03:00:00,47.658897
srv-001,2017-06-23 04:00:00,43.856064
srv-001,2017-06-23 05:00:00,41.60041
srv-001,2017-06-23 06:00:00,43.112152
srv-001,2017-06-23 07:00:00,43.112152
srv-001,2017-06-23 08:00:00,44.392735
srv-001,2017-06-23 09:00:00,43.476532
srv-001,2017-06-23 10:00:00,42.221737
srv-001,2017-06-23 11:00:00,42.544525
srv-001,2017-06-23 12:00:00,46.5138
srv-001,2017-06-23 13:00:00,44.68696
srv-001,2017-06-23 14:00:00,45.94375
srv-001,2017-06-23 15:00:00,48.325752
srv-001,2017-06-23 16:00:00,44.423256
srv-001,2017-06-23 17:00:00,41.623432
srv-001,2017-06-23 18:00:00,40.57253
srv-001,2017-06-23 19:00:00,41.390263
srv-001,2017-06-23 20:00:00,37.345806
srv-001,2017-06-23 21:00:00,37.67956
srv-001,2017-06-23 22:00:00,38.183846
srv-001,2017-06-23 23:00:00,36.942585
srv-001,2017-06-24 00:00:00,38.342075
srv-001,2017-06-24 01:00:00,43.916203
srv-001,2017-06-24 02:00:00,44.12372
srv-001,2017-06-24 03:00:00,42.77704
srv-001,2017-06-24 04:00:00,40.24541
srv-001,2017-06-24 05:00:00,38.864605
srv-001,2017-06-24 06:00:00,37.894
srv-001,2017-06-24 07:00:00,37.927734
srv-001,2017-06-24 08:00:00,40.79658
srv-001,2017-06-24 09:00:00,48.921204
srv-001,2017-06-24 10:00:00,44.09775
srv-001,2017-06-24 11:00:00,43.485115
srv-001,2017-06-24 12:00:00,45.016945
srv-001,2017-06-24 13:00:00,44.875435
srv-001,2017-06-24 14:00:00,46.67958
srv-001,2017-06-24 15:00:00,49.528
srv-001,2017-06-24 16:00:00,43.969547
srv-001,2017-06-24 17:00:00,36.07838
srv-001,2017-06-24 18:00:00,37.52712
srv-001,2017-06-24 19:00:00,41.238644
srv-001,2017-06-24 20:00:00,35.98677
srv-001,2017-06-24 21:00:00,34.659912
srv-001,2017-06-24 22:00:00,35.746357
srv-001,2017-06-24 23:00:00,38.774475
srv-001,2017-06-25 00:00:00,35.962566
srv-001,2017-06-25 01:00:00,36.14517
srv-001,2017-06-25 02:00:00,36.392662
srv-001,2017-06-25 03:00:00,37.697895
srv-001,2017-06-25 04:00:00,36.903088
srv-001,2017-06-25 05:00:00,50.226814
srv-001,2017-06-25 06:00:00,39.37782
srv-001,2017-06-25 07:00:00,35.242317
srv-001,2017-06-25 08:00:00,35.304066
srv-001,2017-06-25 09:00:00,35.946854
srv-001,2017-06-25 10:00:00,38.021233
srv-001,2017-06-25 11:00:00,41.0719
srv-001,2017-06-25 12:00:00,39.98009
srv-001,2017-06-25 13:00:00,42.937393
srv-001,2017-06-25 14:00:00,45.497383
srv-001,2017-06-25 15:00:00,47.250637
srv-001,2017-06-25 16:00:00,46.06128
srv-001,2017-06-25 17:00:00,46.002457
srv-001,2017-06-25 18:00:00,42.944992
srv-001,2017-06-25 19:00:00,35.436657
srv-001,2017-06-25 20:00:00,38.81418
srv-001,2017-06-25 21:00:00,39.8222
srv-001,2017-06-25 22:00:00,42.530903
srv-001,2017-06-25 23:00:00,38.77238
srv-001,2017-06-26 00:00:00,40.527554
srv-001,2017-06-26 01:00:00,42.80787
srv-001,2017-06-26 02:00:00,43.8818
srv-001,2017-06-26 03:00:00,41.843655
srv-001,2017-06-26 04:00:00,40.51977
srv-001,2017-06-26 05:00:00,36.066612
srv-001,2017-06-26 06:00:00,40.967796
srv-001,2017-06-26 07:00:00,38.06738
srv-001,2017-06-26 08:00:00,42.19089
srv-001,2017-06-26 09:00:00,38.833267
srv-001,2017-06-26 10:00:00,37.85605
srv-001,2017-06-26 11:00:00,46.47759
srv-001,2017-06-26 12:00:00,46.14507
srv-001,2017-06-26 13:00:00,49.28308
srv-001,2017-06-26 14:00:00,48.38726
srv-001,2017-06-26 15:00:00,54.222775
srv-001,2017-06-26 16:00:00,43.40309
srv-001,2017-06-26 17:00:00,44.421577
srv-001,2017-06-26 18:00:00,49.105556
srv-001,2017-06-26 19:00:00,46.93009
srv-001,2017-06-26 20:00:00,42.8752
srv-001,2017-06-26 21:00:00,46.14077
srv-001,2017-06-26 22:00:00,46.808884
srv-001,2017-06-26 23:00:00,47.85459
srv-001,2017-06-27 00:00:00,48.982765
srv-001,2017-06-27 01:00:00,50.611313
srv-001,2017-06-27 02:00:00,49.97238
srv-001,2017-06-27 03:00:00,49.41114
srv-001,2017-06-27 04:00:00,48.262672
srv-001,2017-06-27 05:00:00,48.248814
srv-001,2017-06-27 06:00:00,49.989273
srv-001,2017-06-27 07:00:00,47.52547
srv-001,2017-06-27 08:00:00,52.566326
srv-001,2017-06-27 09:00:00,52.87991
srv-001,2017-06-27 10:00:00,53.66153
srv-001,2017-06-27 11:00:00,53.801212
srv-001,2017-06-27 12:00:00,53.2528
srv-001,2017-06-27 13:00:00,57.08628
srv-001,2017-06-27 14:00:00,56.83828
srv-001,2017-06-27 15:00:00,56.883423
srv-001,2017-06-27 16:00:00,56.585487
srv-001,2017-06-27 17:00:00,55.63493
srv-001,2017-06-27 18:00:00,53.713356
srv-001,2017-06-27 19:00:00,50.00651
srv-001,2017-06-27 20:00:00,53.01074
srv-001,2017-06-27 21:00:00,52.26752
srv-001,2017-06-27 22:00:00,49.689037
srv-001,2017-06-27 23:00:00,48.239906
srv-001,2017-06-28 00:00:00,47.448166
srv-001,2017-06-28 01:00:00,46.180435
srv-001,2017-06-28 02:00:00,48.120003
srv-001,2017-06-28 03:00:00,48.52115
srv-001,2017-06-28 04:00:00,49.866653
srv-001,2017-06-28 05:00:00,52.292694
srv-001,2017-06-28 06:00:00,52.25836
srv-001,2017-06-28 07:00:00,56.06078
srv-001,2017-06-28 08:00:00,53.71435
srv-001,2017-06-28 09:00:00,58.218193
srv-001,2017-06-28 10:00:00,61.716316
srv-001,2017-06-28 11:00:00,56.45684
srv-001,2017-06-28 12:00:00,58.31361
srv-001,2017-06-28 13:00:00,56.991394
srv-001,2017-06-28 14:00:00,58.149902
srv-001,2017-06-28 15:00:00,64.85777
srv-001,2017-06-28 16:00:00,63.98651
srv-001,2017-06-28 17:00:00,63.630413
srv-001,2017-06-28 18:00:00,59.16989
srv-001,2017-06-28 19:00:00,54.5665
srv-001,2017-06-28 20:00:00,55.366436
srv-001,2017-06-28 21:00:00,58.951115
srv-001,2017-06-28 22:00:00,53.53626
srv-001,2017-06-28 23:00:00,52.243828
srv-001,2017-06-29 00:00:00,52.01463
srv-001,2017-06-29 01:00:00,50.797382
srv-001,2017-06-29 02:00:00,50.117146
srv-001,2017-06-29 03:00:00,50.56209
srv-001,2017-06-29 04:00:00,49.697266
srv-001,2017-06-29 05:00:00,49.409603
srv-001,2017-06-29 06:00:00,51.56836
srv-001,2017-06-29 07:00:00,46.84202
srv-001,2017-06-29 08:00:00,46.054565
srv-001,2017-06-29 09:00:00,47.68338
srv-001,2017-06-29 10:00:00,52.483253
srv-001,2017-06-29 11:00:00,52.600624
srv-001,2017-06-29 12:00:00,52.82009
srv-001,2017-06-29 13:00:00,53.257633
srv-001,2017-06-29 14:00:00,51.25667
srv-001,2017-06-29 15:00:00,53.619236
srv-001,2017-06-29 16:00:00,52.92389
srv-001,2017-06-29 17:00:00,53.09979
srv-001,2017-06-29 18:00:00,53.22303
srv-001,2017-06-29 19:00:00,48.875633
srv-001,2017-06-29 20:00:00,52.274517
srv-001,2017-06-29 21:00:00,50.55841
srv-001,2017-06-29 22:00:00,47.998646
srv-001,2017-06-29 23:00:00,46.1764
srv-001,2017-06-30 00:00:00,45.34089
srv-001,2017-06-30 01:00:00,47.856583
srv-001,2017-06-30 02:00:00,43.81487
srv-001,2017-06-30 03:00:00,42.018867
srv-001,2017-06-30 04:00:00,44.707897
srv-001,2017-06-30 05:00:00,43.440605
srv-001,2017-06-30 06:00:00,44.973717
srv-001,2017-06-30 07:00:00,48.60951
srv-001,2017-06-30 08:00:00,47.27468
srv-001,2017-06-30 09:00:00,47.41576
srv-001,2017-06-30 10:00:00,44.826466
srv-001,2017-06-30 11:00:00,48.1783
srv-001,2017-06-30 12:00:00,48.1783
srv-001,2017-06-30 13:00:00,49.767796
srv-001,2017-06-30 14:00:00,48.19352
srv-001,2017-06-30 15:00:00,43.55115
srv-001,2017-06-30 16:00:00,44.388687
srv-001,2017-06-30 17:00:00,39.803406
srv-001,2017-06-30 18:00:00,40.878956
srv-001,2017-06-30 19:00:00,42.22236
srv-001,2017-06-30 20:00:00,42.200417
srv-001,2017-06-30 21:00:00,44.0423
srv-001,2017-06-30 22:00:00,44.15725
srv-001,2017-06-30 23:00:00,40.581367
srv-002,2017-06-01 23:00:00,72.13327
srv-002,2017-06-02 00:00:00,72.21131
srv-002,2017-06-02 01:00:00,74.57443
srv-002,2017-06-02 02:00:00,74.5301
srv-002,2017-06-02 03:00:00,76.709656
srv-002,2017-06-02 04:00:00,72.252365
srv-002,2017-06-02 05:00:00,73.18729
srv-002,2017-06-02 06:00:00,74.098755
srv-002,2017-06-02 07:00:00,72.33867
srv-002,2017-06-02 08:00:00,73.08286
srv-002,2017-06-02 09:00:00,74.01881
srv-002,2017-06-02 10:00:00,77.94255
srv-002,2017-06-02 11:00:00,75.14394
srv-002,2017-06-02 12:00:00,73.62847
srv-002,2017-06-02 13:00:00,74.02868
srv-002,2017-06-02 14:00:00,73.02348
srv-002,2017-06-02 15:00:00,72.95342
srv-002,2017-06-02 16:00:00,74.44725
srv-002,2017-06-02 17:00:00,71.128746
srv-002,2017-06-02 18:00:00,71.48827
srv-002,2017-06-02 19:00:00,68.87065
srv-002,2017-06-02 20:00:00,68.07843
srv-002,2017-06-02 21:00:00,66.18282
srv-002,2017-06-02 22:00:00,63.02027
srv-002,2017-06-02 23:00:00,62.41891
srv-002,2017-06-03 00:00:00,64.20971
srv-002,2017-06-03 01:00:00,67.44022
srv-002,2017-06-03 02:00:00,65.671974
srv-002,2017-06-03 03:00:00,64.751854
srv-002,2017-06-03 04:00:00,67.37535
srv-002,2017-06-03 05:00:00,66.29219
srv-002,2017-06-03 06:00:00,65.246925
srv-002,2017-06-03 07:00:00,66.03489
srv-002,2017-06-03 08:00:00,70.6139
srv-002,2017-06-03 09:00:00,69.64426
srv-002,2017-06-03 10:00:00,71.38235
srv-002,2017-06-03 11:00:00,73.360245
srv-002,2017-06-03 12:00:00,73.098465
srv-002,2017-06-03 13:00:00,75.31071
srv-002,2017-06-03 14:00:00,76.88475
srv-002,2017-06-03 15:00:00,78.08592
srv-002,2017-06-03 16:00:00,74.52614
srv-002,2017-06-03 17:00:00,76.25825
srv-002,2017-06-03 18:00:00,74.69031
srv-002,2017-06-03 19:00:00,68.18778
srv-002,2017-06-03 20:00:00,63.801018
srv-002,2017-06-03 21:00:00,64.030975
srv-002,2017-06-03 22:00:00,60.641193
srv-002,2017-06-03 23:00:00,63.608654
srv-002,2017-06-04 00:00:00,64.599106
srv-002,2017-06-04 01:00:00,69.408485
srv-002,2017-06-04 02:00:00,63.47867
srv-002,2017-06-04 03:00:00,65.82903
srv-002,2017-06-04 04:00:00,67.88342
srv-002,2017-06-04 05:00:00,70.72994
srv-002,2017-06-04 06:00:00,68.39624
srv-002,2017-06-04 07:00:00,69.316864
srv-002,2017-06-04 08:00:00,70.80311
srv-002,2017-06-04 09:00:00,71.44043
srv-002,2017-06-04 10:00:00,72.774475
srv-002,2017-06-04 11:00:00,71.728004
srv-002,2017-06-04 12:00:00,72.51362
srv-002,2017-06-04 13:00:00,76.312096
srv-002,2017-06-04 14:00:00,76.11295
srv-002,2017-06-04 15:00:00,77.46903
srv-002,2017-06-04 16:00:00,81.48745
srv-002,2017-06-04 17:00:00,74.64032
srv-002,2017-06-04 18:00:00,72.94301
srv-002,2017-06-04 19:00:00,71.001366
srv-002,2017-06-04 20:00:00,70.91683
srv-002,2017-06-04 21:00:00,67.26862
srv-002,2017-06-04 22:00:00,67.48153
srv-002,2017-06-04 23:00:00,62.110638
srv-002,2017-06-05 00:00:00,65.7328
srv-002,2017-06-05 01:00:00,76.85018
srv-002,2017-06-05 02:00:00,57.724876
srv-002,2017-06-05 03:00:00,60.709255
srv-002,2017-06-05 04:00:00,61.648922
srv-002,2017-06-05 05:00:00,60.793034
srv-002,2017-06-05 06:00:00,60.397755
srv-002,2017-06-05 07:00:00,64.295166
srv-002,2017-06-05 08:00:00,66.40467
srv-002,2017-06-05 09:00:00,67.0761
srv-002,2017-06-05 10:00:00,69.06173
srv-002,2017-06-05 11:00:00,71.15839
srv-002,2017-06-05 12:00:00,74.33852
srv-002,2017-06-05 13:00:00,77.543
srv-002,2017-06-05 14:00:00,81.68787
srv-002,2017-06-05 15:00:00,82.59146
srv-002,2017-06-05 16:00:00,80.673225
srv-002,2017-06-05 17:00:00,77.25889
srv-002,2017-06-05 18:00:00,78.680595
srv-002,2017-06-05 19:00:00,75.53437
srv-002,2017-06-05 20:00:00,76.42161
srv-002,2017-06-05 21:00:00,75.575584
srv-002,2017-06-05 22:00:00,71.06861
srv-002,2017-06-05 23:00:00,71.93934
srv-002,2017-06-06 00:00:00,73.39498
srv-002,2017-06-06 01:00:00,75.03076
srv-002,2017-06-06 02:00:00,74.30269
srv-002,2017-06-06 03:00:00,75.02345
srv-002,2017-06-06 04:00:00,73.12335
srv-002,2017-06-06 05:00:00,74.50852
srv-002,2017-06-06 06:00:00,75.00987
srv-002,2017-06-06 07:00:00,72.29038
srv-002,2017-06-06 08:00:00,79.16969
srv-002,2017-06-06 09:00:00,75.748604
srv-002,2017-06-06 10:00:00,83.28304
srv-002,2017-06-06 11:00:00,84.97405
srv-002,2017-06-06 12:00:00,85.45527
srv-002,2017-06-06 13:00:00,89.05294
srv-002,2017-06-06 14:00:00,90.43728
srv-002,2017-06-06 15:00:00,88.99932
srv-002,2017-06-06 16:00:00,93.54479
srv-002,2017-06-06 17:00:00,89.50407
srv-002,2017-06-06 18:00:00,90.42153
srv-002,2017-06-06 19:00:00,89.687454
srv-002,2017-06-06 20:00:00,81.894554
srv-002,2017-06-06 21:00:00,81.76107
srv-002,2017-06-06 22:00:00,78.68957
srv-002,2017-06-06 23:00:00,80.92528
srv-002,2017-06-07 00:00:00,79.253716
srv-002,2017-06-07 01:00:00,82.874725
srv-002,2017-06-07 02:00:00,80.97537
srv-002,2017-06-07 03:00:00,83.77766
srv-002,2017-06-07 04:00:00,84.65441
srv-002,2017-06-07 05:00:00,84.38713
srv-002,2017-06-07 06:00:00,84.72492
srv-002,2017-06-07 07:00:00,83.77962
srv-002,2017-06-07 08:00:00,89.875435
srv-002,2017-06-07 09:00:00,87.92701
srv-002,2017-06-07 10:00:00,85.67045
srv-002,2017-06-07 11:00:00,88.52882
srv-002,2017-06-07 12:00:00,89.63588
srv-002,2017-06-07 13:00:00,94.6049
srv-002,2017-06-07 14:00:00,97.83864
srv-002,2017-06-07 15:00:00,95.4562
srv-002,2017-06-07 16:00:00,94.82021
srv-002,2017-06-07 17:00:00,92.50744
srv-002,2017-06-07 18:00:00,90.56874
srv-002,2017-06-07 19:00:00,85.22219
srv-002,2017-06-07 20:00:00,84.3569
srv-002,2017-06-07 21:00:00,85.88257
srv-002,2017-06-07 22:00:00,82.85228
srv-002,2017-06-07 23:00:00,81.70769
srv-002,2017-06-08 00:00:00,81.91973
srv-002,2017-06-08 01:00:00,79.50995
srv-002,2017-06-08 02:00:00,82.04095
srv-002,2017-06-08 03:00:00,82.964165
srv-002,2017-06-08 04:00:00,83.06629
srv-002,2017-06-08 05:00:00,79.31644
srv-002,2017-06-08 06:00:00,79.383865
srv-002,2017-06-08 07:00:00,76.69096
srv-002,2017-06-08 08:00:00,82.5112
srv-002,2017-06-08 09:00:00,82.04116
srv-002,2017-06-08 10:00:00,84.62513
srv-002,2017-06-08 11:00:00,86.484726
srv-002,2017-06-08 12:00:00,84.28822
srv-002,2017-06-08 13:00:00,88.355446
srv-002,2017-06-08 14:00:00,92.20549
srv-002,2017-06-08 15:00:00,92.700325
srv-002,2017-06-08 16:00:00,93.57288
srv-002,2017-06-08 17:00:00,89.37451
srv-002,2017-06-08 18:00:00,88.07886
srv-002,2017-06-08 19:00:00,86.32577
srv-002,2017-06-08 20:00:00,77.605545
srv-002,2017-06-08 21:00:00,76.53418
srv-002,2017-06-08 22:00:00,72.623405
srv-002,2017-06-08 23:00:00,72.90069
srv-002,2017-06-09 00:00:00,68.70168
srv-002,2017-06-09 01:00:00,72.79553
srv-002,2017-06-09 02:00:00,73.45272
srv-002,2017-06-09 03:00:00,74.35573
srv-002,2017-06-09 04:00:00,73.40588
srv-002,2017-06-09 05:00:00,74.26391
srv-002,2017-06-09 06:00:00,67.92077
srv-002,2017-06-09 07:00:00,66.49458
srv-002,2017-06-09 08:00:00,72.98975
srv-002,2017-06-09 09:00:00,71.088646
srv-002,2017-06-09 10:00:00,71.00157
srv-002,2017-06-09 11:00:00,73.488655
srv-002,2017-06-09 12:00:00,74.22421
srv-002,2017-06-09 13:00:00,75.037315
srv-002,2017-06-09 14:00:00,75.305565
srv-002,2017-06-09 15:00:00,75.81879
srv-002,2017-06-09 16:00:00,77.251724
srv-002,2017-06-09 17:00:00,80.62341
srv-002,2017-06-09 18:00:00,73.15136
srv-002,2017-06-09 19:00:00,71.997246
srv-002,2017-06-09 20:00:00,68.92562
srv-002,2017-06-09 21:00:00,65.63699
srv-002,2017-06-09 22:00:00,61.02045
srv-002,2017-06-09 23:00:00,60.04083
srv-002,2017-06-10 00:00:00,65.136055
srv-002,2017-06-10 01:00:00,65.17584
srv-002,2017-06-10 02:00:00,68.49956
srv-002,2017-06-10 03:00:00,68.77253
srv-002,2017-06-10 04:00:00,63.234245
srv-002,2017-06-10 05:00:00,63.3478
srv-002,2017-06-10 06:00:00,67.233086
srv-002,2017-06-10 07:00:00,63.981895
srv-002,2017-06-10 08:00:00,70.13018
srv-002,2017-06-10 09:00:00,64.955635
srv-002,2017-06-10 10:00:00,69.71839
srv-002,2017-06-10 11:00:00,68.602615
srv-002,2017-06-10 12:00:00,69.89704
srv-002,2017-06-10 13:00:00,73.83891
srv-002,2017-06-10 14:00:00,78.34867
srv-002,2017-06-10 15:00:00,76.41693
srv-002,2017-06-10 16:00:00,77.11384
srv-002,2017-06-10 17:00:00,78.0843
srv-002,2017-06-10 18:00:00,76.01808
srv-002,2017-06-10 19:00:00,71.75279
srv-002,2017-06-10 20:00:00,68.43345
srv-002,2017-06-10 21:00:00,63.52748
srv-002,2017-06-10 22:00:00,61.314144
srv-002,2017-06-10 23:00:00,65.0533
srv-002,2017-06-11 00:00:00,65.98426
srv-002,2017-06-11 01:00:00,64.394585
srv-002,2017-06-11 02:00:00,63.42239
srv-002,2017-06-11 03:00:00,62.07039
srv-002,2017-06-11 04:00:00,66.05272
srv-002,2017-06-11 05:00:00,65.6021
srv-002,2017-06-11 06:00:00,65.27108
srv-002,2017-06-11 07:00:00,64.27908
srv-002,2017-06-11 08:00:00,68.981964
srv-002,2017-06-11 09:00:00,64.75625
srv-002,2017-06-11 10:00:00,70.20833
srv-002,2017-06-11 11:00:00,70.940575
srv-002,2017-06-11 12:00:00,72.50271
srv-002,2017-06-11 13:00:00,73.25133
srv-002,2017-06-11 14:00:00,72.59707
srv-002,2017-06-11 15:00:00,77.7263
srv-002,2017-06-11 16:00:00,73.596825
srv-002,2017-06-11 17:00:00,73.013435
srv-002,2017-06-11 18:00:00,70.779434
srv-002,2017-06-11 19:00:00,66.99546
srv-002,2017-06-11 20:00:00,65.796
srv-002,2017-06-11 21:00:00,68.22902
srv-002,2017-06-11 22:00:00,68.2741
srv-002,2017-06-11 23:00:00,65.89104
srv-002,2017-06-12 00:00:00,69.40692
srv-002,2017-06-12 01:00:00,60.61402
srv-002,2017-06-12 02:00:00,64.77666
srv-002,2017-06-12 03:00:00,82.34114
srv-002,2017-06-12 04:00:00,74.73803
srv-002,2017-06-12 05:00:00,60.865376
srv-002,2017-06-12 06:00:00,65.19771
srv-002,2017-06-12 07:00:00,68.5175
srv-002,2017-06-12 08:00:00,68.388756
srv-002,2017-06-12 09:00:00,68.33626
srv-002,2017-06-12 10:00:00,66.75982
srv-002,2017-06-12 11:00:00,68.81842
srv-002,2017-06-12 12:00:00,74.74092
srv-002,2017-06-12 13:00:00,79.27022
srv-002,2017-06-12 14:00:00,78.42222
srv-002,2017-06-12 15:00:00,83.42359
srv-002,2017-06-12 16:00:00,76.78371
srv-002,2017-06-12 17:00:00,80.30627
srv-002,2017-06-12 18:00:00,78.734924
srv-002,2017-06-12 19:00:00,73.270905
srv-002,2017-06-12 20:00:00,74.141014
srv-002,2017-06-12 21:00:00,69.98878
srv-002,2017-06-12 22:00:00,66.64123
srv-002,2017-06-12 23:00:00,70.87001
srv-002,2017-06-13 00:00:00,70.31188
srv-002,2017-06-13 01:00:00,73.85763
srv-002,2017-06-13 02:00:00,74.1332
srv-002,2017-06-13 03:00:00,74.4246
srv-002,2017-06-13 04:00:00,77.67516
srv-002,2017-06-13 05:00:00,75.824265
srv-002,2017-06-13 06:00:00,77.86303
srv-002,2017-06-13 07:00:00,77.20747
srv-002,2017-06-13 08:00:00,80.94274
srv-002,2017-06-13 09:00:00,79.11162
srv-002,2017-06-13 10:00:00,82.49485
srv-002,2017-06-13 11:00:00,84.011444
srv-002,2017-06-13 12:00:00,90.34115
srv-002,2017-06-13 13:00:00,87.66731
srv-002,2017-06-13 14:00:00,89.0192
srv-002,2017-06-13 15:00:00,89.37829
srv-002,2017-06-13 16:00:00,90.6448
srv-002,2017-06-13 17:00:00,87.49712
srv-002,2017-06-13 18:00:00,87.228905
srv-002,2017-06-13 19:00:00,82.68865
srv-002,2017-06-13 20:00:00,82.37561
srv-002,2017-06-13 21:00:00,84.324234
srv-002,2017-06-13 22:00:00,80.12792
srv-002,2017-06-13 23:00:00,81.44696
srv-002,2017-06-14 00:00:00,81.81397
srv-002,2017-06-14 01:00:00,81.55614
srv-002,2017-06-14 02:00:00,83.49478
srv-002,2017-06-14 03:00:00,82.08709
srv-002,2017-06-14 04:00:00,84.21638
srv-002,2017-06-14 05:00:00,82.52961
srv-002,2017-06-14 06:00:00,83.62059
srv-002,2017-06-14 07:00:00,83.60632
srv-002,2017-06-14 08:00:00,86.31054
srv-002,2017-06-14 09:00:00,85.53024
srv-002,2017-06-14 10:00:00,86.56381
srv-002,2017-06-14 11:00:00,86.81422
srv-002,2017-06-14 12:00:00,90.28449
srv-002,2017-06-14 13:00:00,91.99982
srv-002,2017-06-14 14:00:00,94.719635
srv-002,2017-06-14 15:00:00,95.846725
srv-002,2017-06-14 16:00:00,95.44642
srv-002,2017-06-14 17:00:00,95.15374
srv-002,2017-06-14 18:00:00,91.17866
srv-002,2017-06-14 19:00:00,91.77343
srv-002,2017-06-14 20:00:00,89.027596
srv-002,2017-06-14 21:00:00,83.877625
srv-002,2017-06-14 22:00:00,82.56087
srv-002,2017-06-14 23:00:00,83.46714
srv-002,2017-06-15 00:00:00,79.210785
srv-002,2017-06-15 01:00:00,79.27477
srv-002,2017-06-15 02:00:00,79.12198
srv-002,2017-06-15 03:00:00,81.92843
srv-002,2017-06-15 04:00:00,83.608765
srv-002,2017-06-15 05:00:00,83.03345
srv-002,2017-06-15 06:00:00,82.25303
srv-002,2017-06-15 07:00:00,83.28064
srv-002,2017-06-15 08:00:00,89.70362
srv-002,2017-06-15 09:00:00,83.896225
srv-002,2017-06-15 10:00:00,83.48793
srv-002,2017-06-15 11:00:00,83.60701
srv-002,2017-06-15 12:00:00,86.072105
srv-002,2017-06-15 13:00:00,91.93885
srv-002,2017-06-15 14:00:00,90.64075
srv-002,2017-06-15 15:00:00,86.15939
srv-002,2017-06-15 16:00:00,84.38542
srv-002,2017-06-15 17:00:00,87.57776
srv-002,2017-06-15 18:00:00,82.485176
srv-002,2017-06-15 19:00:00,81.160164
srv-002,2017-06-15 20:00:00,77.14189
srv-002,2017-06-15 21:00:00,73.4376
srv-002,2017-06-15 22:00:00,72.928154
srv-002,2017-06-15 23:00:00,72.96882
srv-002,2017-06-16 00:00:00,73.42493
srv-002,2017-06-16 01:00:00,73.89196
srv-002,2017-06-16 02:00:00,77.93784
srv-002,2017-06-16 03:00:00,76.046875
srv-002,2017-06-16 04:00:00,73.49742
srv-002,2017-06-16 05:00:00,70.79611
srv-002,2017-06-16 06:00:00,66.8856
srv-002,2017-06-16 07:00:00,71.006996
srv-002,2017-06-16 08:00:00,72.988014
srv-002,2017-06-16 09:00:00,70.47876
srv-002,2017-06-16 10:00:00,70.29055
srv-002,2017-06-16 11:00:00,69.174904
srv-002,2017-06-16 12:00:00,71.67813
srv-002,2017-06-16 13:00:00,76.62446
srv-002,2017-06-16 14:00:00,75.5155
srv-002,2017-06-16 15:00:00,75.70127
srv-002,2017-06-16 16:00:00,75.42015
srv-002,2017-06-16 17:00:00,76.95247
srv-002,2017-06-16 18:00:00,73.13098
srv-002,2017-06-16 19:00:00,67.5079
srv-002,2017-06-16 20:00:00,65.66607
srv-002,2017-06-16 21:00:00,66.973
srv-002,2017-06-16 22:00:00,61.46549
srv-002,2017-06-16 23:00:00,62.779182
srv-002,2017-06-17 00:00:00,61.335854
srv-002,2017-06-17 01:00:00,64.306946
srv-002,2017-06-17 02:00:00,65.71229
srv-002,2017-06-17 03:00:00,66.48564
srv-002,2017-06-17 04:00:00,67.6594
srv-002,2017-06-17 05:00:00,65.71327
srv-002,2017-06-17 06:00:00,65.35636
srv-002,2017-06-17 07:00:00,67.04643
srv-002,2017-06-17 08:00:00,70.881065
srv-002,2017-06-17 09:00:00,66.46302
srv-002,2017-06-17 10:00:00,65.49458
srv-002,2017-06-17 11:00:00,67.64827
srv-002,2017-06-17 12:00:00,70.31938
srv-002,2017-06-17 13:00:00,69.96218
srv-002,2017-06-17 14:00:00,71.92099
srv-002,2017-06-17 15:00:00,72.78212
srv-002,2017-06-17 16:00:00,73.16861
srv-002,2017-06-17 17:00:00,73.8353
srv-002,2017-06-17 18:00:00,71.38225
srv-002,2017-06-17 19:00:00,70.66923
srv-002,2017-06-17 20:00:00,80.84492
srv-002,2017-06-17 21:00:00,75.30269
srv-002,2017-06-17 22:00:00,67.83519
srv-002,2017-06-17 23:00:00,67.026215
srv-002,2017-06-18 00:00:00,68.82478
srv-002,2017-06-18 01:00:00,67.754814
srv-002,2017-06-18 02:00:00,69.98371
srv-002,2017-06-18 03:00:00,64.4474
srv-002,2017-06-18 04:00:00,66.740456
srv-002,2017-06-18 05:00:00,64.53608
srv-002,2017-06-18 06:00:00,66.81706
srv-002,2017-06-18 07:00:00,65.13072
srv-002,2017-06-18 08:00:00,68.882744
srv-002,2017-06-18 09:00:00,65.742966
srv-002,2017-06-18 10:00:00,70.13906
srv-002,2017-06-18 11:00:00,68.65635
srv-002,2017-06-18 12:00:00,71.44206
srv-002,2017-06-18 13:00:00,71.943146
srv-002,2017-06-18 14:00:00,74.53296
srv-002,2017-06-18 15:00:00,74.288
srv-002,2017-06-18 16:00:00,73.14852
srv-002,2017-06-18 17:00:00,74.237885
srv-002,2017-06-18 18:00:00,70.18194
srv-002,2017-06-18 19:00:00,68.277664
srv-002,2017-06-18 20:00:00,67.88326
srv-002,2017-06-18 21:00:00,67.03193
srv-002,2017-06-18 22:00:00,63.666782
srv-002,2017-06-18 23:00:00,65.5696
srv-002,2017-06-19 00:00:00,64.478806
srv-002,2017-06-19 01:00:00,60.070446
srv-002,2017-06-19 02:00:00,59.888138
srv-002,2017-06-19 03:00:00,63.541023
srv-002,2017-06-19 04:00:00,65.48725
srv-002,2017-06-19 05:00:00,66.02414
srv-002,2017-06-19 06:00:00,67.884834
srv-002,2017-06-19 07:00:00,69.16658
srv-002,2017-06-19 08:00:00,71.87478
srv-002,2017-06-19 09:00:00,70.73945
srv-002,2017-06-19 10:00:00,71.43337
srv-002,2017-06-19 11:00:00,68.70134
srv-002,2017-06-19 12:00:00,69.335434
srv-002,2017-06-19 13:00:00,71.78297
srv-002,2017-06-19 14:00:00,74.06527
srv-002,2017-06-19 15:00:00,73.99297
srv-002,2017-06-19 16:00:00,75.32088
srv-002,2017-06-19 17:00:00,78.00959
srv-002,2017-06-19 18:00:00,72.24613
srv-002,2017-06-19 19:00:00,73.70467
srv-002,2017-06-19 20:00:00,74.6028
srv-002,2017-06-19 21:00:00,74.407585
srv-002,2017-06-19 22:00:00,72.17744
srv-002,2017-06-19 23:00:00,69.33845
srv-002,2017-06-20 00:00:00,69.82722
srv-002,2017-06-20 01:00:00,75.57482
srv-002,2017-06-20 02:00:00,75.3104
srv-002,2017-06-20 03:00:00,77.545265
srv-002,2017-06-20 04:00:00,75.766106
srv-002,2017-06-20 05:00:00,78.25057
srv-002,2017-06-20 06:00:00,77.46417
srv-002,2017-06-20 07:00:00,77.47266
srv-002,2017-06-20 08:00:00,83.23991
srv-002,2017-06-20 09:00:00,79.02071
srv-002,2017-06-20 10:00:00,80.1824
srv-002,2017-06-20 11:00:00,82.65124
srv-002,2017-06-20 12:00:00,82.271515
srv-002,2017-06-20 13:00:00,84.59903
srv-002,2017-06-20 14:00:00,89.52624
srv-002,2017-06-20 15:00:00,88.95074
srv-002,2017-06-20 16:00:00,90.62198
srv-002,2017-06-20 17:00:00,91.44216
srv-002,2017-06-20 18:00:00,86.997
srv-002,2017-06-20 19:00:00,86.80378
srv-002,2017-06-20 20:00:00,83.85986
srv-002,2017-06-20 21:00:00,85.0109
srv-002,2017-06-20 22:00:00,81.00647
srv-002,2017-06-20 23:00:00,77.18401
srv-002,2017-06-21 00:00:00,79.15668
srv-002,2017-06-21 01:00:00,82.03065
srv-002,2017-06-21 02:00:00,83.21084
srv-002,2017-06-21 03:00:00,83.529655
srv-002,2017-06-21 04:00:00,84.639336
srv-002,2017-06-21 05:00:00,83.45612
srv-002,2017-06-21 06:00:00,84.063484
srv-002,2017-06-21 07:00:00,84.00263
srv-002,2017-06-21 08:00:00,84.70337
srv-002,2017-06-21 09:00:00,85.27498
srv-002,2017-06-21 10:00:00,87.61487
srv-002,2017-06-21 11:00:00,90.69723
srv-002,2017-06-21 12:00:00,93.177734
srv-002,2017-06-21 13:00:00,94.4538
srv-002,2017-06-21 14:00:00,97.04575
srv-002,2017-06-21 15:00:00,95.55746
srv-002,2017-06-21 16:00:00,97.31462
srv-002,2017-06-21 17:00:00,95.777245
srv-002,2017-06-21 18:00:00,93.783226
srv-002,2017-06-21 19:00:00,90.5083
srv-002,2017-06-21 20:00:00,92.30855
srv-002,2017-06-21 21:00:00,89.63092
srv-002,2017-06-21 22:00:00,85.739655
srv-002,2017-06-21 23:00:00,88.34591
srv-002,2017-06-22 00:00:00,87.38694
srv-002,2017-06-22 01:00:00,85.13731
srv-002,2017-06-22 02:00:00,84.34794
srv-002,2017-06-22 03:00:00,85.855835
srv-002,2017-06-22 04:00:00,83.8647
srv-002,2017-06-22 05:00:00,81.056335
srv-002,2017-06-22 06:00:00,79.977455
srv-002,2017-06-22 07:00:00,76.90978
srv-002,2017-06-22 08:00:00,82.453026
srv-002,2017-06-22 09:00:00,80.418106
srv-002,2017-06-22 10:00:00,81.9351
srv-002,2017-06-22 11:00:00,88.57659
srv-002,2017-06-22 12:00:00,91.64786
srv-002,2017-06-22 13:00:00,87.208244
srv-002,2017-06-22 14:00:00,85.63808
srv-002,2017-06-22 15:00:00,85.068794
srv-002,2017-06-22 16:00:00,82.99184
srv-002,2017-06-22 17:00:00,80.97978
srv-002,2017-06-22 18:00:00,79.33358
srv-002,2017-06-22 19:00:00,80.5901
srv-002,2017-06-22 20:00:00,80.451744
srv-002,2017-06-22 21:00:00,76.85928
srv-002,2017-06-22 22:00:00,73.48107
srv-002,2017-06-22 23:00:00,74.3762
srv-002,2017-06-23 00:00:00,74.12788
srv-002,2017-06-23 01:00:00,76.23743
srv-002,2017-06-23 02:00:00,74.23087
srv-002,2017-06-23 03:00:00,72.957184
srv-002,2017-06-23 04:00:00,68.1964
srv-002,2017-06-23 05:00:00,71.91727
srv-002,2017-06-23 06:00:00,69.73981
srv-002,2017-06-23 07:00:00,71.552124
srv-002,2017-06-23 08:00:00,73.074936
srv-002,2017-06-23 09:00:00,71.84148
srv-002,2017-06-23 10:00:00,72.48206
srv-002,2017-06-23 11:00:00,75.10568
srv-002,2017-06-23 12:00:00,81.98904
srv-002,2017-06-23 13:00:00,79.11313
srv-002,2017-06-23 14:00:00,81.187645
srv-002,2017-06-23 15:00:00,81.1959
srv-002,2017-06-23 16:00:00,75.90967
srv-002,2017-06-23 17:00:00,76.52584
srv-002,2017-06-23 18:00:00,72.845695
srv-002,2017-06-23 19:00:00,71.56962
srv-002,2017-06-23 20:00:00,72.14571
srv-002,2017-06-23 21:00:00,68.01121
srv-002,2017-06-23 22:00:00,64.01164
srv-002,2017-06-23 23:00:00,64.134
srv-002,2017-06-24 00:00:00,67.30335
srv-002,2017-06-24 01:00:00,68.652954
srv-002,2017-06-24 02:00:00,68.174706
srv-002,2017-06-24 03:00:00,68.20388
srv-002,2017-06-24 04:00:00,70.23455
srv-002,2017-06-24 05:00:00,64.01668
srv-002,2017-06-24 06:00:00,66.5564
srv-002,2017-06-24 07:00:00,67.33646
srv-002,2017-06-24 08:00:00,71.285774
srv-002,2017-06-24 09:00:00,68.541824
srv-002,2017-06-24 10:00:00,68.829475
srv-002,2017-06-24 11:00:00,70.07348
srv-002,2017-06-24 12:00:00,71.45663
srv-002,2017-06-24 13:00:00,73.75403
srv-002,2017-06-24 14:00:00,71.994514
srv-002,2017-06-24 15:00:00,73.847984
srv-002,2017-06-24 16:00:00,75.00512
srv-002,2017-06-24 17:00:00,75.88822
srv-002,2017-06-24 18:00:00,73.19864
srv-002,2017-06-24 19:00:00,69.22529
srv-002,2017-06-24 20:00:00,67.38305
srv-002,2017-06-24 21:00:00,65.53688
srv-002,2017-06-24 22:00:00,63.50008
srv-002,2017-06-24 23:00:00,65.582695
srv-002,2017-06-25 00:00:00,58.65705
srv-002,2017-06-25 01:00:00,65.1671
srv-002,2017-06-25 02:00:00,64.36169
srv-002,2017-06-25 03:00:00,67.316986
srv-002,2017-06-25 04:00:00,62.505695
srv-002,2017-06-25 05:00:00,61.2469
srv-002,2017-06-25 06:00:00,64.77583
srv-002,2017-06-25 07:00:00,64.80706
srv-002,2017-06-25 08:00:00,64.674194
srv-002,2017-06-25 09:00:00,67.48736
srv-002,2017-06-25 10:00:00,68.01209
srv-002,2017-06-25 11:00:00,68.07666
srv-002,2017-06-25 12:00:00,70.38215
srv-002,2017-06-25 13:00:00,72.23503
srv-002,2017-06-25 14:00:00,72.226906
srv-002,2017-06-25 15:00:00,76.56813
srv-002,2017-06-25 16:00:00,73.12334
srv-002,2017-06-25 17:00:00,75.24949
srv-002,2017-06-25 18:00:00,70.62706
srv-002,2017-06-25 19:00:00,70.42214
srv-002,2017-06-25 20:00:00,70.22812
srv-002,2017-06-25 21:00:00,67.79881
srv-002,2017-06-25 22:00:00,68.56544
srv-002,2017-06-25 23:00:00,69.86208
srv-002,2017-06-26 00:00:00,68.92954
srv-002,2017-06-26 01:00:00,64.60651
srv-002,2017-06-26 02:00:00,66.12474
srv-002,2017-06-26 03:00:00,65.18677
srv-002,2017-06-26 04:00:00,66.70765
srv-002,2017-06-26 05:00:00,64.314766
srv-002,2017-06-26 06:00:00,61.30857
srv-002,2017-06-26 07:00:00,59.93679
srv-002,2017-06-26 08:00:00,64.03017
srv-002,2017-06-26 09:00:00,66.48481
srv-002,2017-06-26 10:00:00,71.17912
srv-002,2017-06-26 11:00:00,74.71579
srv-002,2017-06-26 12:00:00,75.56112
srv-002,2017-06-26 13:00:00,78.826004
srv-002,2017-06-26 14:00:00,80.27754
srv-002,2017-06-26 15:00:00,82.773026
srv-002,2017-06-26 16:00:00,81.62156
srv-002,2017-06-26 17:00:00,76.93625
srv-002,2017-06-26 18:00:00,75.94831
srv-002,2017-06-26 19:00:00,75.46745
srv-002,2017-06-26 20:00:00,72.37028
srv-002,2017-06-26 21:00:00,70.24054
srv-002,2017-06-26 22:00:00,67.72313
srv-002,2017-06-26 23:00:00,68.13064
srv-002,2017-06-27 00:00:00,71.70871
srv-002,2017-06-27 01:00:00,72.843834
srv-002,2017-06-27 02:00:00,75.03285
srv-002,2017-06-27 03:00:00,78.24796
srv-002,2017-06-27 04:00:00,79.26259
srv-002,2017-06-27 05:00:00,76.56652
srv-002,2017-06-27 06:00:00,78.95654
srv-002,2017-06-27 07:00:00,79.00302
srv-002,2017-06-27 08:00:00,82.773415
srv-002,2017-06-27 09:00:00,82.52177
srv-002,2017-06-27 10:00:00,85.19964
srv-002,2017-06-27 11:00:00,86.01202
srv-002,2017-06-27 12:00:00,87.06895
srv-002,2017-06-27 13:00:00,89.33254
srv-002,2017-06-27 14:00:00,92.57009
srv-002,2017-06-27 15:00:00,90.19573
srv-002,2017-06-27 16:00:00,91.573875
srv-002,2017-06-27 17:00:00,86.16904
srv-002,2017-06-27 18:00:00,85.71678
srv-002,2017-06-27 19:00:00,88.5496
srv-002,2017-06-27 20:00:00,83.41839
srv-002,2017-06-27 21:00:00,82.9233
srv-002,2017-06-27 22:00:00,83.19723
srv-002,2017-06-27 23:00:00,85.17677
srv-002,2017-06-28 00:00:00,86.48459
srv-002,2017-06-28 01:00:00,82.410995
srv-002,2017-06-28 02:00:00,82.10267
srv-002,2017-06-28 03:00:00,80.41747
srv-002,2017-06-28 04:00:00,79.6484
srv-002,2017-06-28 05:00:00,82.5074
srv-002,2017-06-28 06:00:00,82.71331
srv-002,2017-06-28 07:00:00,84.68645
srv-002,2017-06-28 08:00:00,87.67667
srv-002,2017-06-28 09:00:00,88.90398
srv-002,2017-06-28 10:00:00,92.26038
srv-002,2017-06-28 11:00:00,95.015495
srv-002,2017-06-28 12:00:00,94.1884
srv-002,2017-06-28 13:00:00,97.090225
srv-002,2017-06-28 14:00:00,97.03975
srv-002,2017-06-28 15:00:00,95.46417
srv-002,2017-06-28 16:00:00,95.73216
srv-002,2017-06-28 17:00:00,95.73886
srv-002,2017-06-28 18:00:00,91.676056
srv-002,2017-06-28 19:00:00,93.460365
srv-002,2017-06-28 20:00:00,93.71638
srv-002,2017-06-28 21:00:00,89.59754
srv-002,2017-06-28 22:00:00,86.31616
srv-002,2017-06-28 23:00:00,86.72328
srv-002,2017-06-29 00:00:00,81.841675
srv-002,2017-06-29 01:00:00,82.67762
srv-002,2017-06-29 02:00:00,80.66476
srv-002,2017-06-29 03:00:00,80.42785
srv-002,2017-06-29 04:00:00,80.194496
srv-002,2017-06-29 05:00:00,77.678825
srv-002,2017-06-29 06:00:00,76.9561
srv-002,2017-06-29 07:00:00,79.98356
srv-002,2017-06-29 08:00:00,88.17855
srv-002,2017-06-29 09:00:00,82.41136
srv-002,2017-06-29 10:00:00,85.276665
srv-002,2017-06-29 11:00:00,88.151985
srv-002,2017-06-29 12:00:00,88.05603
srv-002,2017-06-29 13:00:00,90.82206
srv-002,2017-06-29 14:00:00,91.51668
srv-002,2017-06-29 15:00:00,92.34591
srv-002,2017-06-29 16:00:00,89.39263
srv-002,2017-06-29 17:00:00,84.02638
srv-002,2017-06-29 18:00:00,83.941986
srv-002,2017-06-29 19:00:00,81.064476
srv-002,2017-06-29 20:00:00,77.861984
srv-002,2017-06-29 21:00:00,77.91708
srv-002,2017-06-29 22:00:00,71.70076
srv-002,2017-06-29 23:00:00,70.49445
srv-002,2017-06-30 00:00:00,70.46201
srv-002,2017-06-30 01:00:00,73.78142
srv-002,2017-06-30 02:00:00,70.5416
srv-002,2017-06-30 03:00:00,72.84821
srv-002,2017-06-30 04:00:00,73.67217
srv-002,2017-06-30 05:00:00,74.58009
srv-002,2017-06-30 06:00:00,73.54705
srv-002,2017-06-30 07:00:00,69.54558
srv-002,2017-06-30 08:00:00,72.90491
srv-002,2017-06-30 09:00:00,69.688644
srv-002,2017-06-30 10:00:00,70.631546
srv-002,2017-06-30 11:00:00,72.87105
srv-002,2017-06-30 12:00:00,72.5309
srv-002,2017-06-30 13:00:00,74.69082
srv-002,2017-06-30 14:00:00,75.817184
srv-002,2017-06-30 15:00:00,77.51885
srv-002,2017-06-30 16:00:00,77.966835
srv-002,2017-06-30 17:00:00,71.60373
srv-002,2017-06-30 18:00:00,70.749504
srv-002,2017-06-30 19:00:00,64.83738
srv-002,2017-06-30 20:00:00,64.80118
srv-002,2017-06-30 21:00:00,65.474304
srv-002,2017-06-30 22:00:00,58.337624
srv-002,2017-06-30 23:00:00,58.91434
srv-003,2017-06-01 23:00:00,44.132927
srv-003,2017-06-02 00:00:00,38.241615
srv-003,2017-06-02 01:00:00,39.18513
srv-003,2017-06-02 02:00:00,35.645412
srv-003,2017-06-02 03:00:00,38.417812
srv-003,2017-06-02 04:00:00,36.791786
srv-003,2017-06-02 05:00:00,36.328117
srv-003,2017-06-02 06:00:00,42.04934
srv-003,2017-06-02 07:00:00,42.199844
srv-003,2017-06-02 08:00:00,43.0859
srv-003,2017-06-02 09:00:00,43.72408
srv-003,2017-06-02 10:00:00,38.05083
srv-003,2017-06-02 11:00:00,40.014366
srv-003,2017-06-02 12:00:00,49.341854
srv-003,2017-06-02 13:00:00,41.53661
srv-003,2017-06-02 14:00:00,54.259113
srv-003,2017-06-02 15:00:00,46.391224
srv-003,2017-06-02 16:00:00,45.023888
srv-003,2017-06-02 17:00:00,40.88596
srv-003,2017-06-02 18:00:00,36.909756
srv-003,2017-06-02 19:00:00,32.317707
srv-003,2017-06-02 20:00:00,34.392624
srv-003,2017-06-02 21:00:00,38.079895
srv-003,2017-06-02 22:00:00,35.604294
srv-003,2017-06-02 23:00:00,39.369022
srv-003,2017-06-03 00:00:00,40.972958
srv-003,2017-06-03 01:00:00,41.560787
srv-003,2017-06-03 02:00:00,47.509827
srv-003,2017-06-03 03:00:00,40.9727
srv-003,2017-06-03 04:00:00,37.032497
srv-003,2017-06-03 05:00:00,35.159866
srv-003,2017-06-03 06:00:00,35.51359
srv-003,2017-06-03 07:00:00,40.866154
srv-003,2017-06-03 08:00:00,34.802895
srv-003,2017-06-03 09:00:00,30.72183
srv-003,2017-06-03 10:00:00,38.641914
srv-003,2017-06-03 11:00:00,37.17145
srv-003,2017-06-03 12:00:00,37.20913
srv-003,2017-06-03 13:00:00,38.03252
srv-003,2017-06-03 14:00:00,41.90839
srv-003,2017-06-03 15:00:00,38.211952
srv-003,2017-06-03 16:00:00,47.527924
srv-003,2017-06-03 17:00:00,43.655678
srv-003,2017-06-03 18:00:00,35.577873
srv-003,2017-06-03 19:00:00,33.041943
srv-003,2017-06-03 20:00:00,33.89603
srv-003,2017-06-03 21:00:00,34.067116
srv-003,2017-06-03 22:00:00,35.376236
srv-003,2017-06-03 23:00:00,40.864075
srv-003,2017-06-04 00:00:00,29.407482
srv-003,2017-06-04 01:00:00,40.265556
srv-003,2017-06-04 02:00:00,42.66527
srv-003,2017-06-04 03:00:00,45.448784
srv-003,2017-06-04 04:00:00,51.274628
srv-003,2017-06-04 05:00:00,38.519108
srv-003,2017-06-04 06:00:00,34.823532
srv-003,2017-06-04 07:00:00,38.422028
srv-003,2017-06-04 08:00:00,40.275173
srv-003,2017-06-04 09:00:00,34.15247
srv-003,2017-06-04 10:00:00,30.871342
srv-003,2017-06-04 11:00:00,32.049606
srv-003,2017-06-04 12:00:00,43.45125
srv-003,2017-06-04 13:00:00,46.671806
srv-003,2017-06-04 14:00:00,45.30599
srv-003,2017-06-04 15:00:00,48.38966
srv-003,2017-06-04 16:00:00,39.19598
srv-003,2017-06-04 17:00:00,41.25722
srv-003,2017-06-04 18:00:00,40.339497
srv-003,2017-06-04 19:00:00,37.18788
srv-003,2017-06-04 20:00:00,36.35776
srv-003,2017-06-04 21:00:00,40.91767
srv-003,2017-06-04 22:00:00,36.105236
srv-003,2017-06-04 23:00:00,39.879585
srv-003,2017-06-05 00:00:00,43.138477
srv-003,2017-06-05 01:00:00,44.452515
srv-003,2017-06-05 02:00:00,44.477486
srv-003,2017-06-05 03:00:00,52.67414
srv-003,2017-06-05 04:00:00,43.155
srv-003,2017-06-05 05:00:00,44.592144
srv-003,2017-06-05 06:00:00,44.16542
srv-003,2017-06-05 07:00:00,36.217854
srv-003,2017-06-05 08:00:00,42.886833
srv-003,2017-06-05 09:00:00,41.968987
srv-003,2017-06-05 10:00:00,41.132076
srv-003,2017-06-05 11:00:00,38.40165
srv-003,2017-06-05 12:00:00,35.31807
srv-003,2017-06-05 13:00:00,35.276424
srv-003,2017-06-05 14:00:00,37.585087
srv-003,2017-06-05 15:00:00,39.844578
srv-003,2017-06-05 16:00:00,46.385468
srv-003,2017-06-05 17:00:00,41.40023
srv-003,2017-06-05 18:00:00,44.05503
srv-003,2017-06-05 19:00:00,35.71466
srv-003,2017-06-05 20:00:00,32.36953
srv-003,2017-06-05 21:00:00,34.86385
srv-003,2017-06-05 22:00:00,33.766495
srv-003,2017-06-05 23:00:00,36.981033
srv-003,2017-06-06 00:00:00,39.759464
srv-003,2017-06-06 01:00:00,42.965244
srv-003,2017-06-06 02:00:00,34.89931
srv-003,2017-06-06 03:00:00,38.9637
srv-003,2017-06-06 04:00:00,36.200665
srv-003,2017-06-06 05:00:00,42.643467
srv-003,2017-06-06 06:00:00,37.85909
srv-003,2017-06-06 07:00:00,34.818497
srv-003,2017-06-06 08:00:00,33.23423
srv-003,2017-06-06 09:00:00,31.625465
srv-003,2017-06-06 10:00:00,34.4725
srv-003,2017-06-06 11:00:00,41.484314
srv-003,2017-06-06 12:00:00,43.07954
srv-003,2017-06-06 13:00:00,35.14959
srv-003,2017-06-06 14:00:00,44.19955
srv-003,2017-06-06 15:00:00,45.290195
srv-003,2017-06-06 16:00:00,48.157356
srv-003,2017-06-06 17:00:00,47.926773
srv-003,2017-06-06 18:00:00,45.968506
srv-003,2017-06-06 19:00:00,38.938923
srv-003,2017-06-06 20:00:00,40.564034
srv-003,2017-06-06 21:00:00,49.968407
srv-003,2017-06-06 22:00:00,38.943027
srv-003,2017-06-06 23:00:00,40.27423
srv-003,2017-06-07 00:00:00,37.735737
srv-003,2017-06-07 01:00:00,33.78837
srv-003,2017-06-07 02:00:00,35.17315
srv-003,2017-06-07 03:00:00,40.651306
srv-003,2017-06-07 04:00:00,46.577213
srv-003,2017-06-07 05:00:00,39.80023
srv-003,2017-06-07 06:00:00,32.338936
srv-003,2017-06-07 07:00:00,52.1924
srv-003,2017-06-07 08:00:00,37.962856
srv-003,2017-06-07 09:00:00,51.1334
srv-003,2017-06-07 10:00:00,54.029114
srv-003,2017-06-07 11:00:00,54.10216
srv-003,2017-06-07 12:00:00,40.04555
srv-003,2017-06-07 13:00:00,38.21901
srv-003,2017-06-07 14:00:00,35.187992
srv-003,2017-06-07 15:00:00,48.463146
srv-003,2017-06-07 16:00:00,42.459
srv-003,2017-06-07 17:00:00,39.349655
srv-003,2017-06-07 18:00:00,27.442762
srv-003,2017-06-07 19:00:00,38.686043
srv-003,2017-06-07 20:00:00,35.241756
srv-003,2017-06-07 21:00:00,38.85239
srv-003,2017-06-07 22:00:00,45.549538
srv-003,2017-06-07 23:00:00,45.70428
srv-003,2017-06-08 00:00:00,44.64217
srv-003,2017-06-08 01:00:00,51.276363
srv-003,2017-06-08 02:00:00,48.498627
srv-003,2017-06-08 03:00:00,47.761497
srv-003,2017-06-08 04:00:00,48.49543
srv-003,2017-06-08 05:00:00,39.73092
srv-003,2017-06-08 06:00:00,36.013416
srv-003,2017-06-08 07:00:00,45.128597
srv-003,2017-06-08 08:00:00,50.289207
srv-003,2017-06-08 09:00:00,47.549904
srv-003,2017-06-08 10:00:00,47.838398
srv-003,2017-06-08 11:00:00,46.206543
srv-003,2017-06-08 12:00:00,39.41392
srv-003,2017-06-08 13:00:00,40.301502
srv-003,2017-06-08 14:00:00,37.060173
srv-003,2017-06-08 15:00:00,42.781425
srv-003,2017-06-08 16:00:00,41.221386
srv-003,2017-06-08 17:00:00,48.540287
srv-003,2017-06-08 18:00:00,47.564514
srv-003,2017-06-08 19:00:00,44.111675
srv-003,2017-06-08 20:00:00,40.92917
srv-003,2017-06-08 21:00:00,36.13505
srv-003,2017-06-08 22:00:00,44.5436
srv-003,2017-06-08 23:00:00,34.971775
srv-003,2017-06-09 00:00:00,38.317158
srv-003,2017-06-09 01:00:00,34.758644
srv-003,2017-06-09 02:00:00,33.41113
srv-003,2017-06-09 03:00:00,36.92284
srv-003,2017-06-09 04:00:00,43.371708
srv-003,2017-06-09 05:00:00,40.552193
srv-003,2017-06-09 06:00:00,40.32848
srv-003,2017-06-09 07:00:00,49.21182
srv-003,2017-06-09 08:00:00,50.995533
srv-003,2017-06-09 09:00:00,47.687183
srv-003,2017-06-09 10:00:00,47.66096
srv-003,2017-06-09 11:00:00,51.223335
srv-003,2017-06-09 12:00:00,54.670383
srv-003,2017-06-09 13:00:00,40.75757
srv-003,2017-06-09 14:00:00,46.50382
srv-003,2017-06-09 15:00:00,45.56383
srv-003,2017-06-09 16:00:00,36.348
srv-003,2017-06-09 17:00:00,47.606377
srv-003,2017-06-09 18:00:00,46.517723
srv-003,2017-06-09 19:00:00,45.51571
srv-003,2017-06-09 20:00:00,41.892143
srv-003,2017-06-09 21:00:00,44.34298
srv-003,2017-06-09 22:00:00,35.48272
srv-003,2017-06-09 23:00:00,44.367355
srv-003,2017-06-10 00:00:00,46.899303
srv-003,2017-06-10 01:00:00,45.45404
srv-003,2017-06-10 02:00:00,48.73915
srv-003,2017-06-10 03:00:00,39.175133
srv-003,2017-06-10 04:00:00,34.60131
srv-003,2017-06-10 05:00:00,33.401867
srv-003,2017-06-10 06:00:00,34.25516
srv-003,2017-06-10 07:00:00,34.973213
srv-003,2017-06-10 08:00:00,40.98053
srv-003,2017-06-10 09:00:00,44.20349
srv-003,2017-06-10 10:00:00,35.99867
srv-003,2017-06-10 11:00:00,30.952127
srv-003,2017-06-10 12:00:00,31.004892
srv-003,2017-06-10 13:00:00,29.014425
srv-003,2017-06-10 14:00:00,30.011293
srv-003,2017-06-10 15:00:00,32.27289
srv-003,2017-06-10 16:00:00,35.081394
srv-003,2017-06-10 17:00:00,42.15316
srv-003,2017-06-10 18:00:00,42.315865
srv-003,2017-06-10 19:00:00,39.28138
srv-003,2017-06-10 20:00:00,35.484703
srv-003,2017-06-10 21:00:00,34.209507
srv-003,2017-06-10 22:00:00,40.072807
srv-003,2017-06-10 23:00:00,40.979572
srv-003,2017-06-11 00:00:00,42.071735
srv-003,2017-06-11 01:00:00,37.995117
srv-003,2017-06-11 02:00:00,37.125153
srv-003,2017-06-11 03:00:00,42.12466
srv-003,2017-06-11 04:00:00,37.532127
srv-003,2017-06-11 05:00:00,39.35843
srv-003,2017-06-11 06:00:00,33.278137
srv-003,2017-06-11 07:00:00,43.474903
srv-003,2017-06-11 08:00:00,36.16437
srv-003,2017-06-11 09:00:00,44.24141
srv-003,2017-06-11 10:00:00,45.962627
srv-003,2017-06-11 11:00:00,47.945194
srv-003,2017-06-11 12:00:00,47.959354
srv-003,2017-06-11 13:00:00,40.94857
srv-003,2017-06-11 14:00:00,44.677013
srv-003,2017-06-11 15:00:00,40.339596
srv-003,2017-06-11 16:00:00,34.02514
srv-003,2017-06-11 17:00:00,31.820848
srv-003,2017-06-11 18:00:00,36.00938
srv-003,2017-06-11 19:00:00,35.841118
srv-003,2017-06-11 20:00:00,37.43359
srv-003,2017-06-11 21:00:00,30.362103
srv-003,2017-06-11 22:00:00,44.026524
srv-003,2017-06-11 23:00:00,39.43605
srv-003,2017-06-12 00:00:00,41.826168
srv-003,2017-06-12 01:00:00,37.464783
srv-003,2017-06-12 02:00:00,37.214222
srv-003,2017-06-12 03:00:00,40.320927
srv-003,2017-06-12 04:00:00,31.418314
srv-003,2017-06-12 05:00:00,32.23339
srv-003,2017-06-12 06:00:00,33.108498
srv-003,2017-06-12 07:00:00,34.659634
srv-003,2017-06-12 08:00:00,36.645855
srv-003,2017-06-12 09:00:00,42.684006
srv-003,2017-06-12 10:00:00,39.065117
srv-003,2017-06-12 11:00:00,38.999607
srv-003,2017-06-12 12:00:00,33.49504
srv-003,2017-06-12 13:00:00,37.37295
srv-003,2017-06-12 14:00:00,43.960796
srv-003,2017-06-12 15:00:00,42.039696
srv-003,2017-06-12 16:00:00,41.27749
srv-003,2017-06-12 17:00:00,36.016823
srv-003,2017-06-12 18:00:00,32.264038
srv-003,2017-06-12 19:00:00,43.45462
srv-003,2017-06-12 20:00:00,44.123375
srv-003,2017-06-12 21:00:00,41.7024
srv-003,2017-06-12 22:00:00,38.699524
srv-003,2017-06-12 23:00:00,43.42823
srv-003,2017-06-13 00:00:00,34.817364
srv-003,2017-06-13 01:00:00,41.04254
srv-003,2017-06-13 02:00:00,39.94582
srv-003,2017-06-13 03:00:00,48.47102
srv-003,2017-06-13 04:00:00,43.48674
srv-003,2017-06-13 05:00:00,44.635284
srv-003,2017-06-13 06:00:00,41.3608
srv-003,2017-06-13 07:00:00,31.71262
srv-003,2017-06-13 08:00:00,34.058044
srv-003,2017-06-13 09:00:00,38.84939
srv-003,2017-06-13 10:00:00,41.016087
srv-003,2017-06-13 11:00:00,39.50722
srv-003,2017-06-13 12:00:00,42.570953
srv-003,2017-06-13 13:00:00,46.94611
srv-003,2017-06-13 14:00:00,41.0305
srv-003,2017-06-13 15:00:00,44.901966
srv-003,2017-06-13 16:00:00,38.35181
srv-003,2017-06-13 17:00:00,33.512016
srv-003,2017-06-13 18:00:00,36.838387
srv-003,2017-06-13 19:00:00,38.174236
srv-003,2017-06-13 20:00:00,38.394985
srv-003,2017-06-13 21:00:00,43.444267
srv-003,2017-06-13 22:00:00,43.839767
srv-003,2017-06-13 23:00:00,36.523357
srv-003,2017-06-14 00:00:00,37.3328
srv-003,2017-06-14 01:00:00,42.343197
srv-003,2017-06-14 02:00:00,46.951374
srv-003,2017-06-14 03:00:00,42.02588
srv-003,2017-06-14 04:00:00,35.98385
srv-003,2017-06-14 05:00:00,35.3798
srv-003,2017-06-14 06:00:00,43.108154
srv-003,2017-06-14 07:00:00,39.258068
srv-003,2017-06-14 08:00:00,41.44936
srv-003,2017-06-14 09:00:00,46.39607
srv-003,2017-06-14 10:00:00,41.739246
srv-003,2017-06-14 11:00:00,43.95508
srv-003,2017-06-14 12:00:00,42.35884
srv-003,2017-06-14 13:00:00,35.516087
srv-003,2017-06-14 14:00:00,36.55385
srv-003,2017-06-14 15:00:00,41.5665
srv-003,2017-06-14 16:00:00,36.844013
srv-003,2017-06-14 17:00:00,42.321136
srv-003,2017-06-14 18:00:00,46.883083
srv-003,2017-06-14 19:00:00,45.835644
srv-003,2017-06-14 20:00:00,41.19346
srv-003,2017-06-14 21:00:00,38.89123
srv-003,2017-06-14 22:00:00,37.767796
srv-003,2017-06-14 23:00:00,37.011242
srv-003,2017-06-15 00:00:00,33.051212
srv-003,2017-06-15 01:00:00,43.294132
srv-003,2017-06-15 02:00:00,43.893867
srv-003,2017-06-15 03:00:00,38.423748
srv-003,2017-06-15 04:00:00,34.96955
srv-003,2017-06-15 05:00:00,30.719097
srv-003,2017-06-15 06:00:00,27.274315
srv-003,2017-06-15 07:00:00,32.128044
srv-003,2017-06-15 08:00:00,39.322952
srv-003,2017-06-15 09:00:00,38.792965
srv-003,2017-06-15 10:00:00,40.71288
srv-003,2017-06-15 11:00:00,45.829453
srv-003,2017-06-15 12:00:00,51.68219
srv-003,2017-06-15 13:00:00,50.079224
srv-003,2017-06-15 14:00:00,49.085064
srv-003,2017-06-15 15:00:00,49.74915
srv-003,2017-06-15 16:00:00,38.854984
srv-003,2017-06-15 17:00:00,40.15682
srv-003,2017-06-15 18:00:00,38.996445
srv-003,2017-06-15 19:00:00,40.62425
srv-003,2017-06-15 20:00:00,42.416325
srv-003,2017-06-15 21:00:00,50.730797
srv-003,2017-06-15 22:00:00,35.03508
srv-003,2017-06-15 23:00:00,40.808727
srv-003,2017-06-16 00:00:00,35.61369
srv-003,2017-06-16 01:00:00,46.989494
srv-003,2017-06-16 02:00:00,31.636442
srv-003,2017-06-16 03:00:00,35.917923
srv-003,2017-06-16 04:00:00,38.723694
srv-003,2017-06-16 05:00:00,30.047659
srv-003,2017-06-16 06:00:00,35.89761
srv-003,2017-06-16 07:00:00,32.136665
srv-003,2017-06-16 08:00:00,30.384623
srv-003,2017-06-16 09:00:00,33.184162
srv-003,2017-06-16 10:00:00,31.189243
srv-003,2017-06-16 11:00:00,35.487022
srv-003,2017-06-16 12:00:00,36.227745
srv-003,2017-06-16 13:00:00,42.589592
srv-003,2017-06-16 14:00:00,36.557354
srv-003,2017-06-16 15:00:00,42.823875
srv-003,2017-06-16 16:00:00,29.178059
srv-003,2017-06-16 17:00:00,40.06214
srv-003,2017-06-16 18:00:00,37.50667
srv-003,2017-06-16 19:00:00,36.783707
srv-003,2017-06-16 20:00:00,38.07855
srv-003,2017-06-16 21:00:00,37.467377
srv-003,2017-06-16 22:00:00,39.426075
srv-003,2017-06-16 23:00:00,45.48497
srv-003,2017-06-17 00:00:00,31.48644
srv-003,2017-06-17 01:00:00,33.95541
srv-003,2017-06-17 02:00:00,36.767685
srv-003,2017-06-17 03:00:00,36.190388
srv-003,2017-06-17 04:00:00,42.780388
srv-003,2017-06-17 05:00:00,47.466026
srv-003,2017-06-17 06:00:00,44.503113
srv-003,2017-06-17 07:00:00,34.2789
srv-003,2017-06-17 08:00:00,34.309704
srv-003,2017-06-17 09:00:00,24.474699
srv-003,2017-06-17 10:00:00,35.076073
srv-003,2017-06-17 11:00:00,30.750257
srv-003,2017-06-17 12:00:00,33.35105
srv-003,2017-06-17 13:00:00,32.77191
srv-003,2017-06-17 14:00:00,37.70094
srv-003,2017-06-17 15:00:00,45.352646
srv-003,2017-06-17 16:00:00,39.84823
srv-003,2017-06-17 17:00:00,49.978943
srv-003,2017-06-17 18:00:00,46.03246
srv-003,2017-06-17 19:00:00,33.797874
srv-003,2017-06-17 20:00:00,30.86284
srv-003,2017-06-17 21:00:00,32.31005
srv-003,2017-06-17 22:00:00,49.736744
srv-003,2017-06-17 23:00:00,42.032536
srv-003,2017-06-18 00:00:00,37.95322
srv-003,2017-06-18 01:00:00,40.91592
srv-003,2017-06-18 02:00:00,48.79997
srv-003,2017-06-18 03:00:00,41.584538
srv-003,2017-06-18 04:00:00,32.900173
srv-003,2017-06-18 05:00:00,32.98313
srv-003,2017-06-18 06:00:00,35.208076
srv-003,2017-06-18 07:00:00,31.59996
srv-003,2017-06-18 08:00:00,31.572392
srv-003,2017-06-18 09:00:00,35.872753
srv-003,2017-06-18 10:00:00,32.603477
srv-003,2017-06-18 11:00:00,41.730907
srv-003,2017-06-18 12:00:00,42.480972
srv-003,2017-06-18 13:00:00,35.753967
srv-003,2017-06-18 14:00:00,36.330853
srv-003,2017-06-18 15:00:00,43.482674
srv-003,2017-06-18 16:00:00,38.797924
srv-003,2017-06-18 17:00:00,34.777943
srv-003,2017-06-18 18:00:00,32.093414
srv-003,2017-06-18 19:00:00,34.041813
srv-003,2017-06-18 20:00:00,36.924683
srv-003,2017-06-18 21:00:00,42.38467
srv-003,2017-06-18 22:00:00,35.361076
srv-003,2017-06-18 23:00:00,46.026855
srv-003,2017-06-19 00:00:00,45.37654
srv-003,2017-06-19 01:00:00,41.990265
srv-003,2017-06-19 02:00:00,42.906185
srv-003,2017-06-19 03:00:00,48.153988
srv-003,2017-06-19 04:00:00,48.38474
srv-003,2017-06-19 05:00:00,52.7179
srv-003,2017-06-19 06:00:00,42.405212
srv-003,2017-06-19 07:00:00,36.310535
srv-003,2017-06-19 08:00:00,39.8779
srv-003,2017-06-19 09:00:00,43.69242
srv-003,2017-06-19 10:00:00,35.763123
srv-003,2017-06-19 11:00:00,42.98417
srv-003,2017-06-19 12:00:00,42.563328
srv-003,2017-06-19 13:00:00,45.163246
srv-003,2017-06-19 14:00:00,44.69701
srv-003,2017-06-19 15:00:00,46.22086
srv-003,2017-06-19 16:00:00,45.07158
srv-003,2017-06-19 17:00:00,43.422874
srv-003,2017-06-19 18:00:00,39.400257
srv-003,2017-06-19 19:00:00,42.398964
srv-003,2017-06-19 20:00:00,40.58993
srv-003,2017-06-19 21:00:00,34.578186
srv-003,2017-06-19 22:00:00,38.818146
srv-003,2017-06-19 23:00:00,37.099865
srv-003,2017-06-20 00:00:00,37.062073
srv-003,2017-06-20 01:00:00,36.384933
srv-003,2017-06-20 02:00:00,44.02691
srv-003,2017-06-20 03:00:00,44.528736
srv-003,2017-06-20 04:00:00,36.25638
srv-003,2017-06-20 05:00:00,43.23429
srv-003,2017-06-20 06:00:00,37.453655
srv-003,2017-06-20 07:00:00,42.73821
srv-003,2017-06-20 08:00:00,42.64801
srv-003,2017-06-20 09:00:00,40.522236
srv-003,2017-06-20 10:00:00,40.80738
srv-003,2017-06-20 11:00:00,34.175438
srv-003,2017-06-20 12:00:00,37.675346
srv-003,2017-06-20 13:00:00,38.92048
srv-003,2017-06-20 14:00:00,38.66395
srv-003,2017-06-20 15:00:00,42.914715
srv-003,2017-06-20 16:00:00,46.0931
srv-003,2017-06-20 17:00:00,38.65305
srv-003,2017-06-20 18:00:00,37.208485
srv-003,2017-06-20 19:00:00,39.67716
srv-003,2017-06-20 20:00:00,42.9001
srv-003,2017-06-20 21:00:00,42.427704
srv-003,2017-06-20 22:00:00,44.407986
srv-003,2017-06-20 23:00:00,43.70487
srv-003,2017-06-21 00:00:00,44.768253
srv-003,2017-06-21 01:00:00,46.65024
srv-003,2017-06-21 02:00:00,52.24082
srv-003,2017-06-21 03:00:00,51.238346
srv-003,2017-06-21 04:00:00,60.959766
srv-003,2017-06-21 05:00:00,56.118687
srv-003,2017-06-21 06:00:00,49.38411
srv-003,2017-06-21 07:00:00,57.458702
srv-003,2017-06-21 08:00:00,52.934418
srv-003,2017-06-21 09:00:00,42.288727
srv-003,2017-06-21 10:00:00,36.89684
srv-003,2017-06-21 11:00:00,39.935585
srv-003,2017-06-21 12:00:00,44.516857
srv-003,2017-06-21 13:00:00,42.102444
srv-003,2017-06-21 14:00:00,38.147827
srv-003,2017-06-21 15:00:00,33.440742
srv-003,2017-06-21 16:00:00,44.975235
srv-003,2017-06-21 17:00:00,44.26332
srv-003,2017-06-21 18:00:00,42.79499
srv-003,2017-06-21 19:00:00,35.374783
srv-003,2017-06-21 20:00:00,36.748573
srv-003,2017-06-21 21:00:00,44.430138
srv-003,2017-06-21 22:00:00,40.816288
srv-003,2017-06-21 23:00:00,41.59238
srv-003,2017-06-22 00:00:00,45.83718
srv-003,2017-06-22 01:00:00,39.743164
srv-003,2017-06-22 02:00:00,44.700577
srv-003,2017-06-22 03:00:00,40.82381
srv-003,2017-06-22 04:00:00,46.77093
srv-003,2017-06-22 05:00:00,50.504753
srv-003,2017-06-22 06:00:00,54.992836
srv-003,2017-06-22 07:00:00,51.94643
srv-003,2017-06-22 08:00:00,43.684948
srv-003,2017-06-22 09:00:00,45.47279
srv-003,2017-06-22 10:00:00,48.365482
srv-003,2017-06-22 11:00:00,47.566097
srv-003,2017-06-22 12:00:00,40.99778
srv-003,2017-06-22 13:00:00,45.96741
srv-003,2017-06-22 14:00:00,43.006416
srv-003,2017-06-22 15:00:00,41.353153
srv-003,2017-06-22 16:00:00,42.036777
srv-003,2017-06-22 17:00:00,39.289574
srv-003,2017-06-22 18:00:00,36.98075
srv-003,2017-06-22 19:00:00,31.459576
srv-003,2017-06-22 20:00:00,38.194763
srv-003,2017-06-22 21:00:00,43.923523
srv-003,2017-06-22 22:00:00,54.6008
srv-003,2017-06-22 23:00:00,52.162964
srv-003,2017-06-23 00:00:00,36.64062
srv-003,2017-06-23 01:00:00,38.68237
srv-003,2017-06-23 02:00:00,37.264973
srv-003,2017-06-23 03:00:00,49.192287
srv-003,2017-06-23 04:00:00,46.045143
srv-003,2017-06-23 05:00:00,40.33248
srv-003,2017-06-23 06:00:00,35.879906
srv-003,2017-06-23 07:00:00,30.596203
srv-003,2017-06-23 08:00:00,34.08965
srv-003,2017-06-23 09:00:00,32.038464
srv-003,2017-06-23 10:00:00,27.017826
srv-003,2017-06-23 11:00:00,28.264896
srv-003,2017-06-23 12:00:00,38.324352
srv-003,2017-06-23 13:00:00,37.358112
srv-003,2017-06-23 14:00:00,37.6152
srv-003,2017-06-23 15:00:00,41.52362
srv-003,2017-06-23 16:00:00,35.43992
srv-003,2017-06-23 17:00:00,42.289536
srv-003,2017-06-23 18:00:00,47.23721
srv-003,2017-06-23 19:00:00,37.246185
srv-003,2017-06-23 20:00:00,42.007732
srv-003,2017-06-23 21:00:00,39.335392
srv-003,2017-06-23 22:00:00,39.08432
srv-003,2017-06-23 23:00:00,47.43572
srv-003,2017-06-24 00:00:00,36.72111
srv-003,2017-06-24 01:00:00,24.99913
srv-003,2017-06-24 02:00:00,31.498322
srv-003,2017-06-24 03:00:00,31.908152
srv-003,2017-06-24 04:00:00,39.26046
srv-003,2017-06-24 05:00:00,41.1817
srv-003,2017-06-24 06:00:00,31.696444
srv-003,2017-06-24 07:00:00,30.912792
srv-003,2017-06-24 08:00:00,26.08764
srv-003,2017-06-24 09:00:00,35.22543
srv-003,2017-06-24 10:00:00,35.699017
srv-003,2017-06-24 11:00:00,41.806538
srv-003,2017-06-24 12:00:00,35.681877
srv-003,2017-06-24 13:00:00,38.61464
srv-003,2017-06-24 14:00:00,41.562706
srv-003,2017-06-24 15:00:00,36.315857
srv-003,2017-06-24 16:00:00,41.13395
srv-003,2017-06-24 17:00:00,41.37492
srv-003,2017-06-24 18:00:00,39.227913
srv-003,2017-06-24 19:00:00,40.7566
srv-003,2017-06-24 20:00:00,38.139576
srv-003,2017-06-24 21:00:00,53.36452
srv-003,2017-06-24 22:00:00,41.778564
srv-003,2017-06-24 23:00:00,45.260326
srv-003,2017-06-25 00:00:00,33.78928
srv-003,2017-06-25 01:00:00,36.966705
srv-003,2017-06-25 02:00:00,38.982388
srv-003,2017-06-25 03:00:00,42.025097
srv-003,2017-06-25 04:00:00,41.169315
srv-003,2017-06-25 05:00:00,39.695244
srv-003,2017-06-25 06:00:00,31.058193
srv-003,2017-06-25 07:00:00,29.07047
srv-003,2017-06-25 08:00:00,25.88996
srv-003,2017-06-25 09:00:00,30.1221
srv-003,2017-06-25 10:00:00,39.256424
srv-003,2017-06-25 11:00:00,35.521587
srv-003,2017-06-25 12:00:00,34.02111
srv-003,2017-06-25 13:00:00,32.106388
srv-003,2017-06-25 14:00:00,38.53923
srv-003,2017-06-25 15:00:00,40.14735
srv-003,2017-06-25 16:00:00,37.167564
srv-003,2017-06-25 17:00:00,34.331226
srv-003,2017-06-25 18:00:00,38.424965
srv-003,2017-06-25 19:00:00,49.573463
srv-003,2017-06-25 20:00:00,50.60396
srv-003,2017-06-25 21:00:00,42.23011
srv-003,2017-06-25 22:00:00,25.84407
srv-003,2017-06-25 23:00:00,31.211388
srv-003,2017-06-26 00:00:00,39.609406
srv-003,2017-06-26 01:00:00,30.237715
srv-003,2017-06-26 02:00:00,31.351128
srv-003,2017-06-26 03:00:00,41.25297
srv-003,2017-06-26 04:00:00,45.74228
srv-003,2017-06-26 05:00:00,42.143105
srv-003,2017-06-26 06:00:00,39.391216
srv-003,2017-06-26 07:00:00,44.241184
srv-003,2017-06-26 08:00:00,42.599724
srv-003,2017-06-26 09:00:00,32.154278
srv-003,2017-06-26 10:00:00,41.15832
srv-003,2017-06-26 11:00:00,37.68765
srv-003,2017-06-26 12:00:00,43.64862
srv-003,2017-06-26 13:00:00,41.38341
srv-003,2017-06-26 14:00:00,38.894302
srv-003,2017-06-26 15:00:00,53.402668
srv-003,2017-06-26 16:00:00,41.976387
srv-003,2017-06-26 17:00:00,46.194412
srv-003,2017-06-26 18:00:00,45.111897
srv-003,2017-06-26 19:00:00,42.46349
srv-003,2017-06-26 20:00:00,35.901196
srv-003,2017-06-26 21:00:00,35.780983
srv-003,2017-06-26 22:00:00,33.60397
srv-003,2017-06-26 23:00:00,36.921906
srv-003,2017-06-27 00:00:00,39.406734
srv-003,2017-06-27 01:00:00,42.45395
srv-003,2017-06-27 02:00:00,44.67446
srv-003,2017-06-27 03:00:00,41.94091
srv-003,2017-06-27 04:00:00,61.135906
srv-003,2017-06-27 05:00:00,56.032494
srv-003,2017-06-27 06:00:00,58.48082
srv-003,2017-06-27 07:00:00,51.48043
srv-003,2017-06-27 08:00:00,40.44514
srv-003,2017-06-27 09:00:00,45.279385
srv-003,2017-06-27 10:00:00,46.304245
srv-003,2017-06-27 11:00:00,41.89517
srv-003,2017-06-27 12:00:00,44.843304
srv-003,2017-06-27 13:00:00,45.31381
srv-003,2017-06-27 14:00:00,44.024227
srv-003,2017-06-27 15:00:00,49.369816
srv-003,2017-06-27 16:00:00,40.080864
srv-003,2017-06-27 17:00:00,49.39703
srv-003,2017-06-27 18:00:00,51.853287
srv-003,2017-06-27 19:00:00,43.7027
srv-003,2017-06-27 20:00:00,35.231915
srv-003,2017-06-27 21:00:00,38.45113
srv-003,2017-06-27 22:00:00,42.727615
srv-003,2017-06-27 23:00:00,40.772026
srv-003,2017-06-28 00:00:00,35.974106
srv-003,2017-06-28 01:00:00,33.924923
srv-003,2017-06-28 02:00:00,38.824528
srv-003,2017-06-28 03:00:00,41.045193
srv-003,2017-06-28 04:00:00,46.131256
srv-003,2017-06-28 05:00:00,33.647648
srv-003,2017-06-28 06:00:00,38.38337
srv-003,2017-06-28 07:00:00,45.439587
srv-003,2017-06-28 08:00:00,38.892723
srv-003,2017-06-28 09:00:00,43.59608
srv-003,2017-06-28 10:00:00,38.454727
srv-003,2017-06-28 11:00:00,36.338654
srv-003,2017-06-28 12:00:00,55.910397
srv-003,2017-06-28 13:00:00,34.225723
srv-003,2017-06-28 14:00:00,37.68196
srv-003,2017-06-28 15:00:00,46.206436
srv-003,2017-06-28 16:00:00,54.961308
srv-003,2017-06-28 17:00:00,53.317554
srv-003,2017-06-28 18:00:00,45.802334
srv-003,2017-06-28 19:00:00,44.40215
srv-003,2017-06-28 20:00:00,39.795757
srv-003,2017-06-28 21:00:00,47.031372
srv-003,2017-06-28 22:00:00,52.22704
srv-003,2017-06-28 23:00:00,38.866592
srv-003,2017-06-29 00:00:00,42.982464
srv-003,2017-06-29 01:00:00,50.006298
srv-003,2017-06-29 02:00:00,50.41916
srv-003,2017-06-29 03:00:00,44.899155
srv-003,2017-06-29 04:00:00,54.015003
srv-003,2017-06-29 05:00:00,51.813606
srv-003,2017-06-29 06:00:00,44.051464
srv-003,2017-06-29 07:00:00,45.570263
srv-003,2017-06-29 08:00:00,49.474968
srv-003,2017-06-29 09:00:00,47.848446
srv-003,2017-06-29 10:00:00,46.27397
srv-003,2017-06-29 11:00:00,41.112133
srv-003,2017-06-29 12:00:00,38.057602
srv-003,2017-06-29 13:00:00,35.738876
srv-003,2017-06-29 14:00:00,32.130363
srv-003,2017-06-29 15:00:00,39.693237
srv-003,2017-06-29 16:00:00,43.116005
srv-003,2017-06-29 17:00:00,38.924686
srv-003,2017-06-29 18:00:00,32.513412
srv-003,2017-06-29 19:00:00,33.092884
srv-003,2017-06-29 20:00:00,38.020687
srv-003,2017-06-29 21:00:00,36.30256
srv-003,2017-06-29 22:00:00,37.631516
srv-003,2017-06-29 23:00:00,31.518885
srv-003,2017-06-30 00:00:00,36.730064
srv-003,2017-06-30 01:00:00,40.181244
srv-003,2017-06-30 02:00:00,41.56994
srv-003,2017-06-30 03:00:00,40.8884
srv-003,2017-06-30 04:00:00,40.121582
srv-003,2017-06-30 05:00:00,39.93365
srv-003,2017-06-30 06:00:00,40.96122
srv-003,2017-06-30 07:00:00,36.848255
srv-003,2017-06-30 08:00:00,34.712692
srv-003,2017-06-30 09:00:00,44.36574
srv-003,2017-06-30 10:00:00,31.448158
srv-003,2017-06-30 11:00:00,35.73124
srv-003,2017-06-30 12:00:00,32.20388
srv-003,2017-06-30 13:00:00,41.544056
srv-003,2017-06-30 14:00:00,40.72301
srv-003,2017-06-30 15:00:00,48.664974
srv-003,2017-06-30 16:00:00,48.670937
srv-003,2017-06-30 17:00:00,45.645576
srv-003,2017-06-30 18:00:00,43.518932
srv-003,2017-06-30 19:00:00,35.96973
srv-003,2017-06-30 20:00:00,46.387947
srv-003,2017-06-30 21:00:00,46.39387
srv-003,2017-06-30 22:00:00,40.847713
srv-003,2017-06-30 23:00:00,33.41182
srv-004,2017-06-01 23:00:00,59.945904
srv-004,2017-06-02 00:00:00,56.795887
srv-004,2017-06-02 01:00:00,61.49122
srv-004,2017-06-02 02:00:00,65.16629
srv-004,2017-06-02 03:00:00,63.355263
srv-004,2017-06-02 04:00:00,72.48664
srv-004,2017-06-02 05:00:00,66.73264
srv-004,2017-06-02 06:00:00,59.42128
srv-004,2017-06-02 07:00:00,59.380913
srv-004,2017-06-02 08:00:00,56.70696
srv-004,2017-06-02 09:00:00,58.772144
srv-004,2017-06-02 10:00:00,65.67163
srv-004,2017-06-02 11:00:00,64.015656
srv-004,2017-06-02 12:00:00,67.07753
srv-004,2017-06-02 13:00:00,66.18579
srv-004,2017-06-02 14:00:00,63.961174
srv-004,2017-06-02 15:00:00,58.14322
srv-004,2017-06-02 16:00:00,58.747643
srv-004,2017-06-02 17:00:00,64.74715
srv-004,2017-06-02 18:00:00,63.847218
srv-004,2017-06-02 19:00:00,64.56447
srv-004,2017-06-02 20:00:00,63.623085
srv-004,2017-06-02 21:00:00,54.922184
srv-004,2017-06-02 22:00:00,58.84191
srv-004,2017-06-02 23:00:00,59.28027
srv-004,2017-06-03 00:00:00,65.0994
srv-004,2017-06-03 01:00:00,63.494675
srv-004,2017-06-03 02:00:00,59.43052
srv-004,2017-06-03 03:00:00,58.18164
srv-004,2017-06-03 04:00:00,49.939034
srv-004,2017-06-03 05:00:00,59.76156
srv-004,2017-06-03 06:00:00,61.857666
srv-004,2017-06-03 07:00:00,67.71232
srv-004,2017-06-03 08:00:00,70.77959
srv-004,2017-06-03 09:00:00,61.441154
srv-004,2017-06-03 10:00:00,61.546192
srv-004,2017-06-03 11:00:00,65.52554
srv-004,2017-06-03 12:00:00,70.05789
srv-004,2017-06-03 13:00:00,70.81736
srv-004,2017-06-03 14:00:00,66.90478
srv-004,2017-06-03 15:00:00,68.00186
srv-004,2017-06-03 16:00:00,68.53888
srv-004,2017-06-03 17:00:00,63.496964
srv-004,2017-06-03 18:00:00,59.430405
srv-004,2017-06-03 19:00:00,62.643356
srv-004,2017-06-03 20:00:00,64.178955
srv-004,2017-06-03 21:00:00,63.099533
srv-004,2017-06-03 22:00:00,55.372196
srv-004,2017-06-03 23:00:00,64.10453
srv-004,2017-06-04 00:00:00,69.643936
srv-004,2017-06-04 01:00:00,62.979946
srv-004,2017-06-04 02:00:00,67.49409
srv-004,2017-06-04 03:00:00,69.736
srv-004,2017-06-04 04:00:00,64.28856
srv-004,2017-06-04 05:00:00,59.792183
srv-004,2017-06-04 06:00:00,63.989677
srv-004,2017-06-04 07:00:00,55.080994
srv-004,2017-06-04 08:00:00,53.025608
srv-004,2017-06-04 09:00:00,60.419147
srv-004,2017-06-04 10:00:00,65.10378
srv-004,2017-06-04 11:00:00,61.268
srv-004,2017-06-04 12:00:00,78.22305
srv-004,2017-06-04 13:00:00,71.17826
srv-004,2017-06-04 14:00:00,65.494545
srv-004,2017-06-04 15:00:00,73.62257
srv-004,2017-06-04 16:00:00,66.68996
srv-004,2017-06-04 17:00:00,58.06392
srv-004,2017-06-04 18:00:00,61.080536
srv-004,2017-06-04 19:00:00,64.11692
srv-004,2017-06-04 20:00:00,56.702843
srv-004,2017-06-04 21:00:00,63.922276
srv-004,2017-06-04 22:00:00,61.068478
srv-004,2017-06-04 23:00:00,61.6964
srv-004,2017-06-05 00:00:00,65.29916
srv-004,2017-06-05 01:00:00,65.25215
srv-004,2017-06-05 02:00:00,63.53865
srv-004,2017-06-05 03:00:00,57.123257
srv-004,2017-06-05 04:00:00,57.63172
srv-004,2017-06-05 05:00:00,62.15687
srv-004,2017-06-05 06:00:00,56.037643
srv-004,2017-06-05 07:00:00,56.543125
srv-004,2017-06-05 08:00:00,62.65392
srv-004,2017-06-05 09:00:00,59.14583
srv-004,2017-06-05 10:00:00,57.5917
srv-004,2017-06-05 11:00:00,59.34781
srv-004,2017-06-05 12:00:00,64.58429
srv-004,2017-06-05 13:00:00,56.640404
srv-004,2017-06-05 14:00:00,60.372757
srv-004,2017-06-05 15:00:00,56.416172
srv-004,2017-06-05 16:00:00,66.31905
srv-004,2017-06-05 17:00:00,66.64077
srv-004,2017-06-05 18:00:00,58.648205
srv-004,2017-06-05 19:00:00,55.56953
srv-004,2017-06-05 20:00:00,59.975
srv-004,2017-06-05 21:00:00,62.629154
srv-004,2017-06-05 22:00:00,64.68645
srv-004,2017-06-05 23:00:00,61.337757
srv-004,2017-06-06 00:00:00,58.042233
srv-004,2017-06-06 01:00:00,49.887844
srv-004,2017-06-06 02:00:00,52.56917
srv-004,2017-06-06 03:00:00,70.09058
srv-004,2017-06-06 04:00:00,68.99073
srv-004,2017-06-06 05:00:00,71.430885
srv-004,2017-06-06 06:00:00,65.440605
srv-004,2017-06-06 07:00:00,70.70627
srv-004,2017-06-06 08:00:00,69.07627
srv-004,2017-06-06 09:00:00,63.884506
srv-004,2017-06-06 10:00:00,58.35416
srv-004,2017-06-06 11:00:00,56.614536
srv-004,2017-06-06 12:00:00,58.01478
srv-004,2017-06-06 13:00:00,62.81125
srv-004,2017-06-06 14:00:00,61.6561
srv-004,2017-06-06 15:00:00,64.9723
srv-004,2017-06-06 16:00:00,72.85333
srv-004,2017-06-06 17:00:00,82.385445
srv-004,2017-06-06 18:00:00,83.74331
srv-004,2017-06-06 19:00:00,80.28484
srv-004,2017-06-06 20:00:00,68.04387
srv-004,2017-06-06 21:00:00,71.40013
srv-004,2017-06-06 22:00:00,71.61631
srv-004,2017-06-06 23:00:00,77.756905
srv-004,2017-06-07 00:00:00,68.139565
srv-004,2017-06-07 01:00:00,73.78991
srv-004,2017-06-07 02:00:00,83.01787
srv-004,2017-06-07 03:00:00,76.56864
srv-004,2017-06-07 04:00:00,65.97254
srv-004,2017-06-07 05:00:00,65.0177
srv-004,2017-06-07 06:00:00,70.50422
srv-004,2017-06-07 07:00:00,69.63088
srv-004,2017-06-07 08:00:00,58.757294
srv-004,2017-06-07 09:00:00,62.83422
srv-004,2017-06-07 10:00:00,59.300045
srv-004,2017-06-07 11:00:00,55.382023
srv-004,2017-06-07 12:00:00,68.07189
srv-004,2017-06-07 13:00:00,69.19218
srv-004,2017-06-07 14:00:00,68.71694
srv-004,2017-06-07 15:00:00,74.46603
srv-004,2017-06-07 16:00:00,74.51445
srv-004,2017-06-07 17:00:00,70.21594
srv-004,2017-06-07 18:00:00,61.407833
srv-004,2017-06-07 19:00:00,66.997246
srv-004,2017-06-07 20:00:00,66.64284
srv-004,2017-06-07 21:00:00,66.13996
srv-004,2017-06-07 22:00:00,70.07105
srv-004,2017-06-07 23:00:00,75.296104
srv-004,2017-06-08 00:00:00,76.8093
srv-004,2017-06-08 01:00:00,66.1083
srv-004,2017-06-08 02:00:00,52.8122
srv-004,2017-06-08 03:00:00,62.91683
srv-004,2017-06-08 04:00:00,57.795586
srv-004,2017-06-08 05:00:00,61.289326
srv-004,2017-06-08 06:00:00,66.8938
srv-004,2017-06-08 07:00:00,62.576424
srv-004,2017-06-08 08:00:00,64.03525
srv-004,2017-06-08 09:00:00,67.96607
srv-004,2017-06-08 10:00:00,65.25072
srv-004,2017-06-08 11:00:00,70.51992
srv-004,2017-06-08 12:00:00,71.46537
srv-004,2017-06-08 13:00:00,70.39187
srv-004,2017-06-08 14:00:00,61.779808
srv-004,2017-06-08 15:00:00,65.7487
srv-004,2017-06-08 16:00:00,67.29736
srv-004,2017-06-08 17:00:00,62.888523
srv-004,2017-06-08 18:00:00,61.604702
srv-004,2017-06-08 19:00:00,67.56747
srv-004,2017-06-08 20:00:00,69.758484
srv-004,2017-06-08 21:00:00,68.91607
srv-004,2017-06-08 22:00:00,71.83144
srv-004,2017-06-08 23:00:00,59.674026
srv-004,2017-06-09 00:00:00,60.59954
srv-004,2017-06-09 01:00:00,59.087543
srv-004,2017-06-09 02:00:00,60.73516
srv-004,2017-06-09 03:00:00,57.620907
srv-004,2017-06-09 04:00:00,60.325207
srv-004,2017-06-09 05:00:00,51.694004
srv-004,2017-06-09 06:00:00,69.0782
srv-004,2017-06-09 07:00:00,67.87227
srv-004,2017-06-09 08:00:00,63.24535
srv-004,2017-06-09 09:00:00,62.49149
srv-004,2017-06-09 10:00:00,56.975517
srv-004,2017-06-09 11:00:00,61.519478
srv-004,2017-06-09 12:00:00,63.8429
srv-004,2017-06-09 13:00:00,66.06261
srv-004,2017-06-09 14:00:00,61.57148
srv-004,2017-06-09 15:00:00,68.30077
srv-004,2017-06-09 16:00:00,66.049034
srv-004,2017-06-09 17:00:00,62.229565
srv-004,2017-06-09 18:00:00,54.568188
srv-004,2017-06-09 19:00:00,55.605892
srv-004,2017-06-09 20:00:00,63.232605
srv-004,2017-06-09 21:00:00,57.538536
srv-004,2017-06-09 22:00:00,61.12013
srv-004,2017-06-09 23:00:00,53.216026
srv-004,2017-06-10 00:00:00,62.249172
srv-004,2017-06-10 01:00:00,67.85488
srv-004,2017-06-10 02:00:00,60.39196
srv-004,2017-06-10 03:00:00,60.479004
srv-004,2017-06-10 04:00:00,60.9859
srv-004,2017-06-10 05:00:00,67.44151
srv-004,2017-06-10 06:00:00,66.50602
srv-004,2017-06-10 07:00:00,67.6139
srv-004,2017-06-10 08:00:00,68.02444
srv-004,2017-06-10 09:00:00,71.59625
srv-004,2017-06-10 10:00:00,73.301926
srv-004,2017-06-10 11:00:00,67.16184
srv-004,2017-06-10 12:00:00,64.50675
srv-004,2017-06-10 13:00:00,72.17494
srv-004,2017-06-10 14:00:00,76.20948
srv-004,2017-06-10 15:00:00,73.78891
srv-004,2017-06-10 16:00:00,73.31508
srv-004,2017-06-10 17:00:00,59.88516
srv-004,2017-06-10 18:00:00,63.163044
srv-004,2017-06-10 19:00:00,60.705063
srv-004,2017-06-10 20:00:00,66.295
srv-004,2017-06-10 21:00:00,63.55995
srv-004,2017-06-10 22:00:00,53.77468
srv-004,2017-06-10 23:00:00,59.108326
srv-004,2017-06-11 00:00:00,58.150055
srv-004,2017-06-11 01:00:00,59.458466
srv-004,2017-06-11 02:00:00,63.17579
srv-004,2017-06-11 03:00:00,65.09106
srv-004,2017-06-11 04:00:00,67.18465
srv-004,2017-06-11 05:00:00,70.088036
srv-004,2017-06-11 06:00:00,62.48529
srv-004,2017-06-11 07:00:00,53.52204
srv-004,2017-06-11 08:00:00,67.65777
srv-004,2017-06-11 09:00:00,71.43362
srv-004,2017-06-11 10:00:00,64.966415
srv-004,2017-06-11 11:00:00,63.208393
srv-004,2017-06-11 12:00:00,64.118256
srv-004,2017-06-11 13:00:00,56.120808
srv-004,2017-06-11 14:00:00,62.676403
srv-004,2017-06-11 15:00:00,68.79889
srv-004,2017-06-11 16:00:00,62.919846
srv-004,2017-06-11 17:00:00,64.90173
srv-004,2017-06-11 18:00:00,67.83261
srv-004,2017-06-11 19:00:00,65.46712
srv-004,2017-06-11 20:00:00,60.119556
srv-004,2017-06-11 21:00:00,61.58695
srv-004,2017-06-11 22:00:00,64.81555
srv-004,2017-06-11 23:00:00,65.560715
srv-004,2017-06-12 00:00:00,68.45592
srv-004,2017-06-12 01:00:00,67.79836
srv-004,2017-06-12 02:00:00,69.399796
srv-004,2017-06-12 03:00:00,69.80154
srv-004,2017-06-12 04:00:00,60.60648
srv-004,2017-06-12 05:00:00,64.528076
srv-004,2017-06-12 06:00:00,63.810276
srv-004,2017-06-12 07:00:00,59.493073
srv-004,2017-06-12 08:00:00,65.05293
srv-004,2017-06-12 09:00:00,64.39183
srv-004,2017-06-12 10:00:00,62.672863
srv-004,2017-06-12 11:00:00,58.071144
srv-004,2017-06-12 12:00:00,59.03513
srv-004,2017-06-12 13:00:00,65.02486
srv-004,2017-06-12 14:00:00,65.74788
srv-004,2017-06-12 15:00:00,72.406746
srv-004,2017-06-12 16:00:00,67.86464
srv-004,2017-06-12 17:00:00,72.360725
srv-004,2017-06-12 18:00:00,73.14711
srv-004,2017-06-12 19:00:00,69.187
srv-004,2017-06-12 20:00:00,66.58088
srv-004,2017-06-12 21:00:00,57.48511
srv-004,2017-06-12 22:00:00,61.239475
srv-004,2017-06-12 23:00:00,61.366932
srv-004,2017-06-13 00:00:00,58.330162
srv-004,2017-06-13 01:00:00,52.278282
srv-004,2017-06-13 02:00:00,63.37456
srv-004,2017-06-13 03:00:00,65.778885
srv-004,2017-06-13 04:00:00,62.683044
srv-004,2017-06-13 05:00:00,67.631516
srv-004,2017-06-13 06:00:00,68.535164
srv-004,2017-06-13 07:00:00,60.914608
srv-004,2017-06-13 08:00:00,63.400875
srv-004,2017-06-13 09:00:00,66.42338
srv-004,2017-06-13 10:00:00,64.35862
srv-004,2017-06-13 11:00:00,59.134087
srv-004,2017-06-13 12:00:00,60.450714
srv-004,2017-06-13 13:00:00,67.9312
srv-004,2017-06-13 14:00:00,72.37427
srv-004,2017-06-13 15:00:00,69.442444
srv-004,2017-06-13 16:00:00,66.82397
srv-004,2017-06-13 17:00:00,65.24524
srv-004,2017-06-13 18:00:00,64.58617
srv-004,2017-06-13 19:00:00,63.268883
srv-004,2017-06-13 20:00:00,61.995903
srv-004,2017-06-13 21:00:00,62.30733
srv-004,2017-06-13 22:00:00,63.780285
srv-004,2017-06-13 23:00:00,58.57681
srv-004,2017-06-14 00:00:00,51.984493
srv-004,2017-06-14 01:00:00,58.627777
srv-004,2017-06-14 02:00:00,54.392937
srv-004,2017-06-14 03:00:00,51.722107
srv-004,2017-06-14 04:00:00,49.911884
srv-004,2017-06-14 05:00:00,60.549038
srv-004,2017-06-14 06:00:00,61.06379
srv-004,2017-06-14 07:00:00,66.67576
srv-004,2017-06-14 08:00:00,74.84949
srv-004,2017-06-14 09:00:00,73.00595
srv-004,2017-06-14 10:00:00,69.45418
srv-004,2017-06-14 11:00:00,72.977875
srv-004,2017-06-14 12:00:00,72.564514
srv-004,2017-06-14 13:00:00,70.77437
srv-004,2017-06-14 14:00:00,72.12591
srv-004,2017-06-14 15:00:00,67.24543
srv-004,2017-06-14 16:00:00,65.03407
srv-004,2017-06-14 17:00:00,63.0855
srv-004,2017-06-14 18:00:00,64.82225
srv-004,2017-06-14 19:00:00,68.694244
srv-004,2017-06-14 20:00:00,60.429817
srv-004,2017-06-14 21:00:00,66.12646
srv-004,2017-06-14 22:00:00,75.637764
srv-004,2017-06-14 23:00:00,69.706116
srv-004,2017-06-15 00:00:00,68.84365
srv-004,2017-06-15 01:00:00,63.560505
srv-004,2017-06-15 02:00:00,55.378136
srv-004,2017-06-15 03:00:00,57.60033
srv-004,2017-06-15 04:00:00,61.269436
srv-004,2017-06-15 05:00:00,52.74824
srv-004,2017-06-15 06:00:00,53.698975
srv-004,2017-06-15 07:00:00,52.088684
srv-004,2017-06-15 08:00:00,59.21164
srv-004,2017-06-15 09:00:00,62.5317
srv-004,2017-06-15 10:00:00,63.43147
srv-004,2017-06-15 11:00:00,66.371185
srv-004,2017-06-15 12:00:00,65.6782
srv-004,2017-06-15 13:00:00,75.94307
srv-004,2017-06-15 14:00:00,74.390854
srv-004,2017-06-15 15:00:00,70.00492
srv-004,2017-06-15 16:00:00,64.84369
srv-004,2017-06-15 17:00:00,71.68002
srv-004,2017-06-15 18:00:00,63.9564
srv-004,2017-06-15 19:00:00,57.102203
srv-004,2017-06-15 20:00:00,65.9164
srv-004,2017-06-15 21:00:00,59.266884
srv-004,2017-06-15 22:00:00,55.31211
srv-004,2017-06-15 23:00:00,61.694843
srv-004,2017-06-16 00:00:00,63.90621
srv-004,2017-06-16 01:00:00,59.995087
srv-004,2017-06-16 02:00:00,59.768394
srv-004,2017-06-16 03:00:00,55.95515
srv-004,2017-06-16 04:00:00,59.96771
srv-004,2017-06-16 05:00:00,56.709717
srv-004,2017-06-16 06:00:00,56.8772
srv-004,2017-06-16 07:00:00,47.693394
srv-004,2017-06-16 08:00:00,51.01777
srv-004,2017-06-16 09:00:00,56.387455
srv-004,2017-06-16 10:00:00,63.097095
srv-004,2017-06-16 11:00:00,57.422695
srv-004,2017-06-16 12:00:00,60.12977
srv-004,2017-06-16 13:00:00,63.58325
srv-004,2017-06-16 14:00:00,66.87881
srv-004,2017-06-16 15:00:00,74.76939
srv-004,2017-06-16 16:00:00,68.831215
srv-004,2017-06-16 17:00:00,79.38735
srv-004,2017-06-16 18:00:00,64.87782
srv-004,2017-06-16 19:00:00,54.762028
srv-004,2017-06-16 20:00:00,54.45561
srv-004,2017-06-16 21:00:00,67.905624
srv-004,2017-06-16 22:00:00,56.568893
srv-004,2017-06-16 23:00:00,52.420437
srv-004,2017-06-17 00:00:00,48.260235
srv-004,2017-06-17 01:00:00,54.088676
srv-004,2017-06-17 02:00:00,54.585075
srv-004,2017-06-17 03:00:00,59.04499
srv-004,2017-06-17 04:00:00,60.020535
srv-004,2017-06-17 05:00:00,53.217636
srv-004,2017-06-17 06:00:00,49.0487
srv-004,2017-06-17 07:00:00,50.829727
srv-004,2017-06-17 08:00:00,51.87177
srv-004,2017-06-17 09:00:00,51.22717
srv-004,2017-06-17 10:00:00,54.865494
srv-004,2017-06-17 11:00:00,51.564713
srv-004,2017-06-17 12:00:00,54.81387
srv-004,2017-06-17 13:00:00,52.536232
srv-004,2017-06-17 14:00:00,59.66348
srv-004,2017-06-17 15:00:00,60.010536
srv-004,2017-06-17 16:00:00,66.46597
srv-004,2017-06-17 17:00:00,63.77706
srv-004,2017-06-17 18:00:00,53.00497
srv-004,2017-06-17 19:00:00,58.28266
srv-004,2017-06-17 20:00:00,51.790623
srv-004,2017-06-17 21:00:00,59.89008
srv-004,2017-06-17 22:00:00,60.032417
srv-004,2017-06-17 23:00:00,55.708122
srv-004,2017-06-18 00:00:00,64.13763
srv-004,2017-06-18 01:00:00,64.5039
srv-004,2017-06-18 02:00:00,60.356163
srv-004,2017-06-18 03:00:00,67.03459
srv-004,2017-06-18 04:00:00,57.776356
srv-004,2017-06-18 05:00:00,67.2867
srv-004,2017-06-18 06:00:00,61.652935
srv-004,2017-06-18 07:00:00,58.842014
srv-004,2017-06-18 08:00:00,61.49072
srv-004,2017-06-18 09:00:00,52.11957
srv-004,2017-06-18 10:00:00,50.819622
srv-004,2017-06-18 11:00:00,50.876278
srv-004,2017-06-18 12:00:00,62.003574
srv-004,2017-06-18 13:00:00,66.09887
srv-004,2017-06-18 14:00:00,72.99425
srv-004,2017-06-18 15:00:00,70.27195
srv-004,2017-06-18 16:00:00,66.46143
srv-004,2017-06-18 17:00:00,63.63903
srv-004,2017-06-18 18:00:00,65.33274
srv-004,2017-06-18 19:00:00,60.64406
srv-004,2017-06-18 20:00:00,62.255028
srv-004,2017-06-18 21:00:00,58.814754
srv-004,2017-06-18 22:00:00,60.64803
srv-004,2017-06-18 23:00:00,54.245037
srv-004,2017-06-19 00:00:00,64.778465
srv-004,2017-06-19 01:00:00,59.71424
srv-004,2017-06-19 02:00:00,67.488594
srv-004,2017-06-19 03:00:00,68.898964
srv-004,2017-06-19 04:00:00,66.847595
srv-004,2017-06-19 05:00:00,64.08735
srv-004,2017-06-19 06:00:00,64.91334
srv-004,2017-06-19 07:00:00,62.545692
srv-004,2017-06-19 08:00:00,66.04843
srv-004,2017-06-19 09:00:00,70.61812
srv-004,2017-06-19 10:00:00,68.59067
srv-004,2017-06-19 11:00:00,66.3605
srv-004,2017-06-19 12:00:00,70.1055
srv-004,2017-06-19 13:00:00,69.46019
srv-004,2017-06-19 14:00:00,71.77466
srv-004,2017-06-19 15:00:00,68.111565
srv-004,2017-06-19 16:00:00,76.60372
srv-004,2017-06-19 17:00:00,79.25528
srv-004,2017-06-19 18:00:00,71.88462
srv-004,2017-06-19 19:00:00,77.37629
srv-004,2017-06-19 20:00:00,76.1107
srv-004,2017-06-19 21:00:00,70.47091
srv-004,2017-06-19 22:00:00,69.93621
srv-004,2017-06-19 23:00:00,73.650986
srv-004,2017-06-20 00:00:00,65.09122
srv-004,2017-06-20 01:00:00,68.23966
srv-004,2017-06-20 02:00:00,70.826294
srv-004,2017-06-20 03:00:00,66.50096
srv-004,2017-06-20 04:00:00,70.15669
srv-004,2017-06-20 05:00:00,60.62006
srv-004,2017-06-20 06:00:00,56.204475
srv-004,2017-06-20 07:00:00,60.275826
srv-004,2017-06-20 08:00:00,65.95142
srv-004,2017-06-20 09:00:00,71.92146
srv-004,2017-06-20 10:00:00,64.43863
srv-004,2017-06-20 11:00:00,65.24429
srv-004,2017-06-20 12:00:00,65.5965
srv-004,2017-06-20 13:00:00,68.07274
srv-004,2017-06-20 14:00:00,81.30266
srv-004,2017-06-20 15:00:00,65.69593
srv-004,2017-06-20 16:00:00,64.55291
srv-004,2017-06-20 17:00:00,71.42444
srv-004,2017-06-20 18:00:00,58.955616
srv-004,2017-06-20 19:00:00,61.48881
srv-004,2017-06-20 20:00:00,55.81745
srv-004,2017-06-20 21:00:00,61.4624
srv-004,2017-06-20 22:00:00,57.945847
srv-004,2017-06-20 23:00:00,47.423847
srv-004,2017-06-21 00:00:00,50.164482
srv-004,2017-06-21 01:00:00,54.687843
srv-004,2017-06-21 02:00:00,57.960155
srv-004,2017-06-21 03:00:00,63.37451
srv-004,2017-06-21 04:00:00,63.906933
srv-004,2017-06-21 05:00:00,68.89678
srv-004,2017-06-21 06:00:00,51.554157
srv-004,2017-06-21 07:00:00,48.781986
srv-004,2017-06-21 08:00:00,49.909702
srv-004,2017-06-21 09:00:00,61.640747
srv-004,2017-06-21 10:00:00,58.559685
srv-004,2017-06-21 11:00:00,63.23362
srv-004,2017-06-21 12:00:00,68.133385
srv-004,2017-06-21 13:00:00,69.106445
srv-004,2017-06-21 14:00:00,76.21358
srv-004,2017-06-21 15:00:00,69.77427
srv-004,2017-06-21 16:00:00,73.510925
srv-004,2017-06-21 17:00:00,76.79116
srv-004,2017-06-21 18:00:00,80.38355
srv-004,2017-06-21 19:00:00,74.935555
srv-004,2017-06-21 20:00:00,69.331795
srv-004,2017-06-21 21:00:00,76.54325
srv-004,2017-06-21 22:00:00,72.631325
srv-004,2017-06-21 23:00:00,70.26378
srv-004,2017-06-22 00:00:00,63.999954
srv-004,2017-06-22 01:00:00,65.23341
srv-004,2017-06-22 02:00:00,59.0983
srv-004,2017-06-22 03:00:00,57.845722
srv-004,2017-06-22 04:00:00,72.368095
srv-004,2017-06-22 05:00:00,70.52103
srv-004,2017-06-22 06:00:00,66.381485
srv-004,2017-06-22 07:00:00,77.244446
srv-004,2017-06-22 08:00:00,67.74171
srv-004,2017-06-22 09:00:00,63.83365
srv-004,2017-06-22 10:00:00,60.79131
srv-004,2017-06-22 11:00:00,56.166485
srv-004,2017-06-22 12:00:00,65.72576
srv-004,2017-06-22 13:00:00,67.246574
srv-004,2017-06-22 14:00:00,62.113583
srv-004,2017-06-22 15:00:00,57.463715
srv-004,2017-06-22 16:00:00,66.697365
srv-004,2017-06-22 17:00:00,64.004196
srv-004,2017-06-22 18:00:00,77.35064
srv-004,2017-06-22 19:00:00,66.16142
srv-004,2017-06-22 20:00:00,62.775795
srv-004,2017-06-22 21:00:00,54.608833
srv-004,2017-06-22 22:00:00,57.914536
srv-004,2017-06-22 23:00:00,62.50245
srv-004,2017-06-23 00:00:00,61.75966
srv-004,2017-06-23 01:00:00,65.28325
srv-004,2017-06-23 02:00:00,57.568104
srv-004,2017-06-23 03:00:00,62.876385
srv-004,2017-06-23 04:00:00,54.76688
srv-004,2017-06-23 05:00:00,64.14492
srv-004,2017-06-23 06:00:00,62.12983
srv-004,2017-06-23 07:00:00,67.47021
srv-004,2017-06-23 08:00:00,69.62605
srv-004,2017-06-23 09:00:00,72.794716
srv-004,2017-06-23 10:00:00,70.960724
srv-004,2017-06-23 11:00:00,73.34609
srv-004,2017-06-23 12:00:00,72.865
srv-004,2017-06-23 13:00:00,61.560646
srv-004,2017-06-23 14:00:00,69.66328
srv-004,2017-06-23 15:00:00,67.99493
srv-004,2017-06-23 16:00:00,64.580986
srv-004,2017-06-23 17:00:00,66.67838
srv-004,2017-06-23 18:00:00,58.577736
srv-004,2017-06-23 19:00:00,79.453125
srv-004,2017-06-23 20:00:00,67.81849
srv-004,2017-06-23 21:00:00,60.255466
srv-004,2017-06-23 22:00:00,53.37727
srv-004,2017-06-23 23:00:00,62.64352
srv-004,2017-06-24 00:00:00,61.20202
srv-004,2017-06-24 01:00:00,67.55546
srv-004,2017-06-24 02:00:00,65.332596
srv-004,2017-06-24 03:00:00,69.878944
srv-004,2017-06-24 04:00:00,73.291435
srv-004,2017-06-24 05:00:00,65.8257
srv-004,2017-06-24 06:00:00,57.77153
srv-004,2017-06-24 07:00:00,59.043438
srv-004,2017-06-24 08:00:00,59.491566
srv-004,2017-06-24 09:00:00,59.085613
srv-004,2017-06-24 10:00:00,67.46797
srv-004,2017-06-24 11:00:00,64.64508
srv-004,2017-06-24 12:00:00,64.67466
srv-004,2017-06-24 13:00:00,61.472042
srv-004,2017-06-24 14:00:00,57.162357
srv-004,2017-06-24 15:00:00,64.47469
srv-004,2017-06-24 16:00:00,62.512917
srv-004,2017-06-24 17:00:00,65.64991
srv-004,2017-06-24 18:00:00,68.816734
srv-004,2017-06-24 19:00:00,68.65575
srv-004,2017-06-24 20:00:00,58.33984
srv-004,2017-06-24 21:00:00,65.28226
srv-004,2017-06-24 22:00:00,65.179214
srv-004,2017-06-24 23:00:00,57.209892
srv-004,2017-06-25 00:00:00,44.1464
srv-004,2017-06-25 01:00:00,52.70898
srv-004,2017-06-25 02:00:00,54.466263
srv-004,2017-06-25 03:00:00,51.746395
srv-004,2017-06-25 04:00:00,51.238815
srv-004,2017-06-25 05:00:00,48.451225
srv-004,2017-06-25 06:00:00,47.116623
srv-004,2017-06-25 07:00:00,54.47942
srv-004,2017-06-25 08:00:00,57.771835
srv-004,2017-06-25 09:00:00,56.39382
srv-004,2017-06-25 10:00:00,62.443665
srv-004,2017-06-25 11:00:00,63.458138
srv-004,2017-06-25 12:00:00,62.398693
srv-004,2017-06-25 13:00:00,62.669724
srv-004,2017-06-25 14:00:00,61.940983
srv-004,2017-06-25 15:00:00,66.011665
srv-004,2017-06-25 16:00:00,65.276115
srv-004,2017-06-25 17:00:00,62.660515
srv-004,2017-06-25 18:00:00,81.35118
srv-004,2017-06-25 19:00:00,62.421173
srv-004,2017-06-25 20:00:00,71.45961
srv-004,2017-06-25 21:00:00,65.04464
srv-004,2017-06-25 22:00:00,72.64002
srv-004,2017-06-25 23:00:00,68.10169
srv-004,2017-06-26 00:00:00,69.46774
srv-004,2017-06-26 01:00:00,55.76505
srv-004,2017-06-26 02:00:00,57.769474
srv-004,2017-06-26 03:00:00,75.01557
srv-004,2017-06-26 04:00:00,71.1979
srv-004,2017-06-26 05:00:00,47.19309
srv-004,2017-06-26 06:00:00,54.05691
srv-004,2017-06-26 07:00:00,67.34903
srv-004,2017-06-26 08:00:00,70.65645
srv-004,2017-06-26 09:00:00,70.44045
srv-004,2017-06-26 10:00:00,63.555084
srv-004,2017-06-26 11:00:00,69.825645
srv-004,2017-06-26 12:00:00,65.936516
srv-004,2017-06-26 13:00:00,63.86129
srv-004,2017-06-26 14:00:00,62.89165
srv-004,2017-06-26 15:00:00,54.959713
srv-004,2017-06-26 16:00:00,58.825153
srv-004,2017-06-26 17:00:00,63.113754
srv-004,2017-06-26 18:00:00,66.14319
srv-004,2017-06-26 19:00:00,69.21674
srv-004,2017-06-26 20:00:00,75.90819
srv-004,2017-06-26 21:00:00,77.13268
srv-004,2017-06-26 22:00:00,70.23947
srv-004,2017-06-26 23:00:00,66.58671
srv-004,2017-06-27 00:00:00,65.80518
srv-004,2017-06-27 01:00:00,62.924145
srv-004,2017-06-27 02:00:00,66.848434
srv-004,2017-06-27 03:00:00,64.84367
srv-004,2017-06-27 04:00:00,73.978645
srv-004,2017-06-27 05:00:00,76.950005
srv-004,2017-06-27 06:00:00,70.510284
srv-004,2017-06-27 07:00:00,63.274914
srv-004,2017-06-27 08:00:00,67.8778
srv-004,2017-06-27 09:00:00,67.547615
srv-004,2017-06-27 10:00:00,72.571396
srv-004,2017-06-27 11:00:00,73.811356
srv-004,2017-06-27 12:00:00,76.86506
srv-004,2017-06-27 13:00:00,74.570915
srv-004,2017-06-27 14:00:00,75.46036
srv-004,2017-06-27 15:00:00,73.8893
srv-004,2017-06-27 16:00:00,66.93473
srv-004,2017-06-27 17:00:00,72.068115
srv-004,2017-06-27 18:00:00,77.05332
srv-004,2017-06-27 19:00:00,71.1276
srv-004,2017-06-27 20:00:00,66.74163
srv-004,2017-06-27 21:00:00,81.55074
srv-004,2017-06-27 22:00:00,65.4274
srv-004,2017-06-27 23:00:00,65.398735
srv-004,2017-06-28 00:00:00,61.558044
srv-004,2017-06-28 01:00:00,66.860405
srv-004,2017-06-28 02:00:00,65.62702
srv-004,2017-06-28 03:00:00,61.30738
srv-004,2017-06-28 04:00:00,62.807884
srv-004,2017-06-28 05:00:00,66.62739
srv-004,2017-06-28 06:00:00,67.525444
srv-004,2017-06-28 07:00:00,71.320335
srv-004,2017-06-28 08:00:00,64.01638
srv-004,2017-06-28 09:00:00,60.413425
srv-004,2017-06-28 10:00:00,61.09319
srv-004,2017-06-28 11:00:00,64.62195
srv-004,2017-06-28 12:00:00,67.05785
srv-004,2017-06-28 13:00:00,64.21191
srv-004,2017-06-28 14:00:00,72.99272
srv-004,2017-06-28 15:00:00,69.9897
srv-004,2017-06-28 16:00:00,55.33852
srv-004,2017-06-28 17:00:00,57.236237
srv-004,2017-06-28 18:00:00,63.197052
srv-004,2017-06-28 19:00:00,58.34002
srv-004,2017-06-28 20:00:00,60.39473
srv-004,2017-06-28 21:00:00,60.36187
srv-004,2017-06-28 22:00:00,63.894306
srv-004,2017-06-28 23:00:00,64.28003
srv-004,2017-06-29 00:00:00,64.212166
srv-004,2017-06-29 01:00:00,64.42696
srv-004,2017-06-29 02:00:00,55.194088
srv-004,2017-06-29 03:00:00,60.183617
srv-004,2017-06-29 04:00:00,64.35431
srv-004,2017-06-29 05:00:00,66.26576
srv-004,2017-06-29 06:00:00,57.372707
srv-004,2017-06-29 07:00:00,60.58918
srv-004,2017-06-29 08:00:00,60.16677
srv-004,2017-06-29 09:00:00,60.94104
srv-004,2017-06-29 10:00:00,57.510185
srv-004,2017-06-29 11:00:00,60.972916
srv-004,2017-06-29 12:00:00,58.55803
srv-004,2017-06-29 13:00:00,59.136784
srv-004,2017-06-29 14:00:00,65.28186
srv-004,2017-06-29 15:00:00,62.038177
srv-004,2017-06-29 16:00:00,57.017464
srv-004,2017-06-29 17:00:00,66.49385
srv-004,2017-06-29 18:00:00,63.455917
srv-004,2017-06-29 19:00:00,75.48025
srv-004,2017-06-29 20:00:00,56.358093
srv-004,2017-06-29 21:00:00,58.16833
srv-004,2017-06-29 22:00:00,56.322243
srv-004,2017-06-29 23:00:00,62.84289
srv-004,2017-06-30 00:00:00,63.96945
srv-004,2017-06-30 01:00:00,63.72432
srv-004,2017-06-30 02:00:00,67.24174
srv-004,2017-06-30 03:00:00,61.8475
srv-004,2017-06-30 04:00:00,66.7976
srv-004,2017-06-30 05:00:00,67.00081
srv-004,2017-06-30 06:00:00,59.51612
srv-004,2017-06-30 07:00:00,59.77817
srv-004,2017-06-30 08:00:00,54.178085
srv-004,2017-06-30 09:00:00,57.01054
srv-004,2017-06-30 10:00:00,55.901474
srv-004,2017-06-30 11:00:00,61.88576
srv-004,2017-06-30 12:00:00,58.055435
srv-004,2017-06-30 13:00:00,53.16594
srv-004,2017-06-30 14:00:00,54.353546
srv-004,2017-06-30 15:00:00,73.48287
srv-004,2017-06-30 16:00:00,65.95049
srv-004,2017-06-30 17:00:00,63.687088
srv-004,2017-06-30 18:00:00,62.459415
srv-004,2017-06-30 19:00:00,59.4846
srv-004,2017-06-30 20:00:00,59.572544
srv-004,2017-06-30 21:00:00,54.166485
srv-004,2017-06-30 22:00:00,60.4752
srv-004,2017-06-30 23:00:00,59.00074
srv-005,2017-06-01 23:00:00,43.85944
srv-005,2017-06-02 00:00:00,43.27252
srv-005,2017-06-02 01:00:00,44.42896
srv-005,2017-06-02 02:00:00,43.83067
srv-005,2017-06-02 03:00:00,43.82431
srv-005,2017-06-02 04:00:00,42.88543
srv-005,2017-06-02 05:00:00,43.46414
srv-005,2017-06-02 06:00:00,43.486755
srv-005,2017-06-02 07:00:00,42.13994
srv-005,2017-06-02 08:00:00,42.77928
srv-005,2017-06-02 09:00:00,41.926357
srv-005,2017-06-02 10:00:00,42.77928
srv-005,2017-06-02 11:00:00,43.27252
srv-005,2017-06-02 12:00:00,41.88911
srv-005,2017-06-02 13:00:00,42.073265
srv-005,2017-06-02 14:00:00,42.85454
srv-005,2017-06-02 15:00:00,42.98522
srv-005,2017-06-02 16:00:00,43.23527
srv-005,2017-06-02 17:00:00,44.35521
srv-005,2017-06-02 18:00:00,43.536514
srv-005,2017-06-02 19:00:00,41.704906
srv-005,2017-06-02 20:00:00,42.32739
srv-005,2017-06-02 21:00:00,41.48707
srv-005,2017-06-02 22:00:00,42.001957
srv-005,2017-06-02 23:00:00,42.36377
srv-005,2017-06-03 00:00:00,42.00826
srv-005,2017-06-03 01:00:00,43.537827
srv-005,2017-06-03 02:00:00,42.900063
srv-005,2017-06-03 03:00:00,42.071823
srv-005,2017-06-03 04:00:00,42.924747
srv-005,2017-06-03 05:00:00,42.831757
srv-005,2017-06-03 06:00:00,43.47656
srv-005,2017-06-03 07:00:00,42.97369
srv-005,2017-06-03 08:00:00,43.611454
srv-005,2017-06-03 09:00:00,42.285404
srv-005,2017-06-03 10:00:00,43.834145
srv-005,2017-06-03 11:00:00,44.286278
srv-005,2017-06-03 12:00:00,44.588757
srv-005,2017-06-03 13:00:00,44.56925
srv-005,2017-06-03 14:00:00,44.588757
srv-005,2017-06-03 15:00:00,43.94346
srv-005,2017-06-03 16:00:00,43.568714
srv-005,2017-06-03 17:00:00,42.936443
srv-005,2017-06-03 18:00:00,42.936443
srv-005,2017-06-03 19:00:00,49.12211
srv-005,2017-06-03 20:00:00,45.31522
srv-005,2017-06-03 21:00:00,46.81343
srv-005,2017-06-03 22:00:00,42.878464
srv-005,2017-06-03 23:00:00,42.883255
srv-005,2017-06-04 00:00:00,43.03664
srv-005,2017-06-04 01:00:00,44.02157
srv-005,2017-06-04 02:00:00,44.20824
srv-005,2017-06-04 03:00:00,43.98441
srv-005,2017-06-04 04:00:00,43.91257
srv-005,2017-06-04 05:00:00,43.574207
srv-005,2017-06-04 06:00:00,43.91257
srv-005,2017-06-04 07:00:00,43.929443
srv-005,2017-06-04 08:00:00,43.86458
srv-005,2017-06-04 09:00:00,42.654655
srv-005,2017-06-04 10:00:00,42.642292
srv-005,2017-06-04 11:00:00,42.861183
srv-005,2017-06-04 12:00:00,42.861183
srv-005,2017-06-04 13:00:00,43.574207
srv-005,2017-06-04 14:00:00,42.22184
srv-005,2017-06-04 15:00:00,42.869003
srv-005,2017-06-04 16:00:00,43.582027
srv-005,2017-06-04 17:00:00,43.611454
srv-005,2017-06-04 18:00:00,42.89843
srv-005,2017-06-04 19:00:00,42.97369
srv-005,2017-06-04 20:00:00,42.97369
srv-005,2017-06-04 21:00:00,42.97369
srv-005,2017-06-04 22:00:00,42.900063
srv-005,2017-06-04 23:00:00,42.82077
srv-005,2017-06-05 00:00:00,43.164288
srv-005,2017-06-05 01:00:00,42.963947
srv-005,2017-06-05 02:00:00,42.9911
srv-005,2017-06-05 03:00:00,43.055027
srv-005,2017-06-05 04:00:00,43.473003
srv-005,2017-06-05 05:00:00,42.854687
srv-005,2017-06-05 06:00:00,43.69279
srv-005,2017-06-05 07:00:00,44.031155
srv-005,2017-06-05 08:00:00,43.055027
srv-005,2017-06-05 09:00:00,43.829205
srv-005,2017-06-05 10:00:00,44.16757
srv-005,2017-06-05 11:00:00,44.16757
srv-005,2017-06-05 12:00:00,44.16757
srv-005,2017-06-05 13:00:00,43.473003
srv-005,2017-06-05 14:00:00,44.608833
srv-005,2017-06-05 15:00:00,43.890423
srv-005,2017-06-05 16:00:00,44.702557
srv-005,2017-06-05 17:00:00,44.749565
srv-005,2017-06-05 18:00:00,43.72368
srv-005,2017-06-05 19:00:00,43.92131
srv-005,2017-06-05 20:00:00,43.69279
srv-005,2017-06-05 21:00:00,43.72368
srv-005,2017-06-05 22:00:00,43.69279
srv-005,2017-06-05 23:00:00,43.69279
srv-005,2017-06-06 00:00:00,43.78136
srv-005,2017-06-06 01:00:00,44.33951
srv-005,2017-06-06 02:00:00,44.33951
srv-005,2017-06-06 03:00:00,44.3683
srv-005,2017-06-06 04:00:00,44.969482
srv-005,2017-06-06 05:00:00,44.00115
srv-005,2017-06-06 06:00:00,45.367523
srv-005,2017-06-06 07:00:00,44.33951
srv-005,2017-06-06 08:00:00,44.95336
srv-005,2017-06-06 09:00:00,44.032036
srv-005,2017-06-06 10:00:00,43.81225
srv-005,2017-06-06 11:00:00,43.163044
srv-005,2017-06-06 12:00:00,44.475925
srv-005,2017-06-06 13:00:00,45.25572
srv-005,2017-06-06 14:00:00,44.30174
srv-005,2017-06-06 15:00:00,44.506813
srv-005,2017-06-06 16:00:00,44.506813
srv-005,2017-06-06 17:00:00,44.85995
srv-005,2017-06-06 18:00:00,44.00115
srv-005,2017-06-06 19:00:00,44.84308
srv-005,2017-06-06 20:00:00,44.13756
srv-005,2017-06-06 21:00:00,44.13756
srv-005,2017-06-06 22:00:00,44.475925
srv-005,2017-06-06 23:00:00,44.13756
srv-005,2017-06-07 00:00:00,44.149082
srv-005,2017-06-07 01:00:00,44.950115
srv-005,2017-06-07 02:00:00,44.485348
srv-005,2017-06-07 03:00:00,44.351032
srv-005,2017-06-07 04:00:00,43.98178
srv-005,2017-06-07 05:00:00,44.01267
srv-005,2017-06-07 06:00:00,44.135067
srv-005,2017-06-07 07:00:00,44.45656
srv-005,2017-06-07 08:00:00,43.98178
srv-005,2017-06-07 09:00:00,44.149082
srv-005,2017-06-07 10:00:00,44.45656
srv-005,2017-06-07 11:00:00,45.3247
srv-005,2017-06-07 12:00:00,45.355587
srv-005,2017-06-07 13:00:00,44.149082
srv-005,2017-06-07 14:00:00,44.8546
srv-005,2017-06-07 15:00:00,45.56604
srv-005,2017-06-07 16:00:00,44.981003
srv-005,2017-06-07 17:00:00,45.070408
srv-005,2017-06-07 18:00:00,45.090263
srv-005,2017-06-07 19:00:00,43.929295
srv-005,2017-06-07 20:00:00,43.416138
srv-005,2017-06-07 21:00:00,44.301796
srv-005,2017-06-07 22:00:00,43.28009
srv-005,2017-06-07 23:00:00,43.91312
srv-005,2017-06-08 00:00:00,43.868523
srv-005,2017-06-08 01:00:00,44.88528
srv-005,2017-06-08 02:00:00,44.59102
srv-005,2017-06-08 03:00:00,43.890327
srv-005,2017-06-08 04:00:00,43.78561
srv-005,2017-06-08 05:00:00,43.51232
srv-005,2017-06-08 06:00:00,43.868523
srv-005,2017-06-08 07:00:00,44.070473
srv-005,2017-06-08 08:00:00,43.85944
srv-005,2017-06-08 09:00:00,44.22869
srv-005,2017-06-08 10:00:00,44.796093
srv-005,2017-06-08 11:00:00,44.06139
srv-005,2017-06-08 12:00:00,43.890327
srv-005,2017-06-08 13:00:00,43.085262
srv-005,2017-06-08 14:00:00,44.206886
srv-005,2017-06-08 15:00:00,43.85944
srv-005,2017-06-08 16:00:00,43.639652
srv-005,2017-06-08 17:00:00,48.287502
srv-005,2017-06-08 18:00:00,47.004406
srv-005,2017-06-08 19:00:00,44.048237
srv-005,2017-06-08 20:00:00,45.816578
srv-005,2017-06-08 21:00:00,42.15259
srv-005,2017-06-08 22:00:00,42.366173
srv-005,2017-06-08 23:00:00,43.080776
srv-005,2017-06-09 00:00:00,43.041126
srv-005,2017-06-09 01:00:00,42.742035
srv-005,2017-06-09 02:00:00,42.817295
srv-005,2017-06-09 03:00:00,43.247864
srv-005,2017-06-09 04:00:00,42.817295
srv-005,2017-06-09 05:00:00,43.45506
srv-005,2017-06-09 06:00:00,42.88832
srv-005,2017-06-09 07:00:00,42.248978
srv-005,2017-06-09 08:00:00,42.742035
srv-005,2017-06-09 09:00:00,42.85454
srv-005,2017-06-09 10:00:00,42.701622
srv-005,2017-06-09 11:00:00,42.742035
srv-005,2017-06-09 12:00:00,42.85454
srv-005,2017-06-09 13:00:00,43.83067
srv-005,2017-06-09 14:00:00,43.83067
srv-005,2017-06-09 15:00:00,43.861557
srv-005,2017-06-09 16:00:00,42.81017
srv-005,2017-06-09 17:00:00,42.742035
srv-005,2017-06-09 18:00:00,43.45506
srv-005,2017-06-09 19:00:00,43.27252
srv-005,2017-06-09 20:00:00,43.45506
srv-005,2017-06-09 21:00:00,43.793423
srv-005,2017-06-09 22:00:00,43.465153
srv-005,2017-06-09 23:00:00,42.783016
srv-005,2017-06-10 00:00:00,42.22184
srv-005,2017-06-10 01:00:00,42.861183
srv-005,2017-06-10 02:00:00,44.105705
srv-005,2017-06-10 03:00:00,43.574207
srv-005,2017-06-10 04:00:00,42.262417
srv-005,2017-06-10 05:00:00,42.22184
srv-005,2017-06-10 06:00:00,42.071823
srv-005,2017-06-10 07:00:00,42.22184
srv-005,2017-06-10 08:00:00,43.614784
srv-005,2017-06-10 09:00:00,42.22184
srv-005,2017-06-10 10:00:00,42.259087
srv-005,2017-06-10 11:00:00,43.324993
srv-005,2017-06-10 12:00:00,43.63777
srv-005,2017-06-10 13:00:00,43.87619
srv-005,2017-06-10 14:00:00,43.91257
srv-005,2017-06-10 15:00:00,44.79604
srv-005,2017-06-10 16:00:00,43.91257
srv-005,2017-06-10 17:00:00,43.94346
srv-005,2017-06-10 18:00:00,43.944324
srv-005,2017-06-10 19:00:00,43.52667
srv-005,2017-06-10 20:00:00,43.611454
srv-005,2017-06-10 21:00:00,43.574207
srv-005,2017-06-10 22:00:00,43.574207
srv-005,2017-06-10 23:00:00,43.91257
srv-005,2017-06-11 00:00:00,42.936443
srv-005,2017-06-11 01:00:00,43.91257
srv-005,2017-06-11 02:00:00,43.611454
srv-005,2017-06-11 03:00:00,43.574207
srv-005,2017-06-11 04:00:00,43.271385
srv-005,2017-06-11 05:00:00,43.35442
srv-005,2017-06-11 06:00:00,42.861183
srv-005,2017-06-11 07:00:00,42.89843
srv-005,2017-06-11 08:00:00,43.35442
srv-005,2017-06-11 09:00:00,43.35442
srv-005,2017-06-11 10:00:00,43.574207
srv-005,2017-06-11 11:00:00,43.574207
srv-005,2017-06-11 12:00:00,43.574207
srv-005,2017-06-11 13:00:00,44.55787
srv-005,2017-06-11 14:00:00,44.55787
srv-005,2017-06-11 15:00:00,43.605095
srv-005,2017-06-11 16:00:00,42.44586
srv-005,2017-06-11 17:00:00,42.22184
srv-005,2017-06-11 18:00:00,42.89843
srv-005,2017-06-11 19:00:00,42.269337
srv-005,2017-06-11 20:00:00,43.391666
srv-005,2017-06-11 21:00:00,43.391666
srv-005,2017-06-11 22:00:00,43.40854
srv-005,2017-06-11 23:00:00,43.611454
srv-005,2017-06-12 00:00:00,42.215343
srv-005,2017-06-12 01:00:00,42.519684
srv-005,2017-06-12 02:00:00,42.246727
srv-005,2017-06-12 03:00:00,43.707302
srv-005,2017-06-12 04:00:00,43.19144
srv-005,2017-06-12 05:00:00,43.962494
srv-005,2017-06-12 06:00:00,45.038692
srv-005,2017-06-12 07:00:00,43.860092
srv-005,2017-06-12 08:00:00,44.162075
srv-005,2017-06-12 09:00:00,43.69279
srv-005,2017-06-12 10:00:00,42.215343
srv-005,2017-06-12 11:00:00,43.69279
srv-005,2017-06-12 12:00:00,43.69279
srv-005,2017-06-12 13:00:00,43.489876
srv-005,2017-06-12 14:00:00,44.031155
srv-005,2017-06-12 15:00:00,43.69279
srv-005,2017-06-12 16:00:00,44.718678
srv-005,2017-06-12 17:00:00,44.031155
srv-005,2017-06-12 18:00:00,44.198456
srv-005,2017-06-12 19:00:00,44.85348
srv-005,2017-06-12 20:00:00,43.69279
srv-005,2017-06-12 21:00:00,43.72368
srv-005,2017-06-12 22:00:00,43.69279
srv-005,2017-06-12 23:00:00,43.69279
srv-005,2017-06-13 00:00:00,44.33951
srv-005,2017-06-13 01:00:00,44.922474
srv-005,2017-06-13 02:00:00,44.3704
srv-005,2017-06-13 03:00:00,44.032036
srv-005,2017-06-13 04:00:00,44.33951
srv-005,2017-06-13 05:00:00,44.706665
srv-005,2017-06-13 06:00:00,44.032036
srv-005,2017-06-13 07:00:00,44.032036
srv-005,2017-06-13 08:00:00,44.922474
srv-005,2017-06-13 09:00:00,44.33951
srv-005,2017-06-13 10:00:00,44.16845
srv-005,2017-06-13 11:00:00,44.16845
srv-005,2017-06-13 12:00:00,44.475925
srv-005,2017-06-13 13:00:00,44.475925
srv-005,2017-06-13 14:00:00,43.81225
srv-005,2017-06-13 15:00:00,44.33951
srv-005,2017-06-13 16:00:00,44.33951
srv-005,2017-06-13 17:00:00,44.38727
srv-005,2017-06-13 18:00:00,45.00037
srv-005,2017-06-13 19:00:00,43.94866
srv-005,2017-06-13 20:00:00,44.506813
srv-005,2017-06-13 21:00:00,44.13756
srv-005,2017-06-13 22:00:00,43.530685
srv-005,2017-06-13 23:00:00,45.058887
srv-005,2017-06-14 00:00:00,44.45656
srv-005,2017-06-14 01:00:00,44.981003
srv-005,2017-06-14 02:00:00,44.149082
srv-005,2017-06-14 03:00:00,44.351032
srv-005,2017-06-14 04:00:00,43.075016
srv-005,2017-06-14 05:00:00,43.51132
srv-005,2017-06-14 06:00:00,44.45656
srv-005,2017-06-14 07:00:00,44.485348
srv-005,2017-06-14 08:00:00,44.320145
srv-005,2017-06-14 09:00:00,44.118195
srv-005,2017-06-14 10:00:00,44.149082
srv-005,2017-06-14 11:00:00,43.344017
srv-005,2017-06-14 12:00:00,43.51083
srv-005,2017-06-14 13:00:00,43.48043
srv-005,2017-06-14 14:00:00,44.485348
srv-005,2017-06-14 15:00:00,43.143677
srv-005,2017-06-14 16:00:00,43.98178
srv-005,2017-06-14 17:00:00,44.45656
srv-005,2017-06-14 18:00:00,44.118195
srv-005,2017-06-14 19:00:00,44.903107
srv-005,2017-06-14 20:00:00,44.45656
srv-005,2017-06-14 21:00:00,44.487446
srv-005,2017-06-14 22:00:00,44.149082
srv-005,2017-06-14 23:00:00,43.51132
srv-005,2017-06-15 00:00:00,43.010002
srv-005,2017-06-15 01:00:00,43.639652
srv-005,2017-06-15 02:00:00,43.85944
srv-005,2017-06-15 03:00:00,43.085262
srv-005,2017-06-15 04:00:00,43.221676
srv-005,2017-06-15 05:00:00,43.639652
srv-005,2017-06-15 06:00:00,44.859196
srv-005,2017-06-15 07:00:00,44.69321
srv-005,2017-06-15 08:00:00,44.237774
srv-005,2017-06-15 09:00:00,44.668915
srv-005,2017-06-15 10:00:00,44.023617
srv-005,2017-06-15 11:00:00,43.890327
srv-005,2017-06-15 12:00:00,43.252563
srv-005,2017-06-15 13:00:00,43.221676
srv-005,2017-06-15 14:00:00,43.50324
srv-005,2017-06-15 15:00:00,43.85944
srv-005,2017-06-15 16:00:00,44.42943
srv-005,2017-06-15 17:00:00,44.638027
srv-005,2017-06-15 18:00:00,44.907085
srv-005,2017-06-15 19:00:00,44.677998
srv-005,2017-06-15 20:00:00,44.10136
srv-005,2017-06-15 21:00:00,44.22869
srv-005,2017-06-15 22:00:00,43.89941
srv-005,2017-06-15 23:00:00,43.753914
srv-005,2017-06-16 00:00:00,44.42896
srv-005,2017-06-16 01:00:00,43.492306
srv-005,2017-06-16 02:00:00,42.88543
srv-005,2017-06-16 03:00:00,42.85454
srv-005,2017-06-16 04:00:00,42.742035
srv-005,2017-06-16 05:00:00,42.826378
srv-005,2017-06-16 06:00:00,43.46414
srv-005,2017-06-16 07:00:00,43.802505
srv-005,2017-06-16 08:00:00,43.802505
srv-005,2017-06-16 09:00:00,43.82431
srv-005,2017-06-16 10:00:00,43.485947
srv-005,2017-06-16 11:00:00,43.803516
srv-005,2017-06-16 12:00:00,43.492306
srv-005,2017-06-16 13:00:00,42.77928
srv-005,2017-06-16 14:00:00,42.77928
srv-005,2017-06-16 15:00:00,42.13994
srv-005,2017-06-16 16:00:00,42.13994
srv-005,2017-06-16 17:00:00,41.22599
srv-005,2017-06-16 18:00:00,41.88911
srv-005,2017-06-16 19:00:00,42.742035
srv-005,2017-06-16 20:00:00,42.742035
srv-005,2017-06-16 21:00:00,43.660233
srv-005,2017-06-16 22:00:00,43.27252
srv-005,2017-06-16 23:00:00,43.257957
srv-005,2017-06-17 00:00:00,44.61175
srv-005,2017-06-17 01:00:00,43.611454
srv-005,2017-06-17 02:00:00,42.116135
srv-005,2017-06-17 03:00:00,42.22184
srv-005,2017-06-17 04:00:00,42.19571
srv-005,2017-06-17 05:00:00,43.12226
srv-005,2017-06-17 06:00:00,42.329998
srv-005,2017-06-17 07:00:00,42.74551
srv-005,2017-06-17 08:00:00,42.936443
srv-005,2017-06-17 09:00:00,43.91257
srv-005,2017-06-17 10:00:00,43.54478
srv-005,2017-06-17 11:00:00,42.936443
srv-005,2017-06-17 12:00:00,43.611454
srv-005,2017-06-17 13:00:00,44.36002
srv-005,2017-06-17 14:00:00,44.833286
srv-005,2017-06-17 15:00:00,44.626003
srv-005,2017-06-17 16:00:00,44.626003
srv-005,2017-06-17 17:00:00,44.505367
srv-005,2017-06-17 18:00:00,43.94346
srv-005,2017-06-17 19:00:00,44.588757
srv-005,2017-06-17 20:00:00,44.79604
srv-005,2017-06-17 21:00:00,43.94346
srv-005,2017-06-17 22:00:00,43.605095
srv-005,2017-06-17 23:00:00,43.605095
srv-005,2017-06-18 00:00:00,43.574207
srv-005,2017-06-18 01:00:00,44.55787
srv-005,2017-06-18 02:00:00,43.91257
srv-005,2017-06-18 03:00:00,44.35366
srv-005,2017-06-18 04:00:00,43.302273
srv-005,2017-06-18 05:00:00,43.33952
srv-005,2017-06-18 06:00:00,43.574207
srv-005,2017-06-18 07:00:00,42.936443
srv-005,2017-06-18 08:00:00,43.98441
srv-005,2017-06-18 09:00:00,43.346645
srv-005,2017-06-18 10:00:00,42.936443
srv-005,2017-06-18 11:00:00,43.91257
srv-005,2017-06-18 12:00:00,43.574207
srv-005,2017-06-18 13:00:00,43.605095
srv-005,2017-06-18 14:00:00,44.36002
srv-005,2017-06-18 15:00:00,43.35442
srv-005,2017-06-18 16:00:00,43.94346
srv-005,2017-06-18 17:00:00,44.51086
srv-005,2017-06-18 18:00:00,44.833286
srv-005,2017-06-18 19:00:00,44.626003
srv-005,2017-06-18 20:00:00,43.422554
srv-005,2017-06-18 21:00:00,44.626003
srv-005,2017-06-18 22:00:00,44.595116
srv-005,2017-06-18 23:00:00,44.864174
srv-005,2017-06-19 00:00:00,43.204594
srv-005,2017-06-19 01:00:00,42.37415
srv-005,2017-06-19 02:00:00,44.012806
srv-005,2017-06-19 03:00:00,43.337795
srv-005,2017-06-19 04:00:00,43.79302
srv-005,2017-06-19 05:00:00,43.19144
srv-005,2017-06-19 06:00:00,44.57783
srv-005,2017-06-19 07:00:00,43.843716
srv-005,2017-06-19 08:00:00,44.90049
srv-005,2017-06-19 09:00:00,44.650017
srv-005,2017-06-19 10:00:00,44.717068
srv-005,2017-06-19 11:00:00,43.73819
srv-005,2017-06-19 12:00:00,42.831425
srv-005,2017-06-19 13:00:00,42.49811
srv-005,2017-06-19 14:00:00,42.49811
srv-005,2017-06-19 15:00:00,43.337795
srv-005,2017-06-19 16:00:00,43.609417
srv-005,2017-06-19 17:00:00,43.055027
srv-005,2017-06-19 18:00:00,43.69279
srv-005,2017-06-19 19:00:00,43.843716
srv-005,2017-06-19 20:00:00,42.854687
srv-005,2017-06-19 21:00:00,43.843716
srv-005,2017-06-19 22:00:00,43.20595
srv-005,2017-06-19 23:00:00,42.36627
srv-005,2017-06-20 00:00:00,44.13756
srv-005,2017-06-20 01:00:00,44.97846
srv-005,2017-06-20 02:00:00,45.8944
srv-005,2017-06-20 03:00:00,45.575428
srv-005,2017-06-20 04:00:00,45.531403
srv-005,2017-06-20 05:00:00,45.28314
srv-005,2017-06-20 06:00:00,45.00037
srv-005,2017-06-20 07:00:00,45.00037
srv-005,2017-06-20 08:00:00,44.703297
srv-005,2017-06-20 09:00:00,44.032036
srv-005,2017-06-20 10:00:00,44.032036
srv-005,2017-06-20 11:00:00,44.13756
srv-005,2017-06-20 12:00:00,44.13756
srv-005,2017-06-20 13:00:00,43.917774
srv-005,2017-06-20 14:00:00,44.504715
srv-005,2017-06-20 15:00:00,43.889565
srv-005,2017-06-20 16:00:00,44.148514
srv-005,2017-06-20 17:00:00,44.706665
srv-005,2017-06-20 18:00:00,45.574806
srv-005,2017-06-20 19:00:00,44.737553
srv-005,2017-06-20 20:00:00,44.39919
srv-005,2017-06-20 21:00:00,44.032036
srv-005,2017-06-20 22:00:00,44.00115
srv-005,2017-06-20 23:00:00,44.969482
srv-005,2017-06-21 00:00:00,44.320145
srv-005,2017-06-21 01:00:00,44.01267
srv-005,2017-06-21 02:00:00,44.149082
srv-005,2017-06-21 03:00:00,44.320145
srv-005,2017-06-21 04:00:00,43.761993
srv-005,2017-06-21 05:00:00,44.01267
srv-005,2017-06-21 06:00:00,43.871254
srv-005,2017-06-21 07:00:00,43.62009
srv-005,2017-06-21 08:00:00,44.09104
srv-005,2017-06-21 09:00:00,45.178596
srv-005,2017-06-21 10:00:00,45.08653
srv-005,2017-06-21 11:00:00,45.355587
srv-005,2017-06-21 12:00:00,45.48457
srv-005,2017-06-21 13:00:00,45.13429
srv-005,2017-06-21 14:00:00,44.933994
srv-005,2017-06-21 15:00:00,44.820343
srv-005,2017-06-21 16:00:00,45.26689
srv-005,2017-06-21 17:00:00,43.580086
srv-005,2017-06-21 18:00:00,43.339146
srv-005,2017-06-21 19:00:00,43.91312
srv-005,2017-06-21 20:00:00,42.57352
srv-005,2017-06-21 21:00:00,41.420036
srv-005,2017-06-21 22:00:00,43.847584
srv-005,2017-06-21 23:00:00,43.0079
srv-005,2017-06-22 00:00:00,43.1555
srv-005,2017-06-22 01:00:00,43.019085
srv-005,2017-06-22 02:00:00,42.4705
srv-005,2017-06-22 03:00:00,43.51583
srv-005,2017-06-22 04:00:00,43.221676
srv-005,2017-06-22 05:00:00,44.36573
srv-005,2017-06-22 06:00:00,43.654366
srv-005,2017-06-22 07:00:00,43.890327
srv-005,2017-06-22 08:00:00,43.830013
srv-005,2017-06-22 09:00:00,42.33428
srv-005,2017-06-22 10:00:00,42.186325
srv-005,2017-06-22 11:00:00,42.94134
srv-005,2017-06-22 12:00:00,42.97362
srv-005,2017-06-22 13:00:00,42.37066
srv-005,2017-06-22 14:00:00,43.146416
srv-005,2017-06-22 15:00:00,43.24886
srv-005,2017-06-22 16:00:00,43.221676
srv-005,2017-06-22 17:00:00,43.23855
srv-005,2017-06-22 18:00:00,43.23855
srv-005,2017-06-22 19:00:00,43.23855
srv-005,2017-06-22 20:00:00,43.85944
srv-005,2017-06-22 21:00:00,43.85944
srv-005,2017-06-22 22:00:00,43.04888
srv-005,2017-06-22 23:00:00,43.723026
srv-005,2017-06-23 00:00:00,42.742035
srv-005,2017-06-23 01:00:00,43.23527
srv-005,2017-06-23 02:00:00,42.742035
srv-005,2017-06-23 03:00:00,43.45506
srv-005,2017-06-23 04:00:00,41.88911
srv-005,2017-06-23 05:00:00,42.817295
srv-005,2017-06-23 06:00:00,42.817295
srv-005,2017-06-23 07:00:00,42.10269
srv-005,2017-06-23 08:00:00,42.10269
srv-005,2017-06-23 09:00:00,41.02465
srv-005,2017-06-23 10:00:00,41.27747
srv-005,2017-06-23 11:00:00,42.13994
srv-005,2017-06-23 12:00:00,42.13411
srv-005,2017-06-23 13:00:00,42.384937
srv-005,2017-06-23 14:00:00,42.674053
srv-005,2017-06-23 15:00:00,42.428127
srv-005,2017-06-23 16:00:00,42.78787
srv-005,2017-06-23 17:00:00,43.41868
srv-005,2017-06-23 18:00:00,43.518623
srv-005,2017-06-23 19:00:00,43.45506
srv-005,2017-06-23 20:00:00,43.45506
srv-005,2017-06-23 21:00:00,43.41868
srv-005,2017-06-23 22:00:00,42.79972
srv-005,2017-06-23 23:00:00,41.66714
srv-005,2017-06-24 00:00:00,42.861183
srv-005,2017-06-24 01:00:00,43.537827
srv-005,2017-06-24 02:00:00,43.91257
srv-005,2017-06-24 03:00:00,43.91257
srv-005,2017-06-24 04:00:00,43.574207
srv-005,2017-06-24 05:00:00,43.385307
srv-005,2017-06-24 06:00:00,42.936443
srv-005,2017-06-24 07:00:00,42.861183
srv-005,2017-06-24 08:00:00,42.22184
srv-005,2017-06-24 09:00:00,43.574207
srv-005,2017-06-24 10:00:00,42.936443
srv-005,2017-06-24 11:00:00,42.861183
srv-005,2017-06-24 12:00:00,43.35442
srv-005,2017-06-24 13:00:00,43.35442
srv-005,2017-06-24 14:00:00,43.91257
srv-005,2017-06-24 15:00:00,44.55787
srv-005,2017-06-24 16:00:00,43.94346
srv-005,2017-06-24 17:00:00,43.605095
srv-005,2017-06-24 18:00:00,42.89207
srv-005,2017-06-24 19:00:00,42.936443
srv-005,2017-06-24 20:00:00,42.936443
srv-005,2017-06-24 21:00:00,42.00826
srv-005,2017-06-24 22:00:00,42.861183
srv-005,2017-06-24 23:00:00,42.861183
srv-005,2017-06-25 00:00:00,42.259087
srv-005,2017-06-25 01:00:00,42.89843
srv-005,2017-06-25 02:00:00,42.861183
srv-005,2017-06-25 03:00:00,43.147224
srv-005,2017-06-25 04:00:00,42.632042
srv-005,2017-06-25 05:00:00,42.00826
srv-005,2017-06-25 06:00:00,43.611454
srv-005,2017-06-25 07:00:00,43.436142
srv-005,2017-06-25 08:00:00,43.611454
srv-005,2017-06-25 09:00:00,43.391666
srv-005,2017-06-25 10:00:00,43.537827
srv-005,2017-06-25 11:00:00,43.63777
srv-005,2017-06-25 12:00:00,44.79604
srv-005,2017-06-25 13:00:00,44.79604
srv-005,2017-06-25 14:00:00,44.541748
srv-005,2017-06-25 15:00:00,44.541748
srv-005,2017-06-25 16:00:00,44.588757
srv-005,2017-06-25 17:00:00,43.160465
srv-005,2017-06-25 18:00:00,42.77402
srv-005,2017-06-25 19:00:00,43.611454
srv-005,2017-06-25 20:00:00,43.391666
srv-005,2017-06-25 21:00:00,42.97369
srv-005,2017-06-25 22:00:00,43.574207
srv-005,2017-06-25 23:00:00,43.91257
srv-005,2017-06-26 00:00:00,43.69279
srv-005,2017-06-26 01:00:00,43.487514
srv-005,2017-06-26 02:00:00,43.346783
srv-005,2017-06-26 03:00:00,42.854687
srv-005,2017-06-26 04:00:00,43.707302
srv-005,2017-06-26 05:00:00,43.707302
srv-005,2017-06-26 06:00:00,42.854687
srv-005,2017-06-26 07:00:00,42.001762
srv-005,2017-06-26 08:00:00,42.215343
srv-005,2017-06-26 09:00:00,41.127167
srv-005,2017-06-26 10:00:00,42.645294
srv-005,2017-06-26 11:00:00,43.19144
srv-005,2017-06-26 12:00:00,43.06325
srv-005,2017-06-26 13:00:00,42.655716
srv-005,2017-06-26 14:00:00,43.473003
srv-005,2017-06-26 15:00:00,43.933067
srv-005,2017-06-26 16:00:00,43.829205
srv-005,2017-06-26 17:00:00,43.83294
srv-005,2017-06-26 18:00:00,45.06611
srv-005,2017-06-26 19:00:00,44.85509
srv-005,2017-06-26 20:00:00,44.162075
srv-005,2017-06-26 21:00:00,44.88598
srv-005,2017-06-26 22:00:00,43.94637
srv-005,2017-06-26 23:00:00,44.987736
srv-005,2017-06-27 00:00:00,45.207653
srv-005,2017-06-27 01:00:00,44.032036
srv-005,2017-06-27 02:00:00,43.366188
srv-005,2017-06-27 03:00:00,43.294724
srv-005,2017-06-27 04:00:00,44.13756
srv-005,2017-06-27 05:00:00,43.499798
srv-005,2017-06-27 06:00:00,43.363384
srv-005,2017-06-27 07:00:00,43.530197
srv-005,2017-06-27 08:00:00,43.530197
srv-005,2017-06-27 09:00:00,43.163044
srv-005,2017-06-27 10:00:00,44.706665
srv-005,2017-06-27 11:00:00,44.00115
srv-005,2017-06-27 12:00:00,45.267975
srv-005,2017-06-27 13:00:00,44.638004
srv-005,2017-06-27 14:00:00,44.93171
srv-005,2017-06-27 15:00:00,43.743587
srv-005,2017-06-27 16:00:00,44.032036
srv-005,2017-06-27 17:00:00,43.094383
srv-005,2017-06-27 18:00:00,42.80647
srv-005,2017-06-27 19:00:00,43.294724
srv-005,2017-06-27 20:00:00,44.475925
srv-005,2017-06-27 21:00:00,44.475925
srv-005,2017-06-27 22:00:00,44.475925
srv-005,2017-06-27 23:00:00,43.472645
srv-005,2017-06-28 00:00:00,42.640747
srv-005,2017-06-28 01:00:00,43.0079
srv-005,2017-06-28 02:00:00,44.118195
srv-005,2017-06-28 03:00:00,43.847584
srv-005,2017-06-28 04:00:00,42.613594
srv-005,2017-06-28 05:00:00,44.118195
srv-005,2017-06-28 06:00:00,43.98178
srv-005,2017-06-28 07:00:00,44.320145
srv-005,2017-06-28 08:00:00,43.98178
srv-005,2017-06-28 09:00:00,43.48043
srv-005,2017-06-28 10:00:00,43.92992
srv-005,2017-06-28 11:00:00,43.344017
srv-005,2017-06-28 12:00:00,42.290752
srv-005,2017-06-28 13:00:00,42.435673
srv-005,2017-06-28 14:00:00,42.504333
srv-005,2017-06-28 15:00:00,41.62123
srv-005,2017-06-28 16:00:00,42.640747
srv-005,2017-06-28 17:00:00,42.849365
srv-005,2017-06-28 18:00:00,42.85632
srv-005,2017-06-28 19:00:00,43.250664
srv-005,2017-06-28 20:00:00,43.344017
srv-005,2017-06-28 21:00:00,42.474907
srv-005,2017-06-28 22:00:00,43.761993
srv-005,2017-06-28 23:00:00,43.732567
srv-005,2017-06-29 00:00:00,43.085262
srv-005,2017-06-29 01:00:00,43.106003
srv-005,2017-06-29 02:00:00,43.82306
srv-005,2017-06-29 03:00:00,44.796093
srv-005,2017-06-29 04:00:00,43.607353
srv-005,2017-06-29 05:00:00,43.753914
srv-005,2017-06-29 06:00:00,43.466858
srv-005,2017-06-29 07:00:00,43.723026
srv-005,2017-06-29 08:00:00,43.50324
srv-005,2017-06-29 09:00:00,42.302
srv-005,2017-06-29 10:00:00,43.50324
srv-005,2017-06-29 11:00:00,44.06139
srv-005,2017-06-29 12:00:00,44.197803
srv-005,2017-06-29 13:00:00,43.99273
srv-005,2017-06-29 14:00:00,44.668915
srv-005,2017-06-29 15:00:00,45.575954
srv-005,2017-06-29 16:00:00,44.690567
srv-005,2017-06-29 17:00:00,44.737576
srv-005,2017-06-29 18:00:00,44.754448
srv-005,2017-06-29 19:00:00,44.975746
srv-005,2017-06-29 20:00:00,44.425175
srv-005,2017-06-29 21:00:00,43.240623
srv-005,2017-06-29 22:00:00,43.429085
srv-005,2017-06-29 23:00:00,43.654366
srv-005,2017-06-30 00:00:00,43.23527
srv-005,2017-06-30 01:00:00,42.10269
srv-005,2017-06-30 02:00:00,43.23527
srv-005,2017-06-30 03:00:00,42.111774
srv-005,2017-06-30 04:00:00,42.77373
srv-005,2017-06-30 05:00:00,42.119564
srv-005,2017-06-30 06:00:00,42.751118
srv-005,2017-06-30 07:00:00,42.826378
srv-005,2017-06-30 08:00:00,43.50139
srv-005,2017-06-30 09:00:00,43.793423
srv-005,2017-06-30 10:00:00,43.492306
srv-005,2017-06-30 11:00:00,43.45506
srv-005,2017-06-30 12:00:00,44.43872
srv-005,2017-06-30 13:00:00,43.793423
srv-005,2017-06-30 14:00:00,43.82431
srv-005,2017-06-30 15:00:00,42.817295
srv-005,2017-06-30 16:00:00,43.492306
srv-005,2017-06-30 17:00:00,43.492306
srv-005,2017-06-30 18:00:00,44.42896
srv-005,2017-06-30 19:00:00,43.492306
srv-005,2017-06-30 20:00:00,43.276253
srv-005,2017-06-30 21:00:00,42.85454
srv-005,2017-06-30 22:00:00,43.83067
srv-005,2017-06-30 23:00:00,45.13394
srv-006,2017-06-01 23:00:00,88.320595
srv-006,2017-06-02 00:00:00,87.194275
srv-006,2017-06-02 01:00:00,86.46398
srv-006,2017-06-02 02:00:00,83.31856
srv-006,2017-06-02 03:00:00,84.40235
srv-006,2017-06-02 04:00:00,84.90405
srv-006,2017-06-02 05:00:00,83.94977
srv-006,2017-06-02 06:00:00,82.07851
srv-006,2017-06-02 07:00:00,87.6418
srv-006,2017-06-02 08:00:00,87.47689
srv-006,2017-06-02 09:00:00,88.552055
srv-006,2017-06-02 10:00:00,91.215126
srv-006,2017-06-02 11:00:00,93.669624
srv-006,2017-06-02 12:00:00,91.211044
srv-006,2017-06-02 13:00:00,87.11903
srv-006,2017-06-02 14:00:00,86.906044
srv-006,2017-06-02 15:00:00,88.04341
srv-006,2017-06-02 16:00:00,83.54381
srv-006,2017-06-02 17:00:00,87.04213
srv-006,2017-06-02 18:00:00,88.19919
srv-006,2017-06-02 19:00:00,88.29528
srv-006,2017-06-02 20:00:00,85.796875
srv-006,2017-06-02 21:00:00,81.93476
srv-006,2017-06-02 22:00:00,82.60273
srv-006,2017-06-02 23:00:00,78.161514
srv-006,2017-06-03 00:00:00,78.374176
srv-006,2017-06-03 01:00:00,80.972244
srv-006,2017-06-03 02:00:00,82.51852
srv-006,2017-06-03 03:00:00,85.95643
srv-006,2017-06-03 04:00:00,86.08879
srv-006,2017-06-03 05:00:00,86.243774
srv-006,2017-06-03 06:00:00,85.9188
srv-006,2017-06-03 07:00:00,85.40853
srv-006,2017-06-03 08:00:00,86.71943
srv-006,2017-06-03 09:00:00,85.71203
srv-006,2017-06-03 10:00:00,80.467575
srv-006,2017-06-03 11:00:00,81.80122
srv-006,2017-06-03 12:00:00,81.72141
srv-006,2017-06-03 13:00:00,82.99363
srv-006,2017-06-03 14:00:00,87.216965
srv-006,2017-06-03 15:00:00,87.74668
srv-006,2017-06-03 16:00:00,89.998604
srv-006,2017-06-03 17:00:00,89.67561
srv-006,2017-06-03 18:00:00,87.12398
srv-006,2017-06-03 19:00:00,86.34736
srv-006,2017-06-03 20:00:00,84.290405
srv-006,2017-06-03 21:00:00,84.79964
srv-006,2017-06-03 22:00:00,82.19073
srv-006,2017-06-03 23:00:00,83.93703
srv-006,2017-06-04 00:00:00,83.952896
srv-006,2017-06-04 01:00:00,80.29689
srv-006,2017-06-04 02:00:00,84.02831
srv-006,2017-06-04 03:00:00,88.76683
srv-006,2017-06-04 04:00:00,90.020226
srv-006,2017-06-04 05:00:00,86.54289
srv-006,2017-06-04 06:00:00,86.968925
srv-006,2017-06-04 07:00:00,84.71447
srv-006,2017-06-04 08:00:00,90.4288
srv-006,2017-06-04 09:00:00,90.50843
srv-006,2017-06-04 10:00:00,87.96766
srv-006,2017-06-04 11:00:00,89.043274
srv-006,2017-06-04 12:00:00,90.722374
srv-006,2017-06-04 13:00:00,89.54267
srv-006,2017-06-04 14:00:00,73.89932
srv-006,2017-06-04 15:00:00,82.84605
srv-006,2017-06-04 16:00:00,85.289894
srv-006,2017-06-04 17:00:00,87.15689
srv-006,2017-06-04 18:00:00,88.31772
srv-006,2017-06-04 19:00:00,88.555435
srv-006,2017-06-04 20:00:00,86.96572
srv-006,2017-06-04 21:00:00,87.69095
srv-006,2017-06-04 22:00:00,83.717354
srv-006,2017-06-04 23:00:00,81.815544
srv-006,2017-06-05 00:00:00,82.46544
srv-006,2017-06-05 01:00:00,82.4287
srv-006,2017-06-05 02:00:00,81.47427
srv-006,2017-06-05 03:00:00,77.72294
srv-006,2017-06-05 04:00:00,79.51442
srv-006,2017-06-05 05:00:00,77.00426
srv-006,2017-06-05 06:00:00,74.57456
srv-006,2017-06-05 07:00:00,77.67947
srv-006,2017-06-05 08:00:00,83.59065
srv-006,2017-06-05 09:00:00,80.925095
srv-006,2017-06-05 10:00:00,83.93477
srv-006,2017-06-05 11:00:00,83.366264
srv-006,2017-06-05 12:00:00,83.94239
srv-006,2017-06-05 13:00:00,85.9057
srv-006,2017-06-05 14:00:00,89.77981
srv-006,2017-06-05 15:00:00,92.347984
srv-006,2017-06-05 16:00:00,89.91328
srv-006,2017-06-05 17:00:00,83.47847
srv-006,2017-06-05 18:00:00,89.01168
srv-006,2017-06-05 19:00:00,82.60569
srv-006,2017-06-05 20:00:00,88.09687
srv-006,2017-06-05 21:00:00,89.07534
srv-006,2017-06-05 22:00:00,87.29513
srv-006,2017-06-05 23:00:00,87.19549
srv-006,2017-06-06 00:00:00,90.21848
srv-006,2017-06-06 01:00:00,89.1861
srv-006,2017-06-06 02:00:00,90.923065
srv-006,2017-06-06 03:00:00,89.69609
srv-006,2017-06-06 04:00:00,89.43986
srv-006,2017-06-06 05:00:00,88.063255
srv-006,2017-06-06 06:00:00,92.887535
srv-006,2017-06-06 07:00:00,94.30588
srv-006,2017-06-06 08:00:00,93.9482
srv-006,2017-06-06 09:00:00,93.20673
srv-006,2017-06-06 10:00:00,94.58484
srv-006,2017-06-06 11:00:00,94.268936
srv-006,2017-06-06 12:00:00,92.11075
srv-006,2017-06-06 13:00:00,95.58349
srv-006,2017-06-06 14:00:00,95.85539
srv-006,2017-06-06 15:00:00,95.14533
srv-006,2017-06-06 16:00:00,95.1417
srv-006,2017-06-06 17:00:00,96.16033
srv-006,2017-06-06 18:00:00,95.69975
srv-006,2017-06-06 19:00:00,95.53967
srv-006,2017-06-06 20:00:00,93.8538
srv-006,2017-06-06 21:00:00,91.94631
srv-006,2017-06-06 22:00:00,93.156746
srv-006,2017-06-06 23:00:00,91.33358
srv-006,2017-06-07 00:00:00,94.41364
srv-006,2017-06-07 01:00:00,93.24097
srv-006,2017-06-07 02:00:00,95.042656
srv-006,2017-06-07 03:00:00,94.864555
srv-006,2017-06-07 04:00:00,92.04223
srv-006,2017-06-07 05:00:00,86.906654
srv-006,2017-06-07 06:00:00,90.31366
srv-006,2017-06-07 07:00:00,92.06324
srv-006,2017-06-07 08:00:00,96.16222
srv-006,2017-06-07 09:00:00,97.367676
srv-006,2017-06-07 10:00:00,98.36166
srv-006,2017-06-07 11:00:00,97.838196
srv-006,2017-06-07 12:00:00,97.735245
srv-006,2017-06-07 13:00:00,97.38895
srv-006,2017-06-07 14:00:00,97.174736
srv-006,2017-06-07 15:00:00,97.174736
srv-006,2017-06-07 16:00:00,97.174736
srv-006,2017-06-07 17:00:00,97.174736
srv-006,2017-06-07 18:00:00,96.89333
srv-006,2017-06-07 19:00:00,97.174736
srv-006,2017-06-07 20:00:00,95.326096
srv-006,2017-06-07 21:00:00,95.33482
srv-006,2017-06-07 22:00:00,93.84393
srv-006,2017-06-07 23:00:00,95.33482
srv-006,2017-06-08 00:00:00,94.4893
srv-006,2017-06-08 01:00:00,92.75496
srv-006,2017-06-08 02:00:00,93.97343
srv-006,2017-06-08 03:00:00,91.349014
srv-006,2017-06-08 04:00:00,91.37568
srv-006,2017-06-08 05:00:00,93.34574
srv-006,2017-06-08 06:00:00,89.2598
srv-006,2017-06-08 07:00:00,91.32141
srv-006,2017-06-08 08:00:00,97.82841
srv-006,2017-06-08 09:00:00,97.15696
srv-006,2017-06-08 10:00:00,95.611145
srv-006,2017-06-08 11:00:00,96.0838
srv-006,2017-06-08 12:00:00,96.42781
srv-006,2017-06-08 13:00:00,96.87897
srv-006,2017-06-08 14:00:00,96.66476
srv-006,2017-06-08 15:00:00,94.81612
srv-006,2017-06-08 16:00:00,94.730545
srv-006,2017-06-08 17:00:00,93.325226
srv-006,2017-06-08 18:00:00,92.356384
srv-006,2017-06-08 19:00:00,95.72293
srv-006,2017-06-08 20:00:00,94.38888
srv-006,2017-06-08 21:00:00,90.55313
srv-006,2017-06-08 22:00:00,91.27808
srv-006,2017-06-08 23:00:00,95.86498
srv-006,2017-06-09 00:00:00,91.10576
srv-006,2017-06-09 01:00:00,94.06287
srv-006,2017-06-09 02:00:00,91.49319
srv-006,2017-06-09 03:00:00,93.88498
srv-006,2017-06-09 04:00:00,90.106155
srv-006,2017-06-09 05:00:00,91.679565
srv-006,2017-06-09 06:00:00,86.61459
srv-006,2017-06-09 07:00:00,84.63434
srv-006,2017-06-09 08:00:00,91.50552
srv-006,2017-06-09 09:00:00,85.53679
srv-006,2017-06-09 10:00:00,80.42882
srv-006,2017-06-09 11:00:00,80.93513
srv-006,2017-06-09 12:00:00,83.439575
srv-006,2017-06-09 13:00:00,88.14181
srv-006,2017-06-09 14:00:00,91.11339
srv-006,2017-06-09 15:00:00,89.60148
srv-006,2017-06-09 16:00:00,90.43226
srv-006,2017-06-09 17:00:00,87.31957
srv-006,2017-06-09 18:00:00,83.082726
srv-006,2017-06-09 19:00:00,83.841156
srv-006,2017-06-09 20:00:00,83.11266
srv-006,2017-06-09 21:00:00,81.6126
srv-006,2017-06-09 22:00:00,77.5302
srv-006,2017-06-09 23:00:00,72.93187
srv-006,2017-06-10 00:00:00,73.66681
srv-006,2017-06-10 01:00:00,79.21169
srv-006,2017-06-10 02:00:00,82.08449
srv-006,2017-06-10 03:00:00,82.77986
srv-006,2017-06-10 04:00:00,79.53807
srv-006,2017-06-10 05:00:00,79.874214
srv-006,2017-06-10 06:00:00,82.344406
srv-006,2017-06-10 07:00:00,79.94712
srv-006,2017-06-10 08:00:00,89.69792
srv-006,2017-06-10 09:00:00,81.5157
srv-006,2017-06-10 10:00:00,85.30496
srv-006,2017-06-10 11:00:00,87.609276
srv-006,2017-06-10 12:00:00,87.84457
srv-006,2017-06-10 13:00:00,89.51192
srv-006,2017-06-10 14:00:00,94.46827
srv-006,2017-06-10 15:00:00,94.68469
srv-006,2017-06-10 16:00:00,93.908035
srv-006,2017-06-10 17:00:00,88.38753
srv-006,2017-06-10 18:00:00,87.79469
srv-006,2017-06-10 19:00:00,84.08639
srv-006,2017-06-10 20:00:00,81.672615
srv-006,2017-06-10 21:00:00,84.63288
srv-006,2017-06-10 22:00:00,81.789444
srv-006,2017-06-10 23:00:00,78.75518
srv-006,2017-06-11 00:00:00,79.549286
srv-006,2017-06-11 01:00:00,82.62531
srv-006,2017-06-11 02:00:00,85.276596
srv-006,2017-06-11 03:00:00,86.42053
srv-006,2017-06-11 04:00:00,81.00199
srv-006,2017-06-11 05:00:00,77.81272
srv-006,2017-06-11 06:00:00,80.41743
srv-006,2017-06-11 07:00:00,82.6829
srv-006,2017-06-11 08:00:00,87.69504
srv-006,2017-06-11 09:00:00,85.758
srv-006,2017-06-11 10:00:00,85.8519
srv-006,2017-06-11 11:00:00,85.2513
srv-006,2017-06-11 12:00:00,87.08871
srv-006,2017-06-11 13:00:00,90.78117
srv-006,2017-06-11 14:00:00,91.93789
srv-006,2017-06-11 15:00:00,93.59656
srv-006,2017-06-11 16:00:00,87.817276
srv-006,2017-06-11 17:00:00,87.897316
srv-006,2017-06-11 18:00:00,85.71895
srv-006,2017-06-11 19:00:00,89.181404
srv-006,2017-06-11 20:00:00,89.28611
srv-006,2017-06-11 21:00:00,84.46837
srv-006,2017-06-11 22:00:00,84.511696
srv-006,2017-06-11 23:00:00,84.87818
srv-006,2017-06-12 00:00:00,85.841606
srv-006,2017-06-12 01:00:00,80.47899
srv-006,2017-06-12 02:00:00,81.60357
srv-006,2017-06-12 03:00:00,82.544685
srv-006,2017-06-12 04:00:00,82.6297
srv-006,2017-06-12 05:00:00,81.53146
srv-006,2017-06-12 06:00:00,83.00452
srv-006,2017-06-12 07:00:00,85.00859
srv-006,2017-06-12 08:00:00,87.69269
srv-006,2017-06-12 09:00:00,89.92365
srv-006,2017-06-12 10:00:00,92.90877
srv-006,2017-06-12 11:00:00,93.051476
srv-006,2017-06-12 12:00:00,89.32917
srv-006,2017-06-12 13:00:00,90.57657
srv-006,2017-06-12 14:00:00,84.21996
srv-006,2017-06-12 15:00:00,88.34152
srv-006,2017-06-12 16:00:00,87.90927
srv-006,2017-06-12 17:00:00,87.79403
srv-006,2017-06-12 18:00:00,83.65943
srv-006,2017-06-12 19:00:00,82.91113
srv-006,2017-06-12 20:00:00,89.50148
srv-006,2017-06-12 21:00:00,86.502014
srv-006,2017-06-12 22:00:00,86.43028
srv-006,2017-06-12 23:00:00,86.91769
srv-006,2017-06-13 00:00:00,85.10475
srv-006,2017-06-13 01:00:00,88.74822
srv-006,2017-06-13 02:00:00,87.95824
srv-006,2017-06-13 03:00:00,85.37218
srv-006,2017-06-13 04:00:00,87.38831
srv-006,2017-06-13 05:00:00,89.8813
srv-006,2017-06-13 06:00:00,86.33169
srv-006,2017-06-13 07:00:00,90.36632
srv-006,2017-06-13 08:00:00,91.57348
srv-006,2017-06-13 09:00:00,92.41395
srv-006,2017-06-13 10:00:00,91.45565
srv-006,2017-06-13 11:00:00,97.20954
srv-006,2017-06-13 12:00:00,97.28294
srv-006,2017-06-13 13:00:00,97.18371
srv-006,2017-06-13 14:00:00,96.09251
srv-006,2017-06-13 15:00:00,96.40577
srv-006,2017-06-13 16:00:00,96.67073
srv-006,2017-06-13 17:00:00,96.153564
srv-006,2017-06-13 18:00:00,95.70244
srv-006,2017-06-13 19:00:00,96.712
srv-006,2017-06-13 20:00:00,96.2785
srv-006,2017-06-13 21:00:00,95.70244
srv-006,2017-06-13 22:00:00,91.72915
srv-006,2017-06-13 23:00:00,94.02538
srv-006,2017-06-14 00:00:00,94.170456
srv-006,2017-06-14 01:00:00,96.56044
srv-006,2017-06-14 02:00:00,95.41867
srv-006,2017-06-14 03:00:00,96.44215
srv-006,2017-06-14 04:00:00,97.16868
srv-006,2017-06-14 05:00:00,96.841805
srv-006,2017-06-14 06:00:00,96.93786
srv-006,2017-06-14 07:00:00,96.93786
srv-006,2017-06-14 08:00:00,96.93786
srv-006,2017-06-14 09:00:00,96.93786
srv-006,2017-06-14 10:00:00,96.93786
srv-006,2017-06-14 11:00:00,96.454384
srv-006,2017-06-14 12:00:00,96.267136
srv-006,2017-06-14 13:00:00,95.96231
srv-006,2017-06-14 14:00:00,95.96231
srv-006,2017-06-14 15:00:00,97.01197
srv-006,2017-06-14 16:00:00,96.26183
srv-006,2017-06-14 17:00:00,96.26183
srv-006,2017-06-14 18:00:00,96.26183
srv-006,2017-06-14 19:00:00,96.26183
srv-006,2017-06-14 20:00:00,96.26183
srv-006,2017-06-14 21:00:00,95.33482
srv-006,2017-06-14 22:00:00,95.33482
srv-006,2017-06-14 23:00:00,93.113785
srv-006,2017-06-15 00:00:00,93.149185
srv-006,2017-06-15 01:00:00,91.705734
srv-006,2017-06-15 02:00:00,92.4858
srv-006,2017-06-15 03:00:00,90.044655
srv-006,2017-06-15 04:00:00,94.29633
srv-006,2017-06-15 05:00:00,92.61581
srv-006,2017-06-15 06:00:00,94.584755
srv-006,2017-06-15 07:00:00,91.74351
srv-006,2017-06-15 08:00:00,97.20003
srv-006,2017-06-15 09:00:00,94.75134
srv-006,2017-06-15 10:00:00,96.140594
srv-006,2017-06-15 11:00:00,96.140594
srv-006,2017-06-15 12:00:00,95.98233
srv-006,2017-06-15 13:00:00,96.13881
srv-006,2017-06-15 14:00:00,96.66476
srv-006,2017-06-15 15:00:00,96.66476
srv-006,2017-06-15 16:00:00,96.579185
srv-006,2017-06-15 17:00:00,96.66476
srv-006,2017-06-15 18:00:00,96.66476
srv-006,2017-06-15 19:00:00,96.66476
srv-006,2017-06-15 20:00:00,96.66476
srv-006,2017-06-15 21:00:00,95.07338
srv-006,2017-06-15 22:00:00,87.597176
srv-006,2017-06-15 23:00:00,80.09518
srv-006,2017-06-16 00:00:00,84.31515
srv-006,2017-06-16 01:00:00,87.67883
srv-006,2017-06-16 02:00:00,87.61418
srv-006,2017-06-16 03:00:00,87.99129
srv-006,2017-06-16 04:00:00,86.90207
srv-006,2017-06-16 05:00:00,88.45379
srv-006,2017-06-16 06:00:00,86.98549
srv-006,2017-06-16 07:00:00,84.03596
srv-006,2017-06-16 08:00:00,85.76488
srv-006,2017-06-16 09:00:00,86.69978
srv-006,2017-06-16 10:00:00,86.24964
srv-006,2017-06-16 11:00:00,92.0374
srv-006,2017-06-16 12:00:00,92.8488
srv-006,2017-06-16 13:00:00,92.628456
srv-006,2017-06-16 14:00:00,90.992294
srv-006,2017-06-16 15:00:00,93.16011
srv-006,2017-06-16 16:00:00,94.21844
srv-006,2017-06-16 17:00:00,90.99125
srv-006,2017-06-16 18:00:00,84.633286
srv-006,2017-06-16 19:00:00,84.82613
srv-006,2017-06-16 20:00:00,81.55889
srv-006,2017-06-16 21:00:00,84.4484
srv-006,2017-06-16 22:00:00,81.78231
srv-006,2017-06-16 23:00:00,80.48898
srv-006,2017-06-17 00:00:00,76.73675
srv-006,2017-06-17 01:00:00,77.951
srv-006,2017-06-17 02:00:00,79.31886
srv-006,2017-06-17 03:00:00,80.4814
srv-006,2017-06-17 04:00:00,80.18935
srv-006,2017-06-17 05:00:00,81.81583
srv-006,2017-06-17 06:00:00,77.78431
srv-006,2017-06-17 07:00:00,79.728004
srv-006,2017-06-17 08:00:00,87.70819
srv-006,2017-06-17 09:00:00,85.126045
srv-006,2017-06-17 10:00:00,82.52062
srv-006,2017-06-17 11:00:00,84.11235
srv-006,2017-06-17 12:00:00,84.3444
srv-006,2017-06-17 13:00:00,85.26254
srv-006,2017-06-17 14:00:00,89.67126
srv-006,2017-06-17 15:00:00,89.20664
srv-006,2017-06-17 16:00:00,86.10507
srv-006,2017-06-17 17:00:00,84.52247
srv-006,2017-06-17 18:00:00,92.071915
srv-006,2017-06-17 19:00:00,91.513115
srv-006,2017-06-17 20:00:00,86.56654
srv-006,2017-06-17 21:00:00,83.04426
srv-006,2017-06-17 22:00:00,80.10865
srv-006,2017-06-17 23:00:00,77.5921
srv-006,2017-06-18 00:00:00,76.597275
srv-006,2017-06-18 01:00:00,80.96917
srv-006,2017-06-18 02:00:00,82.81721
srv-006,2017-06-18 03:00:00,86.36421
srv-006,2017-06-18 04:00:00,83.64769
srv-006,2017-06-18 05:00:00,89.66382
srv-006,2017-06-18 06:00:00,86.702934
srv-006,2017-06-18 07:00:00,83.730606
srv-006,2017-06-18 08:00:00,87.88308
srv-006,2017-06-18 09:00:00,89.88982
srv-006,2017-06-18 10:00:00,87.466934
srv-006,2017-06-18 11:00:00,91.55107
srv-006,2017-06-18 12:00:00,88.116714
srv-006,2017-06-18 13:00:00,88.744774
srv-006,2017-06-18 14:00:00,88.96004
srv-006,2017-06-18 15:00:00,94.39548
srv-006,2017-06-18 16:00:00,90.46709
srv-006,2017-06-18 17:00:00,94.1815
srv-006,2017-06-18 18:00:00,88.380516
srv-006,2017-06-18 19:00:00,88.45655
srv-006,2017-06-18 20:00:00,86.19411
srv-006,2017-06-18 21:00:00,87.76928
srv-006,2017-06-18 22:00:00,84.8709
srv-006,2017-06-18 23:00:00,83.39335
srv-006,2017-06-19 00:00:00,80.59987
srv-006,2017-06-19 01:00:00,83.31598
srv-006,2017-06-19 02:00:00,82.17016
srv-006,2017-06-19 03:00:00,84.99983
srv-006,2017-06-19 04:00:00,82.74027
srv-006,2017-06-19 05:00:00,85.28929
srv-006,2017-06-19 06:00:00,80.82778
srv-006,2017-06-19 07:00:00,81.676346
srv-006,2017-06-19 08:00:00,84.179016
srv-006,2017-06-19 09:00:00,83.40212
srv-006,2017-06-19 10:00:00,81.36415
srv-006,2017-06-19 11:00:00,84.01057
srv-006,2017-06-19 12:00:00,90.386055
srv-006,2017-06-19 13:00:00,92.531555
srv-006,2017-06-19 14:00:00,95.23897
srv-006,2017-06-19 15:00:00,93.69014
srv-006,2017-06-19 16:00:00,95.12769
srv-006,2017-06-19 17:00:00,92.18064
srv-006,2017-06-19 18:00:00,88.21749
srv-006,2017-06-19 19:00:00,86.31755
srv-006,2017-06-19 20:00:00,86.78448
srv-006,2017-06-19 21:00:00,85.76721
srv-006,2017-06-19 22:00:00,91.32964
srv-006,2017-06-19 23:00:00,86.36861
srv-006,2017-06-20 00:00:00,87.63784
srv-006,2017-06-20 01:00:00,88.09463
srv-006,2017-06-20 02:00:00,89.56416
srv-006,2017-06-20 03:00:00,88.09904
srv-006,2017-06-20 04:00:00,88.800674
srv-006,2017-06-20 05:00:00,94.40334
srv-006,2017-06-20 06:00:00,96.23309
srv-006,2017-06-20 07:00:00,95.69856
srv-006,2017-06-20 08:00:00,95.08169
srv-006,2017-06-20 09:00:00,90.77046
srv-006,2017-06-20 10:00:00,96.36451
srv-006,2017-06-20 11:00:00,92.96408
srv-006,2017-06-20 12:00:00,94.72612
srv-006,2017-06-20 13:00:00,94.457214
srv-006,2017-06-20 14:00:00,94.457214
srv-006,2017-06-20 15:00:00,95.314575
srv-006,2017-06-20 16:00:00,94.31136
srv-006,2017-06-20 17:00:00,95.77717
srv-006,2017-06-20 18:00:00,94.789536
srv-006,2017-06-20 19:00:00,94.789536
srv-006,2017-06-20 20:00:00,95.70244
srv-006,2017-06-20 21:00:00,95.70244
srv-006,2017-06-20 22:00:00,95.70244
srv-006,2017-06-20 23:00:00,94.789536
srv-006,2017-06-21 00:00:00,95.96231
srv-006,2017-06-21 01:00:00,93.84393
srv-006,2017-06-21 02:00:00,94.09365
srv-006,2017-06-21 03:00:00,97.18889
srv-006,2017-06-21 04:00:00,97.01626
srv-006,2017-06-21 05:00:00,96.56044
srv-006,2017-06-21 06:00:00,96.56044
srv-006,2017-06-21 07:00:00,96.92453
srv-006,2017-06-21 08:00:00,97.05936
srv-006,2017-06-21 09:00:00,96.93786
srv-006,2017-06-21 10:00:00,96.26183
srv-006,2017-06-21 11:00:00,96.26183
srv-006,2017-06-21 12:00:00,96.26183
srv-006,2017-06-21 13:00:00,96.26183
srv-006,2017-06-21 14:00:00,97.077126
srv-006,2017-06-21 15:00:00,97.174736
srv-006,2017-06-21 16:00:00,96.26183
srv-006,2017-06-21 17:00:00,96.26183
srv-006,2017-06-21 18:00:00,96.26183
srv-006,2017-06-21 19:00:00,96.26183
srv-006,2017-06-21 20:00:00,96.26183
srv-006,2017-06-21 21:00:00,96.26183
srv-006,2017-06-21 22:00:00,96.26183
srv-006,2017-06-21 23:00:00,96.26183
srv-006,2017-06-22 00:00:00,96.00039
srv-006,2017-06-22 01:00:00,96.00039
srv-006,2017-06-22 02:00:00,96.00039
srv-006,2017-06-22 03:00:00,96.00039
srv-006,2017-06-22 04:00:00,96.00039
srv-006,2017-06-22 05:00:00,95.8825
srv-006,2017-06-22 06:00:00,92.83049
srv-006,2017-06-22 07:00:00,91.31272
srv-006,2017-06-22 08:00:00,92.16936
srv-006,2017-06-22 09:00:00,78.89032
srv-006,2017-06-22 10:00:00,80.66636
srv-006,2017-06-22 11:00:00,86.7434
srv-006,2017-06-22 12:00:00,98.146385
srv-006,2017-06-22 13:00:00,95.887184
srv-006,2017-06-22 14:00:00,95.07159
srv-006,2017-06-22 15:00:00,96.00727
srv-006,2017-06-22 16:00:00,99.105255
srv-006,2017-06-22 17:00:00,96.86321
srv-006,2017-06-22 18:00:00,96.00039
srv-006,2017-06-22 19:00:00,95.62524
srv-006,2017-06-22 20:00:00,89.45684
srv-006,2017-06-22 21:00:00,91.01973
srv-006,2017-06-22 22:00:00,82.39654
srv-006,2017-06-22 23:00:00,82.80067
srv-006,2017-06-23 00:00:00,83.808815
srv-006,2017-06-23 01:00:00,85.01838
srv-006,2017-06-23 02:00:00,84.10927
srv-006,2017-06-23 03:00:00,86.501045
srv-006,2017-06-23 04:00:00,86.07228
srv-006,2017-06-23 05:00:00,86.44766
srv-006,2017-06-23 06:00:00,85.27616
srv-006,2017-06-23 07:00:00,83.85041
srv-006,2017-06-23 08:00:00,84.685745
srv-006,2017-06-23 09:00:00,81.39019
srv-006,2017-06-23 10:00:00,80.90733
srv-006,2017-06-23 11:00:00,83.378944
srv-006,2017-06-23 12:00:00,83.53776
srv-006,2017-06-23 13:00:00,86.31262
srv-006,2017-06-23 14:00:00,88.99499
srv-006,2017-06-23 15:00:00,93.16157
srv-006,2017-06-23 16:00:00,93.64286
srv-006,2017-06-23 17:00:00,93.96545
srv-006,2017-06-23 18:00:00,91.59357
srv-006,2017-06-23 19:00:00,84.6403
srv-006,2017-06-23 20:00:00,80.68671
srv-006,2017-06-23 21:00:00,81.65866
srv-006,2017-06-23 22:00:00,77.96192
srv-006,2017-06-23 23:00:00,79.77961
srv-006,2017-06-24 00:00:00,77.25366
srv-006,2017-06-24 01:00:00,82.55912
srv-006,2017-06-24 02:00:00,84.004616
srv-006,2017-06-24 03:00:00,89.28569
srv-006,2017-06-24 04:00:00,90.02416
srv-006,2017-06-24 05:00:00,79.92047
srv-006,2017-06-24 06:00:00,80.01931
srv-006,2017-06-24 07:00:00,82.08409
srv-006,2017-06-24 08:00:00,84.22192
srv-006,2017-06-24 09:00:00,86.56509
srv-006,2017-06-24 10:00:00,86.83596
srv-006,2017-06-24 11:00:00,85.93078
srv-006,2017-06-24 12:00:00,87.36465
srv-006,2017-06-24 13:00:00,91.92159
srv-006,2017-06-24 14:00:00,89.88111
srv-006,2017-06-24 15:00:00,90.157135
srv-006,2017-06-24 16:00:00,87.15226
srv-006,2017-06-24 17:00:00,86.5945
srv-006,2017-06-24 18:00:00,80.73556
srv-006,2017-06-24 19:00:00,81.689964
srv-006,2017-06-24 20:00:00,84.352036
srv-006,2017-06-24 21:00:00,82.12175
srv-006,2017-06-24 22:00:00,80.752045
srv-006,2017-06-24 23:00:00,78.35448
srv-006,2017-06-25 00:00:00,80.529976
srv-006,2017-06-25 01:00:00,83.10542
srv-006,2017-06-25 02:00:00,85.76764
srv-006,2017-06-25 03:00:00,84.18933
srv-006,2017-06-25 04:00:00,81.332375
srv-006,2017-06-25 05:00:00,77.7971
srv-006,2017-06-25 06:00:00,82.06591
srv-006,2017-06-25 07:00:00,80.70966
srv-006,2017-06-25 08:00:00,81.91012
srv-006,2017-06-25 09:00:00,76.35923
srv-006,2017-06-25 10:00:00,80.63991
srv-006,2017-06-25 11:00:00,86.90042
srv-006,2017-06-25 12:00:00,90.39395
srv-006,2017-06-25 13:00:00,92.74532
srv-006,2017-06-25 14:00:00,93.816216
srv-006,2017-06-25 15:00:00,90.75569
srv-006,2017-06-25 16:00:00,93.79181
srv-006,2017-06-25 17:00:00,92.26574
srv-006,2017-06-25 18:00:00,92.40281
srv-006,2017-06-25 19:00:00,86.38615
srv-006,2017-06-25 20:00:00,87.1667
srv-006,2017-06-25 21:00:00,93.19501
srv-006,2017-06-25 22:00:00,90.11408
srv-006,2017-06-25 23:00:00,86.50096
srv-006,2017-06-26 00:00:00,83.909485
srv-006,2017-06-26 01:00:00,81.089874
srv-006,2017-06-26 02:00:00,82.79138
srv-006,2017-06-26 03:00:00,85.17056
srv-006,2017-06-26 04:00:00,81.58559
srv-006,2017-06-26 05:00:00,98.844055
srv-006,2017-06-26 06:00:00,96.58729
srv-006,2017-06-26 07:00:00,82.64151
srv-006,2017-06-26 08:00:00,99.43276
srv-006,2017-06-26 09:00:00,88.7779
srv-006,2017-06-26 10:00:00,84.17203
srv-006,2017-06-26 11:00:00,84.39749
srv-006,2017-06-26 12:00:00,92.10446
srv-006,2017-06-26 13:00:00,91.86305
srv-006,2017-06-26 14:00:00,92.17677
srv-006,2017-06-26 15:00:00,91.268234
srv-006,2017-06-26 16:00:00,91.017586
srv-006,2017-06-26 17:00:00,91.07793
srv-006,2017-06-26 18:00:00,85.16679
srv-006,2017-06-26 19:00:00,79.719246
srv-006,2017-06-26 20:00:00,81.90811
srv-006,2017-06-26 21:00:00,80.41314
srv-006,2017-06-26 22:00:00,80.86851
srv-006,2017-06-26 23:00:00,80.38461
srv-006,2017-06-27 00:00:00,93.39502
srv-006,2017-06-27 01:00:00,89.19013
srv-006,2017-06-27 02:00:00,88.23206
srv-006,2017-06-27 03:00:00,86.397766
srv-006,2017-06-27 04:00:00,88.59387
srv-006,2017-06-27 05:00:00,88.61558
srv-006,2017-06-27 06:00:00,92.44938
srv-006,2017-06-27 07:00:00,89.68011
srv-006,2017-06-27 08:00:00,89.74652
srv-006,2017-06-27 09:00:00,88.9255
srv-006,2017-06-27 10:00:00,88.48568
srv-006,2017-06-27 11:00:00,94.1497
srv-006,2017-06-27 12:00:00,95.50744
srv-006,2017-06-27 13:00:00,95.41302
srv-006,2017-06-27 14:00:00,97.05724
srv-006,2017-06-27 15:00:00,95.36133
srv-006,2017-06-27 16:00:00,96.03248
srv-006,2017-06-27 17:00:00,96.05412
srv-006,2017-06-27 18:00:00,95.8064
srv-006,2017-06-27 19:00:00,95.70244
srv-006,2017-06-27 20:00:00,95.144005
srv-006,2017-06-27 21:00:00,94.78611
srv-006,2017-06-27 22:00:00,93.59569
srv-006,2017-06-27 23:00:00,94.45909
srv-006,2017-06-28 00:00:00,96.24164
srv-006,2017-06-28 01:00:00,94.64377
srv-006,2017-06-28 02:00:00,96.700386
srv-006,2017-06-28 03:00:00,96.97971
srv-006,2017-06-28 04:00:00,95.96231
srv-006,2017-06-28 05:00:00,96.53698
srv-006,2017-06-28 06:00:00,96.841805
srv-006,2017-06-28 07:00:00,96.841805
srv-006,2017-06-28 08:00:00,96.93786
srv-006,2017-06-28 09:00:00,96.93786
srv-006,2017-06-28 10:00:00,96.93786
srv-006,2017-06-28 11:00:00,97.01197
srv-006,2017-06-28 12:00:00,96.93786
srv-006,2017-06-28 13:00:00,96.93786
srv-006,2017-06-28 14:00:00,97.316795
srv-006,2017-06-28 15:00:00,96.93786
srv-006,2017-06-28 16:00:00,96.26183
srv-006,2017-06-28 17:00:00,96.26183
srv-006,2017-06-28 18:00:00,96.26183
srv-006,2017-06-28 19:00:00,96.26183
srv-006,2017-06-28 20:00:00,96.26183
srv-006,2017-06-28 21:00:00,96.26183
srv-006,2017-06-28 22:00:00,96.26183
srv-006,2017-06-28 23:00:00,96.26183
srv-006,2017-06-29 00:00:00,96.00039
srv-006,2017-06-29 01:00:00,93.58249
srv-006,2017-06-29 02:00:00,95.07338
srv-006,2017-06-29 03:00:00,95.980194
srv-006,2017-06-29 04:00:00,95.07338
srv-006,2017-06-29 05:00:00,93.58249
srv-006,2017-06-29 06:00:00,93.52693
srv-006,2017-06-29 07:00:00,96.45726
srv-006,2017-06-29 08:00:00,96.988464
srv-006,2017-06-29 09:00:00,96.35826
srv-006,2017-06-29 10:00:00,96.35826
srv-006,2017-06-29 11:00:00,96.35826
srv-006,2017-06-29 12:00:00,96.20998
srv-006,2017-06-29 13:00:00,96.00039
srv-006,2017-06-29 14:00:00,96.66476
srv-006,2017-06-29 15:00:00,96.00039
srv-006,2017-06-29 16:00:00,96.00039
srv-006,2017-06-29 17:00:00,96.00039
srv-006,2017-06-29 18:00:00,96.66476
srv-006,2017-06-29 19:00:00,96.66476
srv-006,2017-06-29 20:00:00,96.00039
srv-006,2017-06-29 21:00:00,96.00039
srv-006,2017-06-29 22:00:00,90.98326
srv-006,2017-06-29 23:00:00,91.525
srv-006,2017-06-30 00:00:00,85.98244
srv-006,2017-06-30 01:00:00,85.53328
srv-006,2017-06-30 02:00:00,84.4902
srv-006,2017-06-30 03:00:00,85.07054
srv-006,2017-06-30 04:00:00,80.41474
srv-006,2017-06-30 05:00:00,78.623276
srv-006,2017-06-30 06:00:00,80.07602
srv-006,2017-06-30 07:00:00,81.40236
srv-006,2017-06-30 08:00:00,85.39767
srv-006,2017-06-30 09:00:00,87.27397
srv-006,2017-06-30 10:00:00,91.07859
srv-006,2017-06-30 11:00:00,89.22461
srv-006,2017-06-30 12:00:00,87.97513
srv-006,2017-06-30 13:00:00,94.4877
srv-006,2017-06-30 14:00:00,93.307274
srv-006,2017-06-30 15:00:00,92.73613
srv-006,2017-06-30 16:00:00,93.4491
srv-006,2017-06-30 17:00:00,89.389946
srv-006,2017-06-30 18:00:00,89.32014
srv-006,2017-06-30 19:00:00,86.486435
srv-006,2017-06-30 20:00:00,89.3472
srv-006,2017-06-30 21:00:00,80.94467
srv-006,2017-06-30 22:00:00,79.08569
srv-006,2017-06-30 23:00:00,75.56192
srv-007,2017-06-01 23:00:00,41.946545
srv-007,2017-06-02 00:00:00,46.434402
srv-007,2017-06-02 01:00:00,42.977
srv-007,2017-06-02 02:00:00,43.811176
srv-007,2017-06-02 03:00:00,45.7239
srv-007,2017-06-02 04:00:00,45.39946
srv-007,2017-06-02 05:00:00,46.157322
srv-007,2017-06-02 06:00:00,44.63425
srv-007,2017-06-02 07:00:00,47.641014
srv-007,2017-06-02 08:00:00,50.21217
srv-007,2017-06-02 09:00:00,46.072582
srv-007,2017-06-02 10:00:00,42.56153
srv-007,2017-06-02 11:00:00,45.074677
srv-007,2017-06-02 12:00:00,40.3776
srv-007,2017-06-02 13:00:00,40.44859
srv-007,2017-06-02 14:00:00,44.129597
srv-007,2017-06-02 15:00:00,41.03489
srv-007,2017-06-02 16:00:00,38.916695
srv-007,2017-06-02 17:00:00,42.621487
srv-007,2017-06-02 18:00:00,40.089596
srv-007,2017-06-02 19:00:00,39.512585
srv-007,2017-06-02 20:00:00,35.819687
srv-007,2017-06-02 21:00:00,35.250034
srv-007,2017-06-02 22:00:00,35.13459
srv-007,2017-06-02 23:00:00,33.91468
srv-007,2017-06-03 00:00:00,36.789856
srv-007,2017-06-03 01:00:00,38.293972
srv-007,2017-06-03 02:00:00,40.737347
srv-007,2017-06-03 03:00:00,38.295605
srv-007,2017-06-03 04:00:00,37.801987
srv-007,2017-06-03 05:00:00,41.64924
srv-007,2017-06-03 06:00:00,45.45564
srv-007,2017-06-03 07:00:00,42.823593
srv-007,2017-06-03 08:00:00,40.43259
srv-007,2017-06-03 09:00:00,39.92318
srv-007,2017-06-03 10:00:00,40.729195
srv-007,2017-06-03 11:00:00,42.466434
srv-007,2017-06-03 12:00:00,46.062645
srv-007,2017-06-03 13:00:00,44.309353
srv-007,2017-06-03 14:00:00,45.342907
srv-007,2017-06-03 15:00:00,40.542843
srv-007,2017-06-03 16:00:00,39.221073
srv-007,2017-06-03 17:00:00,41.96744
srv-007,2017-06-03 18:00:00,39.444298
srv-007,2017-06-03 19:00:00,34.85922
srv-007,2017-06-03 20:00:00,41.38815
srv-007,2017-06-03 21:00:00,41.3727
srv-007,2017-06-03 22:00:00,38.368587
srv-007,2017-06-03 23:00:00,37.216484
srv-007,2017-06-04 00:00:00,36.953144
srv-007,2017-06-04 01:00:00,38.204132
srv-007,2017-06-04 02:00:00,40.32228
srv-007,2017-06-04 03:00:00,38.860287
srv-007,2017-06-04 04:00:00,35.118134
srv-007,2017-06-04 05:00:00,34.39939
srv-007,2017-06-04 06:00:00,36.554825
srv-007,2017-06-04 07:00:00,38.028996
srv-007,2017-06-04 08:00:00,46.611515
srv-007,2017-06-04 09:00:00,42.228146
srv-007,2017-06-04 10:00:00,42.330273
srv-007,2017-06-04 11:00:00,43.37344
srv-007,2017-06-04 12:00:00,44.355495
srv-007,2017-06-04 13:00:00,45.514835
srv-007,2017-06-04 14:00:00,44.928783
srv-007,2017-06-04 15:00:00,47.4584
srv-007,2017-06-04 16:00:00,50.76897
srv-007,2017-06-04 17:00:00,46.735634
srv-007,2017-06-04 18:00:00,41.274033
srv-007,2017-06-04 19:00:00,39.39632
srv-007,2017-06-04 20:00:00,38.270523
srv-007,2017-06-04 21:00:00,40.072495
srv-007,2017-06-04 22:00:00,38.55959
srv-007,2017-06-04 23:00:00,33.835407
srv-007,2017-06-05 00:00:00,37.657387
srv-007,2017-06-05 01:00:00,33.208122
srv-007,2017-06-05 02:00:00,30.749275
srv-007,2017-06-05 03:00:00,33.39327
srv-007,2017-06-05 04:00:00,41.255554
srv-007,2017-06-05 05:00:00,39.9506
srv-007,2017-06-05 06:00:00,35.054688
srv-007,2017-06-05 07:00:00,34.72413
srv-007,2017-06-05 08:00:00,37.22098
srv-007,2017-06-05 09:00:00,27.154226
srv-007,2017-06-05 10:00:00,33.48515
srv-007,2017-06-05 11:00:00,30.692484
srv-007,2017-06-05 12:00:00,36.056755
srv-007,2017-06-05 13:00:00,41.55103
srv-007,2017-06-05 14:00:00,42.53668
srv-007,2017-06-05 15:00:00,44.221684
srv-007,2017-06-05 16:00:00,47.81234
srv-007,2017-06-05 17:00:00,45.616753
srv-007,2017-06-05 18:00:00,45.556988
srv-007,2017-06-05 19:00:00,43.482067
srv-007,2017-06-05 20:00:00,41.740288
srv-007,2017-06-05 21:00:00,39.693016
srv-007,2017-06-05 22:00:00,37.32548
srv-007,2017-06-05 23:00:00,38.773445
srv-007,2017-06-06 00:00:00,35.980373
srv-007,2017-06-06 01:00:00,45.977814
srv-007,2017-06-06 02:00:00,46.33827
srv-007,2017-06-06 03:00:00,48.565933
srv-007,2017-06-06 04:00:00,51.101635
srv-007,2017-06-06 05:00:00,45.53653
srv-007,2017-06-06 06:00:00,41.623707
srv-007,2017-06-06 07:00:00,43.673843
srv-007,2017-06-06 08:00:00,48.30192
srv-007,2017-06-06 09:00:00,47.83057
srv-007,2017-06-06 10:00:00,51.25462
srv-007,2017-06-06 11:00:00,53.507008
srv-007,2017-06-06 12:00:00,56.282356
srv-007,2017-06-06 13:00:00,51.97299
srv-007,2017-06-06 14:00:00,53.70128
srv-007,2017-06-06 15:00:00,56.943985
srv-007,2017-06-06 16:00:00,52.3488
srv-007,2017-06-06 17:00:00,53.47904
srv-007,2017-06-06 18:00:00,46.171608
srv-007,2017-06-06 19:00:00,47.1654
srv-007,2017-06-06 20:00:00,47.12327
srv-007,2017-06-06 21:00:00,48.366653
srv-007,2017-06-06 22:00:00,47.5702
srv-007,2017-06-06 23:00:00,46.831955
srv-007,2017-06-07 00:00:00,52.639477
srv-007,2017-06-07 01:00:00,51.38643
srv-007,2017-06-07 02:00:00,49.38265
srv-007,2017-06-07 03:00:00,48.923237
srv-007,2017-06-07 04:00:00,49.63755
srv-007,2017-06-07 05:00:00,50.538467
srv-007,2017-06-07 06:00:00,49.324715
srv-007,2017-06-07 07:00:00,49.124294
srv-007,2017-06-07 08:00:00,50.9774
srv-007,2017-06-07 09:00:00,46.910145
srv-007,2017-06-07 10:00:00,49.296722
srv-007,2017-06-07 11:00:00,49.886074
srv-007,2017-06-07 12:00:00,48.634193
srv-007,2017-06-07 13:00:00,50.441345
srv-007,2017-06-07 14:00:00,55.43714
srv-007,2017-06-07 15:00:00,55.11348
srv-007,2017-06-07 16:00:00,56.89065
srv-007,2017-06-07 17:00:00,57.389183
srv-007,2017-06-07 18:00:00,53.72507
srv-007,2017-06-07 19:00:00,53.298153
srv-007,2017-06-07 20:00:00,56.350227
srv-007,2017-06-07 21:00:00,55.287983
srv-007,2017-06-07 22:00:00,51.57423
srv-007,2017-06-07 23:00:00,51.66418
srv-007,2017-06-08 00:00:00,48.591125
srv-007,2017-06-08 01:00:00,45.22046
srv-007,2017-06-08 02:00:00,44.659946
srv-007,2017-06-08 03:00:00,49.367924
srv-007,2017-06-08 04:00:00,50.897144
srv-007,2017-06-08 05:00:00,48.445435
srv-007,2017-06-08 06:00:00,48.565243
srv-007,2017-06-08 07:00:00,47.027252
srv-007,2017-06-08 08:00:00,47.68338
srv-007,2017-06-08 09:00:00,50.940956
srv-007,2017-06-08 10:00:00,51.719353
srv-007,2017-06-08 11:00:00,50.62822
srv-007,2017-06-08 12:00:00,53.012074
srv-007,2017-06-08 13:00:00,52.39524
srv-007,2017-06-08 14:00:00,53.093407
srv-007,2017-06-08 15:00:00,53.284306
srv-007,2017-06-08 16:00:00,51.651035
srv-007,2017-06-08 17:00:00,48.878128
srv-007,2017-06-08 18:00:00,45.10327
srv-007,2017-06-08 19:00:00,43.19821
srv-007,2017-06-08 20:00:00,48.24857
srv-007,2017-06-08 21:00:00,42.808384
srv-007,2017-06-08 22:00:00,43.699856
srv-007,2017-06-08 23:00:00,43.290398
srv-007,2017-06-09 00:00:00,40.268013
srv-007,2017-06-09 01:00:00,42.94038
srv-007,2017-06-09 02:00:00,41.49212
srv-007,2017-06-09 03:00:00,38.958035
srv-007,2017-06-09 04:00:00,45.464344
srv-007,2017-06-09 05:00:00,49.699688
srv-007,2017-06-09 06:00:00,43.423973
srv-007,2017-06-09 07:00:00,40.73917
srv-007,2017-06-09 08:00:00,40.915623
srv-007,2017-06-09 09:00:00,37.876514
srv-007,2017-06-09 10:00:00,42.00717
srv-007,2017-06-09 11:00:00,39.03648
srv-007,2017-06-09 12:00:00,37.932182
srv-007,2017-06-09 13:00:00,34.74643
srv-007,2017-06-09 14:00:00,37.9206
srv-007,2017-06-09 15:00:00,41.07133
srv-007,2017-06-09 16:00:00,37.051765
srv-007,2017-06-09 17:00:00,39.862545
srv-007,2017-06-09 18:00:00,35.94262
srv-007,2017-06-09 19:00:00,38.063076
srv-007,2017-06-09 20:00:00,37.86564
srv-007,2017-06-09 21:00:00,37.271088
srv-007,2017-06-09 22:00:00,38.120358
srv-007,2017-06-09 23:00:00,38.376507
srv-007,2017-06-10 00:00:00,36.67113
srv-007,2017-06-10 01:00:00,40.63678
srv-007,2017-06-10 02:00:00,43.504765
srv-007,2017-06-10 03:00:00,42.466843
srv-007,2017-06-10 04:00:00,42.72828
srv-007,2017-06-10 05:00:00,37.039967
srv-007,2017-06-10 06:00:00,36.48179
srv-007,2017-06-10 07:00:00,32.660336
srv-007,2017-06-10 08:00:00,36.560825
srv-007,2017-06-10 09:00:00,36.722946
srv-007,2017-06-10 10:00:00,37.146843
srv-007,2017-06-10 11:00:00,41.294662
srv-007,2017-06-10 12:00:00,38.6657
srv-007,2017-06-10 13:00:00,42.076797
srv-007,2017-06-10 14:00:00,42.855766
srv-007,2017-06-10 15:00:00,45.77242
srv-007,2017-06-10 16:00:00,43.72569
srv-007,2017-06-10 17:00:00,43.979828
srv-007,2017-06-10 18:00:00,42.832695
srv-007,2017-06-10 19:00:00,38.697536
srv-007,2017-06-10 20:00:00,31.905647
srv-007,2017-06-10 21:00:00,34.44239
srv-007,2017-06-10 22:00:00,34.04272
srv-007,2017-06-10 23:00:00,36.063046
srv-007,2017-06-11 00:00:00,34.775444
srv-007,2017-06-11 01:00:00,37.26312
srv-007,2017-06-11 02:00:00,41.787262
srv-007,2017-06-11 03:00:00,38.663677
srv-007,2017-06-11 04:00:00,42.489506
srv-007,2017-06-11 05:00:00,41.606354
srv-007,2017-06-11 06:00:00,37.421726
srv-007,2017-06-11 07:00:00,37.0038
srv-007,2017-06-11 08:00:00,35.117477
srv-007,2017-06-11 09:00:00,35.401665
srv-007,2017-06-11 10:00:00,35.974617
srv-007,2017-06-11 11:00:00,37.90202
srv-007,2017-06-11 12:00:00,41.963337
srv-007,2017-06-11 13:00:00,44.806595
srv-007,2017-06-11 14:00:00,44.58427
srv-007,2017-06-11 15:00:00,36.41731
srv-007,2017-06-11 16:00:00,41.5176
srv-007,2017-06-11 17:00:00,38.258114
srv-007,2017-06-11 18:00:00,40.359234
srv-007,2017-06-11 19:00:00,40.19292
srv-007,2017-06-11 20:00:00,39.69761
srv-007,2017-06-11 21:00:00,38.573963
srv-007,2017-06-11 22:00:00,37.904705
srv-007,2017-06-11 23:00:00,40.599167
srv-007,2017-06-12 00:00:00,45.588093
srv-007,2017-06-12 01:00:00,38.645153
srv-007,2017-06-12 02:00:00,41.455276
srv-007,2017-06-12 03:00:00,35.934353
srv-007,2017-06-12 04:00:00,36.051422
srv-007,2017-06-12 05:00:00,35.57963
srv-007,2017-06-12 06:00:00,35.674805
srv-007,2017-06-12 07:00:00,36.007595
srv-007,2017-06-12 08:00:00,36.162407
srv-007,2017-06-12 09:00:00,34.9549
srv-007,2017-06-12 10:00:00,36.464344
srv-007,2017-06-12 11:00:00,42.671078
srv-007,2017-06-12 12:00:00,42.435036
srv-007,2017-06-12 13:00:00,44.799133
srv-007,2017-06-12 14:00:00,39.58131
srv-007,2017-06-12 15:00:00,36.061966
srv-007,2017-06-12 16:00:00,32.84955
srv-007,2017-06-12 17:00:00,41.944675
srv-007,2017-06-12 18:00:00,42.77167
srv-007,2017-06-12 19:00:00,40.321136
srv-007,2017-06-12 20:00:00,39.84401
srv-007,2017-06-12 21:00:00,39.43275
srv-007,2017-06-12 22:00:00,43.842876
srv-007,2017-06-12 23:00:00,43.052467
srv-007,2017-06-13 00:00:00,43.622356
srv-007,2017-06-13 01:00:00,47.702965
srv-007,2017-06-13 02:00:00,49.271397
srv-007,2017-06-13 03:00:00,49.10068
srv-007,2017-06-13 04:00:00,39.835953
srv-007,2017-06-13 05:00:00,39.42623
srv-007,2017-06-13 06:00:00,48.452625
srv-007,2017-06-13 07:00:00,43.011383
srv-007,2017-06-13 08:00:00,48.68291
srv-007,2017-06-13 09:00:00,45.32871
srv-007,2017-06-13 10:00:00,48.529568
srv-007,2017-06-13 11:00:00,53.693874
srv-007,2017-06-13 12:00:00,53.993835
srv-007,2017-06-13 13:00:00,60.685165
srv-007,2017-06-13 14:00:00,59.099373
srv-007,2017-06-13 15:00:00,53.595623
srv-007,2017-06-13 16:00:00,51.44764
srv-007,2017-06-13 17:00:00,42.020775
srv-007,2017-06-13 18:00:00,43.47198
srv-007,2017-06-13 19:00:00,43.68152
srv-007,2017-06-13 20:00:00,44.433662
srv-007,2017-06-13 21:00:00,47.671684
srv-007,2017-06-13 22:00:00,50.14342
srv-007,2017-06-13 23:00:00,45.416058
srv-007,2017-06-14 00:00:00,48.94597
srv-007,2017-06-14 01:00:00,48.569542
srv-007,2017-06-14 02:00:00,54.37537
srv-007,2017-06-14 03:00:00,53.677124
srv-007,2017-06-14 04:00:00,56.461212
srv-007,2017-06-14 05:00:00,50.174965
srv-007,2017-06-14 06:00:00,51.845062
srv-007,2017-06-14 07:00:00,52.61386
srv-007,2017-06-14 08:00:00,52.132843
srv-007,2017-06-14 09:00:00,51.009605
srv-007,2017-06-14 10:00:00,50.31166
srv-007,2017-06-14 11:00:00,54.563213
srv-007,2017-06-14 12:00:00,53.711845
srv-007,2017-06-14 13:00:00,55.220463
srv-007,2017-06-14 14:00:00,52.0514
srv-007,2017-06-14 15:00:00,59.610107
srv-007,2017-06-14 16:00:00,58.495296
srv-007,2017-06-14 17:00:00,53.33587
srv-007,2017-06-14 18:00:00,53.971855
srv-007,2017-06-14 19:00:00,52.995224
srv-007,2017-06-14 20:00:00,49.30129
srv-007,2017-06-14 21:00:00,49.51734
srv-007,2017-06-14 22:00:00,45.70732
srv-007,2017-06-14 23:00:00,45.333477
srv-007,2017-06-15 00:00:00,46.922672
srv-007,2017-06-15 01:00:00,51.18177
srv-007,2017-06-15 02:00:00,45.856766
srv-007,2017-06-15 03:00:00,44.662033
srv-007,2017-06-15 04:00:00,50.639156
srv-007,2017-06-15 05:00:00,52.260006
srv-007,2017-06-15 06:00:00,51.75091
srv-007,2017-06-15 07:00:00,48.19571
srv-007,2017-06-15 08:00:00,49.204296
srv-007,2017-06-15 09:00:00,46.30613
srv-007,2017-06-15 10:00:00,46.997917
srv-007,2017-06-15 11:00:00,49.656013
srv-007,2017-06-15 12:00:00,52.669025
srv-007,2017-06-15 13:00:00,52.52845
srv-007,2017-06-15 14:00:00,46.701633
srv-007,2017-06-15 15:00:00,51.816315
srv-007,2017-06-15 16:00:00,49.299072
srv-007,2017-06-15 17:00:00,47.42478
srv-007,2017-06-15 18:00:00,48.371124
srv-007,2017-06-15 19:00:00,44.40274
srv-007,2017-06-15 20:00:00,44.052155
srv-007,2017-06-15 21:00:00,45.11613
srv-007,2017-06-15 22:00:00,42.085396
srv-007,2017-06-15 23:00:00,42.605564
srv-007,2017-06-16 00:00:00,41.17355
srv-007,2017-06-16 01:00:00,37.956535
srv-007,2017-06-16 02:00:00,35.27093
srv-007,2017-06-16 03:00:00,37.307865
srv-007,2017-06-16 04:00:00,43.477337
srv-007,2017-06-16 05:00:00,43.301746
srv-007,2017-06-16 06:00:00,42.068993
srv-007,2017-06-16 07:00:00,43.058994
srv-007,2017-06-16 08:00:00,43.52225
srv-007,2017-06-16 09:00:00,44.587574
srv-007,2017-06-16 10:00:00,41.31878
srv-007,2017-06-16 11:00:00,41.82014
srv-007,2017-06-16 12:00:00,44.442554
srv-007,2017-06-16 13:00:00,44.395454
srv-007,2017-06-16 14:00:00,42.865063
srv-007,2017-06-16 15:00:00,41.787155
srv-007,2017-06-16 16:00:00,42.001213
srv-007,2017-06-16 17:00:00,43.3913
srv-007,2017-06-16 18:00:00,43.05122
srv-007,2017-06-16 19:00:00,43.688984
srv-007,2017-06-16 20:00:00,37.51994
srv-007,2017-06-16 21:00:00,38.384262
srv-007,2017-06-16 22:00:00,34.458054
srv-007,2017-06-16 23:00:00,34.54507
srv-007,2017-06-17 00:00:00,32.927273
srv-007,2017-06-17 01:00:00,34.190014
srv-007,2017-06-17 02:00:00,36.70207
srv-007,2017-06-17 03:00:00,35.310394
srv-007,2017-06-17 04:00:00,40.96306
srv-007,2017-06-17 05:00:00,40.131832
srv-007,2017-06-17 06:00:00,42.96885
srv-007,2017-06-17 07:00:00,39.16241
srv-007,2017-06-17 08:00:00,39.01726
srv-007,2017-06-17 09:00:00,42.914967
srv-007,2017-06-17 10:00:00,40.332573
srv-007,2017-06-17 11:00:00,40.753536
srv-007,2017-06-17 12:00:00,36.11785
srv-007,2017-06-17 13:00:00,34.959946
srv-007,2017-06-17 14:00:00,37.785267
srv-007,2017-06-17 15:00:00,38.396797
srv-007,2017-06-17 16:00:00,38.65956
srv-007,2017-06-17 17:00:00,40.351593
srv-007,2017-06-17 18:00:00,42.514137
srv-007,2017-06-17 19:00:00,44.330086
srv-007,2017-06-17 20:00:00,40.585514
srv-007,2017-06-17 21:00:00,37.01622
srv-007,2017-06-17 22:00:00,35.715763
srv-007,2017-06-17 23:00:00,37.20668
srv-007,2017-06-18 00:00:00,38.039124
srv-007,2017-06-18 01:00:00,36.021175
srv-007,2017-06-18 02:00:00,34.83111
srv-007,2017-06-18 03:00:00,34.217384
srv-007,2017-06-18 04:00:00,35.88016
srv-007,2017-06-18 05:00:00,40.880875
srv-007,2017-06-18 06:00:00,35.500076
srv-007,2017-06-18 07:00:00,38.7079
srv-007,2017-06-18 08:00:00,38.342438
srv-007,2017-06-18 09:00:00,42.55824
srv-007,2017-06-18 10:00:00,42.088818
srv-007,2017-06-18 11:00:00,44.31805
srv-007,2017-06-18 12:00:00,50.73857
srv-007,2017-06-18 13:00:00,53.089493
srv-007,2017-06-18 14:00:00,51.74816
srv-007,2017-06-18 15:00:00,44.04347
srv-007,2017-06-18 16:00:00,41.874756
srv-007,2017-06-18 17:00:00,45.15473
srv-007,2017-06-18 18:00:00,44.302372
srv-007,2017-06-18 19:00:00,41.42445
srv-007,2017-06-18 20:00:00,40.33048
srv-007,2017-06-18 21:00:00,36.238697
srv-007,2017-06-18 22:00:00,34.734764
srv-007,2017-06-18 23:00:00,35.78234
srv-007,2017-06-19 00:00:00,33.93651
srv-007,2017-06-19 01:00:00,36.90422
srv-007,2017-06-19 02:00:00,37.37989
srv-007,2017-06-19 03:00:00,34.598763
srv-007,2017-06-19 04:00:00,35.92186
srv-007,2017-06-19 05:00:00,34.58062
srv-007,2017-06-19 06:00:00,38.959003
srv-007,2017-06-19 07:00:00,39.19352
srv-007,2017-06-19 08:00:00,43.48868
srv-007,2017-06-19 09:00:00,43.12546
srv-007,2017-06-19 10:00:00,43.127926
srv-007,2017-06-19 11:00:00,45.173378
srv-007,2017-06-19 12:00:00,44.266357
srv-007,2017-06-19 13:00:00,46.901184
srv-007,2017-06-19 14:00:00,49.502155
srv-007,2017-06-19 15:00:00,46.40511
srv-007,2017-06-19 16:00:00,42.892456
srv-007,2017-06-19 17:00:00,44.581837
srv-007,2017-06-19 18:00:00,44.996407
srv-007,2017-06-19 19:00:00,45.916546
srv-007,2017-06-19 20:00:00,51.626575
srv-007,2017-06-19 21:00:00,44.557518
srv-007,2017-06-19 22:00:00,42.66633
srv-007,2017-06-19 23:00:00,43.152523
srv-007,2017-06-20 00:00:00,44.517323
srv-007,2017-06-20 01:00:00,42.86889
srv-007,2017-06-20 02:00:00,40.67383
srv-007,2017-06-20 03:00:00,45.792618
srv-007,2017-06-20 04:00:00,48.11325
srv-007,2017-06-20 05:00:00,46.25784
srv-007,2017-06-20 06:00:00,51.003067
srv-007,2017-06-20 07:00:00,49.37994
srv-007,2017-06-20 08:00:00,54.808655
srv-007,2017-06-20 09:00:00,49.518867
srv-007,2017-06-20 10:00:00,50.325485
srv-007,2017-06-20 11:00:00,49.652344
srv-007,2017-06-20 12:00:00,57.18407
srv-007,2017-06-20 13:00:00,52.44073
srv-007,2017-06-20 14:00:00,53.62023
srv-007,2017-06-20 15:00:00,54.978127
srv-007,2017-06-20 16:00:00,52.96144
srv-007,2017-06-20 17:00:00,52.731537
srv-007,2017-06-20 18:00:00,52.146225
srv-007,2017-06-20 19:00:00,52.201294
srv-007,2017-06-20 20:00:00,47.039387
srv-007,2017-06-20 21:00:00,49.626465
srv-007,2017-06-20 22:00:00,49.648933
srv-007,2017-06-20 23:00:00,46.698242
srv-007,2017-06-21 00:00:00,49.016026
srv-007,2017-06-21 01:00:00,53.080364
srv-007,2017-06-21 02:00:00,50.952003
srv-007,2017-06-21 03:00:00,49.482304
srv-007,2017-06-21 04:00:00,52.78781
srv-007,2017-06-21 05:00:00,49.617363
srv-007,2017-06-21 06:00:00,49.410015
srv-007,2017-06-21 07:00:00,49.963585
srv-007,2017-06-21 08:00:00,52.490196
srv-007,2017-06-21 09:00:00,52.83379
srv-007,2017-06-21 10:00:00,49.943977
srv-007,2017-06-21 11:00:00,62.073574
srv-007,2017-06-21 12:00:00,61.708935
srv-007,2017-06-21 13:00:00,53.56369
srv-007,2017-06-21 14:00:00,52.512367
srv-007,2017-06-21 15:00:00,56.108494
srv-007,2017-06-21 16:00:00,62.39673
srv-007,2017-06-21 17:00:00,59.504963
srv-007,2017-06-21 18:00:00,56.76841
srv-007,2017-06-21 19:00:00,56.57368
srv-007,2017-06-21 20:00:00,54.627583
srv-007,2017-06-21 21:00:00,58.471367
srv-007,2017-06-21 22:00:00,57.538593
srv-007,2017-06-21 23:00:00,53.58812
srv-007,2017-06-22 00:00:00,50.651848
srv-007,2017-06-22 01:00:00,51.255817
srv-007,2017-06-22 02:00:00,50.669804
srv-007,2017-06-22 03:00:00,51.205925
srv-007,2017-06-22 04:00:00,47.49623
srv-007,2017-06-22 05:00:00,50.82895
srv-007,2017-06-22 06:00:00,49.756416
srv-007,2017-06-22 07:00:00,45.043888
srv-007,2017-06-22 08:00:00,49.779305
srv-007,2017-06-22 09:00:00,48.875263
srv-007,2017-06-22 10:00:00,52.34086
srv-007,2017-06-22 11:00:00,53.683456
srv-007,2017-06-22 12:00:00,52.3604
srv-007,2017-06-22 13:00:00,50.594654
srv-007,2017-06-22 14:00:00,50.45409
srv-007,2017-06-22 15:00:00,49.330036
srv-007,2017-06-22 16:00:00,49.00881
srv-007,2017-06-22 17:00:00,49.738235
srv-007,2017-06-22 18:00:00,49.613262
srv-007,2017-06-22 19:00:00,47.164494
srv-007,2017-06-22 20:00:00,45.105396
srv-007,2017-06-22 21:00:00,44.053913
srv-007,2017-06-22 22:00:00,39.71605
srv-007,2017-06-22 23:00:00,39.37764
srv-007,2017-06-23 00:00:00,38.731426
srv-007,2017-06-23 01:00:00,38.75748
srv-007,2017-06-23 02:00:00,36.69195
srv-007,2017-06-23 03:00:00,40.052437
srv-007,2017-06-23 04:00:00,36.99411
srv-007,2017-06-23 05:00:00,37.376835
srv-007,2017-06-23 06:00:00,38.619637
srv-007,2017-06-23 07:00:00,37.50698
srv-007,2017-06-23 08:00:00,39.441925
srv-007,2017-06-23 09:00:00,41.308445
srv-007,2017-06-23 10:00:00,40.592003
srv-007,2017-06-23 11:00:00,41.804417
srv-007,2017-06-23 12:00:00,43.864548
srv-007,2017-06-23 13:00:00,41.012684
srv-007,2017-06-23 14:00:00,42.12682
srv-007,2017-06-23 15:00:00,42.605606
srv-007,2017-06-23 16:00:00,43.978928
srv-007,2017-06-23 17:00:00,45.11069
srv-007,2017-06-23 18:00:00,44.530266
srv-007,2017-06-23 19:00:00,39.589413
srv-007,2017-06-23 20:00:00,41.075474
srv-007,2017-06-23 21:00:00,40.044174
srv-007,2017-06-23 22:00:00,39.718365
srv-007,2017-06-23 23:00:00,33.214924
srv-007,2017-06-24 00:00:00,37.64514
srv-007,2017-06-24 01:00:00,42.679592
srv-007,2017-06-24 02:00:00,41.43766
srv-007,2017-06-24 03:00:00,43.95118
srv-007,2017-06-24 04:00:00,44.369312
srv-007,2017-06-24 05:00:00,46.158554
srv-007,2017-06-24 06:00:00,43.279068
srv-007,2017-06-24 07:00:00,32.545242
srv-007,2017-06-24 08:00:00,31.686865
srv-007,2017-06-24 09:00:00,35.812954
srv-007,2017-06-24 10:00:00,34.99292
srv-007,2017-06-24 11:00:00,36.60681
srv-007,2017-06-24 12:00:00,41.135986
srv-007,2017-06-24 13:00:00,49.297867
srv-007,2017-06-24 14:00:00,44.090363
srv-007,2017-06-24 15:00:00,41.791878
srv-007,2017-06-24 16:00:00,43.949734
srv-007,2017-06-24 17:00:00,45.81155
srv-007,2017-06-24 18:00:00,45.17578
srv-007,2017-06-24 19:00:00,45.428513
srv-007,2017-06-24 20:00:00,41.10904
srv-007,2017-06-24 21:00:00,37.380917
srv-007,2017-06-24 22:00:00,37.35891
srv-007,2017-06-24 23:00:00,34.06959
srv-007,2017-06-25 00:00:00,43.349293
srv-007,2017-06-25 01:00:00,43.30973
srv-007,2017-06-25 02:00:00,43.80755
srv-007,2017-06-25 03:00:00,41.109524
srv-007,2017-06-25 04:00:00,39.17803
srv-007,2017-06-25 05:00:00,41.51092
srv-007,2017-06-25 06:00:00,38.278084
srv-007,2017-06-25 07:00:00,36.621014
srv-007,2017-06-25 08:00:00,39.524563
srv-007,2017-06-25 09:00:00,37.13733
srv-007,2017-06-25 10:00:00,37.672024
srv-007,2017-06-25 11:00:00,38.55624
srv-007,2017-06-25 12:00:00,39.55897
srv-007,2017-06-25 13:00:00,42.741177
srv-007,2017-06-25 14:00:00,43.5332
srv-007,2017-06-25 15:00:00,46.338528
srv-007,2017-06-25 16:00:00,48.504517
srv-007,2017-06-25 17:00:00,51.201385
srv-007,2017-06-25 18:00:00,51.5139
srv-007,2017-06-25 19:00:00,42.590866
srv-007,2017-06-25 20:00:00,37.629803
srv-007,2017-06-25 21:00:00,39.877064
srv-007,2017-06-25 22:00:00,39.341995
srv-007,2017-06-25 23:00:00,37.99749
srv-007,2017-06-26 00:00:00,37.477383
srv-007,2017-06-26 01:00:00,34.739742
srv-007,2017-06-26 02:00:00,35.93305
srv-007,2017-06-26 03:00:00,41.756287
srv-007,2017-06-26 04:00:00,43.306465
srv-007,2017-06-26 05:00:00,42.637535
srv-007,2017-06-26 06:00:00,41.800175
srv-007,2017-06-26 07:00:00,36.919533
srv-007,2017-06-26 08:00:00,35.420246
srv-007,2017-06-26 09:00:00,33.844288
srv-007,2017-06-26 10:00:00,41.30735
srv-007,2017-06-26 11:00:00,41.450287
srv-007,2017-06-26 12:00:00,44.38968
srv-007,2017-06-26 13:00:00,44.223873
srv-007,2017-06-26 14:00:00,44.88542
srv-007,2017-06-26 15:00:00,42.971622
srv-007,2017-06-26 16:00:00,45.761642
srv-007,2017-06-26 17:00:00,43.447758
srv-007,2017-06-26 18:00:00,40.13711
srv-007,2017-06-26 19:00:00,42.055454
srv-007,2017-06-26 20:00:00,40.963207
srv-007,2017-06-26 21:00:00,40.186493
srv-007,2017-06-26 22:00:00,36.683994
srv-007,2017-06-26 23:00:00,37.339706
srv-007,2017-06-27 00:00:00,44.347076
srv-007,2017-06-27 01:00:00,42.70849
srv-007,2017-06-27 02:00:00,47.477406
srv-007,2017-06-27 03:00:00,38.351864
srv-007,2017-06-27 04:00:00,38.87515
srv-007,2017-06-27 05:00:00,43.09771
srv-007,2017-06-27 06:00:00,43.71577
srv-007,2017-06-27 07:00:00,40.471184
srv-007,2017-06-27 08:00:00,46.354496
srv-007,2017-06-27 09:00:00,47.480625
srv-007,2017-06-27 10:00:00,48.704025
srv-007,2017-06-27 11:00:00,46.192566
srv-007,2017-06-27 12:00:00,47.851154
srv-007,2017-06-27 13:00:00,46.449245
srv-007,2017-06-27 14:00:00,47.913994
srv-007,2017-06-27 15:00:00,49.989273
srv-007,2017-06-27 16:00:00,55.206253
srv-007,2017-06-27 17:00:00,52.789047
srv-007,2017-06-27 18:00:00,53.732063
srv-007,2017-06-27 19:00:00,49.870316
srv-007,2017-06-27 20:00:00,48.6695
srv-007,2017-06-27 21:00:00,52.942913
srv-007,2017-06-27 22:00:00,47.860683
srv-007,2017-06-27 23:00:00,48.849922
srv-007,2017-06-28 00:00:00,52.51441
srv-007,2017-06-28 01:00:00,48.389214
srv-007,2017-06-28 02:00:00,49.171627
srv-007,2017-06-28 03:00:00,49.623276
srv-007,2017-06-28 04:00:00,46.973343
srv-007,2017-06-28 05:00:00,50.89044
srv-007,2017-06-28 06:00:00,50.09284
srv-007,2017-06-28 07:00:00,49.431
srv-007,2017-06-28 08:00:00,54.326447
srv-007,2017-06-28 09:00:00,50.66933
srv-007,2017-06-28 10:00:00,49.63372
srv-007,2017-06-28 11:00:00,52.902515
srv-007,2017-06-28 12:00:00,54.221336
srv-007,2017-06-28 13:00:00,54.385365
srv-007,2017-06-28 14:00:00,55.81439
srv-007,2017-06-28 15:00:00,57.341064
srv-007,2017-06-28 16:00:00,56.72413
srv-007,2017-06-28 17:00:00,57.32447
srv-007,2017-06-28 18:00:00,53.999786
srv-007,2017-06-28 19:00:00,57.550274
srv-007,2017-06-28 20:00:00,46.31378
srv-007,2017-06-28 21:00:00,37.49017
srv-007,2017-06-28 22:00:00,38.7885
srv-007,2017-06-28 23:00:00,50.149075
srv-007,2017-06-29 00:00:00,42.469288
srv-007,2017-06-29 01:00:00,43.582664
srv-007,2017-06-29 02:00:00,41.08466
srv-007,2017-06-29 03:00:00,46.882347
srv-007,2017-06-29 04:00:00,47.963234
srv-007,2017-06-29 05:00:00,51.342175
srv-007,2017-06-29 06:00:00,47.049538
srv-007,2017-06-29 07:00:00,48.897026
srv-007,2017-06-29 08:00:00,53.128983
srv-007,2017-06-29 09:00:00,45.112366
srv-007,2017-06-29 10:00:00,45.255554
srv-007,2017-06-29 11:00:00,48.37635
srv-007,2017-06-29 12:00:00,53.06159
srv-007,2017-06-29 13:00:00,62.670063
srv-007,2017-06-29 14:00:00,55.139095
srv-007,2017-06-29 15:00:00,52.521835
srv-007,2017-06-29 16:00:00,51.92592
srv-007,2017-06-29 17:00:00,50.006775
srv-007,2017-06-29 18:00:00,50.702183
srv-007,2017-06-29 19:00:00,47.436985
srv-007,2017-06-29 20:00:00,45.119877
srv-007,2017-06-29 21:00:00,47.40488
srv-007,2017-06-29 22:00:00,44.235905
srv-007,2017-06-29 23:00:00,43.03673
srv-007,2017-06-30 00:00:00,44.27307
srv-007,2017-06-30 01:00:00,41.638226
srv-007,2017-06-30 02:00:00,47.044987
srv-007,2017-06-30 03:00:00,47.88074
srv-007,2017-06-30 04:00:00,41.895252
srv-007,2017-06-30 05:00:00,42.97114
srv-007,2017-06-30 06:00:00,49.515102
srv-007,2017-06-30 07:00:00,44.797478
srv-007,2017-06-30 08:00:00,44.52505
srv-007,2017-06-30 09:00:00,44.76897
srv-007,2017-06-30 10:00:00,43.596905
srv-007,2017-06-30 11:00:00,40.95224
srv-007,2017-06-30 12:00:00,34.729237
srv-007,2017-06-30 13:00:00,35.04847
srv-007,2017-06-30 14:00:00,38.494644
srv-007,2017-06-30 15:00:00,37.36509
srv-007,2017-06-30 16:00:00,42.020817
srv-007,2017-06-30 17:00:00,42.38042
srv-007,2017-06-30 18:00:00,38.745968
srv-007,2017-06-30 19:00:00,37.505947
srv-007,2017-06-30 20:00:00,38.67311
srv-007,2017-06-30 21:00:00,35.317856
srv-007,2017-06-30 22:00:00,33.7288
srv-007,2017-06-30 23:00:00,32.84013
srv-008,2017-06-01 23:00:00,74.11403
srv-008,2017-06-02 00:00:00,75.75551
srv-008,2017-06-02 01:00:00,71.94325
srv-008,2017-06-02 02:00:00,73.21581
srv-008,2017-06-02 03:00:00,69.632965
srv-008,2017-06-02 04:00:00,69.66398
srv-008,2017-06-02 05:00:00,72.918686
srv-008,2017-06-02 06:00:00,67.29823
srv-008,2017-06-02 07:00:00,66.71671
srv-008,2017-06-02 08:00:00,63.991974
srv-008,2017-06-02 09:00:00,66.22708
srv-008,2017-06-02 10:00:00,71.16132
srv-008,2017-06-02 11:00:00,78.77916
srv-008,2017-06-02 12:00:00,73.17013
srv-008,2017-06-02 13:00:00,80.7278
srv-008,2017-06-02 14:00:00,82.18614
srv-008,2017-06-02 15:00:00,75.59173
srv-008,2017-06-02 16:00:00,70.543755
srv-008,2017-06-02 17:00:00,66.13303
srv-008,2017-06-02 18:00:00,65.84796
srv-008,2017-06-02 19:00:00,73.67052
srv-008,2017-06-02 20:00:00,70.9878
srv-008,2017-06-02 21:00:00,70.90032
srv-008,2017-06-02 22:00:00,72.16909
srv-008,2017-06-02 23:00:00,76.55319
srv-008,2017-06-03 00:00:00,83.10834
srv-008,2017-06-03 01:00:00,81.73118
srv-008,2017-06-03 02:00:00,72.1831
srv-008,2017-06-03 03:00:00,66.877945
srv-008,2017-06-03 04:00:00,69.716415
srv-008,2017-06-03 05:00:00,75.802734
srv-008,2017-06-03 06:00:00,79.62139
srv-008,2017-06-03 07:00:00,71.938034
srv-008,2017-06-03 08:00:00,76.237816
srv-008,2017-06-03 09:00:00,77.90079
srv-008,2017-06-03 10:00:00,72.408844
srv-008,2017-06-03 11:00:00,69.97708
srv-008,2017-06-03 12:00:00,73.46083
srv-008,2017-06-03 13:00:00,79.58656
srv-008,2017-06-03 14:00:00,80.75703
srv-008,2017-06-03 15:00:00,81.829155
srv-008,2017-06-03 16:00:00,73.37539
srv-008,2017-06-03 17:00:00,73.31557
srv-008,2017-06-03 18:00:00,81.017265
srv-008,2017-06-03 19:00:00,77.83687
srv-008,2017-06-03 20:00:00,76.321594
srv-008,2017-06-03 21:00:00,72.15536
srv-008,2017-06-03 22:00:00,68.984215
srv-008,2017-06-03 23:00:00,66.31785
srv-008,2017-06-04 00:00:00,68.39328
srv-008,2017-06-04 01:00:00,74.120926
srv-008,2017-06-04 02:00:00,72.24578
srv-008,2017-06-04 03:00:00,73.30604
srv-008,2017-06-04 04:00:00,71.993126
srv-008,2017-06-04 05:00:00,69.79782
srv-008,2017-06-04 06:00:00,72.732254
srv-008,2017-06-04 07:00:00,72.63674
srv-008,2017-06-04 08:00:00,73.53335
srv-008,2017-06-04 09:00:00,73.556786
srv-008,2017-06-04 10:00:00,66.82278
srv-008,2017-06-04 11:00:00,66.44216
srv-008,2017-06-04 12:00:00,70.02829
srv-008,2017-06-04 13:00:00,75.382385
srv-008,2017-06-04 14:00:00,76.91393
srv-008,2017-06-04 15:00:00,72.69641
srv-008,2017-06-04 16:00:00,73.25463
srv-008,2017-06-04 17:00:00,80.01166
srv-008,2017-06-04 18:00:00,79.374756
srv-008,2017-06-04 19:00:00,79.08016
srv-008,2017-06-04 20:00:00,72.68092
srv-008,2017-06-04 21:00:00,72.56389
srv-008,2017-06-04 22:00:00,76.15864
srv-008,2017-06-04 23:00:00,78.08509
srv-008,2017-06-05 00:00:00,72.44972
srv-008,2017-06-05 01:00:00,67.144485
srv-008,2017-06-05 02:00:00,70.323906
srv-008,2017-06-05 03:00:00,72.56794
srv-008,2017-06-05 04:00:00,69.951
srv-008,2017-06-05 05:00:00,65.54622
srv-008,2017-06-05 06:00:00,66.86582
srv-008,2017-06-05 07:00:00,70.239136
srv-008,2017-06-05 08:00:00,73.07479
srv-008,2017-06-05 09:00:00,71.932556
srv-008,2017-06-05 10:00:00,71.7852
srv-008,2017-06-05 11:00:00,73.43122
srv-008,2017-06-05 12:00:00,70.8688
srv-008,2017-06-05 13:00:00,77.57481
srv-008,2017-06-05 14:00:00,77.049706
srv-008,2017-06-05 15:00:00,82.03436
srv-008,2017-06-05 16:00:00,74.6971
srv-008,2017-06-05 17:00:00,73.86569
srv-008,2017-06-05 18:00:00,78.51325
srv-008,2017-06-05 19:00:00,81.42118
srv-008,2017-06-05 20:00:00,76.60518
srv-008,2017-06-05 21:00:00,76.219185
srv-008,2017-06-05 22:00:00,71.654526
srv-008,2017-06-05 23:00:00,73.55925
srv-008,2017-06-06 00:00:00,78.73128
srv-008,2017-06-06 01:00:00,76.54875
srv-008,2017-06-06 02:00:00,73.828156
srv-008,2017-06-06 03:00:00,81.81854
srv-008,2017-06-06 04:00:00,84.53534
srv-008,2017-06-06 05:00:00,80.73559
srv-008,2017-06-06 06:00:00,78.533875
srv-008,2017-06-06 07:00:00,76.77102
srv-008,2017-06-06 08:00:00,86.224846
srv-008,2017-06-06 09:00:00,82.90661
srv-008,2017-06-06 10:00:00,72.999794
srv-008,2017-06-06 11:00:00,73.067726
srv-008,2017-06-06 12:00:00,75.47071
srv-008,2017-06-06 13:00:00,75.41629
srv-008,2017-06-06 14:00:00,79.63987
srv-008,2017-06-06 15:00:00,82.00519
srv-008,2017-06-06 16:00:00,77.38289
srv-008,2017-06-06 17:00:00,81.95829
srv-008,2017-06-06 18:00:00,80.23975
srv-008,2017-06-06 19:00:00,78.59702
srv-008,2017-06-06 20:00:00,77.06235
srv-008,2017-06-06 21:00:00,76.7485
srv-008,2017-06-06 22:00:00,83.14724
srv-008,2017-06-06 23:00:00,83.19131
srv-008,2017-06-07 00:00:00,87.148315
srv-008,2017-06-07 01:00:00,80.02351
srv-008,2017-06-07 02:00:00,77.04828
srv-008,2017-06-07 03:00:00,78.91994
srv-008,2017-06-07 04:00:00,76.070656
srv-008,2017-06-07 05:00:00,75.60785
srv-008,2017-06-07 06:00:00,79.23925
srv-008,2017-06-07 07:00:00,79.73424
srv-008,2017-06-07 08:00:00,80.63695
srv-008,2017-06-07 09:00:00,74.469826
srv-008,2017-06-07 10:00:00,80.53462
srv-008,2017-06-07 11:00:00,80.914734
srv-008,2017-06-07 12:00:00,84.24643
srv-008,2017-06-07 13:00:00,85.652824
srv-008,2017-06-07 14:00:00,85.47821
srv-008,2017-06-07 15:00:00,81.79357
srv-008,2017-06-07 16:00:00,76.89471
srv-008,2017-06-07 17:00:00,83.163086
srv-008,2017-06-07 18:00:00,82.829796
srv-008,2017-06-07 19:00:00,81.45145
srv-008,2017-06-07 20:00:00,81.71939
srv-008,2017-06-07 21:00:00,83.559425
srv-008,2017-06-07 22:00:00,85.73951
srv-008,2017-06-07 23:00:00,80.12645
srv-008,2017-06-08 00:00:00,74.4242
srv-008,2017-06-08 01:00:00,74.617874
srv-008,2017-06-08 02:00:00,83.1022
srv-008,2017-06-08 03:00:00,81.356155
srv-008,2017-06-08 04:00:00,80.43891
srv-008,2017-06-08 05:00:00,78.429924
srv-008,2017-06-08 06:00:00,80.12693
srv-008,2017-06-08 07:00:00,85.36771
srv-008,2017-06-08 08:00:00,82.248436
srv-008,2017-06-08 09:00:00,85.42442
srv-008,2017-06-08 10:00:00,83.55848
srv-008,2017-06-08 11:00:00,83.40371
srv-008,2017-06-08 12:00:00,82.4583
srv-008,2017-06-08 13:00:00,80.15157
srv-008,2017-06-08 14:00:00,76.85914
srv-008,2017-06-08 15:00:00,80.822975
srv-008,2017-06-08 16:00:00,80.31349
srv-008,2017-06-08 17:00:00,79.11674
srv-008,2017-06-08 18:00:00,75.84701
srv-008,2017-06-08 19:00:00,75.569046
srv-008,2017-06-08 20:00:00,73.69288
srv-008,2017-06-08 21:00:00,75.35344
srv-008,2017-06-08 22:00:00,75.39339
srv-008,2017-06-08 23:00:00,77.40578
srv-008,2017-06-09 00:00:00,74.90789
srv-008,2017-06-09 01:00:00,82.720924
srv-008,2017-06-09 02:00:00,76.35525
srv-008,2017-06-09 03:00:00,72.62748
srv-008,2017-06-09 04:00:00,75.14902
srv-008,2017-06-09 05:00:00,66.923416
srv-008,2017-06-09 06:00:00,68.25668
srv-008,2017-06-09 07:00:00,74.545876
srv-008,2017-06-09 08:00:00,70.506805
srv-008,2017-06-09 09:00:00,73.96438
srv-008,2017-06-09 10:00:00,75.08249
srv-008,2017-06-09 11:00:00,77.85591
srv-008,2017-06-09 12:00:00,79.84515
srv-008,2017-06-09 13:00:00,81.17685
srv-008,2017-06-09 14:00:00,82.38303
srv-008,2017-06-09 15:00:00,81.95895
srv-008,2017-06-09 16:00:00,80.50923
srv-008,2017-06-09 17:00:00,77.63159
srv-008,2017-06-09 18:00:00,75.66749
srv-008,2017-06-09 19:00:00,72.03367
srv-008,2017-06-09 20:00:00,72.671684
srv-008,2017-06-09 21:00:00,68.67338
srv-008,2017-06-09 22:00:00,70.84588
srv-008,2017-06-09 23:00:00,66.525444
srv-008,2017-06-10 00:00:00,64.74275
srv-008,2017-06-10 01:00:00,69.67266
srv-008,2017-06-10 02:00:00,64.62231
srv-008,2017-06-10 03:00:00,67.74038
srv-008,2017-06-10 04:00:00,71.63346
srv-008,2017-06-10 05:00:00,73.5104
srv-008,2017-06-10 06:00:00,73.92943
srv-008,2017-06-10 07:00:00,74.7277
srv-008,2017-06-10 08:00:00,77.888435
srv-008,2017-06-10 09:00:00,76.77044
srv-008,2017-06-10 10:00:00,72.7913
srv-008,2017-06-10 11:00:00,71.63165
srv-008,2017-06-10 12:00:00,73.0953
srv-008,2017-06-10 13:00:00,71.08337
srv-008,2017-06-10 14:00:00,72.5174
srv-008,2017-06-10 15:00:00,72.209236
srv-008,2017-06-10 16:00:00,76.00698
srv-008,2017-06-10 17:00:00,71.36721
srv-008,2017-06-10 18:00:00,70.99439
srv-008,2017-06-10 19:00:00,69.815346
srv-008,2017-06-10 20:00:00,66.21031
srv-008,2017-06-10 21:00:00,72.229485
srv-008,2017-06-10 22:00:00,71.15728
srv-008,2017-06-10 23:00:00,67.79825
srv-008,2017-06-11 00:00:00,62.17419
srv-008,2017-06-11 01:00:00,68.49514
srv-008,2017-06-11 02:00:00,69.09852
srv-008,2017-06-11 03:00:00,71.98182
srv-008,2017-06-11 04:00:00,73.86309
srv-008,2017-06-11 05:00:00,73.7076
srv-008,2017-06-11 06:00:00,74.072334
srv-008,2017-06-11 07:00:00,68.17098
srv-008,2017-06-11 08:00:00,71.42742
srv-008,2017-06-11 09:00:00,66.13808
srv-008,2017-06-11 10:00:00,71.64103
srv-008,2017-06-11 11:00:00,70.4928
srv-008,2017-06-11 12:00:00,73.10067
srv-008,2017-06-11 13:00:00,72.78792
srv-008,2017-06-11 14:00:00,77.402275
srv-008,2017-06-11 15:00:00,75.29693
srv-008,2017-06-11 16:00:00,72.94514
srv-008,2017-06-11 17:00:00,77.78806
srv-008,2017-06-11 18:00:00,80.74664
srv-008,2017-06-11 19:00:00,80.53149
srv-008,2017-06-11 20:00:00,76.49211
srv-008,2017-06-11 21:00:00,76.53072
srv-008,2017-06-11 22:00:00,71.81318
srv-008,2017-06-11 23:00:00,69.684296
srv-008,2017-06-12 00:00:00,68.77791
srv-008,2017-06-12 01:00:00,73.53382
srv-008,2017-06-12 02:00:00,70.23856
srv-008,2017-06-12 03:00:00,63.898384
srv-008,2017-06-12 04:00:00,63.02725
srv-008,2017-06-12 05:00:00,65.62128
srv-008,2017-06-12 06:00:00,67.49065
srv-008,2017-06-12 07:00:00,72.49054
srv-008,2017-06-12 08:00:00,72.32718
srv-008,2017-06-12 09:00:00,74.66423
srv-008,2017-06-12 10:00:00,72.80799
srv-008,2017-06-12 11:00:00,77.88603
srv-008,2017-06-12 12:00:00,70.715576
srv-008,2017-06-12 13:00:00,68.587456
srv-008,2017-06-12 14:00:00,74.12537
srv-008,2017-06-12 15:00:00,68.59544
srv-008,2017-06-12 16:00:00,72.25998
srv-008,2017-06-12 17:00:00,71.12884
srv-008,2017-06-12 18:00:00,71.977394
srv-008,2017-06-12 19:00:00,69.89433
srv-008,2017-06-12 20:00:00,70.872795
srv-008,2017-06-12 21:00:00,70.26992
srv-008,2017-06-12 22:00:00,67.8992
srv-008,2017-06-12 23:00:00,69.87798
srv-008,2017-06-13 00:00:00,75.59752
srv-008,2017-06-13 01:00:00,77.52048
srv-008,2017-06-13 02:00:00,78.47765
srv-008,2017-06-13 03:00:00,81.75981
srv-008,2017-06-13 04:00:00,79.761246
srv-008,2017-06-13 05:00:00,79.16304
srv-008,2017-06-13 06:00:00,74.176384
srv-008,2017-06-13 07:00:00,75.200554
srv-008,2017-06-13 08:00:00,78.8349
srv-008,2017-06-13 09:00:00,83.56509
srv-008,2017-06-13 10:00:00,75.87481
srv-008,2017-06-13 11:00:00,77.69575
srv-008,2017-06-13 12:00:00,84.398796
srv-008,2017-06-13 13:00:00,88.82733
srv-008,2017-06-13 14:00:00,81.84136
srv-008,2017-06-13 15:00:00,80.02788
srv-008,2017-06-13 16:00:00,75.4131
srv-008,2017-06-13 17:00:00,79.735794
srv-008,2017-06-13 18:00:00,79.96899
srv-008,2017-06-13 19:00:00,82.90366
srv-008,2017-06-13 20:00:00,89.49387
srv-008,2017-06-13 21:00:00,90.12487
srv-008,2017-06-13 22:00:00,87.39347
srv-008,2017-06-13 23:00:00,83.172714
srv-008,2017-06-14 00:00:00,88.887924
srv-008,2017-06-14 01:00:00,90.15177
srv-008,2017-06-14 02:00:00,95.125175
srv-008,2017-06-14 03:00:00,93.21942
srv-008,2017-06-14 04:00:00,86.7603
srv-008,2017-06-14 05:00:00,76.44176
srv-008,2017-06-14 06:00:00,74.88221
srv-008,2017-06-14 07:00:00,74.57369
srv-008,2017-06-14 08:00:00,74.93131
srv-008,2017-06-14 09:00:00,75.087975
srv-008,2017-06-14 10:00:00,74.9711
srv-008,2017-06-14 11:00:00,74.020584
srv-008,2017-06-14 12:00:00,82.0074
srv-008,2017-06-14 13:00:00,81.36974
srv-008,2017-06-14 14:00:00,82.85821
srv-008,2017-06-14 15:00:00,81.4038
srv-008,2017-06-14 16:00:00,84.29657
srv-008,2017-06-14 17:00:00,79.07608
srv-008,2017-06-14 18:00:00,79.674904
srv-008,2017-06-14 19:00:00,81.89015
srv-008,2017-06-14 20:00:00,80.26036
srv-008,2017-06-14 21:00:00,79.05597
srv-008,2017-06-14 22:00:00,76.21748
srv-008,2017-06-14 23:00:00,78.53794
srv-008,2017-06-15 00:00:00,77.1581
srv-008,2017-06-15 01:00:00,80.67048
srv-008,2017-06-15 02:00:00,75.770485
srv-008,2017-06-15 03:00:00,78.81655
srv-008,2017-06-15 04:00:00,82.125885
srv-008,2017-06-15 05:00:00,82.37936
srv-008,2017-06-15 06:00:00,75.70513
srv-008,2017-06-15 07:00:00,73.942894
srv-008,2017-06-15 08:00:00,78.64838
srv-008,2017-06-15 09:00:00,76.293045
srv-008,2017-06-15 10:00:00,74.34837
srv-008,2017-06-15 11:00:00,79.99578
srv-008,2017-06-15 12:00:00,85.32074
srv-008,2017-06-15 13:00:00,86.094475
srv-008,2017-06-15 14:00:00,84.45943
srv-008,2017-06-15 15:00:00,89.0759
srv-008,2017-06-15 16:00:00,78.834984
srv-008,2017-06-15 17:00:00,80.856186
srv-008,2017-06-15 18:00:00,77.51897
srv-008,2017-06-15 19:00:00,77.30319
srv-008,2017-06-15 20:00:00,78.24345
srv-008,2017-06-15 21:00:00,91.5833
srv-008,2017-06-15 22:00:00,72.443405
srv-008,2017-06-15 23:00:00,76.976906
srv-008,2017-06-16 00:00:00,82.02129
srv-008,2017-06-16 01:00:00,83.77084
srv-008,2017-06-16 02:00:00,76.962456
srv-008,2017-06-16 03:00:00,77.737236
srv-008,2017-06-16 04:00:00,72.44051
srv-008,2017-06-16 05:00:00,71.72624
srv-008,2017-06-16 06:00:00,73.38166
srv-008,2017-06-16 07:00:00,73.123436
srv-008,2017-06-16 08:00:00,73.3115
srv-008,2017-06-16 09:00:00,69.459564
srv-008,2017-06-16 10:00:00,65.28819
srv-008,2017-06-16 11:00:00,74.845825
srv-008,2017-06-16 12:00:00,76.180466
srv-008,2017-06-16 13:00:00,80.85959
srv-008,2017-06-16 14:00:00,73.99
srv-008,2017-06-16 15:00:00,74.22577
srv-008,2017-06-16 16:00:00,76.759575
srv-008,2017-06-16 17:00:00,72.1091
srv-008,2017-06-16 18:00:00,73.40638
srv-008,2017-06-16 19:00:00,68.09894
srv-008,2017-06-16 20:00:00,68.13156
srv-008,2017-06-16 21:00:00,77.74946
srv-008,2017-06-16 22:00:00,72.99286
srv-008,2017-06-16 23:00:00,71.671486
srv-008,2017-06-17 00:00:00,67.803764
srv-008,2017-06-17 01:00:00,68.08429
srv-008,2017-06-17 02:00:00,76.1827
srv-008,2017-06-17 03:00:00,79.635925
srv-008,2017-06-17 04:00:00,78.10029
srv-008,2017-06-17 05:00:00,82.49173
srv-008,2017-06-17 06:00:00,73.14897
srv-008,2017-06-17 07:00:00,71.30682
srv-008,2017-06-17 08:00:00,68.26568
srv-008,2017-06-17 09:00:00,72.93632
srv-008,2017-06-17 10:00:00,81.79244
srv-008,2017-06-17 11:00:00,73.13814
srv-008,2017-06-17 12:00:00,74.61948
srv-008,2017-06-17 13:00:00,73.67584
srv-008,2017-06-17 14:00:00,73.91557
srv-008,2017-06-17 15:00:00,77.61373
srv-008,2017-06-17 16:00:00,72.9522
srv-008,2017-06-17 17:00:00,73.78733
srv-008,2017-06-17 18:00:00,79.82108
srv-008,2017-06-17 19:00:00,74.14753
srv-008,2017-06-17 20:00:00,75.2948
srv-008,2017-06-17 21:00:00,70.15202
srv-008,2017-06-17 22:00:00,66.97249
srv-008,2017-06-17 23:00:00,72.13957
srv-008,2017-06-18 00:00:00,68.35264
srv-008,2017-06-18 01:00:00,69.20857
srv-008,2017-06-18 02:00:00,68.760895
srv-008,2017-06-18 03:00:00,66.37221
srv-008,2017-06-18 04:00:00,69.582985
srv-008,2017-06-18 05:00:00,75.22627
srv-008,2017-06-18 06:00:00,74.43136
srv-008,2017-06-18 07:00:00,73.2544
srv-008,2017-06-18 08:00:00,74.79118
srv-008,2017-06-18 09:00:00,77.01171
srv-008,2017-06-18 10:00:00,78.57731
srv-008,2017-06-18 11:00:00,75.81005
srv-008,2017-06-18 12:00:00,78.80104
srv-008,2017-06-18 13:00:00,74.93393
srv-008,2017-06-18 14:00:00,77.95087
srv-008,2017-06-18 15:00:00,79.21238
srv-008,2017-06-18 16:00:00,76.435684
srv-008,2017-06-18 17:00:00,78.57337
srv-008,2017-06-18 18:00:00,76.15656
srv-008,2017-06-18 19:00:00,73.56774
srv-008,2017-06-18 20:00:00,68.63444
srv-008,2017-06-18 21:00:00,72.15649
srv-008,2017-06-18 22:00:00,67.2207
srv-008,2017-06-18 23:00:00,84.990524
srv-008,2017-06-19 00:00:00,80.72323
srv-008,2017-06-19 01:00:00,73.137955
srv-008,2017-06-19 02:00:00,74.67007
srv-008,2017-06-19 03:00:00,76.70041
srv-008,2017-06-19 04:00:00,74.96269
srv-008,2017-06-19 05:00:00,73.804855
srv-008,2017-06-19 06:00:00,71.56851
srv-008,2017-06-19 07:00:00,64.850784
srv-008,2017-06-19 08:00:00,70.30681
srv-008,2017-06-19 09:00:00,69.35667
srv-008,2017-06-19 10:00:00,77.46692
srv-008,2017-06-19 11:00:00,77.39112
srv-008,2017-06-19 12:00:00,81.61597
srv-008,2017-06-19 13:00:00,81.92184
srv-008,2017-06-19 14:00:00,80.02422
srv-008,2017-06-19 15:00:00,83.28799
srv-008,2017-06-19 16:00:00,79.561615
srv-008,2017-06-19 17:00:00,78.201126
srv-008,2017-06-19 18:00:00,74.16826
srv-008,2017-06-19 19:00:00,78.47862
srv-008,2017-06-19 20:00:00,75.60892
srv-008,2017-06-19 21:00:00,72.63205
srv-008,2017-06-19 22:00:00,73.84564
srv-008,2017-06-19 23:00:00,75.48316
srv-008,2017-06-20 00:00:00,77.22736
srv-008,2017-06-20 01:00:00,78.12323
srv-008,2017-06-20 02:00:00,78.96009
srv-008,2017-06-20 03:00:00,80.95442
srv-008,2017-06-20 04:00:00,80.4598
srv-008,2017-06-20 05:00:00,75.6441
srv-008,2017-06-20 06:00:00,81.66818
srv-008,2017-06-20 07:00:00,83.57134
srv-008,2017-06-20 08:00:00,82.80803
srv-008,2017-06-20 09:00:00,79.16724
srv-008,2017-06-20 10:00:00,76.164536
srv-008,2017-06-20 11:00:00,77.72492
srv-008,2017-06-20 12:00:00,80.68596
srv-008,2017-06-20 13:00:00,79.56705
srv-008,2017-06-20 14:00:00,82.31467
srv-008,2017-06-20 15:00:00,80.02057
srv-008,2017-06-20 16:00:00,77.63953
srv-008,2017-06-20 17:00:00,78.930046
srv-008,2017-06-20 18:00:00,79.48828
srv-008,2017-06-20 19:00:00,76.61413
srv-008,2017-06-20 20:00:00,80.93658
srv-008,2017-06-20 21:00:00,81.90058
srv-008,2017-06-20 22:00:00,83.95895
srv-008,2017-06-20 23:00:00,77.42645
srv-008,2017-06-21 00:00:00,73.213425
srv-008,2017-06-21 01:00:00,74.2372
srv-008,2017-06-21 02:00:00,77.46533
srv-008,2017-06-21 03:00:00,76.04382
srv-008,2017-06-21 04:00:00,74.95063
srv-008,2017-06-21 05:00:00,72.91053
srv-008,2017-06-21 06:00:00,78.319824
srv-008,2017-06-21 07:00:00,78.875565
srv-008,2017-06-21 08:00:00,82.42637
srv-008,2017-06-21 09:00:00,78.15192
srv-008,2017-06-21 10:00:00,82.91813
srv-008,2017-06-21 11:00:00,81.7194
srv-008,2017-06-21 12:00:00,77.997894
srv-008,2017-06-21 13:00:00,72.90691
srv-008,2017-06-21 14:00:00,74.85918
srv-008,2017-06-21 15:00:00,77.81942
srv-008,2017-06-21 16:00:00,79.36884
srv-008,2017-06-21 17:00:00,82.15862
srv-008,2017-06-21 18:00:00,83.694916
srv-008,2017-06-21 19:00:00,81.6451
srv-008,2017-06-21 20:00:00,82.98093
srv-008,2017-06-21 21:00:00,84.19191
srv-008,2017-06-21 22:00:00,79.46075
srv-008,2017-06-21 23:00:00,76.41522
srv-008,2017-06-22 00:00:00,74.28867
srv-008,2017-06-22 01:00:00,71.599144
srv-008,2017-06-22 02:00:00,66.82009
srv-008,2017-06-22 03:00:00,75.64689
srv-008,2017-06-22 04:00:00,77.874054
srv-008,2017-06-22 05:00:00,80.06688
srv-008,2017-06-22 06:00:00,84.25549
srv-008,2017-06-22 07:00:00,83.4375
srv-008,2017-06-22 08:00:00,80.9549
srv-008,2017-06-22 09:00:00,73.145706
srv-008,2017-06-22 10:00:00,79.45945
srv-008,2017-06-22 11:00:00,80.83908
srv-008,2017-06-22 12:00:00,81.44164
srv-008,2017-06-22 13:00:00,82.50207
srv-008,2017-06-22 14:00:00,81.66937
srv-008,2017-06-22 15:00:00,82.37263
srv-008,2017-06-22 16:00:00,86.50338
srv-008,2017-06-22 17:00:00,86.797615
srv-008,2017-06-22 18:00:00,85.42966
srv-008,2017-06-22 19:00:00,87.31773
srv-008,2017-06-22 20:00:00,83.30784
srv-008,2017-06-22 21:00:00,80.700874
srv-008,2017-06-22 22:00:00,75.58452
srv-008,2017-06-22 23:00:00,74.47686
srv-008,2017-06-23 00:00:00,73.11033
srv-008,2017-06-23 01:00:00,77.26283
srv-008,2017-06-23 02:00:00,79.6303
srv-008,2017-06-23 03:00:00,72.193924
srv-008,2017-06-23 04:00:00,72.781555
srv-008,2017-06-23 05:00:00,75.596436
srv-008,2017-06-23 06:00:00,71.73372
srv-008,2017-06-23 07:00:00,68.12196
srv-008,2017-06-23 08:00:00,72.98091
srv-008,2017-06-23 09:00:00,71.03858
srv-008,2017-06-23 10:00:00,75.939
srv-008,2017-06-23 11:00:00,73.18248
srv-008,2017-06-23 12:00:00,78.60105
srv-008,2017-06-23 13:00:00,84.89051
srv-008,2017-06-23 14:00:00,78.08524
srv-008,2017-06-23 15:00:00,79.310585
srv-008,2017-06-23 16:00:00,77.015945
srv-008,2017-06-23 17:00:00,73.71516
srv-008,2017-06-23 18:00:00,79.09909
srv-008,2017-06-23 19:00:00,75.55985
srv-008,2017-06-23 20:00:00,75.82277
srv-008,2017-06-23 21:00:00,73.69468
srv-008,2017-06-23 22:00:00,67.86699
srv-008,2017-06-23 23:00:00,74.80545
srv-008,2017-06-24 00:00:00,69.336945
srv-008,2017-06-24 01:00:00,75.52442
srv-008,2017-06-24 02:00:00,70.29032
srv-008,2017-06-24 03:00:00,66.974754
srv-008,2017-06-24 04:00:00,73.34925
srv-008,2017-06-24 05:00:00,66.53807
srv-008,2017-06-24 06:00:00,71.24503
srv-008,2017-06-24 07:00:00,70.29799
srv-008,2017-06-24 08:00:00,72.962944
srv-008,2017-06-24 09:00:00,72.22642
srv-008,2017-06-24 10:00:00,65.94634
srv-008,2017-06-24 11:00:00,68.78242
srv-008,2017-06-24 12:00:00,77.15203
srv-008,2017-06-24 13:00:00,80.81083
srv-008,2017-06-24 14:00:00,83.00158
srv-008,2017-06-24 15:00:00,74.782776
srv-008,2017-06-24 16:00:00,72.76073
srv-008,2017-06-24 17:00:00,72.86398
srv-008,2017-06-24 18:00:00,77.92424
srv-008,2017-06-24 19:00:00,71.88692
srv-008,2017-06-24 20:00:00,71.84691
srv-008,2017-06-24 21:00:00,74.74654
srv-008,2017-06-24 22:00:00,69.61259
srv-008,2017-06-24 23:00:00,72.63871
srv-008,2017-06-25 00:00:00,69.502426
srv-008,2017-06-25 01:00:00,73.161156
srv-008,2017-06-25 02:00:00,71.51456
srv-008,2017-06-25 03:00:00,72.18542
srv-008,2017-06-25 04:00:00,78.26627
srv-008,2017-06-25 05:00:00,71.532005
srv-008,2017-06-25 06:00:00,66.45438
srv-008,2017-06-25 07:00:00,70.67312
srv-008,2017-06-25 08:00:00,72.75641
srv-008,2017-06-25 09:00:00,76.61308
srv-008,2017-06-25 10:00:00,75.15821
srv-008,2017-06-25 11:00:00,76.1134
srv-008,2017-06-25 12:00:00,77.287025
srv-008,2017-06-25 13:00:00,75.91291
srv-008,2017-06-25 14:00:00,73.797104
srv-008,2017-06-25 15:00:00,80.16586
srv-008,2017-06-25 16:00:00,81.548935
srv-008,2017-06-25 17:00:00,79.46489
srv-008,2017-06-25 18:00:00,79.03552
srv-008,2017-06-25 19:00:00,78.90691
srv-008,2017-06-25 20:00:00,73.43616
srv-008,2017-06-25 21:00:00,74.12191
srv-008,2017-06-25 22:00:00,72.15727
srv-008,2017-06-25 23:00:00,73.10904
srv-008,2017-06-26 00:00:00,69.123535
srv-008,2017-06-26 01:00:00,70.691124
srv-008,2017-06-26 02:00:00,71.02536
srv-008,2017-06-26 03:00:00,68.0502
srv-008,2017-06-26 04:00:00,65.19833
srv-008,2017-06-26 05:00:00,61.694702
srv-008,2017-06-26 06:00:00,61.736664
srv-008,2017-06-26 07:00:00,69.0593
srv-008,2017-06-26 08:00:00,73.83311
srv-008,2017-06-26 09:00:00,71.23856
srv-008,2017-06-26 10:00:00,72.820175
srv-008,2017-06-26 11:00:00,76.363365
srv-008,2017-06-26 12:00:00,79.82269
srv-008,2017-06-26 13:00:00,78.78428
srv-008,2017-06-26 14:00:00,70.41989
srv-008,2017-06-26 15:00:00,71.90049
srv-008,2017-06-26 16:00:00,74.20722
srv-008,2017-06-26 17:00:00,76.37473
srv-008,2017-06-26 18:00:00,73.81157
srv-008,2017-06-26 19:00:00,72.48177
srv-008,2017-06-26 20:00:00,72.693275
srv-008,2017-06-26 21:00:00,74.23874
srv-008,2017-06-26 22:00:00,74.80749
srv-008,2017-06-26 23:00:00,81.86791
srv-008,2017-06-27 00:00:00,75.70934
srv-008,2017-06-27 01:00:00,73.17172
srv-008,2017-06-27 02:00:00,73.38294
srv-008,2017-06-27 03:00:00,76.32836
srv-008,2017-06-27 04:00:00,70.669945
srv-008,2017-06-27 05:00:00,69.95808
srv-008,2017-06-27 06:00:00,76.76919
srv-008,2017-06-27 07:00:00,78.618164
srv-008,2017-06-27 08:00:00,74.40199
srv-008,2017-06-27 09:00:00,74.30624
srv-008,2017-06-27 10:00:00,76.61829
srv-008,2017-06-27 11:00:00,82.282585
srv-008,2017-06-27 12:00:00,83.015755
srv-008,2017-06-27 13:00:00,83.03286
srv-008,2017-06-27 14:00:00,81.48676
srv-008,2017-06-27 15:00:00,79.220146
srv-008,2017-06-27 16:00:00,80.75523
srv-008,2017-06-27 17:00:00,81.485016
srv-008,2017-06-27 18:00:00,79.88583
srv-008,2017-06-27 19:00:00,80.640274
srv-008,2017-06-27 20:00:00,83.360664
srv-008,2017-06-27 21:00:00,77.05785
srv-008,2017-06-27 22:00:00,76.92333
srv-008,2017-06-27 23:00:00,82.92865
srv-008,2017-06-28 00:00:00,75.940704
srv-008,2017-06-28 01:00:00,69.47071
srv-008,2017-06-28 02:00:00,73.42425
srv-008,2017-06-28 03:00:00,79.39348
srv-008,2017-06-28 04:00:00,76.1501
srv-008,2017-06-28 05:00:00,74.7355
srv-008,2017-06-28 06:00:00,78.03219
srv-008,2017-06-28 07:00:00,82.41957
srv-008,2017-06-28 08:00:00,79.038574
srv-008,2017-06-28 09:00:00,83.07166
srv-008,2017-06-28 10:00:00,79.79715
srv-008,2017-06-28 11:00:00,82.14447
srv-008,2017-06-28 12:00:00,87.79982
srv-008,2017-06-28 13:00:00,81.451065
srv-008,2017-06-28 14:00:00,81.20434
srv-008,2017-06-28 15:00:00,85.58118
srv-008,2017-06-28 16:00:00,81.80111
srv-008,2017-06-28 17:00:00,77.724434
srv-008,2017-06-28 18:00:00,78.27241
srv-008,2017-06-28 19:00:00,79.14599
srv-008,2017-06-28 20:00:00,75.11683
srv-008,2017-06-28 21:00:00,77.30539
srv-008,2017-06-28 22:00:00,79.69213
srv-008,2017-06-28 23:00:00,75.178764
srv-008,2017-06-29 00:00:00,74.99915
srv-008,2017-06-29 01:00:00,73.59155
srv-008,2017-06-29 02:00:00,73.42865
srv-008,2017-06-29 03:00:00,75.933395
srv-008,2017-06-29 04:00:00,81.592224
srv-008,2017-06-29 05:00:00,81.14101
srv-008,2017-06-29 06:00:00,81.74333
srv-008,2017-06-29 07:00:00,81.32603
srv-008,2017-06-29 08:00:00,80.144455
srv-008,2017-06-29 09:00:00,78.74146
srv-008,2017-06-29 10:00:00,78.98062
srv-008,2017-06-29 11:00:00,81.434166
srv-008,2017-06-29 12:00:00,81.768105
srv-008,2017-06-29 13:00:00,84.14432
srv-008,2017-06-29 14:00:00,81.21625
srv-008,2017-06-29 15:00:00,80.73715
srv-008,2017-06-29 16:00:00,77.16017
srv-008,2017-06-29 17:00:00,82.78388
srv-008,2017-06-29 18:00:00,81.561615
srv-008,2017-06-29 19:00:00,89.12677
srv-008,2017-06-29 20:00:00,82.99874
srv-008,2017-06-29 21:00:00,82.04925
srv-008,2017-06-29 22:00:00,72.19548
srv-008,2017-06-29 23:00:00,75.69967
srv-008,2017-06-30 00:00:00,75.12429
srv-008,2017-06-30 01:00:00,78.3588
srv-008,2017-06-30 02:00:00,76.319466
srv-008,2017-06-30 03:00:00,74.698074
srv-008,2017-06-30 04:00:00,75.17855
srv-008,2017-06-30 05:00:00,71.84586
srv-008,2017-06-30 06:00:00,71.08175
srv-008,2017-06-30 07:00:00,67.811165
srv-008,2017-06-30 08:00:00,73.76789
srv-008,2017-06-30 09:00:00,68.251015
srv-008,2017-06-30 10:00:00,73.326836
srv-008,2017-06-30 11:00:00,76.80082
srv-008,2017-06-30 12:00:00,81.41993
srv-008,2017-06-30 13:00:00,77.55804
srv-008,2017-06-30 14:00:00,81.022316
srv-008,2017-06-30 15:00:00,76.78109
srv-008,2017-06-30 16:00:00,79.66268
srv-008,2017-06-30 17:00:00,77.505714
srv-008,2017-06-30 18:00:00,73.49257
srv-008,2017-06-30 19:00:00,70.92717
srv-008,2017-06-30 20:00:00,65.80548
srv-008,2017-06-30 21:00:00,71.54214
srv-008,2017-06-30 22:00:00,70.17291
srv-008,2017-06-30 23:00:00,76.303246
srv-009,2017-06-01 23:00:00,31.750298
srv-009,2017-06-02 00:00:00,31.379671
srv-009,2017-06-02 01:00:00,31.933117
srv-009,2017-06-02 02:00:00,32.711338
srv-009,2017-06-02 03:00:00,32.30035
srv-009,2017-06-02 04:00:00,32.463036
srv-009,2017-06-02 05:00:00,30.758806
srv-009,2017-06-02 06:00:00,32.27192
srv-009,2017-06-02 07:00:00,32.879818
srv-009,2017-06-02 08:00:00,31.96281
srv-009,2017-06-02 09:00:00,30.607883
srv-009,2017-06-02 10:00:00,29.787748
srv-009,2017-06-02 11:00:00,29.850336
srv-009,2017-06-02 12:00:00,29.514479
srv-009,2017-06-02 13:00:00,30.918276
srv-009,2017-06-02 14:00:00,32.08131
srv-009,2017-06-02 15:00:00,31.780745
srv-009,2017-06-02 16:00:00,41.212017
srv-009,2017-06-02 17:00:00,30.683716
srv-009,2017-06-02 18:00:00,28.542545
srv-009,2017-06-02 19:00:00,31.518057
srv-009,2017-06-02 20:00:00,31.379395
srv-009,2017-06-02 21:00:00,30.218044
srv-009,2017-06-02 22:00:00,29.989367
srv-009,2017-06-02 23:00:00,31.051224
srv-009,2017-06-03 00:00:00,30.486391
srv-009,2017-06-03 01:00:00,30.889204
srv-009,2017-06-03 02:00:00,28.524874
srv-009,2017-06-03 03:00:00,29.225805
srv-009,2017-06-03 04:00:00,30.250048
srv-009,2017-06-03 05:00:00,31.624641
srv-009,2017-06-03 06:00:00,30.386774
srv-009,2017-06-03 07:00:00,29.895977
srv-009,2017-06-03 08:00:00,29.918537
srv-009,2017-06-03 09:00:00,29.674046
srv-009,2017-06-03 10:00:00,30.332565
srv-009,2017-06-03 11:00:00,30.381054
srv-009,2017-06-03 12:00:00,31.047394
srv-009,2017-06-03 13:00:00,31.155941
srv-009,2017-06-03 14:00:00,31.296186
srv-009,2017-06-03 15:00:00,32.04063
srv-009,2017-06-03 16:00:00,32.301826
srv-009,2017-06-03 17:00:00,31.594
srv-009,2017-06-03 18:00:00,33.466248
srv-009,2017-06-03 19:00:00,32.64494
srv-009,2017-06-03 20:00:00,33.25642
srv-009,2017-06-03 21:00:00,33.585114
srv-009,2017-06-03 22:00:00,32.757328
srv-009,2017-06-03 23:00:00,30.650616
srv-009,2017-06-04 00:00:00,28.863493
srv-009,2017-06-04 01:00:00,28.182117
srv-009,2017-06-04 02:00:00,28.25306
srv-009,2017-06-04 03:00:00,39.794056
srv-009,2017-06-04 04:00:00,31.919209
srv-009,2017-06-04 05:00:00,30.541208
srv-009,2017-06-04 06:00:00,31.864523
srv-009,2017-06-04 07:00:00,30.02395
srv-009,2017-06-04 08:00:00,32.051872
srv-009,2017-06-04 09:00:00,33.26905
srv-009,2017-06-04 10:00:00,31.20038
srv-009,2017-06-04 11:00:00,30.80684
srv-009,2017-06-04 12:00:00,31.343496
srv-009,2017-06-04 13:00:00,31.561571
srv-009,2017-06-04 14:00:00,31.351482
srv-009,2017-06-04 15:00:00,31.588335
srv-009,2017-06-04 16:00:00,34.394806
srv-009,2017-06-04 17:00:00,30.658949
srv-009,2017-06-04 18:00:00,31.302948
srv-009,2017-06-04 19:00:00,33.168026
srv-009,2017-06-04 20:00:00,29.465214
srv-009,2017-06-04 21:00:00,29.472181
srv-009,2017-06-04 22:00:00,31.189938
srv-009,2017-06-04 23:00:00,31.331745
srv-009,2017-06-05 00:00:00,30.997692
srv-009,2017-06-05 01:00:00,30.202507
srv-009,2017-06-05 02:00:00,30.32866
srv-009,2017-06-05 03:00:00,30.641836
srv-009,2017-06-05 04:00:00,30.5167
srv-009,2017-06-05 05:00:00,30.50729
srv-009,2017-06-05 06:00:00,32.441895
srv-009,2017-06-05 07:00:00,31.922073
srv-009,2017-06-05 08:00:00,31.582325
srv-009,2017-06-05 09:00:00,29.904001
srv-009,2017-06-05 10:00:00,30.923922
srv-009,2017-06-05 11:00:00,28.138327
srv-009,2017-06-05 12:00:00,30.604288
srv-009,2017-06-05 13:00:00,31.78023
srv-009,2017-06-05 14:00:00,32.438057
srv-009,2017-06-05 15:00:00,33.338055
srv-009,2017-06-05 16:00:00,31.559359
srv-009,2017-06-05 17:00:00,30.377283
srv-009,2017-06-05 18:00:00,29.635302
srv-009,2017-06-05 19:00:00,30.83755
srv-009,2017-06-05 20:00:00,29.548029
srv-009,2017-06-05 21:00:00,30.87011
srv-009,2017-06-05 22:00:00,30.644196
srv-009,2017-06-05 23:00:00,30.771978
srv-009,2017-06-06 00:00:00,31.95378
srv-009,2017-06-06 01:00:00,31.791147
srv-009,2017-06-06 02:00:00,31.993965
srv-009,2017-06-06 03:00:00,33.91004
srv-009,2017-06-06 04:00:00,31.932487
srv-009,2017-06-06 05:00:00,31.744465
srv-009,2017-06-06 06:00:00,31.801266
srv-009,2017-06-06 07:00:00,34.59921
srv-009,2017-06-06 08:00:00,35.501675
srv-009,2017-06-06 09:00:00,35.147717
srv-009,2017-06-06 10:00:00,34.315937
srv-009,2017-06-06 11:00:00,31.813002
srv-009,2017-06-06 12:00:00,31.921885
srv-009,2017-06-06 13:00:00,33.96823
srv-009,2017-06-06 14:00:00,34.04858
srv-009,2017-06-06 15:00:00,35.07737
srv-009,2017-06-06 16:00:00,34.408966
srv-009,2017-06-06 17:00:00,34.257584
srv-009,2017-06-06 18:00:00,35.02596
srv-009,2017-06-06 19:00:00,32.73918
srv-009,2017-06-06 20:00:00,35.04851
srv-009,2017-06-06 21:00:00,34.319775
srv-009,2017-06-06 22:00:00,32.16488
srv-009,2017-06-06 23:00:00,32.08689
srv-009,2017-06-07 00:00:00,34.05747
srv-009,2017-06-07 01:00:00,31.926735
srv-009,2017-06-07 02:00:00,33.561237
srv-009,2017-06-07 03:00:00,32.677597
srv-009,2017-06-07 04:00:00,34.83839
srv-009,2017-06-07 05:00:00,34.84185
srv-009,2017-06-07 06:00:00,32.009853
srv-009,2017-06-07 07:00:00,32.81774
srv-009,2017-06-07 08:00:00,32.990017
srv-009,2017-06-07 09:00:00,32.448368
srv-009,2017-06-07 10:00:00,33.054577
srv-009,2017-06-07 11:00:00,33.666058
srv-009,2017-06-07 12:00:00,34.085503
srv-009,2017-06-07 13:00:00,33.483784
srv-009,2017-06-07 14:00:00,33.642845
srv-009,2017-06-07 15:00:00,34.4311
srv-009,2017-06-07 16:00:00,35.25652
srv-009,2017-06-07 17:00:00,35.7066
srv-009,2017-06-07 18:00:00,36.363438
srv-009,2017-06-07 19:00:00,34.38247
srv-009,2017-06-07 20:00:00,34.45113
srv-009,2017-06-07 21:00:00,34.45113
srv-009,2017-06-07 22:00:00,34.88452
srv-009,2017-06-07 23:00:00,34.88452
srv-009,2017-06-08 00:00:00,34.217346
srv-009,2017-06-08 01:00:00,34.48045
srv-009,2017-06-08 02:00:00,33.021606
srv-009,2017-06-08 03:00:00,33.28671
srv-009,2017-06-08 04:00:00,32.069347
srv-009,2017-06-08 05:00:00,34.904667
srv-009,2017-06-08 06:00:00,32.495125
srv-009,2017-06-08 07:00:00,31.324972
srv-009,2017-06-08 08:00:00,31.48168
srv-009,2017-06-08 09:00:00,31.808245
srv-009,2017-06-08 10:00:00,34.056877
srv-009,2017-06-08 11:00:00,35.14778
srv-009,2017-06-08 12:00:00,33.172527
srv-009,2017-06-08 13:00:00,32.10235
srv-009,2017-06-08 14:00:00,33.57301
srv-009,2017-06-08 15:00:00,33.402256
srv-009,2017-06-08 16:00:00,32.670578
srv-009,2017-06-08 17:00:00,33.866318
srv-009,2017-06-08 18:00:00,31.62611
srv-009,2017-06-08 19:00:00,33.273865
srv-009,2017-06-08 20:00:00,31.700748
srv-009,2017-06-08 21:00:00,31.270971
srv-009,2017-06-08 22:00:00,32.011887
srv-009,2017-06-08 23:00:00,31.907322
srv-009,2017-06-09 00:00:00,31.033705
srv-009,2017-06-09 01:00:00,31.156666
srv-009,2017-06-09 02:00:00,32.984215
srv-009,2017-06-09 03:00:00,37.124
srv-009,2017-06-09 04:00:00,34.84458
srv-009,2017-06-09 05:00:00,32.91873
srv-009,2017-06-09 06:00:00,30.700418
srv-009,2017-06-09 07:00:00,31.186943
srv-009,2017-06-09 08:00:00,33.83806
srv-009,2017-06-09 09:00:00,33.5413
srv-009,2017-06-09 10:00:00,31.933117
srv-009,2017-06-09 11:00:00,31.348396
srv-009,2017-06-09 12:00:00,31.296104
srv-009,2017-06-09 13:00:00,31.023397
srv-009,2017-06-09 14:00:00,31.053564
srv-009,2017-06-09 15:00:00,31.097893
srv-009,2017-06-09 16:00:00,33.267624
srv-009,2017-06-09 17:00:00,31.17147
srv-009,2017-06-09 18:00:00,32.983246
srv-009,2017-06-09 19:00:00,30.911854
srv-009,2017-06-09 20:00:00,30.675337
srv-009,2017-06-09 21:00:00,31.067726
srv-009,2017-06-09 22:00:00,29.854588
srv-009,2017-06-09 23:00:00,26.710604
srv-009,2017-06-10 00:00:00,26.517189
srv-009,2017-06-10 01:00:00,29.016653
srv-009,2017-06-10 02:00:00,29.567772
srv-009,2017-06-10 03:00:00,32.05195
srv-009,2017-06-10 04:00:00,32.143764
srv-009,2017-06-10 05:00:00,33.73823
srv-009,2017-06-10 06:00:00,31.011606
srv-009,2017-06-10 07:00:00,31.810947
srv-009,2017-06-10 08:00:00,31.35339
srv-009,2017-06-10 09:00:00,33.09145
srv-009,2017-06-10 10:00:00,32.661552
srv-009,2017-06-10 11:00:00,33.869923
srv-009,2017-06-10 12:00:00,32.747284
srv-009,2017-06-10 13:00:00,31.37396
srv-009,2017-06-10 14:00:00,30.44096
srv-009,2017-06-10 15:00:00,32.35673
srv-009,2017-06-10 16:00:00,32.89721
srv-009,2017-06-10 17:00:00,32.878967
srv-009,2017-06-10 18:00:00,34.948578
srv-009,2017-06-10 19:00:00,34.19237
srv-009,2017-06-10 20:00:00,34.175224
srv-009,2017-06-10 21:00:00,33.42549
srv-009,2017-06-10 22:00:00,31.528826
srv-009,2017-06-10 23:00:00,30.93041
srv-009,2017-06-11 00:00:00,31.297352
srv-009,2017-06-11 01:00:00,27.884611
srv-009,2017-06-11 02:00:00,31.041998
srv-009,2017-06-11 03:00:00,31.568539
srv-009,2017-06-11 04:00:00,30.158531
srv-009,2017-06-11 05:00:00,27.892906
srv-009,2017-06-11 06:00:00,30.26485
srv-009,2017-06-11 07:00:00,30.942589
srv-009,2017-06-11 08:00:00,30.15639
srv-009,2017-06-11 09:00:00,29.961071
srv-009,2017-06-11 10:00:00,29.858467
srv-009,2017-06-11 11:00:00,30.040987
srv-009,2017-06-11 12:00:00,30.022692
srv-009,2017-06-11 13:00:00,31.352497
srv-009,2017-06-11 14:00:00,31.63057
srv-009,2017-06-11 15:00:00,33.153275
srv-009,2017-06-11 16:00:00,33.569176
srv-009,2017-06-11 17:00:00,34.061714
srv-009,2017-06-11 18:00:00,33.890995
srv-009,2017-06-11 19:00:00,32.60302
srv-009,2017-06-11 20:00:00,32.890747
srv-009,2017-06-11 21:00:00,30.812925
srv-009,2017-06-11 22:00:00,30.812925
srv-009,2017-06-11 23:00:00,30.572144
srv-009,2017-06-12 00:00:00,30.491348
srv-009,2017-06-12 01:00:00,28.053835
srv-009,2017-06-12 02:00:00,30.591135
srv-009,2017-06-12 03:00:00,30.900745
srv-009,2017-06-12 04:00:00,32.18152
srv-009,2017-06-12 05:00:00,31.392418
srv-009,2017-06-12 06:00:00,31.296328
srv-009,2017-06-12 07:00:00,31.400894
srv-009,2017-06-12 08:00:00,31.884258
srv-009,2017-06-12 09:00:00,30.734451
srv-009,2017-06-12 10:00:00,31.371141
srv-009,2017-06-12 11:00:00,32.93905
srv-009,2017-06-12 12:00:00,32.11973
srv-009,2017-06-12 13:00:00,30.843237
srv-009,2017-06-12 14:00:00,31.921816
srv-009,2017-06-12 15:00:00,32.761345
srv-009,2017-06-12 16:00:00,31.23957
srv-009,2017-06-12 17:00:00,32.378002
srv-009,2017-06-12 18:00:00,33.247623
srv-009,2017-06-12 19:00:00,33.700653
srv-009,2017-06-12 20:00:00,31.238012
srv-009,2017-06-12 21:00:00,30.97695
srv-009,2017-06-12 22:00:00,31.366917
srv-009,2017-06-12 23:00:00,33.04907
srv-009,2017-06-13 00:00:00,33.577347
srv-009,2017-06-13 01:00:00,33.907295
srv-009,2017-06-13 02:00:00,33.92735
srv-009,2017-06-13 03:00:00,31.910963
srv-009,2017-06-13 04:00:00,31.51085
srv-009,2017-06-13 05:00:00,31.05634
srv-009,2017-06-13 06:00:00,32.252926
srv-009,2017-06-13 07:00:00,32.88282
srv-009,2017-06-13 08:00:00,33.625362
srv-009,2017-06-13 09:00:00,33.114784
srv-009,2017-06-13 10:00:00,33.212746
srv-009,2017-06-13 11:00:00,33.212746
srv-009,2017-06-13 12:00:00,32.862545
srv-009,2017-06-13 13:00:00,33.595245
srv-009,2017-06-13 14:00:00,34.41998
srv-009,2017-06-13 15:00:00,34.956306
srv-009,2017-06-13 16:00:00,32.38361
srv-009,2017-06-13 17:00:00,32.193985
srv-009,2017-06-13 18:00:00,32.939075
srv-009,2017-06-13 19:00:00,33.12386
srv-009,2017-06-13 20:00:00,32.78066
srv-009,2017-06-13 21:00:00,31.721138
srv-009,2017-06-13 22:00:00,31.669178
srv-009,2017-06-13 23:00:00,32.935295
srv-009,2017-06-14 00:00:00,32.84339
srv-009,2017-06-14 01:00:00,33.41616
srv-009,2017-06-14 02:00:00,36.04764
srv-009,2017-06-14 03:00:00,36.224022
srv-009,2017-06-14 04:00:00,35.896618
srv-009,2017-06-14 05:00:00,35.927544
srv-009,2017-06-14 06:00:00,33.79247
srv-009,2017-06-14 07:00:00,34.40395
srv-009,2017-06-14 08:00:00,33.69424
srv-009,2017-06-14 09:00:00,34.692463
srv-009,2017-06-14 10:00:00,36.089767
srv-009,2017-06-14 11:00:00,36.2247
srv-009,2017-06-14 12:00:00,36.409485
srv-009,2017-06-14 13:00:00,34.496044
srv-009,2017-06-14 14:00:00,34.496044
srv-009,2017-06-14 15:00:00,34.765617
srv-009,2017-06-14 16:00:00,34.765617
srv-009,2017-06-14 17:00:00,34.77048
srv-009,2017-06-14 18:00:00,33.9663
srv-009,2017-06-14 19:00:00,32.35209
srv-009,2017-06-14 20:00:00,41.99522
srv-009,2017-06-14 21:00:00,39.670525
srv-009,2017-06-14 22:00:00,38.591076
srv-009,2017-06-14 23:00:00,36.261726
srv-009,2017-06-15 00:00:00,35.57776
srv-009,2017-06-15 01:00:00,35.994614
srv-009,2017-06-15 02:00:00,32.382065
srv-009,2017-06-15 03:00:00,33.37368
srv-009,2017-06-15 04:00:00,34.500114
srv-009,2017-06-15 05:00:00,32.39714
srv-009,2017-06-15 06:00:00,32.059517
srv-009,2017-06-15 07:00:00,32.03316
srv-009,2017-06-15 08:00:00,32.731045
srv-009,2017-06-15 09:00:00,33.45903
srv-009,2017-06-15 10:00:00,34.168095
srv-009,2017-06-15 11:00:00,33.134167
srv-009,2017-06-15 12:00:00,34.131115
srv-009,2017-06-15 13:00:00,34.062454
srv-009,2017-06-15 14:00:00,35.078102
srv-009,2017-06-15 15:00:00,33.246883
srv-009,2017-06-15 16:00:00,33.292553
srv-009,2017-06-15 17:00:00,33.748196
srv-009,2017-06-15 18:00:00,32.19514
srv-009,2017-06-15 19:00:00,33.432926
srv-009,2017-06-15 20:00:00,33.374153
srv-009,2017-06-15 21:00:00,33.2824
srv-009,2017-06-15 22:00:00,32.15539
srv-009,2017-06-15 23:00:00,31.212198
srv-009,2017-06-16 00:00:00,31.225435
srv-009,2017-06-16 01:00:00,31.592407
srv-009,2017-06-16 02:00:00,32.576996
srv-009,2017-06-16 03:00:00,31.40717
srv-009,2017-06-16 04:00:00,32.9183
srv-009,2017-06-16 05:00:00,32.323555
srv-009,2017-06-16 06:00:00,31.256916
srv-009,2017-06-16 07:00:00,30.492846
srv-009,2017-06-16 08:00:00,29.484133
srv-009,2017-06-16 09:00:00,31.081316
srv-009,2017-06-16 10:00:00,32.577854
srv-009,2017-06-16 11:00:00,33.144363
srv-009,2017-06-16 12:00:00,30.855558
srv-009,2017-06-16 13:00:00,31.117315
srv-009,2017-06-16 14:00:00,31.43912
srv-009,2017-06-16 15:00:00,30.897192
srv-009,2017-06-16 16:00:00,32.456673
srv-009,2017-06-16 17:00:00,31.510088
srv-009,2017-06-16 18:00:00,31.054096
srv-009,2017-06-16 19:00:00,30.668701
srv-009,2017-06-16 20:00:00,31.067726
srv-009,2017-06-16 21:00:00,30.361423
srv-009,2017-06-16 22:00:00,30.587088
srv-009,2017-06-16 23:00:00,29.561325
srv-009,2017-06-17 00:00:00,31.353111
srv-009,2017-06-17 01:00:00,31.804043
srv-009,2017-06-17 02:00:00,30.879787
srv-009,2017-06-17 03:00:00,30.922554
srv-009,2017-06-17 04:00:00,30.079107
srv-009,2017-06-17 05:00:00,29.772038
srv-009,2017-06-17 06:00:00,30.060396
srv-009,2017-06-17 07:00:00,30.007507
srv-009,2017-06-17 08:00:00,30.131441
srv-009,2017-06-17 09:00:00,30.932194
srv-009,2017-06-17 10:00:00,31.163847
srv-009,2017-06-17 11:00:00,30.892208
srv-009,2017-06-17 12:00:00,32.60038
srv-009,2017-06-17 13:00:00,30.13234
srv-009,2017-06-17 14:00:00,32.9734
srv-009,2017-06-17 15:00:00,30.979742
srv-009,2017-06-17 16:00:00,35.18815
srv-009,2017-06-17 17:00:00,35.90961
srv-009,2017-06-17 18:00:00,31.425785
srv-009,2017-06-17 19:00:00,31.402514
srv-009,2017-06-17 20:00:00,32.146454
srv-009,2017-06-17 21:00:00,30.922195
srv-009,2017-06-17 22:00:00,30.4686
srv-009,2017-06-17 23:00:00,30.12973
srv-009,2017-06-18 00:00:00,31.167519
srv-009,2017-06-18 01:00:00,31.069984
srv-009,2017-06-18 02:00:00,31.727152
srv-009,2017-06-18 03:00:00,32.6898
srv-009,2017-06-18 04:00:00,29.077187
srv-009,2017-06-18 05:00:00,30.762556
srv-009,2017-06-18 06:00:00,31.393042
srv-009,2017-06-18 07:00:00,31.003174
srv-009,2017-06-18 08:00:00,31.184351
srv-009,2017-06-18 09:00:00,31.427706
srv-009,2017-06-18 10:00:00,31.182415
srv-009,2017-06-18 11:00:00,31.896114
srv-009,2017-06-18 12:00:00,32.37291
srv-009,2017-06-18 13:00:00,33.528053
srv-009,2017-06-18 14:00:00,32.58427
srv-009,2017-06-18 15:00:00,34.26239
srv-009,2017-06-18 16:00:00,31.63207
srv-009,2017-06-18 17:00:00,31.599756
srv-009,2017-06-18 18:00:00,31.518637
srv-009,2017-06-18 19:00:00,32.685436
srv-009,2017-06-18 20:00:00,31.407091
srv-009,2017-06-18 21:00:00,31.63594
srv-009,2017-06-18 22:00:00,31.914171
srv-009,2017-06-18 23:00:00,31.849117
srv-009,2017-06-19 00:00:00,29.961372
srv-009,2017-06-19 01:00:00,31.027027
srv-009,2017-06-19 02:00:00,33.655033
srv-009,2017-06-19 03:00:00,31.822824
srv-009,2017-06-19 04:00:00,29.433447
srv-009,2017-06-19 05:00:00,30.594402
srv-009,2017-06-19 06:00:00,30.916904
srv-009,2017-06-19 07:00:00,28.131983
srv-009,2017-06-19 08:00:00,30.529854
srv-009,2017-06-19 09:00:00,30.584202
srv-009,2017-06-19 10:00:00,29.905554
srv-009,2017-06-19 11:00:00,30.904787
srv-009,2017-06-19 12:00:00,31.307644
srv-009,2017-06-19 13:00:00,32.41207
srv-009,2017-06-19 14:00:00,33.136787
srv-009,2017-06-19 15:00:00,32.507687
srv-009,2017-06-19 16:00:00,32.71113
srv-009,2017-06-19 17:00:00,32.836796
srv-009,2017-06-19 18:00:00,31.774069
srv-009,2017-06-19 19:00:00,31.238058
srv-009,2017-06-19 20:00:00,31.68763
srv-009,2017-06-19 21:00:00,31.16896
srv-009,2017-06-19 22:00:00,30.848558
srv-009,2017-06-19 23:00:00,30.91956
srv-009,2017-06-20 00:00:00,31.282957
srv-009,2017-06-20 01:00:00,31.60004
srv-009,2017-06-20 02:00:00,31.801458
srv-009,2017-06-20 03:00:00,31.304174
srv-009,2017-06-20 04:00:00,33.107883
srv-009,2017-06-20 05:00:00,32.43836
srv-009,2017-06-20 06:00:00,30.477161
srv-009,2017-06-20 07:00:00,31.360981
srv-009,2017-06-20 08:00:00,31.527496
srv-009,2017-06-20 09:00:00,31.571434
srv-009,2017-06-20 10:00:00,31.775671
srv-009,2017-06-20 11:00:00,32.273758
srv-009,2017-06-20 12:00:00,33.839367
srv-009,2017-06-20 13:00:00,33.212746
srv-009,2017-06-20 14:00:00,33.04378
srv-009,2017-06-20 15:00:00,33.165
srv-009,2017-06-20 16:00:00,32.216915
srv-009,2017-06-20 17:00:00,31.783348
srv-009,2017-06-20 18:00:00,35.402523
srv-009,2017-06-20 19:00:00,34.016014
srv-009,2017-06-20 20:00:00,34.709583
srv-009,2017-06-20 21:00:00,31.843168
srv-009,2017-06-20 22:00:00,31.820976
srv-009,2017-06-20 23:00:00,33.04581
srv-009,2017-06-21 00:00:00,33.92037
srv-009,2017-06-21 01:00:00,32.05005
srv-009,2017-06-21 02:00:00,31.535776
srv-009,2017-06-21 03:00:00,32.779873
srv-009,2017-06-21 04:00:00,32.779873
srv-009,2017-06-21 05:00:00,31.805515
srv-009,2017-06-21 06:00:00,33.567028
srv-009,2017-06-21 07:00:00,32.736725
srv-009,2017-06-21 08:00:00,32.197548
srv-009,2017-06-21 09:00:00,31.871119
srv-009,2017-06-21 10:00:00,31.772772
srv-009,2017-06-21 11:00:00,31.799105
srv-009,2017-06-21 12:00:00,33.555992
srv-009,2017-06-21 13:00:00,31.764502
srv-009,2017-06-21 14:00:00,31.526655
srv-009,2017-06-21 15:00:00,31.796677
srv-009,2017-06-21 16:00:00,31.56528
srv-009,2017-06-21 17:00:00,31.428955
srv-009,2017-06-21 18:00:00,31.98981
srv-009,2017-06-21 19:00:00,31.257309
srv-009,2017-06-21 20:00:00,31.427097
srv-009,2017-06-21 21:00:00,30.454258
srv-009,2017-06-21 22:00:00,31.257309
srv-009,2017-06-21 23:00:00,31.207535
srv-009,2017-06-22 00:00:00,31.575464
srv-009,2017-06-22 01:00:00,33.41893
srv-009,2017-06-22 02:00:00,32.988686
srv-009,2017-06-22 03:00:00,31.88041
srv-009,2017-06-22 04:00:00,33.574013
srv-009,2017-06-22 05:00:00,32.356274
srv-009,2017-06-22 06:00:00,31.512909
srv-009,2017-06-22 07:00:00,31.664251
srv-009,2017-06-22 08:00:00,31.719658
srv-009,2017-06-22 09:00:00,31.574669
srv-009,2017-06-22 10:00:00,33.411278
srv-009,2017-06-22 11:00:00,33.459084
srv-009,2017-06-22 12:00:00,33.716507
srv-009,2017-06-22 13:00:00,33.8324
srv-009,2017-06-22 14:00:00,35.29365
srv-009,2017-06-22 15:00:00,33.777283
srv-009,2017-06-22 16:00:00,35.44534
srv-009,2017-06-22 17:00:00,34.719505
srv-009,2017-06-22 18:00:00,34.277462
srv-009,2017-06-22 19:00:00,34.972073
srv-009,2017-06-22 20:00:00,34.499706
srv-009,2017-06-22 21:00:00,34.422546
srv-009,2017-06-22 22:00:00,35.42835
srv-009,2017-06-22 23:00:00,35.912632
srv-009,2017-06-23 00:00:00,34.8179
srv-009,2017-06-23 01:00:00,31.949133
srv-009,2017-06-23 02:00:00,33.18241
srv-009,2017-06-23 03:00:00,32.710667
srv-009,2017-06-23 04:00:00,32.129387
srv-009,2017-06-23 05:00:00,32.716377
srv-009,2017-06-23 06:00:00,32.67733
srv-009,2017-06-23 07:00:00,31.199026
srv-009,2017-06-23 08:00:00,31.032133
srv-009,2017-06-23 09:00:00,30.738415
srv-009,2017-06-23 10:00:00,30.54715
srv-009,2017-06-23 11:00:00,30.804104
srv-009,2017-06-23 12:00:00,33.55546
srv-009,2017-06-23 13:00:00,33.593456
srv-009,2017-06-23 14:00:00,31.844177
srv-009,2017-06-23 15:00:00,31.077013
srv-009,2017-06-23 16:00:00,31.1516
srv-009,2017-06-23 17:00:00,32.654247
srv-009,2017-06-23 18:00:00,30.74379
srv-009,2017-06-23 19:00:00,29.982307
srv-009,2017-06-23 20:00:00,31.134504
srv-009,2017-06-23 21:00:00,34.226685
srv-009,2017-06-23 22:00:00,32.79351
srv-009,2017-06-23 23:00:00,30.158724
srv-009,2017-06-24 00:00:00,31.005774
srv-009,2017-06-24 01:00:00,32.287113
srv-009,2017-06-24 02:00:00,32.580784
srv-009,2017-06-24 03:00:00,30.26979
srv-009,2017-06-24 04:00:00,30.808266
srv-009,2017-06-24 05:00:00,31.180893
srv-009,2017-06-24 06:00:00,30.31907
srv-009,2017-06-24 07:00:00,29.790096
srv-009,2017-06-24 08:00:00,30.007507
srv-009,2017-06-24 09:00:00,30.290781
srv-009,2017-06-24 10:00:00,29.605347
srv-009,2017-06-24 11:00:00,29.605347
srv-009,2017-06-24 12:00:00,31.376333
srv-009,2017-06-24 13:00:00,31.684547
srv-009,2017-06-24 14:00:00,31.384308
srv-009,2017-06-24 15:00:00,31.998722
srv-009,2017-06-24 16:00:00,31.65466
srv-009,2017-06-24 17:00:00,31.4287
srv-009,2017-06-24 18:00:00,32.490215
srv-009,2017-06-24 19:00:00,33.049202
srv-009,2017-06-24 20:00:00,31.569407
srv-009,2017-06-24 21:00:00,31.835625
srv-009,2017-06-24 22:00:00,31.50999
srv-009,2017-06-24 23:00:00,30.722382
srv-009,2017-06-25 00:00:00,31.169058
srv-009,2017-06-25 01:00:00,31.358582
srv-009,2017-06-25 02:00:00,30.903753
srv-009,2017-06-25 03:00:00,31.239346
srv-009,2017-06-25 04:00:00,33.136845
srv-009,2017-06-25 05:00:00,32.485046
srv-009,2017-06-25 06:00:00,30.649635
srv-009,2017-06-25 07:00:00,30.78904
srv-009,2017-06-25 08:00:00,31.172136
srv-009,2017-06-25 09:00:00,29.763916
srv-009,2017-06-25 10:00:00,30.098063
srv-009,2017-06-25 11:00:00,29.319868
srv-009,2017-06-25 12:00:00,30.022692
srv-009,2017-06-25 13:00:00,31.262611
srv-009,2017-06-25 14:00:00,32.23342
srv-009,2017-06-25 15:00:00,33.109158
srv-009,2017-06-25 16:00:00,30.829758
srv-009,2017-06-25 17:00:00,30.859283
srv-009,2017-06-25 18:00:00,31.230667
srv-009,2017-06-25 19:00:00,31.054136
srv-009,2017-06-25 20:00:00,31.54967
srv-009,2017-06-25 21:00:00,31.41769
srv-009,2017-06-25 22:00:00,32.5105
srv-009,2017-06-25 23:00:00,31.610579
srv-009,2017-06-26 00:00:00,31.471441
srv-009,2017-06-26 01:00:00,29.950136
srv-009,2017-06-26 02:00:00,30.579454
srv-009,2017-06-26 03:00:00,31.151781
srv-009,2017-06-26 04:00:00,33.615788
srv-009,2017-06-26 05:00:00,32.90356
srv-009,2017-06-26 06:00:00,33.67175
srv-009,2017-06-26 07:00:00,33.76971
srv-009,2017-06-26 08:00:00,31.531853
srv-009,2017-06-26 09:00:00,32.356396
srv-009,2017-06-26 10:00:00,30.767149
srv-009,2017-06-26 11:00:00,29.146288
srv-009,2017-06-26 12:00:00,29.25652
srv-009,2017-06-26 13:00:00,30.480963
srv-009,2017-06-26 14:00:00,28.877916
srv-009,2017-06-26 15:00:00,29.518137
srv-009,2017-06-26 16:00:00,30.678038
srv-009,2017-06-26 17:00:00,32.647663
srv-009,2017-06-26 18:00:00,32.964787
srv-009,2017-06-26 19:00:00,32.064377
srv-009,2017-06-26 20:00:00,30.037346
srv-009,2017-06-26 21:00:00,29.96748
srv-009,2017-06-26 22:00:00,32.273174
srv-009,2017-06-26 23:00:00,31.602032
srv-009,2017-06-27 00:00:00,32.19676
srv-009,2017-06-27 01:00:00,32.276608
srv-009,2017-06-27 02:00:00,32.999245
srv-009,2017-06-27 03:00:00,31.949646
srv-009,2017-06-27 04:00:00,31.938684
srv-009,2017-06-27 05:00:00,33.882008
srv-009,2017-06-27 06:00:00,33.595276
srv-009,2017-06-27 07:00:00,32.156277
srv-009,2017-06-27 08:00:00,33.498158
srv-009,2017-06-27 09:00:00,33.970486
srv-009,2017-06-27 10:00:00,33.34252
srv-009,2017-06-27 11:00:00,32.899864
srv-009,2017-06-27 12:00:00,33.41453
srv-009,2017-06-27 13:00:00,33.481464
srv-009,2017-06-27 14:00:00,31.802607
srv-009,2017-06-27 15:00:00,32.725307
srv-009,2017-06-27 16:00:00,33.677536
srv-009,2017-06-27 17:00:00,34.32482
srv-009,2017-06-27 18:00:00,36.866726
srv-009,2017-06-27 19:00:00,35.386738
srv-009,2017-06-27 20:00:00,34.540863
srv-009,2017-06-27 21:00:00,34.877537
srv-009,2017-06-27 22:00:00,35.24012
srv-009,2017-06-27 23:00:00,34.22735
srv-009,2017-06-28 00:00:00,33.145473
srv-009,2017-06-28 01:00:00,31.944393
srv-009,2017-06-28 02:00:00,31.451105
srv-009,2017-06-28 03:00:00,32.931244
srv-009,2017-06-28 04:00:00,32.931244
srv-009,2017-06-28 05:00:00,34.285866
srv-009,2017-06-28 06:00:00,34.984707
srv-009,2017-06-28 07:00:00,36.538868
srv-009,2017-06-28 08:00:00,34.501354
srv-009,2017-06-28 09:00:00,32.663948
srv-009,2017-06-28 10:00:00,32.811836
srv-009,2017-06-28 11:00:00,36.316742
srv-009,2017-06-28 12:00:00,36.46258
srv-009,2017-06-28 13:00:00,34.7339
srv-009,2017-06-28 14:00:00,33.778038
srv-009,2017-06-28 15:00:00,35.72458
srv-009,2017-06-28 16:00:00,41.32104
srv-009,2017-06-28 17:00:00,39.48907
srv-009,2017-06-28 18:00:00,38.00339
srv-009,2017-06-28 19:00:00,38.266846
srv-009,2017-06-28 20:00:00,39.324295
srv-009,2017-06-28 21:00:00,37.49323
srv-009,2017-06-28 22:00:00,36.49228
srv-009,2017-06-28 23:00:00,36.855408
srv-009,2017-06-29 00:00:00,34.365498
srv-009,2017-06-29 01:00:00,31.427425
srv-009,2017-06-29 02:00:00,32.31738
srv-009,2017-06-29 03:00:00,33.43479
srv-009,2017-06-29 04:00:00,31.891844
srv-009,2017-06-29 05:00:00,34.838123
srv-009,2017-06-29 06:00:00,34.72926
srv-009,2017-06-29 07:00:00,35.320786
srv-009,2017-06-29 08:00:00,35.359596
srv-009,2017-06-29 09:00:00,36.564564
srv-009,2017-06-29 10:00:00,36.10978
srv-009,2017-06-29 11:00:00,35.730217
srv-009,2017-06-29 12:00:00,34.058113
srv-009,2017-06-29 13:00:00,32.563156
srv-009,2017-06-29 14:00:00,32.38091
srv-009,2017-06-29 15:00:00,32.3966
srv-009,2017-06-29 16:00:00,32.03316
srv-009,2017-06-29 17:00:00,33.269596
srv-009,2017-06-29 18:00:00,31.295914
srv-009,2017-06-29 19:00:00,31.607622
srv-009,2017-06-29 20:00:00,31.638897
srv-009,2017-06-29 21:00:00,30.944878
srv-009,2017-06-29 22:00:00,31.80502
srv-009,2017-06-29 23:00:00,31.497322
srv-009,2017-06-30 00:00:00,31.417398
srv-009,2017-06-30 01:00:00,31.740671
srv-009,2017-06-30 02:00:00,32.26145
srv-009,2017-06-30 03:00:00,32.26773
srv-009,2017-06-30 04:00:00,31.159452
srv-009,2017-06-30 05:00:00,32.983463
srv-009,2017-06-30 06:00:00,30.589443
srv-009,2017-06-30 07:00:00,29.829744
srv-009,2017-06-30 08:00:00,30.926533
srv-009,2017-06-30 09:00:00,32.127968
srv-009,2017-06-30 10:00:00,32.614033
srv-009,2017-06-30 11:00:00,32.650204
srv-009,2017-06-30 12:00:00,34.005672
srv-009,2017-06-30 13:00:00,31.176088
srv-009,2017-06-30 14:00:00,31.042965
srv-009,2017-06-30 15:00:00,31.933117
srv-009,2017-06-30 16:00:00,31.933117
srv-009,2017-06-30 17:00:00,30.642572
srv-009,2017-06-30 18:00:00,30.685843
srv-009,2017-06-30 19:00:00,32.112106
srv-009,2017-06-30 20:00:00,31.10551
srv-009,2017-06-30 21:00:00,31.850458
srv-009,2017-06-30 22:00:00,31.10068
srv-009,2017-06-30 23:00:00,32.52447
srv-010,2017-06-01 23:00:00,81.23847
srv-010,2017-06-02 00:00:00,78.01335
srv-010,2017-06-02 01:00:00,76.68184
srv-010,2017-06-02 02:00:00,80.23002
srv-010,2017-06-02 03:00:00,79.48641
srv-010,2017-06-02 04:00:00,81.10235
srv-010,2017-06-02 05:00:00,80.45164
srv-010,2017-06-02 06:00:00,79.1943
srv-010,2017-06-02 07:00:00,75.71445
srv-010,2017-06-02 08:00:00,80.69707
srv-010,2017-06-02 09:00:00,79.61696
srv-010,2017-06-02 10:00:00,82.39637
srv-010,2017-06-02 11:00:00,83.26882
srv-010,2017-06-02 12:00:00,85.206436
srv-010,2017-06-02 13:00:00,86.08324
srv-010,2017-06-02 14:00:00,81.380295
srv-010,2017-06-02 15:00:00,81.18456
srv-010,2017-06-02 16:00:00,76.30692
srv-010,2017-06-02 17:00:00,79.87178
srv-010,2017-06-02 18:00:00,75.7522
srv-010,2017-06-02 19:00:00,72.426025
srv-010,2017-06-02 20:00:00,69.66014
srv-010,2017-06-02 21:00:00,71.13272
srv-010,2017-06-02 22:00:00,68.365715
srv-010,2017-06-02 23:00:00,67.280365
srv-010,2017-06-03 00:00:00,67.154945
srv-010,2017-06-03 01:00:00,72.25658
srv-010,2017-06-03 02:00:00,71.30054
srv-010,2017-06-03 03:00:00,68.443344
srv-010,2017-06-03 04:00:00,70.16928
srv-010,2017-06-03 05:00:00,73.50434
srv-010,2017-06-03 06:00:00,75.44836
srv-010,2017-06-03 07:00:00,76.28317
srv-010,2017-06-03 08:00:00,78.606224
srv-010,2017-06-03 09:00:00,73.97944
srv-010,2017-06-03 10:00:00,75.82015
srv-010,2017-06-03 11:00:00,76.97433
srv-010,2017-06-03 12:00:00,81.50544
srv-010,2017-06-03 13:00:00,83.079834
srv-010,2017-06-03 14:00:00,81.73265
srv-010,2017-06-03 15:00:00,81.53631
srv-010,2017-06-03 16:00:00,80.96022
srv-010,2017-06-03 17:00:00,81.24567
srv-010,2017-06-03 18:00:00,79.31789
srv-010,2017-06-03 19:00:00,75.2454
srv-010,2017-06-03 20:00:00,74.85858
srv-010,2017-06-03 21:00:00,71.23239
srv-010,2017-06-03 22:00:00,71.24712
srv-010,2017-06-03 23:00:00,67.399826
srv-010,2017-06-04 00:00:00,68.429955
srv-010,2017-06-04 01:00:00,68.397446
srv-010,2017-06-04 02:00:00,68.356
srv-010,2017-06-04 03:00:00,70.31166
srv-010,2017-06-04 04:00:00,71.66325
srv-010,2017-06-04 05:00:00,74.52129
srv-010,2017-06-04 06:00:00,75.00453
srv-010,2017-06-04 07:00:00,75.27212
srv-010,2017-06-04 08:00:00,76.53438
srv-010,2017-06-04 09:00:00,74.21197
srv-010,2017-06-04 10:00:00,71.21579
srv-010,2017-06-04 11:00:00,72.35083
srv-010,2017-06-04 12:00:00,74.150314
srv-010,2017-06-04 13:00:00,77.33074
srv-010,2017-06-04 14:00:00,81.43121
srv-010,2017-06-04 15:00:00,81.8033
srv-010,2017-06-04 16:00:00,82.067406
srv-010,2017-06-04 17:00:00,80.34286
srv-010,2017-06-04 18:00:00,83.612656
srv-010,2017-06-04 19:00:00,77.522995
srv-010,2017-06-04 20:00:00,79.37828
srv-010,2017-06-04 21:00:00,77.73046
srv-010,2017-06-04 22:00:00,73.81702
srv-010,2017-06-04 23:00:00,74.85776
srv-010,2017-06-05 00:00:00,73.02315
srv-010,2017-06-05 01:00:00,68.24532
srv-010,2017-06-05 02:00:00,70.96699
srv-010,2017-06-05 03:00:00,71.8079
srv-010,2017-06-05 04:00:00,70.69051
srv-010,2017-06-05 05:00:00,71.97327
srv-010,2017-06-05 06:00:00,72.553154
srv-010,2017-06-05 07:00:00,73.69996
srv-010,2017-06-05 08:00:00,75.18614
srv-010,2017-06-05 09:00:00,78.905235
srv-010,2017-06-05 10:00:00,81.77673
srv-010,2017-06-05 11:00:00,82.906845
srv-010,2017-06-05 12:00:00,83.90113
srv-010,2017-06-05 13:00:00,82.71651
srv-010,2017-06-05 14:00:00,85.736855
srv-010,2017-06-05 15:00:00,87.8104
srv-010,2017-06-05 16:00:00,87.69996
srv-010,2017-06-05 17:00:00,86.18951
srv-010,2017-06-05 18:00:00,83.74414
srv-010,2017-06-05 19:00:00,77.72229
srv-010,2017-06-05 20:00:00,80.889565
srv-010,2017-06-05 21:00:00,80.32399
srv-010,2017-06-05 22:00:00,81.72955
srv-010,2017-06-05 23:00:00,80.994316
srv-010,2017-06-06 00:00:00,81.05578
srv-010,2017-06-06 01:00:00,79.457535
srv-010,2017-06-06 02:00:00,82.5571
srv-010,2017-06-06 03:00:00,83.23851
srv-010,2017-06-06 04:00:00,85.73467
srv-010,2017-06-06 05:00:00,84.622444
srv-010,2017-06-06 06:00:00,84.55078
srv-010,2017-06-06 07:00:00,84.09937
srv-010,2017-06-06 08:00:00,89.67057
srv-010,2017-06-06 09:00:00,86.98419
srv-010,2017-06-06 10:00:00,90.42701
srv-010,2017-06-06 11:00:00,91.35167
srv-010,2017-06-06 12:00:00,95.13969
srv-010,2017-06-06 13:00:00,95.97375
srv-010,2017-06-06 14:00:00,91.56919
srv-010,2017-06-06 15:00:00,94.96171
srv-010,2017-06-06 16:00:00,94.421165
srv-010,2017-06-06 17:00:00,93.756165
srv-010,2017-06-06 18:00:00,92.40565
srv-010,2017-06-06 19:00:00,91.24442
srv-010,2017-06-06 20:00:00,91.11179
srv-010,2017-06-06 21:00:00,88.32793
srv-010,2017-06-06 22:00:00,89.3021
srv-010,2017-06-06 23:00:00,89.38208
srv-010,2017-06-07 00:00:00,91.360466
srv-010,2017-06-07 01:00:00,90.6394
srv-010,2017-06-07 02:00:00,91.42646
srv-010,2017-06-07 03:00:00,91.16551
srv-010,2017-06-07 04:00:00,89.83749
srv-010,2017-06-07 05:00:00,89.7131
srv-010,2017-06-07 06:00:00,88.66735
srv-010,2017-06-07 07:00:00,87.99229
srv-010,2017-06-07 08:00:00,93.04069
srv-010,2017-06-07 09:00:00,90.56842
srv-010,2017-06-07 10:00:00,92.05102
srv-010,2017-06-07 11:00:00,96.059
srv-010,2017-06-07 12:00:00,98.101555
srv-010,2017-06-07 13:00:00,97.59541
srv-010,2017-06-07 14:00:00,97.562
srv-010,2017-06-07 15:00:00,96.91757
srv-010,2017-06-07 16:00:00,96.44073
srv-010,2017-06-07 17:00:00,95.95358
srv-010,2017-06-07 18:00:00,93.69408
srv-010,2017-06-07 19:00:00,91.47483
srv-010,2017-06-07 20:00:00,85.2905
srv-010,2017-06-07 21:00:00,90.23784
srv-010,2017-06-07 22:00:00,89.26432
srv-010,2017-06-07 23:00:00,90.119934
srv-010,2017-06-08 00:00:00,90.46345
srv-010,2017-06-08 01:00:00,89.8834
srv-010,2017-06-08 02:00:00,91.21444
srv-010,2017-06-08 03:00:00,88.16133
srv-010,2017-06-08 04:00:00,92.36981
srv-010,2017-06-08 05:00:00,89.099754
srv-010,2017-06-08 06:00:00,87.6578
srv-010,2017-06-08 07:00:00,84.08865
srv-010,2017-06-08 08:00:00,90.73128
srv-010,2017-06-08 09:00:00,91.15537
srv-010,2017-06-08 10:00:00,91.00676
srv-010,2017-06-08 11:00:00,94.57614
srv-010,2017-06-08 12:00:00,92.41698
srv-010,2017-06-08 13:00:00,94.49832
srv-010,2017-06-08 14:00:00,93.014114
srv-010,2017-06-08 15:00:00,91.64031
srv-010,2017-06-08 16:00:00,90.604485
srv-010,2017-06-08 17:00:00,88.49787
srv-010,2017-06-08 18:00:00,81.891205
srv-010,2017-06-08 19:00:00,82.469086
srv-010,2017-06-08 20:00:00,82.63966
srv-010,2017-06-08 21:00:00,80.67934
srv-010,2017-06-08 22:00:00,81.15564
srv-010,2017-06-08 23:00:00,77.71976
srv-010,2017-06-09 00:00:00,79.720825
srv-010,2017-06-09 01:00:00,80.86086
srv-010,2017-06-09 02:00:00,82.51751
srv-010,2017-06-09 03:00:00,81.89883
srv-010,2017-06-09 04:00:00,82.73717
srv-010,2017-06-09 05:00:00,84.67349
srv-010,2017-06-09 06:00:00,79.82986
srv-010,2017-06-09 07:00:00,80.367645
srv-010,2017-06-09 08:00:00,82.59408
srv-010,2017-06-09 09:00:00,80.53636
srv-010,2017-06-09 10:00:00,82.26757
srv-010,2017-06-09 11:00:00,84.06301
srv-010,2017-06-09 12:00:00,84.46311
srv-010,2017-06-09 13:00:00,87.46587
srv-010,2017-06-09 14:00:00,82.606636
srv-010,2017-06-09 15:00:00,79.73484
srv-010,2017-06-09 16:00:00,75.96493
srv-010,2017-06-09 17:00:00,74.4578
srv-010,2017-06-09 18:00:00,72.85455
srv-010,2017-06-09 19:00:00,72.573975
srv-010,2017-06-09 20:00:00,72.40045
srv-010,2017-06-09 21:00:00,73.98758
srv-010,2017-06-09 22:00:00,70.82484
srv-010,2017-06-09 23:00:00,70.06066
srv-010,2017-06-10 00:00:00,72.76092
srv-010,2017-06-10 01:00:00,74.32788
srv-010,2017-06-10 02:00:00,76.61264
srv-010,2017-06-10 03:00:00,75.439445
srv-010,2017-06-10 04:00:00,75.56078
srv-010,2017-06-10 05:00:00,77.912346
srv-010,2017-06-10 06:00:00,77.84003
srv-010,2017-06-10 07:00:00,75.30218
srv-010,2017-06-10 08:00:00,76.68454
srv-010,2017-06-10 09:00:00,78.559845
srv-010,2017-06-10 10:00:00,81.413025
srv-010,2017-06-10 11:00:00,78.44923
srv-010,2017-06-10 12:00:00,74.368515
srv-010,2017-06-10 13:00:00,74.98637
srv-010,2017-06-10 14:00:00,78.57893
srv-010,2017-06-10 15:00:00,77.52845
srv-010,2017-06-10 16:00:00,80.84849
srv-010,2017-06-10 17:00:00,78.45536
srv-010,2017-06-10 18:00:00,77.61644
srv-010,2017-06-10 19:00:00,78.87286
srv-010,2017-06-10 20:00:00,73.99808
srv-010,2017-06-10 21:00:00,72.99172
srv-010,2017-06-10 22:00:00,74.79738
srv-010,2017-06-10 23:00:00,75.76876
srv-010,2017-06-11 00:00:00,75.04245
srv-010,2017-06-11 01:00:00,72.5157
srv-010,2017-06-11 02:00:00,71.67141
srv-010,2017-06-11 03:00:00,72.211136
srv-010,2017-06-11 04:00:00,73.57135
srv-010,2017-06-11 05:00:00,72.74159
srv-010,2017-06-11 06:00:00,75.730484
srv-010,2017-06-11 07:00:00,74.690346
srv-010,2017-06-11 08:00:00,77.82857
srv-010,2017-06-11 09:00:00,79.56284
srv-010,2017-06-11 10:00:00,81.12663
srv-010,2017-06-11 11:00:00,79.60727
srv-010,2017-06-11 12:00:00,79.12318
srv-010,2017-06-11 13:00:00,77.49983
srv-010,2017-06-11 14:00:00,84.17119
srv-010,2017-06-11 15:00:00,84.27403
srv-010,2017-06-11 16:00:00,81.17669
srv-010,2017-06-11 17:00:00,78.422035
srv-010,2017-06-11 18:00:00,79.235855
srv-010,2017-06-11 19:00:00,74.88318
srv-010,2017-06-11 20:00:00,74.65234
srv-010,2017-06-11 21:00:00,73.720116
srv-010,2017-06-11 22:00:00,77.58366
srv-010,2017-06-11 23:00:00,77.441696
srv-010,2017-06-12 00:00:00,73.71836
srv-010,2017-06-12 01:00:00,64.79844
srv-010,2017-06-12 02:00:00,72.67282
srv-010,2017-06-12 03:00:00,74.44866
srv-010,2017-06-12 04:00:00,74.10969
srv-010,2017-06-12 05:00:00,72.64121
srv-010,2017-06-12 06:00:00,69.61016
srv-010,2017-06-12 07:00:00,74.7616
srv-010,2017-06-12 08:00:00,77.004906
srv-010,2017-06-12 09:00:00,77.88965
srv-010,2017-06-12 10:00:00,82.47988
srv-010,2017-06-12 11:00:00,83.26009
srv-010,2017-06-12 12:00:00,84.82074
srv-010,2017-06-12 13:00:00,86.93977
srv-010,2017-06-12 14:00:00,82.81604
srv-010,2017-06-12 15:00:00,82.841675
srv-010,2017-06-12 16:00:00,84.22347
srv-010,2017-06-12 17:00:00,83.68818
srv-010,2017-06-12 18:00:00,80.84244
srv-010,2017-06-12 19:00:00,81.6416
srv-010,2017-06-12 20:00:00,81.32852
srv-010,2017-06-12 21:00:00,79.29657
srv-010,2017-06-12 22:00:00,80.99106
srv-010,2017-06-12 23:00:00,81.962975
srv-010,2017-06-13 00:00:00,86.09126
srv-010,2017-06-13 01:00:00,83.79633
srv-010,2017-06-13 02:00:00,83.97936
srv-010,2017-06-13 03:00:00,79.48406
srv-010,2017-06-13 04:00:00,80.06798
srv-010,2017-06-13 05:00:00,77.91862
srv-010,2017-06-13 06:00:00,81.11395
srv-010,2017-06-13 07:00:00,81.32176
srv-010,2017-06-13 08:00:00,84.9849
srv-010,2017-06-13 09:00:00,87.55059
srv-010,2017-06-13 10:00:00,86.59236
srv-010,2017-06-13 11:00:00,87.94266
srv-010,2017-06-13 12:00:00,93.479614
srv-010,2017-06-13 13:00:00,94.921005
srv-010,2017-06-13 14:00:00,93.26408
srv-010,2017-06-13 15:00:00,95.363365
srv-010,2017-06-13 16:00:00,96.696495
srv-010,2017-06-13 17:00:00,96.37062
srv-010,2017-06-13 18:00:00,95.15859
srv-010,2017-06-13 19:00:00,93.44547
srv-010,2017-06-13 20:00:00,94.01962
srv-010,2017-06-13 21:00:00,93.43165
srv-010,2017-06-13 22:00:00,92.14737
srv-010,2017-06-13 23:00:00,93.531876
srv-010,2017-06-14 00:00:00,86.051834
srv-010,2017-06-14 01:00:00,89.92714
srv-010,2017-06-14 02:00:00,91.978584
srv-010,2017-06-14 03:00:00,93.59787
srv-010,2017-06-14 04:00:00,97.2019
srv-010,2017-06-14 05:00:00,93.431335
srv-010,2017-06-14 06:00:00,91.410095
srv-010,2017-06-14 07:00:00,96.77176
srv-010,2017-06-14 08:00:00,94.19068
srv-010,2017-06-14 09:00:00,90.93952
srv-010,2017-06-14 10:00:00,90.24118
srv-010,2017-06-14 11:00:00,94.2294
srv-010,2017-06-14 12:00:00,97.00451
srv-010,2017-06-14 13:00:00,97.13735
srv-010,2017-06-14 14:00:00,97.05851
srv-010,2017-06-14 15:00:00,97.28926
srv-010,2017-06-14 16:00:00,95.560524
srv-010,2017-06-14 17:00:00,94.47142
srv-010,2017-06-14 18:00:00,96.40526
srv-010,2017-06-14 19:00:00,96.40526
srv-010,2017-06-14 20:00:00,94.791885
srv-010,2017-06-14 21:00:00,93.15216
srv-010,2017-06-14 22:00:00,94.46366
srv-010,2017-06-14 23:00:00,87.023834
srv-010,2017-06-15 00:00:00,84.4772
srv-010,2017-06-15 01:00:00,84.897545
srv-010,2017-06-15 02:00:00,87.232445
srv-010,2017-06-15 03:00:00,84.14227
srv-010,2017-06-15 04:00:00,82.778625
srv-010,2017-06-15 05:00:00,84.13428
srv-010,2017-06-15 06:00:00,83.237526
srv-010,2017-06-15 07:00:00,87.602425
srv-010,2017-06-15 08:00:00,88.68311
srv-010,2017-06-15 09:00:00,86.569046
srv-010,2017-06-15 10:00:00,86.95602
srv-010,2017-06-15 11:00:00,92.74971
srv-010,2017-06-15 12:00:00,92.27745
srv-010,2017-06-15 13:00:00,96.61918
srv-010,2017-06-15 14:00:00,96.676
srv-010,2017-06-15 15:00:00,94.84538
srv-010,2017-06-15 16:00:00,94.82145
srv-010,2017-06-15 17:00:00,92.76679
srv-010,2017-06-15 18:00:00,90.278595
srv-010,2017-06-15 19:00:00,85.56272
srv-010,2017-06-15 20:00:00,84.05486
srv-010,2017-06-15 21:00:00,86.231384
srv-010,2017-06-15 22:00:00,81.096176
srv-010,2017-06-15 23:00:00,80.93838
srv-010,2017-06-16 00:00:00,83.5242
srv-010,2017-06-16 01:00:00,83.62115
srv-010,2017-06-16 02:00:00,88.07618
srv-010,2017-06-16 03:00:00,82.6442
srv-010,2017-06-16 04:00:00,82.76398
srv-010,2017-06-16 05:00:00,80.09146
srv-010,2017-06-16 06:00:00,79.727394
srv-010,2017-06-16 07:00:00,73.91562
srv-010,2017-06-16 08:00:00,78.708
srv-010,2017-06-16 09:00:00,77.79596
srv-010,2017-06-16 10:00:00,80.38003
srv-010,2017-06-16 11:00:00,80.51353
srv-010,2017-06-16 12:00:00,82.72012
srv-010,2017-06-16 13:00:00,80.4337
srv-010,2017-06-16 14:00:00,78.65492
srv-010,2017-06-16 15:00:00,81.675255
srv-010,2017-06-16 16:00:00,81.81581
srv-010,2017-06-16 17:00:00,80.74006
srv-010,2017-06-16 18:00:00,80.80535
srv-010,2017-06-16 19:00:00,78.91104
srv-010,2017-06-16 20:00:00,75.74571
srv-010,2017-06-16 21:00:00,73.242226
srv-010,2017-06-16 22:00:00,66.26902
srv-010,2017-06-16 23:00:00,65.10893
srv-010,2017-06-17 00:00:00,76.03303
srv-010,2017-06-17 01:00:00,74.08023
srv-010,2017-06-17 02:00:00,75.002594
srv-010,2017-06-17 03:00:00,76.58285
srv-010,2017-06-17 04:00:00,76.090515
srv-010,2017-06-17 05:00:00,77.540665
srv-010,2017-06-17 06:00:00,74.52606
srv-010,2017-06-17 07:00:00,75.048355
srv-010,2017-06-17 08:00:00,74.5547
srv-010,2017-06-17 09:00:00,76.01876
srv-010,2017-06-17 10:00:00,78.254814
srv-010,2017-06-17 11:00:00,81.75702
srv-010,2017-06-17 12:00:00,81.637314
srv-010,2017-06-17 13:00:00,83.42993
srv-010,2017-06-17 14:00:00,87.58995
srv-010,2017-06-17 15:00:00,83.17249
srv-010,2017-06-17 16:00:00,79.342255
srv-010,2017-06-17 17:00:00,77.96222
srv-010,2017-06-17 18:00:00,77.260826
srv-010,2017-06-17 19:00:00,75.88341
srv-010,2017-06-17 20:00:00,72.64933
srv-010,2017-06-17 21:00:00,71.94119
srv-010,2017-06-17 22:00:00,66.82092
srv-010,2017-06-17 23:00:00,67.90602
srv-010,2017-06-18 00:00:00,73.72647
srv-010,2017-06-18 01:00:00,71.59761
srv-010,2017-06-18 02:00:00,78.17962
srv-010,2017-06-18 03:00:00,76.723404
srv-010,2017-06-18 04:00:00,71.04162
srv-010,2017-06-18 05:00:00,72.30427
srv-010,2017-06-18 06:00:00,70.371666
srv-010,2017-06-18 07:00:00,66.850136
srv-010,2017-06-18 08:00:00,73.408714
srv-010,2017-06-18 09:00:00,72.1584
srv-010,2017-06-18 10:00:00,78.00271
srv-010,2017-06-18 11:00:00,76.75294
srv-010,2017-06-18 12:00:00,80.468506
srv-010,2017-06-18 13:00:00,81.15551
srv-010,2017-06-18 14:00:00,84.19294
srv-010,2017-06-18 15:00:00,85.083694
srv-010,2017-06-18 16:00:00,82.5388
srv-010,2017-06-18 17:00:00,80.16819
srv-010,2017-06-18 18:00:00,84.533066
srv-010,2017-06-18 19:00:00,78.66762
srv-010,2017-06-18 20:00:00,71.856674
srv-010,2017-06-18 21:00:00,72.87358
srv-010,2017-06-18 22:00:00,71.64683
srv-010,2017-06-18 23:00:00,71.602066
srv-010,2017-06-19 00:00:00,70.04958
srv-010,2017-06-19 01:00:00,64.56897
srv-010,2017-06-19 02:00:00,68.8933
srv-010,2017-06-19 03:00:00,70.60662
srv-010,2017-06-19 04:00:00,72.52134
srv-010,2017-06-19 05:00:00,75.01725
srv-010,2017-06-19 06:00:00,73.29971
srv-010,2017-06-19 07:00:00,74.50527
srv-010,2017-06-19 08:00:00,78.02709
srv-010,2017-06-19 09:00:00,80.29476
srv-010,2017-06-19 10:00:00,84.282104
srv-010,2017-06-19 11:00:00,82.73445
srv-010,2017-06-19 12:00:00,80.67559
srv-010,2017-06-19 13:00:00,84.025085
srv-010,2017-06-19 14:00:00,81.74675
srv-010,2017-06-19 15:00:00,84.861244
srv-010,2017-06-19 16:00:00,87.028336
srv-010,2017-06-19 17:00:00,82.10458
srv-010,2017-06-19 18:00:00,83.614426
srv-010,2017-06-19 19:00:00,79.836784
srv-010,2017-06-19 20:00:00,78.08793
srv-010,2017-06-19 21:00:00,79.319885
srv-010,2017-06-19 22:00:00,78.187965
srv-010,2017-06-19 23:00:00,80.63835
srv-010,2017-06-20 00:00:00,81.30941
srv-010,2017-06-20 01:00:00,82.69741
srv-010,2017-06-20 02:00:00,83.596436
srv-010,2017-06-20 03:00:00,84.206894
srv-010,2017-06-20 04:00:00,87.51217
srv-010,2017-06-20 05:00:00,83.99853
srv-010,2017-06-20 06:00:00,84.97487
srv-010,2017-06-20 07:00:00,83.68419
srv-010,2017-06-20 08:00:00,83.47693
srv-010,2017-06-20 09:00:00,85.456894
srv-010,2017-06-20 10:00:00,85.7832
srv-010,2017-06-20 11:00:00,90.59516
srv-010,2017-06-20 12:00:00,97.279976
srv-010,2017-06-20 13:00:00,96.48588
srv-010,2017-06-20 14:00:00,96.60283
srv-010,2017-06-20 15:00:00,97.43585
srv-010,2017-06-20 16:00:00,97.49182
srv-010,2017-06-20 17:00:00,96.7556
srv-010,2017-06-20 18:00:00,93.66949
srv-010,2017-06-20 19:00:00,95.07545
srv-010,2017-06-20 20:00:00,93.44308
srv-010,2017-06-20 21:00:00,90.61375
srv-010,2017-06-20 22:00:00,90.24728
srv-010,2017-06-20 23:00:00,88.20972
srv-010,2017-06-21 00:00:00,88.1832
srv-010,2017-06-21 01:00:00,90.64721
srv-010,2017-06-21 02:00:00,93.0391
srv-010,2017-06-21 03:00:00,92.839134
srv-010,2017-06-21 04:00:00,95.16053
srv-010,2017-06-21 05:00:00,92.49674
srv-010,2017-06-21 06:00:00,93.70667
srv-010,2017-06-21 07:00:00,90.67259
srv-010,2017-06-21 08:00:00,92.01565
srv-010,2017-06-21 09:00:00,93.24541
srv-010,2017-06-21 10:00:00,93.740074
srv-010,2017-06-21 11:00:00,96.07917
srv-010,2017-06-21 12:00:00,97.43712
srv-010,2017-06-21 13:00:00,97.62962
srv-010,2017-06-21 14:00:00,97.4214
srv-010,2017-06-21 15:00:00,97.69377
srv-010,2017-06-21 16:00:00,97.04275
srv-010,2017-06-21 17:00:00,97.174736
srv-010,2017-06-21 18:00:00,97.174736
srv-010,2017-06-21 19:00:00,97.174736
srv-010,2017-06-21 20:00:00,93.04595
srv-010,2017-06-21 21:00:00,92.80752
srv-010,2017-06-21 22:00:00,85.79692
srv-010,2017-06-21 23:00:00,90.38283
srv-010,2017-06-22 00:00:00,92.14313
srv-010,2017-06-22 01:00:00,89.86368
srv-010,2017-06-22 02:00:00,89.85273
srv-010,2017-06-22 03:00:00,90.8732
srv-010,2017-06-22 04:00:00,88.89006
srv-010,2017-06-22 05:00:00,88.38993
srv-010,2017-06-22 06:00:00,85.9874
srv-010,2017-06-22 07:00:00,85.86908
srv-010,2017-06-22 08:00:00,90.86406
srv-010,2017-06-22 09:00:00,93.226006
srv-010,2017-06-22 10:00:00,93.08312
srv-010,2017-06-22 11:00:00,94.36759
srv-010,2017-06-22 12:00:00,95.39826
srv-010,2017-06-22 13:00:00,94.82277
srv-010,2017-06-22 14:00:00,94.99772
srv-010,2017-06-22 15:00:00,94.08657
srv-010,2017-06-22 16:00:00,95.70272
srv-010,2017-06-22 17:00:00,95.33819
srv-010,2017-06-22 18:00:00,92.19565
srv-010,2017-06-22 19:00:00,93.60458
srv-010,2017-06-22 20:00:00,84.73218
srv-010,2017-06-22 21:00:00,84.08353
srv-010,2017-06-22 22:00:00,81.09473
srv-010,2017-06-22 23:00:00,81.32
srv-010,2017-06-23 00:00:00,81.09844
srv-010,2017-06-23 01:00:00,82.31145
srv-010,2017-06-23 02:00:00,79.460434
srv-010,2017-06-23 03:00:00,80.80763
srv-010,2017-06-23 04:00:00,80.57975
srv-010,2017-06-23 05:00:00,79.33526
srv-010,2017-06-23 06:00:00,79.10229
srv-010,2017-06-23 07:00:00,80.33992
srv-010,2017-06-23 08:00:00,82.33114
srv-010,2017-06-23 09:00:00,81.91086
srv-010,2017-06-23 10:00:00,82.93833
srv-010,2017-06-23 11:00:00,83.077995
srv-010,2017-06-23 12:00:00,82.364746
srv-010,2017-06-23 13:00:00,84.14451
srv-010,2017-06-23 14:00:00,85.985954
srv-010,2017-06-23 15:00:00,82.37641
srv-010,2017-06-23 16:00:00,79.68864
srv-010,2017-06-23 17:00:00,79.55435
srv-010,2017-06-23 18:00:00,79.45729
srv-010,2017-06-23 19:00:00,72.19463
srv-010,2017-06-23 20:00:00,70.86883
srv-010,2017-06-23 21:00:00,70.380646
srv-010,2017-06-23 22:00:00,74.08078
srv-010,2017-06-23 23:00:00,72.37256
srv-010,2017-06-24 00:00:00,73.463776
srv-010,2017-06-24 01:00:00,73.104904
srv-010,2017-06-24 02:00:00,75.11799
srv-010,2017-06-24 03:00:00,77.0277
srv-010,2017-06-24 04:00:00,76.179756
srv-010,2017-06-24 05:00:00,73.2408
srv-010,2017-06-24 06:00:00,76.03767
srv-010,2017-06-24 07:00:00,73.828705
srv-010,2017-06-24 08:00:00,77.19843
srv-010,2017-06-24 09:00:00,73.16305
srv-010,2017-06-24 10:00:00,75.41648
srv-010,2017-06-24 11:00:00,78.271034
srv-010,2017-06-24 12:00:00,78.499954
srv-010,2017-06-24 13:00:00,82.39108
srv-010,2017-06-24 14:00:00,81.08467
srv-010,2017-06-24 15:00:00,83.823524
srv-010,2017-06-24 16:00:00,84.00958
srv-010,2017-06-24 17:00:00,81.76317
srv-010,2017-06-24 18:00:00,81.484695
srv-010,2017-06-24 19:00:00,77.697815
srv-010,2017-06-24 20:00:00,76.15107
srv-010,2017-06-24 21:00:00,76.411385
srv-010,2017-06-24 22:00:00,68.22558
srv-010,2017-06-24 23:00:00,71.16337
srv-010,2017-06-25 00:00:00,71.67476
srv-010,2017-06-25 01:00:00,72.957275
srv-010,2017-06-25 02:00:00,73.5074
srv-010,2017-06-25 03:00:00,74.01721
srv-010,2017-06-25 04:00:00,75.16852
srv-010,2017-06-25 05:00:00,74.49846
srv-010,2017-06-25 06:00:00,66.34766
srv-010,2017-06-25 07:00:00,68.0825
srv-010,2017-06-25 08:00:00,73.29887
srv-010,2017-06-25 09:00:00,71.78365
srv-010,2017-06-25 10:00:00,76.18766
srv-010,2017-06-25 11:00:00,76.16319
srv-010,2017-06-25 12:00:00,76.4547
srv-010,2017-06-25 13:00:00,77.037766
srv-010,2017-06-25 14:00:00,83.67939
srv-010,2017-06-25 15:00:00,84.35797
srv-010,2017-06-25 16:00:00,85.05491
srv-010,2017-06-25 17:00:00,81.41088
srv-010,2017-06-25 18:00:00,82.074844
srv-010,2017-06-25 19:00:00,75.019
srv-010,2017-06-25 20:00:00,69.97584
srv-010,2017-06-25 21:00:00,68.754364
srv-010,2017-06-25 22:00:00,68.07308
srv-010,2017-06-25 23:00:00,70.60412
srv-010,2017-06-26 00:00:00,71.079994
srv-010,2017-06-26 01:00:00,66.33313
srv-010,2017-06-26 02:00:00,72.20158
srv-010,2017-06-26 03:00:00,70.19471
srv-010,2017-06-26 04:00:00,73.06817
srv-010,2017-06-26 05:00:00,76.47311
srv-010,2017-06-26 06:00:00,73.77483
srv-010,2017-06-26 07:00:00,78.26471
srv-010,2017-06-26 08:00:00,83.056656
srv-010,2017-06-26 09:00:00,79.95015
srv-010,2017-06-26 10:00:00,82.25604
srv-010,2017-06-26 11:00:00,81.11386
srv-010,2017-06-26 12:00:00,81.694626
srv-010,2017-06-26 13:00:00,81.09413
srv-010,2017-06-26 14:00:00,81.76941
srv-010,2017-06-26 15:00:00,87.278656
srv-010,2017-06-26 16:00:00,87.37463
srv-010,2017-06-26 17:00:00,85.13853
srv-010,2017-06-26 18:00:00,83.13117
srv-010,2017-06-26 19:00:00,81.78787
srv-010,2017-06-26 20:00:00,81.29929
srv-010,2017-06-26 21:00:00,79.51626
srv-010,2017-06-26 22:00:00,78.4832
srv-010,2017-06-26 23:00:00,72.34858
srv-010,2017-06-27 00:00:00,78.87903
srv-010,2017-06-27 01:00:00,80.687256
srv-010,2017-06-27 02:00:00,83.54803
srv-010,2017-06-27 03:00:00,84.86938
srv-010,2017-06-27 04:00:00,85.131355
srv-010,2017-06-27 05:00:00,85.52418
srv-010,2017-06-27 06:00:00,83.668594
srv-010,2017-06-27 07:00:00,86.62101
srv-010,2017-06-27 08:00:00,89.75758
srv-010,2017-06-27 09:00:00,89.65656
srv-010,2017-06-27 10:00:00,91.07919
srv-010,2017-06-27 11:00:00,89.62627
srv-010,2017-06-27 12:00:00,90.036
srv-010,2017-06-27 13:00:00,96.05628
srv-010,2017-06-27 14:00:00,96.08416
srv-010,2017-06-27 15:00:00,96.88018
srv-010,2017-06-27 16:00:00,94.14013
srv-010,2017-06-27 17:00:00,95.27022
srv-010,2017-06-27 18:00:00,94.02203
srv-010,2017-06-27 19:00:00,92.61548
srv-010,2017-06-27 20:00:00,91.19899
srv-010,2017-06-27 21:00:00,91.84096
srv-010,2017-06-27 22:00:00,91.07728
srv-010,2017-06-27 23:00:00,90.66036
srv-010,2017-06-28 00:00:00,87.535904
srv-010,2017-06-28 01:00:00,91.60336
srv-010,2017-06-28 02:00:00,92.66637
srv-010,2017-06-28 03:00:00,92.15206
srv-010,2017-06-28 04:00:00,91.64129
srv-010,2017-06-28 05:00:00,90.14769
srv-010,2017-06-28 06:00:00,88.861084
srv-010,2017-06-28 07:00:00,86.42503
srv-010,2017-06-28 08:00:00,89.502174
srv-010,2017-06-28 09:00:00,89.667
srv-010,2017-06-28 10:00:00,92.75913
srv-010,2017-06-28 11:00:00,94.274956
srv-010,2017-06-28 12:00:00,97.55642
srv-010,2017-06-28 13:00:00,97.34646
srv-010,2017-06-28 14:00:00,97.93396
srv-010,2017-06-28 15:00:00,97.69429
srv-010,2017-06-28 16:00:00,97.757996
srv-010,2017-06-28 17:00:00,93.69457
srv-010,2017-06-28 18:00:00,94.10286
srv-010,2017-06-28 19:00:00,93.69352
srv-010,2017-06-28 20:00:00,92.08435
srv-010,2017-06-28 21:00:00,92.86195
srv-010,2017-06-28 22:00:00,91.17714
srv-010,2017-06-28 23:00:00,92.53225
srv-010,2017-06-29 00:00:00,91.4112
srv-010,2017-06-29 01:00:00,89.477905
srv-010,2017-06-29 02:00:00,91.041466
srv-010,2017-06-29 03:00:00,87.96879
srv-010,2017-06-29 04:00:00,88.04104
srv-010,2017-06-29 05:00:00,89.64412
srv-010,2017-06-29 06:00:00,87.0174
srv-010,2017-06-29 07:00:00,83.6559
srv-010,2017-06-29 08:00:00,90.189514
srv-010,2017-06-29 09:00:00,103.331345
srv-010,2017-06-29 10:00:00,92.77236
srv-010,2017-06-29 11:00:00,90.06575
srv-010,2017-06-29 12:00:00,91.53113
srv-010,2017-06-29 13:00:00,91.1133
srv-010,2017-06-29 14:00:00,87.756775
srv-010,2017-06-29 15:00:00,90.561
srv-010,2017-06-29 16:00:00,93.04892
srv-010,2017-06-29 17:00:00,88.683495
srv-010,2017-06-29 18:00:00,88.31992
srv-010,2017-06-29 19:00:00,85.05288
srv-010,2017-06-29 20:00:00,84.20453
srv-010,2017-06-29 21:00:00,85.792206
srv-010,2017-06-29 22:00:00,82.08377
srv-010,2017-06-29 23:00:00,84.44894
srv-010,2017-06-30 00:00:00,81.04836
srv-010,2017-06-30 01:00:00,80.00844
srv-010,2017-06-30 02:00:00,80.924774
srv-010,2017-06-30 03:00:00,81.014854
srv-010,2017-06-30 04:00:00,82.295715
srv-010,2017-06-30 05:00:00,81.93171
srv-010,2017-06-30 06:00:00,77.11332
srv-010,2017-06-30 07:00:00,75.74425
srv-010,2017-06-30 08:00:00,82.59473
srv-010,2017-06-30 09:00:00,79.24406
srv-010,2017-06-30 10:00:00,78.37387
srv-010,2017-06-30 11:00:00,83.2352
srv-010,2017-06-30 12:00:00,85.44923
srv-010,2017-06-30 13:00:00,77.819565
srv-010,2017-06-30 14:00:00,74.423004
srv-010,2017-06-30 15:00:00,76.09162
srv-010,2017-06-30 16:00:00,78.87404
srv-010,2017-06-30 17:00:00,80.770645
srv-010,2017-06-30 18:00:00,81.68472
srv-010,2017-06-30 19:00:00,77.371796
srv-010,2017-06-30 20:00:00,76.57144
srv-010,2017-06-30 21:00:00,73.31311
srv-010,2017-06-30 22:00:00,73.883156
srv-010,2017-06-30 23:00:00,67.334496
