server_id,timestamp,predicted_cpu_utilization
srv-001,2017-06-01 23:00:00,52.25940651813873
srv-001,2017-06-02 00:00:00,51.664232829999236
srv-001,2017-06-02 01:00:00,51.560104762529086
srv-001,2017-06-02 02:00:00,51.435414011427795
srv-001,2017-06-02 03:00:00,51.30212788336945
srv-001,2017-06-02 04:00:00,51.20187729100051
srv-001,2017-06-02 05:00:00,51.1225097520675
srv-001,2017-06-02 06:00:00,51.05696263828195
srv-001,2017-06-02 07:00:00,51.003634850903346
srv-001,2017-06-02 08:00:00,50.9604161478628
srv-001,2017-06-02 09:00:00,50.925291339331764
srv-001,2017-06-02 10:00:00,50.89674100596256
srv-001,2017-06-02 11:00:00,50.873544741714106
srv-001,2017-06-02 12:00:00,50.8546975351003
srv-001,2017-06-02 13:00:00,50.839383111785544
srv-001,2017-06-02 14:00:00,50.826939481366445
srv-001,2017-06-02 15:00:00,50.81682855284142
srv-001,2017-06-02 16:00:00,50.80861300659994
srv-001,2017-06-02 17:00:00,50.801937534440604
srv-001,2017-06-02 18:00:00,50.796513439362236
srv-001,2017-06-02 19:00:00,50.7921061393409
srv-001,2017-06-02 20:00:00,50.78852502679303
srv-001,2017-06-02 21:00:00,50.7856152256021
srv-001,2017-06-02 22:00:00,50.78325089251098
srv-001,2017-06-02 23:00:00,50.78132977466778
srv-001,2017-06-03 00:00:00,50.77976878743484
srv-001,2017-06-03 01:00:00,50.7785004211301
srv-001,2017-06-03 02:00:00,50.77746982136023
srv-001,2017-06-03 03:00:00,50.776632416675334
srv-001,2017-06-03 04:00:00,50.77595199093998
srv-001,2017-06-03 05:00:00,50.77539911705513
srv-001,2017-06-03 06:00:00,50.77494988429295
srv-001,2017-06-03 07:00:00,50.77458486420402
srv-001,2017-06-03 08:00:00,50.77428827037441
srv-001,2017-06-03 09:00:00,50.77404727569376
srv-001,2017-06-03 10:00:00,50.77385145760753
srv-001,2017-06-03 11:00:00,50.77369234736164
srv-001,2017-06-03 12:00:00,50.77356306374523
srv-001,2017-06-03 13:00:00,50.773458015491556
srv-001,2017-06-03 14:00:00,50.77337265946652
srv-001,2017-06-03 15:00:00,50.77330330418686
srv-001,2017-06-03 16:00:00,50.77324695017069
srv-001,2017-06-03 17:00:00,50.77320116021562
srv-001,2017-06-03 18:00:00,50.773163953994526
srv-001,2017-06-03 19:00:00,50.7731337224102
srv-001,2017-06-03 20:00:00,50.773109158005
srv-001,2017-06-03 21:00:00,50.77308919841584
srv-001,2017-06-03 22:00:00,50.773072980429035
srv-001,2017-06-03 23:00:00,50.77305980264797
srv-001,2017-06-04 00:00:00,50.77304909515907
srv-001,2017-06-04 01:00:00,50.773040394884106
srv-001,2017-06-04 02:00:00,50.773033325553
srv-001,2017-06-04 03:00:00,50.77302758143083
srv-001,2017-06-04 04:00:00,50.77302291409541
srv-001,2017-06-04 05:00:00,50.77301912169348
srv-001,2017-06-04 06:00:00,50.773016040211
srv-001,2017-06-04 07:00:00,50.773013536379786
srv-001,2017-06-04 08:00:00,50.773011501913984
srv-001,2017-06-04 09:00:00,50.77300984882688
srv-001,2017-06-04 10:00:00,50.77300850562564
srv-001,2017-06-04 11:00:00,50.77300741421941
srv-001,2017-06-04 12:00:00,50.77300652740697
srv-001,2017-06-04 13:00:00,50.77300580683541
srv-001,2017-06-04 14:00:00,50.773005221341386
srv-001,2017-06-04 15:00:00,50.77300474560342
srv-001,2017-06-04 16:00:00,50.773004359046766
srv-001,2017-06-04 17:00:00,50.77300404495359
srv-001,2017-06-04 18:00:00,50.77300378973997
srv-001,2017-06-04 19:00:00,50.77300358236841
srv-001,2017-06-04 20:00:00,50.77300341387049
srv-001,2017-06-04 21:00:00,50.77300327695901
srv-001,2017-06-04 22:00:00,50.7730031657128
srv-001,2017-06-04 23:00:00,50.77300307532068
srv-001,2017-06-05 00:00:00,50.77300300187337
srv-001,2017-06-05 01:00:00,50.77300294219441
srv-001,2017-06-05 02:00:00,50.7730028937028
srv-001,2017-06-05 03:00:00,50.773002854301374
srv-001,2017-06-05 04:00:00,50.773002822286095
srv-001,2017-06-05 05:00:00,50.773002796272365
srv-001,2017-06-05 06:00:00,50.77300277513514
srv-001,2017-06-05 07:00:00,50.77300275796028
srv-001,2017-06-05 08:00:00,50.77300274400499
srv-001,2017-06-05 09:00:00,50.77300273266575
srv-001,2017-06-05 10:00:00,50.77300272345215
srv-001,2017-06-05 11:00:00,50.773002715965724
srv-001,2017-06-05 12:00:00,50.77300270988269
srv-001,2017-06-05 13:00:00,50.77300270493998
srv-001,2017-06-05 14:00:00,50.77300270092382
srv-001,2017-06-05 15:00:00,50.77300269766052
srv-001,2017-06-05 16:00:00,50.77300269500896
srv-001,2017-06-05 17:00:00,50.77300269285446
srv-001,2017-06-05 18:00:00,50.77300269110384
srv-001,2017-06-05 19:00:00,50.77300268968139
srv-001,2017-06-05 20:00:00,50.773002688525594
srv-001,2017-06-05 21:00:00,50.773002687586455
srv-001,2017-06-05 22:00:00,50.77300268682337
srv-001,2017-06-05 23:00:00,50.77300268620333
srv-001,2017-06-06 00:00:00,50.77300268569952
srv-001,2017-06-06 01:00:00,50.77300268529015
srv-001,2017-06-06 02:00:00,50.773002684957525
srv-001,2017-06-06 03:00:00,50.773002684687256
srv-001,2017-06-06 04:00:00,50.77300268446765
srv-001,2017-06-06 05:00:00,50.77300268428921
srv-001,2017-06-06 06:00:00,50.773002684144224
srv-001,2017-06-06 07:00:00,50.773002684026416
srv-001,2017-06-06 08:00:00,50.77300268393069
srv-001,2017-06-06 09:00:00,50.77300268385291
srv-001,2017-06-06 10:00:00,50.773002683789706
srv-001,2017-06-06 11:00:00,50.773002683738355
srv-001,2017-06-06 12:00:00,50.77300268369663
srv-001,2017-06-06 13:00:00,50.773002683662725
srv-001,2017-06-06 14:00:00,50.77300268363518
srv-001,2017-06-06 15:00:00,50.773002683612795
srv-001,2017-06-06 16:00:00,50.773002683594605
srv-001,2017-06-06 17:00:00,50.773002683579826
srv-001,2017-06-06 18:00:00,50.77300268356782
srv-001,2017-06-06 19:00:00,50.77300268355806
srv-001,2017-06-06 20:00:00,50.77300268355013
srv-001,2017-06-06 21:00:00,50.77300268354369
srv-001,2017-06-06 22:00:00,50.77300268353845
srv-001,2017-06-06 23:00:00,50.773002683534195
srv-001,2017-06-07 00:00:00,50.77300268353074
srv-001,2017-06-07 01:00:00,50.773002683527935
srv-001,2017-06-07 02:00:00,50.773002683525654
srv-001,2017-06-07 03:00:00,50.7730026835238
srv-001,2017-06-07 04:00:00,50.77300268352229
srv-001,2017-06-07 05:00:00,50.77300268352107
srv-001,2017-06-07 06:00:00,50.773002683520076
srv-001,2017-06-07 07:00:00,50.773002683519266
srv-001,2017-06-07 08:00:00,50.77300268351861
srv-001,2017-06-07 09:00:00,50.77300268351808
srv-001,2017-06-07 10:00:00,50.773002683517646
srv-001,2017-06-07 11:00:00,50.77300268351729
srv-001,2017-06-07 12:00:00,50.77300268351701
srv-001,2017-06-07 13:00:00,50.77300268351677
srv-001,2017-06-07 14:00:00,50.77300268351658
srv-001,2017-06-07 15:00:00,50.773002683516424
srv-001,2017-06-07 16:00:00,50.773002683516296
srv-001,2017-06-07 17:00:00,50.7730026835162
srv-001,2017-06-07 18:00:00,50.77300268351611
srv-001,2017-06-07 19:00:00,50.77300268351605
srv-001,2017-06-07 20:00:00,50.77300268351599
srv-001,2017-06-07 21:00:00,50.77300268351595
srv-001,2017-06-07 22:00:00,50.77300268351591
srv-001,2017-06-07 23:00:00,50.773002683515884
srv-001,2017-06-08 00:00:00,50.77300268351586
srv-001,2017-06-08 01:00:00,50.77300268351584
srv-001,2017-06-08 02:00:00,50.77300268351583
srv-001,2017-06-08 03:00:00,50.77300268351581
srv-001,2017-06-08 04:00:00,50.773002683515806
srv-001,2017-06-08 05:00:00,50.7730026835158
srv-001,2017-06-08 06:00:00,50.77300268351579
srv-001,2017-06-08 07:00:00,50.773002683515784
srv-001,2017-06-08 08:00:00,50.77300268351578
srv-001,2017-06-08 09:00:00,50.77300268351577
srv-001,2017-06-08 10:00:00,50.77300268351577
srv-001,2017-06-08 11:00:00,50.77300268351577
srv-001,2017-06-08 12:00:00,50.77300268351577
srv-001,2017-06-08 13:00:00,50.77300268351577
srv-001,2017-06-08 14:00:00,50.77300268351577
srv-001,2017-06-08 15:00:00,50.77300268351577
srv-001,2017-06-08 16:00:00,50.77300268351577
srv-001,2017-06-08 17:00:00,50.77300268351577
srv-001,2017-06-08 18:00:00,50.77300268351577
srv-001,2017-06-08 19:00:00,50.77300268351577
srv-001,2017-06-08 20:00:00,50.77300268351577
srv-001,2017-06-08 21:00:00,50.77300268351577
srv-001,2017-06-08 22:00:00,50.77300268351577
srv-001,2017-06-08 23:00:00,50.77300268351577
srv-001,2017-06-09 00:00:00,50.77300268351577
srv-001,2017-06-09 01:00:00,50.77300268351577
srv-001,2017-06-09 02:00:00,50.77300268351577
srv-001,2017-06-09 03:00:00,50.77300268351577
srv-001,2017-06-09 04:00:00,50.77300268351577
srv-001,2017-06-09 05:00:00,50.77300268351577
srv-001,2017-06-09 06:00:00,50.77300268351577
srv-001,2017-06-09 07:00:00,50.77300268351577
srv-001,2017-06-09 08:00:00,50.77300268351577
srv-001,2017-06-09 09:00:00,50.77300268351577
srv-001,2017-06-09 10:00:00,50.77300268351577
srv-001,2017-06-09 11:00:00,50.77300268351577
srv-001,2017-06-09 12:00:00,50.77300268351577
srv-001,2017-06-09 13:00:00,50.77300268351577
srv-001,2017-06-09 14:00:00,50.77300268351577
srv-001,2017-06-09 15:00:00,50.77300268351577
srv-001,2017-06-09 16:00:00,50.77300268351577
srv-001,2017-06-09 17:00:00,50.77300268351577
srv-001,2017-06-09 18:00:00,50.77300268351577
srv-001,2017-06-09 19:00:00,50.77300268351577
srv-001,2017-06-09 20:00:00,50.77300268351577
srv-001,2017-06-09 21:00:00,50.77300268351577
srv-001,2017-06-09 22:00:00,50.77300268351577
srv-001,2017-06-09 23:00:00,50.77300268351577
srv-001,2017-06-10 00:00:00,50.77300268351577
srv-001,2017-06-10 01:00:00,50.77300268351577
srv-001,2017-06-10 02:00:00,50.77300268351577
srv-001,2017-06-10 03:00:00,50.77300268351577
srv-001,2017-06-10 04:00:00,50.77300268351577
srv-001,2017-06-10 05:00:00,50.77300268351577
srv-001,2017-06-10 06:00:00,50.77300268351577
srv-001,2017-06-10 07:00:00,50.77300268351577
srv-001,2017-06-10 08:00:00,50.77300268351577
srv-001,2017-06-10 09:00:00,50.77300268351577
srv-001,2017-06-10 10:00:00,50.77300268351577
srv-001,2017-06-10 11:00:00,50.77300268351577
srv-001,2017-06-10 12:00:00,50.77300268351577
srv-001,2017-06-10 13:00:00,50.77300268351577
srv-001,2017-06-10 14:00:00,50.77300268351577
srv-001,2017-06-10 15:00:00,50.77300268351577
srv-001,2017-06-10 16:00:00,50.77300268351577
srv-001,2017-06-10 17:00:00,50.77300268351577
srv-001,2017-06-10 18:00:00,50.77300268351577
srv-001,2017-06-10 19:00:00,50.77300268351577
srv-001,2017-06-10 20:00:00,50.77300268351577
srv-001,2017-06-10 21:00:00,50.77300268351577
srv-001,2017-06-10 22:00:00,50.77300268351577
srv-001,2017-06-10 23:00:00,50.77300268351577
srv-001,2017-06-11 00:00:00,50.77300268351577
srv-001,2017-06-11 01:00:00,50.77300268351577
srv-001,2017-06-11 02:00:00,50.77300268351577
srv-001,2017-06-11 03:00:00,50.77300268351577
srv-001,2017-06-11 04:00:00,50.77300268351577
srv-001,2017-06-11 05:00:00,50.77300268351577
srv-001,2017-06-11 06:00:00,50.77300268351577
srv-001,2017-06-11 07:00:00,50.77300268351577
srv-001,2017-06-11 08:00:00,50.77300268351577
srv-001,2017-06-11 09:00:00,50.77300268351577
srv-001,2017-06-11 10:00:00,50.77300268351577
srv-001,2017-06-11 11:00:00,50.77300268351577
srv-001,2017-06-11 12:00:00,50.77300268351577
srv-001,2017-06-11 13:00:00,50.77300268351577
srv-001,2017-06-11 14:00:00,50.77300268351577
srv-001,2017-06-11 15:00:00,50.77300268351577
srv-001,2017-06-11 16:00:00,50.77300268351577
srv-001,2017-06-11 17:00:00,50.77300268351577
srv-001,2017-06-11 18:00:00,50.77300268351577
srv-001,2017-06-11 19:00:00,50.77300268351577
srv-001,2017-06-11 20:00:00,50.77300268351577
srv-001,2017-06-11 21:00:00,50.77300268351577
srv-001,2017-06-11 22:00:00,50.77300268351577
srv-001,2017-06-11 23:00:00,50.77300268351577
srv-001,2017-06-12 00:00:00,50.77300268351577
srv-001,2017-06-12 01:00:00,50.77300268351577
srv-001,2017-06-12 02:00:00,50.77300268351577
srv-001,2017-06-12 03:00:00,50.77300268351577
srv-001,2017-06-12 04:00:00,50.77300268351577
srv-001,2017-06-12 05:00:00,50.77300268351577
srv-001,2017-06-12 06:00:00,50.77300268351577
srv-001,2017-06-12 07:00:00,50.77300268351577
srv-001,2017-06-12 08:00:00,50.77300268351577
srv-001,2017-06-12 09:00:00,50.77300268351577
srv-001,2017-06-12 10:00:00,50.77300268351577
srv-001,2017-06-12 11:00:00,50.77300268351577
srv-001,2017-06-12 12:00:00,50.77300268351577
srv-001,2017-06-12 13:00:00,50.77300268351577
srv-001,2017-06-12 14:00:00,50.77300268351577
srv-001,2017-06-12 15:00:00,50.77300268351577
srv-001,2017-06-12 16:00:00,50.77300268351577
srv-001,2017-06-12 17:00:00,50.77300268351577
srv-001,2017-06-12 18:00:00,50.77300268351577
srv-001,2017-06-12 19:00:00,50.77300268351577
srv-001,2017-06-12 20:00:00,50.77300268351577
srv-001,2017-06-12 21:00:00,50.77300268351577
srv-001,2017-06-12 22:00:00,50.77300268351577
srv-001,2017-06-12 23:00:00,50.77300268351577
srv-001,2017-06-13 00:00:00,50.77300268351577
srv-001,2017-06-13 01:00:00,50.77300268351577
srv-001,2017-06-13 02:00:00,50.77300268351577
srv-001,2017-06-13 03:00:00,50.77300268351577
srv-001,2017-06-13 04:00:00,50.77300268351577
srv-001,2017-06-13 05:00:00,50.77300268351577
srv-001,2017-06-13 06:00:00,50.77300268351577
srv-001,2017-06-13 07:00:00,50.77300268351577
srv-001,2017-06-13 08:00:00,50.77300268351577
srv-001,2017-06-13 09:00:00,50.77300268351577
srv-001,2017-06-13 10:00:00,50.77300268351577
srv-001,2017-06-13 11:00:00,50.77300268351577
srv-001,2017-06-13 12:00:00,50.77300268351577
srv-001,2017-06-13 13:00:00,50.77300268351577
srv-001,2017-06-13 14:00:00,50.77300268351577
srv-001,2017-06-13 15:00:00,50.77300268351577
srv-001,2017-06-13 16:00:00,50.77300268351577
srv-001,2017-06-13 17:00:00,50.77300268351577
srv-001,2017-06-13 18:00:00,50.77300268351577
srv-001,2017-06-13 19:00:00,50.77300268351577
srv-001,2017-06-13 20:00:00,50.77300268351577
srv-001,2017-06-13 21:00:00,50.77300268351577
srv-001,2017-06-13 22:00:00,50.77300268351577
srv-001,2017-06-13 23:00:00,50.77300268351577
srv-001,2017-06-14 00:00:00,50.77300268351577
srv-001,2017-06-14 01:00:00,50.77300268351577
srv-001,2017-06-14 02:00:00,50.77300268351577
srv-001,2017-06-14 03:00:00,50.77300268351577
srv-001,2017-06-14 04:00:00,50.77300268351577
srv-001,2017-06-14 05:00:00,50.77300268351577
srv-001,2017-06-14 06:00:00,50.77300268351577
srv-001,2017-06-14 07:00:00,50.77300268351577
srv-001,2017-06-14 08:00:00,50.77300268351577
srv-001,2017-06-14 09:00:00,50.77300268351577
srv-001,2017-06-14 10:00:00,50.77300268351577
srv-001,2017-06-14 11:00:00,50.77300268351577
srv-001,2017-06-14 12:00:00,50.77300268351577
srv-001,2017-06-14 13:00:00,50.77300268351577
srv-001,2017-06-14 14:00:00,50.77300268351577
srv-001,2017-06-14 15:00:00,50.77300268351577
srv-001,2017-06-14 16:00:00,50.77300268351577
srv-001,2017-06-14 17:00:00,50.77300268351577
srv-001,2017-06-14 18:00:00,50.77300268351577
srv-001,2017-06-14 19:00:00,50.77300268351577
srv-001,2017-06-14 20:00:00,50.77300268351577
srv-001,2017-06-14 21:00:00,50.77300268351577
srv-001,2017-06-14 22:00:00,50.77300268351577
srv-001,2017-06-14 23:00:00,50.77300268351577
srv-001,2017-06-15 00:00:00,50.77300268351577
srv-001,2017-06-15 01:00:00,50.77300268351577
srv-001,2017-06-15 02:00:00,50.77300268351577
srv-001,2017-06-15 03:00:00,50.77300268351577
srv-001,2017-06-15 04:00:00,50.77300268351577
srv-001,2017-06-15 05:00:00,50.77300268351577
srv-001,2017-06-15 06:00:00,50.77300268351577
srv-001,2017-06-15 07:00:00,50.77300268351577
srv-001,2017-06-15 08:00:00,50.77300268351577
srv-001,2017-06-15 09:00:00,50.77300268351577
srv-001,2017-06-15 10:00:00,50.77300268351577
srv-001,2017-06-15 11:00:00,50.77300268351577
srv-001,2017-06-15 12:00:00,50.77300268351577
srv-001,2017-06-15 13:00:00,50.77300268351577
srv-001,2017-06-15 14:00:00,50.77300268351577
srv-001,2017-06-15 15:00:00,50.77300268351577
srv-001,2017-06-15 16:00:00,50.77300268351577
srv-001,2017-06-15 17:00:00,50.77300268351577
srv-001,2017-06-15 18:00:00,50.77300268351577
srv-001,2017-06-15 19:00:00,50.77300268351577
srv-001,2017-06-15 20:00:00,50.77300268351577
srv-001,2017-06-15 21:00:00,50.77300268351577
srv-001,2017-06-15 22:00:00,50.77300268351577
srv-001,2017-06-15 23:00:00,50.77300268351577
srv-001,2017-06-16 00:00:00,50.77300268351577
srv-001,2017-06-16 01:00:00,50.77300268351577
srv-001,2017-06-16 02:00:00,50.77300268351577
srv-001,2017-06-16 03:00:00,50.77300268351577
srv-001,2017-06-16 04:00:00,50.77300268351577
srv-001,2017-06-16 05:00:00,50.77300268351577
srv-001,2017-06-16 06:00:00,50.77300268351577
srv-001,2017-06-16 07:00:00,50.77300268351577
srv-001,2017-06-16 08:00:00,50.77300268351577
srv-001,2017-06-16 09:00:00,50.77300268351577
srv-001,2017-06-16 10:00:00,50.77300268351577
srv-001,2017-06-16 11:00:00,50.77300268351577
srv-001,2017-06-16 12:00:00,50.77300268351577
srv-001,2017-06-16 13:00:00,50.77300268351577
srv-001,2017-06-16 14:00:00,50.77300268351577
srv-001,2017-06-16 15:00:00,50.77300268351577
srv-001,2017-06-16 16:00:00,50.77300268351577
srv-001,2017-06-16 17:00:00,50.77300268351577
srv-001,2017-06-16 18:00:00,50.77300268351577
srv-001,2017-06-16 19:00:00,50.77300268351577
srv-001,2017-06-16 20:00:00,50.77300268351577
srv-001,2017-06-16 21:00:00,50.77300268351577
srv-001,2017-06-16 22:00:00,50.77300268351577
srv-001,2017-06-16 23:00:00,50.77300268351577
srv-001,2017-06-17 00:00:00,50.77300268351577
srv-001,2017-06-17 01:00:00,50.77300268351577
srv-001,2017-06-17 02:00:00,50.77300268351577
srv-001,2017-06-17 03:00:00,50.77300268351577
srv-001,2017-06-17 04:00:00,50.77300268351577
srv-001,2017-06-17 05:00:00,50.77300268351577
srv-001,2017-06-17 06:00:00,50.77300268351577
srv-001,2017-06-17 07:00:00,50.77300268351577
srv-001,2017-06-17 08:00:00,50.77300268351577
srv-001,2017-06-17 09:00:00,50.77300268351577
srv-001,2017-06-17 10:00:00,50.77300268351577
srv-001,2017-06-17 11:00:00,50.77300268351577
srv-001,2017-06-17 12:00:00,50.77300268351577
srv-001,2017-06-17 13:00:00,50.77300268351577
srv-001,2017-06-17 14:00:00,50.77300268351577
srv-001,2017-06-17 15:00:00,50.77300268351577
srv-001,2017-06-17 16:00:00,50.77300268351577
srv-001,2017-06-17 17:00:00,50.77300268351577
srv-001,2017-06-17 18:00:00,50.77300268351577
srv-001,2017-06-17 19:00:00,50.77300268351577
srv-001,2017-06-17 20:00:00,50.77300268351577
srv-001,2017-06-17 21:00:00,50.77300268351577
srv-001,2017-06-17 22:00:00,50.77300268351577
srv-001,2017-06-17 23:00:00,50.77300268351577
srv-001,2017-06-18 00:00:00,50.77300268351577
srv-001,2017-06-18 01:00:00,50.77300268351577
srv-001,2017-06-18 02:00:00,50.77300268351577
srv-001,2017-06-18 03:00:00,50.77300268351577
srv-001,2017-06-18 04:00:00,50.77300268351577
srv-001,2017-06-18 05:00:00,50.77300268351577
srv-001,2017-06-18 06:00:00,50.77300268351577
srv-001,2017-06-18 07:00:00,50.77300268351577
srv-001,2017-06-18 08:00:00,50.77300268351577
srv-001,2017-06-18 09:00:00,50.77300268351577
srv-001,2017-06-18 10:00:00,50.77300268351577
srv-001,2017-06-18 11:00:00,50.77300268351577
srv-001,2017-06-18 12:00:00,50.77300268351577
srv-001,2017-06-18 13:00:00,50.77300268351577
srv-001,2017-06-18 14:00:00,50.77300268351577
srv-001,2017-06-18 15:00:00,50.77300268351577
srv-001,2017-06-18 16:00:00,50.77300268351577
srv-001,2017-06-18 17:00:00,50.77300268351577
srv-001,2017-06-18 18:00:00,50.77300268351577
srv-001,2017-06-18 19:00:00,50.77300268351577
srv-001,2017-06-18 20:00:00,50.77300268351577
srv-001,2017-06-18 21:00:00,50.77300268351577
srv-001,2017-06-18 22:00:00,50.77300268351577
srv-001,2017-06-18 23:00:00,50.77300268351577
srv-001,2017-06-19 00:00:00,50.77300268351577
srv-001,2017-06-19 01:00:00,50.77300268351577
srv-001,2017-06-19 02:00:00,50.77300268351577
srv-001,2017-06-19 03:00:00,50.77300268351577
srv-001,2017-06-19 04:00:00,50.77300268351577
srv-001,2017-06-19 05:00:00,50.77300268351577
srv-001,2017-06-19 06:00:00,50.77300268351577
srv-001,2017-06-19 07:00:00,50.77300268351577
srv-001,2017-06-19 08:00:00,50.77300268351577
srv-001,2017-06-19 09:00:00,50.77300268351577
srv-001,2017-06-19 10:00:00,50.77300268351577
srv-001,2017-06-19 11:00:00,50.77300268351577
srv-001,2017-06-19 12:00:00,50.77300268351577
srv-001,2017-06-19 13:00:00,50.77300268351577
srv-001,2017-06-19 14:00:00,50.77300268351577
srv-001,2017-06-19 15:00:00,50.77300268351577
srv-001,2017-06-19 16:00:00,50.77300268351577
srv-001,2017-06-19 17:00:00,50.77300268351577
srv-001,2017-06-19 18:00:00,50.77300268351577
srv-001,2017-06-19 19:00:00,50.77300268351577
srv-001,2017-06-19 20:00:00,50.77300268351577
srv-001,2017-06-19 21:00:00,50.77300268351577
srv-001,2017-06-19 22:00:00,50.77300268351577
srv-001,2017-06-19 23:00:00,50.77300268351577
srv-001,2017-06-20 00:00:00,50.77300268351577
srv-001,2017-06-20 01:00:00,50.77300268351577
srv-001,2017-06-20 02:00:00,50.77300268351577
srv-001,2017-06-20 03:00:00,50.77300268351577
srv-001,2017-06-20 04:00:00,50.77300268351577
srv-001,2017-06-20 05:00:00,50.77300268351577
srv-001,2017-06-20 06:00:00,50.77300268351577
srv-001,2017-06-20 07:00:00,50.77300268351577
srv-001,2017-06-20 08:00:00,50.77300268351577
srv-001,2017-06-20 09:00:00,50.77300268351577
srv-001,2017-06-20 10:00:00,50.77300268351577
srv-001,2017-06-20 11:00:00,50.77300268351577
srv-001,2017-06-20 12:00:00,50.77300268351577
srv-001,2017-06-20 13:00:00,50.77300268351577
srv-001,2017-06-20 14:00:00,50.77300268351577
srv-001,2017-06-20 15:00:00,50.77300268351577
srv-001,2017-06-20 16:00:00,50.77300268351577
srv-001,2017-06-20 17:00:00,50.77300268351577
srv-001,2017-06-20 18:00:00,50.77300268351577
srv-001,2017-06-20 19:00:00,50.77300268351577
srv-001,2017-06-20 20:00:00,50.77300268351577
srv-001,2017-06-20 21:00:00,50.77300268351577
srv-001,2017-06-20 22:00:00,50.77300268351577
srv-001,2017-06-20 23:00:00,50.77300268351577
srv-001,2017-06-21 00:00:00,50.77300268351577
srv-001,2017-06-21 01:00:00,50.77300268351577
srv-001,2017-06-21 02:00:00,50.77300268351577
srv-001,2017-06-21 03:00:00,50.77300268351577
srv-001,2017-06-21 04:00:00,50.77300268351577
srv-001,2017-06-21 05:00:00,50.77300268351577
srv-001,2017-06-21 06:00:00,50.77300268351577
srv-001,2017-06-21 07:00:00,50.77300268351577
srv-001,2017-06-21 08:00:00,50.77300268351577
srv-001,2017-06-21 09:00:00,50.77300268351577
srv-001,2017-06-21 10:00:00,50.77300268351577
srv-001,2017-06-21 11:00:00,50.77300268351577
srv-001,2017-06-21 12:00:00,50.77300268351577
srv-001,2017-06-21 13:00:00,50.77300268351577
srv-001,2017-06-21 14:00:00,50.77300268351577
srv-001,2017-06-21 15:00:00,50.77300268351577
srv-001,2017-06-21 16:00:00,50.77300268351577
srv-001,2017-06-21 17:00:00,50.77300268351577
srv-001,2017-06-21 18:00:00,50.77300268351577
srv-001,2017-06-21 19:00:00,50.77300268351577
srv-001,2017-06-21 20:00:00,50.77300268351577
srv-001,2017-06-21 21:00:00,50.77300268351577
srv-001,2017-06-21 22:00:00,50.77300268351577
srv-001,2017-06-21 23:00:00,50.77300268351577
srv-001,2017-06-22 00:00:00,50.77300268351577
srv-001,2017-06-22 01:00:00,50.77300268351577
srv-001,2017-06-22 02:00:00,50.77300268351577
srv-001,2017-06-22 03:00:00,50.77300268351577
srv-001,2017-06-22 04:00:00,50.77300268351577
srv-001,2017-06-22 05:00:00,50.77300268351577
srv-001,2017-06-22 06:00:00,50.77300268351577
srv-001,2017-06-22 07:00:00,50.77300268351577
srv-001,2017-06-22 08:00:00,50.77300268351577
srv-001,2017-06-22 09:00:00,50.77300268351577
srv-001,2017-06-22 10:00:00,50.77300268351577
srv-001,2017-06-22 11:00:00,50.77300268351577
srv-001,2017-06-22 12:00:00,50.77300268351577
srv-001,2017-06-22 13:00:00,50.77300268351577
srv-001,2017-06-22 14:00:00,50.77300268351577
srv-001,2017-06-22 15:00:00,50.77300268351577
srv-001,2017-06-22 16:00:00,50.77300268351577
srv-001,2017-06-22 17:00:00,50.77300268351577
srv-001,2017-06-22 18:00:00,50.77300268351577
srv-001,2017-06-22 19:00:00,50.77300268351577
srv-001,2017-06-22 20:00:00,50.77300268351577
srv-001,2017-06-22 21:00:00,50.77300268351577
srv-001,2017-06-22 22:00:00,50.77300268351577
srv-001,2017-06-22 23:00:00,50.77300268351577
srv-001,2017-06-23 00:00:00,50.77300268351577
srv-001,2017-06-23 01:00:00,50.77300268351577
srv-001,2017-06-23 02:00:00,50.77300268351577
srv-001,2017-06-23 03:00:00,50.77300268351577
srv-001,2017-06-23 04:00:00,50.77300268351577
srv-001,2017-06-23 05:00:00,50.77300268351577
srv-001,2017-06-23 06:00:00,50.77300268351577
srv-001,2017-06-23 07:00:00,50.77300268351577
srv-001,2017-06-23 08:00:00,50.77300268351577
srv-001,2017-06-23 09:00:00,50.77300268351577
srv-001,2017-06-23 10:00:00,50.77300268351577
srv-001,2017-06-23 11:00:00,50.77300268351577
srv-001,2017-06-23 12:00:00,50.77300268351577
srv-001,2017-06-23 13:00:00,50.77300268351577
srv-001,2017-06-23 14:00:00,50.77300268351577
srv-001,2017-06-23 15:00:00,50.77300268351577
srv-001,2017-06-23 16:00:00,50.77300268351577
srv-001,2017-06-23 17:00:00,50.77300268351577
srv-001,2017-06-23 18:00:00,50.77300268351577
srv-001,2017-06-23 19:00:00,50.77300268351577
srv-001,2017-06-23 20:00:00,50.77300268351577
srv-001,2017-06-23 21:00:00,50.77300268351577
srv-001,2017-06-23 22:00:00,50.77300268351577
srv-001,2017-06-23 23:00:00,50.77300268351577
srv-001,2017-06-24 00:00:00,50.77300268351577
srv-001,2017-06-24 01:00:00,50.77300268351577
srv-001,2017-06-24 02:00:00,50.77300268351577
srv-001,2017-06-24 03:00:00,50.77300268351577
srv-001,2017-06-24 04:00:00,50.77300268351577
srv-001,2017-06-24 05:00:00,50.77300268351577
srv-001,2017-06-24 06:00:00,50.77300268351577
srv-001,2017-06-24 07:00:00,50.77300268351577
srv-001,2017-06-24 08:00:00,50.77300268351577
srv-001,2017-06-24 09:00:00,50.77300268351577
srv-001,2017-06-24 10:00:00,50.77300268351577
srv-001,2017-06-24 11:00:00,50.77300268351577
srv-001,2017-06-24 12:00:00,50.77300268351577
srv-001,2017-06-24 13:00:00,50.77300268351577
srv-001,2017-06-24 14:00:00,50.77300268351577
srv-001,2017-06-24 15:00:00,50.77300268351577
srv-001,2017-06-24 16:00:00,50.77300268351577
srv-001,2017-06-24 17:00:00,50.77300268351577
srv-001,2017-06-24 18:00:00,50.77300268351577
srv-001,2017-06-24 19:00:00,50.77300268351577
srv-001,2017-06-24 20:00:00,50.77300268351577
srv-001,2017-06-24 21:00:00,50.77300268351577
srv-001,2017-06-24 22:00:00,50.77300268351577
srv-001,2017-06-24 23:00:00,50.77300268351577
srv-001,2017-06-25 00:00:00,50.77300268351577
srv-001,2017-06-25 01:00:00,50.77300268351577
srv-001,2017-06-25 02:00:00,50.77300268351577
srv-001,2017-06-25 03:00:00,50.77300268351577
srv-001,2017-06-25 04:00:00,50.77300268351577
srv-001,2017-06-25 05:00:00,50.77300268351577
srv-001,2017-06-25 06:00:00,50.77300268351577
srv-001,2017-06-25 07:00:00,50.77300268351577
srv-001,2017-06-25 08:00:00,50.77300268351577
srv-001,2017-06-25 09:00:00,50.77300268351577
srv-001,2017-06-25 10:00:00,50.77300268351577
srv-001,2017-06-25 11:00:00,50.77300268351577
srv-001,2017-06-25 12:00:00,50.77300268351577
srv-001,2017-06-25 13:00:00,50.77300268351577
srv-001,2017-06-25 14:00:00,50.77300268351577
srv-001,2017-06-25 15:00:00,50.77300268351577
srv-001,2017-06-25 16:00:00,50.77300268351577
srv-001,2017-06-25 17:00:00,50.77300268351577
srv-001,2017-06-25 18:00:00,50.77300268351577
srv-001,2017-06-25 19:00:00,50.77300268351577
srv-001,2017-06-25 20:00:00,50.77300268351577
srv-001,2017-06-25 21:00:00,50.77300268351577
srv-001,2017-06-25 22:00:00,50.77300268351577
srv-001,2017-06-25 23:00:00,50.77300268351577
srv-001,2017-06-26 00:00:00,50.77300268351577
srv-001,2017-06-26 01:00:00,50.77300268351577
srv-001,2017-06-26 02:00:00,50.77300268351577
srv-001,2017-06-26 03:00:00,50.77300268351577
srv-001,2017-06-26 04:00:00,50.77300268351577
srv-001,2017-06-26 05:00:00,50.77300268351577
srv-001,2017-06-26 06:00:00,50.77300268351577
srv-001,2017-06-26 07:00:00,50.77300268351577
srv-001,2017-06-26 08:00:00,50.77300268351577
srv-001,2017-06-26 09:00:00,50.77300268351577
srv-001,2017-06-26 10:00:00,50.77300268351577
srv-001,2017-06-26 11:00:00,50.77300268351577
srv-001,2017-06-26 12:00:00,50.77300268351577
srv-001,2017-06-26 13:00:00,50.77300268351577
srv-001,2017-06-26 14:00:00,50.77300268351577
srv-001,2017-06-26 15:00:00,50.77300268351577
srv-001,2017-06-26 16:00:00,50.77300268351577
srv-001,2017-06-26 17:00:00,50.77300268351577
srv-001,2017-06-26 18:00:00,50.77300268351577
srv-001,2017-06-26 19:00:00,50.77300268351577
srv-001,2017-06-26 20:00:00,50.77300268351577
srv-001,2017-06-26 21:00:00,50.77300268351577
srv-001,2017-06-26 22:00:00,50.77300268351577
srv-001,2017-06-26 23:00:00,50.77300268351577
srv-001,2017-06-27 00:00:00,50.77300268351577
srv-001,2017-06-27 01:00:00,50.77300268351577
srv-001,2017-06-27 02:00:00,50.77300268351577
srv-001,2017-06-27 03:00:00,50.77300268351577
srv-001,2017-06-27 04:00:00,50.77300268351577
srv-001,2017-06-27 05:00:00,50.77300268351577
srv-001,2017-06-27 06:00:00,50.77300268351577
srv-001,2017-06-27 07:00:00,50.77300268351577
srv-001,2017-06-27 08:00:00,50.77300268351577
srv-001,2017-06-27 09:00:00,50.77300268351577
srv-001,2017-06-27 10:00:00,50.77300268351577
srv-001,2017-06-27 11:00:00,50.77300268351577
srv-001,2017-06-27 12:00:00,50.77300268351577
srv-001,2017-06-27 13:00:00,50.77300268351577
srv-001,2017-06-27 14:00:00,50.77300268351577
srv-001,2017-06-27 15:00:00,50.77300268351577
srv-001,2017-06-27 16:00:00,50.77300268351577
srv-001,2017-06-27 17:00:00,50.77300268351577
srv-001,2017-06-27 18:00:00,50.77300268351577
srv-001,2017-06-27 19:00:00,50.77300268351577
srv-001,2017-06-27 20:00:00,50.77300268351577
srv-001,2017-06-27 21:00:00,50.77300268351577
srv-001,2017-06-27 22:00:00,50.77300268351577
srv-001,2017-06-27 23:00:00,50.77300268351577
srv-001,2017-06-28 00:00:00,50.77300268351577
srv-001,2017-06-28 01:00:00,50.77300268351577
srv-001,2017-06-28 02:00:00,50.77300268351577
srv-001,2017-06-28 03:00:00,50.77300268351577
srv-001,2017-06-28 04:00:00,50.77300268351577
srv-001,2017-06-28 05:00:00,50.77300268351577
srv-001,2017-06-28 06:00:00,50.77300268351577
srv-001,2017-06-28 07:00:00,50.77300268351577
srv-001,2017-06-28 08:00:00,50.77300268351577
srv-001,2017-06-28 09:00:00,50.77300268351577
srv-001,2017-06-28 10:00:00,50.77300268351577
srv-001,2017-06-28 11:00:00,50.77300268351577
srv-001,2017-06-28 12:00:00,50.77300268351577
srv-001,2017-06-28 13:00:00,50.77300268351577
srv-001,2017-06-28 14:00:00,50.77300268351577
srv-001,2017-06-28 15:00:00,50.77300268351577
srv-001,2017-06-28 16:00:00,50.77300268351577
srv-001,2017-06-28 17:00:00,50.77300268351577
srv-001,2017-06-28 18:00:00,50.77300268351577
srv-001,2017-06-28 19:00:00,50.77300268351577
srv-001,2017-06-28 20:00:00,50.77300268351577
srv-001,2017-06-28 21:00:00,50.77300268351577
srv-001,2017-06-28 22:00:00,50.77300268351577
srv-001,2017-06-28 23:00:00,50.77300268351577
srv-001,2017-06-29 00:00:00,50.77300268351577
srv-001,2017-06-29 01:00:00,50.77300268351577
srv-001,2017-06-29 02:00:00,50.77300268351577
srv-001,2017-06-29 03:00:00,50.77300268351577
srv-001,2017-06-29 04:00:00,50.77300268351577
srv-001,2017-06-29 05:00:00,50.77300268351577
srv-001,2017-06-29 06:00:00,50.77300268351577
srv-001,2017-06-29 07:00:00,50.77300268351577
srv-001,2017-06-29 08:00:00,50.77300268351577
srv-001,2017-06-29 09:00:00,50.77300268351577
srv-001,2017-06-29 10:00:00,50.77300268351577
srv-001,2017-06-29 11:00:00,50.77300268351577
srv-001,2017-06-29 12:00:00,50.77300268351577
srv-001,2017-06-29 13:00:00,50.77300268351577
srv-001,2017-06-29 14:00:00,50.77300268351577
srv-001,2017-06-29 15:00:00,50.77300268351577
srv-001,2017-06-29 16:00:00,50.77300268351577
srv-001,2017-06-29 17:00:00,50.77300268351577
srv-001,2017-06-29 18:00:00,50.77300268351577
srv-001,2017-06-29 19:00:00,50.77300268351577
srv-001,2017-06-29 20:00:00,50.77300268351577
srv-001,2017-06-29 21:00:00,50.77300268351577
srv-001,2017-06-29 22:00:00,50.77300268351577
srv-001,2017-06-29 23:00:00,50.77300268351577
srv-001,2017-06-30 00:00:00,50.77300268351577
srv-001,2017-06-30 01:00:00,50.77300268351577
srv-001,2017-06-30 02:00:00,50.77300268351577
srv-001,2017-06-30 03:00:00,50.77300268351577
srv-001,2017-06-30 04:00:00,50.77300268351577
srv-001,2017-06-30 05:00:00,50.77300268351577
srv-001,2017-06-30 06:00:00,50.77300268351577
srv-001,2017-06-30 07:00:00,50.77300268351577
srv-001,2017-06-30 08:00:00,50.77300268351577
srv-001,2017-06-30 09:00:00,50.77300268351577
srv-001,2017-06-30 10:00:00,50.77300268351577
srv-001,2017-06-30 11:00:00,50.77300268351577
srv-001,2017-06-30 12:00:00,50.77300268351577
srv-001,2017-06-30 13:00:00,50.77300268351577
srv-001,2017-06-30 14:00:00,50.77300268351577
srv-001,2017-06-30 15:00:00,50.77300268351577
srv-001,2017-06-30 16:00:00,50.77300268351577
srv-001,2017-06-30 17:00:00,50.77300268351577
srv-001,2017-06-30 18:00:00,50.77300268351577
srv-001,2017-06-30 19:00:00,50.77300268351577
srv-001,2017-06-30 20:00:00,50.77300268351577
srv-001,2017-06-30 21:00:00,50.77300268351577
srv-001,2017-06-30 22:00:00,50.77300268351577
srv-001,2017-06-30 23:00:00,50.77300268351577
srv-002,2017-06-01 23:00:00,85.29456005528407
srv-002,2017-06-02 00:00:00,85.21801186904854
srv-002,2017-06-02 01:00:00,85.30686311962043
srv-002,2017-06-02 02:00:00,85.29226421768371
srv-002,2017-06-02 03:00:00,85.28877218436882
srv-002,2017-06-02 04:00:00,85.2928726504217
srv-002,2017-06-02 05:00:00,85.29262396878096
srv-002,2017-06-02 06:00:00,85.29254930744018
srv-002,2017-06-02 07:00:00,85.29277525185994
srv-002,2017-06-02 08:00:00,85.29280116157207
srv-002,2017-06-02 09:00:00,85.29281211741092
srv-002,2017-06-02 10:00:00,85.29282937352684
srv-002,2017-06-02 11:00:00,85.2928348825616
srv-002,2017-06-02 12:00:00,85.29283744135601
srv-002,2017-06-02 13:00:00,85.29283926248102
srv-002,2017-06-02 14:00:00,85.29284007924495
srv-002,2017-06-02 15:00:00,85.29284048205542
srv-002,2017-06-02 16:00:00,85.29284071134661
srv-002,2017-06-02 17:00:00,85.29284082547711
srv-002,2017-06-02 18:00:00,85.29284088338488
srv-002,2017-06-02 19:00:00,85.29284091419645
srv-002,2017-06-02 20:00:00,85.29284092997653
srv-002,2017-06-02 21:00:00,85.29284093807809
srv-002,2017-06-02 22:00:00,85.29284094230218
srv-002,2017-06-02 23:00:00,85.29284094448126
srv-002,2017-06-03 00:00:00,85.29284094560505
srv-002,2017-06-03 01:00:00,85.29284094618747
srv-002,2017-06-03 02:00:00,85.29284094648844
srv-002,2017-06-03 03:00:00,85.2928409466439
srv-002,2017-06-03 04:00:00,85.29284094672434
srv-002,2017-06-03 05:00:00,85.29284094676592
srv-002,2017-06-03 06:00:00,85.29284094678741
srv-002,2017-06-03 07:00:00,85.29284094679852
srv-002,2017-06-03 08:00:00,85.29284094680426
srv-002,2017-06-03 09:00:00,85.29284094680723
srv-002,2017-06-03 10:00:00,85.29284094680877
srv-002,2017-06-03 11:00:00,85.29284094680956
srv-002,2017-06-03 12:00:00,85.29284094680997
srv-002,2017-06-03 13:00:00,85.29284094681019
srv-002,2017-06-03 14:00:00,85.2928409468103
srv-002,2017-06-03 15:00:00,85.29284094681036
srv-002,2017-06-03 16:00:00,85.29284094681039
srv-002,2017-06-03 17:00:00,85.2928409468104
srv-002,2017-06-03 18:00:00,85.29284094681041
srv-002,2017-06-03 19:00:00,85.29284094681041
srv-002,2017-06-03 20:00:00,85.29284094681041
srv-002,2017-06-03 21:00:00,85.29284094681041
srv-002,2017-06-03 22:00:00,85.29284094681041
srv-002,2017-06-03 23:00:00,85.29284094681041
srv-002,2017-06-04 00:00:00,85.29284094681041
srv-002,2017-06-04 01:00:00,85.29284094681041
srv-002,2017-06-04 02:00:00,85.29284094681041
srv-002,2017-06-04 03:00:00,85.29284094681041
srv-002,2017-06-04 04:00:00,85.29284094681041
srv-002,2017-06-04 05:00:00,85.29284094681041
srv-002,2017-06-04 06:00:00,85.29284094681041
srv-002,2017-06-04 07:00:00,85.29284094681041
srv-002,2017-06-04 08:00:00,85.29284094681041
srv-002,2017-06-04 09:00:00,85.29284094681041
srv-002,2017-06-04 10:00:00,85.29284094681041
srv-002,2017-06-04 11:00:00,85.29284094681041
srv-002,2017-06-04 12:00:00,85.29284094681041
srv-002,2017-06-04 13:00:00,85.29284094681041
srv-002,2017-06-04 14:00:00,85.29284094681041
srv-002,2017-06-04 15:00:00,85.29284094681041
srv-002,2017-06-04 16:00:00,85.29284094681041
srv-002,2017-06-04 17:00:00,85.29284094681041
srv-002,2017-06-04 18:00:00,85.29284094681041
srv-002,2017-06-04 19:00:00,85.29284094681041
srv-002,2017-06-04 20:00:00,85.29284094681041
srv-002,2017-06-04 21:00:00,85.29284094681041
srv-002,2017-06-04 22:00:00,85.29284094681041
srv-002,2017-06-04 23:00:00,85.29284094681041
srv-002,2017-06-05 00:00:00,85.29284094681041
srv-002,2017-06-05 01:00:00,85.29284094681041
srv-002,2017-06-05 02:00:00,85.29284094681041
srv-002,2017-06-05 03:00:00,85.29284094681041
srv-002,2017-06-05 04:00:00,85.29284094681041
srv-002,2017-06-05 05:00:00,85.29284094681041
srv-002,2017-06-05 06:00:00,85.29284094681041
srv-002,2017-06-05 07:00:00,85.29284094681041
srv-002,2017-06-05 08:00:00,85.29284094681041
srv-002,2017-06-05 09:00:00,85.29284094681041
srv-002,2017-06-05 10:00:00,85.29284094681041
srv-002,2017-06-05 11:00:00,85.29284094681041
srv-002,2017-06-05 12:00:00,85.29284094681041
srv-002,2017-06-05 13:00:00,85.29284094681041
srv-002,2017-06-05 14:00:00,85.29284094681041
srv-002,2017-06-05 15:00:00,85.29284094681041
srv-002,2017-06-05 16:00:00,85.29284094681041
srv-002,2017-06-05 17:00:00,85.29284094681041
srv-002,2017-06-05 18:00:00,85.29284094681041
srv-002,2017-06-05 19:00:00,85.29284094681041
srv-002,2017-06-05 20:00:00,85.29284094681041
srv-002,2017-06-05 21:00:00,85.29284094681041
srv-002,2017-06-05 22:00:00,85.29284094681041
srv-002,2017-06-05 23:00:00,85.29284094681041
srv-002,2017-06-06 00:00:00,85.29284094681041
srv-002,2017-06-06 01:00:00,85.29284094681041
srv-002,2017-06-06 02:00:00,85.29284094681041
srv-002,2017-06-06 03:00:00,85.29284094681041
srv-002,2017-06-06 04:00:00,85.29284094681041
srv-002,2017-06-06 05:00:00,85.29284094681041
srv-002,2017-06-06 06:00:00,85.29284094681041
srv-002,2017-06-06 07:00:00,85.29284094681041
srv-002,2017-06-06 08:00:00,85.29284094681041
srv-002,2017-06-06 09:00:00,85.29284094681041
srv-002,2017-06-06 10:00:00,85.29284094681041
srv-002,2017-06-06 11:00:00,85.29284094681041
srv-002,2017-06-06 12:00:00,85.29284094681041
srv-002,2017-06-06 13:00:00,85.29284094681041
srv-002,2017-06-06 14:00:00,85.29284094681041
srv-002,2017-06-06 15:00:00,85.29284094681041
srv-002,2017-06-06 16:00:00,85.29284094681041
srv-002,2017-06-06 17:00:00,85.29284094681041
srv-002,2017-06-06 18:00:00,85.29284094681041
srv-002,2017-06-06 19:00:00,85.29284094681041
srv-002,2017-06-06 20:00:00,85.29284094681041
srv-002,2017-06-06 21:00:00,85.29284094681041
srv-002,2017-06-06 22:00:00,85.29284094681041
srv-002,2017-06-06 23:00:00,85.29284094681041
srv-002,2017-06-07 00:00:00,85.29284094681041
srv-002,2017-06-07 01:00:00,85.29284094681041
srv-002,2017-06-07 02:00:00,85.29284094681041
srv-002,2017-06-07 03:00:00,85.29284094681041
srv-002,2017-06-07 04:00:00,85.29284094681041
srv-002,2017-06-07 05:00:00,85.29284094681041
srv-002,2017-06-07 06:00:00,85.29284094681041
srv-002,2017-06-07 07:00:00,85.29284094681041
srv-002,2017-06-07 08:00:00,85.29284094681041
srv-002,2017-06-07 09:00:00,85.29284094681041
srv-002,2017-06-07 10:00:00,85.29284094681041
srv-002,2017-06-07 11:00:00,85.29284094681041
srv-002,2017-06-07 12:00:00,85.29284094681041
srv-002,2017-06-07 13:00:00,85.29284094681041
srv-002,2017-06-07 14:00:00,85.29284094681041
srv-002,2017-06-07 15:00:00,85.29284094681041
srv-002,2017-06-07 16:00:00,85.29284094681041
srv-002,2017-06-07 17:00:00,85.29284094681041
srv-002,2017-06-07 18:00:00,85.29284094681041
srv-002,2017-06-07 19:00:00,85.29284094681041
srv-002,2017-06-07 20:00:00,85.29284094681041
srv-002,2017-06-07 21:00:00,85.29284094681041
srv-002,2017-06-07 22:00:00,85.29284094681041
srv-002,2017-06-07 23:00:00,85.29284094681041
srv-002,2017-06-08 00:00:00,85.29284094681041
srv-002,2017-06-08 01:00:00,85.29284094681041
srv-002,2017-06-08 02:00:00,85.29284094681041
srv-002,2017-06-08 03:00:00,85.29284094681041
srv-002,2017-06-08 04:00:00,85.29284094681041
srv-002,2017-06-08 05:00:00,85.29284094681041
srv-002,2017-06-08 06:00:00,85.29284094681041
srv-002,2017-06-08 07:00:00,85.29284094681041
srv-002,2017-06-08 08:00:00,85.29284094681041
srv-002,2017-06-08 09:00:00,85.29284094681041
srv-002,2017-06-08 10:00:00,85.29284094681041
srv-002,2017-06-08 11:00:00,85.29284094681041
srv-002,2017-06-08 12:00:00,85.29284094681041
srv-002,2017-06-08 13:00:00,85.29284094681041
srv-002,2017-06-08 14:00:00,85.29284094681041
srv-002,2017-06-08 15:00:00,85.29284094681041
srv-002,2017-06-08 16:00:00,85.29284094681041
srv-002,2017-06-08 17:00:00,85.29284094681041
srv-002,2017-06-08 18:00:00,85.29284094681041
srv-002,2017-06-08 19:00:00,85.29284094681041
srv-002,2017-06-08 20:00:00,85.29284094681041
srv-002,2017-06-08 21:00:00,85.29284094681041
srv-002,2017-06-08 22:00:00,85.29284094681041
srv-002,2017-06-08 23:00:00,85.29284094681041
srv-002,2017-06-09 00:00:00,85.29284094681041
srv-002,2017-06-09 01:00:00,85.29284094681041
srv-002,2017-06-09 02:00:00,85.29284094681041
srv-002,2017-06-09 03:00:00,85.29284094681041
srv-002,2017-06-09 04:00:00,85.29284094681041
srv-002,2017-06-09 05:00:00,85.29284094681041
srv-002,2017-06-09 06:00:00,85.29284094681041
srv-002,2017-06-09 07:00:00,85.29284094681041
srv-002,2017-06-09 08:00:00,85.29284094681041
srv-002,2017-06-09 09:00:00,85.29284094681041
srv-002,2017-06-09 10:00:00,85.29284094681041
srv-002,2017-06-09 11:00:00,85.29284094681041
srv-002,2017-06-09 12:00:00,85.29284094681041
srv-002,2017-06-09 13:00:00,85.29284094681041
srv-002,2017-06-09 14:00:00,85.29284094681041
srv-002,2017-06-09 15:00:00,85.29284094681041
srv-002,2017-06-09 16:00:00,85.29284094681041
srv-002,2017-06-09 17:00:00,85.29284094681041
srv-002,2017-06-09 18:00:00,85.29284094681041
srv-002,2017-06-09 19:00:00,85.29284094681041
srv-002,2017-06-09 20:00:00,85.29284094681041
srv-002,2017-06-09 21:00:00,85.29284094681041
srv-002,2017-06-09 22:00:00,85.29284094681041
srv-002,2017-06-09 23:00:00,85.29284094681041
srv-002,2017-06-10 00:00:00,85.29284094681041
srv-002,2017-06-10 01:00:00,85.29284094681041
srv-002,2017-06-10 02:00:00,85.29284094681041
srv-002,2017-06-10 03:00:00,85.29284094681041
srv-002,2017-06-10 04:00:00,85.29284094681041
srv-002,2017-06-10 05:00:00,85.29284094681041
srv-002,2017-06-10 06:00:00,85.29284094681041
srv-002,2017-06-10 07:00:00,85.29284094681041
srv-002,2017-06-10 08:00:00,85.29284094681041
srv-002,2017-06-10 09:00:00,85.29284094681041
srv-002,2017-06-10 10:00:00,85.29284094681041
srv-002,2017-06-10 11:00:00,85.29284094681041
srv-002,2017-06-10 12:00:00,85.29284094681041
srv-002,2017-06-10 13:00:00,85.29284094681041
srv-002,2017-06-10 14:00:00,85.29284094681041
srv-002,2017-06-10 15:00:00,85.29284094681041
srv-002,2017-06-10 16:00:00,85.29284094681041
srv-002,2017-06-10 17:00:00,85.29284094681041
srv-002,2017-06-10 18:00:00,85.29284094681041
srv-002,2017-06-10 19:00:00,85.29284094681041
srv-002,2017-06-10 20:00:00,85.29284094681041
srv-002,2017-06-10 21:00:00,85.29284094681041
srv-002,2017-06-10 22:00:00,85.29284094681041
srv-002,2017-06-10 23:00:00,85.29284094681041
srv-002,2017-06-11 00:00:00,85.29284094681041
srv-002,2017-06-11 01:00:00,85.29284094681041
srv-002,2017-06-11 02:00:00,85.29284094681041
srv-002,2017-06-11 03:00:00,85.29284094681041
srv-002,2017-06-11 04:00:00,85.29284094681041
srv-002,2017-06-11 05:00:00,85.29284094681041
srv-002,2017-06-11 06:00:00,85.29284094681041
srv-002,2017-06-11 07:00:00,85.29284094681041
srv-002,2017-06-11 08:00:00,85.29284094681041
srv-002,2017-06-11 09:00:00,85.29284094681041
srv-002,2017-06-11 10:00:00,85.29284094681041
srv-002,2017-06-11 11:00:00,85.29284094681041
srv-002,2017-06-11 12:00:00,85.29284094681041
srv-002,2017-06-11 13:00:00,85.29284094681041
srv-002,2017-06-11 14:00:00,85.29284094681041
srv-002,2017-06-11 15:00:00,85.29284094681041
srv-002,2017-06-11 16:00:00,85.29284094681041
srv-002,2017-06-11 17:00:00,85.29284094681041
srv-002,2017-06-11 18:00:00,85.29284094681041
srv-002,2017-06-11 19:00:00,85.29284094681041
srv-002,2017-06-11 20:00:00,85.29284094681041
srv-002,2017-06-11 21:00:00,85.29284094681041
srv-002,2017-06-11 22:00:00,85.29284094681041
srv-002,2017-06-11 23:00:00,85.29284094681041
srv-002,2017-06-12 00:00:00,85.29284094681041
srv-002,2017-06-12 01:00:00,85.29284094681041
srv-002,2017-06-12 02:00:00,85.29284094681041
srv-002,2017-06-12 03:00:00,85.29284094681041
srv-002,2017-06-12 04:00:00,85.29284094681041
srv-002,2017-06-12 05:00:00,85.29284094681041
srv-002,2017-06-12 06:00:00,85.29284094681041
srv-002,2017-06-12 07:00:00,85.29284094681041
srv-002,2017-06-12 08:00:00,85.29284094681041
srv-002,2017-06-12 09:00:00,85.29284094681041
srv-002,2017-06-12 10:00:00,85.29284094681041
srv-002,2017-06-12 11:00:00,85.29284094681041
srv-002,2017-06-12 12:00:00,85.29284094681041
srv-002,2017-06-12 13:00:00,85.29284094681041
srv-002,2017-06-12 14:00:00,85.29284094681041
srv-002,2017-06-12 15:00:00,85.29284094681041
srv-002,2017-06-12 16:00:00,85.29284094681041
srv-002,2017-06-12 17:00:00,85.29284094681041
srv-002,2017-06-12 18:00:00,85.29284094681041
srv-002,2017-06-12 19:00:00,85.29284094681041
srv-002,2017-06-12 20:00:00,85.29284094681041
srv-002,2017-06-12 21:00:00,85.29284094681041
srv-002,2017-06-12 22:00:00,85.29284094681041
srv-002,2017-06-12 23:00:00,85.29284094681041
srv-002,2017-06-13 00:00:00,85.29284094681041
srv-002,2017-06-13 01:00:00,85.29284094681041
srv-002,2017-06-13 02:00:00,85.29284094681041
srv-002,2017-06-13 03:00:00,85.29284094681041
srv-002,2017-06-13 04:00:00,85.29284094681041
srv-002,2017-06-13 05:00:00,85.29284094681041
srv-002,2017-06-13 06:00:00,85.29284094681041
srv-002,2017-06-13 07:00:00,85.29284094681041
srv-002,2017-06-13 08:00:00,85.29284094681041
srv-002,2017-06-13 09:00:00,85.29284094681041
srv-002,2017-06-13 10:00:00,85.29284094681041
srv-002,2017-06-13 11:00:00,85.29284094681041
srv-002,2017-06-13 12:00:00,85.29284094681041
srv-002,2017-06-13 13:00:00,85.29284094681041
srv-002,2017-06-13 14:00:00,85.29284094681041
srv-002,2017-06-13 15:00:00,85.29284094681041
srv-002,2017-06-13 16:00:00,85.29284094681041
srv-002,2017-06-13 17:00:00,85.29284094681041
srv-002,2017-06-13 18:00:00,85.29284094681041
srv-002,2017-06-13 19:00:00,85.29284094681041
srv-002,2017-06-13 20:00:00,85.29284094681041
srv-002,2017-06-13 21:00:00,85.29284094681041
srv-002,2017-06-13 22:00:00,85.29284094681041
srv-002,2017-06-13 23:00:00,85.29284094681041
srv-002,2017-06-14 00:00:00,85.29284094681041
srv-002,2017-06-14 01:00:00,85.29284094681041
srv-002,2017-06-14 02:00:00,85.29284094681041
srv-002,2017-06-14 03:00:00,85.29284094681041
srv-002,2017-06-14 04:00:00,85.29284094681041
srv-002,2017-06-14 05:00:00,85.29284094681041
srv-002,2017-06-14 06:00:00,85.29284094681041
srv-002,2017-06-14 07:00:00,85.29284094681041
srv-002,2017-06-14 08:00:00,85.29284094681041
srv-002,2017-06-14 09:00:00,85.29284094681041
srv-002,2017-06-14 10:00:00,85.29284094681041
srv-002,2017-06-14 11:00:00,85.29284094681041
srv-002,2017-06-14 12:00:00,85.29284094681041
srv-002,2017-06-14 13:00:00,85.29284094681041
srv-002,2017-06-14 14:00:00,85.29284094681041
srv-002,2017-06-14 15:00:00,85.29284094681041
srv-002,2017-06-14 16:00:00,85.29284094681041
srv-002,2017-06-14 17:00:00,85.29284094681041
srv-002,2017-06-14 18:00:00,85.29284094681041
srv-002,2017-06-14 19:00:00,85.29284094681041
srv-002,2017-06-14 20:00:00,85.29284094681041
srv-002,2017-06-14 21:00:00,85.29284094681041
srv-002,2017-06-14 22:00:00,85.29284094681041
srv-002,2017-06-14 23:00:00,85.29284094681041
srv-002,2017-06-15 00:00:00,85.29284094681041
srv-002,2017-06-15 01:00:00,85.29284094681041
srv-002,2017-06-15 02:00:00,85.29284094681041
srv-002,2017-06-15 03:00:00,85.29284094681041
srv-002,2017-06-15 04:00:00,85.29284094681041
srv-002,2017-06-15 05:00:00,85.29284094681041
srv-002,2017-06-15 06:00:00,85.29284094681041
srv-002,2017-06-15 07:00:00,85.29284094681041
srv-002,2017-06-15 08:00:00,85.29284094681041
srv-002,2017-06-15 09:00:00,85.29284094681041
srv-002,2017-06-15 10:00:00,85.29284094681041
srv-002,2017-06-15 11:00:00,85.29284094681041
srv-002,2017-06-15 12:00:00,85.29284094681041
srv-002,2017-06-15 13:00:00,85.29284094681041
srv-002,2017-06-15 14:00:00,85.29284094681041
srv-002,2017-06-15 15:00:00,85.29284094681041
srv-002,2017-06-15 16:00:00,85.29284094681041
srv-002,2017-06-15 17:00:00,85.29284094681041
srv-002,2017-06-15 18:00:00,85.29284094681041
srv-002,2017-06-15 19:00:00,85.29284094681041
srv-002,2017-06-15 20:00:00,85.29284094681041
srv-002,2017-06-15 21:00:00,85.29284094681041
srv-002,2017-06-15 22:00:00,85.29284094681041
srv-002,2017-06-15 23:00:00,85.29284094681041
srv-002,2017-06-16 00:00:00,85.29284094681041
srv-002,2017-06-16 01:00:00,85.29284094681041
srv-002,2017-06-16 02:00:00,85.29284094681041
srv-002,2017-06-16 03:00:00,85.29284094681041
srv-002,2017-06-16 04:00:00,85.29284094681041
srv-002,2017-06-16 05:00:00,85.29284094681041
srv-002,2017-06-16 06:00:00,85.29284094681041
srv-002,2017-06-16 07:00:00,85.29284094681041
srv-002,2017-06-16 08:00:00,85.29284094681041
srv-002,2017-06-16 09:00:00,85.29284094681041
srv-002,2017-06-16 10:00:00,85.29284094681041
srv-002,2017-06-16 11:00:00,85.29284094681041
srv-002,2017-06-16 12:00:00,85.29284094681041
srv-002,2017-06-16 13:00:00,85.29284094681041
srv-002,2017-06-16 14:00:00,85.29284094681041
srv-002,2017-06-16 15:00:00,85.29284094681041
srv-002,2017-06-16 16:00:00,85.29284094681041
srv-002,2017-06-16 17:00:00,85.29284094681041
srv-002,2017-06-16 18:00:00,85.29284094681041
srv-002,2017-06-16 19:00:00,85.29284094681041
srv-002,2017-06-16 20:00:00,85.29284094681041
srv-002,2017-06-16 21:00:00,85.29284094681041
srv-002,2017-06-16 22:00:00,85.29284094681041
srv-002,2017-06-16 23:00:00,85.29284094681041
srv-002,2017-06-17 00:00:00,85.29284094681041
srv-002,2017-06-17 01:00:00,85.29284094681041
srv-002,2017-06-17 02:00:00,85.29284094681041
srv-002,2017-06-17 03:00:00,85.29284094681041
srv-002,2017-06-17 04:00:00,85.29284094681041
srv-002,2017-06-17 05:00:00,85.29284094681041
srv-002,2017-06-17 06:00:00,85.29284094681041
srv-002,2017-06-17 07:00:00,85.29284094681041
srv-002,2017-06-17 08:00:00,85.29284094681041
srv-002,2017-06-17 09:00:00,85.29284094681041
srv-002,2017-06-17 10:00:00,85.29284094681041
srv-002,2017-06-17 11:00:00,85.29284094681041
srv-002,2017-06-17 12:00:00,85.29284094681041
srv-002,2017-06-17 13:00:00,85.29284094681041
srv-002,2017-06-17 14:00:00,85.29284094681041
srv-002,2017-06-17 15:00:00,85.29284094681041
srv-002,2017-06-17 16:00:00,85.29284094681041
srv-002,2017-06-17 17:00:00,85.29284094681041
srv-002,2017-06-17 18:00:00,85.29284094681041
srv-002,2017-06-17 19:00:00,85.29284094681041
srv-002,2017-06-17 20:00:00,85.29284094681041
srv-002,2017-06-17 21:00:00,85.29284094681041
srv-002,2017-06-17 22:00:00,85.29284094681041
srv-002,2017-06-17 23:00:00,85.29284094681041
srv-002,2017-06-18 00:00:00,85.29284094681041
srv-002,2017-06-18 01:00:00,85.29284094681041
srv-002,2017-06-18 02:00:00,85.29284094681041
srv-002,2017-06-18 03:00:00,85.29284094681041
srv-002,2017-06-18 04:00:00,85.29284094681041
srv-002,2017-06-18 05:00:00,85.29284094681041
srv-002,2017-06-18 06:00:00,85.29284094681041
srv-002,2017-06-18 07:00:00,85.29284094681041
srv-002,2017-06-18 08:00:00,85.29284094681041
srv-002,2017-06-18 09:00:00,85.29284094681041
srv-002,2017-06-18 10:00:00,85.29284094681041
srv-002,2017-06-18 11:00:00,85.29284094681041
srv-002,2017-06-18 12:00:00,85.29284094681041
srv-002,2017-06-18 13:00:00,85.29284094681041
srv-002,2017-06-18 14:00:00,85.29284094681041
srv-002,2017-06-18 15:00:00,85.29284094681041
srv-002,2017-06-18 16:00:00,85.29284094681041
srv-002,2017-06-18 17:00:00,85.29284094681041
srv-002,2017-06-18 18:00:00,85.29284094681041
srv-002,2017-06-18 19:00:00,85.29284094681041
srv-002,2017-06-18 20:00:00,85.29284094681041
srv-002,2017-06-18 21:00:00,85.29284094681041
srv-002,2017-06-18 22:00:00,85.29284094681041
srv-002,2017-06-18 23:00:00,85.29284094681041
srv-002,2017-06-19 00:00:00,85.29284094681041
srv-002,2017-06-19 01:00:00,85.29284094681041
srv-002,2017-06-19 02:00:00,85.29284094681041
srv-002,2017-06-19 03:00:00,85.29284094681041
srv-002,2017-06-19 04:00:00,85.29284094681041
srv-002,2017-06-19 05:00:00,85.29284094681041
srv-002,2017-06-19 06:00:00,85.29284094681041
srv-002,2017-06-19 07:00:00,85.29284094681041
srv-002,2017-06-19 08:00:00,85.29284094681041
srv-002,2017-06-19 09:00:00,85.29284094681041
srv-002,2017-06-19 10:00:00,85.29284094681041
srv-002,2017-06-19 11:00:00,85.29284094681041
srv-002,2017-06-19 12:00:00,85.29284094681041
srv-002,2017-06-19 13:00:00,85.29284094681041
srv-002,2017-06-19 14:00:00,85.29284094681041
srv-002,2017-06-19 15:00:00,85.29284094681041
srv-002,2017-06-19 16:00:00,85.29284094681041
srv-002,2017-06-19 17:00:00,85.29284094681041
srv-002,2017-06-19 18:00:00,85.29284094681041
srv-002,2017-06-19 19:00:00,85.29284094681041
srv-002,2017-06-19 20:00:00,85.29284094681041
srv-002,2017-06-19 21:00:00,85.29284094681041
srv-002,2017-06-19 22:00:00,85.29284094681041
srv-002,2017-06-19 23:00:00,85.29284094681041
srv-002,2017-06-20 00:00:00,85.29284094681041
srv-002,2017-06-20 01:00:00,85.29284094681041
srv-002,2017-06-20 02:00:00,85.29284094681041
srv-002,2017-06-20 03:00:00,85.29284094681041
srv-002,2017-06-20 04:00:00,85.29284094681041
srv-002,2017-06-20 05:00:00,85.29284094681041
srv-002,2017-06-20 06:00:00,85.29284094681041
srv-002,2017-06-20 07:00:00,85.29284094681041
srv-002,2017-06-20 08:00:00,85.29284094681041
srv-002,2017-06-20 09:00:00,85.29284094681041
srv-002,2017-06-20 10:00:00,85.29284094681041
srv-002,2017-06-20 11:00:00,85.29284094681041
srv-002,2017-06-20 12:00:00,85.29284094681041
srv-002,2017-06-20 13:00:00,85.29284094681041
srv-002,2017-06-20 14:00:00,85.29284094681041
srv-002,2017-06-20 15:00:00,85.29284094681041
srv-002,2017-06-20 16:00:00,85.29284094681041
srv-002,2017-06-20 17:00:00,85.29284094681041
srv-002,2017-06-20 18:00:00,85.29284094681041
srv-002,2017-06-20 19:00:00,85.29284094681041
srv-002,2017-06-20 20:00:00,85.29284094681041
srv-002,2017-06-20 21:00:00,85.29284094681041
srv-002,2017-06-20 22:00:00,85.29284094681041
srv-002,2017-06-20 23:00:00,85.29284094681041
srv-002,2017-06-21 00:00:00,85.29284094681041
srv-002,2017-06-21 01:00:00,85.29284094681041
srv-002,2017-06-21 02:00:00,85.29284094681041
srv-002,2017-06-21 03:00:00,85.29284094681041
srv-002,2017-06-21 04:00:00,85.29284094681041
srv-002,2017-06-21 05:00:00,85.29284094681041
srv-002,2017-06-21 06:00:00,85.29284094681041
srv-002,2017-06-21 07:00:00,85.29284094681041
srv-002,2017-06-21 08:00:00,85.29284094681041
srv-002,2017-06-21 09:00:00,85.29284094681041
srv-002,2017-06-21 10:00:00,85.29284094681041
srv-002,2017-06-21 11:00:00,85.29284094681041
srv-002,2017-06-21 12:00:00,85.29284094681041
srv-002,2017-06-21 13:00:00,85.29284094681041
srv-002,2017-06-21 14:00:00,85.29284094681041
srv-002,2017-06-21 15:00:00,85.29284094681041
srv-002,2017-06-21 16:00:00,85.29284094681041
srv-002,2017-06-21 17:00:00,85.29284094681041
srv-002,2017-06-21 18:00:00,85.29284094681041
srv-002,2017-06-21 19:00:00,85.29284094681041
srv-002,2017-06-21 20:00:00,85.29284094681041
srv-002,2017-06-21 21:00:00,85.29284094681041
srv-002,2017-06-21 22:00:00,85.29284094681041
srv-002,2017-06-21 23:00:00,85.29284094681041
srv-002,2017-06-22 00:00:00,85.29284094681041
srv-002,2017-06-22 01:00:00,85.29284094681041
srv-002,2017-06-22 02:00:00,85.29284094681041
srv-002,2017-06-22 03:00:00,85.29284094681041
srv-002,2017-06-22 04:00:00,85.29284094681041
srv-002,2017-06-22 05:00:00,85.29284094681041
srv-002,2017-06-22 06:00:00,85.29284094681041
srv-002,2017-06-22 07:00:00,85.29284094681041
srv-002,2017-06-22 08:00:00,85.29284094681041
srv-002,2017-06-22 09:00:00,85.29284094681041
srv-002,2017-06-22 10:00:00,85.29284094681041
srv-002,2017-06-22 11:00:00,85.29284094681041
srv-002,2017-06-22 12:00:00,85.29284094681041
srv-002,2017-06-22 13:00:00,85.29284094681041
srv-002,2017-06-22 14:00:00,85.29284094681041
srv-002,2017-06-22 15:00:00,85.29284094681041
srv-002,2017-06-22 16:00:00,85.29284094681041
srv-002,2017-06-22 17:00:00,85.29284094681041
srv-002,2017-06-22 18:00:00,85.29284094681041
srv-002,2017-06-22 19:00:00,85.29284094681041
srv-002,2017-06-22 20:00:00,85.29284094681041
srv-002,2017-06-22 21:00:00,85.29284094681041
srv-002,2017-06-22 22:00:00,85.29284094681041
srv-002,2017-06-22 23:00:00,85.29284094681041
srv-002,2017-06-23 00:00:00,85.29284094681041
srv-002,2017-06-23 01:00:00,85.29284094681041
srv-002,2017-06-23 02:00:00,85.29284094681041
srv-002,2017-06-23 03:00:00,85.29284094681041
srv-002,2017-06-23 04:00:00,85.29284094681041
srv-002,2017-06-23 05:00:00,85.29284094681041
srv-002,2017-06-23 06:00:00,85.29284094681041
srv-002,2017-06-23 07:00:00,85.29284094681041
srv-002,2017-06-23 08:00:00,85.29284094681041
srv-002,2017-06-23 09:00:00,85.29284094681041
srv-002,2017-06-23 10:00:00,85.29284094681041
srv-002,2017-06-23 11:00:00,85.29284094681041
srv-002,2017-06-23 12:00:00,85.29284094681041
srv-002,2017-06-23 13:00:00,85.29284094681041
srv-002,2017-06-23 14:00:00,85.29284094681041
srv-002,2017-06-23 15:00:00,85.29284094681041
srv-002,2017-06-23 16:00:00,85.29284094681041
srv-002,2017-06-23 17:00:00,85.29284094681041
srv-002,2017-06-23 18:00:00,85.29284094681041
srv-002,2017-06-23 19:00:00,85.29284094681041
srv-002,2017-06-23 20:00:00,85.29284094681041
srv-002,2017-06-23 21:00:00,85.29284094681041
srv-002,2017-06-23 22:00:00,85.29284094681041
srv-002,2017-06-23 23:00:00,85.29284094681041
srv-002,2017-06-24 00:00:00,85.29284094681041
srv-002,2017-06-24 01:00:00,85.29284094681041
srv-002,2017-06-24 02:00:00,85.29284094681041
srv-002,2017-06-24 03:00:00,85.29284094681041
srv-002,2017-06-24 04:00:00,85.29284094681041
srv-002,2017-06-24 05:00:00,85.29284094681041
srv-002,2017-06-24 06:00:00,85.29284094681041
srv-002,2017-06-24 07:00:00,85.29284094681041
srv-002,2017-06-24 08:00:00,85.29284094681041
srv-002,2017-06-24 09:00:00,85.29284094681041
srv-002,2017-06-24 10:00:00,85.29284094681041
srv-002,2017-06-24 11:00:00,85.29284094681041
srv-002,2017-06-24 12:00:00,85.29284094681041
srv-002,2017-06-24 13:00:00,85.29284094681041
srv-002,2017-06-24 14:00:00,85.29284094681041
srv-002,2017-06-24 15:00:00,85.29284094681041
srv-002,2017-06-24 16:00:00,85.29284094681041
srv-002,2017-06-24 17:00:00,85.29284094681041
srv-002,2017-06-24 18:00:00,85.29284094681041
srv-002,2017-06-24 19:00:00,85.29284094681041
srv-002,2017-06-24 20:00:00,85.29284094681041
srv-002,2017-06-24 21:00:00,85.29284094681041
srv-002,2017-06-24 22:00:00,85.29284094681041
srv-002,2017-06-24 23:00:00,85.29284094681041
srv-002,2017-06-25 00:00:00,85.29284094681041
srv-002,2017-06-25 01:00:00,85.29284094681041
srv-002,2017-06-25 02:00:00,85.29284094681041
srv-002,2017-06-25 03:00:00,85.29284094681041
srv-002,2017-06-25 04:00:00,85.29284094681041
srv-002,2017-06-25 05:00:00,85.29284094681041
srv-002,2017-06-25 06:00:00,85.29284094681041
srv-002,2017-06-25 07:00:00,85.29284094681041
srv-002,2017-06-25 08:00:00,85.29284094681041
srv-002,2017-06-25 09:00:00,85.29284094681041
srv-002,2017-06-25 10:00:00,85.29284094681041
srv-002,2017-06-25 11:00:00,85.29284094681041
srv-002,2017-06-25 12:00:00,85.29284094681041
srv-002,2017-06-25 13:00:00,85.29284094681041
srv-002,2017-06-25 14:00:00,85.29284094681041
srv-002,2017-06-25 15:00:00,85.29284094681041
srv-002,2017-06-25 16:00:00,85.29284094681041
srv-002,2017-06-25 17:00:00,85.29284094681041
srv-002,2017-06-25 18:00:00,85.29284094681041
srv-002,2017-06-25 19:00:00,85.29284094681041
srv-002,2017-06-25 20:00:00,85.29284094681041
srv-002,2017-06-25 21:00:00,85.29284094681041
srv-002,2017-06-25 22:00:00,85.29284094681041
srv-002,2017-06-25 23:00:00,85.29284094681041
srv-002,2017-06-26 00:00:00,85.29284094681041
srv-002,2017-06-26 01:00:00,85.29284094681041
srv-002,2017-06-26 02:00:00,85.29284094681041
srv-002,2017-06-26 03:00:00,85.29284094681041
srv-002,2017-06-26 04:00:00,85.29284094681041
srv-002,2017-06-26 05:00:00,85.29284094681041
srv-002,2017-06-26 06:00:00,85.29284094681041
srv-002,2017-06-26 07:00:00,85.29284094681041
srv-002,2017-06-26 08:00:00,85.29284094681041
srv-002,2017-06-26 09:00:00,85.29284094681041
srv-002,2017-06-26 10:00:00,85.29284094681041
srv-002,2017-06-26 11:00:00,85.29284094681041
srv-002,2017-06-26 12:00:00,85.29284094681041
srv-002,2017-06-26 13:00:00,85.29284094681041
srv-002,2017-06-26 14:00:00,85.29284094681041
srv-002,2017-06-26 15:00:00,85.29284094681041
srv-002,2017-06-26 16:00:00,85.29284094681041
srv-002,2017-06-26 17:00:00,85.29284094681041
srv-002,2017-06-26 18:00:00,85.29284094681041
srv-002,2017-06-26 19:00:00,85.29284094681041
srv-002,2017-06-26 20:00:00,85.29284094681041
srv-002,2017-06-26 21:00:00,85.29284094681041
srv-002,2017-06-26 22:00:00,85.29284094681041
srv-002,2017-06-26 23:00:00,85.29284094681041
srv-002,2017-06-27 00:00:00,85.29284094681041
srv-002,2017-06-27 01:00:00,85.29284094681041
srv-002,2017-06-27 02:00:00,85.29284094681041
srv-002,2017-06-27 03:00:00,85.29284094681041
srv-002,2017-06-27 04:00:00,85.29284094681041
srv-002,2017-06-27 05:00:00,85.29284094681041
srv-002,2017-06-27 06:00:00,85.29284094681041
srv-002,2017-06-27 07:00:00,85.29284094681041
srv-002,2017-06-27 08:00:00,85.29284094681041
srv-002,2017-06-27 09:00:00,85.29284094681041
srv-002,2017-06-27 10:00:00,85.29284094681041
srv-002,2017-06-27 11:00:00,85.29284094681041
srv-002,2017-06-27 12:00:00,85.29284094681041
srv-002,2017-06-27 13:00:00,85.29284094681041
srv-002,2017-06-27 14:00:00,85.29284094681041
srv-002,2017-06-27 15:00:00,85.29284094681041
srv-002,2017-06-27 16:00:00,85.29284094681041
srv-002,2017-06-27 17:00:00,85.29284094681041
srv-002,2017-06-27 18:00:00,85.29284094681041
srv-002,2017-06-27 19:00:00,85.29284094681041
srv-002,2017-06-27 20:00:00,85.29284094681041
srv-002,2017-06-27 21:00:00,85.29284094681041
srv-002,2017-06-27 22:00:00,85.29284094681041
srv-002,2017-06-27 23:00:00,85.29284094681041
srv-002,2017-06-28 00:00:00,85.29284094681041
srv-002,2017-06-28 01:00:00,85.29284094681041
srv-002,2017-06-28 02:00:00,85.29284094681041
srv-002,2017-06-28 03:00:00,85.29284094681041
srv-002,2017-06-28 04:00:00,85.29284094681041
srv-002,2017-06-28 05:00:00,85.29284094681041
srv-002,2017-06-28 06:00:00,85.29284094681041
srv-002,2017-06-28 07:00:00,85.29284094681041
srv-002,2017-06-28 08:00:00,85.29284094681041
srv-002,2017-06-28 09:00:00,85.29284094681041
srv-002,2017-06-28 10:00:00,85.29284094681041
srv-002,2017-06-28 11:00:00,85.29284094681041
srv-002,2017-06-28 12:00:00,85.29284094681041
srv-002,2017-06-28 13:00:00,85.29284094681041
srv-002,2017-06-28 14:00:00,85.29284094681041
srv-002,2017-06-28 15:00:00,85.29284094681041
srv-002,2017-06-28 16:00:00,85.29284094681041
srv-002,2017-06-28 17:00:00,85.29284094681041
srv-002,2017-06-28 18:00:00,85.29284094681041
srv-002,2017-06-28 19:00:00,85.29284094681041
srv-002,2017-06-28 20:00:00,85.29284094681041
srv-002,2017-06-28 21:00:00,85.29284094681041
srv-002,2017-06-28 22:00:00,85.29284094681041
srv-002,2017-06-28 23:00:00,85.29284094681041
srv-002,2017-06-29 00:00:00,85.29284094681041
srv-002,2017-06-29 01:00:00,85.29284094681041
srv-002,2017-06-29 02:00:00,85.29284094681041
srv-002,2017-06-29 03:00:00,85.29284094681041
srv-002,2017-06-29 04:00:00,85.29284094681041
srv-002,2017-06-29 05:00:00,85.29284094681041
srv-002,2017-06-29 06:00:00,85.29284094681041
srv-002,2017-06-29 07:00:00,85.29284094681041
srv-002,2017-06-29 08:00:00,85.29284094681041
srv-002,2017-06-29 09:00:00,85.29284094681041
srv-002,2017-06-29 10:00:00,85.29284094681041
srv-002,2017-06-29 11:00:00,85.29284094681041
srv-002,2017-06-29 12:00:00,85.29284094681041
srv-002,2017-06-29 13:00:00,85.29284094681041
srv-002,2017-06-29 14:00:00,85.29284094681041
srv-002,2017-06-29 15:00:00,85.29284094681041
srv-002,2017-06-29 16:00:00,85.29284094681041
srv-002,2017-06-29 17:00:00,85.29284094681041
srv-002,2017-06-29 18:00:00,85.29284094681041
srv-002,2017-06-29 19:00:00,85.29284094681041
srv-002,2017-06-29 20:00:00,85.29284094681041
srv-002,2017-06-29 21:00:00,85.29284094681041
srv-002,2017-06-29 22:00:00,85.29284094681041
srv-002,2017-06-29 23:00:00,85.29284094681041
srv-002,2017-06-30 00:00:00,85.29284094681041
srv-002,2017-06-30 01:00:00,85.29284094681041
srv-002,2017-06-30 02:00:00,85.29284094681041
srv-002,2017-06-30 03:00:00,85.29284094681041
srv-002,2017-06-30 04:00:00,85.29284094681041
srv-002,2017-06-30 05:00:00,85.29284094681041
srv-002,2017-06-30 06:00:00,85.29284094681041
srv-002,2017-06-30 07:00:00,85.29284094681041
srv-002,2017-06-30 08:00:00,85.29284094681041
srv-002,2017-06-30 09:00:00,85.29284094681041
srv-002,2017-06-30 10:00:00,85.29284094681041
srv-002,2017-06-30 11:00:00,85.29284094681041
srv-002,2017-06-30 12:00:00,85.29284094681041
srv-002,2017-06-30 13:00:00,85.29284094681041
srv-002,2017-06-30 14:00:00,85.29284094681041
srv-002,2017-06-30 15:00:00,85.29284094681041
srv-002,2017-06-30 16:00:00,85.29284094681041
srv-002,2017-06-30 17:00:00,85.29284094681041
srv-002,2017-06-30 18:00:00,85.29284094681041
srv-002,2017-06-30 19:00:00,85.29284094681041
srv-002,2017-06-30 20:00:00,85.29284094681041
srv-002,2017-06-30 21:00:00,85.29284094681041
srv-002,2017-06-30 22:00:00,85.29284094681041
srv-002,2017-06-30 23:00:00,85.29284094681041
srv-003,2017-06-01 23:00:00,33.350927029198964
srv-003,2017-06-02 00:00:00,36.678289729702726
srv-003,2017-06-02 01:00:00,38.467827946422354
srv-003,2017-06-02 02:00:00,39.43932778473135
srv-003,2017-06-02 03:00:00,39.966614960665034
srv-003,2017-06-02 04:00:00,40.252789152410244
srv-003,2017-06-02 05:00:00,40.408104578857696
srv-003,2017-06-02 06:00:00,40.49239899884798
srv-003,2017-06-02 07:00:00,40.53814815138056
srv-003,2017-06-02 08:00:00,40.56297761168605
srv-003,2017-06-02 09:00:00,40.576453317026925
srv-003,2017-06-02 10:00:00,40.58376699328894
srv-003,2017-06-02 11:00:00,40.5877363484442
srv-003,2017-06-02 12:00:00,40.58989063854184
srv-003,2017-06-02 13:00:00,40.591059837478
srv-003,2017-06-02 14:00:00,40.59169439739814
srv-003,2017-06-02 15:00:00,40.59203879241921
srv-003,2017-06-02 16:00:00,40.59222570610029
srv-003,2017-06-02 17:00:00,40.59232714985538
srv-003,2017-06-02 18:00:00,40.59238220647504
srv-003,2017-06-02 19:00:00,40.592412087381604
srv-003,2017-06-02 20:00:00,40.592428304660885
srv-003,2017-06-02 21:00:00,40.59243710627294
srv-003,2017-06-02 22:00:00,40.59244188317623
srv-003,2017-06-02 23:00:00,40.59244447574733
srv-003,2017-06-03 00:00:00,40.59244588281473
srv-003,2017-06-03 01:00:00,40.59244664647312
srv-003,2017-06-03 02:00:00,40.59244706093382
srv-003,2017-06-03 03:00:00,40.59244728587428
srv-003,2017-06-03 04:00:00,40.59244740795633
srv-003,2017-06-03 05:00:00,40.59244747421398
srv-003,2017-06-03 06:00:00,40.592447510174026
srv-003,2017-06-03 07:00:00,40.59244752969064
srv-003,2017-06-03 08:00:00,40.5924475402829
srv-003,2017-06-03 09:00:00,40.59244754603164
srv-003,2017-06-03 10:00:00,40.592447549151665
srv-003,2017-06-03 11:00:00,40.592447550844994
srv-003,2017-06-03 12:00:00,40.59244755176402
srv-003,2017-06-03 13:00:00,40.5924475522628
srv-003,2017-06-03 14:00:00,40.5924475525335
srv-003,2017-06-03 15:00:00,40.59244755268042
srv-003,2017-06-03 16:00:00,40.592447552760156
srv-003,2017-06-03 17:00:00,40.592447552803435
srv-003,2017-06-03 18:00:00,40.592447552826926
srv-003,2017-06-03 19:00:00,40.59244755283967
srv-003,2017-06-03 20:00:00,40.59244755284659
srv-003,2017-06-03 21:00:00,40.592447552850345
srv-003,2017-06-03 22:00:00,40.592447552852384
srv-003,2017-06-03 23:00:00,40.59244755285349
srv-003,2017-06-04 00:00:00,40.59244755285409
srv-003,2017-06-04 01:00:00,40.592447552854416
srv-003,2017-06-04 02:00:00,40.592447552854594
srv-003,2017-06-04 03:00:00,40.59244755285469
srv-003,2017-06-04 04:00:00,40.59244755285474
srv-003,2017-06-04 05:00:00,40.59244755285477
srv-003,2017-06-04 06:00:00,40.592447552854786
srv-003,2017-06-04 07:00:00,40.59244755285479
srv-003,2017-06-04 08:00:00,40.5924475528548
srv-003,2017-06-04 09:00:00,40.5924475528548
srv-003,2017-06-04 10:00:00,40.5924475528548
srv-003,2017-06-04 11:00:00,40.5924475528548
srv-003,2017-06-04 12:00:00,40.5924475528548
srv-003,2017-06-04 13:00:00,40.5924475528548
srv-003,2017-06-04 14:00:00,40.5924475528548
srv-003,2017-06-04 15:00:00,40.5924475528548
srv-003,2017-06-04 16:00:00,40.5924475528548
srv-003,2017-06-04 17:00:00,40.5924475528548
srv-003,2017-06-04 18:00:00,40.5924475528548
srv-003,2017-06-04 19:00:00,40.5924475528548
srv-003,2017-06-04 20:00:00,40.5924475528548
srv-003,2017-06-04 21:00:00,40.5924475528548
srv-003,2017-06-04 22:00:00,40.5924475528548
srv-003,2017-06-04 23:00:00,40.5924475528548
srv-003,2017-06-05 00:00:00,40.5924475528548
srv-003,2017-06-05 01:00:00,40.5924475528548
srv-003,2017-06-05 02:00:00,40.5924475528548
srv-003,2017-06-05 03:00:00,40.5924475528548
srv-003,2017-06-05 04:00:00,40.5924475528548
srv-003,2017-06-05 05:00:00,40.5924475528548
srv-003,2017-06-05 06:00:00,40.5924475528548
srv-003,2017-06-05 07:00:00,40.5924475528548
srv-003,2017-06-05 08:00:00,40.5924475528548
srv-003,2017-06-05 09:00:00,40.5924475528548
srv-003,2017-06-05 10:00:00,40.5924475528548
srv-003,2017-06-05 11:00:00,40.5924475528548
srv-003,2017-06-05 12:00:00,40.5924475528548
srv-003,2017-06-05 13:00:00,40.5924475528548
srv-003,2017-06-05 14:00:00,40.5924475528548
srv-003,2017-06-05 15:00:00,40.5924475528548
srv-003,2017-06-05 16:00:00,40.5924475528548
srv-003,2017-06-05 17:00:00,40.5924475528548
srv-003,2017-06-05 18:00:00,40.5924475528548
srv-003,2017-06-05 19:00:00,40.5924475528548
srv-003,2017-06-05 20:00:00,40.5924475528548
srv-003,2017-06-05 21:00:00,40.5924475528548
srv-003,2017-06-05 22:00:00,40.5924475528548
srv-003,2017-06-05 23:00:00,40.5924475528548
srv-003,2017-06-06 00:00:00,40.5924475528548
srv-003,2017-06-06 01:00:00,40.5924475528548
srv-003,2017-06-06 02:00:00,40.5924475528548
srv-003,2017-06-06 03:00:00,40.5924475528548
srv-003,2017-06-06 04:00:00,40.5924475528548
srv-003,2017-06-06 05:00:00,40.5924475528548
srv-003,2017-06-06 06:00:00,40.5924475528548
srv-003,2017-06-06 07:00:00,40.5924475528548
srv-003,2017-06-06 08:00:00,40.5924475528548
srv-003,2017-06-06 09:00:00,40.5924475528548
srv-003,2017-06-06 10:00:00,40.5924475528548
srv-003,2017-06-06 11:00:00,40.5924475528548
srv-003,2017-06-06 12:00:00,40.5924475528548
srv-003,2017-06-06 13:00:00,40.5924475528548
srv-003,2017-06-06 14:00:00,40.5924475528548
srv-003,2017-06-06 15:00:00,40.5924475528548
srv-003,2017-06-06 16:00:00,40.5924475528548
srv-003,2017-06-06 17:00:00,40.5924475528548
srv-003,2017-06-06 18:00:00,40.5924475528548
srv-003,2017-06-06 19:00:00,40.5924475528548
srv-003,2017-06-06 20:00:00,40.5924475528548
srv-003,2017-06-06 21:00:00,40.5924475528548
srv-003,2017-06-06 22:00:00,40.5924475528548
srv-003,2017-06-06 23:00:00,40.5924475528548
srv-003,2017-06-07 00:00:00,40.5924475528548
srv-003,2017-06-07 01:00:00,40.5924475528548
srv-003,2017-06-07 02:00:00,40.5924475528548
srv-003,2017-06-07 03:00:00,40.5924475528548
srv-003,2017-06-07 04:00:00,40.5924475528548
srv-003,2017-06-07 05:00:00,40.5924475528548
srv-003,2017-06-07 06:00:00,40.5924475528548
srv-003,2017-06-07 07:00:00,40.5924475528548
srv-003,2017-06-07 08:00:00,40.5924475528548
srv-003,2017-06-07 09:00:00,40.5924475528548
srv-003,2017-06-07 10:00:00,40.5924475528548
srv-003,2017-06-07 11:00:00,40.5924475528548
srv-003,2017-06-07 12:00:00,40.5924475528548
srv-003,2017-06-07 13:00:00,40.5924475528548
srv-003,2017-06-07 14:00:00,40.5924475528548
srv-003,2017-06-07 15:00:00,40.5924475528548
srv-003,2017-06-07 16:00:00,40.5924475528548
srv-003,2017-06-07 17:00:00,40.5924475528548
srv-003,2017-06-07 18:00:00,40.5924475528548
srv-003,2017-06-07 19:00:00,40.5924475528548
srv-003,2017-06-07 20:00:00,40.5924475528548
srv-003,2017-06-07 21:00:00,40.5924475528548
srv-003,2017-06-07 22:00:00,40.5924475528548
srv-003,2017-06-07 23:00:00,40.5924475528548
srv-003,2017-06-08 00:00:00,40.5924475528548
srv-003,2017-06-08 01:00:00,40.5924475528548
srv-003,2017-06-08 02:00:00,40.5924475528548
srv-003,2017-06-08 03:00:00,40.5924475528548
srv-003,2017-06-08 04:00:00,40.5924475528548
srv-003,2017-06-08 05:00:00,40.5924475528548
srv-003,2017-06-08 06:00:00,40.5924475528548
srv-003,2017-06-08 07:00:00,40.5924475528548
srv-003,2017-06-08 08:00:00,40.5924475528548
srv-003,2017-06-08 09:00:00,40.5924475528548
srv-003,2017-06-08 10:00:00,40.5924475528548
srv-003,2017-06-08 11:00:00,40.5924475528548
srv-003,2017-06-08 12:00:00,40.5924475528548
srv-003,2017-06-08 13:00:00,40.5924475528548
srv-003,2017-06-08 14:00:00,40.5924475528548
srv-003,2017-06-08 15:00:00,40.5924475528548
srv-003,2017-06-08 16:00:00,40.5924475528548
srv-003,2017-06-08 17:00:00,40.5924475528548
srv-003,2017-06-08 18:00:00,40.5924475528548
srv-003,2017-06-08 19:00:00,40.5924475528548
srv-003,2017-06-08 20:00:00,40.5924475528548
srv-003,2017-06-08 21:00:00,40.5924475528548
srv-003,2017-06-08 22:00:00,40.5924475528548
srv-003,2017-06-08 23:00:00,40.5924475528548
srv-003,2017-06-09 00:00:00,40.5924475528548
srv-003,2017-06-09 01:00:00,40.5924475528548
srv-003,2017-06-09 02:00:00,40.5924475528548
srv-003,2017-06-09 03:00:00,40.5924475528548
srv-003,2017-06-09 04:00:00,40.5924475528548
srv-003,2017-06-09 05:00:00,40.5924475528548
srv-003,2017-06-09 06:00:00,40.5924475528548
srv-003,2017-06-09 07:00:00,40.5924475528548
srv-003,2017-06-09 08:00:00,40.5924475528548
srv-003,2017-06-09 09:00:00,40.5924475528548
srv-003,2017-06-09 10:00:00,40.5924475528548
srv-003,2017-06-09 11:00:00,40.5924475528548
srv-003,2017-06-09 12:00:00,40.5924475528548
srv-003,2017-06-09 13:00:00,40.5924475528548
srv-003,2017-06-09 14:00:00,40.5924475528548
srv-003,2017-06-09 15:00:00,40.5924475528548
srv-003,2017-06-09 16:00:00,40.5924475528548
srv-003,2017-06-09 17:00:00,40.5924475528548
srv-003,2017-06-09 18:00:00,40.5924475528548
srv-003,2017-06-09 19:00:00,40.5924475528548
srv-003,2017-06-09 20:00:00,40.5924475528548
srv-003,2017-06-09 21:00:00,40.5924475528548
srv-003,2017-06-09 22:00:00,40.5924475528548
srv-003,2017-06-09 23:00:00,40.5924475528548
srv-003,2017-06-10 00:00:00,40.5924475528548
srv-003,2017-06-10 01:00:00,40.5924475528548
srv-003,2017-06-10 02:00:00,40.5924475528548
srv-003,2017-06-10 03:00:00,40.5924475528548
srv-003,2017-06-10 04:00:00,40.5924475528548
srv-003,2017-06-10 05:00:00,40.5924475528548
srv-003,2017-06-10 06:00:00,40.5924475528548
srv-003,2017-06-10 07:00:00,40.5924475528548
srv-003,2017-06-10 08:00:00,40.5924475528548
srv-003,2017-06-10 09:00:00,40.5924475528548
srv-003,2017-06-10 10:00:00,40.5924475528548
srv-003,2017-06-10 11:00:00,40.5924475528548
srv-003,2017-06-10 12:00:00,40.5924475528548
srv-003,2017-06-10 13:00:00,40.5924475528548
srv-003,2017-06-10 14:00:00,40.5924475528548
srv-003,2017-06-10 15:00:00,40.5924475528548
srv-003,2017-06-10 16:00:00,40.5924475528548
srv-003,2017-06-10 17:00:00,40.5924475528548
srv-003,2017-06-10 18:00:00,40.5924475528548
srv-003,2017-06-10 19:00:00,40.5924475528548
srv-003,2017-06-10 20:00:00,40.5924475528548
srv-003,2017-06-10 21:00:00,40.5924475528548
srv-003,2017-06-10 22:00:00,40.5924475528548
srv-003,2017-06-10 23:00:00,40.5924475528548
srv-003,2017-06-11 00:00:00,40.5924475528548
srv-003,2017-06-11 01:00:00,40.5924475528548
srv-003,2017-06-11 02:00:00,40.5924475528548
srv-003,2017-06-11 03:00:00,40.5924475528548
srv-003,2017-06-11 04:00:00,40.5924475528548
srv-003,2017-06-11 05:00:00,40.5924475528548
srv-003,2017-06-11 06:00:00,40.5924475528548
srv-003,2017-06-11 07:00:00,40.5924475528548
srv-003,2017-06-11 08:00:00,40.5924475528548
srv-003,2017-06-11 09:00:00,40.5924475528548
srv-003,2017-06-11 10:00:00,40.5924475528548
srv-003,2017-06-11 11:00:00,40.5924475528548
srv-003,2017-06-11 12:00:00,40.5924475528548
srv-003,2017-06-11 13:00:00,40.5924475528548
srv-003,2017-06-11 14:00:00,40.5924475528548
srv-003,2017-06-11 15:00:00,40.5924475528548
srv-003,2017-06-11 16:00:00,40.5924475528548
srv-003,2017-06-11 17:00:00,40.5924475528548
srv-003,2017-06-11 18:00:00,40.5924475528548
srv-003,2017-06-11 19:00:00,40.5924475528548
srv-003,2017-06-11 20:00:00,40.5924475528548
srv-003,2017-06-11 21:00:00,40.5924475528548
srv-003,2017-06-11 22:00:00,40.5924475528548
srv-003,2017-06-11 23:00:00,40.5924475528548
srv-003,2017-06-12 00:00:00,40.5924475528548
srv-003,2017-06-12 01:00:00,40.5924475528548
srv-003,2017-06-12 02:00:00,40.5924475528548
srv-003,2017-06-12 03:00:00,40.5924475528548
srv-003,2017-06-12 04:00:00,40.5924475528548
srv-003,2017-06-12 05:00:00,40.5924475528548
srv-003,2017-06-12 06:00:00,40.5924475528548
srv-003,2017-06-12 07:00:00,40.5924475528548
srv-003,2017-06-12 08:00:00,40.5924475528548
srv-003,2017-06-12 09:00:00,40.5924475528548
srv-003,2017-06-12 10:00:00,40.5924475528548
srv-003,2017-06-12 11:00:00,40.5924475528548
srv-003,2017-06-12 12:00:00,40.5924475528548
srv-003,2017-06-12 13:00:00,40.5924475528548
srv-003,2017-06-12 14:00:00,40.5924475528548
srv-003,2017-06-12 15:00:00,40.5924475528548
srv-003,2017-06-12 16:00:00,40.5924475528548
srv-003,2017-06-12 17:00:00,40.5924475528548
srv-003,2017-06-12 18:00:00,40.5924475528548
srv-003,2017-06-12 19:00:00,40.5924475528548
srv-003,2017-06-12 20:00:00,40.5924475528548
srv-003,2017-06-12 21:00:00,40.5924475528548
srv-003,2017-06-12 22:00:00,40.5924475528548
srv-003,2017-06-12 23:00:00,40.5924475528548
srv-003,2017-06-13 00:00:00,40.5924475528548
srv-003,2017-06-13 01:00:00,40.5924475528548
srv-003,2017-06-13 02:00:00,40.5924475528548
srv-003,2017-06-13 03:00:00,40.5924475528548
srv-003,2017-06-13 04:00:00,40.5924475528548
srv-003,2017-06-13 05:00:00,40.5924475528548
srv-003,2017-06-13 06:00:00,40.5924475528548
srv-003,2017-06-13 07:00:00,40.5924475528548
srv-003,2017-06-13 08:00:00,40.5924475528548
srv-003,2017-06-13 09:00:00,40.5924475528548
srv-003,2017-06-13 10:00:00,40.5924475528548
srv-003,2017-06-13 11:00:00,40.5924475528548
srv-003,2017-06-13 12:00:00,40.5924475528548
srv-003,2017-06-13 13:00:00,40.5924475528548
srv-003,2017-06-13 14:00:00,40.5924475528548
srv-003,2017-06-13 15:00:00,40.5924475528548
srv-003,2017-06-13 16:00:00,40.5924475528548
srv-003,2017-06-13 17:00:00,40.5924475528548
srv-003,2017-06-13 18:00:00,40.5924475528548
srv-003,2017-06-13 19:00:00,40.5924475528548
srv-003,2017-06-13 20:00:00,40.5924475528548
srv-003,2017-06-13 21:00:00,40.5924475528548
srv-003,2017-06-13 22:00:00,40.5924475528548
srv-003,2017-06-13 23:00:00,40.5924475528548
srv-003,2017-06-14 00:00:00,40.5924475528548
srv-003,2017-06-14 01:00:00,40.5924475528548
srv-003,2017-06-14 02:00:00,40.5924475528548
srv-003,2017-06-14 03:00:00,40.5924475528548
srv-003,2017-06-14 04:00:00,40.5924475528548
srv-003,2017-06-14 05:00:00,40.5924475528548
srv-003,2017-06-14 06:00:00,40.5924475528548
srv-003,2017-06-14 07:00:00,40.5924475528548
srv-003,2017-06-14 08:00:00,40.5924475528548
srv-003,2017-06-14 09:00:00,40.5924475528548
srv-003,2017-06-14 10:00:00,40.5924475528548
srv-003,2017-06-14 11:00:00,40.5924475528548
srv-003,2017-06-14 12:00:00,40.5924475528548
srv-003,2017-06-14 13:00:00,40.5924475528548
srv-003,2017-06-14 14:00:00,40.5924475528548
srv-003,2017-06-14 15:00:00,40.5924475528548
srv-003,2017-06-14 16:00:00,40.5924475528548
srv-003,2017-06-14 17:00:00,40.5924475528548
srv-003,2017-06-14 18:00:00,40.5924475528548
srv-003,2017-06-14 19:00:00,40.5924475528548
srv-003,2017-06-14 20:00:00,40.5924475528548
srv-003,2017-06-14 21:00:00,40.5924475528548
srv-003,2017-06-14 22:00:00,40.5924475528548
srv-003,2017-06-14 23:00:00,40.5924475528548
srv-003,2017-06-15 00:00:00,40.5924475528548
srv-003,2017-06-15 01:00:00,40.5924475528548
srv-003,2017-06-15 02:00:00,40.5924475528548
srv-003,2017-06-15 03:00:00,40.5924475528548
srv-003,2017-06-15 04:00:00,40.5924475528548
srv-003,2017-06-15 05:00:00,40.5924475528548
srv-003,2017-06-15 06:00:00,40.5924475528548
srv-003,2017-06-15 07:00:00,40.5924475528548
srv-003,2017-06-15 08:00:00,40.5924475528548
srv-003,2017-06-15 09:00:00,40.5924475528548
srv-003,2017-06-15 10:00:00,40.5924475528548
srv-003,2017-06-15 11:00:00,40.5924475528548
srv-003,2017-06-15 12:00:00,40.5924475528548
srv-003,2017-06-15 13:00:00,40.5924475528548
srv-003,2017-06-15 14:00:00,40.5924475528548
srv-003,2017-06-15 15:00:00,40.5924475528548
srv-003,2017-06-15 16:00:00,40.5924475528548
srv-003,2017-06-15 17:00:00,40.5924475528548
srv-003,2017-06-15 18:00:00,40.5924475528548
srv-003,2017-06-15 19:00:00,40.5924475528548
srv-003,2017-06-15 20:00:00,40.5924475528548
srv-003,2017-06-15 21:00:00,40.5924475528548
srv-003,2017-06-15 22:00:00,40.5924475528548
srv-003,2017-06-15 23:00:00,40.5924475528548
srv-003,2017-06-16 00:00:00,40.5924475528548
srv-003,2017-06-16 01:00:00,40.5924475528548
srv-003,2017-06-16 02:00:00,40.5924475528548
srv-003,2017-06-16 03:00:00,40.5924475528548
srv-003,2017-06-16 04:00:00,40.5924475528548
srv-003,2017-06-16 05:00:00,40.5924475528548
srv-003,2017-06-16 06:00:00,40.5924475528548
srv-003,2017-06-16 07:00:00,40.5924475528548
srv-003,2017-06-16 08:00:00,40.5924475528548
srv-003,2017-06-16 09:00:00,40.5924475528548
srv-003,2017-06-16 10:00:00,40.5924475528548
srv-003,2017-06-16 11:00:00,40.5924475528548
srv-003,2017-06-16 12:00:00,40.5924475528548
srv-003,2017-06-16 13:00:00,40.5924475528548
srv-003,2017-06-16 14:00:00,40.5924475528548
srv-003,2017-06-16 15:00:00,40.5924475528548
srv-003,2017-06-16 16:00:00,40.5924475528548
srv-003,2017-06-16 17:00:00,40.5924475528548
srv-003,2017-06-16 18:00:00,40.5924475528548
srv-003,2017-06-16 19:00:00,40.5924475528548
srv-003,2017-06-16 20:00:00,40.5924475528548
srv-003,2017-06-16 21:00:00,40.5924475528548
srv-003,2017-06-16 22:00:00,40.5924475528548
srv-003,2017-06-16 23:00:00,40.5924475528548
srv-003,2017-06-17 00:00:00,40.5924475528548
srv-003,2017-06-17 01:00:00,40.5924475528548
srv-003,2017-06-17 02:00:00,40.5924475528548
srv-003,2017-06-17 03:00:00,40.5924475528548
srv-003,2017-06-17 04:00:00,40.5924475528548
srv-003,2017-06-17 05:00:00,40.5924475528548
srv-003,2017-06-17 06:00:00,40.5924475528548
srv-003,2017-06-17 07:00:00,40.5924475528548
srv-003,2017-06-17 08:00:00,40.5924475528548
srv-003,2017-06-17 09:00:00,40.5924475528548
srv-003,2017-06-17 10:00:00,40.5924475528548
srv-003,2017-06-17 11:00:00,40.5924475528548
srv-003,2017-06-17 12:00:00,40.5924475528548
srv-003,2017-06-17 13:00:00,40.5924475528548
srv-003,2017-06-17 14:00:00,40.5924475528548
srv-003,2017-06-17 15:00:00,40.5924475528548
srv-003,2017-06-17 16:00:00,40.5924475528548
srv-003,2017-06-17 17:00:00,40.5924475528548
srv-003,2017-06-17 18:00:00,40.5924475528548
srv-003,2017-06-17 19:00:00,40.5924475528548
srv-003,2017-06-17 20:00:00,40.5924475528548
srv-003,2017-06-17 21:00:00,40.5924475528548
srv-003,2017-06-17 22:00:00,40.5924475528548
srv-003,2017-06-17 23:00:00,40.5924475528548
srv-003,2017-06-18 00:00:00,40.5924475528548
srv-003,2017-06-18 01:00:00,40.5924475528548
srv-003,2017-06-18 02:00:00,40.5924475528548
srv-003,2017-06-18 03:00:00,40.5924475528548
srv-003,2017-06-18 04:00:00,40.5924475528548
srv-003,2017-06-18 05:00:00,40.5924475528548
srv-003,2017-06-18 06:00:00,40.5924475528548
srv-003,2017-06-18 07:00:00,40.5924475528548
srv-003,2017-06-18 08:00:00,40.5924475528548
srv-003,2017-06-18 09:00:00,40.5924475528548
srv-003,2017-06-18 10:00:00,40.5924475528548
srv-003,2017-06-18 11:00:00,40.5924475528548
srv-003,2017-06-18 12:00:00,40.5924475528548
srv-003,2017-06-18 13:00:00,40.5924475528548
srv-003,2017-06-18 14:00:00,40.5924475528548
srv-003,2017-06-18 15:00:00,40.5924475528548
srv-003,2017-06-18 16:00:00,40.5924475528548
srv-003,2017-06-18 17:00:00,40.5924475528548
srv-003,2017-06-18 18:00:00,40.5924475528548
srv-003,2017-06-18 19:00:00,40.5924475528548
srv-003,2017-06-18 20:00:00,40.5924475528548
srv-003,2017-06-18 21:00:00,40.5924475528548
srv-003,2017-06-18 22:00:00,40.5924475528548
srv-003,2017-06-18 23:00:00,40.5924475528548
srv-003,2017-06-19 00:00:00,40.5924475528548
srv-003,2017-06-19 01:00:00,40.5924475528548
srv-003,2017-06-19 02:00:00,40.5924475528548
srv-003,2017-06-19 03:00:00,40.5924475528548
srv-003,2017-06-19 04:00:00,40.5924475528548
srv-003,2017-06-19 05:00:00,40.5924475528548
srv-003,2017-06-19 06:00:00,40.5924475528548
srv-003,2017-06-19 07:00:00,40.5924475528548
srv-003,2017-06-19 08:00:00,40.5924475528548
srv-003,2017-06-19 09:00:00,40.5924475528548
srv-003,2017-06-19 10:00:00,40.5924475528548
srv-003,2017-06-19 11:00:00,40.5924475528548
srv-003,2017-06-19 12:00:00,40.5924475528548
srv-003,2017-06-19 13:00:00,40.5924475528548
srv-003,2017-06-19 14:00:00,40.5924475528548
srv-003,2017-06-19 15:00:00,40.5924475528548
srv-003,2017-06-19 16:00:00,40.5924475528548
srv-003,2017-06-19 17:00:00,40.5924475528548
srv-003,2017-06-19 18:00:00,40.5924475528548
srv-003,2017-06-19 19:00:00,40.5924475528548
srv-003,2017-06-19 20:00:00,40.5924475528548
srv-003,2017-06-19 21:00:00,40.5924475528548
srv-003,2017-06-19 22:00:00,40.5924475528548
srv-003,2017-06-19 23:00:00,40.5924475528548
srv-003,2017-06-20 00:00:00,40.5924475528548
srv-003,2017-06-20 01:00:00,40.5924475528548
srv-003,2017-06-20 02:00:00,40.5924475528548
srv-003,2017-06-20 03:00:00,40.5924475528548
srv-003,2017-06-20 04:00:00,40.5924475528548
srv-003,2017-06-20 05:00:00,40.5924475528548
srv-003,2017-06-20 06:00:00,40.5924475528548
srv-003,2017-06-20 07:00:00,40.5924475528548
srv-003,2017-06-20 08:00:00,40.5924475528548
srv-003,2017-06-20 09:00:00,40.5924475528548
srv-003,2017-06-20 10:00:00,40.5924475528548
srv-003,2017-06-20 11:00:00,40.5924475528548
srv-003,2017-06-20 12:00:00,40.5924475528548
srv-003,2017-06-20 13:00:00,40.5924475528548
srv-003,2017-06-20 14:00:00,40.5924475528548
srv-003,2017-06-20 15:00:00,40.5924475528548
srv-003,2017-06-20 16:00:00,40.5924475528548
srv-003,2017-06-20 17:00:00,40.5924475528548
srv-003,2017-06-20 18:00:00,40.5924475528548
srv-003,2017-06-20 19:00:00,40.5924475528548
srv-003,2017-06-20 20:00:00,40.5924475528548
srv-003,2017-06-20 21:00:00,40.5924475528548
srv-003,2017-06-20 22:00:00,40.5924475528548
srv-003,2017-06-20 23:00:00,40.5924475528548
srv-003,2017-06-21 00:00:00,40.5924475528548
srv-003,2017-06-21 01:00:00,40.5924475528548
srv-003,2017-06-21 02:00:00,40.5924475528548
srv-003,2017-06-21 03:00:00,40.5924475528548
srv-003,2017-06-21 04:00:00,40.5924475528548
srv-003,2017-06-21 05:00:00,40.5924475528548
srv-003,2017-06-21 06:00:00,40.5924475528548
srv-003,2017-06-21 07:00:00,40.5924475528548
srv-003,2017-06-21 08:00:00,40.5924475528548
srv-003,2017-06-21 09:00:00,40.5924475528548
srv-003,2017-06-21 10:00:00,40.5924475528548
srv-003,2017-06-21 11:00:00,40.5924475528548
srv-003,2017-06-21 12:00:00,40.5924475528548
srv-003,2017-06-21 13:00:00,40.5924475528548
srv-003,2017-06-21 14:00:00,40.5924475528548
srv-003,2017-06-21 15:00:00,40.5924475528548
srv-003,2017-06-21 16:00:00,40.5924475528548
srv-003,2017-06-21 17:00:00,40.5924475528548
srv-003,2017-06-21 18:00:00,40.5924475528548
srv-003,2017-06-21 19:00:00,40.5924475528548
srv-003,2017-06-21 20:00:00,40.5924475528548
srv-003,2017-06-21 21:00:00,40.5924475528548
srv-003,2017-06-21 22:00:00,40.5924475528548
srv-003,2017-06-21 23:00:00,40.5924475528548
srv-003,2017-06-22 00:00:00,40.5924475528548
srv-003,2017-06-22 01:00:00,40.5924475528548
srv-003,2017-06-22 02:00:00,40.5924475528548
srv-003,2017-06-22 03:00:00,40.5924475528548
srv-003,2017-06-22 04:00:00,40.5924475528548
srv-003,2017-06-22 05:00:00,40.5924475528548
srv-003,2017-06-22 06:00:00,40.5924475528548
srv-003,2017-06-22 07:00:00,40.5924475528548
srv-003,2017-06-22 08:00:00,40.5924475528548
srv-003,2017-06-22 09:00:00,40.5924475528548
srv-003,2017-06-22 10:00:00,40.5924475528548
srv-003,2017-06-22 11:00:00,40.5924475528548
srv-003,2017-06-22 12:00:00,40.5924475528548
srv-003,2017-06-22 13:00:00,40.5924475528548
srv-003,2017-06-22 14:00:00,40.5924475528548
srv-003,2017-06-22 15:00:00,40.5924475528548
srv-003,2017-06-22 16:00:00,40.5924475528548
srv-003,2017-06-22 17:00:00,40.5924475528548
srv-003,2017-06-22 18:00:00,40.5924475528548
srv-003,2017-06-22 19:00:00,40.5924475528548
srv-003,2017-06-22 20:00:00,40.5924475528548
srv-003,2017-06-22 21:00:00,40.5924475528548
srv-003,2017-06-22 22:00:00,40.5924475528548
srv-003,2017-06-22 23:00:00,40.5924475528548
srv-003,2017-06-23 00:00:00,40.5924475528548
srv-003,2017-06-23 01:00:00,40.5924475528548
srv-003,2017-06-23 02:00:00,40.5924475528548
srv-003,2017-06-23 03:00:00,40.5924475528548
srv-003,2017-06-23 04:00:00,40.5924475528548
srv-003,2017-06-23 05:00:00,40.5924475528548
srv-003,2017-06-23 06:00:00,40.5924475528548
srv-003,2017-06-23 07:00:00,40.5924475528548
srv-003,2017-06-23 08:00:00,40.5924475528548
srv-003,2017-06-23 09:00:00,40.5924475528548
srv-003,2017-06-23 10:00:00,40.5924475528548
srv-003,2017-06-23 11:00:00,40.5924475528548
srv-003,2017-06-23 12:00:00,40.5924475528548
srv-003,2017-06-23 13:00:00,40.5924475528548
srv-003,2017-06-23 14:00:00,40.5924475528548
srv-003,2017-06-23 15:00:00,40.5924475528548
srv-003,2017-06-23 16:00:00,40.5924475528548
srv-003,2017-06-23 17:00:00,40.5924475528548
srv-003,2017-06-23 18:00:00,40.5924475528548
srv-003,2017-06-23 19:00:00,40.5924475528548
srv-003,2017-06-23 20:00:00,40.5924475528548
srv-003,2017-06-23 21:00:00,40.5924475528548
srv-003,2017-06-23 22:00:00,40.5924475528548
srv-003,2017-06-23 23:00:00,40.5924475528548
srv-003,2017-06-24 00:00:00,40.5924475528548
srv-003,2017-06-24 01:00:00,40.5924475528548
srv-003,2017-06-24 02:00:00,40.5924475528548
srv-003,2017-06-24 03:00:00,40.5924475528548
srv-003,2017-06-24 04:00:00,40.5924475528548
srv-003,2017-06-24 05:00:00,40.5924475528548
srv-003,2017-06-24 06:00:00,40.5924475528548
srv-003,2017-06-24 07:00:00,40.5924475528548
srv-003,2017-06-24 08:00:00,40.5924475528548
srv-003,2017-06-24 09:00:00,40.5924475528548
srv-003,2017-06-24 10:00:00,40.5924475528548
srv-003,2017-06-24 11:00:00,40.5924475528548
srv-003,2017-06-24 12:00:00,40.5924475528548
srv-003,2017-06-24 13:00:00,40.5924475528548
srv-003,2017-06-24 14:00:00,40.5924475528548
srv-003,2017-06-24 15:00:00,40.5924475528548
srv-003,2017-06-24 16:00:00,40.5924475528548
srv-003,2017-06-24 17:00:00,40.5924475528548
srv-003,2017-06-24 18:00:00,40.5924475528548
srv-003,2017-06-24 19:00:00,40.5924475528548
srv-003,2017-06-24 20:00:00,40.5924475528548
srv-003,2017-06-24 21:00:00,40.5924475528548
srv-003,2017-06-24 22:00:00,40.5924475528548
srv-003,2017-06-24 23:00:00,40.5924475528548
srv-003,2017-06-25 00:00:00,40.5924475528548
srv-003,2017-06-25 01:00:00,40.5924475528548
srv-003,2017-06-25 02:00:00,40.5924475528548
srv-003,2017-06-25 03:00:00,40.5924475528548
srv-003,2017-06-25 04:00:00,40.5924475528548
srv-003,2017-06-25 05:00:00,40.5924475528548
srv-003,2017-06-25 06:00:00,40.5924475528548
srv-003,2017-06-25 07:00:00,40.5924475528548
srv-003,2017-06-25 08:00:00,40.5924475528548
srv-003,2017-06-25 09:00:00,40.5924475528548
srv-003,2017-06-25 10:00:00,40.5924475528548
srv-003,2017-06-25 11:00:00,40.5924475528548
srv-003,2017-06-25 12:00:00,40.5924475528548
srv-003,2017-06-25 13:00:00,40.5924475528548
srv-003,2017-06-25 14:00:00,40.5924475528548
srv-003,2017-06-25 15:00:00,40.5924475528548
srv-003,2017-06-25 16:00:00,40.5924475528548
srv-003,2017-06-25 17:00:00,40.5924475528548
srv-003,2017-06-25 18:00:00,40.5924475528548
srv-003,2017-06-25 19:00:00,40.5924475528548
srv-003,2017-06-25 20:00:00,40.5924475528548
srv-003,2017-06-25 21:00:00,40.5924475528548
srv-003,2017-06-25 22:00:00,40.5924475528548
srv-003,2017-06-25 23:00:00,40.5924475528548
srv-003,2017-06-26 00:00:00,40.5924475528548
srv-003,2017-06-26 01:00:00,40.5924475528548
srv-003,2017-06-26 02:00:00,40.5924475528548
srv-003,2017-06-26 03:00:00,40.5924475528548
srv-003,2017-06-26 04:00:00,40.5924475528548
srv-003,2017-06-26 05:00:00,40.5924475528548
srv-003,2017-06-26 06:00:00,40.5924475528548
srv-003,2017-06-26 07:00:00,40.5924475528548
srv-003,2017-06-26 08:00:00,40.5924475528548
srv-003,2017-06-26 09:00:00,40.5924475528548
srv-003,2017-06-26 10:00:00,40.5924475528548
srv-003,2017-06-26 11:00:00,40.5924475528548
srv-003,2017-06-26 12:00:00,40.5924475528548
srv-003,2017-06-26 13:00:00,40.5924475528548
srv-003,2017-06-26 14:00:00,40.5924475528548
srv-003,2017-06-26 15:00:00,40.5924475528548
srv-003,2017-06-26 16:00:00,40.5924475528548
srv-003,2017-06-26 17:00:00,40.5924475528548
srv-003,2017-06-26 18:00:00,40.5924475528548
srv-003,2017-06-26 19:00:00,40.5924475528548
srv-003,2017-06-26 20:00:00,40.5924475528548
srv-003,2017-06-26 21:00:00,40.5924475528548
srv-003,2017-06-26 22:00:00,40.5924475528548
srv-003,2017-06-26 23:00:00,40.5924475528548
srv-003,2017-06-27 00:00:00,40.5924475528548
srv-003,2017-06-27 01:00:00,40.5924475528548
srv-003,2017-06-27 02:00:00,40.5924475528548
srv-003,2017-06-27 03:00:00,40.5924475528548
srv-003,2017-06-27 04:00:00,40.5924475528548
srv-003,2017-06-27 05:00:00,40.5924475528548
srv-003,2017-06-27 06:00:00,40.5924475528548
srv-003,2017-06-27 07:00:00,40.5924475528548
srv-003,2017-06-27 08:00:00,40.5924475528548
srv-003,2017-06-27 09:00:00,40.5924475528548
srv-003,2017-06-27 10:00:00,40.5924475528548
srv-003,2017-06-27 11:00:00,40.5924475528548
srv-003,2017-06-27 12:00:00,40.5924475528548
srv-003,2017-06-27 13:00:00,40.5924475528548
srv-003,2017-06-27 14:00:00,40.5924475528548
srv-003,2017-06-27 15:00:00,40.5924475528548
srv-003,2017-06-27 16:00:00,40.5924475528548
srv-003,2017-06-27 17:00:00,40.5924475528548
srv-003,2017-06-27 18:00:00,40.5924475528548
srv-003,2017-06-27 19:00:00,40.5924475528548
srv-003,2017-06-27 20:00:00,40.5924475528548
srv-003,2017-06-27 21:00:00,40.5924475528548
srv-003,2017-06-27 22:00:00,40.5924475528548
srv-003,2017-06-27 23:00:00,40.5924475528548
srv-003,2017-06-28 00:00:00,40.5924475528548
srv-003,2017-06-28 01:00:00,40.5924475528548
srv-003,2017-06-28 02:00:00,40.5924475528548
srv-003,2017-06-28 03:00:00,40.5924475528548
srv-003,2017-06-28 04:00:00,40.5924475528548
srv-003,2017-06-28 05:00:00,40.5924475528548
srv-003,2017-06-28 06:00:00,40.5924475528548
srv-003,2017-06-28 07:00:00,40.5924475528548
srv-003,2017-06-28 08:00:00,40.5924475528548
srv-003,2017-06-28 09:00:00,40.5924475528548
srv-003,2017-06-28 10:00:00,40.5924475528548
srv-003,2017-06-28 11:00:00,40.5924475528548
srv-003,2017-06-28 12:00:00,40.5924475528548
srv-003,2017-06-28 13:00:00,40.5924475528548
srv-003,2017-06-28 14:00:00,40.5924475528548
srv-003,2017-06-28 15:00:00,40.5924475528548
srv-003,2017-06-28 16:00:00,40.5924475528548
srv-003,2017-06-28 17:00:00,40.5924475528548
srv-003,2017-06-28 18:00:00,40.5924475528548
srv-003,2017-06-28 19:00:00,40.5924475528548
srv-003,2017-06-28 20:00:00,40.5924475528548
srv-003,2017-06-28 21:00:00,40.5924475528548
srv-003,2017-06-28 22:00:00,40.5924475528548
srv-003,2017-06-28 23:00:00,40.5924475528548
srv-003,2017-06-29 00:00:00,40.5924475528548
srv-003,2017-06-29 01:00:00,40.5924475528548
srv-003,2017-06-29 02:00:00,40.5924475528548
srv-003,2017-06-29 03:00:00,40.5924475528548
srv-003,2017-06-29 04:00:00,40.5924475528548
srv-003,2017-06-29 05:00:00,40.5924475528548
srv-003,2017-06-29 06:00:00,40.5924475528548
srv-003,2017-06-29 07:00:00,40.5924475528548
srv-003,2017-06-29 08:00:00,40.5924475528548
srv-003,2017-06-29 09:00:00,40.5924475528548
srv-003,2017-06-29 10:00:00,40.5924475528548
srv-003,2017-06-29 11:00:00,40.5924475528548
srv-003,2017-06-29 12:00:00,40.5924475528548
srv-003,2017-06-29 13:00:00,40.5924475528548
srv-003,2017-06-29 14:00:00,40.5924475528548
srv-003,2017-06-29 15:00:00,40.5924475528548
srv-003,2017-06-29 16:00:00,40.5924475528548
srv-003,2017-06-29 17:00:00,40.5924475528548
srv-003,2017-06-29 18:00:00,40.5924475528548
srv-003,2017-06-29 19:00:00,40.5924475528548
srv-003,2017-06-29 20:00:00,40.5924475528548
srv-003,2017-06-29 21:00:00,40.5924475528548
srv-003,2017-06-29 22:00:00,40.5924475528548
srv-003,2017-06-29 23:00:00,40.5924475528548
srv-003,2017-06-30 00:00:00,40.5924475528548
srv-003,2017-06-30 01:00:00,40.5924475528548
srv-003,2017-06-30 02:00:00,40.5924475528548
srv-003,2017-06-30 03:00:00,40.5924475528548
srv-003,2017-06-30 04:00:00,40.5924475528548
srv-003,2017-06-30 05:00:00,40.5924475528548
srv-003,2017-06-30 06:00:00,40.5924475528548
srv-003,2017-06-30 07:00:00,40.5924475528548
srv-003,2017-06-30 08:00:00,40.5924475528548
srv-003,2017-06-30 09:00:00,40.5924475528548
srv-003,2017-06-30 10:00:00,40.5924475528548
srv-003,2017-06-30 11:00:00,40.5924475528548
srv-003,2017-06-30 12:00:00,40.5924475528548
srv-003,2017-06-30 13:00:00,40.5924475528548
srv-003,2017-06-30 14:00:00,40.5924475528548
srv-003,2017-06-30 15:00:00,40.5924475528548
srv-003,2017-06-30 16:00:00,40.5924475528548
srv-003,2017-06-30 17:00:00,40.5924475528548
srv-003,2017-06-30 18:00:00,40.5924475528548
srv-003,2017-06-30 19:00:00,40.5924475528548
srv-003,2017-06-30 20:00:00,40.5924475528548
srv-003,2017-06-30 21:00:00,40.5924475528548
srv-003,2017-06-30 22:00:00,40.5924475528548
srv-003,2017-06-30 23:00:00,40.5924475528548
srv-004,2017-06-01 23:00:00,70.37261398812724
srv-004,2017-06-02 00:00:00,68.52768985784682
srv-004,2017-06-02 01:00:00,67.43211201415129
srv-004,2017-06-02 02:00:00,66.65941586276237
srv-004,2017-06-02 03:00:00,66.12554234356058
srv-004,2017-06-02 04:00:00,65.76315658653697
srv-004,2017-06-02 05:00:00,65.51618414813116
srv-004,2017-06-02 06:00:00,65.34760094830581
srv-004,2017-06-02 07:00:00,65.23259695473388
srv-004,2017-06-02 08:00:00,65.15415268109359
srv-004,2017-06-02 09:00:00,65.10064147343678
srv-004,2017-06-02 10:00:00,65.0641383234966
srv-004,2017-06-02 11:00:00,65.03923761180687
srv-004,2017-06-02 12:00:00,65.02225152389859
srv-004,2017-06-02 13:00:00,65.01066440601946
srv-004,2017-06-02 14:00:00,65.00276021520774
srv-004,2017-06-02 15:00:00,64.99736834582914
srv-004,2017-06-02 16:00:00,64.99369026455639
srv-004,2017-06-02 17:00:00,64.9911812494051
srv-004,2017-06-02 18:00:00,64.98946971653308
srv-004,2017-06-02 19:00:00,64.98830218880057
srv-004,2017-06-02 20:00:00,64.9875057559484
srv-004,2017-06-02 21:00:00,64.98696246667967
srv-004,2017-06-02 22:00:00,64.98659186013236
srv-004,2017-06-02 23:00:00,64.9863390496669
srv-004,2017-06-03 00:00:00,64.986166594183
srv-004,2017-06-03 01:00:00,64.98604895311198
srv-004,2017-06-03 02:00:00,64.98596870387154
srv-004,2017-06-03 03:00:00,64.98591396159033
srv-004,2017-06-03 04:00:00,64.9858766189646
srv-004,2017-06-03 05:00:00,64.9858511455706
srv-004,2017-06-03 06:00:00,64.98583376881179
srv-004,2017-06-03 07:00:00,64.98582191519905
srv-004,2017-06-03 08:00:00,64.98581382921846
srv-004,2017-06-03 09:00:00,64.98580831334041
srv-004,2017-06-03 10:00:00,64.9858045506662
srv-004,2017-06-03 11:00:00,64.98580198394572
srv-004,2017-06-03 12:00:00,64.98580023304896
srv-004,2017-06-03 13:00:00,64.98579903866903
srv-004,2017-06-03 14:00:00,64.98579822391886
srv-004,2017-06-03 15:00:00,64.98579766813438
srv-004,2017-06-03 16:00:00,64.98579728900418
srv-004,2017-06-03 17:00:00,64.98579703037927
srv-004,2017-06-03 18:00:00,64.98579685395745
srv-004,2017-06-03 19:00:00,64.98579673361073
srv-004,2017-06-03 20:00:00,64.98579665151581
srv-004,2017-06-03 21:00:00,64.9857965955145
srv-004,2017-06-03 22:00:00,64.98579655731302
srv-004,2017-06-03 23:00:00,64.98579653125375
srv-004,2017-06-04 00:00:00,64.98579651347734
srv-004,2017-06-04 01:00:00,64.9857965013511
srv-004,2017-06-04 02:00:00,64.98579649307915
srv-004,2017-06-04 03:00:00,64.98579648743642
srv-004,2017-06-04 04:00:00,64.98579648358721
srv-004,2017-06-04 05:00:00,64.98579648096145
srv-004,2017-06-04 06:00:00,64.98579647917029
srv-004,2017-06-04 07:00:00,64.98579647794844
srv-004,2017-06-04 08:00:00,64.98579647711495
srv-004,2017-06-04 09:00:00,64.98579647654638
srv-004,2017-06-04 10:00:00,64.98579647615853
srv-004,2017-06-04 11:00:00,64.98579647589395
srv-004,2017-06-04 12:00:00,64.98579647571347
srv-004,2017-06-04 13:00:00,64.98579647559036
srv-004,2017-06-04 14:00:00,64.98579647550638
srv-004,2017-06-04 15:00:00,64.98579647544909
srv-004,2017-06-04 16:00:00,64.98579647541001
srv-004,2017-06-04 17:00:00,64.98579647538335
srv-004,2017-06-04 18:00:00,64.98579647536516
srv-004,2017-06-04 19:00:00,64.98579647535276
srv-004,2017-06-04 20:00:00,64.9857964753443
srv-004,2017-06-04 21:00:00,64.98579647533853
srv-004,2017-06-04 22:00:00,64.9857964753346
srv-004,2017-06-04 23:00:00,64.98579647533191
srv-004,2017-06-05 00:00:00,64.98579647533008
srv-004,2017-06-05 01:00:00,64.98579647532883
srv-004,2017-06-05 02:00:00,64.98579647532797
srv-004,2017-06-05 03:00:00,64.98579647532739
srv-004,2017-06-05 04:00:00,64.98579647532699
srv-004,2017-06-05 05:00:00,64.98579647532672
srv-004,2017-06-05 06:00:00,64.98579647532654
srv-004,2017-06-05 07:00:00,64.98579647532641
srv-004,2017-06-05 08:00:00,64.98579647532632
srv-004,2017-06-05 09:00:00,64.98579647532627
srv-004,2017-06-05 10:00:00,64.98579647532623
srv-004,2017-06-05 11:00:00,64.9857964753262
srv-004,2017-06-05 12:00:00,64.98579647532618
srv-004,2017-06-05 13:00:00,64.98579647532617
srv-004,2017-06-05 14:00:00,64.98579647532615
srv-004,2017-06-05 15:00:00,64.98579647532615
srv-004,2017-06-05 16:00:00,64.98579647532615
srv-004,2017-06-05 17:00:00,64.98579647532615
srv-004,2017-06-05 18:00:00,64.98579647532615
srv-004,2017-06-05 19:00:00,64.98579647532615
srv-004,2017-06-05 20:00:00,64.98579647532615
srv-004,2017-06-05 21:00:00,64.98579647532615
srv-004,2017-06-05 22:00:00,64.98579647532615
srv-004,2017-06-05 23:00:00,64.98579647532615
srv-004,2017-06-06 00:00:00,64.98579647532615
srv-004,2017-06-06 01:00:00,64.98579647532615
srv-004,2017-06-06 02:00:00,64.98579647532615
srv-004,2017-06-06 03:00:00,64.98579647532615
srv-004,2017-06-06 04:00:00,64.98579647532615
srv-004,2017-06-06 05:00:00,64.98579647532615
srv-004,2017-06-06 06:00:00,64.98579647532615
srv-004,2017-06-06 07:00:00,64.98579647532615
srv-004,2017-06-06 08:00:00,64.98579647532615
srv-004,2017-06-06 09:00:00,64.98579647532615
srv-004,2017-06-06 10:00:00,64.98579647532615
srv-004,2017-06-06 11:00:00,64.98579647532615
srv-004,2017-06-06 12:00:00,64.98579647532615
srv-004,2017-06-06 13:00:00,64.98579647532615
srv-004,2017-06-06 14:00:00,64.98579647532615
srv-004,2017-06-06 15:00:00,64.98579647532615
srv-004,2017-06-06 16:00:00,64.98579647532615
srv-004,2017-06-06 17:00:00,64.98579647532615
srv-004,2017-06-06 18:00:00,64.98579647532615
srv-004,2017-06-06 19:00:00,64.98579647532615
srv-004,2017-06-06 20:00:00,64.98579647532615
srv-004,2017-06-06 21:00:00,64.98579647532615
srv-004,2017-06-06 22:00:00,64.98579647532615
srv-004,2017-06-06 23:00:00,64.98579647532615
srv-004,2017-06-07 00:00:00,64.98579647532615
srv-004,2017-06-07 01:00:00,64.98579647532615
srv-004,2017-06-07 02:00:00,64.98579647532615
srv-004,2017-06-07 03:00:00,64.98579647532615
srv-004,2017-06-07 04:00:00,64.98579647532615
srv-004,2017-06-07 05:00:00,64.98579647532615
srv-004,2017-06-07 06:00:00,64.98579647532615
srv-004,2017-06-07 07:00:00,64.98579647532615
srv-004,2017-06-07 08:00:00,64.98579647532615
srv-004,2017-06-07 09:00:00,64.98579647532615
srv-004,2017-06-07 10:00:00,64.98579647532615
srv-004,2017-06-07 11:00:00,64.98579647532615
srv-004,2017-06-07 12:00:00,64.98579647532615
srv-004,2017-06-07 13:00:00,64.98579647532615
srv-004,2017-06-07 14:00:00,64.98579647532615
srv-004,2017-06-07 15:00:00,64.98579647532615
srv-004,2017-06-07 16:00:00,64.98579647532615
srv-004,2017-06-07 17:00:00,64.98579647532615
srv-004,2017-06-07 18:00:00,64.98579647532615
srv-004,2017-06-07 19:00:00,64.98579647532615
srv-004,2017-06-07 20:00:00,64.98579647532615
srv-004,2017-06-07 21:00:00,64.98579647532615
srv-004,2017-06-07 22:00:00,64.98579647532615
srv-004,2017-06-07 23:00:00,64.98579647532615
srv-004,2017-06-08 00:00:00,64.98579647532615
srv-004,2017-06-08 01:00:00,64.98579647532615
srv-004,2017-06-08 02:00:00,64.98579647532615
srv-004,2017-06-08 03:00:00,64.98579647532615
srv-004,2017-06-08 04:00:00,64.98579647532615
srv-004,2017-06-08 05:00:00,64.98579647532615
srv-004,2017-06-08 06:00:00,64.98579647532615
srv-004,2017-06-08 07:00:00,64.98579647532615
srv-004,2017-06-08 08:00:00,64.98579647532615
srv-004,2017-06-08 09:00:00,64.98579647532615
srv-004,2017-06-08 10:00:00,64.98579647532615
srv-004,2017-06-08 11:00:00,64.98579647532615
srv-004,2017-06-08 12:00:00,64.98579647532615
srv-004,2017-06-08 13:00:00,64.98579647532615
srv-004,2017-06-08 14:00:00,64.98579647532615
srv-004,2017-06-08 15:00:00,64.98579647532615
srv-004,2017-06-08 16:00:00,64.98579647532615
srv-004,2017-06-08 17:00:00,64.98579647532615
srv-004,2017-06-08 18:00:00,64.98579647532615
srv-004,2017-06-08 19:00:00,64.98579647532615
srv-004,2017-06-08 20:00:00,64.98579647532615
srv-004,2017-06-08 21:00:00,64.98579647532615
srv-004,2017-06-08 22:00:00,64.98579647532615
srv-004,2017-06-08 23:00:00,64.98579647532615
srv-004,2017-06-09 00:00:00,64.98579647532615
srv-004,2017-06-09 01:00:00,64.98579647532615
srv-004,2017-06-09 02:00:00,64.98579647532615
srv-004,2017-06-09 03:00:00,64.98579647532615
srv-004,2017-06-09 04:00:00,64.98579647532615
srv-004,2017-06-09 05:00:00,64.98579647532615
srv-004,2017-06-09 06:00:00,64.98579647532615
srv-004,2017-06-09 07:00:00,64.98579647532615
srv-004,2017-06-09 08:00:00,64.98579647532615
srv-004,2017-06-09 09:00:00,64.98579647532615
srv-004,2017-06-09 10:00:00,64.98579647532615
srv-004,2017-06-09 11:00:00,64.98579647532615
srv-004,2017-06-09 12:00:00,64.98579647532615
srv-004,2017-06-09 13:00:00,64.98579647532615
srv-004,2017-06-09 14:00:00,64.98579647532615
srv-004,2017-06-09 15:00:00,64.98579647532615
srv-004,2017-06-09 16:00:00,64.98579647532615
srv-004,2017-06-09 17:00:00,64.98579647532615
srv-004,2017-06-09 18:00:00,64.98579647532615
srv-004,2017-06-09 19:00:00,64.98579647532615
srv-004,2017-06-09 20:00:00,64.98579647532615
srv-004,2017-06-09 21:00:00,64.98579647532615
srv-004,2017-06-09 22:00:00,64.98579647532615
srv-004,2017-06-09 23:00:00,64.98579647532615
srv-004,2017-06-10 00:00:00,64.98579647532615
srv-004,2017-06-10 01:00:00,64.98579647532615
srv-004,2017-06-10 02:00:00,64.98579647532615
srv-004,2017-06-10 03:00:00,64.98579647532615
srv-004,2017-06-10 04:00:00,64.98579647532615
srv-004,2017-06-10 05:00:00,64.98579647532615
srv-004,2017-06-10 06:00:00,64.98579647532615
srv-004,2017-06-10 07:00:00,64.98579647532615
srv-004,2017-06-10 08:00:00,64.98579647532615
srv-004,2017-06-10 09:00:00,64.98579647532615
srv-004,2017-06-10 10:00:00,64.98579647532615
srv-004,2017-06-10 11:00:00,64.98579647532615
srv-004,2017-06-10 12:00:00,64.98579647532615
srv-004,2017-06-10 13:00:00,64.98579647532615
srv-004,2017-06-10 14:00:00,64.98579647532615
srv-004,2017-06-10 15:00:00,64.98579647532615
srv-004,2017-06-10 16:00:00,64.98579647532615
srv-004,2017-06-10 17:00:00,64.98579647532615
srv-004,2017-06-10 18:00:00,64.98579647532615
srv-004,2017-06-10 19:00:00,64.98579647532615
srv-004,2017-06-10 20:00:00,64.98579647532615
srv-004,2017-06-10 21:00:00,64.98579647532615
srv-004,2017-06-10 22:00:00,64.98579647532615
srv-004,2017-06-10 23:00:00,64.98579647532615
srv-004,2017-06-11 00:00:00,64.98579647532615
srv-004,2017-06-11 01:00:00,64.98579647532615
srv-004,2017-06-11 02:00:00,64.98579647532615
srv-004,2017-06-11 03:00:00,64.98579647532615
srv-004,2017-06-11 04:00:00,64.98579647532615
srv-004,2017-06-11 05:00:00,64.98579647532615
srv-004,2017-06-11 06:00:00,64.98579647532615
srv-004,2017-06-11 07:00:00,64.98579647532615
srv-004,2017-06-11 08:00:00,64.98579647532615
srv-004,2017-06-11 09:00:00,64.98579647532615
srv-004,2017-06-11 10:00:00,64.98579647532615
srv-004,2017-06-11 11:00:00,64.98579647532615
srv-004,2017-06-11 12:00:00,64.98579647532615
srv-004,2017-06-11 13:00:00,64.98579647532615
srv-004,2017-06-11 14:00:00,64.98579647532615
srv-004,2017-06-11 15:00:00,64.98579647532615
srv-004,2017-06-11 16:00:00,64.98579647532615
srv-004,2017-06-11 17:00:00,64.98579647532615
srv-004,2017-06-11 18:00:00,64.98579647532615
srv-004,2017-06-11 19:00:00,64.98579647532615
srv-004,2017-06-11 20:00:00,64.98579647532615
srv-004,2017-06-11 21:00:00,64.98579647532615
srv-004,2017-06-11 22:00:00,64.98579647532615
srv-004,2017-06-11 23:00:00,64.98579647532615
srv-004,2017-06-12 00:00:00,64.98579647532615
srv-004,2017-06-12 01:00:00,64.98579647532615
srv-004,2017-06-12 02:00:00,64.98579647532615
srv-004,2017-06-12 03:00:00,64.98579647532615
srv-004,2017-06-12 04:00:00,64.98579647532615
srv-004,2017-06-12 05:00:00,64.98579647532615
srv-004,2017-06-12 06:00:00,64.98579647532615
srv-004,2017-06-12 07:00:00,64.98579647532615
srv-004,2017-06-12 08:00:00,64.98579647532615
srv-004,2017-06-12 09:00:00,64.98579647532615
srv-004,2017-06-12 10:00:00,64.98579647532615
srv-004,2017-06-12 11:00:00,64.98579647532615
srv-004,2017-06-12 12:00:00,64.98579647532615
srv-004,2017-06-12 13:00:00,64.98579647532615
srv-004,2017-06-12 14:00:00,64.98579647532615
srv-004,2017-06-12 15:00:00,64.98579647532615
srv-004,2017-06-12 16:00:00,64.98579647532615
srv-004,2017-06-12 17:00:00,64.98579647532615
srv-004,2017-06-12 18:00:00,64.98579647532615
srv-004,2017-06-12 19:00:00,64.98579647532615
srv-004,2017-06-12 20:00:00,64.98579647532615
srv-004,2017-06-12 21:00:00,64.98579647532615
srv-004,2017-06-12 22:00:00,64.98579647532615
srv-004,2017-06-12 23:00:00,64.98579647532615
srv-004,2017-06-13 00:00:00,64.98579647532615
srv-004,2017-06-13 01:00:00,64.98579647532615
srv-004,2017-06-13 02:00:00,64.98579647532615
srv-004,2017-06-13 03:00:00,64.98579647532615
srv-004,2017-06-13 04:00:00,64.98579647532615
srv-004,2017-06-13 05:00:00,64.98579647532615
srv-004,2017-06-13 06:00:00,64.98579647532615
srv-004,2017-06-13 07:00:00,64.98579647532615
srv-004,2017-06-13 08:00:00,64.98579647532615
srv-004,2017-06-13 09:00:00,64.98579647532615
srv-004,2017-06-13 10:00:00,64.98579647532615
srv-004,2017-06-13 11:00:00,64.98579647532615
srv-004,2017-06-13 12:00:00,64.98579647532615
srv-004,2017-06-13 13:00:00,64.98579647532615
srv-004,2017-06-13 14:00:00,64.98579647532615
srv-004,2017-06-13 15:00:00,64.98579647532615
srv-004,2017-06-13 16:00:00,64.98579647532615
srv-004,2017-06-13 17:00:00,64.98579647532615
srv-004,2017-06-13 18:00:00,64.98579647532615
srv-004,2017-06-13 19:00:00,64.98579647532615
srv-004,2017-06-13 20:00:00,64.98579647532615
srv-004,2017-06-13 21:00:00,64.98579647532615
srv-004,2017-06-13 22:00:00,64.98579647532615
srv-004,2017-06-13 23:00:00,64.98579647532615
srv-004,2017-06-14 00:00:00,64.98579647532615
srv-004,2017-06-14 01:00:00,64.98579647532615
srv-004,2017-06-14 02:00:00,64.98579647532615
srv-004,2017-06-14 03:00:00,64.98579647532615
srv-004,2017-06-14 04:00:00,64.98579647532615
srv-004,2017-06-14 05:00:00,64.98579647532615
srv-004,2017-06-14 06:00:00,64.98579647532615
srv-004,2017-06-14 07:00:00,64.98579647532615
srv-004,2017-06-14 08:00:00,64.98579647532615
srv-004,2017-06-14 09:00:00,64.98579647532615
srv-004,2017-06-14 10:00:00,64.98579647532615
srv-004,2017-06-14 11:00:00,64.98579647532615
srv-004,2017-06-14 12:00:00,64.98579647532615
srv-004,2017-06-14 13:00:00,64.98579647532615
srv-004,2017-06-14 14:00:00,64.98579647532615
srv-004,2017-06-14 15:00:00,64.98579647532615
srv-004,2017-06-14 16:00:00,64.98579647532615
srv-004,2017-06-14 17:00:00,64.98579647532615
srv-004,2017-06-14 18:00:00,64.98579647532615
srv-004,2017-06-14 19:00:00,64.98579647532615
srv-004,2017-06-14 20:00:00,64.98579647532615
srv-004,2017-06-14 21:00:00,64.98579647532615
srv-004,2017-06-14 22:00:00,64.98579647532615
srv-004,2017-06-14 23:00:00,64.98579647532615
srv-004,2017-06-15 00:00:00,64.98579647532615
srv-004,2017-06-15 01:00:00,64.98579647532615
srv-004,2017-06-15 02:00:00,64.98579647532615
srv-004,2017-06-15 03:00:00,64.98579647532615
srv-004,2017-06-15 04:00:00,64.98579647532615
srv-004,2017-06-15 05:00:00,64.98579647532615
srv-004,2017-06-15 06:00:00,64.98579647532615
srv-004,2017-06-15 07:00:00,64.98579647532615
srv-004,2017-06-15 08:00:00,64.98579647532615
srv-004,2017-06-15 09:00:00,64.98579647532615
srv-004,2017-06-15 10:00:00,64.98579647532615
srv-004,2017-06-15 11:00:00,64.98579647532615
srv-004,2017-06-15 12:00:00,64.98579647532615
srv-004,2017-06-15 13:00:00,64.98579647532615
srv-004,2017-06-15 14:00:00,64.98579647532615
srv-004,2017-06-15 15:00:00,64.98579647532615
srv-004,2017-06-15 16:00:00,64.98579647532615
srv-004,2017-06-15 17:00:00,64.98579647532615
srv-004,2017-06-15 18:00:00,64.98579647532615
srv-004,2017-06-15 19:00:00,64.98579647532615
srv-004,2017-06-15 20:00:00,64.98579647532615
srv-004,2017-06-15 21:00:00,64.98579647532615
srv-004,2017-06-15 22:00:00,64.98579647532615
srv-004,2017-06-15 23:00:00,64.98579647532615
srv-004,2017-06-16 00:00:00,64.98579647532615
srv-004,2017-06-16 01:00:00,64.98579647532615
srv-004,2017-06-16 02:00:00,64.98579647532615
srv-004,2017-06-16 03:00:00,64.98579647532615
srv-004,2017-06-16 04:00:00,64.98579647532615
srv-004,2017-06-16 05:00:00,64.98579647532615
srv-004,2017-06-16 06:00:00,64.98579647532615
srv-004,2017-06-16 07:00:00,64.98579647532615
srv-004,2017-06-16 08:00:00,64.98579647532615
srv-004,2017-06-16 09:00:00,64.98579647532615
srv-004,2017-06-16 10:00:00,64.98579647532615
srv-004,2017-06-16 11:00:00,64.98579647532615
srv-004,2017-06-16 12:00:00,64.98579647532615
srv-004,2017-06-16 13:00:00,64.98579647532615
srv-004,2017-06-16 14:00:00,64.98579647532615
srv-004,2017-06-16 15:00:00,64.98579647532615
srv-004,2017-06-16 16:00:00,64.98579647532615
srv-004,2017-06-16 17:00:00,64.98579647532615
srv-004,2017-06-16 18:00:00,64.98579647532615
srv-004,2017-06-16 19:00:00,64.98579647532615
srv-004,2017-06-16 20:00:00,64.98579647532615
srv-004,2017-06-16 21:00:00,64.98579647532615
srv-004,2017-06-16 22:00:00,64.98579647532615
srv-004,2017-06-16 23:00:00,64.98579647532615
srv-004,2017-06-17 00:00:00,64.98579647532615
srv-004,2017-06-17 01:00:00,64.98579647532615
srv-004,2017-06-17 02:00:00,64.98579647532615
srv-004,2017-06-17 03:00:00,64.98579647532615
srv-004,2017-06-17 04:00:00,64.98579647532615
srv-004,2017-06-17 05:00:00,64.98579647532615
srv-004,2017-06-17 06:00:00,64.98579647532615
srv-004,2017-06-17 07:00:00,64.98579647532615
srv-004,2017-06-17 08:00:00,64.98579647532615
srv-004,2017-06-17 09:00:00,64.98579647532615
srv-004,2017-06-17 10:00:00,64.98579647532615
srv-004,2017-06-17 11:00:00,64.98579647532615
srv-004,2017-06-17 12:00:00,64.98579647532615
srv-004,2017-06-17 13:00:00,64.98579647532615
srv-004,2017-06-17 14:00:00,64.98579647532615
srv-004,2017-06-17 15:00:00,64.98579647532615
srv-004,2017-06-17 16:00:00,64.98579647532615
srv-004,2017-06-17 17:00:00,64.98579647532615
srv-004,2017-06-17 18:00:00,64.98579647532615
srv-004,2017-06-17 19:00:00,64.98579647532615
srv-004,2017-06-17 20:00:00,64.98579647532615
srv-004,2017-06-17 21:00:00,64.98579647532615
srv-004,2017-06-17 22:00:00,64.98579647532615
srv-004,2017-06-17 23:00:00,64.98579647532615
srv-004,2017-06-18 00:00:00,64.98579647532615
srv-004,2017-06-18 01:00:00,64.98579647532615
srv-004,2017-06-18 02:00:00,64.98579647532615
srv-004,2017-06-18 03:00:00,64.98579647532615
srv-004,2017-06-18 04:00:00,64.98579647532615
srv-004,2017-06-18 05:00:00,64.98579647532615
srv-004,2017-06-18 06:00:00,64.98579647532615
srv-004,2017-06-18 07:00:00,64.98579647532615
srv-004,2017-06-18 08:00:00,64.98579647532615
srv-004,2017-06-18 09:00:00,64.98579647532615
srv-004,2017-06-18 10:00:00,64.98579647532615
srv-004,2017-06-18 11:00:00,64.98579647532615
srv-004,2017-06-18 12:00:00,64.98579647532615
srv-004,2017-06-18 13:00:00,64.98579647532615
srv-004,2017-06-18 14:00:00,64.98579647532615
srv-004,2017-06-18 15:00:00,64.98579647532615
srv-004,2017-06-18 16:00:00,64.98579647532615
srv-004,2017-06-18 17:00:00,64.98579647532615
srv-004,2017-06-18 18:00:00,64.98579647532615
srv-004,2017-06-18 19:00:00,64.98579647532615
srv-004,2017-06-18 20:00:00,64.98579647532615
srv-004,2017-06-18 21:00:00,64.98579647532615
srv-004,2017-06-18 22:00:00,64.98579647532615
srv-004,2017-06-18 23:00:00,64.98579647532615
srv-004,2017-06-19 00:00:00,64.98579647532615
srv-004,2017-06-19 01:00:00,64.98579647532615
srv-004,2017-06-19 02:00:00,64.98579647532615
srv-004,2017-06-19 03:00:00,64.98579647532615
srv-004,2017-06-19 04:00:00,64.98579647532615
srv-004,2017-06-19 05:00:00,64.98579647532615
srv-004,2017-06-19 06:00:00,64.98579647532615
srv-004,2017-06-19 07:00:00,64.98579647532615
srv-004,2017-06-19 08:00:00,64.98579647532615
srv-004,2017-06-19 09:00:00,64.98579647532615
srv-004,2017-06-19 10:00:00,64.98579647532615
srv-004,2017-06-19 11:00:00,64.98579647532615
srv-004,2017-06-19 12:00:00,64.98579647532615
srv-004,2017-06-19 13:00:00,64.98579647532615
srv-004,2017-06-19 14:00:00,64.98579647532615
srv-004,2017-06-19 15:00:00,64.98579647532615
srv-004,2017-06-19 16:00:00,64.98579647532615
srv-004,2017-06-19 17:00:00,64.98579647532615
srv-004,2017-06-19 18:00:00,64.98579647532615
srv-004,2017-06-19 19:00:00,64.98579647532615
srv-004,2017-06-19 20:00:00,64.98579647532615
srv-004,2017-06-19 21:00:00,64.98579647532615
srv-004,2017-06-19 22:00:00,64.98579647532615
srv-004,2017-06-19 23:00:00,64.98579647532615
srv-004,2017-06-20 00:00:00,64.98579647532615
srv-004,2017-06-20 01:00:00,64.98579647532615
srv-004,2017-06-20 02:00:00,64.98579647532615
srv-004,2017-06-20 03:00:00,64.98579647532615
srv-004,2017-06-20 04:00:00,64.98579647532615
srv-004,2017-06-20 05:00:00,64.98579647532615
srv-004,2017-06-20 06:00:00,64.98579647532615
srv-004,2017-06-20 07:00:00,64.98579647532615
srv-004,2017-06-20 08:00:00,64.98579647532615
srv-004,2017-06-20 09:00:00,64.98579647532615
srv-004,2017-06-20 10:00:00,64.98579647532615
srv-004,2017-06-20 11:00:00,64.98579647532615
srv-004,2017-06-20 12:00:00,64.98579647532615
srv-004,2017-06-20 13:00:00,64.98579647532615
srv-004,2017-06-20 14:00:00,64.98579647532615
srv-004,2017-06-20 15:00:00,64.98579647532615
srv-004,2017-06-20 16:00:00,64.98579647532615
srv-004,2017-06-20 17:00:00,64.98579647532615
srv-004,2017-06-20 18:00:00,64.98579647532615
srv-004,2017-06-20 19:00:00,64.98579647532615
srv-004,2017-06-20 20:00:00,64.98579647532615
srv-004,2017-06-20 21:00:00,64.98579647532615
srv-004,2017-06-20 22:00:00,64.98579647532615
srv-004,2017-06-20 23:00:00,64.98579647532615
srv-004,2017-06-21 00:00:00,64.98579647532615
srv-004,2017-06-21 01:00:00,64.98579647532615
srv-004,2017-06-21 02:00:00,64.98579647532615
srv-004,2017-06-21 03:00:00,64.98579647532615
srv-004,2017-06-21 04:00:00,64.98579647532615
srv-004,2017-06-21 05:00:00,64.98579647532615
srv-004,2017-06-21 06:00:00,64.98579647532615
srv-004,2017-06-21 07:00:00,64.98579647532615
srv-004,2017-06-21 08:00:00,64.98579647532615
srv-004,2017-06-21 09:00:00,64.98579647532615
srv-004,2017-06-21 10:00:00,64.98579647532615
srv-004,2017-06-21 11:00:00,64.98579647532615
srv-004,2017-06-21 12:00:00,64.98579647532615
srv-004,2017-06-21 13:00:00,64.98579647532615
srv-004,2017-06-21 14:00:00,64.98579647532615
srv-004,2017-06-21 15:00:00,64.98579647532615
srv-004,2017-06-21 16:00:00,64.98579647532615
srv-004,2017-06-21 17:00:00,64.98579647532615
srv-004,2017-06-21 18:00:00,64.98579647532615
srv-004,2017-06-21 19:00:00,64.98579647532615
srv-004,2017-06-21 20:00:00,64.98579647532615
srv-004,2017-06-21 21:00:00,64.98579647532615
srv-004,2017-06-21 22:00:00,64.98579647532615
srv-004,2017-06-21 23:00:00,64.98579647532615
srv-004,2017-06-22 00:00:00,64.98579647532615
srv-004,2017-06-22 01:00:00,64.98579647532615
srv-004,2017-06-22 02:00:00,64.98579647532615
srv-004,2017-06-22 03:00:00,64.98579647532615
srv-004,2017-06-22 04:00:00,64.98579647532615
srv-004,2017-06-22 05:00:00,64.98579647532615
srv-004,2017-06-22 06:00:00,64.98579647532615
srv-004,2017-06-22 07:00:00,64.98579647532615
srv-004,2017-06-22 08:00:00,64.98579647532615
srv-004,2017-06-22 09:00:00,64.98579647532615
srv-004,2017-06-22 10:00:00,64.98579647532615
srv-004,2017-06-22 11:00:00,64.98579647532615
srv-004,2017-06-22 12:00:00,64.98579647532615
srv-004,2017-06-22 13:00:00,64.98579647532615
srv-004,2017-06-22 14:00:00,64.98579647532615
srv-004,2017-06-22 15:00:00,64.98579647532615
srv-004,2017-06-22 16:00:00,64.98579647532615
srv-004,2017-06-22 17:00:00,64.98579647532615
srv-004,2017-06-22 18:00:00,64.98579647532615
srv-004,2017-06-22 19:00:00,64.98579647532615
srv-004,2017-06-22 20:00:00,64.98579647532615
srv-004,2017-06-22 21:00:00,64.98579647532615
srv-004,2017-06-22 22:00:00,64.98579647532615
srv-004,2017-06-22 23:00:00,64.98579647532615
srv-004,2017-06-23 00:00:00,64.98579647532615
srv-004,2017-06-23 01:00:00,64.98579647532615
srv-004,2017-06-23 02:00:00,64.98579647532615
srv-004,2017-06-23 03:00:00,64.98579647532615
srv-004,2017-06-23 04:00:00,64.98579647532615
srv-004,2017-06-23 05:00:00,64.98579647532615
srv-004,2017-06-23 06:00:00,64.98579647532615
srv-004,2017-06-23 07:00:00,64.98579647532615
srv-004,2017-06-23 08:00:00,64.98579647532615
srv-004,2017-06-23 09:00:00,64.98579647532615
srv-004,2017-06-23 10:00:00,64.98579647532615
srv-004,2017-06-23 11:00:00,64.98579647532615
srv-004,2017-06-23 12:00:00,64.98579647532615
srv-004,2017-06-23 13:00:00,64.98579647532615
srv-004,2017-06-23 14:00:00,64.98579647532615
srv-004,2017-06-23 15:00:00,64.98579647532615
srv-004,2017-06-23 16:00:00,64.98579647532615
srv-004,2017-06-23 17:00:00,64.98579647532615
srv-004,2017-06-23 18:00:00,64.98579647532615
srv-004,2017-06-23 19:00:00,64.98579647532615
srv-004,2017-06-23 20:00:00,64.98579647532615
srv-004,2017-06-23 21:00:00,64.98579647532615
srv-004,2017-06-23 22:00:00,64.98579647532615
srv-004,2017-06-23 23:00:00,64.98579647532615
srv-004,2017-06-24 00:00:00,64.98579647532615
srv-004,2017-06-24 01:00:00,64.98579647532615
srv-004,2017-06-24 02:00:00,64.98579647532615
srv-004,2017-06-24 03:00:00,64.98579647532615
srv-004,2017-06-24 04:00:00,64.98579647532615
srv-004,2017-06-24 05:00:00,64.98579647532615
srv-004,2017-06-24 06:00:00,64.98579647532615
srv-004,2017-06-24 07:00:00,64.98579647532615
srv-004,2017-06-24 08:00:00,64.98579647532615
srv-004,2017-06-24 09:00:00,64.98579647532615
srv-004,2017-06-24 10:00:00,64.98579647532615
srv-004,2017-06-24 11:00:00,64.98579647532615
srv-004,2017-06-24 12:00:00,64.98579647532615
srv-004,2017-06-24 13:00:00,64.98579647532615
srv-004,2017-06-24 14:00:00,64.98579647532615
srv-004,2017-06-24 15:00:00,64.98579647532615
srv-004,2017-06-24 16:00:00,64.98579647532615
srv-004,2017-06-24 17:00:00,64.98579647532615
srv-004,2017-06-24 18:00:00,64.98579647532615
srv-004,2017-06-24 19:00:00,64.98579647532615
srv-004,2017-06-24 20:00:00,64.98579647532615
srv-004,2017-06-24 21:00:00,64.98579647532615
srv-004,2017-06-24 22:00:00,64.98579647532615
srv-004,2017-06-24 23:00:00,64.98579647532615
srv-004,2017-06-25 00:00:00,64.98579647532615
srv-004,2017-06-25 01:00:00,64.98579647532615
srv-004,2017-06-25 02:00:00,64.98579647532615
srv-004,2017-06-25 03:00:00,64.98579647532615
srv-004,2017-06-25 04:00:00,64.98579647532615
srv-004,2017-06-25 05:00:00,64.98579647532615
srv-004,2017-06-25 06:00:00,64.98579647532615
srv-004,2017-06-25 07:00:00,64.98579647532615
srv-004,2017-06-25 08:00:00,64.98579647532615
srv-004,2017-06-25 09:00:00,64.98579647532615
srv-004,2017-06-25 10:00:00,64.98579647532615
srv-004,2017-06-25 11:00:00,64.98579647532615
srv-004,2017-06-25 12:00:00,64.98579647532615
srv-004,2017-06-25 13:00:00,64.98579647532615
srv-004,2017-06-25 14:00:00,64.98579647532615
srv-004,2017-06-25 15:00:00,64.98579647532615
srv-004,2017-06-25 16:00:00,64.98579647532615
srv-004,2017-06-25 17:00:00,64.98579647532615
srv-004,2017-06-25 18:00:00,64.98579647532615
srv-004,2017-06-25 19:00:00,64.98579647532615
srv-004,2017-06-25 20:00:00,64.98579647532615
srv-004,2017-06-25 21:00:00,64.98579647532615
srv-004,2017-06-25 22:00:00,64.98579647532615
srv-004,2017-06-25 23:00:00,64.98579647532615
srv-004,2017-06-26 00:00:00,64.98579647532615
srv-004,2017-06-26 01:00:00,64.98579647532615
srv-004,2017-06-26 02:00:00,64.98579647532615
srv-004,2017-06-26 03:00:00,64.98579647532615
srv-004,2017-06-26 04:00:00,64.98579647532615
srv-004,2017-06-26 05:00:00,64.98579647532615
srv-004,2017-06-26 06:00:00,64.98579647532615
srv-004,2017-06-26 07:00:00,64.98579647532615
srv-004,2017-06-26 08:00:00,64.98579647532615
srv-004,2017-06-26 09:00:00,64.98579647532615
srv-004,2017-06-26 10:00:00,64.98579647532615
srv-004,2017-06-26 11:00:00,64.98579647532615
srv-004,2017-06-26 12:00:00,64.98579647532615
srv-004,2017-06-26 13:00:00,64.98579647532615
srv-004,2017-06-26 14:00:00,64.98579647532615
srv-004,2017-06-26 15:00:00,64.98579647532615
srv-004,2017-06-26 16:00:00,64.98579647532615
srv-004,2017-06-26 17:00:00,64.98579647532615
srv-004,2017-06-26 18:00:00,64.98579647532615
srv-004,2017-06-26 19:00:00,64.98579647532615
srv-004,2017-06-26 20:00:00,64.98579647532615
srv-004,2017-06-26 21:00:00,64.98579647532615
srv-004,2017-06-26 22:00:00,64.98579647532615
srv-004,2017-06-26 23:00:00,64.98579647532615
srv-004,2017-06-27 00:00:00,64.98579647532615
srv-004,2017-06-27 01:00:00,64.98579647532615
srv-004,2017-06-27 02:00:00,64.98579647532615
srv-004,2017-06-27 03:00:00,64.98579647532615
srv-004,2017-06-27 04:00:00,64.98579647532615
srv-004,2017-06-27 05:00:00,64.98579647532615
srv-004,2017-06-27 06:00:00,64.98579647532615
srv-004,2017-06-27 07:00:00,64.98579647532615
srv-004,2017-06-27 08:00:00,64.98579647532615
srv-004,2017-06-27 09:00:00,64.98579647532615
srv-004,2017-06-27 10:00:00,64.98579647532615
srv-004,2017-06-27 11:00:00,64.98579647532615
srv-004,2017-06-27 12:00:00,64.98579647532615
srv-004,2017-06-27 13:00:00,64.98579647532615
srv-004,2017-06-27 14:00:00,64.98579647532615
srv-004,2017-06-27 15:00:00,64.98579647532615
srv-004,2017-06-27 16:00:00,64.98579647532615
srv-004,2017-06-27 17:00:00,64.98579647532615
srv-004,2017-06-27 18:00:00,64.98579647532615
srv-004,2017-06-27 19:00:00,64.98579647532615
srv-004,2017-06-27 20:00:00,64.98579647532615
srv-004,2017-06-27 21:00:00,64.98579647532615
srv-004,2017-06-27 22:00:00,64.98579647532615
srv-004,2017-06-27 23:00:00,64.98579647532615
srv-004,2017-06-28 00:00:00,64.98579647532615
srv-004,2017-06-28 01:00:00,64.98579647532615
srv-004,2017-06-28 02:00:00,64.98579647532615
srv-004,2017-06-28 03:00:00,64.98579647532615
srv-004,2017-06-28 04:00:00,64.98579647532615
srv-004,2017-06-28 05:00:00,64.98579647532615
srv-004,2017-06-28 06:00:00,64.98579647532615
srv-004,2017-06-28 07:00:00,64.98579647532615
srv-004,2017-06-28 08:00:00,64.98579647532615
srv-004,2017-06-28 09:00:00,64.98579647532615
srv-004,2017-06-28 10:00:00,64.98579647532615
srv-004,2017-06-28 11:00:00,64.98579647532615
srv-004,2017-06-28 12:00:00,64.98579647532615
srv-004,2017-06-28 13:00:00,64.98579647532615
srv-004,2017-06-28 14:00:00,64.98579647532615
srv-004,2017-06-28 15:00:00,64.98579647532615
srv-004,2017-06-28 16:00:00,64.98579647532615
srv-004,2017-06-28 17:00:00,64.98579647532615
srv-004,2017-06-28 18:00:00,64.98579647532615
srv-004,2017-06-28 19:00:00,64.98579647532615
srv-004,2017-06-28 20:00:00,64.98579647532615
srv-004,2017-06-28 21:00:00,64.98579647532615
srv-004,2017-06-28 22:00:00,64.98579647532615
srv-004,2017-06-28 23:00:00,64.98579647532615
srv-004,2017-06-29 00:00:00,64.98579647532615
srv-004,2017-06-29 01:00:00,64.98579647532615
srv-004,2017-06-29 02:00:00,64.98579647532615
srv-004,2017-06-29 03:00:00,64.98579647532615
srv-004,2017-06-29 04:00:00,64.98579647532615
srv-004,2017-06-29 05:00:00,64.98579647532615
srv-004,2017-06-29 06:00:00,64.98579647532615
srv-004,2017-06-29 07:00:00,64.98579647532615
srv-004,2017-06-29 08:00:00,64.98579647532615
srv-004,2017-06-29 09:00:00,64.98579647532615
srv-004,2017-06-29 10:00:00,64.98579647532615
srv-004,2017-06-29 11:00:00,64.98579647532615
srv-004,2017-06-29 12:00:00,64.98579647532615
srv-004,2017-06-29 13:00:00,64.98579647532615
srv-004,2017-06-29 14:00:00,64.98579647532615
srv-004,2017-06-29 15:00:00,64.98579647532615
srv-004,2017-06-29 16:00:00,64.98579647532615
srv-004,2017-06-29 17:00:00,64.98579647532615
srv-004,2017-06-29 18:00:00,64.98579647532615
srv-004,2017-06-29 19:00:00,64.98579647532615
srv-004,2017-06-29 20:00:00,64.98579647532615
srv-004,2017-06-29 21:00:00,64.98579647532615
srv-004,2017-06-29 22:00:00,64.98579647532615
srv-004,2017-06-29 23:00:00,64.98579647532615
srv-004,2017-06-30 00:00:00,64.98579647532615
srv-004,2017-06-30 01:00:00,64.98579647532615
srv-004,2017-06-30 02:00:00,64.98579647532615
srv-004,2017-06-30 03:00:00,64.98579647532615
srv-004,2017-06-30 04:00:00,64.98579647532615
srv-004,2017-06-30 05:00:00,64.98579647532615
srv-004,2017-06-30 06:00:00,64.98579647532615
srv-004,2017-06-30 07:00:00,64.98579647532615
srv-004,2017-06-30 08:00:00,64.98579647532615
srv-004,2017-06-30 09:00:00,64.98579647532615
srv-004,2017-06-30 10:00:00,64.98579647532615
srv-004,2017-06-30 11:00:00,64.98579647532615
srv-004,2017-06-30 12:00:00,64.98579647532615
srv-004,2017-06-30 13:00:00,64.98579647532615
srv-004,2017-06-30 14:00:00,64.98579647532615
srv-004,2017-06-30 15:00:00,64.98579647532615
srv-004,2017-06-30 16:00:00,64.98579647532615
srv-004,2017-06-30 17:00:00,64.98579647532615
srv-004,2017-06-30 18:00:00,64.98579647532615
srv-004,2017-06-30 19:00:00,64.98579647532615
srv-004,2017-06-30 20:00:00,64.98579647532615
srv-004,2017-06-30 21:00:00,64.98579647532615
srv-004,2017-06-30 22:00:00,64.98579647532615
srv-004,2017-06-30 23:00:00,64.98579647532615
srv-005,2017-06-01 23:00:00,43.8529424727714
srv-005,2017-06-02 00:00:00,43.65114363345885
srv-005,2017-06-02 01:00:00,43.52802806603673
srv-005,2017-06-02 02:00:00,43.46259493538552
srv-005,2017-06-02 03:00:00,43.42772064635373
srv-005,2017-06-02 04:00:00,43.409282406622296
srv-005,2017-06-02 05:00:00,43.39953527744624
srv-005,2017-06-02 06:00:00,43.394385264420016
srv-005,2017-06-02 07:00:00,43.391664271241424
srv-005,2017-06-02 08:00:00,43.39022669270615
srv-005,2017-06-02 09:00:00,43.38946718127289
srv-005,2017-06-02 10:00:00,43.389065911881886
srv-005,2017-06-02 11:00:00,43.38885391102299
srv-005,2017-06-02 12:00:00,43.3887419055776
srv-005,2017-06-02 13:00:00,43.38868273025377
srv-005,2017-06-02 14:00:00,43.38865146642639
srv-005,2017-06-02 15:00:00,43.388634948951925
srv-005,2017-06-02 16:00:00,43.38862622235044
srv-005,2017-06-02 17:00:00,43.38862161186512
srv-005,2017-06-02 18:00:00,43.38861917602857
srv-005,2017-06-02 19:00:00,43.38861788911422
srv-005,2017-06-02 20:00:00,43.388617209204675
srv-005,2017-06-02 21:00:00,43.38861684999118
srv-005,2017-06-02 22:00:00,43.388616660209564
srv-005,2017-06-02 23:00:00,43.38861655994312
srv-005,2017-06-03 00:00:00,43.388616506969804
srv-005,2017-06-03 01:00:00,43.388616478982655
srv-005,2017-06-03 02:00:00,43.38861646419633
srv-005,2017-06-03 03:00:00,43.38861645638434
srv-005,2017-06-03 04:00:00,43.38861645225707
srv-005,2017-06-03 05:00:00,43.388616450076526
srv-005,2017-06-03 06:00:00,43.38861644892449
srv-005,2017-06-03 07:00:00,43.38861644831584
srv-005,2017-06-03 08:00:00,43.38861644799427
srv-005,2017-06-03 09:00:00,43.38861644782438
srv-005,2017-06-03 10:00:00,43.38861644773463
srv-005,2017-06-03 11:00:00,43.388616447687205
srv-005,2017-06-03 12:00:00,43.38861644766215
srv-005,2017-06-03 13:00:00,43.388616447648914
srv-005,2017-06-03 14:00:00,43.38861644764192
srv-005,2017-06-03 15:00:00,43.38861644763823
srv-005,2017-06-03 16:00:00,43.388616447636274
srv-005,2017-06-03 17:00:00,43.38861644763524
srv-005,2017-06-03 18:00:00,43.388616447634696
srv-005,2017-06-03 19:00:00,43.388616447634405
srv-005,2017-06-03 20:00:00,43.388616447634256
srv-005,2017-06-03 21:00:00,43.38861644763418
srv-005,2017-06-03 22:00:00,43.388616447634135
srv-005,2017-06-03 23:00:00,43.388616447634114
srv-005,2017-06-04 00:00:00,43.3886164476341
srv-005,2017-06-04 01:00:00,43.38861644763409
srv-005,2017-06-04 02:00:00,43.38861644763409
srv-005,2017-06-04 03:00:00,43.38861644763409
srv-005,2017-06-04 04:00:00,43.38861644763409
srv-005,2017-06-04 05:00:00,43.38861644763409
srv-005,2017-06-04 06:00:00,43.38861644763409
srv-005,2017-06-04 07:00:00,43.38861644763409
srv-005,2017-06-04 08:00:00,43.38861644763409
srv-005,2017-06-04 09:00:00,43.38861644763409
srv-005,2017-06-04 10:00:00,43.38861644763409
srv-005,2017-06-04 11:00:00,43.38861644763409
srv-005,2017-06-04 12:00:00,43.38861644763409
srv-005,2017-06-04 13:00:00,43.38861644763409
srv-005,2017-06-04 14:00:00,43.38861644763409
srv-005,2017-06-04 15:00:00,43.38861644763409
srv-005,2017-06-04 16:00:00,43.38861644763409
srv-005,2017-06-04 17:00:00,43.38861644763409
srv-005,2017-06-04 18:00:00,43.38861644763409
srv-005,2017-06-04 19:00:00,43.38861644763409
srv-005,2017-06-04 20:00:00,43.38861644763409
srv-005,2017-06-04 21:00:00,43.38861644763409
srv-005,2017-06-04 22:00:00,43.38861644763409
srv-005,2017-06-04 23:00:00,43.38861644763409
srv-005,2017-06-05 00:00:00,43.38861644763409
srv-005,2017-06-05 01:00:00,43.38861644763409
srv-005,2017-06-05 02:00:00,43.38861644763409
srv-005,2017-06-05 03:00:00,43.38861644763409
srv-005,2017-06-05 04:00:00,43.38861644763409
srv-005,2017-06-05 05:00:00,43.38861644763409
srv-005,2017-06-05 06:00:00,43.38861644763409
srv-005,2017-06-05 07:00:00,43.38861644763409
srv-005,2017-06-05 08:00:00,43.38861644763409
srv-005,2017-06-05 09:00:00,43.38861644763409
srv-005,2017-06-05 10:00:00,43.38861644763409
srv-005,2017-06-05 11:00:00,43.38861644763409
srv-005,2017-06-05 12:00:00,43.38861644763409
srv-005,2017-06-05 13:00:00,43.38861644763409
srv-005,2017-06-05 14:00:00,43.38861644763409
srv-005,2017-06-05 15:00:00,43.38861644763409
srv-005,2017-06-05 16:00:00,43.38861644763409
srv-005,2017-06-05 17:00:00,43.38861644763409
srv-005,2017-06-05 18:00:00,43.38861644763409
srv-005,2017-06-05 19:00:00,43.38861644763409
srv-005,2017-06-05 20:00:00,43.38861644763409
srv-005,2017-06-05 21:00:00,43.38861644763409
srv-005,2017-06-05 22:00:00,43.38861644763409
srv-005,2017-06-05 23:00:00,43.38861644763409
srv-005,2017-06-06 00:00:00,43.38861644763409
srv-005,2017-06-06 01:00:00,43.38861644763409
srv-005,2017-06-06 02:00:00,43.38861644763409
srv-005,2017-06-06 03:00:00,43.38861644763409
srv-005,2017-06-06 04:00:00,43.38861644763409
srv-005,2017-06-06 05:00:00,43.38861644763409
srv-005,2017-06-06 06:00:00,43.38861644763409
srv-005,2017-06-06 07:00:00,43.38861644763409
srv-005,2017-06-06 08:00:00,43.38861644763409
srv-005,2017-06-06 09:00:00,43.38861644763409
srv-005,2017-06-06 10:00:00,43.38861644763409
srv-005,2017-06-06 11:00:00,43.38861644763409
srv-005,2017-06-06 12:00:00,43.38861644763409
srv-005,2017-06-06 13:00:00,43.38861644763409
srv-005,2017-06-06 14:00:00,43.38861644763409
srv-005,2017-06-06 15:00:00,43.38861644763409
srv-005,2017-06-06 16:00:00,43.38861644763409
srv-005,2017-06-06 17:00:00,43.38861644763409
srv-005,2017-06-06 18:00:00,43.38861644763409
srv-005,2017-06-06 19:00:00,43.38861644763409
srv-005,2017-06-06 20:00:00,43.38861644763409
srv-005,2017-06-06 21:00:00,43.38861644763409
srv-005,2017-06-06 22:00:00,43.38861644763409
srv-005,2017-06-06 23:00:00,43.38861644763409
srv-005,2017-06-07 00:00:00,43.38861644763409
srv-005,2017-06-07 01:00:00,43.38861644763409
srv-005,2017-06-07 02:00:00,43.38861644763409
srv-005,2017-06-07 03:00:00,43.38861644763409
srv-005,2017-06-07 04:00:00,43.38861644763409
srv-005,2017-06-07 05:00:00,43.38861644763409
srv-005,2017-06-07 06:00:00,43.38861644763409
srv-005,2017-06-07 07:00:00,43.38861644763409
srv-005,2017-06-07 08:00:00,43.38861644763409
srv-005,2017-06-07 09:00:00,43.38861644763409
srv-005,2017-06-07 10:00:00,43.38861644763409
srv-005,2017-06-07 11:00:00,43.38861644763409
srv-005,2017-06-07 12:00:00,43.38861644763409
srv-005,2017-06-07 13:00:00,43.38861644763409
srv-005,2017-06-07 14:00:00,43.38861644763409
srv-005,2017-06-07 15:00:00,43.38861644763409
srv-005,2017-06-07 16:00:00,43.38861644763409
srv-005,2017-06-07 17:00:00,43.38861644763409
srv-005,2017-06-07 18:00:00,43.38861644763409
srv-005,2017-06-07 19:00:00,43.38861644763409
srv-005,2017-06-07 20:00:00,43.38861644763409
srv-005,2017-06-07 21:00:00,43.38861644763409
srv-005,2017-06-07 22:00:00,43.38861644763409
srv-005,2017-06-07 23:00:00,43.38861644763409
srv-005,2017-06-08 00:00:00,43.38861644763409
srv-005,2017-06-08 01:00:00,43.38861644763409
srv-005,2017-06-08 02:00:00,43.38861644763409
srv-005,2017-06-08 03:00:00,43.38861644763409
srv-005,2017-06-08 04:00:00,43.38861644763409
srv-005,2017-06-08 05:00:00,43.38861644763409
srv-005,2017-06-08 06:00:00,43.38861644763409
srv-005,2017-06-08 07:00:00,43.38861644763409
srv-005,2017-06-08 08:00:00,43.38861644763409
srv-005,2017-06-08 09:00:00,43.38861644763409
srv-005,2017-06-08 10:00:00,43.38861644763409
srv-005,2017-06-08 11:00:00,43.38861644763409
srv-005,2017-06-08 12:00:00,43.38861644763409
srv-005,2017-06-08 13:00:00,43.38861644763409
srv-005,2017-06-08 14:00:00,43.38861644763409
srv-005,2017-06-08 15:00:00,43.38861644763409
srv-005,2017-06-08 16:00:00,43.38861644763409
srv-005,2017-06-08 17:00:00,43.38861644763409
srv-005,2017-06-08 18:00:00,43.38861644763409
srv-005,2017-06-08 19:00:00,43.38861644763409
srv-005,2017-06-08 20:00:00,43.38861644763409
srv-005,2017-06-08 21:00:00,43.38861644763409
srv-005,2017-06-08 22:00:00,43.38861644763409
srv-005,2017-06-08 23:00:00,43.38861644763409
srv-005,2017-06-09 00:00:00,43.38861644763409
srv-005,2017-06-09 01:00:00,43.38861644763409
srv-005,2017-06-09 02:00:00,43.38861644763409
srv-005,2017-06-09 03:00:00,43.38861644763409
srv-005,2017-06-09 04:00:00,43.38861644763409
srv-005,2017-06-09 05:00:00,43.38861644763409
srv-005,2017-06-09 06:00:00,43.38861644763409
srv-005,2017-06-09 07:00:00,43.38861644763409
srv-005,2017-06-09 08:00:00,43.38861644763409
srv-005,2017-06-09 09:00:00,43.38861644763409
srv-005,2017-06-09 10:00:00,43.38861644763409
srv-005,2017-06-09 11:00:00,43.38861644763409
srv-005,2017-06-09 12:00:00,43.38861644763409
srv-005,2017-06-09 13:00:00,43.38861644763409
srv-005,2017-06-09 14:00:00,43.38861644763409
srv-005,2017-06-09 15:00:00,43.38861644763409
srv-005,2017-06-09 16:00:00,43.38861644763409
srv-005,2017-06-09 17:00:00,43.38861644763409
srv-005,2017-06-09 18:00:00,43.38861644763409
srv-005,2017-06-09 19:00:00,43.38861644763409
srv-005,2017-06-09 20:00:00,43.38861644763409
srv-005,2017-06-09 21:00:00,43.38861644763409
srv-005,2017-06-09 22:00:00,43.38861644763409
srv-005,2017-06-09 23:00:00,43.38861644763409
srv-005,2017-06-10 00:00:00,43.38861644763409
srv-005,2017-06-10 01:00:00,43.38861644763409
srv-005,2017-06-10 02:00:00,43.38861644763409
srv-005,2017-06-10 03:00:00,43.38861644763409
srv-005,2017-06-10 04:00:00,43.38861644763409
srv-005,2017-06-10 05:00:00,43.38861644763409
srv-005,2017-06-10 06:00:00,43.38861644763409
srv-005,2017-06-10 07:00:00,43.38861644763409
srv-005,2017-06-10 08:00:00,43.38861644763409
srv-005,2017-06-10 09:00:00,43.38861644763409
srv-005,2017-06-10 10:00:00,43.38861644763409
srv-005,2017-06-10 11:00:00,43.38861644763409
srv-005,2017-06-10 12:00:00,43.38861644763409
srv-005,2017-06-10 13:00:00,43.38861644763409
srv-005,2017-06-10 14:00:00,43.38861644763409
srv-005,2017-06-10 15:00:00,43.38861644763409
srv-005,2017-06-10 16:00:00,43.38861644763409
srv-005,2017-06-10 17:00:00,43.38861644763409
srv-005,2017-06-10 18:00:00,43.38861644763409
srv-005,2017-06-10 19:00:00,43.38861644763409
srv-005,2017-06-10 20:00:00,43.38861644763409
srv-005,2017-06-10 21:00:00,43.38861644763409
srv-005,2017-06-10 22:00:00,43.38861644763409
srv-005,2017-06-10 23:00:00,43.38861644763409
srv-005,2017-06-11 00:00:00,43.38861644763409
srv-005,2017-06-11 01:00:00,43.38861644763409
srv-005,2017-06-11 02:00:00,43.38861644763409
srv-005,2017-06-11 03:00:00,43.38861644763409
srv-005,2017-06-11 04:00:00,43.38861644763409
srv-005,2017-06-11 05:00:00,43.38861644763409
srv-005,2017-06-11 06:00:00,43.38861644763409
srv-005,2017-06-11 07:00:00,43.38861644763409
srv-005,2017-06-11 08:00:00,43.38861644763409
srv-005,2017-06-11 09:00:00,43.38861644763409
srv-005,2017-06-11 10:00:00,43.38861644763409
srv-005,2017-06-11 11:00:00,43.38861644763409
srv-005,2017-06-11 12:00:00,43.38861644763409
srv-005,2017-06-11 13:00:00,43.38861644763409
srv-005,2017-06-11 14:00:00,43.38861644763409
srv-005,2017-06-11 15:00:00,43.38861644763409
srv-005,2017-06-11 16:00:00,43.38861644763409
srv-005,2017-06-11 17:00:00,43.38861644763409
srv-005,2017-06-11 18:00:00,43.38861644763409
srv-005,2017-06-11 19:00:00,43.38861644763409
srv-005,2017-06-11 20:00:00,43.38861644763409
srv-005,2017-06-11 21:00:00,43.38861644763409
srv-005,2017-06-11 22:00:00,43.38861644763409
srv-005,2017-06-11 23:00:00,43.38861644763409
srv-005,2017-06-12 00:00:00,43.38861644763409
srv-005,2017-06-12 01:00:00,43.38861644763409
srv-005,2017-06-12 02:00:00,43.38861644763409
srv-005,2017-06-12 03:00:00,43.38861644763409
srv-005,2017-06-12 04:00:00,43.38861644763409
srv-005,2017-06-12 05:00:00,43.38861644763409
srv-005,2017-06-12 06:00:00,43.38861644763409
srv-005,2017-06-12 07:00:00,43.38861644763409
srv-005,2017-06-12 08:00:00,43.38861644763409
srv-005,2017-06-12 09:00:00,43.38861644763409
srv-005,2017-06-12 10:00:00,43.38861644763409
srv-005,2017-06-12 11:00:00,43.38861644763409
srv-005,2017-06-12 12:00:00,43.38861644763409
srv-005,2017-06-12 13:00:00,43.38861644763409
srv-005,2017-06-12 14:00:00,43.38861644763409
srv-005,2017-06-12 15:00:00,43.38861644763409
srv-005,2017-06-12 16:00:00,43.38861644763409
srv-005,2017-06-12 17:00:00,43.38861644763409
srv-005,2017-06-12 18:00:00,43.38861644763409
srv-005,2017-06-12 19:00:00,43.38861644763409
srv-005,2017-06-12 20:00:00,43.38861644763409
srv-005,2017-06-12 21:00:00,43.38861644763409
srv-005,2017-06-12 22:00:00,43.38861644763409
srv-005,2017-06-12 23:00:00,43.38861644763409
srv-005,2017-06-13 00:00:00,43.38861644763409
srv-005,2017-06-13 01:00:00,43.38861644763409
srv-005,2017-06-13 02:00:00,43.38861644763409
srv-005,2017-06-13 03:00:00,43.38861644763409
srv-005,2017-06-13 04:00:00,43.38861644763409
srv-005,2017-06-13 05:00:00,43.38861644763409
srv-005,2017-06-13 06:00:00,43.38861644763409
srv-005,2017-06-13 07:00:00,43.38861644763409
srv-005,2017-06-13 08:00:00,43.38861644763409
srv-005,2017-06-13 09:00:00,43.38861644763409
srv-005,2017-06-13 10:00:00,43.38861644763409
srv-005,2017-06-13 11:00:00,43.38861644763409
srv-005,2017-06-13 12:00:00,43.38861644763409
srv-005,2017-06-13 13:00:00,43.38861644763409
srv-005,2017-06-13 14:00:00,43.38861644763409
srv-005,2017-06-13 15:00:00,43.38861644763409
srv-005,2017-06-13 16:00:00,43.38861644763409
srv-005,2017-06-13 17:00:00,43.38861644763409
srv-005,2017-06-13 18:00:00,43.38861644763409
srv-005,2017-06-13 19:00:00,43.38861644763409
srv-005,2017-06-13 20:00:00,43.38861644763409
srv-005,2017-06-13 21:00:00,43.38861644763409
srv-005,2017-06-13 22:00:00,43.38861644763409
srv-005,2017-06-13 23:00:00,43.38861644763409
srv-005,2017-06-14 00:00:00,43.38861644763409
srv-005,2017-06-14 01:00:00,43.38861644763409
srv-005,2017-06-14 02:00:00,43.38861644763409
srv-005,2017-06-14 03:00:00,43.38861644763409
srv-005,2017-06-14 04:00:00,43.38861644763409
srv-005,2017-06-14 05:00:00,43.38861644763409
srv-005,2017-06-14 06:00:00,43.38861644763409
srv-005,2017-06-14 07:00:00,43.38861644763409
srv-005,2017-06-14 08:00:00,43.38861644763409
srv-005,2017-06-14 09:00:00,43.38861644763409
srv-005,2017-06-14 10:00:00,43.38861644763409
srv-005,2017-06-14 11:00:00,43.38861644763409
srv-005,2017-06-14 12:00:00,43.38861644763409
srv-005,2017-06-14 13:00:00,43.38861644763409
srv-005,2017-06-14 14:00:00,43.38861644763409
srv-005,2017-06-14 15:00:00,43.38861644763409
srv-005,2017-06-14 16:00:00,43.38861644763409
srv-005,2017-06-14 17:00:00,43.38861644763409
srv-005,2017-06-14 18:00:00,43.38861644763409
srv-005,2017-06-14 19:00:00,43.38861644763409
srv-005,2017-06-14 20:00:00,43.38861644763409
srv-005,2017-06-14 21:00:00,43.38861644763409
srv-005,2017-06-14 22:00:00,43.38861644763409
srv-005,2017-06-14 23:00:00,43.38861644763409
srv-005,2017-06-15 00:00:00,43.38861644763409
srv-005,2017-06-15 01:00:00,43.38861644763409
srv-005,2017-06-15 02:00:00,43.38861644763409
srv-005,2017-06-15 03:00:00,43.38861644763409
srv-005,2017-06-15 04:00:00,43.38861644763409
srv-005,2017-06-15 05:00:00,43.38861644763409
srv-005,2017-06-15 06:00:00,43.38861644763409
srv-005,2017-06-15 07:00:00,43.38861644763409
srv-005,2017-06-15 08:00:00,43.38861644763409
srv-005,2017-06-15 09:00:00,43.38861644763409
srv-005,2017-06-15 10:00:00,43.38861644763409
srv-005,2017-06-15 11:00:00,43.38861644763409
srv-005,2017-06-15 12:00:00,43.38861644763409
srv-005,2017-06-15 13:00:00,43.38861644763409
srv-005,2017-06-15 14:00:00,43.38861644763409
srv-005,2017-06-15 15:00:00,43.38861644763409
srv-005,2017-06-15 16:00:00,43.38861644763409
srv-005,2017-06-15 17:00:00,43.38861644763409
srv-005,2017-06-15 18:00:00,43.38861644763409
srv-005,2017-06-15 19:00:00,43.38861644763409
srv-005,2017-06-15 20:00:00,43.38861644763409
srv-005,2017-06-15 21:00:00,43.38861644763409
srv-005,2017-06-15 22:00:00,43.38861644763409
srv-005,2017-06-15 23:00:00,43.38861644763409
srv-005,2017-06-16 00:00:00,43.38861644763409
srv-005,2017-06-16 01:00:00,43.38861644763409
srv-005,2017-06-16 02:00:00,43.38861644763409
srv-005,2017-06-16 03:00:00,43.38861644763409
srv-005,2017-06-16 04:00:00,43.38861644763409
srv-005,2017-06-16 05:00:00,43.38861644763409
srv-005,2017-06-16 06:00:00,43.38861644763409
srv-005,2017-06-16 07:00:00,43.38861644763409
srv-005,2017-06-16 08:00:00,43.38861644763409
srv-005,2017-06-16 09:00:00,43.38861644763409
srv-005,2017-06-16 10:00:00,43.38861644763409
srv-005,2017-06-16 11:00:00,43.38861644763409
srv-005,2017-06-16 12:00:00,43.38861644763409
srv-005,2017-06-16 13:00:00,43.38861644763409
srv-005,2017-06-16 14:00:00,43.38861644763409
srv-005,2017-06-16 15:00:00,43.38861644763409
srv-005,2017-06-16 16:00:00,43.38861644763409
srv-005,2017-06-16 17:00:00,43.38861644763409
srv-005,2017-06-16 18:00:00,43.38861644763409
srv-005,2017-06-16 19:00:00,43.38861644763409
srv-005,2017-06-16 20:00:00,43.38861644763409
srv-005,2017-06-16 21:00:00,43.38861644763409
srv-005,2017-06-16 22:00:00,43.38861644763409
srv-005,2017-06-16 23:00:00,43.38861644763409
srv-005,2017-06-17 00:00:00,43.38861644763409
srv-005,2017-06-17 01:00:00,43.38861644763409
srv-005,2017-06-17 02:00:00,43.38861644763409
srv-005,2017-06-17 03:00:00,43.38861644763409
srv-005,2017-06-17 04:00:00,43.38861644763409
srv-005,2017-06-17 05:00:00,43.38861644763409
srv-005,2017-06-17 06:00:00,43.38861644763409
srv-005,2017-06-17 07:00:00,43.38861644763409
srv-005,2017-06-17 08:00:00,43.38861644763409
srv-005,2017-06-17 09:00:00,43.38861644763409
srv-005,2017-06-17 10:00:00,43.38861644763409
srv-005,2017-06-17 11:00:00,43.38861644763409
srv-005,2017-06-17 12:00:00,43.38861644763409
srv-005,2017-06-17 13:00:00,43.38861644763409
srv-005,2017-06-17 14:00:00,43.38861644763409
srv-005,2017-06-17 15:00:00,43.38861644763409
srv-005,2017-06-17 16:00:00,43.38861644763409
srv-005,2017-06-17 17:00:00,43.38861644763409
srv-005,2017-06-17 18:00:00,43.38861644763409
srv-005,2017-06-17 19:00:00,43.38861644763409
srv-005,2017-06-17 20:00:00,43.38861644763409
srv-005,2017-06-17 21:00:00,43.38861644763409
srv-005,2017-06-17 22:00:00,43.38861644763409
srv-005,2017-06-17 23:00:00,43.38861644763409
srv-005,2017-06-18 00:00:00,43.38861644763409
srv-005,2017-06-18 01:00:00,43.38861644763409
srv-005,2017-06-18 02:00:00,43.38861644763409
srv-005,2017-06-18 03:00:00,43.38861644763409
srv-005,2017-06-18 04:00:00,43.38861644763409
srv-005,2017-06-18 05:00:00,43.38861644763409
srv-005,2017-06-18 06:00:00,43.38861644763409
srv-005,2017-06-18 07:00:00,43.38861644763409
srv-005,2017-06-18 08:00:00,43.38861644763409
srv-005,2017-06-18 09:00:00,43.38861644763409
srv-005,2017-06-18 10:00:00,43.38861644763409
srv-005,2017-06-18 11:00:00,43.38861644763409
srv-005,2017-06-18 12:00:00,43.38861644763409
srv-005,2017-06-18 13:00:00,43.38861644763409
srv-005,2017-06-18 14:00:00,43.38861644763409
srv-005,2017-06-18 15:00:00,43.38861644763409
srv-005,2017-06-18 16:00:00,43.38861644763409
srv-005,2017-06-18 17:00:00,43.38861644763409
srv-005,2017-06-18 18:00:00,43.38861644763409
srv-005,2017-06-18 19:00:00,43.38861644763409
srv-005,2017-06-18 20:00:00,43.38861644763409
srv-005,2017-06-18 21:00:00,43.38861644763409
srv-005,2017-06-18 22:00:00,43.38861644763409
srv-005,2017-06-18 23:00:00,43.38861644763409
srv-005,2017-06-19 00:00:00,43.38861644763409
srv-005,2017-06-19 01:00:00,43.38861644763409
srv-005,2017-06-19 02:00:00,43.38861644763409
srv-005,2017-06-19 03:00:00,43.38861644763409
srv-005,2017-06-19 04:00:00,43.38861644763409
srv-005,2017-06-19 05:00:00,43.38861644763409
srv-005,2017-06-19 06:00:00,43.38861644763409
srv-005,2017-06-19 07:00:00,43.38861644763409
srv-005,2017-06-19 08:00:00,43.38861644763409
srv-005,2017-06-19 09:00:00,43.38861644763409
srv-005,2017-06-19 10:00:00,43.38861644763409
srv-005,2017-06-19 11:00:00,43.38861644763409
srv-005,2017-06-19 12:00:00,43.38861644763409
srv-005,2017-06-19 13:00:00,43.38861644763409
srv-005,2017-06-19 14:00:00,43.38861644763409
srv-005,2017-06-19 15:00:00,43.38861644763409
srv-005,2017-06-19 16:00:00,43.38861644763409
srv-005,2017-06-19 17:00:00,43.38861644763409
srv-005,2017-06-19 18:00:00,43.38861644763409
srv-005,2017-06-19 19:00:00,43.38861644763409
srv-005,2017-06-19 20:00:00,43.38861644763409
srv-005,2017-06-19 21:00:00,43.38861644763409
srv-005,2017-06-19 22:00:00,43.38861644763409
srv-005,2017-06-19 23:00:00,43.38861644763409
srv-005,2017-06-20 00:00:00,43.38861644763409
srv-005,2017-06-20 01:00:00,43.38861644763409
srv-005,2017-06-20 02:00:00,43.38861644763409
srv-005,2017-06-20 03:00:00,43.38861644763409
srv-005,2017-06-20 04:00:00,43.38861644763409
srv-005,2017-06-20 05:00:00,43.38861644763409
srv-005,2017-06-20 06:00:00,43.38861644763409
srv-005,2017-06-20 07:00:00,43.38861644763409
srv-005,2017-06-20 08:00:00,43.38861644763409
srv-005,2017-06-20 09:00:00,43.38861644763409
srv-005,2017-06-20 10:00:00,43.38861644763409
srv-005,2017-06-20 11:00:00,43.38861644763409
srv-005,2017-06-20 12:00:00,43.38861644763409
srv-005,2017-06-20 13:00:00,43.38861644763409
srv-005,2017-06-20 14:00:00,43.38861644763409
srv-005,2017-06-20 15:00:00,43.38861644763409
srv-005,2017-06-20 16:00:00,43.38861644763409
srv-005,2017-06-20 17:00:00,43.38861644763409
srv-005,2017-06-20 18:00:00,43.38861644763409
srv-005,2017-06-20 19:00:00,43.38861644763409
srv-005,2017-06-20 20:00:00,43.38861644763409
srv-005,2017-06-20 21:00:00,43.38861644763409
srv-005,2017-06-20 22:00:00,43.38861644763409
srv-005,2017-06-20 23:00:00,43.38861644763409
srv-005,2017-06-21 00:00:00,43.38861644763409
srv-005,2017-06-21 01:00:00,43.38861644763409
srv-005,2017-06-21 02:00:00,43.38861644763409
srv-005,2017-06-21 03:00:00,43.38861644763409
srv-005,2017-06-21 04:00:00,43.38861644763409
srv-005,2017-06-21 05:00:00,43.38861644763409
srv-005,2017-06-21 06:00:00,43.38861644763409
srv-005,2017-06-21 07:00:00,43.38861644763409
srv-005,2017-06-21 08:00:00,43.38861644763409
srv-005,2017-06-21 09:00:00,43.38861644763409
srv-005,2017-06-21 10:00:00,43.38861644763409
srv-005,2017-06-21 11:00:00,43.38861644763409
srv-005,2017-06-21 12:00:00,43.38861644763409
srv-005,2017-06-21 13:00:00,43.38861644763409
srv-005,2017-06-21 14:00:00,43.38861644763409
srv-005,2017-06-21 15:00:00,43.38861644763409
srv-005,2017-06-21 16:00:00,43.38861644763409
srv-005,2017-06-21 17:00:00,43.38861644763409
srv-005,2017-06-21 18:00:00,43.38861644763409
srv-005,2017-06-21 19:00:00,43.38861644763409
srv-005,2017-06-21 20:00:00,43.38861644763409
srv-005,2017-06-21 21:00:00,43.38861644763409
srv-005,2017-06-21 22:00:00,43.38861644763409
srv-005,2017-06-21 23:00:00,43.38861644763409
srv-005,2017-06-22 00:00:00,43.38861644763409
srv-005,2017-06-22 01:00:00,43.38861644763409
srv-005,2017-06-22 02:00:00,43.38861644763409
srv-005,2017-06-22 03:00:00,43.38861644763409
srv-005,2017-06-22 04:00:00,43.38861644763409
srv-005,2017-06-22 05:00:00,43.38861644763409
srv-005,2017-06-22 06:00:00,43.38861644763409
srv-005,2017-06-22 07:00:00,43.38861644763409
srv-005,2017-06-22 08:00:00,43.38861644763409
srv-005,2017-06-22 09:00:00,43.38861644763409
srv-005,2017-06-22 10:00:00,43.38861644763409
srv-005,2017-06-22 11:00:00,43.38861644763409
srv-005,2017-06-22 12:00:00,43.38861644763409
srv-005,2017-06-22 13:00:00,43.38861644763409
srv-005,2017-06-22 14:00:00,43.38861644763409
srv-005,2017-06-22 15:00:00,43.38861644763409
srv-005,2017-06-22 16:00:00,43.38861644763409
srv-005,2017-06-22 17:00:00,43.38861644763409
srv-005,2017-06-22 18:00:00,43.38861644763409
srv-005,2017-06-22 19:00:00,43.38861644763409
srv-005,2017-06-22 20:00:00,43.38861644763409
srv-005,2017-06-22 21:00:00,43.38861644763409
srv-005,2017-06-22 22:00:00,43.38861644763409
srv-005,2017-06-22 23:00:00,43.38861644763409
srv-005,2017-06-23 00:00:00,43.38861644763409
srv-005,2017-06-23 01:00:00,43.38861644763409
srv-005,2017-06-23 02:00:00,43.38861644763409
srv-005,2017-06-23 03:00:00,43.38861644763409
srv-005,2017-06-23 04:00:00,43.38861644763409
srv-005,2017-06-23 05:00:00,43.38861644763409
srv-005,2017-06-23 06:00:00,43.38861644763409
srv-005,2017-06-23 07:00:00,43.38861644763409
srv-005,2017-06-23 08:00:00,43.38861644763409
srv-005,2017-06-23 09:00:00,43.38861644763409
srv-005,2017-06-23 10:00:00,43.38861644763409
srv-005,2017-06-23 11:00:00,43.38861644763409
srv-005,2017-06-23 12:00:00,43.38861644763409
srv-005,2017-06-23 13:00:00,43.38861644763409
srv-005,2017-06-23 14:00:00,43.38861644763409
srv-005,2017-06-23 15:00:00,43.38861644763409
srv-005,2017-06-23 16:00:00,43.38861644763409
srv-005,2017-06-23 17:00:00,43.38861644763409
srv-005,2017-06-23 18:00:00,43.38861644763409
srv-005,2017-06-23 19:00:00,43.38861644763409
srv-005,2017-06-23 20:00:00,43.38861644763409
srv-005,2017-06-23 21:00:00,43.38861644763409
srv-005,2017-06-23 22:00:00,43.38861644763409
srv-005,2017-06-23 23:00:00,43.38861644763409
srv-005,2017-06-24 00:00:00,43.38861644763409
srv-005,2017-06-24 01:00:00,43.38861644763409
srv-005,2017-06-24 02:00:00,43.38861644763409
srv-005,2017-06-24 03:00:00,43.38861644763409
srv-005,2017-06-24 04:00:00,43.38861644763409
srv-005,2017-06-24 05:00:00,43.38861644763409
srv-005,2017-06-24 06:00:00,43.38861644763409
srv-005,2017-06-24 07:00:00,43.38861644763409
srv-005,2017-06-24 08:00:00,43.38861644763409
srv-005,2017-06-24 09:00:00,43.38861644763409
srv-005,2017-06-24 10:00:00,43.38861644763409
srv-005,2017-06-24 11:00:00,43.38861644763409
srv-005,2017-06-24 12:00:00,43.38861644763409
srv-005,2017-06-24 13:00:00,43.38861644763409
srv-005,2017-06-24 14:00:00,43.38861644763409
srv-005,2017-06-24 15:00:00,43.38861644763409
srv-005,2017-06-24 16:00:00,43.38861644763409
srv-005,2017-06-24 17:00:00,43.38861644763409
srv-005,2017-06-24 18:00:00,43.38861644763409
srv-005,2017-06-24 19:00:00,43.38861644763409
srv-005,2017-06-24 20:00:00,43.38861644763409
srv-005,2017-06-24 21:00:00,43.38861644763409
srv-005,2017-06-24 22:00:00,43.38861644763409
srv-005,2017-06-24 23:00:00,43.38861644763409
srv-005,2017-06-25 00:00:00,43.38861644763409
srv-005,2017-06-25 01:00:00,43.38861644763409
srv-005,2017-06-25 02:00:00,43.38861644763409
srv-005,2017-06-25 03:00:00,43.38861644763409
srv-005,2017-06-25 04:00:00,43.38861644763409
srv-005,2017-06-25 05:00:00,43.38861644763409
srv-005,2017-06-25 06:00:00,43.38861644763409
srv-005,2017-06-25 07:00:00,43.38861644763409
srv-005,2017-06-25 08:00:00,43.38861644763409
srv-005,2017-06-25 09:00:00,43.38861644763409
srv-005,2017-06-25 10:00:00,43.38861644763409
srv-005,2017-06-25 11:00:00,43.38861644763409
srv-005,2017-06-25 12:00:00,43.38861644763409
srv-005,2017-06-25 13:00:00,43.38861644763409
srv-005,2017-06-25 14:00:00,43.38861644763409
srv-005,2017-06-25 15:00:00,43.38861644763409
srv-005,2017-06-25 16:00:00,43.38861644763409
srv-005,2017-06-25 17:00:00,43.38861644763409
srv-005,2017-06-25 18:00:00,43.38861644763409
srv-005,2017-06-25 19:00:00,43.38861644763409
srv-005,2017-06-25 20:00:00,43.38861644763409
srv-005,2017-06-25 21:00:00,43.38861644763409
srv-005,2017-06-25 22:00:00,43.38861644763409
srv-005,2017-06-25 23:00:00,43.38861644763409
srv-005,2017-06-26 00:00:00,43.38861644763409
srv-005,2017-06-26 01:00:00,43.38861644763409
srv-005,2017-06-26 02:00:00,43.38861644763409
srv-005,2017-06-26 03:00:00,43.38861644763409
srv-005,2017-06-26 04:00:00,43.38861644763409
srv-005,2017-06-26 05:00:00,43.38861644763409
srv-005,2017-06-26 06:00:00,43.38861644763409
srv-005,2017-06-26 07:00:00,43.38861644763409
srv-005,2017-06-26 08:00:00,43.38861644763409
srv-005,2017-06-26 09:00:00,43.38861644763409
srv-005,2017-06-26 10:00:00,43.38861644763409
srv-005,2017-06-26 11:00:00,43.38861644763409
srv-005,2017-06-26 12:00:00,43.38861644763409
srv-005,2017-06-26 13:00:00,43.38861644763409
srv-005,2017-06-26 14:00:00,43.38861644763409
srv-005,2017-06-26 15:00:00,43.38861644763409
srv-005,2017-06-26 16:00:00,43.38861644763409
srv-005,2017-06-26 17:00:00,43.38861644763409
srv-005,2017-06-26 18:00:00,43.38861644763409
srv-005,2017-06-26 19:00:00,43.38861644763409
srv-005,2017-06-26 20:00:00,43.38861644763409
srv-005,2017-06-26 21:00:00,43.38861644763409
srv-005,2017-06-26 22:00:00,43.38861644763409
srv-005,2017-06-26 23:00:00,43.38861644763409
srv-005,2017-06-27 00:00:00,43.38861644763409
srv-005,2017-06-27 01:00:00,43.38861644763409
srv-005,2017-06-27 02:00:00,43.38861644763409
srv-005,2017-06-27 03:00:00,43.38861644763409
srv-005,2017-06-27 04:00:00,43.38861644763409
srv-005,2017-06-27 05:00:00,43.38861644763409
srv-005,2017-06-27 06:00:00,43.38861644763409
srv-005,2017-06-27 07:00:00,43.38861644763409
srv-005,2017-06-27 08:00:00,43.38861644763409
srv-005,2017-06-27 09:00:00,43.38861644763409
srv-005,2017-06-27 10:00:00,43.38861644763409
srv-005,2017-06-27 11:00:00,43.38861644763409
srv-005,2017-06-27 12:00:00,43.38861644763409
srv-005,2017-06-27 13:00:00,43.38861644763409
srv-005,2017-06-27 14:00:00,43.38861644763409
srv-005,2017-06-27 15:00:00,43.38861644763409
srv-005,2017-06-27 16:00:00,43.38861644763409
srv-005,2017-06-27 17:00:00,43.38861644763409
srv-005,2017-06-27 18:00:00,43.38861644763409
srv-005,2017-06-27 19:00:00,43.38861644763409
srv-005,2017-06-27 20:00:00,43.38861644763409
srv-005,2017-06-27 21:00:00,43.38861644763409
srv-005,2017-06-27 22:00:00,43.38861644763409
srv-005,2017-06-27 23:00:00,43.38861644763409
srv-005,2017-06-28 00:00:00,43.38861644763409
srv-005,2017-06-28 01:00:00,43.38861644763409
srv-005,2017-06-28 02:00:00,43.38861644763409
srv-005,2017-06-28 03:00:00,43.38861644763409
srv-005,2017-06-28 04:00:00,43.38861644763409
srv-005,2017-06-28 05:00:00,43.38861644763409
srv-005,2017-06-28 06:00:00,43.38861644763409
srv-005,2017-06-28 07:00:00,43.38861644763409
srv-005,2017-06-28 08:00:00,43.38861644763409
srv-005,2017-06-28 09:00:00,43.38861644763409
srv-005,2017-06-28 10:00:00,43.38861644763409
srv-005,2017-06-28 11:00:00,43.38861644763409
srv-005,2017-06-28 12:00:00,43.38861644763409
srv-005,2017-06-28 13:00:00,43.38861644763409
srv-005,2017-06-28 14:00:00,43.38861644763409
srv-005,2017-06-28 15:00:00,43.38861644763409
srv-005,2017-06-28 16:00:00,43.38861644763409
srv-005,2017-06-28 17:00:00,43.38861644763409
srv-005,2017-06-28 18:00:00,43.38861644763409
srv-005,2017-06-28 19:00:00,43.38861644763409
srv-005,2017-06-28 20:00:00,43.38861644763409
srv-005,2017-06-28 21:00:00,43.38861644763409
srv-005,2017-06-28 22:00:00,43.38861644763409
srv-005,2017-06-28 23:00:00,43.38861644763409
srv-005,2017-06-29 00:00:00,43.38861644763409
srv-005,2017-06-29 01:00:00,43.38861644763409
srv-005,2017-06-29 02:00:00,43.38861644763409
srv-005,2017-06-29 03:00:00,43.38861644763409
srv-005,2017-06-29 04:00:00,43.38861644763409
srv-005,2017-06-29 05:00:00,43.38861644763409
srv-005,2017-06-29 06:00:00,43.38861644763409
srv-005,2017-06-29 07:00:00,43.38861644763409
srv-005,2017-06-29 08:00:00,43.38861644763409
srv-005,2017-06-29 09:00:00,43.38861644763409
srv-005,2017-06-29 10:00:00,43.38861644763409
srv-005,2017-06-29 11:00:00,43.38861644763409
srv-005,2017-06-29 12:00:00,43.38861644763409
srv-005,2017-06-29 13:00:00,43.38861644763409
srv-005,2017-06-29 14:00:00,43.38861644763409
srv-005,2017-06-29 15:00:00,43.38861644763409
srv-005,2017-06-29 16:00:00,43.38861644763409
srv-005,2017-06-29 17:00:00,43.38861644763409
srv-005,2017-06-29 18:00:00,43.38861644763409
srv-005,2017-06-29 19:00:00,43.38861644763409
srv-005,2017-06-29 20:00:00,43.38861644763409
srv-005,2017-06-29 21:00:00,43.38861644763409
srv-005,2017-06-29 22:00:00,43.38861644763409
srv-005,2017-06-29 23:00:00,43.38861644763409
srv-005,2017-06-30 00:00:00,43.38861644763409
srv-005,2017-06-30 01:00:00,43.38861644763409
srv-005,2017-06-30 02:00:00,43.38861644763409
srv-005,2017-06-30 03:00:00,43.38861644763409
srv-005,2017-06-30 04:00:00,43.38861644763409
srv-005,2017-06-30 05:00:00,43.38861644763409
srv-005,2017-06-30 06:00:00,43.38861644763409
srv-005,2017-06-30 07:00:00,43.38861644763409
srv-005,2017-06-30 08:00:00,43.38861644763409
srv-005,2017-06-30 09:00:00,43.38861644763409
srv-005,2017-06-30 10:00:00,43.38861644763409
srv-005,2017-06-30 11:00:00,43.38861644763409
srv-005,2017-06-30 12:00:00,43.38861644763409
srv-005,2017-06-30 13:00:00,43.38861644763409
srv-005,2017-06-30 14:00:00,43.38861644763409
srv-005,2017-06-30 15:00:00,43.38861644763409
srv-005,2017-06-30 16:00:00,43.38861644763409
srv-005,2017-06-30 17:00:00,43.38861644763409
srv-005,2017-06-30 18:00:00,43.38861644763409
srv-005,2017-06-30 19:00:00,43.38861644763409
srv-005,2017-06-30 20:00:00,43.38861644763409
srv-005,2017-06-30 21:00:00,43.38861644763409
srv-005,2017-06-30 22:00:00,43.38861644763409
srv-005,2017-06-30 23:00:00,43.38861644763409
srv-006,2017-06-01 23:00:00,90.58562078073821
srv-006,2017-06-02 00:00:00,90.81888952022986
srv-006,2017-06-02 01:00:00,90.80722648868598
srv-006,2017-06-02 02:00:00,90.81331048082217
srv-006,2017-06-02 03:00:00,90.82900503521296
srv-006,2017-06-02 04:00:00,90.83994012028167
srv-006,2017-06-02 05:00:00,90.8479903043096
srv-006,2017-06-02 06:00:00,90.85445612517289
srv-006,2017-06-02 07:00:00,90.85958605151944
srv-006,2017-06-02 08:00:00,90.86362508624266
srv-006,2017-06-02 09:00:00,90.8668103935718
srv-006,2017-06-02 10:00:00,90.86932400628231
srv-006,2017-06-02 11:00:00,90.87130717907002
srv-006,2017-06-02 12:00:00,90.87287177399878
srv-006,2017-06-02 13:00:00,90.87410616485201
srv-006,2017-06-02 14:00:00,90.87508004356877
srv-006,2017-06-02 15:00:00,90.87584838821029
srv-006,2017-06-02 16:00:00,90.87645457600301
srv-006,2017-06-02 17:00:00,90.87693282977607
srv-006,2017-06-02 18:00:00,90.877310149601
srv-006,2017-06-02 19:00:00,90.87760783726223
srv-006,2017-06-02 20:00:00,90.87784269887801
srv-006,2017-06-02 21:00:00,90.87802799368819
srv-006,2017-06-02 22:00:00,90.87817418261122
srv-006,2017-06-02 23:00:00,90.87828951882162
srv-006,2017-06-03 00:00:00,90.87838051368739
srv-006,2017-06-03 01:00:00,90.8784523043728
srv-006,2017-06-03 02:00:00,90.87850894385974
srv-006,2017-06-03 03:00:00,90.87855362976103
srv-006,2017-06-03 04:00:00,90.87858888484332
srv-006,2017-06-03 05:00:00,90.87861669945134
srv-006,2017-06-03 06:00:00,90.87863864387377
srv-006,2017-06-03 07:00:00,90.87865595699483
srv-006,2017-06-03 08:00:00,90.87866961623612
srv-006,2017-06-03 09:00:00,90.87868039273748
srv-006,2017-06-03 10:00:00,90.87868889489211
srv-006,2017-06-03 11:00:00,90.87869560269372
srv-006,2017-06-03 12:00:00,90.8787008948349
srv-006,2017-06-03 13:00:00,90.87870507008633
srv-006,2017-06-03 14:00:00,90.87870836416405
srv-006,2017-06-03 15:00:00,90.87871096303704
srv-006,2017-06-03 16:00:00,90.87871301342605
srv-006,2017-06-03 17:00:00,90.87871463108691
srv-006,2017-06-03 18:00:00,90.87871590734552
srv-006,2017-06-03 19:00:00,90.87871691425377
srv-006,2017-06-03 20:00:00,90.8787177086572
srv-006,2017-06-03 21:00:00,90.87871833540429
srv-006,2017-06-03 22:00:00,90.87871882987837
srv-006,2017-06-03 23:00:00,90.87871921999525
srv-006,2017-06-04 00:00:00,90.87871952777918
srv-006,2017-06-04 01:00:00,90.8787197706063
srv-006,2017-06-04 02:00:00,90.8787199621855
srv-006,2017-06-04 03:00:00,90.87872011333252
srv-006,2017-06-04 04:00:00,90.87872023258043
srv-006,2017-06-04 05:00:00,90.87872032666145
srv-006,2017-06-04 06:00:00,90.87872040088696
srv-006,2017-06-04 07:00:00,90.87872045944742
srv-006,2017-06-04 08:00:00,90.87872050564887
srv-006,2017-06-04 09:00:00,90.87872054209966
srv-006,2017-06-04 10:00:00,90.87872057085761
srv-006,2017-06-04 11:00:00,90.87872059354629
srv-006,2017-06-04 12:00:00,90.8787206114466
srv-006,2017-06-04 13:00:00,90.8787206255691
srv-006,2017-06-04 14:00:00,90.8787206367111
srv-006,2017-06-04 15:00:00,90.8787206455016
srv-006,2017-06-04 16:00:00,90.8787206524369
srv-006,2017-06-04 17:00:00,90.87872065790853
srv-006,2017-06-04 18:00:00,90.87872066222539
srv-006,2017-06-04 19:00:00,90.87872066563119
srv-006,2017-06-04 20:00:00,90.87872066831821
srv-006,2017-06-04 21:00:00,90.87872067043814
srv-006,2017-06-04 22:00:00,90.87872067211066
srv-006,2017-06-04 23:00:00,90.87872067343021
srv-006,2017-06-05 00:00:00,90.87872067447127
srv-006,2017-06-05 01:00:00,90.87872067529261
srv-006,2017-06-05 02:00:00,90.87872067594061
srv-006,2017-06-05 03:00:00,90.87872067645186
srv-006,2017-06-05 04:00:00,90.87872067685521
srv-006,2017-06-05 05:00:00,90.87872067717343
srv-006,2017-06-05 06:00:00,90.8787206774245
srv-006,2017-06-05 07:00:00,90.87872067762257
srv-006,2017-06-05 08:00:00,90.87872067777884
srv-006,2017-06-05 09:00:00,90.87872067790214
srv-006,2017-06-05 10:00:00,90.87872067799941
srv-006,2017-06-05 11:00:00,90.87872067807615
srv-006,2017-06-05 12:00:00,90.8787206781367
srv-006,2017-06-05 13:00:00,90.87872067818446
srv-006,2017-06-05 14:00:00,90.87872067822215
srv-006,2017-06-05 15:00:00,90.87872067825188
srv-006,2017-06-05 16:00:00,90.87872067827534
srv-006,2017-06-05 17:00:00,90.87872067829385
srv-006,2017-06-05 18:00:00,90.87872067830844
srv-006,2017-06-05 19:00:00,90.87872067831997
srv-006,2017-06-05 20:00:00,90.87872067832906
srv-006,2017-06-05 21:00:00,90.87872067833624
srv-006,2017-06-05 22:00:00,90.87872067834189
srv-006,2017-06-05 23:00:00,90.87872067834635
srv-006,2017-06-06 00:00:00,90.87872067834988
srv-006,2017-06-06 01:00:00,90.87872067835265
srv-006,2017-06-06 02:00:00,90.87872067835484
srv-006,2017-06-06 03:00:00,90.87872067835657
srv-006,2017-06-06 04:00:00,90.87872067835794
srv-006,2017-06-06 05:00:00,90.87872067835902
srv-006,2017-06-06 06:00:00,90.87872067835987
srv-006,2017-06-06 07:00:00,90.87872067836054
srv-006,2017-06-06 08:00:00,90.87872067836106
srv-006,2017-06-06 09:00:00,90.87872067836147
srv-006,2017-06-06 10:00:00,90.8787206783618
srv-006,2017-06-06 11:00:00,90.87872067836206
srv-006,2017-06-06 12:00:00,90.87872067836226
srv-006,2017-06-06 13:00:00,90.87872067836241
srv-006,2017-06-06 14:00:00,90.87872067836254
srv-006,2017-06-06 15:00:00,90.87872067836264
srv-006,2017-06-06 16:00:00,90.87872067836273
srv-006,2017-06-06 17:00:00,90.87872067836278
srv-006,2017-06-06 18:00:00,90.87872067836282
srv-006,2017-06-06 19:00:00,90.87872067836287
srv-006,2017-06-06 20:00:00,90.8787206783629
srv-006,2017-06-06 21:00:00,90.87872067836292
srv-006,2017-06-06 22:00:00,90.87872067836294
srv-006,2017-06-06 23:00:00,90.87872067836295
srv-006,2017-06-07 00:00:00,90.87872067836297
srv-006,2017-06-07 01:00:00,90.87872067836298
srv-006,2017-06-07 02:00:00,90.878720678363
srv-006,2017-06-07 03:00:00,90.878720678363
srv-006,2017-06-07 04:00:00,90.878720678363
srv-006,2017-06-07 05:00:00,90.878720678363
srv-006,2017-06-07 06:00:00,90.878720678363
srv-006,2017-06-07 07:00:00,90.878720678363
srv-006,2017-06-07 08:00:00,90.878720678363
srv-006,2017-06-07 09:00:00,90.878720678363
srv-006,2017-06-07 10:00:00,90.878720678363
srv-006,2017-06-07 11:00:00,90.878720678363
srv-006,2017-06-07 12:00:00,90.878720678363
srv-006,2017-06-07 13:00:00,90.878720678363
srv-006,2017-06-07 14:00:00,90.878720678363
srv-006,2017-06-07 15:00:00,90.878720678363
srv-006,2017-06-07 16:00:00,90.878720678363
srv-006,2017-06-07 17:00:00,90.878720678363
srv-006,2017-06-07 18:00:00,90.878720678363
srv-006,2017-06-07 19:00:00,90.878720678363
srv-006,2017-06-07 20:00:00,90.878720678363
srv-006,2017-06-07 21:00:00,90.878720678363
srv-006,2017-06-07 22:00:00,90.878720678363
srv-006,2017-06-07 23:00:00,90.878720678363
srv-006,2017-06-08 00:00:00,90.878720678363
srv-006,2017-06-08 01:00:00,90.878720678363
srv-006,2017-06-08 02:00:00,90.878720678363
srv-006,2017-06-08 03:00:00,90.878720678363
srv-006,2017-06-08 04:00:00,90.878720678363
srv-006,2017-06-08 05:00:00,90.878720678363
srv-006,2017-06-08 06:00:00,90.878720678363
srv-006,2017-06-08 07:00:00,90.878720678363
srv-006,2017-06-08 08:00:00,90.878720678363
srv-006,2017-06-08 09:00:00,90.878720678363
srv-006,2017-06-08 10:00:00,90.878720678363
srv-006,2017-06-08 11:00:00,90.878720678363
srv-006,2017-06-08 12:00:00,90.878720678363
srv-006,2017-06-08 13:00:00,90.878720678363
srv-006,2017-06-08 14:00:00,90.878720678363
srv-006,2017-06-08 15:00:00,90.878720678363
srv-006,2017-06-08 16:00:00,90.878720678363
srv-006,2017-06-08 17:00:00,90.878720678363
srv-006,2017-06-08 18:00:00,90.878720678363
srv-006,2017-06-08 19:00:00,90.878720678363
srv-006,2017-06-08 20:00:00,90.878720678363
srv-006,2017-06-08 21:00:00,90.878720678363
srv-006,2017-06-08 22:00:00,90.878720678363
srv-006,2017-06-08 23:00:00,90.878720678363
srv-006,2017-06-09 00:00:00,90.878720678363
srv-006,2017-06-09 01:00:00,90.878720678363
srv-006,2017-06-09 02:00:00,90.878720678363
srv-006,2017-06-09 03:00:00,90.878720678363
srv-006,2017-06-09 04:00:00,90.878720678363
srv-006,2017-06-09 05:00:00,90.878720678363
srv-006,2017-06-09 06:00:00,90.878720678363
srv-006,2017-06-09 07:00:00,90.878720678363
srv-006,2017-06-09 08:00:00,90.878720678363
srv-006,2017-06-09 09:00:00,90.878720678363
srv-006,2017-06-09 10:00:00,90.878720678363
srv-006,2017-06-09 11:00:00,90.878720678363
srv-006,2017-06-09 12:00:00,90.878720678363
srv-006,2017-06-09 13:00:00,90.878720678363
srv-006,2017-06-09 14:00:00,90.878720678363
srv-006,2017-06-09 15:00:00,90.878720678363
srv-006,2017-06-09 16:00:00,90.878720678363
srv-006,2017-06-09 17:00:00,90.878720678363
srv-006,2017-06-09 18:00:00,90.878720678363
srv-006,2017-06-09 19:00:00,90.878720678363
srv-006,2017-06-09 20:00:00,90.878720678363
srv-006,2017-06-09 21:00:00,90.878720678363
srv-006,2017-06-09 22:00:00,90.878720678363
srv-006,2017-06-09 23:00:00,90.878720678363
srv-006,2017-06-10 00:00:00,90.878720678363
srv-006,2017-06-10 01:00:00,90.878720678363
srv-006,2017-06-10 02:00:00,90.878720678363
srv-006,2017-06-10 03:00:00,90.878720678363
srv-006,2017-06-10 04:00:00,90.878720678363
srv-006,2017-06-10 05:00:00,90.878720678363
srv-006,2017-06-10 06:00:00,90.878720678363
srv-006,2017-06-10 07:00:00,90.878720678363
srv-006,2017-06-10 08:00:00,90.878720678363
srv-006,2017-06-10 09:00:00,90.878720678363
srv-006,2017-06-10 10:00:00,90.878720678363
srv-006,2017-06-10 11:00:00,90.878720678363
srv-006,2017-06-10 12:00:00,90.878720678363
srv-006,2017-06-10 13:00:00,90.878720678363
srv-006,2017-06-10 14:00:00,90.878720678363
srv-006,2017-06-10 15:00:00,90.878720678363
srv-006,2017-06-10 16:00:00,90.878720678363
srv-006,2017-06-10 17:00:00,90.878720678363
srv-006,2017-06-10 18:00:00,90.878720678363
srv-006,2017-06-10 19:00:00,90.878720678363
srv-006,2017-06-10 20:00:00,90.878720678363
srv-006,2017-06-10 21:00:00,90.878720678363
srv-006,2017-06-10 22:00:00,90.878720678363
srv-006,2017-06-10 23:00:00,90.878720678363
srv-006,2017-06-11 00:00:00,90.878720678363
srv-006,2017-06-11 01:00:00,90.878720678363
srv-006,2017-06-11 02:00:00,90.878720678363
srv-006,2017-06-11 03:00:00,90.878720678363
srv-006,2017-06-11 04:00:00,90.878720678363
srv-006,2017-06-11 05:00:00,90.878720678363
srv-006,2017-06-11 06:00:00,90.878720678363
srv-006,2017-06-11 07:00:00,90.878720678363
srv-006,2017-06-11 08:00:00,90.878720678363
srv-006,2017-06-11 09:00:00,90.878720678363
srv-006,2017-06-11 10:00:00,90.878720678363
srv-006,2017-06-11 11:00:00,90.878720678363
srv-006,2017-06-11 12:00:00,90.878720678363
srv-006,2017-06-11 13:00:00,90.878720678363
srv-006,2017-06-11 14:00:00,90.878720678363
srv-006,2017-06-11 15:00:00,90.878720678363
srv-006,2017-06-11 16:00:00,90.878720678363
srv-006,2017-06-11 17:00:00,90.878720678363
srv-006,2017-06-11 18:00:00,90.878720678363
srv-006,2017-06-11 19:00:00,90.878720678363
srv-006,2017-06-11 20:00:00,90.878720678363
srv-006,2017-06-11 21:00:00,90.878720678363
srv-006,2017-06-11 22:00:00,90.878720678363
srv-006,2017-06-11 23:00:00,90.878720678363
srv-006,2017-06-12 00:00:00,90.878720678363
srv-006,2017-06-12 01:00:00,90.878720678363
srv-006,2017-06-12 02:00:00,90.878720678363
srv-006,2017-06-12 03:00:00,90.878720678363
srv-006,2017-06-12 04:00:00,90.878720678363
srv-006,2017-06-12 05:00:00,90.878720678363
srv-006,2017-06-12 06:00:00,90.878720678363
srv-006,2017-06-12 07:00:00,90.878720678363
srv-006,2017-06-12 08:00:00,90.878720678363
srv-006,2017-06-12 09:00:00,90.878720678363
srv-006,2017-06-12 10:00:00,90.878720678363
srv-006,2017-06-12 11:00:00,90.878720678363
srv-006,2017-06-12 12:00:00,90.878720678363
srv-006,2017-06-12 13:00:00,90.878720678363
srv-006,2017-06-12 14:00:00,90.878720678363
srv-006,2017-06-12 15:00:00,90.878720678363
srv-006,2017-06-12 16:00:00,90.878720678363
srv-006,2017-06-12 17:00:00,90.878720678363
srv-006,2017-06-12 18:00:00,90.878720678363
srv-006,2017-06-12 19:00:00,90.878720678363
srv-006,2017-06-12 20:00:00,90.878720678363
srv-006,2017-06-12 21:00:00,90.878720678363
srv-006,2017-06-12 22:00:00,90.878720678363
srv-006,2017-06-12 23:00:00,90.878720678363
srv-006,2017-06-13 00:00:00,90.878720678363
srv-006,2017-06-13 01:00:00,90.878720678363
srv-006,2017-06-13 02:00:00,90.878720678363
srv-006,2017-06-13 03:00:00,90.878720678363
srv-006,2017-06-13 04:00:00,90.878720678363
srv-006,2017-06-13 05:00:00,90.878720678363
srv-006,2017-06-13 06:00:00,90.878720678363
srv-006,2017-06-13 07:00:00,90.878720678363
srv-006,2017-06-13 08:00:00,90.878720678363
srv-006,2017-06-13 09:00:00,90.878720678363
srv-006,2017-06-13 10:00:00,90.878720678363
srv-006,2017-06-13 11:00:00,90.878720678363
srv-006,2017-06-13 12:00:00,90.878720678363
srv-006,2017-06-13 13:00:00,90.878720678363
srv-006,2017-06-13 14:00:00,90.878720678363
srv-006,2017-06-13 15:00:00,90.878720678363
srv-006,2017-06-13 16:00:00,90.878720678363
srv-006,2017-06-13 17:00:00,90.878720678363
srv-006,2017-06-13 18:00:00,90.878720678363
srv-006,2017-06-13 19:00:00,90.878720678363
srv-006,2017-06-13 20:00:00,90.878720678363
srv-006,2017-06-13 21:00:00,90.878720678363
srv-006,2017-06-13 22:00:00,90.878720678363
srv-006,2017-06-13 23:00:00,90.878720678363
srv-006,2017-06-14 00:00:00,90.878720678363
srv-006,2017-06-14 01:00:00,90.878720678363
srv-006,2017-06-14 02:00:00,90.878720678363
srv-006,2017-06-14 03:00:00,90.878720678363
srv-006,2017-06-14 04:00:00,90.878720678363
srv-006,2017-06-14 05:00:00,90.878720678363
srv-006,2017-06-14 06:00:00,90.878720678363
srv-006,2017-06-14 07:00:00,90.878720678363
srv-006,2017-06-14 08:00:00,90.878720678363
srv-006,2017-06-14 09:00:00,90.878720678363
srv-006,2017-06-14 10:00:00,90.878720678363
srv-006,2017-06-14 11:00:00,90.878720678363
srv-006,2017-06-14 12:00:00,90.878720678363
srv-006,2017-06-14 13:00:00,90.878720678363
srv-006,2017-06-14 14:00:00,90.878720678363
srv-006,2017-06-14 15:00:00,90.878720678363
srv-006,2017-06-14 16:00:00,90.878720678363
srv-006,2017-06-14 17:00:00,90.878720678363
srv-006,2017-06-14 18:00:00,90.878720678363
srv-006,2017-06-14 19:00:00,90.878720678363
srv-006,2017-06-14 20:00:00,90.878720678363
srv-006,2017-06-14 21:00:00,90.878720678363
srv-006,2017-06-14 22:00:00,90.878720678363
srv-006,2017-06-14 23:00:00,90.878720678363
srv-006,2017-06-15 00:00:00,90.878720678363
srv-006,2017-06-15 01:00:00,90.878720678363
srv-006,2017-06-15 02:00:00,90.878720678363
srv-006,2017-06-15 03:00:00,90.878720678363
srv-006,2017-06-15 04:00:00,90.878720678363
srv-006,2017-06-15 05:00:00,90.878720678363
srv-006,2017-06-15 06:00:00,90.878720678363
srv-006,2017-06-15 07:00:00,90.878720678363
srv-006,2017-06-15 08:00:00,90.878720678363
srv-006,2017-06-15 09:00:00,90.878720678363
srv-006,2017-06-15 10:00:00,90.878720678363
srv-006,2017-06-15 11:00:00,90.878720678363
srv-006,2017-06-15 12:00:00,90.878720678363
srv-006,2017-06-15 13:00:00,90.878720678363
srv-006,2017-06-15 14:00:00,90.878720678363
srv-006,2017-06-15 15:00:00,90.878720678363
srv-006,2017-06-15 16:00:00,90.878720678363
srv-006,2017-06-15 17:00:00,90.878720678363
srv-006,2017-06-15 18:00:00,90.878720678363
srv-006,2017-06-15 19:00:00,90.878720678363
srv-006,2017-06-15 20:00:00,90.878720678363
srv-006,2017-06-15 21:00:00,90.878720678363
srv-006,2017-06-15 22:00:00,90.878720678363
srv-006,2017-06-15 23:00:00,90.878720678363
srv-006,2017-06-16 00:00:00,90.878720678363
srv-006,2017-06-16 01:00:00,90.878720678363
srv-006,2017-06-16 02:00:00,90.878720678363
srv-006,2017-06-16 03:00:00,90.878720678363
srv-006,2017-06-16 04:00:00,90.878720678363
srv-006,2017-06-16 05:00:00,90.878720678363
srv-006,2017-06-16 06:00:00,90.878720678363
srv-006,2017-06-16 07:00:00,90.878720678363
srv-006,2017-06-16 08:00:00,90.878720678363
srv-006,2017-06-16 09:00:00,90.878720678363
srv-006,2017-06-16 10:00:00,90.878720678363
srv-006,2017-06-16 11:00:00,90.878720678363
srv-006,2017-06-16 12:00:00,90.878720678363
srv-006,2017-06-16 13:00:00,90.878720678363
srv-006,2017-06-16 14:00:00,90.878720678363
srv-006,2017-06-16 15:00:00,90.878720678363
srv-006,2017-06-16 16:00:00,90.878720678363
srv-006,2017-06-16 17:00:00,90.878720678363
srv-006,2017-06-16 18:00:00,90.878720678363
srv-006,2017-06-16 19:00:00,90.878720678363
srv-006,2017-06-16 20:00:00,90.878720678363
srv-006,2017-06-16 21:00:00,90.878720678363
srv-006,2017-06-16 22:00:00,90.878720678363
srv-006,2017-06-16 23:00:00,90.878720678363
srv-006,2017-06-17 00:00:00,90.878720678363
srv-006,2017-06-17 01:00:00,90.878720678363
srv-006,2017-06-17 02:00:00,90.878720678363
srv-006,2017-06-17 03:00:00,90.878720678363
srv-006,2017-06-17 04:00:00,90.878720678363
srv-006,2017-06-17 05:00:00,90.878720678363
srv-006,2017-06-17 06:00:00,90.878720678363
srv-006,2017-06-17 07:00:00,90.878720678363
srv-006,2017-06-17 08:00:00,90.878720678363
srv-006,2017-06-17 09:00:00,90.878720678363
srv-006,2017-06-17 10:00:00,90.878720678363
srv-006,2017-06-17 11:00:00,90.878720678363
srv-006,2017-06-17 12:00:00,90.878720678363
srv-006,2017-06-17 13:00:00,90.878720678363
srv-006,2017-06-17 14:00:00,90.878720678363
srv-006,2017-06-17 15:00:00,90.878720678363
srv-006,2017-06-17 16:00:00,90.878720678363
srv-006,2017-06-17 17:00:00,90.878720678363
srv-006,2017-06-17 18:00:00,90.878720678363
srv-006,2017-06-17 19:00:00,90.878720678363
srv-006,2017-06-17 20:00:00,90.878720678363
srv-006,2017-06-17 21:00:00,90.878720678363
srv-006,2017-06-17 22:00:00,90.878720678363
srv-006,2017-06-17 23:00:00,90.878720678363
srv-006,2017-06-18 00:00:00,90.878720678363
srv-006,2017-06-18 01:00:00,90.878720678363
srv-006,2017-06-18 02:00:00,90.878720678363
srv-006,2017-06-18 03:00:00,90.878720678363
srv-006,2017-06-18 04:00:00,90.878720678363
srv-006,2017-06-18 05:00:00,90.878720678363
srv-006,2017-06-18 06:00:00,90.878720678363
srv-006,2017-06-18 07:00:00,90.878720678363
srv-006,2017-06-18 08:00:00,90.878720678363
srv-006,2017-06-18 09:00:00,90.878720678363
srv-006,2017-06-18 10:00:00,90.878720678363
srv-006,2017-06-18 11:00:00,90.878720678363
srv-006,2017-06-18 12:00:00,90.878720678363
srv-006,2017-06-18 13:00:00,90.878720678363
srv-006,2017-06-18 14:00:00,90.878720678363
srv-006,2017-06-18 15:00:00,90.878720678363
srv-006,2017-06-18 16:00:00,90.878720678363
srv-006,2017-06-18 17:00:00,90.878720678363
srv-006,2017-06-18 18:00:00,90.878720678363
srv-006,2017-06-18 19:00:00,90.878720678363
srv-006,2017-06-18 20:00:00,90.878720678363
srv-006,2017-06-18 21:00:00,90.878720678363
srv-006,2017-06-18 22:00:00,90.878720678363
srv-006,2017-06-18 23:00:00,90.878720678363
srv-006,2017-06-19 00:00:00,90.878720678363
srv-006,2017-06-19 01:00:00,90.878720678363
srv-006,2017-06-19 02:00:00,90.878720678363
srv-006,2017-06-19 03:00:00,90.878720678363
srv-006,2017-06-19 04:00:00,90.878720678363
srv-006,2017-06-19 05:00:00,90.878720678363
srv-006,2017-06-19 06:00:00,90.878720678363
srv-006,2017-06-19 07:00:00,90.878720678363
srv-006,2017-06-19 08:00:00,90.878720678363
srv-006,2017-06-19 09:00:00,90.878720678363
srv-006,2017-06-19 10:00:00,90.878720678363
srv-006,2017-06-19 11:00:00,90.878720678363
srv-006,2017-06-19 12:00:00,90.878720678363
srv-006,2017-06-19 13:00:00,90.878720678363
srv-006,2017-06-19 14:00:00,90.878720678363
srv-006,2017-06-19 15:00:00,90.878720678363
srv-006,2017-06-19 16:00:00,90.878720678363
srv-006,2017-06-19 17:00:00,90.878720678363
srv-006,2017-06-19 18:00:00,90.878720678363
srv-006,2017-06-19 19:00:00,90.878720678363
srv-006,2017-06-19 20:00:00,90.878720678363
srv-006,2017-06-19 21:00:00,90.878720678363
srv-006,2017-06-19 22:00:00,90.878720678363
srv-006,2017-06-19 23:00:00,90.878720678363
srv-006,2017-06-20 00:00:00,90.878720678363
srv-006,2017-06-20 01:00:00,90.878720678363
srv-006,2017-06-20 02:00:00,90.878720678363
srv-006,2017-06-20 03:00:00,90.878720678363
srv-006,2017-06-20 04:00:00,90.878720678363
srv-006,2017-06-20 05:00:00,90.878720678363
srv-006,2017-06-20 06:00:00,90.878720678363
srv-006,2017-06-20 07:00:00,90.878720678363
srv-006,2017-06-20 08:00:00,90.878720678363
srv-006,2017-06-20 09:00:00,90.878720678363
srv-006,2017-06-20 10:00:00,90.878720678363
srv-006,2017-06-20 11:00:00,90.878720678363
srv-006,2017-06-20 12:00:00,90.878720678363
srv-006,2017-06-20 13:00:00,90.878720678363
srv-006,2017-06-20 14:00:00,90.878720678363
srv-006,2017-06-20 15:00:00,90.878720678363
srv-006,2017-06-20 16:00:00,90.878720678363
srv-006,2017-06-20 17:00:00,90.878720678363
srv-006,2017-06-20 18:00:00,90.878720678363
srv-006,2017-06-20 19:00:00,90.878720678363
srv-006,2017-06-20 20:00:00,90.878720678363
srv-006,2017-06-20 21:00:00,90.878720678363
srv-006,2017-06-20 22:00:00,90.878720678363
srv-006,2017-06-20 23:00:00,90.878720678363
srv-006,2017-06-21 00:00:00,90.878720678363
srv-006,2017-06-21 01:00:00,90.878720678363
srv-006,2017-06-21 02:00:00,90.878720678363
srv-006,2017-06-21 03:00:00,90.878720678363
srv-006,2017-06-21 04:00:00,90.878720678363
srv-006,2017-06-21 05:00:00,90.878720678363
srv-006,2017-06-21 06:00:00,90.878720678363
srv-006,2017-06-21 07:00:00,90.878720678363
srv-006,2017-06-21 08:00:00,90.878720678363
srv-006,2017-06-21 09:00:00,90.878720678363
srv-006,2017-06-21 10:00:00,90.878720678363
srv-006,2017-06-21 11:00:00,90.878720678363
srv-006,2017-06-21 12:00:00,90.878720678363
srv-006,2017-06-21 13:00:00,90.878720678363
srv-006,2017-06-21 14:00:00,90.878720678363
srv-006,2017-06-21 15:00:00,90.878720678363
srv-006,2017-06-21 16:00:00,90.878720678363
srv-006,2017-06-21 17:00:00,90.878720678363
srv-006,2017-06-21 18:00:00,90.878720678363
srv-006,2017-06-21 19:00:00,90.878720678363
srv-006,2017-06-21 20:00:00,90.878720678363
srv-006,2017-06-21 21:00:00,90.878720678363
srv-006,2017-06-21 22:00:00,90.878720678363
srv-006,2017-06-21 23:00:00,90.878720678363
srv-006,2017-06-22 00:00:00,90.878720678363
srv-006,2017-06-22 01:00:00,90.878720678363
srv-006,2017-06-22 02:00:00,90.878720678363
srv-006,2017-06-22 03:00:00,90.878720678363
srv-006,2017-06-22 04:00:00,90.878720678363
srv-006,2017-06-22 05:00:00,90.878720678363
srv-006,2017-06-22 06:00:00,90.878720678363
srv-006,2017-06-22 07:00:00,90.878720678363
srv-006,2017-06-22 08:00:00,90.878720678363
srv-006,2017-06-22 09:00:00,90.878720678363
srv-006,2017-06-22 10:00:00,90.878720678363
srv-006,2017-06-22 11:00:00,90.878720678363
srv-006,2017-06-22 12:00:00,90.878720678363
srv-006,2017-06-22 13:00:00,90.878720678363
srv-006,2017-06-22 14:00:00,90.878720678363
srv-006,2017-06-22 15:00:00,90.878720678363
srv-006,2017-06-22 16:00:00,90.878720678363
srv-006,2017-06-22 17:00:00,90.878720678363
srv-006,2017-06-22 18:00:00,90.878720678363
srv-006,2017-06-22 19:00:00,90.878720678363
srv-006,2017-06-22 20:00:00,90.878720678363
srv-006,2017-06-22 21:00:00,90.878720678363
srv-006,2017-06-22 22:00:00,90.878720678363
srv-006,2017-06-22 23:00:00,90.878720678363
srv-006,2017-06-23 00:00:00,90.878720678363
srv-006,2017-06-23 01:00:00,90.878720678363
srv-006,2017-06-23 02:00:00,90.878720678363
srv-006,2017-06-23 03:00:00,90.878720678363
srv-006,2017-06-23 04:00:00,90.878720678363
srv-006,2017-06-23 05:00:00,90.878720678363
srv-006,2017-06-23 06:00:00,90.878720678363
srv-006,2017-06-23 07:00:00,90.878720678363
srv-006,2017-06-23 08:00:00,90.878720678363
srv-006,2017-06-23 09:00:00,90.878720678363
srv-006,2017-06-23 10:00:00,90.878720678363
srv-006,2017-06-23 11:00:00,90.878720678363
srv-006,2017-06-23 12:00:00,90.878720678363
srv-006,2017-06-23 13:00:00,90.878720678363
srv-006,2017-06-23 14:00:00,90.878720678363
srv-006,2017-06-23 15:00:00,90.878720678363
srv-006,2017-06-23 16:00:00,90.878720678363
srv-006,2017-06-23 17:00:00,90.878720678363
srv-006,2017-06-23 18:00:00,90.878720678363
srv-006,2017-06-23 19:00:00,90.878720678363
srv-006,2017-06-23 20:00:00,90.878720678363
srv-006,2017-06-23 21:00:00,90.878720678363
srv-006,2017-06-23 22:00:00,90.878720678363
srv-006,2017-06-23 23:00:00,90.878720678363
srv-006,2017-06-24 00:00:00,90.878720678363
srv-006,2017-06-24 01:00:00,90.878720678363
srv-006,2017-06-24 02:00:00,90.878720678363
srv-006,2017-06-24 03:00:00,90.878720678363
srv-006,2017-06-24 04:00:00,90.878720678363
srv-006,2017-06-24 05:00:00,90.878720678363
srv-006,2017-06-24 06:00:00,90.878720678363
srv-006,2017-06-24 07:00:00,90.878720678363
srv-006,2017-06-24 08:00:00,90.878720678363
srv-006,2017-06-24 09:00:00,90.878720678363
srv-006,2017-06-24 10:00:00,90.878720678363
srv-006,2017-06-24 11:00:00,90.878720678363
srv-006,2017-06-24 12:00:00,90.878720678363
srv-006,2017-06-24 13:00:00,90.878720678363
srv-006,2017-06-24 14:00:00,90.878720678363
srv-006,2017-06-24 15:00:00,90.878720678363
srv-006,2017-06-24 16:00:00,90.878720678363
srv-006,2017-06-24 17:00:00,90.878720678363
srv-006,2017-06-24 18:00:00,90.878720678363
srv-006,2017-06-24 19:00:00,90.878720678363
srv-006,2017-06-24 20:00:00,90.878720678363
srv-006,2017-06-24 21:00:00,90.878720678363
srv-006,2017-06-24 22:00:00,90.878720678363
srv-006,2017-06-24 23:00:00,90.878720678363
srv-006,2017-06-25 00:00:00,90.878720678363
srv-006,2017-06-25 01:00:00,90.878720678363
srv-006,2017-06-25 02:00:00,90.878720678363
srv-006,2017-06-25 03:00:00,90.878720678363
srv-006,2017-06-25 04:00:00,90.878720678363
srv-006,2017-06-25 05:00:00,90.878720678363
srv-006,2017-06-25 06:00:00,90.878720678363
srv-006,2017-06-25 07:00:00,90.878720678363
srv-006,2017-06-25 08:00:00,90.878720678363
srv-006,2017-06-25 09:00:00,90.878720678363
srv-006,2017-06-25 10:00:00,90.878720678363
srv-006,2017-06-25 11:00:00,90.878720678363
srv-006,2017-06-25 12:00:00,90.878720678363
srv-006,2017-06-25 13:00:00,90.878720678363
srv-006,2017-06-25 14:00:00,90.878720678363
srv-006,2017-06-25 15:00:00,90.878720678363
srv-006,2017-06-25 16:00:00,90.878720678363
srv-006,2017-06-25 17:00:00,90.878720678363
srv-006,2017-06-25 18:00:00,90.878720678363
srv-006,2017-06-25 19:00:00,90.878720678363
srv-006,2017-06-25 20:00:00,90.878720678363
srv-006,2017-06-25 21:00:00,90.878720678363
srv-006,2017-06-25 22:00:00,90.878720678363
srv-006,2017-06-25 23:00:00,90.878720678363
srv-006,2017-06-26 00:00:00,90.878720678363
srv-006,2017-06-26 01:00:00,90.878720678363
srv-006,2017-06-26 02:00:00,90.878720678363
srv-006,2017-06-26 03:00:00,90.878720678363
srv-006,2017-06-26 04:00:00,90.878720678363
srv-006,2017-06-26 05:00:00,90.878720678363
srv-006,2017-06-26 06:00:00,90.878720678363
srv-006,2017-06-26 07:00:00,90.878720678363
srv-006,2017-06-26 08:00:00,90.878720678363
srv-006,2017-06-26 09:00:00,90.878720678363
srv-006,2017-06-26 10:00:00,90.878720678363
srv-006,2017-06-26 11:00:00,90.878720678363
srv-006,2017-06-26 12:00:00,90.878720678363
srv-006,2017-06-26 13:00:00,90.878720678363
srv-006,2017-06-26 14:00:00,90.878720678363
srv-006,2017-06-26 15:00:00,90.878720678363
srv-006,2017-06-26 16:00:00,90.878720678363
srv-006,2017-06-26 17:00:00,90.878720678363
srv-006,2017-06-26 18:00:00,90.878720678363
srv-006,2017-06-26 19:00:00,90.878720678363
srv-006,2017-06-26 20:00:00,90.878720678363
srv-006,2017-06-26 21:00:00,90.878720678363
srv-006,2017-06-26 22:00:00,90.878720678363
srv-006,2017-06-26 23:00:00,90.878720678363
srv-006,2017-06-27 00:00:00,90.878720678363
srv-006,2017-06-27 01:00:00,90.878720678363
srv-006,2017-06-27 02:00:00,90.878720678363
srv-006,2017-06-27 03:00:00,90.878720678363
srv-006,2017-06-27 04:00:00,90.878720678363
srv-006,2017-06-27 05:00:00,90.878720678363
srv-006,2017-06-27 06:00:00,90.878720678363
srv-006,2017-06-27 07:00:00,90.878720678363
srv-006,2017-06-27 08:00:00,90.878720678363
srv-006,2017-06-27 09:00:00,90.878720678363
srv-006,2017-06-27 10:00:00,90.878720678363
srv-006,2017-06-27 11:00:00,90.878720678363
srv-006,2017-06-27 12:00:00,90.878720678363
srv-006,2017-06-27 13:00:00,90.878720678363
srv-006,2017-06-27 14:00:00,90.878720678363
srv-006,2017-06-27 15:00:00,90.878720678363
srv-006,2017-06-27 16:00:00,90.878720678363
srv-006,2017-06-27 17:00:00,90.878720678363
srv-006,2017-06-27 18:00:00,90.878720678363
srv-006,2017-06-27 19:00:00,90.878720678363
srv-006,2017-06-27 20:00:00,90.878720678363
srv-006,2017-06-27 21:00:00,90.878720678363
srv-006,2017-06-27 22:00:00,90.878720678363
srv-006,2017-06-27 23:00:00,90.878720678363
srv-006,2017-06-28 00:00:00,90.878720678363
srv-006,2017-06-28 01:00:00,90.878720678363
srv-006,2017-06-28 02:00:00,90.878720678363
srv-006,2017-06-28 03:00:00,90.878720678363
srv-006,2017-06-28 04:00:00,90.878720678363
srv-006,2017-06-28 05:00:00,90.878720678363
srv-006,2017-06-28 06:00:00,90.878720678363
srv-006,2017-06-28 07:00:00,90.878720678363
srv-006,2017-06-28 08:00:00,90.878720678363
srv-006,2017-06-28 09:00:00,90.878720678363
srv-006,2017-06-28 10:00:00,90.878720678363
srv-006,2017-06-28 11:00:00,90.878720678363
srv-006,2017-06-28 12:00:00,90.878720678363
srv-006,2017-06-28 13:00:00,90.878720678363
srv-006,2017-06-28 14:00:00,90.878720678363
srv-006,2017-06-28 15:00:00,90.878720678363
srv-006,2017-06-28 16:00:00,90.878720678363
srv-006,2017-06-28 17:00:00,90.878720678363
srv-006,2017-06-28 18:00:00,90.878720678363
srv-006,2017-06-28 19:00:00,90.878720678363
srv-006,2017-06-28 20:00:00,90.878720678363
srv-006,2017-06-28 21:00:00,90.878720678363
srv-006,2017-06-28 22:00:00,90.878720678363
srv-006,2017-06-28 23:00:00,90.878720678363
srv-006,2017-06-29 00:00:00,90.878720678363
srv-006,2017-06-29 01:00:00,90.878720678363
srv-006,2017-06-29 02:00:00,90.878720678363
srv-006,2017-06-29 03:00:00,90.878720678363
srv-006,2017-06-29 04:00:00,90.878720678363
srv-006,2017-06-29 05:00:00,90.878720678363
srv-006,2017-06-29 06:00:00,90.878720678363
srv-006,2017-06-29 07:00:00,90.878720678363
srv-006,2017-06-29 08:00:00,90.878720678363
srv-006,2017-06-29 09:00:00,90.878720678363
srv-006,2017-06-29 10:00:00,90.878720678363
srv-006,2017-06-29 11:00:00,90.878720678363
srv-006,2017-06-29 12:00:00,90.878720678363
srv-006,2017-06-29 13:00:00,90.878720678363
srv-006,2017-06-29 14:00:00,90.878720678363
srv-006,2017-06-29 15:00:00,90.878720678363
srv-006,2017-06-29 16:00:00,90.878720678363
srv-006,2017-06-29 17:00:00,90.878720678363
srv-006,2017-06-29 18:00:00,90.878720678363
srv-006,2017-06-29 19:00:00,90.878720678363
srv-006,2017-06-29 20:00:00,90.878720678363
srv-006,2017-06-29 21:00:00,90.878720678363
srv-006,2017-06-29 22:00:00,90.878720678363
srv-006,2017-06-29 23:00:00,90.878720678363
srv-006,2017-06-30 00:00:00,90.878720678363
srv-006,2017-06-30 01:00:00,90.878720678363
srv-006,2017-06-30 02:00:00,90.878720678363
srv-006,2017-06-30 03:00:00,90.878720678363
srv-006,2017-06-30 04:00:00,90.878720678363
srv-006,2017-06-30 05:00:00,90.878720678363
srv-006,2017-06-30 06:00:00,90.878720678363
srv-006,2017-06-30 07:00:00,90.878720678363
srv-006,2017-06-30 08:00:00,90.878720678363
srv-006,2017-06-30 09:00:00,90.878720678363
srv-006,2017-06-30 10:00:00,90.878720678363
srv-006,2017-06-30 11:00:00,90.878720678363
srv-006,2017-06-30 12:00:00,90.878720678363
srv-006,2017-06-30 13:00:00,90.878720678363
srv-006,2017-06-30 14:00:00,90.878720678363
srv-006,2017-06-30 15:00:00,90.878720678363
srv-006,2017-06-30 16:00:00,90.878720678363
srv-006,2017-06-30 17:00:00,90.878720678363
srv-006,2017-06-30 18:00:00,90.878720678363
srv-006,2017-06-30 19:00:00,90.878720678363
srv-006,2017-06-30 20:00:00,90.878720678363
srv-006,2017-06-30 21:00:00,90.878720678363
srv-006,2017-06-30 22:00:00,90.878720678363
srv-006,2017-06-30 23:00:00,90.878720678363
srv-007,2017-06-01 23:00:00,43.29777610410816
srv-007,2017-06-02 00:00:00,43.724393622234665
srv-007,2017-06-02 01:00:00,44.031811910824665
srv-007,2017-06-02 02:00:00,44.27172327351762
srv-007,2017-06-02 03:00:00,44.45541266519503
srv-007,2017-06-02 04:00:00,44.59553682905876
srv-007,2017-06-02 05:00:00,44.70258687802546
srv-007,2017-06-02 06:00:00,44.78437961863519
srv-007,2017-06-02 07:00:00,44.846867706559244
srv-007,2017-06-02 08:00:00,44.894607405960905
srv-007,2017-06-02 09:00:00,44.93107986415046
srv-007,2017-06-02 10:00:00,44.95894429471384
srv-007,2017-06-02 11:00:00,44.98023230833572
srv-007,2017-06-02 12:00:00,44.996496037497195
srv-007,2017-06-02 13:00:00,45.00892128751502
srv-007,2017-06-02 14:00:00,45.018413995837
srv-007,2017-06-02 15:00:00,45.0256662854148
srv-007,2017-06-02 16:00:00,45.03120692801735
srv-007,2017-06-02 17:00:00,45.035439897498314
srv-007,2017-06-02 18:00:00,45.0386738239418
srv-007,2017-06-02 19:00:00,45.04114449619419
srv-007,2017-06-02 20:00:00,45.0430320534672
srv-007,2017-06-02 21:00:00,45.04447411946986
srv-007,2017-06-02 22:00:00,45.0455758366923
srv-007,2017-06-02 23:00:00,45.04641753245102
srv-007,2017-06-03 00:00:00,45.0470605756347
srv-007,2017-06-03 01:00:00,45.047551851171974
srv-007,2017-06-03 02:00:00,45.04792717845892
srv-007,2017-06-03 03:00:00,45.04821392298748
srv-007,2017-06-03 04:00:00,45.04843299159111
srv-007,2017-06-03 05:00:00,45.04860035678319
srv-007,2017-06-03 06:00:00,45.048728221329064
srv-007,2017-06-03 07:00:00,45.04882590796204
srv-007,2017-06-03 08:00:00,45.04890053911329
srv-007,2017-06-03 09:00:00,45.0489575562155
srv-007,2017-06-03 10:00:00,45.04900111644322
srv-007,2017-06-03 11:00:00,45.04903439581671
srv-007,2017-06-03 12:00:00,45.04905982076873
srv-007,2017-06-03 13:00:00,45.04907924505824
srv-007,2017-06-03 14:00:00,45.04909408492981
srv-007,2017-06-03 15:00:00,45.04910542237349
srv-007,2017-06-03 16:00:00,45.049114084013766
srv-007,2017-06-03 17:00:00,45.04912070137958
srv-007,2017-06-03 18:00:00,45.049125756949756
srv-007,2017-06-03 19:00:00,45.04912961933104
srv-007,2017-06-03 20:00:00,45.04913257013355
srv-007,2017-06-03 21:00:00,45.049134824503284
srv-007,2017-06-03 22:00:00,45.04913654680861
srv-007,2017-06-03 23:00:00,45.049137862624555
srv-007,2017-06-04 00:00:00,45.04913886788859
srv-007,2017-06-04 01:00:00,45.04913963589553
srv-007,2017-06-04 02:00:00,45.04914022264154
srv-007,2017-06-04 03:00:00,45.049140670906866
srv-007,2017-06-04 04:00:00,45.049141013374985
srv-007,2017-06-04 05:00:00,45.04914127501559
srv-007,2017-06-04 06:00:00,45.04914147490517
srv-007,2017-06-04 07:00:00,45.049141627617864
srv-007,2017-06-04 08:00:00,45.04914174428812
srv-007,2017-06-04 09:00:00,45.04914183342248
srv-007,2017-06-04 10:00:00,45.049141901519825
srv-007,2017-06-04 11:00:00,45.04914195354519
srv-007,2017-06-04 12:00:00,45.049141993291805
srv-007,2017-06-04 13:00:00,45.04914202365764
srv-007,2017-06-04 14:00:00,45.04914204685669
srv-007,2017-06-04 15:00:00,45.049142064580415
srv-007,2017-06-04 16:00:00,45.049142078121086
srv-007,2017-06-04 17:00:00,45.049142088465956
srv-007,2017-06-04 18:00:00,45.04914209636929
srv-007,2017-06-04 19:00:00,45.049142102407316
srv-007,2017-06-04 20:00:00,45.04914210702028
srv-007,2017-06-04 21:00:00,45.049142110544516
srv-007,2017-06-04 22:00:00,45.04914211323698
srv-007,2017-06-04 23:00:00,45.04914211529399
srv-007,2017-06-05 00:00:00,45.04914211686551
srv-007,2017-06-05 01:00:00,45.04914211806613
srv-007,2017-06-05 02:00:00,45.04914211898338
srv-007,2017-06-05 03:00:00,45.049142119684156
srv-007,2017-06-05 04:00:00,45.049142120219535
srv-007,2017-06-05 05:00:00,45.04914212062856
srv-007,2017-06-05 06:00:00,45.04914212094104
srv-007,2017-06-05 07:00:00,45.04914212117978
srv-007,2017-06-05 08:00:00,45.049142121362166
srv-007,2017-06-05 09:00:00,45.04914212150151
srv-007,2017-06-05 10:00:00,45.049142121607964
srv-007,2017-06-05 11:00:00,45.04914212168929
srv-007,2017-06-05 12:00:00,45.04914212175143
srv-007,2017-06-05 13:00:00,45.0491421217989
srv-007,2017-06-05 14:00:00,45.04914212183517
srv-007,2017-06-05 15:00:00,45.04914212186287
srv-007,2017-06-05 16:00:00,45.04914212188404
srv-007,2017-06-05 17:00:00,45.04914212190021
srv-007,2017-06-05 18:00:00,45.04914212191257
srv-007,2017-06-05 19:00:00,45.049142121922
srv-007,2017-06-05 20:00:00,45.049142121929215
srv-007,2017-06-05 21:00:00,45.04914212193472
srv-007,2017-06-05 22:00:00,45.04914212193893
srv-007,2017-06-05 23:00:00,45.04914212194215
srv-007,2017-06-06 00:00:00,45.049142121944605
srv-007,2017-06-06 01:00:00,45.04914212194648
srv-007,2017-06-06 02:00:00,45.04914212194792
srv-007,2017-06-06 03:00:00,45.04914212194901
srv-007,2017-06-06 04:00:00,45.04914212194985
srv-007,2017-06-06 05:00:00,45.04914212195049
srv-007,2017-06-06 06:00:00,45.04914212195098
srv-007,2017-06-06 07:00:00,45.049142121951355
srv-007,2017-06-06 08:00:00,45.04914212195164
srv-007,2017-06-06 09:00:00,45.04914212195186
srv-007,2017-06-06 10:00:00,45.04914212195202
srv-007,2017-06-06 11:00:00,45.04914212195215
srv-007,2017-06-06 12:00:00,45.04914212195225
srv-007,2017-06-06 13:00:00,45.04914212195232
srv-007,2017-06-06 14:00:00,45.04914212195238
srv-007,2017-06-06 15:00:00,45.04914212195242
srv-007,2017-06-06 16:00:00,45.04914212195246
srv-007,2017-06-06 17:00:00,45.049142121952485
srv-007,2017-06-06 18:00:00,45.04914212195251
srv-007,2017-06-06 19:00:00,45.04914212195252
srv-007,2017-06-06 20:00:00,45.049142121952535
srv-007,2017-06-06 21:00:00,45.04914212195254
srv-007,2017-06-06 22:00:00,45.04914212195255
srv-007,2017-06-06 23:00:00,45.049142121952556
srv-007,2017-06-07 00:00:00,45.04914212195256
srv-007,2017-06-07 01:00:00,45.04914212195256
srv-007,2017-06-07 02:00:00,45.04914212195256
srv-007,2017-06-07 03:00:00,45.04914212195256
srv-007,2017-06-07 04:00:00,45.04914212195256
srv-007,2017-06-07 05:00:00,45.04914212195256
srv-007,2017-06-07 06:00:00,45.04914212195256
srv-007,2017-06-07 07:00:00,45.04914212195256
srv-007,2017-06-07 08:00:00,45.04914212195256
srv-007,2017-06-07 09:00:00,45.04914212195256
srv-007,2017-06-07 10:00:00,45.04914212195256
srv-007,2017-06-07 11:00:00,45.04914212195256
srv-007,2017-06-07 12:00:00,45.04914212195256
srv-007,2017-06-07 13:00:00,45.04914212195256
srv-007,2017-06-07 14:00:00,45.04914212195256
srv-007,2017-06-07 15:00:00,45.04914212195256
srv-007,2017-06-07 16:00:00,45.04914212195256
srv-007,2017-06-07 17:00:00,45.04914212195256
srv-007,2017-06-07 18:00:00,45.04914212195256
srv-007,2017-06-07 19:00:00,45.04914212195256
srv-007,2017-06-07 20:00:00,45.04914212195256
srv-007,2017-06-07 21:00:00,45.04914212195256
srv-007,2017-06-07 22:00:00,45.04914212195256
srv-007,2017-06-07 23:00:00,45.04914212195256
srv-007,2017-06-08 00:00:00,45.04914212195256
srv-007,2017-06-08 01:00:00,45.04914212195256
srv-007,2017-06-08 02:00:00,45.04914212195256
srv-007,2017-06-08 03:00:00,45.04914212195256
srv-007,2017-06-08 04:00:00,45.04914212195256
srv-007,2017-06-08 05:00:00,45.04914212195256
srv-007,2017-06-08 06:00:00,45.04914212195256
srv-007,2017-06-08 07:00:00,45.04914212195256
srv-007,2017-06-08 08:00:00,45.04914212195256
srv-007,2017-06-08 09:00:00,45.04914212195256
srv-007,2017-06-08 10:00:00,45.04914212195256
srv-007,2017-06-08 11:00:00,45.04914212195256
srv-007,2017-06-08 12:00:00,45.04914212195256
srv-007,2017-06-08 13:00:00,45.04914212195256
srv-007,2017-06-08 14:00:00,45.04914212195256
srv-007,2017-06-08 15:00:00,45.04914212195256
srv-007,2017-06-08 16:00:00,45.04914212195256
srv-007,2017-06-08 17:00:00,45.04914212195256
srv-007,2017-06-08 18:00:00,45.04914212195256
srv-007,2017-06-08 19:00:00,45.04914212195256
srv-007,2017-06-08 20:00:00,45.04914212195256
srv-007,2017-06-08 21:00:00,45.04914212195256
srv-007,2017-06-08 22:00:00,45.04914212195256
srv-007,2017-06-08 23:00:00,45.04914212195256
srv-007,2017-06-09 00:00:00,45.04914212195256
srv-007,2017-06-09 01:00:00,45.04914212195256
srv-007,2017-06-09 02:00:00,45.04914212195256
srv-007,2017-06-09 03:00:00,45.04914212195256
srv-007,2017-06-09 04:00:00,45.04914212195256
srv-007,2017-06-09 05:00:00,45.04914212195256
srv-007,2017-06-09 06:00:00,45.04914212195256
srv-007,2017-06-09 07:00:00,45.04914212195256
srv-007,2017-06-09 08:00:00,45.04914212195256
srv-007,2017-06-09 09:00:00,45.04914212195256
srv-007,2017-06-09 10:00:00,45.04914212195256
srv-007,2017-06-09 11:00:00,45.04914212195256
srv-007,2017-06-09 12:00:00,45.04914212195256
srv-007,2017-06-09 13:00:00,45.04914212195256
srv-007,2017-06-09 14:00:00,45.04914212195256
srv-007,2017-06-09 15:00:00,45.04914212195256
srv-007,2017-06-09 16:00:00,45.04914212195256
srv-007,2017-06-09 17:00:00,45.04914212195256
srv-007,2017-06-09 18:00:00,45.04914212195256
srv-007,2017-06-09 19:00:00,45.04914212195256
srv-007,2017-06-09 20:00:00,45.04914212195256
srv-007,2017-06-09 21:00:00,45.04914212195256
srv-007,2017-06-09 22:00:00,45.04914212195256
srv-007,2017-06-09 23:00:00,45.04914212195256
srv-007,2017-06-10 00:00:00,45.04914212195256
srv-007,2017-06-10 01:00:00,45.04914212195256
srv-007,2017-06-10 02:00:00,45.04914212195256
srv-007,2017-06-10 03:00:00,45.04914212195256
srv-007,2017-06-10 04:00:00,45.04914212195256
srv-007,2017-06-10 05:00:00,45.04914212195256
srv-007,2017-06-10 06:00:00,45.04914212195256
srv-007,2017-06-10 07:00:00,45.04914212195256
srv-007,2017-06-10 08:00:00,45.04914212195256
srv-007,2017-06-10 09:00:00,45.04914212195256
srv-007,2017-06-10 10:00:00,45.04914212195256
srv-007,2017-06-10 11:00:00,45.04914212195256
srv-007,2017-06-10 12:00:00,45.04914212195256
srv-007,2017-06-10 13:00:00,45.04914212195256
srv-007,2017-06-10 14:00:00,45.04914212195256
srv-007,2017-06-10 15:00:00,45.04914212195256
srv-007,2017-06-10 16:00:00,45.04914212195256
srv-007,2017-06-10 17:00:00,45.04914212195256
srv-007,2017-06-10 18:00:00,45.04914212195256
srv-007,2017-06-10 19:00:00,45.04914212195256
srv-007,2017-06-10 20:00:00,45.04914212195256
srv-007,2017-06-10 21:00:00,45.04914212195256
srv-007,2017-06-10 22:00:00,45.04914212195256
srv-007,2017-06-10 23:00:00,45.04914212195256
srv-007,2017-06-11 00:00:00,45.04914212195256
srv-007,2017-06-11 01:00:00,45.04914212195256
srv-007,2017-06-11 02:00:00,45.04914212195256
srv-007,2017-06-11 03:00:00,45.04914212195256
srv-007,2017-06-11 04:00:00,45.04914212195256
srv-007,2017-06-11 05:00:00,45.04914212195256
srv-007,2017-06-11 06:00:00,45.04914212195256
srv-007,2017-06-11 07:00:00,45.04914212195256
srv-007,2017-06-11 08:00:00,45.04914212195256
srv-007,2017-06-11 09:00:00,45.04914212195256
srv-007,2017-06-11 10:00:00,45.04914212195256
srv-007,2017-06-11 11:00:00,45.04914212195256
srv-007,2017-06-11 12:00:00,45.04914212195256
srv-007,2017-06-11 13:00:00,45.04914212195256
srv-007,2017-06-11 14:00:00,45.04914212195256
srv-007,2017-06-11 15:00:00,45.04914212195256
srv-007,2017-06-11 16:00:00,45.04914212195256
srv-007,2017-06-11 17:00:00,45.04914212195256
srv-007,2017-06-11 18:00:00,45.04914212195256
srv-007,2017-06-11 19:00:00,45.04914212195256
srv-007,2017-06-11 20:00:00,45.04914212195256
srv-007,2017-06-11 21:00:00,45.04914212195256
srv-007,2017-06-11 22:00:00,45.04914212195256
srv-007,2017-06-11 23:00:00,45.04914212195256
srv-007,2017-06-12 00:00:00,45.04914212195256
srv-007,2017-06-12 01:00:00,45.04914212195256
srv-007,2017-06-12 02:00:00,45.04914212195256
srv-007,2017-06-12 03:00:00,45.04914212195256
srv-007,2017-06-12 04:00:00,45.04914212195256
srv-007,2017-06-12 05:00:00,45.04914212195256
srv-007,2017-06-12 06:00:00,45.04914212195256
srv-007,2017-06-12 07:00:00,45.04914212195256
srv-007,2017-06-12 08:00:00,45.04914212195256
srv-007,2017-06-12 09:00:00,45.04914212195256
srv-007,2017-06-12 10:00:00,45.04914212195256
srv-007,2017-06-12 11:00:00,45.04914212195256
srv-007,2017-06-12 12:00:00,45.04914212195256
srv-007,2017-06-12 13:00:00,45.04914212195256
srv-007,2017-06-12 14:00:00,45.04914212195256
srv-007,2017-06-12 15:00:00,45.04914212195256
srv-007,2017-06-12 16:00:00,45.04914212195256
srv-007,2017-06-12 17:00:00,45.04914212195256
srv-007,2017-06-12 18:00:00,45.04914212195256
srv-007,2017-06-12 19:00:00,45.04914212195256
srv-007,2017-06-12 20:00:00,45.04914212195256
srv-007,2017-06-12 21:00:00,45.04914212195256
srv-007,2017-06-12 22:00:00,45.04914212195256
srv-007,2017-06-12 23:00:00,45.04914212195256
srv-007,2017-06-13 00:00:00,45.04914212195256
srv-007,2017-06-13 01:00:00,45.04914212195256
srv-007,2017-06-13 02:00:00,45.04914212195256
srv-007,2017-06-13 03:00:00,45.04914212195256
srv-007,2017-06-13 04:00:00,45.04914212195256
srv-007,2017-06-13 05:00:00,45.04914212195256
srv-007,2017-06-13 06:00:00,45.04914212195256
srv-007,2017-06-13 07:00:00,45.04914212195256
srv-007,2017-06-13 08:00:00,45.04914212195256
srv-007,2017-06-13 09:00:00,45.04914212195256
srv-007,2017-06-13 10:00:00,45.04914212195256
srv-007,2017-06-13 11:00:00,45.04914212195256
srv-007,2017-06-13 12:00:00,45.04914212195256
srv-007,2017-06-13 13:00:00,45.04914212195256
srv-007,2017-06-13 14:00:00,45.04914212195256
srv-007,2017-06-13 15:00:00,45.04914212195256
srv-007,2017-06-13 16:00:00,45.04914212195256
srv-007,2017-06-13 17:00:00,45.04914212195256
srv-007,2017-06-13 18:00:00,45.04914212195256
srv-007,2017-06-13 19:00:00,45.04914212195256
srv-007,2017-06-13 20:00:00,45.04914212195256
srv-007,2017-06-13 21:00:00,45.04914212195256
srv-007,2017-06-13 22:00:00,45.04914212195256
srv-007,2017-06-13 23:00:00,45.04914212195256
srv-007,2017-06-14 00:00:00,45.04914212195256
srv-007,2017-06-14 01:00:00,45.04914212195256
srv-007,2017-06-14 02:00:00,45.04914212195256
srv-007,2017-06-14 03:00:00,45.04914212195256
srv-007,2017-06-14 04:00:00,45.04914212195256
srv-007,2017-06-14 05:00:00,45.04914212195256
srv-007,2017-06-14 06:00:00,45.04914212195256
srv-007,2017-06-14 07:00:00,45.04914212195256
srv-007,2017-06-14 08:00:00,45.04914212195256
srv-007,2017-06-14 09:00:00,45.04914212195256
srv-007,2017-06-14 10:00:00,45.04914212195256
srv-007,2017-06-14 11:00:00,45.04914212195256
srv-007,2017-06-14 12:00:00,45.04914212195256
srv-007,2017-06-14 13:00:00,45.04914212195256
srv-007,2017-06-14 14:00:00,45.04914212195256
srv-007,2017-06-14 15:00:00,45.04914212195256
srv-007,2017-06-14 16:00:00,45.04914212195256
srv-007,2017-06-14 17:00:00,45.04914212195256
srv-007,2017-06-14 18:00:00,45.04914212195256
srv-007,2017-06-14 19:00:00,45.04914212195256
srv-007,2017-06-14 20:00:00,45.04914212195256
srv-007,2017-06-14 21:00:00,45.04914212195256
srv-007,2017-06-14 22:00:00,45.04914212195256
srv-007,2017-06-14 23:00:00,45.04914212195256
srv-007,2017-06-15 00:00:00,45.04914212195256
srv-007,2017-06-15 01:00:00,45.04914212195256
srv-007,2017-06-15 02:00:00,45.04914212195256
srv-007,2017-06-15 03:00:00,45.04914212195256
srv-007,2017-06-15 04:00:00,45.04914212195256
srv-007,2017-06-15 05:00:00,45.04914212195256
srv-007,2017-06-15 06:00:00,45.04914212195256
srv-007,2017-06-15 07:00:00,45.04914212195256
srv-007,2017-06-15 08:00:00,45.04914212195256
srv-007,2017-06-15 09:00:00,45.04914212195256
srv-007,2017-06-15 10:00:00,45.04914212195256
srv-007,2017-06-15 11:00:00,45.04914212195256
srv-007,2017-06-15 12:00:00,45.04914212195256
srv-007,2017-06-15 13:00:00,45.04914212195256
srv-007,2017-06-15 14:00:00,45.04914212195256
srv-007,2017-06-15 15:00:00,45.04914212195256
srv-007,2017-06-15 16:00:00,45.04914212195256
srv-007,2017-06-15 17:00:00,45.04914212195256
srv-007,2017-06-15 18:00:00,45.04914212195256
srv-007,2017-06-15 19:00:00,45.04914212195256
srv-007,2017-06-15 20:00:00,45.04914212195256
srv-007,2017-06-15 21:00:00,45.04914212195256
srv-007,2017-06-15 22:00:00,45.04914212195256
srv-007,2017-06-15 23:00:00,45.04914212195256
srv-007,2017-06-16 00:00:00,45.04914212195256
srv-007,2017-06-16 01:00:00,45.04914212195256
srv-007,2017-06-16 02:00:00,45.04914212195256
srv-007,2017-06-16 03:00:00,45.04914212195256
srv-007,2017-06-16 04:00:00,45.04914212195256
srv-007,2017-06-16 05:00:00,45.04914212195256
srv-007,2017-06-16 06:00:00,45.04914212195256
srv-007,2017-06-16 07:00:00,45.04914212195256
srv-007,2017-06-16 08:00:00,45.04914212195256
srv-007,2017-06-16 09:00:00,45.04914212195256
srv-007,2017-06-16 10:00:00,45.04914212195256
srv-007,2017-06-16 11:00:00,45.04914212195256
srv-007,2017-06-16 12:00:00,45.04914212195256
srv-007,2017-06-16 13:00:00,45.04914212195256
srv-007,2017-06-16 14:00:00,45.04914212195256
srv-007,2017-06-16 15:00:00,45.04914212195256
srv-007,2017-06-16 16:00:00,45.04914212195256
srv-007,2017-06-16 17:00:00,45.04914212195256
srv-007,2017-06-16 18:00:00,45.04914212195256
srv-007,2017-06-16 19:00:00,45.04914212195256
srv-007,2017-06-16 20:00:00,45.04914212195256
srv-007,2017-06-16 21:00:00,45.04914212195256
srv-007,2017-06-16 22:00:00,45.04914212195256
srv-007,2017-06-16 23:00:00,45.04914212195256
srv-007,2017-06-17 00:00:00,45.04914212195256
srv-007,2017-06-17 01:00:00,45.04914212195256
srv-007,2017-06-17 02:00:00,45.04914212195256
srv-007,2017-06-17 03:00:00,45.04914212195256
srv-007,2017-06-17 04:00:00,45.04914212195256
srv-007,2017-06-17 05:00:00,45.04914212195256
srv-007,2017-06-17 06:00:00,45.04914212195256
srv-007,2017-06-17 07:00:00,45.04914212195256
srv-007,2017-06-17 08:00:00,45.04914212195256
srv-007,2017-06-17 09:00:00,45.04914212195256
srv-007,2017-06-17 10:00:00,45.04914212195256
srv-007,2017-06-17 11:00:00,45.04914212195256
srv-007,2017-06-17 12:00:00,45.04914212195256
srv-007,2017-06-17 13:00:00,45.04914212195256
srv-007,2017-06-17 14:00:00,45.04914212195256
srv-007,2017-06-17 15:00:00,45.04914212195256
srv-007,2017-06-17 16:00:00,45.04914212195256
srv-007,2017-06-17 17:00:00,45.04914212195256
srv-007,2017-06-17 18:00:00,45.04914212195256
srv-007,2017-06-17 19:00:00,45.04914212195256
srv-007,2017-06-17 20:00:00,45.04914212195256
srv-007,2017-06-17 21:00:00,45.04914212195256
srv-007,2017-06-17 22:00:00,45.04914212195256
srv-007,2017-06-17 23:00:00,45.04914212195256
srv-007,2017-06-18 00:00:00,45.04914212195256
srv-007,2017-06-18 01:00:00,45.04914212195256
srv-007,2017-06-18 02:00:00,45.04914212195256
srv-007,2017-06-18 03:00:00,45.04914212195256
srv-007,2017-06-18 04:00:00,45.04914212195256
srv-007,2017-06-18 05:00:00,45.04914212195256
srv-007,2017-06-18 06:00:00,45.04914212195256
srv-007,2017-06-18 07:00:00,45.04914212195256
srv-007,2017-06-18 08:00:00,45.04914212195256
srv-007,2017-06-18 09:00:00,45.04914212195256
srv-007,2017-06-18 10:00:00,45.04914212195256
srv-007,2017-06-18 11:00:00,45.04914212195256
srv-007,2017-06-18 12:00:00,45.04914212195256
srv-007,2017-06-18 13:00:00,45.04914212195256
srv-007,2017-06-18 14:00:00,45.04914212195256
srv-007,2017-06-18 15:00:00,45.04914212195256
srv-007,2017-06-18 16:00:00,45.04914212195256
srv-007,2017-06-18 17:00:00,45.04914212195256
srv-007,2017-06-18 18:00:00,45.04914212195256
srv-007,2017-06-18 19:00:00,45.04914212195256
srv-007,2017-06-18 20:00:00,45.04914212195256
srv-007,2017-06-18 21:00:00,45.04914212195256
srv-007,2017-06-18 22:00:00,45.04914212195256
srv-007,2017-06-18 23:00:00,45.04914212195256
srv-007,2017-06-19 00:00:00,45.04914212195256
srv-007,2017-06-19 01:00:00,45.04914212195256
srv-007,2017-06-19 02:00:00,45.04914212195256
srv-007,2017-06-19 03:00:00,45.04914212195256
srv-007,2017-06-19 04:00:00,45.04914212195256
srv-007,2017-06-19 05:00:00,45.04914212195256
srv-007,2017-06-19 06:00:00,45.04914212195256
srv-007,2017-06-19 07:00:00,45.04914212195256
srv-007,2017-06-19 08:00:00,45.04914212195256
srv-007,2017-06-19 09:00:00,45.04914212195256
srv-007,2017-06-19 10:00:00,45.04914212195256
srv-007,2017-06-19 11:00:00,45.04914212195256
srv-007,2017-06-19 12:00:00,45.04914212195256
srv-007,2017-06-19 13:00:00,45.04914212195256
srv-007,2017-06-19 14:00:00,45.04914212195256
srv-007,2017-06-19 15:00:00,45.04914212195256
srv-007,2017-06-19 16:00:00,45.04914212195256
srv-007,2017-06-19 17:00:00,45.04914212195256
srv-007,2017-06-19 18:00:00,45.04914212195256
srv-007,2017-06-19 19:00:00,45.04914212195256
srv-007,2017-06-19 20:00:00,45.04914212195256
srv-007,2017-06-19 21:00:00,45.04914212195256
srv-007,2017-06-19 22:00:00,45.04914212195256
srv-007,2017-06-19 23:00:00,45.04914212195256
srv-007,2017-06-20 00:00:00,45.04914212195256
srv-007,2017-06-20 01:00:00,45.04914212195256
srv-007,2017-06-20 02:00:00,45.04914212195256
srv-007,2017-06-20 03:00:00,45.04914212195256
srv-007,2017-06-20 04:00:00,45.04914212195256
srv-007,2017-06-20 05:00:00,45.04914212195256
srv-007,2017-06-20 06:00:00,45.04914212195256
srv-007,2017-06-20 07:00:00,45.04914212195256
srv-007,2017-06-20 08:00:00,45.04914212195256
srv-007,2017-06-20 09:00:00,45.04914212195256
srv-007,2017-06-20 10:00:00,45.04914212195256
srv-007,2017-06-20 11:00:00,45.04914212195256
srv-007,2017-06-20 12:00:00,45.04914212195256
srv-007,2017-06-20 13:00:00,45.04914212195256
srv-007,2017-06-20 14:00:00,45.04914212195256
srv-007,2017-06-20 15:00:00,45.04914212195256
srv-007,2017-06-20 16:00:00,45.04914212195256
srv-007,2017-06-20 17:00:00,45.04914212195256
srv-007,2017-06-20 18:00:00,45.04914212195256
srv-007,2017-06-20 19:00:00,45.04914212195256
srv-007,2017-06-20 20:00:00,45.04914212195256
srv-007,2017-06-20 21:00:00,45.04914212195256
srv-007,2017-06-20 22:00:00,45.04914212195256
srv-007,2017-06-20 23:00:00,45.04914212195256
srv-007,2017-06-21 00:00:00,45.04914212195256
srv-007,2017-06-21 01:00:00,45.04914212195256
srv-007,2017-06-21 02:00:00,45.04914212195256
srv-007,2017-06-21 03:00:00,45.04914212195256
srv-007,2017-06-21 04:00:00,45.04914212195256
srv-007,2017-06-21 05:00:00,45.04914212195256
srv-007,2017-06-21 06:00:00,45.04914212195256
srv-007,2017-06-21 07:00:00,45.04914212195256
srv-007,2017-06-21 08:00:00,45.04914212195256
srv-007,2017-06-21 09:00:00,45.04914212195256
srv-007,2017-06-21 10:00:00,45.04914212195256
srv-007,2017-06-21 11:00:00,45.04914212195256
srv-007,2017-06-21 12:00:00,45.04914212195256
srv-007,2017-06-21 13:00:00,45.04914212195256
srv-007,2017-06-21 14:00:00,45.04914212195256
srv-007,2017-06-21 15:00:00,45.04914212195256
srv-007,2017-06-21 16:00:00,45.04914212195256
srv-007,2017-06-21 17:00:00,45.04914212195256
srv-007,2017-06-21 18:00:00,45.04914212195256
srv-007,2017-06-21 19:00:00,45.04914212195256
srv-007,2017-06-21 20:00:00,45.04914212195256
srv-007,2017-06-21 21:00:00,45.04914212195256
srv-007,2017-06-21 22:00:00,45.04914212195256
srv-007,2017-06-21 23:00:00,45.04914212195256
srv-007,2017-06-22 00:00:00,45.04914212195256
srv-007,2017-06-22 01:00:00,45.04914212195256
srv-007,2017-06-22 02:00:00,45.04914212195256
srv-007,2017-06-22 03:00:00,45.04914212195256
srv-007,2017-06-22 04:00:00,45.04914212195256
srv-007,2017-06-22 05:00:00,45.04914212195256
srv-007,2017-06-22 06:00:00,45.04914212195256
srv-007,2017-06-22 07:00:00,45.04914212195256
srv-007,2017-06-22 08:00:00,45.04914212195256
srv-007,2017-06-22 09:00:00,45.04914212195256
srv-007,2017-06-22 10:00:00,45.04914212195256
srv-007,2017-06-22 11:00:00,45.04914212195256
srv-007,2017-06-22 12:00:00,45.04914212195256
srv-007,2017-06-22 13:00:00,45.04914212195256
srv-007,2017-06-22 14:00:00,45.04914212195256
srv-007,2017-06-22 15:00:00,45.04914212195256
srv-007,2017-06-22 16:00:00,45.04914212195256
srv-007,2017-06-22 17:00:00,45.04914212195256
srv-007,2017-06-22 18:00:00,45.04914212195256
srv-007,2017-06-22 19:00:00,45.04914212195256
srv-007,2017-06-22 20:00:00,45.04914212195256
srv-007,2017-06-22 21:00:00,45.04914212195256
srv-007,2017-06-22 22:00:00,45.04914212195256
srv-007,2017-06-22 23:00:00,45.04914212195256
srv-007,2017-06-23 00:00:00,45.04914212195256
srv-007,2017-06-23 01:00:00,45.04914212195256
srv-007,2017-06-23 02:00:00,45.04914212195256
srv-007,2017-06-23 03:00:00,45.04914212195256
srv-007,2017-06-23 04:00:00,45.04914212195256
srv-007,2017-06-23 05:00:00,45.04914212195256
srv-007,2017-06-23 06:00:00,45.04914212195256
srv-007,2017-06-23 07:00:00,45.04914212195256
srv-007,2017-06-23 08:00:00,45.04914212195256
srv-007,2017-06-23 09:00:00,45.04914212195256
srv-007,2017-06-23 10:00:00,45.04914212195256
srv-007,2017-06-23 11:00:00,45.04914212195256
srv-007,2017-06-23 12:00:00,45.04914212195256
srv-007,2017-06-23 13:00:00,45.04914212195256
srv-007,2017-06-23 14:00:00,45.04914212195256
srv-007,2017-06-23 15:00:00,45.04914212195256
srv-007,2017-06-23 16:00:00,45.04914212195256
srv-007,2017-06-23 17:00:00,45.04914212195256
srv-007,2017-06-23 18:00:00,45.04914212195256
srv-007,2017-06-23 19:00:00,45.04914212195256
srv-007,2017-06-23 20:00:00,45.04914212195256
srv-007,2017-06-23 21:00:00,45.04914212195256
srv-007,2017-06-23 22:00:00,45.04914212195256
srv-007,2017-06-23 23:00:00,45.04914212195256
srv-007,2017-06-24 00:00:00,45.04914212195256
srv-007,2017-06-24 01:00:00,45.04914212195256
srv-007,2017-06-24 02:00:00,45.04914212195256
srv-007,2017-06-24 03:00:00,45.04914212195256
srv-007,2017-06-24 04:00:00,45.04914212195256
srv-007,2017-06-24 05:00:00,45.04914212195256
srv-007,2017-06-24 06:00:00,45.04914212195256
srv-007,2017-06-24 07:00:00,45.04914212195256
srv-007,2017-06-24 08:00:00,45.04914212195256
srv-007,2017-06-24 09:00:00,45.04914212195256
srv-007,2017-06-24 10:00:00,45.04914212195256
srv-007,2017-06-24 11:00:00,45.04914212195256
srv-007,2017-06-24 12:00:00,45.04914212195256
srv-007,2017-06-24 13:00:00,45.04914212195256
srv-007,2017-06-24 14:00:00,45.04914212195256
srv-007,2017-06-24 15:00:00,45.04914212195256
srv-007,2017-06-24 16:00:00,45.04914212195256
srv-007,2017-06-24 17:00:00,45.04914212195256
srv-007,2017-06-24 18:00:00,45.04914212195256
srv-007,2017-06-24 19:00:00,45.04914212195256
srv-007,2017-06-24 20:00:00,45.04914212195256
srv-007,2017-06-24 21:00:00,45.04914212195256
srv-007,2017-06-24 22:00:00,45.04914212195256
srv-007,2017-06-24 23:00:00,45.04914212195256
srv-007,2017-06-25 00:00:00,45.04914212195256
srv-007,2017-06-25 01:00:00,45.04914212195256
srv-007,2017-06-25 02:00:00,45.04914212195256
srv-007,2017-06-25 03:00:00,45.04914212195256
srv-007,2017-06-25 04:00:00,45.04914212195256
srv-007,2017-06-25 05:00:00,45.04914212195256
srv-007,2017-06-25 06:00:00,45.04914212195256
srv-007,2017-06-25 07:00:00,45.04914212195256
srv-007,2017-06-25 08:00:00,45.04914212195256
srv-007,2017-06-25 09:00:00,45.04914212195256
srv-007,2017-06-25 10:00:00,45.04914212195256
srv-007,2017-06-25 11:00:00,45.04914212195256
srv-007,2017-06-25 12:00:00,45.04914212195256
srv-007,2017-06-25 13:00:00,45.04914212195256
srv-007,2017-06-25 14:00:00,45.04914212195256
srv-007,2017-06-25 15:00:00,45.04914212195256
srv-007,2017-06-25 16:00:00,45.04914212195256
srv-007,2017-06-25 17:00:00,45.04914212195256
srv-007,2017-06-25 18:00:00,45.04914212195256
srv-007,2017-06-25 19:00:00,45.04914212195256
srv-007,2017-06-25 20:00:00,45.04914212195256
srv-007,2017-06-25 21:00:00,45.04914212195256
srv-007,2017-06-25 22:00:00,45.04914212195256
srv-007,2017-06-25 23:00:00,45.04914212195256
srv-007,2017-06-26 00:00:00,45.04914212195256
srv-007,2017-06-26 01:00:00,45.04914212195256
srv-007,2017-06-26 02:00:00,45.04914212195256
srv-007,2017-06-26 03:00:00,45.04914212195256
srv-007,2017-06-26 04:00:00,45.04914212195256
srv-007,2017-06-26 05:00:00,45.04914212195256
srv-007,2017-06-26 06:00:00,45.04914212195256
srv-007,2017-06-26 07:00:00,45.04914212195256
srv-007,2017-06-26 08:00:00,45.04914212195256
srv-007,2017-06-26 09:00:00,45.04914212195256
srv-007,2017-06-26 10:00:00,45.04914212195256
srv-007,2017-06-26 11:00:00,45.04914212195256
srv-007,2017-06-26 12:00:00,45.04914212195256
srv-007,2017-06-26 13:00:00,45.04914212195256
srv-007,2017-06-26 14:00:00,45.04914212195256
srv-007,2017-06-26 15:00:00,45.04914212195256
srv-007,2017-06-26 16:00:00,45.04914212195256
srv-007,2017-06-26 17:00:00,45.04914212195256
srv-007,2017-06-26 18:00:00,45.04914212195256
srv-007,2017-06-26 19:00:00,45.04914212195256
srv-007,2017-06-26 20:00:00,45.04914212195256
srv-007,2017-06-26 21:00:00,45.04914212195256
srv-007,2017-06-26 22:00:00,45.04914212195256
srv-007,2017-06-26 23:00:00,45.04914212195256
srv-007,2017-06-27 00:00:00,45.04914212195256
srv-007,2017-06-27 01:00:00,45.04914212195256
srv-007,2017-06-27 02:00:00,45.04914212195256
srv-007,2017-06-27 03:00:00,45.04914212195256
srv-007,2017-06-27 04:00:00,45.04914212195256
srv-007,2017-06-27 05:00:00,45.04914212195256
srv-007,2017-06-27 06:00:00,45.04914212195256
srv-007,2017-06-27 07:00:00,45.04914212195256
srv-007,2017-06-27 08:00:00,45.04914212195256
srv-007,2017-06-27 09:00:00,45.04914212195256
srv-007,2017-06-27 10:00:00,45.04914212195256
srv-007,2017-06-27 11:00:00,45.04914212195256
srv-007,2017-06-27 12:00:00,45.04914212195256
srv-007,2017-06-27 13:00:00,45.04914212195256
srv-007,2017-06-27 14:00:00,45.04914212195256
srv-007,2017-06-27 15:00:00,45.04914212195256
srv-007,2017-06-27 16:00:00,45.04914212195256
srv-007,2017-06-27 17:00:00,45.04914212195256
srv-007,2017-06-27 18:00:00,45.04914212195256
srv-007,2017-06-27 19:00:00,45.04914212195256
srv-007,2017-06-27 20:00:00,45.04914212195256
srv-007,2017-06-27 21:00:00,45.04914212195256
srv-007,2017-06-27 22:00:00,45.04914212195256
srv-007,2017-06-27 23:00:00,45.04914212195256
srv-007,2017-06-28 00:00:00,45.04914212195256
srv-007,2017-06-28 01:00:00,45.04914212195256
srv-007,2017-06-28 02:00:00,45.04914212195256
srv-007,2017-06-28 03:00:00,45.04914212195256
srv-007,2017-06-28 04:00:00,45.04914212195256
srv-007,2017-06-28 05:00:00,45.04914212195256
srv-007,2017-06-28 06:00:00,45.04914212195256
srv-007,2017-06-28 07:00:00,45.04914212195256
srv-007,2017-06-28 08:00:00,45.04914212195256
srv-007,2017-06-28 09:00:00,45.04914212195256
srv-007,2017-06-28 10:00:00,45.04914212195256
srv-007,2017-06-28 11:00:00,45.04914212195256
srv-007,2017-06-28 12:00:00,45.04914212195256
srv-007,2017-06-28 13:00:00,45.04914212195256
srv-007,2017-06-28 14:00:00,45.04914212195256
srv-007,2017-06-28 15:00:00,45.04914212195256
srv-007,2017-06-28 16:00:00,45.04914212195256
srv-007,2017-06-28 17:00:00,45.04914212195256
srv-007,2017-06-28 18:00:00,45.04914212195256
srv-007,2017-06-28 19:00:00,45.04914212195256
srv-007,2017-06-28 20:00:00,45.04914212195256
srv-007,2017-06-28 21:00:00,45.04914212195256
srv-007,2017-06-28 22:00:00,45.04914212195256
srv-007,2017-06-28 23:00:00,45.04914212195256
srv-007,2017-06-29 00:00:00,45.04914212195256
srv-007,2017-06-29 01:00:00,45.04914212195256
srv-007,2017-06-29 02:00:00,45.04914212195256
srv-007,2017-06-29 03:00:00,45.04914212195256
srv-007,2017-06-29 04:00:00,45.04914212195256
srv-007,2017-06-29 05:00:00,45.04914212195256
srv-007,2017-06-29 06:00:00,45.04914212195256
srv-007,2017-06-29 07:00:00,45.04914212195256
srv-007,2017-06-29 08:00:00,45.04914212195256
srv-007,2017-06-29 09:00:00,45.04914212195256
srv-007,2017-06-29 10:00:00,45.04914212195256
srv-007,2017-06-29 11:00:00,45.04914212195256
srv-007,2017-06-29 12:00:00,45.04914212195256
srv-007,2017-06-29 13:00:00,45.04914212195256
srv-007,2017-06-29 14:00:00,45.04914212195256
srv-007,2017-06-29 15:00:00,45.04914212195256
srv-007,2017-06-29 16:00:00,45.04914212195256
srv-007,2017-06-29 17:00:00,45.04914212195256
srv-007,2017-06-29 18:00:00,45.04914212195256
srv-007,2017-06-29 19:00:00,45.04914212195256
srv-007,2017-06-29 20:00:00,45.04914212195256
srv-007,2017-06-29 21:00:00,45.04914212195256
srv-007,2017-06-29 22:00:00,45.04914212195256
srv-007,2017-06-29 23:00:00,45.04914212195256
srv-007,2017-06-30 00:00:00,45.04914212195256
srv-007,2017-06-30 01:00:00,45.04914212195256
srv-007,2017-06-30 02:00:00,45.04914212195256
srv-007,2017-06-30 03:00:00,45.04914212195256
srv-007,2017-06-30 04:00:00,45.04914212195256
srv-007,2017-06-30 05:00:00,45.04914212195256
srv-007,2017-06-30 06:00:00,45.04914212195256
srv-007,2017-06-30 07:00:00,45.04914212195256
srv-007,2017-06-30 08:00:00,45.04914212195256
srv-007,2017-06-30 09:00:00,45.04914212195256
srv-007,2017-06-30 10:00:00,45.04914212195256
srv-007,2017-06-30 11:00:00,45.04914212195256
srv-007,2017-06-30 12:00:00,45.04914212195256
srv-007,2017-06-30 13:00:00,45.04914212195256
srv-007,2017-06-30 14:00:00,45.04914212195256
srv-007,2017-06-30 15:00:00,45.04914212195256
srv-007,2017-06-30 16:00:00,45.04914212195256
srv-007,2017-06-30 17:00:00,45.04914212195256
srv-007,2017-06-30 18:00:00,45.04914212195256
srv-007,2017-06-30 19:00:00,45.04914212195256
srv-007,2017-06-30 20:00:00,45.04914212195256
srv-007,2017-06-30 21:00:00,45.04914212195256
srv-007,2017-06-30 22:00:00,45.04914212195256
srv-007,2017-06-30 23:00:00,45.04914212195256
srv-008,2017-06-01 23:00:00,71.87472038702573
srv-008,2017-06-02 00:00:00,71.31280581308532
srv-008,2017-06-02 01:00:00,70.97037601566359
srv-008,2017-06-02 02:00:00,70.7500046069378
srv-008,2017-06-02 03:00:00,70.6082430404801
srv-008,2017-06-02 04:00:00,70.51711812416781
srv-008,2017-06-02 05:00:00,70.4585414363185
srv-008,2017-06-02 06:00:00,70.42088695367991
srv-008,2017-06-02 07:00:00,70.39668177177016
srv-008,2017-06-02 08:00:00,70.38112211673793
srv-008,2017-06-02 09:00:00,70.37112000777688
srv-008,2017-06-02 10:00:00,70.36469041897126
srv-008,2017-06-02 11:00:00,70.36055732940345
srv-008,2017-06-02 12:00:00,70.35790048308064
srv-008,2017-06-02 13:00:00,70.35619260032921
srv-008,2017-06-02 14:00:00,70.35509473348324
srv-008,2017-06-02 15:00:00,70.3543889990817
srv-008,2017-06-02 16:00:00,70.35393533655666
srv-008,2017-06-02 17:00:00,70.35364371170999
srv-008,2017-06-02 18:00:00,70.35345624846033
srv-008,2017-06-02 19:00:00,70.3533357427134
srv-008,2017-06-02 20:00:00,70.3532582788101
srv-008,2017-06-02 21:00:00,70.35320848320725
srv-008,2017-06-02 22:00:00,70.35317647343294
srv-008,2017-06-02 23:00:00,70.35315589680381
srv-008,2017-06-03 00:00:00,70.35314266966694
srv-008,2017-06-03 01:00:00,70.353134166955
srv-008,2017-06-03 02:00:00,70.35312870121356
srv-008,2017-06-03 03:00:00,70.35312518770755
srv-008,2017-06-03 04:00:00,70.35312292914398
srv-008,2017-06-03 05:00:00,70.35312147728666
srv-008,2017-06-03 06:00:00,70.35312054399894
srv-008,2017-06-03 07:00:00,70.35311994405983
srv-008,2017-06-03 08:00:00,70.35311955840498
srv-008,2017-06-03 09:00:00,70.35311931049706
srv-008,2017-06-03 10:00:00,70.35311915113607
srv-008,2017-06-03 11:00:00,70.3531190486951
srv-008,2017-06-03 12:00:00,70.35311898284367
srv-008,2017-06-03 13:00:00,70.35311894051283
srv-008,2017-06-03 14:00:00,70.35311891330157
srv-008,2017-06-03 15:00:00,70.35311889580954
srv-008,2017-06-03 16:00:00,70.35311888456526
srv-008,2017-06-03 17:00:00,70.35311887733718
srv-008,2017-06-03 18:00:00,70.3531188726908
srv-008,2017-06-03 19:00:00,70.35311886970399
srv-008,2017-06-03 20:00:00,70.353118867784
srv-008,2017-06-03 21:00:00,70.35311886654979
srv-008,2017-06-03 22:00:00,70.35311886575641
srv-008,2017-06-03 23:00:00,70.35311886524642
srv-008,2017-06-04 00:00:00,70.35311886491857
srv-008,2017-06-04 01:00:00,70.35311886470782
srv-008,2017-06-04 02:00:00,70.35311886457235
srv-008,2017-06-04 03:00:00,70.35311886448527
srv-008,2017-06-04 04:00:00,70.35311886442929
srv-008,2017-06-04 05:00:00,70.35311886439331
srv-008,2017-06-04 06:00:00,70.35311886437017
srv-008,2017-06-04 07:00:00,70.35311886435531
srv-008,2017-06-04 08:00:00,70.35311886434575
srv-008,2017-06-04 09:00:00,70.3531188643396
srv-008,2017-06-04 10:00:00,70.35311886433566
srv-008,2017-06-04 11:00:00,70.35311886433311
srv-008,2017-06-04 12:00:00,70.35311886433148
srv-008,2017-06-04 13:00:00,70.35311886433043
srv-008,2017-06-04 14:00:00,70.35311886432976
srv-008,2017-06-04 15:00:00,70.35311886432932
srv-008,2017-06-04 16:00:00,70.35311886432903
srv-008,2017-06-04 17:00:00,70.35311886432885
srv-008,2017-06-04 18:00:00,70.35311886432874
srv-008,2017-06-04 19:00:00,70.35311886432866
srv-008,2017-06-04 20:00:00,70.35311886432862
srv-008,2017-06-04 21:00:00,70.3531188643286
srv-008,2017-06-04 22:00:00,70.35311886432858
srv-008,2017-06-04 23:00:00,70.35311886432856
srv-008,2017-06-05 00:00:00,70.35311886432855
srv-008,2017-06-05 01:00:00,70.35311886432855
srv-008,2017-06-05 02:00:00,70.35311886432855
srv-008,2017-06-05 03:00:00,70.35311886432855
srv-008,2017-06-05 04:00:00,70.35311886432855
srv-008,2017-06-05 05:00:00,70.35311886432855
srv-008,2017-06-05 06:00:00,70.35311886432855
srv-008,2017-06-05 07:00:00,70.35311886432855
srv-008,2017-06-05 08:00:00,70.35311886432855
srv-008,2017-06-05 09:00:00,70.35311886432855
srv-008,2017-06-05 10:00:00,70.35311886432855
srv-008,2017-06-05 11:00:00,70.35311886432855
srv-008,2017-06-05 12:00:00,70.35311886432855
srv-008,2017-06-05 13:00:00,70.35311886432855
srv-008,2017-06-05 14:00:00,70.35311886432855
srv-008,2017-06-05 15:00:00,70.35311886432855
srv-008,2017-06-05 16:00:00,70.35311886432855
srv-008,2017-06-05 17:00:00,70.35311886432855
srv-008,2017-06-05 18:00:00,70.35311886432855
srv-008,2017-06-05 19:00:00,70.35311886432855
srv-008,2017-06-05 20:00:00,70.35311886432855
srv-008,2017-06-05 21:00:00,70.35311886432855
srv-008,2017-06-05 22:00:00,70.35311886432855
srv-008,2017-06-05 23:00:00,70.35311886432855
srv-008,2017-06-06 00:00:00,70.35311886432855
srv-008,2017-06-06 01:00:00,70.35311886432855
srv-008,2017-06-06 02:00:00,70.35311886432855
srv-008,2017-06-06 03:00:00,70.35311886432855
srv-008,2017-06-06 04:00:00,70.35311886432855
srv-008,2017-06-06 05:00:00,70.35311886432855
srv-008,2017-06-06 06:00:00,70.35311886432855
srv-008,2017-06-06 07:00:00,70.35311886432855
srv-008,2017-06-06 08:00:00,70.35311886432855
srv-008,2017-06-06 09:00:00,70.35311886432855
srv-008,2017-06-06 10:00:00,70.35311886432855
srv-008,2017-06-06 11:00:00,70.35311886432855
srv-008,2017-06-06 12:00:00,70.35311886432855
srv-008,2017-06-06 13:00:00,70.35311886432855
srv-008,2017-06-06 14:00:00,70.35311886432855
srv-008,2017-06-06 15:00:00,70.35311886432855
srv-008,2017-06-06 16:00:00,70.35311886432855
srv-008,2017-06-06 17:00:00,70.35311886432855
srv-008,2017-06-06 18:00:00,70.35311886432855
srv-008,2017-06-06 19:00:00,70.35311886432855
srv-008,2017-06-06 20:00:00,70.35311886432855
srv-008,2017-06-06 21:00:00,70.35311886432855
srv-008,2017-06-06 22:00:00,70.35311886432855
srv-008,2017-06-06 23:00:00,70.35311886432855
srv-008,2017-06-07 00:00:00,70.35311886432855
srv-008,2017-06-07 01:00:00,70.35311886432855
srv-008,2017-06-07 02:00:00,70.35311886432855
srv-008,2017-06-07 03:00:00,70.35311886432855
srv-008,2017-06-07 04:00:00,70.35311886432855
srv-008,2017-06-07 05:00:00,70.35311886432855
srv-008,2017-06-07 06:00:00,70.35311886432855
srv-008,2017-06-07 07:00:00,70.35311886432855
srv-008,2017-06-07 08:00:00,70.35311886432855
srv-008,2017-06-07 09:00:00,70.35311886432855
srv-008,2017-06-07 10:00:00,70.35311886432855
srv-008,2017-06-07 11:00:00,70.35311886432855
srv-008,2017-06-07 12:00:00,70.35311886432855
srv-008,2017-06-07 13:00:00,70.35311886432855
srv-008,2017-06-07 14:00:00,70.35311886432855
srv-008,2017-06-07 15:00:00,70.35311886432855
srv-008,2017-06-07 16:00:00,70.35311886432855
srv-008,2017-06-07 17:00:00,70.35311886432855
srv-008,2017-06-07 18:00:00,70.35311886432855
srv-008,2017-06-07 19:00:00,70.35311886432855
srv-008,2017-06-07 20:00:00,70.35311886432855
srv-008,2017-06-07 21:00:00,70.35311886432855
srv-008,2017-06-07 22:00:00,70.35311886432855
srv-008,2017-06-07 23:00:00,70.35311886432855
srv-008,2017-06-08 00:00:00,70.35311886432855
srv-008,2017-06-08 01:00:00,70.35311886432855
srv-008,2017-06-08 02:00:00,70.35311886432855
srv-008,2017-06-08 03:00:00,70.35311886432855
srv-008,2017-06-08 04:00:00,70.35311886432855
srv-008,2017-06-08 05:00:00,70.35311886432855
srv-008,2017-06-08 06:00:00,70.35311886432855
srv-008,2017-06-08 07:00:00,70.35311886432855
srv-008,2017-06-08 08:00:00,70.35311886432855
srv-008,2017-06-08 09:00:00,70.35311886432855
srv-008,2017-06-08 10:00:00,70.35311886432855
srv-008,2017-06-08 11:00:00,70.35311886432855
srv-008,2017-06-08 12:00:00,70.35311886432855
srv-008,2017-06-08 13:00:00,70.35311886432855
srv-008,2017-06-08 14:00:00,70.35311886432855
srv-008,2017-06-08 15:00:00,70.35311886432855
srv-008,2017-06-08 16:00:00,70.35311886432855
srv-008,2017-06-08 17:00:00,70.35311886432855
srv-008,2017-06-08 18:00:00,70.35311886432855
srv-008,2017-06-08 19:00:00,70.35311886432855
srv-008,2017-06-08 20:00:00,70.35311886432855
srv-008,2017-06-08 21:00:00,70.35311886432855
srv-008,2017-06-08 22:00:00,70.35311886432855
srv-008,2017-06-08 23:00:00,70.35311886432855
srv-008,2017-06-09 00:00:00,70.35311886432855
srv-008,2017-06-09 01:00:00,70.35311886432855
srv-008,2017-06-09 02:00:00,70.35311886432855
srv-008,2017-06-09 03:00:00,70.35311886432855
srv-008,2017-06-09 04:00:00,70.35311886432855
srv-008,2017-06-09 05:00:00,70.35311886432855
srv-008,2017-06-09 06:00:00,70.35311886432855
srv-008,2017-06-09 07:00:00,70.35311886432855
srv-008,2017-06-09 08:00:00,70.35311886432855
srv-008,2017-06-09 09:00:00,70.35311886432855
srv-008,2017-06-09 10:00:00,70.35311886432855
srv-008,2017-06-09 11:00:00,70.35311886432855
srv-008,2017-06-09 12:00:00,70.35311886432855
srv-008,2017-06-09 13:00:00,70.35311886432855
srv-008,2017-06-09 14:00:00,70.35311886432855
srv-008,2017-06-09 15:00:00,70.35311886432855
srv-008,2017-06-09 16:00:00,70.35311886432855
srv-008,2017-06-09 17:00:00,70.35311886432855
srv-008,2017-06-09 18:00:00,70.35311886432855
srv-008,2017-06-09 19:00:00,70.35311886432855
srv-008,2017-06-09 20:00:00,70.35311886432855
srv-008,2017-06-09 21:00:00,70.35311886432855
srv-008,2017-06-09 22:00:00,70.35311886432855
srv-008,2017-06-09 23:00:00,70.35311886432855
srv-008,2017-06-10 00:00:00,70.35311886432855
srv-008,2017-06-10 01:00:00,70.35311886432855
srv-008,2017-06-10 02:00:00,70.35311886432855
srv-008,2017-06-10 03:00:00,70.35311886432855
srv-008,2017-06-10 04:00:00,70.35311886432855
srv-008,2017-06-10 05:00:00,70.35311886432855
srv-008,2017-06-10 06:00:00,70.35311886432855
srv-008,2017-06-10 07:00:00,70.35311886432855
srv-008,2017-06-10 08:00:00,70.35311886432855
srv-008,2017-06-10 09:00:00,70.35311886432855
srv-008,2017-06-10 10:00:00,70.35311886432855
srv-008,2017-06-10 11:00:00,70.35311886432855
srv-008,2017-06-10 12:00:00,70.35311886432855
srv-008,2017-06-10 13:00:00,70.35311886432855
srv-008,2017-06-10 14:00:00,70.35311886432855
srv-008,2017-06-10 15:00:00,70.35311886432855
srv-008,2017-06-10 16:00:00,70.35311886432855
srv-008,2017-06-10 17:00:00,70.35311886432855
srv-008,2017-06-10 18:00:00,70.35311886432855
srv-008,2017-06-10 19:00:00,70.35311886432855
srv-008,2017-06-10 20:00:00,70.35311886432855
srv-008,2017-06-10 21:00:00,70.35311886432855
srv-008,2017-06-10 22:00:00,70.35311886432855
srv-008,2017-06-10 23:00:00,70.35311886432855
srv-008,2017-06-11 00:00:00,70.35311886432855
srv-008,2017-06-11 01:00:00,70.35311886432855
srv-008,2017-06-11 02:00:00,70.35311886432855
srv-008,2017-06-11 03:00:00,70.35311886432855
srv-008,2017-06-11 04:00:00,70.35311886432855
srv-008,2017-06-11 05:00:00,70.35311886432855
srv-008,2017-06-11 06:00:00,70.35311886432855
srv-008,2017-06-11 07:00:00,70.35311886432855
srv-008,2017-06-11 08:00:00,70.35311886432855
srv-008,2017-06-11 09:00:00,70.35311886432855
srv-008,2017-06-11 10:00:00,70.35311886432855
srv-008,2017-06-11 11:00:00,70.35311886432855
srv-008,2017-06-11 12:00:00,70.35311886432855
srv-008,2017-06-11 13:00:00,70.35311886432855
srv-008,2017-06-11 14:00:00,70.35311886432855
srv-008,2017-06-11 15:00:00,70.35311886432855
srv-008,2017-06-11 16:00:00,70.35311886432855
srv-008,2017-06-11 17:00:00,70.35311886432855
srv-008,2017-06-11 18:00:00,70.35311886432855
srv-008,2017-06-11 19:00:00,70.35311886432855
srv-008,2017-06-11 20:00:00,70.35311886432855
srv-008,2017-06-11 21:00:00,70.35311886432855
srv-008,2017-06-11 22:00:00,70.35311886432855
srv-008,2017-06-11 23:00:00,70.35311886432855
srv-008,2017-06-12 00:00:00,70.35311886432855
srv-008,2017-06-12 01:00:00,70.35311886432855
srv-008,2017-06-12 02:00:00,70.35311886432855
srv-008,2017-06-12 03:00:00,70.35311886432855
srv-008,2017-06-12 04:00:00,70.35311886432855
srv-008,2017-06-12 05:00:00,70.35311886432855
srv-008,2017-06-12 06:00:00,70.35311886432855
srv-008,2017-06-12 07:00:00,70.35311886432855
srv-008,2017-06-12 08:00:00,70.35311886432855
srv-008,2017-06-12 09:00:00,70.35311886432855
srv-008,2017-06-12 10:00:00,70.35311886432855
srv-008,2017-06-12 11:00:00,70.35311886432855
srv-008,2017-06-12 12:00:00,70.35311886432855
srv-008,2017-06-12 13:00:00,70.35311886432855
srv-008,2017-06-12 14:00:00,70.35311886432855
srv-008,2017-06-12 15:00:00,70.35311886432855
srv-008,2017-06-12 16:00:00,70.35311886432855
srv-008,2017-06-12 17:00:00,70.35311886432855
srv-008,2017-06-12 18:00:00,70.35311886432855
srv-008,2017-06-12 19:00:00,70.35311886432855
srv-008,2017-06-12 20:00:00,70.35311886432855
srv-008,2017-06-12 21:00:00,70.35311886432855
srv-008,2017-06-12 22:00:00,70.35311886432855
srv-008,2017-06-12 23:00:00,70.35311886432855
srv-008,2017-06-13 00:00:00,70.35311886432855
srv-008,2017-06-13 01:00:00,70.35311886432855
srv-008,2017-06-13 02:00:00,70.35311886432855
srv-008,2017-06-13 03:00:00,70.35311886432855
srv-008,2017-06-13 04:00:00,70.35311886432855
srv-008,2017-06-13 05:00:00,70.35311886432855
srv-008,2017-06-13 06:00:00,70.35311886432855
srv-008,2017-06-13 07:00:00,70.35311886432855
srv-008,2017-06-13 08:00:00,70.35311886432855
srv-008,2017-06-13 09:00:00,70.35311886432855
srv-008,2017-06-13 10:00:00,70.35311886432855
srv-008,2017-06-13 11:00:00,70.35311886432855
srv-008,2017-06-13 12:00:00,70.35311886432855
srv-008,2017-06-13 13:00:00,70.35311886432855
srv-008,2017-06-13 14:00:00,70.35311886432855
srv-008,2017-06-13 15:00:00,70.35311886432855
srv-008,2017-06-13 16:00:00,70.35311886432855
srv-008,2017-06-13 17:00:00,70.35311886432855
srv-008,2017-06-13 18:00:00,70.35311886432855
srv-008,2017-06-13 19:00:00,70.35311886432855
srv-008,2017-06-13 20:00:00,70.35311886432855
srv-008,2017-06-13 21:00:00,70.35311886432855
srv-008,2017-06-13 22:00:00,70.35311886432855
srv-008,2017-06-13 23:00:00,70.35311886432855
srv-008,2017-06-14 00:00:00,70.35311886432855
srv-008,2017-06-14 01:00:00,70.35311886432855
srv-008,2017-06-14 02:00:00,70.35311886432855
srv-008,2017-06-14 03:00:00,70.35311886432855
srv-008,2017-06-14 04:00:00,70.35311886432855
srv-008,2017-06-14 05:00:00,70.35311886432855
srv-008,2017-06-14 06:00:00,70.35311886432855
srv-008,2017-06-14 07:00:00,70.35311886432855
srv-008,2017-06-14 08:00:00,70.35311886432855
srv-008,2017-06-14 09:00:00,70.35311886432855
srv-008,2017-06-14 10:00:00,70.35311886432855
srv-008,2017-06-14 11:00:00,70.35311886432855
srv-008,2017-06-14 12:00:00,70.35311886432855
srv-008,2017-06-14 13:00:00,70.35311886432855
srv-008,2017-06-14 14:00:00,70.35311886432855
srv-008,2017-06-14 15:00:00,70.35311886432855
srv-008,2017-06-14 16:00:00,70.35311886432855
srv-008,2017-06-14 17:00:00,70.35311886432855
srv-008,2017-06-14 18:00:00,70.35311886432855
srv-008,2017-06-14 19:00:00,70.35311886432855
srv-008,2017-06-14 20:00:00,70.35311886432855
srv-008,2017-06-14 21:00:00,70.35311886432855
srv-008,2017-06-14 22:00:00,70.35311886432855
srv-008,2017-06-14 23:00:00,70.35311886432855
srv-008,2017-06-15 00:00:00,70.35311886432855
srv-008,2017-06-15 01:00:00,70.35311886432855
srv-008,2017-06-15 02:00:00,70.35311886432855
srv-008,2017-06-15 03:00:00,70.35311886432855
srv-008,2017-06-15 04:00:00,70.35311886432855
srv-008,2017-06-15 05:00:00,70.35311886432855
srv-008,2017-06-15 06:00:00,70.35311886432855
srv-008,2017-06-15 07:00:00,70.35311886432855
srv-008,2017-06-15 08:00:00,70.35311886432855
srv-008,2017-06-15 09:00:00,70.35311886432855
srv-008,2017-06-15 10:00:00,70.35311886432855
srv-008,2017-06-15 11:00:00,70.35311886432855
srv-008,2017-06-15 12:00:00,70.35311886432855
srv-008,2017-06-15 13:00:00,70.35311886432855
srv-008,2017-06-15 14:00:00,70.35311886432855
srv-008,2017-06-15 15:00:00,70.35311886432855
srv-008,2017-06-15 16:00:00,70.35311886432855
srv-008,2017-06-15 17:00:00,70.35311886432855
srv-008,2017-06-15 18:00:00,70.35311886432855
srv-008,2017-06-15 19:00:00,70.35311886432855
srv-008,2017-06-15 20:00:00,70.35311886432855
srv-008,2017-06-15 21:00:00,70.35311886432855
srv-008,2017-06-15 22:00:00,70.35311886432855
srv-008,2017-06-15 23:00:00,70.35311886432855
srv-008,2017-06-16 00:00:00,70.35311886432855
srv-008,2017-06-16 01:00:00,70.35311886432855
srv-008,2017-06-16 02:00:00,70.35311886432855
srv-008,2017-06-16 03:00:00,70.35311886432855
srv-008,2017-06-16 04:00:00,70.35311886432855
srv-008,2017-06-16 05:00:00,70.35311886432855
srv-008,2017-06-16 06:00:00,70.35311886432855
srv-008,2017-06-16 07:00:00,70.35311886432855
srv-008,2017-06-16 08:00:00,70.35311886432855
srv-008,2017-06-16 09:00:00,70.35311886432855
srv-008,2017-06-16 10:00:00,70.35311886432855
srv-008,2017-06-16 11:00:00,70.35311886432855
srv-008,2017-06-16 12:00:00,70.35311886432855
srv-008,2017-06-16 13:00:00,70.35311886432855
srv-008,2017-06-16 14:00:00,70.35311886432855
srv-008,2017-06-16 15:00:00,70.35311886432855
srv-008,2017-06-16 16:00:00,70.35311886432855
srv-008,2017-06-16 17:00:00,70.35311886432855
srv-008,2017-06-16 18:00:00,70.35311886432855
srv-008,2017-06-16 19:00:00,70.35311886432855
srv-008,2017-06-16 20:00:00,70.35311886432855
srv-008,2017-06-16 21:00:00,70.35311886432855
srv-008,2017-06-16 22:00:00,70.35311886432855
srv-008,2017-06-16 23:00:00,70.35311886432855
srv-008,2017-06-17 00:00:00,70.35311886432855
srv-008,2017-06-17 01:00:00,70.35311886432855
srv-008,2017-06-17 02:00:00,70.35311886432855
srv-008,2017-06-17 03:00:00,70.35311886432855
srv-008,2017-06-17 04:00:00,70.35311886432855
srv-008,2017-06-17 05:00:00,70.35311886432855
srv-008,2017-06-17 06:00:00,70.35311886432855
srv-008,2017-06-17 07:00:00,70.35311886432855
srv-008,2017-06-17 08:00:00,70.35311886432855
srv-008,2017-06-17 09:00:00,70.35311886432855
srv-008,2017-06-17 10:00:00,70.35311886432855
srv-008,2017-06-17 11:00:00,70.35311886432855
srv-008,2017-06-17 12:00:00,70.35311886432855
srv-008,2017-06-17 13:00:00,70.35311886432855
srv-008,2017-06-17 14:00:00,70.35311886432855
srv-008,2017-06-17 15:00:00,70.35311886432855
srv-008,2017-06-17 16:00:00,70.35311886432855
srv-008,2017-06-17 17:00:00,70.35311886432855
srv-008,2017-06-17 18:00:00,70.35311886432855
srv-008,2017-06-17 19:00:00,70.35311886432855
srv-008,2017-06-17 20:00:00,70.35311886432855
srv-008,2017-06-17 21:00:00,70.35311886432855
srv-008,2017-06-17 22:00:00,70.35311886432855
srv-008,2017-06-17 23:00:00,70.35311886432855
srv-008,2017-06-18 00:00:00,70.35311886432855
srv-008,2017-06-18 01:00:00,70.35311886432855
srv-008,2017-06-18 02:00:00,70.35311886432855
srv-008,2017-06-18 03:00:00,70.35311886432855
srv-008,2017-06-18 04:00:00,70.35311886432855
srv-008,2017-06-18 05:00:00,70.35311886432855
srv-008,2017-06-18 06:00:00,70.35311886432855
srv-008,2017-06-18 07:00:00,70.35311886432855
srv-008,2017-06-18 08:00:00,70.35311886432855
srv-008,2017-06-18 09:00:00,70.35311886432855
srv-008,2017-06-18 10:00:00,70.35311886432855
srv-008,2017-06-18 11:00:00,70.35311886432855
srv-008,2017-06-18 12:00:00,70.35311886432855
srv-008,2017-06-18 13:00:00,70.35311886432855
srv-008,2017-06-18 14:00:00,70.35311886432855
srv-008,2017-06-18 15:00:00,70.35311886432855
srv-008,2017-06-18 16:00:00,70.35311886432855
srv-008,2017-06-18 17:00:00,70.35311886432855
srv-008,2017-06-18 18:00:00,70.35311886432855
srv-008,2017-06-18 19:00:00,70.35311886432855
srv-008,2017-06-18 20:00:00,70.35311886432855
srv-008,2017-06-18 21:00:00,70.35311886432855
srv-008,2017-06-18 22:00:00,70.35311886432855
srv-008,2017-06-18 23:00:00,70.35311886432855
srv-008,2017-06-19 00:00:00,70.35311886432855
srv-008,2017-06-19 01:00:00,70.35311886432855
srv-008,2017-06-19 02:00:00,70.35311886432855
srv-008,2017-06-19 03:00:00,70.35311886432855
srv-008,2017-06-19 04:00:00,70.35311886432855
srv-008,2017-06-19 05:00:00,70.35311886432855
srv-008,2017-06-19 06:00:00,70.35311886432855
srv-008,2017-06-19 07:00:00,70.35311886432855
srv-008,2017-06-19 08:00:00,70.35311886432855
srv-008,2017-06-19 09:00:00,70.35311886432855
srv-008,2017-06-19 10:00:00,70.35311886432855
srv-008,2017-06-19 11:00:00,70.35311886432855
srv-008,2017-06-19 12:00:00,70.35311886432855
srv-008,2017-06-19 13:00:00,70.35311886432855
srv-008,2017-06-19 14:00:00,70.35311886432855
srv-008,2017-06-19 15:00:00,70.35311886432855
srv-008,2017-06-19 16:00:00,70.35311886432855
srv-008,2017-06-19 17:00:00,70.35311886432855
srv-008,2017-06-19 18:00:00,70.35311886432855
srv-008,2017-06-19 19:00:00,70.35311886432855
srv-008,2017-06-19 20:00:00,70.35311886432855
srv-008,2017-06-19 21:00:00,70.35311886432855
srv-008,2017-06-19 22:00:00,70.35311886432855
srv-008,2017-06-19 23:00:00,70.35311886432855
srv-008,2017-06-20 00:00:00,70.35311886432855
srv-008,2017-06-20 01:00:00,70.35311886432855
srv-008,2017-06-20 02:00:00,70.35311886432855
srv-008,2017-06-20 03:00:00,70.35311886432855
srv-008,2017-06-20 04:00:00,70.35311886432855
srv-008,2017-06-20 05:00:00,70.35311886432855
srv-008,2017-06-20 06:00:00,70.35311886432855
srv-008,2017-06-20 07:00:00,70.35311886432855
srv-008,2017-06-20 08:00:00,70.35311886432855
srv-008,2017-06-20 09:00:00,70.35311886432855
srv-008,2017-06-20 10:00:00,70.35311886432855
srv-008,2017-06-20 11:00:00,70.35311886432855
srv-008,2017-06-20 12:00:00,70.35311886432855
srv-008,2017-06-20 13:00:00,70.35311886432855
srv-008,2017-06-20 14:00:00,70.35311886432855
srv-008,2017-06-20 15:00:00,70.35311886432855
srv-008,2017-06-20 16:00:00,70.35311886432855
srv-008,2017-06-20 17:00:00,70.35311886432855
srv-008,2017-06-20 18:00:00,70.35311886432855
srv-008,2017-06-20 19:00:00,70.35311886432855
srv-008,2017-06-20 20:00:00,70.35311886432855
srv-008,2017-06-20 21:00:00,70.35311886432855
srv-008,2017-06-20 22:00:00,70.35311886432855
srv-008,2017-06-20 23:00:00,70.35311886432855
srv-008,2017-06-21 00:00:00,70.35311886432855
srv-008,2017-06-21 01:00:00,70.35311886432855
srv-008,2017-06-21 02:00:00,70.35311886432855
srv-008,2017-06-21 03:00:00,70.35311886432855
srv-008,2017-06-21 04:00:00,70.35311886432855
srv-008,2017-06-21 05:00:00,70.35311886432855
srv-008,2017-06-21 06:00:00,70.35311886432855
srv-008,2017-06-21 07:00:00,70.35311886432855
srv-008,2017-06-21 08:00:00,70.35311886432855
srv-008,2017-06-21 09:00:00,70.35311886432855
srv-008,2017-06-21 10:00:00,70.35311886432855
srv-008,2017-06-21 11:00:00,70.35311886432855
srv-008,2017-06-21 12:00:00,70.35311886432855
srv-008,2017-06-21 13:00:00,70.35311886432855
srv-008,2017-06-21 14:00:00,70.35311886432855
srv-008,2017-06-21 15:00:00,70.35311886432855
srv-008,2017-06-21 16:00:00,70.35311886432855
srv-008,2017-06-21 17:00:00,70.35311886432855
srv-008,2017-06-21 18:00:00,70.35311886432855
srv-008,2017-06-21 19:00:00,70.35311886432855
srv-008,2017-06-21 20:00:00,70.35311886432855
srv-008,2017-06-21 21:00:00,70.35311886432855
srv-008,2017-06-21 22:00:00,70.35311886432855
srv-008,2017-06-21 23:00:00,70.35311886432855
srv-008,2017-06-22 00:00:00,70.35311886432855
srv-008,2017-06-22 01:00:00,70.35311886432855
srv-008,2017-06-22 02:00:00,70.35311886432855
srv-008,2017-06-22 03:00:00,70.35311886432855
srv-008,2017-06-22 04:00:00,70.35311886432855
srv-008,2017-06-22 05:00:00,70.35311886432855
srv-008,2017-06-22 06:00:00,70.35311886432855
srv-008,2017-06-22 07:00:00,70.35311886432855
srv-008,2017-06-22 08:00:00,70.35311886432855
srv-008,2017-06-22 09:00:00,70.35311886432855
srv-008,2017-06-22 10:00:00,70.35311886432855
srv-008,2017-06-22 11:00:00,70.35311886432855
srv-008,2017-06-22 12:00:00,70.35311886432855
srv-008,2017-06-22 13:00:00,70.35311886432855
srv-008,2017-06-22 14:00:00,70.35311886432855
srv-008,2017-06-22 15:00:00,70.35311886432855
srv-008,2017-06-22 16:00:00,70.35311886432855
srv-008,2017-06-22 17:00:00,70.35311886432855
srv-008,2017-06-22 18:00:00,70.35311886432855
srv-008,2017-06-22 19:00:00,70.35311886432855
srv-008,2017-06-22 20:00:00,70.35311886432855
srv-008,2017-06-22 21:00:00,70.35311886432855
srv-008,2017-06-22 22:00:00,70.35311886432855
srv-008,2017-06-22 23:00:00,70.35311886432855
srv-008,2017-06-23 00:00:00,70.35311886432855
srv-008,2017-06-23 01:00:00,70.35311886432855
srv-008,2017-06-23 02:00:00,70.35311886432855
srv-008,2017-06-23 03:00:00,70.35311886432855
srv-008,2017-06-23 04:00:00,70.35311886432855
srv-008,2017-06-23 05:00:00,70.35311886432855
srv-008,2017-06-23 06:00:00,70.35311886432855
srv-008,2017-06-23 07:00:00,70.35311886432855
srv-008,2017-06-23 08:00:00,70.35311886432855
srv-008,2017-06-23 09:00:00,70.35311886432855
srv-008,2017-06-23 10:00:00,70.35311886432855
srv-008,2017-06-23 11:00:00,70.35311886432855
srv-008,2017-06-23 12:00:00,70.35311886432855
srv-008,2017-06-23 13:00:00,70.35311886432855
srv-008,2017-06-23 14:00:00,70.35311886432855
srv-008,2017-06-23 15:00:00,70.35311886432855
srv-008,2017-06-23 16:00:00,70.35311886432855
srv-008,2017-06-23 17:00:00,70.35311886432855
srv-008,2017-06-23 18:00:00,70.35311886432855
srv-008,2017-06-23 19:00:00,70.35311886432855
srv-008,2017-06-23 20:00:00,70.35311886432855
srv-008,2017-06-23 21:00:00,70.35311886432855
srv-008,2017-06-23 22:00:00,70.35311886432855
srv-008,2017-06-23 23:00:00,70.35311886432855
srv-008,2017-06-24 00:00:00,70.35311886432855
srv-008,2017-06-24 01:00:00,70.35311886432855
srv-008,2017-06-24 02:00:00,70.35311886432855
srv-008,2017-06-24 03:00:00,70.35311886432855
srv-008,2017-06-24 04:00:00,70.35311886432855
srv-008,2017-06-24 05:00:00,70.35311886432855
srv-008,2017-06-24 06:00:00,70.35311886432855
srv-008,2017-06-24 07:00:00,70.35311886432855
srv-008,2017-06-24 08:00:00,70.35311886432855
srv-008,2017-06-24 09:00:00,70.35311886432855
srv-008,2017-06-24 10:00:00,70.35311886432855
srv-008,2017-06-24 11:00:00,70.35311886432855
srv-008,2017-06-24 12:00:00,70.35311886432855
srv-008,2017-06-24 13:00:00,70.35311886432855
srv-008,2017-06-24 14:00:00,70.35311886432855
srv-008,2017-06-24 15:00:00,70.35311886432855
srv-008,2017-06-24 16:00:00,70.35311886432855
srv-008,2017-06-24 17:00:00,70.35311886432855
srv-008,2017-06-24 18:00:00,70.35311886432855
srv-008,2017-06-24 19:00:00,70.35311886432855
srv-008,2017-06-24 20:00:00,70.35311886432855
srv-008,2017-06-24 21:00:00,70.35311886432855
srv-008,2017-06-24 22:00:00,70.35311886432855
srv-008,2017-06-24 23:00:00,70.35311886432855
srv-008,2017-06-25 00:00:00,70.35311886432855
srv-008,2017-06-25 01:00:00,70.35311886432855
srv-008,2017-06-25 02:00:00,70.35311886432855
srv-008,2017-06-25 03:00:00,70.35311886432855
srv-008,2017-06-25 04:00:00,70.35311886432855
srv-008,2017-06-25 05:00:00,70.35311886432855
srv-008,2017-06-25 06:00:00,70.35311886432855
srv-008,2017-06-25 07:00:00,70.35311886432855
srv-008,2017-06-25 08:00:00,70.35311886432855
srv-008,2017-06-25 09:00:00,70.35311886432855
srv-008,2017-06-25 10:00:00,70.35311886432855
srv-008,2017-06-25 11:00:00,70.35311886432855
srv-008,2017-06-25 12:00:00,70.35311886432855
srv-008,2017-06-25 13:00:00,70.35311886432855
srv-008,2017-06-25 14:00:00,70.35311886432855
srv-008,2017-06-25 15:00:00,70.35311886432855
srv-008,2017-06-25 16:00:00,70.35311886432855
srv-008,2017-06-25 17:00:00,70.35311886432855
srv-008,2017-06-25 18:00:00,70.35311886432855
srv-008,2017-06-25 19:00:00,70.35311886432855
srv-008,2017-06-25 20:00:00,70.35311886432855
srv-008,2017-06-25 21:00:00,70.35311886432855
srv-008,2017-06-25 22:00:00,70.35311886432855
srv-008,2017-06-25 23:00:00,70.35311886432855
srv-008,2017-06-26 00:00:00,70.35311886432855
srv-008,2017-06-26 01:00:00,70.35311886432855
srv-008,2017-06-26 02:00:00,70.35311886432855
srv-008,2017-06-26 03:00:00,70.35311886432855
srv-008,2017-06-26 04:00:00,70.35311886432855
srv-008,2017-06-26 05:00:00,70.35311886432855
srv-008,2017-06-26 06:00:00,70.35311886432855
srv-008,2017-06-26 07:00:00,70.35311886432855
srv-008,2017-06-26 08:00:00,70.35311886432855
srv-008,2017-06-26 09:00:00,70.35311886432855
srv-008,2017-06-26 10:00:00,70.35311886432855
srv-008,2017-06-26 11:00:00,70.35311886432855
srv-008,2017-06-26 12:00:00,70.35311886432855
srv-008,2017-06-26 13:00:00,70.35311886432855
srv-008,2017-06-26 14:00:00,70.35311886432855
srv-008,2017-06-26 15:00:00,70.35311886432855
srv-008,2017-06-26 16:00:00,70.35311886432855
srv-008,2017-06-26 17:00:00,70.35311886432855
srv-008,2017-06-26 18:00:00,70.35311886432855
srv-008,2017-06-26 19:00:00,70.35311886432855
srv-008,2017-06-26 20:00:00,70.35311886432855
srv-008,2017-06-26 21:00:00,70.35311886432855
srv-008,2017-06-26 22:00:00,70.35311886432855
srv-008,2017-06-26 23:00:00,70.35311886432855
srv-008,2017-06-27 00:00:00,70.35311886432855
srv-008,2017-06-27 01:00:00,70.35311886432855
srv-008,2017-06-27 02:00:00,70.35311886432855
srv-008,2017-06-27 03:00:00,70.35311886432855
srv-008,2017-06-27 04:00:00,70.35311886432855
srv-008,2017-06-27 05:00:00,70.35311886432855
srv-008,2017-06-27 06:00:00,70.35311886432855
srv-008,2017-06-27 07:00:00,70.35311886432855
srv-008,2017-06-27 08:00:00,70.35311886432855
srv-008,2017-06-27 09:00:00,70.35311886432855
srv-008,2017-06-27 10:00:00,70.35311886432855
srv-008,2017-06-27 11:00:00,70.35311886432855
srv-008,2017-06-27 12:00:00,70.35311886432855
srv-008,2017-06-27 13:00:00,70.35311886432855
srv-008,2017-06-27 14:00:00,70.35311886432855
srv-008,2017-06-27 15:00:00,70.35311886432855
srv-008,2017-06-27 16:00:00,70.35311886432855
srv-008,2017-06-27 17:00:00,70.35311886432855
srv-008,2017-06-27 18:00:00,70.35311886432855
srv-008,2017-06-27 19:00:00,70.35311886432855
srv-008,2017-06-27 20:00:00,70.35311886432855
srv-008,2017-06-27 21:00:00,70.35311886432855
srv-008,2017-06-27 22:00:00,70.35311886432855
srv-008,2017-06-27 23:00:00,70.35311886432855
srv-008,2017-06-28 00:00:00,70.35311886432855
srv-008,2017-06-28 01:00:00,70.35311886432855
srv-008,2017-06-28 02:00:00,70.35311886432855
srv-008,2017-06-28 03:00:00,70.35311886432855
srv-008,2017-06-28 04:00:00,70.35311886432855
srv-008,2017-06-28 05:00:00,70.35311886432855
srv-008,2017-06-28 06:00:00,70.35311886432855
srv-008,2017-06-28 07:00:00,70.35311886432855
srv-008,2017-06-28 08:00:00,70.35311886432855
srv-008,2017-06-28 09:00:00,70.35311886432855
srv-008,2017-06-28 10:00:00,70.35311886432855
srv-008,2017-06-28 11:00:00,70.35311886432855
srv-008,2017-06-28 12:00:00,70.35311886432855
srv-008,2017-06-28 13:00:00,70.35311886432855
srv-008,2017-06-28 14:00:00,70.35311886432855
srv-008,2017-06-28 15:00:00,70.35311886432855
srv-008,2017-06-28 16:00:00,70.35311886432855
srv-008,2017-06-28 17:00:00,70.35311886432855
srv-008,2017-06-28 18:00:00,70.35311886432855
srv-008,2017-06-28 19:00:00,70.35311886432855
srv-008,2017-06-28 20:00:00,70.35311886432855
srv-008,2017-06-28 21:00:00,70.35311886432855
srv-008,2017-06-28 22:00:00,70.35311886432855
srv-008,2017-06-28 23:00:00,70.35311886432855
srv-008,2017-06-29 00:00:00,70.35311886432855
srv-008,2017-06-29 01:00:00,70.35311886432855
srv-008,2017-06-29 02:00:00,70.35311886432855
srv-008,2017-06-29 03:00:00,70.35311886432855
srv-008,2017-06-29 04:00:00,70.35311886432855
srv-008,2017-06-29 05:00:00,70.35311886432855
srv-008,2017-06-29 06:00:00,70.35311886432855
srv-008,2017-06-29 07:00:00,70.35311886432855
srv-008,2017-06-29 08:00:00,70.35311886432855
srv-008,2017-06-29 09:00:00,70.35311886432855
srv-008,2017-06-29 10:00:00,70.35311886432855
srv-008,2017-06-29 11:00:00,70.35311886432855
srv-008,2017-06-29 12:00:00,70.35311886432855
srv-008,2017-06-29 13:00:00,70.35311886432855
srv-008,2017-06-29 14:00:00,70.35311886432855
srv-008,2017-06-29 15:00:00,70.35311886432855
srv-008,2017-06-29 16:00:00,70.35311886432855
srv-008,2017-06-29 17:00:00,70.35311886432855
srv-008,2017-06-29 18:00:00,70.35311886432855
srv-008,2017-06-29 19:00:00,70.35311886432855
srv-008,2017-06-29 20:00:00,70.35311886432855
srv-008,2017-06-29 21:00:00,70.35311886432855
srv-008,2017-06-29 22:00:00,70.35311886432855
srv-008,2017-06-29 23:00:00,70.35311886432855
srv-008,2017-06-30 00:00:00,70.35311886432855
srv-008,2017-06-30 01:00:00,70.35311886432855
srv-008,2017-06-30 02:00:00,70.35311886432855
srv-008,2017-06-30 03:00:00,70.35311886432855
srv-008,2017-06-30 04:00:00,70.35311886432855
srv-008,2017-06-30 05:00:00,70.35311886432855
srv-008,2017-06-30 06:00:00,70.35311886432855
srv-008,2017-06-30 07:00:00,70.35311886432855
srv-008,2017-06-30 08:00:00,70.35311886432855
srv-008,2017-06-30 09:00:00,70.35311886432855
srv-008,2017-06-30 10:00:00,70.35311886432855
srv-008,2017-06-30 11:00:00,70.35311886432855
srv-008,2017-06-30 12:00:00,70.35311886432855
srv-008,2017-06-30 13:00:00,70.35311886432855
srv-008,2017-06-30 14:00:00,70.35311886432855
srv-008,2017-06-30 15:00:00,70.35311886432855
srv-008,2017-06-30 16:00:00,70.35311886432855
srv-008,2017-06-30 17:00:00,70.35311886432855
srv-008,2017-06-30 18:00:00,70.35311886432855
srv-008,2017-06-30 19:00:00,70.35311886432855
srv-008,2017-06-30 20:00:00,70.35311886432855
srv-008,2017-06-30 21:00:00,70.35311886432855
srv-008,2017-06-30 22:00:00,70.35311886432855
srv-008,2017-06-30 23:00:00,70.35311886432855
srv-009,2017-06-01 23:00:00,35.21801855682284
srv-009,2017-06-02 00:00:00,34.48267567921803
srv-009,2017-06-02 01:00:00,34.053849499283835
srv-009,2017-06-02 02:00:00,33.791320595277675
srv-009,2017-06-02 03:00:00,33.6316693807683
srv-009,2017-06-02 04:00:00,33.53472284604734
srv-009,2017-06-02 05:00:00,33.47583224036779
srv-009,2017-06-02 06:00:00,33.440057687688
srv-009,2017-06-02 07:00:00,33.418325897981845
srv-009,2017-06-02 08:00:00,33.405124598873265
srv-009,2017-06-02 09:00:00,33.3971052681739
srv-009,2017-06-02 10:00:00,33.392233803460314
srv-009,2017-06-02 11:00:00,33.389274558005205
srv-009,2017-06-02 12:00:00,33.38747691926565
srv-009,2017-06-02 13:00:00,33.386384916223264
srv-009,2017-06-02 14:00:00,33.38572156233676
srv-009,2017-06-02 15:00:00,33.38531859791116
srv-009,2017-06-02 16:00:00,33.38507381103103
srv-009,2017-06-02 17:00:00,33.384925111510974
srv-009,2017-06-02 18:00:00,33.38483478172184
srv-009,2017-06-02 19:00:00,33.38477990951512
srv-009,2017-06-02 20:00:00,33.38474657655708
srv-009,2017-06-02 21:00:00,33.38472632794384
srv-009,2017-06-02 22:00:00,33.3847140276152
srv-009,2017-06-02 23:00:00,33.38470655559316
srv-009,2017-06-03 00:00:00,33.384702016599526
srv-009,2017-06-03 01:00:00,33.38469925931868
srv-009,2017-06-03 02:00:00,33.38469758436642
srv-009,2017-06-03 03:00:00,33.38469656689115
srv-009,2017-06-03 04:00:00,33.3846959488103
srv-009,2017-06-03 05:00:00,33.38469557334766
srv-009,2017-06-03 06:00:00,33.38469534526717
srv-009,2017-06-03 07:00:00,33.384695206716195
srv-009,2017-06-03 08:00:00,33.38469512255129
srv-009,2017-06-03 09:00:00,33.38469507142404
srv-009,2017-06-03 10:00:00,33.38469504036601
srv-009,2017-06-03 11:00:00,33.38469502149934
srv-009,2017-06-03 12:00:00,33.38469501003849
srv-009,2017-06-03 13:00:00,33.38469500307642
srv-009,2017-06-03 14:00:00,33.38469499884721
srv-009,2017-06-03 15:00:00,33.38469499627811
srv-009,2017-06-03 16:00:00,33.38469499471747
srv-009,2017-06-03 17:00:00,33.384694993769436
srv-009,2017-06-03 18:00:00,33.38469499319354
srv-009,2017-06-03 19:00:00,33.384694992843706
srv-009,2017-06-03 20:00:00,33.38469499263119
srv-009,2017-06-03 21:00:00,33.38469499250209
srv-009,2017-06-03 22:00:00,33.38469499242367
srv-009,2017-06-03 23:00:00,33.38469499237603
srv-009,2017-06-04 00:00:00,33.38469499234709
srv-009,2017-06-04 01:00:00,33.384694992329514
srv-009,2017-06-04 02:00:00,33.384694992318835
srv-009,2017-06-04 03:00:00,33.38469499231235
srv-009,2017-06-04 04:00:00,33.384694992308404
srv-009,2017-06-04 05:00:00,33.38469499230601
srv-009,2017-06-04 06:00:00,33.38469499230455
srv-009,2017-06-04 07:00:00,33.38469499230367
srv-009,2017-06-04 08:00:00,33.38469499230313
srv-009,2017-06-04 09:00:00,33.384694992302805
srv-009,2017-06-04 10:00:00,33.384694992302606
srv-009,2017-06-04 11:00:00,33.384694992302485
srv-009,2017-06-04 12:00:00,33.384694992302414
srv-009,2017-06-04 13:00:00,33.38469499230237
srv-009,2017-06-04 14:00:00,33.38469499230234
srv-009,2017-06-04 15:00:00,33.38469499230233
srv-009,2017-06-04 16:00:00,33.38469499230232
srv-009,2017-06-04 17:00:00,33.384694992302315
srv-009,2017-06-04 18:00:00,33.38469499230231
srv-009,2017-06-04 19:00:00,33.38469499230231
srv-009,2017-06-04 20:00:00,33.38469499230231
srv-009,2017-06-04 21:00:00,33.38469499230231
srv-009,2017-06-04 22:00:00,33.38469499230231
srv-009,2017-06-04 23:00:00,33.38469499230231
srv-009,2017-06-05 00:00:00,33.38469499230231
srv-009,2017-06-05 01:00:00,33.38469499230231
srv-009,2017-06-05 02:00:00,33.38469499230231
srv-009,2017-06-05 03:00:00,33.38469499230231
srv-009,2017-06-05 04:00:00,33.38469499230231
srv-009,2017-06-05 05:00:00,33.38469499230231
srv-009,2017-06-05 06:00:00,33.38469499230231
srv-009,2017-06-05 07:00:00,33.38469499230231
srv-009,2017-06-05 08:00:00,33.38469499230231
srv-009,2017-06-05 09:00:00,33.38469499230231
srv-009,2017-06-05 10:00:00,33.38469499230231
srv-009,2017-06-05 11:00:00,33.38469499230231
srv-009,2017-06-05 12:00:00,33.38469499230231
srv-009,2017-06-05 13:00:00,33.38469499230231
srv-009,2017-06-05 14:00:00,33.38469499230231
srv-009,2017-06-05 15:00:00,33.38469499230231
srv-009,2017-06-05 16:00:00,33.38469499230231
srv-009,2017-06-05 17:00:00,33.38469499230231
srv-009,2017-06-05 18:00:00,33.38469499230231
srv-009,2017-06-05 19:00:00,33.38469499230231
srv-009,2017-06-05 20:00:00,33.38469499230231
srv-009,2017-06-05 21:00:00,33.38469499230231
srv-009,2017-06-05 22:00:00,33.38469499230231
srv-009,2017-06-05 23:00:00,33.38469499230231
srv-009,2017-06-06 00:00:00,33.38469499230231
srv-009,2017-06-06 01:00:00,33.38469499230231
srv-009,2017-06-06 02:00:00,33.38469499230231
srv-009,2017-06-06 03:00:00,33.38469499230231
srv-009,2017-06-06 04:00:00,33.38469499230231
srv-009,2017-06-06 05:00:00,33.38469499230231
srv-009,2017-06-06 06:00:00,33.38469499230231
srv-009,2017-06-06 07:00:00,33.38469499230231
srv-009,2017-06-06 08:00:00,33.38469499230231
srv-009,2017-06-06 09:00:00,33.38469499230231
srv-009,2017-06-06 10:00:00,33.38469499230231
srv-009,2017-06-06 11:00:00,33.38469499230231
srv-009,2017-06-06 12:00:00,33.38469499230231
srv-009,2017-06-06 13:00:00,33.38469499230231
srv-009,2017-06-06 14:00:00,33.38469499230231
srv-009,2017-06-06 15:00:00,33.38469499230231
srv-009,2017-06-06 16:00:00,33.38469499230231
srv-009,2017-06-06 17:00:00,33.38469499230231
srv-009,2017-06-06 18:00:00,33.38469499230231
srv-009,2017-06-06 19:00:00,33.38469499230231
srv-009,2017-06-06 20:00:00,33.38469499230231
srv-009,2017-06-06 21:00:00,33.38469499230231
srv-009,2017-06-06 22:00:00,33.38469499230231
srv-009,2017-06-06 23:00:00,33.38469499230231
srv-009,2017-06-07 00:00:00,33.38469499230231
srv-009,2017-06-07 01:00:00,33.38469499230231
srv-009,2017-06-07 02:00:00,33.38469499230231
srv-009,2017-06-07 03:00:00,33.38469499230231
srv-009,2017-06-07 04:00:00,33.38469499230231
srv-009,2017-06-07 05:00:00,33.38469499230231
srv-009,2017-06-07 06:00:00,33.38469499230231
srv-009,2017-06-07 07:00:00,33.38469499230231
srv-009,2017-06-07 08:00:00,33.38469499230231
srv-009,2017-06-07 09:00:00,33.38469499230231
srv-009,2017-06-07 10:00:00,33.38469499230231
srv-009,2017-06-07 11:00:00,33.38469499230231
srv-009,2017-06-07 12:00:00,33.38469499230231
srv-009,2017-06-07 13:00:00,33.38469499230231
srv-009,2017-06-07 14:00:00,33.38469499230231
srv-009,2017-06-07 15:00:00,33.38469499230231
srv-009,2017-06-07 16:00:00,33.38469499230231
srv-009,2017-06-07 17:00:00,33.38469499230231
srv-009,2017-06-07 18:00:00,33.38469499230231
srv-009,2017-06-07 19:00:00,33.38469499230231
srv-009,2017-06-07 20:00:00,33.38469499230231
srv-009,2017-06-07 21:00:00,33.38469499230231
srv-009,2017-06-07 22:00:00,33.38469499230231
srv-009,2017-06-07 23:00:00,33.38469499230231
srv-009,2017-06-08 00:00:00,33.38469499230231
srv-009,2017-06-08 01:00:00,33.38469499230231
srv-009,2017-06-08 02:00:00,33.38469499230231
srv-009,2017-06-08 03:00:00,33.38469499230231
srv-009,2017-06-08 04:00:00,33.38469499230231
srv-009,2017-06-08 05:00:00,33.38469499230231
srv-009,2017-06-08 06:00:00,33.38469499230231
srv-009,2017-06-08 07:00:00,33.38469499230231
srv-009,2017-06-08 08:00:00,33.38469499230231
srv-009,2017-06-08 09:00:00,33.38469499230231
srv-009,2017-06-08 10:00:00,33.38469499230231
srv-009,2017-06-08 11:00:00,33.38469499230231
srv-009,2017-06-08 12:00:00,33.38469499230231
srv-009,2017-06-08 13:00:00,33.38469499230231
srv-009,2017-06-08 14:00:00,33.38469499230231
srv-009,2017-06-08 15:00:00,33.38469499230231
srv-009,2017-06-08 16:00:00,33.38469499230231
srv-009,2017-06-08 17:00:00,33.38469499230231
srv-009,2017-06-08 18:00:00,33.38469499230231
srv-009,2017-06-08 19:00:00,33.38469499230231
srv-009,2017-06-08 20:00:00,33.38469499230231
srv-009,2017-06-08 21:00:00,33.38469499230231
srv-009,2017-06-08 22:00:00,33.38469499230231
srv-009,2017-06-08 23:00:00,33.38469499230231
srv-009,2017-06-09 00:00:00,33.38469499230231
srv-009,2017-06-09 01:00:00,33.38469499230231
srv-009,2017-06-09 02:00:00,33.38469499230231
srv-009,2017-06-09 03:00:00,33.38469499230231
srv-009,2017-06-09 04:00:00,33.38469499230231
srv-009,2017-06-09 05:00:00,33.38469499230231
srv-009,2017-06-09 06:00:00,33.38469499230231
srv-009,2017-06-09 07:00:00,33.38469499230231
srv-009,2017-06-09 08:00:00,33.38469499230231
srv-009,2017-06-09 09:00:00,33.38469499230231
srv-009,2017-06-09 10:00:00,33.38469499230231
srv-009,2017-06-09 11:00:00,33.38469499230231
srv-009,2017-06-09 12:00:00,33.38469499230231
srv-009,2017-06-09 13:00:00,33.38469499230231
srv-009,2017-06-09 14:00:00,33.38469499230231
srv-009,2017-06-09 15:00:00,33.38469499230231
srv-009,2017-06-09 16:00:00,33.38469499230231
srv-009,2017-06-09 17:00:00,33.38469499230231
srv-009,2017-06-09 18:00:00,33.38469499230231
srv-009,2017-06-09 19:00:00,33.38469499230231
srv-009,2017-06-09 20:00:00,33.38469499230231
srv-009,2017-06-09 21:00:00,33.38469499230231
srv-009,2017-06-09 22:00:00,33.38469499230231
srv-009,2017-06-09 23:00:00,33.38469499230231
srv-009,2017-06-10 00:00:00,33.38469499230231
srv-009,2017-06-10 01:00:00,33.38469499230231
srv-009,2017-06-10 02:00:00,33.38469499230231
srv-009,2017-06-10 03:00:00,33.38469499230231
srv-009,2017-06-10 04:00:00,33.38469499230231
srv-009,2017-06-10 05:00:00,33.38469499230231
srv-009,2017-06-10 06:00:00,33.38469499230231
srv-009,2017-06-10 07:00:00,33.38469499230231
srv-009,2017-06-10 08:00:00,33.38469499230231
srv-009,2017-06-10 09:00:00,33.38469499230231
srv-009,2017-06-10 10:00:00,33.38469499230231
srv-009,2017-06-10 11:00:00,33.38469499230231
srv-009,2017-06-10 12:00:00,33.38469499230231
srv-009,2017-06-10 13:00:00,33.38469499230231
srv-009,2017-06-10 14:00:00,33.38469499230231
srv-009,2017-06-10 15:00:00,33.38469499230231
srv-009,2017-06-10 16:00:00,33.38469499230231
srv-009,2017-06-10 17:00:00,33.38469499230231
srv-009,2017-06-10 18:00:00,33.38469499230231
srv-009,2017-06-10 19:00:00,33.38469499230231
srv-009,2017-06-10 20:00:00,33.38469499230231
srv-009,2017-06-10 21:00:00,33.38469499230231
srv-009,2017-06-10 22:00:00,33.38469499230231
srv-009,2017-06-10 23:00:00,33.38469499230231
srv-009,2017-06-11 00:00:00,33.38469499230231
srv-009,2017-06-11 01:00:00,33.38469499230231
srv-009,2017-06-11 02:00:00,33.38469499230231
srv-009,2017-06-11 03:00:00,33.38469499230231
srv-009,2017-06-11 04:00:00,33.38469499230231
srv-009,2017-06-11 05:00:00,33.38469499230231
srv-009,2017-06-11 06:00:00,33.38469499230231
srv-009,2017-06-11 07:00:00,33.38469499230231
srv-009,2017-06-11 08:00:00,33.38469499230231
srv-009,2017-06-11 09:00:00,33.38469499230231
srv-009,2017-06-11 10:00:00,33.38469499230231
srv-009,2017-06-11 11:00:00,33.38469499230231
srv-009,2017-06-11 12:00:00,33.38469499230231
srv-009,2017-06-11 13:00:00,33.38469499230231
srv-009,2017-06-11 14:00:00,33.38469499230231
srv-009,2017-06-11 15:00:00,33.38469499230231
srv-009,2017-06-11 16:00:00,33.38469499230231
srv-009,2017-06-11 17:00:00,33.38469499230231
srv-009,2017-06-11 18:00:00,33.38469499230231
srv-009,2017-06-11 19:00:00,33.38469499230231
srv-009,2017-06-11 20:00:00,33.38469499230231
srv-009,2017-06-11 21:00:00,33.38469499230231
srv-009,2017-06-11 22:00:00,33.38469499230231
srv-009,2017-06-11 23:00:00,33.38469499230231
srv-009,2017-06-12 00:00:00,33.38469499230231
srv-009,2017-06-12 01:00:00,33.38469499230231
srv-009,2017-06-12 02:00:00,33.38469499230231
srv-009,2017-06-12 03:00:00,33.38469499230231
srv-009,2017-06-12 04:00:00,33.38469499230231
srv-009,2017-06-12 05:00:00,33.38469499230231
srv-009,2017-06-12 06:00:00,33.38469499230231
srv-009,2017-06-12 07:00:00,33.38469499230231
srv-009,2017-06-12 08:00:00,33.38469499230231
srv-009,2017-06-12 09:00:00,33.38469499230231
srv-009,2017-06-12 10:00:00,33.38469499230231
srv-009,2017-06-12 11:00:00,33.38469499230231
srv-009,2017-06-12 12:00:00,33.38469499230231
srv-009,2017-06-12 13:00:00,33.38469499230231
srv-009,2017-06-12 14:00:00,33.38469499230231
srv-009,2017-06-12 15:00:00,33.38469499230231
srv-009,2017-06-12 16:00:00,33.38469499230231
srv-009,2017-06-12 17:00:00,33.38469499230231
srv-009,2017-06-12 18:00:00,33.38469499230231
srv-009,2017-06-12 19:00:00,33.38469499230231
srv-009,2017-06-12 20:00:00,33.38469499230231
srv-009,2017-06-12 21:00:00,33.38469499230231
srv-009,2017-06-12 22:00:00,33.38469499230231
srv-009,2017-06-12 23:00:00,33.38469499230231
srv-009,2017-06-13 00:00:00,33.38469499230231
srv-009,2017-06-13 01:00:00,33.38469499230231
srv-009,2017-06-13 02:00:00,33.38469499230231
srv-009,2017-06-13 03:00:00,33.38469499230231
srv-009,2017-06-13 04:00:00,33.38469499230231
srv-009,2017-06-13 05:00:00,33.38469499230231
srv-009,2017-06-13 06:00:00,33.38469499230231
srv-009,2017-06-13 07:00:00,33.38469499230231
srv-009,2017-06-13 08:00:00,33.38469499230231
srv-009,2017-06-13 09:00:00,33.38469499230231
srv-009,2017-06-13 10:00:00,33.38469499230231
srv-009,2017-06-13 11:00:00,33.38469499230231
srv-009,2017-06-13 12:00:00,33.38469499230231
srv-009,2017-06-13 13:00:00,33.38469499230231
srv-009,2017-06-13 14:00:00,33.38469499230231
srv-009,2017-06-13 15:00:00,33.38469499230231
srv-009,2017-06-13 16:00:00,33.38469499230231
srv-009,2017-06-13 17:00:00,33.38469499230231
srv-009,2017-06-13 18:00:00,33.38469499230231
srv-009,2017-06-13 19:00:00,33.38469499230231
srv-009,2017-06-13 20:00:00,33.38469499230231
srv-009,2017-06-13 21:00:00,33.38469499230231
srv-009,2017-06-13 22:00:00,33.38469499230231
srv-009,2017-06-13 23:00:00,33.38469499230231
srv-009,2017-06-14 00:00:00,33.38469499230231
srv-009,2017-06-14 01:00:00,33.38469499230231
srv-009,2017-06-14 02:00:00,33.38469499230231
srv-009,2017-06-14 03:00:00,33.38469499230231
srv-009,2017-06-14 04:00:00,33.38469499230231
srv-009,2017-06-14 05:00:00,33.38469499230231
srv-009,2017-06-14 06:00:00,33.38469499230231
srv-009,2017-06-14 07:00:00,33.38469499230231
srv-009,2017-06-14 08:00:00,33.38469499230231
srv-009,2017-06-14 09:00:00,33.38469499230231
srv-009,2017-06-14 10:00:00,33.38469499230231
srv-009,2017-06-14 11:00:00,33.38469499230231
srv-009,2017-06-14 12:00:00,33.38469499230231
srv-009,2017-06-14 13:00:00,33.38469499230231
srv-009,2017-06-14 14:00:00,33.38469499230231
srv-009,2017-06-14 15:00:00,33.38469499230231
srv-009,2017-06-14 16:00:00,33.38469499230231
srv-009,2017-06-14 17:00:00,33.38469499230231
srv-009,2017-06-14 18:00:00,33.38469499230231
srv-009,2017-06-14 19:00:00,33.38469499230231
srv-009,2017-06-14 20:00:00,33.38469499230231
srv-009,2017-06-14 21:00:00,33.38469499230231
srv-009,2017-06-14 22:00:00,33.38469499230231
srv-009,2017-06-14 23:00:00,33.38469499230231
srv-009,2017-06-15 00:00:00,33.38469499230231
srv-009,2017-06-15 01:00:00,33.38469499230231
srv-009,2017-06-15 02:00:00,33.38469499230231
srv-009,2017-06-15 03:00:00,33.38469499230231
srv-009,2017-06-15 04:00:00,33.38469499230231
srv-009,2017-06-15 05:00:00,33.38469499230231
srv-009,2017-06-15 06:00:00,33.38469499230231
srv-009,2017-06-15 07:00:00,33.38469499230231
srv-009,2017-06-15 08:00:00,33.38469499230231
srv-009,2017-06-15 09:00:00,33.38469499230231
srv-009,2017-06-15 10:00:00,33.38469499230231
srv-009,2017-06-15 11:00:00,33.38469499230231
srv-009,2017-06-15 12:00:00,33.38469499230231
srv-009,2017-06-15 13:00:00,33.38469499230231
srv-009,2017-06-15 14:00:00,33.38469499230231
srv-009,2017-06-15 15:00:00,33.38469499230231
srv-009,2017-06-15 16:00:00,33.38469499230231
srv-009,2017-06-15 17:00:00,33.38469499230231
srv-009,2017-06-15 18:00:00,33.38469499230231
srv-009,2017-06-15 19:00:00,33.38469499230231
srv-009,2017-06-15 20:00:00,33.38469499230231
srv-009,2017-06-15 21:00:00,33.38469499230231
srv-009,2017-06-15 22:00:00,33.38469499230231
srv-009,2017-06-15 23:00:00,33.38469499230231
srv-009,2017-06-16 00:00:00,33.38469499230231
srv-009,2017-06-16 01:00:00,33.38469499230231
srv-009,2017-06-16 02:00:00,33.38469499230231
srv-009,2017-06-16 03:00:00,33.38469499230231
srv-009,2017-06-16 04:00:00,33.38469499230231
srv-009,2017-06-16 05:00:00,33.38469499230231
srv-009,2017-06-16 06:00:00,33.38469499230231
srv-009,2017-06-16 07:00:00,33.38469499230231
srv-009,2017-06-16 08:00:00,33.38469499230231
srv-009,2017-06-16 09:00:00,33.38469499230231
srv-009,2017-06-16 10:00:00,33.38469499230231
srv-009,2017-06-16 11:00:00,33.38469499230231
srv-009,2017-06-16 12:00:00,33.38469499230231
srv-009,2017-06-16 13:00:00,33.38469499230231
srv-009,2017-06-16 14:00:00,33.38469499230231
srv-009,2017-06-16 15:00:00,33.38469499230231
srv-009,2017-06-16 16:00:00,33.38469499230231
srv-009,2017-06-16 17:00:00,33.38469499230231
srv-009,2017-06-16 18:00:00,33.38469499230231
srv-009,2017-06-16 19:00:00,33.38469499230231
srv-009,2017-06-16 20:00:00,33.38469499230231
srv-009,2017-06-16 21:00:00,33.38469499230231
srv-009,2017-06-16 22:00:00,33.38469499230231
srv-009,2017-06-16 23:00:00,33.38469499230231
srv-009,2017-06-17 00:00:00,33.38469499230231
srv-009,2017-06-17 01:00:00,33.38469499230231
srv-009,2017-06-17 02:00:00,33.38469499230231
srv-009,2017-06-17 03:00:00,33.38469499230231
srv-009,2017-06-17 04:00:00,33.38469499230231
srv-009,2017-06-17 05:00:00,33.38469499230231
srv-009,2017-06-17 06:00:00,33.38469499230231
srv-009,2017-06-17 07:00:00,33.38469499230231
srv-009,2017-06-17 08:00:00,33.38469499230231
srv-009,2017-06-17 09:00:00,33.38469499230231
srv-009,2017-06-17 10:00:00,33.38469499230231
srv-009,2017-06-17 11:00:00,33.38469499230231
srv-009,2017-06-17 12:00:00,33.38469499230231
srv-009,2017-06-17 13:00:00,33.38469499230231
srv-009,2017-06-17 14:00:00,33.38469499230231
srv-009,2017-06-17 15:00:00,33.38469499230231
srv-009,2017-06-17 16:00:00,33.38469499230231
srv-009,2017-06-17 17:00:00,33.38469499230231
srv-009,2017-06-17 18:00:00,33.38469499230231
srv-009,2017-06-17 19:00:00,33.38469499230231
srv-009,2017-06-17 20:00:00,33.38469499230231
srv-009,2017-06-17 21:00:00,33.38469499230231
srv-009,2017-06-17 22:00:00,33.38469499230231
srv-009,2017-06-17 23:00:00,33.38469499230231
srv-009,2017-06-18 00:00:00,33.38469499230231
srv-009,2017-06-18 01:00:00,33.38469499230231
srv-009,2017-06-18 02:00:00,33.38469499230231
srv-009,2017-06-18 03:00:00,33.38469499230231
srv-009,2017-06-18 04:00:00,33.38469499230231
srv-009,2017-06-18 05:00:00,33.38469499230231
srv-009,2017-06-18 06:00:00,33.38469499230231
srv-009,2017-06-18 07:00:00,33.38469499230231
srv-009,2017-06-18 08:00:00,33.38469499230231
srv-009,2017-06-18 09:00:00,33.38469499230231
srv-009,2017-06-18 10:00:00,33.38469499230231
srv-009,2017-06-18 11:00:00,33.38469499230231
srv-009,2017-06-18 12:00:00,33.38469499230231
srv-009,2017-06-18 13:00:00,33.38469499230231
srv-009,2017-06-18 14:00:00,33.38469499230231
srv-009,2017-06-18 15:00:00,33.38469499230231
srv-009,2017-06-18 16:00:00,33.38469499230231
srv-009,2017-06-18 17:00:00,33.38469499230231
srv-009,2017-06-18 18:00:00,33.38469499230231
srv-009,2017-06-18 19:00:00,33.38469499230231
srv-009,2017-06-18 20:00:00,33.38469499230231
srv-009,2017-06-18 21:00:00,33.38469499230231
srv-009,2017-06-18 22:00:00,33.38469499230231
srv-009,2017-06-18 23:00:00,33.38469499230231
srv-009,2017-06-19 00:00:00,33.38469499230231
srv-009,2017-06-19 01:00:00,33.38469499230231
srv-009,2017-06-19 02:00:00,33.38469499230231
srv-009,2017-06-19 03:00:00,33.38469499230231
srv-009,2017-06-19 04:00:00,33.38469499230231
srv-009,2017-06-19 05:00:00,33.38469499230231
srv-009,2017-06-19 06:00:00,33.38469499230231
srv-009,2017-06-19 07:00:00,33.38469499230231
srv-009,2017-06-19 08:00:00,33.38469499230231
srv-009,2017-06-19 09:00:00,33.38469499230231
srv-009,2017-06-19 10:00:00,33.38469499230231
srv-009,2017-06-19 11:00:00,33.38469499230231
srv-009,2017-06-19 12:00:00,33.38469499230231
srv-009,2017-06-19 13:00:00,33.38469499230231
srv-009,2017-06-19 14:00:00,33.38469499230231
srv-009,2017-06-19 15:00:00,33.38469499230231
srv-009,2017-06-19 16:00:00,33.38469499230231
srv-009,2017-06-19 17:00:00,33.38469499230231
srv-009,2017-06-19 18:00:00,33.38469499230231
srv-009,2017-06-19 19:00:00,33.38469499230231
srv-009,2017-06-19 20:00:00,33.38469499230231
srv-009,2017-06-19 21:00:00,33.38469499230231
srv-009,2017-06-19 22:00:00,33.38469499230231
srv-009,2017-06-19 23:00:00,33.38469499230231
srv-009,2017-06-20 00:00:00,33.38469499230231
srv-009,2017-06-20 01:00:00,33.38469499230231
srv-009,2017-06-20 02:00:00,33.38469499230231
srv-009,2017-06-20 03:00:00,33.38469499230231
srv-009,2017-06-20 04:00:00,33.38469499230231
srv-009,2017-06-20 05:00:00,33.38469499230231
srv-009,2017-06-20 06:00:00,33.38469499230231
srv-009,2017-06-20 07:00:00,33.38469499230231
srv-009,2017-06-20 08:00:00,33.38469499230231
srv-009,2017-06-20 09:00:00,33.38469499230231
srv-009,2017-06-20 10:00:00,33.38469499230231
srv-009,2017-06-20 11:00:00,33.38469499230231
srv-009,2017-06-20 12:00:00,33.38469499230231
srv-009,2017-06-20 13:00:00,33.38469499230231
srv-009,2017-06-20 14:00:00,33.38469499230231
srv-009,2017-06-20 15:00:00,33.38469499230231
srv-009,2017-06-20 16:00:00,33.38469499230231
srv-009,2017-06-20 17:00:00,33.38469499230231
srv-009,2017-06-20 18:00:00,33.38469499230231
srv-009,2017-06-20 19:00:00,33.38469499230231
srv-009,2017-06-20 20:00:00,33.38469499230231
srv-009,2017-06-20 21:00:00,33.38469499230231
srv-009,2017-06-20 22:00:00,33.38469499230231
srv-009,2017-06-20 23:00:00,33.38469499230231
srv-009,2017-06-21 00:00:00,33.38469499230231
srv-009,2017-06-21 01:00:00,33.38469499230231
srv-009,2017-06-21 02:00:00,33.38469499230231
srv-009,2017-06-21 03:00:00,33.38469499230231
srv-009,2017-06-21 04:00:00,33.38469499230231
srv-009,2017-06-21 05:00:00,33.38469499230231
srv-009,2017-06-21 06:00:00,33.38469499230231
srv-009,2017-06-21 07:00:00,33.38469499230231
srv-009,2017-06-21 08:00:00,33.38469499230231
srv-009,2017-06-21 09:00:00,33.38469499230231
srv-009,2017-06-21 10:00:00,33.38469499230231
srv-009,2017-06-21 11:00:00,33.38469499230231
srv-009,2017-06-21 12:00:00,33.38469499230231
srv-009,2017-06-21 13:00:00,33.38469499230231
srv-009,2017-06-21 14:00:00,33.38469499230231
srv-009,2017-06-21 15:00:00,33.38469499230231
srv-009,2017-06-21 16:00:00,33.38469499230231
srv-009,2017-06-21 17:00:00,33.38469499230231
srv-009,2017-06-21 18:00:00,33.38469499230231
srv-009,2017-06-21 19:00:00,33.38469499230231
srv-009,2017-06-21 20:00:00,33.38469499230231
srv-009,2017-06-21 21:00:00,33.38469499230231
srv-009,2017-06-21 22:00:00,33.38469499230231
srv-009,2017-06-21 23:00:00,33.38469499230231
srv-009,2017-06-22 00:00:00,33.38469499230231
srv-009,2017-06-22 01:00:00,33.38469499230231
srv-009,2017-06-22 02:00:00,33.38469499230231
srv-009,2017-06-22 03:00:00,33.38469499230231
srv-009,2017-06-22 04:00:00,33.38469499230231
srv-009,2017-06-22 05:00:00,33.38469499230231
srv-009,2017-06-22 06:00:00,33.38469499230231
srv-009,2017-06-22 07:00:00,33.38469499230231
srv-009,2017-06-22 08:00:00,33.38469499230231
srv-009,2017-06-22 09:00:00,33.38469499230231
srv-009,2017-06-22 10:00:00,33.38469499230231
srv-009,2017-06-22 11:00:00,33.38469499230231
srv-009,2017-06-22 12:00:00,33.38469499230231
srv-009,2017-06-22 13:00:00,33.38469499230231
srv-009,2017-06-22 14:00:00,33.38469499230231
srv-009,2017-06-22 15:00:00,33.38469499230231
srv-009,2017-06-22 16:00:00,33.38469499230231
srv-009,2017-06-22 17:00:00,33.38469499230231
srv-009,2017-06-22 18:00:00,33.38469499230231
srv-009,2017-06-22 19:00:00,33.38469499230231
srv-009,2017-06-22 20:00:00,33.38469499230231
srv-009,2017-06-22 21:00:00,33.38469499230231
srv-009,2017-06-22 22:00:00,33.38469499230231
srv-009,2017-06-22 23:00:00,33.38469499230231
srv-009,2017-06-23 00:00:00,33.38469499230231
srv-009,2017-06-23 01:00:00,33.38469499230231
srv-009,2017-06-23 02:00:00,33.38469499230231
srv-009,2017-06-23 03:00:00,33.38469499230231
srv-009,2017-06-23 04:00:00,33.38469499230231
srv-009,2017-06-23 05:00:00,33.38469499230231
srv-009,2017-06-23 06:00:00,33.38469499230231
srv-009,2017-06-23 07:00:00,33.38469499230231
srv-009,2017-06-23 08:00:00,33.38469499230231
srv-009,2017-06-23 09:00:00,33.38469499230231
srv-009,2017-06-23 10:00:00,33.38469499230231
srv-009,2017-06-23 11:00:00,33.38469499230231
srv-009,2017-06-23 12:00:00,33.38469499230231
srv-009,2017-06-23 13:00:00,33.38469499230231
srv-009,2017-06-23 14:00:00,33.38469499230231
srv-009,2017-06-23 15:00:00,33.38469499230231
srv-009,2017-06-23 16:00:00,33.38469499230231
srv-009,2017-06-23 17:00:00,33.38469499230231
srv-009,2017-06-23 18:00:00,33.38469499230231
srv-009,2017-06-23 19:00:00,33.38469499230231
srv-009,2017-06-23 20:00:00,33.38469499230231
srv-009,2017-06-23 21:00:00,33.38469499230231
srv-009,2017-06-23 22:00:00,33.38469499230231
srv-009,2017-06-23 23:00:00,33.38469499230231
srv-009,2017-06-24 00:00:00,33.38469499230231
srv-009,2017-06-24 01:00:00,33.38469499230231
srv-009,2017-06-24 02:00:00,33.38469499230231
srv-009,2017-06-24 03:00:00,33.38469499230231
srv-009,2017-06-24 04:00:00,33.38469499230231
srv-009,2017-06-24 05:00:00,33.38469499230231
srv-009,2017-06-24 06:00:00,33.38469499230231
srv-009,2017-06-24 07:00:00,33.38469499230231
srv-009,2017-06-24 08:00:00,33.38469499230231
srv-009,2017-06-24 09:00:00,33.38469499230231
srv-009,2017-06-24 10:00:00,33.38469499230231
srv-009,2017-06-24 11:00:00,33.38469499230231
srv-009,2017-06-24 12:00:00,33.38469499230231
srv-009,2017-06-24 13:00:00,33.38469499230231
srv-009,2017-06-24 14:00:00,33.38469499230231
srv-009,2017-06-24 15:00:00,33.38469499230231
srv-009,2017-06-24 16:00:00,33.38469499230231
srv-009,2017-06-24 17:00:00,33.38469499230231
srv-009,2017-06-24 18:00:00,33.38469499230231
srv-009,2017-06-24 19:00:00,33.38469499230231
srv-009,2017-06-24 20:00:00,33.38469499230231
srv-009,2017-06-24 21:00:00,33.38469499230231
srv-009,2017-06-24 22:00:00,33.38469499230231
srv-009,2017-06-24 23:00:00,33.38469499230231
srv-009,2017-06-25 00:00:00,33.38469499230231
srv-009,2017-06-25 01:00:00,33.38469499230231
srv-009,2017-06-25 02:00:00,33.38469499230231
srv-009,2017-06-25 03:00:00,33.38469499230231
srv-009,2017-06-25 04:00:00,33.38469499230231
srv-009,2017-06-25 05:00:00,33.38469499230231
srv-009,2017-06-25 06:00:00,33.38469499230231
srv-009,2017-06-25 07:00:00,33.38469499230231
srv-009,2017-06-25 08:00:00,33.38469499230231
srv-009,2017-06-25 09:00:00,33.38469499230231
srv-009,2017-06-25 10:00:00,33.38469499230231
srv-009,2017-06-25 11:00:00,33.38469499230231
srv-009,2017-06-25 12:00:00,33.38469499230231
srv-009,2017-06-25 13:00:00,33.38469499230231
srv-009,2017-06-25 14:00:00,33.38469499230231
srv-009,2017-06-25 15:00:00,33.38469499230231
srv-009,2017-06-25 16:00:00,33.38469499230231
srv-009,2017-06-25 17:00:00,33.38469499230231
srv-009,2017-06-25 18:00:00,33.38469499230231
srv-009,2017-06-25 19:00:00,33.38469499230231
srv-009,2017-06-25 20:00:00,33.38469499230231
srv-009,2017-06-25 21:00:00,33.38469499230231
srv-009,2017-06-25 22:00:00,33.38469499230231
srv-009,2017-06-25 23:00:00,33.38469499230231
srv-009,2017-06-26 00:00:00,33.38469499230231
srv-009,2017-06-26 01:00:00,33.38469499230231
srv-009,2017-06-26 02:00:00,33.38469499230231
srv-009,2017-06-26 03:00:00,33.38469499230231
srv-009,2017-06-26 04:00:00,33.38469499230231
srv-009,2017-06-26 05:00:00,33.38469499230231
srv-009,2017-06-26 06:00:00,33.38469499230231
srv-009,2017-06-26 07:00:00,33.38469499230231
srv-009,2017-06-26 08:00:00,33.38469499230231
srv-009,2017-06-26 09:00:00,33.38469499230231
srv-009,2017-06-26 10:00:00,33.38469499230231
srv-009,2017-06-26 11:00:00,33.38469499230231
srv-009,2017-06-26 12:00:00,33.38469499230231
srv-009,2017-06-26 13:00:00,33.38469499230231
srv-009,2017-06-26 14:00:00,33.38469499230231
srv-009,2017-06-26 15:00:00,33.38469499230231
srv-009,2017-06-26 16:00:00,33.38469499230231
srv-009,2017-06-26 17:00:00,33.38469499230231
srv-009,2017-06-26 18:00:00,33.38469499230231
srv-009,2017-06-26 19:00:00,33.38469499230231
srv-009,2017-06-26 20:00:00,33.38469499230231
srv-009,2017-06-26 21:00:00,33.38469499230231
srv-009,2017-06-26 22:00:00,33.38469499230231
srv-009,2017-06-26 23:00:00,33.38469499230231
srv-009,2017-06-27 00:00:00,33.38469499230231
srv-009,2017-06-27 01:00:00,33.38469499230231
srv-009,2017-06-27 02:00:00,33.38469499230231
srv-009,2017-06-27 03:00:00,33.38469499230231
srv-009,2017-06-27 04:00:00,33.38469499230231
srv-009,2017-06-27 05:00:00,33.38469499230231
srv-009,2017-06-27 06:00:00,33.38469499230231
srv-009,2017-06-27 07:00:00,33.38469499230231
srv-009,2017-06-27 08:00:00,33.38469499230231
srv-009,2017-06-27 09:00:00,33.38469499230231
srv-009,2017-06-27 10:00:00,33.38469499230231
srv-009,2017-06-27 11:00:00,33.38469499230231
srv-009,2017-06-27 12:00:00,33.38469499230231
srv-009,2017-06-27 13:00:00,33.38469499230231
srv-009,2017-06-27 14:00:00,33.38469499230231
srv-009,2017-06-27 15:00:00,33.38469499230231
srv-009,2017-06-27 16:00:00,33.38469499230231
srv-009,2017-06-27 17:00:00,33.38469499230231
srv-009,2017-06-27 18:00:00,33.38469499230231
srv-009,2017-06-27 19:00:00,33.38469499230231
srv-009,2017-06-27 20:00:00,33.38469499230231
srv-009,2017-06-27 21:00:00,33.38469499230231
srv-009,2017-06-27 22:00:00,33.38469499230231
srv-009,2017-06-27 23:00:00,33.38469499230231
srv-009,2017-06-28 00:00:00,33.38469499230231
srv-009,2017-06-28 01:00:00,33.38469499230231
srv-009,2017-06-28 02:00:00,33.38469499230231
srv-009,2017-06-28 03:00:00,33.38469499230231
srv-009,2017-06-28 04:00:00,33.38469499230231
srv-009,2017-06-28 05:00:00,33.38469499230231
srv-009,2017-06-28 06:00:00,33.38469499230231
srv-009,2017-06-28 07:00:00,33.38469499230231
srv-009,2017-06-28 08:00:00,33.38469499230231
srv-009,2017-06-28 09:00:00,33.38469499230231
srv-009,2017-06-28 10:00:00,33.38469499230231
srv-009,2017-06-28 11:00:00,33.38469499230231
srv-009,2017-06-28 12:00:00,33.38469499230231
srv-009,2017-06-28 13:00:00,33.38469499230231
srv-009,2017-06-28 14:00:00,33.38469499230231
srv-009,2017-06-28 15:00:00,33.38469499230231
srv-009,2017-06-28 16:00:00,33.38469499230231
srv-009,2017-06-28 17:00:00,33.38469499230231
srv-009,2017-06-28 18:00:00,33.38469499230231
srv-009,2017-06-28 19:00:00,33.38469499230231
srv-009,2017-06-28 20:00:00,33.38469499230231
srv-009,2017-06-28 21:00:00,33.38469499230231
srv-009,2017-06-28 22:00:00,33.38469499230231
srv-009,2017-06-28 23:00:00,33.38469499230231
srv-009,2017-06-29 00:00:00,33.38469499230231
srv-009,2017-06-29 01:00:00,33.38469499230231
srv-009,2017-06-29 02:00:00,33.38469499230231
srv-009,2017-06-29 03:00:00,33.38469499230231
srv-009,2017-06-29 04:00:00,33.38469499230231
srv-009,2017-06-29 05:00:00,33.38469499230231
srv-009,2017-06-29 06:00:00,33.38469499230231
srv-009,2017-06-29 07:00:00,33.38469499230231
srv-009,2017-06-29 08:00:00,33.38469499230231
srv-009,2017-06-29 09:00:00,33.38469499230231
srv-009,2017-06-29 10:00:00,33.38469499230231
srv-009,2017-06-29 11:00:00,33.38469499230231
srv-009,2017-06-29 12:00:00,33.38469499230231
srv-009,2017-06-29 13:00:00,33.38469499230231
srv-009,2017-06-29 14:00:00,33.38469499230231
srv-009,2017-06-29 15:00:00,33.38469499230231
srv-009,2017-06-29 16:00:00,33.38469499230231
srv-009,2017-06-29 17:00:00,33.38469499230231
srv-009,2017-06-29 18:00:00,33.38469499230231
srv-009,2017-06-29 19:00:00,33.38469499230231
srv-009,2017-06-29 20:00:00,33.38469499230231
srv-009,2017-06-29 21:00:00,33.38469499230231
srv-009,2017-06-29 22:00:00,33.38469499230231
srv-009,2017-06-29 23:00:00,33.38469499230231
srv-009,2017-06-30 00:00:00,33.38469499230231
srv-009,2017-06-30 01:00:00,33.38469499230231
srv-009,2017-06-30 02:00:00,33.38469499230231
srv-009,2017-06-30 03:00:00,33.38469499230231
srv-009,2017-06-30 04:00:00,33.38469499230231
srv-009,2017-06-30 05:00:00,33.38469499230231
srv-009,2017-06-30 06:00:00,33.38469499230231
srv-009,2017-06-30 07:00:00,33.38469499230231
srv-009,2017-06-30 08:00:00,33.38469499230231
srv-009,2017-06-30 09:00:00,33.38469499230231
srv-009,2017-06-30 10:00:00,33.38469499230231
srv-009,2017-06-30 11:00:00,33.38469499230231
srv-009,2017-06-30 12:00:00,33.38469499230231
srv-009,2017-06-30 13:00:00,33.38469499230231
srv-009,2017-06-30 14:00:00,33.38469499230231
srv-009,2017-06-30 15:00:00,33.38469499230231
srv-009,2017-06-30 16:00:00,33.38469499230231
srv-009,2017-06-30 17:00:00,33.38469499230231
srv-009,2017-06-30 18:00:00,33.38469499230231
srv-009,2017-06-30 19:00:00,33.38469499230231
srv-009,2017-06-30 20:00:00,33.38469499230231
srv-009,2017-06-30 21:00:00,33.38469499230231
srv-009,2017-06-30 22:00:00,33.38469499230231
srv-009,2017-06-30 23:00:00,33.38469499230231
srv-010,2017-06-01 23:00:00,90.69052588637452
srv-010,2017-06-02 00:00:00,90.63471831587964
srv-010,2017-06-02 01:00:00,90.65010391509342
srv-010,2017-06-02 02:00:00,90.64697932665014
srv-010,2017-06-02 03:00:00,90.6466203709112
srv-010,2017-06-02 04:00:00,90.6468296265628
srv-010,2017-06-02 05:00:00,90.64676488571801
srv-010,2017-06-02 06:00:00,90.64676740458019
srv-010,2017-06-02 07:00:00,90.64676940507042
srv-010,2017-06-02 08:00:00,90.64676836399748
srv-010,2017-06-02 09:00:00,90.64676850545371
srv-010,2017-06-02 10:00:00,90.64676851037632
srv-010,2017-06-02 11:00:00,90.64676849696575
srv-010,2017-06-02 12:00:00,90.646768500082
srv-010,2017-06-02 13:00:00,90.64676849974897
srv-010,2017-06-02 14:00:00,90.64676849962268
srv-010,2017-06-02 15:00:00,90.64676849967277
srv-010,2017-06-02 16:00:00,90.64676849966264
srv-010,2017-06-02 17:00:00,90.64676849966224
srv-010,2017-06-02 18:00:00,90.64676849966287
srv-010,2017-06-02 19:00:00,90.64676849966267
srv-010,2017-06-02 20:00:00,90.64676849966268
srv-010,2017-06-02 21:00:00,90.64676849966268
srv-010,2017-06-02 22:00:00,90.64676849966268
srv-010,2017-06-02 23:00:00,90.64676849966268
srv-010,2017-06-03 00:00:00,90.64676849966268
srv-010,2017-06-03 01:00:00,90.64676849966268
srv-010,2017-06-03 02:00:00,90.64676849966268
srv-010,2017-06-03 03:00:00,90.64676849966268
srv-010,2017-06-03 04:00:00,90.64676849966268
srv-010,2017-06-03 05:00:00,90.64676849966268
srv-010,2017-06-03 06:00:00,90.64676849966268
srv-010,2017-06-03 07:00:00,90.64676849966268
srv-010,2017-06-03 08:00:00,90.64676849966268
srv-010,2017-06-03 09:00:00,90.64676849966268
srv-010,2017-06-03 10:00:00,90.64676849966268
srv-010,2017-06-03 11:00:00,90.64676849966268
srv-010,2017-06-03 12:00:00,90.64676849966268
srv-010,2017-06-03 13:00:00,90.64676849966268
srv-010,2017-06-03 14:00:00,90.64676849966268
srv-010,2017-06-03 15:00:00,90.64676849966268
srv-010,2017-06-03 16:00:00,90.64676849966268
srv-010,2017-06-03 17:00:00,90.64676849966268
srv-010,2017-06-03 18:00:00,90.64676849966268
srv-010,2017-06-03 19:00:00,90.64676849966268
srv-010,2017-06-03 20:00:00,90.64676849966268
srv-010,2017-06-03 21:00:00,90.64676849966268
srv-010,2017-06-03 22:00:00,90.64676849966268
srv-010,2017-06-03 23:00:00,90.64676849966268
srv-010,2017-06-04 00:00:00,90.64676849966268
srv-010,2017-06-04 01:00:00,90.64676849966268
srv-010,2017-06-04 02:00:00,90.64676849966268
srv-010,2017-06-04 03:00:00,90.64676849966268
srv-010,2017-06-04 04:00:00,90.64676849966268
srv-010,2017-06-04 05:00:00,90.64676849966268
srv-010,2017-06-04 06:00:00,90.64676849966268
srv-010,2017-06-04 07:00:00,90.64676849966268
srv-010,2017-06-04 08:00:00,90.64676849966268
srv-010,2017-06-04 09:00:00,90.64676849966268
srv-010,2017-06-04 10:00:00,90.64676849966268
srv-010,2017-06-04 11:00:00,90.64676849966268
srv-010,2017-06-04 12:00:00,90.64676849966268
srv-010,2017-06-04 13:00:00,90.64676849966268
srv-010,2017-06-04 14:00:00,90.64676849966268
srv-010,2017-06-04 15:00:00,90.64676849966268
srv-010,2017-06-04 16:00:00,90.64676849966268
srv-010,2017-06-04 17:00:00,90.64676849966268
srv-010,2017-06-04 18:00:00,90.64676849966268
srv-010,2017-06-04 19:00:00,90.64676849966268
srv-010,2017-06-04 20:00:00,90.64676849966268
srv-010,2017-06-04 21:00:00,90.64676849966268
srv-010,2017-06-04 22:00:00,90.64676849966268
srv-010,2017-06-04 23:00:00,90.64676849966268
srv-010,2017-06-05 00:00:00,90.64676849966268
srv-010,2017-06-05 01:00:00,90.64676849966268
srv-010,2017-06-05 02:00:00,90.64676849966268
srv-010,2017-06-05 03:00:00,90.64676849966268
srv-010,2017-06-05 04:00:00,90.64676849966268
srv-010,2017-06-05 05:00:00,90.64676849966268
srv-010,2017-06-05 06:00:00,90.64676849966268
srv-010,2017-06-05 07:00:00,90.64676849966268
srv-010,2017-06-05 08:00:00,90.64676849966268
srv-010,2017-06-05 09:00:00,90.64676849966268
srv-010,2017-06-05 10:00:00,90.64676849966268
srv-010,2017-06-05 11:00:00,90.64676849966268
srv-010,2017-06-05 12:00:00,90.64676849966268
srv-010,2017-06-05 13:00:00,90.64676849966268
srv-010,2017-06-05 14:00:00,90.64676849966268
srv-010,2017-06-05 15:00:00,90.64676849966268
srv-010,2017-06-05 16:00:00,90.64676849966268
srv-010,2017-06-05 17:00:00,90.64676849966268
srv-010,2017-06-05 18:00:00,90.64676849966268
srv-010,2017-06-05 19:00:00,90.64676849966268
srv-010,2017-06-05 20:00:00,90.64676849966268
srv-010,2017-06-05 21:00:00,90.64676849966268
srv-010,2017-06-05 22:00:00,90.64676849966268
srv-010,2017-06-05 23:00:00,90.64676849966268
srv-010,2017-06-06 00:00:00,90.64676849966268
srv-010,2017-06-06 01:00:00,90.64676849966268
srv-010,2017-06-06 02:00:00,90.64676849966268
srv-010,2017-06-06 03:00:00,90.64676849966268
srv-010,2017-06-06 04:00:00,90.64676849966268
srv-010,2017-06-06 05:00:00,90.64676849966268
srv-010,2017-06-06 06:00:00,90.64676849966268
srv-010,2017-06-06 07:00:00,90.64676849966268
srv-010,2017-06-06 08:00:00,90.64676849966268
srv-010,2017-06-06 09:00:00,90.64676849966268
srv-010,2017-06-06 10:00:00,90.64676849966268
srv-010,2017-06-06 11:00:00,90.64676849966268
srv-010,2017-06-06 12:00:00,90.64676849966268
srv-010,2017-06-06 13:00:00,90.64676849966268
srv-010,2017-06-06 14:00:00,90.64676849966268
srv-010,2017-06-06 15:00:00,90.64676849966268
srv-010,2017-06-06 16:00:00,90.64676849966268
srv-010,2017-06-06 17:00:00,90.64676849966268
srv-010,2017-06-06 18:00:00,90.64676849966268
srv-010,2017-06-06 19:00:00,90.64676849966268
srv-010,2017-06-06 20:00:00,90.64676849966268
srv-010,2017-06-06 21:00:00,90.64676849966268
srv-010,2017-06-06 22:00:00,90.64676849966268
srv-010,2017-06-06 23:00:00,90.64676849966268
srv-010,2017-06-07 00:00:00,90.64676849966268
srv-010,2017-06-07 01:00:00,90.64676849966268
srv-010,2017-06-07 02:00:00,90.64676849966268
srv-010,2017-06-07 03:00:00,90.64676849966268
srv-010,2017-06-07 04:00:00,90.64676849966268
srv-010,2017-06-07 05:00:00,90.64676849966268
srv-010,2017-06-07 06:00:00,90.64676849966268
srv-010,2017-06-07 07:00:00,90.64676849966268
srv-010,2017-06-07 08:00:00,90.64676849966268
srv-010,2017-06-07 09:00:00,90.64676849966268
srv-010,2017-06-07 10:00:00,90.64676849966268
srv-010,2017-06-07 11:00:00,90.64676849966268
srv-010,2017-06-07 12:00:00,90.64676849966268
srv-010,2017-06-07 13:00:00,90.64676849966268
srv-010,2017-06-07 14:00:00,90.64676849966268
srv-010,2017-06-07 15:00:00,90.64676849966268
srv-010,2017-06-07 16:00:00,90.64676849966268
srv-010,2017-06-07 17:00:00,90.64676849966268
srv-010,2017-06-07 18:00:00,90.64676849966268
srv-010,2017-06-07 19:00:00,90.64676849966268
srv-010,2017-06-07 20:00:00,90.64676849966268
srv-010,2017-06-07 21:00:00,90.64676849966268
srv-010,2017-06-07 22:00:00,90.64676849966268
srv-010,2017-06-07 23:00:00,90.64676849966268
srv-010,2017-06-08 00:00:00,90.64676849966268
srv-010,2017-06-08 01:00:00,90.64676849966268
srv-010,2017-06-08 02:00:00,90.64676849966268
srv-010,2017-06-08 03:00:00,90.64676849966268
srv-010,2017-06-08 04:00:00,90.64676849966268
srv-010,2017-06-08 05:00:00,90.64676849966268
srv-010,2017-06-08 06:00:00,90.64676849966268
srv-010,2017-06-08 07:00:00,90.64676849966268
srv-010,2017-06-08 08:00:00,90.64676849966268
srv-010,2017-06-08 09:00:00,90.64676849966268
srv-010,2017-06-08 10:00:00,90.64676849966268
srv-010,2017-06-08 11:00:00,90.64676849966268
srv-010,2017-06-08 12:00:00,90.64676849966268
srv-010,2017-06-08 13:00:00,90.64676849966268
srv-010,2017-06-08 14:00:00,90.64676849966268
srv-010,2017-06-08 15:00:00,90.64676849966268
srv-010,2017-06-08 16:00:00,90.64676849966268
srv-010,2017-06-08 17:00:00,90.64676849966268
srv-010,2017-06-08 18:00:00,90.64676849966268
srv-010,2017-06-08 19:00:00,90.64676849966268
srv-010,2017-06-08 20:00:00,90.64676849966268
srv-010,2017-06-08 21:00:00,90.64676849966268
srv-010,2017-06-08 22:00:00,90.64676849966268
srv-010,2017-06-08 23:00:00,90.64676849966268
srv-010,2017-06-09 00:00:00,90.64676849966268
srv-010,2017-06-09 01:00:00,90.64676849966268
srv-010,2017-06-09 02:00:00,90.64676849966268
srv-010,2017-06-09 03:00:00,90.64676849966268
srv-010,2017-06-09 04:00:00,90.64676849966268
srv-010,2017-06-09 05:00:00,90.64676849966268
srv-010,2017-06-09 06:00:00,90.64676849966268
srv-010,2017-06-09 07:00:00,90.64676849966268
srv-010,2017-06-09 08:00:00,90.64676849966268
srv-010,2017-06-09 09:00:00,90.64676849966268
srv-010,2017-06-09 10:00:00,90.64676849966268
srv-010,2017-06-09 11:00:00,90.64676849966268
srv-010,2017-06-09 12:00:00,90.64676849966268
srv-010,2017-06-09 13:00:00,90.64676849966268
srv-010,2017-06-09 14:00:00,90.64676849966268
srv-010,2017-06-09 15:00:00,90.64676849966268
srv-010,2017-06-09 16:00:00,90.64676849966268
srv-010,2017-06-09 17:00:00,90.64676849966268
srv-010,2017-06-09 18:00:00,90.64676849966268
srv-010,2017-06-09 19:00:00,90.64676849966268
srv-010,2017-06-09 20:00:00,90.64676849966268
srv-010,2017-06-09 21:00:00,90.64676849966268
srv-010,2017-06-09 22:00:00,90.64676849966268
srv-010,2017-06-09 23:00:00,90.64676849966268
srv-010,2017-06-10 00:00:00,90.64676849966268
srv-010,2017-06-10 01:00:00,90.64676849966268
srv-010,2017-06-10 02:00:00,90.64676849966268
srv-010,2017-06-10 03:00:00,90.64676849966268
srv-010,2017-06-10 04:00:00,90.64676849966268
srv-010,2017-06-10 05:00:00,90.64676849966268
srv-010,2017-06-10 06:00:00,90.64676849966268
srv-010,2017-06-10 07:00:00,90.64676849966268
srv-010,2017-06-10 08:00:00,90.64676849966268
srv-010,2017-06-10 09:00:00,90.64676849966268
srv-010,2017-06-10 10:00:00,90.64676849966268
srv-010,2017-06-10 11:00:00,90.64676849966268
srv-010,2017-06-10 12:00:00,90.64676849966268
srv-010,2017-06-10 13:00:00,90.64676849966268
srv-010,2017-06-10 14:00:00,90.64676849966268
srv-010,2017-06-10 15:00:00,90.64676849966268
srv-010,2017-06-10 16:00:00,90.64676849966268
srv-010,2017-06-10 17:00:00,90.64676849966268
srv-010,2017-06-10 18:00:00,90.64676849966268
srv-010,2017-06-10 19:00:00,90.64676849966268
srv-010,2017-06-10 20:00:00,90.64676849966268
srv-010,2017-06-10 21:00:00,90.64676849966268
srv-010,2017-06-10 22:00:00,90.64676849966268
srv-010,2017-06-10 23:00:00,90.64676849966268
srv-010,2017-06-11 00:00:00,90.64676849966268
srv-010,2017-06-11 01:00:00,90.64676849966268
srv-010,2017-06-11 02:00:00,90.64676849966268
srv-010,2017-06-11 03:00:00,90.64676849966268
srv-010,2017-06-11 04:00:00,90.64676849966268
srv-010,2017-06-11 05:00:00,90.64676849966268
srv-010,2017-06-11 06:00:00,90.64676849966268
srv-010,2017-06-11 07:00:00,90.64676849966268
srv-010,2017-06-11 08:00:00,90.64676849966268
srv-010,2017-06-11 09:00:00,90.64676849966268
srv-010,2017-06-11 10:00:00,90.64676849966268
srv-010,2017-06-11 11:00:00,90.64676849966268
srv-010,2017-06-11 12:00:00,90.64676849966268
srv-010,2017-06-11 13:00:00,90.64676849966268
srv-010,2017-06-11 14:00:00,90.64676849966268
srv-010,2017-06-11 15:00:00,90.64676849966268
srv-010,2017-06-11 16:00:00,90.64676849966268
srv-010,2017-06-11 17:00:00,90.64676849966268
srv-010,2017-06-11 18:00:00,90.64676849966268
srv-010,2017-06-11 19:00:00,90.64676849966268
srv-010,2017-06-11 20:00:00,90.64676849966268
srv-010,2017-06-11 21:00:00,90.64676849966268
srv-010,2017-06-11 22:00:00,90.64676849966268
srv-010,2017-06-11 23:00:00,90.64676849966268
srv-010,2017-06-12 00:00:00,90.64676849966268
srv-010,2017-06-12 01:00:00,90.64676849966268
srv-010,2017-06-12 02:00:00,90.64676849966268
srv-010,2017-06-12 03:00:00,90.64676849966268
srv-010,2017-06-12 04:00:00,90.64676849966268
srv-010,2017-06-12 05:00:00,90.64676849966268
srv-010,2017-06-12 06:00:00,90.64676849966268
srv-010,2017-06-12 07:00:00,90.64676849966268
srv-010,2017-06-12 08:00:00,90.64676849966268
srv-010,2017-06-12 09:00:00,90.64676849966268
srv-010,2017-06-12 10:00:00,90.64676849966268
srv-010,2017-06-12 11:00:00,90.64676849966268
srv-010,2017-06-12 12:00:00,90.64676849966268
srv-010,2017-06-12 13:00:00,90.64676849966268
srv-010,2017-06-12 14:00:00,90.64676849966268
srv-010,2017-06-12 15:00:00,90.64676849966268
srv-010,2017-06-12 16:00:00,90.64676849966268
srv-010,2017-06-12 17:00:00,90.64676849966268
srv-010,2017-06-12 18:00:00,90.64676849966268
srv-010,2017-06-12 19:00:00,90.64676849966268
srv-010,2017-06-12 20:00:00,90.64676849966268
srv-010,2017-06-12 21:00:00,90.64676849966268
srv-010,2017-06-12 22:00:00,90.64676849966268
srv-010,2017-06-12 23:00:00,90.64676849966268
srv-010,2017-06-13 00:00:00,90.64676849966268
srv-010,2017-06-13 01:00:00,90.64676849966268
srv-010,2017-06-13 02:00:00,90.64676849966268
srv-010,2017-06-13 03:00:00,90.64676849966268
srv-010,2017-06-13 04:00:00,90.64676849966268
srv-010,2017-06-13 05:00:00,90.64676849966268
srv-010,2017-06-13 06:00:00,90.64676849966268
srv-010,2017-06-13 07:00:00,90.64676849966268
srv-010,2017-06-13 08:00:00,90.64676849966268
srv-010,2017-06-13 09:00:00,90.64676849966268
srv-010,2017-06-13 10:00:00,90.64676849966268
srv-010,2017-06-13 11:00:00,90.64676849966268
srv-010,2017-06-13 12:00:00,90.64676849966268
srv-010,2017-06-13 13:00:00,90.64676849966268
srv-010,2017-06-13 14:00:00,90.64676849966268
srv-010,2017-06-13 15:00:00,90.64676849966268
srv-010,2017-06-13 16:00:00,90.64676849966268
srv-010,2017-06-13 17:00:00,90.64676849966268
srv-010,2017-06-13 18:00:00,90.64676849966268
srv-010,2017-06-13 19:00:00,90.64676849966268
srv-010,2017-06-13 20:00:00,90.64676849966268
srv-010,2017-06-13 21:00:00,90.64676849966268
srv-010,2017-06-13 22:00:00,90.64676849966268
srv-010,2017-06-13 23:00:00,90.64676849966268
srv-010,2017-06-14 00:00:00,90.64676849966268
srv-010,2017-06-14 01:00:00,90.64676849966268
srv-010,2017-06-14 02:00:00,90.64676849966268
srv-010,2017-06-14 03:00:00,90.64676849966268
srv-010,2017-06-14 04:00:00,90.64676849966268
srv-010,2017-06-14 05:00:00,90.64676849966268
srv-010,2017-06-14 06:00:00,90.64676849966268
srv-010,2017-06-14 07:00:00,90.64676849966268
srv-010,2017-06-14 08:00:00,90.64676849966268
srv-010,2017-06-14 09:00:00,90.64676849966268
srv-010,2017-06-14 10:00:00,90.64676849966268
srv-010,2017-06-14 11:00:00,90.64676849966268
srv-010,2017-06-14 12:00:00,90.64676849966268
srv-010,2017-06-14 13:00:00,90.64676849966268
srv-010,2017-06-14 14:00:00,90.64676849966268
srv-010,2017-06-14 15:00:00,90.64676849966268
srv-010,2017-06-14 16:00:00,90.64676849966268
srv-010,2017-06-14 17:00:00,90.64676849966268
srv-010,2017-06-14 18:00:00,90.64676849966268
srv-010,2017-06-14 19:00:00,90.64676849966268
srv-010,2017-06-14 20:00:00,90.64676849966268
srv-010,2017-06-14 21:00:00,90.64676849966268
srv-010,2017-06-14 22:00:00,90.64676849966268
srv-010,2017-06-14 23:00:00,90.64676849966268
srv-010,2017-06-15 00:00:00,90.64676849966268
srv-010,2017-06-15 01:00:00,90.64676849966268
srv-010,2017-06-15 02:00:00,90.64676849966268
srv-010,2017-06-15 03:00:00,90.64676849966268
srv-010,2017-06-15 04:00:00,90.64676849966268
srv-010,2017-06-15 05:00:00,90.64676849966268
srv-010,2017-06-15 06:00:00,90.64676849966268
srv-010,2017-06-15 07:00:00,90.64676849966268
srv-010,2017-06-15 08:00:00,90.64676849966268
srv-010,2017-06-15 09:00:00,90.64676849966268
srv-010,2017-06-15 10:00:00,90.64676849966268
srv-010,2017-06-15 11:00:00,90.64676849966268
srv-010,2017-06-15 12:00:00,90.64676849966268
srv-010,2017-06-15 13:00:00,90.64676849966268
srv-010,2017-06-15 14:00:00,90.64676849966268
srv-010,2017-06-15 15:00:00,90.64676849966268
srv-010,2017-06-15 16:00:00,90.64676849966268
srv-010,2017-06-15 17:00:00,90.64676849966268
srv-010,2017-06-15 18:00:00,90.64676849966268
srv-010,2017-06-15 19:00:00,90.64676849966268
srv-010,2017-06-15 20:00:00,90.64676849966268
srv-010,2017-06-15 21:00:00,90.64676849966268
srv-010,2017-06-15 22:00:00,90.64676849966268
srv-010,2017-06-15 23:00:00,90.64676849966268
srv-010,2017-06-16 00:00:00,90.64676849966268
srv-010,2017-06-16 01:00:00,90.64676849966268
srv-010,2017-06-16 02:00:00,90.64676849966268
srv-010,2017-06-16 03:00:00,90.64676849966268
srv-010,2017-06-16 04:00:00,90.64676849966268
srv-010,2017-06-16 05:00:00,90.64676849966268
srv-010,2017-06-16 06:00:00,90.64676849966268
srv-010,2017-06-16 07:00:00,90.64676849966268
srv-010,2017-06-16 08:00:00,90.64676849966268
srv-010,2017-06-16 09:00:00,90.64676849966268
srv-010,2017-06-16 10:00:00,90.64676849966268
srv-010,2017-06-16 11:00:00,90.64676849966268
srv-010,2017-06-16 12:00:00,90.64676849966268
srv-010,2017-06-16 13:00:00,90.64676849966268
srv-010,2017-06-16 14:00:00,90.64676849966268
srv-010,2017-06-16 15:00:00,90.64676849966268
srv-010,2017-06-16 16:00:00,90.64676849966268
srv-010,2017-06-16 17:00:00,90.64676849966268
srv-010,2017-06-16 18:00:00,90.64676849966268
srv-010,2017-06-16 19:00:00,90.64676849966268
srv-010,2017-06-16 20:00:00,90.64676849966268
srv-010,2017-06-16 21:00:00,90.64676849966268
srv-010,2017-06-16 22:00:00,90.64676849966268
srv-010,2017-06-16 23:00:00,90.64676849966268
srv-010,2017-06-17 00:00:00,90.64676849966268
srv-010,2017-06-17 01:00:00,90.64676849966268
srv-010,2017-06-17 02:00:00,90.64676849966268
srv-010,2017-06-17 03:00:00,90.64676849966268
srv-010,2017-06-17 04:00:00,90.64676849966268
srv-010,2017-06-17 05:00:00,90.64676849966268
srv-010,2017-06-17 06:00:00,90.64676849966268
srv-010,2017-06-17 07:00:00,90.64676849966268
srv-010,2017-06-17 08:00:00,90.64676849966268
srv-010,2017-06-17 09:00:00,90.64676849966268
srv-010,2017-06-17 10:00:00,90.64676849966268
srv-010,2017-06-17 11:00:00,90.64676849966268
srv-010,2017-06-17 12:00:00,90.64676849966268
srv-010,2017-06-17 13:00:00,90.64676849966268
srv-010,2017-06-17 14:00:00,90.64676849966268
srv-010,2017-06-17 15:00:00,90.64676849966268
srv-010,2017-06-17 16:00:00,90.64676849966268
srv-010,2017-06-17 17:00:00,90.64676849966268
srv-010,2017-06-17 18:00:00,90.64676849966268
srv-010,2017-06-17 19:00:00,90.64676849966268
srv-010,2017-06-17 20:00:00,90.64676849966268
srv-010,2017-06-17 21:00:00,90.64676849966268
srv-010,2017-06-17 22:00:00,90.64676849966268
srv-010,2017-06-17 23:00:00,90.64676849966268
srv-010,2017-06-18 00:00:00,90.64676849966268
srv-010,2017-06-18 01:00:00,90.64676849966268
srv-010,2017-06-18 02:00:00,90.64676849966268
srv-010,2017-06-18 03:00:00,90.64676849966268
srv-010,2017-06-18 04:00:00,90.64676849966268
srv-010,2017-06-18 05:00:00,90.64676849966268
srv-010,2017-06-18 06:00:00,90.64676849966268
srv-010,2017-06-18 07:00:00,90.64676849966268
srv-010,2017-06-18 08:00:00,90.64676849966268
srv-010,2017-06-18 09:00:00,90.64676849966268
srv-010,2017-06-18 10:00:00,90.64676849966268
srv-010,2017-06-18 11:00:00,90.64676849966268
srv-010,2017-06-18 12:00:00,90.64676849966268
srv-010,2017-06-18 13:00:00,90.64676849966268
srv-010,2017-06-18 14:00:00,90.64676849966268
srv-010,2017-06-18 15:00:00,90.64676849966268
srv-010,2017-06-18 16:00:00,90.64676849966268
srv-010,2017-06-18 17:00:00,90.64676849966268
srv-010,2017-06-18 18:00:00,90.64676849966268
srv-010,2017-06-18 19:00:00,90.64676849966268
srv-010,2017-06-18 20:00:00,90.64676849966268
srv-010,2017-06-18 21:00:00,90.64676849966268
srv-010,2017-06-18 22:00:00,90.64676849966268
srv-010,2017-06-18 23:00:00,90.64676849966268
srv-010,2017-06-19 00:00:00,90.64676849966268
srv-010,2017-06-19 01:00:00,90.64676849966268
srv-010,2017-06-19 02:00:00,90.64676849966268
srv-010,2017-06-19 03:00:00,90.64676849966268
srv-010,2017-06-19 04:00:00,90.64676849966268
srv-010,2017-06-19 05:00:00,90.64676849966268
srv-010,2017-06-19 06:00:00,90.64676849966268
srv-010,2017-06-19 07:00:00,90.64676849966268
srv-010,2017-06-19 08:00:00,90.64676849966268
srv-010,2017-06-19 09:00:00,90.64676849966268
srv-010,2017-06-19 10:00:00,90.64676849966268
srv-010,2017-06-19 11:00:00,90.64676849966268
srv-010,2017-06-19 12:00:00,90.64676849966268
srv-010,2017-06-19 13:00:00,90.64676849966268
srv-010,2017-06-19 14:00:00,90.64676849966268
srv-010,2017-06-19 15:00:00,90.64676849966268
srv-010,2017-06-19 16:00:00,90.64676849966268
srv-010,2017-06-19 17:00:00,90.64676849966268
srv-010,2017-06-19 18:00:00,90.64676849966268
srv-010,2017-06-19 19:00:00,90.64676849966268
srv-010,2017-06-19 20:00:00,90.64676849966268
srv-010,2017-06-19 21:00:00,90.64676849966268
srv-010,2017-06-19 22:00:00,90.64676849966268
srv-010,2017-06-19 23:00:00,90.64676849966268
srv-010,2017-06-20 00:00:00,90.64676849966268
srv-010,2017-06-20 01:00:00,90.64676849966268
srv-010,2017-06-20 02:00:00,90.64676849966268
srv-010,2017-06-20 03:00:00,90.64676849966268
srv-010,2017-06-20 04:00:00,90.64676849966268
srv-010,2017-06-20 05:00:00,90.64676849966268
srv-010,2017-06-20 06:00:00,90.64676849966268
srv-010,2017-06-20 07:00:00,90.64676849966268
srv-010,2017-06-20 08:00:00,90.64676849966268
srv-010,2017-06-20 09:00:00,90.64676849966268
srv-010,2017-06-20 10:00:00,90.64676849966268
srv-010,2017-06-20 11:00:00,90.64676849966268
srv-010,2017-06-20 12:00:00,90.64676849966268
srv-010,2017-06-20 13:00:00,90.64676849966268
srv-010,2017-06-20 14:00:00,90.64676849966268
srv-010,2017-06-20 15:00:00,90.64676849966268
srv-010,2017-06-20 16:00:00,90.64676849966268
srv-010,2017-06-20 17:00:00,90.64676849966268
srv-010,2017-06-20 18:00:00,90.64676849966268
srv-010,2017-06-20 19:00:00,90.64676849966268
srv-010,2017-06-20 20:00:00,90.64676849966268
srv-010,2017-06-20 21:00:00,90.64676849966268
srv-010,2017-06-20 22:00:00,90.64676849966268
srv-010,2017-06-20 23:00:00,90.64676849966268
srv-010,2017-06-21 00:00:00,90.64676849966268
srv-010,2017-06-21 01:00:00,90.64676849966268
srv-010,2017-06-21 02:00:00,90.64676849966268
srv-010,2017-06-21 03:00:00,90.64676849966268
srv-010,2017-06-21 04:00:00,90.64676849966268
srv-010,2017-06-21 05:00:00,90.64676849966268
srv-010,2017-06-21 06:00:00,90.64676849966268
srv-010,2017-06-21 07:00:00,90.64676849966268
srv-010,2017-06-21 08:00:00,90.64676849966268
srv-010,2017-06-21 09:00:00,90.64676849966268
srv-010,2017-06-21 10:00:00,90.64676849966268
srv-010,2017-06-21 11:00:00,90.64676849966268
srv-010,2017-06-21 12:00:00,90.64676849966268
srv-010,2017-06-21 13:00:00,90.64676849966268
srv-010,2017-06-21 14:00:00,90.64676849966268
srv-010,2017-06-21 15:00:00,90.64676849966268
srv-010,2017-06-21 16:00:00,90.64676849966268
srv-010,2017-06-21 17:00:00,90.64676849966268
srv-010,2017-06-21 18:00:00,90.64676849966268
srv-010,2017-06-21 19:00:00,90.64676849966268
srv-010,2017-06-21 20:00:00,90.64676849966268
srv-010,2017-06-21 21:00:00,90.64676849966268
srv-010,2017-06-21 22:00:00,90.64676849966268
srv-010,2017-06-21 23:00:00,90.64676849966268
srv-010,2017-06-22 00:00:00,90.64676849966268
srv-010,2017-06-22 01:00:00,90.64676849966268
srv-010,2017-06-22 02:00:00,90.64676849966268
srv-010,2017-06-22 03:00:00,90.64676849966268
srv-010,2017-06-22 04:00:00,90.64676849966268
srv-010,2017-06-22 05:00:00,90.64676849966268
srv-010,2017-06-22 06:00:00,90.64676849966268
srv-010,2017-06-22 07:00:00,90.64676849966268
srv-010,2017-06-22 08:00:00,90.64676849966268
srv-010,2017-06-22 09:00:00,90.64676849966268
srv-010,2017-06-22 10:00:00,90.64676849966268
srv-010,2017-06-22 11:00:00,90.64676849966268
srv-010,2017-06-22 12:00:00,90.64676849966268
srv-010,2017-06-22 13:00:00,90.64676849966268
srv-010,2017-06-22 14:00:00,90.64676849966268
srv-010,2017-06-22 15:00:00,90.64676849966268
srv-010,2017-06-22 16:00:00,90.64676849966268
srv-010,2017-06-22 17:00:00,90.64676849966268
srv-010,2017-06-22 18:00:00,90.64676849966268
srv-010,2017-06-22 19:00:00,90.64676849966268
srv-010,2017-06-22 20:00:00,90.64676849966268
srv-010,2017-06-22 21:00:00,90.64676849966268
srv-010,2017-06-22 22:00:00,90.64676849966268
srv-010,2017-06-22 23:00:00,90.64676849966268
srv-010,2017-06-23 00:00:00,90.64676849966268
srv-010,2017-06-23 01:00:00,90.64676849966268
srv-010,2017-06-23 02:00:00,90.64676849966268
srv-010,2017-06-23 03:00:00,90.64676849966268
srv-010,2017-06-23 04:00:00,90.64676849966268
srv-010,2017-06-23 05:00:00,90.64676849966268
srv-010,2017-06-23 06:00:00,90.64676849966268
srv-010,2017-06-23 07:00:00,90.64676849966268
srv-010,2017-06-23 08:00:00,90.64676849966268
srv-010,2017-06-23 09:00:00,90.64676849966268
srv-010,2017-06-23 10:00:00,90.64676849966268
srv-010,2017-06-23 11:00:00,90.64676849966268
srv-010,2017-06-23 12:00:00,90.64676849966268
srv-010,2017-06-23 13:00:00,90.64676849966268
srv-010,2017-06-23 14:00:00,90.64676849966268
srv-010,2017-06-23 15:00:00,90.64676849966268
srv-010,2017-06-23 16:00:00,90.64676849966268
srv-010,2017-06-23 17:00:00,90.64676849966268
srv-010,2017-06-23 18:00:00,90.64676849966268
srv-010,2017-06-23 19:00:00,90.64676849966268
srv-010,2017-06-23 20:00:00,90.64676849966268
srv-010,2017-06-23 21:00:00,90.64676849966268
srv-010,2017-06-23 22:00:00,90.64676849966268
srv-010,2017-06-23 23:00:00,90.64676849966268
srv-010,2017-06-24 00:00:00,90.64676849966268
srv-010,2017-06-24 01:00:00,90.64676849966268
srv-010,2017-06-24 02:00:00,90.64676849966268
srv-010,2017-06-24 03:00:00,90.64676849966268
srv-010,2017-06-24 04:00:00,90.64676849966268
srv-010,2017-06-24 05:00:00,90.64676849966268
srv-010,2017-06-24 06:00:00,90.64676849966268
srv-010,2017-06-24 07:00:00,90.64676849966268
srv-010,2017-06-24 08:00:00,90.64676849966268
srv-010,2017-06-24 09:00:00,90.64676849966268
srv-010,2017-06-24 10:00:00,90.64676849966268
srv-010,2017-06-24 11:00:00,90.64676849966268
srv-010,2017-06-24 12:00:00,90.64676849966268
srv-010,2017-06-24 13:00:00,90.64676849966268
srv-010,2017-06-24 14:00:00,90.64676849966268
srv-010,2017-06-24 15:00:00,90.64676849966268
srv-010,2017-06-24 16:00:00,90.64676849966268
srv-010,2017-06-24 17:00:00,90.64676849966268
srv-010,2017-06-24 18:00:00,90.64676849966268
srv-010,2017-06-24 19:00:00,90.64676849966268
srv-010,2017-06-24 20:00:00,90.64676849966268
srv-010,2017-06-24 21:00:00,90.64676849966268
srv-010,2017-06-24 22:00:00,90.64676849966268
srv-010,2017-06-24 23:00:00,90.64676849966268
srv-010,2017-06-25 00:00:00,90.64676849966268
srv-010,2017-06-25 01:00:00,90.64676849966268
srv-010,2017-06-25 02:00:00,90.64676849966268
srv-010,2017-06-25 03:00:00,90.64676849966268
srv-010,2017-06-25 04:00:00,90.64676849966268
srv-010,2017-06-25 05:00:00,90.64676849966268
srv-010,2017-06-25 06:00:00,90.64676849966268
srv-010,2017-06-25 07:00:00,90.64676849966268
srv-010,2017-06-25 08:00:00,90.64676849966268
srv-010,2017-06-25 09:00:00,90.64676849966268
srv-010,2017-06-25 10:00:00,90.64676849966268
srv-010,2017-06-25 11:00:00,90.64676849966268
srv-010,2017-06-25 12:00:00,90.64676849966268
srv-010,2017-06-25 13:00:00,90.64676849966268
srv-010,2017-06-25 14:00:00,90.64676849966268
srv-010,2017-06-25 15:00:00,90.64676849966268
srv-010,2017-06-25 16:00:00,90.64676849966268
srv-010,2017-06-25 17:00:00,90.64676849966268
srv-010,2017-06-25 18:00:00,90.64676849966268
srv-010,2017-06-25 19:00:00,90.64676849966268
srv-010,2017-06-25 20:00:00,90.64676849966268
srv-010,2017-06-25 21:00:00,90.64676849966268
srv-010,2017-06-25 22:00:00,90.64676849966268
srv-010,2017-06-25 23:00:00,90.64676849966268
srv-010,2017-06-26 00:00:00,90.64676849966268
srv-010,2017-06-26 01:00:00,90.64676849966268
srv-010,2017-06-26 02:00:00,90.64676849966268
srv-010,2017-06-26 03:00:00,90.64676849966268
srv-010,2017-06-26 04:00:00,90.64676849966268
srv-010,2017-06-26 05:00:00,90.64676849966268
srv-010,2017-06-26 06:00:00,90.64676849966268
srv-010,2017-06-26 07:00:00,90.64676849966268
srv-010,2017-06-26 08:00:00,90.64676849966268
srv-010,2017-06-26 09:00:00,90.64676849966268
srv-010,2017-06-26 10:00:00,90.64676849966268
srv-010,2017-06-26 11:00:00,90.64676849966268
srv-010,2017-06-26 12:00:00,90.64676849966268
srv-010,2017-06-26 13:00:00,90.64676849966268
srv-010,2017-06-26 14:00:00,90.64676849966268
srv-010,2017-06-26 15:00:00,90.64676849966268
srv-010,2017-06-26 16:00:00,90.64676849966268
srv-010,2017-06-26 17:00:00,90.64676849966268
srv-010,2017-06-26 18:00:00,90.64676849966268
srv-010,2017-06-26 19:00:00,90.64676849966268
srv-010,2017-06-26 20:00:00,90.64676849966268
srv-010,2017-06-26 21:00:00,90.64676849966268
srv-010,2017-06-26 22:00:00,90.64676849966268
srv-010,2017-06-26 23:00:00,90.64676849966268
srv-010,2017-06-27 00:00:00,90.64676849966268
srv-010,2017-06-27 01:00:00,90.64676849966268
srv-010,2017-06-27 02:00:00,90.64676849966268
srv-010,2017-06-27 03:00:00,90.64676849966268
srv-010,2017-06-27 04:00:00,90.64676849966268
srv-010,2017-06-27 05:00:00,90.64676849966268
srv-010,2017-06-27 06:00:00,90.64676849966268
srv-010,2017-06-27 07:00:00,90.64676849966268
srv-010,2017-06-27 08:00:00,90.64676849966268
srv-010,2017-06-27 09:00:00,90.64676849966268
srv-010,2017-06-27 10:00:00,90.64676849966268
srv-010,2017-06-27 11:00:00,90.64676849966268
srv-010,2017-06-27 12:00:00,90.64676849966268
srv-010,2017-06-27 13:00:00,90.64676849966268
srv-010,2017-06-27 14:00:00,90.64676849966268
srv-010,2017-06-27 15:00:00,90.64676849966268
srv-010,2017-06-27 16:00:00,90.64676849966268
srv-010,2017-06-27 17:00:00,90.64676849966268
srv-010,2017-06-27 18:00:00,90.64676849966268
srv-010,2017-06-27 19:00:00,90.64676849966268
srv-010,2017-06-27 20:00:00,90.64676849966268
srv-010,2017-06-27 21:00:00,90.64676849966268
srv-010,2017-06-27 22:00:00,90.64676849966268
srv-010,2017-06-27 23:00:00,90.64676849966268
srv-010,2017-06-28 00:00:00,90.64676849966268
srv-010,2017-06-28 01:00:00,90.64676849966268
srv-010,2017-06-28 02:00:00,90.64676849966268
srv-010,2017-06-28 03:00:00,90.64676849966268
srv-010,2017-06-28 04:00:00,90.64676849966268
srv-010,2017-06-28 05:00:00,90.64676849966268
srv-010,2017-06-28 06:00:00,90.64676849966268
srv-010,2017-06-28 07:00:00,90.64676849966268
srv-010,2017-06-28 08:00:00,90.64676849966268
srv-010,2017-06-28 09:00:00,90.64676849966268
srv-010,2017-06-28 10:00:00,90.64676849966268
srv-010,2017-06-28 11:00:00,90.64676849966268
srv-010,2017-06-28 12:00:00,90.64676849966268
srv-010,2017-06-28 13:00:00,90.64676849966268
srv-010,2017-06-28 14:00:00,90.64676849966268
srv-010,2017-06-28 15:00:00,90.64676849966268
srv-010,2017-06-28 16:00:00,90.64676849966268
srv-010,2017-06-28 17:00:00,90.64676849966268
srv-010,2017-06-28 18:00:00,90.64676849966268
srv-010,2017-06-28 19:00:00,90.64676849966268
srv-010,2017-06-28 20:00:00,90.64676849966268
srv-010,2017-06-28 21:00:00,90.64676849966268
srv-010,2017-06-28 22:00:00,90.64676849966268
srv-010,2017-06-28 23:00:00,90.64676849966268
srv-010,2017-06-29 00:00:00,90.64676849966268
srv-010,2017-06-29 01:00:00,90.64676849966268
srv-010,2017-06-29 02:00:00,90.64676849966268
srv-010,2017-06-29 03:00:00,90.64676849966268
srv-010,2017-06-29 04:00:00,90.64676849966268
srv-010,2017-06-29 05:00:00,90.64676849966268
srv-010,2017-06-29 06:00:00,90.64676849966268
srv-010,2017-06-29 07:00:00,90.64676849966268
srv-010,2017-06-29 08:00:00,90.64676849966268
srv-010,2017-06-29 09:00:00,90.64676849966268
srv-010,2017-06-29 10:00:00,90.64676849966268
srv-010,2017-06-29 11:00:00,90.64676849966268
srv-010,2017-06-29 12:00:00,90.64676849966268
srv-010,2017-06-29 13:00:00,90.64676849966268
srv-010,2017-06-29 14:00:00,90.64676849966268
srv-010,2017-06-29 15:00:00,90.64676849966268
srv-010,2017-06-29 16:00:00,90.64676849966268
srv-010,2017-06-29 17:00:00,90.64676849966268
srv-010,2017-06-29 18:00:00,90.64676849966268
srv-010,2017-06-29 19:00:00,90.64676849966268
srv-010,2017-06-29 20:00:00,90.64676849966268
srv-010,2017-06-29 21:00:00,90.64676849966268
srv-010,2017-06-29 22:00:00,90.64676849966268
srv-010,2017-06-29 23:00:00,90.64676849966268
srv-010,2017-06-30 00:00:00,90.64676849966268
srv-010,2017-06-30 01:00:00,90.64676849966268
srv-010,2017-06-30 02:00:00,90.64676849966268
srv-010,2017-06-30 03:00:00,90.64676849966268
srv-010,2017-06-30 04:00:00,90.64676849966268
srv-010,2017-06-30 05:00:00,90.64676849966268
srv-010,2017-06-30 06:00:00,90.64676849966268
srv-010,2017-06-30 07:00:00,90.64676849966268
srv-010,2017-06-30 08:00:00,90.64676849966268
srv-010,2017-06-30 09:00:00,90.64676849966268
srv-010,2017-06-30 10:00:00,90.64676849966268
srv-010,2017-06-30 11:00:00,90.64676849966268
srv-010,2017-06-30 12:00:00,90.64676849966268
srv-010,2017-06-30 13:00:00,90.64676849966268
srv-010,2017-06-30 14:00:00,90.64676849966268
srv-010,2017-06-30 15:00:00,90.64676849966268
srv-010,2017-06-30 16:00:00,90.64676849966268
srv-010,2017-06-30 17:00:00,90.64676849966268
srv-010,2017-06-30 18:00:00,90.64676849966268
srv-010,2017-06-30 19:00:00,90.64676849966268
srv-010,2017-06-30 20:00:00,90.64676849966268
srv-010,2017-06-30 21:00:00,90.64676849966268
srv-010,2017-06-30 22:00:00,90.64676849966268
srv-010,2017-06-30 23:00:00,90.64676849966268
