server_id,timestamp,predicted_cpu_utilization
srv-001,2017-06-01 23:00:00,46.348549014490054
srv-001,2017-06-02 00:00:00,45.9840152983196
srv-001,2017-06-02 01:00:00,45.64909600091563
srv-001,2017-06-02 02:00:00,45.34138527129654
srv-001,2017-06-02 03:00:00,45.05867270783231
srv-001,2017-06-02 04:00:00,44.79892748010024
srv-001,2017-06-02 05:00:00,44.56028374066796
srv-001,2017-06-02 06:00:00,44.34102722201129
srv-001,2017-06-02 07:00:00,44.13958292228732
srv-001,2017-06-02 08:00:00,43.954503791505246
srv-001,2017-06-02 09:00:00,43.78446033682331
srv-001,2017-06-02 10:00:00,43.628231072302846
srv-001,2017-06-02 11:00:00,43.48469374451651
srv-001,2017-06-02 12:00:00,43.35281727098075
srv-001,2017-06-02 13:00:00,43.231654333503506
srv-001,2017-06-02 14:00:00,43.12033457324214
srv-001,2017-06-02 15:00:00,43.01805833858931
srv-001,2017-06-02 16:00:00,42.92409094097545
srv-001,2017-06-02 17:00:00,42.83775737732506
srv-001,2017-06-02 18:00:00,42.75843748125639
srv-001,2017-06-02 19:00:00,42.68556146819356
srv-001,2017-06-02 20:00:00,42.618605842390245
srv-001,2017-06-02 21:00:00,42.5570896364632
srv-001,2017-06-02 22:00:00,42.50057095642317
srv-001,2017-06-02 23:00:00,42.448643807384485
srv-001,2017-06-03 00:00:00,42.40093517715151
srv-001,2017-06-03 01:00:00,42.357102356732064
srv-001,2017-06-03 02:00:00,42.31683047853013
srv-001,2017-06-03 03:00:00,42.27983025453378
srv-001,2017-06-03 04:00:00,42.24583589825082
srv-001,2017-06-03 05:00:00,42.21460321546473
srv-001,2017-06-03 06:00:00,42.18590785009592
srv-001,2017-06-03 07:00:00,42.159543672567885
srv-001,2017-06-03 08:00:00,42.135321299101086
srv-001,2017-06-03 09:00:00,42.11306673129819
srv-001,2017-06-03 10:00:00,42.09262010624831
srv-001,2017-06-03 11:00:00,42.073834548171746
srv-001,2017-06-03 12:00:00,42.05657511335611
srv-001,2017-06-03 13:00:00,42.04071782080504
srv-001,2017-06-03 14:00:00,42.02614876163618
srv-001,2017-06-03 15:00:00,42.01276328083091
srv-001,2017-06-03 16:00:00,42.000465225458115
srv-001,2017-06-03 17:00:00,41.98916625397158
srv-001,2017-06-03 18:00:00,41.978785201619516
srv-001,2017-06-03 19:00:00,41.9692474974077
srv-001,2017-06-03 20:00:00,41.96048462842805
srv-001,2017-06-03 21:00:00,41.95243364770467
srv-001,2017-06-03 22:00:00,41.94503672202215
srv-001,2017-06-03 23:00:00,41.93824071648784
srv-001,2017-06-04 00:00:00,41.93199681284398
srv-001,2017-06-04 01:00:00,41.92626015878786
srv-001,2017-06-04 02:00:00,41.920989545780905
srv-001,2017-06-04 03:00:00,41.91614711303223
srv-001,2017-06-04 04:00:00,41.91169807553044
srv-001,2017-06-04 05:00:00,41.90761047416977
srv-001,2017-06-04 06:00:00,41.903854946175926
srv-001,2017-06-04 07:00:00,41.900404514182156
srv-001,2017-06-04 08:00:00,41.897234392440794
srv-001,2017-06-04 09:00:00,41.89432180877787
srv-001,2017-06-04 10:00:00,41.89164584101208
srv-001,2017-06-04 11:00:00,41.88918726666288
srv-001,2017-06-04 12:00:00,41.886928424868216
srv-001,2017-06-04 13:00:00,41.884853089519915
srv-001,2017-06-04 14:00:00,41.88294635270547
srv-001,2017-06-04 15:00:00,41.88119451761889
srv-001,2017-06-04 16:00:00,41.879585000171424
srv-001,2017-06-04 17:00:00,41.87810623859533
srv-001,2017-06-04 18:00:00,41.87674761039134
srv-001,2017-06-04 19:00:00,41.87549935602329
srv-001,2017-06-04 20:00:00,41.87435250881167
srv-001,2017-06-04 21:00:00,41.87329883052265
srv-001,2017-06-04 22:00:00,41.87233075218972
srv-001,2017-06-04 23:00:00,41.871441319742964
srv-001,2017-06-05 00:00:00,41.87062414405539
srv-001,2017-06-05 01:00:00,41.86987335504742
srv-001,2017-06-05 02:00:00,41.86918355951988
srv-001,2017-06-05 03:00:00,41.86854980241269
srv-001,2017-06-05 04:00:00,41.86796753121074
srv-001,2017-06-05 05:00:00,41.86743256324151
srv-001,2017-06-05 06:00:00,41.86694105562934
srv-001,2017-06-05 07:00:00,41.86648947769064
srv-001,2017-06-05 08:00:00,41.86607458557163
srv-001,2017-06-05 09:00:00,41.86569339894655
srv-001,2017-06-05 10:00:00,41.86534317960883
srv-001,2017-06-05 11:00:00,41.865021411801564
srv-001,2017-06-05 12:00:00,41.86472578414586
srv-001,2017-06-05 13:00:00,41.864454173037345
srv-001,2017-06-05 14:00:00,41.8642046273915
srv-001,2017-06-05 15:00:00,41.86397535462833
srv-001,2017-06-05 16:00:00,41.863764707795546
srv-001,2017-06-05 17:00:00,41.86357117373791
srv-001,2017-06-05 18:00:00,41.86339336222766
srv-001,2017-06-05 19:00:00,41.86322999597801
srv-001,2017-06-05 20:00:00,41.863079901467884
srv-001,2017-06-05 21:00:00,41.862942000512106
srv-001,2017-06-05 22:00:00,41.86281530251635
srv-001,2017-06-05 23:00:00,41.86269889736139
srv-001,2017-06-06 00:00:00,41.862591948865315
srv-001,2017-06-06 01:00:00,41.862493688776944
srv-001,2017-06-06 02:00:00,41.8624034112572
srv-001,2017-06-06 03:00:00,41.86232046780878
srv-001,2017-06-06 04:00:00,41.86224426261777
srv-001,2017-06-06 05:00:00,41.862174248273696
srv-001,2017-06-06 06:00:00,41.86210992183725
srv-001,2017-06-06 07:00:00,41.862050821227506
srv-001,2017-06-06 08:00:00,41.861996521902604
srv-001,2017-06-06 09:00:00,41.86194663381012
srv-001,2017-06-06 10:00:00,41.86190079858517
srv-001,2017-06-06 11:00:00,41.86185868697613
srv-001,2017-06-06 12:00:00,41.861819996479504
srv-001,2017-06-06 13:00:00,41.861784449166954
srv-001,2017-06-06 14:00:00,41.861751789688796
srv-001,2017-06-06 15:00:00,41.86172178343973
srv-001,2017-06-06 16:00:00,41.861694214873616
srv-001,2017-06-06 17:00:00,41.8616688859551
srv-001,2017-06-06 18:00:00,41.86164561473705
srv-001,2017-06-06 19:00:00,41.861624234053586
srv-001,2017-06-06 20:00:00,41.86160459031923
srv-001,2017-06-06 21:00:00,41.86158654242568
srv-001,2017-06-06 22:00:00,41.86156996072812
srv-001,2017-06-06 23:00:00,41.86155472611401
srv-001,2017-06-07 00:00:00,41.8615407291474
srv-001,2017-06-07 01:00:00,41.861527869282824
srv-001,2017-06-07 02:00:00,41.86151605414305
srv-001,2017-06-07 03:00:00,41.861505198855504
srv-001,2017-06-07 04:00:00,41.861495225442575
srv-001,2017-06-07 05:00:00,41.861486062261484
srv-001,2017-06-07 06:00:00,41.861477643489685
srv-001,2017-06-07 07:00:00,41.86146990865197
srv-001,2017-06-07 08:00:00,41.8614628021861
srv-001,2017-06-07 09:00:00,41.86145627304366
srv-001,2017-06-07 10:00:00,41.86145027432337
srv-001,2017-06-07 11:00:00,41.86144476293417
srv-001,2017-06-07 12:00:00,41.8614396992857
srv-001,2017-06-07 13:00:00,41.86143504700385
srv-001,2017-06-07 14:00:00,41.86143077266954
srv-001,2017-06-07 15:00:00,41.86142684557864
srv-001,2017-06-07 16:00:00,41.861423237521365
srv-001,2017-06-07 17:00:00,41.86141992257969
srv-001,2017-06-07 18:00:00,41.86141687694114
srv-001,2017-06-07 19:00:00,41.86141407872777
srv-001,2017-06-07 20:00:00,41.86141150783894
srv-001,2017-06-07 21:00:00,41.861409145807
srv-001,2017-06-07 22:00:00,41.861406975664586
srv-001,2017-06-07 23:00:00,41.86140498182276
srv-001,2017-06-08 00:00:00,41.861403149959
srv-001,2017-06-08 01:00:00,41.861401466914344
srv-001,2017-06-08 02:00:00,41.86139992059884
srv-001,2017-06-08 03:00:00,41.861398499904745
srv-001,2017-06-08 04:00:00,41.86139719462666
srv-001,2017-06-08 05:00:00,41.8613959953883
srv-001,2017-06-08 06:00:00,41.86139489357507
srv-001,2017-06-08 07:00:00,41.861393881272235
srv-001,2017-06-08 08:00:00,41.86139295120805
srv-001,2017-06-08 09:00:00,41.86139209670152
srv-001,2017-06-08 10:00:00,41.86139131161439
srv-001,2017-06-08 11:00:00,41.861390590307096
srv-001,2017-06-08 12:00:00,41.86138992759821
srv-001,2017-06-08 13:00:00,41.86138931872725
srv-001,2017-06-08 14:00:00,41.86138875932046
srv-001,2017-06-08 15:00:00,41.86138824535942
srv-001,2017-06-08 16:00:00,41.86138777315215
srv-001,2017-06-08 17:00:00,41.86138733930662
srv-001,2017-06-08 18:00:00,41.86138694070633
srv-001,2017-06-08 19:00:00,41.861386574488
srv-001,2017-06-08 20:00:00,41.861386238020955
srv-001,2017-06-08 21:00:00,41.86138592888821
srv-001,2017-06-08 22:00:00,41.86138564486915
srv-001,2017-06-08 23:00:00,41.86138538392357
srv-001,2017-06-09 00:00:00,41.86138514417699
srv-001,2017-06-09 01:00:00,41.86138492390723
srv-001,2017-06-09 02:00:00,41.861384721532005
srv-001,2017-06-09 03:00:00,41.86138453559757
srv-001,2017-06-09 04:00:00,41.8613843647683
srv-001,2017-06-09 05:00:00,41.86138420781705
srv-001,2017-06-09 06:00:00,41.8613840636164
srv-001,2017-06-09 07:00:00,41.86138393113049
srv-001,2017-06-09 08:00:00,41.86138380940763
srv-001,2017-06-09 09:00:00,41.86138369757343
srv-001,2017-06-09 10:00:00,41.861383594824545
srv-001,2017-06-09 11:00:00,41.861383500422896
srv-001,2017-06-09 12:00:00,41.86138341369036
srv-001,2017-06-09 13:00:00,41.86138333400391
srv-001,2017-06-09 14:00:00,41.861383260791115
srv-001,2017-06-09 15:00:00,41.86138319352607
srv-001,2017-06-09 16:00:00,41.86138313172558
srv-001,2017-06-09 17:00:00,41.861383074945714
srv-001,2017-06-09 18:00:00,41.8613830227786
srv-001,2017-06-09 19:00:00,41.86138297484949
srv-001,2017-06-09 20:00:00,41.86138293081411
srv-001,2017-06-09 21:00:00,41.86138289035612
srv-001,2017-06-09 22:00:00,41.86138285318491
srv-001,2017-06-09 23:00:00,41.86138281903345
srv-001,2017-06-10 00:00:00,41.86138278765644
srv-001,2017-06-10 01:00:00,41.86138275882846
srv-001,2017-06-10 02:00:00,41.86138273234245
srv-001,2017-06-10 03:00:00,41.861382708008136
srv-001,2017-06-10 04:00:00,41.861382685650725
srv-001,2017-06-10 05:00:00,41.86138266510961
srv-001,2017-06-10 06:00:00,41.86138264623724
srv-001,2017-06-10 07:00:00,41.86138262889804
srv-001,2017-06-10 08:00:00,41.86138261296747
srv-001,2017-06-10 09:00:00,41.86138259833108
srv-001,2017-06-10 10:00:00,41.86138258488374
srv-001,2017-06-10 11:00:00,41.86138257252885
srv-001,2017-06-10 12:00:00,41.86138256117767
srv-001,2017-06-10 13:00:00,41.861382550748644
srv-001,2017-06-10 14:00:00,41.86138254116686
srv-001,2017-06-10 15:00:00,41.8613825323635
srv-001,2017-06-10 16:00:00,41.861382524275314
srv-001,2017-06-10 17:00:00,41.8613825168442
srv-001,2017-06-10 18:00:00,41.86138251001679
srv-001,2017-06-10 19:00:00,41.86138250374403
srv-001,2017-06-10 20:00:00,41.86138249798087
srv-001,2017-06-10 21:00:00,41.8613824926859
srv-001,2017-06-10 22:00:00,41.86138248782109
srv-001,2017-06-10 23:00:00,41.86138248335149
srv-001,2017-06-11 00:00:00,41.861382479245
srv-001,2017-06-11 01:00:00,41.86138247547211
srv-001,2017-06-11 02:00:00,41.86138247200574
srv-001,2017-06-11 03:00:00,41.86138246882096
srv-001,2017-06-11 04:00:00,41.86138246589492
srv-001,2017-06-11 05:00:00,41.86138246320659
srv-001,2017-06-11 06:00:00,41.86138246073665
srv-001,2017-06-11 07:00:00,41.861382458467375
srv-001,2017-06-11 08:00:00,41.861382456382444
srv-001,2017-06-11 09:00:00,41.8613824544669
srv-001,2017-06-11 10:00:00,41.86138245270697
srv-001,2017-06-11 11:00:00,41.86138245109001
srv-001,2017-06-11 12:00:00,41.86138244960441
srv-001,2017-06-11 13:00:00,41.86138244823951
srv-001,2017-06-11 14:00:00,41.86138244698549
srv-001,2017-06-11 15:00:00,41.861382445833335
srv-001,2017-06-11 16:00:00,41.86138244477479
srv-001,2017-06-11 17:00:00,41.86138244380224
srv-001,2017-06-11 18:00:00,41.8613824429087
srv-001,2017-06-11 19:00:00,41.861382442087745
srv-001,2017-06-11 20:00:00,41.86138244133348
srv-001,2017-06-11 21:00:00,41.861382440640504
srv-001,2017-06-11 22:00:00,41.861382440003815
srv-001,2017-06-11 23:00:00,41.861382439418854
srv-001,2017-06-12 00:00:00,41.861382438881414
srv-001,2017-06-12 01:00:00,41.861382438387636
srv-001,2017-06-12 02:00:00,41.86138243793397
srv-001,2017-06-12 03:00:00,41.861382437517165
srv-001,2017-06-12 04:00:00,41.86138243713421
srv-001,2017-06-12 05:00:00,41.86138243678238
srv-001,2017-06-12 06:00:00,41.861382436459124
srv-001,2017-06-12 07:00:00,41.861382436162124
srv-001,2017-06-12 08:00:00,41.86138243588926
srv-001,2017-06-12 09:00:00,41.86138243563856
srv-001,2017-06-12 10:00:00,41.86138243540823
srv-001,2017-06-12 11:00:00,41.86138243519661
srv-001,2017-06-12 12:00:00,41.86138243500218
srv-001,2017-06-12 13:00:00,41.86138243482355
srv-001,2017-06-12 14:00:00,41.861382434659426
srv-001,2017-06-12 15:00:00,41.861382434508634
srv-001,2017-06-12 16:00:00,41.8613824343701
srv-001,2017-06-12 17:00:00,41.86138243424281
srv-001,2017-06-12 18:00:00,41.86138243412587
srv-001,2017-06-12 19:00:00,41.86138243401843
srv-001,2017-06-12 20:00:00,41.861382433919715
srv-001,2017-06-12 21:00:00,41.86138243382902
srv-001,2017-06-12 22:00:00,41.861382433745696
srv-001,2017-06-12 23:00:00,41.861382433669135
srv-001,2017-06-13 00:00:00,41.8613824335988
srv-001,2017-06-13 01:00:00,41.861382433534175
srv-001,2017-06-13 02:00:00,41.8613824334748
srv-001,2017-06-13 03:00:00,41.86138243342025
srv-001,2017-06-13 04:00:00,41.86138243337013
srv-001,2017-06-13 05:00:00,41.86138243332409
srv-001,2017-06-13 06:00:00,41.86138243328178
srv-001,2017-06-13 07:00:00,41.86138243324291
srv-001,2017-06-13 08:00:00,41.8613824332072
srv-001,2017-06-13 09:00:00,41.86138243317439
srv-001,2017-06-13 10:00:00,41.86138243314424
srv-001,2017-06-13 11:00:00,41.861382433116546
srv-001,2017-06-13 12:00:00,41.8613824330911
srv-001,2017-06-13 13:00:00,41.861382433067725
srv-001,2017-06-13 14:00:00,41.861382433046245
srv-001,2017-06-13 15:00:00,41.861382433026506
srv-001,2017-06-13 16:00:00,41.86138243300838
srv-001,2017-06-13 17:00:00,41.86138243299172
srv-001,2017-06-13 18:00:00,41.86138243297641
srv-001,2017-06-13 19:00:00,41.86138243296235
srv-001,2017-06-13 20:00:00,41.86138243294943
srv-001,2017-06-13 21:00:00,41.86138243293756
srv-001,2017-06-13 22:00:00,41.86138243292666
srv-001,2017-06-13 23:00:00,41.86138243291664
srv-001,2017-06-14 00:00:00,41.86138243290743
srv-001,2017-06-14 01:00:00,41.86138243289898
srv-001,2017-06-14 02:00:00,41.861382432891205
srv-001,2017-06-14 03:00:00,41.861382432884064
srv-001,2017-06-14 04:00:00,41.861382432877505
srv-001,2017-06-14 05:00:00,41.86138243287148
srv-001,2017-06-14 06:00:00,41.861382432865945
srv-001,2017-06-14 07:00:00,41.86138243286086
srv-001,2017-06-14 08:00:00,41.86138243285618
srv-001,2017-06-14 09:00:00,41.86138243285189
srv-001,2017-06-14 10:00:00,41.86138243284794
srv-001,2017-06-14 11:00:00,41.861382432844316
srv-001,2017-06-14 12:00:00,41.86138243284099
srv-001,2017-06-14 13:00:00,41.86138243283793
srv-001,2017-06-14 14:00:00,41.861382432835114
srv-001,2017-06-14 15:00:00,41.861382432832535
srv-001,2017-06-14 16:00:00,41.86138243283016
srv-001,2017-06-14 17:00:00,41.86138243282798
srv-001,2017-06-14 18:00:00,41.86138243282598
srv-001,2017-06-14 19:00:00,41.861382432824136
srv-001,2017-06-14 20:00:00,41.861382432822445
srv-001,2017-06-14 21:00:00,41.861382432820896
srv-001,2017-06-14 22:00:00,41.86138243281947
srv-001,2017-06-14 23:00:00,41.861382432818154
srv-001,2017-06-15 00:00:00,41.86138243281695
srv-001,2017-06-15 01:00:00,41.861382432815844
srv-001,2017-06-15 02:00:00,41.86138243281483
srv-001,2017-06-15 03:00:00,41.86138243281389
srv-001,2017-06-15 04:00:00,41.86138243281303
srv-001,2017-06-15 05:00:00,41.86138243281224
srv-001,2017-06-15 06:00:00,41.86138243281152
srv-001,2017-06-15 07:00:00,41.861382432810856
srv-001,2017-06-15 08:00:00,41.861382432810245
srv-001,2017-06-15 09:00:00,41.86138243280968
srv-001,2017-06-15 10:00:00,41.861382432809165
srv-001,2017-06-15 11:00:00,41.86138243280869
srv-001,2017-06-15 12:00:00,41.861382432808256
srv-001,2017-06-15 13:00:00,41.86138243280785
srv-001,2017-06-15 14:00:00,41.86138243280749
srv-001,2017-06-15 15:00:00,41.86138243280715
srv-001,2017-06-15 16:00:00,41.861382432806835
srv-001,2017-06-15 17:00:00,41.86138243280655
srv-001,2017-06-15 18:00:00,41.86138243280629
srv-001,2017-06-15 19:00:00,41.861382432806046
srv-001,2017-06-15 20:00:00,41.861382432805826
srv-001,2017-06-15 21:00:00,41.86138243280563
srv-001,2017-06-15 22:00:00,41.861382432805435
srv-001,2017-06-15 23:00:00,41.861382432805264
srv-001,2017-06-16 00:00:00,41.86138243280511
srv-001,2017-06-16 01:00:00,41.861382432804966
srv-001,2017-06-16 02:00:00,41.86138243280483
srv-001,2017-06-16 03:00:00,41.86138243280471
srv-001,2017-06-16 04:00:00,41.8613824328046
srv-001,2017-06-16 05:00:00,41.86138243280449
srv-001,2017-06-16 06:00:00,41.8613824328044
srv-001,2017-06-16 07:00:00,41.86138243280431
srv-001,2017-06-16 08:00:00,41.86138243280423
srv-001,2017-06-16 09:00:00,41.861382432804156
srv-001,2017-06-16 10:00:00,41.86138243280409
srv-001,2017-06-16 11:00:00,41.86138243280403
srv-001,2017-06-16 12:00:00,41.86138243280397
srv-001,2017-06-16 13:00:00,41.861382432803914
srv-001,2017-06-16 14:00:00,41.86138243280387
srv-001,2017-06-16 15:00:00,41.86138243280382
srv-001,2017-06-16 16:00:00,41.86138243280379
srv-001,2017-06-16 17:00:00,41.861382432803744
srv-001,2017-06-16 18:00:00,41.861382432803715
srv-001,2017-06-16 19:00:00,41.86138243280368
srv-001,2017-06-16 20:00:00,41.86138243280365
srv-001,2017-06-16 21:00:00,41.86138243280362
srv-001,2017-06-16 22:00:00,41.8613824328036
srv-001,2017-06-16 23:00:00,41.86138243280358
srv-001,2017-06-17 00:00:00,41.86138243280356
srv-001,2017-06-17 01:00:00,41.86138243280354
srv-001,2017-06-17 02:00:00,41.861382432803524
srv-001,2017-06-17 03:00:00,41.8613824328035
srv-001,2017-06-17 04:00:00,41.86138243280349
srv-001,2017-06-17 05:00:00,41.86138243280348
srv-001,2017-06-17 06:00:00,41.86138243280347
srv-001,2017-06-17 07:00:00,41.86138243280345
srv-001,2017-06-17 08:00:00,41.861382432803445
srv-001,2017-06-17 09:00:00,41.86138243280343
srv-001,2017-06-17 10:00:00,41.861382432803424
srv-001,2017-06-17 11:00:00,41.86138243280342
srv-001,2017-06-17 12:00:00,41.86138243280341
srv-001,2017-06-17 13:00:00,41.8613824328034
srv-001,2017-06-17 14:00:00,41.861382432803396
srv-001,2017-06-17 15:00:00,41.86138243280339
srv-001,2017-06-17 16:00:00,41.86138243280338
srv-001,2017-06-17 17:00:00,41.86138243280338
srv-001,2017-06-17 18:00:00,41.861382432803374
srv-001,2017-06-17 19:00:00,41.861382432803374
srv-001,2017-06-17 20:00:00,41.86138243280337
srv-001,2017-06-17 21:00:00,41.86138243280337
srv-001,2017-06-17 22:00:00,41.86138243280336
srv-001,2017-06-17 23:00:00,41.86138243280336
srv-001,2017-06-18 00:00:00,41.86138243280335
srv-001,2017-06-18 01:00:00,41.86138243280335
srv-001,2017-06-18 02:00:00,41.86138243280335
srv-001,2017-06-18 03:00:00,41.861382432803346
srv-001,2017-06-18 04:00:00,41.861382432803346
srv-001,2017-06-18 05:00:00,41.861382432803346
srv-001,2017-06-18 06:00:00,41.861382432803346
srv-001,2017-06-18 07:00:00,41.86138243280334
srv-001,2017-06-18 08:00:00,41.86138243280334
srv-001,2017-06-18 09:00:00,41.86138243280334
srv-001,2017-06-18 10:00:00,41.86138243280334
srv-001,2017-06-18 11:00:00,41.86138243280334
srv-001,2017-06-18 12:00:00,41.86138243280334
srv-001,2017-06-18 13:00:00,41.86138243280333
srv-001,2017-06-18 14:00:00,41.86138243280333
srv-001,2017-06-18 15:00:00,41.86138243280333
srv-001,2017-06-18 16:00:00,41.86138243280333
srv-001,2017-06-18 17:00:00,41.86138243280333
srv-001,2017-06-18 18:00:00,41.86138243280333
srv-001,2017-06-18 19:00:00,41.86138243280333
srv-001,2017-06-18 20:00:00,41.86138243280333
srv-001,2017-06-18 21:00:00,41.86138243280333
srv-001,2017-06-18 22:00:00,41.86138243280333
srv-001,2017-06-18 23:00:00,41.86138243280333
srv-001,2017-06-19 00:00:00,41.86138243280333
srv-001,2017-06-19 01:00:00,41.86138243280333
srv-001,2017-06-19 02:00:00,41.861382432803325
srv-001,2017-06-19 03:00:00,41.861382432803325
srv-001,2017-06-19 04:00:00,41.861382432803325
srv-001,2017-06-19 05:00:00,41.861382432803325
srv-001,2017-06-19 06:00:00,41.861382432803325
srv-001,2017-06-19 07:00:00,41.861382432803325
srv-001,2017-06-19 08:00:00,41.861382432803325
srv-001,2017-06-19 09:00:00,41.861382432803325
srv-001,2017-06-19 10:00:00,41.861382432803325
srv-001,2017-06-19 11:00:00,41.861382432803325
srv-001,2017-06-19 12:00:00,41.861382432803325
srv-001,2017-06-19 13:00:00,41.861382432803325
srv-001,2017-06-19 14:00:00,41.861382432803325
srv-001,2017-06-19 15:00:00,41.861382432803325
srv-001,2017-06-19 16:00:00,41.861382432803325
srv-001,2017-06-19 17:00:00,41.861382432803325
srv-001,2017-06-19 18:00:00,41.861382432803325
srv-001,2017-06-19 19:00:00,41.861382432803325
srv-001,2017-06-19 20:00:00,41.861382432803325
srv-001,2017-06-19 21:00:00,41.861382432803325
srv-001,2017-06-19 22:00:00,41.861382432803325
srv-001,2017-06-19 23:00:00,41.861382432803325
srv-001,2017-06-20 00:00:00,41.861382432803325
srv-001,2017-06-20 01:00:00,41.861382432803325
srv-001,2017-06-20 02:00:00,41.861382432803325
srv-001,2017-06-20 03:00:00,41.861382432803325
srv-001,2017-06-20 04:00:00,41.861382432803325
srv-001,2017-06-20 05:00:00,41.861382432803325
srv-001,2017-06-20 06:00:00,41.861382432803325
srv-001,2017-06-20 07:00:00,41.861382432803325
srv-001,2017-06-20 08:00:00,41.861382432803325
srv-001,2017-06-20 09:00:00,41.861382432803325
srv-001,2017-06-20 10:00:00,41.861382432803325
srv-001,2017-06-20 11:00:00,41.861382432803325
srv-001,2017-06-20 12:00:00,41.861382432803325
srv-001,2017-06-20 13:00:00,41.861382432803325
srv-001,2017-06-20 14:00:00,41.861382432803325
srv-001,2017-06-20 15:00:00,41.861382432803325
srv-001,2017-06-20 16:00:00,41.861382432803325
srv-001,2017-06-20 17:00:00,41.861382432803325
srv-001,2017-06-20 18:00:00,41.861382432803325
srv-001,2017-06-20 19:00:00,41.861382432803325
srv-001,2017-06-20 20:00:00,41.861382432803325
srv-001,2017-06-20 21:00:00,41.861382432803325
srv-001,2017-06-20 22:00:00,41.861382432803325
srv-001,2017-06-20 23:00:00,41.861382432803325
srv-001,2017-06-21 00:00:00,41.861382432803325
srv-001,2017-06-21 01:00:00,41.861382432803325
srv-001,2017-06-21 02:00:00,41.861382432803325
srv-001,2017-06-21 03:00:00,41.861382432803325
srv-001,2017-06-21 04:00:00,41.861382432803325
srv-001,2017-06-21 05:00:00,41.861382432803325
srv-001,2017-06-21 06:00:00,41.861382432803325
srv-001,2017-06-21 07:00:00,41.861382432803325
srv-001,2017-06-21 08:00:00,41.861382432803325
srv-001,2017-06-21 09:00:00,41.861382432803325
srv-001,2017-06-21 10:00:00,41.861382432803325
srv-001,2017-06-21 11:00:00,41.861382432803325
srv-001,2017-06-21 12:00:00,41.861382432803325
srv-001,2017-06-21 13:00:00,41.861382432803325
srv-001,2017-06-21 14:00:00,41.861382432803325
srv-001,2017-06-21 15:00:00,41.861382432803325
srv-001,2017-06-21 16:00:00,41.861382432803325
srv-001,2017-06-21 17:00:00,41.861382432803325
srv-001,2017-06-21 18:00:00,41.861382432803325
srv-001,2017-06-21 19:00:00,41.861382432803325
srv-001,2017-06-21 20:00:00,41.861382432803325
srv-001,2017-06-21 21:00:00,41.861382432803325
srv-001,2017-06-21 22:00:00,41.861382432803325
srv-001,2017-06-21 23:00:00,41.861382432803325
srv-001,2017-06-22 00:00:00,41.861382432803325
srv-001,2017-06-22 01:00:00,41.861382432803325
srv-001,2017-06-22 02:00:00,41.861382432803325
srv-001,2017-06-22 03:00:00,41.861382432803325
srv-001,2017-06-22 04:00:00,41.861382432803325
srv-001,2017-06-22 05:00:00,41.861382432803325
srv-001,2017-06-22 06:00:00,41.861382432803325
srv-001,2017-06-22 07:00:00,41.861382432803325
srv-001,2017-06-22 08:00:00,41.861382432803325
srv-001,2017-06-22 09:00:00,41.861382432803325
srv-001,2017-06-22 10:00:00,41.861382432803325
srv-001,2017-06-22 11:00:00,41.861382432803325
srv-001,2017-06-22 12:00:00,41.861382432803325
srv-001,2017-06-22 13:00:00,41.861382432803325
srv-001,2017-06-22 14:00:00,41.861382432803325
srv-001,2017-06-22 15:00:00,41.861382432803325
srv-001,2017-06-22 16:00:00,41.861382432803325
srv-001,2017-06-22 17:00:00,41.861382432803325
srv-001,2017-06-22 18:00:00,41.861382432803325
srv-001,2017-06-22 19:00:00,41.861382432803325
srv-001,2017-06-22 20:00:00,41.861382432803325
srv-001,2017-06-22 21:00:00,41.861382432803325
srv-001,2017-06-22 22:00:00,41.861382432803325
srv-001,2017-06-22 23:00:00,41.861382432803325
srv-001,2017-06-23 00:00:00,41.861382432803325
srv-001,2017-06-23 01:00:00,41.861382432803325
srv-001,2017-06-23 02:00:00,41.861382432803325
srv-001,2017-06-23 03:00:00,41.861382432803325
srv-001,2017-06-23 04:00:00,41.861382432803325
srv-001,2017-06-23 05:00:00,41.861382432803325
srv-001,2017-06-23 06:00:00,41.861382432803325
srv-001,2017-06-23 07:00:00,41.861382432803325
srv-001,2017-06-23 08:00:00,41.861382432803325
srv-001,2017-06-23 09:00:00,41.861382432803325
srv-001,2017-06-23 10:00:00,41.861382432803325
srv-001,2017-06-23 11:00:00,41.861382432803325
srv-001,2017-06-23 12:00:00,41.861382432803325
srv-001,2017-06-23 13:00:00,41.861382432803325
srv-001,2017-06-23 14:00:00,41.861382432803325
srv-001,2017-06-23 15:00:00,41.861382432803325
srv-001,2017-06-23 16:00:00,41.861382432803325
srv-001,2017-06-23 17:00:00,41.861382432803325
srv-001,2017-06-23 18:00:00,41.861382432803325
srv-001,2017-06-23 19:00:00,41.861382432803325
srv-001,2017-06-23 20:00:00,41.861382432803325
srv-001,2017-06-23 21:00:00,41.861382432803325
srv-001,2017-06-23 22:00:00,41.861382432803325
srv-001,2017-06-23 23:00:00,41.861382432803325
srv-001,2017-06-24 00:00:00,41.861382432803325
srv-001,2017-06-24 01:00:00,41.861382432803325
srv-001,2017-06-24 02:00:00,41.861382432803325
srv-001,2017-06-24 03:00:00,41.861382432803325
srv-001,2017-06-24 04:00:00,41.861382432803325
srv-001,2017-06-24 05:00:00,41.861382432803325
srv-001,2017-06-24 06:00:00,41.861382432803325
srv-001,2017-06-24 07:00:00,41.861382432803325
srv-001,2017-06-24 08:00:00,41.861382432803325
srv-001,2017-06-24 09:00:00,41.861382432803325
srv-001,2017-06-24 10:00:00,41.861382432803325
srv-001,2017-06-24 11:00:00,41.861382432803325
srv-001,2017-06-24 12:00:00,41.861382432803325
srv-001,2017-06-24 13:00:00,41.861382432803325
srv-001,2017-06-24 14:00:00,41.861382432803325
srv-001,2017-06-24 15:00:00,41.861382432803325
srv-001,2017-06-24 16:00:00,41.861382432803325
srv-001,2017-06-24 17:00:00,41.861382432803325
srv-001,2017-06-24 18:00:00,41.861382432803325
srv-001,2017-06-24 19:00:00,41.861382432803325
srv-001,2017-06-24 20:00:00,41.861382432803325
srv-001,2017-06-24 21:00:00,41.861382432803325
srv-001,2017-06-24 22:00:00,41.861382432803325
srv-001,2017-06-24 23:00:00,41.861382432803325
srv-001,2017-06-25 00:00:00,41.861382432803325
srv-001,2017-06-25 01:00:00,41.861382432803325
srv-001,2017-06-25 02:00:00,41.861382432803325
srv-001,2017-06-25 03:00:00,41.861382432803325
srv-001,2017-06-25 04:00:00,41.861382432803325
srv-001,2017-06-25 05:00:00,41.861382432803325
srv-001,2017-06-25 06:00:00,41.861382432803325
srv-001,2017-06-25 07:00:00,41.861382432803325
srv-001,2017-06-25 08:00:00,41.861382432803325
srv-001,2017-06-25 09:00:00,41.861382432803325
srv-001,2017-06-25 10:00:00,41.861382432803325
srv-001,2017-06-25 11:00:00,41.861382432803325
srv-001,2017-06-25 12:00:00,41.861382432803325
srv-001,2017-06-25 13:00:00,41.861382432803325
srv-001,2017-06-25 14:00:00,41.861382432803325
srv-001,2017-06-25 15:00:00,41.861382432803325
srv-001,2017-06-25 16:00:00,41.861382432803325
srv-001,2017-06-25 17:00:00,41.861382432803325
srv-001,2017-06-25 18:00:00,41.861382432803325
srv-001,2017-06-25 19:00:00,41.861382432803325
srv-001,2017-06-25 20:00:00,41.861382432803325
srv-001,2017-06-25 21:00:00,41.861382432803325
srv-001,2017-06-25 22:00:00,41.861382432803325
srv-001,2017-06-25 23:00:00,41.861382432803325
srv-001,2017-06-26 00:00:00,41.861382432803325
srv-001,2017-06-26 01:00:00,41.861382432803325
srv-001,2017-06-26 02:00:00,41.861382432803325
srv-001,2017-06-26 03:00:00,41.861382432803325
srv-001,2017-06-26 04:00:00,41.861382432803325
srv-001,2017-06-26 05:00:00,41.861382432803325
srv-001,2017-06-26 06:00:00,41.861382432803325
srv-001,2017-06-26 07:00:00,41.861382432803325
srv-001,2017-06-26 08:00:00,41.861382432803325
srv-001,2017-06-26 09:00:00,41.861382432803325
srv-001,2017-06-26 10:00:00,41.861382432803325
srv-001,2017-06-26 11:00:00,41.861382432803325
srv-001,2017-06-26 12:00:00,41.861382432803325
srv-001,2017-06-26 13:00:00,41.861382432803325
srv-001,2017-06-26 14:00:00,41.861382432803325
srv-001,2017-06-26 15:00:00,41.861382432803325
srv-001,2017-06-26 16:00:00,41.861382432803325
srv-001,2017-06-26 17:00:00,41.861382432803325
srv-001,2017-06-26 18:00:00,41.861382432803325
srv-001,2017-06-26 19:00:00,41.861382432803325
srv-001,2017-06-26 20:00:00,41.861382432803325
srv-001,2017-06-26 21:00:00,41.861382432803325
srv-001,2017-06-26 22:00:00,41.861382432803325
srv-001,2017-06-26 23:00:00,41.861382432803325
srv-001,2017-06-27 00:00:00,41.861382432803325
srv-001,2017-06-27 01:00:00,41.861382432803325
srv-001,2017-06-27 02:00:00,41.861382432803325
srv-001,2017-06-27 03:00:00,41.861382432803325
srv-001,2017-06-27 04:00:00,41.861382432803325
srv-001,2017-06-27 05:00:00,41.861382432803325
srv-001,2017-06-27 06:00:00,41.861382432803325
srv-001,2017-06-27 07:00:00,41.861382432803325
srv-001,2017-06-27 08:00:00,41.861382432803325
srv-001,2017-06-27 09:00:00,41.861382432803325
srv-001,2017-06-27 10:00:00,41.861382432803325
srv-001,2017-06-27 11:00:00,41.861382432803325
srv-001,2017-06-27 12:00:00,41.861382432803325
srv-001,2017-06-27 13:00:00,41.861382432803325
srv-001,2017-06-27 14:00:00,41.861382432803325
srv-001,2017-06-27 15:00:00,41.861382432803325
srv-001,2017-06-27 16:00:00,41.861382432803325
srv-001,2017-06-27 17:00:00,41.861382432803325
srv-001,2017-06-27 18:00:00,41.861382432803325
srv-001,2017-06-27 19:00:00,41.861382432803325
srv-001,2017-06-27 20:00:00,41.861382432803325
srv-001,2017-06-27 21:00:00,41.861382432803325
srv-001,2017-06-27 22:00:00,41.861382432803325
srv-001,2017-06-27 23:00:00,41.861382432803325
srv-001,2017-06-28 00:00:00,41.861382432803325
srv-001,2017-06-28 01:00:00,41.861382432803325
srv-001,2017-06-28 02:00:00,41.861382432803325
srv-001,2017-06-28 03:00:00,41.861382432803325
srv-001,2017-06-28 04:00:00,41.861382432803325
srv-001,2017-06-28 05:00:00,41.861382432803325
srv-001,2017-06-28 06:00:00,41.861382432803325
srv-001,2017-06-28 07:00:00,41.861382432803325
srv-001,2017-06-28 08:00:00,41.861382432803325
srv-001,2017-06-28 09:00:00,41.861382432803325
srv-001,2017-06-28 10:00:00,41.861382432803325
srv-001,2017-06-28 11:00:00,41.861382432803325
srv-001,2017-06-28 12:00:00,41.861382432803325
srv-001,2017-06-28 13:00:00,41.861382432803325
srv-001,2017-06-28 14:00:00,41.861382432803325
srv-001,2017-06-28 15:00:00,41.861382432803325
srv-001,2017-06-28 16:00:00,41.861382432803325
srv-001,2017-06-28 17:00:00,41.861382432803325
srv-001,2017-06-28 18:00:00,41.861382432803325
srv-001,2017-06-28 19:00:00,41.861382432803325
srv-001,2017-06-28 20:00:00,41.861382432803325
srv-001,2017-06-28 21:00:00,41.861382432803325
srv-001,2017-06-28 22:00:00,41.861382432803325
srv-001,2017-06-28 23:00:00,41.861382432803325
srv-001,2017-06-29 00:00:00,41.861382432803325
srv-001,2017-06-29 01:00:00,41.861382432803325
srv-001,2017-06-29 02:00:00,41.861382432803325
srv-001,2017-06-29 03:00:00,41.861382432803325
srv-001,2017-06-29 04:00:00,41.861382432803325
srv-001,2017-06-29 05:00:00,41.861382432803325
srv-001,2017-06-29 06:00:00,41.861382432803325
srv-001,2017-06-29 07:00:00,41.861382432803325
srv-001,2017-06-29 08:00:00,41.861382432803325
srv-001,2017-06-29 09:00:00,41.861382432803325
srv-001,2017-06-29 10:00:00,41.861382432803325
srv-001,2017-06-29 11:00:00,41.861382432803325
srv-001,2017-06-29 12:00:00,41.861382432803325
srv-001,2017-06-29 13:00:00,41.861382432803325
srv-001,2017-06-29 14:00:00,41.861382432803325
srv-001,2017-06-29 15:00:00,41.861382432803325
srv-001,2017-06-29 16:00:00,41.861382432803325
srv-001,2017-06-29 17:00:00,41.861382432803325
srv-001,2017-06-29 18:00:00,41.861382432803325
srv-001,2017-06-29 19:00:00,41.861382432803325
srv-001,2017-06-29 20:00:00,41.861382432803325
srv-001,2017-06-29 21:00:00,41.861382432803325
srv-001,2017-06-29 22:00:00,41.861382432803325
srv-001,2017-06-29 23:00:00,41.861382432803325
srv-001,2017-06-30 00:00:00,41.861382432803325
srv-001,2017-06-30 01:00:00,41.861382432803325
srv-001,2017-06-30 02:00:00,41.861382432803325
srv-001,2017-06-30 03:00:00,41.861382432803325
srv-001,2017-06-30 04:00:00,41.861382432803325
srv-001,2017-06-30 05:00:00,41.861382432803325
srv-001,2017-06-30 06:00:00,41.861382432803325
srv-001,2017-06-30 07:00:00,41.861382432803325
srv-001,2017-06-30 08:00:00,41.861382432803325
srv-001,2017-06-30 09:00:00,41.861382432803325
srv-001,2017-06-30 10:00:00,41.861382432803325
srv-001,2017-06-30 11:00:00,41.861382432803325
srv-001,2017-06-30 12:00:00,41.861382432803325
srv-001,2017-06-30 13:00:00,41.861382432803325
srv-001,2017-06-30 14:00:00,41.861382432803325
srv-001,2017-06-30 15:00:00,41.861382432803325
srv-001,2017-06-30 16:00:00,41.861382432803325
srv-001,2017-06-30 17:00:00,41.861382432803325
srv-001,2017-06-30 18:00:00,41.861382432803325
srv-001,2017-06-30 19:00:00,41.861382432803325
srv-001,2017-06-30 20:00:00,41.861382432803325
srv-001,2017-06-30 21:00:00,41.861382432803325
srv-001,2017-06-30 22:00:00,41.861382432803325
srv-001,2017-06-30 23:00:00,41.861382432803325
srv-002,2017-06-01 23:00:00,70.22400361548515
srv-002,2017-06-02 00:00:00,70.39370468599412
srv-002,2017-06-02 01:00:00,70.55504245830588
srv-002,2017-06-02 02:00:00,70.70842909691957
srv-002,2017-06-02 03:00:00,70.85425645382486
srv-002,2017-06-02 04:00:00,70.99289706955369
srv-002,2017-06-02 05:00:00,71.1247051248979
srv-002,2017-06-02 06:00:00,71.2500173457236
srv-002,2017-06-02 07:00:00,71.36915386319411
srv-002,2017-06-02 08:00:00,71.4824190315989
srv-002,2017-06-02 09:00:00,71.59010220587784
srv-002,2017-06-02 10:00:00,71.69247848082716
srv-002,2017-06-02 11:00:00,71.78980939387539
srv-002,2017-06-02 12:00:00,71.88234359322469
srv-002,2017-06-02 13:00:00,71.97031747306464
srv-002,2017-06-02 14:00:00,72.05395577748092
srv-002,2017-06-02 15:00:00,72.13347217460195
srv-002,2017-06-02 16:00:00,72.20906980245006
srv-002,2017-06-02 17:00:00,72.28094178789178
srv-002,2017-06-02 18:00:00,72.34927174001294
srv-002,2017-06-02 19:00:00,72.414234219179
srv-002,2017-06-02 20:00:00,72.47599518297885
srv-002,2017-06-02 21:00:00,72.53471241019142
srv-002,2017-06-02 22:00:00,72.59053590385818
srv-002,2017-06-02 23:00:00,72.64360827449109
srv-002,2017-06-03 00:00:00,72.6940651043952
srv-002,2017-06-03 01:00:00,72.74203529403647
srv-002,2017-06-03 02:00:00,72.78764139133969
srv-002,2017-06-03 03:00:00,72.83099990475783
srv-002,2017-06-03 04:00:00,72.87222160091243
srv-002,2017-06-03 05:00:00,72.91141178756561
srv-002,2017-06-03 06:00:00,72.94867058264654
srv-002,2017-06-03 07:00:00,72.98409317001943
srv-002,2017-06-03 08:00:00,73.01777004264682
srv-002,2017-06-03 09:00:00,73.04978723376901
srv-002,2017-06-03 10:00:00,73.08022653669056
srv-002,2017-06-03 11:00:00,73.10916571373497
srv-002,2017-06-03 12:00:00,73.13667869490166
srv-002,2017-06-03 13:00:00,73.16283576673258
srv-002,2017-06-03 14:00:00,73.18770375187106
srv-002,2017-06-03 15:00:00,73.21134617977143
srv-002,2017-06-03 16:00:00,73.23382344899575
srv-002,2017-06-03 17:00:00,73.25519298151211
srv-002,2017-06-03 18:00:00,73.2755093693887
srv-002,2017-06-03 19:00:00,73.29482451425844
srv-002,2017-06-03 20:00:00,73.31318775991043
srv-002,2017-06-03 21:00:00,73.330646018347
srv-002,2017-06-03 22:00:00,73.34724388962823
srv-002,2017-06-03 23:00:00,73.36302377581045
srv-002,2017-06-04 00:00:00,73.3780259892693
srv-002,2017-06-04 01:00:00,73.39228885568457
srv-002,2017-06-04 02:00:00,73.40584881194954
srv-002,2017-06-04 03:00:00,73.41874049925518
srv-002,2017-06-04 04:00:00,73.43099685158691
srv-002,2017-06-04 05:00:00,73.44264917986003
srv-002,2017-06-04 06:00:00,73.45372725190867
srv-002,2017-06-04 07:00:00,73.4642593685328
srv-002,2017-06-04 08:00:00,73.47427243579727
srv-002,2017-06-04 09:00:00,73.48379203376807
srv-002,2017-06-04 10:00:00,73.49284248186075
srv-002,2017-06-04 11:00:00,73.5014469009685
srv-002,2017-06-04 12:00:00,73.50962727252845
srv-002,2017-06-04 13:00:00,73.5174044946768
srv-002,2017-06-04 14:00:00,73.52479843563678
srv-002,2017-06-04 15:00:00,73.53182798447529
srv-002,2017-06-04 16:00:00,73.53851109935817
srv-002,2017-06-04 17:00:00,73.54486485342746
srv-002,2017-06-04 18:00:00,73.55090547841752
srv-002,2017-06-04 19:00:00,73.55664840612175
srv-002,2017-06-04 20:00:00,73.56210830781578
srv-002,2017-06-04 21:00:00,73.5672991317376
srv-002,2017-06-04 22:00:00,73.57223413872073
srv-002,2017-06-04 23:00:00,73.5769259360713
srv-002,2017-06-05 00:00:00,73.58138650977546
srv-002,2017-06-05 01:00:00,73.58562725511962
srv-002,2017-06-05 02:00:00,73.58965900580165
srv-002,2017-06-05 03:00:00,73.5934920616074
srv-002,2017-06-05 04:00:00,73.59713621472319
srv-002,2017-06-05 05:00:00,73.60060077475161
srv-002,2017-06-05 06:00:00,73.60389459249446
srv-002,2017-06-05 07:00:00,73.60702608256366
srv-002,2017-06-05 08:00:00,73.61000324487777
srv-002,2017-06-05 09:00:00,73.61283368509909
srv-002,2017-06-05 10:00:00,73.61552463406363
srv-002,2017-06-05 11:00:00,73.61808296625352
srv-002,2017-06-05 12:00:00,73.62051521735904
srv-002,2017-06-05 13:00:00,73.62282760097507
srv-002,2017-06-05 14:00:00,73.6250260244748
srv-002,2017-06-05 15:00:00,73.62711610410119
srv-002,2017-06-05 16:00:00,73.62910317931448
srv-002,2017-06-05 17:00:00,73.63099232643279
srv-002,2017-06-05 18:00:00,73.63278837160047
srv-002,2017-06-05 19:00:00,73.63449590311724
srv-002,2017-06-05 20:00:00,73.63611928315983
srv-002,2017-06-05 21:00:00,73.6376626589258
srv-002,2017-06-05 22:00:00,73.6391299732284
srv-002,2017-06-05 23:00:00,73.640524974569
srv-002,2017-06-06 00:00:00,73.64185122671338
srv-002,2017-06-06 01:00:00,73.6431121177959
srv-002,2017-06-06 02:00:00,73.64431086897507
srv-002,2017-06-06 03:00:00,73.64545054266259
srv-002,2017-06-06 04:00:00,73.64653405034676
srv-002,2017-06-06 05:00:00,73.64756416003034
srv-002,2017-06-06 06:00:00,73.64854350330194
srv-002,2017-06-06 07:00:00,73.6494745820588
srv-002,2017-06-06 08:00:00,73.65035977489836
srv-002,2017-06-06 09:00:00,73.65120134319473
srv-002,2017-06-06 10:00:00,73.6520014368758
srv-002,2017-06-06 11:00:00,73.65276209991556
srv-002,2017-06-06 12:00:00,73.65348527555581
srv-002,2017-06-06 13:00:00,73.65417281127044
srv-002,2017-06-06 14:00:00,73.6548264634852
srv-002,2017-06-06 15:00:00,73.65544790206468
srv-002,2017-06-06 16:00:00,73.65603871457837
srv-002,2017-06-06 17:00:00,73.65660041035628
srv-002,2017-06-06 18:00:00,73.65713442434485
srv-002,2017-06-06 19:00:00,73.65764212077268
srv-002,2017-06-06 20:00:00,73.65812479663579
srv-002,2017-06-06 21:00:00,73.65858368501091
srv-002,2017-06-06 22:00:00,73.65901995820565
srv-002,2017-06-06 23:00:00,73.65943473075333
srv-002,2017-06-07 00:00:00,73.65982906226024
srv-002,2017-06-07 01:00:00,73.66020396011261
srv-002,2017-06-07 02:00:00,73.6605603820501
srv-002,2017-06-07 03:00:00,73.66089923861256
srv-002,2017-06-07 04:00:00,73.66122139546611
srv-002,2017-06-07 05:00:00,73.66152767561468
srv-002,2017-06-07 06:00:00,73.66181886150245
srv-002,2017-06-07 07:00:00,73.6620956970128
srv-002,2017-06-07 08:00:00,73.66235888936866
srv-002,2017-06-07 09:00:00,73.66260911093919
srv-002,2017-06-07 10:00:00,73.66284700095751
srv-002,2017-06-07 11:00:00,73.66307316715373
srv-002,2017-06-07 12:00:00,73.66328818730747
srv-002,2017-06-07 13:00:00,73.6634926107239
srv-002,2017-06-07 14:00:00,73.66368695963706
srv-002,2017-06-07 15:00:00,73.66387173054397
srv-002,2017-06-07 16:00:00,73.664047395473
srv-002,2017-06-07 17:00:00,73.66421440318982
srv-002,2017-06-07 18:00:00,73.6643731803437
srv-002,2017-06-07 19:00:00,73.66452413255764
srv-002,2017-06-07 20:00:00,73.66466764546449
srv-002,2017-06-07 21:00:00,73.66480408569211
srv-002,2017-06-07 22:00:00,73.66493380180005
srv-002,2017-06-07 23:00:00,73.66505712516994
srv-002,2017-06-08 00:00:00,73.66517437085206
srv-002,2017-06-08 01:00:00,73.66528583837028
srv-002,2017-06-08 02:00:00,73.66539181248712
srv-002,2017-06-08 03:00:00,73.66549256393131
srv-002,2017-06-08 04:00:00,73.66558835008937
srv-002,2017-06-08 05:00:00,73.66567941566315
srv-002,2017-06-08 06:00:00,73.66576599329503
srv-002,2017-06-08 07:00:00,73.6658483041621
srv-002,2017-06-08 08:00:00,73.66592655854136
srv-002,2017-06-08 09:00:00,73.66600095634676
srv-002,2017-06-08 10:00:00,73.66607168764006
srv-002,2017-06-08 11:00:00,73.66613893311623
srv-002,2017-06-08 12:00:00,73.66620286456516
srv-002,2017-06-08 13:00:00,73.66626364531051
srv-002,2017-06-08 14:00:00,73.66632143062691
srv-002,2017-06-08 15:00:00,73.6663763681367
srv-002,2017-06-08 16:00:00,73.66642859818697
srv-002,2017-06-08 17:00:00,73.6664782542082
srv-002,2017-06-08 18:00:00,73.66652546305504
srv-002,2017-06-08 19:00:00,73.66657034533044
srv-002,2017-06-08 20:00:00,73.66661301569373
srv-002,2017-06-08 21:00:00,73.66665358315355
srv-002,2017-06-08 22:00:00,73.66669215134627
srv-002,2017-06-08 23:00:00,73.66672881880086
srv-002,2017-06-09 00:00:00,73.66676367919051
srv-002,2017-06-09 01:00:00,73.66679682157192
srv-002,2017-06-09 02:00:00,73.66682833061292
srv-002,2017-06-09 03:00:00,73.66685828680863
srv-002,2017-06-09 04:00:00,73.66688676668723
srv-002,2017-06-09 05:00:00,73.66691384300533
srv-002,2017-06-09 06:00:00,73.66693958493396
srv-002,2017-06-09 07:00:00,73.6669640582352
srv-002,2017-06-09 08:00:00,73.66698732543021
srv-002,2017-06-09 09:00:00,73.66700944595898
srv-002,2017-06-09 10:00:00,73.66703047633213
srv-002,2017-06-09 11:00:00,73.66705047027526
srv-002,2017-06-09 12:00:00,73.66706947886627
srv-002,2017-06-09 13:00:00,73.66708755066583
srv-002,2017-06-09 14:00:00,73.66710473184135
srv-002,2017-06-09 15:00:00,73.66712106628508
srv-002,2017-06-09 16:00:00,73.66713659572608
srv-002,2017-06-09 17:00:00,73.66715135983694
srv-002,2017-06-09 18:00:00,73.66716539633504
srv-002,2017-06-09 19:00:00,73.667178741079
srv-002,2017-06-09 20:00:00,73.66719142816021
srv-002,2017-06-09 21:00:00,73.66720348998994
srv-002,2017-06-09 22:00:00,73.6672149573822
srv-002,2017-06-09 23:00:00,73.66722585963234
srv-002,2017-06-10 00:00:00,73.667236224592
srv-002,2017-06-10 01:00:00,73.66724607874022
srv-002,2017-06-10 02:00:00,73.66725544725108
srv-002,2017-06-10 03:00:00,73.66726435405802
srv-002,2017-06-10 04:00:00,73.66727282191496
srv-002,2017-06-10 05:00:00,73.6672808724545
srv-002,2017-06-10 06:00:00,73.66728852624307
srv-002,2017-06-10 07:00:00,73.66729580283358
srv-002,2017-06-10 08:00:00,73.66730272081529
srv-002,2017-06-10 09:00:00,73.66730929786135
srv-002,2017-06-10 10:00:00,73.66731555077394
srv-002,2017-06-10 11:00:00,73.66732149552716
srv-002,2017-06-10 12:00:00,73.66732714730792
srv-002,2017-06-10 13:00:00,73.66733252055461
srv-002,2017-06-10 14:00:00,73.6673376289941
srv-002,2017-06-10 15:00:00,73.66734248567678
srv-002,2017-06-10 16:00:00,73.66734710300985
srv-002,2017-06-10 17:00:00,73.66735149278904
srv-002,2017-06-10 18:00:00,73.66735566622881
srv-002,2017-06-10 19:00:00,73.66735963399091
srv-002,2017-06-10 20:00:00,73.66736340621166
srv-002,2017-06-10 21:00:00,73.66736699252782
srv-002,2017-06-10 22:00:00,73.66737040210124
srv-002,2017-06-10 23:00:00,73.66737364364226
srv-002,2017-06-11 00:00:00,73.66737672543194
srv-002,2017-06-11 01:00:00,73.66737965534321
srv-002,2017-06-11 02:00:00,73.66738244086106
srv-002,2017-06-11 03:00:00,73.66738508910153
srv-002,2017-06-11 04:00:00,73.66738760683
srv-002,2017-06-11 05:00:00,73.66739000047845
srv-002,2017-06-11 06:00:00,73.66739227616185
srv-002,2017-06-11 07:00:00,73.6673944396938
srv-002,2017-06-11 08:00:00,73.66739649660143
srv-002,2017-06-11 09:00:00,73.66739845213944
srv-002,2017-06-11 10:00:00,73.6674003113036
srv-002,2017-06-11 11:00:00,73.66740207884344
srv-002,2017-06-11 12:00:00,73.66740375927444
srv-002,2017-06-11 13:00:00,73.66740535688955
srv-002,2017-06-11 14:00:00,73.66740687577014
srv-002,2017-06-11 15:00:00,73.66740831979645
srv-002,2017-06-11 16:00:00,73.6674096926575
srv-002,2017-06-11 17:00:00,73.66741099786047
srv-002,2017-06-11 18:00:00,73.66741223873974
srv-002,2017-06-11 19:00:00,73.66741341846534
srv-002,2017-06-11 20:00:00,73.66741454005108
srv-002,2017-06-11 21:00:00,73.66741560636224
srv-002,2017-06-11 22:00:00,73.66741662012288
srv-002,2017-06-11 23:00:00,73.66741758392284
srv-002,2017-06-12 00:00:00,73.66741850022429
srv-002,2017-06-12 01:00:00,73.66741937136808
srv-002,2017-06-12 02:00:00,73.66742019957971
srv-002,2017-06-12 03:00:00,73.66742098697497
srv-002,2017-06-12 04:00:00,73.66742173556541
srv-002,2017-06-12 05:00:00,73.6674224472634
srv-002,2017-06-12 06:00:00,73.66742312388713
srv-002,2017-06-12 07:00:00,73.66742376716512
srv-002,2017-06-12 08:00:00,73.66742437874075
srv-002,2017-06-12 09:00:00,73.66742496017638
srv-002,2017-06-12 10:00:00,73.6674255129574
srv-002,2017-06-12 11:00:00,73.66742603849595
srv-002,2017-06-12 12:00:00,73.66742653813465
srv-002,2017-06-12 13:00:00,73.66742701314988
srv-002,2017-06-12 14:00:00,73.66742746475516
srv-002,2017-06-12 15:00:00,73.6674278941042
srv-002,2017-06-12 16:00:00,73.66742830229381
srv-002,2017-06-12 17:00:00,73.66742869036682
srv-002,2017-06-12 18:00:00,73.66742905931461
srv-002,2017-06-12 19:00:00,73.66742941007972
srv-002,2017-06-12 20:00:00,73.66742974355823
srv-002,2017-06-12 21:00:00,73.66743006060209
srv-002,2017-06-12 22:00:00,73.66743036202121
srv-002,2017-06-12 23:00:00,73.66743064858564
srv-002,2017-06-13 00:00:00,73.66743092102745
srv-002,2017-06-13 01:00:00,73.66743118004263
srv-002,2017-06-13 02:00:00,73.6674314262929
srv-002,2017-06-13 03:00:00,73.66743166040732
srv-002,2017-06-13 04:00:00,73.66743188298399
srv-002,2017-06-13 05:00:00,73.66743209459153
srv-002,2017-06-13 06:00:00,73.66743229577051
srv-002,2017-06-13 07:00:00,73.66743248703487
srv-002,2017-06-13 08:00:00,73.66743266887326
srv-002,2017-06-13 09:00:00,73.66743284175017
srv-002,2017-06-13 10:00:00,73.66743300610729
srv-002,2017-06-13 11:00:00,73.66743316236446
srv-002,2017-06-13 12:00:00,73.66743331092088
srv-002,2017-06-13 13:00:00,73.66743345215608
srv-002,2017-06-13 14:00:00,73.66743358643085
srv-002,2017-06-13 15:00:00,73.6674337140882
srv-002,2017-06-13 16:00:00,73.66743383545429
srv-002,2017-06-13 17:00:00,73.66743395083914
srv-002,2017-06-13 18:00:00,73.66743406053754
srv-002,2017-06-13 19:00:00,73.66743416482973
srv-002,2017-06-13 20:00:00,73.66743426398213
srv-002,2017-06-13 21:00:00,73.66743435824804
srv-002,2017-06-13 22:00:00,73.6674344478683
srv-002,2017-06-13 23:00:00,73.66743453307184
srv-002,2017-06-14 00:00:00,73.66743461407634
srv-002,2017-06-14 01:00:00,73.66743469108874
srv-002,2017-06-14 02:00:00,73.66743476430577
srv-002,2017-06-14 03:00:00,73.66743483391447
srv-002,2017-06-14 04:00:00,73.66743490009269
srv-002,2017-06-14 05:00:00,73.66743496300946
srv-002,2017-06-14 06:00:00,73.66743502282554
srv-002,2017-06-14 07:00:00,73.66743507969375
srv-002,2017-06-14 08:00:00,73.66743513375933
srv-002,2017-06-14 09:00:00,73.66743518516043
srv-002,2017-06-14 10:00:00,73.66743523402835
srv-002,2017-06-14 11:00:00,73.66743528048794
srv-002,2017-06-14 12:00:00,73.66743532465787
srv-002,2017-06-14 13:00:00,73.66743536665102
srv-002,2017-06-14 14:00:00,73.66743540657463
srv-002,2017-06-14 15:00:00,73.6674354445307
srv-002,2017-06-14 16:00:00,73.66743548061619
srv-002,2017-06-14 17:00:00,73.66743551492331
srv-002,2017-06-14 18:00:00,73.66743554753968
srv-002,2017-06-14 19:00:00,73.66743557854863
srv-002,2017-06-14 20:00:00,73.6674356080294
srv-002,2017-06-14 21:00:00,73.66743563605726
srv-002,2017-06-14 22:00:00,73.66743566270385
srv-002,2017-06-14 23:00:00,73.66743568803722
srv-002,2017-06-15 00:00:00,73.6674357121221
srv-002,2017-06-15 01:00:00,73.66743573502002
srv-002,2017-06-15 02:00:00,73.66743575678947
srv-002,2017-06-15 03:00:00,73.66743577748606
srv-002,2017-06-15 04:00:00,73.66743579716268
srv-002,2017-06-15 05:00:00,73.66743581586958
srv-002,2017-06-15 06:00:00,73.66743583365457
srv-002,2017-06-15 07:00:00,73.66743585056305
srv-002,2017-06-15 08:00:00,73.66743586663826
srv-002,2017-06-15 09:00:00,73.66743588192122
srv-002,2017-06-15 10:00:00,73.66743589645101
srv-002,2017-06-15 11:00:00,73.66743591026473
srv-002,2017-06-15 12:00:00,73.66743592339768
srv-002,2017-06-15 13:00:00,73.6674359358834
srv-002,2017-06-15 14:00:00,73.6674359477538
srv-002,2017-06-15 15:00:00,73.66743595903918
srv-002,2017-06-15 16:00:00,73.6674359697684
srv-002,2017-06-15 17:00:00,73.66743597996886
srv-002,2017-06-15 18:00:00,73.66743598966661
srv-002,2017-06-15 19:00:00,73.66743599888643
srv-002,2017-06-15 20:00:00,73.66743600765189
srv-002,2017-06-15 21:00:00,73.66743601598534
srv-002,2017-06-15 22:00:00,73.66743602390811
srv-002,2017-06-15 23:00:00,73.66743603144043
srv-002,2017-06-16 00:00:00,73.66743603860152
srv-002,2017-06-16 01:00:00,73.66743604540972
srv-002,2017-06-16 02:00:00,73.66743605188238
srv-002,2017-06-16 03:00:00,73.66743605803605
srv-002,2017-06-16 04:00:00,73.66743606388644
srv-002,2017-06-16 05:00:00,73.66743606944853
srv-002,2017-06-16 06:00:00,73.6674360747365
srv-002,2017-06-16 07:00:00,73.66743607976386
srv-002,2017-06-16 08:00:00,73.66743608454345
srv-002,2017-06-16 09:00:00,73.66743608908752
srv-002,2017-06-16 10:00:00,73.66743609340762
srv-002,2017-06-16 11:00:00,73.66743609751482
srv-002,2017-06-16 12:00:00,73.66743610141961
srv-002,2017-06-16 13:00:00,73.66743610513196
srv-002,2017-06-16 14:00:00,73.66743610866136
srv-002,2017-06-16 15:00:00,73.66743611201682
srv-002,2017-06-16 16:00:00,73.66743611520691
srv-002,2017-06-16 17:00:00,73.66743611823979
srv-002,2017-06-16 18:00:00,73.6674361211232
srv-002,2017-06-16 19:00:00,73.6674361238645
srv-002,2017-06-16 20:00:00,73.66743612647072
srv-002,2017-06-16 21:00:00,73.66743612894848
srv-002,2017-06-16 22:00:00,73.66743613130414
srv-002,2017-06-16 23:00:00,73.66743613354372
srv-002,2017-06-17 00:00:00,73.6674361356729
srv-002,2017-06-17 01:00:00,73.66743613769717
srv-002,2017-06-17 02:00:00,73.66743613962167
srv-002,2017-06-17 03:00:00,73.66743614145132
srv-002,2017-06-17 04:00:00,73.66743614319081
srv-002,2017-06-17 05:00:00,73.66743614484457
srv-002,2017-06-17 06:00:00,73.66743614641683
srv-002,2017-06-17 07:00:00,73.6674361479116
srv-002,2017-06-17 08:00:00,73.66743614933272
srv-002,2017-06-17 09:00:00,73.66743615068378
srv-002,2017-06-17 10:00:00,73.66743615196827
srv-002,2017-06-17 11:00:00,73.66743615318946
srv-002,2017-06-17 12:00:00,73.66743615435045
srv-002,2017-06-17 13:00:00,73.66743615545424
srv-002,2017-06-17 14:00:00,73.66743615650364
srv-002,2017-06-17 15:00:00,73.6674361575013
srv-002,2017-06-17 16:00:00,73.6674361584498
srv-002,2017-06-17 17:00:00,73.66743615935157
srv-002,2017-06-17 18:00:00,73.66743616020888
srv-002,2017-06-17 19:00:00,73.66743616102396
srv-002,2017-06-17 20:00:00,73.66743616179885
srv-002,2017-06-17 21:00:00,73.66743616253557
srv-002,2017-06-17 22:00:00,73.66743616323596
srv-002,2017-06-17 23:00:00,73.66743616390184
srv-002,2017-06-18 00:00:00,73.66743616453492
srv-002,2017-06-18 01:00:00,73.66743616513678
srv-002,2017-06-18 02:00:00,73.66743616570899
srv-002,2017-06-18 03:00:00,73.667436166253
srv-002,2017-06-18 04:00:00,73.6674361667702
srv-002,2017-06-18 05:00:00,73.66743616726191
srv-002,2017-06-18 06:00:00,73.66743616772938
srv-002,2017-06-18 07:00:00,73.66743616817382
srv-002,2017-06-18 08:00:00,73.66743616859635
srv-002,2017-06-18 09:00:00,73.66743616899807
srv-002,2017-06-18 10:00:00,73.66743616937998
srv-002,2017-06-18 11:00:00,73.66743616974307
srv-002,2017-06-18 12:00:00,73.66743617008827
srv-002,2017-06-18 13:00:00,73.66743617041645
srv-002,2017-06-18 14:00:00,73.66743617072846
srv-002,2017-06-18 15:00:00,73.6674361710251
srv-002,2017-06-18 16:00:00,73.66743617130712
srv-002,2017-06-18 17:00:00,73.66743617157523
srv-002,2017-06-18 18:00:00,73.66743617183015
srv-002,2017-06-18 19:00:00,73.66743617207248
srv-002,2017-06-18 20:00:00,73.66743617230289
srv-002,2017-06-18 21:00:00,73.66743617252193
srv-002,2017-06-18 22:00:00,73.66743617273018
srv-002,2017-06-18 23:00:00,73.66743617292816
srv-002,2017-06-19 00:00:00,73.66743617311639
srv-002,2017-06-19 01:00:00,73.66743617329534
srv-002,2017-06-19 02:00:00,73.66743617346548
srv-002,2017-06-19 03:00:00,73.66743617362722
srv-002,2017-06-19 04:00:00,73.667436173781
srv-002,2017-06-19 05:00:00,73.6674361739272
srv-002,2017-06-19 06:00:00,73.6674361740662
srv-002,2017-06-19 07:00:00,73.66743617419834
srv-002,2017-06-19 08:00:00,73.66743617432397
srv-002,2017-06-19 09:00:00,73.66743617444341
srv-002,2017-06-19 10:00:00,73.66743617455697
srv-002,2017-06-19 11:00:00,73.66743617466491
srv-002,2017-06-19 12:00:00,73.66743617476756
srv-002,2017-06-19 13:00:00,73.66743617486513
srv-002,2017-06-19 14:00:00,73.6674361749579
srv-002,2017-06-19 15:00:00,73.6674361750461
srv-002,2017-06-19 16:00:00,73.66743617512995
srv-002,2017-06-19 17:00:00,73.66743617520967
srv-002,2017-06-19 18:00:00,73.66743617528546
srv-002,2017-06-19 19:00:00,73.66743617535752
srv-002,2017-06-19 20:00:00,73.66743617542602
srv-002,2017-06-19 21:00:00,73.66743617549115
srv-002,2017-06-19 22:00:00,73.66743617555306
srv-002,2017-06-19 23:00:00,73.66743617561194
srv-002,2017-06-20 00:00:00,73.6674361756679
srv-002,2017-06-20 01:00:00,73.66743617572111
srv-002,2017-06-20 02:00:00,73.6674361757717
srv-002,2017-06-20 03:00:00,73.66743617581979
srv-002,2017-06-20 04:00:00,73.6674361758655
srv-002,2017-06-20 05:00:00,73.66743617590897
srv-002,2017-06-20 06:00:00,73.6674361759503
srv-002,2017-06-20 07:00:00,73.6674361759896
srv-002,2017-06-20 08:00:00,73.66743617602695
srv-002,2017-06-20 09:00:00,73.66743617606247
srv-002,2017-06-20 10:00:00,73.66743617609622
srv-002,2017-06-20 11:00:00,73.66743617612832
srv-002,2017-06-20 12:00:00,73.66743617615884
srv-002,2017-06-20 13:00:00,73.66743617618785
srv-002,2017-06-20 14:00:00,73.66743617621543
srv-002,2017-06-20 15:00:00,73.66743617624165
srv-002,2017-06-20 16:00:00,73.66743617626659
srv-002,2017-06-20 17:00:00,73.6674361762903
srv-002,2017-06-20 18:00:00,73.66743617631283
srv-002,2017-06-20 19:00:00,73.66743617633425
srv-002,2017-06-20 20:00:00,73.66743617635461
srv-002,2017-06-20 21:00:00,73.66743617637398
srv-002,2017-06-20 22:00:00,73.6674361763924
srv-002,2017-06-20 23:00:00,73.6674361764099
srv-002,2017-06-21 00:00:00,73.66743617642653
srv-002,2017-06-21 01:00:00,73.66743617644235
srv-002,2017-06-21 02:00:00,73.6674361764574
srv-002,2017-06-21 03:00:00,73.6674361764717
srv-002,2017-06-21 04:00:00,73.6674361764853
srv-002,2017-06-21 05:00:00,73.66743617649821
srv-002,2017-06-21 06:00:00,73.6674361765105
srv-002,2017-06-21 07:00:00,73.66743617652219
srv-002,2017-06-21 08:00:00,73.66743617653329
srv-002,2017-06-21 09:00:00,73.66743617654384
srv-002,2017-06-21 10:00:00,73.66743617655389
srv-002,2017-06-21 11:00:00,73.66743617656343
srv-002,2017-06-21 12:00:00,73.66743617657251
srv-002,2017-06-21 13:00:00,73.66743617658113
srv-002,2017-06-21 14:00:00,73.66743617658933
srv-002,2017-06-21 15:00:00,73.66743617659714
srv-002,2017-06-21 16:00:00,73.66743617660454
srv-002,2017-06-21 17:00:00,73.66743617661159
srv-002,2017-06-21 18:00:00,73.6674361766183
srv-002,2017-06-21 19:00:00,73.66743617662466
srv-002,2017-06-21 20:00:00,73.66743617663072
srv-002,2017-06-21 21:00:00,73.66743617663647
srv-002,2017-06-21 22:00:00,73.66743617664194
srv-002,2017-06-21 23:00:00,73.66743617664716
srv-002,2017-06-22 00:00:00,73.6674361766521
srv-002,2017-06-22 01:00:00,73.6674361766568
srv-002,2017-06-22 02:00:00,73.66743617666127
srv-002,2017-06-22 03:00:00,73.66743617666553
srv-002,2017-06-22 04:00:00,73.66743617666957
srv-002,2017-06-22 05:00:00,73.6674361766734
srv-002,2017-06-22 06:00:00,73.66743617667706
srv-002,2017-06-22 07:00:00,73.66743617668054
srv-002,2017-06-22 08:00:00,73.66743617668384
srv-002,2017-06-22 09:00:00,73.66743617668698
srv-002,2017-06-22 10:00:00,73.66743617668996
srv-002,2017-06-22 11:00:00,73.6674361766928
srv-002,2017-06-22 12:00:00,73.6674361766955
srv-002,2017-06-22 13:00:00,73.66743617669806
srv-002,2017-06-22 14:00:00,73.6674361767005
srv-002,2017-06-22 15:00:00,73.66743617670282
srv-002,2017-06-22 16:00:00,73.66743617670502
srv-002,2017-06-22 17:00:00,73.66743617670713
srv-002,2017-06-22 18:00:00,73.66743617670912
srv-002,2017-06-22 19:00:00,73.667436176711
srv-002,2017-06-22 20:00:00,73.66743617671281
srv-002,2017-06-22 21:00:00,73.66743617671452
srv-002,2017-06-22 22:00:00,73.66743617671615
srv-002,2017-06-22 23:00:00,73.6674361767177
srv-002,2017-06-23 00:00:00,73.66743617671916
srv-002,2017-06-23 01:00:00,73.66743617672056
srv-002,2017-06-23 02:00:00,73.66743617672189
srv-002,2017-06-23 03:00:00,73.66743617672316
srv-002,2017-06-23 04:00:00,73.66743617672437
srv-002,2017-06-23 05:00:00,73.6674361767255
srv-002,2017-06-23 06:00:00,73.66743617672658
srv-002,2017-06-23 07:00:00,73.66743617672762
srv-002,2017-06-23 08:00:00,73.6674361767286
srv-002,2017-06-23 09:00:00,73.66743617672954
srv-002,2017-06-23 10:00:00,73.66743617673042
srv-002,2017-06-23 11:00:00,73.66743617673127
srv-002,2017-06-23 12:00:00,73.66743617673207
srv-002,2017-06-23 13:00:00,73.66743617673283
srv-002,2017-06-23 14:00:00,73.66743617673356
srv-002,2017-06-23 15:00:00,73.66743617673424
srv-002,2017-06-23 16:00:00,73.6674361767349
srv-002,2017-06-23 17:00:00,73.66743617673552
srv-002,2017-06-23 18:00:00,73.66743617673612
srv-002,2017-06-23 19:00:00,73.66743617673669
srv-002,2017-06-23 20:00:00,73.66743617673721
srv-002,2017-06-23 21:00:00,73.66743617673772
srv-002,2017-06-23 22:00:00,73.6674361767382
srv-002,2017-06-23 23:00:00,73.66743617673866
srv-002,2017-06-24 00:00:00,73.6674361767391
srv-002,2017-06-24 01:00:00,73.66743617673953
srv-002,2017-06-24 02:00:00,73.66743617673991
srv-002,2017-06-24 03:00:00,73.6674361767403
srv-002,2017-06-24 04:00:00,73.66743617674065
srv-002,2017-06-24 05:00:00,73.66743617674099
srv-002,2017-06-24 06:00:00,73.66743617674132
srv-002,2017-06-24 07:00:00,73.66743617674162
srv-002,2017-06-24 08:00:00,73.66743617674192
srv-002,2017-06-24 09:00:00,73.66743617674219
srv-002,2017-06-24 10:00:00,73.66743617674246
srv-002,2017-06-24 11:00:00,73.6674361767427
srv-002,2017-06-24 12:00:00,73.66743617674294
srv-002,2017-06-24 13:00:00,73.66743617674317
srv-002,2017-06-24 14:00:00,73.66743617674338
srv-002,2017-06-24 15:00:00,73.66743617674359
srv-002,2017-06-24 16:00:00,73.66743617674379
srv-002,2017-06-24 17:00:00,73.66743617674398
srv-002,2017-06-24 18:00:00,73.66743617674415
srv-002,2017-06-24 19:00:00,73.66743617674432
srv-002,2017-06-24 20:00:00,73.66743617674447
srv-002,2017-06-24 21:00:00,73.66743617674463
srv-002,2017-06-24 22:00:00,73.66743617674477
srv-002,2017-06-24 23:00:00,73.6674361767449
srv-002,2017-06-25 00:00:00,73.66743617674503
srv-002,2017-06-25 01:00:00,73.66743617674516
srv-002,2017-06-25 02:00:00,73.66743617674527
srv-002,2017-06-25 03:00:00,73.66743617674538
srv-002,2017-06-25 04:00:00,73.6674361767455
srv-002,2017-06-25 05:00:00,73.6674361767456
srv-002,2017-06-25 06:00:00,73.6674361767457
srv-002,2017-06-25 07:00:00,73.66743617674578
srv-002,2017-06-25 08:00:00,73.66743617674587
srv-002,2017-06-25 09:00:00,73.66743617674595
srv-002,2017-06-25 10:00:00,73.66743617674602
srv-002,2017-06-25 11:00:00,73.66743617674611
srv-002,2017-06-25 12:00:00,73.66743617674618
srv-002,2017-06-25 13:00:00,73.66743617674624
srv-002,2017-06-25 14:00:00,73.6674361767463
srv-002,2017-06-25 15:00:00,73.66743617674636
srv-002,2017-06-25 16:00:00,73.66743617674642
srv-002,2017-06-25 17:00:00,73.66743617674648
srv-002,2017-06-25 18:00:00,73.66743617674653
srv-002,2017-06-25 19:00:00,73.66743617674658
srv-002,2017-06-25 20:00:00,73.66743617674663
srv-002,2017-06-25 21:00:00,73.66743617674668
srv-002,2017-06-25 22:00:00,73.66743617674672
srv-002,2017-06-25 23:00:00,73.66743617674676
srv-002,2017-06-26 00:00:00,73.6674361767468
srv-002,2017-06-26 01:00:00,73.66743617674683
srv-002,2017-06-26 02:00:00,73.66743617674688
srv-002,2017-06-26 03:00:00,73.6674361767469
srv-002,2017-06-26 04:00:00,73.66743617674693
srv-002,2017-06-26 05:00:00,73.66743617674696
srv-002,2017-06-26 06:00:00,73.66743617674699
srv-002,2017-06-26 07:00:00,73.66743617674702
srv-002,2017-06-26 08:00:00,73.66743617674705
srv-002,2017-06-26 09:00:00,73.66743617674707
srv-002,2017-06-26 10:00:00,73.66743617674709
srv-002,2017-06-26 11:00:00,73.66743617674712
srv-002,2017-06-26 12:00:00,73.66743617674713
srv-002,2017-06-26 13:00:00,73.66743617674716
srv-002,2017-06-26 14:00:00,73.66743617674717
srv-002,2017-06-26 15:00:00,73.66743617674719
srv-002,2017-06-26 16:00:00,73.66743617674722
srv-002,2017-06-26 17:00:00,73.66743617674723
srv-002,2017-06-26 18:00:00,73.66743617674724
srv-002,2017-06-26 19:00:00,73.66743617674726
srv-002,2017-06-26 20:00:00,73.66743617674727
srv-002,2017-06-26 21:00:00,73.66743617674729
srv-002,2017-06-26 22:00:00,73.6674361767473
srv-002,2017-06-26 23:00:00,73.66743617674732
srv-002,2017-06-27 00:00:00,73.66743617674732
srv-002,2017-06-27 01:00:00,73.66743617674733
srv-002,2017-06-27 02:00:00,73.66743617674734
srv-002,2017-06-27 03:00:00,73.66743617674736
srv-002,2017-06-27 04:00:00,73.66743617674736
srv-002,2017-06-27 05:00:00,73.66743617674737
srv-002,2017-06-27 06:00:00,73.66743617674737
srv-002,2017-06-27 07:00:00,73.66743617674739
srv-002,2017-06-27 08:00:00,73.6674361767474
srv-002,2017-06-27 09:00:00,73.6674361767474
srv-002,2017-06-27 10:00:00,73.66743617674742
srv-002,2017-06-27 11:00:00,73.66743617674742
srv-002,2017-06-27 12:00:00,73.66743617674742
srv-002,2017-06-27 13:00:00,73.66743617674743
srv-002,2017-06-27 14:00:00,73.66743617674743
srv-002,2017-06-27 15:00:00,73.66743617674744
srv-002,2017-06-27 16:00:00,73.66743617674744
srv-002,2017-06-27 17:00:00,73.66743617674744
srv-002,2017-06-27 18:00:00,73.66743617674746
srv-002,2017-06-27 19:00:00,73.66743617674746
srv-002,2017-06-27 20:00:00,73.66743617674746
srv-002,2017-06-27 21:00:00,73.66743617674747
srv-002,2017-06-27 22:00:00,73.66743617674747
srv-002,2017-06-27 23:00:00,73.66743617674747
srv-002,2017-06-28 00:00:00,73.66743617674747
srv-002,2017-06-28 01:00:00,73.66743617674749
srv-002,2017-06-28 02:00:00,73.66743617674749
srv-002,2017-06-28 03:00:00,73.66743617674749
srv-002,2017-06-28 04:00:00,73.66743617674749
srv-002,2017-06-28 05:00:00,73.66743617674749
srv-002,2017-06-28 06:00:00,73.6674361767475
srv-002,2017-06-28 07:00:00,73.6674361767475
srv-002,2017-06-28 08:00:00,73.6674361767475
srv-002,2017-06-28 09:00:00,73.6674361767475
srv-002,2017-06-28 10:00:00,73.6674361767475
srv-002,2017-06-28 11:00:00,73.6674361767475
srv-002,2017-06-28 12:00:00,73.6674361767475
srv-002,2017-06-28 13:00:00,73.66743617674751
srv-002,2017-06-28 14:00:00,73.66743617674751
srv-002,2017-06-28 15:00:00,73.66743617674751
srv-002,2017-06-28 16:00:00,73.66743617674751
srv-002,2017-06-28 17:00:00,73.66743617674751
srv-002,2017-06-28 18:00:00,73.66743617674751
srv-002,2017-06-28 19:00:00,73.66743617674751
srv-002,2017-06-28 20:00:00,73.66743617674751
srv-002,2017-06-28 21:00:00,73.66743617674751
srv-002,2017-06-28 22:00:00,73.66743617674751
srv-002,2017-06-28 23:00:00,73.66743617674753
srv-002,2017-06-29 00:00:00,73.66743617674753
srv-002,2017-06-29 01:00:00,73.66743617674753
srv-002,2017-06-29 02:00:00,73.66743617674753
srv-002,2017-06-29 03:00:00,73.66743617674753
srv-002,2017-06-29 04:00:00,73.66743617674753
srv-002,2017-06-29 05:00:00,73.66743617674753
srv-002,2017-06-29 06:00:00,73.66743617674753
srv-002,2017-06-29 07:00:00,73.66743617674753
srv-002,2017-06-29 08:00:00,73.66743617674753
srv-002,2017-06-29 09:00:00,73.66743617674753
srv-002,2017-06-29 10:00:00,73.66743617674753
srv-002,2017-06-29 11:00:00,73.66743617674753
srv-002,2017-06-29 12:00:00,73.66743617674753
srv-002,2017-06-29 13:00:00,73.66743617674753
srv-002,2017-06-29 14:00:00,73.66743617674753
srv-002,2017-06-29 15:00:00,73.66743617674753
srv-002,2017-06-29 16:00:00,73.66743617674753
srv-002,2017-06-29 17:00:00,73.66743617674753
srv-002,2017-06-29 18:00:00,73.66743617674753
srv-002,2017-06-29 19:00:00,73.66743617674753
srv-002,2017-06-29 20:00:00,73.66743617674753
srv-002,2017-06-29 21:00:00,73.66743617674754
srv-002,2017-06-29 22:00:00,73.66743617674754
srv-002,2017-06-29 23:00:00,73.66743617674754
srv-002,2017-06-30 00:00:00,73.66743617674754
srv-002,2017-06-30 01:00:00,73.66743617674754
srv-002,2017-06-30 02:00:00,73.66743617674754
srv-002,2017-06-30 03:00:00,73.66743617674754
srv-002,2017-06-30 04:00:00,73.66743617674754
srv-002,2017-06-30 05:00:00,73.66743617674754
srv-002,2017-06-30 06:00:00,73.66743617674754
srv-002,2017-06-30 07:00:00,73.66743617674754
srv-002,2017-06-30 08:00:00,73.66743617674754
srv-002,2017-06-30 09:00:00,73.66743617674754
srv-002,2017-06-30 10:00:00,73.66743617674754
srv-002,2017-06-30 11:00:00,73.66743617674754
srv-002,2017-06-30 12:00:00,73.66743617674754
srv-002,2017-06-30 13:00:00,73.66743617674754
srv-002,2017-06-30 14:00:00,73.66743617674754
srv-002,2017-06-30 15:00:00,73.66743617674754
srv-002,2017-06-30 16:00:00,73.66743617674754
srv-002,2017-06-30 17:00:00,73.66743617674754
srv-002,2017-06-30 18:00:00,73.66743617674754
srv-002,2017-06-30 19:00:00,73.66743617674754
srv-002,2017-06-30 20:00:00,73.66743617674754
srv-002,2017-06-30 21:00:00,73.66743617674754
srv-002,2017-06-30 22:00:00,73.66743617674754
srv-002,2017-06-30 23:00:00,73.66743617674754
srv-003,2017-06-01 23:00:00,42.536129919200675
srv-003,2017-06-02 00:00:00,40.125240968398835
srv-003,2017-06-02 01:00:00,38.47640440172844
srv-003,2017-06-02 02:00:00,37.34874482093969
srv-003,2017-06-02 03:00:00,36.57752458247027
srv-003,2017-06-02 04:00:00,36.0500775883971
srv-003,2017-06-02 05:00:00,35.68935011046039
srv-003,2017-06-02 06:00:00,35.44264415744376
srv-003,2017-06-02 07:00:00,35.273918925859036
srv-003,2017-06-02 08:00:00,35.15852566750747
srv-003,2017-06-02 09:00:00,35.079606800732606
srv-003,2017-06-02 10:00:00,35.025633218376065
srv-003,2017-06-02 11:00:00,34.98872002243891
srv-003,2017-06-02 12:00:00,34.963474634328605
srv-003,2017-06-02 13:00:00,34.946209003308056
srv-003,2017-06-02 14:00:00,34.93440082617744
srv-003,2017-06-02 15:00:00,34.92632506879666
srv-003,2017-06-02 16:00:00,34.92080195912851
srv-003,2017-06-02 17:00:00,34.9170246365855
srv-003,2017-06-02 18:00:00,34.91444127930106
srv-003,2017-06-02 19:00:00,34.91267448952257
srv-003,2017-06-02 20:00:00,34.91146616029138
srv-003,2017-06-02 21:00:00,34.910639769088135
srv-003,2017-06-02 22:00:00,34.91007458999357
srv-003,2017-06-02 23:00:00,34.90968805706865
srv-003,2017-06-03 00:00:00,34.909423702453466
srv-003,2017-06-03 01:00:00,34.909242907085044
srv-003,2017-06-03 02:00:00,34.90911925891185
srv-003,2017-06-03 03:00:00,34.90903469440742
srv-003,2017-06-03 04:00:00,34.908976859704126
srv-003,2017-06-03 05:00:00,34.90893730584015
srv-003,2017-06-03 06:00:00,34.90891025446673
srv-003,2017-06-03 07:00:00,34.90889175370018
srv-003,2017-06-03 08:00:00,34.908879100798686
srv-003,2017-06-03 09:00:00,34.908870447323935
srv-003,2017-06-03 10:00:00,34.90886452910627
srv-003,2017-06-03 11:00:00,34.9088604815645
srv-003,2017-06-03 12:00:00,34.90885771340098
srv-003,2017-06-03 13:00:00,34.90885582021994
srv-003,2017-06-03 14:00:00,34.908854525450174
srv-003,2017-06-03 15:00:00,34.90885363994123
srv-003,2017-06-03 16:00:00,34.90885303433078
srv-003,2017-06-03 17:00:00,34.90885262014636
srv-003,2017-06-03 18:00:00,34.90885233688055
srv-003,2017-06-03 19:00:00,34.90885214315158
srv-003,2017-06-03 20:00:00,34.90885201065796
srv-003,2017-06-03 21:00:00,34.90885192004394
srv-003,2017-06-03 22:00:00,34.908851858071905
srv-003,2017-06-03 23:00:00,34.908851815688465
srv-003,2017-06-04 00:00:00,34.90885178670191
srv-003,2017-06-04 01:00:00,34.90885176687765
srv-003,2017-06-04 02:00:00,34.908851753319595
srv-003,2017-06-04 03:00:00,34.90885174404708
srv-003,2017-06-04 04:00:00,34.90885173770548
srv-003,2017-06-04 05:00:00,34.908851733368394
srv-003,2017-06-04 06:00:00,34.908851730402205
srv-003,2017-06-04 07:00:00,34.90885172837359
srv-003,2017-06-04 08:00:00,34.90885172698619
srv-003,2017-06-04 09:00:00,34.90885172603734
srv-003,2017-06-04 10:00:00,34.9088517253884
srv-003,2017-06-04 11:00:00,34.90885172494459
srv-003,2017-06-04 12:00:00,34.90885172464106
srv-003,2017-06-04 13:00:00,34.908851724433475
srv-003,2017-06-04 14:00:00,34.9088517242915
srv-003,2017-06-04 15:00:00,34.908851724194406
srv-003,2017-06-04 16:00:00,34.908851724128
srv-003,2017-06-04 17:00:00,34.90885172408258
srv-003,2017-06-04 18:00:00,34.90885172405152
srv-003,2017-06-04 19:00:00,34.908851724030285
srv-003,2017-06-04 20:00:00,34.908851724015754
srv-003,2017-06-04 21:00:00,34.90885172400582
srv-003,2017-06-04 22:00:00,34.90885172399902
srv-003,2017-06-04 23:00:00,34.908851723994374
srv-003,2017-06-05 00:00:00,34.9088517239912
srv-003,2017-06-05 01:00:00,34.908851723989024
srv-003,2017-06-05 02:00:00,34.90885172398754
srv-003,2017-06-05 03:00:00,34.90885172398652
srv-003,2017-06-05 04:00:00,34.908851723985826
srv-003,2017-06-05 05:00:00,34.90885172398535
srv-003,2017-06-05 06:00:00,34.90885172398502
srv-003,2017-06-05 07:00:00,34.9088517239848
srv-003,2017-06-05 08:00:00,34.90885172398465
srv-003,2017-06-05 09:00:00,34.90885172398455
srv-003,2017-06-05 10:00:00,34.908851723984476
srv-003,2017-06-05 11:00:00,34.90885172398443
srv-003,2017-06-05 12:00:00,34.90885172398439
srv-003,2017-06-05 13:00:00,34.90885172398437
srv-003,2017-06-05 14:00:00,34.908851723984355
srv-003,2017-06-05 15:00:00,34.90885172398434
srv-003,2017-06-05 16:00:00,34.908851723984334
srv-003,2017-06-05 17:00:00,34.908851723984334
srv-003,2017-06-05 18:00:00,34.90885172398433
srv-003,2017-06-05 19:00:00,34.90885172398433
srv-003,2017-06-05 20:00:00,34.90885172398432
srv-003,2017-06-05 21:00:00,34.90885172398432
srv-003,2017-06-05 22:00:00,34.90885172398432
srv-003,2017-06-05 23:00:00,34.90885172398432
srv-003,2017-06-06 00:00:00,34.90885172398432
srv-003,2017-06-06 01:00:00,34.90885172398432
srv-003,2017-06-06 02:00:00,34.90885172398432
srv-003,2017-06-06 03:00:00,34.90885172398432
srv-003,2017-06-06 04:00:00,34.90885172398432
srv-003,2017-06-06 05:00:00,34.90885172398432
srv-003,2017-06-06 06:00:00,34.90885172398432
srv-003,2017-06-06 07:00:00,34.90885172398432
srv-003,2017-06-06 08:00:00,34.90885172398432
srv-003,2017-06-06 09:00:00,34.90885172398432
srv-003,2017-06-06 10:00:00,34.90885172398432
srv-003,2017-06-06 11:00:00,34.90885172398432
srv-003,2017-06-06 12:00:00,34.90885172398432
srv-003,2017-06-06 13:00:00,34.90885172398432
srv-003,2017-06-06 14:00:00,34.90885172398432
srv-003,2017-06-06 15:00:00,34.90885172398432
srv-003,2017-06-06 16:00:00,34.90885172398432
srv-003,2017-06-06 17:00:00,34.90885172398432
srv-003,2017-06-06 18:00:00,34.90885172398432
srv-003,2017-06-06 19:00:00,34.90885172398432
srv-003,2017-06-06 20:00:00,34.90885172398432
srv-003,2017-06-06 21:00:00,34.90885172398432
srv-003,2017-06-06 22:00:00,34.90885172398432
srv-003,2017-06-06 23:00:00,34.90885172398432
srv-003,2017-06-07 00:00:00,34.90885172398432
srv-003,2017-06-07 01:00:00,34.90885172398432
srv-003,2017-06-07 02:00:00,34.90885172398432
srv-003,2017-06-07 03:00:00,34.90885172398432
srv-003,2017-06-07 04:00:00,34.90885172398432
srv-003,2017-06-07 05:00:00,34.90885172398432
srv-003,2017-06-07 06:00:00,34.90885172398432
srv-003,2017-06-07 07:00:00,34.90885172398432
srv-003,2017-06-07 08:00:00,34.90885172398432
srv-003,2017-06-07 09:00:00,34.90885172398432
srv-003,2017-06-07 10:00:00,34.90885172398432
srv-003,2017-06-07 11:00:00,34.90885172398432
srv-003,2017-06-07 12:00:00,34.90885172398432
srv-003,2017-06-07 13:00:00,34.90885172398432
srv-003,2017-06-07 14:00:00,34.90885172398432
srv-003,2017-06-07 15:00:00,34.90885172398432
srv-003,2017-06-07 16:00:00,34.90885172398432
srv-003,2017-06-07 17:00:00,34.90885172398432
srv-003,2017-06-07 18:00:00,34.90885172398432
srv-003,2017-06-07 19:00:00,34.90885172398432
srv-003,2017-06-07 20:00:00,34.90885172398432
srv-003,2017-06-07 21:00:00,34.90885172398432
srv-003,2017-06-07 22:00:00,34.90885172398432
srv-003,2017-06-07 23:00:00,34.90885172398432
srv-003,2017-06-08 00:00:00,34.90885172398432
srv-003,2017-06-08 01:00:00,34.90885172398432
srv-003,2017-06-08 02:00:00,34.90885172398432
srv-003,2017-06-08 03:00:00,34.90885172398432
srv-003,2017-06-08 04:00:00,34.90885172398432
srv-003,2017-06-08 05:00:00,34.90885172398432
srv-003,2017-06-08 06:00:00,34.90885172398432
srv-003,2017-06-08 07:00:00,34.90885172398432
srv-003,2017-06-08 08:00:00,34.90885172398432
srv-003,2017-06-08 09:00:00,34.90885172398432
srv-003,2017-06-08 10:00:00,34.90885172398432
srv-003,2017-06-08 11:00:00,34.90885172398432
srv-003,2017-06-08 12:00:00,34.90885172398432
srv-003,2017-06-08 13:00:00,34.90885172398432
srv-003,2017-06-08 14:00:00,34.90885172398432
srv-003,2017-06-08 15:00:00,34.90885172398432
srv-003,2017-06-08 16:00:00,34.90885172398432
srv-003,2017-06-08 17:00:00,34.90885172398432
srv-003,2017-06-08 18:00:00,34.90885172398432
srv-003,2017-06-08 19:00:00,34.90885172398432
srv-003,2017-06-08 20:00:00,34.90885172398432
srv-003,2017-06-08 21:00:00,34.90885172398432
srv-003,2017-06-08 22:00:00,34.90885172398432
srv-003,2017-06-08 23:00:00,34.90885172398432
srv-003,2017-06-09 00:00:00,34.90885172398432
srv-003,2017-06-09 01:00:00,34.90885172398432
srv-003,2017-06-09 02:00:00,34.90885172398432
srv-003,2017-06-09 03:00:00,34.90885172398432
srv-003,2017-06-09 04:00:00,34.90885172398432
srv-003,2017-06-09 05:00:00,34.90885172398432
srv-003,2017-06-09 06:00:00,34.90885172398432
srv-003,2017-06-09 07:00:00,34.90885172398432
srv-003,2017-06-09 08:00:00,34.90885172398432
srv-003,2017-06-09 09:00:00,34.90885172398432
srv-003,2017-06-09 10:00:00,34.90885172398432
srv-003,2017-06-09 11:00:00,34.90885172398432
srv-003,2017-06-09 12:00:00,34.90885172398432
srv-003,2017-06-09 13:00:00,34.90885172398432
srv-003,2017-06-09 14:00:00,34.90885172398432
srv-003,2017-06-09 15:00:00,34.90885172398432
srv-003,2017-06-09 16:00:00,34.90885172398432
srv-003,2017-06-09 17:00:00,34.90885172398432
srv-003,2017-06-09 18:00:00,34.90885172398432
srv-003,2017-06-09 19:00:00,34.90885172398432
srv-003,2017-06-09 20:00:00,34.90885172398432
srv-003,2017-06-09 21:00:00,34.90885172398432
srv-003,2017-06-09 22:00:00,34.90885172398432
srv-003,2017-06-09 23:00:00,34.90885172398432
srv-003,2017-06-10 00:00:00,34.90885172398432
srv-003,2017-06-10 01:00:00,34.90885172398432
srv-003,2017-06-10 02:00:00,34.90885172398432
srv-003,2017-06-10 03:00:00,34.90885172398432
srv-003,2017-06-10 04:00:00,34.90885172398432
srv-003,2017-06-10 05:00:00,34.90885172398432
srv-003,2017-06-10 06:00:00,34.90885172398432
srv-003,2017-06-10 07:00:00,34.90885172398432
srv-003,2017-06-10 08:00:00,34.90885172398432
srv-003,2017-06-10 09:00:00,34.90885172398432
srv-003,2017-06-10 10:00:00,34.90885172398432
srv-003,2017-06-10 11:00:00,34.90885172398432
srv-003,2017-06-10 12:00:00,34.90885172398432
srv-003,2017-06-10 13:00:00,34.90885172398432
srv-003,2017-06-10 14:00:00,34.90885172398432
srv-003,2017-06-10 15:00:00,34.90885172398432
srv-003,2017-06-10 16:00:00,34.90885172398432
srv-003,2017-06-10 17:00:00,34.90885172398432
srv-003,2017-06-10 18:00:00,34.90885172398432
srv-003,2017-06-10 19:00:00,34.90885172398432
srv-003,2017-06-10 20:00:00,34.90885172398432
srv-003,2017-06-10 21:00:00,34.90885172398432
srv-003,2017-06-10 22:00:00,34.90885172398432
srv-003,2017-06-10 23:00:00,34.90885172398432
srv-003,2017-06-11 00:00:00,34.90885172398432
srv-003,2017-06-11 01:00:00,34.90885172398432
srv-003,2017-06-11 02:00:00,34.90885172398432
srv-003,2017-06-11 03:00:00,34.90885172398432
srv-003,2017-06-11 04:00:00,34.90885172398432
srv-003,2017-06-11 05:00:00,34.90885172398432
srv-003,2017-06-11 06:00:00,34.90885172398432
srv-003,2017-06-11 07:00:00,34.90885172398432
srv-003,2017-06-11 08:00:00,34.90885172398432
srv-003,2017-06-11 09:00:00,34.90885172398432
srv-003,2017-06-11 10:00:00,34.90885172398432
srv-003,2017-06-11 11:00:00,34.90885172398432
srv-003,2017-06-11 12:00:00,34.90885172398432
srv-003,2017-06-11 13:00:00,34.90885172398432
srv-003,2017-06-11 14:00:00,34.90885172398432
srv-003,2017-06-11 15:00:00,34.90885172398432
srv-003,2017-06-11 16:00:00,34.90885172398432
srv-003,2017-06-11 17:00:00,34.90885172398432
srv-003,2017-06-11 18:00:00,34.90885172398432
srv-003,2017-06-11 19:00:00,34.90885172398432
srv-003,2017-06-11 20:00:00,34.90885172398432
srv-003,2017-06-11 21:00:00,34.90885172398432
srv-003,2017-06-11 22:00:00,34.90885172398432
srv-003,2017-06-11 23:00:00,34.90885172398432
srv-003,2017-06-12 00:00:00,34.90885172398432
srv-003,2017-06-12 01:00:00,34.90885172398432
srv-003,2017-06-12 02:00:00,34.90885172398432
srv-003,2017-06-12 03:00:00,34.90885172398432
srv-003,2017-06-12 04:00:00,34.90885172398432
srv-003,2017-06-12 05:00:00,34.90885172398432
srv-003,2017-06-12 06:00:00,34.90885172398432
srv-003,2017-06-12 07:00:00,34.90885172398432
srv-003,2017-06-12 08:00:00,34.90885172398432
srv-003,2017-06-12 09:00:00,34.90885172398432
srv-003,2017-06-12 10:00:00,34.90885172398432
srv-003,2017-06-12 11:00:00,34.90885172398432
srv-003,2017-06-12 12:00:00,34.90885172398432
srv-003,2017-06-12 13:00:00,34.90885172398432
srv-003,2017-06-12 14:00:00,34.90885172398432
srv-003,2017-06-12 15:00:00,34.90885172398432
srv-003,2017-06-12 16:00:00,34.90885172398432
srv-003,2017-06-12 17:00:00,34.90885172398432
srv-003,2017-06-12 18:00:00,34.90885172398432
srv-003,2017-06-12 19:00:00,34.90885172398432
srv-003,2017-06-12 20:00:00,34.90885172398432
srv-003,2017-06-12 21:00:00,34.90885172398432
srv-003,2017-06-12 22:00:00,34.90885172398432
srv-003,2017-06-12 23:00:00,34.90885172398432
srv-003,2017-06-13 00:00:00,34.90885172398432
srv-003,2017-06-13 01:00:00,34.90885172398432
srv-003,2017-06-13 02:00:00,34.90885172398432
srv-003,2017-06-13 03:00:00,34.90885172398432
srv-003,2017-06-13 04:00:00,34.90885172398432
srv-003,2017-06-13 05:00:00,34.90885172398432
srv-003,2017-06-13 06:00:00,34.90885172398432
srv-003,2017-06-13 07:00:00,34.90885172398432
srv-003,2017-06-13 08:00:00,34.90885172398432
srv-003,2017-06-13 09:00:00,34.90885172398432
srv-003,2017-06-13 10:00:00,34.90885172398432
srv-003,2017-06-13 11:00:00,34.90885172398432
srv-003,2017-06-13 12:00:00,34.90885172398432
srv-003,2017-06-13 13:00:00,34.90885172398432
srv-003,2017-06-13 14:00:00,34.90885172398432
srv-003,2017-06-13 15:00:00,34.90885172398432
srv-003,2017-06-13 16:00:00,34.90885172398432
srv-003,2017-06-13 17:00:00,34.90885172398432
srv-003,2017-06-13 18:00:00,34.90885172398432
srv-003,2017-06-13 19:00:00,34.90885172398432
srv-003,2017-06-13 20:00:00,34.90885172398432
srv-003,2017-06-13 21:00:00,34.90885172398432
srv-003,2017-06-13 22:00:00,34.90885172398432
srv-003,2017-06-13 23:00:00,34.90885172398432
srv-003,2017-06-14 00:00:00,34.90885172398432
srv-003,2017-06-14 01:00:00,34.90885172398432
srv-003,2017-06-14 02:00:00,34.90885172398432
srv-003,2017-06-14 03:00:00,34.90885172398432
srv-003,2017-06-14 04:00:00,34.90885172398432
srv-003,2017-06-14 05:00:00,34.90885172398432
srv-003,2017-06-14 06:00:00,34.90885172398432
srv-003,2017-06-14 07:00:00,34.90885172398432
srv-003,2017-06-14 08:00:00,34.90885172398432
srv-003,2017-06-14 09:00:00,34.90885172398432
srv-003,2017-06-14 10:00:00,34.90885172398432
srv-003,2017-06-14 11:00:00,34.90885172398432
srv-003,2017-06-14 12:00:00,34.90885172398432
srv-003,2017-06-14 13:00:00,34.90885172398432
srv-003,2017-06-14 14:00:00,34.90885172398432
srv-003,2017-06-14 15:00:00,34.90885172398432
srv-003,2017-06-14 16:00:00,34.90885172398432
srv-003,2017-06-14 17:00:00,34.90885172398432
srv-003,2017-06-14 18:00:00,34.90885172398432
srv-003,2017-06-14 19:00:00,34.90885172398432
srv-003,2017-06-14 20:00:00,34.90885172398432
srv-003,2017-06-14 21:00:00,34.90885172398432
srv-003,2017-06-14 22:00:00,34.90885172398432
srv-003,2017-06-14 23:00:00,34.90885172398432
srv-003,2017-06-15 00:00:00,34.90885172398432
srv-003,2017-06-15 01:00:00,34.90885172398432
srv-003,2017-06-15 02:00:00,34.90885172398432
srv-003,2017-06-15 03:00:00,34.90885172398432
srv-003,2017-06-15 04:00:00,34.90885172398432
srv-003,2017-06-15 05:00:00,34.90885172398432
srv-003,2017-06-15 06:00:00,34.90885172398432
srv-003,2017-06-15 07:00:00,34.90885172398432
srv-003,2017-06-15 08:00:00,34.90885172398432
srv-003,2017-06-15 09:00:00,34.90885172398432
srv-003,2017-06-15 10:00:00,34.90885172398432
srv-003,2017-06-15 11:00:00,34.90885172398432
srv-003,2017-06-15 12:00:00,34.90885172398432
srv-003,2017-06-15 13:00:00,34.90885172398432
srv-003,2017-06-15 14:00:00,34.90885172398432
srv-003,2017-06-15 15:00:00,34.90885172398432
srv-003,2017-06-15 16:00:00,34.90885172398432
srv-003,2017-06-15 17:00:00,34.90885172398432
srv-003,2017-06-15 18:00:00,34.90885172398432
srv-003,2017-06-15 19:00:00,34.90885172398432
srv-003,2017-06-15 20:00:00,34.90885172398432
srv-003,2017-06-15 21:00:00,34.90885172398432
srv-003,2017-06-15 22:00:00,34.90885172398432
srv-003,2017-06-15 23:00:00,34.90885172398432
srv-003,2017-06-16 00:00:00,34.90885172398432
srv-003,2017-06-16 01:00:00,34.90885172398432
srv-003,2017-06-16 02:00:00,34.90885172398432
srv-003,2017-06-16 03:00:00,34.90885172398432
srv-003,2017-06-16 04:00:00,34.90885172398432
srv-003,2017-06-16 05:00:00,34.90885172398432
srv-003,2017-06-16 06:00:00,34.90885172398432
srv-003,2017-06-16 07:00:00,34.90885172398432
srv-003,2017-06-16 08:00:00,34.90885172398432
srv-003,2017-06-16 09:00:00,34.90885172398432
srv-003,2017-06-16 10:00:00,34.90885172398432
srv-003,2017-06-16 11:00:00,34.90885172398432
srv-003,2017-06-16 12:00:00,34.90885172398432
srv-003,2017-06-16 13:00:00,34.90885172398432
srv-003,2017-06-16 14:00:00,34.90885172398432
srv-003,2017-06-16 15:00:00,34.90885172398432
srv-003,2017-06-16 16:00:00,34.90885172398432
srv-003,2017-06-16 17:00:00,34.90885172398432
srv-003,2017-06-16 18:00:00,34.90885172398432
srv-003,2017-06-16 19:00:00,34.90885172398432
srv-003,2017-06-16 20:00:00,34.90885172398432
srv-003,2017-06-16 21:00:00,34.90885172398432
srv-003,2017-06-16 22:00:00,34.90885172398432
srv-003,2017-06-16 23:00:00,34.90885172398432
srv-003,2017-06-17 00:00:00,34.90885172398432
srv-003,2017-06-17 01:00:00,34.90885172398432
srv-003,2017-06-17 02:00:00,34.90885172398432
srv-003,2017-06-17 03:00:00,34.90885172398432
srv-003,2017-06-17 04:00:00,34.90885172398432
srv-003,2017-06-17 05:00:00,34.90885172398432
srv-003,2017-06-17 06:00:00,34.90885172398432
srv-003,2017-06-17 07:00:00,34.90885172398432
srv-003,2017-06-17 08:00:00,34.90885172398432
srv-003,2017-06-17 09:00:00,34.90885172398432
srv-003,2017-06-17 10:00:00,34.90885172398432
srv-003,2017-06-17 11:00:00,34.90885172398432
srv-003,2017-06-17 12:00:00,34.90885172398432
srv-003,2017-06-17 13:00:00,34.90885172398432
srv-003,2017-06-17 14:00:00,34.90885172398432
srv-003,2017-06-17 15:00:00,34.90885172398432
srv-003,2017-06-17 16:00:00,34.90885172398432
srv-003,2017-06-17 17:00:00,34.90885172398432
srv-003,2017-06-17 18:00:00,34.90885172398432
srv-003,2017-06-17 19:00:00,34.90885172398432
srv-003,2017-06-17 20:00:00,34.90885172398432
srv-003,2017-06-17 21:00:00,34.90885172398432
srv-003,2017-06-17 22:00:00,34.90885172398432
srv-003,2017-06-17 23:00:00,34.90885172398432
srv-003,2017-06-18 00:00:00,34.90885172398432
srv-003,2017-06-18 01:00:00,34.90885172398432
srv-003,2017-06-18 02:00:00,34.90885172398432
srv-003,2017-06-18 03:00:00,34.90885172398432
srv-003,2017-06-18 04:00:00,34.90885172398432
srv-003,2017-06-18 05:00:00,34.90885172398432
srv-003,2017-06-18 06:00:00,34.90885172398432
srv-003,2017-06-18 07:00:00,34.90885172398432
srv-003,2017-06-18 08:00:00,34.90885172398432
srv-003,2017-06-18 09:00:00,34.90885172398432
srv-003,2017-06-18 10:00:00,34.90885172398432
srv-003,2017-06-18 11:00:00,34.90885172398432
srv-003,2017-06-18 12:00:00,34.90885172398432
srv-003,2017-06-18 13:00:00,34.90885172398432
srv-003,2017-06-18 14:00:00,34.90885172398432
srv-003,2017-06-18 15:00:00,34.90885172398432
srv-003,2017-06-18 16:00:00,34.90885172398432
srv-003,2017-06-18 17:00:00,34.90885172398432
srv-003,2017-06-18 18:00:00,34.90885172398432
srv-003,2017-06-18 19:00:00,34.90885172398432
srv-003,2017-06-18 20:00:00,34.90885172398432
srv-003,2017-06-18 21:00:00,34.90885172398432
srv-003,2017-06-18 22:00:00,34.90885172398432
srv-003,2017-06-18 23:00:00,34.90885172398432
srv-003,2017-06-19 00:00:00,34.90885172398432
srv-003,2017-06-19 01:00:00,34.90885172398432
srv-003,2017-06-19 02:00:00,34.90885172398432
srv-003,2017-06-19 03:00:00,34.90885172398432
srv-003,2017-06-19 04:00:00,34.90885172398432
srv-003,2017-06-19 05:00:00,34.90885172398432
srv-003,2017-06-19 06:00:00,34.90885172398432
srv-003,2017-06-19 07:00:00,34.90885172398432
srv-003,2017-06-19 08:00:00,34.90885172398432
srv-003,2017-06-19 09:00:00,34.90885172398432
srv-003,2017-06-19 10:00:00,34.90885172398432
srv-003,2017-06-19 11:00:00,34.90885172398432
srv-003,2017-06-19 12:00:00,34.90885172398432
srv-003,2017-06-19 13:00:00,34.90885172398432
srv-003,2017-06-19 14:00:00,34.90885172398432
srv-003,2017-06-19 15:00:00,34.90885172398432
srv-003,2017-06-19 16:00:00,34.90885172398432
srv-003,2017-06-19 17:00:00,34.90885172398432
srv-003,2017-06-19 18:00:00,34.90885172398432
srv-003,2017-06-19 19:00:00,34.90885172398432
srv-003,2017-06-19 20:00:00,34.90885172398432
srv-003,2017-06-19 21:00:00,34.90885172398432
srv-003,2017-06-19 22:00:00,34.90885172398432
srv-003,2017-06-19 23:00:00,34.90885172398432
srv-003,2017-06-20 00:00:00,34.90885172398432
srv-003,2017-06-20 01:00:00,34.90885172398432
srv-003,2017-06-20 02:00:00,34.90885172398432
srv-003,2017-06-20 03:00:00,34.90885172398432
srv-003,2017-06-20 04:00:00,34.90885172398432
srv-003,2017-06-20 05:00:00,34.90885172398432
srv-003,2017-06-20 06:00:00,34.90885172398432
srv-003,2017-06-20 07:00:00,34.90885172398432
srv-003,2017-06-20 08:00:00,34.90885172398432
srv-003,2017-06-20 09:00:00,34.90885172398432
srv-003,2017-06-20 10:00:00,34.90885172398432
srv-003,2017-06-20 11:00:00,34.90885172398432
srv-003,2017-06-20 12:00:00,34.90885172398432
srv-003,2017-06-20 13:00:00,34.90885172398432
srv-003,2017-06-20 14:00:00,34.90885172398432
srv-003,2017-06-20 15:00:00,34.90885172398432
srv-003,2017-06-20 16:00:00,34.90885172398432
srv-003,2017-06-20 17:00:00,34.90885172398432
srv-003,2017-06-20 18:00:00,34.90885172398432
srv-003,2017-06-20 19:00:00,34.90885172398432
srv-003,2017-06-20 20:00:00,34.90885172398432
srv-003,2017-06-20 21:00:00,34.90885172398432
srv-003,2017-06-20 22:00:00,34.90885172398432
srv-003,2017-06-20 23:00:00,34.90885172398432
srv-003,2017-06-21 00:00:00,34.90885172398432
srv-003,2017-06-21 01:00:00,34.90885172398432
srv-003,2017-06-21 02:00:00,34.90885172398432
srv-003,2017-06-21 03:00:00,34.90885172398432
srv-003,2017-06-21 04:00:00,34.90885172398432
srv-003,2017-06-21 05:00:00,34.90885172398432
srv-003,2017-06-21 06:00:00,34.90885172398432
srv-003,2017-06-21 07:00:00,34.90885172398432
srv-003,2017-06-21 08:00:00,34.90885172398432
srv-003,2017-06-21 09:00:00,34.90885172398432
srv-003,2017-06-21 10:00:00,34.90885172398432
srv-003,2017-06-21 11:00:00,34.90885172398432
srv-003,2017-06-21 12:00:00,34.90885172398432
srv-003,2017-06-21 13:00:00,34.90885172398432
srv-003,2017-06-21 14:00:00,34.90885172398432
srv-003,2017-06-21 15:00:00,34.90885172398432
srv-003,2017-06-21 16:00:00,34.90885172398432
srv-003,2017-06-21 17:00:00,34.90885172398432
srv-003,2017-06-21 18:00:00,34.90885172398432
srv-003,2017-06-21 19:00:00,34.90885172398432
srv-003,2017-06-21 20:00:00,34.90885172398432
srv-003,2017-06-21 21:00:00,34.90885172398432
srv-003,2017-06-21 22:00:00,34.90885172398432
srv-003,2017-06-21 23:00:00,34.90885172398432
srv-003,2017-06-22 00:00:00,34.90885172398432
srv-003,2017-06-22 01:00:00,34.90885172398432
srv-003,2017-06-22 02:00:00,34.90885172398432
srv-003,2017-06-22 03:00:00,34.90885172398432
srv-003,2017-06-22 04:00:00,34.90885172398432
srv-003,2017-06-22 05:00:00,34.90885172398432
srv-003,2017-06-22 06:00:00,34.90885172398432
srv-003,2017-06-22 07:00:00,34.90885172398432
srv-003,2017-06-22 08:00:00,34.90885172398432
srv-003,2017-06-22 09:00:00,34.90885172398432
srv-003,2017-06-22 10:00:00,34.90885172398432
srv-003,2017-06-22 11:00:00,34.90885172398432
srv-003,2017-06-22 12:00:00,34.90885172398432
srv-003,2017-06-22 13:00:00,34.90885172398432
srv-003,2017-06-22 14:00:00,34.90885172398432
srv-003,2017-06-22 15:00:00,34.90885172398432
srv-003,2017-06-22 16:00:00,34.90885172398432
srv-003,2017-06-22 17:00:00,34.90885172398432
srv-003,2017-06-22 18:00:00,34.90885172398432
srv-003,2017-06-22 19:00:00,34.90885172398432
srv-003,2017-06-22 20:00:00,34.90885172398432
srv-003,2017-06-22 21:00:00,34.90885172398432
srv-003,2017-06-22 22:00:00,34.90885172398432
srv-003,2017-06-22 23:00:00,34.90885172398432
srv-003,2017-06-23 00:00:00,34.90885172398432
srv-003,2017-06-23 01:00:00,34.90885172398432
srv-003,2017-06-23 02:00:00,34.90885172398432
srv-003,2017-06-23 03:00:00,34.90885172398432
srv-003,2017-06-23 04:00:00,34.90885172398432
srv-003,2017-06-23 05:00:00,34.90885172398432
srv-003,2017-06-23 06:00:00,34.90885172398432
srv-003,2017-06-23 07:00:00,34.90885172398432
srv-003,2017-06-23 08:00:00,34.90885172398432
srv-003,2017-06-23 09:00:00,34.90885172398432
srv-003,2017-06-23 10:00:00,34.90885172398432
srv-003,2017-06-23 11:00:00,34.90885172398432
srv-003,2017-06-23 12:00:00,34.90885172398432
srv-003,2017-06-23 13:00:00,34.90885172398432
srv-003,2017-06-23 14:00:00,34.90885172398432
srv-003,2017-06-23 15:00:00,34.90885172398432
srv-003,2017-06-23 16:00:00,34.90885172398432
srv-003,2017-06-23 17:00:00,34.90885172398432
srv-003,2017-06-23 18:00:00,34.90885172398432
srv-003,2017-06-23 19:00:00,34.90885172398432
srv-003,2017-06-23 20:00:00,34.90885172398432
srv-003,2017-06-23 21:00:00,34.90885172398432
srv-003,2017-06-23 22:00:00,34.90885172398432
srv-003,2017-06-23 23:00:00,34.90885172398432
srv-003,2017-06-24 00:00:00,34.90885172398432
srv-003,2017-06-24 01:00:00,34.90885172398432
srv-003,2017-06-24 02:00:00,34.90885172398432
srv-003,2017-06-24 03:00:00,34.90885172398432
srv-003,2017-06-24 04:00:00,34.90885172398432
srv-003,2017-06-24 05:00:00,34.90885172398432
srv-003,2017-06-24 06:00:00,34.90885172398432
srv-003,2017-06-24 07:00:00,34.90885172398432
srv-003,2017-06-24 08:00:00,34.90885172398432
srv-003,2017-06-24 09:00:00,34.90885172398432
srv-003,2017-06-24 10:00:00,34.90885172398432
srv-003,2017-06-24 11:00:00,34.90885172398432
srv-003,2017-06-24 12:00:00,34.90885172398432
srv-003,2017-06-24 13:00:00,34.90885172398432
srv-003,2017-06-24 14:00:00,34.90885172398432
srv-003,2017-06-24 15:00:00,34.90885172398432
srv-003,2017-06-24 16:00:00,34.90885172398432
srv-003,2017-06-24 17:00:00,34.90885172398432
srv-003,2017-06-24 18:00:00,34.90885172398432
srv-003,2017-06-24 19:00:00,34.90885172398432
srv-003,2017-06-24 20:00:00,34.90885172398432
srv-003,2017-06-24 21:00:00,34.90885172398432
srv-003,2017-06-24 22:00:00,34.90885172398432
srv-003,2017-06-24 23:00:00,34.90885172398432
srv-003,2017-06-25 00:00:00,34.90885172398432
srv-003,2017-06-25 01:00:00,34.90885172398432
srv-003,2017-06-25 02:00:00,34.90885172398432
srv-003,2017-06-25 03:00:00,34.90885172398432
srv-003,2017-06-25 04:00:00,34.90885172398432
srv-003,2017-06-25 05:00:00,34.90885172398432
srv-003,2017-06-25 06:00:00,34.90885172398432
srv-003,2017-06-25 07:00:00,34.90885172398432
srv-003,2017-06-25 08:00:00,34.90885172398432
srv-003,2017-06-25 09:00:00,34.90885172398432
srv-003,2017-06-25 10:00:00,34.90885172398432
srv-003,2017-06-25 11:00:00,34.90885172398432
srv-003,2017-06-25 12:00:00,34.90885172398432
srv-003,2017-06-25 13:00:00,34.90885172398432
srv-003,2017-06-25 14:00:00,34.90885172398432
srv-003,2017-06-25 15:00:00,34.90885172398432
srv-003,2017-06-25 16:00:00,34.90885172398432
srv-003,2017-06-25 17:00:00,34.90885172398432
srv-003,2017-06-25 18:00:00,34.90885172398432
srv-003,2017-06-25 19:00:00,34.90885172398432
srv-003,2017-06-25 20:00:00,34.90885172398432
srv-003,2017-06-25 21:00:00,34.90885172398432
srv-003,2017-06-25 22:00:00,34.90885172398432
srv-003,2017-06-25 23:00:00,34.90885172398432
srv-003,2017-06-26 00:00:00,34.90885172398432
srv-003,2017-06-26 01:00:00,34.90885172398432
srv-003,2017-06-26 02:00:00,34.90885172398432
srv-003,2017-06-26 03:00:00,34.90885172398432
srv-003,2017-06-26 04:00:00,34.90885172398432
srv-003,2017-06-26 05:00:00,34.90885172398432
srv-003,2017-06-26 06:00:00,34.90885172398432
srv-003,2017-06-26 07:00:00,34.90885172398432
srv-003,2017-06-26 08:00:00,34.90885172398432
srv-003,2017-06-26 09:00:00,34.90885172398432
srv-003,2017-06-26 10:00:00,34.90885172398432
srv-003,2017-06-26 11:00:00,34.90885172398432
srv-003,2017-06-26 12:00:00,34.90885172398432
srv-003,2017-06-26 13:00:00,34.90885172398432
srv-003,2017-06-26 14:00:00,34.90885172398432
srv-003,2017-06-26 15:00:00,34.90885172398432
srv-003,2017-06-26 16:00:00,34.90885172398432
srv-003,2017-06-26 17:00:00,34.90885172398432
srv-003,2017-06-26 18:00:00,34.90885172398432
srv-003,2017-06-26 19:00:00,34.90885172398432
srv-003,2017-06-26 20:00:00,34.90885172398432
srv-003,2017-06-26 21:00:00,34.90885172398432
srv-003,2017-06-26 22:00:00,34.90885172398432
srv-003,2017-06-26 23:00:00,34.90885172398432
srv-003,2017-06-27 00:00:00,34.90885172398432
srv-003,2017-06-27 01:00:00,34.90885172398432
srv-003,2017-06-27 02:00:00,34.90885172398432
srv-003,2017-06-27 03:00:00,34.90885172398432
srv-003,2017-06-27 04:00:00,34.90885172398432
srv-003,2017-06-27 05:00:00,34.90885172398432
srv-003,2017-06-27 06:00:00,34.90885172398432
srv-003,2017-06-27 07:00:00,34.90885172398432
srv-003,2017-06-27 08:00:00,34.90885172398432
srv-003,2017-06-27 09:00:00,34.90885172398432
srv-003,2017-06-27 10:00:00,34.90885172398432
srv-003,2017-06-27 11:00:00,34.90885172398432
srv-003,2017-06-27 12:00:00,34.90885172398432
srv-003,2017-06-27 13:00:00,34.90885172398432
srv-003,2017-06-27 14:00:00,34.90885172398432
srv-003,2017-06-27 15:00:00,34.90885172398432
srv-003,2017-06-27 16:00:00,34.90885172398432
srv-003,2017-06-27 17:00:00,34.90885172398432
srv-003,2017-06-27 18:00:00,34.90885172398432
srv-003,2017-06-27 19:00:00,34.90885172398432
srv-003,2017-06-27 20:00:00,34.90885172398432
srv-003,2017-06-27 21:00:00,34.90885172398432
srv-003,2017-06-27 22:00:00,34.90885172398432
srv-003,2017-06-27 23:00:00,34.90885172398432
srv-003,2017-06-28 00:00:00,34.90885172398432
srv-003,2017-06-28 01:00:00,34.90885172398432
srv-003,2017-06-28 02:00:00,34.90885172398432
srv-003,2017-06-28 03:00:00,34.90885172398432
srv-003,2017-06-28 04:00:00,34.90885172398432
srv-003,2017-06-28 05:00:00,34.90885172398432
srv-003,2017-06-28 06:00:00,34.90885172398432
srv-003,2017-06-28 07:00:00,34.90885172398432
srv-003,2017-06-28 08:00:00,34.90885172398432
srv-003,2017-06-28 09:00:00,34.90885172398432
srv-003,2017-06-28 10:00:00,34.90885172398432
srv-003,2017-06-28 11:00:00,34.90885172398432
srv-003,2017-06-28 12:00:00,34.90885172398432
srv-003,2017-06-28 13:00:00,34.90885172398432
srv-003,2017-06-28 14:00:00,34.90885172398432
srv-003,2017-06-28 15:00:00,34.90885172398432
srv-003,2017-06-28 16:00:00,34.90885172398432
srv-003,2017-06-28 17:00:00,34.90885172398432
srv-003,2017-06-28 18:00:00,34.90885172398432
srv-003,2017-06-28 19:00:00,34.90885172398432
srv-003,2017-06-28 20:00:00,34.90885172398432
srv-003,2017-06-28 21:00:00,34.90885172398432
srv-003,2017-06-28 22:00:00,34.90885172398432
srv-003,2017-06-28 23:00:00,34.90885172398432
srv-003,2017-06-29 00:00:00,34.90885172398432
srv-003,2017-06-29 01:00:00,34.90885172398432
srv-003,2017-06-29 02:00:00,34.90885172398432
srv-003,2017-06-29 03:00:00,34.90885172398432
srv-003,2017-06-29 04:00:00,34.90885172398432
srv-003,2017-06-29 05:00:00,34.90885172398432
srv-003,2017-06-29 06:00:00,34.90885172398432
srv-003,2017-06-29 07:00:00,34.90885172398432
srv-003,2017-06-29 08:00:00,34.90885172398432
srv-003,2017-06-29 09:00:00,34.90885172398432
srv-003,2017-06-29 10:00:00,34.90885172398432
srv-003,2017-06-29 11:00:00,34.90885172398432
srv-003,2017-06-29 12:00:00,34.90885172398432
srv-003,2017-06-29 13:00:00,34.90885172398432
srv-003,2017-06-29 14:00:00,34.90885172398432
srv-003,2017-06-29 15:00:00,34.90885172398432
srv-003,2017-06-29 16:00:00,34.90885172398432
srv-003,2017-06-29 17:00:00,34.90885172398432
srv-003,2017-06-29 18:00:00,34.90885172398432
srv-003,2017-06-29 19:00:00,34.90885172398432
srv-003,2017-06-29 20:00:00,34.90885172398432
srv-003,2017-06-29 21:00:00,34.90885172398432
srv-003,2017-06-29 22:00:00,34.90885172398432
srv-003,2017-06-29 23:00:00,34.90885172398432
srv-003,2017-06-30 00:00:00,34.90885172398432
srv-003,2017-06-30 01:00:00,34.90885172398432
srv-003,2017-06-30 02:00:00,34.90885172398432
srv-003,2017-06-30 03:00:00,34.90885172398432
srv-003,2017-06-30 04:00:00,34.90885172398432
srv-003,2017-06-30 05:00:00,34.90885172398432
srv-003,2017-06-30 06:00:00,34.90885172398432
srv-003,2017-06-30 07:00:00,34.90885172398432
srv-003,2017-06-30 08:00:00,34.90885172398432
srv-003,2017-06-30 09:00:00,34.90885172398432
srv-003,2017-06-30 10:00:00,34.90885172398432
srv-003,2017-06-30 11:00:00,34.90885172398432
srv-003,2017-06-30 12:00:00,34.90885172398432
srv-003,2017-06-30 13:00:00,34.90885172398432
srv-003,2017-06-30 14:00:00,34.90885172398432
srv-003,2017-06-30 15:00:00,34.90885172398432
srv-003,2017-06-30 16:00:00,34.90885172398432
srv-003,2017-06-30 17:00:00,34.90885172398432
srv-003,2017-06-30 18:00:00,34.90885172398432
srv-003,2017-06-30 19:00:00,34.90885172398432
srv-003,2017-06-30 20:00:00,34.90885172398432
srv-003,2017-06-30 21:00:00,34.90885172398432
srv-003,2017-06-30 22:00:00,34.90885172398432
srv-003,2017-06-30 23:00:00,34.90885172398432
srv-004,2017-06-01 23:00:00,61.32034303018513
srv-004,2017-06-02 00:00:00,62.71072322354428
srv-004,2017-06-02 01:00:00,63.5756286946781
srv-004,2017-06-02 02:00:00,64.11365525573686
srv-004,2017-06-02 03:00:00,64.44834221294298
srv-004,2017-06-02 04:00:00,64.6565389218628
srv-004,2017-06-02 05:00:00,64.78605060037843
srv-004,2017-06-02 06:00:00,64.86661515377102
srv-004,2017-06-02 07:00:00,64.91673146249113
srv-004,2017-06-02 08:00:00,64.94790701419424
srv-004,2017-06-02 09:00:00,64.96730020273536
srv-004,2017-06-02 10:00:00,64.9793640072631
srv-004,2017-06-02 11:00:00,64.98686846581953
srv-004,2017-06-02 12:00:00,64.99153671936222
srv-004,2017-06-02 13:00:00,64.99444067185594
srv-004,2017-06-02 14:00:00,64.99624711617363
srv-004,2017-06-02 15:00:00,64.99737084016016
srv-004,2017-06-02 16:00:00,64.9980698684034
srv-004,2017-06-02 17:00:00,64.99850470871178
srv-004,2017-06-02 18:00:00,64.99877520721542
srv-004,2017-06-02 19:00:00,64.99894347459787
srv-004,2017-06-02 20:00:00,64.99904814767964
srv-004,2017-06-02 21:00:00,64.99911326103607
srv-004,2017-06-02 22:00:00,64.99915376571134
srv-004,2017-06-02 23:00:00,64.99917896221184
srv-004,2017-06-03 00:00:00,64.99919463604785
srv-004,2017-06-03 01:00:00,64.99920438617704
srv-004,2017-06-03 02:00:00,64.99921045138146
srv-004,2017-06-03 03:00:00,64.9992142243268
srv-004,2017-06-03 04:00:00,64.9992165713403
srv-004,2017-06-03 05:00:00,64.99921803133292
srv-004,2017-06-03 06:00:00,64.99921893954176
srv-004,2017-06-03 07:00:00,64.99921950450579
srv-004,2017-06-03 08:00:00,64.99921985594959
srv-004,2017-06-03 09:00:00,64.99922007457012
srv-004,2017-06-03 10:00:00,64.99922021056608
srv-004,2017-06-03 11:00:00,64.99922029516428
srv-004,2017-06-03 12:00:00,64.99922034778976
srv-004,2017-06-03 13:00:00,64.99922038052618
srv-004,2017-06-03 14:00:00,64.99922040089034
srv-004,2017-06-03 15:00:00,64.99922041355815
srv-004,2017-06-03 16:00:00,64.99922042143832
srv-004,2017-06-03 17:00:00,64.99922042634032
srv-004,2017-06-03 18:00:00,64.99922042938965
srv-004,2017-06-03 19:00:00,64.99922043128655
srv-004,2017-06-03 20:00:00,64.99922043246653
srv-004,2017-06-03 21:00:00,64.99922043320055
srv-004,2017-06-03 22:00:00,64.99922043365717
srv-004,2017-06-03 23:00:00,64.9992204339412
srv-004,2017-06-04 00:00:00,64.9992204341179
srv-004,2017-06-04 01:00:00,64.99922043422781
srv-004,2017-06-04 02:00:00,64.99922043429619
srv-004,2017-06-04 03:00:00,64.99922043433872
srv-004,2017-06-04 04:00:00,64.99922043436518
srv-004,2017-06-04 05:00:00,64.99922043438164
srv-004,2017-06-04 06:00:00,64.99922043439187
srv-004,2017-06-04 07:00:00,64.99922043439824
srv-004,2017-06-04 08:00:00,64.9992204344022
srv-004,2017-06-04 09:00:00,64.99922043440468
srv-004,2017-06-04 10:00:00,64.9992204344062
srv-004,2017-06-04 11:00:00,64.99922043440716
srv-004,2017-06-04 12:00:00,64.99922043440775
srv-004,2017-06-04 13:00:00,64.99922043440812
srv-004,2017-06-04 14:00:00,64.99922043440834
srv-004,2017-06-04 15:00:00,64.99922043440849
srv-004,2017-06-04 16:00:00,64.99922043440858
srv-004,2017-06-04 17:00:00,64.99922043440864
srv-004,2017-06-04 18:00:00,64.99922043440867
srv-004,2017-06-04 19:00:00,64.9992204344087
srv-004,2017-06-04 20:00:00,64.9992204344087
srv-004,2017-06-04 21:00:00,64.99922043440871
srv-004,2017-06-04 22:00:00,64.99922043440871
srv-004,2017-06-04 23:00:00,64.99922043440873
srv-004,2017-06-05 00:00:00,64.99922043440873
srv-004,2017-06-05 01:00:00,64.99922043440873
srv-004,2017-06-05 02:00:00,64.99922043440873
srv-004,2017-06-05 03:00:00,64.99922043440873
srv-004,2017-06-05 04:00:00,64.99922043440873
srv-004,2017-06-05 05:00:00,64.99922043440873
srv-004,2017-06-05 06:00:00,64.99922043440873
srv-004,2017-06-05 07:00:00,64.99922043440873
srv-004,2017-06-05 08:00:00,64.99922043440873
srv-004,2017-06-05 09:00:00,64.99922043440873
srv-004,2017-06-05 10:00:00,64.99922043440873
srv-004,2017-06-05 11:00:00,64.99922043440873
srv-004,2017-06-05 12:00:00,64.99922043440873
srv-004,2017-06-05 13:00:00,64.99922043440873
srv-004,2017-06-05 14:00:00,64.99922043440873
srv-004,2017-06-05 15:00:00,64.99922043440873
srv-004,2017-06-05 16:00:00,64.99922043440873
srv-004,2017-06-05 17:00:00,64.99922043440873
srv-004,2017-06-05 18:00:00,64.99922043440873
srv-004,2017-06-05 19:00:00,64.99922043440873
srv-004,2017-06-05 20:00:00,64.99922043440873
srv-004,2017-06-05 21:00:00,64.99922043440873
srv-004,2017-06-05 22:00:00,64.99922043440873
srv-004,2017-06-05 23:00:00,64.99922043440873
srv-004,2017-06-06 00:00:00,64.99922043440873
srv-004,2017-06-06 01:00:00,64.99922043440873
srv-004,2017-06-06 02:00:00,64.99922043440873
srv-004,2017-06-06 03:00:00,64.99922043440873
srv-004,2017-06-06 04:00:00,64.99922043440873
srv-004,2017-06-06 05:00:00,64.99922043440873
srv-004,2017-06-06 06:00:00,64.99922043440873
srv-004,2017-06-06 07:00:00,64.99922043440873
srv-004,2017-06-06 08:00:00,64.99922043440873
srv-004,2017-06-06 09:00:00,64.99922043440873
srv-004,2017-06-06 10:00:00,64.99922043440873
srv-004,2017-06-06 11:00:00,64.99922043440873
srv-004,2017-06-06 12:00:00,64.99922043440873
srv-004,2017-06-06 13:00:00,64.99922043440873
srv-004,2017-06-06 14:00:00,64.99922043440873
srv-004,2017-06-06 15:00:00,64.99922043440873
srv-004,2017-06-06 16:00:00,64.99922043440873
srv-004,2017-06-06 17:00:00,64.99922043440873
srv-004,2017-06-06 18:00:00,64.99922043440873
srv-004,2017-06-06 19:00:00,64.99922043440873
srv-004,2017-06-06 20:00:00,64.99922043440873
srv-004,2017-06-06 21:00:00,64.99922043440873
srv-004,2017-06-06 22:00:00,64.99922043440873
srv-004,2017-06-06 23:00:00,64.99922043440873
srv-004,2017-06-07 00:00:00,64.99922043440873
srv-004,2017-06-07 01:00:00,64.99922043440873
srv-004,2017-06-07 02:00:00,64.99922043440873
srv-004,2017-06-07 03:00:00,64.99922043440873
srv-004,2017-06-07 04:00:00,64.99922043440873
srv-004,2017-06-07 05:00:00,64.99922043440873
srv-004,2017-06-07 06:00:00,64.99922043440873
srv-004,2017-06-07 07:00:00,64.99922043440873
srv-004,2017-06-07 08:00:00,64.99922043440873
srv-004,2017-06-07 09:00:00,64.99922043440873
srv-004,2017-06-07 10:00:00,64.99922043440873
srv-004,2017-06-07 11:00:00,64.99922043440873
srv-004,2017-06-07 12:00:00,64.99922043440873
srv-004,2017-06-07 13:00:00,64.99922043440873
srv-004,2017-06-07 14:00:00,64.99922043440873
srv-004,2017-06-07 15:00:00,64.99922043440873
srv-004,2017-06-07 16:00:00,64.99922043440873
srv-004,2017-06-07 17:00:00,64.99922043440873
srv-004,2017-06-07 18:00:00,64.99922043440873
srv-004,2017-06-07 19:00:00,64.99922043440873
srv-004,2017-06-07 20:00:00,64.99922043440873
srv-004,2017-06-07 21:00:00,64.99922043440873
srv-004,2017-06-07 22:00:00,64.99922043440873
srv-004,2017-06-07 23:00:00,64.99922043440873
srv-004,2017-06-08 00:00:00,64.99922043440873
srv-004,2017-06-08 01:00:00,64.99922043440873
srv-004,2017-06-08 02:00:00,64.99922043440873
srv-004,2017-06-08 03:00:00,64.99922043440873
srv-004,2017-06-08 04:00:00,64.99922043440873
srv-004,2017-06-08 05:00:00,64.99922043440873
srv-004,2017-06-08 06:00:00,64.99922043440873
srv-004,2017-06-08 07:00:00,64.99922043440873
srv-004,2017-06-08 08:00:00,64.99922043440873
srv-004,2017-06-08 09:00:00,64.99922043440873
srv-004,2017-06-08 10:00:00,64.99922043440873
srv-004,2017-06-08 11:00:00,64.99922043440873
srv-004,2017-06-08 12:00:00,64.99922043440873
srv-004,2017-06-08 13:00:00,64.99922043440873
srv-004,2017-06-08 14:00:00,64.99922043440873
srv-004,2017-06-08 15:00:00,64.99922043440873
srv-004,2017-06-08 16:00:00,64.99922043440873
srv-004,2017-06-08 17:00:00,64.99922043440873
srv-004,2017-06-08 18:00:00,64.99922043440873
srv-004,2017-06-08 19:00:00,64.99922043440873
srv-004,2017-06-08 20:00:00,64.99922043440873
srv-004,2017-06-08 21:00:00,64.99922043440873
srv-004,2017-06-08 22:00:00,64.99922043440873
srv-004,2017-06-08 23:00:00,64.99922043440873
srv-004,2017-06-09 00:00:00,64.99922043440873
srv-004,2017-06-09 01:00:00,64.99922043440873
srv-004,2017-06-09 02:00:00,64.99922043440873
srv-004,2017-06-09 03:00:00,64.99922043440873
srv-004,2017-06-09 04:00:00,64.99922043440873
srv-004,2017-06-09 05:00:00,64.99922043440873
srv-004,2017-06-09 06:00:00,64.99922043440873
srv-004,2017-06-09 07:00:00,64.99922043440873
srv-004,2017-06-09 08:00:00,64.99922043440873
srv-004,2017-06-09 09:00:00,64.99922043440873
srv-004,2017-06-09 10:00:00,64.99922043440873
srv-004,2017-06-09 11:00:00,64.99922043440873
srv-004,2017-06-09 12:00:00,64.99922043440873
srv-004,2017-06-09 13:00:00,64.99922043440873
srv-004,2017-06-09 14:00:00,64.99922043440873
srv-004,2017-06-09 15:00:00,64.99922043440873
srv-004,2017-06-09 16:00:00,64.99922043440873
srv-004,2017-06-09 17:00:00,64.99922043440873
srv-004,2017-06-09 18:00:00,64.99922043440873
srv-004,2017-06-09 19:00:00,64.99922043440873
srv-004,2017-06-09 20:00:00,64.99922043440873
srv-004,2017-06-09 21:00:00,64.99922043440873
srv-004,2017-06-09 22:00:00,64.99922043440873
srv-004,2017-06-09 23:00:00,64.99922043440873
srv-004,2017-06-10 00:00:00,64.99922043440873
srv-004,2017-06-10 01:00:00,64.99922043440873
srv-004,2017-06-10 02:00:00,64.99922043440873
srv-004,2017-06-10 03:00:00,64.99922043440873
srv-004,2017-06-10 04:00:00,64.99922043440873
srv-004,2017-06-10 05:00:00,64.99922043440873
srv-004,2017-06-10 06:00:00,64.99922043440873
srv-004,2017-06-10 07:00:00,64.99922043440873
srv-004,2017-06-10 08:00:00,64.99922043440873
srv-004,2017-06-10 09:00:00,64.99922043440873
srv-004,2017-06-10 10:00:00,64.99922043440873
srv-004,2017-06-10 11:00:00,64.99922043440873
srv-004,2017-06-10 12:00:00,64.99922043440873
srv-004,2017-06-10 13:00:00,64.99922043440873
srv-004,2017-06-10 14:00:00,64.99922043440873
srv-004,2017-06-10 15:00:00,64.99922043440873
srv-004,2017-06-10 16:00:00,64.99922043440873
srv-004,2017-06-10 17:00:00,64.99922043440873
srv-004,2017-06-10 18:00:00,64.99922043440873
srv-004,2017-06-10 19:00:00,64.99922043440873
srv-004,2017-06-10 20:00:00,64.99922043440873
srv-004,2017-06-10 21:00:00,64.99922043440873
srv-004,2017-06-10 22:00:00,64.99922043440873
srv-004,2017-06-10 23:00:00,64.99922043440873
srv-004,2017-06-11 00:00:00,64.99922043440873
srv-004,2017-06-11 01:00:00,64.99922043440873
srv-004,2017-06-11 02:00:00,64.99922043440873
srv-004,2017-06-11 03:00:00,64.99922043440873
srv-004,2017-06-11 04:00:00,64.99922043440873
srv-004,2017-06-11 05:00:00,64.99922043440873
srv-004,2017-06-11 06:00:00,64.99922043440873
srv-004,2017-06-11 07:00:00,64.99922043440873
srv-004,2017-06-11 08:00:00,64.99922043440873
srv-004,2017-06-11 09:00:00,64.99922043440873
srv-004,2017-06-11 10:00:00,64.99922043440873
srv-004,2017-06-11 11:00:00,64.99922043440873
srv-004,2017-06-11 12:00:00,64.99922043440873
srv-004,2017-06-11 13:00:00,64.99922043440873
srv-004,2017-06-11 14:00:00,64.99922043440873
srv-004,2017-06-11 15:00:00,64.99922043440873
srv-004,2017-06-11 16:00:00,64.99922043440873
srv-004,2017-06-11 17:00:00,64.99922043440873
srv-004,2017-06-11 18:00:00,64.99922043440873
srv-004,2017-06-11 19:00:00,64.99922043440873
srv-004,2017-06-11 20:00:00,64.99922043440873
srv-004,2017-06-11 21:00:00,64.99922043440873
srv-004,2017-06-11 22:00:00,64.99922043440873
srv-004,2017-06-11 23:00:00,64.99922043440873
srv-004,2017-06-12 00:00:00,64.99922043440873
srv-004,2017-06-12 01:00:00,64.99922043440873
srv-004,2017-06-12 02:00:00,64.99922043440873
srv-004,2017-06-12 03:00:00,64.99922043440873
srv-004,2017-06-12 04:00:00,64.99922043440873
srv-004,2017-06-12 05:00:00,64.99922043440873
srv-004,2017-06-12 06:00:00,64.99922043440873
srv-004,2017-06-12 07:00:00,64.99922043440873
srv-004,2017-06-12 08:00:00,64.99922043440873
srv-004,2017-06-12 09:00:00,64.99922043440873
srv-004,2017-06-12 10:00:00,64.99922043440873
srv-004,2017-06-12 11:00:00,64.99922043440873
srv-004,2017-06-12 12:00:00,64.99922043440873
srv-004,2017-06-12 13:00:00,64.99922043440873
srv-004,2017-06-12 14:00:00,64.99922043440873
srv-004,2017-06-12 15:00:00,64.99922043440873
srv-004,2017-06-12 16:00:00,64.99922043440873
srv-004,2017-06-12 17:00:00,64.99922043440873
srv-004,2017-06-12 18:00:00,64.99922043440873
srv-004,2017-06-12 19:00:00,64.99922043440873
srv-004,2017-06-12 20:00:00,64.99922043440873
srv-004,2017-06-12 21:00:00,64.99922043440873
srv-004,2017-06-12 22:00:00,64.99922043440873
srv-004,2017-06-12 23:00:00,64.99922043440873
srv-004,2017-06-13 00:00:00,64.99922043440873
srv-004,2017-06-13 01:00:00,64.99922043440873
srv-004,2017-06-13 02:00:00,64.99922043440873
srv-004,2017-06-13 03:00:00,64.99922043440873
srv-004,2017-06-13 04:00:00,64.99922043440873
srv-004,2017-06-13 05:00:00,64.99922043440873
srv-004,2017-06-13 06:00:00,64.99922043440873
srv-004,2017-06-13 07:00:00,64.99922043440873
srv-004,2017-06-13 08:00:00,64.99922043440873
srv-004,2017-06-13 09:00:00,64.99922043440873
srv-004,2017-06-13 10:00:00,64.99922043440873
srv-004,2017-06-13 11:00:00,64.99922043440873
srv-004,2017-06-13 12:00:00,64.99922043440873
srv-004,2017-06-13 13:00:00,64.99922043440873
srv-004,2017-06-13 14:00:00,64.99922043440873
srv-004,2017-06-13 15:00:00,64.99922043440873
srv-004,2017-06-13 16:00:00,64.99922043440873
srv-004,2017-06-13 17:00:00,64.99922043440873
srv-004,2017-06-13 18:00:00,64.99922043440873
srv-004,2017-06-13 19:00:00,64.99922043440873
srv-004,2017-06-13 20:00:00,64.99922043440873
srv-004,2017-06-13 21:00:00,64.99922043440873
srv-004,2017-06-13 22:00:00,64.99922043440873
srv-004,2017-06-13 23:00:00,64.99922043440873
srv-004,2017-06-14 00:00:00,64.99922043440873
srv-004,2017-06-14 01:00:00,64.99922043440873
srv-004,2017-06-14 02:00:00,64.99922043440873
srv-004,2017-06-14 03:00:00,64.99922043440873
srv-004,2017-06-14 04:00:00,64.99922043440873
srv-004,2017-06-14 05:00:00,64.99922043440873
srv-004,2017-06-14 06:00:00,64.99922043440873
srv-004,2017-06-14 07:00:00,64.99922043440873
srv-004,2017-06-14 08:00:00,64.99922043440873
srv-004,2017-06-14 09:00:00,64.99922043440873
srv-004,2017-06-14 10:00:00,64.99922043440873
srv-004,2017-06-14 11:00:00,64.99922043440873
srv-004,2017-06-14 12:00:00,64.99922043440873
srv-004,2017-06-14 13:00:00,64.99922043440873
srv-004,2017-06-14 14:00:00,64.99922043440873
srv-004,2017-06-14 15:00:00,64.99922043440873
srv-004,2017-06-14 16:00:00,64.99922043440873
srv-004,2017-06-14 17:00:00,64.99922043440873
srv-004,2017-06-14 18:00:00,64.99922043440873
srv-004,2017-06-14 19:00:00,64.99922043440873
srv-004,2017-06-14 20:00:00,64.99922043440873
srv-004,2017-06-14 21:00:00,64.99922043440873
srv-004,2017-06-14 22:00:00,64.99922043440873
srv-004,2017-06-14 23:00:00,64.99922043440873
srv-004,2017-06-15 00:00:00,64.99922043440873
srv-004,2017-06-15 01:00:00,64.99922043440873
srv-004,2017-06-15 02:00:00,64.99922043440873
srv-004,2017-06-15 03:00:00,64.99922043440873
srv-004,2017-06-15 04:00:00,64.99922043440873
srv-004,2017-06-15 05:00:00,64.99922043440873
srv-004,2017-06-15 06:00:00,64.99922043440873
srv-004,2017-06-15 07:00:00,64.99922043440873
srv-004,2017-06-15 08:00:00,64.99922043440873
srv-004,2017-06-15 09:00:00,64.99922043440873
srv-004,2017-06-15 10:00:00,64.99922043440873
srv-004,2017-06-15 11:00:00,64.99922043440873
srv-004,2017-06-15 12:00:00,64.99922043440873
srv-004,2017-06-15 13:00:00,64.99922043440873
srv-004,2017-06-15 14:00:00,64.99922043440873
srv-004,2017-06-15 15:00:00,64.99922043440873
srv-004,2017-06-15 16:00:00,64.99922043440873
srv-004,2017-06-15 17:00:00,64.99922043440873
srv-004,2017-06-15 18:00:00,64.99922043440873
srv-004,2017-06-15 19:00:00,64.99922043440873
srv-004,2017-06-15 20:00:00,64.99922043440873
srv-004,2017-06-15 21:00:00,64.99922043440873
srv-004,2017-06-15 22:00:00,64.99922043440873
srv-004,2017-06-15 23:00:00,64.99922043440873
srv-004,2017-06-16 00:00:00,64.99922043440873
srv-004,2017-06-16 01:00:00,64.99922043440873
srv-004,2017-06-16 02:00:00,64.99922043440873
srv-004,2017-06-16 03:00:00,64.99922043440873
srv-004,2017-06-16 04:00:00,64.99922043440873
srv-004,2017-06-16 05:00:00,64.99922043440873
srv-004,2017-06-16 06:00:00,64.99922043440873
srv-004,2017-06-16 07:00:00,64.99922043440873
srv-004,2017-06-16 08:00:00,64.99922043440873
srv-004,2017-06-16 09:00:00,64.99922043440873
srv-004,2017-06-16 10:00:00,64.99922043440873
srv-004,2017-06-16 11:00:00,64.99922043440873
srv-004,2017-06-16 12:00:00,64.99922043440873
srv-004,2017-06-16 13:00:00,64.99922043440873
srv-004,2017-06-16 14:00:00,64.99922043440873
srv-004,2017-06-16 15:00:00,64.99922043440873
srv-004,2017-06-16 16:00:00,64.99922043440873
srv-004,2017-06-16 17:00:00,64.99922043440873
srv-004,2017-06-16 18:00:00,64.99922043440873
srv-004,2017-06-16 19:00:00,64.99922043440873
srv-004,2017-06-16 20:00:00,64.99922043440873
srv-004,2017-06-16 21:00:00,64.99922043440873
srv-004,2017-06-16 22:00:00,64.99922043440873
srv-004,2017-06-16 23:00:00,64.99922043440873
srv-004,2017-06-17 00:00:00,64.99922043440873
srv-004,2017-06-17 01:00:00,64.99922043440873
srv-004,2017-06-17 02:00:00,64.99922043440873
srv-004,2017-06-17 03:00:00,64.99922043440873
srv-004,2017-06-17 04:00:00,64.99922043440873
srv-004,2017-06-17 05:00:00,64.99922043440873
srv-004,2017-06-17 06:00:00,64.99922043440873
srv-004,2017-06-17 07:00:00,64.99922043440873
srv-004,2017-06-17 08:00:00,64.99922043440873
srv-004,2017-06-17 09:00:00,64.99922043440873
srv-004,2017-06-17 10:00:00,64.99922043440873
srv-004,2017-06-17 11:00:00,64.99922043440873
srv-004,2017-06-17 12:00:00,64.99922043440873
srv-004,2017-06-17 13:00:00,64.99922043440873
srv-004,2017-06-17 14:00:00,64.99922043440873
srv-004,2017-06-17 15:00:00,64.99922043440873
srv-004,2017-06-17 16:00:00,64.99922043440873
srv-004,2017-06-17 17:00:00,64.99922043440873
srv-004,2017-06-17 18:00:00,64.99922043440873
srv-004,2017-06-17 19:00:00,64.99922043440873
srv-004,2017-06-17 20:00:00,64.99922043440873
srv-004,2017-06-17 21:00:00,64.99922043440873
srv-004,2017-06-17 22:00:00,64.99922043440873
srv-004,2017-06-17 23:00:00,64.99922043440873
srv-004,2017-06-18 00:00:00,64.99922043440873
srv-004,2017-06-18 01:00:00,64.99922043440873
srv-004,2017-06-18 02:00:00,64.99922043440873
srv-004,2017-06-18 03:00:00,64.99922043440873
srv-004,2017-06-18 04:00:00,64.99922043440873
srv-004,2017-06-18 05:00:00,64.99922043440873
srv-004,2017-06-18 06:00:00,64.99922043440873
srv-004,2017-06-18 07:00:00,64.99922043440873
srv-004,2017-06-18 08:00:00,64.99922043440873
srv-004,2017-06-18 09:00:00,64.99922043440873
srv-004,2017-06-18 10:00:00,64.99922043440873
srv-004,2017-06-18 11:00:00,64.99922043440873
srv-004,2017-06-18 12:00:00,64.99922043440873
srv-004,2017-06-18 13:00:00,64.99922043440873
srv-004,2017-06-18 14:00:00,64.99922043440873
srv-004,2017-06-18 15:00:00,64.99922043440873
srv-004,2017-06-18 16:00:00,64.99922043440873
srv-004,2017-06-18 17:00:00,64.99922043440873
srv-004,2017-06-18 18:00:00,64.99922043440873
srv-004,2017-06-18 19:00:00,64.99922043440873
srv-004,2017-06-18 20:00:00,64.99922043440873
srv-004,2017-06-18 21:00:00,64.99922043440873
srv-004,2017-06-18 22:00:00,64.99922043440873
srv-004,2017-06-18 23:00:00,64.99922043440873
srv-004,2017-06-19 00:00:00,64.99922043440873
srv-004,2017-06-19 01:00:00,64.99922043440873
srv-004,2017-06-19 02:00:00,64.99922043440873
srv-004,2017-06-19 03:00:00,64.99922043440873
srv-004,2017-06-19 04:00:00,64.99922043440873
srv-004,2017-06-19 05:00:00,64.99922043440873
srv-004,2017-06-19 06:00:00,64.99922043440873
srv-004,2017-06-19 07:00:00,64.99922043440873
srv-004,2017-06-19 08:00:00,64.99922043440873
srv-004,2017-06-19 09:00:00,64.99922043440873
srv-004,2017-06-19 10:00:00,64.99922043440873
srv-004,2017-06-19 11:00:00,64.99922043440873
srv-004,2017-06-19 12:00:00,64.99922043440873
srv-004,2017-06-19 13:00:00,64.99922043440873
srv-004,2017-06-19 14:00:00,64.99922043440873
srv-004,2017-06-19 15:00:00,64.99922043440873
srv-004,2017-06-19 16:00:00,64.99922043440873
srv-004,2017-06-19 17:00:00,64.99922043440873
srv-004,2017-06-19 18:00:00,64.99922043440873
srv-004,2017-06-19 19:00:00,64.99922043440873
srv-004,2017-06-19 20:00:00,64.99922043440873
srv-004,2017-06-19 21:00:00,64.99922043440873
srv-004,2017-06-19 22:00:00,64.99922043440873
srv-004,2017-06-19 23:00:00,64.99922043440873
srv-004,2017-06-20 00:00:00,64.99922043440873
srv-004,2017-06-20 01:00:00,64.99922043440873
srv-004,2017-06-20 02:00:00,64.99922043440873
srv-004,2017-06-20 03:00:00,64.99922043440873
srv-004,2017-06-20 04:00:00,64.99922043440873
srv-004,2017-06-20 05:00:00,64.99922043440873
srv-004,2017-06-20 06:00:00,64.99922043440873
srv-004,2017-06-20 07:00:00,64.99922043440873
srv-004,2017-06-20 08:00:00,64.99922043440873
srv-004,2017-06-20 09:00:00,64.99922043440873
srv-004,2017-06-20 10:00:00,64.99922043440873
srv-004,2017-06-20 11:00:00,64.99922043440873
srv-004,2017-06-20 12:00:00,64.99922043440873
srv-004,2017-06-20 13:00:00,64.99922043440873
srv-004,2017-06-20 14:00:00,64.99922043440873
srv-004,2017-06-20 15:00:00,64.99922043440873
srv-004,2017-06-20 16:00:00,64.99922043440873
srv-004,2017-06-20 17:00:00,64.99922043440873
srv-004,2017-06-20 18:00:00,64.99922043440873
srv-004,2017-06-20 19:00:00,64.99922043440873
srv-004,2017-06-20 20:00:00,64.99922043440873
srv-004,2017-06-20 21:00:00,64.99922043440873
srv-004,2017-06-20 22:00:00,64.99922043440873
srv-004,2017-06-20 23:00:00,64.99922043440873
srv-004,2017-06-21 00:00:00,64.99922043440873
srv-004,2017-06-21 01:00:00,64.99922043440873
srv-004,2017-06-21 02:00:00,64.99922043440873
srv-004,2017-06-21 03:00:00,64.99922043440873
srv-004,2017-06-21 04:00:00,64.99922043440873
srv-004,2017-06-21 05:00:00,64.99922043440873
srv-004,2017-06-21 06:00:00,64.99922043440873
srv-004,2017-06-21 07:00:00,64.99922043440873
srv-004,2017-06-21 08:00:00,64.99922043440873
srv-004,2017-06-21 09:00:00,64.99922043440873
srv-004,2017-06-21 10:00:00,64.99922043440873
srv-004,2017-06-21 11:00:00,64.99922043440873
srv-004,2017-06-21 12:00:00,64.99922043440873
srv-004,2017-06-21 13:00:00,64.99922043440873
srv-004,2017-06-21 14:00:00,64.99922043440873
srv-004,2017-06-21 15:00:00,64.99922043440873
srv-004,2017-06-21 16:00:00,64.99922043440873
srv-004,2017-06-21 17:00:00,64.99922043440873
srv-004,2017-06-21 18:00:00,64.99922043440873
srv-004,2017-06-21 19:00:00,64.99922043440873
srv-004,2017-06-21 20:00:00,64.99922043440873
srv-004,2017-06-21 21:00:00,64.99922043440873
srv-004,2017-06-21 22:00:00,64.99922043440873
srv-004,2017-06-21 23:00:00,64.99922043440873
srv-004,2017-06-22 00:00:00,64.99922043440873
srv-004,2017-06-22 01:00:00,64.99922043440873
srv-004,2017-06-22 02:00:00,64.99922043440873
srv-004,2017-06-22 03:00:00,64.99922043440873
srv-004,2017-06-22 04:00:00,64.99922043440873
srv-004,2017-06-22 05:00:00,64.99922043440873
srv-004,2017-06-22 06:00:00,64.99922043440873
srv-004,2017-06-22 07:00:00,64.99922043440873
srv-004,2017-06-22 08:00:00,64.99922043440873
srv-004,2017-06-22 09:00:00,64.99922043440873
srv-004,2017-06-22 10:00:00,64.99922043440873
srv-004,2017-06-22 11:00:00,64.99922043440873
srv-004,2017-06-22 12:00:00,64.99922043440873
srv-004,2017-06-22 13:00:00,64.99922043440873
srv-004,2017-06-22 14:00:00,64.99922043440873
srv-004,2017-06-22 15:00:00,64.99922043440873
srv-004,2017-06-22 16:00:00,64.99922043440873
srv-004,2017-06-22 17:00:00,64.99922043440873
srv-004,2017-06-22 18:00:00,64.99922043440873
srv-004,2017-06-22 19:00:00,64.99922043440873
srv-004,2017-06-22 20:00:00,64.99922043440873
srv-004,2017-06-22 21:00:00,64.99922043440873
srv-004,2017-06-22 22:00:00,64.99922043440873
srv-004,2017-06-22 23:00:00,64.99922043440873
srv-004,2017-06-23 00:00:00,64.99922043440873
srv-004,2017-06-23 01:00:00,64.99922043440873
srv-004,2017-06-23 02:00:00,64.99922043440873
srv-004,2017-06-23 03:00:00,64.99922043440873
srv-004,2017-06-23 04:00:00,64.99922043440873
srv-004,2017-06-23 05:00:00,64.99922043440873
srv-004,2017-06-23 06:00:00,64.99922043440873
srv-004,2017-06-23 07:00:00,64.99922043440873
srv-004,2017-06-23 08:00:00,64.99922043440873
srv-004,2017-06-23 09:00:00,64.99922043440873
srv-004,2017-06-23 10:00:00,64.99922043440873
srv-004,2017-06-23 11:00:00,64.99922043440873
srv-004,2017-06-23 12:00:00,64.99922043440873
srv-004,2017-06-23 13:00:00,64.99922043440873
srv-004,2017-06-23 14:00:00,64.99922043440873
srv-004,2017-06-23 15:00:00,64.99922043440873
srv-004,2017-06-23 16:00:00,64.99922043440873
srv-004,2017-06-23 17:00:00,64.99922043440873
srv-004,2017-06-23 18:00:00,64.99922043440873
srv-004,2017-06-23 19:00:00,64.99922043440873
srv-004,2017-06-23 20:00:00,64.99922043440873
srv-004,2017-06-23 21:00:00,64.99922043440873
srv-004,2017-06-23 22:00:00,64.99922043440873
srv-004,2017-06-23 23:00:00,64.99922043440873
srv-004,2017-06-24 00:00:00,64.99922043440873
srv-004,2017-06-24 01:00:00,64.99922043440873
srv-004,2017-06-24 02:00:00,64.99922043440873
srv-004,2017-06-24 03:00:00,64.99922043440873
srv-004,2017-06-24 04:00:00,64.99922043440873
srv-004,2017-06-24 05:00:00,64.99922043440873
srv-004,2017-06-24 06:00:00,64.99922043440873
srv-004,2017-06-24 07:00:00,64.99922043440873
srv-004,2017-06-24 08:00:00,64.99922043440873
srv-004,2017-06-24 09:00:00,64.99922043440873
srv-004,2017-06-24 10:00:00,64.99922043440873
srv-004,2017-06-24 11:00:00,64.99922043440873
srv-004,2017-06-24 12:00:00,64.99922043440873
srv-004,2017-06-24 13:00:00,64.99922043440873
srv-004,2017-06-24 14:00:00,64.99922043440873
srv-004,2017-06-24 15:00:00,64.99922043440873
srv-004,2017-06-24 16:00:00,64.99922043440873
srv-004,2017-06-24 17:00:00,64.99922043440873
srv-004,2017-06-24 18:00:00,64.99922043440873
srv-004,2017-06-24 19:00:00,64.99922043440873
srv-004,2017-06-24 20:00:00,64.99922043440873
srv-004,2017-06-24 21:00:00,64.99922043440873
srv-004,2017-06-24 22:00:00,64.99922043440873
srv-004,2017-06-24 23:00:00,64.99922043440873
srv-004,2017-06-25 00:00:00,64.99922043440873
srv-004,2017-06-25 01:00:00,64.99922043440873
srv-004,2017-06-25 02:00:00,64.99922043440873
srv-004,2017-06-25 03:00:00,64.99922043440873
srv-004,2017-06-25 04:00:00,64.99922043440873
srv-004,2017-06-25 05:00:00,64.99922043440873
srv-004,2017-06-25 06:00:00,64.99922043440873
srv-004,2017-06-25 07:00:00,64.99922043440873
srv-004,2017-06-25 08:00:00,64.99922043440873
srv-004,2017-06-25 09:00:00,64.99922043440873
srv-004,2017-06-25 10:00:00,64.99922043440873
srv-004,2017-06-25 11:00:00,64.99922043440873
srv-004,2017-06-25 12:00:00,64.99922043440873
srv-004,2017-06-25 13:00:00,64.99922043440873
srv-004,2017-06-25 14:00:00,64.99922043440873
srv-004,2017-06-25 15:00:00,64.99922043440873
srv-004,2017-06-25 16:00:00,64.99922043440873
srv-004,2017-06-25 17:00:00,64.99922043440873
srv-004,2017-06-25 18:00:00,64.99922043440873
srv-004,2017-06-25 19:00:00,64.99922043440873
srv-004,2017-06-25 20:00:00,64.99922043440873
srv-004,2017-06-25 21:00:00,64.99922043440873
srv-004,2017-06-25 22:00:00,64.99922043440873
srv-004,2017-06-25 23:00:00,64.99922043440873
srv-004,2017-06-26 00:00:00,64.99922043440873
srv-004,2017-06-26 01:00:00,64.99922043440873
srv-004,2017-06-26 02:00:00,64.99922043440873
srv-004,2017-06-26 03:00:00,64.99922043440873
srv-004,2017-06-26 04:00:00,64.99922043440873
srv-004,2017-06-26 05:00:00,64.99922043440873
srv-004,2017-06-26 06:00:00,64.99922043440873
srv-004,2017-06-26 07:00:00,64.99922043440873
srv-004,2017-06-26 08:00:00,64.99922043440873
srv-004,2017-06-26 09:00:00,64.99922043440873
srv-004,2017-06-26 10:00:00,64.99922043440873
srv-004,2017-06-26 11:00:00,64.99922043440873
srv-004,2017-06-26 12:00:00,64.99922043440873
srv-004,2017-06-26 13:00:00,64.99922043440873
srv-004,2017-06-26 14:00:00,64.99922043440873
srv-004,2017-06-26 15:00:00,64.99922043440873
srv-004,2017-06-26 16:00:00,64.99922043440873
srv-004,2017-06-26 17:00:00,64.99922043440873
srv-004,2017-06-26 18:00:00,64.99922043440873
srv-004,2017-06-26 19:00:00,64.99922043440873
srv-004,2017-06-26 20:00:00,64.99922043440873
srv-004,2017-06-26 21:00:00,64.99922043440873
srv-004,2017-06-26 22:00:00,64.99922043440873
srv-004,2017-06-26 23:00:00,64.99922043440873
srv-004,2017-06-27 00:00:00,64.99922043440873
srv-004,2017-06-27 01:00:00,64.99922043440873
srv-004,2017-06-27 02:00:00,64.99922043440873
srv-004,2017-06-27 03:00:00,64.99922043440873
srv-004,2017-06-27 04:00:00,64.99922043440873
srv-004,2017-06-27 05:00:00,64.99922043440873
srv-004,2017-06-27 06:00:00,64.99922043440873
srv-004,2017-06-27 07:00:00,64.99922043440873
srv-004,2017-06-27 08:00:00,64.99922043440873
srv-004,2017-06-27 09:00:00,64.99922043440873
srv-004,2017-06-27 10:00:00,64.99922043440873
srv-004,2017-06-27 11:00:00,64.99922043440873
srv-004,2017-06-27 12:00:00,64.99922043440873
srv-004,2017-06-27 13:00:00,64.99922043440873
srv-004,2017-06-27 14:00:00,64.99922043440873
srv-004,2017-06-27 15:00:00,64.99922043440873
srv-004,2017-06-27 16:00:00,64.99922043440873
srv-004,2017-06-27 17:00:00,64.99922043440873
srv-004,2017-06-27 18:00:00,64.99922043440873
srv-004,2017-06-27 19:00:00,64.99922043440873
srv-004,2017-06-27 20:00:00,64.99922043440873
srv-004,2017-06-27 21:00:00,64.99922043440873
srv-004,2017-06-27 22:00:00,64.99922043440873
srv-004,2017-06-27 23:00:00,64.99922043440873
srv-004,2017-06-28 00:00:00,64.99922043440873
srv-004,2017-06-28 01:00:00,64.99922043440873
srv-004,2017-06-28 02:00:00,64.99922043440873
srv-004,2017-06-28 03:00:00,64.99922043440873
srv-004,2017-06-28 04:00:00,64.99922043440873
srv-004,2017-06-28 05:00:00,64.99922043440873
srv-004,2017-06-28 06:00:00,64.99922043440873
srv-004,2017-06-28 07:00:00,64.99922043440873
srv-004,2017-06-28 08:00:00,64.99922043440873
srv-004,2017-06-28 09:00:00,64.99922043440873
srv-004,2017-06-28 10:00:00,64.99922043440873
srv-004,2017-06-28 11:00:00,64.99922043440873
srv-004,2017-06-28 12:00:00,64.99922043440873
srv-004,2017-06-28 13:00:00,64.99922043440873
srv-004,2017-06-28 14:00:00,64.99922043440873
srv-004,2017-06-28 15:00:00,64.99922043440873
srv-004,2017-06-28 16:00:00,64.99922043440873
srv-004,2017-06-28 17:00:00,64.99922043440873
srv-004,2017-06-28 18:00:00,64.99922043440873
srv-004,2017-06-28 19:00:00,64.99922043440873
srv-004,2017-06-28 20:00:00,64.99922043440873
srv-004,2017-06-28 21:00:00,64.99922043440873
srv-004,2017-06-28 22:00:00,64.99922043440873
srv-004,2017-06-28 23:00:00,64.99922043440873
srv-004,2017-06-29 00:00:00,64.99922043440873
srv-004,2017-06-29 01:00:00,64.99922043440873
srv-004,2017-06-29 02:00:00,64.99922043440873
srv-004,2017-06-29 03:00:00,64.99922043440873
srv-004,2017-06-29 04:00:00,64.99922043440873
srv-004,2017-06-29 05:00:00,64.99922043440873
srv-004,2017-06-29 06:00:00,64.99922043440873
srv-004,2017-06-29 07:00:00,64.99922043440873
srv-004,2017-06-29 08:00:00,64.99922043440873
srv-004,2017-06-29 09:00:00,64.99922043440873
srv-004,2017-06-29 10:00:00,64.99922043440873
srv-004,2017-06-29 11:00:00,64.99922043440873
srv-004,2017-06-29 12:00:00,64.99922043440873
srv-004,2017-06-29 13:00:00,64.99922043440873
srv-004,2017-06-29 14:00:00,64.99922043440873
srv-004,2017-06-29 15:00:00,64.99922043440873
srv-004,2017-06-29 16:00:00,64.99922043440873
srv-004,2017-06-29 17:00:00,64.99922043440873
srv-004,2017-06-29 18:00:00,64.99922043440873
srv-004,2017-06-29 19:00:00,64.99922043440873
srv-004,2017-06-29 20:00:00,64.99922043440873
srv-004,2017-06-29 21:00:00,64.99922043440873
srv-004,2017-06-29 22:00:00,64.99922043440873
srv-004,2017-06-29 23:00:00,64.99922043440873
srv-004,2017-06-30 00:00:00,64.99922043440873
srv-004,2017-06-30 01:00:00,64.99922043440873
srv-004,2017-06-30 02:00:00,64.99922043440873
srv-004,2017-06-30 03:00:00,64.99922043440873
srv-004,2017-06-30 04:00:00,64.99922043440873
srv-004,2017-06-30 05:00:00,64.99922043440873
srv-004,2017-06-30 06:00:00,64.99922043440873
srv-004,2017-06-30 07:00:00,64.99922043440873
srv-004,2017-06-30 08:00:00,64.99922043440873
srv-004,2017-06-30 09:00:00,64.99922043440873
srv-004,2017-06-30 10:00:00,64.99922043440873
srv-004,2017-06-30 11:00:00,64.99922043440873
srv-004,2017-06-30 12:00:00,64.99922043440873
srv-004,2017-06-30 13:00:00,64.99922043440873
srv-004,2017-06-30 14:00:00,64.99922043440873
srv-004,2017-06-30 15:00:00,64.99922043440873
srv-004,2017-06-30 16:00:00,64.99922043440873
srv-004,2017-06-30 17:00:00,64.99922043440873
srv-004,2017-06-30 18:00:00,64.99922043440873
srv-004,2017-06-30 19:00:00,64.99922043440873
srv-004,2017-06-30 20:00:00,64.99922043440873
srv-004,2017-06-30 21:00:00,64.99922043440873
srv-004,2017-06-30 22:00:00,64.99922043440873
srv-004,2017-06-30 23:00:00,64.99922043440873
srv-005,2017-06-01 23:00:00,43.89783538664058
srv-005,2017-06-02 00:00:00,43.96995638499364
srv-005,2017-06-02 01:00:00,44.01064494971841
srv-005,2017-06-02 02:00:00,44.03360025174096
srv-005,2017-06-02 03:00:00,44.04655096392534
srv-005,2017-06-02 04:00:00,44.0538573781872
srv-005,2017-06-02 05:00:00,44.05797944410959
srv-005,2017-06-02 06:00:00,44.06030499353227
srv-005,2017-06-02 07:00:00,44.06161700071972
srv-005,2017-06-02 08:00:00,44.06235719692589
srv-005,2017-06-02 09:00:00,44.06277479404644
srv-005,2017-06-02 10:00:00,44.06301039016763
srv-005,2017-06-02 11:00:00,44.06314330663087
srv-005,2017-06-02 12:00:00,44.06321829422451
srv-005,2017-06-02 13:00:00,44.063260600038724
srv-005,2017-06-02 14:00:00,44.06328446774576
srv-005,2017-06-02 15:00:00,44.06329793321025
srv-005,2017-06-02 16:00:00,44.06330553003276
srv-005,2017-06-02 17:00:00,44.063309815938545
srv-005,2017-06-02 18:00:00,44.06331223392164
srv-005,2017-06-02 19:00:00,44.063313598077215
srv-005,2017-06-02 20:00:00,44.06331436769402
srv-005,2017-06-02 21:00:00,44.06331480188938
srv-005,2017-06-02 22:00:00,44.06331504684975
srv-005,2017-06-02 23:00:00,44.06331518504925
srv-005,2017-06-03 00:00:00,44.06331526301737
srv-005,2017-06-03 01:00:00,44.063315307004714
srv-005,2017-06-03 02:00:00,44.063315331821094
srv-005,2017-06-03 03:00:00,44.06331534582177
srv-005,2017-06-03 04:00:00,44.06331535372055
srv-005,2017-06-03 05:00:00,44.06331535817681
srv-005,2017-06-03 06:00:00,44.0633153606909
srv-005,2017-06-03 07:00:00,44.06331536210928
srv-005,2017-06-03 08:00:00,44.063315362909485
srv-005,2017-06-03 09:00:00,44.063315363360935
srv-005,2017-06-03 10:00:00,44.06331536361563
srv-005,2017-06-03 11:00:00,44.06331536375932
srv-005,2017-06-03 12:00:00,44.06331536384039
srv-005,2017-06-03 13:00:00,44.063315363886126
srv-005,2017-06-03 14:00:00,44.063315363911926
srv-005,2017-06-03 15:00:00,44.063315363926485
srv-005,2017-06-03 16:00:00,44.0633153639347
srv-005,2017-06-03 17:00:00,44.06331536393933
srv-005,2017-06-03 18:00:00,44.063315363941946
srv-005,2017-06-03 19:00:00,44.063315363943424
srv-005,2017-06-03 20:00:00,44.063315363944255
srv-005,2017-06-03 21:00:00,44.063315363944724
srv-005,2017-06-03 22:00:00,44.06331536394499
srv-005,2017-06-03 23:00:00,44.06331536394514
srv-005,2017-06-04 00:00:00,44.06331536394522
srv-005,2017-06-04 01:00:00,44.06331536394527
srv-005,2017-06-04 02:00:00,44.0633153639453
srv-005,2017-06-04 03:00:00,44.063315363945314
srv-005,2017-06-04 04:00:00,44.06331536394532
srv-005,2017-06-04 05:00:00,44.06331536394533
srv-005,2017-06-04 06:00:00,44.06331536394533
srv-005,2017-06-04 07:00:00,44.06331536394533
srv-005,2017-06-04 08:00:00,44.06331536394533
srv-005,2017-06-04 09:00:00,44.06331536394533
srv-005,2017-06-04 10:00:00,44.06331536394533
srv-005,2017-06-04 11:00:00,44.06331536394533
srv-005,2017-06-04 12:00:00,44.06331536394533
srv-005,2017-06-04 13:00:00,44.06331536394533
srv-005,2017-06-04 14:00:00,44.06331536394533
srv-005,2017-06-04 15:00:00,44.06331536394533
srv-005,2017-06-04 16:00:00,44.06331536394533
srv-005,2017-06-04 17:00:00,44.06331536394533
srv-005,2017-06-04 18:00:00,44.06331536394533
srv-005,2017-06-04 19:00:00,44.06331536394533
srv-005,2017-06-04 20:00:00,44.06331536394533
srv-005,2017-06-04 21:00:00,44.06331536394533
srv-005,2017-06-04 22:00:00,44.06331536394533
srv-005,2017-06-04 23:00:00,44.06331536394533
srv-005,2017-06-05 00:00:00,44.06331536394533
srv-005,2017-06-05 01:00:00,44.06331536394533
srv-005,2017-06-05 02:00:00,44.06331536394533
srv-005,2017-06-05 03:00:00,44.06331536394533
srv-005,2017-06-05 04:00:00,44.06331536394533
srv-005,2017-06-05 05:00:00,44.06331536394533
srv-005,2017-06-05 06:00:00,44.06331536394533
srv-005,2017-06-05 07:00:00,44.06331536394533
srv-005,2017-06-05 08:00:00,44.06331536394533
srv-005,2017-06-05 09:00:00,44.06331536394533
srv-005,2017-06-05 10:00:00,44.06331536394533
srv-005,2017-06-05 11:00:00,44.06331536394533
srv-005,2017-06-05 12:00:00,44.06331536394533
srv-005,2017-06-05 13:00:00,44.06331536394533
srv-005,2017-06-05 14:00:00,44.06331536394533
srv-005,2017-06-05 15:00:00,44.06331536394533
srv-005,2017-06-05 16:00:00,44.06331536394533
srv-005,2017-06-05 17:00:00,44.06331536394533
srv-005,2017-06-05 18:00:00,44.06331536394533
srv-005,2017-06-05 19:00:00,44.06331536394533
srv-005,2017-06-05 20:00:00,44.06331536394533
srv-005,2017-06-05 21:00:00,44.06331536394533
srv-005,2017-06-05 22:00:00,44.06331536394533
srv-005,2017-06-05 23:00:00,44.06331536394533
srv-005,2017-06-06 00:00:00,44.06331536394533
srv-005,2017-06-06 01:00:00,44.06331536394533
srv-005,2017-06-06 02:00:00,44.06331536394533
srv-005,2017-06-06 03:00:00,44.06331536394533
srv-005,2017-06-06 04:00:00,44.06331536394533
srv-005,2017-06-06 05:00:00,44.06331536394533
srv-005,2017-06-06 06:00:00,44.06331536394533
srv-005,2017-06-06 07:00:00,44.06331536394533
srv-005,2017-06-06 08:00:00,44.06331536394533
srv-005,2017-06-06 09:00:00,44.06331536394533
srv-005,2017-06-06 10:00:00,44.06331536394533
srv-005,2017-06-06 11:00:00,44.06331536394533
srv-005,2017-06-06 12:00:00,44.06331536394533
srv-005,2017-06-06 13:00:00,44.06331536394533
srv-005,2017-06-06 14:00:00,44.06331536394533
srv-005,2017-06-06 15:00:00,44.06331536394533
srv-005,2017-06-06 16:00:00,44.06331536394533
srv-005,2017-06-06 17:00:00,44.06331536394533
srv-005,2017-06-06 18:00:00,44.06331536394533
srv-005,2017-06-06 19:00:00,44.06331536394533
srv-005,2017-06-06 20:00:00,44.06331536394533
srv-005,2017-06-06 21:00:00,44.06331536394533
srv-005,2017-06-06 22:00:00,44.06331536394533
srv-005,2017-06-06 23:00:00,44.06331536394533
srv-005,2017-06-07 00:00:00,44.06331536394533
srv-005,2017-06-07 01:00:00,44.06331536394533
srv-005,2017-06-07 02:00:00,44.06331536394533
srv-005,2017-06-07 03:00:00,44.06331536394533
srv-005,2017-06-07 04:00:00,44.06331536394533
srv-005,2017-06-07 05:00:00,44.06331536394533
srv-005,2017-06-07 06:00:00,44.06331536394533
srv-005,2017-06-07 07:00:00,44.06331536394533
srv-005,2017-06-07 08:00:00,44.06331536394533
srv-005,2017-06-07 09:00:00,44.06331536394533
srv-005,2017-06-07 10:00:00,44.06331536394533
srv-005,2017-06-07 11:00:00,44.06331536394533
srv-005,2017-06-07 12:00:00,44.06331536394533
srv-005,2017-06-07 13:00:00,44.06331536394533
srv-005,2017-06-07 14:00:00,44.06331536394533
srv-005,2017-06-07 15:00:00,44.06331536394533
srv-005,2017-06-07 16:00:00,44.06331536394533
srv-005,2017-06-07 17:00:00,44.06331536394533
srv-005,2017-06-07 18:00:00,44.06331536394533
srv-005,2017-06-07 19:00:00,44.06331536394533
srv-005,2017-06-07 20:00:00,44.06331536394533
srv-005,2017-06-07 21:00:00,44.06331536394533
srv-005,2017-06-07 22:00:00,44.06331536394533
srv-005,2017-06-07 23:00:00,44.06331536394533
srv-005,2017-06-08 00:00:00,44.06331536394533
srv-005,2017-06-08 01:00:00,44.06331536394533
srv-005,2017-06-08 02:00:00,44.06331536394533
srv-005,2017-06-08 03:00:00,44.06331536394533
srv-005,2017-06-08 04:00:00,44.06331536394533
srv-005,2017-06-08 05:00:00,44.06331536394533
srv-005,2017-06-08 06:00:00,44.06331536394533
srv-005,2017-06-08 07:00:00,44.06331536394533
srv-005,2017-06-08 08:00:00,44.06331536394533
srv-005,2017-06-08 09:00:00,44.06331536394533
srv-005,2017-06-08 10:00:00,44.06331536394533
srv-005,2017-06-08 11:00:00,44.06331536394533
srv-005,2017-06-08 12:00:00,44.06331536394533
srv-005,2017-06-08 13:00:00,44.06331536394533
srv-005,2017-06-08 14:00:00,44.06331536394533
srv-005,2017-06-08 15:00:00,44.06331536394533
srv-005,2017-06-08 16:00:00,44.06331536394533
srv-005,2017-06-08 17:00:00,44.06331536394533
srv-005,2017-06-08 18:00:00,44.06331536394533
srv-005,2017-06-08 19:00:00,44.06331536394533
srv-005,2017-06-08 20:00:00,44.06331536394533
srv-005,2017-06-08 21:00:00,44.06331536394533
srv-005,2017-06-08 22:00:00,44.06331536394533
srv-005,2017-06-08 23:00:00,44.06331536394533
srv-005,2017-06-09 00:00:00,44.06331536394533
srv-005,2017-06-09 01:00:00,44.06331536394533
srv-005,2017-06-09 02:00:00,44.06331536394533
srv-005,2017-06-09 03:00:00,44.06331536394533
srv-005,2017-06-09 04:00:00,44.06331536394533
srv-005,2017-06-09 05:00:00,44.06331536394533
srv-005,2017-06-09 06:00:00,44.06331536394533
srv-005,2017-06-09 07:00:00,44.06331536394533
srv-005,2017-06-09 08:00:00,44.06331536394533
srv-005,2017-06-09 09:00:00,44.06331536394533
srv-005,2017-06-09 10:00:00,44.06331536394533
srv-005,2017-06-09 11:00:00,44.06331536394533
srv-005,2017-06-09 12:00:00,44.06331536394533
srv-005,2017-06-09 13:00:00,44.06331536394533
srv-005,2017-06-09 14:00:00,44.06331536394533
srv-005,2017-06-09 15:00:00,44.06331536394533
srv-005,2017-06-09 16:00:00,44.06331536394533
srv-005,2017-06-09 17:00:00,44.06331536394533
srv-005,2017-06-09 18:00:00,44.06331536394533
srv-005,2017-06-09 19:00:00,44.06331536394533
srv-005,2017-06-09 20:00:00,44.06331536394533
srv-005,2017-06-09 21:00:00,44.06331536394533
srv-005,2017-06-09 22:00:00,44.06331536394533
srv-005,2017-06-09 23:00:00,44.06331536394533
srv-005,2017-06-10 00:00:00,44.06331536394533
srv-005,2017-06-10 01:00:00,44.06331536394533
srv-005,2017-06-10 02:00:00,44.06331536394533
srv-005,2017-06-10 03:00:00,44.06331536394533
srv-005,2017-06-10 04:00:00,44.06331536394533
srv-005,2017-06-10 05:00:00,44.06331536394533
srv-005,2017-06-10 06:00:00,44.06331536394533
srv-005,2017-06-10 07:00:00,44.06331536394533
srv-005,2017-06-10 08:00:00,44.06331536394533
srv-005,2017-06-10 09:00:00,44.06331536394533
srv-005,2017-06-10 10:00:00,44.06331536394533
srv-005,2017-06-10 11:00:00,44.06331536394533
srv-005,2017-06-10 12:00:00,44.06331536394533
srv-005,2017-06-10 13:00:00,44.06331536394533
srv-005,2017-06-10 14:00:00,44.06331536394533
srv-005,2017-06-10 15:00:00,44.06331536394533
srv-005,2017-06-10 16:00:00,44.06331536394533
srv-005,2017-06-10 17:00:00,44.06331536394533
srv-005,2017-06-10 18:00:00,44.06331536394533
srv-005,2017-06-10 19:00:00,44.06331536394533
srv-005,2017-06-10 20:00:00,44.06331536394533
srv-005,2017-06-10 21:00:00,44.06331536394533
srv-005,2017-06-10 22:00:00,44.06331536394533
srv-005,2017-06-10 23:00:00,44.06331536394533
srv-005,2017-06-11 00:00:00,44.06331536394533
srv-005,2017-06-11 01:00:00,44.06331536394533
srv-005,2017-06-11 02:00:00,44.06331536394533
srv-005,2017-06-11 03:00:00,44.06331536394533
srv-005,2017-06-11 04:00:00,44.06331536394533
srv-005,2017-06-11 05:00:00,44.06331536394533
srv-005,2017-06-11 06:00:00,44.06331536394533
srv-005,2017-06-11 07:00:00,44.06331536394533
srv-005,2017-06-11 08:00:00,44.06331536394533
srv-005,2017-06-11 09:00:00,44.06331536394533
srv-005,2017-06-11 10:00:00,44.06331536394533
srv-005,2017-06-11 11:00:00,44.06331536394533
srv-005,2017-06-11 12:00:00,44.06331536394533
srv-005,2017-06-11 13:00:00,44.06331536394533
srv-005,2017-06-11 14:00:00,44.06331536394533
srv-005,2017-06-11 15:00:00,44.06331536394533
srv-005,2017-06-11 16:00:00,44.06331536394533
srv-005,2017-06-11 17:00:00,44.06331536394533
srv-005,2017-06-11 18:00:00,44.06331536394533
srv-005,2017-06-11 19:00:00,44.06331536394533
srv-005,2017-06-11 20:00:00,44.06331536394533
srv-005,2017-06-11 21:00:00,44.06331536394533
srv-005,2017-06-11 22:00:00,44.06331536394533
srv-005,2017-06-11 23:00:00,44.06331536394533
srv-005,2017-06-12 00:00:00,44.06331536394533
srv-005,2017-06-12 01:00:00,44.06331536394533
srv-005,2017-06-12 02:00:00,44.06331536394533
srv-005,2017-06-12 03:00:00,44.06331536394533
srv-005,2017-06-12 04:00:00,44.06331536394533
srv-005,2017-06-12 05:00:00,44.06331536394533
srv-005,2017-06-12 06:00:00,44.06331536394533
srv-005,2017-06-12 07:00:00,44.06331536394533
srv-005,2017-06-12 08:00:00,44.06331536394533
srv-005,2017-06-12 09:00:00,44.06331536394533
srv-005,2017-06-12 10:00:00,44.06331536394533
srv-005,2017-06-12 11:00:00,44.06331536394533
srv-005,2017-06-12 12:00:00,44.06331536394533
srv-005,2017-06-12 13:00:00,44.06331536394533
srv-005,2017-06-12 14:00:00,44.06331536394533
srv-005,2017-06-12 15:00:00,44.06331536394533
srv-005,2017-06-12 16:00:00,44.06331536394533
srv-005,2017-06-12 17:00:00,44.06331536394533
srv-005,2017-06-12 18:00:00,44.06331536394533
srv-005,2017-06-12 19:00:00,44.06331536394533
srv-005,2017-06-12 20:00:00,44.06331536394533
srv-005,2017-06-12 21:00:00,44.06331536394533
srv-005,2017-06-12 22:00:00,44.06331536394533
srv-005,2017-06-12 23:00:00,44.06331536394533
srv-005,2017-06-13 00:00:00,44.06331536394533
srv-005,2017-06-13 01:00:00,44.06331536394533
srv-005,2017-06-13 02:00:00,44.06331536394533
srv-005,2017-06-13 03:00:00,44.06331536394533
srv-005,2017-06-13 04:00:00,44.06331536394533
srv-005,2017-06-13 05:00:00,44.06331536394533
srv-005,2017-06-13 06:00:00,44.06331536394533
srv-005,2017-06-13 07:00:00,44.06331536394533
srv-005,2017-06-13 08:00:00,44.06331536394533
srv-005,2017-06-13 09:00:00,44.06331536394533
srv-005,2017-06-13 10:00:00,44.06331536394533
srv-005,2017-06-13 11:00:00,44.06331536394533
srv-005,2017-06-13 12:00:00,44.06331536394533
srv-005,2017-06-13 13:00:00,44.06331536394533
srv-005,2017-06-13 14:00:00,44.06331536394533
srv-005,2017-06-13 15:00:00,44.06331536394533
srv-005,2017-06-13 16:00:00,44.06331536394533
srv-005,2017-06-13 17:00:00,44.06331536394533
srv-005,2017-06-13 18:00:00,44.06331536394533
srv-005,2017-06-13 19:00:00,44.06331536394533
srv-005,2017-06-13 20:00:00,44.06331536394533
srv-005,2017-06-13 21:00:00,44.06331536394533
srv-005,2017-06-13 22:00:00,44.06331536394533
srv-005,2017-06-13 23:00:00,44.06331536394533
srv-005,2017-06-14 00:00:00,44.06331536394533
srv-005,2017-06-14 01:00:00,44.06331536394533
srv-005,2017-06-14 02:00:00,44.06331536394533
srv-005,2017-06-14 03:00:00,44.06331536394533
srv-005,2017-06-14 04:00:00,44.06331536394533
srv-005,2017-06-14 05:00:00,44.06331536394533
srv-005,2017-06-14 06:00:00,44.06331536394533
srv-005,2017-06-14 07:00:00,44.06331536394533
srv-005,2017-06-14 08:00:00,44.06331536394533
srv-005,2017-06-14 09:00:00,44.06331536394533
srv-005,2017-06-14 10:00:00,44.06331536394533
srv-005,2017-06-14 11:00:00,44.06331536394533
srv-005,2017-06-14 12:00:00,44.06331536394533
srv-005,2017-06-14 13:00:00,44.06331536394533
srv-005,2017-06-14 14:00:00,44.06331536394533
srv-005,2017-06-14 15:00:00,44.06331536394533
srv-005,2017-06-14 16:00:00,44.06331536394533
srv-005,2017-06-14 17:00:00,44.06331536394533
srv-005,2017-06-14 18:00:00,44.06331536394533
srv-005,2017-06-14 19:00:00,44.06331536394533
srv-005,2017-06-14 20:00:00,44.06331536394533
srv-005,2017-06-14 21:00:00,44.06331536394533
srv-005,2017-06-14 22:00:00,44.06331536394533
srv-005,2017-06-14 23:00:00,44.06331536394533
srv-005,2017-06-15 00:00:00,44.06331536394533
srv-005,2017-06-15 01:00:00,44.06331536394533
srv-005,2017-06-15 02:00:00,44.06331536394533
srv-005,2017-06-15 03:00:00,44.06331536394533
srv-005,2017-06-15 04:00:00,44.06331536394533
srv-005,2017-06-15 05:00:00,44.06331536394533
srv-005,2017-06-15 06:00:00,44.06331536394533
srv-005,2017-06-15 07:00:00,44.06331536394533
srv-005,2017-06-15 08:00:00,44.06331536394533
srv-005,2017-06-15 09:00:00,44.06331536394533
srv-005,2017-06-15 10:00:00,44.06331536394533
srv-005,2017-06-15 11:00:00,44.06331536394533
srv-005,2017-06-15 12:00:00,44.06331536394533
srv-005,2017-06-15 13:00:00,44.06331536394533
srv-005,2017-06-15 14:00:00,44.06331536394533
srv-005,2017-06-15 15:00:00,44.06331536394533
srv-005,2017-06-15 16:00:00,44.06331536394533
srv-005,2017-06-15 17:00:00,44.06331536394533
srv-005,2017-06-15 18:00:00,44.06331536394533
srv-005,2017-06-15 19:00:00,44.06331536394533
srv-005,2017-06-15 20:00:00,44.06331536394533
srv-005,2017-06-15 21:00:00,44.06331536394533
srv-005,2017-06-15 22:00:00,44.06331536394533
srv-005,2017-06-15 23:00:00,44.06331536394533
srv-005,2017-06-16 00:00:00,44.06331536394533
srv-005,2017-06-16 01:00:00,44.06331536394533
srv-005,2017-06-16 02:00:00,44.06331536394533
srv-005,2017-06-16 03:00:00,44.06331536394533
srv-005,2017-06-16 04:00:00,44.06331536394533
srv-005,2017-06-16 05:00:00,44.06331536394533
srv-005,2017-06-16 06:00:00,44.06331536394533
srv-005,2017-06-16 07:00:00,44.06331536394533
srv-005,2017-06-16 08:00:00,44.06331536394533
srv-005,2017-06-16 09:00:00,44.06331536394533
srv-005,2017-06-16 10:00:00,44.06331536394533
srv-005,2017-06-16 11:00:00,44.06331536394533
srv-005,2017-06-16 12:00:00,44.06331536394533
srv-005,2017-06-16 13:00:00,44.06331536394533
srv-005,2017-06-16 14:00:00,44.06331536394533
srv-005,2017-06-16 15:00:00,44.06331536394533
srv-005,2017-06-16 16:00:00,44.06331536394533
srv-005,2017-06-16 17:00:00,44.06331536394533
srv-005,2017-06-16 18:00:00,44.06331536394533
srv-005,2017-06-16 19:00:00,44.06331536394533
srv-005,2017-06-16 20:00:00,44.06331536394533
srv-005,2017-06-16 21:00:00,44.06331536394533
srv-005,2017-06-16 22:00:00,44.06331536394533
srv-005,2017-06-16 23:00:00,44.06331536394533
srv-005,2017-06-17 00:00:00,44.06331536394533
srv-005,2017-06-17 01:00:00,44.06331536394533
srv-005,2017-06-17 02:00:00,44.06331536394533
srv-005,2017-06-17 03:00:00,44.06331536394533
srv-005,2017-06-17 04:00:00,44.06331536394533
srv-005,2017-06-17 05:00:00,44.06331536394533
srv-005,2017-06-17 06:00:00,44.06331536394533
srv-005,2017-06-17 07:00:00,44.06331536394533
srv-005,2017-06-17 08:00:00,44.06331536394533
srv-005,2017-06-17 09:00:00,44.06331536394533
srv-005,2017-06-17 10:00:00,44.06331536394533
srv-005,2017-06-17 11:00:00,44.06331536394533
srv-005,2017-06-17 12:00:00,44.06331536394533
srv-005,2017-06-17 13:00:00,44.06331536394533
srv-005,2017-06-17 14:00:00,44.06331536394533
srv-005,2017-06-17 15:00:00,44.06331536394533
srv-005,2017-06-17 16:00:00,44.06331536394533
srv-005,2017-06-17 17:00:00,44.06331536394533
srv-005,2017-06-17 18:00:00,44.06331536394533
srv-005,2017-06-17 19:00:00,44.06331536394533
srv-005,2017-06-17 20:00:00,44.06331536394533
srv-005,2017-06-17 21:00:00,44.06331536394533
srv-005,2017-06-17 22:00:00,44.06331536394533
srv-005,2017-06-17 23:00:00,44.06331536394533
srv-005,2017-06-18 00:00:00,44.06331536394533
srv-005,2017-06-18 01:00:00,44.06331536394533
srv-005,2017-06-18 02:00:00,44.06331536394533
srv-005,2017-06-18 03:00:00,44.06331536394533
srv-005,2017-06-18 04:00:00,44.06331536394533
srv-005,2017-06-18 05:00:00,44.06331536394533
srv-005,2017-06-18 06:00:00,44.06331536394533
srv-005,2017-06-18 07:00:00,44.06331536394533
srv-005,2017-06-18 08:00:00,44.06331536394533
srv-005,2017-06-18 09:00:00,44.06331536394533
srv-005,2017-06-18 10:00:00,44.06331536394533
srv-005,2017-06-18 11:00:00,44.06331536394533
srv-005,2017-06-18 12:00:00,44.06331536394533
srv-005,2017-06-18 13:00:00,44.06331536394533
srv-005,2017-06-18 14:00:00,44.06331536394533
srv-005,2017-06-18 15:00:00,44.06331536394533
srv-005,2017-06-18 16:00:00,44.06331536394533
srv-005,2017-06-18 17:00:00,44.06331536394533
srv-005,2017-06-18 18:00:00,44.06331536394533
srv-005,2017-06-18 19:00:00,44.06331536394533
srv-005,2017-06-18 20:00:00,44.06331536394533
srv-005,2017-06-18 21:00:00,44.06331536394533
srv-005,2017-06-18 22:00:00,44.06331536394533
srv-005,2017-06-18 23:00:00,44.06331536394533
srv-005,2017-06-19 00:00:00,44.06331536394533
srv-005,2017-06-19 01:00:00,44.06331536394533
srv-005,2017-06-19 02:00:00,44.06331536394533
srv-005,2017-06-19 03:00:00,44.06331536394533
srv-005,2017-06-19 04:00:00,44.06331536394533
srv-005,2017-06-19 05:00:00,44.06331536394533
srv-005,2017-06-19 06:00:00,44.06331536394533
srv-005,2017-06-19 07:00:00,44.06331536394533
srv-005,2017-06-19 08:00:00,44.06331536394533
srv-005,2017-06-19 09:00:00,44.06331536394533
srv-005,2017-06-19 10:00:00,44.06331536394533
srv-005,2017-06-19 11:00:00,44.06331536394533
srv-005,2017-06-19 12:00:00,44.06331536394533
srv-005,2017-06-19 13:00:00,44.06331536394533
srv-005,2017-06-19 14:00:00,44.06331536394533
srv-005,2017-06-19 15:00:00,44.06331536394533
srv-005,2017-06-19 16:00:00,44.06331536394533
srv-005,2017-06-19 17:00:00,44.06331536394533
srv-005,2017-06-19 18:00:00,44.06331536394533
srv-005,2017-06-19 19:00:00,44.06331536394533
srv-005,2017-06-19 20:00:00,44.06331536394533
srv-005,2017-06-19 21:00:00,44.06331536394533
srv-005,2017-06-19 22:00:00,44.06331536394533
srv-005,2017-06-19 23:00:00,44.06331536394533
srv-005,2017-06-20 00:00:00,44.06331536394533
srv-005,2017-06-20 01:00:00,44.06331536394533
srv-005,2017-06-20 02:00:00,44.06331536394533
srv-005,2017-06-20 03:00:00,44.06331536394533
srv-005,2017-06-20 04:00:00,44.06331536394533
srv-005,2017-06-20 05:00:00,44.06331536394533
srv-005,2017-06-20 06:00:00,44.06331536394533
srv-005,2017-06-20 07:00:00,44.06331536394533
srv-005,2017-06-20 08:00:00,44.06331536394533
srv-005,2017-06-20 09:00:00,44.06331536394533
srv-005,2017-06-20 10:00:00,44.06331536394533
srv-005,2017-06-20 11:00:00,44.06331536394533
srv-005,2017-06-20 12:00:00,44.06331536394533
srv-005,2017-06-20 13:00:00,44.06331536394533
srv-005,2017-06-20 14:00:00,44.06331536394533
srv-005,2017-06-20 15:00:00,44.06331536394533
srv-005,2017-06-20 16:00:00,44.06331536394533
srv-005,2017-06-20 17:00:00,44.06331536394533
srv-005,2017-06-20 18:00:00,44.06331536394533
srv-005,2017-06-20 19:00:00,44.06331536394533
srv-005,2017-06-20 20:00:00,44.06331536394533
srv-005,2017-06-20 21:00:00,44.06331536394533
srv-005,2017-06-20 22:00:00,44.06331536394533
srv-005,2017-06-20 23:00:00,44.06331536394533
srv-005,2017-06-21 00:00:00,44.06331536394533
srv-005,2017-06-21 01:00:00,44.06331536394533
srv-005,2017-06-21 02:00:00,44.06331536394533
srv-005,2017-06-21 03:00:00,44.06331536394533
srv-005,2017-06-21 04:00:00,44.06331536394533
srv-005,2017-06-21 05:00:00,44.06331536394533
srv-005,2017-06-21 06:00:00,44.06331536394533
srv-005,2017-06-21 07:00:00,44.06331536394533
srv-005,2017-06-21 08:00:00,44.06331536394533
srv-005,2017-06-21 09:00:00,44.06331536394533
srv-005,2017-06-21 10:00:00,44.06331536394533
srv-005,2017-06-21 11:00:00,44.06331536394533
srv-005,2017-06-21 12:00:00,44.06331536394533
srv-005,2017-06-21 13:00:00,44.06331536394533
srv-005,2017-06-21 14:00:00,44.06331536394533
srv-005,2017-06-21 15:00:00,44.06331536394533
srv-005,2017-06-21 16:00:00,44.06331536394533
srv-005,2017-06-21 17:00:00,44.06331536394533
srv-005,2017-06-21 18:00:00,44.06331536394533
srv-005,2017-06-21 19:00:00,44.06331536394533
srv-005,2017-06-21 20:00:00,44.06331536394533
srv-005,2017-06-21 21:00:00,44.06331536394533
srv-005,2017-06-21 22:00:00,44.06331536394533
srv-005,2017-06-21 23:00:00,44.06331536394533
srv-005,2017-06-22 00:00:00,44.06331536394533
srv-005,2017-06-22 01:00:00,44.06331536394533
srv-005,2017-06-22 02:00:00,44.06331536394533
srv-005,2017-06-22 03:00:00,44.06331536394533
srv-005,2017-06-22 04:00:00,44.06331536394533
srv-005,2017-06-22 05:00:00,44.06331536394533
srv-005,2017-06-22 06:00:00,44.06331536394533
srv-005,2017-06-22 07:00:00,44.06331536394533
srv-005,2017-06-22 08:00:00,44.06331536394533
srv-005,2017-06-22 09:00:00,44.06331536394533
srv-005,2017-06-22 10:00:00,44.06331536394533
srv-005,2017-06-22 11:00:00,44.06331536394533
srv-005,2017-06-22 12:00:00,44.06331536394533
srv-005,2017-06-22 13:00:00,44.06331536394533
srv-005,2017-06-22 14:00:00,44.06331536394533
srv-005,2017-06-22 15:00:00,44.06331536394533
srv-005,2017-06-22 16:00:00,44.06331536394533
srv-005,2017-06-22 17:00:00,44.06331536394533
srv-005,2017-06-22 18:00:00,44.06331536394533
srv-005,2017-06-22 19:00:00,44.06331536394533
srv-005,2017-06-22 20:00:00,44.06331536394533
srv-005,2017-06-22 21:00:00,44.06331536394533
srv-005,2017-06-22 22:00:00,44.06331536394533
srv-005,2017-06-22 23:00:00,44.06331536394533
srv-005,2017-06-23 00:00:00,44.06331536394533
srv-005,2017-06-23 01:00:00,44.06331536394533
srv-005,2017-06-23 02:00:00,44.06331536394533
srv-005,2017-06-23 03:00:00,44.06331536394533
srv-005,2017-06-23 04:00:00,44.06331536394533
srv-005,2017-06-23 05:00:00,44.06331536394533
srv-005,2017-06-23 06:00:00,44.06331536394533
srv-005,2017-06-23 07:00:00,44.06331536394533
srv-005,2017-06-23 08:00:00,44.06331536394533
srv-005,2017-06-23 09:00:00,44.06331536394533
srv-005,2017-06-23 10:00:00,44.06331536394533
srv-005,2017-06-23 11:00:00,44.06331536394533
srv-005,2017-06-23 12:00:00,44.06331536394533
srv-005,2017-06-23 13:00:00,44.06331536394533
srv-005,2017-06-23 14:00:00,44.06331536394533
srv-005,2017-06-23 15:00:00,44.06331536394533
srv-005,2017-06-23 16:00:00,44.06331536394533
srv-005,2017-06-23 17:00:00,44.06331536394533
srv-005,2017-06-23 18:00:00,44.06331536394533
srv-005,2017-06-23 19:00:00,44.06331536394533
srv-005,2017-06-23 20:00:00,44.06331536394533
srv-005,2017-06-23 21:00:00,44.06331536394533
srv-005,2017-06-23 22:00:00,44.06331536394533
srv-005,2017-06-23 23:00:00,44.06331536394533
srv-005,2017-06-24 00:00:00,44.06331536394533
srv-005,2017-06-24 01:00:00,44.06331536394533
srv-005,2017-06-24 02:00:00,44.06331536394533
srv-005,2017-06-24 03:00:00,44.06331536394533
srv-005,2017-06-24 04:00:00,44.06331536394533
srv-005,2017-06-24 05:00:00,44.06331536394533
srv-005,2017-06-24 06:00:00,44.06331536394533
srv-005,2017-06-24 07:00:00,44.06331536394533
srv-005,2017-06-24 08:00:00,44.06331536394533
srv-005,2017-06-24 09:00:00,44.06331536394533
srv-005,2017-06-24 10:00:00,44.06331536394533
srv-005,2017-06-24 11:00:00,44.06331536394533
srv-005,2017-06-24 12:00:00,44.06331536394533
srv-005,2017-06-24 13:00:00,44.06331536394533
srv-005,2017-06-24 14:00:00,44.06331536394533
srv-005,2017-06-24 15:00:00,44.06331536394533
srv-005,2017-06-24 16:00:00,44.06331536394533
srv-005,2017-06-24 17:00:00,44.06331536394533
srv-005,2017-06-24 18:00:00,44.06331536394533
srv-005,2017-06-24 19:00:00,44.06331536394533
srv-005,2017-06-24 20:00:00,44.06331536394533
srv-005,2017-06-24 21:00:00,44.06331536394533
srv-005,2017-06-24 22:00:00,44.06331536394533
srv-005,2017-06-24 23:00:00,44.06331536394533
srv-005,2017-06-25 00:00:00,44.06331536394533
srv-005,2017-06-25 01:00:00,44.06331536394533
srv-005,2017-06-25 02:00:00,44.06331536394533
srv-005,2017-06-25 03:00:00,44.06331536394533
srv-005,2017-06-25 04:00:00,44.06331536394533
srv-005,2017-06-25 05:00:00,44.06331536394533
srv-005,2017-06-25 06:00:00,44.06331536394533
srv-005,2017-06-25 07:00:00,44.06331536394533
srv-005,2017-06-25 08:00:00,44.06331536394533
srv-005,2017-06-25 09:00:00,44.06331536394533
srv-005,2017-06-25 10:00:00,44.06331536394533
srv-005,2017-06-25 11:00:00,44.06331536394533
srv-005,2017-06-25 12:00:00,44.06331536394533
srv-005,2017-06-25 13:00:00,44.06331536394533
srv-005,2017-06-25 14:00:00,44.06331536394533
srv-005,2017-06-25 15:00:00,44.06331536394533
srv-005,2017-06-25 16:00:00,44.06331536394533
srv-005,2017-06-25 17:00:00,44.06331536394533
srv-005,2017-06-25 18:00:00,44.06331536394533
srv-005,2017-06-25 19:00:00,44.06331536394533
srv-005,2017-06-25 20:00:00,44.06331536394533
srv-005,2017-06-25 21:00:00,44.06331536394533
srv-005,2017-06-25 22:00:00,44.06331536394533
srv-005,2017-06-25 23:00:00,44.06331536394533
srv-005,2017-06-26 00:00:00,44.06331536394533
srv-005,2017-06-26 01:00:00,44.06331536394533
srv-005,2017-06-26 02:00:00,44.06331536394533
srv-005,2017-06-26 03:00:00,44.06331536394533
srv-005,2017-06-26 04:00:00,44.06331536394533
srv-005,2017-06-26 05:00:00,44.06331536394533
srv-005,2017-06-26 06:00:00,44.06331536394533
srv-005,2017-06-26 07:00:00,44.06331536394533
srv-005,2017-06-26 08:00:00,44.06331536394533
srv-005,2017-06-26 09:00:00,44.06331536394533
srv-005,2017-06-26 10:00:00,44.06331536394533
srv-005,2017-06-26 11:00:00,44.06331536394533
srv-005,2017-06-26 12:00:00,44.06331536394533
srv-005,2017-06-26 13:00:00,44.06331536394533
srv-005,2017-06-26 14:00:00,44.06331536394533
srv-005,2017-06-26 15:00:00,44.06331536394533
srv-005,2017-06-26 16:00:00,44.06331536394533
srv-005,2017-06-26 17:00:00,44.06331536394533
srv-005,2017-06-26 18:00:00,44.06331536394533
srv-005,2017-06-26 19:00:00,44.06331536394533
srv-005,2017-06-26 20:00:00,44.06331536394533
srv-005,2017-06-26 21:00:00,44.06331536394533
srv-005,2017-06-26 22:00:00,44.06331536394533
srv-005,2017-06-26 23:00:00,44.06331536394533
srv-005,2017-06-27 00:00:00,44.06331536394533
srv-005,2017-06-27 01:00:00,44.06331536394533
srv-005,2017-06-27 02:00:00,44.06331536394533
srv-005,2017-06-27 03:00:00,44.06331536394533
srv-005,2017-06-27 04:00:00,44.06331536394533
srv-005,2017-06-27 05:00:00,44.06331536394533
srv-005,2017-06-27 06:00:00,44.06331536394533
srv-005,2017-06-27 07:00:00,44.06331536394533
srv-005,2017-06-27 08:00:00,44.06331536394533
srv-005,2017-06-27 09:00:00,44.06331536394533
srv-005,2017-06-27 10:00:00,44.06331536394533
srv-005,2017-06-27 11:00:00,44.06331536394533
srv-005,2017-06-27 12:00:00,44.06331536394533
srv-005,2017-06-27 13:00:00,44.06331536394533
srv-005,2017-06-27 14:00:00,44.06331536394533
srv-005,2017-06-27 15:00:00,44.06331536394533
srv-005,2017-06-27 16:00:00,44.06331536394533
srv-005,2017-06-27 17:00:00,44.06331536394533
srv-005,2017-06-27 18:00:00,44.06331536394533
srv-005,2017-06-27 19:00:00,44.06331536394533
srv-005,2017-06-27 20:00:00,44.06331536394533
srv-005,2017-06-27 21:00:00,44.06331536394533
srv-005,2017-06-27 22:00:00,44.06331536394533
srv-005,2017-06-27 23:00:00,44.06331536394533
srv-005,2017-06-28 00:00:00,44.06331536394533
srv-005,2017-06-28 01:00:00,44.06331536394533
srv-005,2017-06-28 02:00:00,44.06331536394533
srv-005,2017-06-28 03:00:00,44.06331536394533
srv-005,2017-06-28 04:00:00,44.06331536394533
srv-005,2017-06-28 05:00:00,44.06331536394533
srv-005,2017-06-28 06:00:00,44.06331536394533
srv-005,2017-06-28 07:00:00,44.06331536394533
srv-005,2017-06-28 08:00:00,44.06331536394533
srv-005,2017-06-28 09:00:00,44.06331536394533
srv-005,2017-06-28 10:00:00,44.06331536394533
srv-005,2017-06-28 11:00:00,44.06331536394533
srv-005,2017-06-28 12:00:00,44.06331536394533
srv-005,2017-06-28 13:00:00,44.06331536394533
srv-005,2017-06-28 14:00:00,44.06331536394533
srv-005,2017-06-28 15:00:00,44.06331536394533
srv-005,2017-06-28 16:00:00,44.06331536394533
srv-005,2017-06-28 17:00:00,44.06331536394533
srv-005,2017-06-28 18:00:00,44.06331536394533
srv-005,2017-06-28 19:00:00,44.06331536394533
srv-005,2017-06-28 20:00:00,44.06331536394533
srv-005,2017-06-28 21:00:00,44.06331536394533
srv-005,2017-06-28 22:00:00,44.06331536394533
srv-005,2017-06-28 23:00:00,44.06331536394533
srv-005,2017-06-29 00:00:00,44.06331536394533
srv-005,2017-06-29 01:00:00,44.06331536394533
srv-005,2017-06-29 02:00:00,44.06331536394533
srv-005,2017-06-29 03:00:00,44.06331536394533
srv-005,2017-06-29 04:00:00,44.06331536394533
srv-005,2017-06-29 05:00:00,44.06331536394533
srv-005,2017-06-29 06:00:00,44.06331536394533
srv-005,2017-06-29 07:00:00,44.06331536394533
srv-005,2017-06-29 08:00:00,44.06331536394533
srv-005,2017-06-29 09:00:00,44.06331536394533
srv-005,2017-06-29 10:00:00,44.06331536394533
srv-005,2017-06-29 11:00:00,44.06331536394533
srv-005,2017-06-29 12:00:00,44.06331536394533
srv-005,2017-06-29 13:00:00,44.06331536394533
srv-005,2017-06-29 14:00:00,44.06331536394533
srv-005,2017-06-29 15:00:00,44.06331536394533
srv-005,2017-06-29 16:00:00,44.06331536394533
srv-005,2017-06-29 17:00:00,44.06331536394533
srv-005,2017-06-29 18:00:00,44.06331536394533
srv-005,2017-06-29 19:00:00,44.06331536394533
srv-005,2017-06-29 20:00:00,44.06331536394533
srv-005,2017-06-29 21:00:00,44.06331536394533
srv-005,2017-06-29 22:00:00,44.06331536394533
srv-005,2017-06-29 23:00:00,44.06331536394533
srv-005,2017-06-30 00:00:00,44.06331536394533
srv-005,2017-06-30 01:00:00,44.06331536394533
srv-005,2017-06-30 02:00:00,44.06331536394533
srv-005,2017-06-30 03:00:00,44.06331536394533
srv-005,2017-06-30 04:00:00,44.06331536394533
srv-005,2017-06-30 05:00:00,44.06331536394533
srv-005,2017-06-30 06:00:00,44.06331536394533
srv-005,2017-06-30 07:00:00,44.06331536394533
srv-005,2017-06-30 08:00:00,44.06331536394533
srv-005,2017-06-30 09:00:00,44.06331536394533
srv-005,2017-06-30 10:00:00,44.06331536394533
srv-005,2017-06-30 11:00:00,44.06331536394533
srv-005,2017-06-30 12:00:00,44.06331536394533
srv-005,2017-06-30 13:00:00,44.06331536394533
srv-005,2017-06-30 14:00:00,44.06331536394533
srv-005,2017-06-30 15:00:00,44.06331536394533
srv-005,2017-06-30 16:00:00,44.06331536394533
srv-005,2017-06-30 17:00:00,44.06331536394533
srv-005,2017-06-30 18:00:00,44.06331536394533
srv-005,2017-06-30 19:00:00,44.06331536394533
srv-005,2017-06-30 20:00:00,44.06331536394533
srv-005,2017-06-30 21:00:00,44.06331536394533
srv-005,2017-06-30 22:00:00,44.06331536394533
srv-005,2017-06-30 23:00:00,44.06331536394533
srv-006,2017-06-01 23:00:00,87.90638073080102
srv-006,2017-06-02 00:00:00,87.31269653598234
srv-006,2017-06-02 01:00:00,86.77187152596748
srv-006,2017-06-02 02:00:00,86.27919933760492
srv-006,2017-06-02 03:00:00,85.83039264284928
srv-006,2017-06-02 04:00:00,85.4215458396089
srv-006,2017-06-02 05:00:00,85.04910106444595
srv-006,2017-06-02 06:00:00,84.70981723136529
srv-006,2017-06-02 07:00:00,84.40074182726131
srv-006,2017-06-02 08:00:00,84.11918521858162
srv-006,2017-06-02 09:00:00,83.86269724561905
srv-006,2017-06-02 10:00:00,83.6290459007512
srv-006,2017-06-02 11:00:00,83.41619790508113
srv-006,2017-06-02 12:00:00,83.22230101445386
srv-006,2017-06-02 13:00:00,83.04566790087168
srv-006,2017-06-02 14:00:00,82.88476146904183
srv-006,2017-06-02 15:00:00,82.73818148027794
srv-006,2017-06-02 16:00:00,82.60465236735381
srv-006,2017-06-02 17:00:00,82.48301213427243
srv-006,2017-06-02 18:00:00,82.37220224435353
srv-006,2017-06-02 19:00:00,82.27125840864397
srv-006,2017-06-02 20:00:00,82.17930219449003
srv-006,2017-06-02 21:00:00,82.09553338124762
srv-006,2017-06-02 22:00:00,82.01922299660853
srv-006,2017-06-02 23:00:00,81.94970697294333
srv-006,2017-06-03 00:00:00,81.88638036845724
srv-006,2017-06-03 01:00:00,81.8286921028704
srv-006,2017-06-03 02:00:00,81.77614016181147
srv-006,2017-06-03 03:00:00,81.72826722819197
srv-006,2017-06-03 04:00:00,81.68465670254521
srv-006,2017-06-03 05:00:00,81.6449290776977
srv-006,2017-06-03 06:00:00,81.6087386362247
srv-006,2017-06-03 07:00:00,81.5757704419509
srv-006,2017-06-03 08:00:00,81.54573759931516
srv-006,2017-06-03 09:00:00,81.5183787567504
srv-006,2017-06-03 10:00:00,81.49345583235181
srv-006,2017-06-03 11:00:00,81.47075194204264
srv-006,2017-06-03 12:00:00,81.45006951220705
srv-006,2017-06-03 13:00:00,81.43122856036668
srv-006,2017-06-03 14:00:00,81.4140651289385
srv-006,2017-06-03 15:00:00,81.39842985844447
srv-006,2017-06-03 16:00:00,81.38418668775654
srv-006,2017-06-03 17:00:00,81.37121167006671
srv-006,2017-06-03 18:00:00,81.35939189427803
srv-006,2017-06-03 19:00:00,81.34862450243052
srv-006,2017-06-03 20:00:00,81.33881579461146
srv-006,2017-06-03 21:00:00,81.32988041356079
srv-006,2017-06-03 22:00:00,81.32174060187572
srv-006,2017-06-03 23:00:00,81.31432552535101
srv-006,2017-06-04 00:00:00,81.307570656566
srv-006,2017-06-04 01:00:00,81.30141721335463
srv-006,2017-06-04 02:00:00,81.29581164727175
srv-006,2017-06-04 03:00:00,81.29070517760425
srv-006,2017-06-04 04:00:00,81.28605336687194
srv-006,2017-06-04 05:00:00,81.28181573412401
srv-006,2017-06-04 06:00:00,81.27795540266608
srv-006,2017-06-04 07:00:00,81.27443877915206
srv-006,2017-06-04 08:00:00,81.27123526124846
srv-006,2017-06-04 09:00:00,81.26831697132695
srv-006,2017-06-04 10:00:00,81.26565851386792
srv-006,2017-06-04 11:00:00,81.26323675446376
srv-006,2017-06-04 12:00:00,81.26103061849881
srv-006,2017-06-04 13:00:00,81.25902090775402
srv-006,2017-06-04 14:00:00,81.25719013334036
srv-006,2017-06-04 15:00:00,81.25552236350708
srv-006,2017-06-04 16:00:00,81.25400308500068
srv-006,2017-06-04 17:00:00,81.25261907676764
srv-006,2017-06-04 18:00:00,81.25135829490245
srv-006,2017-06-04 19:00:00,81.25020976783902
srv-006,2017-06-04 20:00:00,81.2491635008742
srv-006,2017-06-04 21:00:00,81.24821038919183
srv-006,2017-06-04 22:00:00,81.24734213863088
srv-006,2017-06-04 23:00:00,81.24655119350818
srv-006,2017-06-05 00:00:00,81.24583067086729
srv-006,2017-06-05 01:00:00,81.24517430058175
srv-006,2017-06-05 02:00:00,81.24457637079122
srv-006,2017-06-05 03:00:00,81.24403167819577
srv-006,2017-06-05 04:00:00,81.24353548277578
srv-006,2017-06-05 05:00:00,81.24308346654337
srv-006,2017-06-05 06:00:00,81.24267169596642
srv-006,2017-06-05 07:00:00,81.24229658773828
srv-006,2017-06-05 08:00:00,81.24195487759505
srv-006,2017-06-05 09:00:00,81.24164359190941
srv-006,2017-06-05 10:00:00,81.24136002181352
srv-006,2017-06-05 11:00:00,81.24110169962593
srv-006,2017-06-05 12:00:00,81.2408663773773
srv-006,2017-06-05 13:00:00,81.24065200724824
srv-006,2017-06-05 14:00:00,81.24045672374868
srv-006,2017-06-05 15:00:00,81.24027882748409
srv-006,2017-06-05 16:00:00,81.240116770367
srv-006,2017-06-05 17:00:00,81.23996914214521
srv-006,2017-06-05 18:00:00,81.23983465812961
srv-006,2017-06-05 19:00:00,81.23971214801443
srv-006,2017-06-05 20:00:00,81.23960054569312
srv-006,2017-06-05 21:00:00,81.23949887998083
srv-006,2017-06-05 22:00:00,81.239406266163
srv-006,2017-06-05 23:00:00,81.2393218982964
srv-006,2017-06-06 00:00:00,81.23924504219562
srv-006,2017-06-06 01:00:00,81.23917502904413
srv-006,2017-06-06 02:00:00,81.23911124957402
srv-006,2017-06-06 03:00:00,81.2390531487641
srv-006,2017-06-06 04:00:00,81.23900022100995
srv-006,2017-06-06 05:00:00,81.23895200572407
srv-006,2017-06-06 06:00:00,81.2389080833278
srv-006,2017-06-06 07:00:00,81.2388680716
srv-006,2017-06-06 08:00:00,81.23883162235092
srv-006,2017-06-06 09:00:00,81.23879841839221
srv-006,2017-06-06 10:00:00,81.23876817077661
srv-006,2017-06-06 11:00:00,81.2387406162836
srv-006,2017-06-06 12:00:00,81.23871551512865
srv-006,2017-06-06 13:00:00,81.2386926488767
srv-006,2017-06-06 14:00:00,81.23867181854122
srv-006,2017-06-06 15:00:00,81.23865284285266
srv-006,2017-06-06 16:00:00,81.2386355566809
srv-006,2017-06-06 17:00:00,81.23861980959838
srv-006,2017-06-06 18:00:00,81.23860546457094
srv-006,2017-06-06 19:00:00,81.2385923967654
srv-006,2017-06-06 20:00:00,81.23858049246321
srv-006,2017-06-06 21:00:00,81.23856964807084
srv-006,2017-06-06 22:00:00,81.2385597692183
srv-006,2017-06-06 23:00:00,81.23855076993793
srv-006,2017-06-07 00:00:00,81.23854257191627
srv-006,2017-06-07 01:00:00,81.23853510381252
srv-006,2017-06-07 02:00:00,81.23852830063785
srv-006,2017-06-07 03:00:00,81.23852210318971
srv-006,2017-06-07 04:00:00,81.23851645753672
srv-006,2017-06-07 05:00:00,81.23851131454931
srv-006,2017-06-07 06:00:00,81.23850662947223
srv-006,2017-06-07 07:00:00,81.23850236153503
srv-006,2017-06-07 08:00:00,81.23849847359729
srv-006,2017-06-07 09:00:00,81.23849493182546
srv-006,2017-06-07 10:00:00,81.23849170539833
srv-006,2017-06-07 11:00:00,81.23848876623893
srv-006,2017-06-07 12:00:00,81.23848608877013
srv-006,2017-06-07 13:00:00,81.23848364969207
srv-006,2017-06-07 14:00:00,81.23848142777943
srv-006,2017-06-07 15:00:00,81.2384794036967
srv-006,2017-06-07 16:00:00,81.23847755982993
srv-006,2017-06-07 17:00:00,81.23847588013342
srv-006,2017-06-07 18:00:00,81.23847434999014
srv-006,2017-06-07 19:00:00,81.2384729560845
srv-006,2017-06-07 20:00:00,81.23847168628645
srv-006,2017-06-07 21:00:00,81.23847052954595
srv-006,2017-06-07 22:00:00,81.23846947579685
srv-006,2017-06-07 23:00:00,81.2384685158692
srv-006,2017-06-08 00:00:00,81.23846764140956
srv-006,2017-06-08 01:00:00,81.23846684480817
srv-006,2017-06-08 02:00:00,81.23846611913288
srv-006,2017-06-08 03:00:00,81.2384654580687
srv-006,2017-06-08 04:00:00,81.23846485586296
srv-006,2017-06-08 05:00:00,81.23846430727512
srv-006,2017-06-08 06:00:00,81.23846380753128
srv-006,2017-06-08 07:00:00,81.23846335228255
srv-006,2017-06-08 08:00:00,81.23846293756729
srv-006,2017-06-08 09:00:00,81.23846255977656
srv-006,2017-06-08 10:00:00,81.23846221562276
srv-006,2017-06-08 11:00:00,81.23846190211098
srv-006,2017-06-08 12:00:00,81.238461616513
srv-006,2017-06-08 13:00:00,81.23846135634349
srv-006,2017-06-08 14:00:00,81.23846111933838
srv-006,2017-06-08 15:00:00,81.23846090343524
srv-006,2017-06-08 16:00:00,81.2384607067552
srv-006,2017-06-08 17:00:00,81.23846052758677
srv-006,2017-06-08 18:00:00,81.23846036437074
srv-006,2017-06-08 19:00:00,81.23846021568679
srv-006,2017-06-08 20:00:00,81.23846008024104
srv-006,2017-06-08 21:00:00,81.23845995685481
srv-006,2017-06-08 22:00:00,81.2384598444544
srv-006,2017-06-08 23:00:00,81.23845974206165
srv-006,2017-06-09 00:00:00,81.23845964878552
srv-006,2017-06-09 01:00:00,81.23845956381432
srv-006,2017-06-09 02:00:00,81.2384594864086
srv-006,2017-06-09 03:00:00,81.23845941589477
srv-006,2017-06-09 04:00:00,81.23845935165919
srv-006,2017-06-09 05:00:00,81.23845929314288
srv-006,2017-06-09 06:00:00,81.23845923983663
srv-006,2017-06-09 07:00:00,81.23845919127655
srv-006,2017-06-09 08:00:00,81.23845914704005
srv-006,2017-06-09 09:00:00,81.23845910674218
srv-006,2017-06-09 10:00:00,81.23845907003228
srv-006,2017-06-09 11:00:00,81.23845903659087
srv-006,2017-06-09 12:00:00,81.23845900612694
srv-006,2017-06-09 13:00:00,81.2384589783754
srv-006,2017-06-09 14:00:00,81.23845895309474
srv-006,2017-06-09 15:00:00,81.23845893006497
srv-006,2017-06-09 16:00:00,81.23845890908567
srv-006,2017-06-09 17:00:00,81.23845888997428
srv-006,2017-06-09 18:00:00,81.2384588725645
srv-006,2017-06-09 19:00:00,81.2384588567048
srv-006,2017-06-09 20:00:00,81.23845884225719
srv-006,2017-06-09 21:00:00,81.23845882909592
srv-006,2017-06-09 22:00:00,81.23845881710649
srv-006,2017-06-09 23:00:00,81.23845880618455
srv-006,2017-06-10 00:00:00,81.23845879623505
srv-006,2017-06-10 01:00:00,81.23845878717141
srv-006,2017-06-10 02:00:00,81.23845877891476
srv-006,2017-06-10 03:00:00,81.23845877139325
srv-006,2017-06-10 04:00:00,81.23845876454143
srv-006,2017-06-10 05:00:00,81.23845875829966
srv-006,2017-06-10 06:00:00,81.23845875261364
srv-006,2017-06-10 07:00:00,81.23845874743387
srv-006,2017-06-10 08:00:00,81.23845874271528
srv-006,2017-06-10 09:00:00,81.23845873841682
srv-006,2017-06-10 10:00:00,81.23845873450108
srv-006,2017-06-10 11:00:00,81.23845873093398
srv-006,2017-06-10 12:00:00,81.23845872768449
srv-006,2017-06-10 13:00:00,81.23845872472431
srv-006,2017-06-10 14:00:00,81.23845872202769
srv-006,2017-06-10 15:00:00,81.23845871957117
srv-006,2017-06-10 16:00:00,81.23845871733337
srv-006,2017-06-10 17:00:00,81.23845871529481
srv-006,2017-06-10 18:00:00,81.23845871343777
srv-006,2017-06-10 19:00:00,81.23845871174605
srv-006,2017-06-10 20:00:00,81.23845871020497
srv-006,2017-06-10 21:00:00,81.23845870880109
srv-006,2017-06-10 22:00:00,81.23845870752221
srv-006,2017-06-10 23:00:00,81.23845870635719
srv-006,2017-06-11 00:00:00,81.23845870529591
srv-006,2017-06-11 01:00:00,81.23845870432912
srv-006,2017-06-11 02:00:00,81.23845870344842
srv-006,2017-06-11 03:00:00,81.23845870264611
srv-006,2017-06-11 04:00:00,81.23845870191525
srv-006,2017-06-11 05:00:00,81.23845870124946
srv-006,2017-06-11 06:00:00,81.23845870064294
srv-006,2017-06-11 07:00:00,81.23845870009043
srv-006,2017-06-11 08:00:00,81.23845869958711
srv-006,2017-06-11 09:00:00,81.23845869912861
srv-006,2017-06-11 10:00:00,81.23845869871093
srv-006,2017-06-11 11:00:00,81.23845869833043
srv-006,2017-06-11 12:00:00,81.23845869798382
srv-006,2017-06-11 13:00:00,81.23845869766807
srv-006,2017-06-11 14:00:00,81.23845869738042
srv-006,2017-06-11 15:00:00,81.2384586971184
srv-006,2017-06-11 16:00:00,81.2384586968797
srv-006,2017-06-11 17:00:00,81.23845869666225
srv-006,2017-06-11 18:00:00,81.23845869646416
srv-006,2017-06-11 19:00:00,81.23845869628371
srv-006,2017-06-11 20:00:00,81.23845869611932
srv-006,2017-06-11 21:00:00,81.23845869596958
srv-006,2017-06-11 22:00:00,81.23845869583317
srv-006,2017-06-11 23:00:00,81.2384586957089
srv-006,2017-06-12 00:00:00,81.2384586955957
srv-006,2017-06-12 01:00:00,81.23845869549257
srv-006,2017-06-12 02:00:00,81.23845869539863
srv-006,2017-06-12 03:00:00,81.23845869531304
srv-006,2017-06-12 04:00:00,81.2384586952351
srv-006,2017-06-12 05:00:00,81.23845869516407
srv-006,2017-06-12 06:00:00,81.23845869509938
srv-006,2017-06-12 07:00:00,81.23845869504044
srv-006,2017-06-12 08:00:00,81.23845869498676
srv-006,2017-06-12 09:00:00,81.23845869493785
srv-006,2017-06-12 10:00:00,81.2384586948933
srv-006,2017-06-12 11:00:00,81.23845869485271
srv-006,2017-06-12 12:00:00,81.23845869481573
srv-006,2017-06-12 13:00:00,81.23845869478205
srv-006,2017-06-12 14:00:00,81.23845869475137
srv-006,2017-06-12 15:00:00,81.23845869472342
srv-006,2017-06-12 16:00:00,81.23845869469797
srv-006,2017-06-12 17:00:00,81.23845869467476
srv-006,2017-06-12 18:00:00,81.23845869465364
srv-006,2017-06-12 19:00:00,81.23845869463439
srv-006,2017-06-12 20:00:00,81.23845869461685
srv-006,2017-06-12 21:00:00,81.23845869460088
srv-006,2017-06-12 22:00:00,81.23845869458633
srv-006,2017-06-12 23:00:00,81.23845869457308
srv-006,2017-06-13 00:00:00,81.238458694561
srv-006,2017-06-13 01:00:00,81.23845869455
srv-006,2017-06-13 02:00:00,81.23845869453999
srv-006,2017-06-13 03:00:00,81.23845869453085
srv-006,2017-06-13 04:00:00,81.23845869452254
srv-006,2017-06-13 05:00:00,81.23845869451496
srv-006,2017-06-13 06:00:00,81.23845869450805
srv-006,2017-06-13 07:00:00,81.23845869450177
srv-006,2017-06-13 08:00:00,81.23845869449605
srv-006,2017-06-13 09:00:00,81.23845869449083
srv-006,2017-06-13 10:00:00,81.23845869448608
srv-006,2017-06-13 11:00:00,81.23845869448175
srv-006,2017-06-13 12:00:00,81.2384586944778
srv-006,2017-06-13 13:00:00,81.23845869447422
srv-006,2017-06-13 14:00:00,81.23845869447094
srv-006,2017-06-13 15:00:00,81.23845869446795
srv-006,2017-06-13 16:00:00,81.23845869446524
srv-006,2017-06-13 17:00:00,81.23845869446276
srv-006,2017-06-13 18:00:00,81.23845869446052
srv-006,2017-06-13 19:00:00,81.23845869445846
srv-006,2017-06-13 20:00:00,81.2384586944566
srv-006,2017-06-13 21:00:00,81.23845869445489
srv-006,2017-06-13 22:00:00,81.23845869445333
srv-006,2017-06-13 23:00:00,81.23845869445192
srv-006,2017-06-14 00:00:00,81.23845869445063
srv-006,2017-06-14 01:00:00,81.23845869444946
srv-006,2017-06-14 02:00:00,81.2384586944484
srv-006,2017-06-14 03:00:00,81.23845869444742
srv-006,2017-06-14 04:00:00,81.23845869444654
srv-006,2017-06-14 05:00:00,81.23845869444573
srv-006,2017-06-14 06:00:00,81.23845869444499
srv-006,2017-06-14 07:00:00,81.23845869444432
srv-006,2017-06-14 08:00:00,81.23845869444371
srv-006,2017-06-14 09:00:00,81.23845869444315
srv-006,2017-06-14 10:00:00,81.23845869444264
srv-006,2017-06-14 11:00:00,81.23845869444217
srv-006,2017-06-14 12:00:00,81.23845869444176
srv-006,2017-06-14 13:00:00,81.23845869444138
srv-006,2017-06-14 14:00:00,81.23845869444102
srv-006,2017-06-14 15:00:00,81.23845869444071
srv-006,2017-06-14 16:00:00,81.23845869444042
srv-006,2017-06-14 17:00:00,81.23845869444015
srv-006,2017-06-14 18:00:00,81.23845869443991
srv-006,2017-06-14 19:00:00,81.2384586944397
srv-006,2017-06-14 20:00:00,81.2384586944395
srv-006,2017-06-14 21:00:00,81.23845869443932
srv-006,2017-06-14 22:00:00,81.23845869443915
srv-006,2017-06-14 23:00:00,81.238458694439
srv-006,2017-06-15 00:00:00,81.23845869443886
srv-006,2017-06-15 01:00:00,81.23845869443873
srv-006,2017-06-15 02:00:00,81.23845869443862
srv-006,2017-06-15 03:00:00,81.23845869443852
srv-006,2017-06-15 04:00:00,81.23845869443842
srv-006,2017-06-15 05:00:00,81.23845869443834
srv-006,2017-06-15 06:00:00,81.23845869443826
srv-006,2017-06-15 07:00:00,81.23845869443818
srv-006,2017-06-15 08:00:00,81.23845869443812
srv-006,2017-06-15 09:00:00,81.23845869443807
srv-006,2017-06-15 10:00:00,81.23845869443801
srv-006,2017-06-15 11:00:00,81.23845869443795
srv-006,2017-06-15 12:00:00,81.23845869443791
srv-006,2017-06-15 13:00:00,81.23845869443787
srv-006,2017-06-15 14:00:00,81.23845869443784
srv-006,2017-06-15 15:00:00,81.2384586944378
srv-006,2017-06-15 16:00:00,81.23845869443777
srv-006,2017-06-15 17:00:00,81.23845869443774
srv-006,2017-06-15 18:00:00,81.23845869443771
srv-006,2017-06-15 19:00:00,81.2384586944377
srv-006,2017-06-15 20:00:00,81.23845869443767
srv-006,2017-06-15 21:00:00,81.23845869443765
srv-006,2017-06-15 22:00:00,81.23845869443764
srv-006,2017-06-15 23:00:00,81.23845869443763
srv-006,2017-06-16 00:00:00,81.23845869443761
srv-006,2017-06-16 01:00:00,81.2384586944376
srv-006,2017-06-16 02:00:00,81.23845869443758
srv-006,2017-06-16 03:00:00,81.23845869443757
srv-006,2017-06-16 04:00:00,81.23845869443755
srv-006,2017-06-16 05:00:00,81.23845869443755
srv-006,2017-06-16 06:00:00,81.23845869443754
srv-006,2017-06-16 07:00:00,81.23845869443753
srv-006,2017-06-16 08:00:00,81.23845869443753
srv-006,2017-06-16 09:00:00,81.23845869443753
srv-006,2017-06-16 10:00:00,81.23845869443751
srv-006,2017-06-16 11:00:00,81.23845869443751
srv-006,2017-06-16 12:00:00,81.2384586944375
srv-006,2017-06-16 13:00:00,81.2384586944375
srv-006,2017-06-16 14:00:00,81.2384586944375
srv-006,2017-06-16 15:00:00,81.2384586944375
srv-006,2017-06-16 16:00:00,81.23845869443748
srv-006,2017-06-16 17:00:00,81.23845869443748
srv-006,2017-06-16 18:00:00,81.23845869443748
srv-006,2017-06-16 19:00:00,81.23845869443748
srv-006,2017-06-16 20:00:00,81.23845869443748
srv-006,2017-06-16 21:00:00,81.23845869443747
srv-006,2017-06-16 22:00:00,81.23845869443747
srv-006,2017-06-16 23:00:00,81.23845869443747
srv-006,2017-06-17 00:00:00,81.23845869443747
srv-006,2017-06-17 01:00:00,81.23845869443747
srv-006,2017-06-17 02:00:00,81.23845869443747
srv-006,2017-06-17 03:00:00,81.23845869443747
srv-006,2017-06-17 04:00:00,81.23845869443747
srv-006,2017-06-17 05:00:00,81.23845869443747
srv-006,2017-06-17 06:00:00,81.23845869443747
srv-006,2017-06-17 07:00:00,81.23845869443747
srv-006,2017-06-17 08:00:00,81.23845869443747
srv-006,2017-06-17 09:00:00,81.23845869443745
srv-006,2017-06-17 10:00:00,81.23845869443745
srv-006,2017-06-17 11:00:00,81.23845869443745
srv-006,2017-06-17 12:00:00,81.23845869443745
srv-006,2017-06-17 13:00:00,81.23845869443745
srv-006,2017-06-17 14:00:00,81.23845869443745
srv-006,2017-06-17 15:00:00,81.23845869443745
srv-006,2017-06-17 16:00:00,81.23845869443745
srv-006,2017-06-17 17:00:00,81.23845869443745
srv-006,2017-06-17 18:00:00,81.23845869443745
srv-006,2017-06-17 19:00:00,81.23845869443745
srv-006,2017-06-17 20:00:00,81.23845869443745
srv-006,2017-06-17 21:00:00,81.23845869443745
srv-006,2017-06-17 22:00:00,81.23845869443745
srv-006,2017-06-17 23:00:00,81.23845869443745
srv-006,2017-06-18 00:00:00,81.23845869443745
srv-006,2017-06-18 01:00:00,81.23845869443745
srv-006,2017-06-18 02:00:00,81.23845869443745
srv-006,2017-06-18 03:00:00,81.23845869443745
srv-006,2017-06-18 04:00:00,81.23845869443745
srv-006,2017-06-18 05:00:00,81.23845869443745
srv-006,2017-06-18 06:00:00,81.23845869443745
srv-006,2017-06-18 07:00:00,81.23845869443745
srv-006,2017-06-18 08:00:00,81.23845869443745
srv-006,2017-06-18 09:00:00,81.23845869443745
srv-006,2017-06-18 10:00:00,81.23845869443745
srv-006,2017-06-18 11:00:00,81.23845869443745
srv-006,2017-06-18 12:00:00,81.23845869443745
srv-006,2017-06-18 13:00:00,81.23845869443745
srv-006,2017-06-18 14:00:00,81.23845869443745
srv-006,2017-06-18 15:00:00,81.23845869443745
srv-006,2017-06-18 16:00:00,81.23845869443745
srv-006,2017-06-18 17:00:00,81.23845869443745
srv-006,2017-06-18 18:00:00,81.23845869443745
srv-006,2017-06-18 19:00:00,81.23845869443745
srv-006,2017-06-18 20:00:00,81.23845869443745
srv-006,2017-06-18 21:00:00,81.23845869443745
srv-006,2017-06-18 22:00:00,81.23845869443745
srv-006,2017-06-18 23:00:00,81.23845869443745
srv-006,2017-06-19 00:00:00,81.23845869443745
srv-006,2017-06-19 01:00:00,81.23845869443745
srv-006,2017-06-19 02:00:00,81.23845869443745
srv-006,2017-06-19 03:00:00,81.23845869443745
srv-006,2017-06-19 04:00:00,81.23845869443745
srv-006,2017-06-19 05:00:00,81.23845869443745
srv-006,2017-06-19 06:00:00,81.23845869443745
srv-006,2017-06-19 07:00:00,81.23845869443745
srv-006,2017-06-19 08:00:00,81.23845869443745
srv-006,2017-06-19 09:00:00,81.23845869443745
srv-006,2017-06-19 10:00:00,81.23845869443745
srv-006,2017-06-19 11:00:00,81.23845869443745
srv-006,2017-06-19 12:00:00,81.23845869443745
srv-006,2017-06-19 13:00:00,81.23845869443745
srv-006,2017-06-19 14:00:00,81.23845869443745
srv-006,2017-06-19 15:00:00,81.23845869443745
srv-006,2017-06-19 16:00:00,81.23845869443745
srv-006,2017-06-19 17:00:00,81.23845869443745
srv-006,2017-06-19 18:00:00,81.23845869443745
srv-006,2017-06-19 19:00:00,81.23845869443745
srv-006,2017-06-19 20:00:00,81.23845869443745
srv-006,2017-06-19 21:00:00,81.23845869443745
srv-006,2017-06-19 22:00:00,81.23845869443745
srv-006,2017-06-19 23:00:00,81.23845869443745
srv-006,2017-06-20 00:00:00,81.23845869443745
srv-006,2017-06-20 01:00:00,81.23845869443745
srv-006,2017-06-20 02:00:00,81.23845869443745
srv-006,2017-06-20 03:00:00,81.23845869443745
srv-006,2017-06-20 04:00:00,81.23845869443745
srv-006,2017-06-20 05:00:00,81.23845869443745
srv-006,2017-06-20 06:00:00,81.23845869443745
srv-006,2017-06-20 07:00:00,81.23845869443745
srv-006,2017-06-20 08:00:00,81.23845869443745
srv-006,2017-06-20 09:00:00,81.23845869443745
srv-006,2017-06-20 10:00:00,81.23845869443745
srv-006,2017-06-20 11:00:00,81.23845869443745
srv-006,2017-06-20 12:00:00,81.23845869443745
srv-006,2017-06-20 13:00:00,81.23845869443745
srv-006,2017-06-20 14:00:00,81.23845869443745
srv-006,2017-06-20 15:00:00,81.23845869443745
srv-006,2017-06-20 16:00:00,81.23845869443745
srv-006,2017-06-20 17:00:00,81.23845869443745
srv-006,2017-06-20 18:00:00,81.23845869443745
srv-006,2017-06-20 19:00:00,81.23845869443745
srv-006,2017-06-20 20:00:00,81.23845869443745
srv-006,2017-06-20 21:00:00,81.23845869443745
srv-006,2017-06-20 22:00:00,81.23845869443745
srv-006,2017-06-20 23:00:00,81.23845869443745
srv-006,2017-06-21 00:00:00,81.23845869443745
srv-006,2017-06-21 01:00:00,81.23845869443745
srv-006,2017-06-21 02:00:00,81.23845869443745
srv-006,2017-06-21 03:00:00,81.23845869443745
srv-006,2017-06-21 04:00:00,81.23845869443745
srv-006,2017-06-21 05:00:00,81.23845869443745
srv-006,2017-06-21 06:00:00,81.23845869443745
srv-006,2017-06-21 07:00:00,81.23845869443745
srv-006,2017-06-21 08:00:00,81.23845869443745
srv-006,2017-06-21 09:00:00,81.23845869443745
srv-006,2017-06-21 10:00:00,81.23845869443745
srv-006,2017-06-21 11:00:00,81.23845869443745
srv-006,2017-06-21 12:00:00,81.23845869443745
srv-006,2017-06-21 13:00:00,81.23845869443745
srv-006,2017-06-21 14:00:00,81.23845869443745
srv-006,2017-06-21 15:00:00,81.23845869443745
srv-006,2017-06-21 16:00:00,81.23845869443745
srv-006,2017-06-21 17:00:00,81.23845869443745
srv-006,2017-06-21 18:00:00,81.23845869443745
srv-006,2017-06-21 19:00:00,81.23845869443745
srv-006,2017-06-21 20:00:00,81.23845869443745
srv-006,2017-06-21 21:00:00,81.23845869443745
srv-006,2017-06-21 22:00:00,81.23845869443745
srv-006,2017-06-21 23:00:00,81.23845869443745
srv-006,2017-06-22 00:00:00,81.23845869443745
srv-006,2017-06-22 01:00:00,81.23845869443745
srv-006,2017-06-22 02:00:00,81.23845869443745
srv-006,2017-06-22 03:00:00,81.23845869443745
srv-006,2017-06-22 04:00:00,81.23845869443745
srv-006,2017-06-22 05:00:00,81.23845869443745
srv-006,2017-06-22 06:00:00,81.23845869443745
srv-006,2017-06-22 07:00:00,81.23845869443745
srv-006,2017-06-22 08:00:00,81.23845869443745
srv-006,2017-06-22 09:00:00,81.23845869443745
srv-006,2017-06-22 10:00:00,81.23845869443745
srv-006,2017-06-22 11:00:00,81.23845869443745
srv-006,2017-06-22 12:00:00,81.23845869443745
srv-006,2017-06-22 13:00:00,81.23845869443745
srv-006,2017-06-22 14:00:00,81.23845869443745
srv-006,2017-06-22 15:00:00,81.23845869443745
srv-006,2017-06-22 16:00:00,81.23845869443745
srv-006,2017-06-22 17:00:00,81.23845869443745
srv-006,2017-06-22 18:00:00,81.23845869443745
srv-006,2017-06-22 19:00:00,81.23845869443745
srv-006,2017-06-22 20:00:00,81.23845869443745
srv-006,2017-06-22 21:00:00,81.23845869443745
srv-006,2017-06-22 22:00:00,81.23845869443745
srv-006,2017-06-22 23:00:00,81.23845869443745
srv-006,2017-06-23 00:00:00,81.23845869443745
srv-006,2017-06-23 01:00:00,81.23845869443745
srv-006,2017-06-23 02:00:00,81.23845869443745
srv-006,2017-06-23 03:00:00,81.23845869443745
srv-006,2017-06-23 04:00:00,81.23845869443745
srv-006,2017-06-23 05:00:00,81.23845869443745
srv-006,2017-06-23 06:00:00,81.23845869443745
srv-006,2017-06-23 07:00:00,81.23845869443745
srv-006,2017-06-23 08:00:00,81.23845869443745
srv-006,2017-06-23 09:00:00,81.23845869443745
srv-006,2017-06-23 10:00:00,81.23845869443745
srv-006,2017-06-23 11:00:00,81.23845869443745
srv-006,2017-06-23 12:00:00,81.23845869443745
srv-006,2017-06-23 13:00:00,81.23845869443745
srv-006,2017-06-23 14:00:00,81.23845869443745
srv-006,2017-06-23 15:00:00,81.23845869443745
srv-006,2017-06-23 16:00:00,81.23845869443745
srv-006,2017-06-23 17:00:00,81.23845869443745
srv-006,2017-06-23 18:00:00,81.23845869443745
srv-006,2017-06-23 19:00:00,81.23845869443745
srv-006,2017-06-23 20:00:00,81.23845869443745
srv-006,2017-06-23 21:00:00,81.23845869443745
srv-006,2017-06-23 22:00:00,81.23845869443745
srv-006,2017-06-23 23:00:00,81.23845869443745
srv-006,2017-06-24 00:00:00,81.23845869443745
srv-006,2017-06-24 01:00:00,81.23845869443745
srv-006,2017-06-24 02:00:00,81.23845869443745
srv-006,2017-06-24 03:00:00,81.23845869443745
srv-006,2017-06-24 04:00:00,81.23845869443745
srv-006,2017-06-24 05:00:00,81.23845869443745
srv-006,2017-06-24 06:00:00,81.23845869443745
srv-006,2017-06-24 07:00:00,81.23845869443745
srv-006,2017-06-24 08:00:00,81.23845869443745
srv-006,2017-06-24 09:00:00,81.23845869443745
srv-006,2017-06-24 10:00:00,81.23845869443745
srv-006,2017-06-24 11:00:00,81.23845869443745
srv-006,2017-06-24 12:00:00,81.23845869443745
srv-006,2017-06-24 13:00:00,81.23845869443745
srv-006,2017-06-24 14:00:00,81.23845869443745
srv-006,2017-06-24 15:00:00,81.23845869443745
srv-006,2017-06-24 16:00:00,81.23845869443745
srv-006,2017-06-24 17:00:00,81.23845869443745
srv-006,2017-06-24 18:00:00,81.23845869443745
srv-006,2017-06-24 19:00:00,81.23845869443745
srv-006,2017-06-24 20:00:00,81.23845869443745
srv-006,2017-06-24 21:00:00,81.23845869443745
srv-006,2017-06-24 22:00:00,81.23845869443745
srv-006,2017-06-24 23:00:00,81.23845869443745
srv-006,2017-06-25 00:00:00,81.23845869443745
srv-006,2017-06-25 01:00:00,81.23845869443745
srv-006,2017-06-25 02:00:00,81.23845869443745
srv-006,2017-06-25 03:00:00,81.23845869443745
srv-006,2017-06-25 04:00:00,81.23845869443745
srv-006,2017-06-25 05:00:00,81.23845869443745
srv-006,2017-06-25 06:00:00,81.23845869443745
srv-006,2017-06-25 07:00:00,81.23845869443745
srv-006,2017-06-25 08:00:00,81.23845869443745
srv-006,2017-06-25 09:00:00,81.23845869443745
srv-006,2017-06-25 10:00:00,81.23845869443745
srv-006,2017-06-25 11:00:00,81.23845869443745
srv-006,2017-06-25 12:00:00,81.23845869443745
srv-006,2017-06-25 13:00:00,81.23845869443745
srv-006,2017-06-25 14:00:00,81.23845869443745
srv-006,2017-06-25 15:00:00,81.23845869443745
srv-006,2017-06-25 16:00:00,81.23845869443745
srv-006,2017-06-25 17:00:00,81.23845869443745
srv-006,2017-06-25 18:00:00,81.23845869443745
srv-006,2017-06-25 19:00:00,81.23845869443745
srv-006,2017-06-25 20:00:00,81.23845869443745
srv-006,2017-06-25 21:00:00,81.23845869443745
srv-006,2017-06-25 22:00:00,81.23845869443745
srv-006,2017-06-25 23:00:00,81.23845869443745
srv-006,2017-06-26 00:00:00,81.23845869443745
srv-006,2017-06-26 01:00:00,81.23845869443745
srv-006,2017-06-26 02:00:00,81.23845869443745
srv-006,2017-06-26 03:00:00,81.23845869443745
srv-006,2017-06-26 04:00:00,81.23845869443745
srv-006,2017-06-26 05:00:00,81.23845869443745
srv-006,2017-06-26 06:00:00,81.23845869443745
srv-006,2017-06-26 07:00:00,81.23845869443745
srv-006,2017-06-26 08:00:00,81.23845869443745
srv-006,2017-06-26 09:00:00,81.23845869443745
srv-006,2017-06-26 10:00:00,81.23845869443745
srv-006,2017-06-26 11:00:00,81.23845869443745
srv-006,2017-06-26 12:00:00,81.23845869443745
srv-006,2017-06-26 13:00:00,81.23845869443745
srv-006,2017-06-26 14:00:00,81.23845869443745
srv-006,2017-06-26 15:00:00,81.23845869443745
srv-006,2017-06-26 16:00:00,81.23845869443745
srv-006,2017-06-26 17:00:00,81.23845869443745
srv-006,2017-06-26 18:00:00,81.23845869443745
srv-006,2017-06-26 19:00:00,81.23845869443745
srv-006,2017-06-26 20:00:00,81.23845869443745
srv-006,2017-06-26 21:00:00,81.23845869443745
srv-006,2017-06-26 22:00:00,81.23845869443745
srv-006,2017-06-26 23:00:00,81.23845869443745
srv-006,2017-06-27 00:00:00,81.23845869443745
srv-006,2017-06-27 01:00:00,81.23845869443745
srv-006,2017-06-27 02:00:00,81.23845869443745
srv-006,2017-06-27 03:00:00,81.23845869443745
srv-006,2017-06-27 04:00:00,81.23845869443745
srv-006,2017-06-27 05:00:00,81.23845869443745
srv-006,2017-06-27 06:00:00,81.23845869443745
srv-006,2017-06-27 07:00:00,81.23845869443745
srv-006,2017-06-27 08:00:00,81.23845869443745
srv-006,2017-06-27 09:00:00,81.23845869443745
srv-006,2017-06-27 10:00:00,81.23845869443745
srv-006,2017-06-27 11:00:00,81.23845869443745
srv-006,2017-06-27 12:00:00,81.23845869443745
srv-006,2017-06-27 13:00:00,81.23845869443745
srv-006,2017-06-27 14:00:00,81.23845869443745
srv-006,2017-06-27 15:00:00,81.23845869443745
srv-006,2017-06-27 16:00:00,81.23845869443745
srv-006,2017-06-27 17:00:00,81.23845869443745
srv-006,2017-06-27 18:00:00,81.23845869443745
srv-006,2017-06-27 19:00:00,81.23845869443745
srv-006,2017-06-27 20:00:00,81.23845869443745
srv-006,2017-06-27 21:00:00,81.23845869443745
srv-006,2017-06-27 22:00:00,81.23845869443745
srv-006,2017-06-27 23:00:00,81.23845869443745
srv-006,2017-06-28 00:00:00,81.23845869443745
srv-006,2017-06-28 01:00:00,81.23845869443745
srv-006,2017-06-28 02:00:00,81.23845869443745
srv-006,2017-06-28 03:00:00,81.23845869443745
srv-006,2017-06-28 04:00:00,81.23845869443745
srv-006,2017-06-28 05:00:00,81.23845869443745
srv-006,2017-06-28 06:00:00,81.23845869443745
srv-006,2017-06-28 07:00:00,81.23845869443745
srv-006,2017-06-28 08:00:00,81.23845869443745
srv-006,2017-06-28 09:00:00,81.23845869443745
srv-006,2017-06-28 10:00:00,81.23845869443745
srv-006,2017-06-28 11:00:00,81.23845869443745
srv-006,2017-06-28 12:00:00,81.23845869443745
srv-006,2017-06-28 13:00:00,81.23845869443745
srv-006,2017-06-28 14:00:00,81.23845869443745
srv-006,2017-06-28 15:00:00,81.23845869443745
srv-006,2017-06-28 16:00:00,81.23845869443745
srv-006,2017-06-28 17:00:00,81.23845869443745
srv-006,2017-06-28 18:00:00,81.23845869443745
srv-006,2017-06-28 19:00:00,81.23845869443745
srv-006,2017-06-28 20:00:00,81.23845869443745
srv-006,2017-06-28 21:00:00,81.23845869443745
srv-006,2017-06-28 22:00:00,81.23845869443745
srv-006,2017-06-28 23:00:00,81.23845869443745
srv-006,2017-06-29 00:00:00,81.23845869443745
srv-006,2017-06-29 01:00:00,81.23845869443745
srv-006,2017-06-29 02:00:00,81.23845869443745
srv-006,2017-06-29 03:00:00,81.23845869443745
srv-006,2017-06-29 04:00:00,81.23845869443745
srv-006,2017-06-29 05:00:00,81.23845869443745
srv-006,2017-06-29 06:00:00,81.23845869443745
srv-006,2017-06-29 07:00:00,81.23845869443745
srv-006,2017-06-29 08:00:00,81.23845869443745
srv-006,2017-06-29 09:00:00,81.23845869443745
srv-006,2017-06-29 10:00:00,81.23845869443745
srv-006,2017-06-29 11:00:00,81.23845869443745
srv-006,2017-06-29 12:00:00,81.23845869443745
srv-006,2017-06-29 13:00:00,81.23845869443745
srv-006,2017-06-29 14:00:00,81.23845869443745
srv-006,2017-06-29 15:00:00,81.23845869443745
srv-006,2017-06-29 16:00:00,81.23845869443745
srv-006,2017-06-29 17:00:00,81.23845869443745
srv-006,2017-06-29 18:00:00,81.23845869443745
srv-006,2017-06-29 19:00:00,81.23845869443745
srv-006,2017-06-29 20:00:00,81.23845869443745
srv-006,2017-06-29 21:00:00,81.23845869443745
srv-006,2017-06-29 22:00:00,81.23845869443745
srv-006,2017-06-29 23:00:00,81.23845869443745
srv-006,2017-06-30 00:00:00,81.23845869443745
srv-006,2017-06-30 01:00:00,81.23845869443745
srv-006,2017-06-30 02:00:00,81.23845869443745
srv-006,2017-06-30 03:00:00,81.23845869443745
srv-006,2017-06-30 04:00:00,81.23845869443745
srv-006,2017-06-30 05:00:00,81.23845869443745
srv-006,2017-06-30 06:00:00,81.23845869443745
srv-006,2017-06-30 07:00:00,81.23845869443745
srv-006,2017-06-30 08:00:00,81.23845869443745
srv-006,2017-06-30 09:00:00,81.23845869443745
srv-006,2017-06-30 10:00:00,81.23845869443745
srv-006,2017-06-30 11:00:00,81.23845869443745
srv-006,2017-06-30 12:00:00,81.23845869443745
srv-006,2017-06-30 13:00:00,81.23845869443745
srv-006,2017-06-30 14:00:00,81.23845869443745
srv-006,2017-06-30 15:00:00,81.23845869443745
srv-006,2017-06-30 16:00:00,81.23845869443745
srv-006,2017-06-30 17:00:00,81.23845869443745
srv-006,2017-06-30 18:00:00,81.23845869443745
srv-006,2017-06-30 19:00:00,81.23845869443745
srv-006,2017-06-30 20:00:00,81.23845869443745
srv-006,2017-06-30 21:00:00,81.23845869443745
srv-006,2017-06-30 22:00:00,81.23845869443745
srv-006,2017-06-30 23:00:00,81.23845869443745
srv-007,2017-06-01 23:00:00,41.51548635003038
srv-007,2017-06-02 00:00:00,41.74153650255907
srv-007,2017-06-02 01:00:00,41.939489131611296
srv-007,2017-06-02 02:00:00,42.11283669590332
srv-007,2017-06-02 03:00:00,42.26463754941988
srv-007,2017-06-02 04:00:00,42.397569899652034
srv-007,2017-06-02 05:00:00,42.513979058947804
srv-007,2017-06-02 06:00:00,42.61591882262672
srv-007,2017-06-02 07:00:00,42.70518770388811
srv-007,2017-06-02 08:00:00,42.78336066480217
srv-007,2017-06-02 09:00:00,42.85181690321046
srv-007,2017-06-02 10:00:00,42.91176418577745
srv-007,2017-06-02 11:00:00,42.96426015649866
srv-007,2017-06-02 12:00:00,43.01023099660944
srv-007,2017-06-02 13:00:00,43.050487765109125
srv-007,2017-06-02 14:00:00,43.08574070819506
srv-007,2017-06-02 15:00:00,43.116611790066166
srv-007,2017-06-02 16:00:00,43.143645666176006
srv-007,2017-06-02 17:00:00,43.167319292535254
srv-007,2017-06-02 18:00:00,43.188050340599546
srv-007,2017-06-02 19:00:00,43.206204566205805
srv-007,2017-06-02 20:00:00,43.222102262566395
srv-007,2017-06-02 21:00:00,43.2360239111707
srv-007,2017-06-02 22:00:00,43.24821513029236
srv-007,2017-06-02 23:00:00,43.25889100840829
srv-007,2017-06-03 00:00:00,43.26823989898346
srv-007,2017-06-03 01:00:00,43.27642674357247
srv-007,2017-06-03 02:00:00,43.2835959818672
srv-007,2017-06-03 03:00:00,43.28987410003199
srv-007,2017-06-03 04:00:00,43.29537186228659
srv-007,2017-06-03 05:00:00,43.300186265108394
srv-007,2017-06-03 06:00:00,43.30440224853168
srv-007,2017-06-03 07:00:00,43.30809419473629
srv-007,2017-06-03 08:00:00,43.311327240365095
srv-007,2017-06-03 09:00:00,43.31415842572333
srv-007,2017-06-03 10:00:00,43.31663770113513
srv-007,2017-06-03 11:00:00,43.31880880821212
srv-007,2017-06-03 12:00:00,43.32071005158239
srv-007,2017-06-03 13:00:00,43.322374974695265
srv-007,2017-06-03 14:00:00,43.32383295162506
srv-007,2017-06-03 15:00:00,43.325109705314986
srv-007,2017-06-03 16:00:00,43.32622776140451
srv-007,2017-06-03 17:00:00,43.327206845646984
srv-007,2017-06-03 18:00:00,43.32806423192916
srv-007,2017-06-03 19:00:00,43.32881504703268
srv-007,2017-06-03 20:00:00,43.32947253751436
srv-007,2017-06-03 21:00:00,43.330048303413975
srv-007,2017-06-03 22:00:00,43.3305525029125
srv-007,2017-06-03 23:00:00,43.330994031551974
srv-007,2017-06-04 00:00:00,43.33138067917866
srv-007,2017-06-04 01:00:00,43.331719267378496
srv-007,2017-06-04 02:00:00,43.332015769829724
srv-007,2017-06-04 03:00:00,43.33227541769585
srv-007,2017-06-04 04:00:00,43.332502791918564
srv-007,2017-06-04 05:00:00,43.33270190403887
srv-007,2017-06-04 06:00:00,43.33287626697228
srv-007,2017-06-04 07:00:00,43.333028956986816
srv-007,2017-06-04 08:00:00,43.33316266797736
srv-007,2017-06-04 09:00:00,43.33327975899374
srv-007,2017-06-04 10:00:00,43.333382295861206
srv-007,2017-06-04 11:00:00,43.333472087627605
srv-007,2017-06-04 12:00:00,43.33355071848021
srv-007,2017-06-04 13:00:00,43.33361957569541
srv-007,2017-06-04 14:00:00,43.33367987411426
srv-007,2017-06-04 15:00:00,43.33373267757581
srv-007,2017-06-04 16:00:00,43.333778917686345
srv-007,2017-06-04 17:00:00,43.33381941025556
srv-007,2017-06-04 18:00:00,43.33385486968986
srv-007,2017-06-04 19:00:00,43.333885921596554
srv-007,2017-06-04 20:00:00,43.33391311382137
srv-007,2017-06-04 21:00:00,43.33393692611405
srv-007,2017-06-04 22:00:00,43.33395777859253
srv-007,2017-06-04 23:00:00,43.33397603915502
srv-007,2017-06-05 00:00:00,43.33399202997082
srv-007,2017-06-05 01:00:00,43.33400603316434
srv-007,2017-06-05 02:00:00,43.334018295792525
srv-007,2017-06-05 03:00:00,43.33402903420372
srv-007,2017-06-05 04:00:00,43.33403843785466
srv-007,2017-06-05 05:00:00,43.33404667265302
srv-007,2017-06-05 06:00:00,43.334053883884536
srv-007,2017-06-05 07:00:00,43.33406019877626
srv-007,2017-06-05 08:00:00,43.3340657287412
srv-007,2017-06-05 09:00:00,43.33407057134399
srv-007,2017-06-05 10:00:00,43.334074812022195
srv-007,2017-06-05 11:00:00,43.33407852559367
srv-007,2017-06-05 12:00:00,43.3340817775766
srv-007,2017-06-05 13:00:00,43.33408462534539
srv-007,2017-06-05 14:00:00,43.33408711914296
srv-007,2017-06-05 15:00:00,43.334089302967115
srv-007,2017-06-05 16:00:00,43.33409121534686
srv-007,2017-06-05 17:00:00,43.33409289002213
srv-007,2017-06-05 18:00:00,43.33409435653903
srv-007,2017-06-05 19:00:00,43.3340956407712
srv-007,2017-06-05 20:00:00,43.334096765376216
srv-007,2017-06-05 21:00:00,43.33409775019536
srv-007,2017-06-05 22:00:00,43.33409861260372
srv-007,2017-06-05 23:00:00,43.334099367816656
srv-007,2017-06-06 00:00:00,43.334100029158336
srv-007,2017-06-06 01:00:00,43.33410060829674
srv-007,2017-06-06 02:00:00,43.33410111544954
srv-007,2017-06-06 03:00:00,43.334101559564395
srv-007,2017-06-06 04:00:00,43.33410194847678
srv-007,2017-06-06 05:00:00,43.33410228904823
srv-007,2017-06-06 06:00:00,43.334102587287425
srv-007,2017-06-06 07:00:00,43.334102848456155
srv-007,2017-06-06 08:00:00,43.334103077162204
srv-007,2017-06-06 09:00:00,43.33410327744061
srv-007,2017-06-06 10:00:00,43.334103452824856
srv-007,2017-06-06 11:00:00,43.33410360640924
srv-007,2017-06-06 12:00:00,43.33410374090344
srv-007,2017-06-06 13:00:00,43.3341038586803
srv-007,2017-06-06 14:00:00,43.33410396181777
srv-007,2017-06-06 15:00:00,43.33410405213549
srv-007,2017-06-06 16:00:00,43.33410413122691
srv-007,2017-06-06 17:00:00,43.33410420048745
srv-007,2017-06-06 18:00:00,43.33410426113906
srv-007,2017-06-06 19:00:00,43.33410431425182
srv-007,2017-06-06 20:00:00,43.33410436076277
srv-007,2017-06-06 21:00:00,43.334104401492525
srv-007,2017-06-06 22:00:00,43.33410443715966
srv-007,2017-06-06 23:00:00,43.33410446839345
srv-007,2017-06-07 00:00:00,43.33410449574495
srv-007,2017-06-07 01:00:00,43.33410451969672
srv-007,2017-06-07 02:00:00,43.33410454067134
srv-007,2017-06-07 03:00:00,43.33410455903886
srv-007,2017-06-07 04:00:00,43.33410457512335
srv-007,2017-06-07 05:00:00,43.334104589208565
srv-007,2017-06-07 06:00:00,43.33410460154302
srv-007,2017-06-07 07:00:00,43.334104612344326
srv-007,2017-06-07 08:00:00,43.334104621803064
srv-007,2017-06-07 09:00:00,43.334104630086095
srv-007,2017-06-07 10:00:00,43.334104637339564
srv-007,2017-06-07 11:00:00,43.33410464369145
srv-007,2017-06-07 12:00:00,43.3341046492538
srv-007,2017-06-07 13:00:00,43.33410465412477
srv-007,2017-06-07 14:00:00,43.33410465839029
srv-007,2017-06-07 15:00:00,43.33410466212561
srv-007,2017-06-07 16:00:00,43.334104665396644
srv-007,2017-06-07 17:00:00,43.33410466826109
srv-007,2017-06-07 18:00:00,43.3341046707695
srv-007,2017-06-07 19:00:00,43.33410467296611
srv-007,2017-06-07 20:00:00,43.334104674889694
srv-007,2017-06-07 21:00:00,43.33410467657418
srv-007,2017-06-07 22:00:00,43.334104678049286
srv-007,2017-06-07 23:00:00,43.33410467934104
srv-007,2017-06-08 00:00:00,43.33410468047223
srv-007,2017-06-08 01:00:00,43.33410468146282
srv-007,2017-06-08 02:00:00,43.33410468233028
srv-007,2017-06-08 03:00:00,43.33410468308991
srv-007,2017-06-08 04:00:00,43.33410468375513
srv-007,2017-06-08 05:00:00,43.33410468433766
srv-007,2017-06-08 06:00:00,43.33410468484779
srv-007,2017-06-08 07:00:00,43.3341046852945
srv-007,2017-06-08 08:00:00,43.334104685685695
srv-007,2017-06-08 09:00:00,43.334104686028255
srv-007,2017-06-08 10:00:00,43.334104686328246
srv-007,2017-06-08 11:00:00,43.33410468659094
srv-007,2017-06-08 12:00:00,43.334104686820986
srv-007,2017-06-08 13:00:00,43.33410468702244
srv-007,2017-06-08 14:00:00,43.33410468719885
srv-007,2017-06-08 15:00:00,43.33410468735333
srv-007,2017-06-08 16:00:00,43.33410468748862
srv-007,2017-06-08 17:00:00,43.33410468760708
srv-007,2017-06-08 18:00:00,43.33410468771083
srv-007,2017-06-08 19:00:00,43.33410468780167
srv-007,2017-06-08 20:00:00,43.33410468788123
srv-007,2017-06-08 21:00:00,43.33410468795089
srv-007,2017-06-08 22:00:00,43.3341046880119
srv-007,2017-06-08 23:00:00,43.334104688065324
srv-007,2017-06-09 00:00:00,43.334104688112106
srv-007,2017-06-09 01:00:00,43.334104688153076
srv-007,2017-06-09 02:00:00,43.33410468818895
srv-007,2017-06-09 03:00:00,43.33410468822037
srv-007,2017-06-09 04:00:00,43.334104688247876
srv-007,2017-06-09 05:00:00,43.33410468827197
srv-007,2017-06-09 06:00:00,43.33410468829307
srv-007,2017-06-09 07:00:00,43.33410468831154
srv-007,2017-06-09 08:00:00,43.33410468832772
srv-007,2017-06-09 09:00:00,43.33410468834189
srv-007,2017-06-09 10:00:00,43.334104688354294
srv-007,2017-06-09 11:00:00,43.334104688365166
srv-007,2017-06-09 12:00:00,43.33410468837468
srv-007,2017-06-09 13:00:00,43.33410468838301
srv-007,2017-06-09 14:00:00,43.334104688390305
srv-007,2017-06-09 15:00:00,43.33410468839669
srv-007,2017-06-09 16:00:00,43.334104688402284
srv-007,2017-06-09 17:00:00,43.33410468840719
srv-007,2017-06-09 18:00:00,43.33410468841148
srv-007,2017-06-09 19:00:00,43.33410468841524
srv-007,2017-06-09 20:00:00,43.33410468841853
srv-007,2017-06-09 21:00:00,43.334104688421405
srv-007,2017-06-09 22:00:00,43.33410468842393
srv-007,2017-06-09 23:00:00,43.33410468842614
srv-007,2017-06-10 00:00:00,43.33410468842808
srv-007,2017-06-10 01:00:00,43.33410468842977
srv-007,2017-06-10 02:00:00,43.33410468843125
srv-007,2017-06-10 03:00:00,43.334104688432554
srv-007,2017-06-10 04:00:00,43.33410468843369
srv-007,2017-06-10 05:00:00,43.334104688434685
srv-007,2017-06-10 06:00:00,43.33410468843556
srv-007,2017-06-10 07:00:00,43.33410468843632
srv-007,2017-06-10 08:00:00,43.334104688436994
srv-007,2017-06-10 09:00:00,43.33410468843758
srv-007,2017-06-10 10:00:00,43.33410468843809
srv-007,2017-06-10 11:00:00,43.334104688438536
srv-007,2017-06-10 12:00:00,43.334104688438934
srv-007,2017-06-10 13:00:00,43.334104688439275
srv-007,2017-06-10 14:00:00,43.33410468843958
srv-007,2017-06-10 15:00:00,43.334104688439844
srv-007,2017-06-10 16:00:00,43.33410468844008
srv-007,2017-06-10 17:00:00,43.33410468844028
srv-007,2017-06-10 18:00:00,43.334104688440455
srv-007,2017-06-10 19:00:00,43.33410468844061
srv-007,2017-06-10 20:00:00,43.334104688440746
srv-007,2017-06-10 21:00:00,43.33410468844087
srv-007,2017-06-10 22:00:00,43.33410468844097
srv-007,2017-06-10 23:00:00,43.33410468844106
srv-007,2017-06-11 00:00:00,43.334104688441144
srv-007,2017-06-11 01:00:00,43.334104688441215
srv-007,2017-06-11 02:00:00,43.33410468844127
srv-007,2017-06-11 03:00:00,43.33410468844133
srv-007,2017-06-11 04:00:00,43.33410468844137
srv-007,2017-06-11 05:00:00,43.334104688441414
srv-007,2017-06-11 06:00:00,43.33410468844145
srv-007,2017-06-11 07:00:00,43.334104688441485
srv-007,2017-06-11 08:00:00,43.33410468844151
srv-007,2017-06-11 09:00:00,43.334104688441535
srv-007,2017-06-11 10:00:00,43.334104688441556
srv-007,2017-06-11 11:00:00,43.33410468844158
srv-007,2017-06-11 12:00:00,43.33410468844159
srv-007,2017-06-11 13:00:00,43.334104688441606
srv-007,2017-06-11 14:00:00,43.33410468844162
srv-007,2017-06-11 15:00:00,43.33410468844163
srv-007,2017-06-11 16:00:00,43.33410468844164
srv-007,2017-06-11 17:00:00,43.33410468844165
srv-007,2017-06-11 18:00:00,43.334104688441656
srv-007,2017-06-11 19:00:00,43.33410468844166
srv-007,2017-06-11 20:00:00,43.33410468844166
srv-007,2017-06-11 21:00:00,43.33410468844167
srv-007,2017-06-11 22:00:00,43.33410468844168
srv-007,2017-06-11 23:00:00,43.33410468844168
srv-007,2017-06-12 00:00:00,43.334104688441684
srv-007,2017-06-12 01:00:00,43.334104688441684
srv-007,2017-06-12 02:00:00,43.334104688441684
srv-007,2017-06-12 03:00:00,43.33410468844169
srv-007,2017-06-12 04:00:00,43.33410468844169
srv-007,2017-06-12 05:00:00,43.33410468844169
srv-007,2017-06-12 06:00:00,43.3341046884417
srv-007,2017-06-12 07:00:00,43.3341046884417
srv-007,2017-06-12 08:00:00,43.3341046884417
srv-007,2017-06-12 09:00:00,43.3341046884417
srv-007,2017-06-12 10:00:00,43.3341046884417
srv-007,2017-06-12 11:00:00,43.3341046884417
srv-007,2017-06-12 12:00:00,43.3341046884417
srv-007,2017-06-12 13:00:00,43.3341046884417
srv-007,2017-06-12 14:00:00,43.3341046884417
srv-007,2017-06-12 15:00:00,43.334104688441705
srv-007,2017-06-12 16:00:00,43.334104688441705
srv-007,2017-06-12 17:00:00,43.334104688441705
srv-007,2017-06-12 18:00:00,43.334104688441705
srv-007,2017-06-12 19:00:00,43.334104688441705
srv-007,2017-06-12 20:00:00,43.334104688441705
srv-007,2017-06-12 21:00:00,43.334104688441705
srv-007,2017-06-12 22:00:00,43.334104688441705
srv-007,2017-06-12 23:00:00,43.334104688441705
srv-007,2017-06-13 00:00:00,43.334104688441705
srv-007,2017-06-13 01:00:00,43.334104688441705
srv-007,2017-06-13 02:00:00,43.334104688441705
srv-007,2017-06-13 03:00:00,43.334104688441705
srv-007,2017-06-13 04:00:00,43.334104688441705
srv-007,2017-06-13 05:00:00,43.334104688441705
srv-007,2017-06-13 06:00:00,43.334104688441705
srv-007,2017-06-13 07:00:00,43.334104688441705
srv-007,2017-06-13 08:00:00,43.334104688441705
srv-007,2017-06-13 09:00:00,43.334104688441705
srv-007,2017-06-13 10:00:00,43.334104688441705
srv-007,2017-06-13 11:00:00,43.334104688441705
srv-007,2017-06-13 12:00:00,43.334104688441705
srv-007,2017-06-13 13:00:00,43.334104688441705
srv-007,2017-06-13 14:00:00,43.334104688441705
srv-007,2017-06-13 15:00:00,43.334104688441705
srv-007,2017-06-13 16:00:00,43.334104688441705
srv-007,2017-06-13 17:00:00,43.334104688441705
srv-007,2017-06-13 18:00:00,43.334104688441705
srv-007,2017-06-13 19:00:00,43.334104688441705
srv-007,2017-06-13 20:00:00,43.334104688441705
srv-007,2017-06-13 21:00:00,43.334104688441705
srv-007,2017-06-13 22:00:00,43.334104688441705
srv-007,2017-06-13 23:00:00,43.334104688441705
srv-007,2017-06-14 00:00:00,43.334104688441705
srv-007,2017-06-14 01:00:00,43.334104688441705
srv-007,2017-06-14 02:00:00,43.334104688441705
srv-007,2017-06-14 03:00:00,43.334104688441705
srv-007,2017-06-14 04:00:00,43.334104688441705
srv-007,2017-06-14 05:00:00,43.334104688441705
srv-007,2017-06-14 06:00:00,43.334104688441705
srv-007,2017-06-14 07:00:00,43.334104688441705
srv-007,2017-06-14 08:00:00,43.334104688441705
srv-007,2017-06-14 09:00:00,43.334104688441705
srv-007,2017-06-14 10:00:00,43.334104688441705
srv-007,2017-06-14 11:00:00,43.334104688441705
srv-007,2017-06-14 12:00:00,43.334104688441705
srv-007,2017-06-14 13:00:00,43.334104688441705
srv-007,2017-06-14 14:00:00,43.334104688441705
srv-007,2017-06-14 15:00:00,43.334104688441705
srv-007,2017-06-14 16:00:00,43.334104688441705
srv-007,2017-06-14 17:00:00,43.334104688441705
srv-007,2017-06-14 18:00:00,43.334104688441705
srv-007,2017-06-14 19:00:00,43.334104688441705
srv-007,2017-06-14 20:00:00,43.334104688441705
srv-007,2017-06-14 21:00:00,43.334104688441705
srv-007,2017-06-14 22:00:00,43.334104688441705
srv-007,2017-06-14 23:00:00,43.334104688441705
srv-007,2017-06-15 00:00:00,43.334104688441705
srv-007,2017-06-15 01:00:00,43.334104688441705
srv-007,2017-06-15 02:00:00,43.334104688441705
srv-007,2017-06-15 03:00:00,43.334104688441705
srv-007,2017-06-15 04:00:00,43.334104688441705
srv-007,2017-06-15 05:00:00,43.334104688441705
srv-007,2017-06-15 06:00:00,43.334104688441705
srv-007,2017-06-15 07:00:00,43.334104688441705
srv-007,2017-06-15 08:00:00,43.334104688441705
srv-007,2017-06-15 09:00:00,43.334104688441705
srv-007,2017-06-15 10:00:00,43.334104688441705
srv-007,2017-06-15 11:00:00,43.334104688441705
srv-007,2017-06-15 12:00:00,43.334104688441705
srv-007,2017-06-15 13:00:00,43.334104688441705
srv-007,2017-06-15 14:00:00,43.334104688441705
srv-007,2017-06-15 15:00:00,43.334104688441705
srv-007,2017-06-15 16:00:00,43.334104688441705
srv-007,2017-06-15 17:00:00,43.334104688441705
srv-007,2017-06-15 18:00:00,43.334104688441705
srv-007,2017-06-15 19:00:00,43.334104688441705
srv-007,2017-06-15 20:00:00,43.334104688441705
srv-007,2017-06-15 21:00:00,43.334104688441705
srv-007,2017-06-15 22:00:00,43.334104688441705
srv-007,2017-06-15 23:00:00,43.334104688441705
srv-007,2017-06-16 00:00:00,43.334104688441705
srv-007,2017-06-16 01:00:00,43.334104688441705
srv-007,2017-06-16 02:00:00,43.334104688441705
srv-007,2017-06-16 03:00:00,43.334104688441705
srv-007,2017-06-16 04:00:00,43.334104688441705
srv-007,2017-06-16 05:00:00,43.334104688441705
srv-007,2017-06-16 06:00:00,43.334104688441705
srv-007,2017-06-16 07:00:00,43.334104688441705
srv-007,2017-06-16 08:00:00,43.334104688441705
srv-007,2017-06-16 09:00:00,43.334104688441705
srv-007,2017-06-16 10:00:00,43.334104688441705
srv-007,2017-06-16 11:00:00,43.334104688441705
srv-007,2017-06-16 12:00:00,43.334104688441705
srv-007,2017-06-16 13:00:00,43.334104688441705
srv-007,2017-06-16 14:00:00,43.334104688441705
srv-007,2017-06-16 15:00:00,43.334104688441705
srv-007,2017-06-16 16:00:00,43.334104688441705
srv-007,2017-06-16 17:00:00,43.334104688441705
srv-007,2017-06-16 18:00:00,43.334104688441705
srv-007,2017-06-16 19:00:00,43.334104688441705
srv-007,2017-06-16 20:00:00,43.334104688441705
srv-007,2017-06-16 21:00:00,43.334104688441705
srv-007,2017-06-16 22:00:00,43.334104688441705
srv-007,2017-06-16 23:00:00,43.334104688441705
srv-007,2017-06-17 00:00:00,43.334104688441705
srv-007,2017-06-17 01:00:00,43.334104688441705
srv-007,2017-06-17 02:00:00,43.334104688441705
srv-007,2017-06-17 03:00:00,43.334104688441705
srv-007,2017-06-17 04:00:00,43.334104688441705
srv-007,2017-06-17 05:00:00,43.334104688441705
srv-007,2017-06-17 06:00:00,43.334104688441705
srv-007,2017-06-17 07:00:00,43.334104688441705
srv-007,2017-06-17 08:00:00,43.334104688441705
srv-007,2017-06-17 09:00:00,43.334104688441705
srv-007,2017-06-17 10:00:00,43.334104688441705
srv-007,2017-06-17 11:00:00,43.334104688441705
srv-007,2017-06-17 12:00:00,43.334104688441705
srv-007,2017-06-17 13:00:00,43.334104688441705
srv-007,2017-06-17 14:00:00,43.334104688441705
srv-007,2017-06-17 15:00:00,43.334104688441705
srv-007,2017-06-17 16:00:00,43.334104688441705
srv-007,2017-06-17 17:00:00,43.334104688441705
srv-007,2017-06-17 18:00:00,43.334104688441705
srv-007,2017-06-17 19:00:00,43.334104688441705
srv-007,2017-06-17 20:00:00,43.334104688441705
srv-007,2017-06-17 21:00:00,43.334104688441705
srv-007,2017-06-17 22:00:00,43.334104688441705
srv-007,2017-06-17 23:00:00,43.334104688441705
srv-007,2017-06-18 00:00:00,43.334104688441705
srv-007,2017-06-18 01:00:00,43.334104688441705
srv-007,2017-06-18 02:00:00,43.334104688441705
srv-007,2017-06-18 03:00:00,43.334104688441705
srv-007,2017-06-18 04:00:00,43.334104688441705
srv-007,2017-06-18 05:00:00,43.334104688441705
srv-007,2017-06-18 06:00:00,43.334104688441705
srv-007,2017-06-18 07:00:00,43.334104688441705
srv-007,2017-06-18 08:00:00,43.334104688441705
srv-007,2017-06-18 09:00:00,43.334104688441705
srv-007,2017-06-18 10:00:00,43.334104688441705
srv-007,2017-06-18 11:00:00,43.334104688441705
srv-007,2017-06-18 12:00:00,43.334104688441705
srv-007,2017-06-18 13:00:00,43.334104688441705
srv-007,2017-06-18 14:00:00,43.334104688441705
srv-007,2017-06-18 15:00:00,43.334104688441705
srv-007,2017-06-18 16:00:00,43.334104688441705
srv-007,2017-06-18 17:00:00,43.334104688441705
srv-007,2017-06-18 18:00:00,43.334104688441705
srv-007,2017-06-18 19:00:00,43.334104688441705
srv-007,2017-06-18 20:00:00,43.334104688441705
srv-007,2017-06-18 21:00:00,43.334104688441705
srv-007,2017-06-18 22:00:00,43.334104688441705
srv-007,2017-06-18 23:00:00,43.334104688441705
srv-007,2017-06-19 00:00:00,43.334104688441705
srv-007,2017-06-19 01:00:00,43.334104688441705
srv-007,2017-06-19 02:00:00,43.334104688441705
srv-007,2017-06-19 03:00:00,43.334104688441705
srv-007,2017-06-19 04:00:00,43.334104688441705
srv-007,2017-06-19 05:00:00,43.334104688441705
srv-007,2017-06-19 06:00:00,43.334104688441705
srv-007,2017-06-19 07:00:00,43.334104688441705
srv-007,2017-06-19 08:00:00,43.334104688441705
srv-007,2017-06-19 09:00:00,43.334104688441705
srv-007,2017-06-19 10:00:00,43.334104688441705
srv-007,2017-06-19 11:00:00,43.334104688441705
srv-007,2017-06-19 12:00:00,43.334104688441705
srv-007,2017-06-19 13:00:00,43.334104688441705
srv-007,2017-06-19 14:00:00,43.334104688441705
srv-007,2017-06-19 15:00:00,43.334104688441705
srv-007,2017-06-19 16:00:00,43.334104688441705
srv-007,2017-06-19 17:00:00,43.334104688441705
srv-007,2017-06-19 18:00:00,43.334104688441705
srv-007,2017-06-19 19:00:00,43.334104688441705
srv-007,2017-06-19 20:00:00,43.334104688441705
srv-007,2017-06-19 21:00:00,43.334104688441705
srv-007,2017-06-19 22:00:00,43.334104688441705
srv-007,2017-06-19 23:00:00,43.334104688441705
srv-007,2017-06-20 00:00:00,43.334104688441705
srv-007,2017-06-20 01:00:00,43.334104688441705
srv-007,2017-06-20 02:00:00,43.334104688441705
srv-007,2017-06-20 03:00:00,43.334104688441705
srv-007,2017-06-20 04:00:00,43.334104688441705
srv-007,2017-06-20 05:00:00,43.334104688441705
srv-007,2017-06-20 06:00:00,43.334104688441705
srv-007,2017-06-20 07:00:00,43.334104688441705
srv-007,2017-06-20 08:00:00,43.334104688441705
srv-007,2017-06-20 09:00:00,43.334104688441705
srv-007,2017-06-20 10:00:00,43.334104688441705
srv-007,2017-06-20 11:00:00,43.334104688441705
srv-007,2017-06-20 12:00:00,43.334104688441705
srv-007,2017-06-20 13:00:00,43.334104688441705
srv-007,2017-06-20 14:00:00,43.334104688441705
srv-007,2017-06-20 15:00:00,43.334104688441705
srv-007,2017-06-20 16:00:00,43.334104688441705
srv-007,2017-06-20 17:00:00,43.334104688441705
srv-007,2017-06-20 18:00:00,43.334104688441705
srv-007,2017-06-20 19:00:00,43.334104688441705
srv-007,2017-06-20 20:00:00,43.334104688441705
srv-007,2017-06-20 21:00:00,43.334104688441705
srv-007,2017-06-20 22:00:00,43.334104688441705
srv-007,2017-06-20 23:00:00,43.334104688441705
srv-007,2017-06-21 00:00:00,43.334104688441705
srv-007,2017-06-21 01:00:00,43.334104688441705
srv-007,2017-06-21 02:00:00,43.334104688441705
srv-007,2017-06-21 03:00:00,43.334104688441705
srv-007,2017-06-21 04:00:00,43.334104688441705
srv-007,2017-06-21 05:00:00,43.334104688441705
srv-007,2017-06-21 06:00:00,43.334104688441705
srv-007,2017-06-21 07:00:00,43.334104688441705
srv-007,2017-06-21 08:00:00,43.334104688441705
srv-007,2017-06-21 09:00:00,43.334104688441705
srv-007,2017-06-21 10:00:00,43.334104688441705
srv-007,2017-06-21 11:00:00,43.334104688441705
srv-007,2017-06-21 12:00:00,43.334104688441705
srv-007,2017-06-21 13:00:00,43.334104688441705
srv-007,2017-06-21 14:00:00,43.334104688441705
srv-007,2017-06-21 15:00:00,43.334104688441705
srv-007,2017-06-21 16:00:00,43.334104688441705
srv-007,2017-06-21 17:00:00,43.334104688441705
srv-007,2017-06-21 18:00:00,43.334104688441705
srv-007,2017-06-21 19:00:00,43.334104688441705
srv-007,2017-06-21 20:00:00,43.334104688441705
srv-007,2017-06-21 21:00:00,43.334104688441705
srv-007,2017-06-21 22:00:00,43.334104688441705
srv-007,2017-06-21 23:00:00,43.334104688441705
srv-007,2017-06-22 00:00:00,43.334104688441705
srv-007,2017-06-22 01:00:00,43.334104688441705
srv-007,2017-06-22 02:00:00,43.334104688441705
srv-007,2017-06-22 03:00:00,43.334104688441705
srv-007,2017-06-22 04:00:00,43.334104688441705
srv-007,2017-06-22 05:00:00,43.334104688441705
srv-007,2017-06-22 06:00:00,43.334104688441705
srv-007,2017-06-22 07:00:00,43.334104688441705
srv-007,2017-06-22 08:00:00,43.334104688441705
srv-007,2017-06-22 09:00:00,43.334104688441705
srv-007,2017-06-22 10:00:00,43.334104688441705
srv-007,2017-06-22 11:00:00,43.334104688441705
srv-007,2017-06-22 12:00:00,43.334104688441705
srv-007,2017-06-22 13:00:00,43.334104688441705
srv-007,2017-06-22 14:00:00,43.334104688441705
srv-007,2017-06-22 15:00:00,43.334104688441705
srv-007,2017-06-22 16:00:00,43.334104688441705
srv-007,2017-06-22 17:00:00,43.334104688441705
srv-007,2017-06-22 18:00:00,43.334104688441705
srv-007,2017-06-22 19:00:00,43.334104688441705
srv-007,2017-06-22 20:00:00,43.334104688441705
srv-007,2017-06-22 21:00:00,43.334104688441705
srv-007,2017-06-22 22:00:00,43.334104688441705
srv-007,2017-06-22 23:00:00,43.334104688441705
srv-007,2017-06-23 00:00:00,43.334104688441705
srv-007,2017-06-23 01:00:00,43.334104688441705
srv-007,2017-06-23 02:00:00,43.334104688441705
srv-007,2017-06-23 03:00:00,43.334104688441705
srv-007,2017-06-23 04:00:00,43.334104688441705
srv-007,2017-06-23 05:00:00,43.334104688441705
srv-007,2017-06-23 06:00:00,43.334104688441705
srv-007,2017-06-23 07:00:00,43.334104688441705
srv-007,2017-06-23 08:00:00,43.334104688441705
srv-007,2017-06-23 09:00:00,43.334104688441705
srv-007,2017-06-23 10:00:00,43.334104688441705
srv-007,2017-06-23 11:00:00,43.334104688441705
srv-007,2017-06-23 12:00:00,43.334104688441705
srv-007,2017-06-23 13:00:00,43.334104688441705
srv-007,2017-06-23 14:00:00,43.334104688441705
srv-007,2017-06-23 15:00:00,43.334104688441705
srv-007,2017-06-23 16:00:00,43.334104688441705
srv-007,2017-06-23 17:00:00,43.334104688441705
srv-007,2017-06-23 18:00:00,43.334104688441705
srv-007,2017-06-23 19:00:00,43.334104688441705
srv-007,2017-06-23 20:00:00,43.334104688441705
srv-007,2017-06-23 21:00:00,43.334104688441705
srv-007,2017-06-23 22:00:00,43.334104688441705
srv-007,2017-06-23 23:00:00,43.334104688441705
srv-007,2017-06-24 00:00:00,43.334104688441705
srv-007,2017-06-24 01:00:00,43.334104688441705
srv-007,2017-06-24 02:00:00,43.334104688441705
srv-007,2017-06-24 03:00:00,43.334104688441705
srv-007,2017-06-24 04:00:00,43.334104688441705
srv-007,2017-06-24 05:00:00,43.334104688441705
srv-007,2017-06-24 06:00:00,43.334104688441705
srv-007,2017-06-24 07:00:00,43.334104688441705
srv-007,2017-06-24 08:00:00,43.334104688441705
srv-007,2017-06-24 09:00:00,43.334104688441705
srv-007,2017-06-24 10:00:00,43.334104688441705
srv-007,2017-06-24 11:00:00,43.334104688441705
srv-007,2017-06-24 12:00:00,43.334104688441705
srv-007,2017-06-24 13:00:00,43.334104688441705
srv-007,2017-06-24 14:00:00,43.334104688441705
srv-007,2017-06-24 15:00:00,43.334104688441705
srv-007,2017-06-24 16:00:00,43.334104688441705
srv-007,2017-06-24 17:00:00,43.334104688441705
srv-007,2017-06-24 18:00:00,43.334104688441705
srv-007,2017-06-24 19:00:00,43.334104688441705
srv-007,2017-06-24 20:00:00,43.334104688441705
srv-007,2017-06-24 21:00:00,43.334104688441705
srv-007,2017-06-24 22:00:00,43.334104688441705
srv-007,2017-06-24 23:00:00,43.334104688441705
srv-007,2017-06-25 00:00:00,43.334104688441705
srv-007,2017-06-25 01:00:00,43.334104688441705
srv-007,2017-06-25 02:00:00,43.334104688441705
srv-007,2017-06-25 03:00:00,43.334104688441705
srv-007,2017-06-25 04:00:00,43.334104688441705
srv-007,2017-06-25 05:00:00,43.334104688441705
srv-007,2017-06-25 06:00:00,43.334104688441705
srv-007,2017-06-25 07:00:00,43.334104688441705
srv-007,2017-06-25 08:00:00,43.334104688441705
srv-007,2017-06-25 09:00:00,43.334104688441705
srv-007,2017-06-25 10:00:00,43.334104688441705
srv-007,2017-06-25 11:00:00,43.334104688441705
srv-007,2017-06-25 12:00:00,43.334104688441705
srv-007,2017-06-25 13:00:00,43.334104688441705
srv-007,2017-06-25 14:00:00,43.334104688441705
srv-007,2017-06-25 15:00:00,43.334104688441705
srv-007,2017-06-25 16:00:00,43.334104688441705
srv-007,2017-06-25 17:00:00,43.334104688441705
srv-007,2017-06-25 18:00:00,43.334104688441705
srv-007,2017-06-25 19:00:00,43.334104688441705
srv-007,2017-06-25 20:00:00,43.334104688441705
srv-007,2017-06-25 21:00:00,43.334104688441705
srv-007,2017-06-25 22:00:00,43.334104688441705
srv-007,2017-06-25 23:00:00,43.334104688441705
srv-007,2017-06-26 00:00:00,43.334104688441705
srv-007,2017-06-26 01:00:00,43.334104688441705
srv-007,2017-06-26 02:00:00,43.334104688441705
srv-007,2017-06-26 03:00:00,43.334104688441705
srv-007,2017-06-26 04:00:00,43.334104688441705
srv-007,2017-06-26 05:00:00,43.334104688441705
srv-007,2017-06-26 06:00:00,43.334104688441705
srv-007,2017-06-26 07:00:00,43.334104688441705
srv-007,2017-06-26 08:00:00,43.334104688441705
srv-007,2017-06-26 09:00:00,43.334104688441705
srv-007,2017-06-26 10:00:00,43.334104688441705
srv-007,2017-06-26 11:00:00,43.334104688441705
srv-007,2017-06-26 12:00:00,43.334104688441705
srv-007,2017-06-26 13:00:00,43.334104688441705
srv-007,2017-06-26 14:00:00,43.334104688441705
srv-007,2017-06-26 15:00:00,43.334104688441705
srv-007,2017-06-26 16:00:00,43.334104688441705
srv-007,2017-06-26 17:00:00,43.334104688441705
srv-007,2017-06-26 18:00:00,43.334104688441705
srv-007,2017-06-26 19:00:00,43.334104688441705
srv-007,2017-06-26 20:00:00,43.334104688441705
srv-007,2017-06-26 21:00:00,43.334104688441705
srv-007,2017-06-26 22:00:00,43.334104688441705
srv-007,2017-06-26 23:00:00,43.334104688441705
srv-007,2017-06-27 00:00:00,43.334104688441705
srv-007,2017-06-27 01:00:00,43.334104688441705
srv-007,2017-06-27 02:00:00,43.334104688441705
srv-007,2017-06-27 03:00:00,43.334104688441705
srv-007,2017-06-27 04:00:00,43.334104688441705
srv-007,2017-06-27 05:00:00,43.334104688441705
srv-007,2017-06-27 06:00:00,43.334104688441705
srv-007,2017-06-27 07:00:00,43.334104688441705
srv-007,2017-06-27 08:00:00,43.334104688441705
srv-007,2017-06-27 09:00:00,43.334104688441705
srv-007,2017-06-27 10:00:00,43.334104688441705
srv-007,2017-06-27 11:00:00,43.334104688441705
srv-007,2017-06-27 12:00:00,43.334104688441705
srv-007,2017-06-27 13:00:00,43.334104688441705
srv-007,2017-06-27 14:00:00,43.334104688441705
srv-007,2017-06-27 15:00:00,43.334104688441705
srv-007,2017-06-27 16:00:00,43.334104688441705
srv-007,2017-06-27 17:00:00,43.334104688441705
srv-007,2017-06-27 18:00:00,43.334104688441705
srv-007,2017-06-27 19:00:00,43.334104688441705
srv-007,2017-06-27 20:00:00,43.334104688441705
srv-007,2017-06-27 21:00:00,43.334104688441705
srv-007,2017-06-27 22:00:00,43.334104688441705
srv-007,2017-06-27 23:00:00,43.334104688441705
srv-007,2017-06-28 00:00:00,43.334104688441705
srv-007,2017-06-28 01:00:00,43.334104688441705
srv-007,2017-06-28 02:00:00,43.334104688441705
srv-007,2017-06-28 03:00:00,43.334104688441705
srv-007,2017-06-28 04:00:00,43.334104688441705
srv-007,2017-06-28 05:00:00,43.334104688441705
srv-007,2017-06-28 06:00:00,43.334104688441705
srv-007,2017-06-28 07:00:00,43.334104688441705
srv-007,2017-06-28 08:00:00,43.334104688441705
srv-007,2017-06-28 09:00:00,43.334104688441705
srv-007,2017-06-28 10:00:00,43.334104688441705
srv-007,2017-06-28 11:00:00,43.334104688441705
srv-007,2017-06-28 12:00:00,43.334104688441705
srv-007,2017-06-28 13:00:00,43.334104688441705
srv-007,2017-06-28 14:00:00,43.334104688441705
srv-007,2017-06-28 15:00:00,43.334104688441705
srv-007,2017-06-28 16:00:00,43.334104688441705
srv-007,2017-06-28 17:00:00,43.334104688441705
srv-007,2017-06-28 18:00:00,43.334104688441705
srv-007,2017-06-28 19:00:00,43.334104688441705
srv-007,2017-06-28 20:00:00,43.334104688441705
srv-007,2017-06-28 21:00:00,43.334104688441705
srv-007,2017-06-28 22:00:00,43.334104688441705
srv-007,2017-06-28 23:00:00,43.334104688441705
srv-007,2017-06-29 00:00:00,43.334104688441705
srv-007,2017-06-29 01:00:00,43.334104688441705
srv-007,2017-06-29 02:00:00,43.334104688441705
srv-007,2017-06-29 03:00:00,43.334104688441705
srv-007,2017-06-29 04:00:00,43.334104688441705
srv-007,2017-06-29 05:00:00,43.334104688441705
srv-007,2017-06-29 06:00:00,43.334104688441705
srv-007,2017-06-29 07:00:00,43.334104688441705
srv-007,2017-06-29 08:00:00,43.334104688441705
srv-007,2017-06-29 09:00:00,43.334104688441705
srv-007,2017-06-29 10:00:00,43.334104688441705
srv-007,2017-06-29 11:00:00,43.334104688441705
srv-007,2017-06-29 12:00:00,43.334104688441705
srv-007,2017-06-29 13:00:00,43.334104688441705
srv-007,2017-06-29 14:00:00,43.334104688441705
srv-007,2017-06-29 15:00:00,43.334104688441705
srv-007,2017-06-29 16:00:00,43.334104688441705
srv-007,2017-06-29 17:00:00,43.334104688441705
srv-007,2017-06-29 18:00:00,43.334104688441705
srv-007,2017-06-29 19:00:00,43.334104688441705
srv-007,2017-06-29 20:00:00,43.334104688441705
srv-007,2017-06-29 21:00:00,43.334104688441705
srv-007,2017-06-29 22:00:00,43.334104688441705
srv-007,2017-06-29 23:00:00,43.334104688441705
srv-007,2017-06-30 00:00:00,43.334104688441705
srv-007,2017-06-30 01:00:00,43.334104688441705
srv-007,2017-06-30 02:00:00,43.334104688441705
srv-007,2017-06-30 03:00:00,43.334104688441705
srv-007,2017-06-30 04:00:00,43.334104688441705
srv-007,2017-06-30 05:00:00,43.334104688441705
srv-007,2017-06-30 06:00:00,43.334104688441705
srv-007,2017-06-30 07:00:00,43.334104688441705
srv-007,2017-06-30 08:00:00,43.334104688441705
srv-007,2017-06-30 09:00:00,43.334104688441705
srv-007,2017-06-30 10:00:00,43.334104688441705
srv-007,2017-06-30 11:00:00,43.334104688441705
srv-007,2017-06-30 12:00:00,43.334104688441705
srv-007,2017-06-30 13:00:00,43.334104688441705
srv-007,2017-06-30 14:00:00,43.334104688441705
srv-007,2017-06-30 15:00:00,43.334104688441705
srv-007,2017-06-30 16:00:00,43.334104688441705
srv-007,2017-06-30 17:00:00,43.334104688441705
srv-007,2017-06-30 18:00:00,43.334104688441705
srv-007,2017-06-30 19:00:00,43.334104688441705
srv-007,2017-06-30 20:00:00,43.334104688441705
srv-007,2017-06-30 21:00:00,43.334104688441705
srv-007,2017-06-30 22:00:00,43.334104688441705
srv-007,2017-06-30 23:00:00,43.334104688441705
srv-008,2017-06-01 23:00:00,73.36462967349249
srv-008,2017-06-02 00:00:00,72.99609561483389
srv-008,2017-06-02 01:00:00,72.68476792756695
srv-008,2017-06-02 02:00:00,72.42176664835881
srv-008,2017-06-02 03:00:00,72.19959022238031
srv-008,2017-06-02 04:00:00,72.01190153733208
srv-008,2017-06-02 05:00:00,71.8533471707291
srv-008,2017-06-02 06:00:00,71.71940469485521
srv-008,2017-06-02 07:00:00,71.60625368408459
srv-008,2017-06-02 08:00:00,71.51066674532687
srv-008,2017-06-02 09:00:00,71.42991746347029
srv-008,2017-06-02 10:00:00,71.36170263616133
srv-008,2017-06-02 11:00:00,71.30407657983231
srv-008,2017-06-02 12:00:00,71.255395633196
srv-008,2017-06-02 13:00:00,71.21427127528614
srv-008,2017-06-02 14:00:00,71.17953052083588
srv-008,2017-06-02 15:00:00,71.15018246335573
srv-008,2017-06-02 16:00:00,71.12539001162324
srv-008,2017-06-02 17:00:00,71.10444601342766
srv-008,2017-06-02 18:00:00,71.08675308554987
srv-008,2017-06-02 19:00:00,71.07180657467048
srv-008,2017-06-02 20:00:00,71.05918016320194
srv-008,2017-06-02 21:00:00,71.0485137094818
srv-008,2017-06-02 22:00:00,71.03950297549395
srv-008,2017-06-02 23:00:00,71.03189094912324
srv-008,2017-06-03 00:00:00,71.02546051342883
srv-008,2017-06-03 01:00:00,71.02002825384297
srv-008,2017-06-03 02:00:00,71.01543922665873
srv-008,2017-06-03 03:00:00,71.0115625395887
srv-008,2017-06-03 04:00:00,71.00828761833945
srv-008,2017-06-03 05:00:00,71.00552105271395
srv-008,2017-06-03 06:00:00,71.00318393228336
srv-008,2017-06-03 07:00:00,71.00120959563408
srv-008,2017-06-03 08:00:00,70.999541728992
srv-008,2017-06-03 09:00:00,70.99813275999131
srv-008,2017-06-03 10:00:00,70.99694250077343
srv-008,2017-06-03 11:00:00,70.99593700171347
srv-008,2017-06-03 12:00:00,70.99508758307893
srv-008,2017-06-03 13:00:00,70.9943700170011
srv-008,2017-06-03 14:00:00,70.99376383642642
srv-008,2017-06-03 15:00:00,70.99325175133701
srv-008,2017-06-03 16:00:00,70.99281915558954
srv-008,2017-06-03 17:00:00,70.99245371030594
srv-008,2017-06-03 18:00:00,70.992144991933
srv-008,2017-06-03 19:00:00,70.99188419493254
srv-008,2017-06-03 20:00:00,70.99166388062211
srv-008,2017-06-03 21:00:00,70.99147776500234
srv-008,2017-06-03 22:00:00,70.9913205395191
srv-008,2017-06-03 23:00:00,70.99118771964822
srv-008,2017-06-04 00:00:00,70.99107551698405
srv-008,2017-06-04 01:00:00,70.99098073118306
srv-008,2017-06-04 02:00:00,70.9909006586809
srv-008,2017-06-04 03:00:00,70.99083301557893
srv-008,2017-06-04 04:00:00,70.99077587250082
srv-008,2017-06-04 05:00:00,70.99072759956124
srv-008,2017-06-04 06:00:00,70.99068681987673
srv-008,2017-06-04 07:00:00,70.99065237029313
srv-008,2017-06-04 08:00:00,70.99062326820898
srv-008,2017-06-04 09:00:00,70.99059868354892
srv-008,2017-06-04 10:00:00,70.99057791508756
srv-008,2017-06-04 11:00:00,70.99056037044848
srv-008,2017-06-04 12:00:00,70.990545549208
srv-008,2017-06-04 13:00:00,70.99053302862161
srv-008,2017-06-04 14:00:00,70.99052245156606
srv-008,2017-06-04 15:00:00,70.99051351635327
srv-008,2017-06-04 16:00:00,70.99050596812518
srv-008,2017-06-04 17:00:00,70.99049959158455
srv-008,2017-06-04 18:00:00,70.99049420485407
srv-008,2017-06-04 19:00:00,70.99048965428867
srv-008,2017-06-04 20:00:00,70.99048581009308
srv-008,2017-06-04 21:00:00,70.99048256261975
srv-008,2017-06-04 22:00:00,70.99047981924139
srv-008,2017-06-04 23:00:00,70.99047750170894
srv-008,2017-06-05 00:00:00,70.9904755439197
srv-008,2017-06-05 01:00:00,70.99047389003186
srv-008,2017-06-05 02:00:00,70.99047249287177
srv-008,2017-06-05 03:00:00,70.99047131258841
srv-008,2017-06-05 04:00:00,70.99047031551669
srv-008,2017-06-05 05:00:00,70.99046947321725
srv-008,2017-06-05 06:00:00,70.99046876166527
srv-008,2017-06-05 07:00:00,70.99046816056524
srv-008,2017-06-05 08:00:00,70.99046765277207
srv-008,2017-06-05 09:00:00,70.990467223802
srv-008,2017-06-05 10:00:00,70.9904668614196
srv-008,2017-06-05 11:00:00,70.99046655528868
srv-008,2017-06-05 12:00:00,70.99046629667748
srv-008,2017-06-05 13:00:00,70.99046607820968
srv-008,2017-06-05 14:00:00,70.99046589365395
srv-008,2017-06-05 15:00:00,70.9904657377462
srv-008,2017-06-05 16:00:00,70.99046560603954
srv-008,2017-06-05 17:00:00,70.99046549477727
srv-008,2017-06-05 18:00:00,70.9904654007859
srv-008,2017-06-05 19:00:00,70.99046532138449
srv-008,2017-06-05 20:00:00,70.99046525430833
srv-008,2017-06-05 21:00:00,70.99046519764418
srv-008,2017-06-05 22:00:00,70.99046514977583
srv-008,2017-06-05 23:00:00,70.99046510933793
srv-008,2017-06-06 00:00:00,70.99046507517707
srv-008,2017-06-06 01:00:00,70.9904650463189
srv-008,2017-06-06 02:00:00,70.9904650219403
srv-008,2017-06-06 03:00:00,70.9904650013459
srv-008,2017-06-06 04:00:00,70.9904649839483
srv-008,2017-06-06 05:00:00,70.99046496925128
srv-008,2017-06-06 06:00:00,70.99046495683564
srv-008,2017-06-06 07:00:00,70.99046494634723
srv-008,2017-06-06 08:00:00,70.9904649374869
srv-008,2017-06-06 09:00:00,70.99046493000193
srv-008,2017-06-06 10:00:00,70.99046492367884
srv-008,2017-06-06 11:00:00,70.99046491833725
srv-008,2017-06-06 12:00:00,70.99046491382484
srv-008,2017-06-06 13:00:00,70.99046491001286
srv-008,2017-06-06 14:00:00,70.9904649067926
srv-008,2017-06-06 15:00:00,70.99046490407221
srv-008,2017-06-06 16:00:00,70.9904649017741
srv-008,2017-06-06 17:00:00,70.99046489983273
srv-008,2017-06-06 18:00:00,70.9904648981927
srv-008,2017-06-06 19:00:00,70.99046489680725
srv-008,2017-06-06 20:00:00,70.99046489563686
srv-008,2017-06-06 21:00:00,70.99046489464814
srv-008,2017-06-06 22:00:00,70.9904648938129
srv-008,2017-06-06 23:00:00,70.99046489310732
srv-008,2017-06-07 00:00:00,70.99046489251126
srv-008,2017-06-07 01:00:00,70.99046489200772
srv-008,2017-06-07 02:00:00,70.99046489158233
srv-008,2017-06-07 03:00:00,70.990464891223
srv-008,2017-06-07 04:00:00,70.99046489091943
srv-008,2017-06-07 05:00:00,70.99046489066299
srv-008,2017-06-07 06:00:00,70.99046489044635
srv-008,2017-06-07 07:00:00,70.99046489026334
srv-008,2017-06-07 08:00:00,70.99046489010874
srv-008,2017-06-07 09:00:00,70.99046488997814
srv-008,2017-06-07 10:00:00,70.99046488986781
srv-008,2017-06-07 11:00:00,70.9904648897746
srv-008,2017-06-07 12:00:00,70.99046488969587
srv-008,2017-06-07 13:00:00,70.99046488962935
srv-008,2017-06-07 14:00:00,70.99046488957316
srv-008,2017-06-07 15:00:00,70.9904648895257
srv-008,2017-06-07 16:00:00,70.9904648894856
srv-008,2017-06-07 17:00:00,70.99046488945173
srv-008,2017-06-07 18:00:00,70.99046488942311
srv-008,2017-06-07 19:00:00,70.99046488939894
srv-008,2017-06-07 20:00:00,70.99046488937852
srv-008,2017-06-07 21:00:00,70.99046488936126
srv-008,2017-06-07 22:00:00,70.99046488934668
srv-008,2017-06-07 23:00:00,70.99046488933438
srv-008,2017-06-08 00:00:00,70.99046488932397
srv-008,2017-06-08 01:00:00,70.99046488931519
srv-008,2017-06-08 02:00:00,70.99046488930776
srv-008,2017-06-08 03:00:00,70.99046488930149
srv-008,2017-06-08 04:00:00,70.99046488929619
srv-008,2017-06-08 05:00:00,70.99046488929173
srv-008,2017-06-08 06:00:00,70.99046488928795
srv-008,2017-06-08 07:00:00,70.99046488928475
srv-008,2017-06-08 08:00:00,70.99046488928205
srv-008,2017-06-08 09:00:00,70.99046488927978
srv-008,2017-06-08 10:00:00,70.99046488927785
srv-008,2017-06-08 11:00:00,70.99046488927623
srv-008,2017-06-08 12:00:00,70.99046488927485
srv-008,2017-06-08 13:00:00,70.99046488927368
srv-008,2017-06-08 14:00:00,70.9904648892727
srv-008,2017-06-08 15:00:00,70.99046488927188
srv-008,2017-06-08 16:00:00,70.99046488927118
srv-008,2017-06-08 17:00:00,70.99046488927058
srv-008,2017-06-08 18:00:00,70.99046488927009
srv-008,2017-06-08 19:00:00,70.99046488926967
srv-008,2017-06-08 20:00:00,70.9904648892693
srv-008,2017-06-08 21:00:00,70.990464889269
srv-008,2017-06-08 22:00:00,70.99046488926875
srv-008,2017-06-08 23:00:00,70.99046488926854
srv-008,2017-06-09 00:00:00,70.99046488926835
srv-008,2017-06-09 01:00:00,70.99046488926821
srv-008,2017-06-09 02:00:00,70.99046488926808
srv-008,2017-06-09 03:00:00,70.99046488926797
srv-008,2017-06-09 04:00:00,70.99046488926787
srv-008,2017-06-09 05:00:00,70.9904648892678
srv-008,2017-06-09 06:00:00,70.99046488926773
srv-008,2017-06-09 07:00:00,70.99046488926767
srv-008,2017-06-09 08:00:00,70.99046488926763
srv-008,2017-06-09 09:00:00,70.99046488926759
srv-008,2017-06-09 10:00:00,70.99046488926756
srv-008,2017-06-09 11:00:00,70.99046488926753
srv-008,2017-06-09 12:00:00,70.9904648892675
srv-008,2017-06-09 13:00:00,70.99046488926749
srv-008,2017-06-09 14:00:00,70.99046488926747
srv-008,2017-06-09 15:00:00,70.99046488926746
srv-008,2017-06-09 16:00:00,70.99046488926744
srv-008,2017-06-09 17:00:00,70.99046488926743
srv-008,2017-06-09 18:00:00,70.99046488926741
srv-008,2017-06-09 19:00:00,70.99046488926741
srv-008,2017-06-09 20:00:00,70.9904648892674
srv-008,2017-06-09 21:00:00,70.9904648892674
srv-008,2017-06-09 22:00:00,70.9904648892674
srv-008,2017-06-09 23:00:00,70.99046488926739
srv-008,2017-06-10 00:00:00,70.99046488926739
srv-008,2017-06-10 01:00:00,70.99046488926739
srv-008,2017-06-10 02:00:00,70.99046488926739
srv-008,2017-06-10 03:00:00,70.99046488926739
srv-008,2017-06-10 04:00:00,70.99046488926739
srv-008,2017-06-10 05:00:00,70.99046488926739
srv-008,2017-06-10 06:00:00,70.99046488926737
srv-008,2017-06-10 07:00:00,70.99046488926737
srv-008,2017-06-10 08:00:00,70.99046488926737
srv-008,2017-06-10 09:00:00,70.99046488926737
srv-008,2017-06-10 10:00:00,70.99046488926737
srv-008,2017-06-10 11:00:00,70.99046488926737
srv-008,2017-06-10 12:00:00,70.99046488926737
srv-008,2017-06-10 13:00:00,70.99046488926737
srv-008,2017-06-10 14:00:00,70.99046488926737
srv-008,2017-06-10 15:00:00,70.99046488926737
srv-008,2017-06-10 16:00:00,70.99046488926737
srv-008,2017-06-10 17:00:00,70.99046488926737
srv-008,2017-06-10 18:00:00,70.99046488926737
srv-008,2017-06-10 19:00:00,70.99046488926737
srv-008,2017-06-10 20:00:00,70.99046488926737
srv-008,2017-06-10 21:00:00,70.99046488926737
srv-008,2017-06-10 22:00:00,70.99046488926737
srv-008,2017-06-10 23:00:00,70.99046488926737
srv-008,2017-06-11 00:00:00,70.99046488926737
srv-008,2017-06-11 01:00:00,70.99046488926737
srv-008,2017-06-11 02:00:00,70.99046488926737
srv-008,2017-06-11 03:00:00,70.99046488926737
srv-008,2017-06-11 04:00:00,70.99046488926737
srv-008,2017-06-11 05:00:00,70.99046488926737
srv-008,2017-06-11 06:00:00,70.99046488926737
srv-008,2017-06-11 07:00:00,70.99046488926737
srv-008,2017-06-11 08:00:00,70.99046488926737
srv-008,2017-06-11 09:00:00,70.99046488926737
srv-008,2017-06-11 10:00:00,70.99046488926737
srv-008,2017-06-11 11:00:00,70.99046488926737
srv-008,2017-06-11 12:00:00,70.99046488926737
srv-008,2017-06-11 13:00:00,70.99046488926737
srv-008,2017-06-11 14:00:00,70.99046488926737
srv-008,2017-06-11 15:00:00,70.99046488926737
srv-008,2017-06-11 16:00:00,70.99046488926737
srv-008,2017-06-11 17:00:00,70.99046488926737
srv-008,2017-06-11 18:00:00,70.99046488926737
srv-008,2017-06-11 19:00:00,70.99046488926737
srv-008,2017-06-11 20:00:00,70.99046488926737
srv-008,2017-06-11 21:00:00,70.99046488926737
srv-008,2017-06-11 22:00:00,70.99046488926737
srv-008,2017-06-11 23:00:00,70.99046488926737
srv-008,2017-06-12 00:00:00,70.99046488926737
srv-008,2017-06-12 01:00:00,70.99046488926737
srv-008,2017-06-12 02:00:00,70.99046488926737
srv-008,2017-06-12 03:00:00,70.99046488926737
srv-008,2017-06-12 04:00:00,70.99046488926737
srv-008,2017-06-12 05:00:00,70.99046488926737
srv-008,2017-06-12 06:00:00,70.99046488926737
srv-008,2017-06-12 07:00:00,70.99046488926737
srv-008,2017-06-12 08:00:00,70.99046488926737
srv-008,2017-06-12 09:00:00,70.99046488926737
srv-008,2017-06-12 10:00:00,70.99046488926737
srv-008,2017-06-12 11:00:00,70.99046488926737
srv-008,2017-06-12 12:00:00,70.99046488926737
srv-008,2017-06-12 13:00:00,70.99046488926737
srv-008,2017-06-12 14:00:00,70.99046488926737
srv-008,2017-06-12 15:00:00,70.99046488926737
srv-008,2017-06-12 16:00:00,70.99046488926737
srv-008,2017-06-12 17:00:00,70.99046488926737
srv-008,2017-06-12 18:00:00,70.99046488926737
srv-008,2017-06-12 19:00:00,70.99046488926737
srv-008,2017-06-12 20:00:00,70.99046488926737
srv-008,2017-06-12 21:00:00,70.99046488926737
srv-008,2017-06-12 22:00:00,70.99046488926737
srv-008,2017-06-12 23:00:00,70.99046488926737
srv-008,2017-06-13 00:00:00,70.99046488926737
srv-008,2017-06-13 01:00:00,70.99046488926737
srv-008,2017-06-13 02:00:00,70.99046488926737
srv-008,2017-06-13 03:00:00,70.99046488926737
srv-008,2017-06-13 04:00:00,70.99046488926737
srv-008,2017-06-13 05:00:00,70.99046488926737
srv-008,2017-06-13 06:00:00,70.99046488926737
srv-008,2017-06-13 07:00:00,70.99046488926737
srv-008,2017-06-13 08:00:00,70.99046488926737
srv-008,2017-06-13 09:00:00,70.99046488926737
srv-008,2017-06-13 10:00:00,70.99046488926737
srv-008,2017-06-13 11:00:00,70.99046488926737
srv-008,2017-06-13 12:00:00,70.99046488926737
srv-008,2017-06-13 13:00:00,70.99046488926737
srv-008,2017-06-13 14:00:00,70.99046488926737
srv-008,2017-06-13 15:00:00,70.99046488926737
srv-008,2017-06-13 16:00:00,70.99046488926737
srv-008,2017-06-13 17:00:00,70.99046488926737
srv-008,2017-06-13 18:00:00,70.99046488926737
srv-008,2017-06-13 19:00:00,70.99046488926737
srv-008,2017-06-13 20:00:00,70.99046488926737
srv-008,2017-06-13 21:00:00,70.99046488926737
srv-008,2017-06-13 22:00:00,70.99046488926737
srv-008,2017-06-13 23:00:00,70.99046488926737
srv-008,2017-06-14 00:00:00,70.99046488926737
srv-008,2017-06-14 01:00:00,70.99046488926737
srv-008,2017-06-14 02:00:00,70.99046488926737
srv-008,2017-06-14 03:00:00,70.99046488926737
srv-008,2017-06-14 04:00:00,70.99046488926737
srv-008,2017-06-14 05:00:00,70.99046488926737
srv-008,2017-06-14 06:00:00,70.99046488926737
srv-008,2017-06-14 07:00:00,70.99046488926737
srv-008,2017-06-14 08:00:00,70.99046488926737
srv-008,2017-06-14 09:00:00,70.99046488926737
srv-008,2017-06-14 10:00:00,70.99046488926737
srv-008,2017-06-14 11:00:00,70.99046488926737
srv-008,2017-06-14 12:00:00,70.99046488926737
srv-008,2017-06-14 13:00:00,70.99046488926737
srv-008,2017-06-14 14:00:00,70.99046488926737
srv-008,2017-06-14 15:00:00,70.99046488926737
srv-008,2017-06-14 16:00:00,70.99046488926737
srv-008,2017-06-14 17:00:00,70.99046488926737
srv-008,2017-06-14 18:00:00,70.99046488926737
srv-008,2017-06-14 19:00:00,70.99046488926737
srv-008,2017-06-14 20:00:00,70.99046488926737
srv-008,2017-06-14 21:00:00,70.99046488926737
srv-008,2017-06-14 22:00:00,70.99046488926737
srv-008,2017-06-14 23:00:00,70.99046488926737
srv-008,2017-06-15 00:00:00,70.99046488926737
srv-008,2017-06-15 01:00:00,70.99046488926737
srv-008,2017-06-15 02:00:00,70.99046488926737
srv-008,2017-06-15 03:00:00,70.99046488926737
srv-008,2017-06-15 04:00:00,70.99046488926737
srv-008,2017-06-15 05:00:00,70.99046488926737
srv-008,2017-06-15 06:00:00,70.99046488926737
srv-008,2017-06-15 07:00:00,70.99046488926737
srv-008,2017-06-15 08:00:00,70.99046488926737
srv-008,2017-06-15 09:00:00,70.99046488926737
srv-008,2017-06-15 10:00:00,70.99046488926737
srv-008,2017-06-15 11:00:00,70.99046488926737
srv-008,2017-06-15 12:00:00,70.99046488926737
srv-008,2017-06-15 13:00:00,70.99046488926737
srv-008,2017-06-15 14:00:00,70.99046488926737
srv-008,2017-06-15 15:00:00,70.99046488926737
srv-008,2017-06-15 16:00:00,70.99046488926737
srv-008,2017-06-15 17:00:00,70.99046488926737
srv-008,2017-06-15 18:00:00,70.99046488926737
srv-008,2017-06-15 19:00:00,70.99046488926737
srv-008,2017-06-15 20:00:00,70.99046488926737
srv-008,2017-06-15 21:00:00,70.99046488926737
srv-008,2017-06-15 22:00:00,70.99046488926737
srv-008,2017-06-15 23:00:00,70.99046488926737
srv-008,2017-06-16 00:00:00,70.99046488926737
srv-008,2017-06-16 01:00:00,70.99046488926737
srv-008,2017-06-16 02:00:00,70.99046488926737
srv-008,2017-06-16 03:00:00,70.99046488926737
srv-008,2017-06-16 04:00:00,70.99046488926737
srv-008,2017-06-16 05:00:00,70.99046488926737
srv-008,2017-06-16 06:00:00,70.99046488926737
srv-008,2017-06-16 07:00:00,70.99046488926737
srv-008,2017-06-16 08:00:00,70.99046488926737
srv-008,2017-06-16 09:00:00,70.99046488926737
srv-008,2017-06-16 10:00:00,70.99046488926737
srv-008,2017-06-16 11:00:00,70.99046488926737
srv-008,2017-06-16 12:00:00,70.99046488926737
srv-008,2017-06-16 13:00:00,70.99046488926737
srv-008,2017-06-16 14:00:00,70.99046488926737
srv-008,2017-06-16 15:00:00,70.99046488926737
srv-008,2017-06-16 16:00:00,70.99046488926737
srv-008,2017-06-16 17:00:00,70.99046488926737
srv-008,2017-06-16 18:00:00,70.99046488926737
srv-008,2017-06-16 19:00:00,70.99046488926737
srv-008,2017-06-16 20:00:00,70.99046488926737
srv-008,2017-06-16 21:00:00,70.99046488926737
srv-008,2017-06-16 22:00:00,70.99046488926737
srv-008,2017-06-16 23:00:00,70.99046488926737
srv-008,2017-06-17 00:00:00,70.99046488926737
srv-008,2017-06-17 01:00:00,70.99046488926737
srv-008,2017-06-17 02:00:00,70.99046488926737
srv-008,2017-06-17 03:00:00,70.99046488926737
srv-008,2017-06-17 04:00:00,70.99046488926737
srv-008,2017-06-17 05:00:00,70.99046488926737
srv-008,2017-06-17 06:00:00,70.99046488926737
srv-008,2017-06-17 07:00:00,70.99046488926737
srv-008,2017-06-17 08:00:00,70.99046488926737
srv-008,2017-06-17 09:00:00,70.99046488926737
srv-008,2017-06-17 10:00:00,70.99046488926737
srv-008,2017-06-17 11:00:00,70.99046488926737
srv-008,2017-06-17 12:00:00,70.99046488926737
srv-008,2017-06-17 13:00:00,70.99046488926737
srv-008,2017-06-17 14:00:00,70.99046488926737
srv-008,2017-06-17 15:00:00,70.99046488926737
srv-008,2017-06-17 16:00:00,70.99046488926737
srv-008,2017-06-17 17:00:00,70.99046488926737
srv-008,2017-06-17 18:00:00,70.99046488926737
srv-008,2017-06-17 19:00:00,70.99046488926737
srv-008,2017-06-17 20:00:00,70.99046488926737
srv-008,2017-06-17 21:00:00,70.99046488926737
srv-008,2017-06-17 22:00:00,70.99046488926737
srv-008,2017-06-17 23:00:00,70.99046488926737
srv-008,2017-06-18 00:00:00,70.99046488926737
srv-008,2017-06-18 01:00:00,70.99046488926737
srv-008,2017-06-18 02:00:00,70.99046488926737
srv-008,2017-06-18 03:00:00,70.99046488926737
srv-008,2017-06-18 04:00:00,70.99046488926737
srv-008,2017-06-18 05:00:00,70.99046488926737
srv-008,2017-06-18 06:00:00,70.99046488926737
srv-008,2017-06-18 07:00:00,70.99046488926737
srv-008,2017-06-18 08:00:00,70.99046488926737
srv-008,2017-06-18 09:00:00,70.99046488926737
srv-008,2017-06-18 10:00:00,70.99046488926737
srv-008,2017-06-18 11:00:00,70.99046488926737
srv-008,2017-06-18 12:00:00,70.99046488926737
srv-008,2017-06-18 13:00:00,70.99046488926737
srv-008,2017-06-18 14:00:00,70.99046488926737
srv-008,2017-06-18 15:00:00,70.99046488926737
srv-008,2017-06-18 16:00:00,70.99046488926737
srv-008,2017-06-18 17:00:00,70.99046488926737
srv-008,2017-06-18 18:00:00,70.99046488926737
srv-008,2017-06-18 19:00:00,70.99046488926737
srv-008,2017-06-18 20:00:00,70.99046488926737
srv-008,2017-06-18 21:00:00,70.99046488926737
srv-008,2017-06-18 22:00:00,70.99046488926737
srv-008,2017-06-18 23:00:00,70.99046488926737
srv-008,2017-06-19 00:00:00,70.99046488926737
srv-008,2017-06-19 01:00:00,70.99046488926737
srv-008,2017-06-19 02:00:00,70.99046488926737
srv-008,2017-06-19 03:00:00,70.99046488926737
srv-008,2017-06-19 04:00:00,70.99046488926737
srv-008,2017-06-19 05:00:00,70.99046488926737
srv-008,2017-06-19 06:00:00,70.99046488926737
srv-008,2017-06-19 07:00:00,70.99046488926737
srv-008,2017-06-19 08:00:00,70.99046488926737
srv-008,2017-06-19 09:00:00,70.99046488926737
srv-008,2017-06-19 10:00:00,70.99046488926737
srv-008,2017-06-19 11:00:00,70.99046488926737
srv-008,2017-06-19 12:00:00,70.99046488926737
srv-008,2017-06-19 13:00:00,70.99046488926737
srv-008,2017-06-19 14:00:00,70.99046488926737
srv-008,2017-06-19 15:00:00,70.99046488926737
srv-008,2017-06-19 16:00:00,70.99046488926737
srv-008,2017-06-19 17:00:00,70.99046488926737
srv-008,2017-06-19 18:00:00,70.99046488926737
srv-008,2017-06-19 19:00:00,70.99046488926737
srv-008,2017-06-19 20:00:00,70.99046488926737
srv-008,2017-06-19 21:00:00,70.99046488926737
srv-008,2017-06-19 22:00:00,70.99046488926737
srv-008,2017-06-19 23:00:00,70.99046488926737
srv-008,2017-06-20 00:00:00,70.99046488926737
srv-008,2017-06-20 01:00:00,70.99046488926737
srv-008,2017-06-20 02:00:00,70.99046488926737
srv-008,2017-06-20 03:00:00,70.99046488926737
srv-008,2017-06-20 04:00:00,70.99046488926737
srv-008,2017-06-20 05:00:00,70.99046488926737
srv-008,2017-06-20 06:00:00,70.99046488926737
srv-008,2017-06-20 07:00:00,70.99046488926737
srv-008,2017-06-20 08:00:00,70.99046488926737
srv-008,2017-06-20 09:00:00,70.99046488926737
srv-008,2017-06-20 10:00:00,70.99046488926737
srv-008,2017-06-20 11:00:00,70.99046488926737
srv-008,2017-06-20 12:00:00,70.99046488926737
srv-008,2017-06-20 13:00:00,70.99046488926737
srv-008,2017-06-20 14:00:00,70.99046488926737
srv-008,2017-06-20 15:00:00,70.99046488926737
srv-008,2017-06-20 16:00:00,70.99046488926737
srv-008,2017-06-20 17:00:00,70.99046488926737
srv-008,2017-06-20 18:00:00,70.99046488926737
srv-008,2017-06-20 19:00:00,70.99046488926737
srv-008,2017-06-20 20:00:00,70.99046488926737
srv-008,2017-06-20 21:00:00,70.99046488926737
srv-008,2017-06-20 22:00:00,70.99046488926737
srv-008,2017-06-20 23:00:00,70.99046488926737
srv-008,2017-06-21 00:00:00,70.99046488926737
srv-008,2017-06-21 01:00:00,70.99046488926737
srv-008,2017-06-21 02:00:00,70.99046488926737
srv-008,2017-06-21 03:00:00,70.99046488926737
srv-008,2017-06-21 04:00:00,70.99046488926737
srv-008,2017-06-21 05:00:00,70.99046488926737
srv-008,2017-06-21 06:00:00,70.99046488926737
srv-008,2017-06-21 07:00:00,70.99046488926737
srv-008,2017-06-21 08:00:00,70.99046488926737
srv-008,2017-06-21 09:00:00,70.99046488926737
srv-008,2017-06-21 10:00:00,70.99046488926737
srv-008,2017-06-21 11:00:00,70.99046488926737
srv-008,2017-06-21 12:00:00,70.99046488926737
srv-008,2017-06-21 13:00:00,70.99046488926737
srv-008,2017-06-21 14:00:00,70.99046488926737
srv-008,2017-06-21 15:00:00,70.99046488926737
srv-008,2017-06-21 16:00:00,70.99046488926737
srv-008,2017-06-21 17:00:00,70.99046488926737
srv-008,2017-06-21 18:00:00,70.99046488926737
srv-008,2017-06-21 19:00:00,70.99046488926737
srv-008,2017-06-21 20:00:00,70.99046488926737
srv-008,2017-06-21 21:00:00,70.99046488926737
srv-008,2017-06-21 22:00:00,70.99046488926737
srv-008,2017-06-21 23:00:00,70.99046488926737
srv-008,2017-06-22 00:00:00,70.99046488926737
srv-008,2017-06-22 01:00:00,70.99046488926737
srv-008,2017-06-22 02:00:00,70.99046488926737
srv-008,2017-06-22 03:00:00,70.99046488926737
srv-008,2017-06-22 04:00:00,70.99046488926737
srv-008,2017-06-22 05:00:00,70.99046488926737
srv-008,2017-06-22 06:00:00,70.99046488926737
srv-008,2017-06-22 07:00:00,70.99046488926737
srv-008,2017-06-22 08:00:00,70.99046488926737
srv-008,2017-06-22 09:00:00,70.99046488926737
srv-008,2017-06-22 10:00:00,70.99046488926737
srv-008,2017-06-22 11:00:00,70.99046488926737
srv-008,2017-06-22 12:00:00,70.99046488926737
srv-008,2017-06-22 13:00:00,70.99046488926737
srv-008,2017-06-22 14:00:00,70.99046488926737
srv-008,2017-06-22 15:00:00,70.99046488926737
srv-008,2017-06-22 16:00:00,70.99046488926737
srv-008,2017-06-22 17:00:00,70.99046488926737
srv-008,2017-06-22 18:00:00,70.99046488926737
srv-008,2017-06-22 19:00:00,70.99046488926737
srv-008,2017-06-22 20:00:00,70.99046488926737
srv-008,2017-06-22 21:00:00,70.99046488926737
srv-008,2017-06-22 22:00:00,70.99046488926737
srv-008,2017-06-22 23:00:00,70.99046488926737
srv-008,2017-06-23 00:00:00,70.99046488926737
srv-008,2017-06-23 01:00:00,70.99046488926737
srv-008,2017-06-23 02:00:00,70.99046488926737
srv-008,2017-06-23 03:00:00,70.99046488926737
srv-008,2017-06-23 04:00:00,70.99046488926737
srv-008,2017-06-23 05:00:00,70.99046488926737
srv-008,2017-06-23 06:00:00,70.99046488926737
srv-008,2017-06-23 07:00:00,70.99046488926737
srv-008,2017-06-23 08:00:00,70.99046488926737
srv-008,2017-06-23 09:00:00,70.99046488926737
srv-008,2017-06-23 10:00:00,70.99046488926737
srv-008,2017-06-23 11:00:00,70.99046488926737
srv-008,2017-06-23 12:00:00,70.99046488926737
srv-008,2017-06-23 13:00:00,70.99046488926737
srv-008,2017-06-23 14:00:00,70.99046488926737
srv-008,2017-06-23 15:00:00,70.99046488926737
srv-008,2017-06-23 16:00:00,70.99046488926737
srv-008,2017-06-23 17:00:00,70.99046488926737
srv-008,2017-06-23 18:00:00,70.99046488926737
srv-008,2017-06-23 19:00:00,70.99046488926737
srv-008,2017-06-23 20:00:00,70.99046488926737
srv-008,2017-06-23 21:00:00,70.99046488926737
srv-008,2017-06-23 22:00:00,70.99046488926737
srv-008,2017-06-23 23:00:00,70.99046488926737
srv-008,2017-06-24 00:00:00,70.99046488926737
srv-008,2017-06-24 01:00:00,70.99046488926737
srv-008,2017-06-24 02:00:00,70.99046488926737
srv-008,2017-06-24 03:00:00,70.99046488926737
srv-008,2017-06-24 04:00:00,70.99046488926737
srv-008,2017-06-24 05:00:00,70.99046488926737
srv-008,2017-06-24 06:00:00,70.99046488926737
srv-008,2017-06-24 07:00:00,70.99046488926737
srv-008,2017-06-24 08:00:00,70.99046488926737
srv-008,2017-06-24 09:00:00,70.99046488926737
srv-008,2017-06-24 10:00:00,70.99046488926737
srv-008,2017-06-24 11:00:00,70.99046488926737
srv-008,2017-06-24 12:00:00,70.99046488926737
srv-008,2017-06-24 13:00:00,70.99046488926737
srv-008,2017-06-24 14:00:00,70.99046488926737
srv-008,2017-06-24 15:00:00,70.99046488926737
srv-008,2017-06-24 16:00:00,70.99046488926737
srv-008,2017-06-24 17:00:00,70.99046488926737
srv-008,2017-06-24 18:00:00,70.99046488926737
srv-008,2017-06-24 19:00:00,70.99046488926737
srv-008,2017-06-24 20:00:00,70.99046488926737
srv-008,2017-06-24 21:00:00,70.99046488926737
srv-008,2017-06-24 22:00:00,70.99046488926737
srv-008,2017-06-24 23:00:00,70.99046488926737
srv-008,2017-06-25 00:00:00,70.99046488926737
srv-008,2017-06-25 01:00:00,70.99046488926737
srv-008,2017-06-25 02:00:00,70.99046488926737
srv-008,2017-06-25 03:00:00,70.99046488926737
srv-008,2017-06-25 04:00:00,70.99046488926737
srv-008,2017-06-25 05:00:00,70.99046488926737
srv-008,2017-06-25 06:00:00,70.99046488926737
srv-008,2017-06-25 07:00:00,70.99046488926737
srv-008,2017-06-25 08:00:00,70.99046488926737
srv-008,2017-06-25 09:00:00,70.99046488926737
srv-008,2017-06-25 10:00:00,70.99046488926737
srv-008,2017-06-25 11:00:00,70.99046488926737
srv-008,2017-06-25 12:00:00,70.99046488926737
srv-008,2017-06-25 13:00:00,70.99046488926737
srv-008,2017-06-25 14:00:00,70.99046488926737
srv-008,2017-06-25 15:00:00,70.99046488926737
srv-008,2017-06-25 16:00:00,70.99046488926737
srv-008,2017-06-25 17:00:00,70.99046488926737
srv-008,2017-06-25 18:00:00,70.99046488926737
srv-008,2017-06-25 19:00:00,70.99046488926737
srv-008,2017-06-25 20:00:00,70.99046488926737
srv-008,2017-06-25 21:00:00,70.99046488926737
srv-008,2017-06-25 22:00:00,70.99046488926737
srv-008,2017-06-25 23:00:00,70.99046488926737
srv-008,2017-06-26 00:00:00,70.99046488926737
srv-008,2017-06-26 01:00:00,70.99046488926737
srv-008,2017-06-26 02:00:00,70.99046488926737
srv-008,2017-06-26 03:00:00,70.99046488926737
srv-008,2017-06-26 04:00:00,70.99046488926737
srv-008,2017-06-26 05:00:00,70.99046488926737
srv-008,2017-06-26 06:00:00,70.99046488926737
srv-008,2017-06-26 07:00:00,70.99046488926737
srv-008,2017-06-26 08:00:00,70.99046488926737
srv-008,2017-06-26 09:00:00,70.99046488926737
srv-008,2017-06-26 10:00:00,70.99046488926737
srv-008,2017-06-26 11:00:00,70.99046488926737
srv-008,2017-06-26 12:00:00,70.99046488926737
srv-008,2017-06-26 13:00:00,70.99046488926737
srv-008,2017-06-26 14:00:00,70.99046488926737
srv-008,2017-06-26 15:00:00,70.99046488926737
srv-008,2017-06-26 16:00:00,70.99046488926737
srv-008,2017-06-26 17:00:00,70.99046488926737
srv-008,2017-06-26 18:00:00,70.99046488926737
srv-008,2017-06-26 19:00:00,70.99046488926737
srv-008,2017-06-26 20:00:00,70.99046488926737
srv-008,2017-06-26 21:00:00,70.99046488926737
srv-008,2017-06-26 22:00:00,70.99046488926737
srv-008,2017-06-26 23:00:00,70.99046488926737
srv-008,2017-06-27 00:00:00,70.99046488926737
srv-008,2017-06-27 01:00:00,70.99046488926737
srv-008,2017-06-27 02:00:00,70.99046488926737
srv-008,2017-06-27 03:00:00,70.99046488926737
srv-008,2017-06-27 04:00:00,70.99046488926737
srv-008,2017-06-27 05:00:00,70.99046488926737
srv-008,2017-06-27 06:00:00,70.99046488926737
srv-008,2017-06-27 07:00:00,70.99046488926737
srv-008,2017-06-27 08:00:00,70.99046488926737
srv-008,2017-06-27 09:00:00,70.99046488926737
srv-008,2017-06-27 10:00:00,70.99046488926737
srv-008,2017-06-27 11:00:00,70.99046488926737
srv-008,2017-06-27 12:00:00,70.99046488926737
srv-008,2017-06-27 13:00:00,70.99046488926737
srv-008,2017-06-27 14:00:00,70.99046488926737
srv-008,2017-06-27 15:00:00,70.99046488926737
srv-008,2017-06-27 16:00:00,70.99046488926737
srv-008,2017-06-27 17:00:00,70.99046488926737
srv-008,2017-06-27 18:00:00,70.99046488926737
srv-008,2017-06-27 19:00:00,70.99046488926737
srv-008,2017-06-27 20:00:00,70.99046488926737
srv-008,2017-06-27 21:00:00,70.99046488926737
srv-008,2017-06-27 22:00:00,70.99046488926737
srv-008,2017-06-27 23:00:00,70.99046488926737
srv-008,2017-06-28 00:00:00,70.99046488926737
srv-008,2017-06-28 01:00:00,70.99046488926737
srv-008,2017-06-28 02:00:00,70.99046488926737
srv-008,2017-06-28 03:00:00,70.99046488926737
srv-008,2017-06-28 04:00:00,70.99046488926737
srv-008,2017-06-28 05:00:00,70.99046488926737
srv-008,2017-06-28 06:00:00,70.99046488926737
srv-008,2017-06-28 07:00:00,70.99046488926737
srv-008,2017-06-28 08:00:00,70.99046488926737
srv-008,2017-06-28 09:00:00,70.99046488926737
srv-008,2017-06-28 10:00:00,70.99046488926737
srv-008,2017-06-28 11:00:00,70.99046488926737
srv-008,2017-06-28 12:00:00,70.99046488926737
srv-008,2017-06-28 13:00:00,70.99046488926737
srv-008,2017-06-28 14:00:00,70.99046488926737
srv-008,2017-06-28 15:00:00,70.99046488926737
srv-008,2017-06-28 16:00:00,70.99046488926737
srv-008,2017-06-28 17:00:00,70.99046488926737
srv-008,2017-06-28 18:00:00,70.99046488926737
srv-008,2017-06-28 19:00:00,70.99046488926737
srv-008,2017-06-28 20:00:00,70.99046488926737
srv-008,2017-06-28 21:00:00,70.99046488926737
srv-008,2017-06-28 22:00:00,70.99046488926737
srv-008,2017-06-28 23:00:00,70.99046488926737
srv-008,2017-06-29 00:00:00,70.99046488926737
srv-008,2017-06-29 01:00:00,70.99046488926737
srv-008,2017-06-29 02:00:00,70.99046488926737
srv-008,2017-06-29 03:00:00,70.99046488926737
srv-008,2017-06-29 04:00:00,70.99046488926737
srv-008,2017-06-29 05:00:00,70.99046488926737
srv-008,2017-06-29 06:00:00,70.99046488926737
srv-008,2017-06-29 07:00:00,70.99046488926737
srv-008,2017-06-29 08:00:00,70.99046488926737
srv-008,2017-06-29 09:00:00,70.99046488926737
srv-008,2017-06-29 10:00:00,70.99046488926737
srv-008,2017-06-29 11:00:00,70.99046488926737
srv-008,2017-06-29 12:00:00,70.99046488926737
srv-008,2017-06-29 13:00:00,70.99046488926737
srv-008,2017-06-29 14:00:00,70.99046488926737
srv-008,2017-06-29 15:00:00,70.99046488926737
srv-008,2017-06-29 16:00:00,70.99046488926737
srv-008,2017-06-29 17:00:00,70.99046488926737
srv-008,2017-06-29 18:00:00,70.99046488926737
srv-008,2017-06-29 19:00:00,70.99046488926737
srv-008,2017-06-29 20:00:00,70.99046488926737
srv-008,2017-06-29 21:00:00,70.99046488926737
srv-008,2017-06-29 22:00:00,70.99046488926737
srv-008,2017-06-29 23:00:00,70.99046488926737
srv-008,2017-06-30 00:00:00,70.99046488926737
srv-008,2017-06-30 01:00:00,70.99046488926737
srv-008,2017-06-30 02:00:00,70.99046488926737
srv-008,2017-06-30 03:00:00,70.99046488926737
srv-008,2017-06-30 04:00:00,70.99046488926737
srv-008,2017-06-30 05:00:00,70.99046488926737
srv-008,2017-06-30 06:00:00,70.99046488926737
srv-008,2017-06-30 07:00:00,70.99046488926737
srv-008,2017-06-30 08:00:00,70.99046488926737
srv-008,2017-06-30 09:00:00,70.99046488926737
srv-008,2017-06-30 10:00:00,70.99046488926737
srv-008,2017-06-30 11:00:00,70.99046488926737
srv-008,2017-06-30 12:00:00,70.99046488926737
srv-008,2017-06-30 13:00:00,70.99046488926737
srv-008,2017-06-30 14:00:00,70.99046488926737
srv-008,2017-06-30 15:00:00,70.99046488926737
srv-008,2017-06-30 16:00:00,70.99046488926737
srv-008,2017-06-30 17:00:00,70.99046488926737
srv-008,2017-06-30 18:00:00,70.99046488926737
srv-008,2017-06-30 19:00:00,70.99046488926737
srv-008,2017-06-30 20:00:00,70.99046488926737
srv-008,2017-06-30 21:00:00,70.99046488926737
srv-008,2017-06-30 22:00:00,70.99046488926737
srv-008,2017-06-30 23:00:00,70.99046488926737
srv-009,2017-06-01 23:00:00,31.178804501125363
srv-009,2017-06-02 00:00:00,31.40722408381926
srv-009,2017-06-02 01:00:00,31.571186948287792
srv-009,2017-06-02 02:00:00,31.68888185258482
srv-009,2017-06-02 03:00:00,31.7733649490615
srv-009,2017-06-02 04:00:00,31.834008131813697
srv-009,2017-06-02 05:00:00,31.877538681328204
srv-009,2017-06-02 06:00:00,31.908785536375007
srv-009,2017-06-02 07:00:00,31.9312149787139
srv-009,2017-06-02 08:00:00,31.947315155287836
srv-009,2017-06-02 09:00:00,31.958872093788372
srv-009,2017-06-02 10:00:00,31.96716783060168
srv-009,2017-06-02 11:00:00,31.973122629900175
srv-009,2017-06-02 12:00:00,31.977397070553646
srv-009,2017-06-02 13:00:00,31.980465325583616
srv-009,2017-06-02 14:00:00,31.98266776321046
srv-009,2017-06-02 15:00:00,31.984248704642244
srv-009,2017-06-02 16:00:00,31.985383527159012
srv-009,2017-06-02 17:00:00,31.986198119096876
srv-009,2017-06-02 18:00:00,31.98678284491561
srv-009,2017-06-02 19:00:00,31.987202569525195
srv-009,2017-06-02 20:00:00,31.98750385389173
srv-009,2017-06-02 21:00:00,31.9877201201469
srv-009,2017-06-02 22:00:00,31.987875359177927
srv-009,2017-06-02 23:00:00,31.987986791989005
srv-009,2017-06-03 00:00:00,31.988066780064827
srv-009,2017-06-03 01:00:00,31.98812419665705
srv-009,2017-06-03 02:00:00,31.98816541111344
srv-009,2017-06-03 03:00:00,31.9881949954435
srv-009,2017-06-03 04:00:00,31.98821623150147
srv-009,2017-06-03 05:00:00,31.98823147504957
srv-009,2017-06-03 06:00:00,31.988242417087818
srv-009,2017-06-03 07:00:00,31.98825027144038
srv-009,2017-06-03 08:00:00,31.98825590940771
srv-009,2017-06-03 09:00:00,31.988259956421814
srv-009,2017-06-03 10:00:00,31.988262861426794
srv-009,2017-06-03 11:00:00,31.988264946681184
srv-009,2017-06-03 12:00:00,31.988266443506802
srv-009,2017-06-03 13:00:00,31.98826751794978
srv-009,2017-06-03 14:00:00,31.988268289200413
srv-009,2017-06-03 15:00:00,31.98826884281522
srv-009,2017-06-03 16:00:00,31.988269240207895
srv-009,2017-06-03 17:00:00,31.98826952546208
srv-009,2017-06-03 18:00:00,31.98826973022164
srv-009,2017-06-03 19:00:00,31.988269877201
srv-009,2017-06-03 20:00:00,31.9882699827049
srv-009,2017-06-03 21:00:00,31.988270058437116
srv-009,2017-06-03 22:00:00,31.988270112798794
srv-009,2017-06-03 23:00:00,31.988270151820387
srv-009,2017-06-04 00:00:00,31.988270179830646
srv-009,2017-06-04 01:00:00,31.988270199936817
srv-009,2017-06-04 02:00:00,31.988270214369315
srv-009,2017-06-04 03:00:00,31.98827022472917
srv-009,2017-06-04 04:00:00,31.988270232165622
srv-009,2017-06-04 05:00:00,31.988270237503613
srv-009,2017-06-04 06:00:00,31.988270241335304
srv-009,2017-06-04 07:00:00,31.988270244085744
srv-009,2017-06-04 08:00:00,31.98827024606005
srv-009,2017-06-04 09:00:00,31.988270247477235
srv-009,2017-06-04 10:00:00,31.988270248494512
srv-009,2017-06-04 11:00:00,31.988270249224726
srv-009,2017-06-04 12:00:00,31.988270249748886
srv-009,2017-06-04 13:00:00,31.988270250125133
srv-009,2017-06-04 14:00:00,31.98827025039521
srv-009,2017-06-04 15:00:00,31.988270250589075
srv-009,2017-06-04 16:00:00,31.988270250728235
srv-009,2017-06-04 17:00:00,31.988270250828126
srv-009,2017-06-04 18:00:00,31.988270250899827
srv-009,2017-06-04 19:00:00,31.9882702509513
srv-009,2017-06-04 20:00:00,31.988270250988244
srv-009,2017-06-04 21:00:00,31.988270251014765
srv-009,2017-06-04 22:00:00,31.9882702510338
srv-009,2017-06-04 23:00:00,31.988270251047464
srv-009,2017-06-05 00:00:00,31.988270251057273
srv-009,2017-06-05 01:00:00,31.988270251064314
srv-009,2017-06-05 02:00:00,31.988270251069366
srv-009,2017-06-05 03:00:00,31.988270251072993
srv-009,2017-06-05 04:00:00,31.988270251075598
srv-009,2017-06-05 05:00:00,31.98827025107747
srv-009,2017-06-05 06:00:00,31.98827025107881
srv-009,2017-06-05 07:00:00,31.988270251079772
srv-009,2017-06-05 08:00:00,31.988270251080465
srv-009,2017-06-05 09:00:00,31.988270251080962
srv-009,2017-06-05 10:00:00,31.988270251081317
srv-009,2017-06-05 11:00:00,31.988270251081573
srv-009,2017-06-05 12:00:00,31.988270251081758
srv-009,2017-06-05 13:00:00,31.98827025108189
srv-009,2017-06-05 14:00:00,31.988270251081982
srv-009,2017-06-05 15:00:00,31.98827025108205
srv-009,2017-06-05 16:00:00,31.9882702510821
srv-009,2017-06-05 17:00:00,31.988270251082135
srv-009,2017-06-05 18:00:00,31.98827025108216
srv-009,2017-06-05 19:00:00,31.988270251082177
srv-009,2017-06-05 20:00:00,31.98827025108219
srv-009,2017-06-05 21:00:00,31.9882702510822
srv-009,2017-06-05 22:00:00,31.988270251082206
srv-009,2017-06-05 23:00:00,31.988270251082213
srv-009,2017-06-06 00:00:00,31.988270251082216
srv-009,2017-06-06 01:00:00,31.988270251082216
srv-009,2017-06-06 02:00:00,31.98827025108222
srv-009,2017-06-06 03:00:00,31.98827025108222
srv-009,2017-06-06 04:00:00,31.98827025108222
srv-009,2017-06-06 05:00:00,31.988270251082223
srv-009,2017-06-06 06:00:00,31.988270251082223
srv-009,2017-06-06 07:00:00,31.988270251082223
srv-009,2017-06-06 08:00:00,31.988270251082223
srv-009,2017-06-06 09:00:00,31.988270251082223
srv-009,2017-06-06 10:00:00,31.988270251082223
srv-009,2017-06-06 11:00:00,31.988270251082223
srv-009,2017-06-06 12:00:00,31.988270251082223
srv-009,2017-06-06 13:00:00,31.988270251082223
srv-009,2017-06-06 14:00:00,31.988270251082223
srv-009,2017-06-06 15:00:00,31.988270251082223
srv-009,2017-06-06 16:00:00,31.988270251082223
srv-009,2017-06-06 17:00:00,31.988270251082223
srv-009,2017-06-06 18:00:00,31.988270251082223
srv-009,2017-06-06 19:00:00,31.988270251082223
srv-009,2017-06-06 20:00:00,31.988270251082223
srv-009,2017-06-06 21:00:00,31.988270251082223
srv-009,2017-06-06 22:00:00,31.988270251082223
srv-009,2017-06-06 23:00:00,31.988270251082223
srv-009,2017-06-07 00:00:00,31.988270251082223
srv-009,2017-06-07 01:00:00,31.988270251082223
srv-009,2017-06-07 02:00:00,31.988270251082223
srv-009,2017-06-07 03:00:00,31.988270251082223
srv-009,2017-06-07 04:00:00,31.988270251082223
srv-009,2017-06-07 05:00:00,31.988270251082223
srv-009,2017-06-07 06:00:00,31.988270251082223
srv-009,2017-06-07 07:00:00,31.988270251082223
srv-009,2017-06-07 08:00:00,31.988270251082223
srv-009,2017-06-07 09:00:00,31.988270251082223
srv-009,2017-06-07 10:00:00,31.988270251082223
srv-009,2017-06-07 11:00:00,31.988270251082223
srv-009,2017-06-07 12:00:00,31.988270251082223
srv-009,2017-06-07 13:00:00,31.988270251082223
srv-009,2017-06-07 14:00:00,31.988270251082223
srv-009,2017-06-07 15:00:00,31.988270251082223
srv-009,2017-06-07 16:00:00,31.988270251082223
srv-009,2017-06-07 17:00:00,31.988270251082223
srv-009,2017-06-07 18:00:00,31.988270251082223
srv-009,2017-06-07 19:00:00,31.988270251082223
srv-009,2017-06-07 20:00:00,31.988270251082223
srv-009,2017-06-07 21:00:00,31.988270251082223
srv-009,2017-06-07 22:00:00,31.988270251082223
srv-009,2017-06-07 23:00:00,31.988270251082223
srv-009,2017-06-08 00:00:00,31.988270251082223
srv-009,2017-06-08 01:00:00,31.988270251082223
srv-009,2017-06-08 02:00:00,31.988270251082223
srv-009,2017-06-08 03:00:00,31.988270251082223
srv-009,2017-06-08 04:00:00,31.988270251082223
srv-009,2017-06-08 05:00:00,31.988270251082223
srv-009,2017-06-08 06:00:00,31.988270251082223
srv-009,2017-06-08 07:00:00,31.988270251082223
srv-009,2017-06-08 08:00:00,31.988270251082223
srv-009,2017-06-08 09:00:00,31.988270251082223
srv-009,2017-06-08 10:00:00,31.988270251082223
srv-009,2017-06-08 11:00:00,31.988270251082223
srv-009,2017-06-08 12:00:00,31.988270251082223
srv-009,2017-06-08 13:00:00,31.988270251082223
srv-009,2017-06-08 14:00:00,31.988270251082223
srv-009,2017-06-08 15:00:00,31.988270251082223
srv-009,2017-06-08 16:00:00,31.988270251082223
srv-009,2017-06-08 17:00:00,31.988270251082223
srv-009,2017-06-08 18:00:00,31.988270251082223
srv-009,2017-06-08 19:00:00,31.988270251082223
srv-009,2017-06-08 20:00:00,31.988270251082223
srv-009,2017-06-08 21:00:00,31.988270251082223
srv-009,2017-06-08 22:00:00,31.988270251082223
srv-009,2017-06-08 23:00:00,31.988270251082223
srv-009,2017-06-09 00:00:00,31.988270251082223
srv-009,2017-06-09 01:00:00,31.988270251082223
srv-009,2017-06-09 02:00:00,31.988270251082223
srv-009,2017-06-09 03:00:00,31.988270251082223
srv-009,2017-06-09 04:00:00,31.988270251082223
srv-009,2017-06-09 05:00:00,31.988270251082223
srv-009,2017-06-09 06:00:00,31.988270251082223
srv-009,2017-06-09 07:00:00,31.988270251082223
srv-009,2017-06-09 08:00:00,31.988270251082223
srv-009,2017-06-09 09:00:00,31.988270251082223
srv-009,2017-06-09 10:00:00,31.988270251082223
srv-009,2017-06-09 11:00:00,31.988270251082223
srv-009,2017-06-09 12:00:00,31.988270251082223
srv-009,2017-06-09 13:00:00,31.988270251082223
srv-009,2017-06-09 14:00:00,31.988270251082223
srv-009,2017-06-09 15:00:00,31.988270251082223
srv-009,2017-06-09 16:00:00,31.988270251082223
srv-009,2017-06-09 17:00:00,31.988270251082223
srv-009,2017-06-09 18:00:00,31.988270251082223
srv-009,2017-06-09 19:00:00,31.988270251082223
srv-009,2017-06-09 20:00:00,31.988270251082223
srv-009,2017-06-09 21:00:00,31.988270251082223
srv-009,2017-06-09 22:00:00,31.988270251082223
srv-009,2017-06-09 23:00:00,31.988270251082223
srv-009,2017-06-10 00:00:00,31.988270251082223
srv-009,2017-06-10 01:00:00,31.988270251082223
srv-009,2017-06-10 02:00:00,31.988270251082223
srv-009,2017-06-10 03:00:00,31.988270251082223
srv-009,2017-06-10 04:00:00,31.988270251082223
srv-009,2017-06-10 05:00:00,31.988270251082223
srv-009,2017-06-10 06:00:00,31.988270251082223
srv-009,2017-06-10 07:00:00,31.988270251082223
srv-009,2017-06-10 08:00:00,31.988270251082223
srv-009,2017-06-10 09:00:00,31.988270251082223
srv-009,2017-06-10 10:00:00,31.988270251082223
srv-009,2017-06-10 11:00:00,31.988270251082223
srv-009,2017-06-10 12:00:00,31.988270251082223
srv-009,2017-06-10 13:00:00,31.988270251082223
srv-009,2017-06-10 14:00:00,31.988270251082223
srv-009,2017-06-10 15:00:00,31.988270251082223
srv-009,2017-06-10 16:00:00,31.988270251082223
srv-009,2017-06-10 17:00:00,31.988270251082223
srv-009,2017-06-10 18:00:00,31.988270251082223
srv-009,2017-06-10 19:00:00,31.988270251082223
srv-009,2017-06-10 20:00:00,31.988270251082223
srv-009,2017-06-10 21:00:00,31.988270251082223
srv-009,2017-06-10 22:00:00,31.988270251082223
srv-009,2017-06-10 23:00:00,31.988270251082223
srv-009,2017-06-11 00:00:00,31.988270251082223
srv-009,2017-06-11 01:00:00,31.988270251082223
srv-009,2017-06-11 02:00:00,31.988270251082223
srv-009,2017-06-11 03:00:00,31.988270251082223
srv-009,2017-06-11 04:00:00,31.988270251082223
srv-009,2017-06-11 05:00:00,31.988270251082223
srv-009,2017-06-11 06:00:00,31.988270251082223
srv-009,2017-06-11 07:00:00,31.988270251082223
srv-009,2017-06-11 08:00:00,31.988270251082223
srv-009,2017-06-11 09:00:00,31.988270251082223
srv-009,2017-06-11 10:00:00,31.988270251082223
srv-009,2017-06-11 11:00:00,31.988270251082223
srv-009,2017-06-11 12:00:00,31.988270251082223
srv-009,2017-06-11 13:00:00,31.988270251082223
srv-009,2017-06-11 14:00:00,31.988270251082223
srv-009,2017-06-11 15:00:00,31.988270251082223
srv-009,2017-06-11 16:00:00,31.988270251082223
srv-009,2017-06-11 17:00:00,31.988270251082223
srv-009,2017-06-11 18:00:00,31.988270251082223
srv-009,2017-06-11 19:00:00,31.988270251082223
srv-009,2017-06-11 20:00:00,31.988270251082223
srv-009,2017-06-11 21:00:00,31.988270251082223
srv-009,2017-06-11 22:00:00,31.988270251082223
srv-009,2017-06-11 23:00:00,31.988270251082223
srv-009,2017-06-12 00:00:00,31.988270251082223
srv-009,2017-06-12 01:00:00,31.988270251082223
srv-009,2017-06-12 02:00:00,31.988270251082223
srv-009,2017-06-12 03:00:00,31.988270251082223
srv-009,2017-06-12 04:00:00,31.988270251082223
srv-009,2017-06-12 05:00:00,31.988270251082223
srv-009,2017-06-12 06:00:00,31.988270251082223
srv-009,2017-06-12 07:00:00,31.988270251082223
srv-009,2017-06-12 08:00:00,31.988270251082223
srv-009,2017-06-12 09:00:00,31.988270251082223
srv-009,2017-06-12 10:00:00,31.988270251082223
srv-009,2017-06-12 11:00:00,31.988270251082223
srv-009,2017-06-12 12:00:00,31.988270251082223
srv-009,2017-06-12 13:00:00,31.988270251082223
srv-009,2017-06-12 14:00:00,31.988270251082223
srv-009,2017-06-12 15:00:00,31.988270251082223
srv-009,2017-06-12 16:00:00,31.988270251082223
srv-009,2017-06-12 17:00:00,31.988270251082223
srv-009,2017-06-12 18:00:00,31.988270251082223
srv-009,2017-06-12 19:00:00,31.988270251082223
srv-009,2017-06-12 20:00:00,31.988270251082223
srv-009,2017-06-12 21:00:00,31.988270251082223
srv-009,2017-06-12 22:00:00,31.988270251082223
srv-009,2017-06-12 23:00:00,31.988270251082223
srv-009,2017-06-13 00:00:00,31.988270251082223
srv-009,2017-06-13 01:00:00,31.988270251082223
srv-009,2017-06-13 02:00:00,31.988270251082223
srv-009,2017-06-13 03:00:00,31.988270251082223
srv-009,2017-06-13 04:00:00,31.988270251082223
srv-009,2017-06-13 05:00:00,31.988270251082223
srv-009,2017-06-13 06:00:00,31.988270251082223
srv-009,2017-06-13 07:00:00,31.988270251082223
srv-009,2017-06-13 08:00:00,31.988270251082223
srv-009,2017-06-13 09:00:00,31.988270251082223
srv-009,2017-06-13 10:00:00,31.988270251082223
srv-009,2017-06-13 11:00:00,31.988270251082223
srv-009,2017-06-13 12:00:00,31.988270251082223
srv-009,2017-06-13 13:00:00,31.988270251082223
srv-009,2017-06-13 14:00:00,31.988270251082223
srv-009,2017-06-13 15:00:00,31.988270251082223
srv-009,2017-06-13 16:00:00,31.988270251082223
srv-009,2017-06-13 17:00:00,31.988270251082223
srv-009,2017-06-13 18:00:00,31.988270251082223
srv-009,2017-06-13 19:00:00,31.988270251082223
srv-009,2017-06-13 20:00:00,31.988270251082223
srv-009,2017-06-13 21:00:00,31.988270251082223
srv-009,2017-06-13 22:00:00,31.988270251082223
srv-009,2017-06-13 23:00:00,31.988270251082223
srv-009,2017-06-14 00:00:00,31.988270251082223
srv-009,2017-06-14 01:00:00,31.988270251082223
srv-009,2017-06-14 02:00:00,31.988270251082223
srv-009,2017-06-14 03:00:00,31.988270251082223
srv-009,2017-06-14 04:00:00,31.988270251082223
srv-009,2017-06-14 05:00:00,31.988270251082223
srv-009,2017-06-14 06:00:00,31.988270251082223
srv-009,2017-06-14 07:00:00,31.988270251082223
srv-009,2017-06-14 08:00:00,31.988270251082223
srv-009,2017-06-14 09:00:00,31.988270251082223
srv-009,2017-06-14 10:00:00,31.988270251082223
srv-009,2017-06-14 11:00:00,31.988270251082223
srv-009,2017-06-14 12:00:00,31.988270251082223
srv-009,2017-06-14 13:00:00,31.988270251082223
srv-009,2017-06-14 14:00:00,31.988270251082223
srv-009,2017-06-14 15:00:00,31.988270251082223
srv-009,2017-06-14 16:00:00,31.988270251082223
srv-009,2017-06-14 17:00:00,31.988270251082223
srv-009,2017-06-14 18:00:00,31.988270251082223
srv-009,2017-06-14 19:00:00,31.988270251082223
srv-009,2017-06-14 20:00:00,31.988270251082223
srv-009,2017-06-14 21:00:00,31.988270251082223
srv-009,2017-06-14 22:00:00,31.988270251082223
srv-009,2017-06-14 23:00:00,31.988270251082223
srv-009,2017-06-15 00:00:00,31.988270251082223
srv-009,2017-06-15 01:00:00,31.988270251082223
srv-009,2017-06-15 02:00:00,31.988270251082223
srv-009,2017-06-15 03:00:00,31.988270251082223
srv-009,2017-06-15 04:00:00,31.988270251082223
srv-009,2017-06-15 05:00:00,31.988270251082223
srv-009,2017-06-15 06:00:00,31.988270251082223
srv-009,2017-06-15 07:00:00,31.988270251082223
srv-009,2017-06-15 08:00:00,31.988270251082223
srv-009,2017-06-15 09:00:00,31.988270251082223
srv-009,2017-06-15 10:00:00,31.988270251082223
srv-009,2017-06-15 11:00:00,31.988270251082223
srv-009,2017-06-15 12:00:00,31.988270251082223
srv-009,2017-06-15 13:00:00,31.988270251082223
srv-009,2017-06-15 14:00:00,31.988270251082223
srv-009,2017-06-15 15:00:00,31.988270251082223
srv-009,2017-06-15 16:00:00,31.988270251082223
srv-009,2017-06-15 17:00:00,31.988270251082223
srv-009,2017-06-15 18:00:00,31.988270251082223
srv-009,2017-06-15 19:00:00,31.988270251082223
srv-009,2017-06-15 20:00:00,31.988270251082223
srv-009,2017-06-15 21:00:00,31.988270251082223
srv-009,2017-06-15 22:00:00,31.988270251082223
srv-009,2017-06-15 23:00:00,31.988270251082223
srv-009,2017-06-16 00:00:00,31.988270251082223
srv-009,2017-06-16 01:00:00,31.988270251082223
srv-009,2017-06-16 02:00:00,31.988270251082223
srv-009,2017-06-16 03:00:00,31.988270251082223
srv-009,2017-06-16 04:00:00,31.988270251082223
srv-009,2017-06-16 05:00:00,31.988270251082223
srv-009,2017-06-16 06:00:00,31.988270251082223
srv-009,2017-06-16 07:00:00,31.988270251082223
srv-009,2017-06-16 08:00:00,31.988270251082223
srv-009,2017-06-16 09:00:00,31.988270251082223
srv-009,2017-06-16 10:00:00,31.988270251082223
srv-009,2017-06-16 11:00:00,31.988270251082223
srv-009,2017-06-16 12:00:00,31.988270251082223
srv-009,2017-06-16 13:00:00,31.988270251082223
srv-009,2017-06-16 14:00:00,31.988270251082223
srv-009,2017-06-16 15:00:00,31.988270251082223
srv-009,2017-06-16 16:00:00,31.988270251082223
srv-009,2017-06-16 17:00:00,31.988270251082223
srv-009,2017-06-16 18:00:00,31.988270251082223
srv-009,2017-06-16 19:00:00,31.988270251082223
srv-009,2017-06-16 20:00:00,31.988270251082223
srv-009,2017-06-16 21:00:00,31.988270251082223
srv-009,2017-06-16 22:00:00,31.988270251082223
srv-009,2017-06-16 23:00:00,31.988270251082223
srv-009,2017-06-17 00:00:00,31.988270251082223
srv-009,2017-06-17 01:00:00,31.988270251082223
srv-009,2017-06-17 02:00:00,31.988270251082223
srv-009,2017-06-17 03:00:00,31.988270251082223
srv-009,2017-06-17 04:00:00,31.988270251082223
srv-009,2017-06-17 05:00:00,31.988270251082223
srv-009,2017-06-17 06:00:00,31.988270251082223
srv-009,2017-06-17 07:00:00,31.988270251082223
srv-009,2017-06-17 08:00:00,31.988270251082223
srv-009,2017-06-17 09:00:00,31.988270251082223
srv-009,2017-06-17 10:00:00,31.988270251082223
srv-009,2017-06-17 11:00:00,31.988270251082223
srv-009,2017-06-17 12:00:00,31.988270251082223
srv-009,2017-06-17 13:00:00,31.988270251082223
srv-009,2017-06-17 14:00:00,31.988270251082223
srv-009,2017-06-17 15:00:00,31.988270251082223
srv-009,2017-06-17 16:00:00,31.988270251082223
srv-009,2017-06-17 17:00:00,31.988270251082223
srv-009,2017-06-17 18:00:00,31.988270251082223
srv-009,2017-06-17 19:00:00,31.988270251082223
srv-009,2017-06-17 20:00:00,31.988270251082223
srv-009,2017-06-17 21:00:00,31.988270251082223
srv-009,2017-06-17 22:00:00,31.988270251082223
srv-009,2017-06-17 23:00:00,31.988270251082223
srv-009,2017-06-18 00:00:00,31.988270251082223
srv-009,2017-06-18 01:00:00,31.988270251082223
srv-009,2017-06-18 02:00:00,31.988270251082223
srv-009,2017-06-18 03:00:00,31.988270251082223
srv-009,2017-06-18 04:00:00,31.988270251082223
srv-009,2017-06-18 05:00:00,31.988270251082223
srv-009,2017-06-18 06:00:00,31.988270251082223
srv-009,2017-06-18 07:00:00,31.988270251082223
srv-009,2017-06-18 08:00:00,31.988270251082223
srv-009,2017-06-18 09:00:00,31.988270251082223
srv-009,2017-06-18 10:00:00,31.988270251082223
srv-009,2017-06-18 11:00:00,31.988270251082223
srv-009,2017-06-18 12:00:00,31.988270251082223
srv-009,2017-06-18 13:00:00,31.988270251082223
srv-009,2017-06-18 14:00:00,31.988270251082223
srv-009,2017-06-18 15:00:00,31.988270251082223
srv-009,2017-06-18 16:00:00,31.988270251082223
srv-009,2017-06-18 17:00:00,31.988270251082223
srv-009,2017-06-18 18:00:00,31.988270251082223
srv-009,2017-06-18 19:00:00,31.988270251082223
srv-009,2017-06-18 20:00:00,31.988270251082223
srv-009,2017-06-18 21:00:00,31.988270251082223
srv-009,2017-06-18 22:00:00,31.988270251082223
srv-009,2017-06-18 23:00:00,31.988270251082223
srv-009,2017-06-19 00:00:00,31.988270251082223
srv-009,2017-06-19 01:00:00,31.988270251082223
srv-009,2017-06-19 02:00:00,31.988270251082223
srv-009,2017-06-19 03:00:00,31.988270251082223
srv-009,2017-06-19 04:00:00,31.988270251082223
srv-009,2017-06-19 05:00:00,31.988270251082223
srv-009,2017-06-19 06:00:00,31.988270251082223
srv-009,2017-06-19 07:00:00,31.988270251082223
srv-009,2017-06-19 08:00:00,31.988270251082223
srv-009,2017-06-19 09:00:00,31.988270251082223
srv-009,2017-06-19 10:00:00,31.988270251082223
srv-009,2017-06-19 11:00:00,31.988270251082223
srv-009,2017-06-19 12:00:00,31.988270251082223
srv-009,2017-06-19 13:00:00,31.988270251082223
srv-009,2017-06-19 14:00:00,31.988270251082223
srv-009,2017-06-19 15:00:00,31.988270251082223
srv-009,2017-06-19 16:00:00,31.988270251082223
srv-009,2017-06-19 17:00:00,31.988270251082223
srv-009,2017-06-19 18:00:00,31.988270251082223
srv-009,2017-06-19 19:00:00,31.988270251082223
srv-009,2017-06-19 20:00:00,31.988270251082223
srv-009,2017-06-19 21:00:00,31.988270251082223
srv-009,2017-06-19 22:00:00,31.988270251082223
srv-009,2017-06-19 23:00:00,31.988270251082223
srv-009,2017-06-20 00:00:00,31.988270251082223
srv-009,2017-06-20 01:00:00,31.988270251082223
srv-009,2017-06-20 02:00:00,31.988270251082223
srv-009,2017-06-20 03:00:00,31.988270251082223
srv-009,2017-06-20 04:00:00,31.988270251082223
srv-009,2017-06-20 05:00:00,31.988270251082223
srv-009,2017-06-20 06:00:00,31.988270251082223
srv-009,2017-06-20 07:00:00,31.988270251082223
srv-009,2017-06-20 08:00:00,31.988270251082223
srv-009,2017-06-20 09:00:00,31.988270251082223
srv-009,2017-06-20 10:00:00,31.988270251082223
srv-009,2017-06-20 11:00:00,31.988270251082223
srv-009,2017-06-20 12:00:00,31.988270251082223
srv-009,2017-06-20 13:00:00,31.988270251082223
srv-009,2017-06-20 14:00:00,31.988270251082223
srv-009,2017-06-20 15:00:00,31.988270251082223
srv-009,2017-06-20 16:00:00,31.988270251082223
srv-009,2017-06-20 17:00:00,31.988270251082223
srv-009,2017-06-20 18:00:00,31.988270251082223
srv-009,2017-06-20 19:00:00,31.988270251082223
srv-009,2017-06-20 20:00:00,31.988270251082223
srv-009,2017-06-20 21:00:00,31.988270251082223
srv-009,2017-06-20 22:00:00,31.988270251082223
srv-009,2017-06-20 23:00:00,31.988270251082223
srv-009,2017-06-21 00:00:00,31.988270251082223
srv-009,2017-06-21 01:00:00,31.988270251082223
srv-009,2017-06-21 02:00:00,31.988270251082223
srv-009,2017-06-21 03:00:00,31.988270251082223
srv-009,2017-06-21 04:00:00,31.988270251082223
srv-009,2017-06-21 05:00:00,31.988270251082223
srv-009,2017-06-21 06:00:00,31.988270251082223
srv-009,2017-06-21 07:00:00,31.988270251082223
srv-009,2017-06-21 08:00:00,31.988270251082223
srv-009,2017-06-21 09:00:00,31.988270251082223
srv-009,2017-06-21 10:00:00,31.988270251082223
srv-009,2017-06-21 11:00:00,31.988270251082223
srv-009,2017-06-21 12:00:00,31.988270251082223
srv-009,2017-06-21 13:00:00,31.988270251082223
srv-009,2017-06-21 14:00:00,31.988270251082223
srv-009,2017-06-21 15:00:00,31.988270251082223
srv-009,2017-06-21 16:00:00,31.988270251082223
srv-009,2017-06-21 17:00:00,31.988270251082223
srv-009,2017-06-21 18:00:00,31.988270251082223
srv-009,2017-06-21 19:00:00,31.988270251082223
srv-009,2017-06-21 20:00:00,31.988270251082223
srv-009,2017-06-21 21:00:00,31.988270251082223
srv-009,2017-06-21 22:00:00,31.988270251082223
srv-009,2017-06-21 23:00:00,31.988270251082223
srv-009,2017-06-22 00:00:00,31.988270251082223
srv-009,2017-06-22 01:00:00,31.988270251082223
srv-009,2017-06-22 02:00:00,31.988270251082223
srv-009,2017-06-22 03:00:00,31.988270251082223
srv-009,2017-06-22 04:00:00,31.988270251082223
srv-009,2017-06-22 05:00:00,31.988270251082223
srv-009,2017-06-22 06:00:00,31.988270251082223
srv-009,2017-06-22 07:00:00,31.988270251082223
srv-009,2017-06-22 08:00:00,31.988270251082223
srv-009,2017-06-22 09:00:00,31.988270251082223
srv-009,2017-06-22 10:00:00,31.988270251082223
srv-009,2017-06-22 11:00:00,31.988270251082223
srv-009,2017-06-22 12:00:00,31.988270251082223
srv-009,2017-06-22 13:00:00,31.988270251082223
srv-009,2017-06-22 14:00:00,31.988270251082223
srv-009,2017-06-22 15:00:00,31.988270251082223
srv-009,2017-06-22 16:00:00,31.988270251082223
srv-009,2017-06-22 17:00:00,31.988270251082223
srv-009,2017-06-22 18:00:00,31.988270251082223
srv-009,2017-06-22 19:00:00,31.988270251082223
srv-009,2017-06-22 20:00:00,31.988270251082223
srv-009,2017-06-22 21:00:00,31.988270251082223
srv-009,2017-06-22 22:00:00,31.988270251082223
srv-009,2017-06-22 23:00:00,31.988270251082223
srv-009,2017-06-23 00:00:00,31.988270251082223
srv-009,2017-06-23 01:00:00,31.988270251082223
srv-009,2017-06-23 02:00:00,31.988270251082223
srv-009,2017-06-23 03:00:00,31.988270251082223
srv-009,2017-06-23 04:00:00,31.988270251082223
srv-009,2017-06-23 05:00:00,31.988270251082223
srv-009,2017-06-23 06:00:00,31.988270251082223
srv-009,2017-06-23 07:00:00,31.988270251082223
srv-009,2017-06-23 08:00:00,31.988270251082223
srv-009,2017-06-23 09:00:00,31.988270251082223
srv-009,2017-06-23 10:00:00,31.988270251082223
srv-009,2017-06-23 11:00:00,31.988270251082223
srv-009,2017-06-23 12:00:00,31.988270251082223
srv-009,2017-06-23 13:00:00,31.988270251082223
srv-009,2017-06-23 14:00:00,31.988270251082223
srv-009,2017-06-23 15:00:00,31.988270251082223
srv-009,2017-06-23 16:00:00,31.988270251082223
srv-009,2017-06-23 17:00:00,31.988270251082223
srv-009,2017-06-23 18:00:00,31.988270251082223
srv-009,2017-06-23 19:00:00,31.988270251082223
srv-009,2017-06-23 20:00:00,31.988270251082223
srv-009,2017-06-23 21:00:00,31.988270251082223
srv-009,2017-06-23 22:00:00,31.988270251082223
srv-009,2017-06-23 23:00:00,31.988270251082223
srv-009,2017-06-24 00:00:00,31.988270251082223
srv-009,2017-06-24 01:00:00,31.988270251082223
srv-009,2017-06-24 02:00:00,31.988270251082223
srv-009,2017-06-24 03:00:00,31.988270251082223
srv-009,2017-06-24 04:00:00,31.988270251082223
srv-009,2017-06-24 05:00:00,31.988270251082223
srv-009,2017-06-24 06:00:00,31.988270251082223
srv-009,2017-06-24 07:00:00,31.988270251082223
srv-009,2017-06-24 08:00:00,31.988270251082223
srv-009,2017-06-24 09:00:00,31.988270251082223
srv-009,2017-06-24 10:00:00,31.988270251082223
srv-009,2017-06-24 11:00:00,31.988270251082223
srv-009,2017-06-24 12:00:00,31.988270251082223
srv-009,2017-06-24 13:00:00,31.988270251082223
srv-009,2017-06-24 14:00:00,31.988270251082223
srv-009,2017-06-24 15:00:00,31.988270251082223
srv-009,2017-06-24 16:00:00,31.988270251082223
srv-009,2017-06-24 17:00:00,31.988270251082223
srv-009,2017-06-24 18:00:00,31.988270251082223
srv-009,2017-06-24 19:00:00,31.988270251082223
srv-009,2017-06-24 20:00:00,31.988270251082223
srv-009,2017-06-24 21:00:00,31.988270251082223
srv-009,2017-06-24 22:00:00,31.988270251082223
srv-009,2017-06-24 23:00:00,31.988270251082223
srv-009,2017-06-25 00:00:00,31.988270251082223
srv-009,2017-06-25 01:00:00,31.988270251082223
srv-009,2017-06-25 02:00:00,31.988270251082223
srv-009,2017-06-25 03:00:00,31.988270251082223
srv-009,2017-06-25 04:00:00,31.988270251082223
srv-009,2017-06-25 05:00:00,31.988270251082223
srv-009,2017-06-25 06:00:00,31.988270251082223
srv-009,2017-06-25 07:00:00,31.988270251082223
srv-009,2017-06-25 08:00:00,31.988270251082223
srv-009,2017-06-25 09:00:00,31.988270251082223
srv-009,2017-06-25 10:00:00,31.988270251082223
srv-009,2017-06-25 11:00:00,31.988270251082223
srv-009,2017-06-25 12:00:00,31.988270251082223
srv-009,2017-06-25 13:00:00,31.988270251082223
srv-009,2017-06-25 14:00:00,31.988270251082223
srv-009,2017-06-25 15:00:00,31.988270251082223
srv-009,2017-06-25 16:00:00,31.988270251082223
srv-009,2017-06-25 17:00:00,31.988270251082223
srv-009,2017-06-25 18:00:00,31.988270251082223
srv-009,2017-06-25 19:00:00,31.988270251082223
srv-009,2017-06-25 20:00:00,31.988270251082223
srv-009,2017-06-25 21:00:00,31.988270251082223
srv-009,2017-06-25 22:00:00,31.988270251082223
srv-009,2017-06-25 23:00:00,31.988270251082223
srv-009,2017-06-26 00:00:00,31.988270251082223
srv-009,2017-06-26 01:00:00,31.988270251082223
srv-009,2017-06-26 02:00:00,31.988270251082223
srv-009,2017-06-26 03:00:00,31.988270251082223
srv-009,2017-06-26 04:00:00,31.988270251082223
srv-009,2017-06-26 05:00:00,31.988270251082223
srv-009,2017-06-26 06:00:00,31.988270251082223
srv-009,2017-06-26 07:00:00,31.988270251082223
srv-009,2017-06-26 08:00:00,31.988270251082223
srv-009,2017-06-26 09:00:00,31.988270251082223
srv-009,2017-06-26 10:00:00,31.988270251082223
srv-009,2017-06-26 11:00:00,31.988270251082223
srv-009,2017-06-26 12:00:00,31.988270251082223
srv-009,2017-06-26 13:00:00,31.988270251082223
srv-009,2017-06-26 14:00:00,31.988270251082223
srv-009,2017-06-26 15:00:00,31.988270251082223
srv-009,2017-06-26 16:00:00,31.988270251082223
srv-009,2017-06-26 17:00:00,31.988270251082223
srv-009,2017-06-26 18:00:00,31.988270251082223
srv-009,2017-06-26 19:00:00,31.988270251082223
srv-009,2017-06-26 20:00:00,31.988270251082223
srv-009,2017-06-26 21:00:00,31.988270251082223
srv-009,2017-06-26 22:00:00,31.988270251082223
srv-009,2017-06-26 23:00:00,31.988270251082223
srv-009,2017-06-27 00:00:00,31.988270251082223
srv-009,2017-06-27 01:00:00,31.988270251082223
srv-009,2017-06-27 02:00:00,31.988270251082223
srv-009,2017-06-27 03:00:00,31.988270251082223
srv-009,2017-06-27 04:00:00,31.988270251082223
srv-009,2017-06-27 05:00:00,31.988270251082223
srv-009,2017-06-27 06:00:00,31.988270251082223
srv-009,2017-06-27 07:00:00,31.988270251082223
srv-009,2017-06-27 08:00:00,31.988270251082223
srv-009,2017-06-27 09:00:00,31.988270251082223
srv-009,2017-06-27 10:00:00,31.988270251082223
srv-009,2017-06-27 11:00:00,31.988270251082223
srv-009,2017-06-27 12:00:00,31.988270251082223
srv-009,2017-06-27 13:00:00,31.988270251082223
srv-009,2017-06-27 14:00:00,31.988270251082223
srv-009,2017-06-27 15:00:00,31.988270251082223
srv-009,2017-06-27 16:00:00,31.988270251082223
srv-009,2017-06-27 17:00:00,31.988270251082223
srv-009,2017-06-27 18:00:00,31.988270251082223
srv-009,2017-06-27 19:00:00,31.988270251082223
srv-009,2017-06-27 20:00:00,31.988270251082223
srv-009,2017-06-27 21:00:00,31.988270251082223
srv-009,2017-06-27 22:00:00,31.988270251082223
srv-009,2017-06-27 23:00:00,31.988270251082223
srv-009,2017-06-28 00:00:00,31.988270251082223
srv-009,2017-06-28 01:00:00,31.988270251082223
srv-009,2017-06-28 02:00:00,31.988270251082223
srv-009,2017-06-28 03:00:00,31.988270251082223
srv-009,2017-06-28 04:00:00,31.988270251082223
srv-009,2017-06-28 05:00:00,31.988270251082223
srv-009,2017-06-28 06:00:00,31.988270251082223
srv-009,2017-06-28 07:00:00,31.988270251082223
srv-009,2017-06-28 08:00:00,31.988270251082223
srv-009,2017-06-28 09:00:00,31.988270251082223
srv-009,2017-06-28 10:00:00,31.988270251082223
srv-009,2017-06-28 11:00:00,31.988270251082223
srv-009,2017-06-28 12:00:00,31.988270251082223
srv-009,2017-06-28 13:00:00,31.988270251082223
srv-009,2017-06-28 14:00:00,31.988270251082223
srv-009,2017-06-28 15:00:00,31.988270251082223
srv-009,2017-06-28 16:00:00,31.988270251082223
srv-009,2017-06-28 17:00:00,31.988270251082223
srv-009,2017-06-28 18:00:00,31.988270251082223
srv-009,2017-06-28 19:00:00,31.988270251082223
srv-009,2017-06-28 20:00:00,31.988270251082223
srv-009,2017-06-28 21:00:00,31.988270251082223
srv-009,2017-06-28 22:00:00,31.988270251082223
srv-009,2017-06-28 23:00:00,31.988270251082223
srv-009,2017-06-29 00:00:00,31.988270251082223
srv-009,2017-06-29 01:00:00,31.988270251082223
srv-009,2017-06-29 02:00:00,31.988270251082223
srv-009,2017-06-29 03:00:00,31.988270251082223
srv-009,2017-06-29 04:00:00,31.988270251082223
srv-009,2017-06-29 05:00:00,31.988270251082223
srv-009,2017-06-29 06:00:00,31.988270251082223
srv-009,2017-06-29 07:00:00,31.988270251082223
srv-009,2017-06-29 08:00:00,31.988270251082223
srv-009,2017-06-29 09:00:00,31.988270251082223
srv-009,2017-06-29 10:00:00,31.988270251082223
srv-009,2017-06-29 11:00:00,31.988270251082223
srv-009,2017-06-29 12:00:00,31.988270251082223
srv-009,2017-06-29 13:00:00,31.988270251082223
srv-009,2017-06-29 14:00:00,31.988270251082223
srv-009,2017-06-29 15:00:00,31.988270251082223
srv-009,2017-06-29 16:00:00,31.988270251082223
srv-009,2017-06-29 17:00:00,31.988270251082223
srv-009,2017-06-29 18:00:00,31.988270251082223
srv-009,2017-06-29 19:00:00,31.988270251082223
srv-009,2017-06-29 20:00:00,31.988270251082223
srv-009,2017-06-29 21:00:00,31.988270251082223
srv-009,2017-06-29 22:00:00,31.988270251082223
srv-009,2017-06-29 23:00:00,31.988270251082223
srv-009,2017-06-30 00:00:00,31.988270251082223
srv-009,2017-06-30 01:00:00,31.988270251082223
srv-009,2017-06-30 02:00:00,31.988270251082223
srv-009,2017-06-30 03:00:00,31.988270251082223
srv-009,2017-06-30 04:00:00,31.988270251082223
srv-009,2017-06-30 05:00:00,31.988270251082223
srv-009,2017-06-30 06:00:00,31.988270251082223
srv-009,2017-06-30 07:00:00,31.988270251082223
srv-009,2017-06-30 08:00:00,31.988270251082223
srv-009,2017-06-30 09:00:00,31.988270251082223
srv-009,2017-06-30 10:00:00,31.988270251082223
srv-009,2017-06-30 11:00:00,31.988270251082223
srv-009,2017-06-30 12:00:00,31.988270251082223
srv-009,2017-06-30 13:00:00,31.988270251082223
srv-009,2017-06-30 14:00:00,31.988270251082223
srv-009,2017-06-30 15:00:00,31.988270251082223
srv-009,2017-06-30 16:00:00,31.988270251082223
srv-009,2017-06-30 17:00:00,31.988270251082223
srv-009,2017-06-30 18:00:00,31.988270251082223
srv-009,2017-06-30 19:00:00,31.988270251082223
srv-009,2017-06-30 20:00:00,31.988270251082223
srv-009,2017-06-30 21:00:00,31.988270251082223
srv-009,2017-06-30 22:00:00,31.988270251082223
srv-009,2017-06-30 23:00:00,31.988270251082223
srv-010,2017-06-01 23:00:00,81.83432740958054
srv-010,2017-06-02 00:00:00,81.56101695359224
srv-010,2017-06-02 01:00:00,81.29916893023943
srv-010,2017-06-02 02:00:00,81.04830261381608
srv-010,2017-06-02 03:00:00,80.80795743988658
srv-010,2017-06-02 04:00:00,80.57769215973748
srv-010,2017-06-02 05:00:00,80.35708403029071
srv-010,2017-06-02 06:00:00,80.14572803799133
srv-010,2017-06-02 07:00:00,79.94323615524489
srv-010,2017-06-02 08:00:00,79.74923662803904
srv-010,2017-06-02 09:00:00,79.56337329344197
srv-010,2017-06-02 10:00:00,79.38530492572431
srv-010,2017-06-02 11:00:00,79.21470460990425
srv-010,2017-06-02 12:00:00,79.05125914156562
srv-010,2017-06-02 13:00:00,78.89466845184728
srv-010,2017-06-02 14:00:00,78.74464505654785
srv-010,2017-06-02 15:00:00,78.60091352833469
srv-010,2017-06-02 16:00:00,78.46320999108801
srv-010,2017-06-02 17:00:00,78.33128163545173
srv-010,2017-06-02 18:00:00,78.20488625470193
srv-010,2017-06-02 19:00:00,78.0837918000804
srv-010,2017-06-02 20:00:00,77.96777595477741
srv-010,2017-06-02 21:00:00,77.85662572578106
srv-010,2017-06-02 22:00:00,77.75013705284441
srv-010,2017-06-02 23:00:00,77.64811443385203
srv-010,2017-06-03 00:00:00,77.55037056589852
srv-010,2017-06-03 01:00:00,77.4567260014199
srv-010,2017-06-03 02:00:00,77.36700881874644
srv-010,2017-06-03 03:00:00,77.28105430647257
srv-010,2017-06-03 04:00:00,77.1987046610637
srv-010,2017-06-03 05:00:00,77.11980869714553
srv-010,2017-06-03 06:00:00,77.04422156994329
srv-010,2017-06-03 07:00:00,76.97180450936193
srv-010,2017-06-03 08:00:00,76.90242456521862
srv-010,2017-06-03 09:00:00,76.83595436316008
srv-010,2017-06-03 10:00:00,76.77227187081652
srv-010,2017-06-03 11:00:00,76.71126017376291
srv-010,2017-06-03 12:00:00,76.65280726087629
srv-010,2017-06-03 13:00:00,76.59680581869497
srv-010,2017-06-03 14:00:00,76.54315303440227
srv-010,2017-06-03 15:00:00,76.49175040707276
srv-010,2017-06-03 16:00:00,76.44250356683499
srv-010,2017-06-03 17:00:00,76.39532210161806
srv-010,2017-06-03 18:00:00,76.35011939116461
srv-010,2017-06-03 19:00:00,76.30681244800495
srv-010,2017-06-03 20:00:00,76.26532176510075
srv-010,2017-06-03 21:00:00,76.22557116987842
srv-010,2017-06-03 22:00:00,76.18748768438415
srv-010,2017-06-03 23:00:00,76.15100139130399
srv-010,2017-06-04 00:00:00,76.11604530560297
srv-010,2017-06-04 01:00:00,76.08255525154755
srv-010,2017-06-04 02:00:00,76.05046974488559
srv-010,2017-06-04 03:00:00,76.01972987996778
srv-010,2017-06-04 04:00:00,75.9902792216029
srv-010,2017-06-04 05:00:00,75.96206370144873
srv-010,2017-06-04 06:00:00,75.9350315187482
srv-010,2017-06-04 07:00:00,75.9091330452286
srv-010,2017-06-04 08:00:00,75.8843207339892
srv-010,2017-06-04 09:00:00,75.86054903221014
srv-010,2017-06-04 10:00:00,75.83777429752217
srv-010,2017-06-04 11:00:00,75.81595471788384
srv-010,2017-06-04 12:00:00,75.79505023481887
srv-010,2017-06-04 13:00:00,75.77502246987302
srv-010,2017-06-04 14:00:00,75.75583465415525
srv-010,2017-06-04 15:00:00,75.7374515608338
srv-010,2017-06-04 16:00:00,75.7198394404635
srv-010,2017-06-04 17:00:00,75.70296595902519
srv-010,2017-06-04 18:00:00,75.6868001385639
srv-010,2017-06-04 19:00:00,75.6713123003165
srv-010,2017-06-04 20:00:00,75.65647401022466
srv-010,2017-06-04 21:00:00,75.64225802673279
srv-010,2017-06-04 22:00:00,75.62863825077545
srv-010,2017-06-04 23:00:00,75.61558967786212
srv-010,2017-06-05 00:00:00,75.6030883521716
srv-010,2017-06-05 01:00:00,75.59111132257165
srv-010,2017-06-05 02:00:00,75.579636600483
srv-010,2017-06-05 03:00:00,75.56864311951071
srv-010,2017-06-05 04:00:00,75.55811069676841
srv-010,2017-06-05 05:00:00,75.54801999582462
srv-010,2017-06-05 06:00:00,75.5383524912031
srv-010,2017-06-05 07:00:00,75.52909043437201
srv-010,2017-06-05 08:00:00,75.52021682115938
srv-010,2017-06-05 09:00:00,75.51171536053535
srv-010,2017-06-05 10:00:00,75.5035704447034
srv-010,2017-06-05 11:00:00,75.49576712044616
srv-010,2017-06-05 12:00:00,75.48829106167281
srv-010,2017-06-05 13:00:00,75.48112854311789
srv-010,2017-06-05 14:00:00,75.47426641514312
srv-010,2017-06-05 15:00:00,75.46769207959606
srv-010,2017-06-05 16:00:00,75.46139346668119
srv-010,2017-06-05 17:00:00,75.45535901280105
srv-010,2017-06-05 18:00:00,75.44957763932663
srv-010,2017-06-05 19:00:00,75.44403873225825
srv-010,2017-06-05 20:00:00,75.43873212273924
srv-010,2017-06-05 21:00:00,75.43364806838709
srv-010,2017-06-05 22:00:00,75.42877723540735
srv-010,2017-06-05 23:00:00,75.42411068145789
srv-010,2017-06-06 00:00:00,75.41963983923154
srv-010,2017-06-06 01:00:00,75.41535650072748
srv-010,2017-06-06 02:00:00,75.41125280218226
srv-010,2017-06-06 03:00:00,75.40732120963261
srv-010,2017-06-06 04:00:00,75.403554505084
srv-010,2017-06-06 05:00:00,75.39994577325908
srv-010,2017-06-06 06:00:00,75.39648838890199
srv-010,2017-06-06 07:00:00,75.39317600461503
srv-010,2017-06-06 08:00:00,75.39000253920555
srv-010,2017-06-06 09:00:00,75.38696216652153
srv-010,2017-06-06 10:00:00,75.38404930475525
srv-010,2017-06-06 11:00:00,75.38125860619584
srv-010,2017-06-06 12:00:00,75.37858494741133
srv-010,2017-06-06 13:00:00,75.37602341984255
srv-010,2017-06-06 14:00:00,75.37356932079163
srv-010,2017-06-06 15:00:00,75.37121814478826
srv-010,2017-06-06 16:00:00,75.36896557531807
srv-010,2017-06-06 17:00:00,75.36680747689809
srv-010,2017-06-06 18:00:00,75.36473988748432
srv-010,2017-06-06 19:00:00,75.3627590111979
srv-010,2017-06-06 20:00:00,75.36086121135621
srv-010,2017-06-06 21:00:00,75.35904300379636
srv-010,2017-06-06 22:00:00,75.35730105047857
srv-010,2017-06-06 23:00:00,75.35563215335794
srv-010,2017-06-07 00:00:00,75.35403324851315
srv-010,2017-06-07 01:00:00,75.35250140052136
srv-010,2017-06-07 02:00:00,75.35103379706918
srv-010,2017-06-07 03:00:00,75.34962774378948
srv-010,2017-06-07 04:00:00,75.34828065931484
srv-010,2017-06-07 05:00:00,75.34699007053842
srv-010,2017-06-07 06:00:00,75.34575360807364
srv-010,2017-06-07 07:00:00,75.34456900190412
srv-010,2017-06-07 08:00:00,75.34343407721632
srv-010,2017-06-07 09:00:00,75.34234675040665
srv-010,2017-06-07 10:00:00,75.34130502525632
srv-010,2017-06-07 11:00:00,75.34030698926644
srv-010,2017-06-07 12:00:00,75.33935081014683
srv-010,2017-06-07 13:00:00,75.33843473245219
srv-010,2017-06-07 14:00:00,75.33755707435927
srv-010,2017-06-07 15:00:00,75.33671622457919
srv-010,2017-06-07 16:00:00,75.33591063939932
srv-010,2017-06-07 17:00:00,75.33513883984914
srv-010,2017-06-07 18:00:00,75.33439940898502
srv-010,2017-06-07 19:00:00,75.33369098928893
srv-010,2017-06-07 20:00:00,75.33301228017604
srv-010,2017-06-07 21:00:00,75.33236203560709
srv-010,2017-06-07 22:00:00,75.33173906180076
srv-010,2017-06-07 23:00:00,75.33114221504202
srv-010,2017-06-08 00:00:00,75.33057039958237
srv-010,2017-06-08 01:00:00,75.33002256562814
srv-010,2017-06-08 02:00:00,75.32949770741327
srv-010,2017-06-08 03:00:00,75.3289948613527
srv-010,2017-06-08 04:00:00,75.32851310427343
srv-010,2017-06-08 05:00:00,75.32805155171961
srv-010,2017-06-08 06:00:00,75.32760935632884
srv-010,2017-06-08 07:00:00,75.32718570627641
srv-010,2017-06-08 08:00:00,75.32677982378493
srv-010,2017-06-08 09:00:00,75.32639096369643
srv-010,2017-06-08 10:00:00,75.32601841210425
srv-010,2017-06-08 11:00:00,75.32566148504247
srv-010,2017-06-08 12:00:00,75.32531952723018
srv-010,2017-06-08 13:00:00,75.32499191086842
srv-010,2017-06-08 14:00:00,75.32467803448769
srv-010,2017-06-08 15:00:00,75.32437732184361
srv-010,2017-06-08 16:00:00,75.32408922085911
srv-010,2017-06-08 17:00:00,75.32381320261075
srv-010,2017-06-08 18:00:00,75.32354876035778
srv-010,2017-06-08 19:00:00,75.32329540861176
srv-010,2017-06-08 20:00:00,75.32305268224525
srv-010,2017-06-08 21:00:00,75.32282013563794
srv-010,2017-06-08 22:00:00,75.32259734185844
srv-010,2017-06-08 23:00:00,75.3223838918806
srv-010,2017-06-09 00:00:00,75.32217939383247
srv-010,2017-06-09 01:00:00,75.32198347227694
srv-010,2017-06-09 02:00:00,75.32179576752242
srv-010,2017-06-09 03:00:00,75.32161593496252
srv-010,2017-06-09 04:00:00,75.3214436444434
srv-010,2017-06-09 05:00:00,75.32127857965762
srv-010,2017-06-09 06:00:00,75.32112043756338
srv-010,2017-06-09 07:00:00,75.32096892782829
srv-010,2017-06-09 08:00:00,75.32082377229625
srv-010,2017-06-09 09:00:00,75.32068470447682
srv-010,2017-06-09 10:00:00,75.32055146905594
srv-010,2017-06-09 11:00:00,75.32042382142728
srv-010,2017-06-09 12:00:00,75.32030152724307
srv-010,2017-06-09 13:00:00,75.32018436198393
srv-010,2017-06-09 14:00:00,75.32007211054665
srv-010,2017-06-09 15:00:00,75.31996456684925
srv-010,2017-06-09 16:00:00,75.31986153345271
srv-010,2017-06-09 17:00:00,75.31976282119847
srv-010,2017-06-09 18:00:00,75.31966824886108
srv-010,2017-06-09 19:00:00,75.31957764281559
srv-010,2017-06-09 20:00:00,75.31949083671871
srv-010,2017-06-09 21:00:00,75.31940767120354
srv-010,2017-06-09 22:00:00,75.3193279935868
srv-010,2017-06-09 23:00:00,75.3192516575887
srv-010,2017-06-10 00:00:00,75.3191785230643
srv-010,2017-06-10 01:00:00,75.31910845574622
srv-010,2017-06-10 02:00:00,75.31904132699816
srv-010,2017-06-10 03:00:00,75.31897701357875
srv-010,2017-06-10 04:00:00,75.31891539741521
srv-010,2017-06-10 05:00:00,75.31885636538671
srv-010,2017-06-10 06:00:00,75.31879980911658
srv-010,2017-06-10 07:00:00,75.31874562477341
srv-010,2017-06-10 08:00:00,75.31869371288039
srv-010,2017-06-10 09:00:00,75.31864397813266
srv-010,2017-06-10 10:00:00,75.31859632922242
srv-010,2017-06-10 11:00:00,75.31855067867123
srv-010,2017-06-10 12:00:00,75.31850694266944
srv-010,2017-06-10 13:00:00,75.3184650409223
srv-010,2017-06-10 14:00:00,75.31842489650256
srv-010,2017-06-10 15:00:00,75.31838643570924
srv-010,2017-06-10 16:00:00,75.31834958793236
srv-010,2017-06-10 17:00:00,75.3183142855232
srv-010,2017-06-10 18:00:00,75.31828046367022
srv-010,2017-06-10 19:00:00,75.31824806028004
srv-010,2017-06-10 20:00:00,75.3182170158634
srv-010,2017-06-10 21:00:00,75.31818727342598
srv-010,2017-06-10 22:00:00,75.31815877836375
srv-010,2017-06-10 23:00:00,75.31813147836276
srv-010,2017-06-11 00:00:00,75.31810532330304
srv-010,2017-06-11 01:00:00,75.31808026516664
srv-010,2017-06-11 02:00:00,75.31805625794942
srv-010,2017-06-11 03:00:00,75.31803325757664
srv-010,2017-06-11 04:00:00,75.31801122182199
srv-010,2017-06-11 05:00:00,75.31799011023013
srv-010,2017-06-11 06:00:00,75.31796988404237
srv-010,2017-06-11 07:00:00,75.31795050612554
srv-010,2017-06-11 08:00:00,75.3179319409038
srv-010,2017-06-11 09:00:00,75.31791415429335
srv-010,2017-06-11 10:00:00,75.3178971136398
srv-010,2017-06-11 11:00:00,75.31788078765831
srv-010,2017-06-11 12:00:00,75.31786514637606
srv-010,2017-06-11 13:00:00,75.31785016107729
srv-010,2017-06-11 14:00:00,75.31783580425055
srv-010,2017-06-11 15:00:00,75.31782204953821
srv-010,2017-06-11 16:00:00,75.31780887168803
srv-010,2017-06-11 17:00:00,75.31779624650687
srv-010,2017-06-11 18:00:00,75.31778415081621
srv-010,2017-06-11 19:00:00,75.31777256240962
srv-010,2017-06-11 20:00:00,75.31776146001198
srv-010,2017-06-11 21:00:00,75.31775082324044
srv-010,2017-06-11 22:00:00,75.31774063256704
srv-010,2017-06-11 23:00:00,75.3177308692827
srv-010,2017-06-12 00:00:00,75.31772151546309
srv-010,2017-06-12 01:00:00,75.31771255393556
srv-010,2017-06-12 02:00:00,75.31770396824768
srv-010,2017-06-12 03:00:00,75.31769574263701
srv-010,2017-06-12 04:00:00,75.31768786200222
srv-010,2017-06-12 05:00:00,75.31768031187524
srv-010,2017-06-12 06:00:00,75.31767307839483
srv-010,2017-06-12 07:00:00,75.3176661482811
srv-010,2017-06-12 08:00:00,75.31765950881108
srv-010,2017-06-12 09:00:00,75.31765314779537
srv-010,2017-06-12 10:00:00,75.31764705355582
srv-010,2017-06-12 11:00:00,75.31764121490404
srv-010,2017-06-12 12:00:00,75.31763562112089
srv-010,2017-06-12 13:00:00,75.31763026193673
srv-010,2017-06-12 14:00:00,75.31762512751268
srv-010,2017-06-12 15:00:00,75.31762020842248
srv-010,2017-06-12 16:00:00,75.31761549563518
srv-010,2017-06-12 17:00:00,75.31761098049859
srv-010,2017-06-12 18:00:00,75.31760665472339
srv-010,2017-06-12 19:00:00,75.31760251036792
srv-010,2017-06-12 20:00:00,75.31759853982356
srv-010,2017-06-12 21:00:00,75.31759473580081
srv-010,2017-06-12 22:00:00,75.31759109131589
srv-010,2017-06-12 23:00:00,75.31758759967788
srv-010,2017-06-13 00:00:00,75.31758425447653
srv-010,2017-06-13 01:00:00,75.31758104957036
srv-010,2017-06-13 02:00:00,75.31757797907554
srv-010,2017-06-13 03:00:00,75.31757503735493
srv-010,2017-06-13 04:00:00,75.31757221900783
srv-010,2017-06-13 05:00:00,75.31756951886008
srv-010,2017-06-13 06:00:00,75.31756693195446
srv-010,2017-06-13 07:00:00,75.3175644535417
srv-010,2017-06-13 08:00:00,75.31756207907169
srv-010,2017-06-13 09:00:00,75.31755980418514
srv-010,2017-06-13 10:00:00,75.31755762470561
srv-010,2017-06-13 11:00:00,75.31755553663179
srv-010,2017-06-13 12:00:00,75.31755353613019
srv-010,2017-06-13 13:00:00,75.31755161952812
srv-010,2017-06-13 14:00:00,75.31754978330687
srv-010,2017-06-13 15:00:00,75.31754802409534
srv-010,2017-06-13 16:00:00,75.31754633866382
srv-010,2017-06-13 17:00:00,75.317544723918
srv-010,2017-06-13 18:00:00,75.3175431768934
srv-010,2017-06-13 19:00:00,75.31754169474983
srv-010,2017-06-13 20:00:00,75.31754027476624
srv-010,2017-06-13 21:00:00,75.31753891433569
srv-010,2017-06-13 22:00:00,75.31753761096054
srv-010,2017-06-13 23:00:00,75.31753636224796
srv-010,2017-06-14 00:00:00,75.31753516590544
srv-010,2017-06-14 01:00:00,75.31753401973661
srv-010,2017-06-14 02:00:00,75.31753292163724
srv-010,2017-06-14 03:00:00,75.31753186959132
srv-010,2017-06-14 04:00:00,75.3175308616674
srv-010,2017-06-14 05:00:00,75.31752989601505
srv-010,2017-06-14 06:00:00,75.31752897086142
srv-010,2017-06-14 07:00:00,75.31752808450803
srv-010,2017-06-14 08:00:00,75.31752723532762
srv-010,2017-06-14 09:00:00,75.31752642176119
srv-010,2017-06-14 10:00:00,75.31752564231513
srv-010,2017-06-14 11:00:00,75.31752489555844
srv-010,2017-06-14 12:00:00,75.31752418012015
srv-010,2017-06-14 13:00:00,75.31752349468681
srv-010,2017-06-14 14:00:00,75.31752283800002
srv-010,2017-06-14 15:00:00,75.31752220885416
srv-010,2017-06-14 16:00:00,75.31752160609422
srv-010,2017-06-14 17:00:00,75.31752102861356
srv-010,2017-06-14 18:00:00,75.317520475352
srv-010,2017-06-14 19:00:00,75.31751994529381
srv-010,2017-06-14 20:00:00,75.31751943746586
srv-010,2017-06-14 21:00:00,75.31751895093582
srv-010,2017-06-14 22:00:00,75.31751848481049
srv-010,2017-06-14 23:00:00,75.3175180382341
srv-010,2017-06-15 00:00:00,75.31751761038679
srv-010,2017-06-15 01:00:00,75.31751720048305
srv-010,2017-06-15 02:00:00,75.31751680777039
srv-010,2017-06-15 03:00:00,75.31751643152778
srv-010,2017-06-15 04:00:00,75.3175160710645
srv-010,2017-06-15 05:00:00,75.31751572571878
srv-010,2017-06-15 06:00:00,75.3175153948566
srv-010,2017-06-15 07:00:00,75.31751507787052
srv-010,2017-06-15 08:00:00,75.3175147741786
srv-010,2017-06-15 09:00:00,75.31751448322329
srv-010,2017-06-15 10:00:00,75.31751420447043
srv-010,2017-06-15 11:00:00,75.31751393740824
srv-010,2017-06-15 12:00:00,75.31751368154643
srv-010,2017-06-15 13:00:00,75.31751343641528
srv-010,2017-06-15 14:00:00,75.31751320156475
srv-010,2017-06-15 15:00:00,75.31751297656366
srv-010,2017-06-15 16:00:00,75.31751276099895
srv-010,2017-06-15 17:00:00,75.31751255447487
srv-010,2017-06-15 18:00:00,75.31751235661224
srv-010,2017-06-15 19:00:00,75.31751216704782
srv-010,2017-06-15 20:00:00,75.3175119854336
srv-010,2017-06-15 21:00:00,75.31751181143612
srv-010,2017-06-15 22:00:00,75.31751164473597
srv-010,2017-06-15 23:00:00,75.31751148502711
srv-010,2017-06-16 00:00:00,75.31751133201631
srv-010,2017-06-16 01:00:00,75.31751118542266
srv-010,2017-06-16 02:00:00,75.31751104497705
srv-010,2017-06-16 03:00:00,75.31751091042162
srv-010,2017-06-16 04:00:00,75.31751078150933
srv-010,2017-06-16 05:00:00,75.31751065800353
srv-010,2017-06-16 06:00:00,75.31751053967747
srv-010,2017-06-16 07:00:00,75.31751042631392
srv-010,2017-06-16 08:00:00,75.31751031770473
srv-010,2017-06-16 09:00:00,75.31751021365055
srv-010,2017-06-16 10:00:00,75.31751011396031
srv-010,2017-06-16 11:00:00,75.31751001845102
srv-010,2017-06-16 12:00:00,75.3175099269473
srv-010,2017-06-16 13:00:00,75.31750983928117
srv-010,2017-06-16 14:00:00,75.31750975529171
srv-010,2017-06-16 15:00:00,75.31750967482469
srv-010,2017-06-16 16:00:00,75.31750959773241
srv-010,2017-06-16 17:00:00,75.31750952387331
srv-010,2017-06-16 18:00:00,75.31750945311181
srv-010,2017-06-16 19:00:00,75.31750938531799
srv-010,2017-06-16 20:00:00,75.31750932036739
srv-010,2017-06-16 21:00:00,75.31750925814077
srv-010,2017-06-16 22:00:00,75.3175091985239
srv-010,2017-06-16 23:00:00,75.3175091414073
srv-010,2017-06-17 00:00:00,75.31750908668613
srv-010,2017-06-17 01:00:00,75.31750903425993
srv-010,2017-06-17 02:00:00,75.31750898403244
srv-010,2017-06-17 03:00:00,75.31750893591145
srv-010,2017-06-17 04:00:00,75.31750888980862
srv-010,2017-06-17 05:00:00,75.31750884563931
srv-010,2017-06-17 06:00:00,75.31750880332243
srv-010,2017-06-17 07:00:00,75.31750876278028
srv-010,2017-06-17 08:00:00,75.31750872393845
srv-010,2017-06-17 09:00:00,75.3175086867256
srv-010,2017-06-17 10:00:00,75.31750865107344
srv-010,2017-06-17 11:00:00,75.3175086169165
srv-010,2017-06-17 12:00:00,75.31750858419207
srv-010,2017-06-17 13:00:00,75.31750855284008
srv-010,2017-06-17 14:00:00,75.31750852280298
srv-010,2017-06-17 15:00:00,75.3175084940256
srv-010,2017-06-17 16:00:00,75.31750846645514
srv-010,2017-06-17 17:00:00,75.31750844004095
srv-010,2017-06-17 18:00:00,75.31750841473455
srv-010,2017-06-17 19:00:00,75.31750839048948
srv-010,2017-06-17 20:00:00,75.31750836726124
srv-010,2017-06-17 21:00:00,75.31750834500717
srv-010,2017-06-17 22:00:00,75.31750832368641
srv-010,2017-06-17 23:00:00,75.31750830325984
srv-010,2017-06-18 00:00:00,75.31750828368993
srv-010,2017-06-18 01:00:00,75.31750826494078
srv-010,2017-06-18 02:00:00,75.31750824697795
srv-010,2017-06-18 03:00:00,75.31750822976846
srv-010,2017-06-18 04:00:00,75.31750821328075
srv-010,2017-06-18 05:00:00,75.3175081974845
srv-010,2017-06-18 06:00:00,75.31750818235074
srv-010,2017-06-18 07:00:00,75.31750816785167
srv-010,2017-06-18 08:00:00,75.31750815396067
srv-010,2017-06-18 09:00:00,75.31750814065227
srv-010,2017-06-18 10:00:00,75.317508127902
srv-010,2017-06-18 11:00:00,75.31750811568648
srv-010,2017-06-18 12:00:00,75.31750810398326
srv-010,2017-06-18 13:00:00,75.31750809277086
srv-010,2017-06-18 14:00:00,75.31750808202871
srv-010,2017-06-18 15:00:00,75.31750807173708
srv-010,2017-06-18 16:00:00,75.31750806187706
srv-010,2017-06-18 17:00:00,75.31750805243057
srv-010,2017-06-18 18:00:00,75.31750804338026
srv-010,2017-06-18 19:00:00,75.3175080347095
srv-010,2017-06-18 20:00:00,75.31750802640241
srv-010,2017-06-18 21:00:00,75.31750801844369
srv-010,2017-06-18 22:00:00,75.31750801081877
srv-010,2017-06-18 23:00:00,75.31750800351362
srv-010,2017-06-19 00:00:00,75.31750799651485
srv-010,2017-06-19 01:00:00,75.3175079898096
srv-010,2017-06-19 02:00:00,75.31750798338557
srv-010,2017-06-19 03:00:00,75.31750797723095
srv-010,2017-06-19 04:00:00,75.31750797133445
srv-010,2017-06-19 05:00:00,75.31750796568524
srv-010,2017-06-19 06:00:00,75.31750796027296
srv-010,2017-06-19 07:00:00,75.31750795508768
srv-010,2017-06-19 08:00:00,75.31750795011985
srv-010,2017-06-19 09:00:00,75.31750794536036
srv-010,2017-06-19 10:00:00,75.3175079408005
srv-010,2017-06-19 11:00:00,75.31750793643187
srv-010,2017-06-19 12:00:00,75.31750793224644
srv-010,2017-06-19 13:00:00,75.31750792823657
srv-010,2017-06-19 14:00:00,75.31750792439486
srv-010,2017-06-19 15:00:00,75.31750792071426
srv-010,2017-06-19 16:00:00,75.31750791718804
srv-010,2017-06-19 17:00:00,75.31750791380969
srv-010,2017-06-19 18:00:00,75.31750791057303
srv-010,2017-06-19 19:00:00,75.31750790747212
srv-010,2017-06-19 20:00:00,75.31750790450126
srv-010,2017-06-19 21:00:00,75.31750790165498
srv-010,2017-06-19 22:00:00,75.31750789892808
srv-010,2017-06-19 23:00:00,75.31750789631555
srv-010,2017-06-20 00:00:00,75.31750789381258
srv-010,2017-06-20 01:00:00,75.31750789141458
srv-010,2017-06-20 02:00:00,75.31750788911715
srv-010,2017-06-20 03:00:00,75.31750788691609
srv-010,2017-06-20 04:00:00,75.31750788480733
srv-010,2017-06-20 05:00:00,75.317507882787
srv-010,2017-06-20 06:00:00,75.31750788085141
srv-010,2017-06-20 07:00:00,75.317507878997
srv-010,2017-06-20 08:00:00,75.31750787722036
srv-010,2017-06-20 09:00:00,75.31750787551823
srv-010,2017-06-20 10:00:00,75.3175078738875
srv-010,2017-06-20 11:00:00,75.31750787232514
srv-010,2017-06-20 12:00:00,75.31750787082831
srv-010,2017-06-20 13:00:00,75.31750786939425
srv-010,2017-06-20 14:00:00,75.31750786802034
srv-010,2017-06-20 15:00:00,75.31750786670406
srv-010,2017-06-20 16:00:00,75.31750786544298
srv-010,2017-06-20 17:00:00,75.31750786423478
srv-010,2017-06-20 18:00:00,75.31750786307725
srv-010,2017-06-20 19:00:00,75.31750786196828
srv-010,2017-06-20 20:00:00,75.3175078609058
srv-010,2017-06-20 21:00:00,75.3175078598879
srv-010,2017-06-20 22:00:00,75.31750785891268
srv-010,2017-06-20 23:00:00,75.31750785797836
srv-010,2017-06-21 00:00:00,75.31750785708323
srv-010,2017-06-21 01:00:00,75.31750785622563
srv-010,2017-06-21 02:00:00,75.317507855404
srv-010,2017-06-21 03:00:00,75.31750785461684
srv-010,2017-06-21 04:00:00,75.31750785386268
srv-010,2017-06-21 05:00:00,75.31750785314016
srv-010,2017-06-21 06:00:00,75.31750785244793
srv-010,2017-06-21 07:00:00,75.31750785178474
srv-010,2017-06-21 08:00:00,75.31750785114936
srv-010,2017-06-21 09:00:00,75.31750785054062
srv-010,2017-06-21 10:00:00,75.31750784995742
srv-010,2017-06-21 11:00:00,75.31750784939868
srv-010,2017-06-21 12:00:00,75.31750784886337
srv-010,2017-06-21 13:00:00,75.31750784835052
srv-010,2017-06-21 14:00:00,75.31750784785916
srv-010,2017-06-21 15:00:00,75.31750784738841
srv-010,2017-06-21 16:00:00,75.31750784693742
srv-010,2017-06-21 17:00:00,75.31750784650534
srv-010,2017-06-21 18:00:00,75.31750784609136
srv-010,2017-06-21 19:00:00,75.31750784569476
srv-010,2017-06-21 20:00:00,75.3175078453148
srv-010,2017-06-21 21:00:00,75.31750784495075
srv-010,2017-06-21 22:00:00,75.31750784460199
srv-010,2017-06-21 23:00:00,75.31750784426785
srv-010,2017-06-22 00:00:00,75.31750784394772
srv-010,2017-06-22 01:00:00,75.31750784364102
srv-010,2017-06-22 02:00:00,75.31750784334719
srv-010,2017-06-22 03:00:00,75.31750784306567
srv-010,2017-06-22 04:00:00,75.31750784279596
srv-010,2017-06-22 05:00:00,75.31750784253757
srv-010,2017-06-22 06:00:00,75.31750784229001
srv-010,2017-06-22 07:00:00,75.31750784205283
srv-010,2017-06-22 08:00:00,75.3175078418256
srv-010,2017-06-22 09:00:00,75.31750784160789
srv-010,2017-06-22 10:00:00,75.31750784139933
srv-010,2017-06-22 11:00:00,75.3175078411995
srv-010,2017-06-22 12:00:00,75.31750784100807
srv-010,2017-06-22 13:00:00,75.31750784082465
srv-010,2017-06-22 14:00:00,75.31750784064893
srv-010,2017-06-22 15:00:00,75.31750784048057
srv-010,2017-06-22 16:00:00,75.31750784031928
srv-010,2017-06-22 17:00:00,75.31750784016475
srv-010,2017-06-22 18:00:00,75.31750784001672
srv-010,2017-06-22 19:00:00,75.31750783987488
srv-010,2017-06-22 20:00:00,75.31750783973898
srv-010,2017-06-22 21:00:00,75.3175078396088
srv-010,2017-06-22 22:00:00,75.31750783948407
srv-010,2017-06-22 23:00:00,75.31750783936457
srv-010,2017-06-23 00:00:00,75.31750783925008
srv-010,2017-06-23 01:00:00,75.3175078391404
srv-010,2017-06-23 02:00:00,75.31750783903531
srv-010,2017-06-23 03:00:00,75.31750783893463
srv-010,2017-06-23 04:00:00,75.31750783883818
srv-010,2017-06-23 05:00:00,75.31750783874577
srv-010,2017-06-23 06:00:00,75.31750783865724
srv-010,2017-06-23 07:00:00,75.31750783857241
srv-010,2017-06-23 08:00:00,75.31750783849115
srv-010,2017-06-23 09:00:00,75.31750783841329
srv-010,2017-06-23 10:00:00,75.3175078383387
srv-010,2017-06-23 11:00:00,75.31750783826723
srv-010,2017-06-23 12:00:00,75.31750783819878
srv-010,2017-06-23 13:00:00,75.31750783813318
srv-010,2017-06-23 14:00:00,75.31750783807034
srv-010,2017-06-23 15:00:00,75.31750783801013
srv-010,2017-06-23 16:00:00,75.31750783795245
srv-010,2017-06-23 17:00:00,75.31750783789718
srv-010,2017-06-23 18:00:00,75.31750783784423
srv-010,2017-06-23 19:00:00,75.31750783779351
srv-010,2017-06-23 20:00:00,75.31750783774491
srv-010,2017-06-23 21:00:00,75.31750783769836
srv-010,2017-06-23 22:00:00,75.31750783765375
srv-010,2017-06-23 23:00:00,75.31750783761102
srv-010,2017-06-24 00:00:00,75.31750783757006
srv-010,2017-06-24 01:00:00,75.31750783753084
srv-010,2017-06-24 02:00:00,75.31750783749325
srv-010,2017-06-24 03:00:00,75.31750783745726
srv-010,2017-06-24 04:00:00,75.31750783742275
srv-010,2017-06-24 05:00:00,75.31750783738971
srv-010,2017-06-24 06:00:00,75.31750783735805
srv-010,2017-06-24 07:00:00,75.31750783732771
srv-010,2017-06-24 08:00:00,75.31750783729865
srv-010,2017-06-24 09:00:00,75.31750783727081
srv-010,2017-06-24 10:00:00,75.31750783724414
srv-010,2017-06-24 11:00:00,75.31750783721857
srv-010,2017-06-24 12:00:00,75.31750783719409
srv-010,2017-06-24 13:00:00,75.31750783717062
srv-010,2017-06-24 14:00:00,75.31750783714816
srv-010,2017-06-24 15:00:00,75.31750783712663
srv-010,2017-06-24 16:00:00,75.31750783710599
srv-010,2017-06-24 17:00:00,75.31750783708623
srv-010,2017-06-24 18:00:00,75.3175078370673
srv-010,2017-06-24 19:00:00,75.31750783704915
srv-010,2017-06-24 20:00:00,75.31750783703177
srv-010,2017-06-24 21:00:00,75.31750783701513
srv-010,2017-06-24 22:00:00,75.31750783699917
srv-010,2017-06-24 23:00:00,75.31750783698389
srv-010,2017-06-25 00:00:00,75.31750783696924
srv-010,2017-06-25 01:00:00,75.31750783695522
srv-010,2017-06-25 02:00:00,75.31750783694177
srv-010,2017-06-25 03:00:00,75.3175078369289
srv-010,2017-06-25 04:00:00,75.31750783691656
srv-010,2017-06-25 05:00:00,75.31750783690474
srv-010,2017-06-25 06:00:00,75.31750783689343
srv-010,2017-06-25 07:00:00,75.31750783688257
srv-010,2017-06-25 08:00:00,75.31750783687218
srv-010,2017-06-25 09:00:00,75.31750783686222
srv-010,2017-06-25 10:00:00,75.31750783685268
srv-010,2017-06-25 11:00:00,75.31750783684355
srv-010,2017-06-25 12:00:00,75.31750783683478
srv-010,2017-06-25 13:00:00,75.3175078368264
srv-010,2017-06-25 14:00:00,75.31750783681835
srv-010,2017-06-25 15:00:00,75.31750783681066
srv-010,2017-06-25 16:00:00,75.31750783680327
srv-010,2017-06-25 17:00:00,75.31750783679621
srv-010,2017-06-25 18:00:00,75.31750783678945
srv-010,2017-06-25 19:00:00,75.31750783678295
srv-010,2017-06-25 20:00:00,75.31750783677674
srv-010,2017-06-25 21:00:00,75.31750783677079
srv-010,2017-06-25 22:00:00,75.31750783676507
srv-010,2017-06-25 23:00:00,75.3175078367596
srv-010,2017-06-26 00:00:00,75.31750783675437
srv-010,2017-06-26 01:00:00,75.31750783674936
srv-010,2017-06-26 02:00:00,75.31750783674455
srv-010,2017-06-26 03:00:00,75.31750783673995
srv-010,2017-06-26 04:00:00,75.31750783673553
srv-010,2017-06-26 05:00:00,75.31750783673131
srv-010,2017-06-26 06:00:00,75.31750783672726
srv-010,2017-06-26 07:00:00,75.31750783672338
srv-010,2017-06-26 08:00:00,75.31750783671966
srv-010,2017-06-26 09:00:00,75.3175078367161
srv-010,2017-06-26 10:00:00,75.31750783671269
srv-010,2017-06-26 11:00:00,75.31750783670941
srv-010,2017-06-26 12:00:00,75.31750783670628
srv-010,2017-06-26 13:00:00,75.31750783670329
srv-010,2017-06-26 14:00:00,75.31750783670041
srv-010,2017-06-26 15:00:00,75.31750783669766
srv-010,2017-06-26 16:00:00,75.31750783669501
srv-010,2017-06-26 17:00:00,75.31750783669249
srv-010,2017-06-26 18:00:00,75.31750783669007
srv-010,2017-06-26 19:00:00,75.31750783668775
srv-010,2017-06-26 20:00:00,75.31750783668552
srv-010,2017-06-26 21:00:00,75.31750783668339
srv-010,2017-06-26 22:00:00,75.31750783668136
srv-010,2017-06-26 23:00:00,75.3175078366794
srv-010,2017-06-27 00:00:00,75.31750783667754
srv-010,2017-06-27 01:00:00,75.31750783667573
srv-010,2017-06-27 02:00:00,75.31750783667401
srv-010,2017-06-27 03:00:00,75.31750783667236
srv-010,2017-06-27 04:00:00,75.31750783667079
srv-010,2017-06-27 05:00:00,75.31750783666928
srv-010,2017-06-27 06:00:00,75.31750783666783
srv-010,2017-06-27 07:00:00,75.31750783666644
srv-010,2017-06-27 08:00:00,75.31750783666511
srv-010,2017-06-27 09:00:00,75.31750783666384
srv-010,2017-06-27 10:00:00,75.31750783666261
srv-010,2017-06-27 11:00:00,75.31750783666145
srv-010,2017-06-27 12:00:00,75.31750783666033
srv-010,2017-06-27 13:00:00,75.31750783665926
srv-010,2017-06-27 14:00:00,75.31750783665824
srv-010,2017-06-27 15:00:00,75.31750783665724
srv-010,2017-06-27 16:00:00,75.3175078366563
srv-010,2017-06-27 17:00:00,75.3175078366554
srv-010,2017-06-27 18:00:00,75.31750783665453
srv-010,2017-06-27 19:00:00,75.3175078366537
srv-010,2017-06-27 20:00:00,75.31750783665291
srv-010,2017-06-27 21:00:00,75.31750783665214
srv-010,2017-06-27 22:00:00,75.31750783665142
srv-010,2017-06-27 23:00:00,75.31750783665072
srv-010,2017-06-28 00:00:00,75.31750783665005
srv-010,2017-06-28 01:00:00,75.3175078366494
srv-010,2017-06-28 02:00:00,75.31750783664879
srv-010,2017-06-28 03:00:00,75.3175078366482
srv-010,2017-06-28 04:00:00,75.31750783664764
srv-010,2017-06-28 05:00:00,75.3175078366471
srv-010,2017-06-28 06:00:00,75.31750783664658
srv-010,2017-06-28 07:00:00,75.31750783664609
srv-010,2017-06-28 08:00:00,75.3175078366456
srv-010,2017-06-28 09:00:00,75.31750783664515
srv-010,2017-06-28 10:00:00,75.31750783664471
srv-010,2017-06-28 11:00:00,75.3175078366443
srv-010,2017-06-28 12:00:00,75.3175078366439
srv-010,2017-06-28 13:00:00,75.31750783664351
srv-010,2017-06-28 14:00:00,75.31750783664314
srv-010,2017-06-28 15:00:00,75.31750783664279
srv-010,2017-06-28 16:00:00,75.31750783664245
srv-010,2017-06-28 17:00:00,75.31750783664214
srv-010,2017-06-28 18:00:00,75.31750783664182
srv-010,2017-06-28 19:00:00,75.31750783664152
srv-010,2017-06-28 20:00:00,75.31750783664124
srv-010,2017-06-28 21:00:00,75.31750783664097
srv-010,2017-06-28 22:00:00,75.3175078366407
srv-010,2017-06-28 23:00:00,75.31750783664046
srv-010,2017-06-29 00:00:00,75.31750783664022
srv-010,2017-06-29 01:00:00,75.31750783663999
srv-010,2017-06-29 02:00:00,75.31750783663976
srv-010,2017-06-29 03:00:00,75.31750783663956
srv-010,2017-06-29 04:00:00,75.31750783663935
srv-010,2017-06-29 05:00:00,75.31750783663917
srv-010,2017-06-29 06:00:00,75.31750783663898
srv-010,2017-06-29 07:00:00,75.3175078366388
srv-010,2017-06-29 08:00:00,75.31750783663863
srv-010,2017-06-29 09:00:00,75.31750783663847
srv-010,2017-06-29 10:00:00,75.31750783663831
srv-010,2017-06-29 11:00:00,75.31750783663816
srv-010,2017-06-29 12:00:00,75.31750783663801
srv-010,2017-06-29 13:00:00,75.31750783663789
srv-010,2017-06-29 14:00:00,75.31750783663774
srv-010,2017-06-29 15:00:00,75.31750783663762
srv-010,2017-06-29 16:00:00,75.3175078366375
srv-010,2017-06-29 17:00:00,75.31750783663739
srv-010,2017-06-29 18:00:00,75.31750783663728
srv-010,2017-06-29 19:00:00,75.31750783663718
srv-010,2017-06-29 20:00:00,75.31750783663706
srv-010,2017-06-29 21:00:00,75.31750783663698
srv-010,2017-06-29 22:00:00,75.31750783663688
srv-010,2017-06-29 23:00:00,75.31750783663679
srv-010,2017-06-30 00:00:00,75.31750783663671
srv-010,2017-06-30 01:00:00,75.31750783663662
srv-010,2017-06-30 02:00:00,75.31750783663654
srv-010,2017-06-30 03:00:00,75.31750783663647
srv-010,2017-06-30 04:00:00,75.3175078366364
srv-010,2017-06-30 05:00:00,75.31750783663632
srv-010,2017-06-30 06:00:00,75.31750783663625
srv-010,2017-06-30 07:00:00,75.3175078366362
srv-010,2017-06-30 08:00:00,75.31750783663614
srv-010,2017-06-30 09:00:00,75.31750783663608
srv-010,2017-06-30 10:00:00,75.31750783663603
srv-010,2017-06-30 11:00:00,75.31750783663597
srv-010,2017-06-30 12:00:00,75.31750783663591
srv-010,2017-06-30 13:00:00,75.31750783663587
srv-010,2017-06-30 14:00:00,75.31750783663583
srv-010,2017-06-30 15:00:00,75.31750783663577
srv-010,2017-06-30 16:00:00,75.31750783663573
srv-010,2017-06-30 17:00:00,75.31750783663568
srv-010,2017-06-30 18:00:00,75.31750783663566
srv-010,2017-06-30 19:00:00,75.31750783663561
srv-010,2017-06-30 20:00:00,75.31750783663557
srv-010,2017-06-30 21:00:00,75.31750783663554
srv-010,2017-06-30 22:00:00,75.31750783663551
srv-010,2017-06-30 23:00:00,75.31750783663547
