model,mae,mse,rmse,mape,smape,r2,explained_variance
xgboost,0.14939611737740377,0.1479573164723322,0.3846522019595523,1.4006006117615661,6.200795471722603,0.9989581302830343,0.9989594866677908
gru,9.07298969867926,122.96888367349796,11.089133585339207,163.91402062238538,53.89680348789714,0.1340911076036051,0.17232095890782806
arima,11.193649578148248,175.2331117405102,13.237564418748269,172.01783711856874,61.79145516451005,-0.2339374414529285,-0.22403186169022482
sarima,15.736125308995781,328.3590178902982,18.120679288875962,205.14240618743068,86.26617698712951,-1.3122027702934593,-1.2939154872039675
