model,mae,mse,rmse,mape,smape,r2,explained_variance
xgboost,0.14833543274753688,0.14485323401650965,0.3805958933258603,1.388013811743253,6.171791159059609,0.9989799882728032,0.998981785579329
gru,8.805244334389936,114.20570032157768,10.686706710749467,156.9260984421836,53.65572149506953,0.19579873772469725,0.20630048339652962
arima,11.193649578148248,175.2331117405102,13.237564418748269,172.01783711856874,61.79145516451005,-0.2339374414529285,-0.22403186169022482
sarima,15.736125308995781,328.3590178902982,18.120679288875962,205.14240618743068,86.26617698712951,-1.3122027702934593,-1.2939154872039675
