server_id,timestamp,predicted_cpu_utilization
srv-001,2017-06-01 23:00:00,52.942908419339254
srv-001,2017-06-02 00:00:00,52.31012367743717
srv-001,2017-06-02 01:00:00,52.03736163450511
srv-001,2017-06-02 02:00:00,52.24294660011366
srv-001,2017-06-02 03:00:00,52.43937692015048
srv-001,2017-06-02 04:00:00,52.377589805663476
srv-001,2017-06-02 05:00:00,52.1103640161724
srv-001,2017-06-02 06:00:00,52.42578457092729
srv-001,2017-06-02 07:00:00,51.96684600158246
srv-001,2017-06-02 08:00:00,51.814701240856316
srv-001,2017-06-02 09:00:00,52.104438299414056
srv-001,2017-06-02 10:00:00,52.358481409565535
srv-001,2017-06-02 11:00:00,52.33920488839067
srv-001,2017-06-02 12:00:00,52.09389949368703
srv-001,2017-06-02 13:00:00,52.42846274987434
srv-001,2017-06-02 14:00:00,51.98275458091433
srv-001,2017-06-02 15:00:00,51.839755155509536
srv-001,2017-06-02 16:00:00,52.1358144037702
srv-001,2017-06-02 17:00:00,52.394226651683844
srv-001,2017-06-02 18:00:00,52.377973500845556
srv-001,2017-06-02 19:00:00,52.134748243463804
srv-001,2017-06-02 20:00:00,52.47075440498159
srv-001,2017-06-02 21:00:00,52.026043559729004
srv-001,2017-06-02 22:00:00,51.88373347740033
srv-001,2017-06-02 23:00:00,52.1802691954799
srv-001,2017-06-03 00:00:00,52.439010774681535
srv-001,2017-06-03 01:00:00,52.422985259489
srv-001,2017-06-03 02:00:00,52.17991732974936
srv-001,2017-06-03 03:00:00,52.51603224149424
srv-001,2017-06-03 04:00:00,52.071396563543985
srv-001,2017-06-03 05:00:00,51.92913843626596
srv-001,2017-06-03 06:00:00,52.225710065270604
srv-001,2017-06-03 07:00:00,52.48447646582074
srv-001,2017-06-03 08:00:00,52.46846810695528
srv-001,2017-06-03 09:00:00,52.22541203551846
srv-001,2017-06-03 10:00:00,52.5615351436377
srv-001,2017-06-03 11:00:00,52.1169051309571
srv-001,2017-06-03 12:00:00,51.974650919469006
srv-001,2017-06-03 13:00:00,52.27122525503694
srv-001,2017-06-03 14:00:00,52.529993526342395
srv-001,2017-06-03 15:00:00,52.513986460528336
srv-001,2017-06-03 16:00:00,52.27093128283848
srv-001,2017-06-03 17:00:00,52.60705500870862
srv-001,2017-06-03 18:00:00,52.1624254230126
srv-001,2017-06-03 19:00:00,52.0201715066529
srv-001,2017-06-03 20:00:00,52.316746046211264
srv-001,2017-06-03 21:00:00,52.575514458513304
srv-001,2017-06-03 22:00:00,52.55950749015498
srv-001,2017-06-03 23:00:00,52.31645237982576
srv-001,2017-06-04 00:00:00,52.65257615225505
srv-001,2017-06-04 01:00:00,52.20794659874034
srv-001,2017-06-04 02:00:00,52.06569270462411
srv-001,2017-06-04 03:00:00,52.36226725955699
srv-001,2017-06-04 04:00:00,52.62103568248577
srv-001,2017-06-04 05:00:00,52.605028721472564
srv-001,2017-06-04 06:00:00,52.36197361622024
srv-001,2017-06-04 07:00:00,52.69809739215864
srv-001,2017-06-04 08:00:00,52.2534678410694
srv-001,2017-06-04 09:00:00,52.11121394862963
srv-001,2017-06-04 10:00:00,52.40778850472127
srv-001,2017-06-04 11:00:00,52.66655692845097
srv-001,2017-06-04 12:00:00,52.65054996799136
srv-001,2017-06-04 13:00:00,52.40749486312167
srv-001,2017-06-04 14:00:00,52.74361863932454
srv-001,2017-06-04 15:00:00,52.298989088418104
srv-001,2017-06-04 16:00:00,52.1567351961047
srv-001,2017-06-04 17:00:00,52.453309752283666
srv-001,2017-06-04 18:00:00,52.71207817607374
srv-001,2017-06-04 19:00:00,52.69607121565585
srv-001,2017-06-04 20:00:00,52.453016110815
srv-001,2017-06-04 21:00:00,52.7891398870378
srv-001,2017-06-04 22:00:00,52.34451033614514
srv-001,2017-06-04 23:00:00,52.20225644384125
srv-001,2017-06-05 00:00:00,52.4988310000268
srv-001,2017-06-05 01:00:00,52.75759942382141
srv-001,2017-06-05 02:00:00,52.74159246340667
srv-001,2017-06-05 03:00:00,52.498537358567994
srv-001,2017-06-05 04:00:00,52.8346611347923
srv-001,2017-06-05 05:00:00,52.39003158390068
srv-001,2017-06-05 06:00:00,52.24777769159751
srv-001,2017-06-05 07:00:00,52.544352247783564
srv-001,2017-06-05 08:00:00,52.803120671578526
srv-001,2017-06-05 09:00:00,52.78711371116402
srv-001,2017-06-05 10:00:00,52.54405860632551
srv-001,2017-06-05 11:00:00,52.880182382549926
srv-001,2017-06-05 12:00:00,52.43555283165839
srv-001,2017-06-05 13:00:00,52.29329893935528
srv-001,2017-06-05 14:00:00,52.58987349554137
srv-001,2017-06-05 15:00:00,52.84864191933636
srv-001,2017-06-05 16:00:00,52.83263495892187
srv-001,2017-06-05 17:00:00,52.589579854083375
srv-001,2017-06-05 18:00:00,52.9257036303078
srv-001,2017-06-05 19:00:00,52.481074079416274
srv-001,2017-06-05 20:00:00,52.338820187113164
srv-001,2017-06-05 21:00:00,52.63539474329925
srv-001,2017-06-05 22:00:00,52.89416316709424
srv-001,2017-06-05 23:00:00,52.878156206679755
srv-001,2017-06-06 00:00:00,52.63510110184126
srv-001,2017-06-06 01:00:00,52.971224878065684
srv-001,2017-06-06 02:00:00,52.52659532717415
srv-001,2017-06-06 03:00:00,52.38434143487104
srv-001,2017-06-06 04:00:00,52.68091599105713
srv-001,2017-06-06 05:00:00,52.93968441485212
srv-001,2017-06-06 06:00:00,52.92367745443763
srv-001,2017-06-06 07:00:00,52.68062234959913
srv-001,2017-06-06 08:00:00,53.01674612582356
srv-001,2017-06-06 09:00:00,52.572116574932025
srv-001,2017-06-06 10:00:00,52.429862682628915
srv-001,2017-06-06 11:00:00,52.726437238815
srv-001,2017-06-06 12:00:00,52.98520566260999
srv-001,2017-06-06 13:00:00,52.969198702195506
srv-001,2017-06-06 14:00:00,52.72614359735701
srv-001,2017-06-06 15:00:00,53.062267373581435
srv-001,2017-06-06 16:00:00,52.6176378226899
srv-001,2017-06-06 17:00:00,52.47538393038679
srv-001,2017-06-06 18:00:00,52.77195848657288
srv-001,2017-06-06 19:00:00,53.03072691036787
srv-001,2017-06-06 20:00:00,53.01471994995338
srv-001,2017-06-06 21:00:00,52.771664845114884
srv-001,2017-06-06 22:00:00,53.10778862133931
srv-001,2017-06-06 23:00:00,52.663159070447776
srv-001,2017-06-07 00:00:00,52.520905178144666
srv-001,2017-06-07 01:00:00,52.81747973433075
srv-001,2017-06-07 02:00:00,53.07624815812574
srv-001,2017-06-07 03:00:00,53.06024119771126
srv-001,2017-06-07 04:00:00,52.81718609287276
srv-001,2017-06-07 05:00:00,53.153309869097185
srv-001,2017-06-07 06:00:00,52.70868031820565
srv-001,2017-06-07 07:00:00,52.56642642590254
srv-001,2017-06-07 08:00:00,52.86300098208863
srv-001,2017-06-07 09:00:00,53.12176940588362
srv-001,2017-06-07 10:00:00,53.10576244546913
srv-001,2017-06-07 11:00:00,52.862707340630635
srv-001,2017-06-07 12:00:00,53.19883111685506
srv-001,2017-06-07 13:00:00,52.75420156596353
srv-001,2017-06-07 14:00:00,52.61194767366042
srv-001,2017-06-07 15:00:00,52.908522229846504
srv-001,2017-06-07 16:00:00,53.167290653641494
srv-001,2017-06-07 17:00:00,53.15128369322701
srv-001,2017-06-07 18:00:00,52.90822858838851
srv-001,2017-06-07 19:00:00,53.244352364612936
srv-001,2017-06-07 20:00:00,52.7997228137214
srv-001,2017-06-07 21:00:00,52.65746892141829
srv-001,2017-06-07 22:00:00,52.95404347760438
srv-001,2017-06-07 23:00:00,53.21281190139937
srv-001,2017-06-08 00:00:00,53.19680494098488
srv-001,2017-06-08 01:00:00,52.953749836146386
srv-001,2017-06-08 02:00:00,53.28987361237081
srv-001,2017-06-08 03:00:00,52.84524406147928
srv-001,2017-06-08 04:00:00,52.70299016917617
srv-001,2017-06-08 05:00:00,52.999564725362255
srv-001,2017-06-08 06:00:00,53.258333149157245
srv-001,2017-06-08 07:00:00,53.24232618874276
srv-001,2017-06-08 08:00:00,52.99927108390426
srv-001,2017-06-08 09:00:00,53.33539486012869
srv-001,2017-06-08 10:00:00,52.89076530923715
srv-001,2017-06-08 11:00:00,52.74851141693404
srv-001,2017-06-08 12:00:00,53.04508597312013
srv-001,2017-06-08 13:00:00,53.30385439691512
srv-001,2017-06-08 14:00:00,53.287847436500634
srv-001,2017-06-08 15:00:00,53.04479233166214
srv-001,2017-06-08 16:00:00,53.38091610788656
srv-001,2017-06-08 17:00:00,52.93628655699503
srv-001,2017-06-08 18:00:00,52.79403266469192
srv-001,2017-06-08 19:00:00,53.090607220878006
srv-001,2017-06-08 20:00:00,53.349375644672996
srv-001,2017-06-08 21:00:00,53.33336868425851
srv-001,2017-06-08 22:00:00,53.09031357942001
srv-001,2017-06-08 23:00:00,53.42643735564444
srv-001,2017-06-09 00:00:00,52.981807804752904
srv-001,2017-06-09 01:00:00,52.839553912449794
srv-001,2017-06-09 02:00:00,53.13612846863588
srv-001,2017-06-09 03:00:00,53.39489689243087
srv-001,2017-06-09 04:00:00,53.378889932016385
srv-001,2017-06-09 05:00:00,53.13583482717789
srv-001,2017-06-09 06:00:00,53.471958603402314
srv-001,2017-06-09 07:00:00,53.02732905251078
srv-001,2017-06-09 08:00:00,52.88507516020767
srv-001,2017-06-09 09:00:00,53.18164971639376
srv-001,2017-06-09 10:00:00,53.44041814018875
srv-001,2017-06-09 11:00:00,53.42441117977426
srv-001,2017-06-09 12:00:00,53.18135607493576
srv-001,2017-06-09 13:00:00,53.51747985116019
srv-001,2017-06-09 14:00:00,53.072850300268655
srv-001,2017-06-09 15:00:00,52.930596407965545
srv-001,2017-06-09 16:00:00,53.22717096415163
srv-001,2017-06-09 17:00:00,53.48593938794662
srv-001,2017-06-09 18:00:00,53.469932427532136
srv-001,2017-06-09 19:00:00,53.22687732269364
srv-001,2017-06-09 20:00:00,53.563001098918065
srv-001,2017-06-09 21:00:00,53.11837154802653
srv-001,2017-06-09 22:00:00,52.97611765572342
srv-001,2017-06-09 23:00:00,53.27269221190951
srv-001,2017-06-10 00:00:00,53.5314606357045
srv-001,2017-06-10 01:00:00,53.51545367529001
srv-001,2017-06-10 02:00:00,53.272398570451514
srv-001,2017-06-10 03:00:00,53.60852234667594
srv-001,2017-06-10 04:00:00,53.163892795784406
srv-001,2017-06-10 05:00:00,53.021638903481296
srv-001,2017-06-10 06:00:00,53.31821345966738
srv-001,2017-06-10 07:00:00,53.57698188346237
srv-001,2017-06-10 08:00:00,53.56097492304789
srv-001,2017-06-10 09:00:00,53.31791981820939
srv-001,2017-06-10 10:00:00,53.654043594433816
srv-001,2017-06-10 11:00:00,53.20941404354228
srv-001,2017-06-10 12:00:00,53.06716015123917
srv-001,2017-06-10 13:00:00,53.36373470742526
srv-001,2017-06-10 14:00:00,53.62250313122025
srv-001,2017-06-10 15:00:00,53.60649617080576
srv-001,2017-06-10 16:00:00,53.363441065967265
srv-001,2017-06-10 17:00:00,53.69956484219169
srv-001,2017-06-10 18:00:00,53.25493529130016
srv-001,2017-06-10 19:00:00,53.11268139899705
srv-001,2017-06-10 20:00:00,53.409255955183134
srv-001,2017-06-10 21:00:00,53.668024378978124
srv-001,2017-06-10 22:00:00,53.65201741856364
srv-001,2017-06-10 23:00:00,53.40896231372514
srv-001,2017-06-11 00:00:00,53.74508608994957
srv-001,2017-06-11 01:00:00,53.30045653905803
srv-001,2017-06-11 02:00:00,53.15820264675492
srv-001,2017-06-11 03:00:00,53.45477720294101
srv-001,2017-06-11 04:00:00,53.713545626736
srv-001,2017-06-11 05:00:00,53.69753866632151
srv-001,2017-06-11 06:00:00,53.454483561483016
srv-001,2017-06-11 07:00:00,53.79060733770744
srv-001,2017-06-11 08:00:00,53.34597778681591
srv-001,2017-06-11 09:00:00,53.2037238945128
srv-001,2017-06-11 10:00:00,53.500298450698885
srv-001,2017-06-11 11:00:00,53.759066874493875
srv-001,2017-06-11 12:00:00,53.74305991407939
srv-001,2017-06-11 13:00:00,53.50000480924089
srv-001,2017-06-11 14:00:00,53.83612858546532
srv-001,2017-06-11 15:00:00,53.39149903457378
srv-001,2017-06-11 16:00:00,53.249245142270674
srv-001,2017-06-11 17:00:00,53.54581969845676
srv-001,2017-06-11 18:00:00,53.80458812225175
srv-001,2017-06-11 19:00:00,53.788581161837264
srv-001,2017-06-11 20:00:00,53.54552605699877
srv-001,2017-06-11 21:00:00,53.88164983322319
srv-001,2017-06-11 22:00:00,53.43702028233166
srv-001,2017-06-11 23:00:00,53.29476639002855
srv-001,2017-06-12 00:00:00,53.591340946214636
srv-001,2017-06-12 01:00:00,53.850109370009626
srv-001,2017-06-12 02:00:00,53.83410240959514
srv-001,2017-06-12 03:00:00,53.59104730475664
srv-001,2017-06-12 04:00:00,53.92717108098107
srv-001,2017-06-12 05:00:00,53.482541530089534
srv-001,2017-06-12 06:00:00,53.340287637786425
srv-001,2017-06-12 07:00:00,53.63686219397251
srv-001,2017-06-12 08:00:00,53.8956306177675
srv-001,2017-06-12 09:00:00,53.879623657353015
srv-001,2017-06-12 10:00:00,53.63656855251452
srv-001,2017-06-12 11:00:00,53.972692328738944
srv-001,2017-06-12 12:00:00,53.52806277784741
srv-001,2017-06-12 13:00:00,53.3858088855443
srv-001,2017-06-12 14:00:00,53.68238344173039
srv-001,2017-06-12 15:00:00,53.94115186552538
srv-001,2017-06-12 16:00:00,53.92514490511089
srv-001,2017-06-12 17:00:00,53.682089800272394
srv-001,2017-06-12 18:00:00,54.01821357649682
srv-001,2017-06-12 19:00:00,53.573584025605285
srv-001,2017-06-12 20:00:00,53.431330133302176
srv-001,2017-06-12 21:00:00,53.72790468948826
srv-001,2017-06-12 22:00:00,53.98667311328325
srv-001,2017-06-12 23:00:00,53.970666152868766
srv-001,2017-06-13 00:00:00,53.72761104803027
srv-001,2017-06-13 01:00:00,54.063734824254695
srv-001,2017-06-13 02:00:00,53.61910527336316
srv-001,2017-06-13 03:00:00,53.47685138106005
srv-001,2017-06-13 04:00:00,53.77342593724614
srv-001,2017-06-13 05:00:00,54.03219436104113
srv-001,2017-06-13 06:00:00,54.01618740062664
srv-001,2017-06-13 07:00:00,53.773132295788145
srv-001,2017-06-13 08:00:00,54.10925607201257
srv-001,2017-06-13 09:00:00,53.664626521121036
srv-001,2017-06-13 10:00:00,53.52237262881793
srv-001,2017-06-13 11:00:00,53.81894718500401
srv-001,2017-06-13 12:00:00,54.077715608799004
srv-001,2017-06-13 13:00:00,54.06170864838452
srv-001,2017-06-13 14:00:00,53.81865354354602
srv-001,2017-06-13 15:00:00,54.154777319770446
srv-001,2017-06-13 16:00:00,53.71014776887891
srv-001,2017-06-13 17:00:00,53.5678938765758
srv-001,2017-06-13 18:00:00,53.86446843276189
srv-001,2017-06-13 19:00:00,54.12323685655688
srv-001,2017-06-13 20:00:00,54.10722989614239
srv-001,2017-06-13 21:00:00,53.864174791303896
srv-001,2017-06-13 22:00:00,54.20029856752832
srv-001,2017-06-13 23:00:00,53.75566901663679
srv-001,2017-06-14 00:00:00,53.61341512433368
srv-001,2017-06-14 01:00:00,53.909989680519764
srv-001,2017-06-14 02:00:00,54.168758104314755
srv-001,2017-06-14 03:00:00,54.15275114390027
srv-001,2017-06-14 04:00:00,53.90969603906177
srv-001,2017-06-14 05:00:00,54.2458198152862
srv-001,2017-06-14 06:00:00,53.80119026439466
srv-001,2017-06-14 07:00:00,53.65893637209155
srv-001,2017-06-14 08:00:00,53.95551092827764
srv-001,2017-06-14 09:00:00,54.21427935207263
srv-001,2017-06-14 10:00:00,54.19827239165814
srv-001,2017-06-14 11:00:00,53.95521728681965
srv-001,2017-06-14 12:00:00,54.29134106304407
srv-001,2017-06-14 13:00:00,53.84671151215254
srv-001,2017-06-14 14:00:00,53.70445761984943
srv-001,2017-06-14 15:00:00,54.001032176035515
srv-001,2017-06-14 16:00:00,54.259800599830506
srv-001,2017-06-14 17:00:00,54.24379363941602
srv-001,2017-06-14 18:00:00,54.00073853457752
srv-001,2017-06-14 19:00:00,54.33686231080195
srv-001,2017-06-14 20:00:00,53.892232759910414
srv-001,2017-06-14 21:00:00,53.749978867607304
srv-001,2017-06-14 22:00:00,54.04655342379339
srv-001,2017-06-14 23:00:00,54.30532184758838
srv-001,2017-06-15 00:00:00,54.289314887173894
srv-001,2017-06-15 01:00:00,54.0462597823354
srv-001,2017-06-15 02:00:00,54.38238355855982
srv-001,2017-06-15 03:00:00,53.93775400766829
srv-001,2017-06-15 04:00:00,53.79550011536518
srv-001,2017-06-15 05:00:00,54.092074671551266
srv-001,2017-06-15 06:00:00,54.35084309534626
srv-001,2017-06-15 07:00:00,54.33483613493177
srv-001,2017-06-15 08:00:00,54.09178103009327
srv-001,2017-06-15 09:00:00,54.4279048063177
srv-001,2017-06-15 10:00:00,53.983275255426165
srv-001,2017-06-15 11:00:00,53.841021363123055
srv-001,2017-06-15 12:00:00,54.13759591930914
srv-001,2017-06-15 13:00:00,54.39636434310413
srv-001,2017-06-15 14:00:00,54.380357382689645
srv-001,2017-06-15 15:00:00,54.13730227785115
srv-001,2017-06-15 16:00:00,54.473426054075574
srv-001,2017-06-15 17:00:00,54.02879650318404
srv-001,2017-06-15 18:00:00,53.88654261088093
srv-001,2017-06-15 19:00:00,54.18311716706702
srv-001,2017-06-15 20:00:00,54.44188559086201
srv-001,2017-06-15 21:00:00,54.42587863044752
srv-001,2017-06-15 22:00:00,54.182823525609024
srv-001,2017-06-15 23:00:00,54.51894730183345
srv-001,2017-06-16 00:00:00,54.074317750941916
srv-001,2017-06-16 01:00:00,53.932063858638806
srv-001,2017-06-16 02:00:00,54.22863841482489
srv-001,2017-06-16 03:00:00,54.48740683861988
srv-001,2017-06-16 04:00:00,54.471399878205396
srv-001,2017-06-16 05:00:00,54.2283447733669
srv-001,2017-06-16 06:00:00,54.564468549591325
srv-001,2017-06-16 07:00:00,54.11983899869979
srv-001,2017-06-16 08:00:00,53.97758510639668
srv-001,2017-06-16 09:00:00,54.27415966258277
srv-001,2017-06-16 10:00:00,54.53292808637776
srv-001,2017-06-16 11:00:00,54.51692112596327
srv-001,2017-06-16 12:00:00,54.273866021124775
srv-001,2017-06-16 13:00:00,54.6099897973492
srv-001,2017-06-16 14:00:00,54.16536024645767
srv-001,2017-06-16 15:00:00,54.02310635415456
srv-001,2017-06-16 16:00:00,54.319680910340644
srv-001,2017-06-16 17:00:00,54.578449334135634
srv-001,2017-06-16 18:00:00,54.56244237372115
srv-001,2017-06-16 19:00:00,54.31938726888265
srv-001,2017-06-16 20:00:00,54.655511045107076
srv-001,2017-06-16 21:00:00,54.21088149421554
srv-001,2017-06-16 22:00:00,54.06862760191243
srv-001,2017-06-16 23:00:00,54.36520215809852
srv-001,2017-06-17 00:00:00,54.62397058189351
srv-001,2017-06-17 01:00:00,54.60796362147902
srv-001,2017-06-17 02:00:00,54.364908516640526
srv-001,2017-06-17 03:00:00,54.70103229286495
srv-001,2017-06-17 04:00:00,54.25640274197342
srv-001,2017-06-17 05:00:00,54.11414884967031
srv-001,2017-06-17 06:00:00,54.410723405856395
srv-001,2017-06-17 07:00:00,54.669491829651385
srv-001,2017-06-17 08:00:00,54.6534848692369
srv-001,2017-06-17 09:00:00,54.4104297643984
srv-001,2017-06-17 10:00:00,54.74655354062283
srv-001,2017-06-17 11:00:00,54.30192398973129
srv-001,2017-06-17 12:00:00,54.15967009742818
srv-001,2017-06-17 13:00:00,54.45624465361427
srv-001,2017-06-17 14:00:00,54.71501307740926
srv-001,2017-06-17 15:00:00,54.699006116994774
srv-001,2017-06-17 16:00:00,54.45595101215628
srv-001,2017-06-17 17:00:00,54.7920747883807
srv-001,2017-06-17 18:00:00,54.34744523748917
srv-001,2017-06-17 19:00:00,54.20519134518606
srv-001,2017-06-17 20:00:00,54.501765901372146
srv-001,2017-06-17 21:00:00,54.760534325167136
srv-001,2017-06-17 22:00:00,54.74452736475265
srv-001,2017-06-17 23:00:00,54.50147225991415
srv-001,2017-06-18 00:00:00,54.83759603613858
srv-001,2017-06-18 01:00:00,54.392966485247044
srv-001,2017-06-18 02:00:00,54.250712592943934
srv-001,2017-06-18 03:00:00,54.54728714913002
srv-001,2017-06-18 04:00:00,54.80605557292501
srv-001,2017-06-18 05:00:00,54.790048612510525
srv-001,2017-06-18 06:00:00,54.54699350767203
srv-001,2017-06-18 07:00:00,54.88311728389645
srv-001,2017-06-18 08:00:00,54.43848773300492
srv-001,2017-06-18 09:00:00,54.29623384070181
srv-001,2017-06-18 10:00:00,54.5928083968879
srv-001,2017-06-18 11:00:00,54.85157682068289
srv-001,2017-06-18 12:00:00,54.8355698602684
srv-001,2017-06-18 13:00:00,54.5925147554299
srv-001,2017-06-18 14:00:00,54.92863853165433
srv-001,2017-06-18 15:00:00,54.484008980762795
srv-001,2017-06-18 16:00:00,54.341755088459685
srv-001,2017-06-18 17:00:00,54.63832964464577
srv-001,2017-06-18 18:00:00,54.89709806844076
srv-001,2017-06-18 19:00:00,54.881091108026276
srv-001,2017-06-18 20:00:00,54.63803600318778
srv-001,2017-06-18 21:00:00,54.974159779412204
srv-001,2017-06-18 22:00:00,54.52953022852067
srv-001,2017-06-18 23:00:00,54.38727633621756
srv-001,2017-06-19 00:00:00,54.68385089240365
srv-001,2017-06-19 01:00:00,54.94261931619864
srv-001,2017-06-19 02:00:00,54.92661235578415
srv-001,2017-06-19 03:00:00,54.683557250945654
srv-001,2017-06-19 04:00:00,55.01968102717008
srv-001,2017-06-19 05:00:00,54.575051476278546
srv-001,2017-06-19 06:00:00,54.432797583975436
srv-001,2017-06-19 07:00:00,54.72937214016152
srv-001,2017-06-19 08:00:00,54.98814056395651
srv-001,2017-06-19 09:00:00,54.97213360354203
srv-001,2017-06-19 10:00:00,54.72907849870353
srv-001,2017-06-19 11:00:00,55.065202274927955
srv-001,2017-06-19 12:00:00,54.62057272403642
srv-001,2017-06-19 13:00:00,54.47831883173331
srv-001,2017-06-19 14:00:00,54.7748933879194
srv-001,2017-06-19 15:00:00,55.03366181171439
srv-001,2017-06-19 16:00:00,55.0176548512999
srv-001,2017-06-19 17:00:00,54.774599746461405
srv-001,2017-06-19 18:00:00,55.11072352268583
srv-001,2017-06-19 19:00:00,54.6660939717943
srv-001,2017-06-19 20:00:00,54.52384007949119
srv-001,2017-06-19 21:00:00,54.820414635677274
srv-001,2017-06-19 22:00:00,55.079183059472264
srv-001,2017-06-19 23:00:00,55.06317609905778
srv-001,2017-06-20 00:00:00,54.82012099421928
srv-001,2017-06-20 01:00:00,55.156244770443706
srv-001,2017-06-20 02:00:00,54.71161521955217
srv-001,2017-06-20 03:00:00,54.56936132724906
srv-001,2017-06-20 04:00:00,54.86593588343515
srv-001,2017-06-20 05:00:00,55.12470430723014
srv-001,2017-06-20 06:00:00,55.10869734681565
srv-001,2017-06-20 07:00:00,54.865642241977156
srv-001,2017-06-20 08:00:00,55.20176601820158
srv-001,2017-06-20 09:00:00,54.75713646731005
srv-001,2017-06-20 10:00:00,54.61488257500694
srv-001,2017-06-20 11:00:00,54.911457131193025
srv-001,2017-06-20 12:00:00,55.170225554988015
srv-001,2017-06-20 13:00:00,55.15421859457353
srv-001,2017-06-20 14:00:00,54.91116348973503
srv-001,2017-06-20 15:00:00,55.24728726595946
srv-001,2017-06-20 16:00:00,54.80265771506792
srv-001,2017-06-20 17:00:00,54.66040382276481
srv-001,2017-06-20 18:00:00,54.9569783789509
srv-001,2017-06-20 19:00:00,55.21574680274589
srv-001,2017-06-20 20:00:00,55.199739842331404
srv-001,2017-06-20 21:00:00,54.95668473749291
srv-001,2017-06-20 22:00:00,55.29280851371733
srv-001,2017-06-20 23:00:00,54.8481789628258
srv-001,2017-06-21 00:00:00,54.70592507052269
srv-001,2017-06-21 01:00:00,55.002499626708776
srv-001,2017-06-21 02:00:00,55.261268050503766
srv-001,2017-06-21 03:00:00,55.24526109008928
srv-001,2017-06-21 04:00:00,55.00220598525078
srv-001,2017-06-21 05:00:00,55.33832976147521
srv-001,2017-06-21 06:00:00,54.893700210583674
srv-001,2017-06-21 07:00:00,54.751446318280564
srv-001,2017-06-21 08:00:00,55.04802087446665
srv-001,2017-06-21 09:00:00,55.30678929826164
srv-001,2017-06-21 10:00:00,55.290782337847155
srv-001,2017-06-21 11:00:00,55.04772723300866
srv-001,2017-06-21 12:00:00,55.383851009233084
srv-001,2017-06-21 13:00:00,54.93922145834155
srv-001,2017-06-21 14:00:00,54.79696756603844
srv-001,2017-06-21 15:00:00,55.09354212222453
srv-001,2017-06-21 16:00:00,55.35231054601952
srv-001,2017-06-21 17:00:00,55.33630358560503
srv-001,2017-06-21 18:00:00,55.09324848076653
srv-001,2017-06-21 19:00:00,55.42937225699096
srv-001,2017-06-21 20:00:00,54.984742706099425
srv-001,2017-06-21 21:00:00,54.842488813796315
srv-001,2017-06-21 22:00:00,55.1390633699824
srv-001,2017-06-21 23:00:00,55.39783179377739
srv-001,2017-06-22 00:00:00,55.381824833362906
srv-001,2017-06-22 01:00:00,55.13876972852441
srv-001,2017-06-22 02:00:00,55.474893504748835
srv-001,2017-06-22 03:00:00,55.0302639538573
srv-001,2017-06-22 04:00:00,54.88801006155419
srv-001,2017-06-22 05:00:00,55.18458461774028
srv-001,2017-06-22 06:00:00,55.44335304153527
srv-001,2017-06-22 07:00:00,55.42734608112078
srv-001,2017-06-22 08:00:00,55.184290976282284
srv-001,2017-06-22 09:00:00,55.52041475250671
srv-001,2017-06-22 10:00:00,55.075785201615176
srv-001,2017-06-22 11:00:00,54.933531309312066
srv-001,2017-06-22 12:00:00,55.23010586549815
srv-001,2017-06-22 13:00:00,55.48887428929314
srv-001,2017-06-22 14:00:00,55.47286732887866
srv-001,2017-06-22 15:00:00,55.22981222404016
srv-001,2017-06-22 16:00:00,55.565936000264585
srv-001,2017-06-22 17:00:00,55.12130644937305
srv-001,2017-06-22 18:00:00,54.97905255706994
srv-001,2017-06-22 19:00:00,55.27562711325603
srv-001,2017-06-22 20:00:00,55.53439553705102
srv-001,2017-06-22 21:00:00,55.51838857663653
srv-001,2017-06-22 22:00:00,55.275333471798035
srv-001,2017-06-22 23:00:00,55.61145724802246
srv-001,2017-06-23 00:00:00,55.16682769713093
srv-001,2017-06-23 01:00:00,55.02457380482782
srv-001,2017-06-23 02:00:00,55.321148361013904
srv-001,2017-06-23 03:00:00,55.579916784808894
srv-001,2017-06-23 04:00:00,55.56390982439441
srv-001,2017-06-23 05:00:00,55.32085471955591
srv-001,2017-06-23 06:00:00,55.656978495780336
srv-001,2017-06-23 07:00:00,55.2123489448888
srv-001,2017-06-23 08:00:00,55.07009505258569
srv-001,2017-06-23 09:00:00,55.36666960877178
srv-001,2017-06-23 10:00:00,55.62543803256677
srv-001,2017-06-23 11:00:00,55.60943107215228
srv-001,2017-06-23 12:00:00,55.366375967313786
srv-001,2017-06-23 13:00:00,55.70249974353821
srv-001,2017-06-23 14:00:00,55.25787019264668
srv-001,2017-06-23 15:00:00,55.11561630034357
srv-001,2017-06-23 16:00:00,55.412190856529655
srv-001,2017-06-23 17:00:00,55.670959280324645
srv-001,2017-06-23 18:00:00,55.65495231991016
srv-001,2017-06-23 19:00:00,55.41189721507166
srv-001,2017-06-23 20:00:00,55.74802099129609
srv-001,2017-06-23 21:00:00,55.30339144040455
srv-001,2017-06-23 22:00:00,55.16113754810144
srv-001,2017-06-23 23:00:00,55.45771210428753
srv-001,2017-06-24 00:00:00,55.71648052808252
srv-001,2017-06-24 01:00:00,55.700473567668034
srv-001,2017-06-24 02:00:00,55.45741846282954
srv-001,2017-06-24 03:00:00,55.79354223905396
srv-001,2017-06-24 04:00:00,55.34891268816243
srv-001,2017-06-24 05:00:00,55.20665879585932
srv-001,2017-06-24 06:00:00,55.503233352045406
srv-001,2017-06-24 07:00:00,55.762001775840396
srv-001,2017-06-24 08:00:00,55.74599481542591
srv-001,2017-06-24 09:00:00,55.50293971058741
srv-001,2017-06-24 10:00:00,55.83906348681184
srv-001,2017-06-24 11:00:00,55.394433935920304
srv-001,2017-06-24 12:00:00,55.252180043617194
srv-001,2017-06-24 13:00:00,55.54875459980328
srv-001,2017-06-24 14:00:00,55.80752302359827
srv-001,2017-06-24 15:00:00,55.791516063183785
srv-001,2017-06-24 16:00:00,55.54846095834529
srv-001,2017-06-24 17:00:00,55.884584734569714
srv-001,2017-06-24 18:00:00,55.43995518367818
srv-001,2017-06-24 19:00:00,55.29770129137507
srv-001,2017-06-24 20:00:00,55.59427584756116
srv-001,2017-06-24 21:00:00,55.85304427135615
srv-001,2017-06-24 22:00:00,55.83703731094166
srv-001,2017-06-24 23:00:00,55.59398220610316
srv-001,2017-06-25 00:00:00,55.93010598232759
srv-001,2017-06-25 01:00:00,55.485476431436055
srv-001,2017-06-25 02:00:00,55.343222539132945
srv-001,2017-06-25 03:00:00,55.63979709531903
srv-001,2017-06-25 04:00:00,55.89856551911402
srv-001,2017-06-25 05:00:00,55.882558558699536
srv-001,2017-06-25 06:00:00,55.63950345386104
srv-001,2017-06-25 07:00:00,55.975627230085465
srv-001,2017-06-25 08:00:00,55.53099767919393
srv-001,2017-06-25 09:00:00,55.38874378689082
srv-001,2017-06-25 10:00:00,55.68531834307691
srv-001,2017-06-25 11:00:00,55.9440867668719
srv-001,2017-06-25 12:00:00,55.92807980645741
srv-001,2017-06-25 13:00:00,55.685024701618914
srv-001,2017-06-25 14:00:00,56.02114847784334
srv-001,2017-06-25 15:00:00,55.576518926951806
srv-001,2017-06-25 16:00:00,55.434265034648696
srv-001,2017-06-25 17:00:00,55.73083959083478
srv-001,2017-06-25 18:00:00,55.98960801462977
srv-001,2017-06-25 19:00:00,55.97360105421529
srv-001,2017-06-25 20:00:00,55.73054594937679
srv-001,2017-06-25 21:00:00,56.066669725601216
srv-001,2017-06-25 22:00:00,55.62204017470968
srv-001,2017-06-25 23:00:00,55.47978628240657
srv-001,2017-06-26 00:00:00,55.77636083859266
srv-001,2017-06-26 01:00:00,56.03512926238765
srv-001,2017-06-26 02:00:00,56.01912230197316
srv-001,2017-06-26 03:00:00,55.776067197134665
srv-001,2017-06-26 04:00:00,56.11219097335909
srv-001,2017-06-26 05:00:00,55.66756142246756
srv-001,2017-06-26 06:00:00,55.52530753016445
srv-001,2017-06-26 07:00:00,55.821882086350534
srv-001,2017-06-26 08:00:00,56.080650510145524
srv-001,2017-06-26 09:00:00,56.06464354973104
srv-001,2017-06-26 10:00:00,55.82158844489254
srv-001,2017-06-26 11:00:00,56.15771222111697
srv-001,2017-06-26 12:00:00,55.71308267022543
srv-001,2017-06-26 13:00:00,55.57082877792232
srv-001,2017-06-26 14:00:00,55.86740333410841
srv-001,2017-06-26 15:00:00,56.1261717579034
srv-001,2017-06-26 16:00:00,56.11016479748891
srv-001,2017-06-26 17:00:00,55.867109692650416
srv-001,2017-06-26 18:00:00,56.20323346887484
srv-001,2017-06-26 19:00:00,55.75860391798331
srv-001,2017-06-26 20:00:00,55.6163500256802
srv-001,2017-06-26 21:00:00,55.912924581866285
srv-001,2017-06-26 22:00:00,56.171693005661275
srv-001,2017-06-26 23:00:00,56.15568604524679
srv-001,2017-06-27 00:00:00,55.91263094040829
srv-001,2017-06-27 01:00:00,56.24875471663272
srv-001,2017-06-27 02:00:00,55.80412516574118
srv-001,2017-06-27 03:00:00,55.661871273438074
srv-001,2017-06-27 04:00:00,55.95844582962416
srv-001,2017-06-27 05:00:00,56.21721425341915
srv-001,2017-06-27 06:00:00,56.201207293004664
srv-001,2017-06-27 07:00:00,55.95815218816617
srv-001,2017-06-27 08:00:00,56.29427596439059
srv-001,2017-06-27 09:00:00,55.84964641349906
srv-001,2017-06-27 10:00:00,55.70739252119595
srv-001,2017-06-27 11:00:00,56.003967077382036
srv-001,2017-06-27 12:00:00,56.262735501177026
srv-001,2017-06-27 13:00:00,56.24672854076254
srv-001,2017-06-27 14:00:00,56.00367343592404
srv-001,2017-06-27 15:00:00,56.33979721214847
srv-001,2017-06-27 16:00:00,55.895167661256934
srv-001,2017-06-27 17:00:00,55.752913768953825
srv-001,2017-06-27 18:00:00,56.04948832513991
srv-001,2017-06-27 19:00:00,56.3082567489349
srv-001,2017-06-27 20:00:00,56.292249788520415
srv-001,2017-06-27 21:00:00,56.04919468368192
srv-001,2017-06-27 22:00:00,56.385318459906344
srv-001,2017-06-27 23:00:00,55.94068890901481
srv-001,2017-06-28 00:00:00,55.7984350167117
srv-001,2017-06-28 01:00:00,56.09500957289779
srv-001,2017-06-28 02:00:00,56.35377799669278
srv-001,2017-06-28 03:00:00,56.33777103627829
srv-001,2017-06-28 04:00:00,56.094715931439794
srv-001,2017-06-28 05:00:00,56.43083970766422
srv-001,2017-06-28 06:00:00,55.986210156772685
srv-001,2017-06-28 07:00:00,55.843956264469576
srv-001,2017-06-28 08:00:00,56.14053082065566
srv-001,2017-06-28 09:00:00,56.39929924445065
srv-001,2017-06-28 10:00:00,56.383292284036166
srv-001,2017-06-28 11:00:00,56.14023717919767
srv-001,2017-06-28 12:00:00,56.476360955422095
srv-001,2017-06-28 13:00:00,56.03173140453056
srv-001,2017-06-28 14:00:00,55.88947751222745
srv-001,2017-06-28 15:00:00,56.18605206841354
srv-001,2017-06-28 16:00:00,56.44482049220853
srv-001,2017-06-28 17:00:00,56.42881353179404
srv-001,2017-06-28 18:00:00,56.185758426955545
srv-001,2017-06-28 19:00:00,56.52188220317997
srv-001,2017-06-28 20:00:00,56.077252652288436
srv-001,2017-06-28 21:00:00,55.934998759985326
srv-001,2017-06-28 22:00:00,56.23157331617141
srv-001,2017-06-28 23:00:00,56.490341739966404
srv-001,2017-06-29 00:00:00,56.47433477955192
srv-001,2017-06-29 01:00:00,56.23127967471342
srv-001,2017-06-29 02:00:00,56.567403450937846
srv-001,2017-06-29 03:00:00,56.12277390004631
srv-001,2017-06-29 04:00:00,55.9805200077432
srv-001,2017-06-29 05:00:00,56.27709456392929
srv-001,2017-06-29 06:00:00,56.53586298772428
srv-001,2017-06-29 07:00:00,56.51985602730979
srv-001,2017-06-29 08:00:00,56.276800922471296
srv-001,2017-06-29 09:00:00,56.61292469869572
srv-001,2017-06-29 10:00:00,56.16829514780419
srv-001,2017-06-29 11:00:00,56.02604125550108
srv-001,2017-06-29 12:00:00,56.322615811687164
srv-001,2017-06-29 13:00:00,56.581384235482155
srv-001,2017-06-29 14:00:00,56.56537727506767
srv-001,2017-06-29 15:00:00,56.32232217022917
srv-001,2017-06-29 16:00:00,56.6584459464536
srv-001,2017-06-29 17:00:00,56.21381639556206
srv-001,2017-06-29 18:00:00,56.07156250325895
srv-001,2017-06-29 19:00:00,56.36813705944504
srv-001,2017-06-29 20:00:00,56.62690548324003
srv-001,2017-06-29 21:00:00,56.61089852282554
srv-001,2017-06-29 22:00:00,56.36784341798705
srv-001,2017-06-29 23:00:00,56.70396719421147
srv-001,2017-06-30 00:00:00,56.25933764331994
srv-001,2017-06-30 01:00:00,56.11708375101683
srv-001,2017-06-30 02:00:00,56.413658307202915
srv-001,2017-06-30 03:00:00,56.672426730997906
srv-001,2017-06-30 04:00:00,56.65641977058342
srv-001,2017-06-30 05:00:00,56.41336466574492
srv-001,2017-06-30 06:00:00,56.74948844196935
srv-001,2017-06-30 07:00:00,56.304858891077814
srv-001,2017-06-30 08:00:00,56.162604998774704
srv-001,2017-06-30 09:00:00,56.45917955496079
srv-001,2017-06-30 10:00:00,56.71794797875578
srv-001,2017-06-30 11:00:00,56.701941018341294
srv-001,2017-06-30 12:00:00,56.4588859135028
srv-001,2017-06-30 13:00:00,56.79500968972722
srv-001,2017-06-30 14:00:00,56.35038013883569
srv-001,2017-06-30 15:00:00,56.20812624653258
srv-001,2017-06-30 16:00:00,56.504700802718666
srv-001,2017-06-30 17:00:00,56.76346922651366
srv-001,2017-06-30 18:00:00,56.74746226609917
srv-001,2017-06-30 19:00:00,56.50440716126067
srv-001,2017-06-30 20:00:00,56.8405309374851
srv-001,2017-06-30 21:00:00,56.395901386593565
srv-001,2017-06-30 22:00:00,56.253647494290455
srv-001,2017-06-30 23:00:00,56.55022205047654
srv-002,2017-06-01 23:00:00,85.74775248950974
srv-002,2017-06-02 00:00:00,85.06966268301016
srv-002,2017-06-02 01:00:00,85.70428827546952
srv-002,2017-06-02 02:00:00,85.82023035334723
srv-002,2017-06-02 03:00:00,85.95448097876114
srv-002,2017-06-02 04:00:00,86.02639660288521
srv-002,2017-06-02 05:00:00,86.00758084266411
srv-002,2017-06-02 06:00:00,85.95658083390833
srv-002,2017-06-02 07:00:00,85.57068003112255
srv-002,2017-06-02 08:00:00,85.92168476722958
srv-002,2017-06-02 09:00:00,86.10247043535279
srv-002,2017-06-02 10:00:00,85.97857961249038
srv-002,2017-06-02 11:00:00,85.96393793560992
srv-002,2017-06-02 12:00:00,86.07691730791674
srv-002,2017-06-02 13:00:00,86.02839763714147
srv-002,2017-06-02 14:00:00,85.62379274293367
srv-002,2017-06-02 15:00:00,85.99295313604341
srv-002,2017-06-02 16:00:00,86.16958791703318
srv-002,2017-06-02 17:00:00,86.06222172386357
srv-002,2017-06-02 18:00:00,86.05312091373882
srv-002,2017-06-02 19:00:00,86.15766357121419
srv-002,2017-06-02 20:00:00,86.10898512443758
srv-002,2017-06-02 21:00:00,85.70557755127187
srv-002,2017-06-02 22:00:00,86.07357573074218
srv-002,2017-06-02 23:00:00,86.25047622602924
srv-002,2017-06-03 00:00:00,86.14205222756992
srv-002,2017-06-03 01:00:00,86.13259672519045
srv-002,2017-06-03 02:00:00,86.23767944932645
srv-002,2017-06-03 03:00:00,86.18901116641416
srv-002,2017-06-03 04:00:00,85.78552694810995
srv-002,2017-06-03 05:00:00,86.15359952535852
srv-002,2017-06-03 06:00:00,86.33048301124842
srv-002,2017-06-03 07:00:00,86.22212672698612
srv-002,2017-06-03 08:00:00,86.2126939298261
srv-002,2017-06-03 09:00:00,86.31774208221186
srv-002,2017-06-03 10:00:00,86.26907314867141
srv-002,2017-06-03 11:00:00,85.86559383671816
srv-002,2017-06-03 12:00:00,86.23366165147796
srv-002,2017-06-03 13:00:00,86.41054622620499
srv-002,2017-06-03 14:00:00,86.30218560729574
srv-002,2017-06-03 15:00:00,86.29275135668705
srv-002,2017-06-03 16:00:00,86.3978017221439
srv-002,2017-06-03 17:00:00,86.34913283025267
srv-002,2017-06-03 18:00:00,85.94565320422497
srv-002,2017-06-03 19:00:00,86.31372132385005
srv-002,2017-06-03 20:00:00,86.49060582887643
srv-002,2017-06-03 21:00:00,86.38224548744465
srv-002,2017-06-03 22:00:00,86.3728113298768
srv-002,2017-06-03 23:00:00,86.47786155366644
srv-002,2017-06-04 00:00:00,86.42919265910909
srv-002,2017-06-04 01:00:00,86.02571305318651
srv-002,2017-06-04 02:00:00,86.39378115329598
srv-002,2017-06-04 03:00:00,86.57066566278415
srv-002,2017-06-04 04:00:00,86.46230530358997
srv-002,2017-06-04 05:00:00,86.45287114006624
srv-002,2017-06-04 06:00:00,86.55792137292454
srv-002,2017-06-04 07:00:00,86.50925247853786
srv-002,2017-06-04 08:00:00,86.10577287132827
srv-002,2017-06-04 09:00:00,86.473840972687
srv-002,2017-06-04 10:00:00,86.65072548188955
srv-002,2017-06-04 11:00:00,86.54236512383241
srv-002,2017-06-04 12:00:00,86.53293096068992
srv-002,2017-06-04 13:00:00,86.63798119296771
srv-002,2017-06-04 14:00:00,86.5893122985701
srv-002,2017-06-04 15:00:00,86.1858326914429
srv-002,2017-06-04 16:00:00,86.55390079272166
srv-002,2017-06-04 17:00:00,86.73078530194252
srv-002,2017-06-04 18:00:00,86.62242494381259
srv-002,2017-06-04 19:00:00,86.6129907806457
srv-002,2017-06-04 20:00:00,86.71804101296064
srv-002,2017-06-04 21:00:00,86.66937211856373
srv-002,2017-06-04 22:00:00,86.26589251143125
srv-002,2017-06-04 23:00:00,86.63396061271513
srv-002,2017-06-05 00:00:00,86.8108451219348
srv-002,2017-06-05 01:00:00,86.70248476380954
srv-002,2017-06-05 02:00:00,86.69305060064421
srv-002,2017-06-05 03:00:00,86.79810083295678
srv-002,2017-06-05 04:00:00,86.74943193855982
srv-002,2017-06-05 05:00:00,86.34595233142768
srv-002,2017-06-05 06:00:00,86.71402043271124
srv-002,2017-06-05 07:00:00,86.89090494193098
srv-002,2017-06-05 08:00:00,86.78254458380542
srv-002,2017-06-05 09:00:00,86.77311042063998
srv-002,2017-06-05 10:00:00,86.8781606529527
srv-002,2017-06-05 11:00:00,86.82949175855575
srv-002,2017-06-05 12:00:00,86.42601215142358
srv-002,2017-06-05 13:00:00,86.79408025270715
srv-002,2017-06-05 14:00:00,86.9709647619269
srv-002,2017-06-05 15:00:00,86.86260440380134
srv-002,2017-06-05 16:00:00,86.8531702406359
srv-002,2017-06-05 17:00:00,86.95822047294861
srv-002,2017-06-05 18:00:00,86.90955157855166
srv-002,2017-06-05 19:00:00,86.5060719714195
srv-002,2017-06-05 20:00:00,86.87414007270309
srv-002,2017-06-05 21:00:00,87.05102458192283
srv-002,2017-06-05 22:00:00,86.9426642237973
srv-002,2017-06-05 23:00:00,86.93323006063187
srv-002,2017-06-06 00:00:00,87.03828029294458
srv-002,2017-06-06 01:00:00,86.98961139854762
srv-002,2017-06-06 02:00:00,86.58613179141547
srv-002,2017-06-06 03:00:00,86.95419989269904
srv-002,2017-06-06 04:00:00,87.13108440191878
srv-002,2017-06-06 05:00:00,87.02272404379325
srv-002,2017-06-06 06:00:00,87.01328988062782
srv-002,2017-06-06 07:00:00,87.11834011294053
srv-002,2017-06-06 08:00:00,87.06967121854358
srv-002,2017-06-06 09:00:00,86.66619161141142
srv-002,2017-06-06 10:00:00,87.03425971269499
srv-002,2017-06-06 11:00:00,87.21114422191474
srv-002,2017-06-06 12:00:00,87.1027838637892
srv-002,2017-06-06 13:00:00,87.09334970062378
srv-002,2017-06-06 14:00:00,87.19839993293648
srv-002,2017-06-06 15:00:00,87.14973103853953
srv-002,2017-06-06 16:00:00,86.74625143140737
srv-002,2017-06-06 17:00:00,87.11431953269094
srv-002,2017-06-06 18:00:00,87.29120404191069
srv-002,2017-06-06 19:00:00,87.18284368378515
srv-002,2017-06-06 20:00:00,87.17340952061973
srv-002,2017-06-06 21:00:00,87.27845975293243
srv-002,2017-06-06 22:00:00,87.22979085853548
srv-002,2017-06-06 23:00:00,86.82631125140333
srv-002,2017-06-07 00:00:00,87.1943793526869
srv-002,2017-06-07 01:00:00,87.37126386190664
srv-002,2017-06-07 02:00:00,87.2629035037811
srv-002,2017-06-07 03:00:00,87.25346934061568
srv-002,2017-06-07 04:00:00,87.35851957292839
srv-002,2017-06-07 05:00:00,87.30985067853143
srv-002,2017-06-07 06:00:00,86.90637107139928
srv-002,2017-06-07 07:00:00,87.27443917268285
srv-002,2017-06-07 08:00:00,87.4513236819026
srv-002,2017-06-07 09:00:00,87.34296332377706
srv-002,2017-06-07 10:00:00,87.33352916061163
srv-002,2017-06-07 11:00:00,87.43857939292434
srv-002,2017-06-07 12:00:00,87.38991049852739
srv-002,2017-06-07 13:00:00,86.98643089139523
srv-002,2017-06-07 14:00:00,87.3544989926788
srv-002,2017-06-07 15:00:00,87.53138350189855
srv-002,2017-06-07 16:00:00,87.42302314377301
srv-002,2017-06-07 17:00:00,87.41358898060759
srv-002,2017-06-07 18:00:00,87.51863921292029
srv-002,2017-06-07 19:00:00,87.46997031852334
srv-002,2017-06-07 20:00:00,87.06649071139118
srv-002,2017-06-07 21:00:00,87.43455881267475
srv-002,2017-06-07 22:00:00,87.6114433218945
srv-002,2017-06-07 23:00:00,87.50308296376896
srv-002,2017-06-08 00:00:00,87.49364880060354
srv-002,2017-06-08 01:00:00,87.59869903291624
srv-002,2017-06-08 02:00:00,87.55003013851929
srv-002,2017-06-08 03:00:00,87.14655053138713
srv-002,2017-06-08 04:00:00,87.5146186326707
srv-002,2017-06-08 05:00:00,87.69150314189045
srv-002,2017-06-08 06:00:00,87.58314278376491
srv-002,2017-06-08 07:00:00,87.57370862059949
srv-002,2017-06-08 08:00:00,87.6787588529122
srv-002,2017-06-08 09:00:00,87.63008995851524
srv-002,2017-06-08 10:00:00,87.22661035138309
srv-002,2017-06-08 11:00:00,87.59467845266666
srv-002,2017-06-08 12:00:00,87.7715629618864
srv-002,2017-06-08 13:00:00,87.66320260376087
srv-002,2017-06-08 14:00:00,87.65376844059544
srv-002,2017-06-08 15:00:00,87.75881867290815
srv-002,2017-06-08 16:00:00,87.7101497785112
srv-002,2017-06-08 17:00:00,87.30667017137904
srv-002,2017-06-08 18:00:00,87.67473827266261
srv-002,2017-06-08 19:00:00,87.85162278188236
srv-002,2017-06-08 20:00:00,87.74326242375682
srv-002,2017-06-08 21:00:00,87.7338282605914
srv-002,2017-06-08 22:00:00,87.8388784929041
srv-002,2017-06-08 23:00:00,87.79020959850715
srv-002,2017-06-09 00:00:00,87.38672999137499
srv-002,2017-06-09 01:00:00,87.75479809265856
srv-002,2017-06-09 02:00:00,87.93168260187831
srv-002,2017-06-09 03:00:00,87.82332224375277
srv-002,2017-06-09 04:00:00,87.81388808058735
srv-002,2017-06-09 05:00:00,87.91893831290005
srv-002,2017-06-09 06:00:00,87.8702694185031
srv-002,2017-06-09 07:00:00,87.46678981137094
srv-002,2017-06-09 08:00:00,87.83485791265451
srv-002,2017-06-09 09:00:00,88.01174242187426
srv-002,2017-06-09 10:00:00,87.90338206374872
srv-002,2017-06-09 11:00:00,87.8939479005833
srv-002,2017-06-09 12:00:00,87.998998132896
srv-002,2017-06-09 13:00:00,87.95032923849905
srv-002,2017-06-09 14:00:00,87.5468496313669
srv-002,2017-06-09 15:00:00,87.91491773265047
srv-002,2017-06-09 16:00:00,88.09180224187021
srv-002,2017-06-09 17:00:00,87.98344188374467
srv-002,2017-06-09 18:00:00,87.97400772057925
srv-002,2017-06-09 19:00:00,88.07905795289196
srv-002,2017-06-09 20:00:00,88.030389058495
srv-002,2017-06-09 21:00:00,87.62690945136285
srv-002,2017-06-09 22:00:00,87.99497755264642
srv-002,2017-06-09 23:00:00,88.17186206186616
srv-002,2017-06-10 00:00:00,88.06350170374063
srv-002,2017-06-10 01:00:00,88.0540675405752
srv-002,2017-06-10 02:00:00,88.15911777288791
srv-002,2017-06-10 03:00:00,88.11044887849096
srv-002,2017-06-10 04:00:00,87.7069692713588
srv-002,2017-06-10 05:00:00,88.07503737264237
srv-002,2017-06-10 06:00:00,88.25192188186212
srv-002,2017-06-10 07:00:00,88.14356152373658
srv-002,2017-06-10 08:00:00,88.13412736057116
srv-002,2017-06-10 09:00:00,88.23917759288386
srv-002,2017-06-10 10:00:00,88.19050869848691
srv-002,2017-06-10 11:00:00,87.78702909135475
srv-002,2017-06-10 12:00:00,88.15509719263832
srv-002,2017-06-10 13:00:00,88.33198170185807
srv-002,2017-06-10 14:00:00,88.22362134373253
srv-002,2017-06-10 15:00:00,88.21418718056711
srv-002,2017-06-10 16:00:00,88.31923741287981
srv-002,2017-06-10 17:00:00,88.27056851848286
srv-002,2017-06-10 18:00:00,87.8670889113507
srv-002,2017-06-10 19:00:00,88.23515701263428
srv-002,2017-06-10 20:00:00,88.41204152185402
srv-002,2017-06-10 21:00:00,88.30368116372848
srv-002,2017-06-10 22:00:00,88.29424700056306
srv-002,2017-06-10 23:00:00,88.39929723287577
srv-002,2017-06-11 00:00:00,88.35062833847881
srv-002,2017-06-11 01:00:00,87.94714873134666
srv-002,2017-06-11 02:00:00,88.31521683263023
srv-002,2017-06-11 03:00:00,88.49210134184997
srv-002,2017-06-11 04:00:00,88.38374098372444
srv-002,2017-06-11 05:00:00,88.37430682055901
srv-002,2017-06-11 06:00:00,88.47935705287172
srv-002,2017-06-11 07:00:00,88.43068815847477
srv-002,2017-06-11 08:00:00,88.02720855134261
srv-002,2017-06-11 09:00:00,88.39527665262618
srv-002,2017-06-11 10:00:00,88.57216116184593
srv-002,2017-06-11 11:00:00,88.46380080372039
srv-002,2017-06-11 12:00:00,88.45436664055497
srv-002,2017-06-11 13:00:00,88.55941687286767
srv-002,2017-06-11 14:00:00,88.51074797847072
srv-002,2017-06-11 15:00:00,88.10726837133856
srv-002,2017-06-11 16:00:00,88.47533647262213
srv-002,2017-06-11 17:00:00,88.65222098184188
srv-002,2017-06-11 18:00:00,88.54386062371634
srv-002,2017-06-11 19:00:00,88.53442646055092
srv-002,2017-06-11 20:00:00,88.63947669286362
srv-002,2017-06-11 21:00:00,88.59080779846667
srv-002,2017-06-11 22:00:00,88.18732819133452
srv-002,2017-06-11 23:00:00,88.55539629261808
srv-002,2017-06-12 00:00:00,88.73228080183783
srv-002,2017-06-12 01:00:00,88.6239204437123
srv-002,2017-06-12 02:00:00,88.61448628054687
srv-002,2017-06-12 03:00:00,88.71953651285958
srv-002,2017-06-12 04:00:00,88.67086761846262
srv-002,2017-06-12 05:00:00,88.26738801133047
srv-002,2017-06-12 06:00:00,88.63545611261404
srv-002,2017-06-12 07:00:00,88.81234062183378
srv-002,2017-06-12 08:00:00,88.70398026370825
srv-002,2017-06-12 09:00:00,88.69454610054282
srv-002,2017-06-12 10:00:00,88.79959633285553
srv-002,2017-06-12 11:00:00,88.75092743845858
srv-002,2017-06-12 12:00:00,88.34744783132642
srv-002,2017-06-12 13:00:00,88.71551593260999
srv-002,2017-06-12 14:00:00,88.89240044182974
srv-002,2017-06-12 15:00:00,88.7840400837042
srv-002,2017-06-12 16:00:00,88.77460592053878
srv-002,2017-06-12 17:00:00,88.87965615285148
srv-002,2017-06-12 18:00:00,88.83098725845453
srv-002,2017-06-12 19:00:00,88.42750765132237
srv-002,2017-06-12 20:00:00,88.79557575260594
srv-002,2017-06-12 21:00:00,88.97246026182569
srv-002,2017-06-12 22:00:00,88.86409990370015
srv-002,2017-06-12 23:00:00,88.85466574053473
srv-002,2017-06-13 00:00:00,88.95971597284743
srv-002,2017-06-13 01:00:00,88.91104707845048
srv-002,2017-06-13 02:00:00,88.50756747131832
srv-002,2017-06-13 03:00:00,88.8756355726019
srv-002,2017-06-13 04:00:00,89.05252008182164
srv-002,2017-06-13 05:00:00,88.9441597236961
srv-002,2017-06-13 06:00:00,88.93472556053068
srv-002,2017-06-13 07:00:00,89.03977579284339
srv-002,2017-06-13 08:00:00,88.99110689844643
srv-002,2017-06-13 09:00:00,88.58762729131428
srv-002,2017-06-13 10:00:00,88.95569539259785
srv-002,2017-06-13 11:00:00,89.13257990181759
srv-002,2017-06-13 12:00:00,89.02421954369206
srv-002,2017-06-13 13:00:00,89.01478538052663
srv-002,2017-06-13 14:00:00,89.11983561283934
srv-002,2017-06-13 15:00:00,89.07116671844238
srv-002,2017-06-13 16:00:00,88.66768711131023
srv-002,2017-06-13 17:00:00,89.0357552125938
srv-002,2017-06-13 18:00:00,89.21263972181355
srv-002,2017-06-13 19:00:00,89.10427936368801
srv-002,2017-06-13 20:00:00,89.09484520052258
srv-002,2017-06-13 21:00:00,89.19989543283529
srv-002,2017-06-13 22:00:00,89.15122653843834
srv-002,2017-06-13 23:00:00,88.74774693130618
srv-002,2017-06-14 00:00:00,89.11581503258975
srv-002,2017-06-14 01:00:00,89.2926995418095
srv-002,2017-06-14 02:00:00,89.18433918368396
srv-002,2017-06-14 03:00:00,89.17490502051854
srv-002,2017-06-14 04:00:00,89.27995525283124
srv-002,2017-06-14 05:00:00,89.23128635843429
srv-002,2017-06-14 06:00:00,88.82780675130213
srv-002,2017-06-14 07:00:00,89.1958748525857
srv-002,2017-06-14 08:00:00,89.37275936180545
srv-002,2017-06-14 09:00:00,89.26439900367991
srv-002,2017-06-14 10:00:00,89.25496484051449
srv-002,2017-06-14 11:00:00,89.3600150728272
srv-002,2017-06-14 12:00:00,89.31134617843024
srv-002,2017-06-14 13:00:00,88.90786657129809
srv-002,2017-06-14 14:00:00,89.27593467258166
srv-002,2017-06-14 15:00:00,89.4528191818014
srv-002,2017-06-14 16:00:00,89.34445882367586
srv-002,2017-06-14 17:00:00,89.33502466051044
srv-002,2017-06-14 18:00:00,89.44007489282315
srv-002,2017-06-14 19:00:00,89.3914059984262
srv-002,2017-06-14 20:00:00,88.98792639129404
srv-002,2017-06-14 21:00:00,89.35599449257761
srv-002,2017-06-14 22:00:00,89.53287900179735
srv-002,2017-06-14 23:00:00,89.42451864367182
srv-002,2017-06-15 00:00:00,89.4150844805064
srv-002,2017-06-15 01:00:00,89.5201347128191
srv-002,2017-06-15 02:00:00,89.47146581842215
srv-002,2017-06-15 03:00:00,89.06798621128999
srv-002,2017-06-15 04:00:00,89.43605431257356
srv-002,2017-06-15 05:00:00,89.6129388217933
srv-002,2017-06-15 06:00:00,89.50457846366777
srv-002,2017-06-15 07:00:00,89.49514430050235
srv-002,2017-06-15 08:00:00,89.60019453281505
srv-002,2017-06-15 09:00:00,89.5515256384181
srv-002,2017-06-15 10:00:00,89.14804603128594
srv-002,2017-06-15 11:00:00,89.51611413256951
srv-002,2017-06-15 12:00:00,89.69299864178926
srv-002,2017-06-15 13:00:00,89.58463828366372
srv-002,2017-06-15 14:00:00,89.5752041204983
srv-002,2017-06-15 15:00:00,89.680254352811
srv-002,2017-06-15 16:00:00,89.63158545841405
srv-002,2017-06-15 17:00:00,89.2281058512819
srv-002,2017-06-15 18:00:00,89.59617395256547
srv-002,2017-06-15 19:00:00,89.77305846178521
srv-002,2017-06-15 20:00:00,89.66469810365967
srv-002,2017-06-15 21:00:00,89.65526394049425
srv-002,2017-06-15 22:00:00,89.76031417280696
srv-002,2017-06-15 23:00:00,89.71164527841
srv-002,2017-06-16 00:00:00,89.30816567127785
srv-002,2017-06-16 01:00:00,89.67623377256142
srv-002,2017-06-16 02:00:00,89.85311828178116
srv-002,2017-06-16 03:00:00,89.74475792365563
srv-002,2017-06-16 04:00:00,89.7353237604902
srv-002,2017-06-16 05:00:00,89.84037399280291
srv-002,2017-06-16 06:00:00,89.79170509840596
srv-002,2017-06-16 07:00:00,89.3882254912738
srv-002,2017-06-16 08:00:00,89.75629359255737
srv-002,2017-06-16 09:00:00,89.93317810177712
srv-002,2017-06-16 10:00:00,89.82481774365158
srv-002,2017-06-16 11:00:00,89.81538358048616
srv-002,2017-06-16 12:00:00,89.92043381279886
srv-002,2017-06-16 13:00:00,89.87176491840191
srv-002,2017-06-16 14:00:00,89.46828531126975
srv-002,2017-06-16 15:00:00,89.83635341255332
srv-002,2017-06-16 16:00:00,90.01323792177307
srv-002,2017-06-16 17:00:00,89.90487756364753
srv-002,2017-06-16 18:00:00,89.89544340048211
srv-002,2017-06-16 19:00:00,90.00049363279481
srv-002,2017-06-16 20:00:00,89.95182473839786
srv-002,2017-06-16 21:00:00,89.5483451312657
srv-002,2017-06-16 22:00:00,89.91641323254927
srv-002,2017-06-16 23:00:00,90.09329774176902
srv-002,2017-06-17 00:00:00,89.98493738364348
srv-002,2017-06-17 01:00:00,89.97550322047806
srv-002,2017-06-17 02:00:00,90.08055345279077
srv-002,2017-06-17 03:00:00,90.03188455839381
srv-002,2017-06-17 04:00:00,89.62840495126166
srv-002,2017-06-17 05:00:00,89.99647305254523
srv-002,2017-06-17 06:00:00,90.17335756176497
srv-002,2017-06-17 07:00:00,90.06499720363944
srv-002,2017-06-17 08:00:00,90.05556304047401
srv-002,2017-06-17 09:00:00,90.16061327278672
srv-002,2017-06-17 10:00:00,90.11194437838977
srv-002,2017-06-17 11:00:00,89.70846477125761
srv-002,2017-06-17 12:00:00,90.07653287254118
srv-002,2017-06-17 13:00:00,90.25341738176093
srv-002,2017-06-17 14:00:00,90.14505702363539
srv-002,2017-06-17 15:00:00,90.13562286046997
srv-002,2017-06-17 16:00:00,90.24067309278267
srv-002,2017-06-17 17:00:00,90.19200419838572
srv-002,2017-06-17 18:00:00,89.78852459125356
srv-002,2017-06-17 19:00:00,90.15659269253713
srv-002,2017-06-17 20:00:00,90.33347720175688
srv-002,2017-06-17 21:00:00,90.22511684363134
srv-002,2017-06-17 22:00:00,90.21568268046592
srv-002,2017-06-17 23:00:00,90.32073291277862
srv-002,2017-06-18 00:00:00,90.27206401838167
srv-002,2017-06-18 01:00:00,89.86858441124951
srv-002,2017-06-18 02:00:00,90.23665251253308
srv-002,2017-06-18 03:00:00,90.41353702175283
srv-002,2017-06-18 04:00:00,90.3051766636273
srv-002,2017-06-18 05:00:00,90.29574250046187
srv-002,2017-06-18 06:00:00,90.40079273277458
srv-002,2017-06-18 07:00:00,90.35212383837762
srv-002,2017-06-18 08:00:00,89.94864423124547
srv-002,2017-06-18 09:00:00,90.31671233252904
srv-002,2017-06-18 10:00:00,90.49359684174878
srv-002,2017-06-18 11:00:00,90.38523648362325
srv-002,2017-06-18 12:00:00,90.37580232045782
srv-002,2017-06-18 13:00:00,90.48085255277053
srv-002,2017-06-18 14:00:00,90.43218365837357
srv-002,2017-06-18 15:00:00,90.02870405124142
srv-002,2017-06-18 16:00:00,90.39677215252499
srv-002,2017-06-18 17:00:00,90.57365666174474
srv-002,2017-06-18 18:00:00,90.4652963036192
srv-002,2017-06-18 19:00:00,90.45586214045377
srv-002,2017-06-18 20:00:00,90.56091237276648
srv-002,2017-06-18 21:00:00,90.51224347836953
srv-002,2017-06-18 22:00:00,90.10876387123737
srv-002,2017-06-18 23:00:00,90.47683197252094
srv-002,2017-06-19 00:00:00,90.65371648174069
srv-002,2017-06-19 01:00:00,90.54535612361515
srv-002,2017-06-19 02:00:00,90.53592196044973
srv-002,2017-06-19 03:00:00,90.64097219276243
srv-002,2017-06-19 04:00:00,90.59230329836548
srv-002,2017-06-19 05:00:00,90.18882369123332
srv-002,2017-06-19 06:00:00,90.5568917925169
srv-002,2017-06-19 07:00:00,90.73377630173664
srv-002,2017-06-19 08:00:00,90.6254159436111
srv-002,2017-06-19 09:00:00,90.61598178044568
srv-002,2017-06-19 10:00:00,90.72103201275839
srv-002,2017-06-19 11:00:00,90.67236311836143
srv-002,2017-06-19 12:00:00,90.26888351122928
srv-002,2017-06-19 13:00:00,90.63695161251285
srv-002,2017-06-19 14:00:00,90.81383612173259
srv-002,2017-06-19 15:00:00,90.70547576360705
srv-002,2017-06-19 16:00:00,90.69604160044163
srv-002,2017-06-19 17:00:00,90.80109183275434
srv-002,2017-06-19 18:00:00,90.75242293835738
srv-002,2017-06-19 19:00:00,90.34894333122523
srv-002,2017-06-19 20:00:00,90.7170114325088
srv-002,2017-06-19 21:00:00,90.89389594172854
srv-002,2017-06-19 22:00:00,90.78553558360301
srv-002,2017-06-19 23:00:00,90.77610142043758
srv-002,2017-06-20 00:00:00,90.88115165275029
srv-002,2017-06-20 01:00:00,90.83248275835334
srv-002,2017-06-20 02:00:00,90.42900315122118
srv-002,2017-06-20 03:00:00,90.79707125250475
srv-002,2017-06-20 04:00:00,90.9739557617245
srv-002,2017-06-20 05:00:00,90.86559540359896
srv-002,2017-06-20 06:00:00,90.85616124043354
srv-002,2017-06-20 07:00:00,90.96121147274624
srv-002,2017-06-20 08:00:00,90.91254257834929
srv-002,2017-06-20 09:00:00,90.50906297121713
srv-002,2017-06-20 10:00:00,90.8771310725007
srv-002,2017-06-20 11:00:00,91.05401558172045
srv-002,2017-06-20 12:00:00,90.94565522359491
srv-002,2017-06-20 13:00:00,90.93622106042949
srv-002,2017-06-20 14:00:00,91.0412712927422
srv-002,2017-06-20 15:00:00,90.99260239834524
srv-002,2017-06-20 16:00:00,90.58912279121309
srv-002,2017-06-20 17:00:00,90.95719089249666
srv-002,2017-06-20 18:00:00,91.1340754017164
srv-002,2017-06-20 19:00:00,91.02571504359086
srv-002,2017-06-20 20:00:00,91.01628088042544
srv-002,2017-06-20 21:00:00,91.12133111273815
srv-002,2017-06-20 22:00:00,91.0726622183412
srv-002,2017-06-20 23:00:00,90.66918261120904
srv-002,2017-06-21 00:00:00,91.03725071249261
srv-002,2017-06-21 01:00:00,91.21413522171235
srv-002,2017-06-21 02:00:00,91.10577486358682
srv-002,2017-06-21 03:00:00,91.0963407004214
srv-002,2017-06-21 04:00:00,91.2013909327341
srv-002,2017-06-21 05:00:00,91.15272203833715
srv-002,2017-06-21 06:00:00,90.74924243120499
srv-002,2017-06-21 07:00:00,91.11731053248856
srv-002,2017-06-21 08:00:00,91.2941950417083
srv-002,2017-06-21 09:00:00,91.18583468358277
srv-002,2017-06-21 10:00:00,91.17640052041735
srv-002,2017-06-21 11:00:00,91.28145075273005
srv-002,2017-06-21 12:00:00,91.2327818583331
srv-002,2017-06-21 13:00:00,90.82930225120094
srv-002,2017-06-21 14:00:00,91.19737035248451
srv-002,2017-06-21 15:00:00,91.37425486170426
srv-002,2017-06-21 16:00:00,91.26589450357872
srv-002,2017-06-21 17:00:00,91.2564603404133
srv-002,2017-06-21 18:00:00,91.361510572726
srv-002,2017-06-21 19:00:00,91.31284167832905
srv-002,2017-06-21 20:00:00,90.9093620711969
srv-002,2017-06-21 21:00:00,91.27743017248046
srv-002,2017-06-21 22:00:00,91.45431468170021
srv-002,2017-06-21 23:00:00,91.34595432357467
srv-002,2017-06-22 00:00:00,91.33652016040925
srv-002,2017-06-22 01:00:00,91.44157039272196
srv-002,2017-06-22 02:00:00,91.392901498325
srv-002,2017-06-22 03:00:00,90.98942189119285
srv-002,2017-06-22 04:00:00,91.35748999247642
srv-002,2017-06-22 05:00:00,91.53437450169616
srv-002,2017-06-22 06:00:00,91.42601414357063
srv-002,2017-06-22 07:00:00,91.4165799804052
srv-002,2017-06-22 08:00:00,91.52163021271791
srv-002,2017-06-22 09:00:00,91.47296131832096
srv-002,2017-06-22 10:00:00,91.0694817111888
srv-002,2017-06-22 11:00:00,91.43754981247237
srv-002,2017-06-22 12:00:00,91.61443432169212
srv-002,2017-06-22 13:00:00,91.50607396356658
srv-002,2017-06-22 14:00:00,91.49663980040116
srv-002,2017-06-22 15:00:00,91.60169003271386
srv-002,2017-06-22 16:00:00,91.55302113831691
srv-002,2017-06-22 17:00:00,91.14954153118475
srv-002,2017-06-22 18:00:00,91.51760963246832
srv-002,2017-06-22 19:00:00,91.69449414168807
srv-002,2017-06-22 20:00:00,91.58613378356253
srv-002,2017-06-22 21:00:00,91.57669962039711
srv-002,2017-06-22 22:00:00,91.68174985270981
srv-002,2017-06-22 23:00:00,91.63308095831286
srv-002,2017-06-23 00:00:00,91.2296013511807
srv-002,2017-06-23 01:00:00,91.59766945246427
srv-002,2017-06-23 02:00:00,91.77455396168402
srv-002,2017-06-23 03:00:00,91.66619360355848
srv-002,2017-06-23 04:00:00,91.65675944039306
srv-002,2017-06-23 05:00:00,91.76180967270577
srv-002,2017-06-23 06:00:00,91.71314077830881
srv-002,2017-06-23 07:00:00,91.30966117117666
srv-002,2017-06-23 08:00:00,91.67772927246023
srv-002,2017-06-23 09:00:00,91.85461378167997
srv-002,2017-06-23 10:00:00,91.74625342355444
srv-002,2017-06-23 11:00:00,91.73681926038901
srv-002,2017-06-23 12:00:00,91.84186949270172
srv-002,2017-06-23 13:00:00,91.79320059830476
srv-002,2017-06-23 14:00:00,91.38972099117261
srv-002,2017-06-23 15:00:00,91.75778909245618
srv-002,2017-06-23 16:00:00,91.93467360167593
srv-002,2017-06-23 17:00:00,91.82631324355039
srv-002,2017-06-23 18:00:00,91.81687908038496
srv-002,2017-06-23 19:00:00,91.92192931269767
srv-002,2017-06-23 20:00:00,91.87326041830072
srv-002,2017-06-23 21:00:00,91.46978081116856
srv-002,2017-06-23 22:00:00,91.83784891245213
srv-002,2017-06-23 23:00:00,92.01473342167188
srv-002,2017-06-24 00:00:00,91.90637306354634
srv-002,2017-06-24 01:00:00,91.89693890038092
srv-002,2017-06-24 02:00:00,92.00198913269362
srv-002,2017-06-24 03:00:00,91.95332023829667
srv-002,2017-06-24 04:00:00,91.54984063116451
srv-002,2017-06-24 05:00:00,91.91790873244808
srv-002,2017-06-24 06:00:00,92.09479324166783
srv-002,2017-06-24 07:00:00,91.98643288354229
srv-002,2017-06-24 08:00:00,91.97699872037687
srv-002,2017-06-24 09:00:00,92.08204895268958
srv-002,2017-06-24 10:00:00,92.03338005829262
srv-002,2017-06-24 11:00:00,91.62990045116047
srv-002,2017-06-24 12:00:00,91.99796855244404
srv-002,2017-06-24 13:00:00,92.17485306166378
srv-002,2017-06-24 14:00:00,92.06649270353824
srv-002,2017-06-24 15:00:00,92.05705854037282
srv-002,2017-06-24 16:00:00,92.16210877268553
srv-002,2017-06-24 17:00:00,92.11343987828857
srv-002,2017-06-24 18:00:00,91.70996027115642
srv-002,2017-06-24 19:00:00,92.07802837243999
srv-002,2017-06-24 20:00:00,92.25491288165973
srv-002,2017-06-24 21:00:00,92.1465525235342
srv-002,2017-06-24 22:00:00,92.13711836036877
srv-002,2017-06-24 23:00:00,92.24216859268148
srv-002,2017-06-25 00:00:00,92.19349969828453
srv-002,2017-06-25 01:00:00,91.79002009115237
srv-002,2017-06-25 02:00:00,92.15808819243594
srv-002,2017-06-25 03:00:00,92.33497270165569
srv-002,2017-06-25 04:00:00,92.22661234353015
srv-002,2017-06-25 05:00:00,92.21717818036473
srv-002,2017-06-25 06:00:00,92.32222841267743
srv-002,2017-06-25 07:00:00,92.27355951828048
srv-002,2017-06-25 08:00:00,91.87007991114832
srv-002,2017-06-25 09:00:00,92.23814801243189
srv-002,2017-06-25 10:00:00,92.41503252165164
srv-002,2017-06-25 11:00:00,92.3066721635261
srv-002,2017-06-25 12:00:00,92.29723800036068
srv-002,2017-06-25 13:00:00,92.40228823267338
srv-002,2017-06-25 14:00:00,92.35361933827643
srv-002,2017-06-25 15:00:00,91.95013973114428
srv-002,2017-06-25 16:00:00,92.31820783242785
srv-002,2017-06-25 17:00:00,92.49509234164759
srv-002,2017-06-25 18:00:00,92.38673198352205
srv-002,2017-06-25 19:00:00,92.37729782035663
srv-002,2017-06-25 20:00:00,92.48234805266934
srv-002,2017-06-25 21:00:00,92.43367915827238
srv-002,2017-06-25 22:00:00,92.03019955114023
srv-002,2017-06-25 23:00:00,92.3982676524238
srv-002,2017-06-26 00:00:00,92.57515216164354
srv-002,2017-06-26 01:00:00,92.466791803518
srv-002,2017-06-26 02:00:00,92.45735764035258
srv-002,2017-06-26 03:00:00,92.56240787266529
srv-002,2017-06-26 04:00:00,92.51373897826834
srv-002,2017-06-26 05:00:00,92.11025937113618
srv-002,2017-06-26 06:00:00,92.47832747241975
srv-002,2017-06-26 07:00:00,92.6552119816395
srv-002,2017-06-26 08:00:00,92.54685162351396
srv-002,2017-06-26 09:00:00,92.53741746034854
srv-002,2017-06-26 10:00:00,92.64246769266124
srv-002,2017-06-26 11:00:00,92.59379879826429
srv-002,2017-06-26 12:00:00,92.19031919113213
srv-002,2017-06-26 13:00:00,92.5583872924157
srv-002,2017-06-26 14:00:00,92.73527180163545
srv-002,2017-06-26 15:00:00,92.62691144350991
srv-002,2017-06-26 16:00:00,92.61747728034449
srv-002,2017-06-26 17:00:00,92.7225275126572
srv-002,2017-06-26 18:00:00,92.67385861826024
srv-002,2017-06-26 19:00:00,92.27037901112809
srv-002,2017-06-26 20:00:00,92.63844711241165
srv-002,2017-06-26 21:00:00,92.8153316216314
srv-002,2017-06-26 22:00:00,92.70697126350586
srv-002,2017-06-26 23:00:00,92.69753710034044
srv-002,2017-06-27 00:00:00,92.80258733265315
srv-002,2017-06-27 01:00:00,92.75391843825619
srv-002,2017-06-27 02:00:00,92.35043883112404
srv-002,2017-06-27 03:00:00,92.7185069324076
srv-002,2017-06-27 04:00:00,92.89539144162735
srv-002,2017-06-27 05:00:00,92.78703108350182
srv-002,2017-06-27 06:00:00,92.77759692033639
srv-002,2017-06-27 07:00:00,92.8826471526491
srv-002,2017-06-27 08:00:00,92.83397825825215
srv-002,2017-06-27 09:00:00,92.43049865111999
srv-002,2017-06-27 10:00:00,92.79856675240356
srv-002,2017-06-27 11:00:00,92.9754512616233
srv-002,2017-06-27 12:00:00,92.86709090349777
srv-002,2017-06-27 13:00:00,92.85765674033235
srv-002,2017-06-27 14:00:00,92.96270697264505
srv-002,2017-06-27 15:00:00,92.9140380782481
srv-002,2017-06-27 16:00:00,92.51055847111594
srv-002,2017-06-27 17:00:00,92.87862657239951
srv-002,2017-06-27 18:00:00,93.05551108161926
srv-002,2017-06-27 19:00:00,92.94715072349372
srv-002,2017-06-27 20:00:00,92.9377165603283
srv-002,2017-06-27 21:00:00,93.042766792641
srv-002,2017-06-27 22:00:00,92.99409789824405
srv-002,2017-06-27 23:00:00,92.5906182911119
srv-002,2017-06-28 00:00:00,92.95868639239546
srv-002,2017-06-28 01:00:00,93.13557090161521
srv-002,2017-06-28 02:00:00,93.02721054348967
srv-002,2017-06-28 03:00:00,93.01777638032425
srv-002,2017-06-28 04:00:00,93.12282661263696
srv-002,2017-06-28 05:00:00,93.07415771824
srv-002,2017-06-28 06:00:00,92.67067811110785
srv-002,2017-06-28 07:00:00,93.03874621239142
srv-002,2017-06-28 08:00:00,93.21563072161116
srv-002,2017-06-28 09:00:00,93.10727036348563
srv-002,2017-06-28 10:00:00,93.0978362003202
srv-002,2017-06-28 11:00:00,93.20288643263291
srv-002,2017-06-28 12:00:00,93.15421753823595
srv-002,2017-06-28 13:00:00,92.7507379311038
srv-002,2017-06-28 14:00:00,93.11880603238737
srv-002,2017-06-28 15:00:00,93.29569054160712
srv-002,2017-06-28 16:00:00,93.18733018348158
srv-002,2017-06-28 17:00:00,93.17789602031615
srv-002,2017-06-28 18:00:00,93.28294625262886
srv-002,2017-06-28 19:00:00,93.2342773582319
srv-002,2017-06-28 20:00:00,92.83079775109975
srv-002,2017-06-28 21:00:00,93.19886585238332
srv-002,2017-06-28 22:00:00,93.37575036160307
srv-002,2017-06-28 23:00:00,93.26739000347753
srv-002,2017-06-29 00:00:00,93.2579558403121
srv-002,2017-06-29 01:00:00,93.36300607262481
srv-002,2017-06-29 02:00:00,93.31433717822786
srv-002,2017-06-29 03:00:00,92.9108575710957
srv-002,2017-06-29 04:00:00,93.27892567237927
srv-002,2017-06-29 05:00:00,93.45581018159902
srv-002,2017-06-29 06:00:00,93.34744982347348
srv-002,2017-06-29 07:00:00,93.33801566030806
srv-002,2017-06-29 08:00:00,93.44306589262077
srv-002,2017-06-29 09:00:00,93.39439699822381
srv-002,2017-06-29 10:00:00,92.99091739109166
srv-002,2017-06-29 11:00:00,93.35898549237523
srv-002,2017-06-29 12:00:00,93.53587000159497
srv-002,2017-06-29 13:00:00,93.42750964346943
srv-002,2017-06-29 14:00:00,93.41807548030401
srv-002,2017-06-29 15:00:00,93.52312571261672
srv-002,2017-06-29 16:00:00,93.47445681821976
srv-002,2017-06-29 17:00:00,93.07097721108761
srv-002,2017-06-29 18:00:00,93.43904531237118
srv-002,2017-06-29 19:00:00,93.61592982159092
srv-002,2017-06-29 20:00:00,93.50756946346539
srv-002,2017-06-29 21:00:00,93.49813530029996
srv-002,2017-06-29 22:00:00,93.60318553261267
srv-002,2017-06-29 23:00:00,93.55451663821572
srv-002,2017-06-30 00:00:00,93.15103703108356
srv-002,2017-06-30 01:00:00,93.51910513236713
srv-002,2017-06-30 02:00:00,93.69598964158688
srv-002,2017-06-30 03:00:00,93.58762928346134
srv-002,2017-06-30 04:00:00,93.57819512029592
srv-002,2017-06-30 05:00:00,93.68324535260862
srv-002,2017-06-30 06:00:00,93.63457645821167
srv-002,2017-06-30 07:00:00,93.23109685107951
srv-002,2017-06-30 08:00:00,93.59916495236308
srv-002,2017-06-30 09:00:00,93.77604946158283
srv-002,2017-06-30 10:00:00,93.66768910345729
srv-002,2017-06-30 11:00:00,93.65825494029187
srv-002,2017-06-30 12:00:00,93.76330517260457
srv-002,2017-06-30 13:00:00,93.71463627820762
srv-002,2017-06-30 14:00:00,93.31115667107547
srv-002,2017-06-30 15:00:00,93.67922477235904
srv-002,2017-06-30 16:00:00,93.85610928157878
srv-002,2017-06-30 17:00:00,93.74774892345324
srv-002,2017-06-30 18:00:00,93.73831476028782
srv-002,2017-06-30 19:00:00,93.84336499260053
srv-002,2017-06-30 20:00:00,93.79469609820357
srv-002,2017-06-30 21:00:00,93.39121649107142
srv-002,2017-06-30 22:00:00,93.75928459235499
srv-002,2017-06-30 23:00:00,93.93616910157473
srv-003,2017-06-01 23:00:00,34.393680351534925
srv-003,2017-06-02 00:00:00,37.30382297857741
srv-003,2017-06-02 01:00:00,38.642852886929205
srv-003,2017-06-02 02:00:00,39.437850232109405
srv-003,2017-06-02 03:00:00,40.53776925551496
srv-003,2017-06-02 04:00:00,40.56360487368181
srv-003,2017-06-02 05:00:00,40.40373902467306
srv-003,2017-06-02 06:00:00,41.541739716831536
srv-003,2017-06-02 07:00:00,41.14293218369564
srv-003,2017-06-02 08:00:00,40.7106161565891
srv-003,2017-06-02 09:00:00,40.552700953256995
srv-003,2017-06-02 10:00:00,41.14309086326458
srv-003,2017-06-02 11:00:00,40.89601451373777
srv-003,2017-06-02 12:00:00,40.58597565579639
srv-003,2017-06-02 13:00:00,41.649561898503
srv-003,2017-06-02 14:00:00,41.21089522559697
srv-003,2017-06-02 15:00:00,40.757228209374944
srv-003,2017-06-02 16:00:00,40.58787890325975
srv-003,2017-06-02 17:00:00,41.17214366062575
srv-003,2017-06-02 18:00:00,40.92178639525949
srv-003,2017-06-02 19:00:00,40.60999251173474
srv-003,2017-06-02 20:00:00,41.672635088596245
srv-003,2017-06-02 21:00:00,41.233462945501756
srv-003,2017-06-02 22:00:00,40.77952517711159
srv-003,2017-06-02 23:00:00,40.610030842506134
srv-003,2017-06-03 00:00:00,41.19421791641262
srv-003,2017-06-03 01:00:00,40.943819040299175
srv-003,2017-06-03 02:00:00,40.63200286676758
srv-003,2017-06-03 03:00:00,41.694633506244976
srv-003,2017-06-03 04:00:00,41.255454968951234
srv-003,2017-06-03 05:00:00,40.801513775540336
srv-003,2017-06-03 06:00:00,40.63201760634071
srv-003,2017-06-03 07:00:00,41.21620369755591
srv-003,2017-06-03 08:00:00,40.96580429506884
srv-003,2017-06-03 09:00:00,40.653987839588716
srv-003,2017-06-03 10:00:00,41.71661832804053
srv-003,2017-06-03 11:00:00,41.277439709850704
srv-003,2017-06-03 12:00:00,40.82349847310822
srv-003,2017-06-03 13:00:00,40.65400228069825
srv-003,2017-06-03 14:00:00,41.23818835948095
srv-003,2017-06-03 15:00:00,40.987788950334476
srv-003,2017-06-03 16:00:00,40.67597249128727
srv-003,2017-06-03 17:00:00,41.7386029778284
srv-003,2017-06-03 18:00:00,41.29942435861512
srv-003,2017-06-03 19:00:00,40.845483121324435
srv-003,2017-06-03 20:00:00,40.675986928620816
srv-003,2017-06-03 21:00:00,41.26017300724623
srv-003,2017-06-03 22:00:00,41.00977359801551
srv-003,2017-06-03 23:00:00,40.69795713892318
srv-003,2017-06-04 00:00:00,41.76058762544014
srv-003,2017-06-04 01:00:00,41.32140900621391
srv-003,2017-06-04 02:00:00,40.86746776891629
srv-003,2017-06-04 03:00:00,40.69797157620896
srv-003,2017-06-04 04:00:00,41.282157654832375
srv-003,2017-06-04 05:00:00,41.031758245600585
srv-003,2017-06-04 06:00:00,40.71994178650768
srv-003,2017-06-04 07:00:00,41.782572273024336
srv-003,2017-06-04 08:00:00,41.343393653797946
srv-003,2017-06-04 09:00:00,40.88945241650024
srv-003,2017-06-04 10:00:00,40.719956223792856
srv-003,2017-06-04 11:00:00,41.304142302416246
srv-003,2017-06-04 12:00:00,41.05374289318444
srv-003,2017-06-04 13:00:00,40.74192643409153
srv-003,2017-06-04 14:00:00,41.80455692060818
srv-003,2017-06-04 15:00:00,41.36537830138179
srv-003,2017-06-04 16:00:00,40.911437064084076
srv-003,2017-06-04 17:00:00,40.7419408713767
srv-003,2017-06-04 18:00:00,41.326126950000095
srv-003,2017-06-04 19:00:00,41.07572754076829
srv-003,2017-06-04 20:00:00,40.76391108167538
srv-003,2017-06-04 21:00:00,41.82654156819203
srv-003,2017-06-04 22:00:00,41.38736294896563
srv-003,2017-06-04 23:00:00,40.93342171166792
srv-003,2017-06-05 00:00:00,40.76392551896054
srv-003,2017-06-05 01:00:00,41.34811159758394
srv-003,2017-06-05 02:00:00,41.09771218835213
srv-003,2017-06-05 03:00:00,40.785895729259224
srv-003,2017-06-05 04:00:00,41.84852621577587
srv-003,2017-06-05 05:00:00,41.40934759654947
srv-003,2017-06-05 06:00:00,40.95540635925176
srv-003,2017-06-05 07:00:00,40.78591016654438
srv-003,2017-06-05 08:00:00,41.37009624516778
srv-003,2017-06-05 09:00:00,41.119696835935976
srv-003,2017-06-05 10:00:00,40.807880376843066
srv-003,2017-06-05 11:00:00,41.87051086335971
srv-003,2017-06-05 12:00:00,41.431332244133316
srv-003,2017-06-05 13:00:00,40.9773910068356
srv-003,2017-06-05 14:00:00,40.807894814128225
srv-003,2017-06-05 15:00:00,41.39208089275162
srv-003,2017-06-05 16:00:00,41.14168148351982
srv-003,2017-06-05 17:00:00,40.82986502442691
srv-003,2017-06-05 18:00:00,41.892495510943554
srv-003,2017-06-05 19:00:00,41.45331689171716
srv-003,2017-06-05 20:00:00,40.999375654419445
srv-003,2017-06-05 21:00:00,40.82987946171207
srv-003,2017-06-05 22:00:00,41.414065540335464
srv-003,2017-06-05 23:00:00,41.16366613110366
srv-003,2017-06-06 00:00:00,40.85184967201075
srv-003,2017-06-06 01:00:00,41.9144801585274
srv-003,2017-06-06 02:00:00,41.475301539301
srv-003,2017-06-06 03:00:00,41.02136030200329
srv-003,2017-06-06 04:00:00,40.85186410929591
srv-003,2017-06-06 05:00:00,41.43605018791931
srv-003,2017-06-06 06:00:00,41.1856507786875
srv-003,2017-06-06 07:00:00,40.87383431959459
srv-003,2017-06-06 08:00:00,41.93646480611124
srv-003,2017-06-06 09:00:00,41.49728618688484
srv-003,2017-06-06 10:00:00,41.04334494958713
srv-003,2017-06-06 11:00:00,40.87384875687975
srv-003,2017-06-06 12:00:00,41.45803483550315
srv-003,2017-06-06 13:00:00,41.207635426271345
srv-003,2017-06-06 14:00:00,40.895818967178435
srv-003,2017-06-06 15:00:00,41.95844945369508
srv-003,2017-06-06 16:00:00,41.519270834468685
srv-003,2017-06-06 17:00:00,41.06532959717097
srv-003,2017-06-06 18:00:00,40.895833404463595
srv-003,2017-06-06 19:00:00,41.48001948308699
srv-003,2017-06-06 20:00:00,41.22962007385519
srv-003,2017-06-06 21:00:00,40.91780361476228
srv-003,2017-06-06 22:00:00,41.980434101278924
srv-003,2017-06-06 23:00:00,41.54125548205253
srv-003,2017-06-07 00:00:00,41.087314244754815
srv-003,2017-06-07 01:00:00,40.91781805204744
srv-003,2017-06-07 02:00:00,41.502004130670834
srv-003,2017-06-07 03:00:00,41.25160472143903
srv-003,2017-06-07 04:00:00,40.93978826234612
srv-003,2017-06-07 05:00:00,42.002418748862766
srv-003,2017-06-07 06:00:00,41.56324012963637
srv-003,2017-06-07 07:00:00,41.10929889233866
srv-003,2017-06-07 08:00:00,40.93980269963128
srv-003,2017-06-07 09:00:00,41.523988778254676
srv-003,2017-06-07 10:00:00,41.27358936902287
srv-003,2017-06-07 11:00:00,40.96177290992996
srv-003,2017-06-07 12:00:00,42.02440339644661
srv-003,2017-06-07 13:00:00,41.58522477722021
srv-003,2017-06-07 14:00:00,41.1312835399225
srv-003,2017-06-07 15:00:00,40.96178734721512
srv-003,2017-06-07 16:00:00,41.54597342583852
srv-003,2017-06-07 17:00:00,41.295574016606714
srv-003,2017-06-07 18:00:00,40.983757557513805
srv-003,2017-06-07 19:00:00,42.04638804403045
srv-003,2017-06-07 20:00:00,41.607209424804054
srv-003,2017-06-07 21:00:00,41.15326818750634
srv-003,2017-06-07 22:00:00,40.983771994798964
srv-003,2017-06-07 23:00:00,41.56795807342236
srv-003,2017-06-08 00:00:00,41.31755866419056
srv-003,2017-06-08 01:00:00,41.00574220509765
srv-003,2017-06-08 02:00:00,42.06837269161429
srv-003,2017-06-08 03:00:00,41.6291940723879
srv-003,2017-06-08 04:00:00,41.175252835090184
srv-003,2017-06-08 05:00:00,41.005756642382806
srv-003,2017-06-08 06:00:00,41.5899427210062
srv-003,2017-06-08 07:00:00,41.3395433117744
srv-003,2017-06-08 08:00:00,41.02772685268149
srv-003,2017-06-08 09:00:00,42.090357339198135
srv-003,2017-06-08 10:00:00,41.65117871997174
srv-003,2017-06-08 11:00:00,41.197237482674026
srv-003,2017-06-08 12:00:00,41.02774128996665
srv-003,2017-06-08 13:00:00,41.611927368590045
srv-003,2017-06-08 14:00:00,41.36152795935824
srv-003,2017-06-08 15:00:00,41.04971150026533
srv-003,2017-06-08 16:00:00,42.11234198678198
srv-003,2017-06-08 17:00:00,41.67316336755558
srv-003,2017-06-08 18:00:00,41.21922213025787
srv-003,2017-06-08 19:00:00,41.04972593755049
srv-003,2017-06-08 20:00:00,41.63391201617389
srv-003,2017-06-08 21:00:00,41.383512606942084
srv-003,2017-06-08 22:00:00,41.071696147849174
srv-003,2017-06-08 23:00:00,42.13432663436582
srv-003,2017-06-09 00:00:00,41.695148015139424
srv-003,2017-06-09 01:00:00,41.24120677784171
srv-003,2017-06-09 02:00:00,41.07171058513433
srv-003,2017-06-09 03:00:00,41.65589666375773
srv-003,2017-06-09 04:00:00,41.405497254525926
srv-003,2017-06-09 05:00:00,41.093680795433016
srv-003,2017-06-09 06:00:00,42.15631128194966
srv-003,2017-06-09 07:00:00,41.717132662723266
srv-003,2017-06-09 08:00:00,41.26319142542555
srv-003,2017-06-09 09:00:00,41.093695232718176
srv-003,2017-06-09 10:00:00,41.67788131134157
srv-003,2017-06-09 11:00:00,41.42748190210977
srv-003,2017-06-09 12:00:00,41.11566544301686
srv-003,2017-06-09 13:00:00,42.178295929533505
srv-003,2017-06-09 14:00:00,41.73911731030711
srv-003,2017-06-09 15:00:00,41.285176073009396
srv-003,2017-06-09 16:00:00,41.11567988030202
srv-003,2017-06-09 17:00:00,41.699865958925415
srv-003,2017-06-09 18:00:00,41.44946654969361
srv-003,2017-06-09 19:00:00,41.1376500906007
srv-003,2017-06-09 20:00:00,42.20028057711735
srv-003,2017-06-09 21:00:00,41.76110195789095
srv-003,2017-06-09 22:00:00,41.30716072059324
srv-003,2017-06-09 23:00:00,41.13766452788586
srv-003,2017-06-10 00:00:00,41.72185060650926
srv-003,2017-06-10 01:00:00,41.47145119727745
srv-003,2017-06-10 02:00:00,41.15963473818454
srv-003,2017-06-10 03:00:00,42.22226522470119
srv-003,2017-06-10 04:00:00,41.78308660547479
srv-003,2017-06-10 05:00:00,41.32914536817708
srv-003,2017-06-10 06:00:00,41.1596491754697
srv-003,2017-06-10 07:00:00,41.7438352540931
srv-003,2017-06-10 08:00:00,41.493435844861295
srv-003,2017-06-10 09:00:00,41.181619385768386
srv-003,2017-06-10 10:00:00,42.24424987228503
srv-003,2017-06-10 11:00:00,41.805071253058635
srv-003,2017-06-10 12:00:00,41.35113001576092
srv-003,2017-06-10 13:00:00,41.181633823053545
srv-003,2017-06-10 14:00:00,41.76581990167694
srv-003,2017-06-10 15:00:00,41.51542049244514
srv-003,2017-06-10 16:00:00,41.20360403335223
srv-003,2017-06-10 17:00:00,42.266234519868874
srv-003,2017-06-10 18:00:00,41.82705590064248
srv-003,2017-06-10 19:00:00,41.373114663344765
srv-003,2017-06-10 20:00:00,41.20361847063739
srv-003,2017-06-10 21:00:00,41.787804549260784
srv-003,2017-06-10 22:00:00,41.53740514002898
srv-003,2017-06-10 23:00:00,41.22558868093607
srv-003,2017-06-11 00:00:00,42.288219167452716
srv-003,2017-06-11 01:00:00,41.84904054822632
srv-003,2017-06-11 02:00:00,41.39509931092861
srv-003,2017-06-11 03:00:00,41.22560311822123
srv-003,2017-06-11 04:00:00,41.809789196844626
srv-003,2017-06-11 05:00:00,41.55938978761282
srv-003,2017-06-11 06:00:00,41.24757332851991
srv-003,2017-06-11 07:00:00,42.31020381503656
srv-003,2017-06-11 08:00:00,41.87102519581016
srv-003,2017-06-11 09:00:00,41.41708395851245
srv-003,2017-06-11 10:00:00,41.24758776580507
srv-003,2017-06-11 11:00:00,41.83177384442847
srv-003,2017-06-11 12:00:00,41.581374435196665
srv-003,2017-06-11 13:00:00,41.269557976103755
srv-003,2017-06-11 14:00:00,42.3321884626204
srv-003,2017-06-11 15:00:00,41.893009843394005
srv-003,2017-06-11 16:00:00,41.43906860609629
srv-003,2017-06-11 17:00:00,41.269572413388914
srv-003,2017-06-11 18:00:00,41.85375849201231
srv-003,2017-06-11 19:00:00,41.60335908278051
srv-003,2017-06-11 20:00:00,41.2915426236876
srv-003,2017-06-11 21:00:00,42.35417311020424
srv-003,2017-06-11 22:00:00,41.91499449097785
srv-003,2017-06-11 23:00:00,41.461053253680134
srv-003,2017-06-12 00:00:00,41.29155706097276
srv-003,2017-06-12 01:00:00,41.87574313959615
srv-003,2017-06-12 02:00:00,41.62534373036435
srv-003,2017-06-12 03:00:00,41.31352727127144
srv-003,2017-06-12 04:00:00,42.376157757788086
srv-003,2017-06-12 05:00:00,41.93697913856169
srv-003,2017-06-12 06:00:00,41.48303790126398
srv-003,2017-06-12 07:00:00,41.3135417085566
srv-003,2017-06-12 08:00:00,41.897727787179996
srv-003,2017-06-12 09:00:00,41.64732837794819
srv-003,2017-06-12 10:00:00,41.33551191885528
srv-003,2017-06-12 11:00:00,42.39814240537193
srv-003,2017-06-12 12:00:00,41.95896378614553
srv-003,2017-06-12 13:00:00,41.50502254884782
srv-003,2017-06-12 14:00:00,41.33552635614044
srv-003,2017-06-12 15:00:00,41.91971243476384
srv-003,2017-06-12 16:00:00,41.669313025532034
srv-003,2017-06-12 17:00:00,41.357496566439124
srv-003,2017-06-12 18:00:00,42.42012705295577
srv-003,2017-06-12 19:00:00,41.980948433729374
srv-003,2017-06-12 20:00:00,41.52700719643166
srv-003,2017-06-12 21:00:00,41.357511003724284
srv-003,2017-06-12 22:00:00,41.94169708234768
srv-003,2017-06-12 23:00:00,41.691297673115876
srv-003,2017-06-13 00:00:00,41.37948121402297
srv-003,2017-06-13 01:00:00,42.44211170053961
srv-003,2017-06-13 02:00:00,42.002933081313216
srv-003,2017-06-13 03:00:00,41.548991844015504
srv-003,2017-06-13 04:00:00,41.379495651308126
srv-003,2017-06-13 05:00:00,41.96368172993152
srv-003,2017-06-13 06:00:00,41.71328232069972
srv-003,2017-06-13 07:00:00,41.40146586160681
srv-003,2017-06-13 08:00:00,42.464096348123455
srv-003,2017-06-13 09:00:00,42.02491772889706
srv-003,2017-06-13 10:00:00,41.570976491599346
srv-003,2017-06-13 11:00:00,41.40148029889197
srv-003,2017-06-13 12:00:00,41.985666377515365
srv-003,2017-06-13 13:00:00,41.73526696828356
srv-003,2017-06-13 14:00:00,41.42345050919065
srv-003,2017-06-13 15:00:00,42.4860809957073
srv-003,2017-06-13 16:00:00,42.0469023764809
srv-003,2017-06-13 17:00:00,41.59296113918319
srv-003,2017-06-13 18:00:00,41.42346494647581
srv-003,2017-06-13 19:00:00,42.00765102509921
srv-003,2017-06-13 20:00:00,41.7572516158674
srv-003,2017-06-13 21:00:00,41.445435156774494
srv-003,2017-06-13 22:00:00,42.50806564329114
srv-003,2017-06-13 23:00:00,42.06888702406474
srv-003,2017-06-14 00:00:00,41.61494578676703
srv-003,2017-06-14 01:00:00,41.44544959405965
srv-003,2017-06-14 02:00:00,42.02963567268305
srv-003,2017-06-14 03:00:00,41.779236263451246
srv-003,2017-06-14 04:00:00,41.467419804358336
srv-003,2017-06-14 05:00:00,42.53005029087498
srv-003,2017-06-14 06:00:00,42.090871671648586
srv-003,2017-06-14 07:00:00,41.63693043435087
srv-003,2017-06-14 08:00:00,41.467434241643495
srv-003,2017-06-14 09:00:00,42.05162032026689
srv-003,2017-06-14 10:00:00,41.80122091103509
srv-003,2017-06-14 11:00:00,41.48940445194218
srv-003,2017-06-14 12:00:00,42.552034938458824
srv-003,2017-06-14 13:00:00,42.11285631923243
srv-003,2017-06-14 14:00:00,41.658915081934715
srv-003,2017-06-14 15:00:00,41.48941888922734
srv-003,2017-06-14 16:00:00,42.073604967850734
srv-003,2017-06-14 17:00:00,41.82320555861893
srv-003,2017-06-14 18:00:00,41.51138909952602
srv-003,2017-06-14 19:00:00,42.57401958604267
srv-003,2017-06-14 20:00:00,42.13484096681627
srv-003,2017-06-14 21:00:00,41.68089972951856
srv-003,2017-06-14 22:00:00,41.51140353681118
srv-003,2017-06-14 23:00:00,42.09558961543458
srv-003,2017-06-15 00:00:00,41.84519020620277
srv-003,2017-06-15 01:00:00,41.53337374710986
srv-003,2017-06-15 02:00:00,42.59600423362651
srv-003,2017-06-15 03:00:00,42.15682561440011
srv-003,2017-06-15 04:00:00,41.7028843771024
srv-003,2017-06-15 05:00:00,41.53338818439502
srv-003,2017-06-15 06:00:00,42.11757426301842
srv-003,2017-06-15 07:00:00,41.867174853786615
srv-003,2017-06-15 08:00:00,41.555358394693705
srv-003,2017-06-15 09:00:00,42.61798888121035
srv-003,2017-06-15 10:00:00,42.178810261983955
srv-003,2017-06-15 11:00:00,41.72486902468624
srv-003,2017-06-15 12:00:00,41.555372831978865
srv-003,2017-06-15 13:00:00,42.13955891060226
srv-003,2017-06-15 14:00:00,41.88915950137046
srv-003,2017-06-15 15:00:00,41.57734304227755
srv-003,2017-06-15 16:00:00,42.639973528794194
srv-003,2017-06-15 17:00:00,42.2007949095678
srv-003,2017-06-15 18:00:00,41.746853672270085
srv-003,2017-06-15 19:00:00,41.57735747956271
srv-003,2017-06-15 20:00:00,42.161543558186104
srv-003,2017-06-15 21:00:00,41.9111441489543
srv-003,2017-06-15 22:00:00,41.59932768986139
srv-003,2017-06-15 23:00:00,42.661958176378036
srv-003,2017-06-16 00:00:00,42.22277955715164
srv-003,2017-06-16 01:00:00,41.76883831985393
srv-003,2017-06-16 02:00:00,41.59934212714655
srv-003,2017-06-16 03:00:00,42.183528205769946
srv-003,2017-06-16 04:00:00,41.93312879653814
srv-003,2017-06-16 05:00:00,41.62131233744523
srv-003,2017-06-16 06:00:00,42.68394282396188
srv-003,2017-06-16 07:00:00,42.24476420473548
srv-003,2017-06-16 08:00:00,41.79082296743777
srv-003,2017-06-16 09:00:00,41.62132677473039
srv-003,2017-06-16 10:00:00,42.20551285335379
srv-003,2017-06-16 11:00:00,41.955113444121984
srv-003,2017-06-16 12:00:00,41.643296985029075
srv-003,2017-06-16 13:00:00,42.70592747154572
srv-003,2017-06-16 14:00:00,42.266748852319324
srv-003,2017-06-16 15:00:00,41.81280761502161
srv-003,2017-06-16 16:00:00,41.643311422314234
srv-003,2017-06-16 17:00:00,42.22749750093763
srv-003,2017-06-16 18:00:00,41.97709809170583
srv-003,2017-06-16 19:00:00,41.66528163261292
srv-003,2017-06-16 20:00:00,42.72791211912956
srv-003,2017-06-16 21:00:00,42.28873349990317
srv-003,2017-06-16 22:00:00,41.834792262605454
srv-003,2017-06-16 23:00:00,41.665296069898076
srv-003,2017-06-17 00:00:00,42.24948214852147
srv-003,2017-06-17 01:00:00,41.99908273928967
srv-003,2017-06-17 02:00:00,41.68726628019676
srv-003,2017-06-17 03:00:00,42.749896766713405
srv-003,2017-06-17 04:00:00,42.31071814748701
srv-003,2017-06-17 05:00:00,41.856776910189296
srv-003,2017-06-17 06:00:00,41.68728071748192
srv-003,2017-06-17 07:00:00,42.271466796105315
srv-003,2017-06-17 08:00:00,42.02106738687351
srv-003,2017-06-17 09:00:00,41.7092509277806
srv-003,2017-06-17 10:00:00,42.77188141429725
srv-003,2017-06-17 11:00:00,42.33270279507085
srv-003,2017-06-17 12:00:00,41.87876155777314
srv-003,2017-06-17 13:00:00,41.70926536506576
srv-003,2017-06-17 14:00:00,42.29345144368916
srv-003,2017-06-17 15:00:00,42.043052034457354
srv-003,2017-06-17 16:00:00,41.731235575364444
srv-003,2017-06-17 17:00:00,42.79386606188109
srv-003,2017-06-17 18:00:00,42.35468744265469
srv-003,2017-06-17 19:00:00,41.90074620535698
srv-003,2017-06-17 20:00:00,41.7312500126496
srv-003,2017-06-17 21:00:00,42.315436091273
srv-003,2017-06-17 22:00:00,42.065036682041196
srv-003,2017-06-17 23:00:00,41.753220222948286
srv-003,2017-06-18 00:00:00,42.81585070946493
srv-003,2017-06-18 01:00:00,42.376672090238536
srv-003,2017-06-18 02:00:00,41.92273085294082
srv-003,2017-06-18 03:00:00,41.753234660233446
srv-003,2017-06-18 04:00:00,42.33742073885684
srv-003,2017-06-18 05:00:00,42.08702132962504
srv-003,2017-06-18 06:00:00,41.77520487053213
srv-003,2017-06-18 07:00:00,42.837835357048775
srv-003,2017-06-18 08:00:00,42.39865673782238
srv-003,2017-06-18 09:00:00,41.944715500524666
srv-003,2017-06-18 10:00:00,41.77521930781729
srv-003,2017-06-18 11:00:00,42.359405386440685
srv-003,2017-06-18 12:00:00,42.10900597720888
srv-003,2017-06-18 13:00:00,41.79718951811597
srv-003,2017-06-18 14:00:00,42.85982000463262
srv-003,2017-06-18 15:00:00,42.42064138540622
srv-003,2017-06-18 16:00:00,41.96670014810851
srv-003,2017-06-18 17:00:00,41.79720395540113
srv-003,2017-06-18 18:00:00,42.38139003402453
srv-003,2017-06-18 19:00:00,42.13099062479272
srv-003,2017-06-18 20:00:00,41.81917416569981
srv-003,2017-06-18 21:00:00,42.88180465221646
srv-003,2017-06-18 22:00:00,42.44262603299006
srv-003,2017-06-18 23:00:00,41.98868479569235
srv-003,2017-06-19 00:00:00,41.81918860298497
srv-003,2017-06-19 01:00:00,42.40337468160837
srv-003,2017-06-19 02:00:00,42.152975272376565
srv-003,2017-06-19 03:00:00,41.841158813283656
srv-003,2017-06-19 04:00:00,42.9037892998003
srv-003,2017-06-19 05:00:00,42.464610680573905
srv-003,2017-06-19 06:00:00,42.01066944327619
srv-003,2017-06-19 07:00:00,41.841173250568815
srv-003,2017-06-19 08:00:00,42.42535932919221
srv-003,2017-06-19 09:00:00,42.17495991996041
srv-003,2017-06-19 10:00:00,41.8631434608675
srv-003,2017-06-19 11:00:00,42.925773947384144
srv-003,2017-06-19 12:00:00,42.48659532815775
srv-003,2017-06-19 13:00:00,42.032654090860035
srv-003,2017-06-19 14:00:00,41.86315789815266
srv-003,2017-06-19 15:00:00,42.447343976776054
srv-003,2017-06-19 16:00:00,42.19694456754425
srv-003,2017-06-19 17:00:00,41.88512810845134
srv-003,2017-06-19 18:00:00,42.947758594967986
srv-003,2017-06-19 19:00:00,42.50857997574159
srv-003,2017-06-19 20:00:00,42.05463873844388
srv-003,2017-06-19 21:00:00,41.8851425457365
srv-003,2017-06-19 22:00:00,42.469328624359896
srv-003,2017-06-19 23:00:00,42.21892921512809
srv-003,2017-06-20 00:00:00,41.90711275603518
srv-003,2017-06-20 01:00:00,42.96974324255183
srv-003,2017-06-20 02:00:00,42.53056462332543
srv-003,2017-06-20 03:00:00,42.07662338602772
srv-003,2017-06-20 04:00:00,41.90712719332034
srv-003,2017-06-20 05:00:00,42.49131327194374
srv-003,2017-06-20 06:00:00,42.240913862711935
srv-003,2017-06-20 07:00:00,41.929097403619025
srv-003,2017-06-20 08:00:00,42.99172789013567
srv-003,2017-06-20 09:00:00,42.552549270909275
srv-003,2017-06-20 10:00:00,42.09860803361156
srv-003,2017-06-20 11:00:00,41.929111840904184
srv-003,2017-06-20 12:00:00,42.51329791952758
srv-003,2017-06-20 13:00:00,42.26289851029578
srv-003,2017-06-20 14:00:00,41.95108205120287
srv-003,2017-06-20 15:00:00,43.01371253771951
srv-003,2017-06-20 16:00:00,42.57453391849312
srv-003,2017-06-20 17:00:00,42.120592681195404
srv-003,2017-06-20 18:00:00,41.95109648848803
srv-003,2017-06-20 19:00:00,42.53528256711142
srv-003,2017-06-20 20:00:00,42.28488315787962
srv-003,2017-06-20 21:00:00,41.97306669878671
srv-003,2017-06-20 22:00:00,43.035697185303356
srv-003,2017-06-20 23:00:00,42.59651856607696
srv-003,2017-06-21 00:00:00,42.14257732877925
srv-003,2017-06-21 01:00:00,41.97308113607187
srv-003,2017-06-21 02:00:00,42.557267214695266
srv-003,2017-06-21 03:00:00,42.30686780546346
srv-003,2017-06-21 04:00:00,41.99505134637055
srv-003,2017-06-21 05:00:00,43.0576818328872
srv-003,2017-06-21 06:00:00,42.6185032136608
srv-003,2017-06-21 07:00:00,42.16456197636309
srv-003,2017-06-21 08:00:00,41.99506578365571
srv-003,2017-06-21 09:00:00,42.57925186227911
srv-003,2017-06-21 10:00:00,42.328852453047304
srv-003,2017-06-21 11:00:00,42.017035993954394
srv-003,2017-06-21 12:00:00,43.07966648047104
srv-003,2017-06-21 13:00:00,42.640487861244644
srv-003,2017-06-21 14:00:00,42.18654662394693
srv-003,2017-06-21 15:00:00,42.017050431239554
srv-003,2017-06-21 16:00:00,42.60123650986295
srv-003,2017-06-21 17:00:00,42.350837100631146
srv-003,2017-06-21 18:00:00,42.03902064153824
srv-003,2017-06-21 19:00:00,43.10165112805488
srv-003,2017-06-21 20:00:00,42.662472508828486
srv-003,2017-06-21 21:00:00,42.208531271530774
srv-003,2017-06-21 22:00:00,42.039035078823396
srv-003,2017-06-21 23:00:00,42.62322115744679
srv-003,2017-06-22 00:00:00,42.37282174821499
srv-003,2017-06-22 01:00:00,42.06100528912208
srv-003,2017-06-22 02:00:00,43.123635775638725
srv-003,2017-06-22 03:00:00,42.68445715641233
srv-003,2017-06-22 04:00:00,42.230515919114616
srv-003,2017-06-22 05:00:00,42.06101972640724
srv-003,2017-06-22 06:00:00,42.645205805030635
srv-003,2017-06-22 07:00:00,42.39480639579883
srv-003,2017-06-22 08:00:00,42.08298993670592
srv-003,2017-06-22 09:00:00,43.14562042322257
srv-003,2017-06-22 10:00:00,42.70644180399617
srv-003,2017-06-22 11:00:00,42.25250056669846
srv-003,2017-06-22 12:00:00,42.08300437399108
srv-003,2017-06-22 13:00:00,42.66719045261448
srv-003,2017-06-22 14:00:00,42.41679104338267
srv-003,2017-06-22 15:00:00,42.104974584289764
srv-003,2017-06-22 16:00:00,43.16760507080641
srv-003,2017-06-22 17:00:00,42.72842645158001
srv-003,2017-06-22 18:00:00,42.2744852142823
srv-003,2017-06-22 19:00:00,42.10498902157492
srv-003,2017-06-22 20:00:00,42.68917510019832
srv-003,2017-06-22 21:00:00,42.438775690966516
srv-003,2017-06-22 22:00:00,42.126959231873606
srv-003,2017-06-22 23:00:00,43.18958971839025
srv-003,2017-06-23 00:00:00,42.750411099163856
srv-003,2017-06-23 01:00:00,42.29646986186614
srv-003,2017-06-23 02:00:00,42.126973669158765
srv-003,2017-06-23 03:00:00,42.71115974778216
srv-003,2017-06-23 04:00:00,42.46076033855036
srv-003,2017-06-23 05:00:00,42.14894387945745
srv-003,2017-06-23 06:00:00,43.211574365974094
srv-003,2017-06-23 07:00:00,42.7723957467477
srv-003,2017-06-23 08:00:00,42.318454509449985
srv-003,2017-06-23 09:00:00,42.14895831674261
srv-003,2017-06-23 10:00:00,42.733144395366004
srv-003,2017-06-23 11:00:00,42.4827449861342
srv-003,2017-06-23 12:00:00,42.17092852704129
srv-003,2017-06-23 13:00:00,43.23355901355794
srv-003,2017-06-23 14:00:00,42.79438039433154
srv-003,2017-06-23 15:00:00,42.34043915703383
srv-003,2017-06-23 16:00:00,42.17094296432645
srv-003,2017-06-23 17:00:00,42.75512904294985
srv-003,2017-06-23 18:00:00,42.50472963371804
srv-003,2017-06-23 19:00:00,42.19291317462513
srv-003,2017-06-23 20:00:00,43.25554366114178
srv-003,2017-06-23 21:00:00,42.81636504191538
srv-003,2017-06-23 22:00:00,42.36242380461767
srv-003,2017-06-23 23:00:00,42.19292761191029
srv-003,2017-06-24 00:00:00,42.77711369053369
srv-003,2017-06-24 01:00:00,42.526714281301885
srv-003,2017-06-24 02:00:00,42.214897822208975
srv-003,2017-06-24 03:00:00,43.27752830872562
srv-003,2017-06-24 04:00:00,42.838349689499225
srv-003,2017-06-24 05:00:00,42.38440845220151
srv-003,2017-06-24 06:00:00,42.214912259494135
srv-003,2017-06-24 07:00:00,42.79909833811753
srv-003,2017-06-24 08:00:00,42.54869892888573
srv-003,2017-06-24 09:00:00,42.23688246979282
srv-003,2017-06-24 10:00:00,43.299512956309464
srv-003,2017-06-24 11:00:00,42.86033433708307
srv-003,2017-06-24 12:00:00,42.406393099785355
srv-003,2017-06-24 13:00:00,42.23689690707798
srv-003,2017-06-24 14:00:00,42.82108298570137
srv-003,2017-06-24 15:00:00,42.57068357646957
srv-003,2017-06-24 16:00:00,42.25886711737666
srv-003,2017-06-24 17:00:00,43.321497603893306
srv-003,2017-06-24 18:00:00,42.88231898466691
srv-003,2017-06-24 19:00:00,42.4283777473692
srv-003,2017-06-24 20:00:00,42.25888155466182
srv-003,2017-06-24 21:00:00,42.843067633285216
srv-003,2017-06-24 22:00:00,42.59266822405341
srv-003,2017-06-24 23:00:00,42.2808517649605
srv-003,2017-06-25 00:00:00,43.34348225147715
srv-003,2017-06-25 01:00:00,42.90430363225075
srv-003,2017-06-25 02:00:00,42.45036239495304
srv-003,2017-06-25 03:00:00,42.28086620224566
srv-003,2017-06-25 04:00:00,42.86505228086906
srv-003,2017-06-25 05:00:00,42.614652871637254
srv-003,2017-06-25 06:00:00,42.302836412544345
srv-003,2017-06-25 07:00:00,43.36546689906099
srv-003,2017-06-25 08:00:00,42.926288279834594
srv-003,2017-06-25 09:00:00,42.47234704253688
srv-003,2017-06-25 10:00:00,42.302850849829504
srv-003,2017-06-25 11:00:00,42.8870369284529
srv-003,2017-06-25 12:00:00,42.6366375192211
srv-003,2017-06-25 13:00:00,42.32482106012819
srv-003,2017-06-25 14:00:00,43.38745154664483
srv-003,2017-06-25 15:00:00,42.94827292741844
srv-003,2017-06-25 16:00:00,42.494331690120724
srv-003,2017-06-25 17:00:00,42.324835497413346
srv-003,2017-06-25 18:00:00,42.90902157603674
srv-003,2017-06-25 19:00:00,42.65862216680494
srv-003,2017-06-25 20:00:00,42.34680570771203
srv-003,2017-06-25 21:00:00,43.409436194228675
srv-003,2017-06-25 22:00:00,42.97025757500228
srv-003,2017-06-25 23:00:00,42.516316337704566
srv-003,2017-06-26 00:00:00,42.34682014499719
srv-003,2017-06-26 01:00:00,42.931006223620585
srv-003,2017-06-26 02:00:00,42.68060681438878
srv-003,2017-06-26 03:00:00,42.36879035529587
srv-003,2017-06-26 04:00:00,43.43142084181252
srv-003,2017-06-26 05:00:00,42.99224222258612
srv-003,2017-06-26 06:00:00,42.53830098528841
srv-003,2017-06-26 07:00:00,42.36880479258103
srv-003,2017-06-26 08:00:00,42.95299087120443
srv-003,2017-06-26 09:00:00,42.702591461972624
srv-003,2017-06-26 10:00:00,42.390775002879714
srv-003,2017-06-26 11:00:00,43.45340548939636
srv-003,2017-06-26 12:00:00,43.01422687016996
srv-003,2017-06-26 13:00:00,42.56028563287225
srv-003,2017-06-26 14:00:00,42.39078944016487
srv-003,2017-06-26 15:00:00,42.97497551878827
srv-003,2017-06-26 16:00:00,42.724576109556466
srv-003,2017-06-26 17:00:00,42.412759650463556
srv-003,2017-06-26 18:00:00,43.4753901369802
srv-003,2017-06-26 19:00:00,43.036211517753806
srv-003,2017-06-26 20:00:00,42.58227028045609
srv-003,2017-06-26 21:00:00,42.412774087748716
srv-003,2017-06-26 22:00:00,42.99696016637211
srv-003,2017-06-26 23:00:00,42.74656075714031
srv-003,2017-06-27 00:00:00,42.4347442980474
srv-003,2017-06-27 01:00:00,43.497374784564045
srv-003,2017-06-27 02:00:00,43.05819616533765
srv-003,2017-06-27 03:00:00,42.604254928039936
srv-003,2017-06-27 04:00:00,42.43475873533256
srv-003,2017-06-27 05:00:00,43.018944813955954
srv-003,2017-06-27 06:00:00,42.76854540472415
srv-003,2017-06-27 07:00:00,42.45672894563124
srv-003,2017-06-27 08:00:00,43.51935943214789
srv-003,2017-06-27 09:00:00,43.08018081292149
srv-003,2017-06-27 10:00:00,42.62623957562378
srv-003,2017-06-27 11:00:00,42.4567433829164
srv-003,2017-06-27 12:00:00,43.0409294615398
srv-003,2017-06-27 13:00:00,42.79053005230799
srv-003,2017-06-27 14:00:00,42.47871359321508
srv-003,2017-06-27 15:00:00,43.54134407973173
srv-003,2017-06-27 16:00:00,43.10216546050533
srv-003,2017-06-27 17:00:00,42.64822422320762
srv-003,2017-06-27 18:00:00,42.47872803050024
srv-003,2017-06-27 19:00:00,43.06291410912364
srv-003,2017-06-27 20:00:00,42.812514699891835
srv-003,2017-06-27 21:00:00,42.500698240798926
srv-003,2017-06-27 22:00:00,43.56332872731557
srv-003,2017-06-27 23:00:00,43.124150108089175
srv-003,2017-06-28 00:00:00,42.67020887079146
srv-003,2017-06-28 01:00:00,42.500712678084085
srv-003,2017-06-28 02:00:00,43.08489875670748
srv-003,2017-06-28 03:00:00,42.83449934747568
srv-003,2017-06-28 04:00:00,42.52268288838277
srv-003,2017-06-28 05:00:00,43.585313374899414
srv-003,2017-06-28 06:00:00,43.14613475567302
srv-003,2017-06-28 07:00:00,42.692193518375305
srv-003,2017-06-28 08:00:00,42.52269732566793
srv-003,2017-06-28 09:00:00,43.106883404291324
srv-003,2017-06-28 10:00:00,42.85648399505952
srv-003,2017-06-28 11:00:00,42.54466753596661
srv-003,2017-06-28 12:00:00,43.607298022483256
srv-003,2017-06-28 13:00:00,43.16811940325686
srv-003,2017-06-28 14:00:00,42.71417816595915
srv-003,2017-06-28 15:00:00,42.54468197325177
srv-003,2017-06-28 16:00:00,43.128868051875166
srv-003,2017-06-28 17:00:00,42.87846864264336
srv-003,2017-06-28 18:00:00,42.56665218355045
srv-003,2017-06-28 19:00:00,43.6292826700671
srv-003,2017-06-28 20:00:00,43.1901040508407
srv-003,2017-06-28 21:00:00,42.73616281354299
srv-003,2017-06-28 22:00:00,42.56666662083561
srv-003,2017-06-28 23:00:00,43.15085269945901
srv-003,2017-06-29 00:00:00,42.900453290227205
srv-003,2017-06-29 01:00:00,42.588636831134295
srv-003,2017-06-29 02:00:00,43.65126731765094
srv-003,2017-06-29 03:00:00,43.212088698424544
srv-003,2017-06-29 04:00:00,42.75814746112683
srv-003,2017-06-29 05:00:00,42.588651268419454
srv-003,2017-06-29 06:00:00,43.17283734704285
srv-003,2017-06-29 07:00:00,42.92243793781105
srv-003,2017-06-29 08:00:00,42.61062147871814
srv-003,2017-06-29 09:00:00,43.67325196523478
srv-003,2017-06-29 10:00:00,43.23407334600839
srv-003,2017-06-29 11:00:00,42.780132108710674
srv-003,2017-06-29 12:00:00,42.6106359160033
srv-003,2017-06-29 13:00:00,43.19482199462669
srv-003,2017-06-29 14:00:00,42.94442258539489
srv-003,2017-06-29 15:00:00,42.63260612630198
srv-003,2017-06-29 16:00:00,43.695236612818626
srv-003,2017-06-29 17:00:00,43.25605799359223
srv-003,2017-06-29 18:00:00,42.80211675629452
srv-003,2017-06-29 19:00:00,42.63262056358714
srv-003,2017-06-29 20:00:00,43.216806642210535
srv-003,2017-06-29 21:00:00,42.96640723297873
srv-003,2017-06-29 22:00:00,42.65459077388582
srv-003,2017-06-29 23:00:00,43.71722126040247
srv-003,2017-06-30 00:00:00,43.27804264117607
srv-003,2017-06-30 01:00:00,42.82410140387836
srv-003,2017-06-30 02:00:00,42.65460521117098
srv-003,2017-06-30 03:00:00,43.23879128979438
srv-003,2017-06-30 04:00:00,42.988391880562574
srv-003,2017-06-30 05:00:00,42.676575421469664
srv-003,2017-06-30 06:00:00,43.73920590798631
srv-003,2017-06-30 07:00:00,43.300027288759914
srv-003,2017-06-30 08:00:00,42.8460860514622
srv-003,2017-06-30 09:00:00,42.676589858754824
srv-003,2017-06-30 10:00:00,43.26077593737822
srv-003,2017-06-30 11:00:00,43.010376528146416
srv-003,2017-06-30 12:00:00,42.69856006905351
srv-003,2017-06-30 13:00:00,43.76119055557015
srv-003,2017-06-30 14:00:00,43.322011936343756
srv-003,2017-06-30 15:00:00,42.868070699046044
srv-003,2017-06-30 16:00:00,42.698574506338666
srv-003,2017-06-30 17:00:00,43.28276058496206
srv-003,2017-06-30 18:00:00,43.03236117573026
srv-003,2017-06-30 19:00:00,42.72054471663735
srv-003,2017-06-30 20:00:00,43.783175203153995
srv-003,2017-06-30 21:00:00,43.3439965839276
srv-003,2017-06-30 22:00:00,42.890055346629886
srv-003,2017-06-30 23:00:00,42.72055915392251
srv-004,2017-06-01 23:00:00,70.56026609257684
srv-004,2017-06-02 00:00:00,67.83336980897482
srv-004,2017-06-02 01:00:00,67.58493362901132
srv-004,2017-06-02 02:00:00,66.18993231893799
srv-004,2017-06-02 03:00:00,65.11393598468338
srv-004,2017-06-02 04:00:00,65.23353241563862
srv-004,2017-06-02 05:00:00,65.17782977153834
srv-004,2017-06-02 06:00:00,65.48334380250503
srv-004,2017-06-02 07:00:00,64.68714096967173
srv-004,2017-06-02 08:00:00,65.53617386468311
srv-004,2017-06-02 09:00:00,64.87319474079382
srv-004,2017-06-02 10:00:00,64.29229188335016
srv-004,2017-06-02 11:00:00,64.6811725180126
srv-004,2017-06-02 12:00:00,64.79643174800205
srv-004,2017-06-02 13:00:00,65.24611831190737
srv-004,2017-06-02 14:00:00,64.53898716187668
srv-004,2017-06-02 15:00:00,65.44241349327748
srv-004,2017-06-02 16:00:00,64.81383317559157
srv-004,2017-06-02 17:00:00,64.25477353901869
srv-004,2017-06-02 18:00:00,64.65685331223233
srv-004,2017-06-02 19:00:00,64.78037031610015
srv-004,2017-06-02 20:00:00,65.23559751290232
srv-004,2017-06-02 21:00:00,64.53191077261968
srv-004,2017-06-02 22:00:00,65.43747172106958
srv-004,2017-06-02 23:00:00,64.81022681337386
srv-004,2017-06-03 00:00:00,64.25200357731532
srv-004,2017-06-03 01:00:00,64.65460020011096
srv-004,2017-06-03 02:00:00,64.7784396073708
srv-004,2017-06-03 03:00:00,65.23387184447581
srv-004,2017-06-03 04:00:00,64.53031278279884
srv-004,2017-06-03 05:00:00,65.43595316703934
srv-004,2017-06-03 06:00:00,64.80875781232498
srv-004,2017-06-03 07:00:00,64.25056549830204
srv-004,2017-06-03 08:00:00,64.65318134359283
srv-004,2017-06-03 09:00:00,64.77703273225312
srv-004,2017-06-03 10:00:00,65.23247247862588
srv-004,2017-06-03 11:00:00,64.52891809516862
srv-004,2017-06-03 12:00:00,65.43456139317516
srv-004,2017-06-03 13:00:00,64.80736785464356
srv-004,2017-06-03 14:00:00,64.24917667277592
srv-004,2017-06-03 15:00:00,64.65179322304849
srv-004,2017-06-03 16:00:00,64.7756450510287
srv-004,2017-06-03 17:00:00,65.2310850716032
srv-004,2017-06-03 18:00:00,64.52753085899464
srv-004,2017-06-03 19:00:00,65.43317426344532
srv-004,2017-06-03 20:00:00,64.80598079124631
srv-004,2017-06-03 21:00:00,64.24778965071617
srv-004,2017-06-03 22:00:00,64.65040622674158
srv-004,2017-06-03 23:00:00,64.77425807076906
srv-004,2017-06-04 00:00:00,65.2296981013476
srv-004,2017-06-04 01:00:00,64.52614389497255
srv-004,2017-06-04 02:00:00,65.43178730330727
srv-004,2017-06-04 03:00:00,64.8045938335285
srv-004,2017-06-04 04:00:00,64.24640269450647
srv-004,2017-06-04 05:00:00,64.64901927147156
srv-004,2017-06-04 06:00:00,64.77287111608457
srv-004,2017-06-04 07:00:00,65.22831114702798
srv-004,2017-06-04 08:00:00,64.52475694088031
srv-004,2017-06-04 09:00:00,65.4304003493567
srv-004,2017-06-04 10:00:00,64.8032068796662
srv-004,2017-06-04 11:00:00,64.2450157406992
srv-004,2017-06-04 12:00:00,64.64763231769857
srv-004,2017-06-04 13:00:00,64.77148416233294
srv-004,2017-06-04 14:00:00,65.22692419328968
srv-004,2017-06-04 15:00:00,64.5233699871503
srv-004,2017-06-04 16:00:00,65.42901339563187
srv-004,2017-06-04 17:00:00,64.8018199259446
srv-004,2017-06-04 18:00:00,64.24362878697958
srv-004,2017-06-04 19:00:00,64.6462453639802
srv-004,2017-06-04 20:00:00,64.77009720861535
srv-004,2017-06-04 21:00:00,65.22553723957256
srv-004,2017-06-04 22:00:00,64.52198303343347
srv-004,2017-06-04 23:00:00,65.42762644191521
srv-004,2017-06-05 00:00:00,64.80043297222805
srv-004,2017-06-05 01:00:00,64.24224183326312
srv-004,2017-06-05 02:00:00,64.64485841026378
srv-004,2017-06-05 03:00:00,64.76871025489896
srv-004,2017-06-05 04:00:00,65.2241502858562
srv-004,2017-06-05 05:00:00,64.52059607971714
srv-004,2017-06-05 06:00:00,65.42623948819889
srv-004,2017-06-05 07:00:00,64.79904601851173
srv-004,2017-06-05 08:00:00,64.2408548795468
srv-004,2017-06-05 09:00:00,64.64347145654746
srv-004,2017-06-05 10:00:00,64.76732330118264
srv-004,2017-06-05 11:00:00,65.22276333213988
srv-004,2017-06-05 12:00:00,64.5192091260008
srv-004,2017-06-05 13:00:00,65.42485253448255
srv-004,2017-06-05 14:00:00,64.79765906479541
srv-004,2017-06-05 15:00:00,64.23946792583048
srv-004,2017-06-05 16:00:00,64.64208450283114
srv-004,2017-06-05 17:00:00,64.76593634746632
srv-004,2017-06-05 18:00:00,65.22137637842356
srv-004,2017-06-05 19:00:00,64.51782217228448
srv-004,2017-06-05 20:00:00,65.42346558076623
srv-004,2017-06-05 21:00:00,64.79627211107909
srv-004,2017-06-05 22:00:00,64.23808097211416
srv-004,2017-06-05 23:00:00,64.64069754911482
srv-004,2017-06-06 00:00:00,64.76454939375
srv-004,2017-06-06 01:00:00,65.21998942470724
srv-004,2017-06-06 02:00:00,64.51643521856816
srv-004,2017-06-06 03:00:00,65.42207862704991
srv-004,2017-06-06 04:00:00,64.79488515736277
srv-004,2017-06-06 05:00:00,64.23669401839784
srv-004,2017-06-06 06:00:00,64.6393105953985
srv-004,2017-06-06 07:00:00,64.76316244003368
srv-004,2017-06-06 08:00:00,65.21860247099092
srv-004,2017-06-06 09:00:00,64.51504826485184
srv-004,2017-06-06 10:00:00,65.4206916733336
srv-004,2017-06-06 11:00:00,64.79349820364645
srv-004,2017-06-06 12:00:00,64.23530706468152
srv-004,2017-06-06 13:00:00,64.63792364168218
srv-004,2017-06-06 14:00:00,64.76177548631736
srv-004,2017-06-06 15:00:00,65.2172155172746
srv-004,2017-06-06 16:00:00,64.51366131113552
srv-004,2017-06-06 17:00:00,65.41930471961727
srv-004,2017-06-06 18:00:00,64.79211124993013
srv-004,2017-06-06 19:00:00,64.2339201109652
srv-004,2017-06-06 20:00:00,64.63653668796586
srv-004,2017-06-06 21:00:00,64.76038853260104
srv-004,2017-06-06 22:00:00,65.21582856355828
srv-004,2017-06-06 23:00:00,64.5122743574192
srv-004,2017-06-07 00:00:00,65.41791776590095
srv-004,2017-06-07 01:00:00,64.79072429621381
srv-004,2017-06-07 02:00:00,64.23253315724888
srv-004,2017-06-07 03:00:00,64.63514973424954
srv-004,2017-06-07 04:00:00,64.75900157888472
srv-004,2017-06-07 05:00:00,65.21444160984196
srv-004,2017-06-07 06:00:00,64.51088740370288
srv-004,2017-06-07 07:00:00,65.41653081218463
srv-004,2017-06-07 08:00:00,64.78933734249749
srv-004,2017-06-07 09:00:00,64.23114620353256
srv-004,2017-06-07 10:00:00,64.63376278053322
srv-004,2017-06-07 11:00:00,64.7576146251684
srv-004,2017-06-07 12:00:00,65.21305465612564
srv-004,2017-06-07 13:00:00,64.50950044998656
srv-004,2017-06-07 14:00:00,65.41514385846831
srv-004,2017-06-07 15:00:00,64.78795038878117
srv-004,2017-06-07 16:00:00,64.22975924981624
srv-004,2017-06-07 17:00:00,64.6323758268169
srv-004,2017-06-07 18:00:00,64.75622767145208
srv-004,2017-06-07 19:00:00,65.21166770240931
srv-004,2017-06-07 20:00:00,64.50811349627024
srv-004,2017-06-07 21:00:00,65.41375690475199
srv-004,2017-06-07 22:00:00,64.78656343506485
srv-004,2017-06-07 23:00:00,64.22837229609992
srv-004,2017-06-08 00:00:00,64.63098887310058
srv-004,2017-06-08 01:00:00,64.75484071773576
srv-004,2017-06-08 02:00:00,65.210280748693
srv-004,2017-06-08 03:00:00,64.50672654255392
srv-004,2017-06-08 04:00:00,65.41236995103567
srv-004,2017-06-08 05:00:00,64.78517648134853
srv-004,2017-06-08 06:00:00,64.2269853423836
srv-004,2017-06-08 07:00:00,64.62960191938426
srv-004,2017-06-08 08:00:00,64.75345376401944
srv-004,2017-06-08 09:00:00,65.20889379497667
srv-004,2017-06-08 10:00:00,64.5053395888376
srv-004,2017-06-08 11:00:00,65.41098299731935
srv-004,2017-06-08 12:00:00,64.78378952763221
srv-004,2017-06-08 13:00:00,64.22559838866728
srv-004,2017-06-08 14:00:00,64.62821496566794
srv-004,2017-06-08 15:00:00,64.75206681030312
srv-004,2017-06-08 16:00:00,65.20750684126035
srv-004,2017-06-08 17:00:00,64.50395263512128
srv-004,2017-06-08 18:00:00,65.40959604360303
srv-004,2017-06-08 19:00:00,64.78240257391589
srv-004,2017-06-08 20:00:00,64.22421143495096
srv-004,2017-06-08 21:00:00,64.62682801195162
srv-004,2017-06-08 22:00:00,64.7506798565868
srv-004,2017-06-08 23:00:00,65.20611988754403
srv-004,2017-06-09 00:00:00,64.50256568140496
srv-004,2017-06-09 01:00:00,65.40820908988671
srv-004,2017-06-09 02:00:00,64.78101562019957
srv-004,2017-06-09 03:00:00,64.22282448123464
srv-004,2017-06-09 04:00:00,64.6254410582353
srv-004,2017-06-09 05:00:00,64.74929290287048
srv-004,2017-06-09 06:00:00,65.20473293382771
srv-004,2017-06-09 07:00:00,64.50117872768864
srv-004,2017-06-09 08:00:00,65.40682213617039
srv-004,2017-06-09 09:00:00,64.77962866648325
srv-004,2017-06-09 10:00:00,64.22143752751832
srv-004,2017-06-09 11:00:00,64.62405410451898
srv-004,2017-06-09 12:00:00,64.74790594915416
srv-004,2017-06-09 13:00:00,65.2033459801114
srv-004,2017-06-09 14:00:00,64.49979177397232
srv-004,2017-06-09 15:00:00,65.40543518245407
srv-004,2017-06-09 16:00:00,64.77824171276693
srv-004,2017-06-09 17:00:00,64.220050573802
srv-004,2017-06-09 18:00:00,64.62266715080266
srv-004,2017-06-09 19:00:00,64.74651899543784
srv-004,2017-06-09 20:00:00,65.20195902639507
srv-004,2017-06-09 21:00:00,64.498404820256
srv-004,2017-06-09 22:00:00,65.40404822873775
srv-004,2017-06-09 23:00:00,64.77685475905061
srv-004,2017-06-10 00:00:00,64.21866362008568
srv-004,2017-06-10 01:00:00,64.62128019708634
srv-004,2017-06-10 02:00:00,64.74513204172152
srv-004,2017-06-10 03:00:00,65.20057207267875
srv-004,2017-06-10 04:00:00,64.49701786653968
srv-004,2017-06-10 05:00:00,65.40266127502143
srv-004,2017-06-10 06:00:00,64.77546780533429
srv-004,2017-06-10 07:00:00,64.21727666636936
srv-004,2017-06-10 08:00:00,64.61989324337002
srv-004,2017-06-10 09:00:00,64.7437450880052
srv-004,2017-06-10 10:00:00,65.19918511896243
srv-004,2017-06-10 11:00:00,64.49563091282336
srv-004,2017-06-10 12:00:00,65.40127432130511
srv-004,2017-06-10 13:00:00,64.77408085161797
srv-004,2017-06-10 14:00:00,64.21588971265304
srv-004,2017-06-10 15:00:00,64.6185062896537
srv-004,2017-06-10 16:00:00,64.74235813428888
srv-004,2017-06-10 17:00:00,65.19779816524611
srv-004,2017-06-10 18:00:00,64.49424395910704
srv-004,2017-06-10 19:00:00,65.39988736758879
srv-004,2017-06-10 20:00:00,64.77269389790165
srv-004,2017-06-10 21:00:00,64.21450275893672
srv-004,2017-06-10 22:00:00,64.61711933593737
srv-004,2017-06-10 23:00:00,64.74097118057256
srv-004,2017-06-11 00:00:00,65.19641121152979
srv-004,2017-06-11 01:00:00,64.49285700539072
srv-004,2017-06-11 02:00:00,65.39850041387247
srv-004,2017-06-11 03:00:00,64.77130694418533
srv-004,2017-06-11 04:00:00,64.2131158052204
srv-004,2017-06-11 05:00:00,64.61573238222105
srv-004,2017-06-11 06:00:00,64.73958422685624
srv-004,2017-06-11 07:00:00,65.19502425781347
srv-004,2017-06-11 08:00:00,64.4914700516744
srv-004,2017-06-11 09:00:00,65.39711346015615
srv-004,2017-06-11 10:00:00,64.769919990469
srv-004,2017-06-11 11:00:00,64.21172885150408
srv-004,2017-06-11 12:00:00,64.61434542850473
srv-004,2017-06-11 13:00:00,64.73819727313992
srv-004,2017-06-11 14:00:00,65.19363730409715
srv-004,2017-06-11 15:00:00,64.49008309795808
srv-004,2017-06-11 16:00:00,65.39572650643983
srv-004,2017-06-11 17:00:00,64.76853303675269
srv-004,2017-06-11 18:00:00,64.21034189778776
srv-004,2017-06-11 19:00:00,64.61295847478841
srv-004,2017-06-11 20:00:00,64.7368103194236
srv-004,2017-06-11 21:00:00,65.19225035038083
srv-004,2017-06-11 22:00:00,64.48869614424176
srv-004,2017-06-11 23:00:00,65.39433955272351
srv-004,2017-06-12 00:00:00,64.76714608303637
srv-004,2017-06-12 01:00:00,64.20895494407144
srv-004,2017-06-12 02:00:00,64.6115715210721
srv-004,2017-06-12 03:00:00,64.73542336570728
srv-004,2017-06-12 04:00:00,65.19086339666451
srv-004,2017-06-12 05:00:00,64.48730919052544
srv-004,2017-06-12 06:00:00,65.39295259900719
srv-004,2017-06-12 07:00:00,64.76575912932005
srv-004,2017-06-12 08:00:00,64.20756799035512
srv-004,2017-06-12 09:00:00,64.61018456735577
srv-004,2017-06-12 10:00:00,64.73403641199096
srv-004,2017-06-12 11:00:00,65.18947644294819
srv-004,2017-06-12 12:00:00,64.48592223680912
srv-004,2017-06-12 13:00:00,65.39156564529087
srv-004,2017-06-12 14:00:00,64.76437217560373
srv-004,2017-06-12 15:00:00,64.2061810366388
srv-004,2017-06-12 16:00:00,64.60879761363945
srv-004,2017-06-12 17:00:00,64.73264945827464
srv-004,2017-06-12 18:00:00,65.18808948923187
srv-004,2017-06-12 19:00:00,64.4845352830928
srv-004,2017-06-12 20:00:00,65.39017869157455
srv-004,2017-06-12 21:00:00,64.7629852218874
srv-004,2017-06-12 22:00:00,64.20479408292248
srv-004,2017-06-12 23:00:00,64.60741065992313
srv-004,2017-06-13 00:00:00,64.73126250455832
srv-004,2017-06-13 01:00:00,65.18670253551555
srv-004,2017-06-13 02:00:00,64.48314832937648
srv-004,2017-06-13 03:00:00,65.38879173785823
srv-004,2017-06-13 04:00:00,64.76159826817108
srv-004,2017-06-13 05:00:00,64.20340712920616
srv-004,2017-06-13 06:00:00,64.60602370620681
srv-004,2017-06-13 07:00:00,64.729875550842
srv-004,2017-06-13 08:00:00,65.18531558179923
srv-004,2017-06-13 09:00:00,64.48176137566016
srv-004,2017-06-13 10:00:00,65.3874047841419
srv-004,2017-06-13 11:00:00,64.76021131445476
srv-004,2017-06-13 12:00:00,64.20202017548984
srv-004,2017-06-13 13:00:00,64.60463675249049
srv-004,2017-06-13 14:00:00,64.72848859712568
srv-004,2017-06-13 15:00:00,65.18392862808291
srv-004,2017-06-13 16:00:00,64.48037442194384
srv-004,2017-06-13 17:00:00,65.38601783042559
srv-004,2017-06-13 18:00:00,64.75882436073844
srv-004,2017-06-13 19:00:00,64.20063322177351
srv-004,2017-06-13 20:00:00,64.60324979877417
srv-004,2017-06-13 21:00:00,64.72710164340936
srv-004,2017-06-13 22:00:00,65.18254167436659
srv-004,2017-06-13 23:00:00,64.47898746822752
srv-004,2017-06-14 00:00:00,65.38463087670927
srv-004,2017-06-14 01:00:00,64.75743740702212
srv-004,2017-06-14 02:00:00,64.1992462680572
srv-004,2017-06-14 03:00:00,64.60186284505785
srv-004,2017-06-14 04:00:00,64.72571468969304
srv-004,2017-06-14 05:00:00,65.18115472065027
srv-004,2017-06-14 06:00:00,64.4776005145112
srv-004,2017-06-14 07:00:00,65.38324392299295
srv-004,2017-06-14 08:00:00,64.7560504533058
srv-004,2017-06-14 09:00:00,64.19785931434087
srv-004,2017-06-14 10:00:00,64.60047589134153
srv-004,2017-06-14 11:00:00,64.72432773597671
srv-004,2017-06-14 12:00:00,65.17976776693395
srv-004,2017-06-14 13:00:00,64.47621356079487
srv-004,2017-06-14 14:00:00,65.38185696927663
srv-004,2017-06-14 15:00:00,64.75466349958948
srv-004,2017-06-14 16:00:00,64.19647236062455
srv-004,2017-06-14 17:00:00,64.59908893762521
srv-004,2017-06-14 18:00:00,64.7229407822604
srv-004,2017-06-14 19:00:00,65.17838081321763
srv-004,2017-06-14 20:00:00,64.47482660707855
srv-004,2017-06-14 21:00:00,65.3804700155603
srv-004,2017-06-14 22:00:00,64.75327654587316
srv-004,2017-06-14 23:00:00,64.19508540690823
srv-004,2017-06-15 00:00:00,64.59770198390889
srv-004,2017-06-15 01:00:00,64.72155382854407
srv-004,2017-06-15 02:00:00,65.17699385950131
srv-004,2017-06-15 03:00:00,64.47343965336223
srv-004,2017-06-15 04:00:00,65.37908306184399
srv-004,2017-06-15 05:00:00,64.75188959215684
srv-004,2017-06-15 06:00:00,64.19369845319191
srv-004,2017-06-15 07:00:00,64.59631503019257
srv-004,2017-06-15 08:00:00,64.72016687482775
srv-004,2017-06-15 09:00:00,65.17560690578499
srv-004,2017-06-15 10:00:00,64.47205269964591
srv-004,2017-06-15 11:00:00,65.37769610812767
srv-004,2017-06-15 12:00:00,64.75050263844052
srv-004,2017-06-15 13:00:00,64.1923114994756
srv-004,2017-06-15 14:00:00,64.59492807647625
srv-004,2017-06-15 15:00:00,64.71877992111143
srv-004,2017-06-15 16:00:00,65.17421995206867
srv-004,2017-06-15 17:00:00,64.4706657459296
srv-004,2017-06-15 18:00:00,65.37630915441135
srv-004,2017-06-15 19:00:00,64.7491156847242
srv-004,2017-06-15 20:00:00,64.19092454575927
srv-004,2017-06-15 21:00:00,64.59354112275993
srv-004,2017-06-15 22:00:00,64.71739296739511
srv-004,2017-06-15 23:00:00,65.17283299835235
srv-004,2017-06-16 00:00:00,64.46927879221327
srv-004,2017-06-16 01:00:00,65.37492220069502
srv-004,2017-06-16 02:00:00,64.74772873100788
srv-004,2017-06-16 03:00:00,64.18953759204295
srv-004,2017-06-16 04:00:00,64.59215416904361
srv-004,2017-06-16 05:00:00,64.7160060136788
srv-004,2017-06-16 06:00:00,65.17144604463603
srv-004,2017-06-16 07:00:00,64.46789183849695
srv-004,2017-06-16 08:00:00,65.3735352469787
srv-004,2017-06-16 09:00:00,64.74634177729156
srv-004,2017-06-16 10:00:00,64.18815063832663
srv-004,2017-06-16 11:00:00,64.59076721532729
srv-004,2017-06-16 12:00:00,64.71461905996247
srv-004,2017-06-16 13:00:00,65.17005909091971
srv-004,2017-06-16 14:00:00,64.46650488478063
srv-004,2017-06-16 15:00:00,65.37214829326238
srv-004,2017-06-16 16:00:00,64.74495482357524
srv-004,2017-06-16 17:00:00,64.18676368461031
srv-004,2017-06-16 18:00:00,64.58938026161097
srv-004,2017-06-16 19:00:00,64.71323210624615
srv-004,2017-06-16 20:00:00,65.16867213720339
srv-004,2017-06-16 21:00:00,64.46511793106431
srv-004,2017-06-16 22:00:00,65.37076133954606
srv-004,2017-06-16 23:00:00,64.74356786985892
srv-004,2017-06-17 00:00:00,64.18537673089399
srv-004,2017-06-17 01:00:00,64.58799330789465
srv-004,2017-06-17 02:00:00,64.71184515252983
srv-004,2017-06-17 03:00:00,65.16728518348707
srv-004,2017-06-17 04:00:00,64.46373097734799
srv-004,2017-06-17 05:00:00,65.36937438582974
srv-004,2017-06-17 06:00:00,64.7421809161426
srv-004,2017-06-17 07:00:00,64.18398977717767
srv-004,2017-06-17 08:00:00,64.58660635417833
srv-004,2017-06-17 09:00:00,64.71045819881351
srv-004,2017-06-17 10:00:00,65.16589822977075
srv-004,2017-06-17 11:00:00,64.46234402363167
srv-004,2017-06-17 12:00:00,65.36798743211342
srv-004,2017-06-17 13:00:00,64.74079396242628
srv-004,2017-06-17 14:00:00,64.18260282346135
srv-004,2017-06-17 15:00:00,64.58521940046201
srv-004,2017-06-17 16:00:00,64.70907124509719
srv-004,2017-06-17 17:00:00,65.16451127605443
srv-004,2017-06-17 18:00:00,64.46095706991535
srv-004,2017-06-17 19:00:00,65.3666004783971
srv-004,2017-06-17 20:00:00,64.73940700870996
srv-004,2017-06-17 21:00:00,64.18121586974503
srv-004,2017-06-17 22:00:00,64.58383244674569
srv-004,2017-06-17 23:00:00,64.70768429138087
srv-004,2017-06-18 00:00:00,65.1631243223381
srv-004,2017-06-18 01:00:00,64.45957011619903
srv-004,2017-06-18 02:00:00,65.36521352468078
srv-004,2017-06-18 03:00:00,64.73802005499364
srv-004,2017-06-18 04:00:00,64.17982891602871
srv-004,2017-06-18 05:00:00,64.58244549302937
srv-004,2017-06-18 06:00:00,64.70629733766455
srv-004,2017-06-18 07:00:00,65.16173736862179
srv-004,2017-06-18 08:00:00,64.45818316248271
srv-004,2017-06-18 09:00:00,65.36382657096446
srv-004,2017-06-18 10:00:00,64.73663310127732
srv-004,2017-06-18 11:00:00,64.17844196231239
srv-004,2017-06-18 12:00:00,64.58105853931305
srv-004,2017-06-18 13:00:00,64.70491038394823
srv-004,2017-06-18 14:00:00,65.16035041490547
srv-004,2017-06-18 15:00:00,64.45679620876639
srv-004,2017-06-18 16:00:00,65.36243961724814
srv-004,2017-06-18 17:00:00,64.735246147561
srv-004,2017-06-18 18:00:00,64.17705500859607
srv-004,2017-06-18 19:00:00,64.57967158559673
srv-004,2017-06-18 20:00:00,64.70352343023191
srv-004,2017-06-18 21:00:00,65.15896346118915
srv-004,2017-06-18 22:00:00,64.45540925505007
srv-004,2017-06-18 23:00:00,65.36105266353182
srv-004,2017-06-19 00:00:00,64.73385919384468
srv-004,2017-06-19 01:00:00,64.17566805487975
srv-004,2017-06-19 02:00:00,64.57828463188041
srv-004,2017-06-19 03:00:00,64.70213647651559
srv-004,2017-06-19 04:00:00,65.15757650747283
srv-004,2017-06-19 05:00:00,64.45402230133375
srv-004,2017-06-19 06:00:00,65.3596657098155
srv-004,2017-06-19 07:00:00,64.73247224012836
srv-004,2017-06-19 08:00:00,64.17428110116343
srv-004,2017-06-19 09:00:00,64.57689767816409
srv-004,2017-06-19 10:00:00,64.70074952279927
srv-004,2017-06-19 11:00:00,65.1561895537565
srv-004,2017-06-19 12:00:00,64.45263534761743
srv-004,2017-06-19 13:00:00,65.35827875609918
srv-004,2017-06-19 14:00:00,64.73108528641204
srv-004,2017-06-19 15:00:00,64.17289414744711
srv-004,2017-06-19 16:00:00,64.57551072444777
srv-004,2017-06-19 17:00:00,64.69936256908295
srv-004,2017-06-19 18:00:00,65.15480260004018
srv-004,2017-06-19 19:00:00,64.45124839390111
srv-004,2017-06-19 20:00:00,65.35689180238286
srv-004,2017-06-19 21:00:00,64.72969833269572
srv-004,2017-06-19 22:00:00,64.17150719373079
srv-004,2017-06-19 23:00:00,64.57412377073145
srv-004,2017-06-20 00:00:00,64.69797561536663
srv-004,2017-06-20 01:00:00,65.15341564632386
srv-004,2017-06-20 02:00:00,64.44986144018479
srv-004,2017-06-20 03:00:00,65.35550484866654
srv-004,2017-06-20 04:00:00,64.7283113789794
srv-004,2017-06-20 05:00:00,64.17012024001447
srv-004,2017-06-20 06:00:00,64.57273681701513
srv-004,2017-06-20 07:00:00,64.69658866165031
srv-004,2017-06-20 08:00:00,65.15202869260754
srv-004,2017-06-20 09:00:00,64.44847448646847
srv-004,2017-06-20 10:00:00,65.35411789495022
srv-004,2017-06-20 11:00:00,64.72692442526308
srv-004,2017-06-20 12:00:00,64.16873328629815
srv-004,2017-06-20 13:00:00,64.5713498632988
srv-004,2017-06-20 14:00:00,64.69520170793399
srv-004,2017-06-20 15:00:00,65.15064173889122
srv-004,2017-06-20 16:00:00,64.44708753275215
srv-004,2017-06-20 17:00:00,65.3527309412339
srv-004,2017-06-20 18:00:00,64.72553747154676
srv-004,2017-06-20 19:00:00,64.16734633258183
srv-004,2017-06-20 20:00:00,64.56996290958249
srv-004,2017-06-20 21:00:00,64.69381475421767
srv-004,2017-06-20 22:00:00,65.1492547851749
srv-004,2017-06-20 23:00:00,64.44570057903583
srv-004,2017-06-21 00:00:00,65.35134398751758
srv-004,2017-06-21 01:00:00,64.72415051783044
srv-004,2017-06-21 02:00:00,64.16595937886551
srv-004,2017-06-21 03:00:00,64.56857595586617
srv-004,2017-06-21 04:00:00,64.69242780050135
srv-004,2017-06-21 05:00:00,65.14786783145858
srv-004,2017-06-21 06:00:00,64.44431362531951
srv-004,2017-06-21 07:00:00,65.34995703380126
srv-004,2017-06-21 08:00:00,64.72276356411412
srv-004,2017-06-21 09:00:00,64.16457242514919
srv-004,2017-06-21 10:00:00,64.56718900214985
srv-004,2017-06-21 11:00:00,64.69104084678503
srv-004,2017-06-21 12:00:00,65.14648087774226
srv-004,2017-06-21 13:00:00,64.44292667160319
srv-004,2017-06-21 14:00:00,65.34857008008494
srv-004,2017-06-21 15:00:00,64.7213766103978
srv-004,2017-06-21 16:00:00,64.16318547143287
srv-004,2017-06-21 17:00:00,64.56580204843353
srv-004,2017-06-21 18:00:00,64.68965389306871
srv-004,2017-06-21 19:00:00,65.14509392402594
srv-004,2017-06-21 20:00:00,64.44153971788687
srv-004,2017-06-21 21:00:00,65.34718312636862
srv-004,2017-06-21 22:00:00,64.71998965668148
srv-004,2017-06-21 23:00:00,64.16179851771655
srv-004,2017-06-22 00:00:00,64.5644150947172
srv-004,2017-06-22 01:00:00,64.68826693935239
srv-004,2017-06-22 02:00:00,65.14370697030962
srv-004,2017-06-22 03:00:00,64.44015276417055
srv-004,2017-06-22 04:00:00,65.3457961726523
srv-004,2017-06-22 05:00:00,64.71860270296516
srv-004,2017-06-22 06:00:00,64.16041156400023
srv-004,2017-06-22 07:00:00,64.56302814100088
srv-004,2017-06-22 08:00:00,64.68687998563607
srv-004,2017-06-22 09:00:00,65.1423200165933
srv-004,2017-06-22 10:00:00,64.43876581045423
srv-004,2017-06-22 11:00:00,65.34440921893598
srv-004,2017-06-22 12:00:00,64.71721574924884
srv-004,2017-06-22 13:00:00,64.15902461028391
srv-004,2017-06-22 14:00:00,64.56164118728456
srv-004,2017-06-22 15:00:00,64.68549303191975
srv-004,2017-06-22 16:00:00,65.14093306287698
srv-004,2017-06-22 17:00:00,64.43737885673791
srv-004,2017-06-22 18:00:00,65.34302226521966
srv-004,2017-06-22 19:00:00,64.71582879553252
srv-004,2017-06-22 20:00:00,64.15763765656759
srv-004,2017-06-22 21:00:00,64.56025423356824
srv-004,2017-06-22 22:00:00,64.68410607820343
srv-004,2017-06-22 23:00:00,65.13954610916066
srv-004,2017-06-23 00:00:00,64.43599190302159
srv-004,2017-06-23 01:00:00,65.34163531150334
srv-004,2017-06-23 02:00:00,64.7144418418162
srv-004,2017-06-23 03:00:00,64.15625070285127
srv-004,2017-06-23 04:00:00,64.55886727985192
srv-004,2017-06-23 05:00:00,64.68271912448711
srv-004,2017-06-23 06:00:00,65.13815915544434
srv-004,2017-06-23 07:00:00,64.43460494930527
srv-004,2017-06-23 08:00:00,65.34024835778702
srv-004,2017-06-23 09:00:00,64.71305488809988
srv-004,2017-06-23 10:00:00,64.15486374913495
srv-004,2017-06-23 11:00:00,64.5574803261356
srv-004,2017-06-23 12:00:00,64.68133217077079
srv-004,2017-06-23 13:00:00,65.13677220172802
srv-004,2017-06-23 14:00:00,64.43321799558895
srv-004,2017-06-23 15:00:00,65.3388614040707
srv-004,2017-06-23 16:00:00,64.71166793438356
srv-004,2017-06-23 17:00:00,64.15347679541863
srv-004,2017-06-23 18:00:00,64.55609337241928
srv-004,2017-06-23 19:00:00,64.67994521705447
srv-004,2017-06-23 20:00:00,65.1353852480117
srv-004,2017-06-23 21:00:00,64.43183104187263
srv-004,2017-06-23 22:00:00,65.33747445035438
srv-004,2017-06-23 23:00:00,64.71028098066724
srv-004,2017-06-24 00:00:00,64.1520898417023
srv-004,2017-06-24 01:00:00,64.55470641870296
srv-004,2017-06-24 02:00:00,64.67855826333815
srv-004,2017-06-24 03:00:00,65.13399829429538
srv-004,2017-06-24 04:00:00,64.4304440881563
srv-004,2017-06-24 05:00:00,65.33608749663806
srv-004,2017-06-24 06:00:00,64.70889402695092
srv-004,2017-06-24 07:00:00,64.15070288798599
srv-004,2017-06-24 08:00:00,64.55331946498664
srv-004,2017-06-24 09:00:00,64.67717130962183
srv-004,2017-06-24 10:00:00,65.13261134057906
srv-004,2017-06-24 11:00:00,64.42905713443999
srv-004,2017-06-24 12:00:00,65.33470054292174
srv-004,2017-06-24 13:00:00,64.7075070732346
srv-004,2017-06-24 14:00:00,64.14931593426967
srv-004,2017-06-24 15:00:00,64.55193251127032
srv-004,2017-06-24 16:00:00,64.6757843559055
srv-004,2017-06-24 17:00:00,65.13122438686274
srv-004,2017-06-24 18:00:00,64.42767018072367
srv-004,2017-06-24 19:00:00,65.33331358920542
srv-004,2017-06-24 20:00:00,64.70612011951827
srv-004,2017-06-24 21:00:00,64.14792898055335
srv-004,2017-06-24 22:00:00,64.550545557554
srv-004,2017-06-24 23:00:00,64.67439740218919
srv-004,2017-06-25 00:00:00,65.12983743314642
srv-004,2017-06-25 01:00:00,64.42628322700735
srv-004,2017-06-25 02:00:00,65.3319266354891
srv-004,2017-06-25 03:00:00,64.70473316580195
srv-004,2017-06-25 04:00:00,64.14654202683703
srv-004,2017-06-25 05:00:00,64.54915860383768
srv-004,2017-06-25 06:00:00,64.67301044847287
srv-004,2017-06-25 07:00:00,65.1284504794301
srv-004,2017-06-25 08:00:00,64.42489627329103
srv-004,2017-06-25 09:00:00,65.33053968177278
srv-004,2017-06-25 10:00:00,64.70334621208563
srv-004,2017-06-25 11:00:00,64.1451550731207
srv-004,2017-06-25 12:00:00,64.54777165012136
srv-004,2017-06-25 13:00:00,64.67162349475655
srv-004,2017-06-25 14:00:00,65.12706352571378
srv-004,2017-06-25 15:00:00,64.4235093195747
srv-004,2017-06-25 16:00:00,65.32915272805646
srv-004,2017-06-25 17:00:00,64.70195925836931
srv-004,2017-06-25 18:00:00,64.14376811940438
srv-004,2017-06-25 19:00:00,64.54638469640504
srv-004,2017-06-25 20:00:00,64.67023654104023
srv-004,2017-06-25 21:00:00,65.12567657199746
srv-004,2017-06-25 22:00:00,64.42212236585839
srv-004,2017-06-25 23:00:00,65.32776577434014
srv-004,2017-06-26 00:00:00,64.700572304653
srv-004,2017-06-26 01:00:00,64.14238116568806
srv-004,2017-06-26 02:00:00,64.54499774268872
srv-004,2017-06-26 03:00:00,64.6688495873239
srv-004,2017-06-26 04:00:00,65.12428961828114
srv-004,2017-06-26 05:00:00,64.42073541214207
srv-004,2017-06-26 06:00:00,65.32637882062382
srv-004,2017-06-26 07:00:00,64.69918535093667
srv-004,2017-06-26 08:00:00,64.14099421197174
srv-004,2017-06-26 09:00:00,64.5436107889724
srv-004,2017-06-26 10:00:00,64.66746263360758
srv-004,2017-06-26 11:00:00,65.12290266456482
srv-004,2017-06-26 12:00:00,64.41934845842574
srv-004,2017-06-26 13:00:00,65.3249918669075
srv-004,2017-06-26 14:00:00,64.69779839722035
srv-004,2017-06-26 15:00:00,64.13960725825542
srv-004,2017-06-26 16:00:00,64.54222383525608
srv-004,2017-06-26 17:00:00,64.66607567989126
srv-004,2017-06-26 18:00:00,65.1215157108485
srv-004,2017-06-26 19:00:00,64.41796150470942
srv-004,2017-06-26 20:00:00,65.32360491319118
srv-004,2017-06-26 21:00:00,64.69641144350403
srv-004,2017-06-26 22:00:00,64.1382203045391
srv-004,2017-06-26 23:00:00,64.54083688153976
srv-004,2017-06-27 00:00:00,64.66468872617494
srv-004,2017-06-27 01:00:00,65.12012875713218
srv-004,2017-06-27 02:00:00,64.4165745509931
srv-004,2017-06-27 03:00:00,65.32221795947486
srv-004,2017-06-27 04:00:00,64.69502448978771
srv-004,2017-06-27 05:00:00,64.13683335082278
srv-004,2017-06-27 06:00:00,64.53944992782344
srv-004,2017-06-27 07:00:00,64.66330177245862
srv-004,2017-06-27 08:00:00,65.11874180341586
srv-004,2017-06-27 09:00:00,64.41518759727678
srv-004,2017-06-27 10:00:00,65.32083100575854
srv-004,2017-06-27 11:00:00,64.69363753607139
srv-004,2017-06-27 12:00:00,64.13544639710646
srv-004,2017-06-27 13:00:00,64.53806297410712
srv-004,2017-06-27 14:00:00,64.6619148187423
srv-004,2017-06-27 15:00:00,65.11735484969954
srv-004,2017-06-27 16:00:00,64.41380064356046
srv-004,2017-06-27 17:00:00,65.31944405204221
srv-004,2017-06-27 18:00:00,64.69225058235507
srv-004,2017-06-27 19:00:00,64.13405944339014
srv-004,2017-06-27 20:00:00,64.5366760203908
srv-004,2017-06-27 21:00:00,64.66052786502598
srv-004,2017-06-27 22:00:00,65.11596789598322
srv-004,2017-06-27 23:00:00,64.41241368984414
srv-004,2017-06-28 00:00:00,65.3180570983259
srv-004,2017-06-28 01:00:00,64.69086362863875
srv-004,2017-06-28 02:00:00,64.13267248967382
srv-004,2017-06-28 03:00:00,64.53528906667448
srv-004,2017-06-28 04:00:00,64.65914091130966
srv-004,2017-06-28 05:00:00,65.1145809422669
srv-004,2017-06-28 06:00:00,64.41102673612782
srv-004,2017-06-28 07:00:00,65.31667014460957
srv-004,2017-06-28 08:00:00,64.68947667492243
srv-004,2017-06-28 09:00:00,64.1312855359575
srv-004,2017-06-28 10:00:00,64.53390211295816
srv-004,2017-06-28 11:00:00,64.65775395759334
srv-004,2017-06-28 12:00:00,65.11319398855058
srv-004,2017-06-28 13:00:00,64.4096397824115
srv-004,2017-06-28 14:00:00,65.31528319089325
srv-004,2017-06-28 15:00:00,64.68808972120611
srv-004,2017-06-28 16:00:00,64.12989858224118
srv-004,2017-06-28 17:00:00,64.53251515924184
srv-004,2017-06-28 18:00:00,64.65636700387702
srv-004,2017-06-28 19:00:00,65.11180703483426
srv-004,2017-06-28 20:00:00,64.40825282869518
srv-004,2017-06-28 21:00:00,65.31389623717693
srv-004,2017-06-28 22:00:00,64.68670276748979
srv-004,2017-06-28 23:00:00,64.12851162852486
srv-004,2017-06-29 00:00:00,64.53112820552552
srv-004,2017-06-29 01:00:00,64.6549800501607
srv-004,2017-06-29 02:00:00,65.11042008111794
srv-004,2017-06-29 03:00:00,64.40686587497886
srv-004,2017-06-29 04:00:00,65.31250928346061
srv-004,2017-06-29 05:00:00,64.68531581377347
srv-004,2017-06-29 06:00:00,64.12712467480854
srv-004,2017-06-29 07:00:00,64.5297412518092
srv-004,2017-06-29 08:00:00,64.65359309644438
srv-004,2017-06-29 09:00:00,65.10903312740162
srv-004,2017-06-29 10:00:00,64.40547892126254
srv-004,2017-06-29 11:00:00,65.3111223297443
srv-004,2017-06-29 12:00:00,64.68392886005715
srv-004,2017-06-29 13:00:00,64.12573772109222
srv-004,2017-06-29 14:00:00,64.52835429809288
srv-004,2017-06-29 15:00:00,64.65220614272806
srv-004,2017-06-29 16:00:00,65.1076461736853
srv-004,2017-06-29 17:00:00,64.40409196754622
srv-004,2017-06-29 18:00:00,65.30973537602797
srv-004,2017-06-29 19:00:00,64.68254190634083
srv-004,2017-06-29 20:00:00,64.1243507673759
srv-004,2017-06-29 21:00:00,64.52696734437656
srv-004,2017-06-29 22:00:00,64.65081918901174
srv-004,2017-06-29 23:00:00,65.10625921996898
srv-004,2017-06-30 00:00:00,64.4027050138299
srv-004,2017-06-30 01:00:00,65.30834842231165
srv-004,2017-06-30 02:00:00,64.68115495262451
srv-004,2017-06-30 03:00:00,64.12296381365958
srv-004,2017-06-30 04:00:00,64.52558039066024
srv-004,2017-06-30 05:00:00,64.64943223529542
srv-004,2017-06-30 06:00:00,65.10487226625266
srv-004,2017-06-30 07:00:00,64.40131806011358
srv-004,2017-06-30 08:00:00,65.30696146859533
srv-004,2017-06-30 09:00:00,64.67976799890819
srv-004,2017-06-30 10:00:00,64.12157685994326
srv-004,2017-06-30 11:00:00,64.52419343694392
srv-004,2017-06-30 12:00:00,64.6480452815791
srv-004,2017-06-30 13:00:00,65.10348531253634
srv-004,2017-06-30 14:00:00,64.39993110639726
srv-004,2017-06-30 15:00:00,65.30557451487901
srv-004,2017-06-30 16:00:00,64.67838104519187
srv-004,2017-06-30 17:00:00,64.12018990622694
srv-004,2017-06-30 18:00:00,64.5228064832276
srv-004,2017-06-30 19:00:00,64.64665832786278
srv-004,2017-06-30 20:00:00,65.10209835882002
srv-004,2017-06-30 21:00:00,64.39854415268094
srv-004,2017-06-30 22:00:00,65.30418756116269
srv-004,2017-06-30 23:00:00,64.67699409147555
srv-005,2017-06-01 23:00:00,43.84956676566807
srv-005,2017-06-02 00:00:00,43.60695979050355
srv-005,2017-06-02 01:00:00,43.554554512254825
srv-005,2017-06-02 02:00:00,43.435403153762856
srv-005,2017-06-02 03:00:00,43.48524491300138
srv-005,2017-06-02 04:00:00,43.47945680960955
srv-005,2017-06-02 05:00:00,43.49123534872081
srv-005,2017-06-02 06:00:00,43.4513898156992
srv-005,2017-06-02 07:00:00,43.39672699730325
srv-005,2017-06-02 08:00:00,43.447959156978584
srv-005,2017-06-02 09:00:00,43.38600465305245
srv-005,2017-06-02 10:00:00,43.46739896723913
srv-005,2017-06-02 11:00:00,43.479020616086245
srv-005,2017-06-02 12:00:00,43.50042610182953
srv-005,2017-06-02 13:00:00,43.46586883056035
srv-005,2017-06-02 14:00:00,43.41412338528966
srv-005,2017-06-02 15:00:00,43.46696497284343
srv-005,2017-06-02 16:00:00,43.4058983411298
srv-005,2017-06-02 17:00:00,43.48778246765666
srv-005,2017-06-02 18:00:00,43.499674331112686
srv-005,2017-06-02 19:00:00,43.52122888553417
srv-005,2017-06-02 20:00:00,43.48675385152808
srv-005,2017-06-02 21:00:00,43.43505377407407
srv-005,2017-06-02 22:00:00,43.48792038968336
srv-005,2017-06-02 23:00:00,43.42686756519279
srv-005,2017-06-03 00:00:00,43.50875930874799
srv-005,2017-06-03 01:00:00,43.52065537428873
srv-005,2017-06-03 02:00:00,43.542212246873575
srv-005,2017-06-03 03:00:00,43.50773849172824
srv-005,2017-06-03 04:00:00,43.45603911978313
srv-005,2017-06-03 05:00:00,43.50890612460038
srv-005,2017-06-03 06:00:00,43.4478535148241
srv-005,2017-06-03 07:00:00,43.529745376830704
srv-005,2017-06-03 08:00:00,43.54164150771751
srv-005,2017-06-03 09:00:00,43.5631984163518
srv-005,2017-06-03 10:00:00,43.52872468109387
srv-005,2017-06-03 11:00:00,43.47702532012003
srv-005,2017-06-03 12:00:00,43.5298923309898
srv-005,2017-06-03 13:00:00,43.46883972455252
srv-005,2017-06-03 14:00:00,43.55073158840115
srv-005,2017-06-03 15:00:00,43.562627720304135
srv-005,2017-06-03 16:00:00,43.58418462949903
srv-005,2017-06-03 17:00:00,43.54971089455036
srv-005,2017-06-03 18:00:00,43.49801153374713
srv-005,2017-06-03 19:00:00,43.550878544711026
srv-005,2017-06-03 20:00:00,43.489825938325666
srv-005,2017-06-03 21:00:00,43.57171780220293
srv-005,2017-06-03 22:00:00,43.58361393412172
srv-005,2017-06-03 23:00:00,43.60517084332533
srv-005,2017-06-04 00:00:00,43.570697108381474
srv-005,2017-06-04 01:00:00,43.5189977475809
srv-005,2017-06-04 02:00:00,43.57186475854626
srv-005,2017-06-04 03:00:00,43.51081215216171
srv-005,2017-06-04 04:00:00,43.592704016039434
srv-005,2017-06-04 05:00:00,43.60460014795847
srv-005,2017-06-04 06:00:00,43.62615705716222
srv-005,2017-06-04 07:00:00,43.59168332221844
srv-005,2017-06-04 08:00:00,43.5399839614179
srv-005,2017-06-04 09:00:00,43.59285097238329
srv-005,2017-06-04 10:00:00,43.531798365998746
srv-005,2017-06-04 11:00:00,43.61369022987647
srv-005,2017-06-04 12:00:00,43.625586361795506
srv-005,2017-06-04 13:00:00,43.64714327099925
srv-005,2017-06-04 14:00:00,43.61266953605546
srv-005,2017-06-04 15:00:00,43.56097017525493
srv-005,2017-06-04 16:00:00,43.613837186220316
srv-005,2017-06-04 17:00:00,43.55278457983577
srv-005,2017-06-04 18:00:00,43.634676443713495
srv-005,2017-06-04 19:00:00,43.64657257563253
srv-005,2017-06-04 20:00:00,43.668129484836285
srv-005,2017-06-04 21:00:00,43.633655749892505
srv-005,2017-06-04 22:00:00,43.58195638909197
srv-005,2017-06-04 23:00:00,43.63482340005736
srv-005,2017-06-05 00:00:00,43.573770793672814
srv-005,2017-06-05 01:00:00,43.655662657550536
srv-005,2017-06-05 02:00:00,43.667558789469574
srv-005,2017-06-05 03:00:00,43.68911569867333
srv-005,2017-06-05 04:00:00,43.654641963729546
srv-005,2017-06-05 05:00:00,43.60294260292901
srv-005,2017-06-05 06:00:00,43.6558096138944
srv-005,2017-06-05 07:00:00,43.594757007509855
srv-005,2017-06-05 08:00:00,43.67664887138758
srv-005,2017-06-05 09:00:00,43.688545003306615
srv-005,2017-06-05 10:00:00,43.71010191251037
srv-005,2017-06-05 11:00:00,43.67562817756659
srv-005,2017-06-05 12:00:00,43.62392881676605
srv-005,2017-06-05 13:00:00,43.67679582773144
srv-005,2017-06-05 14:00:00,43.6157432213469
srv-005,2017-06-05 15:00:00,43.69763508522462
srv-005,2017-06-05 16:00:00,43.709531217143656
srv-005,2017-06-05 17:00:00,43.73108812634741
srv-005,2017-06-05 18:00:00,43.69661439140363
srv-005,2017-06-05 19:00:00,43.644915030603094
srv-005,2017-06-05 20:00:00,43.69778204156848
srv-005,2017-06-05 21:00:00,43.63672943518394
srv-005,2017-06-05 22:00:00,43.71862129906166
srv-005,2017-06-05 23:00:00,43.7305174309807
srv-005,2017-06-06 00:00:00,43.75207434018445
srv-005,2017-06-06 01:00:00,43.71760060524067
srv-005,2017-06-06 02:00:00,43.665901244440136
srv-005,2017-06-06 03:00:00,43.71876825540552
srv-005,2017-06-06 04:00:00,43.65771564902098
srv-005,2017-06-06 05:00:00,43.7396075128987
srv-005,2017-06-06 06:00:00,43.75150364481774
srv-005,2017-06-06 07:00:00,43.77306055402149
srv-005,2017-06-06 08:00:00,43.73858681907771
srv-005,2017-06-06 09:00:00,43.68688745827718
srv-005,2017-06-06 10:00:00,43.73975446924256
srv-005,2017-06-06 11:00:00,43.67870186285802
srv-005,2017-06-06 12:00:00,43.76059372673574
srv-005,2017-06-06 13:00:00,43.77248985865478
srv-005,2017-06-06 14:00:00,43.79404676785853
srv-005,2017-06-06 15:00:00,43.75957303291475
srv-005,2017-06-06 16:00:00,43.70787367211422
srv-005,2017-06-06 17:00:00,43.760740683079604
srv-005,2017-06-06 18:00:00,43.69968807669506
srv-005,2017-06-06 19:00:00,43.78157994057278
srv-005,2017-06-06 20:00:00,43.79347607249182
srv-005,2017-06-06 21:00:00,43.81503298169557
srv-005,2017-06-06 22:00:00,43.78055924675179
srv-005,2017-06-06 23:00:00,43.72885988595126
srv-005,2017-06-07 00:00:00,43.781726896916645
srv-005,2017-06-07 01:00:00,43.7206742905321
srv-005,2017-06-07 02:00:00,43.802566154409824
srv-005,2017-06-07 03:00:00,43.81446228632886
srv-005,2017-06-07 04:00:00,43.836019195532614
srv-005,2017-06-07 05:00:00,43.801545460588834
srv-005,2017-06-07 06:00:00,43.7498460997883
srv-005,2017-06-07 07:00:00,43.802713110753686
srv-005,2017-06-07 08:00:00,43.74166050436914
srv-005,2017-06-07 09:00:00,43.823552368246865
srv-005,2017-06-07 10:00:00,43.8354485001659
srv-005,2017-06-07 11:00:00,43.857005409369656
srv-005,2017-06-07 12:00:00,43.822531674425875
srv-005,2017-06-07 13:00:00,43.77083231362534
srv-005,2017-06-07 14:00:00,43.82369932459073
srv-005,2017-06-07 15:00:00,43.762646718206184
srv-005,2017-06-07 16:00:00,43.844538582083906
srv-005,2017-06-07 17:00:00,43.856434714002944
srv-005,2017-06-07 18:00:00,43.8779916232067
srv-005,2017-06-07 19:00:00,43.843517888262916
srv-005,2017-06-07 20:00:00,43.79181852746238
srv-005,2017-06-07 21:00:00,43.84468553842777
srv-005,2017-06-07 22:00:00,43.783632932043226
srv-005,2017-06-07 23:00:00,43.86552479592095
srv-005,2017-06-08 00:00:00,43.877420927839985
srv-005,2017-06-08 01:00:00,43.89897783704374
srv-005,2017-06-08 02:00:00,43.86450410209996
srv-005,2017-06-08 03:00:00,43.81280474129942
srv-005,2017-06-08 04:00:00,43.86567175226481
srv-005,2017-06-08 05:00:00,43.80461914588027
srv-005,2017-06-08 06:00:00,43.88651100975799
srv-005,2017-06-08 07:00:00,43.898407141677026
srv-005,2017-06-08 08:00:00,43.91996405088078
srv-005,2017-06-08 09:00:00,43.885490315937
srv-005,2017-06-08 10:00:00,43.833790955136465
srv-005,2017-06-08 11:00:00,43.88665796610185
srv-005,2017-06-08 12:00:00,43.82560535971731
srv-005,2017-06-08 13:00:00,43.90749722359503
srv-005,2017-06-08 14:00:00,43.91939335551407
srv-005,2017-06-08 15:00:00,43.94095026471782
srv-005,2017-06-08 16:00:00,43.90647652977404
srv-005,2017-06-08 17:00:00,43.854777168973506
srv-005,2017-06-08 18:00:00,43.90764417993889
srv-005,2017-06-08 19:00:00,43.84659157355435
srv-005,2017-06-08 20:00:00,43.92848343743207
srv-005,2017-06-08 21:00:00,43.94037956935111
srv-005,2017-06-08 22:00:00,43.96193647855486
srv-005,2017-06-08 23:00:00,43.92746274361108
srv-005,2017-06-09 00:00:00,43.87576338281055
srv-005,2017-06-09 01:00:00,43.92863039377593
srv-005,2017-06-09 02:00:00,43.86757778739139
srv-005,2017-06-09 03:00:00,43.94946965126911
srv-005,2017-06-09 04:00:00,43.96136578318815
srv-005,2017-06-09 05:00:00,43.9829226923919
srv-005,2017-06-09 06:00:00,43.94844895744812
srv-005,2017-06-09 07:00:00,43.89674959664759
srv-005,2017-06-09 08:00:00,43.949616607612974
srv-005,2017-06-09 09:00:00,43.88856400122843
srv-005,2017-06-09 10:00:00,43.97045586510615
srv-005,2017-06-09 11:00:00,43.98235199702519
srv-005,2017-06-09 12:00:00,44.00390890622894
srv-005,2017-06-09 13:00:00,43.96943517128516
srv-005,2017-06-09 14:00:00,43.91773581048463
srv-005,2017-06-09 15:00:00,43.970602821450015
srv-005,2017-06-09 16:00:00,43.90955021506547
srv-005,2017-06-09 17:00:00,43.991442078943194
srv-005,2017-06-09 18:00:00,44.00333821086223
srv-005,2017-06-09 19:00:00,44.024895120065985
srv-005,2017-06-09 20:00:00,43.990421385122204
srv-005,2017-06-09 21:00:00,43.93872202432167
srv-005,2017-06-09 22:00:00,43.991589035287056
srv-005,2017-06-09 23:00:00,43.93053642890251
srv-005,2017-06-10 00:00:00,44.012428292780235
srv-005,2017-06-10 01:00:00,44.02432442469927
srv-005,2017-06-10 02:00:00,44.045881333903026
srv-005,2017-06-10 03:00:00,44.011407598959245
srv-005,2017-06-10 04:00:00,43.95970823815871
srv-005,2017-06-10 05:00:00,44.0125752491241
srv-005,2017-06-10 06:00:00,43.951522642739555
srv-005,2017-06-10 07:00:00,44.03341450661728
srv-005,2017-06-10 08:00:00,44.045310638536314
srv-005,2017-06-10 09:00:00,44.06686754774007
srv-005,2017-06-10 10:00:00,44.032393812796286
srv-005,2017-06-10 11:00:00,43.98069445199575
srv-005,2017-06-10 12:00:00,44.03356146296114
srv-005,2017-06-10 13:00:00,43.972508856576596
srv-005,2017-06-10 14:00:00,44.05440072045432
srv-005,2017-06-10 15:00:00,44.066296852373355
srv-005,2017-06-10 16:00:00,44.08785376157711
srv-005,2017-06-10 17:00:00,44.05338002663333
srv-005,2017-06-10 18:00:00,44.001680665832794
srv-005,2017-06-10 19:00:00,44.05454767679818
srv-005,2017-06-10 20:00:00,43.99349507041364
srv-005,2017-06-10 21:00:00,44.07538693429136
srv-005,2017-06-10 22:00:00,44.0872830662104
srv-005,2017-06-10 23:00:00,44.10883997541415
srv-005,2017-06-11 00:00:00,44.07436624047037
srv-005,2017-06-11 01:00:00,44.022666879669835
srv-005,2017-06-11 02:00:00,44.07553389063522
srv-005,2017-06-11 03:00:00,44.01448128425068
srv-005,2017-06-11 04:00:00,44.0963731481284
srv-005,2017-06-11 05:00:00,44.10826928004744
srv-005,2017-06-11 06:00:00,44.12982618925119
srv-005,2017-06-11 07:00:00,44.09535245430741
srv-005,2017-06-11 08:00:00,44.043653093506876
srv-005,2017-06-11 09:00:00,44.09652010447226
srv-005,2017-06-11 10:00:00,44.03546749808772
srv-005,2017-06-11 11:00:00,44.11735936196544
srv-005,2017-06-11 12:00:00,44.12925549388448
srv-005,2017-06-11 13:00:00,44.15081240308823
srv-005,2017-06-11 14:00:00,44.11633866814445
srv-005,2017-06-11 15:00:00,44.06463930734392
srv-005,2017-06-11 16:00:00,44.1175063183093
srv-005,2017-06-11 17:00:00,44.05645371192476
srv-005,2017-06-11 18:00:00,44.13834557580248
srv-005,2017-06-11 19:00:00,44.15024170772152
srv-005,2017-06-11 20:00:00,44.17179861692527
srv-005,2017-06-11 21:00:00,44.13732488198149
srv-005,2017-06-11 22:00:00,44.08562552118096
srv-005,2017-06-11 23:00:00,44.138492532146344
srv-005,2017-06-12 00:00:00,44.0774399257618
srv-005,2017-06-12 01:00:00,44.15933178963952
srv-005,2017-06-12 02:00:00,44.17122792155856
srv-005,2017-06-12 03:00:00,44.192784830762314
srv-005,2017-06-12 04:00:00,44.15831109581853
srv-005,2017-06-12 05:00:00,44.106611735018
srv-005,2017-06-12 06:00:00,44.159478745983385
srv-005,2017-06-12 07:00:00,44.09842613959884
srv-005,2017-06-12 08:00:00,44.180318003476565
srv-005,2017-06-12 09:00:00,44.1922141353956
srv-005,2017-06-12 10:00:00,44.213771044599355
srv-005,2017-06-12 11:00:00,44.179297309655574
srv-005,2017-06-12 12:00:00,44.12759794885504
srv-005,2017-06-12 13:00:00,44.180464959820426
srv-005,2017-06-12 14:00:00,44.119412353435884
srv-005,2017-06-12 15:00:00,44.201304217313606
srv-005,2017-06-12 16:00:00,44.21320034923264
srv-005,2017-06-12 17:00:00,44.234757258436396
srv-005,2017-06-12 18:00:00,44.200283523492615
srv-005,2017-06-12 19:00:00,44.14858416269208
srv-005,2017-06-12 20:00:00,44.20145117365747
srv-005,2017-06-12 21:00:00,44.140398567272925
srv-005,2017-06-12 22:00:00,44.22229043115065
srv-005,2017-06-12 23:00:00,44.234186563069684
srv-005,2017-06-13 00:00:00,44.25574347227344
srv-005,2017-06-13 01:00:00,44.221269737329656
srv-005,2017-06-13 02:00:00,44.16957037652912
srv-005,2017-06-13 03:00:00,44.22243738749451
srv-005,2017-06-13 04:00:00,44.161384781109966
srv-005,2017-06-13 05:00:00,44.24327664498769
srv-005,2017-06-13 06:00:00,44.255172776906726
srv-005,2017-06-13 07:00:00,44.27672968611048
srv-005,2017-06-13 08:00:00,44.2422559511667
srv-005,2017-06-13 09:00:00,44.190556590366164
srv-005,2017-06-13 10:00:00,44.24342360133155
srv-005,2017-06-13 11:00:00,44.18237099494701
srv-005,2017-06-13 12:00:00,44.26426285882473
srv-005,2017-06-13 13:00:00,44.27615899074377
srv-005,2017-06-13 14:00:00,44.29771589994752
srv-005,2017-06-13 15:00:00,44.26324216500374
srv-005,2017-06-13 16:00:00,44.211542804203205
srv-005,2017-06-13 17:00:00,44.26440981516859
srv-005,2017-06-13 18:00:00,44.20335720878405
srv-005,2017-06-13 19:00:00,44.28524907266177
srv-005,2017-06-13 20:00:00,44.29714520458081
srv-005,2017-06-13 21:00:00,44.31870211378456
srv-005,2017-06-13 22:00:00,44.28422837884078
srv-005,2017-06-13 23:00:00,44.232529018040246
srv-005,2017-06-14 00:00:00,44.28539602900563
srv-005,2017-06-14 01:00:00,44.22434342262109
srv-005,2017-06-14 02:00:00,44.30623528649881
srv-005,2017-06-14 03:00:00,44.31813141841785
srv-005,2017-06-14 04:00:00,44.3396883276216
srv-005,2017-06-14 05:00:00,44.30521459267782
srv-005,2017-06-14 06:00:00,44.25351523187729
srv-005,2017-06-14 07:00:00,44.30638224284267
srv-005,2017-06-14 08:00:00,44.24532963645813
srv-005,2017-06-14 09:00:00,44.32722150033585
srv-005,2017-06-14 10:00:00,44.33911763225489
srv-005,2017-06-14 11:00:00,44.36067454145864
srv-005,2017-06-14 12:00:00,44.32620080651486
srv-005,2017-06-14 13:00:00,44.27450144571433
srv-005,2017-06-14 14:00:00,44.327368456679714
srv-005,2017-06-14 15:00:00,44.26631585029517
srv-005,2017-06-14 16:00:00,44.348207714172894
srv-005,2017-06-14 17:00:00,44.36010384609193
srv-005,2017-06-14 18:00:00,44.381660755295684
srv-005,2017-06-14 19:00:00,44.3471870203519
srv-005,2017-06-14 20:00:00,44.29548765955137
srv-005,2017-06-14 21:00:00,44.348354670516756
srv-005,2017-06-14 22:00:00,44.28730206413221
srv-005,2017-06-14 23:00:00,44.369193928009935
srv-005,2017-06-15 00:00:00,44.38109005992897
srv-005,2017-06-15 01:00:00,44.402646969132725
srv-005,2017-06-15 02:00:00,44.368173234188944
srv-005,2017-06-15 03:00:00,44.31647387338841
srv-005,2017-06-15 04:00:00,44.3693408843538
srv-005,2017-06-15 05:00:00,44.308288277969254
srv-005,2017-06-15 06:00:00,44.390180141846976
srv-005,2017-06-15 07:00:00,44.40207627376601
srv-005,2017-06-15 08:00:00,44.423633182969766
srv-005,2017-06-15 09:00:00,44.389159448025985
srv-005,2017-06-15 10:00:00,44.33746008722545
srv-005,2017-06-15 11:00:00,44.39032709819084
srv-005,2017-06-15 12:00:00,44.329274491806295
srv-005,2017-06-15 13:00:00,44.41116635568402
srv-005,2017-06-15 14:00:00,44.423062487603055
srv-005,2017-06-15 15:00:00,44.44461939680681
srv-005,2017-06-15 16:00:00,44.41014566186303
srv-005,2017-06-15 17:00:00,44.35844630106249
srv-005,2017-06-15 18:00:00,44.41131331202788
srv-005,2017-06-15 19:00:00,44.350260705643336
srv-005,2017-06-15 20:00:00,44.43215256952106
srv-005,2017-06-15 21:00:00,44.444048701440096
srv-005,2017-06-15 22:00:00,44.46560561064385
srv-005,2017-06-15 23:00:00,44.43113187570007
srv-005,2017-06-16 00:00:00,44.379432514899534
srv-005,2017-06-16 01:00:00,44.43229952586492
srv-005,2017-06-16 02:00:00,44.37124691948038
srv-005,2017-06-16 03:00:00,44.4531387833581
srv-005,2017-06-16 04:00:00,44.46503491527714
srv-005,2017-06-16 05:00:00,44.48659182448089
srv-005,2017-06-16 06:00:00,44.45211808953711
srv-005,2017-06-16 07:00:00,44.400418728736575
srv-005,2017-06-16 08:00:00,44.45328573970196
srv-005,2017-06-16 09:00:00,44.39223313331742
srv-005,2017-06-16 10:00:00,44.47412499719514
srv-005,2017-06-16 11:00:00,44.48602112911418
srv-005,2017-06-16 12:00:00,44.50757803831793
srv-005,2017-06-16 13:00:00,44.47310430337415
srv-005,2017-06-16 14:00:00,44.421404942573616
srv-005,2017-06-16 15:00:00,44.474271953539
srv-005,2017-06-16 16:00:00,44.41321934715446
srv-005,2017-06-16 17:00:00,44.49511121103218
srv-005,2017-06-16 18:00:00,44.50700734295122
srv-005,2017-06-16 19:00:00,44.52856425215497
srv-005,2017-06-16 20:00:00,44.49409051721119
srv-005,2017-06-16 21:00:00,44.44239115641066
srv-005,2017-06-16 22:00:00,44.49525816737604
srv-005,2017-06-16 23:00:00,44.4342055609915
srv-005,2017-06-17 00:00:00,44.51609742486922
srv-005,2017-06-17 01:00:00,44.52799355678826
srv-005,2017-06-17 02:00:00,44.54955046599201
srv-005,2017-06-17 03:00:00,44.51507673104823
srv-005,2017-06-17 04:00:00,44.4633773702477
srv-005,2017-06-17 05:00:00,44.516244381213085
srv-005,2017-06-17 06:00:00,44.45519177482854
srv-005,2017-06-17 07:00:00,44.537083638706264
srv-005,2017-06-17 08:00:00,44.5489797706253
srv-005,2017-06-17 09:00:00,44.570536679829054
srv-005,2017-06-17 10:00:00,44.53606294488527
srv-005,2017-06-17 11:00:00,44.48436358408474
srv-005,2017-06-17 12:00:00,44.537230595050126
srv-005,2017-06-17 13:00:00,44.47617798866558
srv-005,2017-06-17 14:00:00,44.558069852543305
srv-005,2017-06-17 15:00:00,44.56996598446234
srv-005,2017-06-17 16:00:00,44.591522893666095
srv-005,2017-06-17 17:00:00,44.557049158722315
srv-005,2017-06-17 18:00:00,44.50534979792178
srv-005,2017-06-17 19:00:00,44.55821680888717
srv-005,2017-06-17 20:00:00,44.497164202502624
srv-005,2017-06-17 21:00:00,44.579056066380346
srv-005,2017-06-17 22:00:00,44.590952198299384
srv-005,2017-06-17 23:00:00,44.612509107503136
srv-005,2017-06-18 00:00:00,44.578035372559356
srv-005,2017-06-18 01:00:00,44.52633601175882
srv-005,2017-06-18 02:00:00,44.57920302272421
srv-005,2017-06-18 03:00:00,44.518150416339665
srv-005,2017-06-18 04:00:00,44.60004228021739
srv-005,2017-06-18 05:00:00,44.611938412136425
srv-005,2017-06-18 06:00:00,44.63349532134018
srv-005,2017-06-18 07:00:00,44.5990215863964
srv-005,2017-06-18 08:00:00,44.54732222559586
srv-005,2017-06-18 09:00:00,44.60018923656125
srv-005,2017-06-18 10:00:00,44.539136630176706
srv-005,2017-06-18 11:00:00,44.62102849405443
srv-005,2017-06-18 12:00:00,44.632924625973466
srv-005,2017-06-18 13:00:00,44.65448153517722
srv-005,2017-06-18 14:00:00,44.62000780023344
srv-005,2017-06-18 15:00:00,44.568308439432904
srv-005,2017-06-18 16:00:00,44.62117545039829
srv-005,2017-06-18 17:00:00,44.56012284401375
srv-005,2017-06-18 18:00:00,44.64201470789147
srv-005,2017-06-18 19:00:00,44.65391083981051
srv-005,2017-06-18 20:00:00,44.67546774901426
srv-005,2017-06-18 21:00:00,44.64099401407048
srv-005,2017-06-18 22:00:00,44.589294653269945
srv-005,2017-06-18 23:00:00,44.64216166423533
srv-005,2017-06-19 00:00:00,44.58110905785079
srv-005,2017-06-19 01:00:00,44.66300092172851
srv-005,2017-06-19 02:00:00,44.67489705364755
srv-005,2017-06-19 03:00:00,44.6964539628513
srv-005,2017-06-19 04:00:00,44.66198022790752
srv-005,2017-06-19 05:00:00,44.61028086710699
srv-005,2017-06-19 06:00:00,44.66314787807237
srv-005,2017-06-19 07:00:00,44.60209527168783
srv-005,2017-06-19 08:00:00,44.68398713556555
srv-005,2017-06-19 09:00:00,44.69588326748459
srv-005,2017-06-19 10:00:00,44.71744017668834
srv-005,2017-06-19 11:00:00,44.68296644174456
srv-005,2017-06-19 12:00:00,44.63126708094403
srv-005,2017-06-19 13:00:00,44.684134091909414
srv-005,2017-06-19 14:00:00,44.62308148552487
srv-005,2017-06-19 15:00:00,44.70497334940259
srv-005,2017-06-19 16:00:00,44.71686948132163
srv-005,2017-06-19 17:00:00,44.73842639052538
srv-005,2017-06-19 18:00:00,44.7039526555816
srv-005,2017-06-19 19:00:00,44.65225329478107
srv-005,2017-06-19 20:00:00,44.705120305746455
srv-005,2017-06-19 21:00:00,44.64406769936191
srv-005,2017-06-19 22:00:00,44.725959563239634
srv-005,2017-06-19 23:00:00,44.73785569515867
srv-005,2017-06-20 00:00:00,44.759412604362424
srv-005,2017-06-20 01:00:00,44.724938869418644
srv-005,2017-06-20 02:00:00,44.67323950861811
srv-005,2017-06-20 03:00:00,44.726106519583496
srv-005,2017-06-20 04:00:00,44.66505391319895
srv-005,2017-06-20 05:00:00,44.746945777076675
srv-005,2017-06-20 06:00:00,44.75884190899571
srv-005,2017-06-20 07:00:00,44.780398818199465
srv-005,2017-06-20 08:00:00,44.745925083255685
srv-005,2017-06-20 09:00:00,44.69422572245515
srv-005,2017-06-20 10:00:00,44.74709273342054
srv-005,2017-06-20 11:00:00,44.686040127035994
srv-005,2017-06-20 12:00:00,44.767931990913716
srv-005,2017-06-20 13:00:00,44.779828122832754
srv-005,2017-06-20 14:00:00,44.80138503203651
srv-005,2017-06-20 15:00:00,44.766911297092726
srv-005,2017-06-20 16:00:00,44.71521193629219
srv-005,2017-06-20 17:00:00,44.76807894725758
srv-005,2017-06-20 18:00:00,44.707026340873036
srv-005,2017-06-20 19:00:00,44.78891820475076
srv-005,2017-06-20 20:00:00,44.800814336669795
srv-005,2017-06-20 21:00:00,44.82237124587355
srv-005,2017-06-20 22:00:00,44.78789751092977
srv-005,2017-06-20 23:00:00,44.73619815012923
srv-005,2017-06-21 00:00:00,44.78906516109462
srv-005,2017-06-21 01:00:00,44.72801255471008
srv-005,2017-06-21 02:00:00,44.8099044185878
srv-005,2017-06-21 03:00:00,44.821800550506836
srv-005,2017-06-21 04:00:00,44.84335745971059
srv-005,2017-06-21 05:00:00,44.80888372476681
srv-005,2017-06-21 06:00:00,44.757184363966275
srv-005,2017-06-21 07:00:00,44.81005137493166
srv-005,2017-06-21 08:00:00,44.74899876854712
srv-005,2017-06-21 09:00:00,44.83089063242484
srv-005,2017-06-21 10:00:00,44.84278676434388
srv-005,2017-06-21 11:00:00,44.86434367354763
srv-005,2017-06-21 12:00:00,44.82986993860385
srv-005,2017-06-21 13:00:00,44.778170577803316
srv-005,2017-06-21 14:00:00,44.8310375887687
srv-005,2017-06-21 15:00:00,44.76998498238416
srv-005,2017-06-21 16:00:00,44.85187684626188
srv-005,2017-06-21 17:00:00,44.86377297818092
srv-005,2017-06-21 18:00:00,44.88532988738467
srv-005,2017-06-21 19:00:00,44.85085615244089
srv-005,2017-06-21 20:00:00,44.79915679164036
srv-005,2017-06-21 21:00:00,44.85202380260574
srv-005,2017-06-21 22:00:00,44.7909711962212
srv-005,2017-06-21 23:00:00,44.87286306009892
srv-005,2017-06-22 00:00:00,44.88475919201796
srv-005,2017-06-22 01:00:00,44.90631610122171
srv-005,2017-06-22 02:00:00,44.87184236627793
srv-005,2017-06-22 03:00:00,44.8201430054774
srv-005,2017-06-22 04:00:00,44.873010016442784
srv-005,2017-06-22 05:00:00,44.81195741005824
srv-005,2017-06-22 06:00:00,44.89384927393596
srv-005,2017-06-22 07:00:00,44.905745405855
srv-005,2017-06-22 08:00:00,44.92730231505875
srv-005,2017-06-22 09:00:00,44.89282858011497
srv-005,2017-06-22 10:00:00,44.84112921931444
srv-005,2017-06-22 11:00:00,44.893996230279825
srv-005,2017-06-22 12:00:00,44.83294362389528
srv-005,2017-06-22 13:00:00,44.914835487773004
srv-005,2017-06-22 14:00:00,44.92673161969204
srv-005,2017-06-22 15:00:00,44.948288528895795
srv-005,2017-06-22 16:00:00,44.913814793952014
srv-005,2017-06-22 17:00:00,44.86211543315148
srv-005,2017-06-22 18:00:00,44.914982444116866
srv-005,2017-06-22 19:00:00,44.85392983773232
srv-005,2017-06-22 20:00:00,44.935821701610045
srv-005,2017-06-22 21:00:00,44.94771783352908
srv-005,2017-06-22 22:00:00,44.969274742732836
srv-005,2017-06-22 23:00:00,44.934801007789055
srv-005,2017-06-23 00:00:00,44.88310164698852
srv-005,2017-06-23 01:00:00,44.93596865795391
srv-005,2017-06-23 02:00:00,44.874916051569365
srv-005,2017-06-23 03:00:00,44.95680791544709
srv-005,2017-06-23 04:00:00,44.968704047366124
srv-005,2017-06-23 05:00:00,44.99026095656988
srv-005,2017-06-23 06:00:00,44.955787221626096
srv-005,2017-06-23 07:00:00,44.90408786082556
srv-005,2017-06-23 08:00:00,44.95695487179095
srv-005,2017-06-23 09:00:00,44.895902265406406
srv-005,2017-06-23 10:00:00,44.97779412928413
srv-005,2017-06-23 11:00:00,44.989690261203165
srv-005,2017-06-23 12:00:00,45.01124717040692
srv-005,2017-06-23 13:00:00,44.97677343546314
srv-005,2017-06-23 14:00:00,44.925074074662604
srv-005,2017-06-23 15:00:00,44.97794108562799
srv-005,2017-06-23 16:00:00,44.91688847924345
srv-005,2017-06-23 17:00:00,44.99878034312117
srv-005,2017-06-23 18:00:00,45.010676475040206
srv-005,2017-06-23 19:00:00,45.03223338424396
srv-005,2017-06-23 20:00:00,44.99775964930018
srv-005,2017-06-23 21:00:00,44.946060288499645
srv-005,2017-06-23 22:00:00,44.99892729946503
srv-005,2017-06-23 23:00:00,44.93787469308049
srv-005,2017-06-24 00:00:00,45.01976655695821
srv-005,2017-06-24 01:00:00,45.03166268887725
srv-005,2017-06-24 02:00:00,45.053219598081
srv-005,2017-06-24 03:00:00,45.01874586313722
srv-005,2017-06-24 04:00:00,44.967046502336686
srv-005,2017-06-24 05:00:00,45.01991351330207
srv-005,2017-06-24 06:00:00,44.95886090691753
srv-005,2017-06-24 07:00:00,45.04075277079525
srv-005,2017-06-24 08:00:00,45.05264890271429
srv-005,2017-06-24 09:00:00,45.07420581191804
srv-005,2017-06-24 10:00:00,45.03973207697426
srv-005,2017-06-24 11:00:00,44.98803271617373
srv-005,2017-06-24 12:00:00,45.04089972713911
srv-005,2017-06-24 13:00:00,44.97984712075457
srv-005,2017-06-24 14:00:00,45.06173898463229
srv-005,2017-06-24 15:00:00,45.07363511655133
srv-005,2017-06-24 16:00:00,45.09519202575508
srv-005,2017-06-24 17:00:00,45.0607182908113
srv-005,2017-06-24 18:00:00,45.00901893001077
srv-005,2017-06-24 19:00:00,45.061885940976154
srv-005,2017-06-24 20:00:00,45.00083333459161
srv-005,2017-06-24 21:00:00,45.08272519846933
srv-005,2017-06-24 22:00:00,45.09462133038837
srv-005,2017-06-24 23:00:00,45.116178239592124
srv-005,2017-06-25 00:00:00,45.08170450464834
srv-005,2017-06-25 01:00:00,45.03000514384781
srv-005,2017-06-25 02:00:00,45.082872154813195
srv-005,2017-06-25 03:00:00,45.02181954842865
srv-005,2017-06-25 04:00:00,45.103711412306374
srv-005,2017-06-25 05:00:00,45.11560754422541
srv-005,2017-06-25 06:00:00,45.137164453429165
srv-005,2017-06-25 07:00:00,45.102690718485384
srv-005,2017-06-25 08:00:00,45.05099135768485
srv-005,2017-06-25 09:00:00,45.103858368650236
srv-005,2017-06-25 10:00:00,45.042805762265694
srv-005,2017-06-25 11:00:00,45.124697626143416
srv-005,2017-06-25 12:00:00,45.13659375806245
srv-005,2017-06-25 13:00:00,45.158150667266206
srv-005,2017-06-25 14:00:00,45.123676932322425
srv-005,2017-06-25 15:00:00,45.07197757152189
srv-005,2017-06-25 16:00:00,45.12484458248728
srv-005,2017-06-25 17:00:00,45.063791976102735
srv-005,2017-06-25 18:00:00,45.14568383998046
srv-005,2017-06-25 19:00:00,45.157579971899494
srv-005,2017-06-25 20:00:00,45.17913688110325
srv-005,2017-06-25 21:00:00,45.144663146159466
srv-005,2017-06-25 22:00:00,45.09296378535893
srv-005,2017-06-25 23:00:00,45.14583079632432
srv-005,2017-06-26 00:00:00,45.084778189939776
srv-005,2017-06-26 01:00:00,45.1666700538175
srv-005,2017-06-26 02:00:00,45.178566185736535
srv-005,2017-06-26 03:00:00,45.20012309494029
srv-005,2017-06-26 04:00:00,45.16564935999651
srv-005,2017-06-26 05:00:00,45.113949999195974
srv-005,2017-06-26 06:00:00,45.16681701016136
srv-005,2017-06-26 07:00:00,45.10576440377682
srv-005,2017-06-26 08:00:00,45.18765626765454
srv-005,2017-06-26 09:00:00,45.19955239957358
srv-005,2017-06-26 10:00:00,45.22110930877733
srv-005,2017-06-26 11:00:00,45.18663557383355
srv-005,2017-06-26 12:00:00,45.134936213033015
srv-005,2017-06-26 13:00:00,45.1878032239984
srv-005,2017-06-26 14:00:00,45.12675061761386
srv-005,2017-06-26 15:00:00,45.20864248149158
srv-005,2017-06-26 16:00:00,45.22053861341062
srv-005,2017-06-26 17:00:00,45.24209552261437
srv-005,2017-06-26 18:00:00,45.20762178767059
srv-005,2017-06-26 19:00:00,45.155922426870056
srv-005,2017-06-26 20:00:00,45.20878943783544
srv-005,2017-06-26 21:00:00,45.1477368314509
srv-005,2017-06-26 22:00:00,45.22962869532862
srv-005,2017-06-26 23:00:00,45.24152482724766
srv-005,2017-06-27 00:00:00,45.26308173645141
srv-005,2017-06-27 01:00:00,45.22860800150763
srv-005,2017-06-27 02:00:00,45.1769086407071
srv-005,2017-06-27 03:00:00,45.22977565167248
srv-005,2017-06-27 04:00:00,45.16872304528794
srv-005,2017-06-27 05:00:00,45.25061490916566
srv-005,2017-06-27 06:00:00,45.2625110410847
srv-005,2017-06-27 07:00:00,45.28406795028845
srv-005,2017-06-27 08:00:00,45.24959421534467
srv-005,2017-06-27 09:00:00,45.19789485454414
srv-005,2017-06-27 10:00:00,45.250761865509524
srv-005,2017-06-27 11:00:00,45.18970925912498
srv-005,2017-06-27 12:00:00,45.271601123002704
srv-005,2017-06-27 13:00:00,45.28349725492174
srv-005,2017-06-27 14:00:00,45.305054164125494
srv-005,2017-06-27 15:00:00,45.27058042918171
srv-005,2017-06-27 16:00:00,45.21888106838118
srv-005,2017-06-27 17:00:00,45.271748079346565
srv-005,2017-06-27 18:00:00,45.21069547296202
srv-005,2017-06-27 19:00:00,45.292587336839745
srv-005,2017-06-27 20:00:00,45.30448346875878
srv-005,2017-06-27 21:00:00,45.326040377962535
srv-005,2017-06-27 22:00:00,45.291566643018754
srv-005,2017-06-27 23:00:00,45.23986728221822
srv-005,2017-06-28 00:00:00,45.29273429318361
srv-005,2017-06-28 01:00:00,45.231681686799064
srv-005,2017-06-28 02:00:00,45.313573550676786
srv-005,2017-06-28 03:00:00,45.32546968259582
srv-005,2017-06-28 04:00:00,45.347026591799576
srv-005,2017-06-28 05:00:00,45.312552856855795
srv-005,2017-06-28 06:00:00,45.26085349605526
srv-005,2017-06-28 07:00:00,45.31372050702065
srv-005,2017-06-28 08:00:00,45.252667900636105
srv-005,2017-06-28 09:00:00,45.33455976451383
srv-005,2017-06-28 10:00:00,45.346455896432865
srv-005,2017-06-28 11:00:00,45.36801280563662
srv-005,2017-06-28 12:00:00,45.33353907069284
srv-005,2017-06-28 13:00:00,45.2818397098923
srv-005,2017-06-28 14:00:00,45.33470672085769
srv-005,2017-06-28 15:00:00,45.273654114473146
srv-005,2017-06-28 16:00:00,45.35554597835087
srv-005,2017-06-28 17:00:00,45.367442110269906
srv-005,2017-06-28 18:00:00,45.38899901947366
srv-005,2017-06-28 19:00:00,45.35452528452988
srv-005,2017-06-28 20:00:00,45.302825923729344
srv-005,2017-06-28 21:00:00,45.35569293469473
srv-005,2017-06-28 22:00:00,45.29464032831019
srv-005,2017-06-28 23:00:00,45.37653219218791
srv-005,2017-06-29 00:00:00,45.38842832410695
srv-005,2017-06-29 01:00:00,45.4099852333107
srv-005,2017-06-29 02:00:00,45.37551149836692
srv-005,2017-06-29 03:00:00,45.323812137566385
srv-005,2017-06-29 04:00:00,45.37667914853177
srv-005,2017-06-29 05:00:00,45.31562654214723
srv-005,2017-06-29 06:00:00,45.39751840602495
srv-005,2017-06-29 07:00:00,45.40941453794399
srv-005,2017-06-29 08:00:00,45.43097144714774
srv-005,2017-06-29 09:00:00,45.39649771220396
srv-005,2017-06-29 10:00:00,45.344798351403426
srv-005,2017-06-29 11:00:00,45.39766536236881
srv-005,2017-06-29 12:00:00,45.33661275598427
srv-005,2017-06-29 13:00:00,45.41850461986199
srv-005,2017-06-29 14:00:00,45.43040075178103
srv-005,2017-06-29 15:00:00,45.45195766098478
srv-005,2017-06-29 16:00:00,45.417483926041
srv-005,2017-06-29 17:00:00,45.36578456524047
srv-005,2017-06-29 18:00:00,45.41865157620585
srv-005,2017-06-29 19:00:00,45.35759896982131
srv-005,2017-06-29 20:00:00,45.43949083369903
srv-005,2017-06-29 21:00:00,45.45138696561807
srv-005,2017-06-29 22:00:00,45.47294387482182
srv-005,2017-06-29 23:00:00,45.43847013987804
srv-005,2017-06-30 00:00:00,45.38677077907751
srv-005,2017-06-30 01:00:00,45.439637790042894
srv-005,2017-06-30 02:00:00,45.37858518365835
srv-005,2017-06-30 03:00:00,45.460477047536074
srv-005,2017-06-30 04:00:00,45.47237317945511
srv-005,2017-06-30 05:00:00,45.493930088658864
srv-005,2017-06-30 06:00:00,45.45945635371508
srv-005,2017-06-30 07:00:00,45.40775699291455
srv-005,2017-06-30 08:00:00,45.460624003879936
srv-005,2017-06-30 09:00:00,45.39957139749539
srv-005,2017-06-30 10:00:00,45.481463261373115
srv-005,2017-06-30 11:00:00,45.49335939329215
srv-005,2017-06-30 12:00:00,45.514916302495905
srv-005,2017-06-30 13:00:00,45.480442567552124
srv-005,2017-06-30 14:00:00,45.42874320675159
srv-005,2017-06-30 15:00:00,45.48161021771698
srv-005,2017-06-30 16:00:00,45.420557611332434
srv-005,2017-06-30 17:00:00,45.502449475210156
srv-005,2017-06-30 18:00:00,45.514345607129194
srv-005,2017-06-30 19:00:00,45.535902516332946
srv-005,2017-06-30 20:00:00,45.501428781389166
srv-005,2017-06-30 21:00:00,45.44972942058863
srv-005,2017-06-30 22:00:00,45.50259643155402
srv-005,2017-06-30 23:00:00,45.441543825169475
srv-006,2017-06-01 23:00:00,90.91215888905232
srv-006,2017-06-02 00:00:00,91.0310062011175
srv-006,2017-06-02 01:00:00,91.18424139726272
srv-006,2017-06-02 02:00:00,91.38436245410315
srv-006,2017-06-02 03:00:00,91.16403949128619
srv-006,2017-06-02 04:00:00,91.33417212805196
srv-006,2017-06-02 05:00:00,91.25017087500444
srv-006,2017-06-02 06:00:00,91.71561189910427
srv-006,2017-06-02 07:00:00,91.62900681248176
srv-006,2017-06-02 08:00:00,91.63027082180074
srv-006,2017-06-02 09:00:00,91.72272069930303
srv-006,2017-06-02 10:00:00,91.43082000882666
srv-006,2017-06-02 11:00:00,91.533591606558
srv-006,2017-06-02 12:00:00,91.39695036196281
srv-006,2017-06-02 13:00:00,91.83205655608128
srv-006,2017-06-02 14:00:00,91.72322476292877
srv-006,2017-06-02 15:00:00,91.7082014716267
srv-006,2017-06-02 16:00:00,91.78870313181227
srv-006,2017-06-02 17:00:00,91.48802446490028
srv-006,2017-06-02 18:00:00,91.58440376904767
srv-006,2017-06-02 19:00:00,91.4430863805439
srv-006,2017-06-02 20:00:00,91.87474216427854
srv-006,2017-06-02 21:00:00,91.76338135728821
srv-006,2017-06-02 22:00:00,91.74650440347591
srv-006,2017-06-02 23:00:00,91.8256474425566
srv-006,2017-06-03 00:00:00,91.52397302550298
srv-006,2017-06-03 01:00:00,91.61962237428183
srv-006,2017-06-03 02:00:00,91.47776993637135
srv-006,2017-06-03 03:00:00,91.90903361750138
srv-006,2017-06-03 04:00:00,91.7973854172515
srv-006,2017-06-03 05:00:00,91.78029781732441
srv-006,2017-06-03 06:00:00,91.85928646233448
srv-006,2017-06-03 07:00:00,91.55749888131308
srv-006,2017-06-03 08:00:00,91.65306528639094
srv-006,2017-06-03 09:00:00,91.51115205460349
srv-006,2017-06-03 10:00:00,91.94237117641678
srv-006,2017-06-03 11:00:00,91.83069031622091
srv-006,2017-06-03 12:00:00,91.81357877804365
srv-006,2017-06-03 13:00:00,91.89254987740894
srv-006,2017-06-03 14:00:00,91.59074943623101
srv-006,2017-06-03 15:00:00,91.68630641540008
srv-006,2017-06-03 16:00:00,91.54438627485142
srv-006,2017-06-03 17:00:00,91.97560033285849
srv-006,2017-06-03 18:00:00,91.86391576112375
srv-006,2017-06-03 19:00:00,91.84680150255785
srv-006,2017-06-03 20:00:00,91.92577060800241
srv-006,2017-06-03 21:00:00,91.62396870537155
srv-006,2017-06-03 22:00:00,91.71952461336232
srv-006,2017-06-03 23:00:00,91.57760368768884
srv-006,2017-06-04 00:00:00,92.00881717023525
srv-006,2017-06-04 01:00:00,91.8971321767141
srv-006,2017-06-04 02:00:00,91.88001760899802
srv-006,2017-06-04 03:00:00,91.9589864878496
srv-006,2017-06-04 04:00:00,91.65718441913643
srv-006,2017-06-04 05:00:00,91.75274020539644
srv-006,2017-06-04 06:00:00,91.61081919049985
srv-006,2017-06-04 07:00:00,92.04203260764982
srv-006,2017-06-04 08:00:00,91.93034756619605
srv-006,2017-06-04 09:00:00,91.91323296334755
srv-006,2017-06-04 10:00:00,91.99220181644867
srv-006,2017-06-04 11:00:00,91.69039972886158
srv-006,2017-06-04 12:00:00,91.78595550128787
srv-006,2017-06-04 13:00:00,91.64403447625182
srv-006,2017-06-04 14:00:00,92.07524788597
srv-006,2017-06-04 15:00:00,91.96356283906908
srv-006,2017-06-04 16:00:00,91.94644823222806
srv-006,2017-06-04 17:00:00,92.02541708240285
srv-006,2017-06-04 18:00:00,91.7236149926709
srv-006,2017-06-04 19:00:00,91.81917076352511
srv-006,2017-06-04 20:00:00,91.67724973733678
srv-006,2017-06-04 21:00:00,92.1084631462104
srv-006,2017-06-04 22:00:00,91.99677809869044
srv-006,2017-06-04 23:00:00,91.9796634913957
srv-006,2017-06-05 00:00:00,92.05863234123794
srv-006,2017-06-05 01:00:00,91.75683025126224
srv-006,2017-06-05 02:00:00,91.85238602193779
srv-006,2017-06-05 03:00:00,91.71046499561851
srv-006,2017-06-05 04:00:00,92.14167840439615
srv-006,2017-06-05 05:00:00,92.02999335680585
srv-006,2017-06-05 06:00:00,92.01287874945955
srv-006,2017-06-05 07:00:00,92.091847599264
srv-006,2017-06-05 08:00:00,91.79004550926061
srv-006,2017-06-05 09:00:00,91.88560127991585
srv-006,2017-06-05 10:00:00,91.7436802535817
srv-006,2017-06-05 11:00:00,92.17489366234842
srv-006,2017-06-05 12:00:00,92.06320861475012
srv-006,2017-06-05 13:00:00,92.04609400739797
srv-006,2017-06-05 14:00:00,92.12506285719812
srv-006,2017-06-05 15:00:00,91.82326076719157
srv-006,2017-06-05 16:00:00,91.91881653784452
srv-006,2017-06-05 17:00:00,91.77689551150867
srv-006,2017-06-05 18:00:00,92.20810892027417
srv-006,2017-06-05 19:00:00,92.09642387267498
srv-006,2017-06-05 20:00:00,92.07930926532215
srv-006,2017-06-05 21:00:00,92.15827811512182
srv-006,2017-06-05 22:00:00,91.85647602511492
srv-006,2017-06-05 23:00:00,91.9520317957676
srv-006,2017-06-06 00:00:00,91.81011076943155
srv-006,2017-06-06 01:00:00,92.2413241781969
srv-006,2017-06-06 02:00:00,92.12963913059761
srv-006,2017-06-06 03:00:00,92.11252452324472
srv-006,2017-06-06 04:00:00,92.19149337304432
srv-006,2017-06-06 05:00:00,91.88969128303738
srv-006,2017-06-06 06:00:00,91.98524705369003
srv-006,2017-06-06 07:00:00,91.84332602735397
srv-006,2017-06-06 08:00:00,92.27453943611931
srv-006,2017-06-06 09:00:00,92.16285438851999
srv-006,2017-06-06 10:00:00,92.14573978116708
srv-006,2017-06-06 11:00:00,92.22470863096669
srv-006,2017-06-06 12:00:00,91.92290654095974
srv-006,2017-06-06 13:00:00,92.0184623116124
srv-006,2017-06-06 14:00:00,91.87654128527633
srv-006,2017-06-06 15:00:00,92.30775469404168
srv-006,2017-06-06 16:00:00,92.19606964644237
srv-006,2017-06-06 17:00:00,92.17895503908946
srv-006,2017-06-06 18:00:00,92.25792388888905
srv-006,2017-06-06 19:00:00,91.95612179888211
srv-006,2017-06-06 20:00:00,92.05167756953476
srv-006,2017-06-06 21:00:00,91.9097565431987
srv-006,2017-06-06 22:00:00,92.34096995196404
srv-006,2017-06-06 23:00:00,92.22928490436473
srv-006,2017-06-07 00:00:00,92.21217029701182
srv-006,2017-06-07 01:00:00,92.29113914681142
srv-006,2017-06-07 02:00:00,91.98933705680447
srv-006,2017-06-07 03:00:00,92.08489282745713
srv-006,2017-06-07 04:00:00,91.94297180112106
srv-006,2017-06-07 05:00:00,92.3741852098864
srv-006,2017-06-07 06:00:00,92.2625001622871
srv-006,2017-06-07 07:00:00,92.24538555493419
srv-006,2017-06-07 08:00:00,92.32435440473378
srv-006,2017-06-07 09:00:00,92.02255231472684
srv-006,2017-06-07 10:00:00,92.11810808537949
srv-006,2017-06-07 11:00:00,91.97618705904343
srv-006,2017-06-07 12:00:00,92.40740046780877
srv-006,2017-06-07 13:00:00,92.29571542020945
srv-006,2017-06-07 14:00:00,92.27860081285654
srv-006,2017-06-07 15:00:00,92.35756966265613
srv-006,2017-06-07 16:00:00,92.05576757264919
srv-006,2017-06-07 17:00:00,92.15132334330184
srv-006,2017-06-07 18:00:00,92.00940231696578
srv-006,2017-06-07 19:00:00,92.44061572573112
srv-006,2017-06-07 20:00:00,92.3289306781318
srv-006,2017-06-07 21:00:00,92.31181607077889
srv-006,2017-06-07 22:00:00,92.39078492057848
srv-006,2017-06-07 23:00:00,92.08898283057154
srv-006,2017-06-08 00:00:00,92.18453860122419
srv-006,2017-06-08 01:00:00,92.04261757488813
srv-006,2017-06-08 02:00:00,92.47383098365347
srv-006,2017-06-08 03:00:00,92.36214593605415
srv-006,2017-06-08 04:00:00,92.34503132870124
srv-006,2017-06-08 05:00:00,92.42400017850083
srv-006,2017-06-08 06:00:00,92.12219808849389
srv-006,2017-06-08 07:00:00,92.21775385914654
srv-006,2017-06-08 08:00:00,92.07583283281048
srv-006,2017-06-08 09:00:00,92.50704624157582
srv-006,2017-06-08 10:00:00,92.3953611939765
srv-006,2017-06-08 11:00:00,92.37824658662359
srv-006,2017-06-08 12:00:00,92.45721543642318
srv-006,2017-06-08 13:00:00,92.15541334641624
srv-006,2017-06-08 14:00:00,92.25096911706889
srv-006,2017-06-08 15:00:00,92.10904809073283
srv-006,2017-06-08 16:00:00,92.54026149949817
srv-006,2017-06-08 17:00:00,92.42857645189885
srv-006,2017-06-08 18:00:00,92.41146184454594
srv-006,2017-06-08 19:00:00,92.49043069434553
srv-006,2017-06-08 20:00:00,92.18862860433859
srv-006,2017-06-08 21:00:00,92.28418437499124
srv-006,2017-06-08 22:00:00,92.14226334865518
srv-006,2017-06-08 23:00:00,92.57347675742052
srv-006,2017-06-09 00:00:00,92.4617917098212
srv-006,2017-06-09 01:00:00,92.44467710246829
srv-006,2017-06-09 02:00:00,92.52364595226788
srv-006,2017-06-09 03:00:00,92.22184386226094
srv-006,2017-06-09 04:00:00,92.31739963291359
srv-006,2017-06-09 05:00:00,92.17547860657753
srv-006,2017-06-09 06:00:00,92.60669201534287
srv-006,2017-06-09 07:00:00,92.49500696774355
srv-006,2017-06-09 08:00:00,92.47789236039064
srv-006,2017-06-09 09:00:00,92.55686121019023
srv-006,2017-06-09 10:00:00,92.25505912018329
srv-006,2017-06-09 11:00:00,92.35061489083594
srv-006,2017-06-09 12:00:00,92.20869386449988
srv-006,2017-06-09 13:00:00,92.63990727326522
srv-006,2017-06-09 14:00:00,92.5282222256659
srv-006,2017-06-09 15:00:00,92.51110761831299
srv-006,2017-06-09 16:00:00,92.59007646811258
srv-006,2017-06-09 17:00:00,92.28827437810564
srv-006,2017-06-09 18:00:00,92.38383014875829
srv-006,2017-06-09 19:00:00,92.24190912242223
srv-006,2017-06-09 20:00:00,92.67312253118757
srv-006,2017-06-09 21:00:00,92.56143748358825
srv-006,2017-06-09 22:00:00,92.54432287623534
srv-006,2017-06-09 23:00:00,92.62329172603494
srv-006,2017-06-10 00:00:00,92.32148963602799
srv-006,2017-06-10 01:00:00,92.41704540668064
srv-006,2017-06-10 02:00:00,92.27512438034458
srv-006,2017-06-10 03:00:00,92.70633778910992
srv-006,2017-06-10 04:00:00,92.5946527415106
srv-006,2017-06-10 05:00:00,92.57753813415769
srv-006,2017-06-10 06:00:00,92.65650698395729
srv-006,2017-06-10 07:00:00,92.35470489395034
srv-006,2017-06-10 08:00:00,92.450260664603
srv-006,2017-06-10 09:00:00,92.30833963826693
srv-006,2017-06-10 10:00:00,92.73955304703227
srv-006,2017-06-10 11:00:00,92.62786799943295
srv-006,2017-06-10 12:00:00,92.61075339208004
srv-006,2017-06-10 13:00:00,92.68972224187964
srv-006,2017-06-10 14:00:00,92.38792015187269
srv-006,2017-06-10 15:00:00,92.48347592252534
srv-006,2017-06-10 16:00:00,92.34155489618928
srv-006,2017-06-10 17:00:00,92.77276830495462
srv-006,2017-06-10 18:00:00,92.6610832573553
srv-006,2017-06-10 19:00:00,92.64396865000239
srv-006,2017-06-10 20:00:00,92.72293749980199
srv-006,2017-06-10 21:00:00,92.42113540979504
srv-006,2017-06-10 22:00:00,92.5166911804477
srv-006,2017-06-10 23:00:00,92.37477015411163
srv-006,2017-06-11 00:00:00,92.80598356287697
srv-006,2017-06-11 01:00:00,92.69429851527765
srv-006,2017-06-11 02:00:00,92.67718390792474
srv-006,2017-06-11 03:00:00,92.75615275772434
srv-006,2017-06-11 04:00:00,92.45435066771739
srv-006,2017-06-11 05:00:00,92.54990643837004
srv-006,2017-06-11 06:00:00,92.40798541203398
srv-006,2017-06-11 07:00:00,92.83919882079933
srv-006,2017-06-11 08:00:00,92.7275137732
srv-006,2017-06-11 09:00:00,92.7103991658471
srv-006,2017-06-11 10:00:00,92.78936801564669
srv-006,2017-06-11 11:00:00,92.48756592563974
srv-006,2017-06-11 12:00:00,92.5831216962924
srv-006,2017-06-11 13:00:00,92.44120066995633
srv-006,2017-06-11 14:00:00,92.87241407872168
srv-006,2017-06-11 15:00:00,92.76072903112235
srv-006,2017-06-11 16:00:00,92.74361442376944
srv-006,2017-06-11 17:00:00,92.82258327356904
srv-006,2017-06-11 18:00:00,92.5207811835621
srv-006,2017-06-11 19:00:00,92.61633695421474
srv-006,2017-06-11 20:00:00,92.47441592787868
srv-006,2017-06-11 21:00:00,92.90562933664403
srv-006,2017-06-11 22:00:00,92.7939442890447
srv-006,2017-06-11 23:00:00,92.7768296816918
srv-006,2017-06-12 00:00:00,92.85579853149139
srv-006,2017-06-12 01:00:00,92.55399644148444
srv-006,2017-06-12 02:00:00,92.6495522121371
srv-006,2017-06-12 03:00:00,92.50763118580103
srv-006,2017-06-12 04:00:00,92.93884459456638
srv-006,2017-06-12 05:00:00,92.82715954696705
srv-006,2017-06-12 06:00:00,92.81004493961414
srv-006,2017-06-12 07:00:00,92.88901378941374
srv-006,2017-06-12 08:00:00,92.5872116994068
srv-006,2017-06-12 09:00:00,92.68276747005945
srv-006,2017-06-12 10:00:00,92.54084644372338
srv-006,2017-06-12 11:00:00,92.97205985248873
srv-006,2017-06-12 12:00:00,92.8603748048894
srv-006,2017-06-12 13:00:00,92.8432601975365
srv-006,2017-06-12 14:00:00,92.92222904733609
srv-006,2017-06-12 15:00:00,92.62042695732914
srv-006,2017-06-12 16:00:00,92.7159827279818
srv-006,2017-06-12 17:00:00,92.57406170164573
srv-006,2017-06-12 18:00:00,93.00527511041108
srv-006,2017-06-12 19:00:00,92.89359006281175
srv-006,2017-06-12 20:00:00,92.87647545545884
srv-006,2017-06-12 21:00:00,92.95544430525844
srv-006,2017-06-12 22:00:00,92.6536422152515
srv-006,2017-06-12 23:00:00,92.74919798590415
srv-006,2017-06-13 00:00:00,92.60727695956808
srv-006,2017-06-13 01:00:00,93.03849036833343
srv-006,2017-06-13 02:00:00,92.9268053207341
srv-006,2017-06-13 03:00:00,92.9096907133812
srv-006,2017-06-13 04:00:00,92.98865956318079
srv-006,2017-06-13 05:00:00,92.68685747317384
srv-006,2017-06-13 06:00:00,92.7824132438265
srv-006,2017-06-13 07:00:00,92.64049221749043
srv-006,2017-06-13 08:00:00,93.07170562625578
srv-006,2017-06-13 09:00:00,92.96002057865645
srv-006,2017-06-13 10:00:00,92.94290597130355
srv-006,2017-06-13 11:00:00,93.02187482110314
srv-006,2017-06-13 12:00:00,92.7200727310962
srv-006,2017-06-13 13:00:00,92.81562850174885
srv-006,2017-06-13 14:00:00,92.67370747541278
srv-006,2017-06-13 15:00:00,93.10492088417813
srv-006,2017-06-13 16:00:00,92.9932358365788
srv-006,2017-06-13 17:00:00,92.9761212292259
srv-006,2017-06-13 18:00:00,93.05509007902549
srv-006,2017-06-13 19:00:00,92.75328798901855
srv-006,2017-06-13 20:00:00,92.8488437596712
srv-006,2017-06-13 21:00:00,92.70692273333513
srv-006,2017-06-13 22:00:00,93.13813614210048
srv-006,2017-06-13 23:00:00,93.02645109450116
srv-006,2017-06-14 00:00:00,93.00933648714825
srv-006,2017-06-14 01:00:00,93.08830533694784
srv-006,2017-06-14 02:00:00,92.7865032469409
srv-006,2017-06-14 03:00:00,92.88205901759355
srv-006,2017-06-14 04:00:00,92.74013799125748
srv-006,2017-06-14 05:00:00,93.17135140002283
srv-006,2017-06-14 06:00:00,93.0596663524235
srv-006,2017-06-14 07:00:00,93.0425517450706
srv-006,2017-06-14 08:00:00,93.12152059487019
srv-006,2017-06-14 09:00:00,92.81971850486325
srv-006,2017-06-14 10:00:00,92.9152742755159
srv-006,2017-06-14 11:00:00,92.77335324917983
srv-006,2017-06-14 12:00:00,93.20456665794518
srv-006,2017-06-14 13:00:00,93.09288161034586
srv-006,2017-06-14 14:00:00,93.07576700299295
srv-006,2017-06-14 15:00:00,93.15473585279254
srv-006,2017-06-14 16:00:00,92.8529337627856
srv-006,2017-06-14 17:00:00,92.94848953343825
srv-006,2017-06-14 18:00:00,92.80656850710218
srv-006,2017-06-14 19:00:00,93.23778191586753
srv-006,2017-06-14 20:00:00,93.1260968682682
srv-006,2017-06-14 21:00:00,93.1089822609153
srv-006,2017-06-14 22:00:00,93.18795111071489
srv-006,2017-06-14 23:00:00,92.88614902070795
srv-006,2017-06-15 00:00:00,92.9817047913606
srv-006,2017-06-15 01:00:00,92.83978376502454
srv-006,2017-06-15 02:00:00,93.27099717378988
srv-006,2017-06-15 03:00:00,93.15931212619056
srv-006,2017-06-15 04:00:00,93.14219751883765
srv-006,2017-06-15 05:00:00,93.22116636863724
srv-006,2017-06-15 06:00:00,92.9193642786303
srv-006,2017-06-15 07:00:00,93.01492004928295
srv-006,2017-06-15 08:00:00,92.87299902294689
srv-006,2017-06-15 09:00:00,93.30421243171223
srv-006,2017-06-15 10:00:00,93.1925273841129
srv-006,2017-06-15 11:00:00,93.17541277676
srv-006,2017-06-15 12:00:00,93.25438162655959
srv-006,2017-06-15 13:00:00,92.95257953655265
srv-006,2017-06-15 14:00:00,93.0481353072053
srv-006,2017-06-15 15:00:00,92.90621428086924
srv-006,2017-06-15 16:00:00,93.33742768963458
srv-006,2017-06-15 17:00:00,93.22574264203526
srv-006,2017-06-15 18:00:00,93.20862803468235
srv-006,2017-06-15 19:00:00,93.28759688448194
srv-006,2017-06-15 20:00:00,92.985794794475
srv-006,2017-06-15 21:00:00,93.08135056512765
srv-006,2017-06-15 22:00:00,92.93942953879159
srv-006,2017-06-15 23:00:00,93.37064294755693
srv-006,2017-06-16 00:00:00,93.25895789995761
srv-006,2017-06-16 01:00:00,93.2418432926047
srv-006,2017-06-16 02:00:00,93.3208121424043
srv-006,2017-06-16 03:00:00,93.01901005239735
srv-006,2017-06-16 04:00:00,93.11456582305
srv-006,2017-06-16 05:00:00,92.97264479671394
srv-006,2017-06-16 06:00:00,93.40385820547928
srv-006,2017-06-16 07:00:00,93.29217315787996
srv-006,2017-06-16 08:00:00,93.27505855052705
srv-006,2017-06-16 09:00:00,93.35402740032664
srv-006,2017-06-16 10:00:00,93.0522253103197
srv-006,2017-06-16 11:00:00,93.14778108097235
srv-006,2017-06-16 12:00:00,93.00586005463629
srv-006,2017-06-16 13:00:00,93.43707346340163
srv-006,2017-06-16 14:00:00,93.32538841580231
srv-006,2017-06-16 15:00:00,93.3082738084494
srv-006,2017-06-16 16:00:00,93.387242658249
srv-006,2017-06-16 17:00:00,93.08544056824205
srv-006,2017-06-16 18:00:00,93.1809963388947
srv-006,2017-06-16 19:00:00,93.03907531255864
srv-006,2017-06-16 20:00:00,93.47028872132398
srv-006,2017-06-16 21:00:00,93.35860367372466
srv-006,2017-06-16 22:00:00,93.34148906637175
srv-006,2017-06-16 23:00:00,93.42045791617134
srv-006,2017-06-17 00:00:00,93.1186558261644
srv-006,2017-06-17 01:00:00,93.21421159681705
srv-006,2017-06-17 02:00:00,93.07229057048099
srv-006,2017-06-17 03:00:00,93.50350397924633
srv-006,2017-06-17 04:00:00,93.39181893164701
srv-006,2017-06-17 05:00:00,93.3747043242941
srv-006,2017-06-17 06:00:00,93.4536731740937
srv-006,2017-06-17 07:00:00,93.15187108408675
srv-006,2017-06-17 08:00:00,93.2474268547394
srv-006,2017-06-17 09:00:00,93.10550582840334
srv-006,2017-06-17 10:00:00,93.53671923716868
srv-006,2017-06-17 11:00:00,93.42503418956936
srv-006,2017-06-17 12:00:00,93.40791958221645
srv-006,2017-06-17 13:00:00,93.48688843201604
srv-006,2017-06-17 14:00:00,93.1850863420091
srv-006,2017-06-17 15:00:00,93.28064211266175
srv-006,2017-06-17 16:00:00,93.13872108632569
srv-006,2017-06-17 17:00:00,93.56993449509103
srv-006,2017-06-17 18:00:00,93.45824944749171
srv-006,2017-06-17 19:00:00,93.4411348401388
srv-006,2017-06-17 20:00:00,93.5201036899384
srv-006,2017-06-17 21:00:00,93.21830159993145
srv-006,2017-06-17 22:00:00,93.3138573705841
srv-006,2017-06-17 23:00:00,93.17193634424804
srv-006,2017-06-18 00:00:00,93.60314975301338
srv-006,2017-06-18 01:00:00,93.49146470541406
srv-006,2017-06-18 02:00:00,93.47435009806115
srv-006,2017-06-18 03:00:00,93.55331894786075
srv-006,2017-06-18 04:00:00,93.2515168578538
srv-006,2017-06-18 05:00:00,93.34707262850645
srv-006,2017-06-18 06:00:00,93.20515160217039
srv-006,2017-06-18 07:00:00,93.63636501093573
srv-006,2017-06-18 08:00:00,93.52467996333641
srv-006,2017-06-18 09:00:00,93.5075653559835
srv-006,2017-06-18 10:00:00,93.5865342057831
srv-006,2017-06-18 11:00:00,93.28473211577615
srv-006,2017-06-18 12:00:00,93.3802878864288
srv-006,2017-06-18 13:00:00,93.23836686009274
srv-006,2017-06-18 14:00:00,93.66958026885808
srv-006,2017-06-18 15:00:00,93.55789522125876
srv-006,2017-06-18 16:00:00,93.54078061390585
srv-006,2017-06-18 17:00:00,93.61974946370545
srv-006,2017-06-18 18:00:00,93.3179473736985
srv-006,2017-06-18 19:00:00,93.41350314435115
srv-006,2017-06-18 20:00:00,93.27158211801509
srv-006,2017-06-18 21:00:00,93.70279552678043
srv-006,2017-06-18 22:00:00,93.59111047918111
srv-006,2017-06-18 23:00:00,93.5739958718282
srv-006,2017-06-19 00:00:00,93.6529647216278
srv-006,2017-06-19 01:00:00,93.35116263162085
srv-006,2017-06-19 02:00:00,93.4467184022735
srv-006,2017-06-19 03:00:00,93.30479737593744
srv-006,2017-06-19 04:00:00,93.73601078470278
srv-006,2017-06-19 05:00:00,93.62432573710346
srv-006,2017-06-19 06:00:00,93.60721112975055
srv-006,2017-06-19 07:00:00,93.68617997955015
srv-006,2017-06-19 08:00:00,93.3843778895432
srv-006,2017-06-19 09:00:00,93.47993366019585
srv-006,2017-06-19 10:00:00,93.33801263385979
srv-006,2017-06-19 11:00:00,93.76922604262514
srv-006,2017-06-19 12:00:00,93.65754099502581
srv-006,2017-06-19 13:00:00,93.6404263876729
srv-006,2017-06-19 14:00:00,93.7193952374725
srv-006,2017-06-19 15:00:00,93.41759314746555
srv-006,2017-06-19 16:00:00,93.5131489181182
srv-006,2017-06-19 17:00:00,93.37122789178214
srv-006,2017-06-19 18:00:00,93.80244130054749
srv-006,2017-06-19 19:00:00,93.69075625294816
srv-006,2017-06-19 20:00:00,93.67364164559525
srv-006,2017-06-19 21:00:00,93.75261049539485
srv-006,2017-06-19 22:00:00,93.4508084053879
srv-006,2017-06-19 23:00:00,93.54636417604056
srv-006,2017-06-20 00:00:00,93.40444314970449
srv-006,2017-06-20 01:00:00,93.83565655846984
srv-006,2017-06-20 02:00:00,93.72397151087051
srv-006,2017-06-20 03:00:00,93.7068569035176
srv-006,2017-06-20 04:00:00,93.7858257533172
srv-006,2017-06-20 05:00:00,93.48402366331025
srv-006,2017-06-20 06:00:00,93.5795794339629
srv-006,2017-06-20 07:00:00,93.43765840762684
srv-006,2017-06-20 08:00:00,93.86887181639219
srv-006,2017-06-20 09:00:00,93.75718676879286
srv-006,2017-06-20 10:00:00,93.74007216143995
srv-006,2017-06-20 11:00:00,93.81904101123955
srv-006,2017-06-20 12:00:00,93.5172389212326
srv-006,2017-06-20 13:00:00,93.61279469188526
srv-006,2017-06-20 14:00:00,93.47087366554919
srv-006,2017-06-20 15:00:00,93.90208707431454
srv-006,2017-06-20 16:00:00,93.79040202671521
srv-006,2017-06-20 17:00:00,93.7732874193623
srv-006,2017-06-20 18:00:00,93.8522562691619
srv-006,2017-06-20 19:00:00,93.55045417915495
srv-006,2017-06-20 20:00:00,93.6460099498076
srv-006,2017-06-20 21:00:00,93.50408892347154
srv-006,2017-06-20 22:00:00,93.93530233223689
srv-006,2017-06-20 23:00:00,93.82361728463756
srv-006,2017-06-21 00:00:00,93.80650267728466
srv-006,2017-06-21 01:00:00,93.88547152708425
srv-006,2017-06-21 02:00:00,93.5836694370773
srv-006,2017-06-21 03:00:00,93.67922520772996
srv-006,2017-06-21 04:00:00,93.53730418139389
srv-006,2017-06-21 05:00:00,93.96851759015924
srv-006,2017-06-21 06:00:00,93.85683254255991
srv-006,2017-06-21 07:00:00,93.839717935207
srv-006,2017-06-21 08:00:00,93.9186867850066
srv-006,2017-06-21 09:00:00,93.61688469499965
srv-006,2017-06-21 10:00:00,93.7124404656523
srv-006,2017-06-21 11:00:00,93.57051943931624
srv-006,2017-06-21 12:00:00,94.00173284808159
srv-006,2017-06-21 13:00:00,93.89004780048226
srv-006,2017-06-21 14:00:00,93.87293319312936
srv-006,2017-06-21 15:00:00,93.95190204292895
srv-006,2017-06-21 16:00:00,93.650099952922
srv-006,2017-06-21 17:00:00,93.74565572357466
srv-006,2017-06-21 18:00:00,93.6037346972386
srv-006,2017-06-21 19:00:00,94.03494810600394
srv-006,2017-06-21 20:00:00,93.92326305840461
srv-006,2017-06-21 21:00:00,93.9061484510517
srv-006,2017-06-21 22:00:00,93.9851173008513
srv-006,2017-06-21 23:00:00,93.68331521084436
srv-006,2017-06-22 00:00:00,93.77887098149701
srv-006,2017-06-22 01:00:00,93.63694995516094
srv-006,2017-06-22 02:00:00,94.06816336392629
srv-006,2017-06-22 03:00:00,93.95647831632697
srv-006,2017-06-22 04:00:00,93.93936370897406
srv-006,2017-06-22 05:00:00,94.01833255877365
srv-006,2017-06-22 06:00:00,93.7165304687667
srv-006,2017-06-22 07:00:00,93.81208623941936
srv-006,2017-06-22 08:00:00,93.6701652130833
srv-006,2017-06-22 09:00:00,94.10137862184864
srv-006,2017-06-22 10:00:00,93.98969357424932
srv-006,2017-06-22 11:00:00,93.9725789668964
srv-006,2017-06-22 12:00:00,94.051547816696
srv-006,2017-06-22 13:00:00,93.74974572668906
srv-006,2017-06-22 14:00:00,93.84530149734171
srv-006,2017-06-22 15:00:00,93.70338047100564
srv-006,2017-06-22 16:00:00,94.13459387977099
srv-006,2017-06-22 17:00:00,94.02290883217167
srv-006,2017-06-22 18:00:00,94.00579422481876
srv-006,2017-06-22 19:00:00,94.08476307461835
srv-006,2017-06-22 20:00:00,93.7829609846114
srv-006,2017-06-22 21:00:00,93.87851675526406
srv-006,2017-06-22 22:00:00,93.736595728928
srv-006,2017-06-22 23:00:00,94.16780913769334
srv-006,2017-06-23 00:00:00,94.05612409009402
srv-006,2017-06-23 01:00:00,94.03900948274111
srv-006,2017-06-23 02:00:00,94.1179783325407
srv-006,2017-06-23 03:00:00,93.81617624253376
srv-006,2017-06-23 04:00:00,93.91173201318641
srv-006,2017-06-23 05:00:00,93.76981098685035
srv-006,2017-06-23 06:00:00,94.20102439561569
srv-006,2017-06-23 07:00:00,94.08933934801637
srv-006,2017-06-23 08:00:00,94.07222474066346
srv-006,2017-06-23 09:00:00,94.15119359046305
srv-006,2017-06-23 10:00:00,93.84939150045611
srv-006,2017-06-23 11:00:00,93.94494727110876
srv-006,2017-06-23 12:00:00,93.8030262447727
srv-006,2017-06-23 13:00:00,94.23423965353804
srv-006,2017-06-23 14:00:00,94.12255460593872
srv-006,2017-06-23 15:00:00,94.10543999858581
srv-006,2017-06-23 16:00:00,94.1844088483854
srv-006,2017-06-23 17:00:00,93.88260675837846
srv-006,2017-06-23 18:00:00,93.97816252903111
srv-006,2017-06-23 19:00:00,93.83624150269505
srv-006,2017-06-23 20:00:00,94.26745491146039
srv-006,2017-06-23 21:00:00,94.15576986386107
srv-006,2017-06-23 22:00:00,94.13865525650816
srv-006,2017-06-23 23:00:00,94.21762410630775
srv-006,2017-06-24 00:00:00,93.91582201630081
srv-006,2017-06-24 01:00:00,94.01137778695346
srv-006,2017-06-24 02:00:00,93.8694567606174
srv-006,2017-06-24 03:00:00,94.30067016938274
srv-006,2017-06-24 04:00:00,94.18898512178342
srv-006,2017-06-24 05:00:00,94.17187051443051
srv-006,2017-06-24 06:00:00,94.2508393642301
srv-006,2017-06-24 07:00:00,93.94903727422316
srv-006,2017-06-24 08:00:00,94.04459304487581
srv-006,2017-06-24 09:00:00,93.90267201853975
srv-006,2017-06-24 10:00:00,94.33388542730509
srv-006,2017-06-24 11:00:00,94.22220037970577
srv-006,2017-06-24 12:00:00,94.20508577235286
srv-006,2017-06-24 13:00:00,94.28405462215245
srv-006,2017-06-24 14:00:00,93.98225253214551
srv-006,2017-06-24 15:00:00,94.07780830279816
srv-006,2017-06-24 16:00:00,93.9358872764621
srv-006,2017-06-24 17:00:00,94.36710068522744
srv-006,2017-06-24 18:00:00,94.25541563762812
srv-006,2017-06-24 19:00:00,94.23830103027521
srv-006,2017-06-24 20:00:00,94.3172698800748
srv-006,2017-06-24 21:00:00,94.01546779006786
srv-006,2017-06-24 22:00:00,94.11102356072051
srv-006,2017-06-24 23:00:00,93.96910253438445
srv-006,2017-06-25 00:00:00,94.40031594314979
srv-006,2017-06-25 01:00:00,94.28863089555047
srv-006,2017-06-25 02:00:00,94.27151628819756
srv-006,2017-06-25 03:00:00,94.35048513799715
srv-006,2017-06-25 04:00:00,94.04868304799021
srv-006,2017-06-25 05:00:00,94.14423881864286
srv-006,2017-06-25 06:00:00,94.0023177923068
srv-006,2017-06-25 07:00:00,94.43353120107214
srv-006,2017-06-25 08:00:00,94.32184615347282
srv-006,2017-06-25 09:00:00,94.30473154611991
srv-006,2017-06-25 10:00:00,94.3837003959195
srv-006,2017-06-25 11:00:00,94.08189830591256
srv-006,2017-06-25 12:00:00,94.17745407656521
srv-006,2017-06-25 13:00:00,94.03553305022915
srv-006,2017-06-25 14:00:00,94.46674645899449
srv-006,2017-06-25 15:00:00,94.35506141139517
srv-006,2017-06-25 16:00:00,94.33794680404226
srv-006,2017-06-25 17:00:00,94.41691565384185
srv-006,2017-06-25 18:00:00,94.11511356383491
srv-006,2017-06-25 19:00:00,94.21066933448756
srv-006,2017-06-25 20:00:00,94.0687483081515
srv-006,2017-06-25 21:00:00,94.49996171691684
srv-006,2017-06-25 22:00:00,94.38827666931752
srv-006,2017-06-25 23:00:00,94.37116206196461
srv-006,2017-06-26 00:00:00,94.4501309117642
srv-006,2017-06-26 01:00:00,94.14832882175726
srv-006,2017-06-26 02:00:00,94.24388459240991
srv-006,2017-06-26 03:00:00,94.10196356607385
srv-006,2017-06-26 04:00:00,94.5331769748392
srv-006,2017-06-26 05:00:00,94.42149192723987
srv-006,2017-06-26 06:00:00,94.40437731988696
srv-006,2017-06-26 07:00:00,94.48334616968656
srv-006,2017-06-26 08:00:00,94.18154407967961
srv-006,2017-06-26 09:00:00,94.27709985033226
srv-006,2017-06-26 10:00:00,94.1351788239962
srv-006,2017-06-26 11:00:00,94.56639223276154
srv-006,2017-06-26 12:00:00,94.45470718516222
srv-006,2017-06-26 13:00:00,94.43759257780931
srv-006,2017-06-26 14:00:00,94.5165614276089
srv-006,2017-06-26 15:00:00,94.21475933760196
srv-006,2017-06-26 16:00:00,94.31031510825461
srv-006,2017-06-26 17:00:00,94.16839408191855
srv-006,2017-06-26 18:00:00,94.5996074906839
srv-006,2017-06-26 19:00:00,94.48792244308457
srv-006,2017-06-26 20:00:00,94.47080783573166
srv-006,2017-06-26 21:00:00,94.54977668553126
srv-006,2017-06-26 22:00:00,94.24797459552431
srv-006,2017-06-26 23:00:00,94.34353036617696
srv-006,2017-06-27 00:00:00,94.2016093398409
srv-006,2017-06-27 01:00:00,94.63282274860624
srv-006,2017-06-27 02:00:00,94.52113770100692
srv-006,2017-06-27 03:00:00,94.50402309365401
srv-006,2017-06-27 04:00:00,94.5829919434536
srv-006,2017-06-27 05:00:00,94.28118985344666
srv-006,2017-06-27 06:00:00,94.37674562409931
srv-006,2017-06-27 07:00:00,94.23482459776325
srv-006,2017-06-27 08:00:00,94.6660380065286
srv-006,2017-06-27 09:00:00,94.55435295892927
srv-006,2017-06-27 10:00:00,94.53723835157636
srv-006,2017-06-27 11:00:00,94.61620720137596
srv-006,2017-06-27 12:00:00,94.31440511136901
srv-006,2017-06-27 13:00:00,94.40996088202166
srv-006,2017-06-27 14:00:00,94.2680398556856
srv-006,2017-06-27 15:00:00,94.69925326445095
srv-006,2017-06-27 16:00:00,94.58756821685162
srv-006,2017-06-27 17:00:00,94.57045360949871
srv-006,2017-06-27 18:00:00,94.64942245929831
srv-006,2017-06-27 19:00:00,94.34762036929136
srv-006,2017-06-27 20:00:00,94.44317613994401
srv-006,2017-06-27 21:00:00,94.30125511360795
srv-006,2017-06-27 22:00:00,94.7324685223733
srv-006,2017-06-27 23:00:00,94.62078347477397
srv-006,2017-06-28 00:00:00,94.60366886742106
srv-006,2017-06-28 01:00:00,94.68263771722066
srv-006,2017-06-28 02:00:00,94.38083562721371
srv-006,2017-06-28 03:00:00,94.47639139786637
srv-006,2017-06-28 04:00:00,94.3344703715303
srv-006,2017-06-28 05:00:00,94.76568378029565
srv-006,2017-06-28 06:00:00,94.65399873269632
srv-006,2017-06-28 07:00:00,94.63688412534341
srv-006,2017-06-28 08:00:00,94.71585297514301
srv-006,2017-06-28 09:00:00,94.41405088513606
srv-006,2017-06-28 10:00:00,94.50960665578872
srv-006,2017-06-28 11:00:00,94.36768562945265
srv-006,2017-06-28 12:00:00,94.798899038218
srv-006,2017-06-28 13:00:00,94.68721399061867
srv-006,2017-06-28 14:00:00,94.67009938326576
srv-006,2017-06-28 15:00:00,94.74906823306536
srv-006,2017-06-28 16:00:00,94.44726614305841
srv-006,2017-06-28 17:00:00,94.54282191371107
srv-006,2017-06-28 18:00:00,94.400900887375
srv-006,2017-06-28 19:00:00,94.83211429614035
srv-006,2017-06-28 20:00:00,94.72042924854102
srv-006,2017-06-28 21:00:00,94.70331464118811
srv-006,2017-06-28 22:00:00,94.78228349098771
srv-006,2017-06-28 23:00:00,94.48048140098076
srv-006,2017-06-29 00:00:00,94.57603717163342
srv-006,2017-06-29 01:00:00,94.43411614529735
srv-006,2017-06-29 02:00:00,94.8653295540627
srv-006,2017-06-29 03:00:00,94.75364450646337
srv-006,2017-06-29 04:00:00,94.73652989911047
srv-006,2017-06-29 05:00:00,94.81549874891006
srv-006,2017-06-29 06:00:00,94.51369665890311
srv-006,2017-06-29 07:00:00,94.60925242955577
srv-006,2017-06-29 08:00:00,94.4673314032197
srv-006,2017-06-29 09:00:00,94.89854481198505
srv-006,2017-06-29 10:00:00,94.78685976438572
srv-006,2017-06-29 11:00:00,94.76974515703282
srv-006,2017-06-29 12:00:00,94.84871400683241
srv-006,2017-06-29 13:00:00,94.54691191682547
srv-006,2017-06-29 14:00:00,94.64246768747812
srv-006,2017-06-29 15:00:00,94.50054666114205
srv-006,2017-06-29 16:00:00,94.9317600699074
srv-006,2017-06-29 17:00:00,94.82007502230807
srv-006,2017-06-29 18:00:00,94.80296041495517
srv-006,2017-06-29 19:00:00,94.88192926475476
srv-006,2017-06-29 20:00:00,94.58012717474782
srv-006,2017-06-29 21:00:00,94.67568294540047
srv-006,2017-06-29 22:00:00,94.5337619190644
srv-006,2017-06-29 23:00:00,94.96497532782975
srv-006,2017-06-30 00:00:00,94.85329028023042
srv-006,2017-06-30 01:00:00,94.83617567287752
srv-006,2017-06-30 02:00:00,94.91514452267711
srv-006,2017-06-30 03:00:00,94.61334243267017
srv-006,2017-06-30 04:00:00,94.70889820332282
srv-006,2017-06-30 05:00:00,94.56697717698675
srv-006,2017-06-30 06:00:00,94.9981905857521
srv-006,2017-06-30 07:00:00,94.88650553815278
srv-006,2017-06-30 08:00:00,94.86939093079987
srv-006,2017-06-30 09:00:00,94.94835978059946
srv-006,2017-06-30 10:00:00,94.64655769059252
srv-006,2017-06-30 11:00:00,94.74211346124517
srv-006,2017-06-30 12:00:00,94.6001924349091
srv-006,2017-06-30 13:00:00,95.03140584367445
srv-006,2017-06-30 14:00:00,94.91972079607513
srv-006,2017-06-30 15:00:00,94.90260618872222
srv-006,2017-06-30 16:00:00,94.98157503852181
srv-006,2017-06-30 17:00:00,94.67977294851487
srv-006,2017-06-30 18:00:00,94.77532871916752
srv-006,2017-06-30 19:00:00,94.63340769283145
srv-006,2017-06-30 20:00:00,95.0646211015968
srv-006,2017-06-30 21:00:00,94.95293605399748
srv-006,2017-06-30 22:00:00,94.93582144664457
srv-006,2017-06-30 23:00:00,95.01479029644416
srv-007,2017-06-01 23:00:00,43.335389729413684
srv-007,2017-06-02 00:00:00,43.89187702577143
srv-007,2017-06-02 01:00:00,44.33034819309757
srv-007,2017-06-02 02:00:00,44.80736160872603
srv-007,2017-06-02 03:00:00,44.95719245453105
srv-007,2017-06-02 04:00:00,45.231066887520775
srv-007,2017-06-02 05:00:00,45.1032916728026
srv-007,2017-06-02 06:00:00,45.09580326790321
srv-007,2017-06-02 07:00:00,45.129274385963065
srv-007,2017-06-02 08:00:00,45.199498399731425
srv-007,2017-06-02 09:00:00,45.417251131797705
srv-007,2017-06-02 10:00:00,45.38454248701163
srv-007,2017-06-02 11:00:00,45.52989882313831
srv-007,2017-06-02 12:00:00,45.311642433557765
srv-007,2017-06-02 13:00:00,45.24045103389324
srv-007,2017-06-02 14:00:00,45.229071639787584
srv-007,2017-06-02 15:00:00,45.267718355708496
srv-007,2017-06-02 16:00:00,45.46323888367671
srv-007,2017-06-02 17:00:00,45.414877509483034
srv-007,2017-06-02 18:00:00,45.54921343859363
srv-007,2017-06-02 19:00:00,45.323198059018445
srv-007,2017-06-02 20:00:00,45.24654389145146
srv-007,2017-06-02 21:00:00,45.23131839970037
srv-007,2017-06-02 22:00:00,45.26725724529577
srv-007,2017-06-02 23:00:00,45.460871279363985
srv-007,2017-06-03 00:00:00,45.4111676256097
srv-007,2017-06-03 01:00:00,45.5445585139736
srv-007,2017-06-03 02:00:00,45.31787777224947
srv-007,2017-06-03 03:00:00,45.240755152088475
srv-007,2017-06-03 04:00:00,45.22519984320969
srv-007,2017-06-03 05:00:00,45.26090647888863
srv-007,2017-06-03 06:00:00,45.45435702403898
srv-007,2017-06-03 07:00:00,45.40453826483755
srv-007,2017-06-03 08:00:00,45.53784811245486
srv-007,2017-06-03 09:00:00,45.31111031346046
srv-007,2017-06-03 10:00:00,45.23394752175333
srv-007,2017-06-03 11:00:00,45.218363929833465
srv-007,2017-06-03 12:00:00,45.25405065265144
srv-007,2017-06-03 13:00:00,45.447487178021156
srv-007,2017-06-03 14:00:00,45.39765854810103
srv-007,2017-06-03 15:00:00,45.53096144617396
srv-007,2017-06-03 16:00:00,45.304218754307165
srv-007,2017-06-03 17:00:00,45.227052517741065
srv-007,2017-06-03 18:00:00,45.211466500445596
srv-007,2017-06-03 19:00:00,45.24715151566195
srv-007,2017-06-03 20:00:00,45.44058683878351
srv-007,2017-06-03 21:00:00,45.39075736241267
srv-007,2017-06-03 22:00:00,45.524059664536416
srv-007,2017-06-03 23:00:00,45.29731655308768
srv-007,2017-06-04 00:00:00,45.22015002111216
srv-007,2017-06-04 01:00:00,45.20456379583175
srv-007,2017-06-04 02:00:00,45.24024866461493
srv-007,2017-06-04 03:00:00,45.43368388463926
srv-007,2017-06-04 04:00:00,45.38385433568213
srv-007,2017-06-04 05:00:00,45.51715658670103
srv-007,2017-06-04 06:00:00,45.29041343927159
srv-007,2017-06-04 07:00:00,45.21324688196361
srv-007,2017-06-04 08:00:00,45.19766063884772
srv-007,2017-06-04 09:00:00,45.23334549507371
srv-007,2017-06-04 10:00:00,45.42678070625707
srv-007,2017-06-04 11:00:00,45.376951151075396
srv-007,2017-06-04 12:00:00,45.510253397711864
srv-007,2017-06-04 13:00:00,45.28351024719694
srv-007,2017-06-04 14:00:00,45.20634368771662
srv-007,2017-06-04 15:00:00,45.19075744307127
srv-007,2017-06-04 16:00:00,45.226442298220434
srv-007,2017-06-04 17:00:00,45.41987750864564
srv-007,2017-06-04 18:00:00,45.370047952930186
srv-007,2017-06-04 19:00:00,45.50335019919084
srv-007,2017-06-04 20:00:00,45.27660704841133
srv-007,2017-06-04 21:00:00,45.19944048874471
srv-007,2017-06-04 22:00:00,45.183854243968206
srv-007,2017-06-04 23:00:00,45.21953909902503
srv-007,2017-06-05 00:00:00,45.41297430938523
srv-007,2017-06-05 01:00:00,45.363144753624006
srv-007,2017-06-05 02:00:00,45.49644699985243
srv-007,2017-06-05 03:00:00,45.26970384905023
srv-007,2017-06-05 04:00:00,45.19253728936764
srv-007,2017-06-05 05:00:00,45.17695104457989
srv-007,2017-06-05 06:00:00,45.21263589962879
srv-007,2017-06-05 07:00:00,45.406071109983415
srv-007,2017-06-05 08:00:00,45.35624155421827
srv-007,2017-06-05 09:00:00,45.48954380044394
srv-007,2017-06-05 10:00:00,45.26280064963979
srv-007,2017-06-05 11:00:00,45.18563408995583
srv-007,2017-06-05 12:00:00,45.17004784516711
srv-007,2017-06-05 13:00:00,45.205732700215336
srv-007,2017-06-05 14:00:00,45.39916791056948
srv-007,2017-06-05 15:00:00,45.349338354804
srv-007,2017-06-05 16:00:00,45.48264060102943
srv-007,2017-06-05 17:00:00,45.25589745022512
srv-007,2017-06-05 18:00:00,45.17873089054104
srv-007,2017-06-05 19:00:00,45.16314464575223
srv-007,2017-06-05 20:00:00,45.1988295008004
srv-007,2017-06-05 21:00:00,45.3922647111545
srv-007,2017-06-05 22:00:00,45.34243515538899
srv-007,2017-06-05 23:00:00,45.475737401614396
srv-007,2017-06-06 00:00:00,45.248994250810064
srv-007,2017-06-06 01:00:00,45.17182769112598
srv-007,2017-06-06 02:00:00,45.15624144633718
srv-007,2017-06-06 03:00:00,45.19192630138534
srv-007,2017-06-06 04:00:00,45.38536151173944
srv-007,2017-06-06 05:00:00,45.33553195597393
srv-007,2017-06-06 06:00:00,45.46883420219933
srv-007,2017-06-06 07:00:00,45.242091051395
srv-007,2017-06-06 08:00:00,45.16492449171091
srv-007,2017-06-06 09:00:00,45.149338246922106
srv-007,2017-06-06 10:00:00,45.18502310197027
srv-007,2017-06-06 11:00:00,45.37845831232437
srv-007,2017-06-06 12:00:00,45.32862875655886
srv-007,2017-06-06 13:00:00,45.46193100278426
srv-007,2017-06-06 14:00:00,45.23518785197993
srv-007,2017-06-06 15:00:00,45.15802129229584
srv-007,2017-06-06 16:00:00,45.142435047507036
srv-007,2017-06-06 17:00:00,45.178119902555196
srv-007,2017-06-06 18:00:00,45.37155511290929
srv-007,2017-06-06 19:00:00,45.32172555714378
srv-007,2017-06-06 20:00:00,45.455027803369184
srv-007,2017-06-06 21:00:00,45.22828465256485
srv-007,2017-06-06 22:00:00,45.151118092880765
srv-007,2017-06-06 23:00:00,45.13553184809196
srv-007,2017-06-07 00:00:00,45.17121670314012
srv-007,2017-06-07 01:00:00,45.364651913494214
srv-007,2017-06-07 02:00:00,45.3148223577287
srv-007,2017-06-07 03:00:00,45.448124603954106
srv-007,2017-06-07 04:00:00,45.221381453149775
srv-007,2017-06-07 05:00:00,45.14421489346569
srv-007,2017-06-07 06:00:00,45.12862864867688
srv-007,2017-06-07 07:00:00,45.16431350372504
srv-007,2017-06-07 08:00:00,45.357748714079136
srv-007,2017-06-07 09:00:00,45.307919158313624
srv-007,2017-06-07 10:00:00,45.44122140453903
srv-007,2017-06-07 11:00:00,45.2144782537347
srv-007,2017-06-07 12:00:00,45.13731169405061
srv-007,2017-06-07 13:00:00,45.1217254492618
srv-007,2017-06-07 14:00:00,45.15741030430996
srv-007,2017-06-07 15:00:00,45.35084551466406
srv-007,2017-06-07 16:00:00,45.301015958898546
srv-007,2017-06-07 17:00:00,45.43431820512395
srv-007,2017-06-07 18:00:00,45.20757505431962
srv-007,2017-06-07 19:00:00,45.13040849463553
srv-007,2017-06-07 20:00:00,45.114822249846725
srv-007,2017-06-07 21:00:00,45.150507104894885
srv-007,2017-06-07 22:00:00,45.34394231524898
srv-007,2017-06-07 23:00:00,45.29411275948347
srv-007,2017-06-08 00:00:00,45.42741500570887
srv-007,2017-06-08 01:00:00,45.20067185490454
srv-007,2017-06-08 02:00:00,45.123505295220454
srv-007,2017-06-08 03:00:00,45.10791905043165
srv-007,2017-06-08 04:00:00,45.14360390547981
srv-007,2017-06-08 05:00:00,45.3370391158339
srv-007,2017-06-08 06:00:00,45.28720956006839
srv-007,2017-06-08 07:00:00,45.420511806293796
srv-007,2017-06-08 08:00:00,45.193768655489464
srv-007,2017-06-08 09:00:00,45.116602095805376
srv-007,2017-06-08 10:00:00,45.10101585101657
srv-007,2017-06-08 11:00:00,45.13670070606473
srv-007,2017-06-08 12:00:00,45.330135916418826
srv-007,2017-06-08 13:00:00,45.28030636065331
srv-007,2017-06-08 14:00:00,45.41360860687872
srv-007,2017-06-08 15:00:00,45.186865456074386
srv-007,2017-06-08 16:00:00,45.1096988963903
srv-007,2017-06-08 17:00:00,45.09411265160149
srv-007,2017-06-08 18:00:00,45.12979750664965
srv-007,2017-06-08 19:00:00,45.32323271700375
srv-007,2017-06-08 20:00:00,45.273403161238235
srv-007,2017-06-08 21:00:00,45.40670540746364
srv-007,2017-06-08 22:00:00,45.17996225665931
srv-007,2017-06-08 23:00:00,45.10279569697522
srv-007,2017-06-09 00:00:00,45.087209452186414
srv-007,2017-06-09 01:00:00,45.122894307234574
srv-007,2017-06-09 02:00:00,45.31632951758867
srv-007,2017-06-09 03:00:00,45.26649996182316
srv-007,2017-06-09 04:00:00,45.39980220804856
srv-007,2017-06-09 05:00:00,45.17305905724423
srv-007,2017-06-09 06:00:00,45.09589249756014
srv-007,2017-06-09 07:00:00,45.08030625277134
srv-007,2017-06-09 08:00:00,45.1159911078195
srv-007,2017-06-09 09:00:00,45.30942631817359
srv-007,2017-06-09 10:00:00,45.25959676240808
srv-007,2017-06-09 11:00:00,45.392899008633485
srv-007,2017-06-09 12:00:00,45.16615585782915
srv-007,2017-06-09 13:00:00,45.088989298145066
srv-007,2017-06-09 14:00:00,45.07340305335626
srv-007,2017-06-09 15:00:00,45.10908790840442
srv-007,2017-06-09 16:00:00,45.302523118758515
srv-007,2017-06-09 17:00:00,45.252693562993
srv-007,2017-06-09 18:00:00,45.38599580921841
srv-007,2017-06-09 19:00:00,45.159252658414076
srv-007,2017-06-09 20:00:00,45.08208609872999
srv-007,2017-06-09 21:00:00,45.06649985394118
srv-007,2017-06-09 22:00:00,45.10218470898934
srv-007,2017-06-09 23:00:00,45.29561991934344
srv-007,2017-06-10 00:00:00,45.245790363577925
srv-007,2017-06-10 01:00:00,45.37909260980333
srv-007,2017-06-10 02:00:00,45.152349458999
srv-007,2017-06-10 03:00:00,45.07518289931491
srv-007,2017-06-10 04:00:00,45.0595966545261
srv-007,2017-06-10 05:00:00,45.095281509574264
srv-007,2017-06-10 06:00:00,45.28871671992836
srv-007,2017-06-10 07:00:00,45.23888716416285
srv-007,2017-06-10 08:00:00,45.37218941038825
srv-007,2017-06-10 09:00:00,45.14544625958392
srv-007,2017-06-10 10:00:00,45.06827969989983
srv-007,2017-06-10 11:00:00,45.052693455111026
srv-007,2017-06-10 12:00:00,45.088378310159186
srv-007,2017-06-10 13:00:00,45.28181352051328
srv-007,2017-06-10 14:00:00,45.23198396474777
srv-007,2017-06-10 15:00:00,45.365286210973174
srv-007,2017-06-10 16:00:00,45.13854306016884
srv-007,2017-06-10 17:00:00,45.061376500484755
srv-007,2017-06-10 18:00:00,45.04579025569595
srv-007,2017-06-10 19:00:00,45.08147511074411
srv-007,2017-06-10 20:00:00,45.274910321098204
srv-007,2017-06-10 21:00:00,45.22508076533269
srv-007,2017-06-10 22:00:00,45.3583830115581
srv-007,2017-06-10 23:00:00,45.131639860753765
srv-007,2017-06-11 00:00:00,45.05447330106968
srv-007,2017-06-11 01:00:00,45.03888705628087
srv-007,2017-06-11 02:00:00,45.07457191132903
srv-007,2017-06-11 03:00:00,45.26800712168313
srv-007,2017-06-11 04:00:00,45.218177565917614
srv-007,2017-06-11 05:00:00,45.35147981214302
srv-007,2017-06-11 06:00:00,45.12473666133869
srv-007,2017-06-11 07:00:00,45.0475701016546
srv-007,2017-06-11 08:00:00,45.03198385686579
srv-007,2017-06-11 09:00:00,45.06766871191395
srv-007,2017-06-11 10:00:00,45.26110392226805
srv-007,2017-06-11 11:00:00,45.211274366502536
srv-007,2017-06-11 12:00:00,45.34457661272794
srv-007,2017-06-11 13:00:00,45.11783346192361
srv-007,2017-06-11 14:00:00,45.04066690223952
srv-007,2017-06-11 15:00:00,45.025080657450715
srv-007,2017-06-11 16:00:00,45.060765512498875
srv-007,2017-06-11 17:00:00,45.25420072285297
srv-007,2017-06-11 18:00:00,45.20437116708746
srv-007,2017-06-11 19:00:00,45.337673413312864
srv-007,2017-06-11 20:00:00,45.11093026250853
srv-007,2017-06-11 21:00:00,45.033763702824444
srv-007,2017-06-11 22:00:00,45.01817745803564
srv-007,2017-06-11 23:00:00,45.0538623130838
srv-007,2017-06-12 00:00:00,45.247297523437894
srv-007,2017-06-12 01:00:00,45.19746796767238
srv-007,2017-06-12 02:00:00,45.330770213897786
srv-007,2017-06-12 03:00:00,45.104027063093454
srv-007,2017-06-12 04:00:00,45.02686050340937
srv-007,2017-06-12 05:00:00,45.01127425862056
srv-007,2017-06-12 06:00:00,45.04695911366872
srv-007,2017-06-12 07:00:00,45.240394324022816
srv-007,2017-06-12 08:00:00,45.1905647682573
srv-007,2017-06-12 09:00:00,45.32386701448271
srv-007,2017-06-12 10:00:00,45.09712386367838
srv-007,2017-06-12 11:00:00,45.01995730399429
srv-007,2017-06-12 12:00:00,45.00437105920548
srv-007,2017-06-12 13:00:00,45.04005591425364
srv-007,2017-06-12 14:00:00,45.23349112460774
srv-007,2017-06-12 15:00:00,45.183661568842226
srv-007,2017-06-12 16:00:00,45.31696381506763
srv-007,2017-06-12 17:00:00,45.0902206642633
srv-007,2017-06-12 18:00:00,45.01305410457921
srv-007,2017-06-12 19:00:00,44.997467859790405
srv-007,2017-06-12 20:00:00,45.033152714838565
srv-007,2017-06-12 21:00:00,45.22658792519266
srv-007,2017-06-12 22:00:00,45.17675836942715
srv-007,2017-06-12 23:00:00,45.31006061565255
srv-007,2017-06-13 00:00:00,45.08331746484822
srv-007,2017-06-13 01:00:00,45.006150905164134
srv-007,2017-06-13 02:00:00,44.99056466037533
srv-007,2017-06-13 03:00:00,45.02624951542349
srv-007,2017-06-13 04:00:00,45.21968472577758
srv-007,2017-06-13 05:00:00,45.16985517001207
srv-007,2017-06-13 06:00:00,45.303157416237475
srv-007,2017-06-13 07:00:00,45.076414265433144
srv-007,2017-06-13 08:00:00,44.999247705749056
srv-007,2017-06-13 09:00:00,44.98366146096025
srv-007,2017-06-13 10:00:00,45.01934631600841
srv-007,2017-06-13 11:00:00,45.212781526362505
srv-007,2017-06-13 12:00:00,45.16295197059699
srv-007,2017-06-13 13:00:00,45.2962542168224
srv-007,2017-06-13 14:00:00,45.069511066018066
srv-007,2017-06-13 15:00:00,44.99234450633398
srv-007,2017-06-13 16:00:00,44.97675826154517
srv-007,2017-06-13 17:00:00,45.01244311659333
srv-007,2017-06-13 18:00:00,45.20587832694743
srv-007,2017-06-13 19:00:00,45.156048771181915
srv-007,2017-06-13 20:00:00,45.28935101740732
srv-007,2017-06-13 21:00:00,45.06260786660299
srv-007,2017-06-13 22:00:00,44.9854413069189
srv-007,2017-06-13 23:00:00,44.969855062130094
srv-007,2017-06-14 00:00:00,45.005539917178254
srv-007,2017-06-14 01:00:00,45.19897512753235
srv-007,2017-06-14 02:00:00,45.14914557176684
srv-007,2017-06-14 03:00:00,45.28244781799224
srv-007,2017-06-14 04:00:00,45.05570466718791
srv-007,2017-06-14 05:00:00,44.97853810750382
srv-007,2017-06-14 06:00:00,44.962951862715016
srv-007,2017-06-14 07:00:00,44.998636717763176
srv-007,2017-06-14 08:00:00,45.19207192811727
srv-007,2017-06-14 09:00:00,45.14224237235176
srv-007,2017-06-14 10:00:00,45.275544618577165
srv-007,2017-06-14 11:00:00,45.04880146777283
srv-007,2017-06-14 12:00:00,44.971634908088745
srv-007,2017-06-14 13:00:00,44.95604866329994
srv-007,2017-06-14 14:00:00,44.9917335183481
srv-007,2017-06-14 15:00:00,45.185168728702195
srv-007,2017-06-14 16:00:00,45.13533917293668
srv-007,2017-06-14 17:00:00,45.26864141916209
srv-007,2017-06-14 18:00:00,45.041898268357755
srv-007,2017-06-14 19:00:00,44.96473170867367
srv-007,2017-06-14 20:00:00,44.94914546388486
srv-007,2017-06-14 21:00:00,44.98483031893302
srv-007,2017-06-14 22:00:00,45.17826552928712
srv-007,2017-06-14 23:00:00,45.128435973521604
srv-007,2017-06-15 00:00:00,45.26173821974701
srv-007,2017-06-15 01:00:00,45.03499506894268
srv-007,2017-06-15 02:00:00,44.95782850925859
srv-007,2017-06-15 03:00:00,44.94224226446978
srv-007,2017-06-15 04:00:00,44.97792711951794
srv-007,2017-06-15 05:00:00,45.17136232987204
srv-007,2017-06-15 06:00:00,45.12153277410653
srv-007,2017-06-15 07:00:00,45.25483502033193
srv-007,2017-06-15 08:00:00,45.0280918695276
srv-007,2017-06-15 09:00:00,44.95092530984351
srv-007,2017-06-15 10:00:00,44.935339065054706
srv-007,2017-06-15 11:00:00,44.971023920102866
srv-007,2017-06-15 12:00:00,45.16445913045696
srv-007,2017-06-15 13:00:00,45.11462957469145
srv-007,2017-06-15 14:00:00,45.247931820916854
srv-007,2017-06-15 15:00:00,45.02118867011252
srv-007,2017-06-15 16:00:00,44.944022110428435
srv-007,2017-06-15 17:00:00,44.92843586563963
srv-007,2017-06-15 18:00:00,44.96412072068779
srv-007,2017-06-15 19:00:00,45.157555931041884
srv-007,2017-06-15 20:00:00,45.10772637527637
srv-007,2017-06-15 21:00:00,45.241028621501776
srv-007,2017-06-15 22:00:00,45.014285470697445
srv-007,2017-06-15 23:00:00,44.93711891101336
srv-007,2017-06-16 00:00:00,44.92153266622455
srv-007,2017-06-16 01:00:00,44.95721752127271
srv-007,2017-06-16 02:00:00,45.150652731626806
srv-007,2017-06-16 03:00:00,45.100823175861294
srv-007,2017-06-16 04:00:00,45.2341254220867
srv-007,2017-06-16 05:00:00,45.00738227128237
srv-007,2017-06-16 06:00:00,44.93021571159828
srv-007,2017-06-16 07:00:00,44.91462946680947
srv-007,2017-06-16 08:00:00,44.95031432185763
srv-007,2017-06-16 09:00:00,45.14374953221173
srv-007,2017-06-16 10:00:00,45.093919976446216
srv-007,2017-06-16 11:00:00,45.22722222267162
srv-007,2017-06-16 12:00:00,45.00047907186729
srv-007,2017-06-16 13:00:00,44.9233125121832
srv-007,2017-06-16 14:00:00,44.907726267394395
srv-007,2017-06-16 15:00:00,44.943411122442555
srv-007,2017-06-16 16:00:00,45.13684633279665
srv-007,2017-06-16 17:00:00,45.08701677703114
srv-007,2017-06-16 18:00:00,45.22031902325654
srv-007,2017-06-16 19:00:00,44.99357587245221
srv-007,2017-06-16 20:00:00,44.916409312768124
srv-007,2017-06-16 21:00:00,44.90082306797932
srv-007,2017-06-16 22:00:00,44.93650792302748
srv-007,2017-06-16 23:00:00,45.12994313338157
srv-007,2017-06-17 00:00:00,45.08011357761606
srv-007,2017-06-17 01:00:00,45.213415823841466
srv-007,2017-06-17 02:00:00,44.986672673037134
srv-007,2017-06-17 03:00:00,44.909506113353046
srv-007,2017-06-17 04:00:00,44.89391986856424
srv-007,2017-06-17 05:00:00,44.9296047236124
srv-007,2017-06-17 06:00:00,45.123039933966496
srv-007,2017-06-17 07:00:00,45.07321037820098
srv-007,2017-06-17 08:00:00,45.20651262442639
srv-007,2017-06-17 09:00:00,44.979769473622056
srv-007,2017-06-17 10:00:00,44.90260291393797
srv-007,2017-06-17 11:00:00,44.88701666914916
srv-007,2017-06-17 12:00:00,44.92270152419732
srv-007,2017-06-17 13:00:00,45.11613673455142
srv-007,2017-06-17 14:00:00,45.066307178785905
srv-007,2017-06-17 15:00:00,45.19960942501131
srv-007,2017-06-17 16:00:00,44.97286627420698
srv-007,2017-06-17 17:00:00,44.89569971452289
srv-007,2017-06-17 18:00:00,44.880113469734084
srv-007,2017-06-17 19:00:00,44.915798324782244
srv-007,2017-06-17 20:00:00,45.10923353513634
srv-007,2017-06-17 21:00:00,45.05940397937083
srv-007,2017-06-17 22:00:00,45.19270622559623
srv-007,2017-06-17 23:00:00,44.9659630747919
srv-007,2017-06-18 00:00:00,44.88879651510781
srv-007,2017-06-18 01:00:00,44.87321027031901
srv-007,2017-06-18 02:00:00,44.90889512536717
srv-007,2017-06-18 03:00:00,45.10233033572126
srv-007,2017-06-18 04:00:00,45.05250077995575
srv-007,2017-06-18 05:00:00,45.185803026181155
srv-007,2017-06-18 06:00:00,44.95905987537682
srv-007,2017-06-18 07:00:00,44.881893315692736
srv-007,2017-06-18 08:00:00,44.86630707090393
srv-007,2017-06-18 09:00:00,44.90199192595209
srv-007,2017-06-18 10:00:00,45.095427136306185
srv-007,2017-06-18 11:00:00,45.04559758054067
srv-007,2017-06-18 12:00:00,45.17889982676608
srv-007,2017-06-18 13:00:00,44.952156675961746
srv-007,2017-06-18 14:00:00,44.87499011627766
srv-007,2017-06-18 15:00:00,44.85940387148885
srv-007,2017-06-18 16:00:00,44.89508872653701
srv-007,2017-06-18 17:00:00,45.08852393689111
srv-007,2017-06-18 18:00:00,45.038694381125595
srv-007,2017-06-18 19:00:00,45.171996627351
srv-007,2017-06-18 20:00:00,44.94525347654667
srv-007,2017-06-18 21:00:00,44.86808691686258
srv-007,2017-06-18 22:00:00,44.852500672073774
srv-007,2017-06-18 23:00:00,44.888185527121934
srv-007,2017-06-19 00:00:00,45.08162073747603
srv-007,2017-06-19 01:00:00,45.03179118171052
srv-007,2017-06-19 02:00:00,45.16509342793592
srv-007,2017-06-19 03:00:00,44.93835027713159
srv-007,2017-06-19 04:00:00,44.8611837174475
srv-007,2017-06-19 05:00:00,44.845597472658696
srv-007,2017-06-19 06:00:00,44.881282327706856
srv-007,2017-06-19 07:00:00,45.07471753806095
srv-007,2017-06-19 08:00:00,45.02488798229544
srv-007,2017-06-19 09:00:00,45.158190228520844
srv-007,2017-06-19 10:00:00,44.93144707771651
srv-007,2017-06-19 11:00:00,44.854280518032425
srv-007,2017-06-19 12:00:00,44.83869427324362
srv-007,2017-06-19 13:00:00,44.87437912829178
srv-007,2017-06-19 14:00:00,45.067814338645874
srv-007,2017-06-19 15:00:00,45.01798478288036
srv-007,2017-06-19 16:00:00,45.15128702910577
srv-007,2017-06-19 17:00:00,44.924543878301435
srv-007,2017-06-19 18:00:00,44.84737731861735
srv-007,2017-06-19 19:00:00,44.83179107382854
srv-007,2017-06-19 20:00:00,44.8674759288767
srv-007,2017-06-19 21:00:00,45.0609111392308
srv-007,2017-06-19 22:00:00,45.011081583465284
srv-007,2017-06-19 23:00:00,45.14438382969069
srv-007,2017-06-20 00:00:00,44.91764067888636
srv-007,2017-06-20 01:00:00,44.84047411920227
srv-007,2017-06-20 02:00:00,44.82488787441346
srv-007,2017-06-20 03:00:00,44.86057272946162
srv-007,2017-06-20 04:00:00,45.05400793981572
srv-007,2017-06-20 05:00:00,45.004178384050206
srv-007,2017-06-20 06:00:00,45.13748063027561
srv-007,2017-06-20 07:00:00,44.91073747947128
srv-007,2017-06-20 08:00:00,44.83357091978719
srv-007,2017-06-20 09:00:00,44.817984674998385
srv-007,2017-06-20 10:00:00,44.853669530046545
srv-007,2017-06-20 11:00:00,45.04710474040064
srv-007,2017-06-20 12:00:00,44.99727518463513
srv-007,2017-06-20 13:00:00,45.130577430860534
srv-007,2017-06-20 14:00:00,44.9038342800562
srv-007,2017-06-20 15:00:00,44.826667720372114
srv-007,2017-06-20 16:00:00,44.81108147558331
srv-007,2017-06-20 17:00:00,44.84676633063147
srv-007,2017-06-20 18:00:00,45.040201540985564
srv-007,2017-06-20 19:00:00,44.99037198522005
srv-007,2017-06-20 20:00:00,45.123674231445456
srv-007,2017-06-20 21:00:00,44.896931080641124
srv-007,2017-06-20 22:00:00,44.81976452095704
srv-007,2017-06-20 23:00:00,44.80417827616823
srv-007,2017-06-21 00:00:00,44.83986313121639
srv-007,2017-06-21 01:00:00,45.033298341570486
srv-007,2017-06-21 02:00:00,44.98346878580497
srv-007,2017-06-21 03:00:00,45.11677103203038
srv-007,2017-06-21 04:00:00,44.89002788122605
srv-007,2017-06-21 05:00:00,44.81286132154196
srv-007,2017-06-21 06:00:00,44.79727507675315
srv-007,2017-06-21 07:00:00,44.83295993180131
srv-007,2017-06-21 08:00:00,45.02639514215541
srv-007,2017-06-21 09:00:00,44.976565586389896
srv-007,2017-06-21 10:00:00,45.1098678326153
srv-007,2017-06-21 11:00:00,44.88312468181097
srv-007,2017-06-21 12:00:00,44.80595812212688
srv-007,2017-06-21 13:00:00,44.790371877338075
srv-007,2017-06-21 14:00:00,44.826056732386235
srv-007,2017-06-21 15:00:00,45.01949194274033
srv-007,2017-06-21 16:00:00,44.96966238697482
srv-007,2017-06-21 17:00:00,45.10296463320022
srv-007,2017-06-21 18:00:00,44.87622148239589
srv-007,2017-06-21 19:00:00,44.799054922711804
srv-007,2017-06-21 20:00:00,44.783468677923
srv-007,2017-06-21 21:00:00,44.81915353297116
srv-007,2017-06-21 22:00:00,45.01258874332525
srv-007,2017-06-21 23:00:00,44.96275918755974
srv-007,2017-06-22 00:00:00,45.096061433785145
srv-007,2017-06-22 01:00:00,44.869318282980814
srv-007,2017-06-22 02:00:00,44.792151723296726
srv-007,2017-06-22 03:00:00,44.77656547850792
srv-007,2017-06-22 04:00:00,44.81225033355608
srv-007,2017-06-22 05:00:00,45.005685543910175
srv-007,2017-06-22 06:00:00,44.95585598814466
srv-007,2017-06-22 07:00:00,45.08915823437007
srv-007,2017-06-22 08:00:00,44.862415083565736
srv-007,2017-06-22 09:00:00,44.78524852388165
srv-007,2017-06-22 10:00:00,44.76966227909284
srv-007,2017-06-22 11:00:00,44.805347134141
srv-007,2017-06-22 12:00:00,44.9987823444951
srv-007,2017-06-22 13:00:00,44.948952788729585
srv-007,2017-06-22 14:00:00,45.08225503495499
srv-007,2017-06-22 15:00:00,44.85551188415066
srv-007,2017-06-22 16:00:00,44.77834532446657
srv-007,2017-06-22 17:00:00,44.762759079677764
srv-007,2017-06-22 18:00:00,44.798443934725924
srv-007,2017-06-22 19:00:00,44.99187914508002
srv-007,2017-06-22 20:00:00,44.94204958931451
srv-007,2017-06-22 21:00:00,45.07535183553991
srv-007,2017-06-22 22:00:00,44.84860868473558
srv-007,2017-06-22 23:00:00,44.77144212505149
srv-007,2017-06-23 00:00:00,44.755855880262686
srv-007,2017-06-23 01:00:00,44.791540735310846
srv-007,2017-06-23 02:00:00,44.98497594566494
srv-007,2017-06-23 03:00:00,44.93514638989943
srv-007,2017-06-23 04:00:00,45.068448636124835
srv-007,2017-06-23 05:00:00,44.8417054853205
srv-007,2017-06-23 06:00:00,44.764538925636415
srv-007,2017-06-23 07:00:00,44.74895268084761
srv-007,2017-06-23 08:00:00,44.78463753589577
srv-007,2017-06-23 09:00:00,44.978072746249865
srv-007,2017-06-23 10:00:00,44.92824319048435
srv-007,2017-06-23 11:00:00,45.06154543670976
srv-007,2017-06-23 12:00:00,44.834802285905425
srv-007,2017-06-23 13:00:00,44.75763572622134
srv-007,2017-06-23 14:00:00,44.74204948143253
srv-007,2017-06-23 15:00:00,44.77773433648069
srv-007,2017-06-23 16:00:00,44.97116954683479
srv-007,2017-06-23 17:00:00,44.921339991069274
srv-007,2017-06-23 18:00:00,45.05464223729468
srv-007,2017-06-23 19:00:00,44.82789908649035
srv-007,2017-06-23 20:00:00,44.75073252680626
srv-007,2017-06-23 21:00:00,44.73514628201745
srv-007,2017-06-23 22:00:00,44.77083113706561
srv-007,2017-06-23 23:00:00,44.96426634741971
srv-007,2017-06-24 00:00:00,44.9144367916542
srv-007,2017-06-24 01:00:00,45.0477390378796
srv-007,2017-06-24 02:00:00,44.82099588707527
srv-007,2017-06-24 03:00:00,44.74382932739118
srv-007,2017-06-24 04:00:00,44.728243082602376
srv-007,2017-06-24 05:00:00,44.763927937650536
srv-007,2017-06-24 06:00:00,44.95736314800463
srv-007,2017-06-24 07:00:00,44.90753359223912
srv-007,2017-06-24 08:00:00,45.040835838464524
srv-007,2017-06-24 09:00:00,44.81409268766019
srv-007,2017-06-24 10:00:00,44.736926127976105
srv-007,2017-06-24 11:00:00,44.7213398831873
srv-007,2017-06-24 12:00:00,44.75702473823546
srv-007,2017-06-24 13:00:00,44.950459948589554
srv-007,2017-06-24 14:00:00,44.90063039282404
srv-007,2017-06-24 15:00:00,45.033932639049446
srv-007,2017-06-24 16:00:00,44.807189488245115
srv-007,2017-06-24 17:00:00,44.73002292856103
srv-007,2017-06-24 18:00:00,44.71443668377222
srv-007,2017-06-24 19:00:00,44.75012153882038
srv-007,2017-06-24 20:00:00,44.943556749174476
srv-007,2017-06-24 21:00:00,44.893727193408964
srv-007,2017-06-24 22:00:00,45.02702943963437
srv-007,2017-06-24 23:00:00,44.80028628883004
srv-007,2017-06-25 00:00:00,44.72311972914595
srv-007,2017-06-25 01:00:00,44.70753348435714
srv-007,2017-06-25 02:00:00,44.7432183394053
srv-007,2017-06-25 03:00:00,44.9366535497594
srv-007,2017-06-25 04:00:00,44.886823993993886
srv-007,2017-06-25 05:00:00,45.02012624021929
srv-007,2017-06-25 06:00:00,44.79338308941496
srv-007,2017-06-25 07:00:00,44.71621652973087
srv-007,2017-06-25 08:00:00,44.700630284942065
srv-007,2017-06-25 09:00:00,44.736315139990225
srv-007,2017-06-25 10:00:00,44.92975035034432
srv-007,2017-06-25 11:00:00,44.87992079457881
srv-007,2017-06-25 12:00:00,45.01322304080421
srv-007,2017-06-25 13:00:00,44.78647988999988
srv-007,2017-06-25 14:00:00,44.709313330315794
srv-007,2017-06-25 15:00:00,44.69372708552699
srv-007,2017-06-25 16:00:00,44.72941194057515
srv-007,2017-06-25 17:00:00,44.92284715092924
srv-007,2017-06-25 18:00:00,44.87301759516373
srv-007,2017-06-25 19:00:00,45.006319841389136
srv-007,2017-06-25 20:00:00,44.779576690584804
srv-007,2017-06-25 21:00:00,44.70241013090072
srv-007,2017-06-25 22:00:00,44.68682388611191
srv-007,2017-06-25 23:00:00,44.72250874116007
srv-007,2017-06-26 00:00:00,44.915943951514166
srv-007,2017-06-26 01:00:00,44.86611439574865
srv-007,2017-06-26 02:00:00,44.99941664197406
srv-007,2017-06-26 03:00:00,44.772673491169726
srv-007,2017-06-26 04:00:00,44.69550693148564
srv-007,2017-06-26 05:00:00,44.67992068669683
srv-007,2017-06-26 06:00:00,44.71560554174499
srv-007,2017-06-26 07:00:00,44.90904075209909
srv-007,2017-06-26 08:00:00,44.859211196333575
srv-007,2017-06-26 09:00:00,44.99251344255898
srv-007,2017-06-26 10:00:00,44.76577029175465
srv-007,2017-06-26 11:00:00,44.68860373207056
srv-007,2017-06-26 12:00:00,44.673017487281754
srv-007,2017-06-26 13:00:00,44.708702342329914
srv-007,2017-06-26 14:00:00,44.90213755268401
srv-007,2017-06-26 15:00:00,44.8523079969185
srv-007,2017-06-26 16:00:00,44.9856102431439
srv-007,2017-06-26 17:00:00,44.75886709233957
srv-007,2017-06-26 18:00:00,44.68170053265548
srv-007,2017-06-26 19:00:00,44.66611428786668
srv-007,2017-06-26 20:00:00,44.70179914291484
srv-007,2017-06-26 21:00:00,44.89523435326893
srv-007,2017-06-26 22:00:00,44.84540479750342
srv-007,2017-06-26 23:00:00,44.978707043728825
srv-007,2017-06-27 00:00:00,44.75196389292449
srv-007,2017-06-27 01:00:00,44.674797333240406
srv-007,2017-06-27 02:00:00,44.6592110884516
srv-007,2017-06-27 03:00:00,44.69489594349976
srv-007,2017-06-27 04:00:00,44.888331153853855
srv-007,2017-06-27 05:00:00,44.83850159808834
srv-007,2017-06-27 06:00:00,44.97180384431375
srv-007,2017-06-27 07:00:00,44.745060693509416
srv-007,2017-06-27 08:00:00,44.66789413382533
srv-007,2017-06-27 09:00:00,44.65230788903652
srv-007,2017-06-27 10:00:00,44.68799274408468
srv-007,2017-06-27 11:00:00,44.88142795443878
srv-007,2017-06-27 12:00:00,44.831598398673265
srv-007,2017-06-27 13:00:00,44.96490064489867
srv-007,2017-06-27 14:00:00,44.73815749409434
srv-007,2017-06-27 15:00:00,44.66099093441025
srv-007,2017-06-27 16:00:00,44.645404689621444
srv-007,2017-06-27 17:00:00,44.681089544669604
srv-007,2017-06-27 18:00:00,44.8745247550237
srv-007,2017-06-27 19:00:00,44.82469519925819
srv-007,2017-06-27 20:00:00,44.95799744548359
srv-007,2017-06-27 21:00:00,44.73125429467926
srv-007,2017-06-27 22:00:00,44.65408773499517
srv-007,2017-06-27 23:00:00,44.638501490206366
srv-007,2017-06-28 00:00:00,44.674186345254526
srv-007,2017-06-28 01:00:00,44.86762155560862
srv-007,2017-06-28 02:00:00,44.81779199984311
srv-007,2017-06-28 03:00:00,44.951094246068514
srv-007,2017-06-28 04:00:00,44.72435109526418
srv-007,2017-06-28 05:00:00,44.647184535580095
srv-007,2017-06-28 06:00:00,44.63159829079129
srv-007,2017-06-28 07:00:00,44.66728314583945
srv-007,2017-06-28 08:00:00,44.860718356193544
srv-007,2017-06-28 09:00:00,44.81088880042803
srv-007,2017-06-28 10:00:00,44.94419104665344
srv-007,2017-06-28 11:00:00,44.717447895849105
srv-007,2017-06-28 12:00:00,44.64028133616502
srv-007,2017-06-28 13:00:00,44.62469509137621
srv-007,2017-06-28 14:00:00,44.66037994642437
srv-007,2017-06-28 15:00:00,44.85381515677847
srv-007,2017-06-28 16:00:00,44.803985601012954
srv-007,2017-06-28 17:00:00,44.93728784723836
srv-007,2017-06-28 18:00:00,44.71054469643403
srv-007,2017-06-28 19:00:00,44.63337813674994
srv-007,2017-06-28 20:00:00,44.61779189196113
srv-007,2017-06-28 21:00:00,44.65347674700929
srv-007,2017-06-28 22:00:00,44.84691195736339
srv-007,2017-06-28 23:00:00,44.797082401597876
srv-007,2017-06-29 00:00:00,44.93038464782328
srv-007,2017-06-29 01:00:00,44.70364149701895
srv-007,2017-06-29 02:00:00,44.62647493733486
srv-007,2017-06-29 03:00:00,44.610888692546055
srv-007,2017-06-29 04:00:00,44.646573547594215
srv-007,2017-06-29 05:00:00,44.84000875794831
srv-007,2017-06-29 06:00:00,44.7901792021828
srv-007,2017-06-29 07:00:00,44.923481448408204
srv-007,2017-06-29 08:00:00,44.69673829760387
srv-007,2017-06-29 09:00:00,44.619571737919784
srv-007,2017-06-29 10:00:00,44.60398549313098
srv-007,2017-06-29 11:00:00,44.63967034817914
srv-007,2017-06-29 12:00:00,44.833105558533234
srv-007,2017-06-29 13:00:00,44.78327600276772
srv-007,2017-06-29 14:00:00,44.916578248993126
srv-007,2017-06-29 15:00:00,44.689835098188794
srv-007,2017-06-29 16:00:00,44.61266853850471
srv-007,2017-06-29 17:00:00,44.5970822937159
srv-007,2017-06-29 18:00:00,44.63276714876406
srv-007,2017-06-29 19:00:00,44.826202359118156
srv-007,2017-06-29 20:00:00,44.77637280335264
srv-007,2017-06-29 21:00:00,44.90967504957805
srv-007,2017-06-29 22:00:00,44.68293189877372
srv-007,2017-06-29 23:00:00,44.60576533908963
srv-007,2017-06-30 00:00:00,44.59017909430082
srv-007,2017-06-30 01:00:00,44.62586394934898
srv-007,2017-06-30 02:00:00,44.81929915970308
srv-007,2017-06-30 03:00:00,44.769469603937566
srv-007,2017-06-30 04:00:00,44.90277185016297
srv-007,2017-06-30 05:00:00,44.67602869935864
srv-007,2017-06-30 06:00:00,44.59886213967455
srv-007,2017-06-30 07:00:00,44.583275894885745
srv-007,2017-06-30 08:00:00,44.618960749933905
srv-007,2017-06-30 09:00:00,44.812395960288
srv-007,2017-06-30 10:00:00,44.76256640452249
srv-007,2017-06-30 11:00:00,44.89586865074789
srv-007,2017-06-30 12:00:00,44.66912549994356
srv-007,2017-06-30 13:00:00,44.591958940259474
srv-007,2017-06-30 14:00:00,44.57637269547067
srv-007,2017-06-30 15:00:00,44.61205755051883
srv-007,2017-06-30 16:00:00,44.80549276087292
srv-007,2017-06-30 17:00:00,44.75566320510741
srv-007,2017-06-30 18:00:00,44.888965451332815
srv-007,2017-06-30 19:00:00,44.662222300528484
srv-007,2017-06-30 20:00:00,44.585055740844396
srv-007,2017-06-30 21:00:00,44.56946949605559
srv-007,2017-06-30 22:00:00,44.60515435110375
srv-007,2017-06-30 23:00:00,44.798589561457845
srv-008,2017-06-01 23:00:00,72.04707220435554
srv-008,2017-06-02 00:00:00,71.41100026198403
srv-008,2017-06-02 01:00:00,71.49366518444435
srv-008,2017-06-02 02:00:00,70.83195338073526
srv-008,2017-06-02 03:00:00,70.68615455436348
srv-008,2017-06-02 04:00:00,70.44149254039831
srv-008,2017-06-02 05:00:00,70.43009485765636
srv-008,2017-06-02 06:00:00,70.38307429369576
srv-008,2017-06-02 07:00:00,70.3480980874385
srv-008,2017-06-02 08:00:00,70.7287663063771
srv-008,2017-06-02 09:00:00,70.32931010062688
srv-008,2017-06-02 10:00:00,70.30041400994345
srv-008,2017-06-02 11:00:00,70.32422990512104
srv-008,2017-06-02 12:00:00,70.25309925070829
srv-008,2017-06-02 13:00:00,70.26353973203528
srv-008,2017-06-02 14:00:00,70.27074355367034
srv-008,2017-06-02 15:00:00,70.67567478551679
srv-008,2017-06-02 16:00:00,70.29387790477656
srv-008,2017-06-02 17:00:00,70.27469382618715
srv-008,2017-06-02 18:00:00,70.31061820928396
srv-008,2017-06-02 19:00:00,70.24015113088204
srv-008,2017-06-02 20:00:00,70.25392995117697
srv-008,2017-06-02 21:00:00,70.26342977384974
srv-008,2017-06-02 22:00:00,70.6697434330622
srv-008,2017-06-02 23:00:00,70.2888941166266
srv-008,2017-06-03 00:00:00,70.27026647466599
srv-008,2017-06-03 01:00:00,70.3067260283054
srv-008,2017-06-03 02:00:00,70.23638446503927
srv-008,2017-06-03 03:00:00,70.25033222771361
srv-008,2017-06-03 04:00:00,70.25994480643321
srv-008,2017-06-03 05:00:00,70.66632782105235
srv-008,2017-06-03 06:00:00,70.28552471426886
srv-008,2017-06-03 07:00:00,70.2669250581361
srv-008,2017-06-03 08:00:00,70.30340795215417
srv-008,2017-06-03 09:00:00,70.23307467476373
srv-008,2017-06-03 10:00:00,70.24703043093875
srv-008,2017-06-03 11:00:00,70.25664825695554
srv-008,2017-06-03 12:00:00,70.66303453768388
srv-008,2017-06-03 13:00:00,70.28223357279593
srv-008,2017-06-03 14:00:00,70.26363523637906
srv-008,2017-06-03 15:00:00,70.30011913918855
srv-008,2017-06-03 16:00:00,70.22978630321947
srv-008,2017-06-03 17:00:00,70.24374242340849
srv-008,2017-06-03 18:00:00,70.25336048598444
srv-008,2017-06-03 19:00:00,70.65974691502574
srv-008,2017-06-03 20:00:00,70.27894604646156
srv-008,2017-06-03 21:00:00,70.26034777002187
srv-008,2017-06-03 22:00:00,70.29683171616108
srv-008,2017-06-03 23:00:00,70.22649890164205
srv-008,2017-06-04 00:00:00,70.24045503802012
srv-008,2017-06-04 01:00:00,70.25007311104874
srv-008,2017-06-04 02:00:00,70.65645954667409
srv-008,2017-06-04 03:00:00,70.27565868235928
srv-008,2017-06-04 04:00:00,70.25706040858356
srv-008,2017-06-04 05:00:00,70.29354435657575
srv-008,2017-06-04 06:00:00,70.22321154304895
srv-008,2017-06-04 07:00:00,70.237167680136
srv-008,2017-06-04 08:00:00,70.2467857536204
srv-008,2017-06-04 09:00:00,70.65317218953375
srv-008,2017-06-04 10:00:00,70.27237132540404
srv-008,2017-06-04 11:00:00,70.25377305174489
srv-008,2017-06-04 12:00:00,70.29025699981608
srv-008,2017-06-04 13:00:00,70.21992418633384
srv-008,2017-06-04 14:00:00,70.23388032345161
srv-008,2017-06-04 15:00:00,70.24349839695573
srv-008,2017-06-04 16:00:00,70.64988483288155
srv-008,2017-06-04 17:00:00,70.26908396875983
srv-008,2017-06-04 18:00:00,70.25048569510572
srv-008,2017-06-04 19:00:00,70.28696964318029
srv-008,2017-06-04 20:00:00,70.21663682970001
srv-008,2017-06-04 21:00:00,70.23059296681912
srv-008,2017-06-04 22:00:00,70.24021104032408
srv-008,2017-06-04 23:00:00,70.64659747625045
srv-008,2017-06-05 00:00:00,70.26579661212908
srv-008,2017-06-05 01:00:00,70.24719833847519
srv-008,2017-06-05 02:00:00,70.28368228654989
srv-008,2017-06-05 03:00:00,70.2133494730697
srv-008,2017-06-05 04:00:00,70.22730561018886
srv-008,2017-06-05 05:00:00,70.23692368369386
srv-008,2017-06-05 06:00:00,70.64331011962025
srv-008,2017-06-05 07:00:00,70.2625092554989
srv-008,2017-06-05 08:00:00,70.24391098184503
srv-008,2017-06-05 09:00:00,70.28039492991974
srv-008,2017-06-05 10:00:00,70.21006211643954
srv-008,2017-06-05 11:00:00,70.22401825355871
srv-008,2017-06-05 12:00:00,70.2336363270637
srv-008,2017-06-05 13:00:00,70.64002276299009
srv-008,2017-06-05 14:00:00,70.25922189886873
srv-008,2017-06-05 15:00:00,70.24062362521485
srv-008,2017-06-05 16:00:00,70.27710757328957
srv-008,2017-06-05 17:00:00,70.20677475980938
srv-008,2017-06-05 18:00:00,70.22073089692854
srv-008,2017-06-05 19:00:00,70.23034897043354
srv-008,2017-06-05 20:00:00,70.63673540635992
srv-008,2017-06-05 21:00:00,70.25593454223856
srv-008,2017-06-05 22:00:00,70.23733626858468
srv-008,2017-06-05 23:00:00,70.2738202166594
srv-008,2017-06-06 00:00:00,70.20348740317921
srv-008,2017-06-06 01:00:00,70.21744354029838
srv-008,2017-06-06 02:00:00,70.22706161380337
srv-008,2017-06-06 03:00:00,70.63344804972975
srv-008,2017-06-06 04:00:00,70.2526471856084
srv-008,2017-06-06 05:00:00,70.23404891195452
srv-008,2017-06-06 06:00:00,70.27053286002923
srv-008,2017-06-06 07:00:00,70.20020004654904
srv-008,2017-06-06 08:00:00,70.21415618366821
srv-008,2017-06-06 09:00:00,70.2237742571732
srv-008,2017-06-06 10:00:00,70.63016069309958
srv-008,2017-06-06 11:00:00,70.24935982897823
srv-008,2017-06-06 12:00:00,70.23076155532435
srv-008,2017-06-06 13:00:00,70.26724550339907
srv-008,2017-06-06 14:00:00,70.19691268991888
srv-008,2017-06-06 15:00:00,70.21086882703804
srv-008,2017-06-06 16:00:00,70.22048690054304
srv-008,2017-06-06 17:00:00,70.62687333646942
srv-008,2017-06-06 18:00:00,70.24607247234806
srv-008,2017-06-06 19:00:00,70.22747419869418
srv-008,2017-06-06 20:00:00,70.2639581467689
srv-008,2017-06-06 21:00:00,70.19362533328871
srv-008,2017-06-06 22:00:00,70.20758147040787
srv-008,2017-06-06 23:00:00,70.21719954391287
srv-008,2017-06-07 00:00:00,70.62358597983925
srv-008,2017-06-07 01:00:00,70.2427851157179
srv-008,2017-06-07 02:00:00,70.22418684206401
srv-008,2017-06-07 03:00:00,70.26067079013873
srv-008,2017-06-07 04:00:00,70.19033797665854
srv-008,2017-06-07 05:00:00,70.2042941137777
srv-008,2017-06-07 06:00:00,70.2139121872827
srv-008,2017-06-07 07:00:00,70.62029862320908
srv-008,2017-06-07 08:00:00,70.23949775908773
srv-008,2017-06-07 09:00:00,70.22089948543385
srv-008,2017-06-07 10:00:00,70.25738343350856
srv-008,2017-06-07 11:00:00,70.18705062002837
srv-008,2017-06-07 12:00:00,70.20100675714754
srv-008,2017-06-07 13:00:00,70.21062483065253
srv-008,2017-06-07 14:00:00,70.61701126657891
srv-008,2017-06-07 15:00:00,70.23621040245756
srv-008,2017-06-07 16:00:00,70.21761212880368
srv-008,2017-06-07 17:00:00,70.2540960768784
srv-008,2017-06-07 18:00:00,70.1837632633982
srv-008,2017-06-07 19:00:00,70.19771940051737
srv-008,2017-06-07 20:00:00,70.20733747402237
srv-008,2017-06-07 21:00:00,70.61372390994875
srv-008,2017-06-07 22:00:00,70.23292304582739
srv-008,2017-06-07 23:00:00,70.21432477217351
srv-008,2017-06-08 00:00:00,70.25080872024823
srv-008,2017-06-08 01:00:00,70.18047590676804
srv-008,2017-06-08 02:00:00,70.1944320438872
srv-008,2017-06-08 03:00:00,70.2040501173922
srv-008,2017-06-08 04:00:00,70.61043655331858
srv-008,2017-06-08 05:00:00,70.22963568919722
srv-008,2017-06-08 06:00:00,70.21103741554334
srv-008,2017-06-08 07:00:00,70.24752136361806
srv-008,2017-06-08 08:00:00,70.17718855013787
srv-008,2017-06-08 09:00:00,70.19114468725704
srv-008,2017-06-08 10:00:00,70.20076276076203
srv-008,2017-06-08 11:00:00,70.60714919668841
srv-008,2017-06-08 12:00:00,70.22634833256706
srv-008,2017-06-08 13:00:00,70.20775005891318
srv-008,2017-06-08 14:00:00,70.2442340069879
srv-008,2017-06-08 15:00:00,70.1739011935077
srv-008,2017-06-08 16:00:00,70.18785733062687
srv-008,2017-06-08 17:00:00,70.19747540413186
srv-008,2017-06-08 18:00:00,70.60386184005824
srv-008,2017-06-08 19:00:00,70.22306097593689
srv-008,2017-06-08 20:00:00,70.20446270228301
srv-008,2017-06-08 21:00:00,70.24094665035773
srv-008,2017-06-08 22:00:00,70.17061383687754
srv-008,2017-06-08 23:00:00,70.1845699739967
srv-008,2017-06-09 00:00:00,70.1941880475017
srv-008,2017-06-09 01:00:00,70.60057448342808
srv-008,2017-06-09 02:00:00,70.21977361930672
srv-008,2017-06-09 03:00:00,70.20117534565284
srv-008,2017-06-09 04:00:00,70.23765929372756
srv-008,2017-06-09 05:00:00,70.16732648024737
srv-008,2017-06-09 06:00:00,70.18128261736653
srv-008,2017-06-09 07:00:00,70.19090069087153
srv-008,2017-06-09 08:00:00,70.59728712679791
srv-008,2017-06-09 09:00:00,70.21648626267655
srv-008,2017-06-09 10:00:00,70.19788798902268
srv-008,2017-06-09 11:00:00,70.2343719370974
srv-008,2017-06-09 12:00:00,70.1640391236172
srv-008,2017-06-09 13:00:00,70.17799526073637
srv-008,2017-06-09 14:00:00,70.18761333424136
srv-008,2017-06-09 15:00:00,70.59399977016774
srv-008,2017-06-09 16:00:00,70.21319890604639
srv-008,2017-06-09 17:00:00,70.19460063239251
srv-008,2017-06-09 18:00:00,70.23108458046723
srv-008,2017-06-09 19:00:00,70.16075176698703
srv-008,2017-06-09 20:00:00,70.1747079041062
srv-008,2017-06-09 21:00:00,70.1843259776112
srv-008,2017-06-09 22:00:00,70.59071241353757
srv-008,2017-06-09 23:00:00,70.20991154941622
srv-008,2017-06-10 00:00:00,70.19131327576234
srv-008,2017-06-10 01:00:00,70.22779722383706
srv-008,2017-06-10 02:00:00,70.15746441035687
srv-008,2017-06-10 03:00:00,70.17142054747603
srv-008,2017-06-10 04:00:00,70.18103862098103
srv-008,2017-06-10 05:00:00,70.5874250569074
srv-008,2017-06-10 06:00:00,70.20662419278605
srv-008,2017-06-10 07:00:00,70.18802591913217
srv-008,2017-06-10 08:00:00,70.22450986720689
srv-008,2017-06-10 09:00:00,70.1541770537267
srv-008,2017-06-10 10:00:00,70.16813319084586
srv-008,2017-06-10 11:00:00,70.17775126435086
srv-008,2017-06-10 12:00:00,70.58413770027724
srv-008,2017-06-10 13:00:00,70.20333683615588
srv-008,2017-06-10 14:00:00,70.184738562502
srv-008,2017-06-10 15:00:00,70.22122251057672
srv-008,2017-06-10 16:00:00,70.15088969709653
srv-008,2017-06-10 17:00:00,70.1648458342157
srv-008,2017-06-10 18:00:00,70.17446390772069
srv-008,2017-06-10 19:00:00,70.58085034364707
srv-008,2017-06-10 20:00:00,70.20004947952572
srv-008,2017-06-10 21:00:00,70.18145120587184
srv-008,2017-06-10 22:00:00,70.21793515394656
srv-008,2017-06-10 23:00:00,70.14760234046636
srv-008,2017-06-11 00:00:00,70.16155847758553
srv-008,2017-06-11 01:00:00,70.17117655109053
srv-008,2017-06-11 02:00:00,70.5775629870169
srv-008,2017-06-11 03:00:00,70.19676212289555
srv-008,2017-06-11 04:00:00,70.17816384924167
srv-008,2017-06-11 05:00:00,70.21464779731639
srv-008,2017-06-11 06:00:00,70.1443149838362
srv-008,2017-06-11 07:00:00,70.15827112095536
srv-008,2017-06-11 08:00:00,70.16788919446036
srv-008,2017-06-11 09:00:00,70.57427563038674
srv-008,2017-06-11 10:00:00,70.19347476626538
srv-008,2017-06-11 11:00:00,70.1748764926115
srv-008,2017-06-11 12:00:00,70.21136044068622
srv-008,2017-06-11 13:00:00,70.14102762720603
srv-008,2017-06-11 14:00:00,70.1549837643252
srv-008,2017-06-11 15:00:00,70.16460183783019
srv-008,2017-06-11 16:00:00,70.57098827375657
srv-008,2017-06-11 17:00:00,70.19018740963521
srv-008,2017-06-11 18:00:00,70.17158913598134
srv-008,2017-06-11 19:00:00,70.20807308405605
srv-008,2017-06-11 20:00:00,70.13774027057586
srv-008,2017-06-11 21:00:00,70.15169640769503
srv-008,2017-06-11 22:00:00,70.16131448120002
srv-008,2017-06-11 23:00:00,70.5677009171264
srv-008,2017-06-12 00:00:00,70.18690005300505
srv-008,2017-06-12 01:00:00,70.16830177935117
srv-008,2017-06-12 02:00:00,70.20478572742589
srv-008,2017-06-12 03:00:00,70.1344529139457
srv-008,2017-06-12 04:00:00,70.14840905106486
srv-008,2017-06-12 05:00:00,70.15802712456986
srv-008,2017-06-12 06:00:00,70.56441356049623
srv-008,2017-06-12 07:00:00,70.18361269637488
srv-008,2017-06-12 08:00:00,70.165014422721
srv-008,2017-06-12 09:00:00,70.20149837079572
srv-008,2017-06-12 10:00:00,70.13116555731553
srv-008,2017-06-12 11:00:00,70.14512169443469
srv-008,2017-06-12 12:00:00,70.15473976793969
srv-008,2017-06-12 13:00:00,70.56112620386607
srv-008,2017-06-12 14:00:00,70.18032533974471
srv-008,2017-06-12 15:00:00,70.16172706609083
srv-008,2017-06-12 16:00:00,70.19821101416555
srv-008,2017-06-12 17:00:00,70.12787820068536
srv-008,2017-06-12 18:00:00,70.14183433780453
srv-008,2017-06-12 19:00:00,70.15145241130952
srv-008,2017-06-12 20:00:00,70.5578388472359
srv-008,2017-06-12 21:00:00,70.17703798311454
srv-008,2017-06-12 22:00:00,70.15843970946067
srv-008,2017-06-12 23:00:00,70.19492365753538
srv-008,2017-06-13 00:00:00,70.12459084405519
srv-008,2017-06-13 01:00:00,70.13854698117436
srv-008,2017-06-13 02:00:00,70.14816505467935
srv-008,2017-06-13 03:00:00,70.55455149060573
srv-008,2017-06-13 04:00:00,70.17375062648438
srv-008,2017-06-13 05:00:00,70.1551523528305
srv-008,2017-06-13 06:00:00,70.19163630090522
srv-008,2017-06-13 07:00:00,70.12130348742502
srv-008,2017-06-13 08:00:00,70.13525962454419
srv-008,2017-06-13 09:00:00,70.14487769804919
srv-008,2017-06-13 10:00:00,70.55126413397556
srv-008,2017-06-13 11:00:00,70.17046326985421
srv-008,2017-06-13 12:00:00,70.15186499620033
srv-008,2017-06-13 13:00:00,70.18834894427505
srv-008,2017-06-13 14:00:00,70.11801613079486
srv-008,2017-06-13 15:00:00,70.13197226791402
srv-008,2017-06-13 16:00:00,70.14159034141902
srv-008,2017-06-13 17:00:00,70.5479767773454
srv-008,2017-06-13 18:00:00,70.16717591322404
srv-008,2017-06-13 19:00:00,70.14857763957016
srv-008,2017-06-13 20:00:00,70.18506158764488
srv-008,2017-06-13 21:00:00,70.11472877416469
srv-008,2017-06-13 22:00:00,70.12868491128386
srv-008,2017-06-13 23:00:00,70.13830298478885
srv-008,2017-06-14 00:00:00,70.54468942071523
srv-008,2017-06-14 01:00:00,70.16388855659388
srv-008,2017-06-14 02:00:00,70.14529028294
srv-008,2017-06-14 03:00:00,70.18177423101471
srv-008,2017-06-14 04:00:00,70.11144141753452
srv-008,2017-06-14 05:00:00,70.12539755465369
srv-008,2017-06-14 06:00:00,70.13501562815868
srv-008,2017-06-14 07:00:00,70.54140206408506
srv-008,2017-06-14 08:00:00,70.16060119996371
srv-008,2017-06-14 09:00:00,70.14200292630983
srv-008,2017-06-14 10:00:00,70.17848687438455
srv-008,2017-06-14 11:00:00,70.10815406090435
srv-008,2017-06-14 12:00:00,70.12211019802352
srv-008,2017-06-14 13:00:00,70.13172827152852
srv-008,2017-06-14 14:00:00,70.5381147074549
srv-008,2017-06-14 15:00:00,70.15731384333354
srv-008,2017-06-14 16:00:00,70.13871556967966
srv-008,2017-06-14 17:00:00,70.17519951775438
srv-008,2017-06-14 18:00:00,70.10486670427419
srv-008,2017-06-14 19:00:00,70.11882284139335
srv-008,2017-06-14 20:00:00,70.12844091489835
srv-008,2017-06-14 21:00:00,70.53482735082473
srv-008,2017-06-14 22:00:00,70.15402648670337
srv-008,2017-06-14 23:00:00,70.1354282130495
srv-008,2017-06-15 00:00:00,70.17191216112421
srv-008,2017-06-15 01:00:00,70.10157934764402
srv-008,2017-06-15 02:00:00,70.11553548476319
srv-008,2017-06-15 03:00:00,70.12515355826818
srv-008,2017-06-15 04:00:00,70.53153999419456
srv-008,2017-06-15 05:00:00,70.1507391300732
srv-008,2017-06-15 06:00:00,70.13214085641933
srv-008,2017-06-15 07:00:00,70.16862480449404
srv-008,2017-06-15 08:00:00,70.09829199101385
srv-008,2017-06-15 09:00:00,70.11224812813302
srv-008,2017-06-15 10:00:00,70.12186620163801
srv-008,2017-06-15 11:00:00,70.52825263756439
srv-008,2017-06-15 12:00:00,70.14745177344304
srv-008,2017-06-15 13:00:00,70.12885349978916
srv-008,2017-06-15 14:00:00,70.16533744786388
srv-008,2017-06-15 15:00:00,70.09500463438368
srv-008,2017-06-15 16:00:00,70.10896077150285
srv-008,2017-06-15 17:00:00,70.11857884500785
srv-008,2017-06-15 18:00:00,70.52496528093423
srv-008,2017-06-15 19:00:00,70.14416441681287
srv-008,2017-06-15 20:00:00,70.12556614315899
srv-008,2017-06-15 21:00:00,70.16205009123371
srv-008,2017-06-15 22:00:00,70.09171727775352
srv-008,2017-06-15 23:00:00,70.10567341487268
srv-008,2017-06-16 00:00:00,70.11529148837768
srv-008,2017-06-16 01:00:00,70.52167792430406
srv-008,2017-06-16 02:00:00,70.1408770601827
srv-008,2017-06-16 03:00:00,70.12227878652882
srv-008,2017-06-16 04:00:00,70.15876273460354
srv-008,2017-06-16 05:00:00,70.08842992112335
srv-008,2017-06-16 06:00:00,70.10238605824252
srv-008,2017-06-16 07:00:00,70.11200413174751
srv-008,2017-06-16 08:00:00,70.51839056767389
srv-008,2017-06-16 09:00:00,70.13758970355254
srv-008,2017-06-16 10:00:00,70.11899142989866
srv-008,2017-06-16 11:00:00,70.15547537797337
srv-008,2017-06-16 12:00:00,70.08514256449318
srv-008,2017-06-16 13:00:00,70.09909870161235
srv-008,2017-06-16 14:00:00,70.10871677511734
srv-008,2017-06-16 15:00:00,70.51510321104372
srv-008,2017-06-16 16:00:00,70.13430234692237
srv-008,2017-06-16 17:00:00,70.11570407326849
srv-008,2017-06-16 18:00:00,70.1521880213432
srv-008,2017-06-16 19:00:00,70.08185520786301
srv-008,2017-06-16 20:00:00,70.09581134498218
srv-008,2017-06-16 21:00:00,70.10542941848718
srv-008,2017-06-16 22:00:00,70.51181585441356
srv-008,2017-06-16 23:00:00,70.1310149902922
srv-008,2017-06-17 00:00:00,70.11241671663832
srv-008,2017-06-17 01:00:00,70.14890066471304
srv-008,2017-06-17 02:00:00,70.07856785123285
srv-008,2017-06-17 03:00:00,70.09252398835201
srv-008,2017-06-17 04:00:00,70.10214206185701
srv-008,2017-06-17 05:00:00,70.50852849778339
srv-008,2017-06-17 06:00:00,70.12772763366203
srv-008,2017-06-17 07:00:00,70.10912936000815
srv-008,2017-06-17 08:00:00,70.14561330808287
srv-008,2017-06-17 09:00:00,70.07528049460268
srv-008,2017-06-17 10:00:00,70.08923663172185
srv-008,2017-06-17 11:00:00,70.09885470522684
srv-008,2017-06-17 12:00:00,70.50524114115322
srv-008,2017-06-17 13:00:00,70.12444027703187
srv-008,2017-06-17 14:00:00,70.10584200337799
srv-008,2017-06-17 15:00:00,70.1423259514527
srv-008,2017-06-17 16:00:00,70.07199313797251
srv-008,2017-06-17 17:00:00,70.08594927509168
srv-008,2017-06-17 18:00:00,70.09556734859667
srv-008,2017-06-17 19:00:00,70.50195378452305
srv-008,2017-06-17 20:00:00,70.1211529204017
srv-008,2017-06-17 21:00:00,70.10255464674782
srv-008,2017-06-17 22:00:00,70.13903859482254
srv-008,2017-06-17 23:00:00,70.06870578134235
srv-008,2017-06-18 00:00:00,70.08266191846151
srv-008,2017-06-18 01:00:00,70.0922799919665
srv-008,2017-06-18 02:00:00,70.49866642789289
srv-008,2017-06-18 03:00:00,70.11786556377153
srv-008,2017-06-18 04:00:00,70.09926729011765
srv-008,2017-06-18 05:00:00,70.13575123819237
srv-008,2017-06-18 06:00:00,70.06541842471218
srv-008,2017-06-18 07:00:00,70.07937456183134
srv-008,2017-06-18 08:00:00,70.08899263533634
srv-008,2017-06-18 09:00:00,70.49537907126272
srv-008,2017-06-18 10:00:00,70.11457820714136
srv-008,2017-06-18 11:00:00,70.09597993348748
srv-008,2017-06-18 12:00:00,70.1324638815622
srv-008,2017-06-18 13:00:00,70.06213106808201
srv-008,2017-06-18 14:00:00,70.07608720520118
srv-008,2017-06-18 15:00:00,70.08570527870617
srv-008,2017-06-18 16:00:00,70.49209171463255
srv-008,2017-06-18 17:00:00,70.1112908505112
srv-008,2017-06-18 18:00:00,70.09269257685732
srv-008,2017-06-18 19:00:00,70.12917652493203
srv-008,2017-06-18 20:00:00,70.05884371145184
srv-008,2017-06-18 21:00:00,70.07279984857101
srv-008,2017-06-18 22:00:00,70.082417922076
srv-008,2017-06-18 23:00:00,70.48880435800238
srv-008,2017-06-19 00:00:00,70.10800349388103
srv-008,2017-06-19 01:00:00,70.08940522022715
srv-008,2017-06-19 02:00:00,70.12588916830187
srv-008,2017-06-19 03:00:00,70.05555635482168
srv-008,2017-06-19 04:00:00,70.06951249194084
srv-008,2017-06-19 05:00:00,70.07913056544584
srv-008,2017-06-19 06:00:00,70.48551700137222
srv-008,2017-06-19 07:00:00,70.10471613725086
srv-008,2017-06-19 08:00:00,70.08611786359698
srv-008,2017-06-19 09:00:00,70.1226018116717
srv-008,2017-06-19 10:00:00,70.05226899819151
srv-008,2017-06-19 11:00:00,70.06622513531067
srv-008,2017-06-19 12:00:00,70.07584320881567
srv-008,2017-06-19 13:00:00,70.48222964474205
srv-008,2017-06-19 14:00:00,70.1014287806207
srv-008,2017-06-19 15:00:00,70.08283050696681
srv-008,2017-06-19 16:00:00,70.11931445504153
srv-008,2017-06-19 17:00:00,70.04898164156134
srv-008,2017-06-19 18:00:00,70.0629377786805
srv-008,2017-06-19 19:00:00,70.0725558521855
srv-008,2017-06-19 20:00:00,70.47894228811188
srv-008,2017-06-19 21:00:00,70.09814142399053
srv-008,2017-06-19 22:00:00,70.07954315033665
srv-008,2017-06-19 23:00:00,70.11602709841137
srv-008,2017-06-20 00:00:00,70.04569428493117
srv-008,2017-06-20 01:00:00,70.05965042205034
srv-008,2017-06-20 02:00:00,70.06926849555533
srv-008,2017-06-20 03:00:00,70.47565493148171
srv-008,2017-06-20 04:00:00,70.09485406736036
srv-008,2017-06-20 05:00:00,70.07625579370648
srv-008,2017-06-20 06:00:00,70.1127397417812
srv-008,2017-06-20 07:00:00,70.042406928301
srv-008,2017-06-20 08:00:00,70.05636306542017
srv-008,2017-06-20 09:00:00,70.06598113892517
srv-008,2017-06-20 10:00:00,70.47236757485155
srv-008,2017-06-20 11:00:00,70.09156671073019
srv-008,2017-06-20 12:00:00,70.07296843707631
srv-008,2017-06-20 13:00:00,70.10945238515103
srv-008,2017-06-20 14:00:00,70.03911957167084
srv-008,2017-06-20 15:00:00,70.05307570879
srv-008,2017-06-20 16:00:00,70.062693782295
srv-008,2017-06-20 17:00:00,70.46908021822138
srv-008,2017-06-20 18:00:00,70.08827935410002
srv-008,2017-06-20 19:00:00,70.06968108044614
srv-008,2017-06-20 20:00:00,70.10616502852086
srv-008,2017-06-20 21:00:00,70.03583221504067
srv-008,2017-06-20 22:00:00,70.04978835215984
srv-008,2017-06-20 23:00:00,70.05940642566483
srv-008,2017-06-21 00:00:00,70.46579286159121
srv-008,2017-06-21 01:00:00,70.08499199746986
srv-008,2017-06-21 02:00:00,70.06639372381598
srv-008,2017-06-21 03:00:00,70.1028776718907
srv-008,2017-06-21 04:00:00,70.0325448584105
srv-008,2017-06-21 05:00:00,70.04650099552967
srv-008,2017-06-21 06:00:00,70.05611906903466
srv-008,2017-06-21 07:00:00,70.46250550496104
srv-008,2017-06-21 08:00:00,70.08170464083969
srv-008,2017-06-21 09:00:00,70.06310636718581
srv-008,2017-06-21 10:00:00,70.09959031526053
srv-008,2017-06-21 11:00:00,70.02925750178034
srv-008,2017-06-21 12:00:00,70.0432136388995
srv-008,2017-06-21 13:00:00,70.0528317124045
srv-008,2017-06-21 14:00:00,70.45921814833088
srv-008,2017-06-21 15:00:00,70.07841728420952
srv-008,2017-06-21 16:00:00,70.05981901055564
srv-008,2017-06-21 17:00:00,70.09630295863036
srv-008,2017-06-21 18:00:00,70.02597014515017
srv-008,2017-06-21 19:00:00,70.03992628226933
srv-008,2017-06-21 20:00:00,70.04954435577433
srv-008,2017-06-21 21:00:00,70.45593079170071
srv-008,2017-06-21 22:00:00,70.07512992757935
srv-008,2017-06-21 23:00:00,70.05653165392548
srv-008,2017-06-22 00:00:00,70.0930156020002
srv-008,2017-06-22 01:00:00,70.02268278852
srv-008,2017-06-22 02:00:00,70.03663892563917
srv-008,2017-06-22 03:00:00,70.04625699914416
srv-008,2017-06-22 04:00:00,70.45264343507054
srv-008,2017-06-22 05:00:00,70.07184257094919
srv-008,2017-06-22 06:00:00,70.05324429729531
srv-008,2017-06-22 07:00:00,70.08972824537003
srv-008,2017-06-22 08:00:00,70.01939543188983
srv-008,2017-06-22 09:00:00,70.033351569009
srv-008,2017-06-22 10:00:00,70.042969642514
srv-008,2017-06-22 11:00:00,70.44935607844037
srv-008,2017-06-22 12:00:00,70.06855521431902
srv-008,2017-06-22 13:00:00,70.04995694066514
srv-008,2017-06-22 14:00:00,70.08644088873986
srv-008,2017-06-22 15:00:00,70.01610807525967
srv-008,2017-06-22 16:00:00,70.03006421237883
srv-008,2017-06-22 17:00:00,70.03968228588383
srv-008,2017-06-22 18:00:00,70.4460687218102
srv-008,2017-06-22 19:00:00,70.06526785768885
srv-008,2017-06-22 20:00:00,70.04666958403497
srv-008,2017-06-22 21:00:00,70.08315353210969
srv-008,2017-06-22 22:00:00,70.0128207186295
srv-008,2017-06-22 23:00:00,70.02677685574866
srv-008,2017-06-23 00:00:00,70.03639492925366
srv-008,2017-06-23 01:00:00,70.44278136518004
srv-008,2017-06-23 02:00:00,70.06198050105868
srv-008,2017-06-23 03:00:00,70.0433822274048
srv-008,2017-06-23 04:00:00,70.07986617547952
srv-008,2017-06-23 05:00:00,70.00953336199933
srv-008,2017-06-23 06:00:00,70.0234894991185
srv-008,2017-06-23 07:00:00,70.03310757262349
srv-008,2017-06-23 08:00:00,70.43949400854987
srv-008,2017-06-23 09:00:00,70.05869314442852
srv-008,2017-06-23 10:00:00,70.04009487077464
srv-008,2017-06-23 11:00:00,70.07657881884936
srv-008,2017-06-23 12:00:00,70.00624600536916
srv-008,2017-06-23 13:00:00,70.02020214248833
srv-008,2017-06-23 14:00:00,70.02982021599333
srv-008,2017-06-23 15:00:00,70.4362066519197
srv-008,2017-06-23 16:00:00,70.05540578779835
srv-008,2017-06-23 17:00:00,70.03680751414447
srv-008,2017-06-23 18:00:00,70.07329146221919
srv-008,2017-06-23 19:00:00,70.002958648739
srv-008,2017-06-23 20:00:00,70.01691478585816
srv-008,2017-06-23 21:00:00,70.02653285936316
srv-008,2017-06-23 22:00:00,70.43291929528954
srv-008,2017-06-23 23:00:00,70.05211843116818
srv-008,2017-06-24 00:00:00,70.0335201575143
srv-008,2017-06-24 01:00:00,70.07000410558902
srv-008,2017-06-24 02:00:00,69.99967129210883
srv-008,2017-06-24 03:00:00,70.013627429228
srv-008,2017-06-24 04:00:00,70.02324550273299
srv-008,2017-06-24 05:00:00,70.42963193865937
srv-008,2017-06-24 06:00:00,70.04883107453801
srv-008,2017-06-24 07:00:00,70.03023280088414
srv-008,2017-06-24 08:00:00,70.06671674895885
srv-008,2017-06-24 09:00:00,69.99638393547866
srv-008,2017-06-24 10:00:00,70.01034007259783
srv-008,2017-06-24 11:00:00,70.01995814610282
srv-008,2017-06-24 12:00:00,70.4263445820292
srv-008,2017-06-24 13:00:00,70.04554371790785
srv-008,2017-06-24 14:00:00,70.02694544425397
srv-008,2017-06-24 15:00:00,70.06342939232869
srv-008,2017-06-24 16:00:00,69.9930965788485
srv-008,2017-06-24 17:00:00,70.00705271596766
srv-008,2017-06-24 18:00:00,70.01667078947266
srv-008,2017-06-24 19:00:00,70.42305722539903
srv-008,2017-06-24 20:00:00,70.04225636127768
srv-008,2017-06-24 21:00:00,70.0236580876238
srv-008,2017-06-24 22:00:00,70.06014203569852
srv-008,2017-06-24 23:00:00,69.98980922221833
srv-008,2017-06-25 00:00:00,70.00376535933749
srv-008,2017-06-25 01:00:00,70.01338343284249
srv-008,2017-06-25 02:00:00,70.41976986876887
srv-008,2017-06-25 03:00:00,70.03896900464751
srv-008,2017-06-25 04:00:00,70.02037073099363
srv-008,2017-06-25 05:00:00,70.05685467906835
srv-008,2017-06-25 06:00:00,69.98652186558816
srv-008,2017-06-25 07:00:00,70.00047800270733
srv-008,2017-06-25 08:00:00,70.01009607621232
srv-008,2017-06-25 09:00:00,70.4164825121387
srv-008,2017-06-25 10:00:00,70.03568164801734
srv-008,2017-06-25 11:00:00,70.01708337436347
srv-008,2017-06-25 12:00:00,70.05356732243818
srv-008,2017-06-25 13:00:00,69.98323450895799
srv-008,2017-06-25 14:00:00,69.99719064607716
srv-008,2017-06-25 15:00:00,70.00680871958215
srv-008,2017-06-25 16:00:00,70.41319515550853
srv-008,2017-06-25 17:00:00,70.03239429138718
srv-008,2017-06-25 18:00:00,70.0137960177333
srv-008,2017-06-25 19:00:00,70.05027996580802
srv-008,2017-06-25 20:00:00,69.97994715232782
srv-008,2017-06-25 21:00:00,69.99390328944699
srv-008,2017-06-25 22:00:00,70.00352136295199
srv-008,2017-06-25 23:00:00,70.40990779887836
srv-008,2017-06-26 00:00:00,70.02910693475701
srv-008,2017-06-26 01:00:00,70.01050866110313
srv-008,2017-06-26 02:00:00,70.04699260917785
srv-008,2017-06-26 03:00:00,69.97665979569766
srv-008,2017-06-26 04:00:00,69.99061593281682
srv-008,2017-06-26 05:00:00,70.00023400632182
srv-008,2017-06-26 06:00:00,70.4066204422482
srv-008,2017-06-26 07:00:00,70.02581957812684
srv-008,2017-06-26 08:00:00,70.00722130447296
srv-008,2017-06-26 09:00:00,70.04370525254768
srv-008,2017-06-26 10:00:00,69.97337243906749
srv-008,2017-06-26 11:00:00,69.98732857618666
srv-008,2017-06-26 12:00:00,69.99694664969165
srv-008,2017-06-26 13:00:00,70.40333308561803
srv-008,2017-06-26 14:00:00,70.02253222149668
srv-008,2017-06-26 15:00:00,70.0039339478428
srv-008,2017-06-26 16:00:00,70.04041789591751
srv-008,2017-06-26 17:00:00,69.97008508243732
srv-008,2017-06-26 18:00:00,69.98404121955649
srv-008,2017-06-26 19:00:00,69.99365929306148
srv-008,2017-06-26 20:00:00,70.40004572898786
srv-008,2017-06-26 21:00:00,70.01924486486651
srv-008,2017-06-26 22:00:00,70.00064659121263
srv-008,2017-06-26 23:00:00,70.03713053928735
srv-008,2017-06-27 00:00:00,69.96679772580715
srv-008,2017-06-27 01:00:00,69.98075386292632
srv-008,2017-06-27 02:00:00,69.99037193643132
srv-008,2017-06-27 03:00:00,70.3967583723577
srv-008,2017-06-27 04:00:00,70.01595750823634
srv-008,2017-06-27 05:00:00,69.99735923458246
srv-008,2017-06-27 06:00:00,70.03384318265718
srv-008,2017-06-27 07:00:00,69.96351036917699
srv-008,2017-06-27 08:00:00,69.97746650629615
srv-008,2017-06-27 09:00:00,69.98708457980115
srv-008,2017-06-27 10:00:00,70.39347101572753
srv-008,2017-06-27 11:00:00,70.01267015160617
srv-008,2017-06-27 12:00:00,69.9940718779523
srv-008,2017-06-27 13:00:00,70.03055582602701
srv-008,2017-06-27 14:00:00,69.96022301254682
srv-008,2017-06-27 15:00:00,69.97417914966599
srv-008,2017-06-27 16:00:00,69.98379722317098
srv-008,2017-06-27 17:00:00,70.39018365909736
srv-008,2017-06-27 18:00:00,70.009382794976
srv-008,2017-06-27 19:00:00,69.99078452132213
srv-008,2017-06-27 20:00:00,70.02726846939684
srv-008,2017-06-27 21:00:00,69.95693565591665
srv-008,2017-06-27 22:00:00,69.97089179303582
srv-008,2017-06-27 23:00:00,69.98050986654081
srv-008,2017-06-28 00:00:00,70.38689630246719
srv-008,2017-06-28 01:00:00,70.00609543834584
srv-008,2017-06-28 02:00:00,69.98749716469196
srv-008,2017-06-28 03:00:00,70.02398111276668
srv-008,2017-06-28 04:00:00,69.95364829928648
srv-008,2017-06-28 05:00:00,69.96760443640565
srv-008,2017-06-28 06:00:00,69.97722250991065
srv-008,2017-06-28 07:00:00,70.38360894583703
srv-008,2017-06-28 08:00:00,70.00280808171567
srv-008,2017-06-28 09:00:00,69.98420980806179
srv-008,2017-06-28 10:00:00,70.02069375613651
srv-008,2017-06-28 11:00:00,69.95036094265632
srv-008,2017-06-28 12:00:00,69.96431707977548
srv-008,2017-06-28 13:00:00,69.97393515328048
srv-008,2017-06-28 14:00:00,70.38032158920686
srv-008,2017-06-28 15:00:00,69.9995207250855
srv-008,2017-06-28 16:00:00,69.98092245143162
srv-008,2017-06-28 17:00:00,70.01740639950634
srv-008,2017-06-28 18:00:00,69.94707358602615
srv-008,2017-06-28 19:00:00,69.96102972314532
srv-008,2017-06-28 20:00:00,69.97064779665031
srv-008,2017-06-28 21:00:00,70.37703423257669
srv-008,2017-06-28 22:00:00,69.99623336845534
srv-008,2017-06-28 23:00:00,69.97763509480146
srv-008,2017-06-29 00:00:00,70.01411904287617
srv-008,2017-06-29 01:00:00,69.94378622939598
srv-008,2017-06-29 02:00:00,69.95774236651515
srv-008,2017-06-29 03:00:00,69.96736044002014
srv-008,2017-06-29 04:00:00,70.37374687594652
srv-008,2017-06-29 05:00:00,69.99294601182517
srv-008,2017-06-29 06:00:00,69.97434773817129
srv-008,2017-06-29 07:00:00,70.01083168624601
srv-008,2017-06-29 08:00:00,69.94049887276582
srv-008,2017-06-29 09:00:00,69.95445500988498
srv-008,2017-06-29 10:00:00,69.96407308338998
srv-008,2017-06-29 11:00:00,70.37045951931636
srv-008,2017-06-29 12:00:00,69.989658655195
srv-008,2017-06-29 13:00:00,69.97106038154112
srv-008,2017-06-29 14:00:00,70.00754432961584
srv-008,2017-06-29 15:00:00,69.93721151613565
srv-008,2017-06-29 16:00:00,69.95116765325481
srv-008,2017-06-29 17:00:00,69.96078572675981
srv-008,2017-06-29 18:00:00,70.36717216268619
srv-008,2017-06-29 19:00:00,69.98637129856483
srv-008,2017-06-29 20:00:00,69.96777302491095
srv-008,2017-06-29 21:00:00,70.00425697298567
srv-008,2017-06-29 22:00:00,69.93392415950548
srv-008,2017-06-29 23:00:00,69.94788029662465
srv-008,2017-06-30 00:00:00,69.95749837012964
srv-008,2017-06-30 01:00:00,70.36388480605602
srv-008,2017-06-30 02:00:00,69.98308394193467
srv-008,2017-06-30 03:00:00,69.96448566828079
srv-008,2017-06-30 04:00:00,70.0009696163555
srv-008,2017-06-30 05:00:00,69.93063680287531
srv-008,2017-06-30 06:00:00,69.94459293999448
srv-008,2017-06-30 07:00:00,69.95421101349947
srv-008,2017-06-30 08:00:00,70.36059744942585
srv-008,2017-06-30 09:00:00,69.9797965853045
srv-008,2017-06-30 10:00:00,69.96119831165062
srv-008,2017-06-30 11:00:00,69.99768225972534
srv-008,2017-06-30 12:00:00,69.92734944624515
srv-008,2017-06-30 13:00:00,69.94130558336431
srv-008,2017-06-30 14:00:00,69.9509236568693
srv-008,2017-06-30 15:00:00,70.35731009279569
srv-008,2017-06-30 16:00:00,69.97650922867433
srv-008,2017-06-30 17:00:00,69.95791095502045
srv-008,2017-06-30 18:00:00,69.99439490309517
srv-008,2017-06-30 19:00:00,69.92406208961498
srv-008,2017-06-30 20:00:00,69.93801822673414
srv-008,2017-06-30 21:00:00,69.94763630023914
srv-008,2017-06-30 22:00:00,70.35402273616552
srv-008,2017-06-30 23:00:00,69.97322187204416
srv-009,2017-06-01 23:00:00,35.26678895886085
srv-009,2017-06-02 00:00:00,34.609397326975866
srv-009,2017-06-02 01:00:00,33.954438065786434
srv-009,2017-06-02 02:00:00,33.89049480422645
srv-009,2017-06-02 03:00:00,33.65989377867373
srv-009,2017-06-02 04:00:00,33.63770534969184
srv-009,2017-06-02 05:00:00,33.5150099010308
srv-009,2017-06-02 06:00:00,33.53004906997006
srv-009,2017-06-02 07:00:00,33.62574051416616
srv-009,2017-06-02 08:00:00,33.39763875783906
srv-009,2017-06-02 09:00:00,33.57519621857933
srv-009,2017-06-02 10:00:00,33.48159409255286
srv-009,2017-06-02 11:00:00,33.537526286668324
srv-009,2017-06-02 12:00:00,33.4588906903473
srv-009,2017-06-02 13:00:00,33.49873013277623
srv-009,2017-06-02 14:00:00,33.60847726581433
srv-009,2017-06-02 15:00:00,33.388341660458146
srv-009,2017-06-02 16:00:00,33.57041403778942
srv-009,2017-06-02 17:00:00,33.47937075683191
srv-009,2017-06-02 18:00:00,33.53675314051263
srv-009,2017-06-02 19:00:00,33.45893947285461
srv-009,2017-06-02 20:00:00,33.49924476790576
srv-009,2017-06-02 21:00:00,33.609255926038905
srv-009,2017-06-02 22:00:00,33.38926995867292
srv-009,2017-06-02 23:00:00,33.571427144331366
srv-009,2017-06-03 00:00:00,33.480431929062455
srv-009,2017-06-03 01:00:00,33.53784155429978
srv-009,2017-06-03 02:00:00,33.46004332597361
srv-009,2017-06-03 03:00:00,33.50035737136729
srv-009,2017-06-03 04:00:00,33.61037348881564
srv-009,2017-06-03 05:00:00,33.39039033217473
srv-009,2017-06-03 06:00:00,33.57254911083043
srv-009,2017-06-03 07:00:00,33.48155479840337
srv-009,2017-06-03 08:00:00,33.53896493533236
srv-009,2017-06-03 09:00:00,33.46116699701086
srv-009,2017-06-03 10:00:00,33.50148120676663
srv-009,2017-06-03 11:00:00,33.611497417368284
srv-009,2017-06-03 12:00:00,33.39151431352264
srv-009,2017-06-03 13:00:00,33.57367312210041
srv-009,2017-06-03 14:00:00,33.48267882663188
srv-009,2017-06-03 15:00:00,33.54008897317224
srv-009,2017-06-03 16:00:00,33.46229104029805
srv-009,2017-06-03 17:00:00,33.50260525314111
srv-009,2017-06-03 18:00:00,33.612621465492516
srv-009,2017-06-03 19:00:00,33.39263836263856
srv-009,2017-06-03 20:00:00,33.574797171778364
srv-009,2017-06-03 21:00:00,33.48380287662838
srv-009,2017-06-03 22:00:00,33.54121302334927
srv-009,2017-06-03 23:00:00,33.46341509057739
srv-009,2017-06-04 00:00:00,33.503729303478444
srv-009,2017-06-04 01:00:00,33.61374551586272
srv-009,2017-06-04 02:00:00,33.39376241302738
srv-009,2017-06-04 03:00:00,33.57592122217775
srv-009,2017-06-04 04:00:00,33.48492692703375
srv-009,2017-06-04 05:00:00,33.54233707375803
srv-009,2017-06-04 06:00:00,33.46453914098807
srv-009,2017-06-04 07:00:00,33.50485335389022
srv-009,2017-06-04 08:00:00,33.614869566275104
srv-009,2017-06-04 09:00:00,33.394886463440116
srv-009,2017-06-04 10:00:00,33.57704527259068
srv-009,2017-06-04 11:00:00,33.486050977446794
srv-009,2017-06-04 12:00:00,33.54346112417114
srv-009,2017-06-04 13:00:00,33.46566319140122
srv-009,2017-06-04 14:00:00,33.50597740430339
srv-009,2017-06-04 15:00:00,33.615993616688286
srv-009,2017-06-04 16:00:00,33.396010513853305
srv-009,2017-06-04 17:00:00,33.57816932300388
srv-009,2017-06-04 18:00:00,33.48717502785999
srv-009,2017-06-04 19:00:00,33.544585174584334
srv-009,2017-06-04 20:00:00,33.466787241814416
srv-009,2017-06-04 21:00:00,33.50710145471658
srv-009,2017-06-04 22:00:00,33.61711766710148
srv-009,2017-06-04 23:00:00,33.3971345642665
srv-009,2017-06-05 00:00:00,33.579293373417066
srv-009,2017-06-05 01:00:00,33.48829907827318
srv-009,2017-06-05 02:00:00,33.54570922499752
srv-009,2017-06-05 03:00:00,33.467911292227605
srv-009,2017-06-05 04:00:00,33.50822550512977
srv-009,2017-06-05 05:00:00,33.61824171751467
srv-009,2017-06-05 06:00:00,33.39825861467969
srv-009,2017-06-05 07:00:00,33.580417423830255
srv-009,2017-06-05 08:00:00,33.48942312868637
srv-009,2017-06-05 09:00:00,33.54683327541071
srv-009,2017-06-05 10:00:00,33.469035342640794
srv-009,2017-06-05 11:00:00,33.50934955554296
srv-009,2017-06-05 12:00:00,33.61936576792786
srv-009,2017-06-05 13:00:00,33.39938266509288
srv-009,2017-06-05 14:00:00,33.581541474243444
srv-009,2017-06-05 15:00:00,33.49054717909956
srv-009,2017-06-05 16:00:00,33.5479573258239
srv-009,2017-06-05 17:00:00,33.47015939305398
srv-009,2017-06-05 18:00:00,33.51047360595615
srv-009,2017-06-05 19:00:00,33.62048981834105
srv-009,2017-06-05 20:00:00,33.40050671550607
srv-009,2017-06-05 21:00:00,33.58266552465663
srv-009,2017-06-05 22:00:00,33.49167122951275
srv-009,2017-06-05 23:00:00,33.54908137623709
srv-009,2017-06-06 00:00:00,33.47128344346717
srv-009,2017-06-06 01:00:00,33.51159765636934
srv-009,2017-06-06 02:00:00,33.62161386875424
srv-009,2017-06-06 03:00:00,33.40163076591926
srv-009,2017-06-06 04:00:00,33.58378957506982
srv-009,2017-06-06 05:00:00,33.492795279925936
srv-009,2017-06-06 06:00:00,33.55020542665028
srv-009,2017-06-06 07:00:00,33.47240749388036
srv-009,2017-06-06 08:00:00,33.51272170678253
srv-009,2017-06-06 09:00:00,33.62273791916743
srv-009,2017-06-06 10:00:00,33.40275481633245
srv-009,2017-06-06 11:00:00,33.58491362548301
srv-009,2017-06-06 12:00:00,33.493919330339125
srv-009,2017-06-06 13:00:00,33.55132947706347
srv-009,2017-06-06 14:00:00,33.47353154429355
srv-009,2017-06-06 15:00:00,33.51384575719572
srv-009,2017-06-06 16:00:00,33.62386196958062
srv-009,2017-06-06 17:00:00,33.403878866745636
srv-009,2017-06-06 18:00:00,33.5860376758962
srv-009,2017-06-06 19:00:00,33.495043380752314
srv-009,2017-06-06 20:00:00,33.55245352747666
srv-009,2017-06-06 21:00:00,33.47465559470674
srv-009,2017-06-06 22:00:00,33.51496980760891
srv-009,2017-06-06 23:00:00,33.624986019993806
srv-009,2017-06-07 00:00:00,33.405002917158825
srv-009,2017-06-07 01:00:00,33.58716172630939
srv-009,2017-06-07 02:00:00,33.4961674311655
srv-009,2017-06-07 03:00:00,33.55357757788985
srv-009,2017-06-07 04:00:00,33.47577964511993
srv-009,2017-06-07 05:00:00,33.516093858022096
srv-009,2017-06-07 06:00:00,33.626110070406995
srv-009,2017-06-07 07:00:00,33.406126967572014
srv-009,2017-06-07 08:00:00,33.58828577672258
srv-009,2017-06-07 09:00:00,33.49729148157869
srv-009,2017-06-07 10:00:00,33.554701628303036
srv-009,2017-06-07 11:00:00,33.47690369553312
srv-009,2017-06-07 12:00:00,33.517217908435285
srv-009,2017-06-07 13:00:00,33.627234120820184
srv-009,2017-06-07 14:00:00,33.4072510179852
srv-009,2017-06-07 15:00:00,33.58940982713577
srv-009,2017-06-07 16:00:00,33.49841553199188
srv-009,2017-06-07 17:00:00,33.555825678716225
srv-009,2017-06-07 18:00:00,33.47802774594631
srv-009,2017-06-07 19:00:00,33.518341958848474
srv-009,2017-06-07 20:00:00,33.62835817123337
srv-009,2017-06-07 21:00:00,33.40837506839839
srv-009,2017-06-07 22:00:00,33.59053387754896
srv-009,2017-06-07 23:00:00,33.49953958240507
srv-009,2017-06-08 00:00:00,33.556949729129414
srv-009,2017-06-08 01:00:00,33.479151796359496
srv-009,2017-06-08 02:00:00,33.51946600926166
srv-009,2017-06-08 03:00:00,33.62948222164656
srv-009,2017-06-08 04:00:00,33.40949911881158
srv-009,2017-06-08 05:00:00,33.591657927962146
srv-009,2017-06-08 06:00:00,33.50066363281826
srv-009,2017-06-08 07:00:00,33.5580737795426
srv-009,2017-06-08 08:00:00,33.480275846772685
srv-009,2017-06-08 09:00:00,33.52059005967485
srv-009,2017-06-08 10:00:00,33.63060627205975
srv-009,2017-06-08 11:00:00,33.41062316922477
srv-009,2017-06-08 12:00:00,33.592781978375335
srv-009,2017-06-08 13:00:00,33.50178768323145
srv-009,2017-06-08 14:00:00,33.55919782995579
srv-009,2017-06-08 15:00:00,33.481399897185874
srv-009,2017-06-08 16:00:00,33.52171411008804
srv-009,2017-06-08 17:00:00,33.63173032247294
srv-009,2017-06-08 18:00:00,33.41174721963796
srv-009,2017-06-08 19:00:00,33.593906028788524
srv-009,2017-06-08 20:00:00,33.50291173364464
srv-009,2017-06-08 21:00:00,33.56032188036898
srv-009,2017-06-08 22:00:00,33.48252394759906
srv-009,2017-06-08 23:00:00,33.52283816050123
srv-009,2017-06-09 00:00:00,33.63285437288613
srv-009,2017-06-09 01:00:00,33.41287127005115
srv-009,2017-06-09 02:00:00,33.59503007920171
srv-009,2017-06-09 03:00:00,33.50403578405783
srv-009,2017-06-09 04:00:00,33.56144593078217
srv-009,2017-06-09 05:00:00,33.48364799801225
srv-009,2017-06-09 06:00:00,33.52396221091442
srv-009,2017-06-09 07:00:00,33.63397842329932
srv-009,2017-06-09 08:00:00,33.41399532046434
srv-009,2017-06-09 09:00:00,33.5961541296149
srv-009,2017-06-09 10:00:00,33.505159834471016
srv-009,2017-06-09 11:00:00,33.56256998119536
srv-009,2017-06-09 12:00:00,33.48477204842544
srv-009,2017-06-09 13:00:00,33.52508626132761
srv-009,2017-06-09 14:00:00,33.63510247371251
srv-009,2017-06-09 15:00:00,33.41511937087753
srv-009,2017-06-09 16:00:00,33.59727818002809
srv-009,2017-06-09 17:00:00,33.506283884884205
srv-009,2017-06-09 18:00:00,33.56369403160855
srv-009,2017-06-09 19:00:00,33.48589609883863
srv-009,2017-06-09 20:00:00,33.5262103117408
srv-009,2017-06-09 21:00:00,33.636226524125696
srv-009,2017-06-09 22:00:00,33.416243421290716
srv-009,2017-06-09 23:00:00,33.59840223044128
srv-009,2017-06-10 00:00:00,33.507407935297394
srv-009,2017-06-10 01:00:00,33.56481808202174
srv-009,2017-06-10 02:00:00,33.48702014925182
srv-009,2017-06-10 03:00:00,33.52733436215399
srv-009,2017-06-10 04:00:00,33.637350574538885
srv-009,2017-06-10 05:00:00,33.417367471703905
srv-009,2017-06-10 06:00:00,33.59952628085447
srv-009,2017-06-10 07:00:00,33.50853198571058
srv-009,2017-06-10 08:00:00,33.56594213243493
srv-009,2017-06-10 09:00:00,33.48814419966501
srv-009,2017-06-10 10:00:00,33.528458412567176
srv-009,2017-06-10 11:00:00,33.638474624952075
srv-009,2017-06-10 12:00:00,33.418491522117094
srv-009,2017-06-10 13:00:00,33.60065033126766
srv-009,2017-06-10 14:00:00,33.50965603612377
srv-009,2017-06-10 15:00:00,33.567066182848116
srv-009,2017-06-10 16:00:00,33.4892682500782
srv-009,2017-06-10 17:00:00,33.529582462980365
srv-009,2017-06-10 18:00:00,33.639598675365264
srv-009,2017-06-10 19:00:00,33.41961557253028
srv-009,2017-06-10 20:00:00,33.60177438168085
srv-009,2017-06-10 21:00:00,33.51078008653696
srv-009,2017-06-10 22:00:00,33.568190233261305
srv-009,2017-06-10 23:00:00,33.490392300491386
srv-009,2017-06-11 00:00:00,33.530706513393554
srv-009,2017-06-11 01:00:00,33.64072272577845
srv-009,2017-06-11 02:00:00,33.42073962294347
srv-009,2017-06-11 03:00:00,33.60289843209404
srv-009,2017-06-11 04:00:00,33.51190413695015
srv-009,2017-06-11 05:00:00,33.569314283674494
srv-009,2017-06-11 06:00:00,33.491516350904575
srv-009,2017-06-11 07:00:00,33.53183056380674
srv-009,2017-06-11 08:00:00,33.64184677619164
srv-009,2017-06-11 09:00:00,33.42186367335666
srv-009,2017-06-11 10:00:00,33.604022482507226
srv-009,2017-06-11 11:00:00,33.51302818736334
srv-009,2017-06-11 12:00:00,33.57043833408768
srv-009,2017-06-11 13:00:00,33.492640401317765
srv-009,2017-06-11 14:00:00,33.53295461421993
srv-009,2017-06-11 15:00:00,33.64297082660483
srv-009,2017-06-11 16:00:00,33.42298772376985
srv-009,2017-06-11 17:00:00,33.605146532920415
srv-009,2017-06-11 18:00:00,33.51415223777653
srv-009,2017-06-11 19:00:00,33.57156238450087
srv-009,2017-06-11 20:00:00,33.493764451730954
srv-009,2017-06-11 21:00:00,33.53407866463312
srv-009,2017-06-11 22:00:00,33.64409487701802
srv-009,2017-06-11 23:00:00,33.42411177418304
srv-009,2017-06-12 00:00:00,33.606270583333604
srv-009,2017-06-12 01:00:00,33.51527628818972
srv-009,2017-06-12 02:00:00,33.57268643491406
srv-009,2017-06-12 03:00:00,33.49488850214414
srv-009,2017-06-12 04:00:00,33.53520271504631
srv-009,2017-06-12 05:00:00,33.64521892743121
srv-009,2017-06-12 06:00:00,33.42523582459623
srv-009,2017-06-12 07:00:00,33.60739463374679
srv-009,2017-06-12 08:00:00,33.51640033860291
srv-009,2017-06-12 09:00:00,33.57381048532725
srv-009,2017-06-12 10:00:00,33.49601255255733
srv-009,2017-06-12 11:00:00,33.5363267654595
srv-009,2017-06-12 12:00:00,33.6463429778444
srv-009,2017-06-12 13:00:00,33.42635987500942
srv-009,2017-06-12 14:00:00,33.60851868415998
srv-009,2017-06-12 15:00:00,33.517524389016096
srv-009,2017-06-12 16:00:00,33.57493453574044
srv-009,2017-06-12 17:00:00,33.49713660297052
srv-009,2017-06-12 18:00:00,33.53745081587269
srv-009,2017-06-12 19:00:00,33.64746702825759
srv-009,2017-06-12 20:00:00,33.42748392542261
srv-009,2017-06-12 21:00:00,33.60964273457317
srv-009,2017-06-12 22:00:00,33.518648439429285
srv-009,2017-06-12 23:00:00,33.57605858615363
srv-009,2017-06-13 00:00:00,33.49826065338371
srv-009,2017-06-13 01:00:00,33.53857486628588
srv-009,2017-06-13 02:00:00,33.648591078670776
srv-009,2017-06-13 03:00:00,33.428607975835796
srv-009,2017-06-13 04:00:00,33.61076678498636
srv-009,2017-06-13 05:00:00,33.519772489842474
srv-009,2017-06-13 06:00:00,33.57718263656682
srv-009,2017-06-13 07:00:00,33.4993847037969
srv-009,2017-06-13 08:00:00,33.539698916699066
srv-009,2017-06-13 09:00:00,33.649715129083965
srv-009,2017-06-13 10:00:00,33.429732026248985
srv-009,2017-06-13 11:00:00,33.61189083539955
srv-009,2017-06-13 12:00:00,33.52089654025566
srv-009,2017-06-13 13:00:00,33.57830668698001
srv-009,2017-06-13 14:00:00,33.50050875421009
srv-009,2017-06-13 15:00:00,33.540822967112256
srv-009,2017-06-13 16:00:00,33.650839179497154
srv-009,2017-06-13 17:00:00,33.430856076662174
srv-009,2017-06-13 18:00:00,33.61301488581274
srv-009,2017-06-13 19:00:00,33.52202059066885
srv-009,2017-06-13 20:00:00,33.579430737393196
srv-009,2017-06-13 21:00:00,33.50163280462328
srv-009,2017-06-13 22:00:00,33.541947017525445
srv-009,2017-06-13 23:00:00,33.65196322991034
srv-009,2017-06-14 00:00:00,33.43198012707536
srv-009,2017-06-14 01:00:00,33.61413893622593
srv-009,2017-06-14 02:00:00,33.52314464108204
srv-009,2017-06-14 03:00:00,33.580554787806385
srv-009,2017-06-14 04:00:00,33.502756855036466
srv-009,2017-06-14 05:00:00,33.543071067938634
srv-009,2017-06-14 06:00:00,33.65308728032353
srv-009,2017-06-14 07:00:00,33.43310417748855
srv-009,2017-06-14 08:00:00,33.61526298663912
srv-009,2017-06-14 09:00:00,33.52426869149523
srv-009,2017-06-14 10:00:00,33.581678838219574
srv-009,2017-06-14 11:00:00,33.503880905449655
srv-009,2017-06-14 12:00:00,33.54419511835182
srv-009,2017-06-14 13:00:00,33.65421133073672
srv-009,2017-06-14 14:00:00,33.43422822790174
srv-009,2017-06-14 15:00:00,33.616387037052306
srv-009,2017-06-14 16:00:00,33.52539274190842
srv-009,2017-06-14 17:00:00,33.58280288863276
srv-009,2017-06-14 18:00:00,33.505004955862844
srv-009,2017-06-14 19:00:00,33.54531916876501
srv-009,2017-06-14 20:00:00,33.65533538114991
srv-009,2017-06-14 21:00:00,33.43535227831493
srv-009,2017-06-14 22:00:00,33.617511087465495
srv-009,2017-06-14 23:00:00,33.52651679232161
srv-009,2017-06-15 00:00:00,33.58392693904595
srv-009,2017-06-15 01:00:00,33.50612900627603
srv-009,2017-06-15 02:00:00,33.5464432191782
srv-009,2017-06-15 03:00:00,33.6564594315631
srv-009,2017-06-15 04:00:00,33.43647632872812
srv-009,2017-06-15 05:00:00,33.618635137878684
srv-009,2017-06-15 06:00:00,33.5276408427348
srv-009,2017-06-15 07:00:00,33.58505098945914
srv-009,2017-06-15 08:00:00,33.50725305668922
srv-009,2017-06-15 09:00:00,33.54756726959139
srv-009,2017-06-15 10:00:00,33.65758348197629
srv-009,2017-06-15 11:00:00,33.43760037914131
srv-009,2017-06-15 12:00:00,33.61975918829187
srv-009,2017-06-15 13:00:00,33.52876489314799
srv-009,2017-06-15 14:00:00,33.58617503987233
srv-009,2017-06-15 15:00:00,33.50837710710241
srv-009,2017-06-15 16:00:00,33.54869132000458
srv-009,2017-06-15 17:00:00,33.65870753238948
srv-009,2017-06-15 18:00:00,33.4387244295545
srv-009,2017-06-15 19:00:00,33.62088323870506
srv-009,2017-06-15 20:00:00,33.529888943561176
srv-009,2017-06-15 21:00:00,33.58729909028552
srv-009,2017-06-15 22:00:00,33.5095011575156
srv-009,2017-06-15 23:00:00,33.54981537041777
srv-009,2017-06-16 00:00:00,33.65983158280267
srv-009,2017-06-16 01:00:00,33.43984847996769
srv-009,2017-06-16 02:00:00,33.62200728911825
srv-009,2017-06-16 03:00:00,33.531012993974365
srv-009,2017-06-16 04:00:00,33.58842314069871
srv-009,2017-06-16 05:00:00,33.51062520792879
srv-009,2017-06-16 06:00:00,33.55093942083096
srv-009,2017-06-16 07:00:00,33.660955633215856
srv-009,2017-06-16 08:00:00,33.440972530380876
srv-009,2017-06-16 09:00:00,33.62313133953144
srv-009,2017-06-16 10:00:00,33.532137044387554
srv-009,2017-06-16 11:00:00,33.5895471911119
srv-009,2017-06-16 12:00:00,33.51174925834198
srv-009,2017-06-16 13:00:00,33.552063471244146
srv-009,2017-06-16 14:00:00,33.662079683629045
srv-009,2017-06-16 15:00:00,33.442096580794065
srv-009,2017-06-16 16:00:00,33.62425538994463
srv-009,2017-06-16 17:00:00,33.53326109480074
srv-009,2017-06-16 18:00:00,33.59067124152509
srv-009,2017-06-16 19:00:00,33.51287330875517
srv-009,2017-06-16 20:00:00,33.553187521657335
srv-009,2017-06-16 21:00:00,33.663203734042234
srv-009,2017-06-16 22:00:00,33.443220631207254
srv-009,2017-06-16 23:00:00,33.62537944035782
srv-009,2017-06-17 00:00:00,33.53438514521393
srv-009,2017-06-17 01:00:00,33.591795291938276
srv-009,2017-06-17 02:00:00,33.51399735916836
srv-009,2017-06-17 03:00:00,33.554311572070525
srv-009,2017-06-17 04:00:00,33.66432778445542
srv-009,2017-06-17 05:00:00,33.44434468162044
srv-009,2017-06-17 06:00:00,33.62650349077101
srv-009,2017-06-17 07:00:00,33.53550919562712
srv-009,2017-06-17 08:00:00,33.592919342351465
srv-009,2017-06-17 09:00:00,33.515121409581546
srv-009,2017-06-17 10:00:00,33.555435622483714
srv-009,2017-06-17 11:00:00,33.66545183486861
srv-009,2017-06-17 12:00:00,33.44546873203363
srv-009,2017-06-17 13:00:00,33.6276275411842
srv-009,2017-06-17 14:00:00,33.53663324604031
srv-009,2017-06-17 15:00:00,33.594043392764654
srv-009,2017-06-17 16:00:00,33.516245459994735
srv-009,2017-06-17 17:00:00,33.5565596728969
srv-009,2017-06-17 18:00:00,33.6665758852818
srv-009,2017-06-17 19:00:00,33.44659278244682
srv-009,2017-06-17 20:00:00,33.628751591597386
srv-009,2017-06-17 21:00:00,33.5377572964535
srv-009,2017-06-17 22:00:00,33.59516744317784
srv-009,2017-06-17 23:00:00,33.517369510407924
srv-009,2017-06-18 00:00:00,33.55768372331009
srv-009,2017-06-18 01:00:00,33.66769993569499
srv-009,2017-06-18 02:00:00,33.44771683286001
srv-009,2017-06-18 03:00:00,33.629875642010575
srv-009,2017-06-18 04:00:00,33.53888134686669
srv-009,2017-06-18 05:00:00,33.59629149359103
srv-009,2017-06-18 06:00:00,33.51849356082111
srv-009,2017-06-18 07:00:00,33.55880777372328
srv-009,2017-06-18 08:00:00,33.66882398610818
srv-009,2017-06-18 09:00:00,33.4488408832732
srv-009,2017-06-18 10:00:00,33.630999692423764
srv-009,2017-06-18 11:00:00,33.54000539727988
srv-009,2017-06-18 12:00:00,33.59741554400422
srv-009,2017-06-18 13:00:00,33.5196176112343
srv-009,2017-06-18 14:00:00,33.55993182413647
srv-009,2017-06-18 15:00:00,33.66994803652137
srv-009,2017-06-18 16:00:00,33.44996493368639
srv-009,2017-06-18 17:00:00,33.63212374283695
srv-009,2017-06-18 18:00:00,33.541129447693066
srv-009,2017-06-18 19:00:00,33.59853959441741
srv-009,2017-06-18 20:00:00,33.52074166164749
srv-009,2017-06-18 21:00:00,33.56105587454966
srv-009,2017-06-18 22:00:00,33.67107208693456
srv-009,2017-06-18 23:00:00,33.45108898409958
srv-009,2017-06-19 00:00:00,33.63324779325014
srv-009,2017-06-19 01:00:00,33.542253498106255
srv-009,2017-06-19 02:00:00,33.5996636448306
srv-009,2017-06-19 03:00:00,33.52186571206068
srv-009,2017-06-19 04:00:00,33.56217992496285
srv-009,2017-06-19 05:00:00,33.67219613734775
srv-009,2017-06-19 06:00:00,33.452213034512766
srv-009,2017-06-19 07:00:00,33.63437184366333
srv-009,2017-06-19 08:00:00,33.543377548519445
srv-009,2017-06-19 09:00:00,33.60078769524379
srv-009,2017-06-19 10:00:00,33.52298976247387
srv-009,2017-06-19 11:00:00,33.56330397537604
srv-009,2017-06-19 12:00:00,33.673320187760936
srv-009,2017-06-19 13:00:00,33.453337084925955
srv-009,2017-06-19 14:00:00,33.63549589407652
srv-009,2017-06-19 15:00:00,33.544501598932634
srv-009,2017-06-19 16:00:00,33.60191174565698
srv-009,2017-06-19 17:00:00,33.52411381288706
srv-009,2017-06-19 18:00:00,33.564428025789226
srv-009,2017-06-19 19:00:00,33.674444238174125
srv-009,2017-06-19 20:00:00,33.454461135339145
srv-009,2017-06-19 21:00:00,33.63661994448971
srv-009,2017-06-19 22:00:00,33.54562564934582
srv-009,2017-06-19 23:00:00,33.603035796070166
srv-009,2017-06-20 00:00:00,33.52523786330025
srv-009,2017-06-20 01:00:00,33.565552076202415
srv-009,2017-06-20 02:00:00,33.675568288587314
srv-009,2017-06-20 03:00:00,33.455585185752334
srv-009,2017-06-20 04:00:00,33.6377439949029
srv-009,2017-06-20 05:00:00,33.54674969975901
srv-009,2017-06-20 06:00:00,33.604159846483356
srv-009,2017-06-20 07:00:00,33.52636191371344
srv-009,2017-06-20 08:00:00,33.566676126615604
srv-009,2017-06-20 09:00:00,33.6766923390005
srv-009,2017-06-20 10:00:00,33.45670923616552
srv-009,2017-06-20 11:00:00,33.63886804531609
srv-009,2017-06-20 12:00:00,33.5478737501722
srv-009,2017-06-20 13:00:00,33.605283896896545
srv-009,2017-06-20 14:00:00,33.527485964126626
srv-009,2017-06-20 15:00:00,33.56780017702879
srv-009,2017-06-20 16:00:00,33.67781638941369
srv-009,2017-06-20 17:00:00,33.45783328657871
srv-009,2017-06-20 18:00:00,33.639992095729276
srv-009,2017-06-20 19:00:00,33.54899780058539
srv-009,2017-06-20 20:00:00,33.606407947309734
srv-009,2017-06-20 21:00:00,33.528610014539815
srv-009,2017-06-20 22:00:00,33.56892422744198
srv-009,2017-06-20 23:00:00,33.67894043982688
srv-009,2017-06-21 00:00:00,33.4589573369919
srv-009,2017-06-21 01:00:00,33.641116146142465
srv-009,2017-06-21 02:00:00,33.55012185099858
srv-009,2017-06-21 03:00:00,33.60753199772292
srv-009,2017-06-21 04:00:00,33.529734064953004
srv-009,2017-06-21 05:00:00,33.57004827785517
srv-009,2017-06-21 06:00:00,33.68006449024007
srv-009,2017-06-21 07:00:00,33.46008138740509
srv-009,2017-06-21 08:00:00,33.642240196555655
srv-009,2017-06-21 09:00:00,33.55124590141177
srv-009,2017-06-21 10:00:00,33.60865604813611
srv-009,2017-06-21 11:00:00,33.53085811536619
srv-009,2017-06-21 12:00:00,33.57117232826836
srv-009,2017-06-21 13:00:00,33.68118854065326
srv-009,2017-06-21 14:00:00,33.46120543781828
srv-009,2017-06-21 15:00:00,33.643364246968844
srv-009,2017-06-21 16:00:00,33.55236995182496
srv-009,2017-06-21 17:00:00,33.6097800985493
srv-009,2017-06-21 18:00:00,33.53198216577938
srv-009,2017-06-21 19:00:00,33.57229637868155
srv-009,2017-06-21 20:00:00,33.68231259106645
srv-009,2017-06-21 21:00:00,33.46232948823147
srv-009,2017-06-21 22:00:00,33.64448829738203
srv-009,2017-06-21 23:00:00,33.553494002238146
srv-009,2017-06-22 00:00:00,33.61090414896249
srv-009,2017-06-22 01:00:00,33.53310621619257
srv-009,2017-06-22 02:00:00,33.57342042909474
srv-009,2017-06-22 03:00:00,33.68343664147964
srv-009,2017-06-22 04:00:00,33.46345353864466
srv-009,2017-06-22 05:00:00,33.64561234779522
srv-009,2017-06-22 06:00:00,33.554618052651335
srv-009,2017-06-22 07:00:00,33.61202819937568
srv-009,2017-06-22 08:00:00,33.53423026660576
srv-009,2017-06-22 09:00:00,33.57454447950793
srv-009,2017-06-22 10:00:00,33.68456069189283
srv-009,2017-06-22 11:00:00,33.464577589057846
srv-009,2017-06-22 12:00:00,33.64673639820841
srv-009,2017-06-22 13:00:00,33.555742103064524
srv-009,2017-06-22 14:00:00,33.61315224978887
srv-009,2017-06-22 15:00:00,33.53535431701895
srv-009,2017-06-22 16:00:00,33.57566852992112
srv-009,2017-06-22 17:00:00,33.685684742306016
srv-009,2017-06-22 18:00:00,33.465701639471035
srv-009,2017-06-22 19:00:00,33.6478604486216
srv-009,2017-06-22 20:00:00,33.55686615347771
srv-009,2017-06-22 21:00:00,33.61427630020206
srv-009,2017-06-22 22:00:00,33.53647836743214
srv-009,2017-06-22 23:00:00,33.576792580334306
srv-009,2017-06-23 00:00:00,33.686808792719205
srv-009,2017-06-23 01:00:00,33.466825689884224
srv-009,2017-06-23 02:00:00,33.64898449903479
srv-009,2017-06-23 03:00:00,33.5579902038909
srv-009,2017-06-23 04:00:00,33.615400350615246
srv-009,2017-06-23 05:00:00,33.53760241784533
srv-009,2017-06-23 06:00:00,33.577916630747495
srv-009,2017-06-23 07:00:00,33.687932843132394
srv-009,2017-06-23 08:00:00,33.46794974029741
srv-009,2017-06-23 09:00:00,33.65010854944798
srv-009,2017-06-23 10:00:00,33.55911425430409
srv-009,2017-06-23 11:00:00,33.616524401028435
srv-009,2017-06-23 12:00:00,33.53872646825852
srv-009,2017-06-23 13:00:00,33.579040681160684
srv-009,2017-06-23 14:00:00,33.68905689354558
srv-009,2017-06-23 15:00:00,33.4690737907106
srv-009,2017-06-23 16:00:00,33.65123259986117
srv-009,2017-06-23 17:00:00,33.56023830471728
srv-009,2017-06-23 18:00:00,33.617648451441625
srv-009,2017-06-23 19:00:00,33.539850518671706
srv-009,2017-06-23 20:00:00,33.58016473157387
srv-009,2017-06-23 21:00:00,33.69018094395877
srv-009,2017-06-23 22:00:00,33.47019784112379
srv-009,2017-06-23 23:00:00,33.652356650274356
srv-009,2017-06-24 00:00:00,33.56136235513047
srv-009,2017-06-24 01:00:00,33.618772501854814
srv-009,2017-06-24 02:00:00,33.540974569084895
srv-009,2017-06-24 03:00:00,33.58128878198706
srv-009,2017-06-24 04:00:00,33.69130499437196
srv-009,2017-06-24 05:00:00,33.47132189153698
srv-009,2017-06-24 06:00:00,33.653480700687545
srv-009,2017-06-24 07:00:00,33.56248640554366
srv-009,2017-06-24 08:00:00,33.619896552268
srv-009,2017-06-24 09:00:00,33.542098619498084
srv-009,2017-06-24 10:00:00,33.58241283240025
srv-009,2017-06-24 11:00:00,33.69242904478515
srv-009,2017-06-24 12:00:00,33.47244594195017
srv-009,2017-06-24 13:00:00,33.654604751100734
srv-009,2017-06-24 14:00:00,33.56361045595685
srv-009,2017-06-24 15:00:00,33.62102060268119
srv-009,2017-06-24 16:00:00,33.54322266991127
srv-009,2017-06-24 17:00:00,33.58353688281344
srv-009,2017-06-24 18:00:00,33.69355309519834
srv-009,2017-06-24 19:00:00,33.47356999236336
srv-009,2017-06-24 20:00:00,33.65572880151392
srv-009,2017-06-24 21:00:00,33.56473450637004
srv-009,2017-06-24 22:00:00,33.62214465309438
srv-009,2017-06-24 23:00:00,33.54434672032446
srv-009,2017-06-25 00:00:00,33.58466093322663
srv-009,2017-06-25 01:00:00,33.69467714561153
srv-009,2017-06-25 02:00:00,33.47469404277655
srv-009,2017-06-25 03:00:00,33.65685285192711
srv-009,2017-06-25 04:00:00,33.565858556783226
srv-009,2017-06-25 05:00:00,33.62326870350757
srv-009,2017-06-25 06:00:00,33.54547077073765
srv-009,2017-06-25 07:00:00,33.58578498363982
srv-009,2017-06-25 08:00:00,33.69580119602472
srv-009,2017-06-25 09:00:00,33.47581809318974
srv-009,2017-06-25 10:00:00,33.6579769023403
srv-009,2017-06-25 11:00:00,33.566982607196415
srv-009,2017-06-25 12:00:00,33.62439275392076
srv-009,2017-06-25 13:00:00,33.54659482115084
srv-009,2017-06-25 14:00:00,33.58690903405301
srv-009,2017-06-25 15:00:00,33.69692524643791
srv-009,2017-06-25 16:00:00,33.476942143602926
srv-009,2017-06-25 17:00:00,33.65910095275349
srv-009,2017-06-25 18:00:00,33.568106657609604
srv-009,2017-06-25 19:00:00,33.62551680433395
srv-009,2017-06-25 20:00:00,33.54771887156403
srv-009,2017-06-25 21:00:00,33.5880330844662
srv-009,2017-06-25 22:00:00,33.698049296851096
srv-009,2017-06-25 23:00:00,33.478066194016115
srv-009,2017-06-26 00:00:00,33.66022500316668
srv-009,2017-06-26 01:00:00,33.56923070802279
srv-009,2017-06-26 02:00:00,33.62664085474714
srv-009,2017-06-26 03:00:00,33.54884292197722
srv-009,2017-06-26 04:00:00,33.589157134879386
srv-009,2017-06-26 05:00:00,33.699173347264285
srv-009,2017-06-26 06:00:00,33.479190244429304
srv-009,2017-06-26 07:00:00,33.66134905357987
srv-009,2017-06-26 08:00:00,33.57035475843598
srv-009,2017-06-26 09:00:00,33.627764905160326
srv-009,2017-06-26 10:00:00,33.54996697239041
srv-009,2017-06-26 11:00:00,33.590281185292575
srv-009,2017-06-26 12:00:00,33.700297397677474
srv-009,2017-06-26 13:00:00,33.48031429484249
srv-009,2017-06-26 14:00:00,33.66247310399306
srv-009,2017-06-26 15:00:00,33.57147880884917
srv-009,2017-06-26 16:00:00,33.628888955573515
srv-009,2017-06-26 17:00:00,33.5510910228036
srv-009,2017-06-26 18:00:00,33.591405235705764
srv-009,2017-06-26 19:00:00,33.70142144809066
srv-009,2017-06-26 20:00:00,33.48143834525568
srv-009,2017-06-26 21:00:00,33.66359715440625
srv-009,2017-06-26 22:00:00,33.57260285926236
srv-009,2017-06-26 23:00:00,33.630013005986704
srv-009,2017-06-27 00:00:00,33.552215073216786
srv-009,2017-06-27 01:00:00,33.59252928611895
srv-009,2017-06-27 02:00:00,33.70254549850385
srv-009,2017-06-27 03:00:00,33.48256239566887
srv-009,2017-06-27 04:00:00,33.664721204819436
srv-009,2017-06-27 05:00:00,33.57372690967555
srv-009,2017-06-27 06:00:00,33.63113705639989
srv-009,2017-06-27 07:00:00,33.553339123629975
srv-009,2017-06-27 08:00:00,33.59365333653214
srv-009,2017-06-27 09:00:00,33.70366954891704
srv-009,2017-06-27 10:00:00,33.48368644608206
srv-009,2017-06-27 11:00:00,33.665845255232625
srv-009,2017-06-27 12:00:00,33.57485096008874
srv-009,2017-06-27 13:00:00,33.63226110681308
srv-009,2017-06-27 14:00:00,33.554463174043164
srv-009,2017-06-27 15:00:00,33.59477738694533
srv-009,2017-06-27 16:00:00,33.70479359933023
srv-009,2017-06-27 17:00:00,33.48481049649525
srv-009,2017-06-27 18:00:00,33.666969305645814
srv-009,2017-06-27 19:00:00,33.57597501050193
srv-009,2017-06-27 20:00:00,33.63338515722627
srv-009,2017-06-27 21:00:00,33.55558722445635
srv-009,2017-06-27 22:00:00,33.59590143735852
srv-009,2017-06-27 23:00:00,33.70591764974342
srv-009,2017-06-28 00:00:00,33.48593454690844
srv-009,2017-06-28 01:00:00,33.668093356059
srv-009,2017-06-28 02:00:00,33.57709906091512
srv-009,2017-06-28 03:00:00,33.63450920763946
srv-009,2017-06-28 04:00:00,33.55671127486954
srv-009,2017-06-28 05:00:00,33.59702548777171
srv-009,2017-06-28 06:00:00,33.70704170015661
srv-009,2017-06-28 07:00:00,33.48705859732163
srv-009,2017-06-28 08:00:00,33.66921740647219
srv-009,2017-06-28 09:00:00,33.578223111328306
srv-009,2017-06-28 10:00:00,33.63563325805265
srv-009,2017-06-28 11:00:00,33.55783532528273
srv-009,2017-06-28 12:00:00,33.5981495381849
srv-009,2017-06-28 13:00:00,33.7081657505698
srv-009,2017-06-28 14:00:00,33.48818264773482
srv-009,2017-06-28 15:00:00,33.67034145688538
srv-009,2017-06-28 16:00:00,33.579347161741495
srv-009,2017-06-28 17:00:00,33.63675730846584
srv-009,2017-06-28 18:00:00,33.55895937569592
srv-009,2017-06-28 19:00:00,33.59927358859809
srv-009,2017-06-28 20:00:00,33.70928980098299
srv-009,2017-06-28 21:00:00,33.489306698148006
srv-009,2017-06-28 22:00:00,33.67146550729857
srv-009,2017-06-28 23:00:00,33.580471212154684
srv-009,2017-06-29 00:00:00,33.63788135887903
srv-009,2017-06-29 01:00:00,33.56008342610911
srv-009,2017-06-29 02:00:00,33.60039763901128
srv-009,2017-06-29 03:00:00,33.710413851396176
srv-009,2017-06-29 04:00:00,33.490430748561195
srv-009,2017-06-29 05:00:00,33.67258955771176
srv-009,2017-06-29 06:00:00,33.58159526256787
srv-009,2017-06-29 07:00:00,33.63900540929222
srv-009,2017-06-29 08:00:00,33.5612074765223
srv-009,2017-06-29 09:00:00,33.601521689424466
srv-009,2017-06-29 10:00:00,33.711537901809365
srv-009,2017-06-29 11:00:00,33.491554798974384
srv-009,2017-06-29 12:00:00,33.67371360812495
srv-009,2017-06-29 13:00:00,33.58271931298106
srv-009,2017-06-29 14:00:00,33.640129459705406
srv-009,2017-06-29 15:00:00,33.56233152693549
srv-009,2017-06-29 16:00:00,33.602645739837655
srv-009,2017-06-29 17:00:00,33.712661952222554
srv-009,2017-06-29 18:00:00,33.49267884938757
srv-009,2017-06-29 19:00:00,33.67483765853814
srv-009,2017-06-29 20:00:00,33.58384336339425
srv-009,2017-06-29 21:00:00,33.641253510118595
srv-009,2017-06-29 22:00:00,33.56345557734868
srv-009,2017-06-29 23:00:00,33.603769790250844
srv-009,2017-06-30 00:00:00,33.71378600263574
srv-009,2017-06-30 01:00:00,33.49380289980076
srv-009,2017-06-30 02:00:00,33.67596170895133
srv-009,2017-06-30 03:00:00,33.58496741380744
srv-009,2017-06-30 04:00:00,33.642377560531784
srv-009,2017-06-30 05:00:00,33.564579627761866
srv-009,2017-06-30 06:00:00,33.60489384066403
srv-009,2017-06-30 07:00:00,33.71491005304893
srv-009,2017-06-30 08:00:00,33.49492695021395
srv-009,2017-06-30 09:00:00,33.677085759364516
srv-009,2017-06-30 10:00:00,33.58609146422063
srv-009,2017-06-30 11:00:00,33.64350161094497
srv-009,2017-06-30 12:00:00,33.565703678175055
srv-009,2017-06-30 13:00:00,33.60601789107722
srv-009,2017-06-30 14:00:00,33.71603410346212
srv-009,2017-06-30 15:00:00,33.49605100062714
srv-009,2017-06-30 16:00:00,33.678209809777705
srv-009,2017-06-30 17:00:00,33.58721551463382
srv-009,2017-06-30 18:00:00,33.64462566135816
srv-009,2017-06-30 19:00:00,33.566827728588244
srv-009,2017-06-30 20:00:00,33.60714194149041
srv-009,2017-06-30 21:00:00,33.71715815387531
srv-009,2017-06-30 22:00:00,33.49717505104033
srv-009,2017-06-30 23:00:00,33.679333860190894
srv-010,2017-06-01 23:00:00,90.6769765166936
srv-010,2017-06-02 00:00:00,90.92094735115657
srv-010,2017-06-02 01:00:00,90.55077785844722
srv-010,2017-06-02 02:00:00,90.86902719303806
srv-010,2017-06-02 03:00:00,90.66495421971644
srv-010,2017-06-02 04:00:00,90.97610379684751
srv-010,2017-06-02 05:00:00,91.14207651480851
srv-010,2017-06-02 06:00:00,91.1076394031631
srv-010,2017-06-02 07:00:00,91.15488182923279
srv-010,2017-06-02 08:00:00,90.80918358992484
srv-010,2017-06-02 09:00:00,90.97600605301628
srv-010,2017-06-02 10:00:00,90.94058197852537
srv-010,2017-06-02 11:00:00,90.96940981333188
srv-010,2017-06-02 12:00:00,91.1706152300441
srv-010,2017-06-02 13:00:00,91.13264538833164
srv-010,2017-06-02 14:00:00,91.1900208186394
srv-010,2017-06-02 15:00:00,90.84306212430816
srv-010,2017-06-02 16:00:00,91.01768421805521
srv-010,2017-06-02 17:00:00,90.97357344809352
srv-010,2017-06-02 18:00:00,91.01694299065423
srv-010,2017-06-02 19:00:00,91.21633365656331
srv-010,2017-06-02 20:00:00,91.1785457772027
srv-010,2017-06-02 21:00:00,91.2353992810549
srv-010,2017-06-02 22:00:00,90.8885055097028
srv-010,2017-06-02 23:00:00,91.06272586340442
srv-010,2017-06-03 00:00:00,91.01906252404387
srv-010,2017-06-03 01:00:00,91.0616830585308
srv-010,2017-06-03 02:00:00,91.26116719784935
srv-010,2017-06-03 03:00:00,91.2233699460496
srv-010,2017-06-03 04:00:00,91.28025033306682
srv-010,2017-06-03 05:00:00,90.93335321768961
srv-010,2017-06-03 06:00:00,91.10759426404597
srv-010,2017-06-03 07:00:00,91.06390787862108
srv-010,2017-06-03 08:00:00,91.10656699269605
srv-010,2017-06-03 09:00:00,91.30604631742614
srv-010,2017-06-03 10:00:00,91.268249548378
srv-010,2017-06-03 11:00:00,91.32512855070863
srv-010,2017-06-03 12:00:00,90.97823160757406
srv-010,2017-06-03 13:00:00,91.15247158810199
srv-010,2017-06-03 14:00:00,91.10878638972395
srv-010,2017-06-03 15:00:00,91.15144351665796
srv-010,2017-06-03 16:00:00,91.35092308937583
srv-010,2017-06-03 17:00:00,91.31312629546233
srv-010,2017-06-03 18:00:00,91.3700053691148
srv-010,2017-06-03 19:00:00,91.02310841710843
srv-010,2017-06-03 20:00:00,91.1973484525346
srv-010,2017-06-03 21:00:00,91.15366319301464
srv-010,2017-06-03 22:00:00,91.19632042230147
srv-010,2017-06-03 23:00:00,91.39579998224609
srv-010,2017-06-04 00:00:00,91.35800318961333
srv-010,2017-06-04 01:00:00,91.41488225959218
srv-010,2017-06-04 02:00:00,91.06798530804276
srv-010,2017-06-04 03:00:00,91.24222534064126
srv-010,2017-06-04 04:00:00,91.19854008427058
srv-010,2017-06-04 05:00:00,91.24119730828546
srv-010,2017-06-04 06:00:00,91.44067686888799
srv-010,2017-06-04 07:00:00,91.40288007618928
srv-010,2017-06-04 08:00:00,91.45975914635736
srv-010,2017-06-04 09:00:00,91.11286219478441
srv-010,2017-06-04 10:00:00,91.28710222752855
srv-010,2017-06-04 11:00:00,91.24341697099565
srv-010,2017-06-04 12:00:00,91.28607419528208
srv-010,2017-06-04 13:00:00,91.48555375585072
srv-010,2017-06-04 14:00:00,91.44775696315538
srv-010,2017-06-04 15:00:00,91.50463603331372
srv-010,2017-06-04 16:00:00,91.15773908174198
srv-010,2017-06-04 17:00:00,91.33197911447861
srv-010,2017-06-04 18:00:00,91.28829385795407
srv-010,2017-06-04 19:00:00,91.33095108222652
srv-010,2017-06-04 20:00:00,91.5304306427969
srv-010,2017-06-04 21:00:00,91.49263385010141
srv-010,2017-06-04 22:00:00,91.54951292026024
srv-010,2017-06-04 23:00:00,91.20261596868845
srv-010,2017-06-05 00:00:00,91.37685600142547
srv-010,2017-06-05 01:00:00,91.3331707449005
srv-010,2017-06-05 02:00:00,91.37582796917367
srv-010,2017-06-05 03:00:00,91.57530752974397
srv-010,2017-06-05 04:00:00,91.53751073704848
srv-010,2017-06-05 05:00:00,91.59438980720728
srv-010,2017-06-05 06:00:00,91.24749285563547
srv-010,2017-06-05 07:00:00,91.42173288837247
srv-010,2017-06-05 08:00:00,91.37804763184754
srv-010,2017-06-05 09:00:00,91.42070485612065
srv-010,2017-06-05 10:00:00,91.62018441669095
srv-010,2017-06-05 11:00:00,91.58238762399546
srv-010,2017-06-05 12:00:00,91.63926669415426
srv-010,2017-06-05 13:00:00,91.29236974258247
srv-010,2017-06-05 14:00:00,91.46660977531947
srv-010,2017-06-05 15:00:00,91.42292451879452
srv-010,2017-06-05 16:00:00,91.46558174306764
srv-010,2017-06-05 17:00:00,91.66506130363794
srv-010,2017-06-05 18:00:00,91.62726451094245
srv-010,2017-06-05 19:00:00,91.68414358110125
srv-010,2017-06-05 20:00:00,91.33724662952946
srv-010,2017-06-05 21:00:00,91.51148666226646
srv-010,2017-06-05 22:00:00,91.46780140574151
srv-010,2017-06-05 23:00:00,91.51045863001464
srv-010,2017-06-06 00:00:00,91.70993819058494
srv-010,2017-06-06 01:00:00,91.67214139788945
srv-010,2017-06-06 02:00:00,91.72902046804825
srv-010,2017-06-06 03:00:00,91.38212351647645
srv-010,2017-06-06 04:00:00,91.55636354921346
srv-010,2017-06-06 05:00:00,91.5126782926885
srv-010,2017-06-06 06:00:00,91.55533551696163
srv-010,2017-06-06 07:00:00,91.75481507753193
srv-010,2017-06-06 08:00:00,91.71701828483644
srv-010,2017-06-06 09:00:00,91.77389735499524
srv-010,2017-06-06 10:00:00,91.42700040342345
srv-010,2017-06-06 11:00:00,91.60124043616045
srv-010,2017-06-06 12:00:00,91.5575551796355
srv-010,2017-06-06 13:00:00,91.60021240390863
srv-010,2017-06-06 14:00:00,91.79969196447892
srv-010,2017-06-06 15:00:00,91.76189517178344
srv-010,2017-06-06 16:00:00,91.81877424194224
srv-010,2017-06-06 17:00:00,91.47187729037044
srv-010,2017-06-06 18:00:00,91.64611732310745
srv-010,2017-06-06 19:00:00,91.6024320665825
srv-010,2017-06-06 20:00:00,91.64508929085562
srv-010,2017-06-06 21:00:00,91.84456885142592
srv-010,2017-06-06 22:00:00,91.80677205873043
srv-010,2017-06-06 23:00:00,91.86365112888923
srv-010,2017-06-07 00:00:00,91.51675417731744
srv-010,2017-06-07 01:00:00,91.69099421005444
srv-010,2017-06-07 02:00:00,91.64730895352949
srv-010,2017-06-07 03:00:00,91.68996617780262
srv-010,2017-06-07 04:00:00,91.88944573837291
srv-010,2017-06-07 05:00:00,91.85164894567743
srv-010,2017-06-07 06:00:00,91.90852801583623
srv-010,2017-06-07 07:00:00,91.56163106426443
srv-010,2017-06-07 08:00:00,91.73587109700144
srv-010,2017-06-07 09:00:00,91.69218584047648
srv-010,2017-06-07 10:00:00,91.73484306474961
srv-010,2017-06-07 11:00:00,91.93432262531991
srv-010,2017-06-07 12:00:00,91.89652583262442
srv-010,2017-06-07 13:00:00,91.95340490278322
srv-010,2017-06-07 14:00:00,91.60650795121143
srv-010,2017-06-07 15:00:00,91.78074798394843
srv-010,2017-06-07 16:00:00,91.73706272742348
srv-010,2017-06-07 17:00:00,91.7797199516966
srv-010,2017-06-07 18:00:00,91.9791995122669
srv-010,2017-06-07 19:00:00,91.94140271957141
srv-010,2017-06-07 20:00:00,91.99828178973021
srv-010,2017-06-07 21:00:00,91.65138483815842
srv-010,2017-06-07 22:00:00,91.82562487089542
srv-010,2017-06-07 23:00:00,91.78193961437047
srv-010,2017-06-08 00:00:00,91.8245968386436
srv-010,2017-06-08 01:00:00,92.0240763992139
srv-010,2017-06-08 02:00:00,91.98627960651841
srv-010,2017-06-08 03:00:00,92.04315867667721
srv-010,2017-06-08 04:00:00,91.69626172510542
srv-010,2017-06-08 05:00:00,91.87050175784242
srv-010,2017-06-08 06:00:00,91.82681650131747
srv-010,2017-06-08 07:00:00,91.8694737255906
srv-010,2017-06-08 08:00:00,92.06895328616089
srv-010,2017-06-08 09:00:00,92.0311564934654
srv-010,2017-06-08 10:00:00,92.0880355636242
srv-010,2017-06-08 11:00:00,91.74113861205241
srv-010,2017-06-08 12:00:00,91.91537864478941
srv-010,2017-06-08 13:00:00,91.87169338826446
srv-010,2017-06-08 14:00:00,91.91435061253759
srv-010,2017-06-08 15:00:00,92.11383017310789
srv-010,2017-06-08 16:00:00,92.0760333804124
srv-010,2017-06-08 17:00:00,92.1329124505712
srv-010,2017-06-08 18:00:00,91.7860154989994
srv-010,2017-06-08 19:00:00,91.96025553173641
srv-010,2017-06-08 20:00:00,91.91657027521146
srv-010,2017-06-08 21:00:00,91.95922749948458
srv-010,2017-06-08 22:00:00,92.15870706005488
srv-010,2017-06-08 23:00:00,92.12091026735939
srv-010,2017-06-09 00:00:00,92.17778933751819
srv-010,2017-06-09 01:00:00,91.8308923859464
srv-010,2017-06-09 02:00:00,92.0051324186834
srv-010,2017-06-09 03:00:00,91.96144716215845
srv-010,2017-06-09 04:00:00,92.00410438643158
srv-010,2017-06-09 05:00:00,92.20358394700187
srv-010,2017-06-09 06:00:00,92.16578715430639
srv-010,2017-06-09 07:00:00,92.22266622446519
srv-010,2017-06-09 08:00:00,91.8757692728934
srv-010,2017-06-09 09:00:00,92.0500093056304
srv-010,2017-06-09 10:00:00,92.00632404910544
srv-010,2017-06-09 11:00:00,92.04898127337857
srv-010,2017-06-09 12:00:00,92.24846083394887
srv-010,2017-06-09 13:00:00,92.21066404125338
srv-010,2017-06-09 14:00:00,92.26754311141218
srv-010,2017-06-09 15:00:00,91.92064615984039
srv-010,2017-06-09 16:00:00,92.09488619257739
srv-010,2017-06-09 17:00:00,92.05120093605244
srv-010,2017-06-09 18:00:00,92.09385816032557
srv-010,2017-06-09 19:00:00,92.29333772089586
srv-010,2017-06-09 20:00:00,92.25554092820038
srv-010,2017-06-09 21:00:00,92.31241999835918
srv-010,2017-06-09 22:00:00,91.96552304678738
srv-010,2017-06-09 23:00:00,92.13976307952439
srv-010,2017-06-10 00:00:00,92.09607782299943
srv-010,2017-06-10 01:00:00,92.13873504727256
srv-010,2017-06-10 02:00:00,92.33821460784286
srv-010,2017-06-10 03:00:00,92.30041781514737
srv-010,2017-06-10 04:00:00,92.35729688530617
srv-010,2017-06-10 05:00:00,92.01039993373438
srv-010,2017-06-10 06:00:00,92.18463996647138
srv-010,2017-06-10 07:00:00,92.14095470994643
srv-010,2017-06-10 08:00:00,92.18361193421956
srv-010,2017-06-10 09:00:00,92.38309149478985
srv-010,2017-06-10 10:00:00,92.34529470209436
srv-010,2017-06-10 11:00:00,92.40217377225316
srv-010,2017-06-10 12:00:00,92.05527682068137
srv-010,2017-06-10 13:00:00,92.22951685341837
srv-010,2017-06-10 14:00:00,92.18583159689342
srv-010,2017-06-10 15:00:00,92.22848882116655
srv-010,2017-06-10 16:00:00,92.42796838173685
srv-010,2017-06-10 17:00:00,92.39017158904136
srv-010,2017-06-10 18:00:00,92.44705065920016
srv-010,2017-06-10 19:00:00,92.10015370762837
srv-010,2017-06-10 20:00:00,92.27439374036537
srv-010,2017-06-10 21:00:00,92.23070848384042
srv-010,2017-06-10 22:00:00,92.27336570811354
srv-010,2017-06-10 23:00:00,92.47284526868384
srv-010,2017-06-11 00:00:00,92.43504847598835
srv-010,2017-06-11 01:00:00,92.49192754614715
srv-010,2017-06-11 02:00:00,92.14503059457536
srv-010,2017-06-11 03:00:00,92.31927062731236
srv-010,2017-06-11 04:00:00,92.27558537078741
srv-010,2017-06-11 05:00:00,92.31824259506054
srv-010,2017-06-11 06:00:00,92.51772215563084
srv-010,2017-06-11 07:00:00,92.47992536293535
srv-010,2017-06-11 08:00:00,92.53680443309415
srv-010,2017-06-11 09:00:00,92.18990748152235
srv-010,2017-06-11 10:00:00,92.36414751425936
srv-010,2017-06-11 11:00:00,92.3204622577344
srv-010,2017-06-11 12:00:00,92.36311948200753
srv-010,2017-06-11 13:00:00,92.56259904257783
srv-010,2017-06-11 14:00:00,92.52480224988234
srv-010,2017-06-11 15:00:00,92.58168132004114
srv-010,2017-06-11 16:00:00,92.23478436846935
srv-010,2017-06-11 17:00:00,92.40902440120635
srv-010,2017-06-11 18:00:00,92.3653391446814
srv-010,2017-06-11 19:00:00,92.40799636895453
srv-010,2017-06-11 20:00:00,92.60747592952482
srv-010,2017-06-11 21:00:00,92.56967913682934
srv-010,2017-06-11 22:00:00,92.62655820698814
srv-010,2017-06-11 23:00:00,92.27966125541634
srv-010,2017-06-12 00:00:00,92.45390128815335
srv-010,2017-06-12 01:00:00,92.4102160316284
srv-010,2017-06-12 02:00:00,92.45287325590152
srv-010,2017-06-12 03:00:00,92.65235281647182
srv-010,2017-06-12 04:00:00,92.61455602377633
srv-010,2017-06-12 05:00:00,92.67143509393513
srv-010,2017-06-12 06:00:00,92.32453814236334
srv-010,2017-06-12 07:00:00,92.49877817510034
srv-010,2017-06-12 08:00:00,92.45509291857539
srv-010,2017-06-12 09:00:00,92.49775014284852
srv-010,2017-06-12 10:00:00,92.69722970341881
srv-010,2017-06-12 11:00:00,92.65943291072332
srv-010,2017-06-12 12:00:00,92.71631198088212
srv-010,2017-06-12 13:00:00,92.36941502931033
srv-010,2017-06-12 14:00:00,92.54365506204734
srv-010,2017-06-12 15:00:00,92.49996980552238
srv-010,2017-06-12 16:00:00,92.54262702979551
srv-010,2017-06-12 17:00:00,92.74210659036581
srv-010,2017-06-12 18:00:00,92.70430979767032
srv-010,2017-06-12 19:00:00,92.76118886782912
srv-010,2017-06-12 20:00:00,92.41429191625733
srv-010,2017-06-12 21:00:00,92.58853194899433
srv-010,2017-06-12 22:00:00,92.54484669246938
srv-010,2017-06-12 23:00:00,92.5875039167425
srv-010,2017-06-13 00:00:00,92.7869834773128
srv-010,2017-06-13 01:00:00,92.74918668461731
srv-010,2017-06-13 02:00:00,92.80606575477611
srv-010,2017-06-13 03:00:00,92.45916880320432
srv-010,2017-06-13 04:00:00,92.63340883594132
srv-010,2017-06-13 05:00:00,92.58972357941637
srv-010,2017-06-13 06:00:00,92.6323808036895
srv-010,2017-06-13 07:00:00,92.8318603642598
srv-010,2017-06-13 08:00:00,92.79406357156431
srv-010,2017-06-13 09:00:00,92.85094264172311
srv-010,2017-06-13 10:00:00,92.50404569015132
srv-010,2017-06-13 11:00:00,92.67828572288832
srv-010,2017-06-13 12:00:00,92.63460046636337
srv-010,2017-06-13 13:00:00,92.6772576906365
srv-010,2017-06-13 14:00:00,92.87673725120679
srv-010,2017-06-13 15:00:00,92.8389404585113
srv-010,2017-06-13 16:00:00,92.8958195286701
srv-010,2017-06-13 17:00:00,92.54892257709831
srv-010,2017-06-13 18:00:00,92.72316260983531
srv-010,2017-06-13 19:00:00,92.67947735331036
srv-010,2017-06-13 20:00:00,92.72213457758349
srv-010,2017-06-13 21:00:00,92.92161413815379
srv-010,2017-06-13 22:00:00,92.8838173454583
srv-010,2017-06-13 23:00:00,92.9406964156171
srv-010,2017-06-14 00:00:00,92.5937994640453
srv-010,2017-06-14 01:00:00,92.76803949678231
srv-010,2017-06-14 02:00:00,92.72435424025736
srv-010,2017-06-14 03:00:00,92.76701146453048
srv-010,2017-06-14 04:00:00,92.96649102510078
srv-010,2017-06-14 05:00:00,92.92869423240529
srv-010,2017-06-14 06:00:00,92.98557330256409
srv-010,2017-06-14 07:00:00,92.6386763509923
srv-010,2017-06-14 08:00:00,92.8129163837293
srv-010,2017-06-14 09:00:00,92.76923112720435
srv-010,2017-06-14 10:00:00,92.81188835147748
srv-010,2017-06-14 11:00:00,93.01136791204777
srv-010,2017-06-14 12:00:00,92.97357111935229
srv-010,2017-06-14 13:00:00,93.03045018951109
srv-010,2017-06-14 14:00:00,92.6835532379393
srv-010,2017-06-14 15:00:00,92.8577932706763
srv-010,2017-06-14 16:00:00,92.81410801415134
srv-010,2017-06-14 17:00:00,92.85676523842447
srv-010,2017-06-14 18:00:00,93.05624479899477
srv-010,2017-06-14 19:00:00,93.01844800629928
srv-010,2017-06-14 20:00:00,93.07532707645808
srv-010,2017-06-14 21:00:00,92.72843012488629
srv-010,2017-06-14 22:00:00,92.90267015762329
srv-010,2017-06-14 23:00:00,92.85898490109834
srv-010,2017-06-15 00:00:00,92.90164212537147
srv-010,2017-06-15 01:00:00,93.10112168594176
srv-010,2017-06-15 02:00:00,93.06332489324627
srv-010,2017-06-15 03:00:00,93.12020396340507
srv-010,2017-06-15 04:00:00,92.77330701183328
srv-010,2017-06-15 05:00:00,92.94754704457029
srv-010,2017-06-15 06:00:00,92.90386178804533
srv-010,2017-06-15 07:00:00,92.94651901231846
srv-010,2017-06-15 08:00:00,93.14599857288876
srv-010,2017-06-15 09:00:00,93.10820178019327
srv-010,2017-06-15 10:00:00,93.16508085035207
srv-010,2017-06-15 11:00:00,92.81818389878028
srv-010,2017-06-15 12:00:00,92.99242393151728
srv-010,2017-06-15 13:00:00,92.94873867499233
srv-010,2017-06-15 14:00:00,92.99139589926546
srv-010,2017-06-15 15:00:00,93.19087545983575
srv-010,2017-06-15 16:00:00,93.15307866714026
srv-010,2017-06-15 17:00:00,93.20995773729906
srv-010,2017-06-15 18:00:00,92.86306078572727
srv-010,2017-06-15 19:00:00,93.03730081846427
srv-010,2017-06-15 20:00:00,92.99361556193932
srv-010,2017-06-15 21:00:00,93.03627278621245
srv-010,2017-06-15 22:00:00,93.23575234678275
srv-010,2017-06-15 23:00:00,93.19795555408726
srv-010,2017-06-16 00:00:00,93.25483462424606
srv-010,2017-06-16 01:00:00,92.90793767267427
srv-010,2017-06-16 02:00:00,93.08217770541127
srv-010,2017-06-16 03:00:00,93.03849244888632
srv-010,2017-06-16 04:00:00,93.08114967315944
srv-010,2017-06-16 05:00:00,93.28062923372974
srv-010,2017-06-16 06:00:00,93.24283244103425
srv-010,2017-06-16 07:00:00,93.29971151119305
srv-010,2017-06-16 08:00:00,92.95281455962126
srv-010,2017-06-16 09:00:00,93.12705459235826
srv-010,2017-06-16 10:00:00,93.08336933583331
srv-010,2017-06-16 11:00:00,93.12602656010644
srv-010,2017-06-16 12:00:00,93.32550612067674
srv-010,2017-06-16 13:00:00,93.28770932798125
srv-010,2017-06-16 14:00:00,93.34458839814005
srv-010,2017-06-16 15:00:00,92.99769144656825
srv-010,2017-06-16 16:00:00,93.17193147930526
srv-010,2017-06-16 17:00:00,93.1282462227803
srv-010,2017-06-16 18:00:00,93.17090344705343
srv-010,2017-06-16 19:00:00,93.37038300762373
srv-010,2017-06-16 20:00:00,93.33258621492824
srv-010,2017-06-16 21:00:00,93.38946528508704
srv-010,2017-06-16 22:00:00,93.04256833351525
srv-010,2017-06-16 23:00:00,93.21680836625225
srv-010,2017-06-17 00:00:00,93.1731231097273
srv-010,2017-06-17 01:00:00,93.21578033400043
srv-010,2017-06-17 02:00:00,93.41525989457072
srv-010,2017-06-17 03:00:00,93.37746310187524
srv-010,2017-06-17 04:00:00,93.43434217203404
srv-010,2017-06-17 05:00:00,93.08744522046224
srv-010,2017-06-17 06:00:00,93.26168525319925
srv-010,2017-06-17 07:00:00,93.2179999966743
srv-010,2017-06-17 08:00:00,93.26065722094742
srv-010,2017-06-17 09:00:00,93.46013678151772
srv-010,2017-06-17 10:00:00,93.42233998882223
srv-010,2017-06-17 11:00:00,93.47921905898103
srv-010,2017-06-17 12:00:00,93.13232210740924
srv-010,2017-06-17 13:00:00,93.30656214014624
srv-010,2017-06-17 14:00:00,93.26287688362129
srv-010,2017-06-17 15:00:00,93.30553410789442
srv-010,2017-06-17 16:00:00,93.50501366846471
srv-010,2017-06-17 17:00:00,93.46721687576922
srv-010,2017-06-17 18:00:00,93.52409594592802
srv-010,2017-06-17 19:00:00,93.17719899435623
srv-010,2017-06-17 20:00:00,93.35143902709324
srv-010,2017-06-17 21:00:00,93.30775377056828
srv-010,2017-06-17 22:00:00,93.35041099484141
srv-010,2017-06-17 23:00:00,93.54989055541171
srv-010,2017-06-18 00:00:00,93.51209376271622
srv-010,2017-06-18 01:00:00,93.56897283287502
srv-010,2017-06-18 02:00:00,93.22207588130323
srv-010,2017-06-18 03:00:00,93.39631591404023
srv-010,2017-06-18 04:00:00,93.35263065751528
srv-010,2017-06-18 05:00:00,93.3952878817884
srv-010,2017-06-18 06:00:00,93.5947674423587
srv-010,2017-06-18 07:00:00,93.55697064966321
srv-010,2017-06-18 08:00:00,93.61384971982201
srv-010,2017-06-18 09:00:00,93.26695276825022
srv-010,2017-06-18 10:00:00,93.44119280098722
srv-010,2017-06-18 11:00:00,93.39750754446227
srv-010,2017-06-18 12:00:00,93.4401647687354
srv-010,2017-06-18 13:00:00,93.6396443293057
srv-010,2017-06-18 14:00:00,93.60184753661021
srv-010,2017-06-18 15:00:00,93.65872660676901
srv-010,2017-06-18 16:00:00,93.31182965519722
srv-010,2017-06-18 17:00:00,93.48606968793422
srv-010,2017-06-18 18:00:00,93.44238443140927
srv-010,2017-06-18 19:00:00,93.4850416556824
srv-010,2017-06-18 20:00:00,93.68452121625269
srv-010,2017-06-18 21:00:00,93.6467244235572
srv-010,2017-06-18 22:00:00,93.703603493716
srv-010,2017-06-18 23:00:00,93.35670654214421
srv-010,2017-06-19 00:00:00,93.53094657488121
srv-010,2017-06-19 01:00:00,93.48726131835626
srv-010,2017-06-19 02:00:00,93.52991854262939
srv-010,2017-06-19 03:00:00,93.72939810319969
srv-010,2017-06-19 04:00:00,93.6916013105042
srv-010,2017-06-19 05:00:00,93.748480380663
srv-010,2017-06-19 06:00:00,93.4015834290912
srv-010,2017-06-19 07:00:00,93.57582346182821
srv-010,2017-06-19 08:00:00,93.53213820530326
srv-010,2017-06-19 09:00:00,93.57479542957638
srv-010,2017-06-19 10:00:00,93.77427499014668
srv-010,2017-06-19 11:00:00,93.73647819745119
srv-010,2017-06-19 12:00:00,93.79335726760999
srv-010,2017-06-19 13:00:00,93.4464603160382
srv-010,2017-06-19 14:00:00,93.6207003487752
srv-010,2017-06-19 15:00:00,93.57701509225025
srv-010,2017-06-19 16:00:00,93.61967231652338
srv-010,2017-06-19 17:00:00,93.81915187709367
srv-010,2017-06-19 18:00:00,93.78135508439819
srv-010,2017-06-19 19:00:00,93.83823415455699
srv-010,2017-06-19 20:00:00,93.49133720298519
srv-010,2017-06-19 21:00:00,93.6655772357222
srv-010,2017-06-19 22:00:00,93.62189197919724
srv-010,2017-06-19 23:00:00,93.66454920347037
srv-010,2017-06-20 00:00:00,93.86402876404067
srv-010,2017-06-20 01:00:00,93.82623197134518
srv-010,2017-06-20 02:00:00,93.88311104150398
srv-010,2017-06-20 03:00:00,93.53621408993219
srv-010,2017-06-20 04:00:00,93.71045412266919
srv-010,2017-06-20 05:00:00,93.66676886614424
srv-010,2017-06-20 06:00:00,93.70942609041737
srv-010,2017-06-20 07:00:00,93.90890565098766
srv-010,2017-06-20 08:00:00,93.87110885829217
srv-010,2017-06-20 09:00:00,93.92798792845097
srv-010,2017-06-20 10:00:00,93.58109097687918
srv-010,2017-06-20 11:00:00,93.75533100961619
srv-010,2017-06-20 12:00:00,93.71164575309123
srv-010,2017-06-20 13:00:00,93.75430297736436
srv-010,2017-06-20 14:00:00,93.95378253793466
srv-010,2017-06-20 15:00:00,93.91598574523917
srv-010,2017-06-20 16:00:00,93.97286481539797
srv-010,2017-06-20 17:00:00,93.62596786382618
srv-010,2017-06-20 18:00:00,93.80020789656318
srv-010,2017-06-20 19:00:00,93.75652264003823
srv-010,2017-06-20 20:00:00,93.79917986431136
srv-010,2017-06-20 21:00:00,93.99865942488165
srv-010,2017-06-20 22:00:00,93.96086263218616
srv-010,2017-06-20 23:00:00,94.01774170234496
srv-010,2017-06-21 00:00:00,93.67084475077317
srv-010,2017-06-21 01:00:00,93.84508478351017
srv-010,2017-06-21 02:00:00,93.80139952698522
srv-010,2017-06-21 03:00:00,93.84405675125835
srv-010,2017-06-21 04:00:00,94.04353631182865
srv-010,2017-06-21 05:00:00,94.00573951913316
srv-010,2017-06-21 06:00:00,94.06261858929196
srv-010,2017-06-21 07:00:00,93.71572163772016
srv-010,2017-06-21 08:00:00,93.88996167045717
srv-010,2017-06-21 09:00:00,93.84627641393222
srv-010,2017-06-21 10:00:00,93.88893363820534
srv-010,2017-06-21 11:00:00,94.08841319877564
srv-010,2017-06-21 12:00:00,94.05061640608015
srv-010,2017-06-21 13:00:00,94.10749547623895
srv-010,2017-06-21 14:00:00,93.76059852466716
srv-010,2017-06-21 15:00:00,93.93483855740416
srv-010,2017-06-21 16:00:00,93.89115330087921
srv-010,2017-06-21 17:00:00,93.93381052515234
srv-010,2017-06-21 18:00:00,94.13329008572263
srv-010,2017-06-21 19:00:00,94.09549329302715
srv-010,2017-06-21 20:00:00,94.15237236318595
srv-010,2017-06-21 21:00:00,93.80547541161415
srv-010,2017-06-21 22:00:00,93.97971544435116
srv-010,2017-06-21 23:00:00,93.9360301878262
srv-010,2017-06-22 00:00:00,93.97868741209933
srv-010,2017-06-22 01:00:00,94.17816697266963
srv-010,2017-06-22 02:00:00,94.14037017997414
srv-010,2017-06-22 03:00:00,94.19724925013294
srv-010,2017-06-22 04:00:00,93.85035229856115
srv-010,2017-06-22 05:00:00,94.02459233129815
srv-010,2017-06-22 06:00:00,93.9809070747732
srv-010,2017-06-22 07:00:00,94.02356429904633
srv-010,2017-06-22 08:00:00,94.22304385961662
srv-010,2017-06-22 09:00:00,94.18524706692114
srv-010,2017-06-22 10:00:00,94.24212613707994
srv-010,2017-06-22 11:00:00,93.89522918550814
srv-010,2017-06-22 12:00:00,94.06946921824515
srv-010,2017-06-22 13:00:00,94.0257839617202
srv-010,2017-06-22 14:00:00,94.06844118599332
srv-010,2017-06-22 15:00:00,94.26792074656362
srv-010,2017-06-22 16:00:00,94.23012395386813
srv-010,2017-06-22 17:00:00,94.28700302402693
srv-010,2017-06-22 18:00:00,93.94010607245514
srv-010,2017-06-22 19:00:00,94.11434610519214
srv-010,2017-06-22 20:00:00,94.07066084866719
srv-010,2017-06-22 21:00:00,94.11331807294032
srv-010,2017-06-22 22:00:00,94.31279763351061
srv-010,2017-06-22 23:00:00,94.27500084081512
srv-010,2017-06-23 00:00:00,94.33187991097392
srv-010,2017-06-23 01:00:00,93.98498295940213
srv-010,2017-06-23 02:00:00,94.15922299213914
srv-010,2017-06-23 03:00:00,94.11553773561418
srv-010,2017-06-23 04:00:00,94.15819495988731
srv-010,2017-06-23 05:00:00,94.3576745204576
srv-010,2017-06-23 06:00:00,94.31987772776212
srv-010,2017-06-23 07:00:00,94.37675679792092
srv-010,2017-06-23 08:00:00,94.02985984634913
srv-010,2017-06-23 09:00:00,94.20409987908613
srv-010,2017-06-23 10:00:00,94.16041462256118
srv-010,2017-06-23 11:00:00,94.2030718468343
srv-010,2017-06-23 12:00:00,94.4025514074046
srv-010,2017-06-23 13:00:00,94.36475461470911
srv-010,2017-06-23 14:00:00,94.42163368486791
srv-010,2017-06-23 15:00:00,94.07473673329612
srv-010,2017-06-23 16:00:00,94.24897676603312
srv-010,2017-06-23 17:00:00,94.20529150950817
srv-010,2017-06-23 18:00:00,94.2479487337813
srv-010,2017-06-23 19:00:00,94.4474282943516
srv-010,2017-06-23 20:00:00,94.40963150165611
srv-010,2017-06-23 21:00:00,94.46651057181491
srv-010,2017-06-23 22:00:00,94.11961362024311
srv-010,2017-06-23 23:00:00,94.29385365298012
srv-010,2017-06-24 00:00:00,94.25016839645517
srv-010,2017-06-24 01:00:00,94.2928256207283
srv-010,2017-06-24 02:00:00,94.49230518129859
srv-010,2017-06-24 03:00:00,94.4545083886031
srv-010,2017-06-24 04:00:00,94.5113874587619
srv-010,2017-06-24 05:00:00,94.16449050719011
srv-010,2017-06-24 06:00:00,94.33873053992711
srv-010,2017-06-24 07:00:00,94.29504528340216
srv-010,2017-06-24 08:00:00,94.33770250767529
srv-010,2017-06-24 09:00:00,94.53718206824558
srv-010,2017-06-24 10:00:00,94.4993852755501
srv-010,2017-06-24 11:00:00,94.5562643457089
srv-010,2017-06-24 12:00:00,94.2093673941371
srv-010,2017-06-24 13:00:00,94.38360742687411
srv-010,2017-06-24 14:00:00,94.33992217034915
srv-010,2017-06-24 15:00:00,94.38257939462228
srv-010,2017-06-24 16:00:00,94.58205895519258
srv-010,2017-06-24 17:00:00,94.54426216249709
srv-010,2017-06-24 18:00:00,94.60114123265589
srv-010,2017-06-24 19:00:00,94.2542442810841
srv-010,2017-06-24 20:00:00,94.4284843138211
srv-010,2017-06-24 21:00:00,94.38479905729615
srv-010,2017-06-24 22:00:00,94.42745628156928
srv-010,2017-06-24 23:00:00,94.62693584213957
srv-010,2017-06-25 00:00:00,94.58913904944409
srv-010,2017-06-25 01:00:00,94.64601811960289
srv-010,2017-06-25 02:00:00,94.29912116803109
srv-010,2017-06-25 03:00:00,94.4733612007681
srv-010,2017-06-25 04:00:00,94.42967594424314
srv-010,2017-06-25 05:00:00,94.47233316851627
srv-010,2017-06-25 06:00:00,94.67181272908657
srv-010,2017-06-25 07:00:00,94.63401593639108
srv-010,2017-06-25 08:00:00,94.69089500654988
srv-010,2017-06-25 09:00:00,94.34399805497809
srv-010,2017-06-25 10:00:00,94.51823808771509
srv-010,2017-06-25 11:00:00,94.47455283119014
srv-010,2017-06-25 12:00:00,94.51721005546327
srv-010,2017-06-25 13:00:00,94.71668961603356
srv-010,2017-06-25 14:00:00,94.67889282333807
srv-010,2017-06-25 15:00:00,94.73577189349687
srv-010,2017-06-25 16:00:00,94.38887494192508
srv-010,2017-06-25 17:00:00,94.56311497466208
srv-010,2017-06-25 18:00:00,94.51942971813713
srv-010,2017-06-25 19:00:00,94.56208694241026
srv-010,2017-06-25 20:00:00,94.76156650298056
srv-010,2017-06-25 21:00:00,94.72376971028507
srv-010,2017-06-25 22:00:00,94.78064878044387
srv-010,2017-06-25 23:00:00,94.43375182887208
srv-010,2017-06-26 00:00:00,94.60799186160908
srv-010,2017-06-26 01:00:00,94.56430660508413
srv-010,2017-06-26 02:00:00,94.60696382935726
srv-010,2017-06-26 03:00:00,94.80644338992755
srv-010,2017-06-26 04:00:00,94.76864659723206
srv-010,2017-06-26 05:00:00,94.82552566739086
srv-010,2017-06-26 06:00:00,94.47862871581907
srv-010,2017-06-26 07:00:00,94.65286874855607
srv-010,2017-06-26 08:00:00,94.60918349203112
srv-010,2017-06-26 09:00:00,94.65184071630425
srv-010,2017-06-26 10:00:00,94.85132027687455
srv-010,2017-06-26 11:00:00,94.81352348417906
srv-010,2017-06-26 12:00:00,94.87040255433786
srv-010,2017-06-26 13:00:00,94.52350560276606
srv-010,2017-06-26 14:00:00,94.69774563550307
srv-010,2017-06-26 15:00:00,94.65406037897812
srv-010,2017-06-26 16:00:00,94.69671760325124
srv-010,2017-06-26 17:00:00,94.89619716382154
srv-010,2017-06-26 18:00:00,94.85840037112605
srv-010,2017-06-26 19:00:00,94.91527944128485
srv-010,2017-06-26 20:00:00,94.56838248971306
srv-010,2017-06-26 21:00:00,94.74262252245006
srv-010,2017-06-26 22:00:00,94.69893726592511
srv-010,2017-06-26 23:00:00,94.74159449019824
srv-010,2017-06-27 00:00:00,94.94107405076853
srv-010,2017-06-27 01:00:00,94.90327725807305
srv-010,2017-06-27 02:00:00,94.96015632823185
srv-010,2017-06-27 03:00:00,94.61325937666005
srv-010,2017-06-27 04:00:00,94.78749940939706
srv-010,2017-06-27 05:00:00,94.7438141528721
srv-010,2017-06-27 06:00:00,94.78647137714523
srv-010,2017-06-27 07:00:00,94.98595093771553
srv-010,2017-06-27 08:00:00,94.94815414502004
srv-010,2017-06-27 09:00:00,95.00503321517884
srv-010,2017-06-27 10:00:00,94.65813626360705
srv-010,2017-06-27 11:00:00,94.83237629634405
srv-010,2017-06-27 12:00:00,94.7886910398191
srv-010,2017-06-27 13:00:00,94.83134826409223
srv-010,2017-06-27 14:00:00,95.03082782466252
srv-010,2017-06-27 15:00:00,94.99303103196704
srv-010,2017-06-27 16:00:00,95.04991010212584
srv-010,2017-06-27 17:00:00,94.70301315055404
srv-010,2017-06-27 18:00:00,94.87725318329105
srv-010,2017-06-27 19:00:00,94.8335679267661
srv-010,2017-06-27 20:00:00,94.87622515103922
srv-010,2017-06-27 21:00:00,95.07570471160952
srv-010,2017-06-27 22:00:00,95.03790791891403
srv-010,2017-06-27 23:00:00,95.09478698907283
srv-010,2017-06-28 00:00:00,94.74789003750104
srv-010,2017-06-28 01:00:00,94.92213007023804
srv-010,2017-06-28 02:00:00,94.87844481371309
srv-010,2017-06-28 03:00:00,94.92110203798622
srv-010,2017-06-28 04:00:00,95.12058159855651
srv-010,2017-06-28 05:00:00,95.08278480586102
srv-010,2017-06-28 06:00:00,95.13966387601982
srv-010,2017-06-28 07:00:00,94.79276692444803
srv-010,2017-06-28 08:00:00,94.96700695718503
srv-010,2017-06-28 09:00:00,94.92332170066008
srv-010,2017-06-28 10:00:00,94.96597892493321
srv-010,2017-06-28 11:00:00,95.1654584855035
srv-010,2017-06-28 12:00:00,95.12766169280802
srv-010,2017-06-28 13:00:00,95.18454076296682
srv-010,2017-06-28 14:00:00,94.83764381139503
srv-010,2017-06-28 15:00:00,95.01188384413203
srv-010,2017-06-28 16:00:00,94.96819858760708
srv-010,2017-06-28 17:00:00,95.0108558118802
srv-010,2017-06-28 18:00:00,95.2103353724505
srv-010,2017-06-28 19:00:00,95.17253857975501
srv-010,2017-06-28 20:00:00,95.22941764991381
srv-010,2017-06-28 21:00:00,94.88252069834202
srv-010,2017-06-28 22:00:00,95.05676073107902
srv-010,2017-06-28 23:00:00,95.01307547455407
srv-010,2017-06-29 00:00:00,95.0557326988272
srv-010,2017-06-29 01:00:00,95.2552122593975
srv-010,2017-06-29 02:00:00,95.21741546670201
srv-010,2017-06-29 03:00:00,95.27429453686081
srv-010,2017-06-29 04:00:00,94.92739758528901
srv-010,2017-06-29 05:00:00,95.10163761802602
srv-010,2017-06-29 06:00:00,95.05795236150107
srv-010,2017-06-29 07:00:00,95.1006095857742
srv-010,2017-06-29 08:00:00,95.30008914634449
srv-010,2017-06-29 09:00:00,95.262292353649
srv-010,2017-06-29 10:00:00,95.3191714238078
srv-010,2017-06-29 11:00:00,94.97227447223601
srv-010,2017-06-29 12:00:00,95.14651450497301
srv-010,2017-06-29 13:00:00,95.10282924844806
srv-010,2017-06-29 14:00:00,95.14548647272119
srv-010,2017-06-29 15:00:00,95.34496603329148
srv-010,2017-06-29 16:00:00,95.307169240596
srv-010,2017-06-29 17:00:00,95.3640483107548
srv-010,2017-06-29 18:00:00,95.017151359183
srv-010,2017-06-29 19:00:00,95.19139139192
srv-010,2017-06-29 20:00:00,95.14770613539505
srv-010,2017-06-29 21:00:00,95.19036335966818
srv-010,2017-06-29 22:00:00,95.38984292023848
srv-010,2017-06-29 23:00:00,95.35204612754299
srv-010,2017-06-30 00:00:00,95.40892519770179
srv-010,2017-06-30 01:00:00,95.06202824613
srv-010,2017-06-30 02:00:00,95.236268278867
srv-010,2017-06-30 03:00:00,95.19258302234205
srv-010,2017-06-30 04:00:00,95.23524024661518
srv-010,2017-06-30 05:00:00,95.43471980718547
srv-010,2017-06-30 06:00:00,95.39692301448999
srv-010,2017-06-30 07:00:00,95.45380208464879
srv-010,2017-06-30 08:00:00,95.10690513307699
srv-010,2017-06-30 09:00:00,95.281145165814
srv-010,2017-06-30 10:00:00,95.23745990928904
srv-010,2017-06-30 11:00:00,95.28011713356217
srv-010,2017-06-30 12:00:00,95.47959669413247
srv-010,2017-06-30 13:00:00,95.44179990143698
srv-010,2017-06-30 14:00:00,95.49867897159578
srv-010,2017-06-30 15:00:00,95.15178202002399
srv-010,2017-06-30 16:00:00,95.32602205276099
srv-010,2017-06-30 17:00:00,95.28233679623604
srv-010,2017-06-30 18:00:00,95.32499402050917
srv-010,2017-06-30 19:00:00,95.52447358107946
srv-010,2017-06-30 20:00:00,95.48667678838397
srv-010,2017-06-30 21:00:00,95.54355585854277
srv-010,2017-06-30 22:00:00,95.19665890697098
srv-010,2017-06-30 23:00:00,95.37089893970798
